"LocID","Location","VarID","Variant","Age","Time","PopMale","PopFemale","PopTotal"
705,"Slovenia",4,"Median","0",1950,16956,16436,33391
705,"Slovenia",4,"Median","1",1950,15476,15378,30854.5
705,"Slovenia",4,"Median","2",1950,14427,14345,28772
705,"Slovenia",4,"Median","3",1950,13538,13419,26957.5
705,"Slovenia",4,"Median","4",1950,11496,11497,22993
705,"Slovenia",4,"Median","5",1950,11110,10940,22050
705,"Slovenia",4,"Median","6",1950,12806,12749,25555.5
705,"Slovenia",4,"Median","7",1950,13512,13692,27203.5
705,"Slovenia",4,"Median","8",1950,13318,13364,26682.5
705,"Slovenia",4,"Median","9",1950,13075,13017,26092
705,"Slovenia",4,"Median","10",1950,12972,12969,25941.5
705,"Slovenia",4,"Median","11",1950,12884,12984,25868
705,"Slovenia",4,"Median","12",1950,12976,13018,25994
705,"Slovenia",4,"Median","13",1950,13370,13216,26586.5
705,"Slovenia",4,"Median","14",1950,13544,13324,26868.5
705,"Slovenia",4,"Median","15",1950,13550,13577,27127.5
705,"Slovenia",4,"Median","16",1950,13730,14018,27747
705,"Slovenia",4,"Median","17",1950,13951,14262,28212.5
705,"Slovenia",4,"Median","18",1950,14220,14390,28609.5
705,"Slovenia",4,"Median","19",1950,14609,14594,29203.5
705,"Slovenia",4,"Median","20",1950,14271,14363,28634
705,"Slovenia",4,"Median","21",1950,13520,13891,27411.5
705,"Slovenia",4,"Median","22",1950,12894,13708,26602.5
705,"Slovenia",4,"Median","23",1950,11914,13705,25619
705,"Slovenia",4,"Median","24",1950,10958,13770,24727
705,"Slovenia",4,"Median","25",1950,10377,13490,23866.5
705,"Slovenia",4,"Median","26",1950,9998,13176,23173.5
705,"Slovenia",4,"Median","27",1950,9554,12862,22416
705,"Slovenia",4,"Median","28",1950,9136,12311,21446.5
705,"Slovenia",4,"Median","29",1950,8602,11376,19978
705,"Slovenia",4,"Median","30",1950,7712,10025,17736.5
705,"Slovenia",4,"Median","31",1950,6033,7864,13897.5
705,"Slovenia",4,"Median","32",1950,4668,6000,10668.5
705,"Slovenia",4,"Median","33",1950,4710,5869,10579.5
705,"Slovenia",4,"Median","34",1950,5728,7040,12767
705,"Slovenia",4,"Median","35",1950,7845,9472,17317
705,"Slovenia",4,"Median","36",1950,9398,11178,20576.5
705,"Slovenia",4,"Median","37",1950,9660,11402,21061.5
705,"Slovenia",4,"Median","38",1950,9608,11218,20825
705,"Slovenia",4,"Median","39",1950,9665,11070,20734.5
705,"Slovenia",4,"Median","40",1950,9907,11255,21162
705,"Slovenia",4,"Median","41",1950,9761,11052,20813
705,"Slovenia",4,"Median","42",1950,9380,10680,20059
705,"Slovenia",4,"Median","43",1950,9182,10530,19712.5
705,"Slovenia",4,"Median","44",1950,8994,10370,19364.5
705,"Slovenia",4,"Median","45",1950,8794,10144,18938
705,"Slovenia",4,"Median","46",1950,8714,9951,18665.5
705,"Slovenia",4,"Median","47",1950,8630,9894,18523.5
705,"Slovenia",4,"Median","48",1950,8534,9846,18380
705,"Slovenia",4,"Median","49",1950,8246,9578,17823
705,"Slovenia",4,"Median","50",1950,7861,9288,17148.5
705,"Slovenia",4,"Median","51",1950,7404,9020,16424.5
705,"Slovenia",4,"Median","52",1950,6943,8787,15730
705,"Slovenia",4,"Median","53",1950,6512,8501,15012.5
705,"Slovenia",4,"Median","54",1950,6030,8066,14095.5
705,"Slovenia",4,"Median","55",1950,5636,7632,13269
705,"Slovenia",4,"Median","56",1950,5256,7155,12411
705,"Slovenia",4,"Median","57",1950,4993,6888,11881.5
705,"Slovenia",4,"Median","58",1950,4832,6687,11518.5
705,"Slovenia",4,"Median","59",1950,4600,6317,10917
705,"Slovenia",4,"Median","60",1950,4435,6322,10756.5
705,"Slovenia",4,"Median","61",1950,4412,6451,10863
705,"Slovenia",4,"Median","62",1950,4360,6404,10764.5
705,"Slovenia",4,"Median","63",1950,4186,6242,10428.5
705,"Slovenia",4,"Median","64",1950,4010,5954,9963.5
705,"Slovenia",4,"Median","65",1950,3940,5660,9600
705,"Slovenia",4,"Median","66",1950,3925,5362,9286.5
705,"Slovenia",4,"Median","67",1950,3654,5026,8680.5
705,"Slovenia",4,"Median","68",1950,3310,4666,7976
705,"Slovenia",4,"Median","69",1950,3202,4447,7648.5
705,"Slovenia",4,"Median","70",1950,3116,4258,7374
705,"Slovenia",4,"Median","71",1950,2911,3920,6831
705,"Slovenia",4,"Median","72",1950,2738,3594,6332
705,"Slovenia",4,"Median","73",1950,2668,3454,6122
705,"Slovenia",4,"Median","74",1950,2538,3256,5793.5
705,"Slovenia",4,"Median","75",1950,2236,2844,5080
705,"Slovenia",4,"Median","76",1950,1915,2456,4371
705,"Slovenia",4,"Median","77",1950,1682,2155,3837
705,"Slovenia",4,"Median","78",1950,1564,1900,3464.5
705,"Slovenia",4,"Median","79",1950,1456,1680,3137
705,"Slovenia",4,"Median","80",1950,1272,1448,2719.5
705,"Slovenia",4,"Median","81",1950,1055,1185,2240
705,"Slovenia",4,"Median","82",1950,865,985,1850
705,"Slovenia",4,"Median","83",1950,724,841,1565
705,"Slovenia",4,"Median","84",1950,596,696,1293
705,"Slovenia",4,"Median","85",1950,471,558,1029.5
705,"Slovenia",4,"Median","86",1950,350,427,777.5
705,"Slovenia",4,"Median","87",1950,254,320,574
705,"Slovenia",4,"Median","88",1950,184,240,425
705,"Slovenia",4,"Median","89",1950,132,176,308
705,"Slovenia",4,"Median","90",1950,92,128,219.5
705,"Slovenia",4,"Median","91",1950,63,90,153.5
705,"Slovenia",4,"Median","92",1950,42,63,105.5
705,"Slovenia",4,"Median","93",1950,28,43,71.5
705,"Slovenia",4,"Median","94",1950,18,28,46.5
705,"Slovenia",4,"Median","95",1950,12,18,30
705,"Slovenia",4,"Median","96",1950,7,12,18.5
705,"Slovenia",4,"Median","97",1950,4,7,11
705,"Slovenia",4,"Median","98",1950,2,4,6.5
705,"Slovenia",4,"Median","99",1950,1,2,3.5
705,"Slovenia",4,"Median","100",1950,0,1,1
705,"Slovenia",4,"Median","101",1950,0,1,1
705,"Slovenia",4,"Median","102",1950,0,0,0
705,"Slovenia",4,"Median","103",1950,0,0,0
705,"Slovenia",4,"Median","104",1950,0,0,0
705,"Slovenia",4,"Median","105",1950,0,0,0
705,"Slovenia",4,"Median","106",1950,0,0,0
705,"Slovenia",4,"Median","107",1950,0,0,0
705,"Slovenia",4,"Median","108",1950,0,0,0
705,"Slovenia",4,"Median","109",1950,0,0,0
705,"Slovenia",4,"Median","110",1950,0,0,0
705,"Slovenia",4,"Median","0",1951,16644,16366,33009
705,"Slovenia",4,"Median","1",1951,16000,16013,32013.5
705,"Slovenia",4,"Median","2",1951,14904,15150,30053.5
705,"Slovenia",4,"Median","3",1951,14154,14338,28492
705,"Slovenia",4,"Median","4",1951,13332,13470,26801.5
705,"Slovenia",4,"Median","5",1951,11334,11556,22890
705,"Slovenia",4,"Median","6",1951,10960,11002,21963
705,"Slovenia",4,"Median","7",1951,12640,12823,25463
705,"Slovenia",4,"Median","8",1951,13336,13768,27103.5
705,"Slovenia",4,"Median","9",1951,13142,13434,26575
705,"Slovenia",4,"Median","10",1951,12902,13081,25983
705,"Slovenia",4,"Median","11",1951,12804,13034,25838.5
705,"Slovenia",4,"Median","12",1951,12724,13053,25777
705,"Slovenia",4,"Median","13",1951,12822,13092,25915
705,"Slovenia",4,"Median","14",1951,13220,13296,26515
705,"Slovenia",4,"Median","15",1951,13393,13406,26799
705,"Slovenia",4,"Median","16",1951,13400,13659,27058.5
705,"Slovenia",4,"Median","17",1951,13584,14104,27688
705,"Slovenia",4,"Median","18",1951,13816,14356,28172.5
705,"Slovenia",4,"Median","19",1951,14096,14489,28585.5
705,"Slovenia",4,"Median","20",1951,14486,14698,29184.5
705,"Slovenia",4,"Median","21",1951,14148,14466,28614.5
705,"Slovenia",4,"Median","22",1951,13400,13992,27391.5
705,"Slovenia",4,"Median","23",1951,12774,13810,26583.5
705,"Slovenia",4,"Median","24",1951,11800,13810,25609.5
705,"Slovenia",4,"Median","25",1951,10852,13875,24727
705,"Slovenia",4,"Median","26",1951,10280,13592,23871
705,"Slovenia",4,"Median","27",1951,9908,13270,23177
705,"Slovenia",4,"Median","28",1951,9472,12945,22417
705,"Slovenia",4,"Median","29",1951,9060,12385,21445
705,"Slovenia",4,"Median","30",1951,8533,11441,19974
705,"Slovenia",4,"Median","31",1951,7650,10083,17733
705,"Slovenia",4,"Median","32",1951,5986,7913,13899
705,"Slovenia",4,"Median","33",1951,4631,6040,10670.5
705,"Slovenia",4,"Median","34",1951,4672,5908,10580.5
705,"Slovenia",4,"Median","35",1951,5679,7084,12763.5
705,"Slovenia",4,"Median","36",1951,7778,9533,17310.5
705,"Slovenia",4,"Median","37",1951,9316,11252,20569
705,"Slovenia",4,"Median","38",1951,9570,11479,21049.5
705,"Slovenia",4,"Median","39",1951,9514,11292,20806.5
705,"Slovenia",4,"Median","40",1951,9566,11140,20705.5
705,"Slovenia",4,"Median","41",1951,9800,11321,21120.5
705,"Slovenia",4,"Median","42",1951,9646,11106,20752.5
705,"Slovenia",4,"Median","43",1951,9256,10716,19973
705,"Slovenia",4,"Median","44",1951,9048,10554,19603
705,"Slovenia",4,"Median","45",1951,8854,10384,19239
705,"Slovenia",4,"Median","46",1951,8652,10155,18806.5
705,"Slovenia",4,"Median","47",1951,8570,9963,18533.5
705,"Slovenia",4,"Median","48",1951,8484,9912,18397
705,"Slovenia",4,"Median","49",1951,8388,9868,18255.5
705,"Slovenia",4,"Median","50",1951,8098,9598,17696
705,"Slovenia",4,"Median","51",1951,7712,9300,17011.5
705,"Slovenia",4,"Median","52",1951,7252,9020,16271.5
705,"Slovenia",4,"Median","53",1951,6786,8774,15559.5
705,"Slovenia",4,"Median","54",1951,6352,8476,14827
705,"Slovenia",4,"Median","55",1951,5870,8032,13902.5
705,"Slovenia",4,"Median","56",1951,5480,7595,13075
705,"Slovenia",4,"Median","57",1951,5104,7115,12219
705,"Slovenia",4,"Median","58",1951,4845,6846,11691.5
705,"Slovenia",4,"Median","59",1951,4683,6643,11326
705,"Slovenia",4,"Median","60",1951,4451,6267,10718
705,"Slovenia",4,"Median","61",1951,4277,6256,10532.5
705,"Slovenia",4,"Median","62",1951,4237,6360,10596.5
705,"Slovenia",4,"Median","63",1951,4166,6280,10447
705,"Slovenia",4,"Median","64",1951,3980,6090,10071
705,"Slovenia",4,"Median","65",1951,3796,5788,9584
705,"Slovenia",4,"Median","66",1951,3798,5504,9301.5
705,"Slovenia",4,"Median","67",1951,3772,5200,8972
705,"Slovenia",4,"Median","68",1951,3498,4860,8359
705,"Slovenia",4,"Median","69",1951,3156,4494,7649.5
705,"Slovenia",4,"Median","70",1951,3036,4263,7299
705,"Slovenia",4,"Median","71",1951,2937,4058,6995.5
705,"Slovenia",4,"Median","72",1951,2726,3711,6436.5
705,"Slovenia",4,"Median","73",1951,2546,3376,5922
705,"Slovenia",4,"Median","74",1951,2462,3218,5680
705,"Slovenia",4,"Median","75",1951,2322,3009,5331
705,"Slovenia",4,"Median","76",1951,2028,2609,4637
705,"Slovenia",4,"Median","77",1951,1720,2230,3951
705,"Slovenia",4,"Median","78",1951,1496,1936,3432.5
705,"Slovenia",4,"Median","79",1951,1376,1688,3063.5
705,"Slovenia",4,"Median","80",1951,1266,1474,2740.5
705,"Slovenia",4,"Median","81",1951,1092,1252,2343.5
705,"Slovenia",4,"Median","82",1951,894,1010,1903
705,"Slovenia",4,"Median","83",1951,722,825,1547
705,"Slovenia",4,"Median","84",1951,595,692,1287.5
705,"Slovenia",4,"Median","85",1951,482,562,1044
705,"Slovenia",4,"Median","86",1951,374,442,816.5
705,"Slovenia",4,"Median","87",1951,273,330,603.5
705,"Slovenia",4,"Median","88",1951,194,242,437
705,"Slovenia",4,"Median","89",1951,138,177,315.5
705,"Slovenia",4,"Median","90",1951,96,127,223.5
705,"Slovenia",4,"Median","91",1951,66,90,155
705,"Slovenia",4,"Median","92",1951,44,62,105.5
705,"Slovenia",4,"Median","93",1951,30,42,71
705,"Slovenia",4,"Median","94",1951,18,28,46
705,"Slovenia",4,"Median","95",1951,12,18,29.5
705,"Slovenia",4,"Median","96",1951,7,11,18
705,"Slovenia",4,"Median","97",1951,4,7,11
705,"Slovenia",4,"Median","98",1951,2,4,6.5
705,"Slovenia",4,"Median","99",1951,1,2,3
705,"Slovenia",4,"Median","100",1951,0,1,1
705,"Slovenia",4,"Median","101",1951,0,0,0
705,"Slovenia",4,"Median","102",1951,0,0,0
705,"Slovenia",4,"Median","103",1951,0,0,0
705,"Slovenia",4,"Median","104",1951,0,0,0
705,"Slovenia",4,"Median","105",1951,0,0,0
705,"Slovenia",4,"Median","106",1951,0,0,0
705,"Slovenia",4,"Median","107",1951,0,0,0
705,"Slovenia",4,"Median","108",1951,0,0,0
705,"Slovenia",4,"Median","109",1951,0,0,0
705,"Slovenia",4,"Median","110",1951,0,0,0
705,"Slovenia",4,"Median","0",1952,16469,16544,33013.5
705,"Slovenia",4,"Median","1",1952,15810,16108,31917
705,"Slovenia",4,"Median","2",1952,15564,15986,31550
705,"Slovenia",4,"Median","3",1952,14557,15074,29631
705,"Slovenia",4,"Median","4",1952,13902,14357,28259.5
705,"Slovenia",4,"Median","5",1952,13139,13534,26673.5
705,"Slovenia",4,"Median","6",1952,11181,11622,22803.5
705,"Slovenia",4,"Median","7",1952,10816,11068,21884.5
705,"Slovenia",4,"Median","8",1952,12478,12900,25378
705,"Slovenia",4,"Median","9",1952,13162,13847,27008.5
705,"Slovenia",4,"Median","10",1952,12967,13504,26470.5
705,"Slovenia",4,"Median","11",1952,12730,13146,25875.5
705,"Slovenia",4,"Median","12",1952,12636,13100,25736
705,"Slovenia",4,"Median","13",1952,12563,13123,25686
705,"Slovenia",4,"Median","14",1952,12668,13167,25835
705,"Slovenia",4,"Median","15",1952,13067,13375,26442
705,"Slovenia",4,"Median","16",1952,13240,13487,26726.5
705,"Slovenia",4,"Median","17",1952,13247,13740,26987.5
705,"Slovenia",4,"Median","18",1952,13434,14191,27625.5
705,"Slovenia",4,"Median","19",1952,13680,14449,28129.5
705,"Slovenia",4,"Median","20",1952,13970,14588,28558
705,"Slovenia",4,"Median","21",1952,14362,14801,29162.5
705,"Slovenia",4,"Median","22",1952,14026,14568,28594
705,"Slovenia",4,"Median","23",1952,13278,14092,27370.5
705,"Slovenia",4,"Median","24",1952,12654,13912,26566
705,"Slovenia",4,"Median","25",1952,11688,13914,25602
705,"Slovenia",4,"Median","26",1952,10750,13982,24732.5
705,"Slovenia",4,"Median","27",1952,10184,13695,23878.5
705,"Slovenia",4,"Median","28",1952,9818,13365,23183.5
705,"Slovenia",4,"Median","29",1952,9392,13030,22422
705,"Slovenia",4,"Median","30",1952,8986,12460,21445.5
705,"Slovenia",4,"Median","31",1952,8463,11508,19970.5
705,"Slovenia",4,"Median","32",1952,7590,10142,17731.5
705,"Slovenia",4,"Median","33",1952,5940,7962,13901.5
705,"Slovenia",4,"Median","34",1952,4595,6080,10674.5
705,"Slovenia",4,"Median","35",1952,4634,5948,10582
705,"Slovenia",4,"Median","36",1952,5631,7130,12761.5
705,"Slovenia",4,"Median","37",1952,7710,9595,17305.5
705,"Slovenia",4,"Median","38",1952,9234,11327,20561.5
705,"Slovenia",4,"Median","39",1952,9482,11554,21035.5
705,"Slovenia",4,"Median","40",1952,9420,11366,20785
705,"Slovenia",4,"Median","41",1952,9464,11210,20673.5
705,"Slovenia",4,"Median","42",1952,9690,11386,21075.5
705,"Slovenia",4,"Median","43",1952,9528,11159,20687.5
705,"Slovenia",4,"Median","44",1952,9131,10754,19884.5
705,"Slovenia",4,"Median","45",1952,8914,10578,19491.5
705,"Slovenia",4,"Median","46",1952,8714,10400,19113
705,"Slovenia",4,"Median","47",1952,8508,10164,18673
705,"Slovenia",4,"Median","48",1952,8426,9974,18400
705,"Slovenia",4,"Median","49",1952,8338,9928,18265
705,"Slovenia",4,"Median","50",1952,8238,9886,18124.5
705,"Slovenia",4,"Median","51",1952,7948,9613,17561
705,"Slovenia",4,"Median","52",1952,7558,9308,16866
705,"Slovenia",4,"Median","53",1952,7094,9016,16111
705,"Slovenia",4,"Median","54",1952,6625,8758,15382.5
705,"Slovenia",4,"Median","55",1952,6188,8448,14635.5
705,"Slovenia",4,"Median","56",1952,5708,7998,13706
705,"Slovenia",4,"Median","57",1952,5320,7555,12875
705,"Slovenia",4,"Median","58",1952,4950,7072,12022.5
705,"Slovenia",4,"Median","59",1952,4694,6800,11493
705,"Slovenia",4,"Median","60",1952,4532,6592,11124.5
705,"Slovenia",4,"Median","61",1952,4298,6209,10507
705,"Slovenia",4,"Median","62",1952,4116,6181,10296.5
705,"Slovenia",4,"Median","63",1952,4059,6258,10317
705,"Slovenia",4,"Median","64",1952,3970,6148,10118
705,"Slovenia",4,"Median","65",1952,3770,5932,9703
705,"Slovenia",4,"Median","66",1952,3660,5634,9294.5
705,"Slovenia",4,"Median","67",1952,3649,5344,8993
705,"Slovenia",4,"Median","68",1952,3611,5034,8644.5
705,"Slovenia",4,"Median","69",1952,3335,4686,8021
705,"Slovenia",4,"Median","70",1952,2994,4312,7306
705,"Slovenia",4,"Median","71",1952,2863,4068,6930.5
705,"Slovenia",4,"Median","72",1952,2754,3847,6600.5
705,"Slovenia",4,"Median","73",1952,2538,3491,6028.5
705,"Slovenia",4,"Median","74",1952,2352,3150,5503
705,"Slovenia",4,"Median","75",1952,2255,2980,5235
705,"Slovenia",4,"Median","76",1952,2107,2766,4873.5
705,"Slovenia",4,"Median","77",1952,1822,2376,4198.5
705,"Slovenia",4,"Median","78",1952,1530,2010,3541
705,"Slovenia",4,"Median","79",1952,1316,1725,3041.5
705,"Slovenia",4,"Median","80",1952,1196,1485,2681.5
705,"Slovenia",4,"Median","81",1952,1088,1279,2366.5
705,"Slovenia",4,"Median","82",1952,924,1070,1994
705,"Slovenia",4,"Median","83",1952,746,850,1595
705,"Slovenia",4,"Median","84",1952,593,682,1275
705,"Slovenia",4,"Median","85",1952,480,562,1042
705,"Slovenia",4,"Median","86",1952,382,447,829.5
705,"Slovenia",4,"Median","87",1952,292,344,635.5
705,"Slovenia",4,"Median","88",1952,209,252,460.5
705,"Slovenia",4,"Median","89",1952,146,180,325
705,"Slovenia",4,"Median","90",1952,101,128,229
705,"Slovenia",4,"Median","91",1952,68,90,158
705,"Slovenia",4,"Median","92",1952,46,61,107
705,"Slovenia",4,"Median","93",1952,30,41,71.5
705,"Slovenia",4,"Median","94",1952,20,27,46.5
705,"Slovenia",4,"Median","95",1952,12,17,29
705,"Slovenia",4,"Median","96",1952,8,11,18.5
705,"Slovenia",4,"Median","97",1952,4,6,10.5
705,"Slovenia",4,"Median","98",1952,3,4,7
705,"Slovenia",4,"Median","99",1952,1,2,3
705,"Slovenia",4,"Median","100",1952,0,1,1
705,"Slovenia",4,"Median","101",1952,0,0,0
705,"Slovenia",4,"Median","102",1952,0,0,0
705,"Slovenia",4,"Median","103",1952,0,0,0
705,"Slovenia",4,"Median","104",1952,0,0,0
705,"Slovenia",4,"Median","105",1952,0,0,0
705,"Slovenia",4,"Median","106",1952,0,0,0
705,"Slovenia",4,"Median","107",1952,0,0,0
705,"Slovenia",4,"Median","108",1952,0,0,0
705,"Slovenia",4,"Median","109",1952,0,0,0
705,"Slovenia",4,"Median","110",1952,0,0,0
705,"Slovenia",4,"Median","0",1953,16655,16528,33183.5
705,"Slovenia",4,"Median","1",1953,15692,16152,31843
705,"Slovenia",4,"Median","2",1953,15568,16168,31735.5
705,"Slovenia",4,"Median","3",1953,15341,15946,31287.5
705,"Slovenia",4,"Median","4",1953,14344,15026,29369.5
705,"Slovenia",4,"Median","5",1953,13758,14376,28133.5
705,"Slovenia",4,"Median","6",1953,13020,13570,26589.5
705,"Slovenia",4,"Median","7",1953,11095,11659,22754
705,"Slovenia",4,"Median","8",1953,10731,11116,21847.5
705,"Slovenia",4,"Median","9",1953,12388,12962,25350.5
705,"Slovenia",4,"Median","10",1953,13075,13902,26977
705,"Slovenia",4,"Median","11",1953,12889,13550,26438.5
705,"Slovenia",4,"Median","12",1953,12656,13190,25846.5
705,"Slovenia",4,"Median","13",1953,12560,13142,25701
705,"Slovenia",4,"Median","14",1953,12478,13160,25637.5
705,"Slovenia",4,"Median","15",1953,12576,13194,25769.5
705,"Slovenia",4,"Median","16",1953,12976,13396,26372
705,"Slovenia",4,"Median","17",1953,13156,13512,26667.5
705,"Slovenia",4,"Median","18",1953,13163,13764,26926.5
705,"Slovenia",4,"Median","19",1953,13346,14212,27558
705,"Slovenia",4,"Median","20",1953,13586,14476,28062
705,"Slovenia",4,"Median","21",1953,13874,14622,28496
705,"Slovenia",4,"Median","22",1953,14260,14836,29095.5
705,"Slovenia",4,"Median","23",1953,13926,14600,28525.5
705,"Slovenia",4,"Median","24",1953,13180,14122,27303
705,"Slovenia",4,"Median","25",1953,12561,13948,26509
705,"Slovenia",4,"Median","26",1953,11596,13957,25553
705,"Slovenia",4,"Median","27",1953,10665,14021,24686
705,"Slovenia",4,"Median","28",1953,10105,13734,23838.5
705,"Slovenia",4,"Median","29",1953,9744,13400,23144.5
705,"Slovenia",4,"Median","30",1953,9326,13066,22392.5
705,"Slovenia",4,"Median","31",1953,8927,12492,21419
705,"Slovenia",4,"Median","32",1953,8410,11538,19947
705,"Slovenia",4,"Median","33",1953,7545,10174,17718.5
705,"Slovenia",4,"Median","34",1953,5906,7982,13889
705,"Slovenia",4,"Median","35",1953,4566,6096,10662
705,"Slovenia",4,"Median","36",1953,4607,5967,10574
705,"Slovenia",4,"Median","37",1953,5592,7152,12744.5
705,"Slovenia",4,"Median","38",1953,7659,9628,17286.5
705,"Slovenia",4,"Median","39",1953,9172,11357,20528.5
705,"Slovenia",4,"Median","40",1953,9405,11583,20988
705,"Slovenia",4,"Median","41",1953,9348,11398,20746
705,"Slovenia",4,"Median","42",1953,9390,11244,20635
705,"Slovenia",4,"Median","43",1953,9610,11419,21028.5
705,"Slovenia",4,"Median","44",1953,9441,11184,20625
705,"Slovenia",4,"Median","45",1953,9038,10768,19805.5
705,"Slovenia",4,"Median","46",1953,8820,10582,19402
705,"Slovenia",4,"Median","47",1953,8618,10400,19018.5
705,"Slovenia",4,"Median","48",1953,8409,10162,18571.5
705,"Slovenia",4,"Median","49",1953,8319,9968,18287.5
705,"Slovenia",4,"Median","50",1953,8226,9918,18144
705,"Slovenia",4,"Median","51",1953,8130,9884,18014.5
705,"Slovenia",4,"Median","52",1953,7856,9638,17494
705,"Slovenia",4,"Median","53",1953,7458,9326,16783.5
705,"Slovenia",4,"Median","54",1953,6972,8998,15970
705,"Slovenia",4,"Median","55",1953,6490,8714,15204.5
705,"Slovenia",4,"Median","56",1953,6048,8398,14445.5
705,"Slovenia",4,"Median","57",1953,5570,7940,13510.5
705,"Slovenia",4,"Median","58",1953,5186,7496,12682
705,"Slovenia",4,"Median","59",1953,4820,7004,11824
705,"Slovenia",4,"Median","60",1953,4564,6726,11291
705,"Slovenia",4,"Median","61",1953,4401,6513,10914
705,"Slovenia",4,"Median","62",1953,4164,6124,10288
705,"Slovenia",4,"Median","63",1953,3974,6084,10058.5
705,"Slovenia",4,"Median","64",1953,3906,6137,10043
705,"Slovenia",4,"Median","65",1953,3799,6001,9800
705,"Slovenia",4,"Median","66",1953,3638,5781,9419.5
705,"Slovenia",4,"Median","67",1953,3520,5476,8996
705,"Slovenia",4,"Median","68",1953,3496,5178,8674
705,"Slovenia",4,"Median","69",1953,3446,4858,8304
705,"Slovenia",4,"Median","70",1953,3167,4504,7670.5
705,"Slovenia",4,"Median","71",1953,2827,4122,6949.5
705,"Slovenia",4,"Median","72",1953,2688,3865,6553
705,"Slovenia",4,"Median","73",1953,2567,3630,6196.5
705,"Slovenia",4,"Median","74",1953,2348,3268,5617
705,"Slovenia",4,"Median","75",1953,2157,2928,5084.5
705,"Slovenia",4,"Median","76",1953,2046,2748,4794
705,"Slovenia",4,"Median","77",1953,1894,2528,4422
705,"Slovenia",4,"Median","78",1953,1620,2149,3769.5
705,"Slovenia",4,"Median","79",1953,1346,1798,3143
705,"Slovenia",4,"Median","80",1953,1144,1524,2667.5
705,"Slovenia",4,"Median","81",1953,1026,1294,2319.5
705,"Slovenia",4,"Median","82",1953,918,1098,2016.5
705,"Slovenia",4,"Median","83",1953,769,904,1673.5
705,"Slovenia",4,"Median","84",1953,610,706,1315.5
705,"Slovenia",4,"Median","85",1953,477,556,1033
705,"Slovenia",4,"Median","86",1953,380,448,828
705,"Slovenia",4,"Median","87",1953,296,350,646
705,"Slovenia",4,"Median","88",1953,221,263,484
705,"Slovenia",4,"Median","89",1953,155,188,342.5
705,"Slovenia",4,"Median","90",1953,105,130,235.5
705,"Slovenia",4,"Median","91",1953,72,91,162.5
705,"Slovenia",4,"Median","92",1953,48,62,109
705,"Slovenia",4,"Median","93",1953,31,41,72
705,"Slovenia",4,"Median","94",1953,20,27,47
705,"Slovenia",4,"Median","95",1953,12,17,29
705,"Slovenia",4,"Median","96",1953,8,10,18.5
705,"Slovenia",4,"Median","97",1953,4,6,10.5
705,"Slovenia",4,"Median","98",1953,3,4,7
705,"Slovenia",4,"Median","99",1953,1,2,3
705,"Slovenia",4,"Median","100",1953,0,1,1
705,"Slovenia",4,"Median","101",1953,0,0,0
705,"Slovenia",4,"Median","102",1953,0,0,0
705,"Slovenia",4,"Median","103",1953,0,0,0
705,"Slovenia",4,"Median","104",1953,0,0,0
705,"Slovenia",4,"Median","105",1953,0,0,0
705,"Slovenia",4,"Median","106",1953,0,0,0
705,"Slovenia",4,"Median","107",1953,0,0,0
705,"Slovenia",4,"Median","108",1953,0,0,0
705,"Slovenia",4,"Median","109",1953,0,0,0
705,"Slovenia",4,"Median","110",1953,0,0,0
705,"Slovenia",4,"Median","0",1954,16717,16161,32878
705,"Slovenia",4,"Median","1",1954,15987,16086,32072.5
705,"Slovenia",4,"Median","2",1954,15473,16012,31485.5
705,"Slovenia",4,"Median","3",1954,15518,16156,31674.5
705,"Slovenia",4,"Median","4",1954,15244,15877,31121
705,"Slovenia",4,"Median","5",1954,14270,14976,29246.5
705,"Slovenia",4,"Median","6",1954,13713,14360,28073
705,"Slovenia",4,"Median","7",1954,12989,13563,26552
705,"Slovenia",4,"Median","8",1954,11088,11666,22753
705,"Slovenia",4,"Median","9",1954,10738,11140,21877.5
705,"Slovenia",4,"Median","10",1954,12410,12994,25404
705,"Slovenia",4,"Median","11",1954,13113,13924,27037
705,"Slovenia",4,"Median","12",1954,12942,13567,26508.5
705,"Slovenia",4,"Median","13",1954,12707,13203,25910
705,"Slovenia",4,"Median","14",1954,12590,13140,25731
705,"Slovenia",4,"Median","15",1954,12482,13137,25618.5
705,"Slovenia",4,"Median","16",1954,12566,13146,25711.5
705,"Slovenia",4,"Median","17",1954,12976,13341,26316.5
705,"Slovenia",4,"Median","18",1954,13164,13458,26622.5
705,"Slovenia",4,"Median","19",1954,13162,13702,26864
705,"Slovenia",4,"Median","20",1954,13318,14145,27462.5
705,"Slovenia",4,"Median","21",1954,13536,14414,27950.5
705,"Slovenia",4,"Median","22",1954,13810,14566,28376.5
705,"Slovenia",4,"Median","23",1954,14186,14778,28963.5
705,"Slovenia",4,"Median","24",1954,13856,14536,28392
705,"Slovenia",4,"Median","25",1954,13114,14064,27177.5
705,"Slovenia",4,"Median","26",1954,12492,13898,26389.5
705,"Slovenia",4,"Median","27",1954,11526,13908,25433.5
705,"Slovenia",4,"Median","28",1954,10600,13968,24569
705,"Slovenia",4,"Median","29",1954,10045,13686,23731.5
705,"Slovenia",4,"Median","30",1954,9690,13363,23053
705,"Slovenia",4,"Median","31",1954,9283,13039,22322
705,"Slovenia",4,"Median","32",1954,8888,12472,21360
705,"Slovenia",4,"Median","33",1954,8376,11526,19903
705,"Slovenia",4,"Median","34",1954,7518,10165,17683
705,"Slovenia",4,"Median","35",1954,5884,7969,13853
705,"Slovenia",4,"Median","36",1954,4551,6084,10635
705,"Slovenia",4,"Median","37",1954,4591,5954,10544.5
705,"Slovenia",4,"Median","38",1954,5571,7136,12707
705,"Slovenia",4,"Median","39",1954,7630,9606,17235.5
705,"Slovenia",4,"Median","40",1954,9126,11326,20453
705,"Slovenia",4,"Median","41",1954,9356,11554,20910
705,"Slovenia",4,"Median","42",1954,9314,11380,20693
705,"Slovenia",4,"Median","43",1954,9358,11236,20594
705,"Slovenia",4,"Median","44",1954,9570,11412,20982
705,"Slovenia",4,"Median","45",1954,9396,11176,20572
705,"Slovenia",4,"Median","46",1954,8996,10752,19749
705,"Slovenia",4,"Median","47",1954,8783,10566,19348.5
705,"Slovenia",4,"Median","48",1954,8580,10383,18963.5
705,"Slovenia",4,"Median","49",1954,8360,10140,18500
705,"Slovenia",4,"Median","50",1954,8259,9934,18192.5
705,"Slovenia",4,"Median","51",1954,8166,9882,18048
705,"Slovenia",4,"Median","52",1954,8092,9888,17979.5
705,"Slovenia",4,"Median","53",1954,7835,9678,17512.5
705,"Slovenia",4,"Median","54",1954,7408,9332,16740.5
705,"Slovenia",4,"Median","55",1954,6887,8946,15832.5
705,"Slovenia",4,"Median","56",1954,6386,8638,15024
705,"Slovenia",4,"Median","57",1954,5939,8315,14254
705,"Slovenia",4,"Median","58",1954,5464,7856,13319.5
705,"Slovenia",4,"Median","59",1954,5082,7402,12484.5
705,"Slovenia",4,"Median","60",1954,4718,6901,11619.5
705,"Slovenia",4,"Median","61",1954,4462,6617,11079.5
705,"Slovenia",4,"Median","62",1954,4296,6398,10693
705,"Slovenia",4,"Median","63",1954,4056,6008,10063.5
705,"Slovenia",4,"Median","64",1954,3865,5960,9825
705,"Slovenia",4,"Median","65",1954,3788,5993,9780.5
705,"Slovenia",4,"Median","66",1954,3669,5850,9519.5
705,"Slovenia",4,"Median","67",1954,3502,5621,9123.5
705,"Slovenia",4,"Median","68",1954,3377,5307,8684
705,"Slovenia",4,"Median","69",1954,3340,5000,8340
705,"Slovenia",4,"Median","70",1954,3276,4672,7948
705,"Slovenia",4,"Median","71",1954,2996,4308,7304.5
705,"Slovenia",4,"Median","72",1954,2658,3921,6579.5
705,"Slovenia",4,"Median","73",1954,2510,3652,6161.5
705,"Slovenia",4,"Median","74",1954,2380,3404,5783
705,"Slovenia",4,"Median","75",1954,2154,3042,5196.5
705,"Slovenia",4,"Median","76",1954,1958,2703,4660.5
705,"Slovenia",4,"Median","77",1954,1839,2514,4353.5
705,"Slovenia",4,"Median","78",1954,1683,2290,3972.5
705,"Slovenia",4,"Median","79",1954,1424,1924,3348
705,"Slovenia",4,"Median","80",1954,1168,1590,2758
705,"Slovenia",4,"Median","81",1954,978,1330,2308.5
705,"Slovenia",4,"Median","82",1954,865,1112,1977.5
705,"Slovenia",4,"Median","83",1954,762,930,1692
705,"Slovenia",4,"Median","84",1954,628,752,1380
705,"Slovenia",4,"Median","85",1954,489,576,1064.5
705,"Slovenia",4,"Median","86",1954,376,444,820
705,"Slovenia",4,"Median","87",1954,292,351,643.5
705,"Slovenia",4,"Median","88",1954,224,268,491
705,"Slovenia",4,"Median","89",1954,163,196,359
705,"Slovenia",4,"Median","90",1954,112,136,248
705,"Slovenia",4,"Median","91",1954,74,92,166.5
705,"Slovenia",4,"Median","92",1954,49,62,111.5
705,"Slovenia",4,"Median","93",1954,32,41,72.5
705,"Slovenia",4,"Median","94",1954,20,27,47
705,"Slovenia",4,"Median","95",1954,12,17,29.5
705,"Slovenia",4,"Median","96",1954,8,10,18
705,"Slovenia",4,"Median","97",1954,5,6,11
705,"Slovenia",4,"Median","98",1954,3,4,7
705,"Slovenia",4,"Median","99",1954,1,2,3
705,"Slovenia",4,"Median","100",1954,0,1,1
705,"Slovenia",4,"Median","101",1954,0,0,0
705,"Slovenia",4,"Median","102",1954,0,0,0
705,"Slovenia",4,"Median","103",1954,0,0,0
705,"Slovenia",4,"Median","104",1954,0,0,0
705,"Slovenia",4,"Median","105",1954,0,0,0
705,"Slovenia",4,"Median","106",1954,0,0,0
705,"Slovenia",4,"Median","107",1954,0,0,0
705,"Slovenia",4,"Median","108",1954,0,0,0
705,"Slovenia",4,"Median","109",1954,0,0,0
705,"Slovenia",4,"Median","110",1954,0,0,0
705,"Slovenia",4,"Median","0",1955,16397,15816,32212.5
705,"Slovenia",4,"Median","1",1955,16034,15750,31784.5
705,"Slovenia",4,"Median","2",1955,15746,15932,31677.5
705,"Slovenia",4,"Median","3",1955,15416,15934,31350.5
705,"Slovenia",4,"Median","4",1955,15480,16109,31588.5
705,"Slovenia",4,"Median","5",1955,15193,15818,31011
705,"Slovenia",4,"Median","6",1955,14231,14930,29160.5
705,"Slovenia",4,"Median","7",1955,13695,14336,28030.5
705,"Slovenia",4,"Median","8",1955,12982,13546,26528.5
705,"Slovenia",4,"Median","9",1955,11101,11666,22766.5
705,"Slovenia",4,"Median","10",1955,10769,11159,21928
705,"Slovenia",4,"Median","11",1955,12462,13017,25478.5
705,"Slovenia",4,"Median","12",1955,13184,13938,27121
705,"Slovenia",4,"Median","13",1955,13027,13576,26603.5
705,"Slovenia",4,"Median","14",1955,12790,13206,25995.5
705,"Slovenia",4,"Median","15",1955,12648,13128,25775.5
705,"Slovenia",4,"Median","16",1955,12505,13098,25602.5
705,"Slovenia",4,"Median","17",1955,12576,13078,25654.5
705,"Slovenia",4,"Median","18",1955,12996,13266,26262.5
705,"Slovenia",4,"Median","19",1955,13196,13384,26580.5
705,"Slovenia",4,"Median","20",1955,13180,13617,26797
705,"Slovenia",4,"Median","21",1955,13304,14055,27358.5
705,"Slovenia",4,"Median","22",1955,13496,14332,27828
705,"Slovenia",4,"Median","23",1955,13754,14488,28242
705,"Slovenia",4,"Median","24",1955,14122,14694,28816
705,"Slovenia",4,"Median","25",1955,13794,14450,28244
705,"Slovenia",4,"Median","26",1955,13056,13981,27037
705,"Slovenia",4,"Median","27",1955,12430,13826,26256
705,"Slovenia",4,"Median","28",1955,11460,13836,25296
705,"Slovenia",4,"Median","29",1955,10543,13894,24436.5
705,"Slovenia",4,"Median","30",1955,9990,13618,23608.5
705,"Slovenia",4,"Median","31",1955,9642,13308,22950
705,"Slovenia",4,"Median","32",1955,9246,12996,22242
705,"Slovenia",4,"Median","33",1955,8857,12438,21295
705,"Slovenia",4,"Median","34",1955,8350,11504,19854.5
705,"Slovenia",4,"Median","35",1955,7496,10146,17641.5
705,"Slovenia",4,"Median","36",1955,5866,7948,13814
705,"Slovenia",4,"Median","37",1955,4538,6064,10602
705,"Slovenia",4,"Median","38",1955,4577,5932,10509
705,"Slovenia",4,"Median","39",1955,5554,7110,12663.5
705,"Slovenia",4,"Median","40",1955,7605,9570,17175
705,"Slovenia",4,"Median","41",1955,9084,11278,20363
705,"Slovenia",4,"Median","42",1955,9316,11510,20825.5
705,"Slovenia",4,"Median","43",1955,9290,11350,20639.5
705,"Slovenia",4,"Median","44",1955,9337,11214,20551
705,"Slovenia",4,"Median","45",1955,9544,11394,20937.5
705,"Slovenia",4,"Median","46",1955,9364,11156,20520.5
705,"Slovenia",4,"Median","47",1955,8968,10728,19696.5
705,"Slovenia",4,"Median","48",1955,8761,10542,19302.5
705,"Slovenia",4,"Median","49",1955,8554,10360,18914.5
705,"Slovenia",4,"Median","50",1955,8321,10111,18432
705,"Slovenia",4,"Median","51",1955,8208,9890,18097.5
705,"Slovenia",4,"Median","52",1955,8116,9840,17955
705,"Slovenia",4,"Median","53",1955,8070,9893,17963
705,"Slovenia",4,"Median","54",1955,7828,9720,17548
705,"Slovenia",4,"Median","55",1955,7366,9331,16697.5
705,"Slovenia",4,"Median","56",1955,6807,8880,15687
705,"Slovenia",4,"Median","57",1955,6287,8547,14834
705,"Slovenia",4,"Median","58",1955,5834,8218,14052
705,"Slovenia",4,"Median","59",1955,5360,7755,13115
705,"Slovenia",4,"Median","60",1955,4980,7293,12273.5
705,"Slovenia",4,"Median","61",1955,4619,6782,11401
705,"Slovenia",4,"Median","62",1955,4362,6490,10852
705,"Slovenia",4,"Median","63",1955,4190,6266,10456
705,"Slovenia",4,"Median","64",1955,3948,5878,9827
705,"Slovenia",4,"Median","65",1955,3758,5822,9580
705,"Slovenia",4,"Median","66",1955,3654,5844,9498.5
705,"Slovenia",4,"Median","67",1955,3528,5688,9215.5
705,"Slovenia",4,"Median","68",1955,3356,5444,8800
705,"Slovenia",4,"Median","69",1955,3223,5118,8341.5
705,"Slovenia",4,"Median","70",1955,3174,4800,7973.5
705,"Slovenia",4,"Median","71",1955,3098,4460,7558
705,"Slovenia",4,"Median","72",1955,2815,4088,6903.5
705,"Slovenia",4,"Median","73",1955,2480,3696,6175
705,"Slovenia",4,"Median","74",1955,2322,3414,5736.5
705,"Slovenia",4,"Median","75",1955,2176,3159,5335.5
705,"Slovenia",4,"Median","76",1955,1950,2800,4749.5
705,"Slovenia",4,"Median","77",1955,1753,2464,4217
705,"Slovenia",4,"Median","78",1955,1628,2268,3896
705,"Slovenia",4,"Median","79",1955,1473,2040,3512.5
705,"Slovenia",4,"Median","80",1955,1230,1692,2921
705,"Slovenia",4,"Median","81",1955,994,1378,2372
705,"Slovenia",4,"Median","82",1955,820,1134,1954.5
705,"Slovenia",4,"Median","83",1955,714,933,1646.5
705,"Slovenia",4,"Median","84",1955,618,764,1383
705,"Slovenia",4,"Median","85",1955,500,606,1105.5
705,"Slovenia",4,"Median","86",1955,382,454,835.5
705,"Slovenia",4,"Median","87",1955,286,343,629.5
705,"Slovenia",4,"Median","88",1955,218,264,482.5
705,"Slovenia",4,"Median","89",1955,163,196,358.5
705,"Slovenia",4,"Median","90",1955,116,140,256
705,"Slovenia",4,"Median","91",1955,77,94,171.5
705,"Slovenia",4,"Median","92",1955,50,62,112.5
705,"Slovenia",4,"Median","93",1955,32,40,72.5
705,"Slovenia",4,"Median","94",1955,20,26,46.5
705,"Slovenia",4,"Median","95",1955,12,16,29
705,"Slovenia",4,"Median","96",1955,8,10,18
705,"Slovenia",4,"Median","97",1955,4,6,10.5
705,"Slovenia",4,"Median","98",1955,3,4,6.5
705,"Slovenia",4,"Median","99",1955,1,2,3
705,"Slovenia",4,"Median","100",1955,0,1,1
705,"Slovenia",4,"Median","101",1955,0,0,0
705,"Slovenia",4,"Median","102",1955,0,0,0
705,"Slovenia",4,"Median","103",1955,0,0,0
705,"Slovenia",4,"Median","104",1955,0,0,0
705,"Slovenia",4,"Median","105",1955,0,0,0
705,"Slovenia",4,"Median","106",1955,0,0,0
705,"Slovenia",4,"Median","107",1955,0,0,0
705,"Slovenia",4,"Median","108",1955,0,0,0
705,"Slovenia",4,"Median","109",1955,0,0,0
705,"Slovenia",4,"Median","110",1955,0,0,0
705,"Slovenia",4,"Median","0",1956,16066,15580,31645
705,"Slovenia",4,"Median","1",1956,15750,15448,31198.5
705,"Slovenia",4,"Median","2",1956,15748,15643,31391.5
705,"Slovenia",4,"Median","3",1956,15630,15856,31486
705,"Slovenia",4,"Median","4",1956,15372,15872,31243.5
705,"Slovenia",4,"Median","5",1956,15450,16071,31521
705,"Slovenia",4,"Median","6",1956,15148,15765,30913.5
705,"Slovenia",4,"Median","7",1956,14198,14886,29084
705,"Slovenia",4,"Median","8",1956,13680,14312,27993
705,"Slovenia",4,"Median","9",1956,12978,13531,26508.5
705,"Slovenia",4,"Median","10",1956,11116,11666,22782
705,"Slovenia",4,"Median","11",1956,10802,11178,21980
705,"Slovenia",4,"Median","12",1956,12514,13040,25553
705,"Slovenia",4,"Median","13",1956,13254,13950,27204.5
705,"Slovenia",4,"Median","14",1956,13113,13586,26699
705,"Slovenia",4,"Median","15",1956,12872,13208,26080.5
705,"Slovenia",4,"Median","16",1956,12704,13114,25817.5
705,"Slovenia",4,"Median","17",1956,12527,13058,25585
705,"Slovenia",4,"Median","18",1956,12584,13010,25593.5
705,"Slovenia",4,"Median","19",1956,13016,13190,26207
705,"Slovenia",4,"Median","20",1956,13226,13311,26536.5
705,"Slovenia",4,"Median","21",1956,13197,13533,26730
705,"Slovenia",4,"Median","22",1956,13289,13966,27255
705,"Slovenia",4,"Median","23",1956,13458,14249,27707
705,"Slovenia",4,"Median","24",1956,13700,14410,28110
705,"Slovenia",4,"Median","25",1956,14058,14612,28671
705,"Slovenia",4,"Median","26",1956,13734,14364,28098
705,"Slovenia",4,"Median","27",1956,12998,13899,26897
705,"Slovenia",4,"Median","28",1956,12368,13756,26123.5
705,"Slovenia",4,"Median","29",1956,11397,13763,25160
705,"Slovenia",4,"Median","30",1956,10486,13818,24303.5
705,"Slovenia",4,"Median","31",1956,9937,13550,23487
705,"Slovenia",4,"Median","32",1956,9596,13252,22847.5
705,"Slovenia",4,"Median","33",1956,9210,12954,22163.5
705,"Slovenia",4,"Median","34",1956,8827,12404,21231
705,"Slovenia",4,"Median","35",1956,8325,11482,19807.5
705,"Slovenia",4,"Median","36",1956,7473,10128,17600.5
705,"Slovenia",4,"Median","37",1956,5846,7928,13774.5
705,"Slovenia",4,"Median","38",1956,4524,6044,10568.5
705,"Slovenia",4,"Median","39",1956,4563,5910,10473.5
705,"Slovenia",4,"Median","40",1956,5536,7083,12618.5
705,"Slovenia",4,"Median","41",1956,7581,9532,17113
705,"Slovenia",4,"Median","42",1956,9044,11230,20274
705,"Slovenia",4,"Median","43",1956,9276,11464,20739.5
705,"Slovenia",4,"Median","44",1956,9268,11316,20584
705,"Slovenia",4,"Median","45",1956,9318,11190,20508
705,"Slovenia",4,"Median","46",1956,9517,11372,20889
705,"Slovenia",4,"Median","47",1956,9332,11134,20465.5
705,"Slovenia",4,"Median","48",1956,8938,10702,19640.5
705,"Slovenia",4,"Median","49",1956,8736,10516,19251
705,"Slovenia",4,"Median","50",1956,8524,10338,18861
705,"Slovenia",4,"Median","51",1956,8278,10080,18358
705,"Slovenia",4,"Median","52",1956,8152,9845,17997
705,"Slovenia",4,"Median","53",1956,8060,9796,17856
705,"Slovenia",4,"Median","54",1956,8043,9898,17940.5
705,"Slovenia",4,"Median","55",1956,7816,9758,17575
705,"Slovenia",4,"Median","56",1956,7320,9324,16644.5
705,"Slovenia",4,"Median","57",1956,6722,8808,15529.5
705,"Slovenia",4,"Median","58",1956,6181,8447,14628
705,"Slovenia",4,"Median","59",1956,5720,8112,13832
705,"Slovenia",4,"Median","60",1956,5248,7644,12892
705,"Slovenia",4,"Median","61",1956,4871,7174,12045
705,"Slovenia",4,"Median","62",1956,4510,6654,11164.5
705,"Slovenia",4,"Median","63",1956,4251,6357,10608
705,"Slovenia",4,"Median","64",1956,4075,6126,10201.5
705,"Slovenia",4,"Median","65",1956,3831,5740,9570.5
705,"Slovenia",4,"Median","66",1956,3619,5677,9296
705,"Slovenia",4,"Median","67",1956,3506,5678,9184
705,"Slovenia",4,"Median","68",1956,3372,5502,8874.5
705,"Slovenia",4,"Median","69",1956,3196,5243,8439
705,"Slovenia",4,"Median","70",1956,3056,4905,7961
705,"Slovenia",4,"Median","71",1956,2995,4574,7569.5
705,"Slovenia",4,"Median","72",1956,2905,4226,7131
705,"Slovenia",4,"Median","73",1956,2620,3846,6467
705,"Slovenia",4,"Median","74",1956,2288,3449,5736.5
705,"Slovenia",4,"Median","75",1956,2118,3162,5281
705,"Slovenia",4,"Median","76",1956,1964,2901,4865
705,"Slovenia",4,"Median","77",1956,1741,2546,4286.5
705,"Slovenia",4,"Median","78",1956,1548,2214,3762.5
705,"Slovenia",4,"Median","79",1956,1421,2012,3433.5
705,"Slovenia",4,"Median","80",1956,1268,1786,3053.5
705,"Slovenia",4,"Median","81",1956,1044,1458,2502
705,"Slovenia",4,"Median","82",1956,831,1168,1999
705,"Slovenia",4,"Median","83",1956,674,944,1619
705,"Slovenia",4,"Median","84",1956,576,762,1338
705,"Slovenia",4,"Median","85",1956,490,612,1102
705,"Slovenia",4,"Median","86",1956,388,474,862
705,"Slovenia",4,"Median","87",1956,290,346,637
705,"Slovenia",4,"Median","88",1956,213,255,468
705,"Slovenia",4,"Median","89",1956,159,191,350
705,"Slovenia",4,"Median","90",1956,116,138,253.5
705,"Slovenia",4,"Median","91",1956,80,96,175.5
705,"Slovenia",4,"Median","92",1956,52,63,115
705,"Slovenia",4,"Median","93",1956,32,40,72.5
705,"Slovenia",4,"Median","94",1956,20,26,46
705,"Slovenia",4,"Median","95",1956,12,16,28
705,"Slovenia",4,"Median","96",1956,8,10,17.5
705,"Slovenia",4,"Median","97",1956,4,6,9.5
705,"Slovenia",4,"Median","98",1956,3,3,6
705,"Slovenia",4,"Median","99",1956,1,2,3
705,"Slovenia",4,"Median","100",1956,0,1,1
705,"Slovenia",4,"Median","101",1956,0,0,0
705,"Slovenia",4,"Median","102",1956,0,0,0
705,"Slovenia",4,"Median","103",1956,0,0,0
705,"Slovenia",4,"Median","104",1956,0,0,0
705,"Slovenia",4,"Median","105",1956,0,0,0
705,"Slovenia",4,"Median","106",1956,0,0,0
705,"Slovenia",4,"Median","107",1956,0,0,0
705,"Slovenia",4,"Median","108",1956,0,0,0
705,"Slovenia",4,"Median","109",1956,0,0,0
705,"Slovenia",4,"Median","110",1956,0,0,0
705,"Slovenia",4,"Median","0",1957,15618,15332,30949.5
705,"Slovenia",4,"Median","1",1957,15486,15257,30743.5
705,"Slovenia",4,"Median","2",1957,15480,15365,30845.5
705,"Slovenia",4,"Median","3",1957,15574,15602,31176.5
705,"Slovenia",4,"Median","4",1957,15526,15793,31319
705,"Slovenia",4,"Median","5",1957,15336,15817,31153.5
705,"Slovenia",4,"Median","6",1957,15427,16038,31465.5
705,"Slovenia",4,"Median","7",1957,15110,15716,30825.5
705,"Slovenia",4,"Median","8",1957,14168,14844,29013
705,"Slovenia",4,"Median","9",1957,13668,14290,27959
705,"Slovenia",4,"Median","10",1957,12976,13516,26491
705,"Slovenia",4,"Median","11",1957,11132,11666,22799
705,"Slovenia",4,"Median","12",1957,10836,11196,22031.5
705,"Slovenia",4,"Median","13",1957,12565,13061,25626
705,"Slovenia",4,"Median","14",1957,13325,13963,27288
705,"Slovenia",4,"Median","15",1957,13198,13594,26792
705,"Slovenia",4,"Median","16",1957,12952,13210,26161.5
705,"Slovenia",4,"Median","17",1957,12758,13099,25856.5
705,"Slovenia",4,"Median","18",1957,12546,13018,25564
705,"Slovenia",4,"Median","19",1957,12590,12940,25530
705,"Slovenia",4,"Median","20",1957,13034,13116,26149
705,"Slovenia",4,"Median","21",1957,13254,13238,26491
705,"Slovenia",4,"Median","22",1957,13214,13450,26663
705,"Slovenia",4,"Median","23",1957,13275,13876,27151.5
705,"Slovenia",4,"Median","24",1957,13420,14168,27587.5
705,"Slovenia",4,"Median","25",1957,13645,14334,27978.5
705,"Slovenia",4,"Median","26",1957,13995,14531,28526
705,"Slovenia",4,"Median","27",1957,13672,14279,27951.5
705,"Slovenia",4,"Median","28",1957,12940,13818,26758
705,"Slovenia",4,"Median","29",1957,12306,13684,25990.5
705,"Slovenia",4,"Median","30",1957,11333,13690,25023.5
705,"Slovenia",4,"Median","31",1957,10428,13742,24171
705,"Slovenia",4,"Median","32",1957,9884,13482,23366
705,"Slovenia",4,"Median","33",1957,9550,13197,22746.5
705,"Slovenia",4,"Median","34",1957,9175,12912,22086.5
705,"Slovenia",4,"Median","35",1957,8798,12370,21168
705,"Slovenia",4,"Median","36",1957,8299,11461,19760
705,"Slovenia",4,"Median","37",1957,7450,10108,17558.5
705,"Slovenia",4,"Median","38",1957,5827,7907,13734
705,"Slovenia",4,"Median","39",1957,4510,6024,10534
705,"Slovenia",4,"Median","40",1957,4548,5888,10436.5
705,"Slovenia",4,"Median","41",1957,5517,7055,12572
705,"Slovenia",4,"Median","42",1957,7555,9494,17048.5
705,"Slovenia",4,"Median","43",1957,9001,11178,20179.5
705,"Slovenia",4,"Median","44",1957,9234,11415,20649
705,"Slovenia",4,"Median","45",1957,9242,11282,20524
705,"Slovenia",4,"Median","46",1957,9296,11162,20458.5
705,"Slovenia",4,"Median","47",1957,9487,11348,20835.5
705,"Slovenia",4,"Median","48",1957,9294,11110,20403.5
705,"Slovenia",4,"Median","49",1957,8903,10674,19577
705,"Slovenia",4,"Median","50",1957,8705,10489,19194
705,"Slovenia",4,"Median","51",1957,8488,10312,18800
705,"Slovenia",4,"Median","52",1957,8228,10050,18278
705,"Slovenia",4,"Median","53",1957,8090,9799,17888.5
705,"Slovenia",4,"Median","54",1957,7998,9750,17748
705,"Slovenia",4,"Median","55",1957,8012,9896,17907.5
705,"Slovenia",4,"Median","56",1957,7799,9791,17590
705,"Slovenia",4,"Median","57",1957,7268,9310,16578.5
705,"Slovenia",4,"Median","58",1957,6630,8726,15356
705,"Slovenia",4,"Median","59",1957,6068,8338,14406.5
705,"Slovenia",4,"Median","60",1957,5600,7996,13597
705,"Slovenia",4,"Median","61",1957,5130,7526,12655.5
705,"Slovenia",4,"Median","62",1957,4754,7048,11801
705,"Slovenia",4,"Median","63",1957,4393,6519,10912
705,"Slovenia",4,"Median","64",1957,4130,6214,10344.5
705,"Slovenia",4,"Median","65",1957,3948,5975,9923
705,"Slovenia",4,"Median","66",1957,3685,5595,9280
705,"Slovenia",4,"Median","67",1957,3467,5512,8979
705,"Slovenia",4,"Median","68",1957,3346,5490,8835
705,"Slovenia",4,"Median","69",1957,3206,5296,8501.5
705,"Slovenia",4,"Median","70",1957,3025,5022,8046.5
705,"Slovenia",4,"Median","71",1957,2878,4673,7551.5
705,"Slovenia",4,"Median","72",1957,2804,4333,7137.5
705,"Slovenia",4,"Median","73",1957,2700,3976,6676.5
705,"Slovenia",4,"Median","74",1957,2414,3592,6006.5
705,"Slovenia",4,"Median","75",1957,2086,3197,5282.5
705,"Slovenia",4,"Median","76",1957,1910,2908,4818.5
705,"Slovenia",4,"Median","77",1957,1754,2641,4394.5
705,"Slovenia",4,"Median","78",1957,1537,2292,3829
705,"Slovenia",4,"Median","79",1957,1350,1970,3320
705,"Slovenia",4,"Median","80",1957,1224,1766,2989
705,"Slovenia",4,"Median","81",1957,1076,1544,2620
705,"Slovenia",4,"Median","82",1957,873,1240,2113.5
705,"Slovenia",4,"Median","83",1957,684,976,1659.5
705,"Slovenia",4,"Median","84",1957,546,774,1319.5
705,"Slovenia",4,"Median","85",1957,458,612,1070
705,"Slovenia",4,"Median","86",1957,382,480,862
705,"Slovenia",4,"Median","87",1957,296,364,660
705,"Slovenia",4,"Median","88",1957,216,260,476
705,"Slovenia",4,"Median","89",1957,156,186,342
705,"Slovenia",4,"Median","90",1957,113,136,249
705,"Slovenia",4,"Median","91",1957,80,95,175.5
705,"Slovenia",4,"Median","92",1957,54,64,118.5
705,"Slovenia",4,"Median","93",1957,34,41,75.5
705,"Slovenia",4,"Median","94",1957,21,25,46
705,"Slovenia",4,"Median","95",1957,13,15,28
705,"Slovenia",4,"Median","96",1957,8,9,17
705,"Slovenia",4,"Median","97",1957,4,5,9
705,"Slovenia",4,"Median","98",1957,3,3,6
705,"Slovenia",4,"Median","99",1957,1,2,3
705,"Slovenia",4,"Median","100",1957,0,1,1
705,"Slovenia",4,"Median","101",1957,0,0,0
705,"Slovenia",4,"Median","102",1957,0,0,0
705,"Slovenia",4,"Median","103",1957,0,0,0
705,"Slovenia",4,"Median","104",1957,0,0,0
705,"Slovenia",4,"Median","105",1957,0,0,0
705,"Slovenia",4,"Median","106",1957,0,0,0
705,"Slovenia",4,"Median","107",1957,0,0,0
705,"Slovenia",4,"Median","108",1957,0,0,0
705,"Slovenia",4,"Median","109",1957,0,0,0
705,"Slovenia",4,"Median","110",1957,0,0,0
705,"Slovenia",4,"Median","0",1958,15020,14832,29851.5
705,"Slovenia",4,"Median","1",1958,15086,15046,30131
705,"Slovenia",4,"Median","2",1958,15258,15193,30451.5
705,"Slovenia",4,"Median","3",1958,15306,15336,30642
705,"Slovenia",4,"Median","4",1958,15412,15572,30985
705,"Slovenia",4,"Median","5",1958,15431,15738,31169
705,"Slovenia",4,"Median","6",1958,15308,15768,31076.5
705,"Slovenia",4,"Median","7",1958,15409,16011,31420
705,"Slovenia",4,"Median","8",1958,15075,15669,30744
705,"Slovenia",4,"Median","9",1958,14142,14804,28946.5
705,"Slovenia",4,"Median","10",1958,13658,14270,27928
705,"Slovenia",4,"Median","11",1958,12974,13501,26475
705,"Slovenia",4,"Median","12",1958,11148,11667,22815.5
705,"Slovenia",4,"Median","13",1958,10869,11214,22082.5
705,"Slovenia",4,"Median","14",1958,12616,13083,25699
705,"Slovenia",4,"Median","15",1958,13393,13975,27368
705,"Slovenia",4,"Median","16",1958,13280,13603,26883
705,"Slovenia",4,"Median","17",1958,13030,13211,26240.5
705,"Slovenia",4,"Median","18",1958,12809,13084,25893.5
705,"Slovenia",4,"Median","19",1958,12564,12977,25540.5
705,"Slovenia",4,"Median","20",1958,12593,12872,25465
705,"Slovenia",4,"Median","21",1958,13050,13041,26090.5
705,"Slovenia",4,"Median","22",1958,13281,13164,26445
705,"Slovenia",4,"Median","23",1958,13229,13366,26595
705,"Slovenia",4,"Median","24",1958,13260,13789,27049
705,"Slovenia",4,"Median","25",1958,13380,14086,27466.5
705,"Slovenia",4,"Median","26",1958,13589,14258,27846.5
705,"Slovenia",4,"Median","27",1958,13930,14450,28381
705,"Slovenia",4,"Median","28",1958,13610,14194,27804.5
705,"Slovenia",4,"Median","29",1958,12880,13738,26618
705,"Slovenia",4,"Median","30",1958,12244,13614,25857.5
705,"Slovenia",4,"Median","31",1958,11268,13619,24887
705,"Slovenia",4,"Median","32",1958,10372,13668,24040
705,"Slovenia",4,"Median","33",1958,9832,13414,23246
705,"Slovenia",4,"Median","34",1958,9503,13142,22645.5
705,"Slovenia",4,"Median","35",1958,9140,12870,22009.5
705,"Slovenia",4,"Median","36",1958,8766,12337,21103.5
705,"Slovenia",4,"Median","37",1958,8272,11438,19711
705,"Slovenia",4,"Median","38",1958,7427,10088,17515.5
705,"Slovenia",4,"Median","39",1958,5807,7884,13691.5
705,"Slovenia",4,"Median","40",1958,4495,6002,10497.5
705,"Slovenia",4,"Median","41",1958,4532,5865,10397
705,"Slovenia",4,"Median","42",1958,5496,7027,12523
705,"Slovenia",4,"Median","43",1958,7526,9453,16979.5
705,"Slovenia",4,"Median","44",1958,8954,11126,20079.5
705,"Slovenia",4,"Median","45",1958,9187,11366,20552.5
705,"Slovenia",4,"Median","46",1958,9213,11244,20457.5
705,"Slovenia",4,"Median","47",1958,9269,11134,20403
705,"Slovenia",4,"Median","48",1958,9451,11323,20774
705,"Slovenia",4,"Median","49",1958,9252,11083,20334.5
705,"Slovenia",4,"Median","50",1958,8863,10644,19507
705,"Slovenia",4,"Median","51",1958,8668,10460,19128.5
705,"Slovenia",4,"Median","52",1958,8445,10286,18730.5
705,"Slovenia",4,"Median","53",1958,8172,10014,18186.5
705,"Slovenia",4,"Median","54",1958,8020,9748,17768
705,"Slovenia",4,"Median","55",1958,7930,9698,17627.5
705,"Slovenia",4,"Median","56",1958,7972,9890,17861
705,"Slovenia",4,"Median","57",1958,7774,9817,17591.5
705,"Slovenia",4,"Median","58",1958,7210,9289,16499.5
705,"Slovenia",4,"Median","59",1958,6532,8640,15171.5
705,"Slovenia",4,"Median","60",1958,5950,8224,14174.5
705,"Slovenia",4,"Median","61",1958,5474,7876,13350
705,"Slovenia",4,"Median","62",1958,5003,7402,12405
705,"Slovenia",4,"Median","63",1958,4626,6913,11539.5
705,"Slovenia",4,"Median","64",1958,4266,6374,10639
705,"Slovenia",4,"Median","65",1958,3998,6058,10056
705,"Slovenia",4,"Median","66",1958,3796,5824,9620
705,"Slovenia",4,"Median","67",1958,3529,5432,8961
705,"Slovenia",4,"Median","68",1958,3306,5330,8636.5
705,"Slovenia",4,"Median","69",1958,3178,5284,8462
705,"Slovenia",4,"Median","70",1958,3030,5075,8104.5
705,"Slovenia",4,"Median","71",1958,2842,4788,7631
705,"Slovenia",4,"Median","72",1958,2688,4432,7120.5
705,"Slovenia",4,"Median","73",1958,2601,4084,6685.5
705,"Slovenia",4,"Median","74",1958,2484,3722,6206.5
705,"Slovenia",4,"Median","75",1958,2200,3340,5540
705,"Slovenia",4,"Median","76",1958,1882,2950,4832
705,"Slovenia",4,"Median","77",1958,1706,2658,4365
705,"Slovenia",4,"Median","78",1958,1549,2390,3938.5
705,"Slovenia",4,"Median","79",1958,1342,2050,3392
705,"Slovenia",4,"Median","80",1958,1164,1740,2903.5
705,"Slovenia",4,"Median","81",1958,1040,1538,2578
705,"Slovenia",4,"Median","82",1958,902,1324,2226.5
705,"Slovenia",4,"Median","83",1958,720,1048,1767
705,"Slovenia",4,"Median","84",1958,554,810,1363.5
705,"Slovenia",4,"Median","85",1958,434,630,1064.5
705,"Slovenia",4,"Median","86",1958,358,488,845
705,"Slovenia",4,"Median","87",1958,292,374,667
705,"Slovenia",4,"Median","88",1958,222,277,499
705,"Slovenia",4,"Median","89",1958,159,193,352
705,"Slovenia",4,"Median","90",1958,111,135,246
705,"Slovenia",4,"Median","91",1958,79,96,175
705,"Slovenia",4,"Median","92",1958,55,65,120
705,"Slovenia",4,"Median","93",1958,36,43,79.5
705,"Slovenia",4,"Median","94",1958,22,26,48
705,"Slovenia",4,"Median","95",1958,14,16,29
705,"Slovenia",4,"Median","96",1958,8,10,17.5
705,"Slovenia",4,"Median","97",1958,4,6,10
705,"Slovenia",4,"Median","98",1958,3,3,6
705,"Slovenia",4,"Median","99",1958,1,2,3
705,"Slovenia",4,"Median","100",1958,0,0,0
705,"Slovenia",4,"Median","101",1958,0,0,0
705,"Slovenia",4,"Median","102",1958,0,0,0
705,"Slovenia",4,"Median","103",1958,0,0,0
705,"Slovenia",4,"Median","104",1958,0,0,0
705,"Slovenia",4,"Median","105",1958,0,0,0
705,"Slovenia",4,"Median","106",1958,0,0,0
705,"Slovenia",4,"Median","107",1958,0,0,0
705,"Slovenia",4,"Median","108",1958,0,0,0
705,"Slovenia",4,"Median","109",1958,0,0,0
705,"Slovenia",4,"Median","110",1958,0,0,0
705,"Slovenia",4,"Median","0",1959,14560,14484,29043.5
705,"Slovenia",4,"Median","1",1959,14494,14530,29024
705,"Slovenia",4,"Median","2",1959,14865,14990,29854.5
705,"Slovenia",4,"Median","3",1959,15107,15172,30279.5
705,"Slovenia",4,"Median","4",1959,15144,15318,30462
705,"Slovenia",4,"Median","5",1959,15260,15551,30811
705,"Slovenia",4,"Median","6",1959,15344,15690,31033.5
705,"Slovenia",4,"Median","7",1959,15284,15725,31009
705,"Slovenia",4,"Median","8",1959,15396,15986,31381
705,"Slovenia",4,"Median","9",1959,15042,15626,30668
705,"Slovenia",4,"Median","10",1959,14116,14767,28883
705,"Slovenia",4,"Median","11",1959,13649,14251,27900
705,"Slovenia",4,"Median","12",1959,12973,13488,26461
705,"Slovenia",4,"Median","13",1959,11165,11669,22834
705,"Slovenia",4,"Median","14",1959,10902,11233,22134.5
705,"Slovenia",4,"Median","15",1959,12665,13106,25771
705,"Slovenia",4,"Median","16",1959,13460,13988,27448.5
705,"Slovenia",4,"Median","17",1959,13361,13611,26972
705,"Slovenia",4,"Median","18",1959,13106,13213,26318.5
705,"Slovenia",4,"Median","19",1959,12858,13070,25929
705,"Slovenia",4,"Median","20",1959,12580,12937,25516.5
705,"Slovenia",4,"Median","21",1959,12596,12804,25400.5
705,"Slovenia",4,"Median","22",1959,13065,12966,26031.5
705,"Slovenia",4,"Median","23",1959,13308,13092,26399
705,"Slovenia",4,"Median","24",1959,13244,13284,26528
705,"Slovenia",4,"Median","25",1959,13244,13701,26945
705,"Slovenia",4,"Median","26",1959,13340,14006,27346
705,"Slovenia",4,"Median","27",1959,13532,14182,27713.5
705,"Slovenia",4,"Median","28",1959,13865,14370,28234.5
705,"Slovenia",4,"Median","29",1959,13548,14110,27657
705,"Slovenia",4,"Median","30",1959,12822,13656,26478
705,"Slovenia",4,"Median","31",1959,12181,13544,25725.5
705,"Slovenia",4,"Median","32",1959,11204,13548,24752
705,"Slovenia",4,"Median","33",1959,10314,13594,23908.5
705,"Slovenia",4,"Median","34",1959,9777,13348,23124.5
705,"Slovenia",4,"Median","35",1959,9456,13088,22544
705,"Slovenia",4,"Median","36",1959,9102,12828,21930.5
705,"Slovenia",4,"Median","37",1959,8734,12303,21037.5
705,"Slovenia",4,"Median","38",1959,8245,11416,19661
705,"Slovenia",4,"Median","39",1959,7402,10068,17470
705,"Slovenia",4,"Median","40",1959,5786,7862,13648
705,"Slovenia",4,"Median","41",1959,4478,5982,10460
705,"Slovenia",4,"Median","42",1959,4515,5842,10357
705,"Slovenia",4,"Median","43",1959,5474,6998,12471.5
705,"Slovenia",4,"Median","44",1959,7494,9412,16906
705,"Slovenia",4,"Median","45",1959,8903,11072,19975.5
705,"Slovenia",4,"Median","46",1959,9136,11314,20450
705,"Slovenia",4,"Median","47",1959,9179,11206,20384.5
705,"Slovenia",4,"Median","48",1959,9236,11103,20339.5
705,"Slovenia",4,"Median","49",1959,9410,11294,20704
705,"Slovenia",4,"Median","50",1959,9202,11054,20256
705,"Slovenia",4,"Median","51",1959,8814,10612,19426
705,"Slovenia",4,"Median","52",1959,8622,10427,19049.5
705,"Slovenia",4,"Median","53",1959,8393,10254,18646.5
705,"Slovenia",4,"Median","54",1959,8106,9976,18081.5
705,"Slovenia",4,"Median","55",1959,7941,9692,17633.5
705,"Slovenia",4,"Median","56",1959,7853,9641,17494
705,"Slovenia",4,"Median","57",1959,7924,9878,17801.5
705,"Slovenia",4,"Median","58",1959,7744,9839,17583
705,"Slovenia",4,"Median","59",1959,7144,9265,16409.5
705,"Slovenia",4,"Median","60",1959,6426,8550,14975.5
705,"Slovenia",4,"Median","61",1959,5822,8107,13928.5
705,"Slovenia",4,"Median","62",1959,5336,7750,13087
705,"Slovenia",4,"Median","63",1959,4866,7270,12135
705,"Slovenia",4,"Median","64",1959,4490,6768,11258
705,"Slovenia",4,"Median","65",1959,4128,6214,10343
705,"Slovenia",4,"Median","66",1959,3848,5906,9754.5
705,"Slovenia",4,"Median","67",1959,3640,5658,9297.5
705,"Slovenia",4,"Median","68",1959,3369,5256,8625
705,"Slovenia",4,"Median","69",1959,3142,5134,8276
705,"Slovenia",4,"Median","70",1959,3002,5068,8070
705,"Slovenia",4,"Median","71",1959,2844,4844,7688.5
705,"Slovenia",4,"Median","72",1959,2651,4546,7197.5
705,"Slovenia",4,"Median","73",1959,2490,4184,6674
705,"Slovenia",4,"Median","74",1959,2390,3831,6220.5
705,"Slovenia",4,"Median","75",1959,2263,3470,5732.5
705,"Slovenia",4,"Median","76",1959,1986,3092,5078
705,"Slovenia",4,"Median","77",1959,1682,2707,4388.5
705,"Slovenia",4,"Median","78",1959,1508,2414,3923
705,"Slovenia",4,"Median","79",1959,1354,2146,3500
705,"Slovenia",4,"Median","80",1959,1158,1820,2977.5
705,"Slovenia",4,"Median","81",1959,990,1524,2514.5
705,"Slovenia",4,"Median","82",1959,872,1328,2199.5
705,"Slovenia",4,"Median","83",1959,744,1126,1870
705,"Slovenia",4,"Median","84",1959,584,876,1459
705,"Slovenia",4,"Median","85",1959,442,664,1106
705,"Slovenia",4,"Median","86",1959,340,507,846.5
705,"Slovenia",4,"Median","87",1959,274,384,658
705,"Slovenia",4,"Median","88",1959,219,288,507.5
705,"Slovenia",4,"Median","89",1959,162,208,371
705,"Slovenia",4,"Median","90",1959,114,142,255
705,"Slovenia",4,"Median","91",1959,78,96,174
705,"Slovenia",4,"Median","92",1959,54,66,120.5
705,"Slovenia",4,"Median","93",1959,36,44,80.5
705,"Slovenia",4,"Median","94",1959,24,28,51
705,"Slovenia",4,"Median","95",1959,14,16,30.5
705,"Slovenia",4,"Median","96",1959,8,10,18
705,"Slovenia",4,"Median","97",1959,5,6,11
705,"Slovenia",4,"Median","98",1959,3,3,6
705,"Slovenia",4,"Median","99",1959,1,2,3
705,"Slovenia",4,"Median","100",1959,0,0,0
705,"Slovenia",4,"Median","101",1959,0,0,0
705,"Slovenia",4,"Median","102",1959,0,0,0
705,"Slovenia",4,"Median","103",1959,0,0,0
705,"Slovenia",4,"Median","104",1959,0,0,0
705,"Slovenia",4,"Median","105",1959,0,0,0
705,"Slovenia",4,"Median","106",1959,0,0,0
705,"Slovenia",4,"Median","107",1959,0,0,0
705,"Slovenia",4,"Median","108",1959,0,0,0
705,"Slovenia",4,"Median","109",1959,0,0,0
705,"Slovenia",4,"Median","110",1959,0,0,0
705,"Slovenia",4,"Median","0",1960,14146,14471,28617.5
705,"Slovenia",4,"Median","1",1960,14056,14192,28249
705,"Slovenia",4,"Median","2",1960,14245,14434,28679
705,"Slovenia",4,"Median","3",1960,14706,14969,29674.5
705,"Slovenia",4,"Median","4",1960,14967,15163,30130
705,"Slovenia",4,"Median","5",1960,14991,15307,30298
705,"Slovenia",4,"Median","6",1960,15114,15536,30650
705,"Slovenia",4,"Median","7",1960,15260,15645,30905
705,"Slovenia",4,"Median","8",1960,15264,15684,30948
705,"Slovenia",4,"Median","9",1960,15383,15964,31347.5
705,"Slovenia",4,"Median","10",1960,15012,15584,30596
705,"Slovenia",4,"Median","11",1960,14092,14732,28823.5
705,"Slovenia",4,"Median","12",1960,13640,14234,27874.5
705,"Slovenia",4,"Median","13",1960,12972,13476,26448
705,"Slovenia",4,"Median","14",1960,11181,11672,22853.5
705,"Slovenia",4,"Median","15",1960,10934,11254,22187
705,"Slovenia",4,"Median","16",1960,12714,13129,25842.5
705,"Slovenia",4,"Median","17",1960,13526,14002,27528
705,"Slovenia",4,"Median","18",1960,13440,13620,27060
705,"Slovenia",4,"Median","19",1960,13180,13216,26395
705,"Slovenia",4,"Median","20",1960,12908,13056,25963.5
705,"Slovenia",4,"Median","21",1960,12596,12898,25493
705,"Slovenia",4,"Median","22",1960,12600,12736,25335.5
705,"Slovenia",4,"Median","23",1960,13080,12892,25973
705,"Slovenia",4,"Median","24",1960,13334,13020,26353.5
705,"Slovenia",4,"Median","25",1960,13259,13202,26461
705,"Slovenia",4,"Median","26",1960,13228,13614,26842
705,"Slovenia",4,"Median","27",1960,13300,13926,27225
705,"Slovenia",4,"Median","28",1960,13476,14105,27580.5
705,"Slovenia",4,"Median","29",1960,13800,14288,28089
705,"Slovenia",4,"Median","30",1960,13486,14024,27510
705,"Slovenia",4,"Median","31",1960,12763,13576,26339
705,"Slovenia",4,"Median","32",1960,12119,13474,25593
705,"Slovenia",4,"Median","33",1960,11139,13476,24615
705,"Slovenia",4,"Median","34",1960,10256,13519,23775.5
705,"Slovenia",4,"Median","35",1960,9722,13279,23001.5
705,"Slovenia",4,"Median","36",1960,9408,13033,22441
705,"Slovenia",4,"Median","37",1960,9064,12785,21849.5
705,"Slovenia",4,"Median","38",1960,8702,12270,20971.5
705,"Slovenia",4,"Median","39",1960,8216,11393,19609.5
705,"Slovenia",4,"Median","40",1960,7376,10049,17425.5
705,"Slovenia",4,"Median","41",1960,5763,7840,13603.5
705,"Slovenia",4,"Median","42",1960,4462,5960,10423
705,"Slovenia",4,"Median","43",1960,4497,5818,10315
705,"Slovenia",4,"Median","44",1960,5450,6968,12418
705,"Slovenia",4,"Median","45",1960,7461,9370,16830.5
705,"Slovenia",4,"Median","46",1960,8850,11016,19865
705,"Slovenia",4,"Median","47",1960,9082,11258,20340
705,"Slovenia",4,"Median","48",1960,9139,11163,20302
705,"Slovenia",4,"Median","49",1960,9196,11070,20265.5
705,"Slovenia",4,"Median","50",1960,9360,11264,20623.5
705,"Slovenia",4,"Median","51",1960,9144,11022,20166
705,"Slovenia",4,"Median","52",1960,8758,10576,19333
705,"Slovenia",4,"Median","53",1960,8569,10391,18960
705,"Slovenia",4,"Median","54",1960,8334,10219,18553
705,"Slovenia",4,"Median","55",1960,8034,9932,17966
705,"Slovenia",4,"Median","56",1960,7856,9632,17488.5
705,"Slovenia",4,"Median","57",1960,7770,9580,17349
705,"Slovenia",4,"Median","58",1960,7869,9862,17730.5
705,"Slovenia",4,"Median","59",1960,7702,9856,17558.5
705,"Slovenia",4,"Median","60",1960,7068,9237,16304.5
705,"Slovenia",4,"Median","61",1960,6307,8456,14762.5
705,"Slovenia",4,"Median","62",1960,5682,7984,13665.5
705,"Slovenia",4,"Median","63",1960,5188,7618,12806.5
705,"Slovenia",4,"Median","64",1960,4719,7128,11847.5
705,"Slovenia",4,"Median","65",1960,4344,6612,10957
705,"Slovenia",4,"Median","66",1960,3976,6067,10043
705,"Slovenia",4,"Median","67",1960,3692,5744,9437
705,"Slovenia",4,"Median","68",1960,3477,5479,8956
705,"Slovenia",4,"Median","69",1960,3202,5067,8268.5
705,"Slovenia",4,"Median","70",1960,2968,4928,7895
705,"Slovenia",4,"Median","71",1960,2817,4840,7657.5
705,"Slovenia",4,"Median","72",1960,2650,4602,7252.5
705,"Slovenia",4,"Median","73",1960,2452,4297,6748.5
705,"Slovenia",4,"Median","74",1960,2284,3930,6214.5
705,"Slovenia",4,"Median","75",1960,2175,3576,5751
705,"Slovenia",4,"Median","76",1960,2042,3215,5257.5
705,"Slovenia",4,"Median","77",1960,1774,2839,4613.5
705,"Slovenia",4,"Median","78",1960,1486,2461,3947
705,"Slovenia",4,"Median","79",1960,1317,2171,3488
705,"Slovenia",4,"Median","80",1960,1166,1907,3073.5
705,"Slovenia",4,"Median","81",1960,984,1595,2579
705,"Slovenia",4,"Median","82",1960,830,1316,2145.5
705,"Slovenia",4,"Median","83",1960,718,1128,1847
705,"Slovenia",4,"Median","84",1960,603,940,1543.5
705,"Slovenia",4,"Median","85",1960,464,718,1182.5
705,"Slovenia",4,"Median","86",1960,344,534,878.5
705,"Slovenia",4,"Median","87",1960,260,398,658
705,"Slovenia",4,"Median","88",1960,205,295,500
705,"Slovenia",4,"Median","89",1960,160,216,376.5
705,"Slovenia",4,"Median","90",1960,116,152,268.5
705,"Slovenia",4,"Median","91",1960,79,100,179.5
705,"Slovenia",4,"Median","92",1960,53,66,119.5
705,"Slovenia",4,"Median","93",1960,36,44,80
705,"Slovenia",4,"Median","94",1960,24,28,52
705,"Slovenia",4,"Median","95",1960,14,18,32
705,"Slovenia",4,"Median","96",1960,8,10,19
705,"Slovenia",4,"Median","97",1960,5,6,11
705,"Slovenia",4,"Median","98",1960,3,3,6
705,"Slovenia",4,"Median","99",1960,2,2,3.5
705,"Slovenia",4,"Median","100",1960,0,0,0
705,"Slovenia",4,"Median","101",1960,0,0,0
705,"Slovenia",4,"Median","102",1960,0,0,0
705,"Slovenia",4,"Median","103",1960,0,0,0
705,"Slovenia",4,"Median","104",1960,0,0,0
705,"Slovenia",4,"Median","105",1960,0,0,0
705,"Slovenia",4,"Median","106",1960,0,0,0
705,"Slovenia",4,"Median","107",1960,0,0,0
705,"Slovenia",4,"Median","108",1960,0,0,0
705,"Slovenia",4,"Median","109",1960,0,0,0
705,"Slovenia",4,"Median","110",1960,0,0,0
705,"Slovenia",4,"Median","0",1961,14268,14391,28659
705,"Slovenia",4,"Median","1",1961,13748,14222,27970
705,"Slovenia",4,"Median","2",1961,13862,14078,27939
705,"Slovenia",4,"Median","3",1961,14112,14378,28490
705,"Slovenia",4,"Median","4",1961,14602,14934,29536.5
705,"Slovenia",4,"Median","5",1961,14872,15138,30010.5
705,"Slovenia",4,"Median","6",1961,14896,15294,30189.5
705,"Slovenia",4,"Median","7",1961,15044,15516,30560.5
705,"Slovenia",4,"Median","8",1961,15258,15609,30866.5
705,"Slovenia",4,"Median","9",1961,15296,15674,30969.5
705,"Slovenia",4,"Median","10",1961,15414,15950,31364
705,"Slovenia",4,"Median","11",1961,15043,15552,30594.5
705,"Slovenia",4,"Median","12",1961,14140,14714,28853.5
705,"Slovenia",4,"Median","13",1961,13689,14216,27904.5
705,"Slovenia",4,"Median","14",1961,13028,13468,26496.5
705,"Slovenia",4,"Median","15",1961,11238,11670,22908.5
705,"Slovenia",4,"Median","16",1961,10984,11253,22237
705,"Slovenia",4,"Median","17",1961,12766,13116,25882.5
705,"Slovenia",4,"Median","18",1961,13582,13980,27562.5
705,"Slovenia",4,"Median","19",1961,13501,13602,27103
705,"Slovenia",4,"Median","20",1961,13234,13192,26425.5
705,"Slovenia",4,"Median","21",1961,12944,13024,25968
705,"Slovenia",4,"Median","22",1961,12616,12848,25463.5
705,"Slovenia",4,"Median","23",1961,12618,12670,25288
705,"Slovenia",4,"Median","24",1961,13100,12834,25934
705,"Slovenia",4,"Median","25",1961,13354,12958,26312
705,"Slovenia",4,"Median","26",1961,13258,13134,26392.5
705,"Slovenia",4,"Median","27",1961,13203,13546,26748.5
705,"Slovenia",4,"Median","28",1961,13264,13858,27122.5
705,"Slovenia",4,"Median","29",1961,13431,14038,27469
705,"Slovenia",4,"Median","30",1961,13754,14223,27976.5
705,"Slovenia",4,"Median","31",1961,13438,13959,27397.5
705,"Slovenia",4,"Median","32",1961,12716,13514,26229
705,"Slovenia",4,"Median","33",1961,12066,13420,25485.5
705,"Slovenia",4,"Median","34",1961,11088,13418,24506
705,"Slovenia",4,"Median","35",1961,10210,13463,23672.5
705,"Slovenia",4,"Median","36",1961,9676,13224,22900
705,"Slovenia",4,"Median","37",1961,9368,12991,22359
705,"Slovenia",4,"Median","38",1961,9034,12746,21779.5
705,"Slovenia",4,"Median","39",1961,8672,12238,20910
705,"Slovenia",4,"Median","40",1961,8190,11371,19560.5
705,"Slovenia",4,"Median","41",1961,7352,10024,17376
705,"Slovenia",4,"Median","42",1961,5742,7818,13559
705,"Slovenia",4,"Median","43",1961,4446,5940,10386
705,"Slovenia",4,"Median","44",1961,4480,5796,10276
705,"Slovenia",4,"Median","45",1961,5429,6940,12369.5
705,"Slovenia",4,"Median","46",1961,7424,9329,16752.5
705,"Slovenia",4,"Median","47",1961,8792,10964,19755.5
705,"Slovenia",4,"Median","48",1961,9028,11210,20239
705,"Slovenia",4,"Median","49",1961,9088,11120,20208.5
705,"Slovenia",4,"Median","50",1961,9144,11029,20173
705,"Slovenia",4,"Median","51",1961,9298,11222,20520
705,"Slovenia",4,"Median","52",1961,9079,10976,20055.5
705,"Slovenia",4,"Median","53",1961,8694,10526,19221
705,"Slovenia",4,"Median","54",1961,8502,10342,18844.5
705,"Slovenia",4,"Median","55",1961,8256,10166,18422.5
705,"Slovenia",4,"Median","56",1961,7945,9864,17809.5
705,"Slovenia",4,"Median","57",1961,7752,9554,17306
705,"Slovenia",4,"Median","58",1961,7666,9505,17171.5
705,"Slovenia",4,"Median","59",1961,7778,9817,17595.5
705,"Slovenia",4,"Median","60",1961,7595,9808,17402.5
705,"Slovenia",4,"Median","61",1961,6941,9162,16103
705,"Slovenia",4,"Median","62",1961,6160,8344,14503
705,"Slovenia",4,"Median","63",1961,5524,7854,13377
705,"Slovenia",4,"Median","64",1961,5028,7480,12508.5
705,"Slovenia",4,"Median","65",1961,4566,6981,11546.5
705,"Slovenia",4,"Median","66",1961,4186,6464,10651
705,"Slovenia",4,"Median","67",1961,3818,5908,9726
705,"Slovenia",4,"Median","68",1961,3529,5570,9099
705,"Slovenia",4,"Median","69",1961,3306,5288,8594
705,"Slovenia",4,"Median","70",1961,3025,4868,7893.5
705,"Slovenia",4,"Median","71",1961,2785,4711,7496
705,"Slovenia",4,"Median","72",1961,2624,4606,7229.5
705,"Slovenia",4,"Median","73",1961,2450,4356,6806
705,"Slovenia",4,"Median","74",1961,2250,4044,6293.5
705,"Slovenia",4,"Median","75",1961,2080,3676,5755.5
705,"Slovenia",4,"Median","76",1961,1963,3320,5282.5
705,"Slovenia",4,"Median","77",1961,1826,2958,4783
705,"Slovenia",4,"Median","78",1961,1568,2586,4154
705,"Slovenia",4,"Median","79",1961,1298,2216,3514
705,"Slovenia",4,"Median","80",1961,1136,1932,3067
705,"Slovenia",4,"Median","81",1961,992,1674,2665.5
705,"Slovenia",4,"Median","82",1961,824,1380,2204
705,"Slovenia",4,"Median","83",1961,684,1120,1804
705,"Slovenia",4,"Median","84",1961,582,944,1526
705,"Slovenia",4,"Median","85",1961,480,772,1251.5
705,"Slovenia",4,"Median","86",1961,363,576,939.5
705,"Slovenia",4,"Median","87",1961,264,420,683
705,"Slovenia",4,"Median","88",1961,195,306,500.5
705,"Slovenia",4,"Median","89",1961,150,221,371
705,"Slovenia",4,"Median","90",1961,115,158,272.5
705,"Slovenia",4,"Median","91",1961,81,108,188.5
705,"Slovenia",4,"Median","92",1961,54,69,123
705,"Slovenia",4,"Median","93",1961,35,44,79.5
705,"Slovenia",4,"Median","94",1961,23,29,52
705,"Slovenia",4,"Median","95",1961,15,18,33
705,"Slovenia",4,"Median","96",1961,9,11,20
705,"Slovenia",4,"Median","97",1961,5,6,11
705,"Slovenia",4,"Median","98",1961,3,3,6
705,"Slovenia",4,"Median","99",1961,2,2,4
705,"Slovenia",4,"Median","100",1961,0,0,0
705,"Slovenia",4,"Median","101",1961,0,0,0
705,"Slovenia",4,"Median","102",1961,0,0,0
705,"Slovenia",4,"Median","103",1961,0,0,0
705,"Slovenia",4,"Median","104",1961,0,0,0
705,"Slovenia",4,"Median","105",1961,0,0,0
705,"Slovenia",4,"Median","106",1961,0,0,0
705,"Slovenia",4,"Median","107",1961,0,0,0
705,"Slovenia",4,"Median","108",1961,0,0,0
705,"Slovenia",4,"Median","109",1961,0,0,0
705,"Slovenia",4,"Median","110",1961,0,0,0
705,"Slovenia",4,"Median","0",1962,14777,14296,29072.5
705,"Slovenia",4,"Median","1",1962,13954,14164,28117
705,"Slovenia",4,"Median","2",1962,13652,14125,27777.5
705,"Slovenia",4,"Median","3",1962,13790,13994,27783
705,"Slovenia",4,"Median","4",1962,14052,14308,28361
705,"Slovenia",4,"Median","5",1962,14558,14874,29432
705,"Slovenia",4,"Median","6",1962,14846,15102,29949
705,"Slovenia",4,"Median","7",1962,14894,15273,30167
705,"Slovenia",4,"Median","8",1962,15078,15502,30580.5
705,"Slovenia",4,"Median","9",1962,15334,15602,30936
705,"Slovenia",4,"Median","10",1962,15389,15678,31067
705,"Slovenia",4,"Median","11",1962,15522,15943,31465
705,"Slovenia",4,"Median","12",1962,15167,15536,30703.5
705,"Slovenia",4,"Median","13",1962,14270,14698,28968
705,"Slovenia",4,"Median","14",1962,13815,14198,28013.5
705,"Slovenia",4,"Median","15",1962,13144,13454,26598
705,"Slovenia",4,"Median","16",1962,11328,11644,22973
705,"Slovenia",4,"Median","17",1962,11046,11209,22254.5
705,"Slovenia",4,"Median","18",1962,12811,13055,25866
705,"Slovenia",4,"Median","19",1962,13618,13919,27537.5
705,"Slovenia",4,"Median","20",1962,13536,13550,27085
705,"Slovenia",4,"Median","21",1962,13268,13142,26409.5
705,"Slovenia",4,"Median","22",1962,12980,12976,25957
705,"Slovenia",4,"Median","23",1962,12652,12798,25450
705,"Slovenia",4,"Median","24",1962,12643,12622,25265
705,"Slovenia",4,"Median","25",1962,13112,12792,25904
705,"Slovenia",4,"Median","26",1962,13352,12916,26269
705,"Slovenia",4,"Median","27",1962,13240,13092,26332
705,"Slovenia",4,"Median","28",1962,13178,13498,26676
705,"Slovenia",4,"Median","29",1962,13241,13805,27046
705,"Slovenia",4,"Median","30",1962,13408,13989,27396.5
705,"Slovenia",4,"Median","31",1962,13727,14181,27908
705,"Slovenia",4,"Median","32",1962,13406,13918,27323.5
705,"Slovenia",4,"Median","33",1962,12680,13474,26154
705,"Slovenia",4,"Median","34",1962,12030,13385,25414.5
705,"Slovenia",4,"Median","35",1962,11051,13384,24434.5
705,"Slovenia",4,"Median","36",1962,10174,13426,23600
705,"Slovenia",4,"Median","37",1962,9639,13186,22825.5
705,"Slovenia",4,"Median","38",1962,9336,12956,22291.5
705,"Slovenia",4,"Median","39",1962,9006,12710,21715.5
705,"Slovenia",4,"Median","40",1962,8641,12209,20850
705,"Slovenia",4,"Median","41",1962,8162,11343,19505
705,"Slovenia",4,"Median","42",1962,7324,9996,17320.5
705,"Slovenia",4,"Median","43",1962,5718,7794,13512.5
705,"Slovenia",4,"Median","44",1962,4430,5921,10350.5
705,"Slovenia",4,"Median","45",1962,4463,5778,10241
705,"Slovenia",4,"Median","46",1962,5404,6918,12321.5
705,"Slovenia",4,"Median","47",1962,7382,9296,16677
705,"Slovenia",4,"Median","48",1962,8736,10922,19658
705,"Slovenia",4,"Median","49",1962,8968,11164,20133
705,"Slovenia",4,"Median","50",1962,9024,11070,20095
705,"Slovenia",4,"Median","51",1962,9079,10976,20055
705,"Slovenia",4,"Median","52",1962,9229,11162,20391
705,"Slovenia",4,"Median","53",1962,9006,10912,19918.5
705,"Slovenia",4,"Median","54",1962,8614,10460,19073
705,"Slovenia",4,"Median","55",1962,8407,10272,18679
705,"Slovenia",4,"Median","56",1962,8152,10084,18235.5
705,"Slovenia",4,"Median","57",1962,7828,9772,17600
705,"Slovenia",4,"Median","58",1962,7621,9458,17078.5
705,"Slovenia",4,"Median","59",1962,7525,9400,16925.5
705,"Slovenia",4,"Median","60",1962,7616,9698,17313.5
705,"Slovenia",4,"Median","61",1962,7422,9690,17112
705,"Slovenia",4,"Median","62",1962,6774,9054,15829
705,"Slovenia",4,"Median","63",1962,5989,8217,14206
705,"Slovenia",4,"Median","64",1962,5352,7715,13067
705,"Slovenia",4,"Median","65",1962,4862,7332,12194
705,"Slovenia",4,"Median","66",1962,4399,6832,11230.5
705,"Slovenia",4,"Median","67",1962,4019,6304,10322.5
705,"Slovenia",4,"Median","68",1962,3648,5738,9386
705,"Slovenia",4,"Median","69",1962,3354,5385,8739.5
705,"Slovenia",4,"Median","70",1962,3124,5089,8212.5
705,"Slovenia",4,"Median","71",1962,2840,4662,7501.5
705,"Slovenia",4,"Median","72",1962,2596,4488,7083.5
705,"Slovenia",4,"Median","73",1962,2428,4362,6790.5
705,"Slovenia",4,"Median","74",1962,2250,4102,6353
705,"Slovenia",4,"Median","75",1962,2050,3786,5836.5
705,"Slovenia",4,"Median","76",1962,1878,3418,5297
705,"Slovenia",4,"Median","77",1962,1756,3060,4816
705,"Slovenia",4,"Median","78",1962,1615,2699,4314
705,"Slovenia",4,"Median","79",1962,1372,2334,3706
705,"Slovenia",4,"Median","80",1962,1120,1976,3097
705,"Slovenia",4,"Median","81",1962,968,1700,2667
705,"Slovenia",4,"Median","82",1962,833,1452,2284.5
705,"Slovenia",4,"Median","83",1962,682,1177,1858.5
705,"Slovenia",4,"Median","84",1962,556,939,1495
705,"Slovenia",4,"Median","85",1962,465,776,1241
705,"Slovenia",4,"Median","86",1962,376,622,998
705,"Slovenia",4,"Median","87",1962,278,454,733
705,"Slovenia",4,"Median","88",1962,199,323,522
705,"Slovenia",4,"Median","89",1962,143,230,372.5
705,"Slovenia",4,"Median","90",1962,108,162,269.5
705,"Slovenia",4,"Median","91",1962,80,112,192.5
705,"Slovenia",4,"Median","92",1962,56,74,130
705,"Slovenia",4,"Median","93",1962,36,46,82.5
705,"Slovenia",4,"Median","94",1962,23,29,52
705,"Slovenia",4,"Median","95",1962,15,18,33
705,"Slovenia",4,"Median","96",1962,9,11,20
705,"Slovenia",4,"Median","97",1962,6,6,11.5
705,"Slovenia",4,"Median","98",1962,3,4,6.5
705,"Slovenia",4,"Median","99",1962,2,2,4
705,"Slovenia",4,"Median","100",1962,0,0,0
705,"Slovenia",4,"Median","101",1962,0,0,0
705,"Slovenia",4,"Median","102",1962,0,0,0
705,"Slovenia",4,"Median","103",1962,0,0,0
705,"Slovenia",4,"Median","104",1962,0,0,0
705,"Slovenia",4,"Median","105",1962,0,0,0
705,"Slovenia",4,"Median","106",1962,0,0,0
705,"Slovenia",4,"Median","107",1962,0,0,0
705,"Slovenia",4,"Median","108",1962,0,0,0
705,"Slovenia",4,"Median","109",1962,0,0,0
705,"Slovenia",4,"Median","110",1962,0,0,0
705,"Slovenia",4,"Median","0",1963,14845,14276,29121.5
705,"Slovenia",4,"Median","1",1963,14464,14093,28556.5
705,"Slovenia",4,"Median","2",1963,13868,14089,27957.5
705,"Slovenia",4,"Median","3",1963,13608,14046,27653
705,"Slovenia",4,"Median","4",1963,13744,13916,27660.5
705,"Slovenia",4,"Median","5",1963,14014,14234,28247.5
705,"Slovenia",4,"Median","6",1963,14530,14810,29339.5
705,"Slovenia",4,"Median","7",1963,14840,15066,29907
705,"Slovenia",4,"Median","8",1963,14917,15252,30168.5
705,"Slovenia",4,"Median","9",1963,15138,15491,30629.5
705,"Slovenia",4,"Median","10",1963,15428,15606,31034
705,"Slovenia",4,"Median","11",1963,15496,15684,31179.5
705,"Slovenia",4,"Median","12",1963,15648,15938,31587
705,"Slovenia",4,"Median","13",1963,15314,15527,30840.5
705,"Slovenia",4,"Median","14",1963,14417,14682,29099
705,"Slovenia",4,"Median","15",1963,13957,14182,28138.5
705,"Slovenia",4,"Median","16",1963,13274,13436,26710
705,"Slovenia",4,"Median","17",1963,11424,11612,23035
705,"Slovenia",4,"Median","18",1963,11106,11152,22258.5
705,"Slovenia",4,"Median","19",1963,12852,12982,25833.5
705,"Slovenia",4,"Median","20",1963,13647,13849,27496
705,"Slovenia",4,"Median","21",1963,13562,13488,27050
705,"Slovenia",4,"Median","22",1963,13298,13086,26383
705,"Slovenia",4,"Median","23",1963,13018,12925,25943
705,"Slovenia",4,"Median","24",1963,12691,12750,25441
705,"Slovenia",4,"Median","25",1963,12668,12578,25247
705,"Slovenia",4,"Median","26",1963,13120,12754,25874
705,"Slovenia",4,"Median","27",1963,13344,12880,26223.5
705,"Slovenia",4,"Median","28",1963,13218,13056,26274
705,"Slovenia",4,"Median","29",1963,13152,13455,26607.5
705,"Slovenia",4,"Median","30",1963,13220,13754,26974.5
705,"Slovenia",4,"Median","31",1963,13389,13943,27332
705,"Slovenia",4,"Median","32",1963,13703,14144,27847
705,"Slovenia",4,"Median","33",1963,13374,13880,27255
705,"Slovenia",4,"Median","34",1963,12646,13437,26083.5
705,"Slovenia",4,"Median","35",1963,11994,13353,25346.5
705,"Slovenia",4,"Median","36",1963,11015,13354,24369
705,"Slovenia",4,"Median","37",1963,10136,13393,23529.5
705,"Slovenia",4,"Median","38",1963,9599,13152,22751
705,"Slovenia",4,"Median","39",1963,9300,12921,22220.5
705,"Slovenia",4,"Median","40",1963,8970,12674,21645
705,"Slovenia",4,"Median","41",1963,8604,12178,20781
705,"Slovenia",4,"Median","42",1963,8126,11312,19438.5
705,"Slovenia",4,"Median","43",1963,7290,9966,17256
705,"Slovenia",4,"Median","44",1963,5688,7770,13457
705,"Slovenia",4,"Median","45",1963,4408,5901,10309
705,"Slovenia",4,"Median","46",1963,4444,5758,10202
705,"Slovenia",4,"Median","47",1963,5374,6894,12268
705,"Slovenia",4,"Median","48",1963,7334,9261,16595.5
705,"Slovenia",4,"Median","49",1963,8678,10878,19555.5
705,"Slovenia",4,"Median","50",1963,8900,11115,20015.5
705,"Slovenia",4,"Median","51",1963,8952,11016,19967.5
705,"Slovenia",4,"Median","52",1963,9004,10916,19920
705,"Slovenia",4,"Median","53",1963,9148,11094,20241.5
705,"Slovenia",4,"Median","54",1963,8918,10840,19757.5
705,"Slovenia",4,"Median","55",1963,8512,10385,18897.5
705,"Slovenia",4,"Median","56",1963,8290,10192,18481.5
705,"Slovenia",4,"Median","57",1963,8026,9989,18014.5
705,"Slovenia",4,"Median","58",1963,7690,9669,17359.5
705,"Slovenia",4,"Median","59",1963,7471,9354,16825.5
705,"Slovenia",4,"Median","60",1963,7362,9282,16643.5
705,"Slovenia",4,"Median","61",1963,7422,9550,16972.5
705,"Slovenia",4,"Median","62",1963,7225,9550,16775
705,"Slovenia",4,"Median","63",1963,6590,8931,15521
705,"Slovenia",4,"Median","64",1963,5805,8078,13883
705,"Slovenia",4,"Median","65",1963,5168,7562,12730
705,"Slovenia",4,"Median","66",1963,4676,7178,11853.5
705,"Slovenia",4,"Median","67",1963,4214,6666,10879.5
705,"Slovenia",4,"Median","68",1963,3832,6128,9959.5
705,"Slovenia",4,"Median","69",1963,3460,5554,9014.5
705,"Slovenia",4,"Median","70",1963,3165,5189,8354
705,"Slovenia",4,"Median","71",1963,2929,4880,7808.5
705,"Slovenia",4,"Median","72",1963,2645,4445,7090
705,"Slovenia",4,"Median","73",1963,2400,4254,6654
705,"Slovenia",4,"Median","74",1963,2228,4108,6335
705,"Slovenia",4,"Median","75",1963,2048,3842,5889.5
705,"Slovenia",4,"Median","76",1963,1849,3524,5373
705,"Slovenia",4,"Median","77",1963,1678,3154,4832
705,"Slovenia",4,"Median","78",1963,1552,2795,4347
705,"Slovenia",4,"Median","79",1963,1411,2439,3850
705,"Slovenia",4,"Median","80",1963,1184,2084,3267.5
705,"Slovenia",4,"Median","81",1963,954,1742,2696
705,"Slovenia",4,"Median","82",1963,812,1476,2288
705,"Slovenia",4,"Median","83",1963,688,1240,1929
705,"Slovenia",4,"Median","84",1963,554,989,1543
705,"Slovenia",4,"Median","85",1963,444,774,1218
705,"Slovenia",4,"Median","86",1963,365,627,992
705,"Slovenia",4,"Median","87",1963,289,492,780.5
705,"Slovenia",4,"Median","88",1963,210,352,561.5
705,"Slovenia",4,"Median","89",1963,146,243,389
705,"Slovenia",4,"Median","90",1963,103,168,271.5
705,"Slovenia",4,"Median","91",1963,76,116,191.5
705,"Slovenia",4,"Median","92",1963,56,78,133.5
705,"Slovenia",4,"Median","93",1963,37,50,87
705,"Slovenia",4,"Median","94",1963,24,30,54
705,"Slovenia",4,"Median","95",1963,15,18,33
705,"Slovenia",4,"Median","96",1963,9,11,20
705,"Slovenia",4,"Median","97",1963,6,6,11.5
705,"Slovenia",4,"Median","98",1963,3,4,7
705,"Slovenia",4,"Median","99",1963,2,2,4
705,"Slovenia",4,"Median","100",1963,0,0,0
705,"Slovenia",4,"Median","101",1963,0,0,0
705,"Slovenia",4,"Median","102",1963,0,0,0
705,"Slovenia",4,"Median","103",1963,0,0,0
705,"Slovenia",4,"Median","104",1963,0,0,0
705,"Slovenia",4,"Median","105",1963,0,0,0
705,"Slovenia",4,"Median","106",1963,0,0,0
705,"Slovenia",4,"Median","107",1963,0,0,0
705,"Slovenia",4,"Median","108",1963,0,0,0
705,"Slovenia",4,"Median","109",1963,0,0,0
705,"Slovenia",4,"Median","110",1963,0,0,0
705,"Slovenia",4,"Median","0",1964,14748,14331,29078.5
705,"Slovenia",4,"Median","1",1964,14532,14088,28621
705,"Slovenia",4,"Median","2",1964,14354,14047,28401
705,"Slovenia",4,"Median","3",1964,13816,14034,27849.5
705,"Slovenia",4,"Median","4",1964,13568,13970,27538
705,"Slovenia",4,"Median","5",1964,13702,13843,27545
705,"Slovenia",4,"Median","6",1964,13978,14161,28138.5
705,"Slovenia",4,"Median","7",1964,14502,14748,29250
705,"Slovenia",4,"Median","8",1964,14836,15032,29867
705,"Slovenia",4,"Median","9",1964,14940,15232,30172
705,"Slovenia",4,"Median","10",1964,15199,15480,30678.5
705,"Slovenia",4,"Median","11",1964,15521,15611,31132
705,"Slovenia",4,"Median","12",1964,15602,15689,31291
705,"Slovenia",4,"Median","13",1964,15774,15934,31707.5
705,"Slovenia",4,"Median","14",1964,15459,15517,30976
705,"Slovenia",4,"Median","15",1964,14562,14666,29228.5
705,"Slovenia",4,"Median","16",1964,14098,14164,28262
705,"Slovenia",4,"Median","17",1964,13401,13418,26819.5
705,"Slovenia",4,"Median","18",1964,11516,11578,23095
705,"Slovenia",4,"Median","19",1964,11167,11094,22261.5
705,"Slovenia",4,"Median","20",1964,12891,12908,25798.5
705,"Slovenia",4,"Median","21",1964,13674,13778,27452
705,"Slovenia",4,"Median","22",1964,13588,13426,27013.5
705,"Slovenia",4,"Median","23",1964,13324,13028,26353
705,"Slovenia",4,"Median","24",1964,13052,12874,25926.5
705,"Slovenia",4,"Median","25",1964,12728,12702,25429
705,"Slovenia",4,"Median","26",1964,12692,12535,25227
705,"Slovenia",4,"Median","27",1964,13126,12715,25841
705,"Slovenia",4,"Median","28",1964,13334,12842,26175.5
705,"Slovenia",4,"Median","29",1964,13192,13020,26211.5
705,"Slovenia",4,"Median","30",1964,13124,13411,26535.5
705,"Slovenia",4,"Median","31",1964,13198,13700,26898.5
705,"Slovenia",4,"Median","32",1964,13368,13896,27263.5
705,"Slovenia",4,"Median","33",1964,13676,14104,27780
705,"Slovenia",4,"Median","34",1964,13340,13842,27181.5
705,"Slovenia",4,"Median","35",1964,12608,13400,26007.5
705,"Slovenia",4,"Median","36",1964,11953,13320,25273.5
705,"Slovenia",4,"Median","37",1964,10973,13324,24297
705,"Slovenia",4,"Median","38",1964,10092,13358,23450.5
705,"Slovenia",4,"Median","39",1964,9552,13117,22668.5
705,"Slovenia",4,"Median","40",1964,9255,12884,22139
705,"Slovenia",4,"Median","41",1964,8926,12636,21563
705,"Slovenia",4,"Median","42",1964,8558,12144,20701.5
705,"Slovenia",4,"Median","43",1964,8082,11277,19359
705,"Slovenia",4,"Median","44",1964,7246,9933,17179
705,"Slovenia",4,"Median","45",1964,5652,7742,13393.5
705,"Slovenia",4,"Median","46",1964,4384,5878,10262
705,"Slovenia",4,"Median","47",1964,4420,5737,10157.5
705,"Slovenia",4,"Median","48",1964,5340,6868,12208
705,"Slovenia",4,"Median","49",1964,7281,9224,16504.5
705,"Slovenia",4,"Median","50",1964,8612,10832,19443.5
705,"Slovenia",4,"Median","51",1964,8824,11062,19885.5
705,"Slovenia",4,"Median","52",1964,8868,10958,19826
705,"Slovenia",4,"Median","53",1964,8915,10853,19768
705,"Slovenia",4,"Median","54",1964,9050,11022,20072
705,"Slovenia",4,"Median","55",1964,8814,10762,19575.5
705,"Slovenia",4,"Median","56",1964,8394,10304,18699
705,"Slovenia",4,"Median","57",1964,8155,10104,18259.5
705,"Slovenia",4,"Median","58",1964,7883,9888,17771
705,"Slovenia",4,"Median","59",1964,7537,9560,17096.5
705,"Slovenia",4,"Median","60",1964,7306,9244,16550
705,"Slovenia",4,"Median","61",1964,7184,9156,16339.5
705,"Slovenia",4,"Median","62",1964,7214,9394,16607.5
705,"Slovenia",4,"Median","63",1964,7012,9397,16409
705,"Slovenia",4,"Median","64",1964,6390,8793,15183.5
705,"Slovenia",4,"Median","65",1964,5604,7922,13526.5
705,"Slovenia",4,"Median","66",1964,4964,7402,12367
705,"Slovenia",4,"Median","67",1964,4473,7005,11478
705,"Slovenia",4,"Median","68",1964,4013,6482,10495.5
705,"Slovenia",4,"Median","69",1964,3632,5936,9568.5
705,"Slovenia",4,"Median","70",1964,3264,5358,8622
705,"Slovenia",4,"Median","71",1964,2968,4982,7950
705,"Slovenia",4,"Median","72",1964,2730,4658,7388
705,"Slovenia",4,"Median","73",1964,2447,4218,6664.5
705,"Slovenia",4,"Median","74",1964,2202,4006,6207.5
705,"Slovenia",4,"Median","75",1964,2026,3848,5873.5
705,"Slovenia",4,"Median","76",1964,1846,3578,5423.5
705,"Slovenia",4,"Median","77",1964,1651,3254,4905.5
705,"Slovenia",4,"Median","78",1964,1482,2884,4366.5
705,"Slovenia",4,"Median","79",1964,1355,2529,3884
705,"Slovenia",4,"Median","80",1964,1217,2182,3398.5
705,"Slovenia",4,"Median","81",1964,1007,1840,2847
705,"Slovenia",4,"Median","82",1964,800,1516,2316.5
705,"Slovenia",4,"Median","83",1964,671,1265,1936
705,"Slovenia",4,"Median","84",1964,560,1046,1605
705,"Slovenia",4,"Median","85",1964,442,818,1260.5
705,"Slovenia",4,"Median","86",1964,348,628,976.5
705,"Slovenia",4,"Median","87",1964,280,498,778.5
705,"Slovenia",4,"Median","88",1964,218,382,599.5
705,"Slovenia",4,"Median","89",1964,155,266,421
705,"Slovenia",4,"Median","90",1964,106,180,285
705,"Slovenia",4,"Median","91",1964,72,121,193.5
705,"Slovenia",4,"Median","92",1964,52,80,133
705,"Slovenia",4,"Median","93",1964,37,52,89.5
705,"Slovenia",4,"Median","94",1964,24,33,57.5
705,"Slovenia",4,"Median","95",1964,16,19,34.5
705,"Slovenia",4,"Median","96",1964,9,11,20
705,"Slovenia",4,"Median","97",1964,5,6,11.5
705,"Slovenia",4,"Median","98",1964,3,4,7
705,"Slovenia",4,"Median","99",1964,2,2,4
705,"Slovenia",4,"Median","100",1964,0,1,1
705,"Slovenia",4,"Median","101",1964,0,0,0
705,"Slovenia",4,"Median","102",1964,0,0,0
705,"Slovenia",4,"Median","103",1964,0,0,0
705,"Slovenia",4,"Median","104",1964,0,0,0
705,"Slovenia",4,"Median","105",1964,0,0,0
705,"Slovenia",4,"Median","106",1964,0,0,0
705,"Slovenia",4,"Median","107",1964,0,0,0
705,"Slovenia",4,"Median","108",1964,0,0,0
705,"Slovenia",4,"Median","109",1964,0,0,0
705,"Slovenia",4,"Median","110",1964,0,0,0
705,"Slovenia",4,"Median","0",1965,14776,14505,29281
705,"Slovenia",4,"Median","1",1965,14442,14161,28603.5
705,"Slovenia",4,"Median","2",1965,14418,14056,28475
705,"Slovenia",4,"Median","3",1965,14276,14020,28296
705,"Slovenia",4,"Median","4",1965,13766,13983,27749
705,"Slovenia",4,"Median","5",1965,13530,13896,27426.5
705,"Slovenia",4,"Median","6",1965,13662,13770,27432
705,"Slovenia",4,"Median","7",1965,13942,14090,28032
705,"Slovenia",4,"Median","8",1965,14475,14688,29162.5
705,"Slovenia",4,"Median","9",1965,14831,14998,29828.5
705,"Slovenia",4,"Median","10",1965,14964,15211,30175.5
705,"Slovenia",4,"Median","11",1965,15260,15469,30728.5
705,"Slovenia",4,"Median","12",1965,15614,15615,31229.5
705,"Slovenia",4,"Median","13",1965,15708,15694,31401.5
705,"Slovenia",4,"Median","14",1965,15900,15929,31828.5
705,"Slovenia",4,"Median","15",1965,15604,15507,31110.5
705,"Slovenia",4,"Median","16",1965,14707,14649,29356
705,"Slovenia",4,"Median","17",1965,14238,14146,28383.5
705,"Slovenia",4,"Median","18",1965,13526,13400,26926.5
705,"Slovenia",4,"Median","19",1965,11608,11545,23153
705,"Slovenia",4,"Median","20",1965,11224,11036,22261
705,"Slovenia",4,"Median","21",1965,12926,12832,25758
705,"Slovenia",4,"Median","22",1965,13696,13706,27402.5
705,"Slovenia",4,"Median","23",1965,13607,13363,26970
705,"Slovenia",4,"Median","24",1965,13346,12972,26317.5
705,"Slovenia",4,"Median","25",1965,13082,12823,25905
705,"Slovenia",4,"Median","26",1965,12760,12654,25413.5
705,"Slovenia",4,"Median","27",1965,12710,12491,25201
705,"Slovenia",4,"Median","28",1965,13126,12676,25802
705,"Slovenia",4,"Median","29",1965,13318,12804,26121
705,"Slovenia",4,"Median","30",1965,13162,12982,26144
705,"Slovenia",4,"Median","31",1965,13092,13365,26457
705,"Slovenia",4,"Median","32",1965,13170,13646,26816
705,"Slovenia",4,"Median","33",1965,13341,13847,27188
705,"Slovenia",4,"Median","34",1965,13643,14064,27707
705,"Slovenia",4,"Median","35",1965,13300,13802,27102.5
705,"Slovenia",4,"Median","36",1965,12564,13362,25925.5
705,"Slovenia",4,"Median","37",1965,11906,13287,25193.5
705,"Slovenia",4,"Median","38",1965,10925,13293,24218
705,"Slovenia",4,"Median","39",1965,10042,13323,23365.5
705,"Slovenia",4,"Median","40",1965,9498,13080,22578
705,"Slovenia",4,"Median","41",1965,9205,12845,22050
705,"Slovenia",4,"Median","42",1965,8878,12596,21473.5
705,"Slovenia",4,"Median","43",1965,8506,12106,20612.5
705,"Slovenia",4,"Median","44",1965,8033,11239,19272
705,"Slovenia",4,"Median","45",1965,7200,9896,17096
705,"Slovenia",4,"Median","46",1965,5614,7711,13325.5
705,"Slovenia",4,"Median","47",1965,4356,5854,10210
705,"Slovenia",4,"Median","48",1965,4396,5714,10109
705,"Slovenia",4,"Median","49",1965,5302,6840,12142
705,"Slovenia",4,"Median","50",1965,7224,9184,16407
705,"Slovenia",4,"Median","51",1965,8540,10782,19321.5
705,"Slovenia",4,"Median","52",1965,8740,11006,19745.5
705,"Slovenia",4,"Median","53",1965,8776,10896,19671.5
705,"Slovenia",4,"Median","54",1965,8817,10785,19602
705,"Slovenia",4,"Median","55",1965,8943,10944,19886.5
705,"Slovenia",4,"Median","56",1965,8698,10677,19374.5
705,"Slovenia",4,"Median","57",1965,8265,10216,18481
705,"Slovenia",4,"Median","58",1965,8009,10010,18019.5
705,"Slovenia",4,"Median","59",1965,7729,9778,17507
705,"Slovenia",4,"Median","60",1965,7372,9442,16813.5
705,"Slovenia",4,"Median","61",1965,7130,9124,16253.5
705,"Slovenia",4,"Median","62",1965,6994,9018,16012
705,"Slovenia",4,"Median","63",1965,6992,9222,16214
705,"Slovenia",4,"Median","64",1965,6784,9228,16012.5
705,"Slovenia",4,"Median","65",1965,6174,8638,14812.5
705,"Slovenia",4,"Median","66",1965,5386,7758,13144
705,"Slovenia",4,"Median","67",1965,4753,7228,11981
705,"Slovenia",4,"Median","68",1965,4265,6818,11082.5
705,"Slovenia",4,"Median","69",1965,3810,6286,10096.5
705,"Slovenia",4,"Median","70",1965,3433,5732,9165.5
705,"Slovenia",4,"Median","71",1965,3068,5150,8219
705,"Slovenia",4,"Median","72",1965,2774,4762,7536
705,"Slovenia",4,"Median","73",1965,2532,4427,6958.5
705,"Slovenia",4,"Median","74",1965,2250,3980,6229
705,"Slovenia",4,"Median","75",1965,2006,3760,5766
705,"Slovenia",4,"Median","76",1965,1830,3591,5421.5
705,"Slovenia",4,"Median","77",1965,1652,3312,4964.5
705,"Slovenia",4,"Median","78",1965,1462,2985,4447.5
705,"Slovenia",4,"Median","79",1965,1298,2619,3917.5
705,"Slovenia",4,"Median","80",1965,1173,2272,3444.5
705,"Slovenia",4,"Median","81",1965,1040,1936,2975
705,"Slovenia",4,"Median","82",1965,848,1610,2459
705,"Slovenia",4,"Median","83",1965,664,1308,1972.5
705,"Slovenia",4,"Median","84",1965,548,1074,1622
705,"Slovenia",4,"Median","85",1965,450,872,1321.5
705,"Slovenia",4,"Median","86",1965,350,670,1019.5
705,"Slovenia",4,"Median","87",1965,270,504,774
705,"Slovenia",4,"Median","88",1965,214,390,604
705,"Slovenia",4,"Median","89",1965,162,293,455.5
705,"Slovenia",4,"Median","90",1965,113,199,312
705,"Slovenia",4,"Median","91",1965,75,131,206
705,"Slovenia",4,"Median","92",1965,50,86,136.5
705,"Slovenia",4,"Median","93",1965,36,56,91
705,"Slovenia",4,"Median","94",1965,25,35,60
705,"Slovenia",4,"Median","95",1965,16,21,37
705,"Slovenia",4,"Median","96",1965,10,12,21.5
705,"Slovenia",4,"Median","97",1965,6,7,12.5
705,"Slovenia",4,"Median","98",1965,3,4,7
705,"Slovenia",4,"Median","99",1965,2,2,4
705,"Slovenia",4,"Median","100",1965,1,1,2
705,"Slovenia",4,"Median","101",1965,0,0,0
705,"Slovenia",4,"Median","102",1965,0,0,0
705,"Slovenia",4,"Median","103",1965,0,0,0
705,"Slovenia",4,"Median","104",1965,0,0,0
705,"Slovenia",4,"Median","105",1965,0,0,0
705,"Slovenia",4,"Median","106",1965,0,0,0
705,"Slovenia",4,"Median","107",1965,0,0,0
705,"Slovenia",4,"Median","108",1965,0,0,0
705,"Slovenia",4,"Median","109",1965,0,0,0
705,"Slovenia",4,"Median","110",1965,0,0,0
705,"Slovenia",4,"Median","0",1966,14978,14704,29682
705,"Slovenia",4,"Median","1",1966,14500,14380,28880.5
705,"Slovenia",4,"Median","2",1966,14336,14145,28481.5
705,"Slovenia",4,"Median","3",1966,14336,14043,28379.5
705,"Slovenia",4,"Median","4",1966,14201,13996,28197.5
705,"Slovenia",4,"Median","5",1966,13720,13934,27653
705,"Slovenia",4,"Median","6",1966,13494,13824,27318.5
705,"Slovenia",4,"Median","7",1966,13622,13700,27322
705,"Slovenia",4,"Median","8",1966,13908,14020,27927.5
705,"Slovenia",4,"Median","9",1966,14450,14626,29075.5
705,"Slovenia",4,"Median","10",1966,14827,14963,29790
705,"Slovenia",4,"Median","11",1966,14988,15190,30179
705,"Slovenia",4,"Median","12",1966,15320,15458,30778
705,"Slovenia",4,"Median","13",1966,15708,15619,31327
705,"Slovenia",4,"Median","14",1966,15814,15699,31512.5
705,"Slovenia",4,"Median","15",1966,16024,15923,31947
705,"Slovenia",4,"Median","16",1966,15746,15496,31242.5
705,"Slovenia",4,"Median","17",1966,14850,14631,29480.5
705,"Slovenia",4,"Median","18",1966,14374,14127,28501.5
705,"Slovenia",4,"Median","19",1966,13647,13382,27028.5
705,"Slovenia",4,"Median","20",1966,11695,11510,23205
705,"Slovenia",4,"Median","21",1966,11276,10976,22252
705,"Slovenia",4,"Median","22",1966,12954,12756,25710.5
705,"Slovenia",4,"Median","23",1966,13712,13634,27346
705,"Slovenia",4,"Median","24",1966,13620,13301,26921.5
705,"Slovenia",4,"Median","25",1966,13362,12915,26277.5
705,"Slovenia",4,"Median","26",1966,13107,12772,25879.5
705,"Slovenia",4,"Median","27",1966,12788,12604,25392
705,"Slovenia",4,"Median","28",1966,12724,12447,25171.5
705,"Slovenia",4,"Median","29",1966,13123,12636,25759.5
705,"Slovenia",4,"Median","30",1966,13298,12765,26063
705,"Slovenia",4,"Median","31",1966,13127,12944,26071
705,"Slovenia",4,"Median","32",1966,13054,13319,26373.5
705,"Slovenia",4,"Median","33",1966,13136,13592,26728
705,"Slovenia",4,"Median","34",1966,13308,13799,27107.5
705,"Slovenia",4,"Median","35",1966,13606,14024,27629.5
705,"Slovenia",4,"Median","36",1966,13254,13764,27017.5
705,"Slovenia",4,"Median","37",1966,12515,13324,25839
705,"Slovenia",4,"Median","38",1966,11856,13254,25109.5
705,"Slovenia",4,"Median","39",1966,10874,13262,24135.5
705,"Slovenia",4,"Median","40",1966,9990,13286,23276.5
705,"Slovenia",4,"Median","41",1966,9444,13040,22484
705,"Slovenia",4,"Median","42",1966,9154,12804,21957.5
705,"Slovenia",4,"Median","43",1966,8829,12552,21380.5
705,"Slovenia",4,"Median","44",1966,8456,12065,20520.5
705,"Slovenia",4,"Median","45",1966,7985,11196,19181.5
705,"Slovenia",4,"Median","46",1966,7154,9856,17009.5
705,"Slovenia",4,"Median","47",1966,5577,7678,13255
705,"Slovenia",4,"Median","48",1966,4328,5828,10156.5
705,"Slovenia",4,"Median","49",1966,4369,5688,10057.5
705,"Slovenia",4,"Median","50",1966,5264,6808,12072.5
705,"Slovenia",4,"Median","51",1966,7164,9140,16304
705,"Slovenia",4,"Median","52",1966,8463,10730,19192.5
705,"Slovenia",4,"Median","53",1966,8651,10946,19596.5
705,"Slovenia",4,"Median","54",1966,8680,10830,19509
705,"Slovenia",4,"Median","55",1966,8714,10712,19425
705,"Slovenia",4,"Median","56",1966,8830,10858,19688
705,"Slovenia",4,"Median","57",1966,8576,10585,19161.5
705,"Slovenia",4,"Median","58",1966,8130,10121,18251
705,"Slovenia",4,"Median","59",1966,7856,9906,17763
705,"Slovenia",4,"Median","60",1966,7567,9659,17226
705,"Slovenia",4,"Median","61",1966,7198,9312,16510.5
705,"Slovenia",4,"Median","62",1966,6943,8990,15933.5
705,"Slovenia",4,"Median","63",1966,6792,8868,15659
705,"Slovenia",4,"Median","64",1966,6756,9037,15793
705,"Slovenia",4,"Median","65",1966,6543,9042,15585.5
705,"Slovenia",4,"Median","66",1966,5940,8460,14401
705,"Slovenia",4,"Median","67",1966,5164,7578,12743
705,"Slovenia",4,"Median","68",1966,4541,7039,11580
705,"Slovenia",4,"Median","69",1966,4060,6616,10675
705,"Slovenia",4,"Median","70",1966,3610,6075,9685
705,"Slovenia",4,"Median","71",1966,3235,5514,8749.5
705,"Slovenia",4,"Median","72",1966,2874,4928,7801
705,"Slovenia",4,"Median","73",1966,2577,4530,7106.5
705,"Slovenia",4,"Median","74",1966,2331,4182,6513
705,"Slovenia",4,"Median","75",1966,2054,3740,5793.5
705,"Slovenia",4,"Median","76",1966,1816,3515,5331.5
705,"Slovenia",4,"Median","77",1966,1642,3330,4972
705,"Slovenia",4,"Median","78",1966,1467,3045,4512
705,"Slovenia",4,"Median","79",1966,1284,2718,4002.5
705,"Slovenia",4,"Median","80",1966,1127,2360,3487
705,"Slovenia",4,"Median","81",1966,1005,2024,3028.5
705,"Slovenia",4,"Median","82",1966,878,1702,2580
705,"Slovenia",4,"Median","83",1966,707,1397,2104
705,"Slovenia",4,"Median","84",1966,545,1117,1662
705,"Slovenia",4,"Median","85",1966,442,902,1344
705,"Slovenia",4,"Median","86",1966,356,720,1076
705,"Slovenia",4,"Median","87",1966,272,542,814.5
705,"Slovenia",4,"Median","88",1966,206,400,605.5
705,"Slovenia",4,"Median","89",1966,160,304,463
705,"Slovenia",4,"Median","90",1966,119,222,340.5
705,"Slovenia",4,"Median","91",1966,81,148,228.5
705,"Slovenia",4,"Median","92",1966,52,94,147
705,"Slovenia",4,"Median","93",1966,34,60,94.5
705,"Slovenia",4,"Median","94",1966,24,38,61.5
705,"Slovenia",4,"Median","95",1966,16,23,39
705,"Slovenia",4,"Median","96",1966,10,14,23.5
705,"Slovenia",4,"Median","97",1966,6,8,13.5
705,"Slovenia",4,"Median","98",1966,3,4,7
705,"Slovenia",4,"Median","99",1966,2,2,4
705,"Slovenia",4,"Median","100",1966,1,1,2
705,"Slovenia",4,"Median","101",1966,0,0,0
705,"Slovenia",4,"Median","102",1966,0,0,0
705,"Slovenia",4,"Median","103",1966,0,0,0
705,"Slovenia",4,"Median","104",1966,0,0,0
705,"Slovenia",4,"Median","105",1966,0,0,0
705,"Slovenia",4,"Median","106",1966,0,0,0
705,"Slovenia",4,"Median","107",1966,0,0,0
705,"Slovenia",4,"Median","108",1966,0,0,0
705,"Slovenia",4,"Median","109",1966,0,0,0
705,"Slovenia",4,"Median","110",1966,0,0,0
705,"Slovenia",4,"Median","0",1967,14962,14723,29685.5
705,"Slovenia",4,"Median","1",1967,14754,14624,29378
705,"Slovenia",4,"Median","2",1967,14426,14402,28828
705,"Slovenia",4,"Median","3",1967,14262,14145,28407
705,"Slovenia",4,"Median","4",1967,14258,14032,28290
705,"Slovenia",4,"Median","5",1967,14130,13974,28104.5
705,"Slovenia",4,"Median","6",1967,13675,13884,27559.5
705,"Slovenia",4,"Median","7",1967,13460,13752,27212.5
705,"Slovenia",4,"Median","8",1967,13585,13628,27213.5
705,"Slovenia",4,"Median","9",1967,13874,13949,27823
705,"Slovenia",4,"Median","10",1967,14424,14565,28989
705,"Slovenia",4,"Median","11",1967,14824,14928,29752.5
705,"Slovenia",4,"Median","12",1967,15013,15170,30183
705,"Slovenia",4,"Median","13",1967,15381,15446,30827.5
705,"Slovenia",4,"Median","14",1967,15801,15622,31423
705,"Slovenia",4,"Median","15",1967,15918,15703,31620.5
705,"Slovenia",4,"Median","16",1967,16146,15917,32063.5
705,"Slovenia",4,"Median","17",1967,15886,15484,31370.5
705,"Slovenia",4,"Median","18",1967,14988,14612,29601
705,"Slovenia",4,"Median","19",1967,14506,14107,28613.5
705,"Slovenia",4,"Median","20",1967,13764,13360,27124.5
705,"Slovenia",4,"Median","21",1967,11778,11474,23251
705,"Slovenia",4,"Median","22",1967,11326,10916,22242
705,"Slovenia",4,"Median","23",1967,12980,12680,25660.5
705,"Slovenia",4,"Median","24",1967,13725,13562,27287.5
705,"Slovenia",4,"Median","25",1967,13633,13238,26871.5
705,"Slovenia",4,"Median","26",1967,13378,12858,26237
705,"Slovenia",4,"Median","27",1967,13132,12722,25853
705,"Slovenia",4,"Median","28",1967,12815,12556,25371.5
705,"Slovenia",4,"Median","29",1967,12738,12403,25141.5
705,"Slovenia",4,"Median","30",1967,13119,12597,25716
705,"Slovenia",4,"Median","31",1967,13276,12726,26002
705,"Slovenia",4,"Median","32",1967,13090,12905,25995.5
705,"Slovenia",4,"Median","33",1967,13015,13272,26287.5
705,"Slovenia",4,"Median","34",1967,13102,13536,26638
705,"Slovenia",4,"Median","35",1967,13274,13750,27024.5
705,"Slovenia",4,"Median","36",1967,13564,13984,27549
705,"Slovenia",4,"Median","37",1967,13207,13724,26931.5
705,"Slovenia",4,"Median","38",1967,12464,13286,25750
705,"Slovenia",4,"Median","39",1967,11804,13220,25024
705,"Slovenia",4,"Median","40",1967,10822,13228,24050
705,"Slovenia",4,"Median","41",1967,9937,13247,23184
705,"Slovenia",4,"Median","42",1967,9389,12998,22387.5
705,"Slovenia",4,"Median","43",1967,9104,12758,21862
705,"Slovenia",4,"Median","44",1967,8780,12504,21284
705,"Slovenia",4,"Median","45",1967,8405,12020,20424.5
705,"Slovenia",4,"Median","46",1967,7938,11150,19088
705,"Slovenia",4,"Median","47",1967,7109,9812,16920.5
705,"Slovenia",4,"Median","48",1967,5539,7642,13181
705,"Slovenia",4,"Median","49",1967,4300,5800,10099.5
705,"Slovenia",4,"Median","50",1967,4342,5660,10002
705,"Slovenia",4,"Median","51",1967,5223,6776,11998.5
705,"Slovenia",4,"Median","52",1967,7098,9095,16193.5
705,"Slovenia",4,"Median","53",1967,8381,10673,19054
705,"Slovenia",4,"Median","54",1967,8556,10881,19437
705,"Slovenia",4,"Median","55",1967,8576,10758,19333.5
705,"Slovenia",4,"Median","56",1967,8605,10632,19237
705,"Slovenia",4,"Median","57",1967,8711,10767,19478
705,"Slovenia",4,"Median","58",1967,8450,10486,18935
705,"Slovenia",4,"Median","59",1967,7988,10016,18004.5
705,"Slovenia",4,"Median","60",1967,7696,9793,17488.5
705,"Slovenia",4,"Median","61",1967,7394,9528,16923
705,"Slovenia",4,"Median","62",1967,7010,9170,16181
705,"Slovenia",4,"Median","63",1967,6741,8846,15586.5
705,"Slovenia",4,"Median","64",1967,6574,8702,15276.5
705,"Slovenia",4,"Median","65",1967,6506,8834,15340
705,"Slovenia",4,"Median","66",1967,6296,8856,15153
705,"Slovenia",4,"Median","67",1967,5700,8266,13966
705,"Slovenia",4,"Median","68",1967,4938,7383,12321.5
705,"Slovenia",4,"Median","69",1967,4326,6834,11159.5
705,"Slovenia",4,"Median","70",1967,3848,6398,10245
705,"Slovenia",4,"Median","71",1967,3402,5847,9248.5
705,"Slovenia",4,"Median","72",1967,3027,5278,8305
705,"Slovenia",4,"Median","73",1967,2667,4688,7354.5
705,"Slovenia",4,"Median","74",1967,2370,4279,6649.5
705,"Slovenia",4,"Median","75",1967,2128,3930,6057.5
705,"Slovenia",4,"Median","76",1967,1860,3498,5357
705,"Slovenia",4,"Median","77",1967,1630,3261,4890.5
705,"Slovenia",4,"Median","78",1967,1458,3064,4522.5
705,"Slovenia",4,"Median","79",1967,1288,2775,4063.5
705,"Slovenia",4,"Median","80",1967,1116,2452,3567
705,"Slovenia",4,"Median","81",1967,966,2104,3070
705,"Slovenia",4,"Median","82",1967,850,1781,2631.5
705,"Slovenia",4,"Median","83",1967,732,1478,2210.5
705,"Slovenia",4,"Median","84",1967,580,1195,1775.5
705,"Slovenia",4,"Median","85",1967,440,940,1380.5
705,"Slovenia",4,"Median","86",1967,351,746,1097
705,"Slovenia",4,"Median","87",1967,278,584,862.5
705,"Slovenia",4,"Median","88",1967,208,432,639
705,"Slovenia",4,"Median","89",1967,154,312,466
705,"Slovenia",4,"Median","90",1967,117,230,347.5
705,"Slovenia",4,"Median","91",1967,86,165,250.5
705,"Slovenia",4,"Median","92",1967,56,106,163
705,"Slovenia",4,"Median","93",1967,36,66,102.5
705,"Slovenia",4,"Median","94",1967,23,41,64
705,"Slovenia",4,"Median","95",1967,16,25,40.5
705,"Slovenia",4,"Median","96",1967,10,15,25
705,"Slovenia",4,"Median","97",1967,6,8,14.5
705,"Slovenia",4,"Median","98",1967,4,4,8
705,"Slovenia",4,"Median","99",1967,2,2,4
705,"Slovenia",4,"Median","100",1967,1,1,2
705,"Slovenia",4,"Median","101",1967,0,0,0
705,"Slovenia",4,"Median","102",1967,0,0,0
705,"Slovenia",4,"Median","103",1967,0,0,0
705,"Slovenia",4,"Median","104",1967,0,0,0
705,"Slovenia",4,"Median","105",1967,0,0,0
705,"Slovenia",4,"Median","106",1967,0,0,0
705,"Slovenia",4,"Median","107",1967,0,0,0
705,"Slovenia",4,"Median","108",1967,0,0,0
705,"Slovenia",4,"Median","109",1967,0,0,0
705,"Slovenia",4,"Median","110",1967,0,0,0
705,"Slovenia",4,"Median","0",1968,14612,14416,29028.5
705,"Slovenia",4,"Median","1",1968,14750,14644,29394.5
705,"Slovenia",4,"Median","2",1968,14730,14682,29411.5
705,"Slovenia",4,"Median","3",1968,14382,14437,28819
705,"Slovenia",4,"Median","4",1968,14190,14147,28337
705,"Slovenia",4,"Median","5",1968,14182,14023,28204.5
705,"Slovenia",4,"Median","6",1968,14060,13952,28012.5
705,"Slovenia",4,"Median","7",1968,13632,13836,27468
705,"Slovenia",4,"Median","8",1968,13428,13681,27109
705,"Slovenia",4,"Median","9",1968,13548,13558,27105.5
705,"Slovenia",4,"Median","10",1968,13842,13878,27720
705,"Slovenia",4,"Median","11",1968,14400,14504,28903.5
705,"Slovenia",4,"Median","12",1968,14820,14894,29714
705,"Slovenia",4,"Median","13",1968,15036,15149,30185.5
705,"Slovenia",4,"Median","14",1968,15440,15435,30875
705,"Slovenia",4,"Median","15",1968,15892,15625,31516.5
705,"Slovenia",4,"Median","16",1968,16020,15707,31727
705,"Slovenia",4,"Median","17",1968,16266,15909,32175
705,"Slovenia",4,"Median","18",1968,16024,15472,31495
705,"Slovenia",4,"Median","19",1968,15124,14593,29717.5
705,"Slovenia",4,"Median","20",1968,14637,14086,28723
705,"Slovenia",4,"Median","21",1968,13880,13340,27219.5
705,"Slovenia",4,"Median","22",1968,11862,11439,23301
705,"Slovenia",4,"Median","23",1968,11376,10856,22232
705,"Slovenia",4,"Median","24",1968,13009,12604,25613.5
705,"Slovenia",4,"Median","25",1968,13742,13491,27233.5
705,"Slovenia",4,"Median","26",1968,13650,13176,26826
705,"Slovenia",4,"Median","27",1968,13398,12802,26199.5
705,"Slovenia",4,"Median","28",1968,13158,12671,25829.5
705,"Slovenia",4,"Median","29",1968,12844,12507,25351.5
705,"Slovenia",4,"Median","30",1968,12754,12358,25112
705,"Slovenia",4,"Median","31",1968,13116,12556,25672
705,"Slovenia",4,"Median","32",1968,13256,12686,25941
705,"Slovenia",4,"Median","33",1968,13056,12866,25921
705,"Slovenia",4,"Median","34",1968,12976,13224,26201
705,"Slovenia",4,"Median","35",1968,13066,13480,26547
705,"Slovenia",4,"Median","36",1968,13240,13702,26941.5
705,"Slovenia",4,"Median","37",1968,13524,13944,27468
705,"Slovenia",4,"Median","38",1968,13158,13684,26843
705,"Slovenia",4,"Median","39",1968,12412,13247,25658.5
705,"Slovenia",4,"Median","40",1968,11750,13183,24932.5
705,"Slovenia",4,"Median","41",1968,10768,13192,23959.5
705,"Slovenia",4,"Median","42",1968,9882,13204,23086.5
705,"Slovenia",4,"Median","43",1968,9333,12952,22285
705,"Slovenia",4,"Median","44",1968,9052,12708,21760
705,"Slovenia",4,"Median","45",1968,8730,12451,21181
705,"Slovenia",4,"Median","46",1968,8353,11970,20323
705,"Slovenia",4,"Median","47",1968,7888,11100,18987.5
705,"Slovenia",4,"Median","48",1968,7060,9764,16824
705,"Slovenia",4,"Median","49",1968,5497,7604,13100.5
705,"Slovenia",4,"Median","50",1968,4268,5769,10037.5
705,"Slovenia",4,"Median","51",1968,4310,5632,9941.5
705,"Slovenia",4,"Median","52",1968,5176,6740,11916.5
705,"Slovenia",4,"Median","53",1968,7026,9046,16071.5
705,"Slovenia",4,"Median","54",1968,8289,10610,18899.5
705,"Slovenia",4,"Median","55",1968,8450,10810,19260
705,"Slovenia",4,"Median","56",1968,8463,10678,19141
705,"Slovenia",4,"Median","57",1968,8484,10544,19028
705,"Slovenia",4,"Median","58",1968,8579,10666,19245
705,"Slovenia",4,"Median","59",1968,8308,10376,18683
705,"Slovenia",4,"Median","60",1968,7830,9900,17729.5
705,"Slovenia",4,"Median","61",1968,7515,9667,17182
705,"Slovenia",4,"Median","62",1968,7200,9384,16583.5
705,"Slovenia",4,"Median","63",1968,6802,9014,15816
705,"Slovenia",4,"Median","64",1968,6519,8684,15203
705,"Slovenia",4,"Median","65",1968,6338,8520,14858.5
705,"Slovenia",4,"Median","66",1968,6250,8650,14899
705,"Slovenia",4,"Median","67",1968,6028,8651,14679
705,"Slovenia",4,"Median","68",1968,5436,8052,13487.5
705,"Slovenia",4,"Median","69",1968,4688,7167,11855.5
705,"Slovenia",4,"Median","70",1968,4084,6608,10691.5
705,"Slovenia",4,"Median","71",1968,3608,6156,9763.5
705,"Slovenia",4,"Median","72",1968,3166,5593,8758.5
705,"Slovenia",4,"Median","73",1968,2794,5016,7809
705,"Slovenia",4,"Median","74",1968,2439,4420,6859.5
705,"Slovenia",4,"Median","75",1968,2153,4014,6167
705,"Slovenia",4,"Median","76",1968,1918,3668,5587
705,"Slovenia",4,"Median","77",1968,1662,3238,4900
705,"Slovenia",4,"Median","78",1968,1442,2994,4435
705,"Slovenia",4,"Median","79",1968,1275,2785,4060
705,"Slovenia",4,"Median","80",1968,1114,2495,3609
705,"Slovenia",4,"Median","81",1968,952,2178,3129.5
705,"Slovenia",4,"Median","82",1968,814,1846,2659
705,"Slovenia",4,"Median","83",1968,706,1540,2246
705,"Slovenia",4,"Median","84",1968,598,1258,1857
705,"Slovenia",4,"Median","85",1968,466,1001,1467
705,"Slovenia",4,"Median","86",1968,348,774,1121
705,"Slovenia",4,"Median","87",1968,272,602,874.5
705,"Slovenia",4,"Median","88",1968,211,462,672.5
705,"Slovenia",4,"Median","89",1968,155,334,488.5
705,"Slovenia",4,"Median","90",1968,112,235,347.5
705,"Slovenia",4,"Median","91",1968,84,170,253.5
705,"Slovenia",4,"Median","92",1968,60,118,177.5
705,"Slovenia",4,"Median","93",1968,38,74,113
705,"Slovenia",4,"Median","94",1968,24,45,68.5
705,"Slovenia",4,"Median","95",1968,15,27,42
705,"Slovenia",4,"Median","96",1968,10,16,26
705,"Slovenia",4,"Median","97",1968,6,10,15.5
705,"Slovenia",4,"Median","98",1968,4,5,9
705,"Slovenia",4,"Median","99",1968,2,2,4.5
705,"Slovenia",4,"Median","100",1968,1,1,2
705,"Slovenia",4,"Median","101",1968,0,0,0
705,"Slovenia",4,"Median","102",1968,0,0,0
705,"Slovenia",4,"Median","103",1968,0,0,0
705,"Slovenia",4,"Median","104",1968,0,0,0
705,"Slovenia",4,"Median","105",1968,0,0,0
705,"Slovenia",4,"Median","106",1968,0,0,0
705,"Slovenia",4,"Median","107",1968,0,0,0
705,"Slovenia",4,"Median","108",1968,0,0,0
705,"Slovenia",4,"Median","109",1968,0,0,0
705,"Slovenia",4,"Median","110",1968,0,0,0
705,"Slovenia",4,"Median","0",1969,14312,14047,28358.5
705,"Slovenia",4,"Median","1",1969,14366,14288,28654.5
705,"Slovenia",4,"Median","2",1969,14730,14696,29425.5
705,"Slovenia",4,"Median","3",1969,14732,14753,29484.5
705,"Slovenia",4,"Median","4",1969,14340,14475,28814.5
705,"Slovenia",4,"Median","5",1969,14120,14152,28271.5
705,"Slovenia",4,"Median","6",1969,14107,14015,28122
705,"Slovenia",4,"Median","7",1969,13992,13932,27924.5
705,"Slovenia",4,"Median","8",1969,13590,13789,27379.5
705,"Slovenia",4,"Median","9",1969,13396,13610,27006.5
705,"Slovenia",4,"Median","10",1969,13512,13488,27000
705,"Slovenia",4,"Median","11",1969,13808,13808,27617
705,"Slovenia",4,"Median","12",1969,14374,14443,28817.5
705,"Slovenia",4,"Median","13",1969,14816,14859,29675.5
705,"Slovenia",4,"Median","14",1969,15059,15128,30187.5
705,"Slovenia",4,"Median","15",1969,15498,15423,30920.5
705,"Slovenia",4,"Median","16",1969,15980,15627,31607.5
705,"Slovenia",4,"Median","17",1969,16120,15709,31828.5
705,"Slovenia",4,"Median","18",1969,16382,15901,32283
705,"Slovenia",4,"Median","19",1969,16158,15458,31615.5
705,"Slovenia",4,"Median","20",1969,15260,14573,29832.5
705,"Slovenia",4,"Median","21",1969,14768,14065,28832.5
705,"Slovenia",4,"Median","22",1969,13998,13320,27317.5
705,"Slovenia",4,"Median","23",1969,11948,11404,23351
705,"Slovenia",4,"Median","24",1969,11428,10798,22227
705,"Slovenia",4,"Median","25",1969,13042,12530,25571
705,"Slovenia",4,"Median","26",1969,13764,13420,27183
705,"Slovenia",4,"Median","27",1969,13668,13114,26782.5
705,"Slovenia",4,"Median","28",1969,13419,12745,26164
705,"Slovenia",4,"Median","29",1969,13187,12618,25805.5
705,"Slovenia",4,"Median","30",1969,12875,12456,25331.5
705,"Slovenia",4,"Median","31",1969,12770,12312,25082.5
705,"Slovenia",4,"Median","32",1969,13114,12515,25628.5
705,"Slovenia",4,"Median","33",1969,13236,12645,25881.5
705,"Slovenia",4,"Median","34",1969,13020,12826,25846
705,"Slovenia",4,"Median","35",1969,12938,13176,26114
705,"Slovenia",4,"Median","36",1969,13032,13424,26457
705,"Slovenia",4,"Median","37",1969,13206,13651,26856.5
705,"Slovenia",4,"Median","38",1969,13482,13901,27383.5
705,"Slovenia",4,"Median","39",1969,13108,13642,26749
705,"Slovenia",4,"Median","40",1969,12356,13203,25559
705,"Slovenia",4,"Median","41",1969,11692,13142,24835
705,"Slovenia",4,"Median","42",1969,10710,13151,23860.5
705,"Slovenia",4,"Median","43",1969,9824,13156,22980
705,"Slovenia",4,"Median","44",1969,9271,12902,22172.5
705,"Slovenia",4,"Median","45",1969,8994,12654,21648
705,"Slovenia",4,"Median","46",1969,8673,12394,21067
705,"Slovenia",4,"Median","47",1969,8293,11916,20209
705,"Slovenia",4,"Median","48",1969,7830,11046,18876
705,"Slovenia",4,"Median","49",1969,7003,9714,16717
705,"Slovenia",4,"Median","50",1969,5449,7563,13012
705,"Slovenia",4,"Median","51",1969,4232,5738,9969
705,"Slovenia",4,"Median","52",1969,4273,5600,9873
705,"Slovenia",4,"Median","53",1969,5123,6702,11825
705,"Slovenia",4,"Median","54",1969,6944,8991,15935
705,"Slovenia",4,"Median","55",1969,8184,10540,18724
705,"Slovenia",4,"Median","56",1969,8331,10729,19060
705,"Slovenia",4,"Median","57",1969,8332,10588,18920
705,"Slovenia",4,"Median","58",1969,8344,10444,18788.5
705,"Slovenia",4,"Median","59",1969,8425,10553,18978
705,"Slovenia",4,"Median","60",1969,8140,10252,18391.5
705,"Slovenia",4,"Median","61",1969,7645,9770,17415.5
705,"Slovenia",4,"Median","62",1969,7308,9528,16836
705,"Slovenia",4,"Median","63",1969,6982,9226,16207
705,"Slovenia",4,"Median","64",1969,6572,8844,15416
705,"Slovenia",4,"Median","65",1969,6278,8508,14786
705,"Slovenia",4,"Median","66",1969,6078,8342,14420
705,"Slovenia",4,"Median","67",1969,5968,8449,14417.5
705,"Slovenia",4,"Median","68",1969,5732,8426,14158.5
705,"Slovenia",4,"Median","69",1969,5143,7814,12957.5
705,"Slovenia",4,"Median","70",1969,4410,6926,11336
705,"Slovenia",4,"Median","71",1969,3816,6353,10168.5
705,"Slovenia",4,"Median","72",1969,3346,5883,9229
705,"Slovenia",4,"Median","73",1969,2912,5310,8222
705,"Slovenia",4,"Median","74",1969,2548,4726,7274.5
705,"Slovenia",4,"Median","75",1969,2210,4143,6353.5
705,"Slovenia",4,"Median","76",1969,1938,3742,5680
705,"Slovenia",4,"Median","77",1969,1711,3392,5103
705,"Slovenia",4,"Median","78",1969,1466,2967,4433.5
705,"Slovenia",4,"Median","79",1969,1258,2716,3973.5
705,"Slovenia",4,"Median","80",1969,1100,2498,3598
705,"Slovenia",4,"Median","81",1969,949,2211,3160
705,"Slovenia",4,"Median","82",1969,800,1904,2704.5
705,"Slovenia",4,"Median","83",1969,674,1590,2265
705,"Slovenia",4,"Median","84",1969,576,1306,1882
705,"Slovenia",4,"Median","85",1969,480,1050,1530
705,"Slovenia",4,"Median","86",1969,368,819,1187
705,"Slovenia",4,"Median","87",1969,270,620,889.5
705,"Slovenia",4,"Median","88",1969,207,472,679.5
705,"Slovenia",4,"Median","89",1969,158,354,511.5
705,"Slovenia",4,"Median","90",1969,113,250,363
705,"Slovenia",4,"Median","91",1969,80,172,252
705,"Slovenia",4,"Median","92",1969,58,120,179
705,"Slovenia",4,"Median","93",1969,40,82,122
705,"Slovenia",4,"Median","94",1969,26,50,75.5
705,"Slovenia",4,"Median","95",1969,16,29,44.5
705,"Slovenia",4,"Median","96",1969,10,18,27
705,"Slovenia",4,"Median","97",1969,6,10,16
705,"Slovenia",4,"Median","98",1969,4,6,9.5
705,"Slovenia",4,"Median","99",1969,2,3,5
705,"Slovenia",4,"Median","100",1969,1,1,2
705,"Slovenia",4,"Median","101",1969,0,1,1
705,"Slovenia",4,"Median","102",1969,0,0,0
705,"Slovenia",4,"Median","103",1969,0,0,0
705,"Slovenia",4,"Median","104",1969,0,0,0
705,"Slovenia",4,"Median","105",1969,0,0,0
705,"Slovenia",4,"Median","106",1969,0,0,0
705,"Slovenia",4,"Median","107",1969,0,0,0
705,"Slovenia",4,"Median","108",1969,0,0,0
705,"Slovenia",4,"Median","109",1969,0,0,0
705,"Slovenia",4,"Median","110",1969,0,0,0
705,"Slovenia",4,"Median","0",1970,13952,13870,27821.5
705,"Slovenia",4,"Median","1",1970,14041,13874,27915.5
705,"Slovenia",4,"Median","2",1970,14302,14288,28590.5
705,"Slovenia",4,"Median","3",1970,14733,14762,29495
705,"Slovenia",4,"Median","4",1970,14736,14828,29564
705,"Slovenia",4,"Median","5",1970,14298,14516,28815
705,"Slovenia",4,"Median","6",1970,14052,14160,28211
705,"Slovenia",4,"Median","7",1970,14034,14009,28043
705,"Slovenia",4,"Median","8",1970,13926,13914,27840
705,"Slovenia",4,"Median","9",1970,13550,13744,27293.5
705,"Slovenia",4,"Median","10",1970,13365,13542,26906.5
705,"Slovenia",4,"Median","11",1970,13476,13418,26894.5
705,"Slovenia",4,"Median","12",1970,13776,13739,27515.5
705,"Slovenia",4,"Median","13",1970,14350,14382,28731.5
705,"Slovenia",4,"Median","14",1970,14812,14824,29636
705,"Slovenia",4,"Median","15",1970,15080,15108,30187.5
705,"Slovenia",4,"Median","16",1970,15554,15410,30963
705,"Slovenia",4,"Median","17",1970,16066,15628,31694.5
705,"Slovenia",4,"Median","18",1970,16215,15710,31925.5
705,"Slovenia",4,"Median","19",1970,16495,15892,32387
705,"Slovenia",4,"Median","20",1970,16290,15444,31734.5
705,"Slovenia",4,"Median","21",1970,15392,14554,29946
705,"Slovenia",4,"Median","22",1970,14896,14045,28941.5
705,"Slovenia",4,"Median","23",1970,14114,13300,27413.5
705,"Slovenia",4,"Median","24",1970,12033,11369,23402
705,"Slovenia",4,"Median","25",1970,11482,10740,22221
705,"Slovenia",4,"Median","26",1970,13074,12454,25528
705,"Slovenia",4,"Median","27",1970,13783,13348,27130.5
705,"Slovenia",4,"Median","28",1970,13687,13050,26737.5
705,"Slovenia",4,"Median","29",1970,13440,12686,26126.5
705,"Slovenia",4,"Median","30",1970,13216,12566,25781
705,"Slovenia",4,"Median","31",1970,12906,12406,25311.5
705,"Slovenia",4,"Median","32",1970,12786,12266,25052.5
705,"Slovenia",4,"Median","33",1970,13111,12474,25585
705,"Slovenia",4,"Median","34",1970,13216,12604,25821
705,"Slovenia",4,"Median","35",1970,12985,12785,25770
705,"Slovenia",4,"Median","36",1970,12899,13128,26027
705,"Slovenia",4,"Median","37",1970,12996,13366,26362.5
705,"Slovenia",4,"Median","38",1970,13168,13598,26766
705,"Slovenia",4,"Median","39",1970,13437,13854,27291.5
705,"Slovenia",4,"Median","40",1970,13053,13594,26647
705,"Slovenia",4,"Median","41",1970,12296,13156,25453
705,"Slovenia",4,"Median","42",1970,11630,13098,24727.5
705,"Slovenia",4,"Median","43",1970,10645,13108,23752.5
705,"Slovenia",4,"Median","44",1970,9757,13106,22863
705,"Slovenia",4,"Median","45",1970,9202,12848,22049.5
705,"Slovenia",4,"Median","46",1970,8927,12597,21524
705,"Slovenia",4,"Median","47",1970,8608,12334,20941
705,"Slovenia",4,"Median","48",1970,8225,11860,20084.5
705,"Slovenia",4,"Median","49",1970,7764,10990,18753.5
705,"Slovenia",4,"Median","50",1970,6940,9661,16600.5
705,"Slovenia",4,"Median","51",1970,5395,7520,12915.5
705,"Slovenia",4,"Median","52",1970,4190,5703,9892.5
705,"Slovenia",4,"Median","53",1970,4231,5567,9798
705,"Slovenia",4,"Median","54",1970,5063,6660,11723.5
705,"Slovenia",4,"Median","55",1970,6851,8930,15781.5
705,"Slovenia",4,"Median","56",1970,8065,10464,18528.5
705,"Slovenia",4,"Median","57",1970,8194,10640,18834.5
705,"Slovenia",4,"Median","58",1970,8182,10489,18671
705,"Slovenia",4,"Median","59",1970,8184,10336,18519.5
705,"Slovenia",4,"Median","60",1970,8248,10428,18676.5
705,"Slovenia",4,"Median","61",1970,7952,10118,18070
705,"Slovenia",4,"Median","62",1970,7444,9631,17074.5
705,"Slovenia",4,"Median","63",1970,7088,9378,16465.5
705,"Slovenia",4,"Median","64",1970,6752,9058,15809
705,"Slovenia",4,"Median","65",1970,6330,8664,14994.5
705,"Slovenia",4,"Median","66",1970,6020,8338,14357.5
705,"Slovenia",4,"Median","67",1970,5803,8156,13958.5
705,"Slovenia",4,"Median","68",1970,5674,8236,13909
705,"Slovenia",4,"Median","69",1970,5422,8184,13605.5
705,"Slovenia",4,"Median","70",1970,4838,7558,12395.5
705,"Slovenia",4,"Median","71",1970,4124,6666,10789
705,"Slovenia",4,"Median","72",1970,3544,6079,9623.5
705,"Slovenia",4,"Median","73",1970,3087,5594,8680.5
705,"Slovenia",4,"Median","74",1970,2667,5015,7682
705,"Slovenia",4,"Median","75",1970,2318,4442,6760
705,"Slovenia",4,"Median","76",1970,1997,3874,5871.5
705,"Slovenia",4,"Median","77",1970,1736,3472,5207.5
705,"Slovenia",4,"Median","78",1970,1518,3120,4638
705,"Slovenia",4,"Median","79",1970,1288,2704,3991.5
705,"Slovenia",4,"Median","80",1970,1092,2448,3540.5
705,"Slovenia",4,"Median","81",1970,944,2227,3171
705,"Slovenia",4,"Median","82",1970,804,1946,2750.5
705,"Slovenia",4,"Median","83",1970,669,1654,2323
705,"Slovenia",4,"Median","84",1970,556,1360,1916
705,"Slovenia",4,"Median","85",1970,468,1100,1567.5
705,"Slovenia",4,"Median","86",1970,384,868,1252
705,"Slovenia",4,"Median","87",1970,290,664,954
705,"Slovenia",4,"Median","88",1970,208,494,701.5
705,"Slovenia",4,"Median","89",1970,157,368,524.5
705,"Slovenia",4,"Median","90",1970,117,270,386.5
705,"Slovenia",4,"Median","91",1970,82,186,268
705,"Slovenia",4,"Median","92",1970,58,124,181.5
705,"Slovenia",4,"Median","93",1970,40,85,125.5
705,"Slovenia",4,"Median","94",1970,28,56,83.5
705,"Slovenia",4,"Median","95",1970,17,33,50
705,"Slovenia",4,"Median","96",1970,10,19,29.5
705,"Slovenia",4,"Median","97",1970,6,10,16.5
705,"Slovenia",4,"Median","98",1970,4,6,10
705,"Slovenia",4,"Median","99",1970,2,3,5
705,"Slovenia",4,"Median","100",1970,1,1,2
705,"Slovenia",4,"Median","101",1970,0,1,1
705,"Slovenia",4,"Median","102",1970,0,0,0
705,"Slovenia",4,"Median","103",1970,0,0,0
705,"Slovenia",4,"Median","104",1970,0,0,0
705,"Slovenia",4,"Median","105",1970,0,0,0
705,"Slovenia",4,"Median","106",1970,0,0,0
705,"Slovenia",4,"Median","107",1970,0,0,0
705,"Slovenia",4,"Median","108",1970,0,0,0
705,"Slovenia",4,"Median","109",1970,0,0,0
705,"Slovenia",4,"Median","110",1970,0,0,0
705,"Slovenia",4,"Median","0",1971,14098,13870,27967.5
705,"Slovenia",4,"Median","1",1971,13718,13698,27417
705,"Slovenia",4,"Median","2",1971,13972,13831,27803
705,"Slovenia",4,"Median","3",1971,14282,14298,28581
705,"Slovenia",4,"Median","4",1971,14741,14797,29538
705,"Slovenia",4,"Median","5",1971,14732,14864,29596.5
705,"Slovenia",4,"Median","6",1971,14272,14532,28805
705,"Slovenia",4,"Median","7",1971,14016,14164,28180
705,"Slovenia",4,"Median","8",1971,14006,14016,28021.5
705,"Slovenia",4,"Median","9",1971,13910,13922,27832
705,"Slovenia",4,"Median","10",1971,13558,13750,27309
705,"Slovenia",4,"Median","11",1971,13385,13556,26940.5
705,"Slovenia",4,"Median","12",1971,13513,13445,26958
705,"Slovenia",4,"Median","13",1971,13822,13771,27592.5
705,"Slovenia",4,"Median","14",1971,14413,14429,28842
705,"Slovenia",4,"Median","15",1971,14896,14879,29774.5
705,"Slovenia",4,"Median","16",1971,15182,15154,30336
705,"Slovenia",4,"Median","17",1971,15677,15456,31132.5
705,"Slovenia",4,"Median","18",1971,16186,15671,31856.5
705,"Slovenia",4,"Median","19",1971,16324,15738,32062.5
705,"Slovenia",4,"Median","20",1971,16608,15900,32507.5
705,"Slovenia",4,"Median","21",1971,16391,15442,31832.5
705,"Slovenia",4,"Median","22",1971,15486,14546,30031
705,"Slovenia",4,"Median","23",1971,14978,14035,29012.5
705,"Slovenia",4,"Median","24",1971,14180,13282,27462.5
705,"Slovenia",4,"Median","25",1971,12072,11341,23413
705,"Slovenia",4,"Median","26",1971,11501,10695,22196
705,"Slovenia",4,"Median","27",1971,13078,12400,25477.5
705,"Slovenia",4,"Median","28",1971,13782,13298,27080.5
705,"Slovenia",4,"Median","29",1971,13683,13004,26686.5
705,"Slovenia",4,"Median","30",1971,13444,12646,26090.5
705,"Slovenia",4,"Median","31",1971,13226,12528,25754
705,"Slovenia",4,"Median","32",1971,12912,12370,25282.5
705,"Slovenia",4,"Median","33",1971,12779,12234,25013.5
705,"Slovenia",4,"Median","34",1971,13092,12442,25534.5
705,"Slovenia",4,"Median","35",1971,13182,12571,25752.5
705,"Slovenia",4,"Median","36",1971,12940,12748,25688
705,"Slovenia",4,"Median","37",1971,12850,13080,25931
705,"Slovenia",4,"Median","38",1971,12950,13315,26264.5
705,"Slovenia",4,"Median","39",1971,13114,13550,26663.5
705,"Slovenia",4,"Median","40",1971,13376,13808,27184.5
705,"Slovenia",4,"Median","41",1971,12986,13547,26533.5
705,"Slovenia",4,"Median","42",1971,12227,13114,25341.5
705,"Slovenia",4,"Median","43",1971,11557,13054,24611.5
705,"Slovenia",4,"Median","44",1971,10569,13060,23629.5
705,"Slovenia",4,"Median","45",1971,9682,13051,22732.5
705,"Slovenia",4,"Median","46",1971,9129,12792,21921.5
705,"Slovenia",4,"Median","47",1971,8858,12534,21392.5
705,"Slovenia",4,"Median","48",1971,8534,12278,20812
705,"Slovenia",4,"Median","49",1971,8154,11801,19955.5
705,"Slovenia",4,"Median","50",1971,7690,10930,18620.5
705,"Slovenia",4,"Median","51",1971,6868,9608,16476
705,"Slovenia",4,"Median","52",1971,5336,7476,12812
705,"Slovenia",4,"Median","53",1971,4142,5668,9810.5
705,"Slovenia",4,"Median","54",1971,4180,5530,9711
705,"Slovenia",4,"Median","55",1971,4992,6612,11603.5
705,"Slovenia",4,"Median","56",1971,6748,8858,15607
705,"Slovenia",4,"Median","57",1971,7932,10372,18304.5
705,"Slovenia",4,"Median","58",1971,8043,10538,18580.5
705,"Slovenia",4,"Median","59",1971,8022,10376,18398.5
705,"Slovenia",4,"Median","60",1971,8008,10214,18222
705,"Slovenia",4,"Median","61",1971,8054,10292,18346
705,"Slovenia",4,"Median","62",1971,7749,9970,17718.5
705,"Slovenia",4,"Median","63",1971,7227,9481,16708
705,"Slovenia",4,"Median","64",1971,6858,9218,16075
705,"Slovenia",4,"Median","65",1971,6513,8882,15395
705,"Slovenia",4,"Median","66",1971,6076,8495,14571
705,"Slovenia",4,"Median","67",1971,5754,8154,13908
705,"Slovenia",4,"Median","68",1971,5522,7954,13476
705,"Slovenia",4,"Median","69",1971,5374,8005,13379.5
705,"Slovenia",4,"Median","70",1971,5112,7926,13038
705,"Slovenia",4,"Median","71",1971,4540,7288,11828.5
705,"Slovenia",4,"Median","72",1971,3850,6396,10246
705,"Slovenia",4,"Median","73",1971,3289,5800,9089.5
705,"Slovenia",4,"Median","74",1971,2845,5306,8151
705,"Slovenia",4,"Median","75",1971,2440,4734,7175
705,"Slovenia",4,"Median","76",1971,2106,4174,6281
705,"Slovenia",4,"Median","77",1971,1800,3616,5416.5
705,"Slovenia",4,"Median","78",1971,1550,3216,4765.5
705,"Slovenia",4,"Median","79",1971,1343,2866,4209
705,"Slovenia",4,"Median","80",1971,1128,2460,3588.5
705,"Slovenia",4,"Median","81",1971,946,2204,3151
705,"Slovenia",4,"Median","82",1971,809,1984,2792.5
705,"Slovenia",4,"Median","83",1971,680,1712,2393
705,"Slovenia",4,"Median","84",1971,558,1436,1995
705,"Slovenia",4,"Median","85",1971,458,1165,1622.5
705,"Slovenia",4,"Median","86",1971,380,928,1307
705,"Slovenia",4,"Median","87",1971,307,720,1026.5
705,"Slovenia",4,"Median","88",1971,228,542,769
705,"Slovenia",4,"Median","89",1971,161,394,555
705,"Slovenia",4,"Median","90",1971,119,288,407
705,"Slovenia",4,"Median","91",1971,88,206,294
705,"Slovenia",4,"Median","92",1971,60,139,199.5
705,"Slovenia",4,"Median","93",1971,41,91,132
705,"Slovenia",4,"Median","94",1971,28,60,89
705,"Slovenia",4,"Median","95",1971,19,39,58
705,"Slovenia",4,"Median","96",1971,12,22,34
705,"Slovenia",4,"Median","97",1971,6,12,19
705,"Slovenia",4,"Median","98",1971,4,6,10.5
705,"Slovenia",4,"Median","99",1971,2,4,5.5
705,"Slovenia",4,"Median","100",1971,1,1,2
705,"Slovenia",4,"Median","101",1971,0,1,1
705,"Slovenia",4,"Median","102",1971,0,1,1
705,"Slovenia",4,"Median","103",1971,0,0,0
705,"Slovenia",4,"Median","104",1971,0,0,0
705,"Slovenia",4,"Median","105",1971,0,0,0
705,"Slovenia",4,"Median","106",1971,0,0,0
705,"Slovenia",4,"Median","107",1971,0,0,0
705,"Slovenia",4,"Median","108",1971,0,0,0
705,"Slovenia",4,"Median","109",1971,0,0,0
705,"Slovenia",4,"Median","110",1971,0,0,0
705,"Slovenia",4,"Median","0",1972,14710,14010,28720.5
705,"Slovenia",4,"Median","1",1972,13906,13725,27631.5
705,"Slovenia",4,"Median","2",1972,13694,13656,27349
705,"Slovenia",4,"Median","3",1972,13952,13798,27750.5
705,"Slovenia",4,"Median","4",1972,14273,14276,28549
705,"Slovenia",4,"Median","5",1972,14740,14782,29522
705,"Slovenia",4,"Median","6",1972,14740,14860,29599.5
705,"Slovenia",4,"Median","7",1972,14284,14536,28820
705,"Slovenia",4,"Median","8",1972,14036,14179,28215.5
705,"Slovenia",4,"Median","9",1972,14040,14053,28093
705,"Slovenia",4,"Median","10",1972,13960,13990,27949.5
705,"Slovenia",4,"Median","11",1972,13635,13858,27493
705,"Slovenia",4,"Median","12",1972,13494,13694,27188
705,"Slovenia",4,"Median","13",1972,13651,13606,27257
705,"Slovenia",4,"Median","14",1972,13982,13946,27928
705,"Slovenia",4,"Median","15",1972,14596,14601,29197
705,"Slovenia",4,"Median","16",1972,15090,15032,30122
705,"Slovenia",4,"Median","17",1972,15378,15284,30662
705,"Slovenia",4,"Median","18",1972,15858,15563,31421.5
705,"Slovenia",4,"Median","19",1972,16330,15754,32083.5
705,"Slovenia",4,"Median","20",1972,16439,15790,32229.5
705,"Slovenia",4,"Median","21",1972,16690,15924,32613
705,"Slovenia",4,"Median","22",1972,16444,15454,31897.5
705,"Slovenia",4,"Median","23",1972,15518,14550,30069
705,"Slovenia",4,"Median","24",1972,14994,14030,29024
705,"Slovenia",4,"Median","25",1972,14186,13272,27458
705,"Slovenia",4,"Median","26",1972,12063,11330,23393.5
705,"Slovenia",4,"Median","27",1972,11484,10676,22159.5
705,"Slovenia",4,"Median","28",1972,13054,12375,25429.5
705,"Slovenia",4,"Median","29",1972,13754,13273,27026.5
705,"Slovenia",4,"Median","30",1972,13655,12980,26634.5
705,"Slovenia",4,"Median","31",1972,13424,12628,26052
705,"Slovenia",4,"Median","32",1972,13206,12509,25715.5
705,"Slovenia",4,"Median","33",1972,12888,12352,25240.5
705,"Slovenia",4,"Median","34",1972,12748,12216,24965
705,"Slovenia",4,"Median","35",1972,13052,12420,25471.5
705,"Slovenia",4,"Median","36",1972,13130,12544,25674.5
705,"Slovenia",4,"Median","37",1972,12884,12713,25597
705,"Slovenia",4,"Median","38",1972,12789,13043,25832
705,"Slovenia",4,"Median","39",1972,12882,13274,26156.5
705,"Slovenia",4,"Median","40",1972,13038,13507,26545.5
705,"Slovenia",4,"Median","41",1972,13300,13764,27063.5
705,"Slovenia",4,"Median","42",1972,12909,13506,26415
705,"Slovenia",4,"Median","43",1972,12148,13076,25224.5
705,"Slovenia",4,"Median","44",1972,11473,13008,24481
705,"Slovenia",4,"Median","45",1972,10484,13009,23492.5
705,"Slovenia",4,"Median","46",1972,9603,12994,22596.5
705,"Slovenia",4,"Median","47",1972,9056,12732,21788.5
705,"Slovenia",4,"Median","48",1972,8784,12476,21259.5
705,"Slovenia",4,"Median","49",1972,8460,12222,20682
705,"Slovenia",4,"Median","50",1972,8078,11740,19819
705,"Slovenia",4,"Median","51",1972,7610,10872,18482
705,"Slovenia",4,"Median","52",1972,6792,9554,16345.5
705,"Slovenia",4,"Median","53",1972,5274,7429,12703.5
705,"Slovenia",4,"Median","54",1972,4088,5630,9717.5
705,"Slovenia",4,"Median","55",1972,4120,5486,9605.5
705,"Slovenia",4,"Median","56",1972,4914,6551,11465.5
705,"Slovenia",4,"Median","57",1972,6636,8771,15407.5
705,"Slovenia",4,"Median","58",1972,7788,10266,18053
705,"Slovenia",4,"Median","59",1972,7884,10420,18303.5
705,"Slovenia",4,"Median","60",1972,7850,10250,18101
705,"Slovenia",4,"Median","61",1972,7816,10079,17895.5
705,"Slovenia",4,"Median","62",1972,7840,10142,17981.5
705,"Slovenia",4,"Median","63",1972,7526,9809,17335.5
705,"Slovenia",4,"Median","64",1972,6997,9318,16314.5
705,"Slovenia",4,"Median","65",1972,6616,9045,15661
705,"Slovenia",4,"Median","66",1972,6260,8713,14973
705,"Slovenia",4,"Median","67",1972,5816,8311,14127.5
705,"Slovenia",4,"Median","68",1972,5485,7955,13440
705,"Slovenia",4,"Median","69",1972,5243,7736,12978.5
705,"Slovenia",4,"Median","70",1972,5082,7761,12843.5
705,"Slovenia",4,"Median","71",1972,4815,7656,12471
705,"Slovenia",4,"Median","72",1972,4256,7012,11267.5
705,"Slovenia",4,"Median","73",1972,3588,6124,9713
705,"Slovenia",4,"Median","74",1972,3045,5522,8567.5
705,"Slovenia",4,"Median","75",1972,2616,5028,7644
705,"Slovenia",4,"Median","76",1972,2230,4468,6697
705,"Slovenia",4,"Median","77",1972,1910,3914,5824.5
705,"Slovenia",4,"Median","78",1972,1618,3368,4986
705,"Slovenia",4,"Median","79",1972,1382,2972,4354
705,"Slovenia",4,"Median","80",1972,1186,2626,3812.5
705,"Slovenia",4,"Median","81",1972,987,2234,3221.5
705,"Slovenia",4,"Median","82",1972,820,1982,2801.5
705,"Slovenia",4,"Median","83",1972,692,1764,2456.5
705,"Slovenia",4,"Median","84",1972,576,1505,2081
705,"Slovenia",4,"Median","85",1972,467,1246,1713.5
705,"Slovenia",4,"Median","86",1972,378,997,1374.5
705,"Slovenia",4,"Median","87",1972,308,782,1090.5
705,"Slovenia",4,"Median","88",1972,246,597,843
705,"Slovenia",4,"Median","89",1972,180,442,621
705,"Slovenia",4,"Median","90",1972,125,316,441
705,"Slovenia",4,"Median","91",1972,91,226,317
705,"Slovenia",4,"Median","92",1972,66,159,224.5
705,"Slovenia",4,"Median","93",1972,44,105,149.5
705,"Slovenia",4,"Median","94",1972,30,66,96.5
705,"Slovenia",4,"Median","95",1972,20,44,64
705,"Slovenia",4,"Median","96",1972,13,28,40.5
705,"Slovenia",4,"Median","97",1972,8,16,23.5
705,"Slovenia",4,"Median","98",1972,4,8,12.5
705,"Slovenia",4,"Median","99",1972,2,4,7
705,"Slovenia",4,"Median","100",1972,1,2,3
705,"Slovenia",4,"Median","101",1972,1,1,2
705,"Slovenia",4,"Median","102",1972,0,1,1
705,"Slovenia",4,"Median","103",1972,0,0,0
705,"Slovenia",4,"Median","104",1972,0,0,0
705,"Slovenia",4,"Median","105",1972,0,0,0
705,"Slovenia",4,"Median","106",1972,0,0,0
705,"Slovenia",4,"Median","107",1972,0,0,0
705,"Slovenia",4,"Median","108",1972,0,0,0
705,"Slovenia",4,"Median","109",1972,0,0,0
705,"Slovenia",4,"Median","110",1972,0,0,0
705,"Slovenia",4,"Median","0",1973,14944,14128,29071.5
705,"Slovenia",4,"Median","1",1973,14526,13898,28423
705,"Slovenia",4,"Median","2",1973,13892,13704,27595.5
705,"Slovenia",4,"Median","3",1973,13694,13628,27323
705,"Slovenia",4,"Median","4",1973,13943,13767,27710
705,"Slovenia",4,"Median","5",1973,14266,14244,28510.5
705,"Slovenia",4,"Median","6",1973,14738,14754,29492.5
705,"Slovenia",4,"Median","7",1973,14753,14850,29602.5
705,"Slovenia",4,"Median","8",1973,14308,14540,28848
705,"Slovenia",4,"Median","9",1973,14071,14199,28270
705,"Slovenia",4,"Median","10",1973,14093,14098,28191.5
705,"Slovenia",4,"Median","11",1973,14026,14076,28102.5
705,"Slovenia",4,"Median","12",1973,13730,13993,27722.5
705,"Slovenia",4,"Median","13",1973,13628,13864,27491.5
705,"Slovenia",4,"Median","14",1973,13816,13802,27617
705,"Slovenia",4,"Median","15",1973,14172,14156,28327.5
705,"Slovenia",4,"Median","16",1973,14808,14802,29609.5
705,"Slovenia",4,"Median","17",1973,15308,15208,30516.5
705,"Slovenia",4,"Median","18",1973,15596,15433,31028.5
705,"Slovenia",4,"Median","19",1973,16048,15684,31732
705,"Slovenia",4,"Median","20",1973,16478,15844,32322.5
705,"Slovenia",4,"Median","21",1973,16552,15847,32399
705,"Slovenia",4,"Median","22",1973,16760,15951,32711.5
705,"Slovenia",4,"Median","23",1973,16481,15469,31950
705,"Slovenia",4,"Median","24",1973,15535,14560,30094.5
705,"Slovenia",4,"Median","25",1973,14994,14027,29021.5
705,"Slovenia",4,"Median","26",1973,14176,13266,27441.5
705,"Slovenia",4,"Median","27",1973,12044,11324,23368.5
705,"Slovenia",4,"Median","28",1973,11458,10664,22122.5
705,"Slovenia",4,"Median","29",1973,13026,12358,25384
705,"Slovenia",4,"Median","30",1973,13719,13252,26971
705,"Slovenia",4,"Median","31",1973,13624,12962,26585.5
705,"Slovenia",4,"Median","32",1973,13400,12611,26010.5
705,"Slovenia",4,"Median","33",1973,13180,12494,25673.5
705,"Slovenia",4,"Median","34",1973,12856,12338,25194
705,"Slovenia",4,"Median","35",1973,12710,12200,24909.5
705,"Slovenia",4,"Median","36",1973,13004,12401,25404.5
705,"Slovenia",4,"Median","37",1973,13074,12518,25591.5
705,"Slovenia",4,"Median","38",1973,12820,12680,25500.5
705,"Slovenia",4,"Median","39",1973,12720,13008,25728.5
705,"Slovenia",4,"Median","40",1973,12806,13236,26042.5
705,"Slovenia",4,"Median","41",1973,12957,13464,26421
705,"Slovenia",4,"Median","42",1973,13218,13718,26936.5
705,"Slovenia",4,"Median","43",1973,12828,13466,26293
705,"Slovenia",4,"Median","44",1973,12066,13036,25101
705,"Slovenia",4,"Median","45",1973,11384,12960,24343.5
705,"Slovenia",4,"Median","46",1973,10394,12954,23347
705,"Slovenia",4,"Median","47",1973,9522,12934,22456
705,"Slovenia",4,"Median","48",1973,8981,12670,21650.5
705,"Slovenia",4,"Median","49",1973,8707,12416,21123
705,"Slovenia",4,"Median","50",1973,8384,12164,20548
705,"Slovenia",4,"Median","51",1973,8001,11678,19679
705,"Slovenia",4,"Median","52",1973,7528,10810,18338
705,"Slovenia",4,"Median","53",1973,6715,9495,16210
705,"Slovenia",4,"Median","54",1973,5210,7380,12589.5
705,"Slovenia",4,"Median","55",1973,4030,5588,9617
705,"Slovenia",4,"Median","56",1973,4056,5437,9493
705,"Slovenia",4,"Median","57",1973,4833,6484,11317
705,"Slovenia",4,"Median","58",1973,6518,8676,15193.5
705,"Slovenia",4,"Median","59",1973,7634,10152,17785.5
705,"Slovenia",4,"Median","60",1973,7718,10296,18014
705,"Slovenia",4,"Median","61",1973,7670,10119,17789.5
705,"Slovenia",4,"Median","62",1973,7612,9940,17552.5
705,"Slovenia",4,"Median","63",1973,7614,9984,17599
705,"Slovenia",4,"Median","64",1973,7292,9641,16932.5
705,"Slovenia",4,"Median","65",1973,6755,9142,15897
705,"Slovenia",4,"Median","66",1973,6366,8878,15244.5
705,"Slovenia",4,"Median","67",1973,6000,8528,14528.5
705,"Slovenia",4,"Median","68",1973,5552,8112,13663.5
705,"Slovenia",4,"Median","69",1973,5216,7742,12957
705,"Slovenia",4,"Median","70",1973,4966,7506,12472
705,"Slovenia",4,"Median","71",1973,4794,7506,12300
705,"Slovenia",4,"Median","72",1973,4520,7376,11896.5
705,"Slovenia",4,"Median","73",1973,3974,6726,10699.5
705,"Slovenia",4,"Median","74",1973,3328,5842,9169.5
705,"Slovenia",4,"Median","75",1973,2805,5244,8049
705,"Slovenia",4,"Median","76",1973,2395,4755,7150
705,"Slovenia",4,"Median","77",1973,2026,4199,6225
705,"Slovenia",4,"Median","78",1973,1722,3655,5377
705,"Slovenia",4,"Median","79",1973,1448,3122,4569
705,"Slovenia",4,"Median","80",1973,1225,2732,3957.5
705,"Slovenia",4,"Median","81",1973,1042,2394,3435.5
705,"Slovenia",4,"Median","82",1973,858,2018,2875.5
705,"Slovenia",4,"Median","83",1973,704,1770,2475
705,"Slovenia",4,"Median","84",1973,588,1558,2147
705,"Slovenia",4,"Median","85",1973,484,1313,1796.5
705,"Slovenia",4,"Median","86",1973,387,1073,1460
705,"Slovenia",4,"Median","87",1973,308,846,1154.5
705,"Slovenia",4,"Median","88",1973,248,653,901.5
705,"Slovenia",4,"Median","89",1973,195,490,685.5
705,"Slovenia",4,"Median","90",1973,140,356,497
705,"Slovenia",4,"Median","91",1973,96,250,346
705,"Slovenia",4,"Median","92",1973,68,176,244
705,"Slovenia",4,"Median","93",1973,48,121,169.5
705,"Slovenia",4,"Median","94",1973,32,78,110
705,"Slovenia",4,"Median","95",1973,22,48,70
705,"Slovenia",4,"Median","96",1973,14,31,45
705,"Slovenia",4,"Median","97",1973,9,18,27.5
705,"Slovenia",4,"Median","98",1973,6,10,16
705,"Slovenia",4,"Median","99",1973,3,6,8.5
705,"Slovenia",4,"Median","100",1973,1,2,3
705,"Slovenia",4,"Median","101",1973,1,1,2
705,"Slovenia",4,"Median","102",1973,1,1,2
705,"Slovenia",4,"Median","103",1973,0,1,1
705,"Slovenia",4,"Median","104",1973,0,0,0
705,"Slovenia",4,"Median","105",1973,0,0,0
705,"Slovenia",4,"Median","106",1973,0,0,0
705,"Slovenia",4,"Median","107",1973,0,0,0
705,"Slovenia",4,"Median","108",1973,0,0,0
705,"Slovenia",4,"Median","109",1973,0,0,0
705,"Slovenia",4,"Median","110",1973,0,0,0
705,"Slovenia",4,"Median","0",1974,15026,14214,29240
705,"Slovenia",4,"Median","1",1974,14769,14037,28806
705,"Slovenia",4,"Median","2",1974,14498,13902,28399.5
705,"Slovenia",4,"Median","3",1974,13892,13698,27590.5
705,"Slovenia",4,"Median","4",1974,13699,13605,27304
705,"Slovenia",4,"Median","5",1974,13936,13738,27674.5
705,"Slovenia",4,"Median","6",1974,14262,14216,28478
705,"Slovenia",4,"Median","7",1974,14740,14729,29469
705,"Slovenia",4,"Median","8",1974,14769,14840,29608.5
705,"Slovenia",4,"Median","9",1974,14334,14544,28878
705,"Slovenia",4,"Median","10",1974,14108,14220,28327.5
705,"Slovenia",4,"Median","11",1974,14146,14145,28291.5
705,"Slovenia",4,"Median","12",1974,14094,14162,28257
705,"Slovenia",4,"Median","13",1974,13824,14128,27952
705,"Slovenia",4,"Median","14",1974,13760,14034,27794.5
705,"Slovenia",4,"Median","15",1974,13978,13996,27974.5
705,"Slovenia",4,"Median","16",1974,14360,14364,28724.5
705,"Slovenia",4,"Median","17",1974,15018,15002,30019.5
705,"Slovenia",4,"Median","18",1974,15524,15382,30907
705,"Slovenia",4,"Median","19",1974,15811,15580,31391
705,"Slovenia",4,"Median","20",1974,16236,15804,32039
705,"Slovenia",4,"Median","21",1974,16622,15934,32556.5
705,"Slovenia",4,"Median","22",1974,16662,15904,32565.5
705,"Slovenia",4,"Median","23",1974,16829,15978,32807.5
705,"Slovenia",4,"Median","24",1974,16518,15486,32004
705,"Slovenia",4,"Median","25",1974,15552,14570,30121
705,"Slovenia",4,"Median","26",1974,14996,14024,29020
705,"Slovenia",4,"Median","27",1974,14168,13259,27426.5
705,"Slovenia",4,"Median","28",1974,12027,11319,23346
705,"Slovenia",4,"Median","29",1974,11434,10654,22087.5
705,"Slovenia",4,"Median","30",1974,13000,12341,25340.5
705,"Slovenia",4,"Median","31",1974,13687,13232,26918.5
705,"Slovenia",4,"Median","32",1974,13593,12942,26534.5
705,"Slovenia",4,"Median","33",1974,13375,12595,25970
705,"Slovenia",4,"Median","34",1974,13151,12478,25629
705,"Slovenia",4,"Median","35",1974,12822,12324,25145.5
705,"Slovenia",4,"Median","36",1974,12668,12184,24852.5
705,"Slovenia",4,"Median","37",1974,12952,12382,25333.5
705,"Slovenia",4,"Median","38",1974,13013,12491,25504
705,"Slovenia",4,"Median","39",1974,12754,12646,25400
705,"Slovenia",4,"Median","40",1974,12648,12973,25621
705,"Slovenia",4,"Median","41",1974,12728,13198,25925.5
705,"Slovenia",4,"Median","42",1974,12872,13420,26292
705,"Slovenia",4,"Median","43",1974,13134,13670,26804
705,"Slovenia",4,"Median","44",1974,12743,13422,26165.5
705,"Slovenia",4,"Median","45",1974,11979,12993,24972
705,"Slovenia",4,"Median","46",1974,11291,12907,24198
705,"Slovenia",4,"Median","47",1974,10299,12896,23195
705,"Slovenia",4,"Median","48",1974,9436,12872,22308.5
705,"Slovenia",4,"Median","49",1974,8902,12604,21505
705,"Slovenia",4,"Median","50",1974,8626,12354,20980
705,"Slovenia",4,"Median","51",1974,8305,12104,20409
705,"Slovenia",4,"Median","52",1974,7920,11612,19532
705,"Slovenia",4,"Median","53",1974,7442,10744,18186
705,"Slovenia",4,"Median","54",1974,6636,9432,16068.5
705,"Slovenia",4,"Median","55",1974,5143,7326,12469
705,"Slovenia",4,"Median","56",1974,3969,5542,9510.5
705,"Slovenia",4,"Median","57",1974,3989,5385,9374
705,"Slovenia",4,"Median","58",1974,4748,6414,11161.5
705,"Slovenia",4,"Median","59",1974,6394,8578,14972
705,"Slovenia",4,"Median","60",1974,7476,10036,17512
705,"Slovenia",4,"Median","61",1974,7546,10170,17716
705,"Slovenia",4,"Median","62",1974,7483,9986,17469.5
705,"Slovenia",4,"Median","63",1974,7401,9798,17198.5
705,"Slovenia",4,"Median","64",1974,7378,9823,17201.5
705,"Slovenia",4,"Median","65",1974,7046,9464,16509.5
705,"Slovenia",4,"Median","66",1974,6507,8982,15488.5
705,"Slovenia",4,"Median","67",1974,6110,8698,14808
705,"Slovenia",4,"Median","68",1974,5736,8332,14067
705,"Slovenia",4,"Median","69",1974,5288,7900,13188
705,"Slovenia",4,"Median","70",1974,4946,7517,12463.5
705,"Slovenia",4,"Median","71",1974,4690,7264,11954
705,"Slovenia",4,"Median","72",1974,4506,7236,11742
705,"Slovenia",4,"Median","73",1974,4225,7081,11306
705,"Slovenia",4,"Median","74",1974,3689,6423,10112
705,"Slovenia",4,"Median","75",1974,3068,5554,8622
705,"Slovenia",4,"Median","76",1974,2568,4964,7533
705,"Slovenia",4,"Median","77",1974,2176,4474,6650
705,"Slovenia",4,"Median","78",1974,1826,3924,5750.5
705,"Slovenia",4,"Median","79",1974,1539,3391,4930
705,"Slovenia",4,"Median","80",1974,1282,2873,4154.5
705,"Slovenia",4,"Median","81",1974,1074,2492,3565.5
705,"Slovenia",4,"Median","82",1974,903,2163,3066
705,"Slovenia",4,"Median","83",1974,735,1803,2538
705,"Slovenia",4,"Median","84",1974,596,1564,2161
705,"Slovenia",4,"Median","85",1974,492,1360,1851.5
705,"Slovenia",4,"Median","86",1974,398,1130,1528.5
705,"Slovenia",4,"Median","87",1974,314,910,1224.5
705,"Slovenia",4,"Median","88",1974,246,706,952
705,"Slovenia",4,"Median","89",1974,196,536,731.5
705,"Slovenia",4,"Median","90",1974,151,395,546
705,"Slovenia",4,"Median","91",1974,107,282,388.5
705,"Slovenia",4,"Median","92",1974,72,194,265
705,"Slovenia",4,"Median","93",1974,50,133,183
705,"Slovenia",4,"Median","94",1974,35,89,124
705,"Slovenia",4,"Median","95",1974,23,56,79.5
705,"Slovenia",4,"Median","96",1974,14,34,48.5
705,"Slovenia",4,"Median","97",1974,10,21,30.5
705,"Slovenia",4,"Median","98",1974,6,13,19
705,"Slovenia",4,"Median","99",1974,4,6,10
705,"Slovenia",4,"Median","100",1974,1,2,3
705,"Slovenia",4,"Median","101",1974,1,2,3
705,"Slovenia",4,"Median","102",1974,1,1,2
705,"Slovenia",4,"Median","103",1974,0,1,1
705,"Slovenia",4,"Median","104",1974,0,0,0
705,"Slovenia",4,"Median","105",1974,0,0,0
705,"Slovenia",4,"Median","106",1974,0,0,0
705,"Slovenia",4,"Median","107",1974,0,0,0
705,"Slovenia",4,"Median","108",1974,0,0,0
705,"Slovenia",4,"Median","109",1974,0,0,0
705,"Slovenia",4,"Median","110",1974,0,0,0
705,"Slovenia",4,"Median","0",1975,15136,14417,29552.5
705,"Slovenia",4,"Median","1",1975,14862,14132,28994
705,"Slovenia",4,"Median","2",1975,14741,14054,28794.5
705,"Slovenia",4,"Median","3",1975,14484,13920,28404
705,"Slovenia",4,"Median","4",1975,13898,13694,27592
705,"Slovenia",4,"Median","5",1975,13706,13583,27288.5
705,"Slovenia",4,"Median","6",1975,13932,13712,27643.5
705,"Slovenia",4,"Median","7",1975,14260,14188,28448.5
705,"Slovenia",4,"Median","8",1975,14744,14704,29448
705,"Slovenia",4,"Median","9",1975,14786,14830,29616.5
705,"Slovenia",4,"Median","10",1975,14360,14549,28909.5
705,"Slovenia",4,"Median","11",1975,14146,14242,28387
705,"Slovenia",4,"Median","12",1975,14201,14192,28392.5
705,"Slovenia",4,"Median","13",1975,14162,14249,28411.5
705,"Slovenia",4,"Median","14",1975,13917,14264,28181
705,"Slovenia",4,"Median","15",1975,13893,14204,28097
705,"Slovenia",4,"Median","16",1975,14140,14190,28330
705,"Slovenia",4,"Median","17",1975,14546,14574,29120
705,"Slovenia",4,"Median","18",1975,15224,15202,30426
705,"Slovenia",4,"Median","19",1975,15739,15556,31294.5
705,"Slovenia",4,"Median","20",1975,16022,15727,31749.5
705,"Slovenia",4,"Median","21",1975,16420,15924,32343
705,"Slovenia",4,"Median","22",1975,16764,16024,32789
705,"Slovenia",4,"Median","23",1975,16770,15962,32732
705,"Slovenia",4,"Median","24",1975,16898,16008,32906
705,"Slovenia",4,"Median","25",1975,16554,15504,32058.5
705,"Slovenia",4,"Median","26",1975,15570,14580,30149.5
705,"Slovenia",4,"Median","27",1975,14998,14022,29020.5
705,"Slovenia",4,"Median","28",1975,14162,13252,27413.5
705,"Slovenia",4,"Median","29",1975,12010,11313,23323.5
705,"Slovenia",4,"Median","30",1975,11412,10641,22053
705,"Slovenia",4,"Median","31",1975,12974,12322,25296
705,"Slovenia",4,"Median","32",1975,13654,13209,26863.5
705,"Slovenia",4,"Median","33",1975,13562,12921,26483.5
705,"Slovenia",4,"Median","34",1975,13349,12578,25927.5
705,"Slovenia",4,"Median","35",1975,13122,12462,25583.5
705,"Slovenia",4,"Median","36",1975,12784,12310,25094
705,"Slovenia",4,"Median","37",1975,12624,12168,24792.5
705,"Slovenia",4,"Median","38",1975,12896,12362,25258.5
705,"Slovenia",4,"Median","39",1975,12950,12464,25414
705,"Slovenia",4,"Median","40",1975,12684,12612,25296.5
705,"Slovenia",4,"Median","41",1975,12574,12936,25509
705,"Slovenia",4,"Median","42",1975,12647,13156,25803
705,"Slovenia",4,"Median","43",1975,12784,13371,26155.5
705,"Slovenia",4,"Median","44",1975,13045,13619,26664
705,"Slovenia",4,"Median","45",1975,12653,13376,26029.5
705,"Slovenia",4,"Median","46",1975,11886,12946,24833
705,"Slovenia",4,"Median","47",1975,11192,12852,24045
705,"Slovenia",4,"Median","48",1975,10198,12836,23034
705,"Slovenia",4,"Median","49",1975,9346,12806,22151.5
705,"Slovenia",4,"Median","50",1975,8818,12534,21352.5
705,"Slovenia",4,"Median","51",1975,8540,12288,20829
705,"Slovenia",4,"Median","52",1975,8220,12039,20259.5
705,"Slovenia",4,"Median","53",1975,7834,11541,19374.5
705,"Slovenia",4,"Median","54",1975,7352,10672,18024
705,"Slovenia",4,"Median","55",1975,6550,9364,15915
705,"Slovenia",4,"Median","56",1975,5070,7268,12337.5
705,"Slovenia",4,"Median","57",1975,3904,5493,9397.5
705,"Slovenia",4,"Median","58",1975,3918,5330,9248
705,"Slovenia",4,"Median","59",1975,4658,6341,10999.5
705,"Slovenia",4,"Median","60",1975,6263,8478,14741.5
705,"Slovenia",4,"Median","61",1975,7309,9916,17225
705,"Slovenia",4,"Median","62",1975,7364,10041,17405.5
705,"Slovenia",4,"Median","63",1975,7286,9846,17132.5
705,"Slovenia",4,"Median","64",1975,7178,9647,16824.5
705,"Slovenia",4,"Median","65",1975,7130,9649,16779.5
705,"Slovenia",4,"Median","66",1975,6793,9302,16095
705,"Slovenia",4,"Median","67",1975,6252,8806,15057.5
705,"Slovenia",4,"Median","68",1975,5847,8506,14352.5
705,"Slovenia",4,"Median","69",1975,5468,8123,13590.5
705,"Slovenia",4,"Median","70",1975,5018,7678,12697
705,"Slovenia",4,"Median","71",1975,4674,7280,11954
705,"Slovenia",4,"Median","72",1975,4409,7008,11416.5
705,"Slovenia",4,"Median","73",1975,4212,6950,11162
705,"Slovenia",4,"Median","74",1975,3925,6766,10691.5
705,"Slovenia",4,"Median","75",1975,3402,6110,9511.5
705,"Slovenia",4,"Median","76",1975,2808,5260,8068
705,"Slovenia",4,"Median","77",1975,2332,4672,7004
705,"Slovenia",4,"Median","78",1975,1959,4182,6141
705,"Slovenia",4,"Median","79",1975,1629,3642,5270.5
705,"Slovenia",4,"Median","80",1975,1358,3120,4479
705,"Slovenia",4,"Median","81",1975,1120,2620,3739
705,"Slovenia",4,"Median","82",1975,927,2250,3177.5
705,"Slovenia",4,"Median","83",1975,770,1932,2701.5
705,"Slovenia",4,"Median","84",1975,619,1592,2210.5
705,"Slovenia",4,"Median","85",1975,496,1363,1858.5
705,"Slovenia",4,"Median","86",1975,402,1168,1570.5
705,"Slovenia",4,"Median","87",1975,321,956,1277.5
705,"Slovenia",4,"Median","88",1975,249,757,1006
705,"Slovenia",4,"Median","89",1975,192,578,769.5
705,"Slovenia",4,"Median","90",1975,150,430,579.5
705,"Slovenia",4,"Median","91",1975,114,310,424
705,"Slovenia",4,"Median","92",1975,78,217,295.5
705,"Slovenia",4,"Median","93",1975,52,146,197
705,"Slovenia",4,"Median","94",1975,36,98,133
705,"Slovenia",4,"Median","95",1975,24,64,88
705,"Slovenia",4,"Median","96",1975,16,39,54.5
705,"Slovenia",4,"Median","97",1975,10,23,33
705,"Slovenia",4,"Median","98",1975,6,14,20
705,"Slovenia",4,"Median","99",1975,4,8,12
705,"Slovenia",4,"Median","100",1975,1,3,4
705,"Slovenia",4,"Median","101",1975,1,2,3
705,"Slovenia",4,"Median","102",1975,1,1,2
705,"Slovenia",4,"Median","103",1975,0,1,1
705,"Slovenia",4,"Median","104",1975,0,0,0
705,"Slovenia",4,"Median","105",1975,0,0,0
705,"Slovenia",4,"Median","106",1975,0,0,0
705,"Slovenia",4,"Median","107",1975,0,0,0
705,"Slovenia",4,"Median","108",1975,0,0,0
705,"Slovenia",4,"Median","109",1975,0,0,0
705,"Slovenia",4,"Median","110",1975,0,0,0
705,"Slovenia",4,"Median","0",1976,15299,14701,30000
705,"Slovenia",4,"Median","1",1976,14988,14360,29348.5
705,"Slovenia",4,"Median","2",1976,14836,14148,28984
705,"Slovenia",4,"Median","3",1976,14728,14082,28810
705,"Slovenia",4,"Median","4",1976,14476,13940,28415
705,"Slovenia",4,"Median","5",1976,13904,13692,27596.5
705,"Slovenia",4,"Median","6",1976,13714,13562,27276.5
705,"Slovenia",4,"Median","7",1976,13928,13686,27614.5
705,"Slovenia",4,"Median","8",1976,14260,14160,28420.5
705,"Slovenia",4,"Median","9",1976,14748,14681,29428.5
705,"Slovenia",4,"Median","10",1976,14804,14822,29625
705,"Slovenia",4,"Median","11",1976,14388,14555,28943
705,"Slovenia",4,"Median","12",1976,14182,14262,28445
705,"Slovenia",4,"Median","13",1976,14255,14238,28493.5
705,"Slovenia",4,"Median","14",1976,14229,14336,28565
705,"Slovenia",4,"Median","15",1976,14010,14400,28409.5
705,"Slovenia",4,"Median","16",1976,14024,14374,28397
705,"Slovenia",4,"Median","17",1976,14299,14385,28684
705,"Slovenia",4,"Median","18",1976,14731,14782,29512.5
705,"Slovenia",4,"Median","19",1976,15430,15400,30829.5
705,"Slovenia",4,"Median","20",1976,15950,15730,31679
705,"Slovenia",4,"Median","21",1976,16232,15875,32107
705,"Slovenia",4,"Median","22",1976,16603,16045,32648
705,"Slovenia",4,"Median","23",1976,16906,16116,33022.5
705,"Slovenia",4,"Median","24",1976,16879,16022,32900.5
705,"Slovenia",4,"Median","25",1976,16966,16038,33003.5
705,"Slovenia",4,"Median","26",1976,16593,15522,32114.5
705,"Slovenia",4,"Median","27",1976,15589,14590,30178.5
705,"Slovenia",4,"Median","28",1976,15003,14019,29022
705,"Slovenia",4,"Median","29",1976,14155,13244,27399.5
705,"Slovenia",4,"Median","30",1976,11995,11306,23301
705,"Slovenia",4,"Median","31",1976,11389,10628,22016.5
705,"Slovenia",4,"Median","32",1976,12947,12303,25250
705,"Slovenia",4,"Median","33",1976,13621,13186,26806.5
705,"Slovenia",4,"Median","34",1976,13530,12900,26430.5
705,"Slovenia",4,"Median","35",1976,13321,12561,25882
705,"Slovenia",4,"Median","36",1976,13090,12446,25535.5
705,"Slovenia",4,"Median","37",1976,12746,12294,25039.5
705,"Slovenia",4,"Median","38",1976,12578,12151,24729.5
705,"Slovenia",4,"Median","39",1976,12840,12342,25181
705,"Slovenia",4,"Median","40",1976,12884,12436,25320.5
705,"Slovenia",4,"Median","41",1976,12612,12575,25187.5
705,"Slovenia",4,"Median","42",1976,12496,12896,25392
705,"Slovenia",4,"Median","43",1976,12561,13110,25671.5
705,"Slovenia",4,"Median","44",1976,12691,13320,26011
705,"Slovenia",4,"Median","45",1976,12950,13564,26514
705,"Slovenia",4,"Median","46",1976,12557,13326,25883
705,"Slovenia",4,"Median","47",1976,11788,12897,24685.5
705,"Slovenia",4,"Median","48",1976,11088,12794,23881.5
705,"Slovenia",4,"Median","49",1976,10092,12771,22863.5
705,"Slovenia",4,"Median","50",1976,9250,12737,21986.5
705,"Slovenia",4,"Median","51",1976,8728,12462,21189.5
705,"Slovenia",4,"Median","52",1976,8447,12220,20666.5
705,"Slovenia",4,"Median","53",1976,8128,11970,20098
705,"Slovenia",4,"Median","54",1976,7738,11466,19204
705,"Slovenia",4,"Median","55",1976,7250,10597,17847.5
705,"Slovenia",4,"Median","56",1976,6455,9294,15748.5
705,"Slovenia",4,"Median","57",1976,4990,7208,12198
705,"Slovenia",4,"Median","58",1976,3834,5442,9277
705,"Slovenia",4,"Median","59",1976,3841,5274,9114.5
705,"Slovenia",4,"Median","60",1976,4564,6264,10828
705,"Slovenia",4,"Median","61",1976,6126,8372,14497
705,"Slovenia",4,"Median","62",1976,7134,9788,16921
705,"Slovenia",4,"Median","63",1976,7174,9899,17072.5
705,"Slovenia",4,"Median","64",1976,7078,9693,16771
705,"Slovenia",4,"Median","65",1976,6942,9480,16422.5
705,"Slovenia",4,"Median","66",1976,6879,9484,16362.5
705,"Slovenia",4,"Median","67",1976,6531,9122,15653.5
705,"Slovenia",4,"Median","68",1976,5988,8615,14602.5
705,"Slovenia",4,"Median","69",1976,5577,8298,13875
705,"Slovenia",4,"Median","70",1976,5192,7900,13091.5
705,"Slovenia",4,"Median","71",1976,4742,7442,12183.5
705,"Slovenia",4,"Median","72",1976,4392,7028,11420
705,"Slovenia",4,"Median","73",1976,4120,6734,10854
705,"Slovenia",4,"Median","74",1976,3912,6647,10559
705,"Slovenia",4,"Median","75",1976,3619,6440,10059
705,"Slovenia",4,"Median","76",1976,3112,5787,8899.5
705,"Slovenia",4,"Median","77",1976,2547,4951,7498
705,"Slovenia",4,"Median","78",1976,2097,4368,6465
705,"Slovenia",4,"Median","79",1976,1744,3881,5625.5
705,"Slovenia",4,"Median","80",1976,1435,3352,4786.5
705,"Slovenia",4,"Median","81",1976,1184,2846,4029.5
705,"Slovenia",4,"Median","82",1976,964,2366,3329
705,"Slovenia",4,"Median","83",1976,788,2010,2798
705,"Slovenia",4,"Median","84",1976,646,1705,2350.5
705,"Slovenia",4,"Median","85",1976,511,1386,1897.5
705,"Slovenia",4,"Median","86",1976,403,1170,1573.5
705,"Slovenia",4,"Median","87",1976,322,988,1309.5
705,"Slovenia",4,"Median","88",1976,252,796,1048
705,"Slovenia",4,"Median","89",1976,192,619,811
705,"Slovenia",4,"Median","90",1976,146,463,608.5
705,"Slovenia",4,"Median","91",1976,111,338,449
705,"Slovenia",4,"Median","92",1976,82,239,321.5
705,"Slovenia",4,"Median","93",1976,56,163,219
705,"Slovenia",4,"Median","94",1976,36,107,142.5
705,"Slovenia",4,"Median","95",1976,24,70,93.5
705,"Slovenia",4,"Median","96",1976,16,44,60.5
705,"Slovenia",4,"Median","97",1976,10,26,36.5
705,"Slovenia",4,"Median","98",1976,6,15,21
705,"Slovenia",4,"Median","99",1976,4,9,13
705,"Slovenia",4,"Median","100",1976,1,3,4
705,"Slovenia",4,"Median","101",1976,1,2,3
705,"Slovenia",4,"Median","102",1976,1,1,2
705,"Slovenia",4,"Median","103",1976,0,1,1
705,"Slovenia",4,"Median","104",1976,0,1,1
705,"Slovenia",4,"Median","105",1976,0,0,0
705,"Slovenia",4,"Median","106",1976,0,0,0
705,"Slovenia",4,"Median","107",1976,0,0,0
705,"Slovenia",4,"Median","108",1976,0,0,0
705,"Slovenia",4,"Median","109",1976,0,0,0
705,"Slovenia",4,"Median","110",1976,0,0,0
705,"Slovenia",4,"Median","0",1977,15498,14802,30299
705,"Slovenia",4,"Median","1",1977,15176,14677,29852.5
705,"Slovenia",4,"Median","2",1977,14977,14396,29372.5
705,"Slovenia",4,"Median","3",1977,14826,14176,29001.5
705,"Slovenia",4,"Median","4",1977,14718,14114,28831.5
705,"Slovenia",4,"Median","5",1977,14468,13962,28429.5
705,"Slovenia",4,"Median","6",1977,13912,13692,27604.5
705,"Slovenia",4,"Median","7",1977,13723,13544,27266.5
705,"Slovenia",4,"Median","8",1977,13926,13661,27586.5
705,"Slovenia",4,"Median","9",1977,14260,14134,28394
705,"Slovenia",4,"Median","10",1977,14751,14657,29408
705,"Slovenia",4,"Median","11",1977,14820,14814,29633.5
705,"Slovenia",4,"Median","12",1977,14414,14560,28973.5
705,"Slovenia",4,"Median","13",1977,14219,14284,28503
705,"Slovenia",4,"Median","14",1977,14307,14285,28592
705,"Slovenia",4,"Median","15",1977,14294,14422,28715.5
705,"Slovenia",4,"Median","16",1977,14101,14534,28635
705,"Slovenia",4,"Median","17",1977,14152,14542,28694
705,"Slovenia",4,"Median","18",1977,14456,14578,29033.5
705,"Slovenia",4,"Median","19",1977,14912,14989,29901
705,"Slovenia",4,"Median","20",1977,15630,15599,31229
705,"Slovenia",4,"Median","21",1977,16158,15904,32061
705,"Slovenia",4,"Median","22",1977,16440,16024,32464
705,"Slovenia",4,"Median","23",1977,16784,16166,32951
705,"Slovenia",4,"Median","24",1977,17047,16208,33255.5
705,"Slovenia",4,"Median","25",1977,16988,16080,33067.5
705,"Slovenia",4,"Median","26",1977,17036,16066,33102
705,"Slovenia",4,"Median","27",1977,16633,15538,32171
705,"Slovenia",4,"Median","28",1977,15609,14599,30208
705,"Slovenia",4,"Median","29",1977,15007,14015,29022
705,"Slovenia",4,"Median","30",1977,14150,13236,27385.5
705,"Slovenia",4,"Median","31",1977,11978,11298,23276
705,"Slovenia",4,"Median","32",1977,11365,10614,21978.5
705,"Slovenia",4,"Median","33",1977,12918,12283,25201.5
705,"Slovenia",4,"Median","34",1977,13585,13162,26747
705,"Slovenia",4,"Median","35",1977,13494,12880,26373.5
705,"Slovenia",4,"Median","36",1977,13290,12544,25833.5
705,"Slovenia",4,"Median","37",1977,13054,12428,25483
705,"Slovenia",4,"Median","38",1977,12704,12278,24982.5
705,"Slovenia",4,"Median","39",1977,12530,12133,24662.5
705,"Slovenia",4,"Median","40",1977,12780,12320,25100
705,"Slovenia",4,"Median","41",1977,12816,12406,25221.5
705,"Slovenia",4,"Median","42",1977,12537,12536,25073
705,"Slovenia",4,"Median","43",1977,12414,12853,25266.5
705,"Slovenia",4,"Median","44",1977,12470,13063,25533.5
705,"Slovenia",4,"Median","45",1977,12592,13264,25857
705,"Slovenia",4,"Median","46",1977,12850,13504,26354
705,"Slovenia",4,"Median","47",1977,12454,13272,25726
705,"Slovenia",4,"Median","48",1977,11683,12843,24526
705,"Slovenia",4,"Median","49",1977,10975,12732,23706.5
705,"Slovenia",4,"Median","50",1977,9979,12703,22682
705,"Slovenia",4,"Median","51",1977,9146,12664,21810
705,"Slovenia",4,"Median","52",1977,8629,12386,21015
705,"Slovenia",4,"Median","53",1977,8345,12146,20491.5
705,"Slovenia",4,"Median","54",1977,8025,11900,19924.5
705,"Slovenia",4,"Median","55",1977,7632,11388,19020
705,"Slovenia",4,"Median","56",1977,7141,10519,17660
705,"Slovenia",4,"Median","57",1977,6353,9218,15571.5
705,"Slovenia",4,"Median","58",1977,4905,7144,12049
705,"Slovenia",4,"Median","59",1977,3760,5388,9149
705,"Slovenia",4,"Median","60",1977,3761,5213,8974
705,"Slovenia",4,"Median","61",1977,4463,6183,10646
705,"Slovenia",4,"Median","62",1977,5979,8256,14235.5
705,"Slovenia",4,"Median","63",1977,6948,9646,16594
705,"Slovenia",4,"Median","64",1977,6972,9744,16715
705,"Slovenia",4,"Median","65",1977,6859,9524,16383.5
705,"Slovenia",4,"Median","66",1977,6704,9320,16023.5
705,"Slovenia",4,"Median","67",1977,6620,9306,15926
705,"Slovenia",4,"Median","68",1977,6261,8931,15192
705,"Slovenia",4,"Median","69",1977,5714,8412,14126
705,"Slovenia",4,"Median","70",1977,5296,8076,13372
705,"Slovenia",4,"Median","71",1977,4902,7662,12564
705,"Slovenia",4,"Median","72",1977,4452,7188,11639
705,"Slovenia",4,"Median","73",1977,4100,6758,10858
705,"Slovenia",4,"Median","74",1977,3824,6445,10269.5
705,"Slovenia",4,"Median","75",1977,3608,6332,9940
705,"Slovenia",4,"Median","76",1977,3313,6105,9418
705,"Slovenia",4,"Median","77",1977,2826,5453,8278.5
705,"Slovenia",4,"Median","78",1977,2292,4634,6926.5
705,"Slovenia",4,"Median","79",1977,1868,4059,5927.5
705,"Slovenia",4,"Median","80",1977,1538,3578,5116
705,"Slovenia",4,"Median","81",1977,1252,3062,4313
705,"Slovenia",4,"Median","82",1977,1020,2574,3594.5
705,"Slovenia",4,"Median","83",1977,820,2118,2937.5
705,"Slovenia",4,"Median","84",1977,661,1778,2439.5
705,"Slovenia",4,"Median","85",1977,534,1490,2023
705,"Slovenia",4,"Median","86",1977,416,1194,1610.5
705,"Slovenia",4,"Median","87",1977,322,994,1316
705,"Slovenia",4,"Median","88",1977,253,826,1078.5
705,"Slovenia",4,"Median","89",1977,194,653,847.5
705,"Slovenia",4,"Median","90",1977,146,499,644.5
705,"Slovenia",4,"Median","91",1977,108,366,474
705,"Slovenia",4,"Median","92",1977,80,262,342
705,"Slovenia",4,"Median","93",1977,58,181,239.5
705,"Slovenia",4,"Median","94",1977,38,120,159
705,"Slovenia",4,"Median","95",1977,24,77,101.5
705,"Slovenia",4,"Median","96",1977,16,49,65
705,"Slovenia",4,"Median","97",1977,10,30,40.5
705,"Slovenia",4,"Median","98",1977,6,18,23.5
705,"Slovenia",4,"Median","99",1977,4,10,14
705,"Slovenia",4,"Median","100",1977,1,4,5
705,"Slovenia",4,"Median","101",1977,1,3,4
705,"Slovenia",4,"Median","102",1977,1,2,3
705,"Slovenia",4,"Median","103",1977,0,1,1
705,"Slovenia",4,"Median","104",1977,0,1,1
705,"Slovenia",4,"Median","105",1977,0,0,0
705,"Slovenia",4,"Median","106",1977,0,0,0
705,"Slovenia",4,"Median","107",1977,0,0,0
705,"Slovenia",4,"Median","108",1977,0,0,0
705,"Slovenia",4,"Median","109",1977,0,0,0
705,"Slovenia",4,"Median","110",1977,0,0,0
705,"Slovenia",4,"Median","0",1978,15634,14836,30469
705,"Slovenia",4,"Median","1",1978,15396,14777,30172.5
705,"Slovenia",4,"Median","2",1978,15186,14743,29928.5
705,"Slovenia",4,"Median","3",1978,14982,14442,29423.5
705,"Slovenia",4,"Median","4",1978,14818,14206,29024
705,"Slovenia",4,"Median","5",1978,14710,14146,28856
705,"Slovenia",4,"Median","6",1978,14462,13984,28446
705,"Slovenia",4,"Median","7",1978,13920,13693,27613.5
705,"Slovenia",4,"Median","8",1978,13732,13526,27258
705,"Slovenia",4,"Median","9",1978,13922,13636,27559
705,"Slovenia",4,"Median","10",1978,14258,14108,28366.5
705,"Slovenia",4,"Median","11",1978,14754,14634,29387
705,"Slovenia",4,"Median","12",1978,14836,14804,29640.5
705,"Slovenia",4,"Median","13",1978,14439,14564,29003.5
705,"Slovenia",4,"Median","14",1978,14254,14305,28559
705,"Slovenia",4,"Median","15",1978,14356,14330,28687
705,"Slovenia",4,"Median","16",1978,14357,14507,28864
705,"Slovenia",4,"Median","17",1978,14189,14667,28856
705,"Slovenia",4,"Median","18",1978,14276,14710,28985.5
705,"Slovenia",4,"Median","19",1978,14609,14770,29379
705,"Slovenia",4,"Median","20",1978,15088,15196,30284.5
705,"Slovenia",4,"Median","21",1978,15828,15798,31625.5
705,"Slovenia",4,"Median","22",1978,16363,16078,32440.5
705,"Slovenia",4,"Median","23",1978,16646,16172,32818
705,"Slovenia",4,"Median","24",1978,16965,16288,33253
705,"Slovenia",4,"Median","25",1978,17190,16300,33489
705,"Slovenia",4,"Median","26",1978,17098,16138,33236
705,"Slovenia",4,"Median","27",1978,17108,16094,33202.5
705,"Slovenia",4,"Median","28",1978,16674,15554,32227.5
705,"Slovenia",4,"Median","29",1978,15630,14608,30237
705,"Slovenia",4,"Median","30",1978,15012,14010,29021.5
705,"Slovenia",4,"Median","31",1978,14142,13227,27369.5
705,"Slovenia",4,"Median","32",1978,11960,11290,23249.5
705,"Slovenia",4,"Median","33",1978,11339,10600,21938.5
705,"Slovenia",4,"Median","34",1978,12888,12262,25150
705,"Slovenia",4,"Median","35",1978,13546,13138,26684
705,"Slovenia",4,"Median","36",1978,13456,12858,26313
705,"Slovenia",4,"Median","37",1978,13256,12525,25781
705,"Slovenia",4,"Median","38",1978,13016,12411,25427
705,"Slovenia",4,"Median","39",1978,12659,12262,24920.5
705,"Slovenia",4,"Median","40",1978,12478,12114,24592.5
705,"Slovenia",4,"Median","41",1978,12718,12296,25013.5
705,"Slovenia",4,"Median","42",1978,12744,12373,25117.5
705,"Slovenia",4,"Median","43",1978,12457,12494,24951.5
705,"Slovenia",4,"Median","44",1978,12328,12808,25135.5
705,"Slovenia",4,"Median","45",1978,12375,13012,25386.5
705,"Slovenia",4,"Median","46",1978,12488,13206,25693.5
705,"Slovenia",4,"Median","47",1978,12740,13442,26182
705,"Slovenia",4,"Median","48",1978,12342,13214,25556
705,"Slovenia",4,"Median","49",1978,11568,12785,24353.5
705,"Slovenia",4,"Median","50",1978,10854,12664,23518
705,"Slovenia",4,"Median","51",1978,9857,12630,22486.5
705,"Slovenia",4,"Median","52",1978,9034,12586,21620
705,"Slovenia",4,"Median","53",1978,8522,12305,20827
705,"Slovenia",4,"Median","54",1978,8235,12070,20305
705,"Slovenia",4,"Median","55",1978,7916,11823,19739
705,"Slovenia",4,"Median","56",1978,7521,11306,18827
705,"Slovenia",4,"Median","57",1978,7026,10436,17462.5
705,"Slovenia",4,"Median","58",1978,6245,9140,15385
705,"Slovenia",4,"Median","59",1978,4816,7076,11892
705,"Slovenia",4,"Median","60",1978,3682,5332,9014
705,"Slovenia",4,"Median","61",1978,3676,5149,8825
705,"Slovenia",4,"Median","62",1978,4356,6096,10452.5
705,"Slovenia",4,"Median","63",1978,5826,8132,13958
705,"Slovenia",4,"Median","64",1978,6753,9494,16247
705,"Slovenia",4,"Median","65",1978,6762,9576,16337
705,"Slovenia",4,"Median","66",1978,6629,9366,15995.5
705,"Slovenia",4,"Median","67",1978,6457,9150,15607
705,"Slovenia",4,"Median","68",1978,6351,9116,15467.5
705,"Slovenia",4,"Median","69",1978,5978,8727,14705.5
705,"Slovenia",4,"Median","70",1978,5426,8194,13620.5
705,"Slovenia",4,"Median","71",1978,5000,7838,12838
705,"Slovenia",4,"Median","72",1978,4600,7406,12005.5
705,"Slovenia",4,"Median","73",1978,4154,6917,11071
705,"Slovenia",4,"Median","74",1978,3806,6474,10279
705,"Slovenia",4,"Median","75",1978,3530,6148,9678
705,"Slovenia",4,"Median","76",1978,3308,6012,9320
705,"Slovenia",4,"Median","77",1978,3013,5764,8777.5
705,"Slovenia",4,"Median","78",1978,2548,5116,7663.5
705,"Slovenia",4,"Median","79",1978,2047,4318,6365.5
705,"Slovenia",4,"Median","80",1978,1652,3753,5405
705,"Slovenia",4,"Median","81",1978,1346,3280,4625.5
705,"Slovenia",4,"Median","82",1978,1082,2782,3863
705,"Slovenia",4,"Median","83",1978,871,2316,3186.5
705,"Slovenia",4,"Median","84",1978,690,1884,2574
705,"Slovenia",4,"Median","85",1978,548,1563,2111.5
705,"Slovenia",4,"Median","86",1978,436,1292,1728
705,"Slovenia",4,"Median","87",1978,335,1022,1357
705,"Slovenia",4,"Median","88",1978,254,837,1091.5
705,"Slovenia",4,"Median","89",1978,196,684,880.5
705,"Slovenia",4,"Median","90",1978,148,532,680
705,"Slovenia",4,"Median","91",1978,108,399,507.5
705,"Slovenia",4,"Median","92",1978,78,287,365.5
705,"Slovenia",4,"Median","93",1978,58,200,258
705,"Slovenia",4,"Median","94",1978,41,136,176.5
705,"Slovenia",4,"Median","95",1978,26,88,115
705,"Slovenia",4,"Median","96",1978,16,55,71.5
705,"Slovenia",4,"Median","97",1978,10,34,44
705,"Slovenia",4,"Median","98",1978,6,20,27
705,"Slovenia",4,"Median","99",1978,4,12,16
705,"Slovenia",4,"Median","100",1978,1,5,6
705,"Slovenia",4,"Median","101",1978,1,3,4
705,"Slovenia",4,"Median","102",1978,1,2,3
705,"Slovenia",4,"Median","103",1978,0,1,1
705,"Slovenia",4,"Median","104",1978,0,1,1
705,"Slovenia",4,"Median","105",1978,0,1,1
705,"Slovenia",4,"Median","106",1978,0,0,0
705,"Slovenia",4,"Median","107",1978,0,0,0
705,"Slovenia",4,"Median","108",1978,0,0,0
705,"Slovenia",4,"Median","109",1978,0,0,0
705,"Slovenia",4,"Median","110",1978,0,0,0
705,"Slovenia",4,"Median","0",1979,15776,14954,30730.5
705,"Slovenia",4,"Median","1",1979,15542,14803,30345
705,"Slovenia",4,"Median","2",1979,15422,14842,30263
705,"Slovenia",4,"Median","3",1979,15210,14820,30030
705,"Slovenia",4,"Median","4",1979,14988,14491,29479
705,"Slovenia",4,"Median","5",1979,14812,14236,29048
705,"Slovenia",4,"Median","6",1979,14704,14180,28883
705,"Slovenia",4,"Median","7",1979,14456,14008,28464.5
705,"Slovenia",4,"Median","8",1979,13930,13694,27624
705,"Slovenia",4,"Median","9",1979,13742,13508,27250
705,"Slovenia",4,"Median","10",1979,13920,13612,27532.5
705,"Slovenia",4,"Median","11",1979,14258,14082,28339
705,"Slovenia",4,"Median","12",1979,14757,14610,29366.5
705,"Slovenia",4,"Median","13",1979,14852,14795,29647
705,"Slovenia",4,"Median","14",1979,14464,14570,29033.5
705,"Slovenia",4,"Median","15",1979,14288,14325,28612.5
705,"Slovenia",4,"Median","16",1979,14406,14375,28780.5
705,"Slovenia",4,"Median","17",1979,14417,14590,29007.5
705,"Slovenia",4,"Median","18",1979,14274,14800,29073
705,"Slovenia",4,"Median","19",1979,14397,14877,29274
705,"Slovenia",4,"Median","20",1979,14758,14962,29720.5
705,"Slovenia",4,"Median","21",1979,15263,15404,30667
705,"Slovenia",4,"Median","22",1979,16024,15996,32020
705,"Slovenia",4,"Median","23",1979,16568,16252,32820
705,"Slovenia",4,"Median","24",1979,16852,16320,33173
705,"Slovenia",4,"Median","25",1979,17148,16409,33556.5
705,"Slovenia",4,"Median","26",1979,17333,16391,33724
705,"Slovenia",4,"Median","27",1979,17210,16196,33406
705,"Slovenia",4,"Median","28",1979,17180,16122,33303
705,"Slovenia",4,"Median","29",1979,16714,15570,32284.5
705,"Slovenia",4,"Median","30",1979,15650,14616,30265.5
705,"Slovenia",4,"Median","31",1979,15015,14005,29020
705,"Slovenia",4,"Median","32",1979,14134,13217,27351.5
705,"Slovenia",4,"Median","33",1979,11940,11282,23222
705,"Slovenia",4,"Median","34",1979,11312,10585,21897.5
705,"Slovenia",4,"Median","35",1979,12855,12242,25096.5
705,"Slovenia",4,"Median","36",1979,13504,13114,26618
705,"Slovenia",4,"Median","37",1979,13414,12834,26248.5
705,"Slovenia",4,"Median","38",1979,13218,12506,25724.5
705,"Slovenia",4,"Median","39",1979,12976,12392,25367
705,"Slovenia",4,"Median","40",1979,12611,12242,24853.5
705,"Slovenia",4,"Median","41",1979,12424,12092,24516.5
705,"Slovenia",4,"Median","42",1979,12652,12270,24921
705,"Slovenia",4,"Median","43",1979,12668,12338,25006
705,"Slovenia",4,"Median","44",1979,12374,12450,24823
705,"Slovenia",4,"Median","45",1979,12236,12759,24994.5
705,"Slovenia",4,"Median","46",1979,12272,12956,25228
705,"Slovenia",4,"Median","47",1979,12374,13143,25516.5
705,"Slovenia",4,"Median","48",1979,12622,13374,25995.5
705,"Slovenia",4,"Median","49",1979,12220,13150,25371
705,"Slovenia",4,"Median","50",1979,11444,12722,24165.5
705,"Slovenia",4,"Median","51",1979,10722,12592,23314
705,"Slovenia",4,"Median","52",1979,9726,12552,22277
705,"Slovenia",4,"Median","53",1979,8913,12503,21416
705,"Slovenia",4,"Median","54",1979,8408,12219,20627
705,"Slovenia",4,"Median","55",1979,8119,11987,20106
705,"Slovenia",4,"Median","56",1979,7800,11742,19541.5
705,"Slovenia",4,"Median","57",1979,7403,11219,18622
705,"Slovenia",4,"Median","58",1979,6903,10348,17251.5
705,"Slovenia",4,"Median","59",1979,6130,9056,15186.5
705,"Slovenia",4,"Median","60",1979,4720,7005,11725
705,"Slovenia",4,"Median","61",1979,3600,5272,8871.5
705,"Slovenia",4,"Median","62",1979,3588,5081,8668.5
705,"Slovenia",4,"Median","63",1979,4246,6004,10250
705,"Slovenia",4,"Median","64",1979,5666,8002,13667.5
705,"Slovenia",4,"Median","65",1979,6552,9334,15885
705,"Slovenia",4,"Median","66",1979,6536,9420,15956.5
705,"Slovenia",4,"Median","67",1979,6384,9198,15582
705,"Slovenia",4,"Median","68",1979,6192,8966,15158.5
705,"Slovenia",4,"Median","69",1979,6062,8910,14971.5
705,"Slovenia",4,"Median","70",1979,5674,8504,14178
705,"Slovenia",4,"Median","71",1979,5121,7955,13076
705,"Slovenia",4,"Median","72",1979,4690,7580,12270.5
705,"Slovenia",4,"Median","73",1979,4293,7131,11424
705,"Slovenia",4,"Median","74",1979,3856,6632,10488
705,"Slovenia",4,"Median","75",1979,3516,6181,9696.5
705,"Slovenia",4,"Median","76",1979,3241,5844,9085
705,"Slovenia",4,"Median","77",1979,3014,5683,8696.5
705,"Slovenia",4,"Median","78",1979,2722,5415,8136.5
705,"Slovenia",4,"Median","79",1979,2280,4774,7054
705,"Slovenia",4,"Median","80",1979,1815,3998,5813.5
705,"Slovenia",4,"Median","81",1979,1449,3447,4896
705,"Slovenia",4,"Median","82",1979,1166,2986,4152
705,"Slovenia",4,"Median","83",1979,927,2506,3433.5
705,"Slovenia",4,"Median","84",1979,736,2064,2801
705,"Slovenia",4,"Median","85",1979,576,1660,2235
705,"Slovenia",4,"Median","86",1979,450,1360,1810
705,"Slovenia",4,"Median","87",1979,353,1108,1461.5
705,"Slovenia",4,"Median","88",1979,266,864,1129.5
705,"Slovenia",4,"Median","89",1979,200,696,895.5
705,"Slovenia",4,"Median","90",1979,150,559,709.5
705,"Slovenia",4,"Median","91",1979,112,427,538.5
705,"Slovenia",4,"Median","92",1979,80,314,394
705,"Slovenia",4,"Median","93",1979,57,220,277.5
705,"Slovenia",4,"Median","94",1979,40,151,191.5
705,"Slovenia",4,"Median","95",1979,28,100,128
705,"Slovenia",4,"Median","96",1979,18,64,81.5
705,"Slovenia",4,"Median","97",1979,10,38,49
705,"Slovenia",4,"Median","98",1979,7,23,30
705,"Slovenia",4,"Median","99",1979,4,14,18
705,"Slovenia",4,"Median","100",1979,1,5,6
705,"Slovenia",4,"Median","101",1979,1,3,4
705,"Slovenia",4,"Median","102",1979,1,2,3
705,"Slovenia",4,"Median","103",1979,0,1,1
705,"Slovenia",4,"Median","104",1979,0,1,1
705,"Slovenia",4,"Median","105",1979,0,1,1
705,"Slovenia",4,"Median","106",1979,0,0,0
705,"Slovenia",4,"Median","107",1979,0,0,0
705,"Slovenia",4,"Median","108",1979,0,0,0
705,"Slovenia",4,"Median","109",1979,0,0,0
705,"Slovenia",4,"Median","110",1979,0,0,0
705,"Slovenia",4,"Median","0",1980,15672,14994,30665.5
705,"Slovenia",4,"Median","1",1980,15698,14926,30623
705,"Slovenia",4,"Median","2",1980,15569,14856,30425
705,"Slovenia",4,"Median","3",1980,15461,14916,30377.5
705,"Slovenia",4,"Median","4",1980,15236,14900,30136
705,"Slovenia",4,"Median","5",1980,14996,14540,29536
705,"Slovenia",4,"Median","6",1980,14808,14268,29076
705,"Slovenia",4,"Median","7",1980,14699,14214,28913
705,"Slovenia",4,"Median","8",1980,14452,14032,28484.5
705,"Slovenia",4,"Median","9",1980,13941,13696,27637
705,"Slovenia",4,"Median","10",1980,13754,13490,27243
705,"Slovenia",4,"Median","11",1980,13918,13588,27506
705,"Slovenia",4,"Median","12",1980,14258,14056,28313.5
705,"Slovenia",4,"Median","13",1980,14760,14586,29345.5
705,"Slovenia",4,"Median","14",1980,14867,14786,29653
705,"Slovenia",4,"Median","15",1980,14488,14574,29061
705,"Slovenia",4,"Median","16",1980,14320,14344,28663.5
705,"Slovenia",4,"Median","17",1980,14452,14419,28870.5
705,"Slovenia",4,"Median","18",1980,14474,14674,29149
705,"Slovenia",4,"Median","19",1980,14356,14932,29287
705,"Slovenia",4,"Median","20",1980,14516,15044,29560
705,"Slovenia",4,"Median","21",1980,14906,15154,30061
705,"Slovenia",4,"Median","22",1980,15436,15612,31047.5
705,"Slovenia",4,"Median","23",1980,16219,16196,32415.5
705,"Slovenia",4,"Median","24",1980,16772,16428,33200.5
705,"Slovenia",4,"Median","25",1980,17059,16470,33528.5
705,"Slovenia",4,"Median","26",1980,17331,16531,33862
705,"Slovenia",4,"Median","27",1980,17477,16482,33959.5
705,"Slovenia",4,"Median","28",1980,17324,16254,33577
705,"Slovenia",4,"Median","29",1980,17254,16150,33404
705,"Slovenia",4,"Median","30",1980,16756,15585,32341
705,"Slovenia",4,"Median","31",1980,15670,14623,30293
705,"Slovenia",4,"Median","32",1980,15018,13998,29016.5
705,"Slovenia",4,"Median","33",1980,14125,13208,27332.5
705,"Slovenia",4,"Median","34",1980,11920,11272,23193
705,"Slovenia",4,"Median","35",1980,11284,10570,21853.5
705,"Slovenia",4,"Median","36",1980,12820,12220,25039.5
705,"Slovenia",4,"Median","37",1980,13460,13088,26548
705,"Slovenia",4,"Median","38",1980,13370,12811,26181
705,"Slovenia",4,"Median","39",1980,13179,12484,25663.5
705,"Slovenia",4,"Median","40",1980,12930,12370,25300
705,"Slovenia",4,"Median","41",1980,12560,12222,24781
705,"Slovenia",4,"Median","42",1980,12364,12068,24432
705,"Slovenia",4,"Median","43",1980,12580,12240,24820.5
705,"Slovenia",4,"Median","44",1980,12585,12300,24885
705,"Slovenia",4,"Median","45",1980,12282,12402,24683.5
705,"Slovenia",4,"Median","46",1980,12134,12706,24840
705,"Slovenia",4,"Median","47",1980,12160,12896,25056
705,"Slovenia",4,"Median","48",1980,12250,13076,25325
705,"Slovenia",4,"Median","49",1980,12492,13301,25793.5
705,"Slovenia",4,"Median","50",1980,12088,13082,25170.5
705,"Slovenia",4,"Median","51",1980,11310,12654,23964
705,"Slovenia",4,"Median","52",1980,10582,12516,23097.5
705,"Slovenia",4,"Median","53",1980,9587,12468,22055.5
705,"Slovenia",4,"Median","54",1980,8784,12415,21199.5
705,"Slovenia",4,"Median","55",1980,8286,12128,20413
705,"Slovenia",4,"Median","56",1980,7992,11898,19890.5
705,"Slovenia",4,"Median","57",1980,7674,11653,19326.5
705,"Slovenia",4,"Median","58",1980,7274,11123,18397.5
705,"Slovenia",4,"Median","59",1980,6772,10253,17024.5
705,"Slovenia",4,"Median","60",1980,6008,8966,14974.5
705,"Slovenia",4,"Median","61",1980,4619,6929,11548
705,"Slovenia",4,"Median","62",1980,3515,5208,8723
705,"Slovenia",4,"Median","63",1980,3495,5010,8505.5
705,"Slovenia",4,"Median","64",1980,4130,5909,10039.5
705,"Slovenia",4,"Median","65",1980,5500,7866,13365
705,"Slovenia",4,"Median","66",1980,6332,9184,15516.5
705,"Slovenia",4,"Median","67",1980,6292,9250,15543
705,"Slovenia",4,"Median","68",1980,6120,9012,15132.5
705,"Slovenia",4,"Median","69",1980,5908,8762,14670
705,"Slovenia",4,"Median","70",1980,5754,8682,14436
705,"Slovenia",4,"Median","71",1980,5359,8258,13617
705,"Slovenia",4,"Median","72",1980,4812,7697,12508.5
705,"Slovenia",4,"Median","73",1980,4384,7306,11689.5
705,"Slovenia",4,"Median","74",1980,3991,6844,10834.5
705,"Slovenia",4,"Median","75",1980,3568,6335,9902.5
705,"Slovenia",4,"Median","76",1980,3234,5876,9110
705,"Slovenia",4,"Median","77",1980,2958,5524,8482.5
705,"Slovenia",4,"Median","78",1980,2728,5338,8067
705,"Slovenia",4,"Median","79",1980,2444,5051,7494.5
705,"Slovenia",4,"Median","80",1980,2028,4418,6447
705,"Slovenia",4,"Median","81",1980,1598,3670,5268.5
705,"Slovenia",4,"Median","82",1980,1262,3134,4396.5
705,"Slovenia",4,"Median","83",1980,1004,2687,3691.5
705,"Slovenia",4,"Median","84",1980,788,2232,3019.5
705,"Slovenia",4,"Median","85",1980,618,1816,2433.5
705,"Slovenia",4,"Median","86",1980,476,1440,1916.5
705,"Slovenia",4,"Median","87",1980,368,1163,1530.5
705,"Slovenia",4,"Median","88",1980,283,934,1217
705,"Slovenia",4,"Median","89",1980,210,716,926
705,"Slovenia",4,"Median","90",1980,154,566,721
705,"Slovenia",4,"Median","91",1980,115,446,561.5
705,"Slovenia",4,"Median","92",1980,84,334,417.5
705,"Slovenia",4,"Median","93",1980,58,240,298.5
705,"Slovenia",4,"Median","94",1980,40,165,205.5
705,"Slovenia",4,"Median","95",1980,28,110,139
705,"Slovenia",4,"Median","96",1980,20,72,91
705,"Slovenia",4,"Median","97",1980,12,44,56
705,"Slovenia",4,"Median","98",1980,7,26,33
705,"Slovenia",4,"Median","99",1980,4,16,19.5
705,"Slovenia",4,"Median","100",1980,2,6,8
705,"Slovenia",4,"Median","101",1980,1,4,5
705,"Slovenia",4,"Median","102",1980,1,3,4
705,"Slovenia",4,"Median","103",1980,1,2,3
705,"Slovenia",4,"Median","104",1980,0,1,1
705,"Slovenia",4,"Median","105",1980,0,1,1
705,"Slovenia",4,"Median","106",1980,0,1,1
705,"Slovenia",4,"Median","107",1980,0,0,0
705,"Slovenia",4,"Median","108",1980,0,0,0
705,"Slovenia",4,"Median","109",1980,0,0,0
705,"Slovenia",4,"Median","110",1980,0,0,0
705,"Slovenia",4,"Median","0",1981,15350,14717,30067.5
705,"Slovenia",4,"Median","1",1981,15609,14866,30475
705,"Slovenia",4,"Median","2",1981,15714,14860,30575
705,"Slovenia",4,"Median","3",1981,15629,14766,30395.5
705,"Slovenia",4,"Median","4",1981,15476,14864,30340
705,"Slovenia",4,"Median","5",1981,15320,14891,30210.5
705,"Slovenia",4,"Median","6",1981,15040,14503,29542.5
705,"Slovenia",4,"Median","7",1981,14848,14196,29043.5
705,"Slovenia",4,"Median","8",1981,14766,14208,28973.5
705,"Slovenia",4,"Median","9",1981,14495,13990,28485
705,"Slovenia",4,"Median","10",1981,14018,13611,27629
705,"Slovenia",4,"Median","11",1981,13772,13436,27208
705,"Slovenia",4,"Median","12",1981,14007,13554,27561.5
705,"Slovenia",4,"Median","13",1981,14360,13974,28334
705,"Slovenia",4,"Median","14",1981,14768,14550,29317
705,"Slovenia",4,"Median","15",1981,14970,14732,29702
705,"Slovenia",4,"Median","16",1981,14560,14564,29124.5
705,"Slovenia",4,"Median","17",1981,14370,14338,28707.5
705,"Slovenia",4,"Median","18",1981,14518,14448,28966.5
705,"Slovenia",4,"Median","19",1981,14556,14730,29285
705,"Slovenia",4,"Median","20",1981,14460,15047,29506.5
705,"Slovenia",4,"Median","21",1981,14625,15116,29741.5
705,"Slovenia",4,"Median","22",1981,15038,15214,30252
705,"Slovenia",4,"Median","23",1981,15528,15620,31147.5
705,"Slovenia",4,"Median","24",1981,16310,16256,32565
705,"Slovenia",4,"Median","25",1981,16902,16432,33333.5
705,"Slovenia",4,"Median","26",1981,17170,16449,33619
705,"Slovenia",4,"Median","27",1981,17316,16485,33801.5
705,"Slovenia",4,"Median","28",1981,17526,16432,33958.5
705,"Slovenia",4,"Median","29",1981,17320,16208,33527.5
705,"Slovenia",4,"Median","30",1981,17184,16044,33229
705,"Slovenia",4,"Median","31",1981,16722,15522,32244
705,"Slovenia",4,"Median","32",1981,15580,14492,30072
705,"Slovenia",4,"Median","33",1981,14959,13931,28890
705,"Slovenia",4,"Median","34",1981,14068,13140,27207.5
705,"Slovenia",4,"Median","35",1981,11832,11232,23063
705,"Slovenia",4,"Median","36",1981,11157,10405,21562
705,"Slovenia",4,"Median","37",1981,12780,12202,24981
705,"Slovenia",4,"Median","38",1981,13375,13004,26379.5
705,"Slovenia",4,"Median","39",1981,13326,12764,26089.5
705,"Slovenia",4,"Median","40",1981,13046,12316,25363
705,"Slovenia",4,"Median","41",1981,12889,12324,25213
705,"Slovenia",4,"Median","42",1981,12475,12150,24624.5
705,"Slovenia",4,"Median","43",1981,12286,12000,24286
705,"Slovenia",4,"Median","44",1981,12468,12142,24610
705,"Slovenia",4,"Median","45",1981,12513,12226,24739.5
705,"Slovenia",4,"Median","46",1981,12190,12312,24502
705,"Slovenia",4,"Median","47",1981,12048,12596,24644
705,"Slovenia",4,"Median","48",1981,12029,12794,24822.5
705,"Slovenia",4,"Median","49",1981,12180,13010,25191
705,"Slovenia",4,"Median","50",1981,12318,13168,25486
705,"Slovenia",4,"Median","51",1981,12026,13008,25033.5
705,"Slovenia",4,"Median","52",1981,11149,12488,23637
705,"Slovenia",4,"Median","53",1981,10443,12404,22846.5
705,"Slovenia",4,"Median","54",1981,9485,12320,21805.5
705,"Slovenia",4,"Median","55",1981,8648,12300,20947.5
705,"Slovenia",4,"Median","56",1981,8211,12002,20213
705,"Slovenia",4,"Median","57",1981,7848,11804,19652.5
705,"Slovenia",4,"Median","58",1981,7604,11519,19123
705,"Slovenia",4,"Median","59",1981,7138,11003,18141.5
705,"Slovenia",4,"Median","60",1981,6634,10124,16757.5
705,"Slovenia",4,"Median","61",1981,5900,8861,14761.5
705,"Slovenia",4,"Median","62",1981,4532,6827,11359.5
705,"Slovenia",4,"Median","63",1981,3404,5074,8477.5
705,"Slovenia",4,"Median","64",1981,3405,4912,8317.5
705,"Slovenia",4,"Median","65",1981,3984,5748,9732.5
705,"Slovenia",4,"Median","66",1981,5312,7740,13052.5
705,"Slovenia",4,"Median","67",1981,6094,9018,15112.5
705,"Slovenia",4,"Median","68",1981,6032,9063,15095
705,"Slovenia",4,"Median","69",1981,5842,8806,14648
705,"Slovenia",4,"Median","70",1981,5614,8538,14152
705,"Slovenia",4,"Median","71",1981,5442,8434,13876
705,"Slovenia",4,"Median","72",1981,5044,7994,13038.5
705,"Slovenia",4,"Median","73",1981,4504,7423,11927
705,"Slovenia",4,"Median","74",1981,4080,7014,11094
705,"Slovenia",4,"Median","75",1981,3694,6538,10232.5
705,"Slovenia",4,"Median","76",1981,3284,6023,9306.5
705,"Slovenia",4,"Median","77",1981,2954,5554,8508
705,"Slovenia",4,"Median","78",1981,2682,5188,7869.5
705,"Slovenia",4,"Median","79",1981,2452,4978,7430.5
705,"Slovenia",4,"Median","80",1981,2176,4674,6849.5
705,"Slovenia",4,"Median","81",1981,1788,4053,5841.5
705,"Slovenia",4,"Median","82",1981,1394,3334,4729
705,"Slovenia",4,"Median","83",1981,1089,2818,3907.5
705,"Slovenia",4,"Median","84",1981,856,2389,3245.5
705,"Slovenia",4,"Median","85",1981,664,1960,2623
705,"Slovenia",4,"Median","86",1981,513,1573,2086
705,"Slovenia",4,"Median","87",1981,390,1230,1619.5
705,"Slovenia",4,"Median","88",1981,296,978,1273.5
705,"Slovenia",4,"Median","89",1981,225,772,996.5
705,"Slovenia",4,"Median","90",1981,164,580,744
705,"Slovenia",4,"Median","91",1981,118,450,569
705,"Slovenia",4,"Median","92",1981,86,348,434
705,"Slovenia",4,"Median","93",1981,62,254,316
705,"Slovenia",4,"Median","94",1981,42,178,221
705,"Slovenia",4,"Median","95",1981,29,120,149
705,"Slovenia",4,"Median","96",1981,20,78,98
705,"Slovenia",4,"Median","97",1981,13,49,62
705,"Slovenia",4,"Median","98",1981,8,30,37.5
705,"Slovenia",4,"Median","99",1981,4,17,21.5
705,"Slovenia",4,"Median","100",1981,2,7,9
705,"Slovenia",4,"Median","101",1981,1,4,5
705,"Slovenia",4,"Median","102",1981,1,3,4
705,"Slovenia",4,"Median","103",1981,1,2,3
705,"Slovenia",4,"Median","104",1981,0,1,1
705,"Slovenia",4,"Median","105",1981,0,1,1
705,"Slovenia",4,"Median","106",1981,0,1,1
705,"Slovenia",4,"Median","107",1981,0,0,0
705,"Slovenia",4,"Median","108",1981,0,0,0
705,"Slovenia",4,"Median","109",1981,0,0,0
705,"Slovenia",4,"Median","110",1981,0,0,0
705,"Slovenia",4,"Median","0",1982,14991,14165,29156
705,"Slovenia",4,"Median","1",1982,15164,14418,29581.5
705,"Slovenia",4,"Median","2",1982,15644,14668,30311.5
705,"Slovenia",4,"Median","3",1982,15761,14614,30374.5
705,"Slovenia",4,"Median","4",1982,15670,14498,30168.5
705,"Slovenia",4,"Median","5",1982,15536,14682,30218.5
705,"Slovenia",4,"Median","6",1982,15454,14767,30221.5
705,"Slovenia",4,"Median","7",1982,15137,14332,29468.5
705,"Slovenia",4,"Median","8",1982,14972,14046,29018.5
705,"Slovenia",4,"Median","9",1982,14902,14120,29022.5
705,"Slovenia",4,"Median","10",1982,14618,13838,28457
705,"Slovenia",4,"Median","11",1982,14124,13462,27586
705,"Slovenia",4,"Median","12",1982,13882,13362,27243
705,"Slovenia",4,"Median","13",1982,14226,13464,27690
705,"Slovenia",4,"Median","14",1982,14500,13862,28362
705,"Slovenia",4,"Median","15",1982,14866,14465,29330.5
705,"Slovenia",4,"Median","16",1982,15152,14650,29802
705,"Slovenia",4,"Median","17",1982,14669,14526,29194.5
705,"Slovenia",4,"Median","18",1982,14447,14309,28756
705,"Slovenia",4,"Median","19",1982,14616,14446,29061
705,"Slovenia",4,"Median","20",1982,14668,14759,29426.5
705,"Slovenia",4,"Median","21",1982,14563,15062,29625.5
705,"Slovenia",4,"Median","22",1982,14715,15024,29739.5
705,"Slovenia",4,"Median","23",1982,15084,15030,30113
705,"Slovenia",4,"Median","24",1982,15490,15420,30909.5
705,"Slovenia",4,"Median","25",1982,16290,16096,32386
705,"Slovenia",4,"Median","26",1982,16910,16208,33118.5
705,"Slovenia",4,"Median","27",1982,17052,16204,33256
705,"Slovenia",4,"Median","28",1982,17140,16242,33382
705,"Slovenia",4,"Median","29",1982,17426,16231,33656.5
705,"Slovenia",4,"Median","30",1982,17134,15992,33127
705,"Slovenia",4,"Median","31",1982,16992,15817,32808.5
705,"Slovenia",4,"Median","32",1982,16552,15295,31846.5
705,"Slovenia",4,"Median","33",1982,15393,14252,29645
705,"Slovenia",4,"Median","34",1982,14832,13785,28617.5
705,"Slovenia",4,"Median","35",1982,13926,13022,26947.5
705,"Slovenia",4,"Median","36",1982,11622,11032,22653
705,"Slovenia",4,"Median","37",1982,10994,10194,21187
705,"Slovenia",4,"Median","38",1982,12697,12127,24824
705,"Slovenia",4,"Median","39",1982,13276,12881,26156.5
705,"Slovenia",4,"Median","40",1982,13190,12565,25755
705,"Slovenia",4,"Median","41",1982,12889,12076,24965
705,"Slovenia",4,"Median","42",1982,12818,12220,25039
705,"Slovenia",4,"Median","43",1982,12365,12017,24382
705,"Slovenia",4,"Median","44",1982,12165,11847,24012
705,"Slovenia",4,"Median","45",1982,12355,11986,24341
705,"Slovenia",4,"Median","46",1982,12446,12100,24546.5
705,"Slovenia",4,"Median","47",1982,12116,12154,24269.5
705,"Slovenia",4,"Median","48",1982,11952,12424,24376
705,"Slovenia",4,"Median","49",1982,11948,12682,24630
705,"Slovenia",4,"Median","50",1982,12086,12888,24974.5
705,"Slovenia",4,"Median","51",1982,12202,13010,25212
705,"Slovenia",4,"Median","52",1982,11962,12834,24795
705,"Slovenia",4,"Median","53",1982,10982,12252,23234
705,"Slovenia",4,"Median","54",1982,10344,12214,22558.5
705,"Slovenia",4,"Median","55",1982,9392,12122,21515
705,"Slovenia",4,"Median","56",1982,8562,12141,20703
705,"Slovenia",4,"Median","57",1982,8140,11862,20002
705,"Slovenia",4,"Median","58",1982,7758,11668,19425.5
705,"Slovenia",4,"Median","59",1982,7548,11348,18895.5
705,"Slovenia",4,"Median","60",1982,6996,10842,17838.5
705,"Slovenia",4,"Median","61",1982,6510,9970,16479.5
705,"Slovenia",4,"Median","62",1982,5812,8725,14536.5
705,"Slovenia",4,"Median","63",1982,4423,6644,11066.5
705,"Slovenia",4,"Median","64",1982,3287,4888,8175.5
705,"Slovenia",4,"Median","65",1982,3285,4739,8024
705,"Slovenia",4,"Median","66",1982,3844,5656,9500
705,"Slovenia",4,"Median","67",1982,5110,7600,12710.5
705,"Slovenia",4,"Median","68",1982,5838,8832,14670
705,"Slovenia",4,"Median","69",1982,5757,8855,14612
705,"Slovenia",4,"Median","70",1982,5554,8583,14137.5
705,"Slovenia",4,"Median","71",1982,5309,8292,13601
705,"Slovenia",4,"Median","72",1982,5122,8161,13283
705,"Slovenia",4,"Median","73",1982,4722,7706,12427.5
705,"Slovenia",4,"Median","74",1982,4189,7118,11307.5
705,"Slovenia",4,"Median","75",1982,3769,6692,10461
705,"Slovenia",4,"Median","76",1982,3388,6208,9596.5
705,"Slovenia",4,"Median","77",1982,2988,5684,8672
705,"Slovenia",4,"Median","78",1982,2666,5206,7872.5
705,"Slovenia",4,"Median","79",1982,2399,4827,7226
705,"Slovenia",4,"Median","80",1982,2173,4594,6767
705,"Slovenia",4,"Median","81",1982,1908,4274,6181.5
705,"Slovenia",4,"Median","82",1982,1550,3670,5220
705,"Slovenia",4,"Median","83",1982,1194,2986,4181
705,"Slovenia",4,"Median","84",1982,922,2494,3416
705,"Slovenia",4,"Median","85",1982,714,2086,2801
705,"Slovenia",4,"Median","86",1982,546,1688,2233
705,"Slovenia",4,"Median","87",1982,416,1334,1749
705,"Slovenia",4,"Median","88",1982,310,1025,1335.5
705,"Slovenia",4,"Median","89",1982,232,800,1033
705,"Slovenia",4,"Median","90",1982,173,619,792
705,"Slovenia",4,"Median","91",1982,124,456,580.5
705,"Slovenia",4,"Median","92",1982,88,346,434.5
705,"Slovenia",4,"Median","93",1982,63,262,324.5
705,"Slovenia",4,"Median","94",1982,44,186,230.5
705,"Slovenia",4,"Median","95",1982,30,128,157
705,"Slovenia",4,"Median","96",1982,20,83,102.5
705,"Slovenia",4,"Median","97",1982,13,52,65.5
705,"Slovenia",4,"Median","98",1982,9,32,41
705,"Slovenia",4,"Median","99",1982,5,19,24
705,"Slovenia",4,"Median","100",1982,2,7,9
705,"Slovenia",4,"Median","101",1982,1,5,6
705,"Slovenia",4,"Median","102",1982,1,3,4
705,"Slovenia",4,"Median","103",1982,1,2,3
705,"Slovenia",4,"Median","104",1982,0,2,2
705,"Slovenia",4,"Median","105",1982,0,1,1
705,"Slovenia",4,"Median","106",1982,0,1,1
705,"Slovenia",4,"Median","107",1982,0,0,0
705,"Slovenia",4,"Median","108",1982,0,0,0
705,"Slovenia",4,"Median","109",1982,0,0,0
705,"Slovenia",4,"Median","110",1982,0,0,0
705,"Slovenia",4,"Median","0",1983,14270,13511,27780.5
705,"Slovenia",4,"Median","1",1983,14837,13978,28815
705,"Slovenia",4,"Median","2",1983,15201,14322,29523
705,"Slovenia",4,"Median","3",1983,15664,14554,30218
705,"Slovenia",4,"Median","4",1983,15816,14450,30266.5
705,"Slovenia",4,"Median","5",1983,15672,14372,30044
705,"Slovenia",4,"Median","6",1983,15633,14626,30258.5
705,"Slovenia",4,"Median","7",1983,15508,14686,30194.5
705,"Slovenia",4,"Median","8",1983,15190,14216,29406
705,"Slovenia",4,"Median","9",1983,15072,14005,29077
705,"Slovenia",4,"Median","10",1983,14960,14054,29015
705,"Slovenia",4,"Median","11",1983,14712,13730,28443
705,"Slovenia",4,"Median","12",1983,14152,13417,27569
705,"Slovenia",4,"Median","13",1983,13998,13339,27337.5
705,"Slovenia",4,"Median","14",1983,14360,13384,27743.5
705,"Slovenia",4,"Median","15",1983,14519,13854,28373
705,"Slovenia",4,"Median","16",1983,14998,14420,29418
705,"Slovenia",4,"Median","17",1983,15240,14698,29937.5
705,"Slovenia",4,"Median","18",1983,14738,14564,29301
705,"Slovenia",4,"Median","19",1983,14524,14399,28922.5
705,"Slovenia",4,"Median","20",1983,14704,14560,29264
705,"Slovenia",4,"Median","21",1983,14834,14886,29720.5
705,"Slovenia",4,"Median","22",1983,14698,15084,29782
705,"Slovenia",4,"Median","23",1983,14868,14988,29856.5
705,"Slovenia",4,"Median","24",1983,15137,14903,30040
705,"Slovenia",4,"Median","25",1983,15514,15372,30886
705,"Slovenia",4,"Median","26",1983,16324,15993,32316.5
705,"Slovenia",4,"Median","27",1983,16911,16070,32981
705,"Slovenia",4,"Median","28",1983,16894,16044,32937.5
705,"Slovenia",4,"Median","29",1983,17086,16120,33206
705,"Slovenia",4,"Median","30",1983,17312,16138,33450
705,"Slovenia",4,"Median","31",1983,16962,15826,32787
705,"Slovenia",4,"Median","32",1983,16890,15712,32603
705,"Slovenia",4,"Median","33",1983,16402,15122,31524.5
705,"Slovenia",4,"Median","34",1983,15294,14158,29452.5
705,"Slovenia",4,"Median","35",1983,14732,13686,28418.5
705,"Slovenia",4,"Median","36",1983,13796,12963,26759
705,"Slovenia",4,"Median","37",1983,11452,10825,22276.5
705,"Slovenia",4,"Median","38",1983,10940,10180,21119.5
705,"Slovenia",4,"Median","39",1983,12584,12038,24622
705,"Slovenia",4,"Median","40",1983,13219,12827,26046
705,"Slovenia",4,"Median","41",1983,13018,12342,25361
705,"Slovenia",4,"Median","42",1983,12839,12028,24867
705,"Slovenia",4,"Median","43",1983,12716,12130,24846
705,"Slovenia",4,"Median","44",1983,12264,11935,24199
705,"Slovenia",4,"Median","45",1983,12034,11723,23757
705,"Slovenia",4,"Median","46",1983,12288,11910,24198
705,"Slovenia",4,"Median","47",1983,12352,12002,24353.5
705,"Slovenia",4,"Median","48",1983,12040,12031,24070.5
705,"Slovenia",4,"Median","49",1983,11810,12321,24131.5
705,"Slovenia",4,"Median","50",1983,11890,12636,24525.5
705,"Slovenia",4,"Median","51",1983,11894,12747,24640.5
705,"Slovenia",4,"Median","52",1983,12150,12926,25076.5
705,"Slovenia",4,"Median","53",1983,11760,12632,24392.5
705,"Slovenia",4,"Median","54",1983,10826,12132,22957.5
705,"Slovenia",4,"Median","55",1983,10237,12058,22295
705,"Slovenia",4,"Median","56",1983,9218,11998,21215
705,"Slovenia",4,"Median","57",1983,8484,12001,20484.5
705,"Slovenia",4,"Median","58",1983,7964,11770,19734.5
705,"Slovenia",4,"Median","59",1983,7692,11502,19194
705,"Slovenia",4,"Median","60",1983,7373,11217,18590
705,"Slovenia",4,"Median","61",1983,6832,10691,17522.5
705,"Slovenia",4,"Median","62",1983,6372,9848,16219.5
705,"Slovenia",4,"Median","63",1983,5683,8584,14266.5
705,"Slovenia",4,"Median","64",1983,4267,6468,10735.5
705,"Slovenia",4,"Median","65",1983,3188,4783,7971.5
705,"Slovenia",4,"Median","66",1983,3166,4662,7828
705,"Slovenia",4,"Median","67",1983,3698,5554,9251.5
705,"Slovenia",4,"Median","68",1983,4894,7440,12334.5
705,"Slovenia",4,"Median","69",1983,5569,8628,14196.5
705,"Slovenia",4,"Median","70",1983,5478,8628,14106.5
705,"Slovenia",4,"Median","71",1983,5254,8330,13585
705,"Slovenia",4,"Median","72",1983,4996,8021,13017.5
705,"Slovenia",4,"Median","73",1983,4794,7864,12658
705,"Slovenia",4,"Median","74",1983,4384,7381,11765.5
705,"Slovenia",4,"Median","75",1983,3858,6780,10637.5
705,"Slovenia",4,"Median","76",1983,3443,6341,9784
705,"Slovenia",4,"Median","77",1983,3070,5844,8914.5
705,"Slovenia",4,"Median","78",1983,2683,5312,7995.5
705,"Slovenia",4,"Median","79",1983,2371,4828,7199
705,"Slovenia",4,"Median","80",1983,2111,4438,6549
705,"Slovenia",4,"Median","81",1983,1891,4184,6074.5
705,"Slovenia",4,"Median","82",1983,1640,3850,5490.5
705,"Slovenia",4,"Median","83",1983,1316,3267,4582.5
705,"Slovenia",4,"Median","84",1983,1000,2625,3624.5
705,"Slovenia",4,"Median","85",1983,760,2162,2921.5
705,"Slovenia",4,"Median","86",1983,580,1782,2361.5
705,"Slovenia",4,"Median","87",1983,436,1416,1852
705,"Slovenia",4,"Median","88",1983,326,1100,1425.5
705,"Slovenia",4,"Median","89",1983,240,829,1068.5
705,"Slovenia",4,"Median","90",1983,176,634,809.5
705,"Slovenia",4,"Median","91",1983,128,480,608.5
705,"Slovenia",4,"Median","92",1983,90,346,435.5
705,"Slovenia",4,"Median","93",1983,62,256,319
705,"Slovenia",4,"Median","94",1983,44,188,231.5
705,"Slovenia",4,"Median","95",1983,30,130,160
705,"Slovenia",4,"Median","96",1983,20,86,106
705,"Slovenia",4,"Median","97",1983,12,55,67.5
705,"Slovenia",4,"Median","98",1983,8,34,42
705,"Slovenia",4,"Median","99",1983,5,20,25
705,"Slovenia",4,"Median","100",1983,2,8,10
705,"Slovenia",4,"Median","101",1983,2,5,7
705,"Slovenia",4,"Median","102",1983,1,4,5
705,"Slovenia",4,"Median","103",1983,1,2,3
705,"Slovenia",4,"Median","104",1983,0,2,2
705,"Slovenia",4,"Median","105",1983,0,1,1
705,"Slovenia",4,"Median","106",1983,0,1,1
705,"Slovenia",4,"Median","107",1983,0,1,1
705,"Slovenia",4,"Median","108",1983,0,0,0
705,"Slovenia",4,"Median","109",1983,0,0,0
705,"Slovenia",4,"Median","110",1983,0,0,0
705,"Slovenia",4,"Median","0",1984,13540,12940,26480
705,"Slovenia",4,"Median","1",1984,14266,13512,27778.5
705,"Slovenia",4,"Median","2",1984,14848,14010,28858.5
705,"Slovenia",4,"Median","3",1984,15237,14346,29583
705,"Slovenia",4,"Median","4",1984,15678,14572,30250.5
705,"Slovenia",4,"Median","5",1984,15836,14468,30304
705,"Slovenia",4,"Median","6",1984,15688,14384,30071.5
705,"Slovenia",4,"Median","7",1984,15636,14636,30271
705,"Slovenia",4,"Median","8",1984,15508,14694,30202
705,"Slovenia",4,"Median","9",1984,15200,14216,29416
705,"Slovenia",4,"Median","10",1984,15074,14014,29089
705,"Slovenia",4,"Median","11",1984,14972,14056,29027.5
705,"Slovenia",4,"Median","12",1984,14722,13738,28460
705,"Slovenia",4,"Median","13",1984,14153,13419,27572
705,"Slovenia",4,"Median","14",1984,14000,13352,27352.5
705,"Slovenia",4,"Median","15",1984,14380,13422,27802
705,"Slovenia",4,"Median","16",1984,14536,13890,28426
705,"Slovenia",4,"Median","17",1984,15025,14525,29550
705,"Slovenia",4,"Median","18",1984,15302,14810,30111
705,"Slovenia",4,"Median","19",1984,14786,14771,29557.5
705,"Slovenia",4,"Median","20",1984,14599,14638,29237
705,"Slovenia",4,"Median","21",1984,14881,14738,29618.5
705,"Slovenia",4,"Median","22",1984,15006,15030,30037
705,"Slovenia",4,"Median","23",1984,14899,15196,30095
705,"Slovenia",4,"Median","24",1984,15012,15072,30085
705,"Slovenia",4,"Median","25",1984,15258,14958,30215.5
705,"Slovenia",4,"Median","26",1984,15602,15422,31024
705,"Slovenia",4,"Median","27",1984,16370,16004,32373.5
705,"Slovenia",4,"Median","28",1984,16929,16061,32990
705,"Slovenia",4,"Median","29",1984,16885,16053,32938
705,"Slovenia",4,"Median","30",1984,17047,16128,33175.5
705,"Slovenia",4,"Median","31",1984,17262,16124,33386
705,"Slovenia",4,"Median","32",1984,16927,15816,32742.5
705,"Slovenia",4,"Median","33",1984,16832,15704,32535
705,"Slovenia",4,"Median","34",1984,16348,15098,31446
705,"Slovenia",4,"Median","35",1984,15224,14138,29362
705,"Slovenia",4,"Median","36",1984,14672,13661,28333
705,"Slovenia",4,"Median","37",1984,13734,12954,26688.5
705,"Slovenia",4,"Median","38",1984,11401,10806,22207
705,"Slovenia",4,"Median","39",1984,10879,10173,21052
705,"Slovenia",4,"Median","40",1984,12523,12022,24544.5
705,"Slovenia",4,"Median","41",1984,13166,12800,25966
705,"Slovenia",4,"Median","42",1984,12952,12326,25278.5
705,"Slovenia",4,"Median","43",1984,12764,11998,24762
705,"Slovenia",4,"Median","44",1984,12637,12102,24739
705,"Slovenia",4,"Median","45",1984,12160,11902,24061
705,"Slovenia",4,"Median","46",1984,11944,11691,23635
705,"Slovenia",4,"Median","47",1984,12197,11871,24068
705,"Slovenia",4,"Median","48",1984,12255,11961,24216
705,"Slovenia",4,"Median","49",1984,11910,11988,23898.5
705,"Slovenia",4,"Median","50",1984,11680,12284,23964
705,"Slovenia",4,"Median","51",1984,11748,12582,24329.5
705,"Slovenia",4,"Median","52",1984,11729,12677,24406
705,"Slovenia",4,"Median","53",1984,11970,12854,24823.5
705,"Slovenia",4,"Median","54",1984,11576,12562,24137
705,"Slovenia",4,"Median","55",1984,10632,12062,22694
705,"Slovenia",4,"Median","56",1984,10044,11970,22014.5
705,"Slovenia",4,"Median","57",1984,9054,11918,20972.5
705,"Slovenia",4,"Median","58",1984,8310,11918,20227
705,"Slovenia",4,"Median","59",1984,7800,11654,19454
705,"Slovenia",4,"Median","60",1984,7495,11398,18893.5
705,"Slovenia",4,"Median","61",1984,7190,11110,18299.5
705,"Slovenia",4,"Median","62",1984,6658,10572,17229.5
705,"Slovenia",4,"Median","63",1984,6194,9727,15921.5
705,"Slovenia",4,"Median","64",1984,5526,8479,14005.5
705,"Slovenia",4,"Median","65",1984,4123,6374,10497.5
705,"Slovenia",4,"Median","66",1984,3074,4704,7779
705,"Slovenia",4,"Median","67",1984,3050,4577,7627
705,"Slovenia",4,"Median","68",1984,3542,5436,8978.5
705,"Slovenia",4,"Median","69",1984,4664,7266,11930
705,"Slovenia",4,"Median","70",1984,5300,8402,13701.5
705,"Slovenia",4,"Median","71",1984,5188,8374,13562
705,"Slovenia",4,"Median","72",1984,4948,8062,13009.5
705,"Slovenia",4,"Median","73",1984,4682,7731,12413
705,"Slovenia",4,"Median","74",1984,4456,7530,11985.5
705,"Slovenia",4,"Median","75",1984,4034,7023,11056.5
705,"Slovenia",4,"Median","76",1984,3516,6415,9931
705,"Slovenia",4,"Median","77",1984,3112,5959,9071
705,"Slovenia",4,"Median","78",1984,2748,5452,8199.5
705,"Slovenia",4,"Median","79",1984,2378,4914,7292
705,"Slovenia",4,"Median","80",1984,2078,4426,6503.5
705,"Slovenia",4,"Median","81",1984,1828,4026,5855
705,"Slovenia",4,"Median","82",1984,1618,3753,5370.5
705,"Slovenia",4,"Median","83",1984,1384,3412,4795.5
705,"Slovenia",4,"Median","84",1984,1094,2856,3949.5
705,"Slovenia",4,"Median","85",1984,818,2261,3079
705,"Slovenia",4,"Median","86",1984,612,1833,2445
705,"Slovenia",4,"Median","87",1984,459,1484,1942.5
705,"Slovenia",4,"Median","88",1984,338,1158,1496
705,"Slovenia",4,"Median","89",1984,248,880,1129
705,"Slovenia",4,"Median","90",1984,179,650,828.5
705,"Slovenia",4,"Median","91",1984,128,486,614
705,"Slovenia",4,"Median","92",1984,92,358,450
705,"Slovenia",4,"Median","93",1984,63,252,314.5
705,"Slovenia",4,"Median","94",1984,42,182,224
705,"Slovenia",4,"Median","95",1984,29,130,158.5
705,"Slovenia",4,"Median","96",1984,20,87,106.5
705,"Slovenia",4,"Median","97",1984,12,56,68.5
705,"Slovenia",4,"Median","98",1984,8,34,42.5
705,"Slovenia",4,"Median","99",1984,5,20,25.5
705,"Slovenia",4,"Median","100",1984,2,8,10
705,"Slovenia",4,"Median","101",1984,1,5,6
705,"Slovenia",4,"Median","102",1984,1,4,5
705,"Slovenia",4,"Median","103",1984,1,3,4
705,"Slovenia",4,"Median","104",1984,0,2,2
705,"Slovenia",4,"Median","105",1984,0,1,1
705,"Slovenia",4,"Median","106",1984,0,1,1
705,"Slovenia",4,"Median","107",1984,0,1,1
705,"Slovenia",4,"Median","108",1984,0,0,0
705,"Slovenia",4,"Median","109",1984,0,0,0
705,"Slovenia",4,"Median","110",1984,0,0,0
705,"Slovenia",4,"Median","0",1985,13234,12612,25846
705,"Slovenia",4,"Median","1",1985,13534,12955,26489
705,"Slovenia",4,"Median","2",1985,14280,13560,27840.5
705,"Slovenia",4,"Median","3",1985,14896,14042,28938.5
705,"Slovenia",4,"Median","4",1985,15252,14373,29625
705,"Slovenia",4,"Median","5",1985,15700,14586,30286.5
705,"Slovenia",4,"Median","6",1985,15856,14479,30334.5
705,"Slovenia",4,"Median","7",1985,15700,14394,30094.5
705,"Slovenia",4,"Median","8",1985,15642,14632,30274
705,"Slovenia",4,"Median","9",1985,15521,14699,30220
705,"Slovenia",4,"Median","10",1985,15208,14226,29434
705,"Slovenia",4,"Median","11",1985,15078,14022,29099.5
705,"Slovenia",4,"Median","12",1985,14976,14053,29029.5
705,"Slovenia",4,"Median","13",1985,14720,13739,28459
705,"Slovenia",4,"Median","14",1985,14158,13434,27592
705,"Slovenia",4,"Median","15",1985,14014,13389,27403.5
705,"Slovenia",4,"Median","16",1985,14385,13457,27842
705,"Slovenia",4,"Median","17",1985,14562,13976,28537.5
705,"Slovenia",4,"Median","18",1985,15070,14641,29711.5
705,"Slovenia",4,"Median","19",1985,15339,15018,30357.5
705,"Slovenia",4,"Median","20",1985,14870,15002,29871
705,"Slovenia",4,"Median","21",1985,14746,14819,29565.5
705,"Slovenia",4,"Median","22",1985,15024,14902,29927
705,"Slovenia",4,"Median","23",1985,15181,15150,30331
705,"Slovenia",4,"Median","24",1985,15038,15286,30324.5
705,"Slovenia",4,"Median","25",1985,15126,15145,30271
705,"Slovenia",4,"Median","26",1985,15372,15002,30374
705,"Slovenia",4,"Median","27",1985,15657,15441,31098
705,"Slovenia",4,"Median","28",1985,16383,16005,32388
705,"Slovenia",4,"Median","29",1985,16932,16068,33000.5
705,"Slovenia",4,"Median","30",1985,16860,16066,32925
705,"Slovenia",4,"Median","31",1985,17009,16118,33126.5
705,"Slovenia",4,"Median","32",1985,17234,16117,33351.5
705,"Slovenia",4,"Median","33",1985,16860,15788,32647.5
705,"Slovenia",4,"Median","34",1985,16764,15672,32436
705,"Slovenia",4,"Median","35",1985,16280,15080,31360.5
705,"Slovenia",4,"Median","36",1985,15156,14118,29274
705,"Slovenia",4,"Median","37",1985,14606,13638,28244
705,"Slovenia",4,"Median","38",1985,13690,12936,26626
705,"Slovenia",4,"Median","39",1985,11345,10786,22131.5
705,"Slovenia",4,"Median","40",1985,10831,10162,20993
705,"Slovenia",4,"Median","41",1985,12464,12000,24464
705,"Slovenia",4,"Median","42",1985,13103,12779,25882
705,"Slovenia",4,"Median","43",1985,12870,12296,25166.5
705,"Slovenia",4,"Median","44",1985,12694,11970,24663.5
705,"Slovenia",4,"Median","45",1985,12535,12072,24607.5
705,"Slovenia",4,"Median","46",1985,12066,11872,23937.5
705,"Slovenia",4,"Median","47",1985,11852,11656,23508.5
705,"Slovenia",4,"Median","48",1985,12096,11834,23930
705,"Slovenia",4,"Median","49",1985,12129,11918,24046.5
705,"Slovenia",4,"Median","50",1985,11784,11947,23730.5
705,"Slovenia",4,"Median","51",1985,11542,12230,23771.5
705,"Slovenia",4,"Median","52",1985,11586,12522,24107
705,"Slovenia",4,"Median","53",1985,11569,12606,24175.5
705,"Slovenia",4,"Median","54",1985,11794,12789,24583
705,"Slovenia",4,"Median","55",1985,11384,12481,23865.5
705,"Slovenia",4,"Median","56",1985,10438,11976,22414.5
705,"Slovenia",4,"Median","57",1985,9862,11898,21759.5
705,"Slovenia",4,"Median","58",1985,8872,11834,20707
705,"Slovenia",4,"Median","59",1985,8139,11824,19963.5
705,"Slovenia",4,"Median","60",1985,7609,11542,19151
705,"Slovenia",4,"Median","61",1985,7309,11280,18589.5
705,"Slovenia",4,"Median","62",1985,7012,10990,18002
705,"Slovenia",4,"Median","63",1985,6474,10456,16931
705,"Slovenia",4,"Median","64",1985,6014,9612,15625
705,"Slovenia",4,"Median","65",1985,5338,8362,13700.5
705,"Slovenia",4,"Median","66",1985,3983,6272,10254.5
705,"Slovenia",4,"Median","67",1985,2967,4620,7587
705,"Slovenia",4,"Median","68",1985,2925,4482,7407
705,"Slovenia",4,"Median","69",1985,3377,5306,8683.5
705,"Slovenia",4,"Median","70",1985,4442,7072,11514
705,"Slovenia",4,"Median","71",1985,5028,8162,13189.5
705,"Slovenia",4,"Median","72",1985,4893,8114,13006.5
705,"Slovenia",4,"Median","73",1985,4646,7780,12426.5
705,"Slovenia",4,"Median","74",1985,4360,7412,11771.5
705,"Slovenia",4,"Median","75",1985,4104,7168,11273
705,"Slovenia",4,"Median","76",1985,3682,6646,10328.5
705,"Slovenia",4,"Median","77",1985,3183,6030,9212.5
705,"Slovenia",4,"Median","78",1985,2790,5559,8349.5
705,"Slovenia",4,"Median","79",1985,2440,5043,7483
705,"Slovenia",4,"Median","80",1985,2088,4504,6591.5
705,"Slovenia",4,"Median","81",1985,1804,4014,5817
705,"Slovenia",4,"Median","82",1985,1568,3610,5177.5
705,"Slovenia",4,"Median","83",1985,1368,3323,4690.5
705,"Slovenia",4,"Median","84",1985,1153,2980,4133
705,"Slovenia",4,"Median","85",1985,898,2457,3355.5
705,"Slovenia",4,"Median","86",1985,662,1914,2575
705,"Slovenia",4,"Median","87",1985,486,1524,2009
705,"Slovenia",4,"Median","88",1985,358,1209,1567
705,"Slovenia",4,"Median","89",1985,259,924,1183.5
705,"Slovenia",4,"Median","90",1985,186,688,874
705,"Slovenia",4,"Median","91",1985,131,495,626
705,"Slovenia",4,"Median","92",1985,92,360,452.5
705,"Slovenia",4,"Median","93",1985,64,260,324
705,"Slovenia",4,"Median","94",1985,43,177,220
705,"Slovenia",4,"Median","95",1985,28,124,152.5
705,"Slovenia",4,"Median","96",1985,19,86,104.5
705,"Slovenia",4,"Median","97",1985,12,56,68
705,"Slovenia",4,"Median","98",1985,8,35,43
705,"Slovenia",4,"Median","99",1985,5,21,26
705,"Slovenia",4,"Median","100",1985,2,8,10
705,"Slovenia",4,"Median","101",1985,1,6,7
705,"Slovenia",4,"Median","102",1985,1,4,5
705,"Slovenia",4,"Median","103",1985,1,3,4
705,"Slovenia",4,"Median","104",1985,0,2,2
705,"Slovenia",4,"Median","105",1985,0,1,1
705,"Slovenia",4,"Median","106",1985,0,1,1
705,"Slovenia",4,"Median","107",1985,0,1,1
705,"Slovenia",4,"Median","108",1985,0,0,0
705,"Slovenia",4,"Median","109",1985,0,0,0
705,"Slovenia",4,"Median","110",1985,0,0,0
705,"Slovenia",4,"Median","0",1986,12988,12376,25364
705,"Slovenia",4,"Median","1",1986,13277,12654,25931.5
705,"Slovenia",4,"Median","2",1986,13610,13062,26671.5
705,"Slovenia",4,"Median","3",1986,14308,13589,27897.5
705,"Slovenia",4,"Median","4",1986,14750,13908,28659
705,"Slovenia",4,"Median","5",1986,15286,14384,29669.5
705,"Slovenia",4,"Median","6",1986,15566,14679,30244.5
705,"Slovenia",4,"Median","7",1986,15869,14550,30419.5
705,"Slovenia",4,"Median","8",1986,15705,14532,30237.5
705,"Slovenia",4,"Median","9",1986,15667,14752,30418.5
705,"Slovenia",4,"Median","10",1986,15460,14770,30230
705,"Slovenia",4,"Median","11",1986,15157,14320,29477.5
705,"Slovenia",4,"Median","12",1986,15114,14144,29257
705,"Slovenia",4,"Median","13",1986,15016,14131,29146.5
705,"Slovenia",4,"Median","14",1986,14738,13866,28604
705,"Slovenia",4,"Median","15",1986,14187,13551,27738
705,"Slovenia",4,"Median","16",1986,14014,13548,27562.5
705,"Slovenia",4,"Median","17",1986,14380,13649,28029.5
705,"Slovenia",4,"Median","18",1986,14604,14224,28827
705,"Slovenia",4,"Median","19",1986,15148,14951,30099.5
705,"Slovenia",4,"Median","20",1986,15398,15326,30725
705,"Slovenia",4,"Median","21",1986,14988,15284,30273
705,"Slovenia",4,"Median","22",1986,14930,15102,30032.5
705,"Slovenia",4,"Median","23",1986,15190,15194,30384
705,"Slovenia",4,"Median","24",1986,15410,15424,30834
705,"Slovenia",4,"Median","25",1986,15344,15599,30942.5
705,"Slovenia",4,"Median","26",1986,15408,15440,30847.5
705,"Slovenia",4,"Median","27",1986,15643,15293,30936
705,"Slovenia",4,"Median","28",1986,15934,15710,31645
705,"Slovenia",4,"Median","29",1986,16684,16182,32865.5
705,"Slovenia",4,"Median","30",1986,17197,16330,33526.5
705,"Slovenia",4,"Median","31",1986,17176,16280,33457
705,"Slovenia",4,"Median","32",1986,17296,16331,33627.5
705,"Slovenia",4,"Median","33",1986,17520,16324,33844
705,"Slovenia",4,"Median","34",1986,17135,15920,33054.5
705,"Slovenia",4,"Median","35",1986,16920,15895,32814.5
705,"Slovenia",4,"Median","36",1986,16480,15286,31766
705,"Slovenia",4,"Median","37",1986,15388,14366,29755
705,"Slovenia",4,"Median","38",1986,14780,13824,28603
705,"Slovenia",4,"Median","39",1986,13885,13130,27015.5
705,"Slovenia",4,"Median","40",1986,11552,10922,22474
705,"Slovenia",4,"Median","41",1986,10922,10271,21192.5
705,"Slovenia",4,"Median","42",1986,12649,12144,24793.5
705,"Slovenia",4,"Median","43",1986,13204,12927,26131
705,"Slovenia",4,"Median","44",1986,13002,12404,25407
705,"Slovenia",4,"Median","45",1986,12770,12092,24861.5
705,"Slovenia",4,"Median","46",1986,12622,12174,24796
705,"Slovenia",4,"Median","47",1986,12134,11928,24063
705,"Slovenia",4,"Median","48",1986,11950,11758,23708.5
705,"Slovenia",4,"Median","49",1986,12136,11884,24020.5
705,"Slovenia",4,"Median","50",1986,12127,11926,24052.5
705,"Slovenia",4,"Median","51",1986,11769,11981,23750
705,"Slovenia",4,"Median","52",1986,11554,12260,23814
705,"Slovenia",4,"Median","53",1986,11558,12555,24112.5
705,"Slovenia",4,"Median","54",1986,11512,12620,24131.5
705,"Slovenia",4,"Median","55",1986,11715,12774,24488.5
705,"Slovenia",4,"Median","56",1986,11238,12464,23702
705,"Slovenia",4,"Median","57",1986,10302,11956,22257
705,"Slovenia",4,"Median","58",1986,9728,11896,21624
705,"Slovenia",4,"Median","59",1986,8760,11794,20554
705,"Slovenia",4,"Median","60",1986,8026,11764,19790
705,"Slovenia",4,"Median","61",1986,7444,11473,18917
705,"Slovenia",4,"Median","62",1986,7132,11233,18365
705,"Slovenia",4,"Median","63",1986,6860,10919,17779
705,"Slovenia",4,"Median","64",1986,6287,10355,16642
705,"Slovenia",4,"Median","65",1986,5852,9570,15421.5
705,"Slovenia",4,"Median","66",1986,5162,8230,13392.5
705,"Slovenia",4,"Median","67",1986,3844,6164,10007
705,"Slovenia",4,"Median","68",1986,2848,4530,7378
705,"Slovenia",4,"Median","69",1986,2793,4380,7173.5
705,"Slovenia",4,"Median","70",1986,3216,5170,8386.5
705,"Slovenia",4,"Median","71",1986,4216,6880,11096.5
705,"Slovenia",4,"Median","72",1986,4750,7916,12666
705,"Slovenia",4,"Median","73",1986,4602,7841,12442.5
705,"Slovenia",4,"Median","74",1986,4338,7474,11813
705,"Slovenia",4,"Median","75",1986,4030,7068,11097.5
705,"Slovenia",4,"Median","76",1986,3757,6794,10551
705,"Slovenia",4,"Median","77",1986,3343,6258,9600.5
705,"Slovenia",4,"Median","78",1986,2864,5634,8498.5
705,"Slovenia",4,"Median","79",1986,2487,5152,7639
705,"Slovenia",4,"Median","80",1986,2152,4630,6782.5
705,"Slovenia",4,"Median","81",1986,1820,4094,5914.5
705,"Slovenia",4,"Median","82",1986,1554,3607,5161
705,"Slovenia",4,"Median","83",1986,1333,3204,4537.5
705,"Slovenia",4,"Median","84",1986,1147,2910,4057
705,"Slovenia",4,"Median","85",1986,954,2570,3524
705,"Slovenia",4,"Median","86",1986,732,2085,2816.5
705,"Slovenia",4,"Median","87",1986,529,1595,2124
705,"Slovenia",4,"Median","88",1986,382,1245,1627
705,"Slovenia",4,"Median","89",1986,276,968,1245
705,"Slovenia",4,"Median","90",1986,196,724,920
705,"Slovenia",4,"Median","91",1986,138,526,663.5
705,"Slovenia",4,"Median","92",1986,96,369,464.5
705,"Slovenia",4,"Median","93",1986,66,262,327.5
705,"Slovenia",4,"Median","94",1986,44,184,228
705,"Slovenia",4,"Median","95",1986,29,121,150
705,"Slovenia",4,"Median","96",1986,19,82,101
705,"Slovenia",4,"Median","97",1986,12,55,67
705,"Slovenia",4,"Median","98",1986,8,35,43
705,"Slovenia",4,"Median","99",1986,5,21,26
705,"Slovenia",4,"Median","100",1986,2,9,11
705,"Slovenia",4,"Median","101",1986,2,6,8
705,"Slovenia",4,"Median","102",1986,1,4,5
705,"Slovenia",4,"Median","103",1986,1,3,4
705,"Slovenia",4,"Median","104",1986,0,2,2
705,"Slovenia",4,"Median","105",1986,0,1,1
705,"Slovenia",4,"Median","106",1986,0,1,1
705,"Slovenia",4,"Median","107",1986,0,1,1
705,"Slovenia",4,"Median","108",1986,0,0,0
705,"Slovenia",4,"Median","109",1986,0,0,0
705,"Slovenia",4,"Median","110",1986,0,0,0
705,"Slovenia",4,"Median","0",1987,12929,12384,25312.5
705,"Slovenia",4,"Median","1",1987,13042,12418,25459.5
705,"Slovenia",4,"Median","2",1987,13375,12764,26138.5
705,"Slovenia",4,"Median","3",1987,13642,13102,26744
705,"Slovenia",4,"Median","4",1987,14174,13458,27632
705,"Slovenia",4,"Median","5",1987,14794,13936,28731
705,"Slovenia",4,"Median","6",1987,15186,14490,29676.5
705,"Slovenia",4,"Median","7",1987,15608,14786,30394.5
705,"Slovenia",4,"Median","8",1987,15874,14694,30568.5
705,"Slovenia",4,"Median","9",1987,15726,14650,30377
705,"Slovenia",4,"Median","10",1987,15605,14824,30429
705,"Slovenia",4,"Median","11",1987,15410,14860,30271
705,"Slovenia",4,"Median","12",1987,15190,14452,29641.5
705,"Slovenia",4,"Median","13",1987,15149,14224,29372.5
705,"Slovenia",4,"Median","14",1987,15032,14268,29300
705,"Slovenia",4,"Median","15",1987,14770,13988,28758.5
705,"Slovenia",4,"Median","16",1987,14186,13720,27906.5
705,"Slovenia",4,"Median","17",1987,13996,13730,27726
705,"Slovenia",4,"Median","18",1987,14424,13878,28301.5
705,"Slovenia",4,"Median","19",1987,14679,14512,29191.5
705,"Slovenia",4,"Median","20",1987,15173,15254,30427.5
705,"Slovenia",4,"Median","21",1987,15487,15610,31096.5
705,"Slovenia",4,"Median","22",1987,15182,15562,30744
705,"Slovenia",4,"Median","23",1987,15092,15403,30495
705,"Slovenia",4,"Median","24",1987,15434,15488,30922.5
705,"Slovenia",4,"Median","25",1987,15724,15718,31442.5
705,"Slovenia",4,"Median","26",1987,15638,15880,31518
705,"Slovenia",4,"Median","27",1987,15701,15700,31401.5
705,"Slovenia",4,"Median","28",1987,15968,15552,31519
705,"Slovenia",4,"Median","29",1987,16251,15866,32116.5
705,"Slovenia",4,"Median","30",1987,16954,16412,33366.5
705,"Slovenia",4,"Median","31",1987,17520,16534,34054.5
705,"Slovenia",4,"Median","32",1987,17465,16482,33947.5
705,"Slovenia",4,"Median","33",1987,17575,16527,34102
705,"Slovenia",4,"Median","34",1987,17791,16445,34236
705,"Slovenia",4,"Median","35",1987,17290,16140,33430.5
705,"Slovenia",4,"Median","36",1987,17116,16090,33206
705,"Slovenia",4,"Median","37",1987,16704,15530,32233
705,"Slovenia",4,"Median","38",1987,15550,14541,30091.5
705,"Slovenia",4,"Median","39",1987,14959,14012,28971
705,"Slovenia",4,"Median","40",1987,14059,13250,27308.5
705,"Slovenia",4,"Median","41",1987,11638,11028,22667
705,"Slovenia",4,"Median","42",1987,11104,10405,21508.5
705,"Slovenia",4,"Median","43",1987,12750,12286,25036.5
705,"Slovenia",4,"Median","44",1987,13328,13028,26355
705,"Slovenia",4,"Median","45",1987,13074,12524,25597.5
705,"Slovenia",4,"Median","46",1987,12863,12183,25046
705,"Slovenia",4,"Median","47",1987,12683,12228,24911.5
705,"Slovenia",4,"Median","48",1987,12222,12028,24251
705,"Slovenia",4,"Median","49",1987,11986,11796,23781.5
705,"Slovenia",4,"Median","50",1987,12135,11887,24022
705,"Slovenia",4,"Median","51",1987,12114,11958,24073
705,"Slovenia",4,"Median","52",1987,11774,12012,23787
705,"Slovenia",4,"Median","53",1987,11517,12296,23812.5
705,"Slovenia",4,"Median","54",1987,11479,12573,24052
705,"Slovenia",4,"Median","55",1987,11422,12600,24022.5
705,"Slovenia",4,"Median","56",1987,11561,12764,24325
705,"Slovenia",4,"Median","57",1987,11088,12431,23518.5
705,"Slovenia",4,"Median","58",1987,10158,11959,22116.5
705,"Slovenia",4,"Median","59",1987,9580,11844,21424
705,"Slovenia",4,"Median","60",1987,8624,11742,20366.5
705,"Slovenia",4,"Median","61",1987,7848,11708,19555.5
705,"Slovenia",4,"Median","62",1987,7250,11411,18661
705,"Slovenia",4,"Median","63",1987,6970,11144,18114
705,"Slovenia",4,"Median","64",1987,6668,10811,17479.5
705,"Slovenia",4,"Median","65",1987,6113,10302,16414.5
705,"Slovenia",4,"Median","66",1987,5657,9420,15077
705,"Slovenia",4,"Median","67",1987,4977,8094,13070.5
705,"Slovenia",4,"Median","68",1987,3690,6051,9741
705,"Slovenia",4,"Median","69",1987,2724,4436,7160
705,"Slovenia",4,"Median","70",1987,2662,4276,6938
705,"Slovenia",4,"Median","71",1987,3054,5034,8087.5
705,"Slovenia",4,"Median","72",1987,3989,6677,10666
705,"Slovenia",4,"Median","73",1987,4470,7662,12132.5
705,"Slovenia",4,"Median","74",1987,4304,7550,11855
705,"Slovenia",4,"Median","75",1987,4022,7142,11164.5
705,"Slovenia",4,"Median","76",1987,3694,6710,10405
705,"Slovenia",4,"Median","77",1987,3417,6409,9826
705,"Slovenia",4,"Median","78",1987,3014,5860,8874.5
705,"Slovenia",4,"Median","79",1987,2558,5235,7792.5
705,"Slovenia",4,"Median","80",1987,2198,4744,6942.5
705,"Slovenia",4,"Median","81",1987,1881,4222,6103.5
705,"Slovenia",4,"Median","82",1987,1574,3692,5265.5
705,"Slovenia",4,"Median","83",1987,1326,3214,4540
705,"Slovenia",4,"Median","84",1987,1122,2818,3940
705,"Slovenia",4,"Median","85",1987,952,2521,3472.5
705,"Slovenia",4,"Median","86",1987,780,2192,2971.5
705,"Slovenia",4,"Median","87",1987,588,1748,2335.5
705,"Slovenia",4,"Median","88",1987,418,1312,1729.5
705,"Slovenia",4,"Median","89",1987,296,1004,1300
705,"Slovenia",4,"Median","90",1987,210,764,974
705,"Slovenia",4,"Median","91",1987,146,558,704
705,"Slovenia",4,"Median","92",1987,101,395,496
705,"Slovenia",4,"Median","93",1987,68,270,338
705,"Slovenia",4,"Median","94",1987,46,186,232
705,"Slovenia",4,"Median","95",1987,30,126,157
705,"Slovenia",4,"Median","96",1987,20,81,100.5
705,"Slovenia",4,"Median","97",1987,12,54,65.5
705,"Slovenia",4,"Median","98",1987,8,35,43
705,"Slovenia",4,"Median","99",1987,5,21,26
705,"Slovenia",4,"Median","100",1987,2,9,11
705,"Slovenia",4,"Median","101",1987,2,6,8
705,"Slovenia",4,"Median","102",1987,1,4,5
705,"Slovenia",4,"Median","103",1987,1,3,4
705,"Slovenia",4,"Median","104",1987,0,2,2
705,"Slovenia",4,"Median","105",1987,0,1,1
705,"Slovenia",4,"Median","106",1987,0,1,1
705,"Slovenia",4,"Median","107",1987,0,1,1
705,"Slovenia",4,"Median","108",1987,0,0,0
705,"Slovenia",4,"Median","109",1987,0,0,0
705,"Slovenia",4,"Median","110",1987,0,0,0
705,"Slovenia",4,"Median","0",1988,12996,12342,25338
705,"Slovenia",4,"Median","1",1988,12956,12422,25378
705,"Slovenia",4,"Median","2",1988,13078,12444,25521
705,"Slovenia",4,"Median","3",1988,13416,12794,26209.5
705,"Slovenia",4,"Median","4",1988,13668,13141,26808.5
705,"Slovenia",4,"Median","5",1988,14197,13488,27684.5
705,"Slovenia",4,"Median","6",1988,14818,13959,28776.5
705,"Slovenia",4,"Median","7",1988,15212,14504,29716.5
705,"Slovenia",4,"Median","8",1988,15634,14784,30417.5
705,"Slovenia",4,"Median","9",1988,15876,14682,30558.5
705,"Slovenia",4,"Median","10",1988,15720,14644,30365
705,"Slovenia",4,"Median","11",1988,15597,14822,30418.5
705,"Slovenia",4,"Median","12",1988,15396,14861,30257
705,"Slovenia",4,"Median","13",1988,15186,14440,29626
705,"Slovenia",4,"Median","14",1988,15142,14238,29379.5
705,"Slovenia",4,"Median","15",1988,15041,14308,29349
705,"Slovenia",4,"Median","16",1988,14768,14036,28803
705,"Slovenia",4,"Median","17",1988,14179,13774,27952.5
705,"Slovenia",4,"Median","18",1988,14000,13812,27811.5
705,"Slovenia",4,"Median","19",1988,14431,14024,28455.5
705,"Slovenia",4,"Median","20",1988,14690,14692,29381.5
705,"Slovenia",4,"Median","21",1988,15247,15426,30672.5
705,"Slovenia",4,"Median","22",1988,15608,15753,31360.5
705,"Slovenia",4,"Median","23",1988,15306,15700,31005.5
705,"Slovenia",4,"Median","24",1988,15250,15520,30769.5
705,"Slovenia",4,"Median","25",1988,15558,15534,31091.5
705,"Slovenia",4,"Median","26",1988,15816,15744,31560
705,"Slovenia",4,"Median","27",1988,15700,15870,31570
705,"Slovenia",4,"Median","28",1988,15736,15674,31410.5
705,"Slovenia",4,"Median","29",1988,15972,15506,31479
705,"Slovenia",4,"Median","30",1988,16230,15816,32046
705,"Slovenia",4,"Median","31",1988,16883,16368,33251
705,"Slovenia",4,"Median","32",1988,17461,16482,33943.5
705,"Slovenia",4,"Median","33",1988,17366,16434,33800
705,"Slovenia",4,"Median","34",1988,17483,16448,33931
705,"Slovenia",4,"Median","35",1988,17688,16403,34091
705,"Slovenia",4,"Median","36",1988,17176,16078,33253.5
705,"Slovenia",4,"Median","37",1988,17027,16010,33037.5
705,"Slovenia",4,"Median","38",1988,16580,15459,32039
705,"Slovenia",4,"Median","39",1988,15422,14469,29891
705,"Slovenia",4,"Median","40",1988,14824,13946,28770
705,"Slovenia",4,"Median","41",1988,13934,13174,27107.5
705,"Slovenia",4,"Median","42",1988,11507,10958,22464.5
705,"Slovenia",4,"Median","43",1988,10978,10339,21317.5
705,"Slovenia",4,"Median","44",1988,12614,12214,24828
705,"Slovenia",4,"Median","45",1988,13179,12948,26127.5
705,"Slovenia",4,"Median","46",1988,12934,12458,25392
705,"Slovenia",4,"Median","47",1988,12694,12106,24800.5
705,"Slovenia",4,"Median","48",1988,12510,12142,24652.5
705,"Slovenia",4,"Median","49",1988,12031,11944,23975
705,"Slovenia",4,"Median","50",1988,11816,11720,23536
705,"Slovenia",4,"Median","51",1988,11965,11805,23770
705,"Slovenia",4,"Median","52",1988,11901,11878,23779.5
705,"Slovenia",4,"Median","53",1988,11572,11922,23495
705,"Slovenia",4,"Median","54",1988,11298,12221,23519.5
705,"Slovenia",4,"Median","55",1988,11274,12461,23734.5
705,"Slovenia",4,"Median","56",1988,11179,12520,23698.5
705,"Slovenia",4,"Median","57",1988,11322,12652,23974
705,"Slovenia",4,"Median","58",1988,10860,12322,23182.5
705,"Slovenia",4,"Median","59",1988,9908,11844,21752.5
705,"Slovenia",4,"Median","60",1988,9322,11732,21053.5
705,"Slovenia",4,"Median","61",1988,8396,11623,20019.5
705,"Slovenia",4,"Median","62",1988,7630,11564,19195
705,"Slovenia",4,"Median","63",1988,7031,11264,18294.5
705,"Slovenia",4,"Median","64",1988,6749,10997,17746
705,"Slovenia",4,"Median","65",1988,6453,10662,17115
705,"Slovenia",4,"Median","66",1988,5908,10144,16052.5
705,"Slovenia",4,"Median","67",1988,5453,9266,14719.5
705,"Slovenia",4,"Median","68",1988,4782,7948,12730.5
705,"Slovenia",4,"Median","69",1988,3535,5934,9468.5
705,"Slovenia",4,"Median","70",1988,2599,4339,6938
705,"Slovenia",4,"Median","71",1988,2529,4166,6695
705,"Slovenia",4,"Median","72",1988,2893,4889,7782
705,"Slovenia",4,"Median","73",1988,3759,6471,10230
705,"Slovenia",4,"Median","74",1988,4188,7392,11580.5
705,"Slovenia",4,"Median","75",1988,3997,7230,11227.5
705,"Slovenia",4,"Median","76",1988,3693,6796,10489
705,"Slovenia",4,"Median","77",1988,3366,6346,9711.5
705,"Slovenia",4,"Median","78",1988,3086,6018,9105
705,"Slovenia",4,"Median","79",1988,2697,5462,8159
705,"Slovenia",4,"Median","80",1988,2266,4838,7103.5
705,"Slovenia",4,"Median","81",1988,1926,4342,6269
705,"Slovenia",4,"Median","82",1988,1630,3825,5455
705,"Slovenia",4,"Median","83",1988,1346,3306,4651.5
705,"Slovenia",4,"Median","84",1988,1120,2842,3961.5
705,"Slovenia",4,"Median","85",1988,934,2456,3390
705,"Slovenia",4,"Median","86",1988,780,2164,2945
705,"Slovenia",4,"Median","87",1988,629,1850,2479.5
705,"Slovenia",4,"Median","88",1988,466,1449,1915
705,"Slovenia",4,"Median","89",1988,326,1067,1393
705,"Slovenia",4,"Median","90",1988,226,799,1025.5
705,"Slovenia",4,"Median","91",1988,158,594,752.5
705,"Slovenia",4,"Median","92",1988,108,424,531
705,"Slovenia",4,"Median","93",1988,72,292,365
705,"Slovenia",4,"Median","94",1988,48,194,242
705,"Slovenia",4,"Median","95",1988,32,131,162.5
705,"Slovenia",4,"Median","96",1988,20,86,106.5
705,"Slovenia",4,"Median","97",1988,12,54,66
705,"Slovenia",4,"Median","98",1988,8,34,42.5
705,"Slovenia",4,"Median","99",1988,5,22,26.5
705,"Slovenia",4,"Median","100",1988,2,9,11
705,"Slovenia",4,"Median","101",1988,2,6,8
705,"Slovenia",4,"Median","102",1988,1,4,5
705,"Slovenia",4,"Median","103",1988,1,3,4
705,"Slovenia",4,"Median","104",1988,0,2,2
705,"Slovenia",4,"Median","105",1988,0,1,1
705,"Slovenia",4,"Median","106",1988,0,1,1
705,"Slovenia",4,"Median","107",1988,0,1,1
705,"Slovenia",4,"Median","108",1988,0,0,0
705,"Slovenia",4,"Median","109",1988,0,0,0
705,"Slovenia",4,"Median","110",1988,0,0,0
705,"Slovenia",4,"Median","0",1989,12451,11704,24154.5
705,"Slovenia",4,"Median","1",1989,13008,12370,25378
705,"Slovenia",4,"Median","2",1989,12948,12415,25363.5
705,"Slovenia",4,"Median","3",1989,13096,12466,25562
705,"Slovenia",4,"Median","4",1989,13434,12838,26271.5
705,"Slovenia",4,"Median","5",1989,13676,13150,26826
705,"Slovenia",4,"Median","6",1989,14187,13516,27702.5
705,"Slovenia",4,"Median","7",1989,14832,13960,28792.5
705,"Slovenia",4,"Median","8",1989,15245,14530,29775
705,"Slovenia",4,"Median","9",1989,15630,14780,30410
705,"Slovenia",4,"Median","10",1989,15836,14656,30491.5
705,"Slovenia",4,"Median","11",1989,15696,14624,30320
705,"Slovenia",4,"Median","12",1989,15577,14802,30379.5
705,"Slovenia",4,"Median","13",1989,15386,14828,30214
705,"Slovenia",4,"Median","14",1989,15157,14426,29583.5
705,"Slovenia",4,"Median","15",1989,15130,14256,29386.5
705,"Slovenia",4,"Median","16",1989,15024,14323,29347
705,"Slovenia",4,"Median","17",1989,14746,14058,28803.5
705,"Slovenia",4,"Median","18",1989,14152,13824,27975.5
705,"Slovenia",4,"Median","19",1989,13993,13900,27892.5
705,"Slovenia",4,"Median","20",1989,14440,14144,28584
705,"Slovenia",4,"Median","21",1989,14730,14840,29570
705,"Slovenia",4,"Median","22",1989,15300,15550,30849.5
705,"Slovenia",4,"Median","23",1989,15684,15878,31562.5
705,"Slovenia",4,"Median","24",1989,15422,15794,31216
705,"Slovenia",4,"Median","25",1989,15324,15564,30889
705,"Slovenia",4,"Median","26",1989,15618,15544,31162
705,"Slovenia",4,"Median","27",1989,15824,15767,31590.5
705,"Slovenia",4,"Median","28",1989,15692,15817,31509.5
705,"Slovenia",4,"Median","29",1989,15712,15592,31304.5
705,"Slovenia",4,"Median","30",1989,15927,15422,31349.5
705,"Slovenia",4,"Median","31",1989,16130,15748,31878
705,"Slovenia",4,"Median","32",1989,16781,16285,33066
705,"Slovenia",4,"Median","33",1989,17358,16386,33744
705,"Slovenia",4,"Median","34",1989,17243,16334,33577.5
705,"Slovenia",4,"Median","35",1989,17356,16370,33726
705,"Slovenia",4,"Median","36",1989,17540,16306,33845.5
705,"Slovenia",4,"Median","37",1989,17059,15975,33034
705,"Slovenia",4,"Median","38",1989,16889,15914,32803.5
705,"Slovenia",4,"Median","39",1989,16446,15354,31799.5
705,"Slovenia",4,"Median","40",1989,15272,14384,29656
705,"Slovenia",4,"Median","41",1989,14698,13829,28527
705,"Slovenia",4,"Median","42",1989,13776,13076,26851.5
705,"Slovenia",4,"Median","43",1989,11366,10882,22248
705,"Slovenia",4,"Median","44",1989,10845,10250,21095
705,"Slovenia",4,"Median","45",1989,12454,12118,24571
705,"Slovenia",4,"Median","46",1989,12995,12861,25856
705,"Slovenia",4,"Median","47",1989,12756,12348,25103.5
705,"Slovenia",4,"Median","48",1989,12515,11990,24505.5
705,"Slovenia",4,"Median","49",1989,12306,12046,24352
705,"Slovenia",4,"Median","50",1989,11850,11844,23693.5
705,"Slovenia",4,"Median","51",1989,11610,11629,23238.5
705,"Slovenia",4,"Median","52",1989,11736,11715,23451
705,"Slovenia",4,"Median","53",1989,11681,11767,23448
705,"Slovenia",4,"Median","54",1989,11353,11824,23177.5
705,"Slovenia",4,"Median","55",1989,11096,12106,23201.5
705,"Slovenia",4,"Median","56",1989,11030,12357,23386.5
705,"Slovenia",4,"Median","57",1989,10928,12399,23327
705,"Slovenia",4,"Median","58",1989,11074,12528,23601.5
705,"Slovenia",4,"Median","59",1989,10590,12195,22784.5
705,"Slovenia",4,"Median","60",1989,9642,11718,21360
705,"Slovenia",4,"Median","61",1989,9061,11615,20676
705,"Slovenia",4,"Median","62",1989,8168,11485,19652.5
705,"Slovenia",4,"Median","63",1989,7383,11416,18799.5
705,"Slovenia",4,"Median","64",1989,6799,11103,17902
705,"Slovenia",4,"Median","65",1989,6531,10845,17376
705,"Slovenia",4,"Median","66",1989,6240,10507,16746.5
705,"Slovenia",4,"Median","67",1989,5701,9982,15683
705,"Slovenia",4,"Median","68",1989,5246,9100,14346
705,"Slovenia",4,"Median","69",1989,4584,7796,12381
705,"Slovenia",4,"Median","70",1989,3378,5808,9185.5
705,"Slovenia",4,"Median","71",1989,2472,4230,6702
705,"Slovenia",4,"Median","72",1989,2399,4049,6448
705,"Slovenia",4,"Median","73",1989,2732,4738,7469
705,"Slovenia",4,"Median","74",1989,3530,6244,9773.5
705,"Slovenia",4,"Median","75",1989,3899,7090,10989
705,"Slovenia",4,"Median","76",1989,3677,6892,10569.5
705,"Slovenia",4,"Median","77",1989,3372,6440,9812
705,"Slovenia",4,"Median","78",1989,3047,5974,9020.5
705,"Slovenia",4,"Median","79",1989,2768,5624,8392.5
705,"Slovenia",4,"Median","80",1989,2396,5062,7458
705,"Slovenia",4,"Median","81",1989,1992,4443,6434.5
705,"Slovenia",4,"Median","82",1989,1674,3948,5622
705,"Slovenia",4,"Median","83",1989,1398,3439,4837.5
705,"Slovenia",4,"Median","84",1989,1140,2936,4077
705,"Slovenia",4,"Median","85",1989,935,2490,3425.5
705,"Slovenia",4,"Median","86",1989,768,2121,2889.5
705,"Slovenia",4,"Median","87",1989,632,1839,2471
705,"Slovenia",4,"Median","88",1989,500,1546,2046
705,"Slovenia",4,"Median","89",1989,365,1188,1553
705,"Slovenia",4,"Median","90",1989,250,857,1107
705,"Slovenia",4,"Median","91",1989,170,628,798.5
705,"Slovenia",4,"Median","92",1989,116,456,572.5
705,"Slovenia",4,"Median","93",1989,78,317,394.5
705,"Slovenia",4,"Median","94",1989,51,213,264
705,"Slovenia",4,"Median","95",1989,33,138,171.5
705,"Slovenia",4,"Median","96",1989,22,90,111.5
705,"Slovenia",4,"Median","97",1989,14,58,71
705,"Slovenia",4,"Median","98",1989,8,35,43
705,"Slovenia",4,"Median","99",1989,5,22,26.5
705,"Slovenia",4,"Median","100",1989,2,10,12
705,"Slovenia",4,"Median","101",1989,2,6,8
705,"Slovenia",4,"Median","102",1989,1,4,5
705,"Slovenia",4,"Median","103",1989,1,3,4
705,"Slovenia",4,"Median","104",1989,0,2,2
705,"Slovenia",4,"Median","105",1989,0,1,1
705,"Slovenia",4,"Median","106",1989,0,1,1
705,"Slovenia",4,"Median","107",1989,0,1,1
705,"Slovenia",4,"Median","108",1989,0,0,0
705,"Slovenia",4,"Median","109",1989,0,0,0
705,"Slovenia",4,"Median","110",1989,0,0,0
705,"Slovenia",4,"Median","0",1990,11674,11064,22737
705,"Slovenia",4,"Median","1",1990,12476,11730,24206
705,"Slovenia",4,"Median","2",1990,13018,12384,25402
705,"Slovenia",4,"Median","3",1990,12943,12435,25378
705,"Slovenia",4,"Median","4",1990,13124,12498,25621
705,"Slovenia",4,"Median","5",1990,13455,12853,26308
705,"Slovenia",4,"Median","6",1990,13694,13190,26885
705,"Slovenia",4,"Median","7",1990,14226,13547,27772.5
705,"Slovenia",4,"Median","8",1990,14848,13996,28843.5
705,"Slovenia",4,"Median","9",1990,15262,14546,29808.5
705,"Slovenia",4,"Median","10",1990,15619,14794,30413
705,"Slovenia",4,"Median","11",1990,15822,14642,30463
705,"Slovenia",4,"Median","12",1990,15688,14608,30295.5
705,"Slovenia",4,"Median","13",1990,15555,14774,30328.5
705,"Slovenia",4,"Median","14",1990,15376,14821,30197.5
705,"Slovenia",4,"Median","15",1990,15148,14438,29586.5
705,"Slovenia",4,"Median","16",1990,15110,14263,29372.5
705,"Slovenia",4,"Median","17",1990,14996,14326,29322
705,"Slovenia",4,"Median","18",1990,14721,14090,28811.5
705,"Slovenia",4,"Median","19",1990,14160,13866,28025.5
705,"Slovenia",4,"Median","20",1990,13998,13972,27970
705,"Slovenia",4,"Median","21",1990,14476,14267,28743.5
705,"Slovenia",4,"Median","22",1990,14762,14956,29718.5
705,"Slovenia",4,"Median","23",1990,15375,15627,31002
705,"Slovenia",4,"Median","24",1990,15770,15956,31725
705,"Slovenia",4,"Median","25",1990,15479,15875,31354
705,"Slovenia",4,"Median","26",1990,15430,15584,31013.5
705,"Slovenia",4,"Median","27",1990,15658,15556,31213.5
705,"Slovenia",4,"Median","28",1990,15855,15712,31567.5
705,"Slovenia",4,"Median","29",1990,15704,15740,31444.5
705,"Slovenia",4,"Median","30",1990,15682,15510,31192.5
705,"Slovenia",4,"Median","31",1990,15870,15348,31218.5
705,"Slovenia",4,"Median","32",1990,16054,15664,31717.5
705,"Slovenia",4,"Median","33",1990,16707,16182,32888.5
705,"Slovenia",4,"Median","34",1990,17258,16290,33548
705,"Slovenia",4,"Median","35",1990,17152,16254,33407
705,"Slovenia",4,"Median","36",1990,17236,16291,33527.5
705,"Slovenia",4,"Median","37",1990,17434,16231,33664.5
705,"Slovenia",4,"Median","38",1990,16960,15905,32865
705,"Slovenia",4,"Median","39",1990,16792,15844,32635.5
705,"Slovenia",4,"Median","40",1990,16336,15275,31610.5
705,"Slovenia",4,"Median","41",1990,15177,14298,29474.5
705,"Slovenia",4,"Median","42",1990,14590,13742,28333
705,"Slovenia",4,"Median","43",1990,13674,13028,26701.5
705,"Slovenia",4,"Median","44",1990,11277,10825,22102
705,"Slovenia",4,"Median","45",1990,10738,10214,20951.5
705,"Slovenia",4,"Median","46",1990,12336,12056,24392
705,"Slovenia",4,"Median","47",1990,12877,12782,25659
705,"Slovenia",4,"Median","48",1990,12636,12274,24910
705,"Slovenia",4,"Median","49",1990,12378,11928,24306.5
705,"Slovenia",4,"Median","50",1990,12168,11964,24133
705,"Slovenia",4,"Median","51",1990,11676,11778,23454
705,"Slovenia",4,"Median","52",1990,11449,11560,23009
705,"Slovenia",4,"Median","53",1990,11561,11634,23195
705,"Slovenia",4,"Median","54",1990,11495,11692,23187
705,"Slovenia",4,"Median","55",1990,11186,11748,22933
705,"Slovenia",4,"Median","56",1990,10890,12012,22902
705,"Slovenia",4,"Median","57",1990,10798,12254,23052
705,"Slovenia",4,"Median","58",1990,10695,12306,23001
705,"Slovenia",4,"Median","59",1990,10803,12418,23220.5
705,"Slovenia",4,"Median","60",1990,10328,12076,22405
705,"Slovenia",4,"Median","61",1990,9408,11622,21029.5
705,"Slovenia",4,"Median","62",1990,8814,11493,20307
705,"Slovenia",4,"Median","63",1990,7932,11358,19290
705,"Slovenia",4,"Median","64",1990,7152,11266,18417.5
705,"Slovenia",4,"Median","65",1990,6577,10968,17545
705,"Slovenia",4,"Median","66",1990,6320,10696,17016.5
705,"Slovenia",4,"Median","67",1990,6029,10342,16370.5
705,"Slovenia",4,"Median","68",1990,5492,9804,15296
705,"Slovenia",4,"Median","69",1990,5030,8927,13957
705,"Slovenia",4,"Median","70",1990,4380,7628,12008.5
705,"Slovenia",4,"Median","71",1990,3214,5662,8876.5
705,"Slovenia",4,"Median","72",1990,2346,4112,6458.5
705,"Slovenia",4,"Median","73",1990,2267,3919,6186
705,"Slovenia",4,"Median","74",1990,2566,4566,7132
705,"Slovenia",4,"Median","75",1990,3290,5992,9282
705,"Slovenia",4,"Median","76",1990,3594,6766,10359
705,"Slovenia",4,"Median","77",1990,3364,6538,9902
705,"Slovenia",4,"Median","78",1990,3058,6070,9128.5
705,"Slovenia",4,"Median","79",1990,2740,5588,8328
705,"Slovenia",4,"Median","80",1990,2465,5220,7685
705,"Slovenia",4,"Median","81",1990,2111,4656,6767.5
705,"Slovenia",4,"Median","82",1990,1735,4046,5781.5
705,"Slovenia",4,"Median","83",1990,1440,3556,4997
705,"Slovenia",4,"Median","84",1990,1188,3060,4249
705,"Slovenia",4,"Median","85",1990,956,2578,3534
705,"Slovenia",4,"Median","86",1990,772,2155,2927
705,"Slovenia",4,"Median","87",1990,624,1806,2431
705,"Slovenia",4,"Median","88",1990,505,1540,2044.5
705,"Slovenia",4,"Median","89",1990,393,1270,1662.5
705,"Slovenia",4,"Median","90",1990,281,956,1237
705,"Slovenia",4,"Median","91",1990,189,675,864
705,"Slovenia",4,"Median","92",1990,126,483,609.5
705,"Slovenia",4,"Median","93",1990,84,342,426.5
705,"Slovenia",4,"Median","94",1990,55,232,286.5
705,"Slovenia",4,"Median","95",1990,36,152,187.5
705,"Slovenia",4,"Median","96",1990,22,96,118
705,"Slovenia",4,"Median","97",1990,14,60,74.5
705,"Slovenia",4,"Median","98",1990,8,38,46
705,"Slovenia",4,"Median","99",1990,5,22,27
705,"Slovenia",4,"Median","100",1990,3,10,13
705,"Slovenia",4,"Median","101",1990,2,7,9
705,"Slovenia",4,"Median","102",1990,1,4,5
705,"Slovenia",4,"Median","103",1990,1,3,4
705,"Slovenia",4,"Median","104",1990,0,2,2
705,"Slovenia",4,"Median","105",1990,0,1,1
705,"Slovenia",4,"Median","106",1990,0,1,1
705,"Slovenia",4,"Median","107",1990,0,1,1
705,"Slovenia",4,"Median","108",1990,0,0,0
705,"Slovenia",4,"Median","109",1990,0,0,0
705,"Slovenia",4,"Median","110",1990,0,0,0
705,"Slovenia",4,"Median","0",1991,11164,10622,21786
705,"Slovenia",4,"Median","1",1991,11692,11079,22770.5
705,"Slovenia",4,"Median","2",1991,12477,11739,24216
705,"Slovenia",4,"Median","3",1991,12990,12376,25365
705,"Slovenia",4,"Median","4",1991,12934,12432,25366.5
705,"Slovenia",4,"Median","5",1991,13112,12482,25594
705,"Slovenia",4,"Median","6",1991,13442,12840,26281.5
705,"Slovenia",4,"Median","7",1991,13676,13168,26844
705,"Slovenia",4,"Median","8",1991,14200,13536,27737
705,"Slovenia",4,"Median","9",1991,14837,13992,28829.5
705,"Slovenia",4,"Median","10",1991,15254,14552,29806.5
705,"Slovenia",4,"Median","11",1991,15598,14776,30373.5
705,"Slovenia",4,"Median","12",1991,15804,14628,30431
705,"Slovenia",4,"Median","13",1991,15670,14584,30253.5
705,"Slovenia",4,"Median","14",1991,15550,14763,30313
705,"Slovenia",4,"Median","15",1991,15366,14819,30184.5
705,"Slovenia",4,"Median","16",1991,15132,14438,29570.5
705,"Slovenia",4,"Median","17",1991,15082,14259,29341
705,"Slovenia",4,"Median","18",1991,14982,14328,29310.5
705,"Slovenia",4,"Median","19",1991,14726,14108,28834
705,"Slovenia",4,"Median","20",1991,14144,13877,28021
705,"Slovenia",4,"Median","21",1991,14015,14005,28020
705,"Slovenia",4,"Median","22",1991,14486,14296,28782.5
705,"Slovenia",4,"Median","23",1991,14782,14961,29742.5
705,"Slovenia",4,"Median","24",1991,15378,15636,31014
705,"Slovenia",4,"Median","25",1991,15780,15984,31764
705,"Slovenia",4,"Median","26",1991,15530,15862,31392.5
705,"Slovenia",4,"Median","27",1991,15438,15534,30972
705,"Slovenia",4,"Median","28",1991,15662,15494,31155.5
705,"Slovenia",4,"Median","29",1991,15851,15634,31485.5
705,"Slovenia",4,"Median","30",1991,15668,15658,31325.5
705,"Slovenia",4,"Median","31",1991,15630,15424,31055
705,"Slovenia",4,"Median","32",1991,15816,15268,31084
705,"Slovenia",4,"Median","33",1991,15964,15595,31559
705,"Slovenia",4,"Median","34",1991,16626,16106,32732.5
705,"Slovenia",4,"Median","35",1991,17174,16218,33392
705,"Slovenia",4,"Median","36",1991,17068,16192,33260.5
705,"Slovenia",4,"Median","37",1991,17150,16218,33368
705,"Slovenia",4,"Median","38",1991,17350,16175,33524.5
705,"Slovenia",4,"Median","39",1991,16872,15858,32731
705,"Slovenia",4,"Median","40",1991,16699,15774,32472.5
705,"Slovenia",4,"Median","41",1991,16250,15220,31470
705,"Slovenia",4,"Median","42",1991,15080,14244,29324.5
705,"Slovenia",4,"Median","43",1991,14510,13698,28207.5
705,"Slovenia",4,"Median","44",1991,13584,12988,26572
705,"Slovenia",4,"Median","45",1991,11186,10806,21993
705,"Slovenia",4,"Median","46",1991,10675,10174,20849.5
705,"Slovenia",4,"Median","47",1991,12240,12014,24254.5
705,"Slovenia",4,"Median","48",1991,12774,12736,25509.5
705,"Slovenia",4,"Median","49",1991,12520,12236,24755.5
705,"Slovenia",4,"Median","50",1991,12270,11883,24153.5
705,"Slovenia",4,"Median","51",1991,12036,11907,23942.5
705,"Slovenia",4,"Median","52",1991,11568,11716,23284.5
705,"Slovenia",4,"Median","53",1991,11323,11505,22828
705,"Slovenia",4,"Median","54",1991,11415,11578,22993.5
705,"Slovenia",4,"Median","55",1991,11338,11630,22967.5
705,"Slovenia",4,"Median","56",1991,10996,11674,22670.5
705,"Slovenia",4,"Median","57",1991,10705,11936,22641.5
705,"Slovenia",4,"Median","58",1991,10591,12174,22765
705,"Slovenia",4,"Median","59",1991,10462,12218,22679.5
705,"Slovenia",4,"Median","60",1991,10561,12308,22869.5
705,"Slovenia",4,"Median","61",1991,10098,11982,22080.5
705,"Slovenia",4,"Median","62",1991,9158,11510,20668
705,"Slovenia",4,"Median","63",1991,8590,11382,19973
705,"Slovenia",4,"Median","64",1991,7713,11229,18942
705,"Slovenia",4,"Median","65",1991,6940,11136,18076
705,"Slovenia",4,"Median","66",1991,6369,10824,17192.5
705,"Slovenia",4,"Median","67",1991,6111,10529,16640
705,"Slovenia",4,"Median","68",1991,5810,10160,15970
705,"Slovenia",4,"Median","69",1991,5264,9620,14884.5
705,"Slovenia",4,"Median","70",1991,4802,8732,13534
705,"Slovenia",4,"Median","71",1991,4170,7440,11610.5
705,"Slovenia",4,"Median","72",1991,3050,5507,8557
705,"Slovenia",4,"Median","73",1991,2218,3978,6195.5
705,"Slovenia",4,"Median","74",1991,2132,3776,5908
705,"Slovenia",4,"Median","75",1991,2392,4384,6775
705,"Slovenia",4,"Median","76",1991,3034,5719,8752.5
705,"Slovenia",4,"Median","77",1991,3289,6419,9708
705,"Slovenia",4,"Median","78",1991,3053,6164,9216.5
705,"Slovenia",4,"Median","79",1991,2752,5680,8432
705,"Slovenia",4,"Median","80",1991,2441,5188,7629
705,"Slovenia",4,"Median","81",1991,2174,4802,6975
705,"Slovenia",4,"Median","82",1991,1841,4241,6082
705,"Slovenia",4,"Median","83",1991,1494,3644,5139
705,"Slovenia",4,"Median","84",1991,1226,3164,4389.5
705,"Slovenia",4,"Median","85",1991,997,2686,3683.5
705,"Slovenia",4,"Median","86",1991,790,2230,3020
705,"Slovenia",4,"Median","87",1991,628,1834,2462
705,"Slovenia",4,"Median","88",1991,500,1510,2010.5
705,"Slovenia",4,"Median","89",1991,397,1263,1660
705,"Slovenia",4,"Median","90",1991,304,1020,1323.5
705,"Slovenia",4,"Median","91",1991,213,752,965
705,"Slovenia",4,"Median","92",1991,140,518,658.5
705,"Slovenia",4,"Median","93",1991,92,362,453.5
705,"Slovenia",4,"Median","94",1991,60,250,309.5
705,"Slovenia",4,"Median","95",1991,38,164,203
705,"Slovenia",4,"Median","96",1991,24,104,128.5
705,"Slovenia",4,"Median","97",1991,14,64,78.5
705,"Slovenia",4,"Median","98",1991,9,39,48
705,"Slovenia",4,"Median","99",1991,6,24,29
705,"Slovenia",4,"Median","100",1991,3,10,13
705,"Slovenia",4,"Median","101",1991,2,7,9
705,"Slovenia",4,"Median","102",1991,1,4,5
705,"Slovenia",4,"Median","103",1991,1,3,4
705,"Slovenia",4,"Median","104",1991,0,2,2
705,"Slovenia",4,"Median","105",1991,0,1,1
705,"Slovenia",4,"Median","106",1991,0,1,1
705,"Slovenia",4,"Median","107",1991,0,1,1
705,"Slovenia",4,"Median","108",1991,0,0,0
705,"Slovenia",4,"Median","109",1991,0,0,0
705,"Slovenia",4,"Median","110",1991,0,0,0
705,"Slovenia",4,"Median","0",1992,10566,9930,20496
705,"Slovenia",4,"Median","1",1992,11172,10624,21795.5
705,"Slovenia",4,"Median","2",1992,11664,11061,22724.5
705,"Slovenia",4,"Median","3",1992,12453,11726,24179.5
705,"Slovenia",4,"Median","4",1992,12972,12356,25327
705,"Slovenia",4,"Median","5",1992,12903,12398,25300.5
705,"Slovenia",4,"Median","6",1992,13084,12448,25532
705,"Slovenia",4,"Median","7",1992,13393,12810,26203
705,"Slovenia",4,"Median","8",1992,13649,13146,26795.5
705,"Slovenia",4,"Median","9",1992,14172,13515,27687
705,"Slovenia",4,"Median","10",1992,14814,13960,28773.5
705,"Slovenia",4,"Median","11",1992,15235,14538,29773.5
705,"Slovenia",4,"Median","12",1992,15572,14785,30357.5
705,"Slovenia",4,"Median","13",1992,15791,14600,30390.5
705,"Slovenia",4,"Median","14",1992,15644,14562,30206.5
705,"Slovenia",4,"Median","15",1992,15524,14758,30282.5
705,"Slovenia",4,"Median","16",1992,15352,14804,30155
705,"Slovenia",4,"Median","17",1992,15102,14434,29535
705,"Slovenia",4,"Median","18",1992,15066,14234,29300
705,"Slovenia",4,"Median","19",1992,14940,14297,29237
705,"Slovenia",4,"Median","20",1992,14678,14079,28757
705,"Slovenia",4,"Median","21",1992,14105,13831,27936
705,"Slovenia",4,"Median","22",1992,13978,13958,27937
705,"Slovenia",4,"Median","23",1992,14428,14238,28665
705,"Slovenia",4,"Median","24",1992,14696,14886,29581.5
705,"Slovenia",4,"Median","25",1992,15294,15559,30852.5
705,"Slovenia",4,"Median","26",1992,15718,15882,31600
705,"Slovenia",4,"Median","27",1992,15426,15762,31187.5
705,"Slovenia",4,"Median","28",1992,15346,15442,30787.5
705,"Slovenia",4,"Median","29",1992,15566,15392,30958
705,"Slovenia",4,"Median","30",1992,15731,15528,31258.5
705,"Slovenia",4,"Median","31",1992,15546,15568,31113.5
705,"Slovenia",4,"Median","32",1992,15518,15331,30849
705,"Slovenia",4,"Median","33",1992,15679,15188,30867.5
705,"Slovenia",4,"Median","34",1992,15848,15520,31368.5
705,"Slovenia",4,"Median","35",1992,16490,16021,32511
705,"Slovenia",4,"Median","36",1992,17045,16138,33182.5
705,"Slovenia",4,"Median","37",1992,16928,16123,33051
705,"Slovenia",4,"Median","38",1992,17030,16153,33183
705,"Slovenia",4,"Median","39",1992,17226,16102,33327.5
705,"Slovenia",4,"Median","40",1992,16746,15775,32521.5
705,"Slovenia",4,"Median","41",1992,16588,15719,32306.5
705,"Slovenia",4,"Median","42",1992,16108,15158,31265.5
705,"Slovenia",4,"Median","43",1992,14958,14182,29141
705,"Slovenia",4,"Median","44",1992,14388,13648,28037
705,"Slovenia",4,"Median","45",1992,13466,12932,26399
705,"Slovenia",4,"Median","46",1992,11102,10767,21869.5
705,"Slovenia",4,"Median","47",1992,10572,10127,20699
705,"Slovenia",4,"Median","48",1992,12126,11964,24090
705,"Slovenia",4,"Median","49",1992,12664,12680,25344
705,"Slovenia",4,"Median","50",1992,12392,12196,24587.5
705,"Slovenia",4,"Median","51",1992,12140,11826,23966
705,"Slovenia",4,"Median","52",1992,11906,11841,23746.5
705,"Slovenia",4,"Median","53",1992,11428,11650,23077.5
705,"Slovenia",4,"Median","54",1992,11191,11448,22638.5
705,"Slovenia",4,"Median","55",1992,11248,11520,22768
705,"Slovenia",4,"Median","56",1992,11158,11556,22713
705,"Slovenia",4,"Median","57",1992,10806,11600,22406
705,"Slovenia",4,"Median","58",1992,10514,11864,22378.5
705,"Slovenia",4,"Median","59",1992,10376,12091,22467.5
705,"Slovenia",4,"Median","60",1992,10230,12124,22353
705,"Slovenia",4,"Median","61",1992,10303,12220,22523
705,"Slovenia",4,"Median","62",1992,9832,11864,21696
705,"Slovenia",4,"Median","63",1992,8916,11386,20301.5
705,"Slovenia",4,"Median","64",1992,8348,11259,19607.5
705,"Slovenia",4,"Median","65",1992,7499,11088,18587
705,"Slovenia",4,"Median","66",1992,6718,10992,17709.5
705,"Slovenia",4,"Median","67",1992,6156,10658,16813.5
705,"Slovenia",4,"Median","68",1992,5886,10349,16234.5
705,"Slovenia",4,"Median","69",1992,5564,9970,15535
705,"Slovenia",4,"Median","70",1992,5026,9408,14434.5
705,"Slovenia",4,"Median","71",1992,4576,8518,13095
705,"Slovenia",4,"Median","72",1992,3956,7237,11193
705,"Slovenia",4,"Median","73",1992,2882,5331,8212.5
705,"Slovenia",4,"Median","74",1992,2086,3837,5923
705,"Slovenia",4,"Median","75",1992,1987,3626,5612.5
705,"Slovenia",4,"Median","76",1992,2204,4183,6387.5
705,"Slovenia",4,"Median","77",1992,2775,5426,8201
705,"Slovenia",4,"Median","78",1992,2984,6050,9034
705,"Slovenia",4,"Median","79",1992,2746,5767,8512.5
705,"Slovenia",4,"Median","80",1992,2450,5272,7721.5
705,"Slovenia",4,"Median","81",1992,2151,4771,6922
705,"Slovenia",4,"Median","82",1992,1894,4372,6265.5
705,"Slovenia",4,"Median","83",1992,1584,3818,5403
705,"Slovenia",4,"Median","84",1992,1270,3241,4511.5
705,"Slovenia",4,"Median","85",1992,1027,2776,3803.5
705,"Slovenia",4,"Median","86",1992,824,2322,3146
705,"Slovenia",4,"Median","87",1992,642,1897,2539
705,"Slovenia",4,"Median","88",1992,502,1532,2035
705,"Slovenia",4,"Median","89",1992,393,1238,1631.5
705,"Slovenia",4,"Median","90",1992,306,1014,1320.5
705,"Slovenia",4,"Median","91",1992,230,802,1031.5
705,"Slovenia",4,"Median","92",1992,158,576,734.5
705,"Slovenia",4,"Median","93",1992,102,388,489.5
705,"Slovenia",4,"Median","94",1992,65,264,328.5
705,"Slovenia",4,"Median","95",1992,42,176,218.5
705,"Slovenia",4,"Median","96",1992,26,113,139
705,"Slovenia",4,"Median","97",1992,16,70,86
705,"Slovenia",4,"Median","98",1992,10,41,50.5
705,"Slovenia",4,"Median","99",1992,6,24,30.5
705,"Slovenia",4,"Median","100",1992,3,11,14
705,"Slovenia",4,"Median","101",1992,2,7,9
705,"Slovenia",4,"Median","102",1992,1,5,6
705,"Slovenia",4,"Median","103",1992,1,3,4
705,"Slovenia",4,"Median","104",1992,0,2,2
705,"Slovenia",4,"Median","105",1992,0,1,1
705,"Slovenia",4,"Median","106",1992,0,1,1
705,"Slovenia",4,"Median","107",1992,0,1,1
705,"Slovenia",4,"Median","108",1992,0,0,0
705,"Slovenia",4,"Median","109",1992,0,0,0
705,"Slovenia",4,"Median","110",1992,0,0,0
705,"Slovenia",4,"Median","0",1993,10116,9512,19628.5
705,"Slovenia",4,"Median","1",1993,10616,9966,20583
705,"Slovenia",4,"Median","2",1993,11158,10622,21780
705,"Slovenia",4,"Median","3",1993,11656,11051,22707.5
705,"Slovenia",4,"Median","4",1993,12448,11716,24164
705,"Slovenia",4,"Median","5",1993,12961,12340,25301
705,"Slovenia",4,"Median","6",1993,12886,12380,25267
705,"Slovenia",4,"Median","7",1993,13054,12440,25494
705,"Slovenia",4,"Median","8",1993,13384,12800,26183.5
705,"Slovenia",4,"Median","9",1993,13642,13136,26778.5
705,"Slovenia",4,"Median","10",1993,14168,13502,27670
705,"Slovenia",4,"Median","11",1993,14813,13962,28775.5
705,"Slovenia",4,"Median","12",1993,15226,14555,29780.5
705,"Slovenia",4,"Median","13",1993,15562,14774,30335.5
705,"Slovenia",4,"Median","14",1993,15784,14590,30374
705,"Slovenia",4,"Median","15",1993,15628,14562,30190.5
705,"Slovenia",4,"Median","16",1993,15509,14740,30249.5
705,"Slovenia",4,"Median","17",1993,15333,14802,30135.5
705,"Slovenia",4,"Median","18",1993,15073,14412,29485
705,"Slovenia",4,"Median","19",1993,14992,14195,29186.5
705,"Slovenia",4,"Median","20",1993,14880,14262,29141
705,"Slovenia",4,"Median","21",1993,14605,14014,28619
705,"Slovenia",4,"Median","22",1993,14045,13778,27823.5
705,"Slovenia",4,"Median","23",1993,13914,13876,27790
705,"Slovenia",4,"Median","24",1993,14338,14153,28490.5
705,"Slovenia",4,"Median","25",1993,14595,14790,29385
705,"Slovenia",4,"Median","26",1993,15211,15458,30669.5
705,"Slovenia",4,"Median","27",1993,15608,15792,31399
705,"Slovenia",4,"Median","28",1993,15318,15678,30995.5
705,"Slovenia",4,"Median","29",1993,15222,15353,30575.5
705,"Slovenia",4,"Median","30",1993,15438,15298,30735.5
705,"Slovenia",4,"Median","31",1993,15598,15460,31057.5
705,"Slovenia",4,"Median","32",1993,15412,15489,30901
705,"Slovenia",4,"Median","33",1993,15380,15256,30636
705,"Slovenia",4,"Median","34",1993,15552,15108,30659
705,"Slovenia",4,"Median","35",1993,15719,15441,31160
705,"Slovenia",4,"Median","36",1993,16354,15948,32301.5
705,"Slovenia",4,"Median","37",1993,16886,16080,32966.5
705,"Slovenia",4,"Median","38",1993,16784,16047,32831
705,"Slovenia",4,"Median","39",1993,16882,16080,32963
705,"Slovenia",4,"Median","40",1993,17094,16012,33105.5
705,"Slovenia",4,"Median","41",1993,16588,15698,32286
705,"Slovenia",4,"Median","42",1993,16437,15622,32059
705,"Slovenia",4,"Median","43",1993,15944,15072,31016
705,"Slovenia",4,"Median","44",1993,14811,14118,28929
705,"Slovenia",4,"Median","45",1993,14251,13570,27821.5
705,"Slovenia",4,"Median","46",1993,13328,12871,26199.5
705,"Slovenia",4,"Median","47",1993,10973,10698,21670.5
705,"Slovenia",4,"Median","48",1993,10444,10064,20508
705,"Slovenia",4,"Median","49",1993,12006,11900,23905
705,"Slovenia",4,"Median","50",1993,12495,12616,25111.5
705,"Slovenia",4,"Median","51",1993,12236,12132,24368.5
705,"Slovenia",4,"Median","52",1993,11974,11762,23736
705,"Slovenia",4,"Median","53",1993,11728,11762,23490.5
705,"Slovenia",4,"Median","54",1993,11254,11586,22840.5
705,"Slovenia",4,"Median","55",1993,11002,11373,22375
705,"Slovenia",4,"Median","56",1993,11062,11444,22506
705,"Slovenia",4,"Median","57",1993,10933,11482,22415
705,"Slovenia",4,"Median","58",1993,10597,11531,22128
705,"Slovenia",4,"Median","59",1993,10290,11775,22065.5
705,"Slovenia",4,"Median","60",1993,10134,11994,22128.5
705,"Slovenia",4,"Median","61",1993,9979,12026,22005
705,"Slovenia",4,"Median","62",1993,10040,12095,22135.5
705,"Slovenia",4,"Median","63",1993,9547,11721,21268
705,"Slovenia",4,"Median","64",1993,8657,11248,19905
705,"Slovenia",4,"Median","65",1993,8102,11114,19216.5
705,"Slovenia",4,"Median","66",1993,7255,10948,18202.5
705,"Slovenia",4,"Median","67",1993,6488,10828,17316
705,"Slovenia",4,"Median","68",1993,5926,10480,16405
705,"Slovenia",4,"Median","69",1993,5640,10156,15795.5
705,"Slovenia",4,"Median","70",1993,5319,9754,15072.5
705,"Slovenia",4,"Median","71",1993,4794,9183,13977.5
705,"Slovenia",4,"Median","72",1993,4342,8292,12633.5
705,"Slovenia",4,"Median","73",1993,3738,7015,10753
705,"Slovenia",4,"Median","74",1993,2712,5150,7861.5
705,"Slovenia",4,"Median","75",1993,1944,3687,5630.5
705,"Slovenia",4,"Median","76",1993,1832,3460,5292
705,"Slovenia",4,"Median","77",1993,2016,3970,5986.5
705,"Slovenia",4,"Median","78",1993,2518,5116,7633.5
705,"Slovenia",4,"Median","79",1993,2684,5664,8347
705,"Slovenia",4,"Median","80",1993,2445,5354,7799.5
705,"Slovenia",4,"Median","81",1993,2160,4851,7011
705,"Slovenia",4,"Median","82",1993,1874,4346,6221
705,"Slovenia",4,"Median","83",1993,1631,3940,5570.5
705,"Slovenia",4,"Median","84",1993,1348,3399,4746.5
705,"Slovenia",4,"Median","85",1993,1066,2847,3912.5
705,"Slovenia",4,"Median","86",1993,849,2403,3252
705,"Slovenia",4,"Median","87",1993,670,1978,2648.5
705,"Slovenia",4,"Median","88",1993,514,1588,2101.5
705,"Slovenia",4,"Median","89",1993,396,1259,1654.5
705,"Slovenia",4,"Median","90",1993,303,996,1299.5
705,"Slovenia",4,"Median","91",1993,232,798,1030.5
705,"Slovenia",4,"Median","92",1993,170,616,787
705,"Slovenia",4,"Median","93",1993,115,432,547
705,"Slovenia",4,"Median","94",1993,72,283,355
705,"Slovenia",4,"Median","95",1993,46,187,232.5
705,"Slovenia",4,"Median","96",1993,28,122,150.5
705,"Slovenia",4,"Median","97",1993,18,76,93.5
705,"Slovenia",4,"Median","98",1993,10,45,55.5
705,"Slovenia",4,"Median","99",1993,6,26,32
705,"Slovenia",4,"Median","100",1993,3,11,14
705,"Slovenia",4,"Median","101",1993,2,7,9
705,"Slovenia",4,"Median","102",1993,1,5,6
705,"Slovenia",4,"Median","103",1993,1,3,4
705,"Slovenia",4,"Median","104",1993,0,2,2
705,"Slovenia",4,"Median","105",1993,0,1,1
705,"Slovenia",4,"Median","106",1993,0,1,1
705,"Slovenia",4,"Median","107",1993,0,1,1
705,"Slovenia",4,"Median","108",1993,0,0,0
705,"Slovenia",4,"Median","109",1993,0,0,0
705,"Slovenia",4,"Median","110",1993,0,0,0
705,"Slovenia",4,"Median","0",1994,9939,9500,19439.5
705,"Slovenia",4,"Median","1",1994,10168,9554,19723
705,"Slovenia",4,"Median","2",1994,10620,9988,20608
705,"Slovenia",4,"Median","3",1994,11166,10628,21794
705,"Slovenia",4,"Median","4",1994,11656,11054,22710
705,"Slovenia",4,"Median","5",1994,12452,11713,24165
705,"Slovenia",4,"Median","6",1994,12956,12340,25296
705,"Slovenia",4,"Median","7",1994,12881,12376,25257
705,"Slovenia",4,"Median","8",1994,13048,12438,25485
705,"Slovenia",4,"Median","9",1994,13383,12804,26186.5
705,"Slovenia",4,"Median","10",1994,13638,13137,26775.5
705,"Slovenia",4,"Median","11",1994,14166,13502,27668.5
705,"Slovenia",4,"Median","12",1994,14810,13961,28771
705,"Slovenia",4,"Median","13",1994,15218,14562,29780
705,"Slovenia",4,"Median","14",1994,15566,14774,30340
705,"Slovenia",4,"Median","15",1994,15778,14591,30369
705,"Slovenia",4,"Median","16",1994,15615,14549,30164
705,"Slovenia",4,"Median","17",1994,15495,14734,30229.5
705,"Slovenia",4,"Median","18",1994,15296,14792,30088
705,"Slovenia",4,"Median","19",1994,15022,14394,29416.5
705,"Slovenia",4,"Median","20",1994,14941,14168,29109
705,"Slovenia",4,"Median","21",1994,14819,14219,29038
705,"Slovenia",4,"Median","22",1994,14546,13976,28523
705,"Slovenia",4,"Median","23",1994,13992,13730,27722.5
705,"Slovenia",4,"Median","24",1994,13857,13835,27692
705,"Slovenia",4,"Median","25",1994,14282,14107,28389.5
705,"Slovenia",4,"Median","26",1994,14538,14744,29281.5
705,"Slovenia",4,"Median","27",1994,15154,15418,30572
705,"Slovenia",4,"Median","28",1994,15553,15748,31301.5
705,"Slovenia",4,"Median","29",1994,15248,15631,30879.5
705,"Slovenia",4,"Median","30",1994,15164,15300,30463.5
705,"Slovenia",4,"Median","31",1994,15368,15255,30623
705,"Slovenia",4,"Median","32",1994,15519,15420,30939.5
705,"Slovenia",4,"Median","33",1994,15341,15446,30787.5
705,"Slovenia",4,"Median","34",1994,15304,15212,30515.5
705,"Slovenia",4,"Median","35",1994,15488,15064,30551
705,"Slovenia",4,"Median","36",1994,15650,15398,31048
705,"Slovenia",4,"Median","37",1994,16265,15905,32170
705,"Slovenia",4,"Median","38",1994,16796,16021,32817
705,"Slovenia",4,"Median","39",1994,16672,16008,32680.5
705,"Slovenia",4,"Median","40",1994,16798,16028,32826
705,"Slovenia",4,"Median","41",1994,16976,15950,32926
705,"Slovenia",4,"Median","42",1994,16486,15642,32127
705,"Slovenia",4,"Median","43",1994,16318,15555,31872.5
705,"Slovenia",4,"Median","44",1994,15824,15016,30840
705,"Slovenia",4,"Median","45",1994,14712,14064,28776
705,"Slovenia",4,"Median","46",1994,14116,13516,27633
705,"Slovenia",4,"Median","47",1994,13208,12814,26021
705,"Slovenia",4,"Median","48",1994,10864,10638,21502
705,"Slovenia",4,"Median","49",1994,10333,10024,20356.5
705,"Slovenia",4,"Median","50",1994,11860,11845,23704.5
705,"Slovenia",4,"Median","51",1994,12354,12564,24918
705,"Slovenia",4,"Median","52",1994,12092,12085,24177.5
705,"Slovenia",4,"Median","53",1994,11821,11700,23520.5
705,"Slovenia",4,"Median","54",1994,11545,11698,23243.5
705,"Slovenia",4,"Median","55",1994,11087,11516,22602.5
705,"Slovenia",4,"Median","56",1994,10824,11304,22128.5
705,"Slovenia",4,"Median","57",1994,10858,11382,22239
705,"Slovenia",4,"Median","58",1994,10731,11409,22140
705,"Slovenia",4,"Median","59",1994,10409,11444,21853
705,"Slovenia",4,"Median","60",1994,10085,11674,21758.5
705,"Slovenia",4,"Median","61",1994,9900,11886,21785.5
705,"Slovenia",4,"Median","62",1994,9725,11905,21630
705,"Slovenia",4,"Median","63",1994,9756,11962,21718
705,"Slovenia",4,"Median","64",1994,9289,11586,20875.5
705,"Slovenia",4,"Median","65",1994,8381,11126,19507
705,"Slovenia",4,"Median","66",1994,7840,10970,18809.5
705,"Slovenia",4,"Median","67",1994,7003,10788,17790.5
705,"Slovenia",4,"Median","68",1994,6248,10650,16899
705,"Slovenia",4,"Median","69",1994,5686,10285,15970.5
705,"Slovenia",4,"Median","70",1994,5396,9941,15337
705,"Slovenia",4,"Median","71",1994,5078,9528,14605.5
705,"Slovenia",4,"Median","72",1994,4552,8950,13502.5
705,"Slovenia",4,"Median","73",1994,4102,8046,12147
705,"Slovenia",4,"Median","74",1994,3516,6783,10299
705,"Slovenia",4,"Median","75",1994,2529,4956,7485.5
705,"Slovenia",4,"Median","76",1994,1794,3522,5317
705,"Slovenia",4,"Median","77",1994,1678,3288,4966
705,"Slovenia",4,"Median","78",1994,1832,3747,5579.5
705,"Slovenia",4,"Median","79",1994,2268,4794,7062.5
705,"Slovenia",4,"Median","80",1994,2395,5266,7661
705,"Slovenia",4,"Median","81",1994,2160,4936,7096
705,"Slovenia",4,"Median","82",1994,1888,4428,6315
705,"Slovenia",4,"Median","83",1994,1619,3925,5544
705,"Slovenia",4,"Median","84",1994,1392,3514,4906
705,"Slovenia",4,"Median","85",1994,1134,2993,4127
705,"Slovenia",4,"Median","86",1994,884,2470,3354.5
705,"Slovenia",4,"Median","87",1994,694,2053,2746.5
705,"Slovenia",4,"Median","88",1994,538,1662,2200
705,"Slovenia",4,"Median","89",1994,406,1309,1715.5
705,"Slovenia",4,"Median","90",1994,306,1017,1323.5
705,"Slovenia",4,"Median","91",1994,231,788,1018.5
705,"Slovenia",4,"Median","92",1994,173,617,790
705,"Slovenia",4,"Median","93",1994,124,464,588.5
705,"Slovenia",4,"Median","94",1994,82,318,399.5
705,"Slovenia",4,"Median","95",1994,50,202,253
705,"Slovenia",4,"Median","96",1994,31,130,161
705,"Slovenia",4,"Median","97",1994,19,82,101.5
705,"Slovenia",4,"Median","98",1994,12,50,61
705,"Slovenia",4,"Median","99",1994,6,28,35
705,"Slovenia",4,"Median","100",1994,3,11,14
705,"Slovenia",4,"Median","101",1994,2,8,10
705,"Slovenia",4,"Median","102",1994,1,5,6
705,"Slovenia",4,"Median","103",1994,1,3,4
705,"Slovenia",4,"Median","104",1994,1,2,3
705,"Slovenia",4,"Median","105",1994,0,2,2
705,"Slovenia",4,"Median","106",1994,0,1,1
705,"Slovenia",4,"Median","107",1994,0,1,1
705,"Slovenia",4,"Median","108",1994,0,0,0
705,"Slovenia",4,"Median","109",1994,0,0,0
705,"Slovenia",4,"Median","110",1994,0,0,0
705,"Slovenia",4,"Median","0",1995,9760,9344,19104.5
705,"Slovenia",4,"Median","1",1995,10040,9596,19635.5
705,"Slovenia",4,"Median","2",1995,10246,9640,19887
705,"Slovenia",4,"Median","3",1995,10706,10083,20789
705,"Slovenia",4,"Median","4",1995,11252,10735,21987
705,"Slovenia",4,"Median","5",1995,11743,11114,22857.5
705,"Slovenia",4,"Median","6",1995,12530,11785,24314.5
705,"Slovenia",4,"Median","7",1995,13040,12406,25446
705,"Slovenia",4,"Median","8",1995,12934,12436,25370
705,"Slovenia",4,"Median","9",1995,13091,12491,25582
705,"Slovenia",4,"Median","10",1995,13433,12854,26286.5
705,"Slovenia",4,"Median","11",1995,13675,13178,26853.5
705,"Slovenia",4,"Median","12",1995,14194,13551,27745
705,"Slovenia",4,"Median","13",1995,14848,13990,28837
705,"Slovenia",4,"Median","14",1995,15265,14565,29830
705,"Slovenia",4,"Median","15",1995,15576,14782,30358.5
705,"Slovenia",4,"Median","16",1995,15796,14592,30387
705,"Slovenia",4,"Median","17",1995,15660,14554,30213.5
705,"Slovenia",4,"Median","18",1995,15518,14740,30258.5
705,"Slovenia",4,"Median","19",1995,15318,14792,30110
705,"Slovenia",4,"Median","20",1995,15043,14412,29454.5
705,"Slovenia",4,"Median","21",1995,14946,14156,29101.5
705,"Slovenia",4,"Median","22",1995,14798,14226,29024.5
705,"Slovenia",4,"Median","23",1995,14551,13998,28549.5
705,"Slovenia",4,"Median","24",1995,14032,13768,27799.5
705,"Slovenia",4,"Median","25",1995,13942,13834,27775
705,"Slovenia",4,"Median","26",1995,14413,14112,28525
705,"Slovenia",4,"Median","27",1995,14678,14774,29452
705,"Slovenia",4,"Median","28",1995,15329,15459,30788
705,"Slovenia",4,"Median","29",1995,15738,15760,31498
705,"Slovenia",4,"Median","30",1995,15483,15671,31154
705,"Slovenia",4,"Median","31",1995,15326,15306,30632
705,"Slovenia",4,"Median","32",1995,15558,15290,30847
705,"Slovenia",4,"Median","33",1995,15700,15408,31107.5
705,"Slovenia",4,"Median","34",1995,15498,15470,30968.5
705,"Slovenia",4,"Median","35",1995,15463,15225,30688
705,"Slovenia",4,"Median","36",1995,15607,15040,30646.5
705,"Slovenia",4,"Median","37",1995,15757,15390,31146.5
705,"Slovenia",4,"Median","38",1995,16345,15854,32199.5
705,"Slovenia",4,"Median","39",1995,16892,15970,32861
705,"Slovenia",4,"Median","40",1995,16716,15917,32633
705,"Slovenia",4,"Median","41",1995,16840,15887,32727
705,"Slovenia",4,"Median","42",1995,16986,15785,32770.5
705,"Slovenia",4,"Median","43",1995,16456,15428,31884.5
705,"Slovenia",4,"Median","44",1995,16210,15271,31480.5
705,"Slovenia",4,"Median","45",1995,15678,14662,30339.5
705,"Slovenia",4,"Median","46",1995,14480,13734,28214
705,"Slovenia",4,"Median","47",1995,13832,13243,27075.5
705,"Slovenia",4,"Median","48",1995,12916,12568,25484
705,"Slovenia",4,"Median","49",1995,10572,10412,20983.5
705,"Slovenia",4,"Median","50",1995,10074,9859,19933.5
705,"Slovenia",4,"Median","51",1995,11542,11633,23175.5
705,"Slovenia",4,"Median","52",1995,12032,12366,24398
705,"Slovenia",4,"Median","53",1995,11776,11896,23672
705,"Slovenia",4,"Median","54",1995,11546,11542,23088
705,"Slovenia",4,"Median","55",1995,11318,11558,22876
705,"Slovenia",4,"Median","56",1995,10816,11386,22202.5
705,"Slovenia",4,"Median","57",1995,10570,11198,21768.5
705,"Slovenia",4,"Median","58",1995,10594,11282,21876.5
705,"Slovenia",4,"Median","59",1995,10491,11314,21805
705,"Slovenia",4,"Median","60",1995,10160,11348,21507.5
705,"Slovenia",4,"Median","61",1995,9816,11582,21397.5
705,"Slovenia",4,"Median","62",1995,9611,11767,21378
705,"Slovenia",4,"Median","63",1995,9426,11802,21228.5
705,"Slovenia",4,"Median","64",1995,9454,11846,21299.5
705,"Slovenia",4,"Median","65",1995,8986,11479,20465
705,"Slovenia",4,"Median","66",1995,8114,10976,19090.5
705,"Slovenia",4,"Median","67",1995,7566,10812,18378
705,"Slovenia",4,"Median","68",1995,6752,10614,17366.5
705,"Slovenia",4,"Median","69",1995,6004,10458,16462
705,"Slovenia",4,"Median","70",1995,5440,10079,15519
705,"Slovenia",4,"Median","71",1995,5154,9719,14872.5
705,"Slovenia",4,"Median","72",1995,4828,9294,14122.5
705,"Slovenia",4,"Median","73",1995,4306,8695,13000.5
705,"Slovenia",4,"Median","74",1995,3859,7788,11647
705,"Slovenia",4,"Median","75",1995,3282,6535,9817
705,"Slovenia",4,"Median","76",1995,2342,4743,7084.5
705,"Slovenia",4,"Median","77",1995,1648,3352,5000.5
705,"Slovenia",4,"Median","78",1995,1530,3108,4638
705,"Slovenia",4,"Median","79",1995,1656,3518,5174
705,"Slovenia",4,"Median","80",1995,2030,4467,6497
705,"Slovenia",4,"Median","81",1995,2124,4866,6989.5
705,"Slovenia",4,"Median","82",1995,1895,4517,6412
705,"Slovenia",4,"Median","83",1995,1637,4010,5647.5
705,"Slovenia",4,"Median","84",1995,1387,3514,4900.5
705,"Slovenia",4,"Median","85",1995,1176,3106,4282
705,"Slovenia",4,"Median","86",1995,946,2608,3554
705,"Slovenia",4,"Median","87",1995,726,2120,2846
705,"Slovenia",4,"Median","88",1995,560,1732,2293
705,"Slovenia",4,"Median","89",1995,428,1376,1804.5
705,"Slovenia",4,"Median","90",1995,317,1064,1380.5
705,"Slovenia",4,"Median","91",1995,235,809,1044
705,"Slovenia",4,"Median","92",1995,174,612,786
705,"Slovenia",4,"Median","93",1995,127,468,595
705,"Slovenia",4,"Median","94",1995,90,344,433.5
705,"Slovenia",4,"Median","95",1995,58,229,286.5
705,"Slovenia",4,"Median","96",1995,35,142,176.5
705,"Slovenia",4,"Median","97",1995,21,88,109.5
705,"Slovenia",4,"Median","98",1995,12,54,67
705,"Slovenia",4,"Median","99",1995,7,32,38.5
705,"Slovenia",4,"Median","100",1995,3,12,15
705,"Slovenia",4,"Median","101",1995,2,8,10
705,"Slovenia",4,"Median","102",1995,1,6,7
705,"Slovenia",4,"Median","103",1995,1,4,5
705,"Slovenia",4,"Median","104",1995,1,3,4
705,"Slovenia",4,"Median","105",1995,0,2,2
705,"Slovenia",4,"Median","106",1995,0,1,1
705,"Slovenia",4,"Median","107",1995,0,1,1
705,"Slovenia",4,"Median","108",1995,0,1,1
705,"Slovenia",4,"Median","109",1995,0,0,0
705,"Slovenia",4,"Median","110",1995,0,0,0
705,"Slovenia",4,"Median","0",1996,9702,9142,18844.5
705,"Slovenia",4,"Median","1",1996,9879,9446,19325
705,"Slovenia",4,"Median","2",1996,10118,9664,19781.5
705,"Slovenia",4,"Median","3",1996,10315,9722,20037
705,"Slovenia",4,"Median","4",1996,10768,10166,20934.5
705,"Slovenia",4,"Median","5",1996,11316,10760,22075.5
705,"Slovenia",4,"Median","6",1996,11782,11158,22941
705,"Slovenia",4,"Median","7",1996,12562,11812,24374
705,"Slovenia",4,"Median","8",1996,13046,12439,25485.5
705,"Slovenia",4,"Median","9",1996,12936,12453,25389
705,"Slovenia",4,"Median","10",1996,13102,12498,25600.5
705,"Slovenia",4,"Median","11",1996,13420,12864,26283.5
705,"Slovenia",4,"Median","12",1996,13664,13188,26851.5
705,"Slovenia",4,"Median","13",1996,14186,13528,27714
705,"Slovenia",4,"Median","14",1996,14840,13952,28791.5
705,"Slovenia",4,"Median","15",1996,15223,14531,29754
705,"Slovenia",4,"Median","16",1996,15566,14746,30311
705,"Slovenia",4,"Median","17",1996,15844,14552,30395.5
705,"Slovenia",4,"Median","18",1996,15700,14520,30219.5
705,"Slovenia",4,"Median","19",1996,15536,14707,30243
705,"Slovenia",4,"Median","20",1996,15340,14777,30117.5
705,"Slovenia",4,"Median","21",1996,15058,14368,29426
705,"Slovenia",4,"Median","22",1996,14958,14142,29099.5
705,"Slovenia",4,"Median","23",1996,14834,14228,29062
705,"Slovenia",4,"Median","24",1996,14640,14018,28658.5
705,"Slovenia",4,"Median","25",1996,14152,13750,27901.5
705,"Slovenia",4,"Median","26",1996,14108,13830,27938.5
705,"Slovenia",4,"Median","27",1996,14598,14140,28737.5
705,"Slovenia",4,"Median","28",1996,14894,14789,29683.5
705,"Slovenia",4,"Median","29",1996,15571,15452,31023
705,"Slovenia",4,"Median","30",1996,16018,15781,31799.5
705,"Slovenia",4,"Median","31",1996,15694,15664,31358
705,"Slovenia",4,"Median","32",1996,15560,15325,30885.5
705,"Slovenia",4,"Median","33",1996,15756,15261,31016.5
705,"Slovenia",4,"Median","34",1996,15890,15398,31288
705,"Slovenia",4,"Median","35",1996,15700,15446,31146.5
705,"Slovenia",4,"Median","36",1996,15630,15182,30812
705,"Slovenia",4,"Median","37",1996,15752,15004,30756.5
705,"Slovenia",4,"Median","38",1996,15884,15319,31203.5
705,"Slovenia",4,"Median","39",1996,16473,15771,32244
705,"Slovenia",4,"Median","40",1996,16972,15850,32822
705,"Slovenia",4,"Median","41",1996,16826,15756,32582
705,"Slovenia",4,"Median","42",1996,16894,15690,32584
705,"Slovenia",4,"Median","43",1996,16997,15541,32538
705,"Slovenia",4,"Median","44",1996,16373,15134,31507.5
705,"Slovenia",4,"Median","45",1996,16084,14890,30973
705,"Slovenia",4,"Median","46",1996,15479,14314,29792.5
705,"Slovenia",4,"Median","47",1996,14218,13452,27671
705,"Slovenia",4,"Median","48",1996,13556,12984,26539.5
705,"Slovenia",4,"Median","49",1996,12647,12322,24968.5
705,"Slovenia",4,"Median","50",1996,10344,10229,20573.5
705,"Slovenia",4,"Median","51",1996,9781,9636,19416.5
705,"Slovenia",4,"Median","52",1996,11237,11424,22661
705,"Slovenia",4,"Median","53",1996,11728,12158,23885.5
705,"Slovenia",4,"Median","54",1996,11518,11716,23233.5
705,"Slovenia",4,"Median","55",1996,11321,11386,22707.5
705,"Slovenia",4,"Median","56",1996,11052,11422,22474
705,"Slovenia",4,"Median","57",1996,10585,11250,21834.5
705,"Slovenia",4,"Median","58",1996,10302,11072,21374
705,"Slovenia",4,"Median","59",1996,10342,11165,21507.5
705,"Slovenia",4,"Median","60",1996,10206,11194,21400
705,"Slovenia",4,"Median","61",1996,9902,11232,21133.5
705,"Slovenia",4,"Median","62",1996,9527,11446,20973.5
705,"Slovenia",4,"Median","63",1996,9321,11632,20953.5
705,"Slovenia",4,"Median","64",1996,9123,11656,20779
705,"Slovenia",4,"Median","65",1996,9160,11704,20865
705,"Slovenia",4,"Median","66",1996,8706,11326,20032
705,"Slovenia",4,"Median","67",1996,7836,10824,18660.5
705,"Slovenia",4,"Median","68",1996,7302,10643,17945
705,"Slovenia",4,"Median","69",1996,6496,10429,16925
705,"Slovenia",4,"Median","70",1996,5749,10261,16010
705,"Slovenia",4,"Median","71",1996,5201,9865,15066
705,"Slovenia",4,"Median","72",1996,4906,9490,14396.5
705,"Slovenia",4,"Median","73",1996,4574,9044,13618.5
705,"Slovenia",4,"Median","74",1996,4058,8431,12489.5
705,"Slovenia",4,"Median","75",1996,3608,7514,11121
705,"Slovenia",4,"Median","76",1996,3042,6263,9305.5
705,"Slovenia",4,"Median","77",1996,2155,4522,6677
705,"Slovenia",4,"Median","78",1996,1506,3176,4681.5
705,"Slovenia",4,"Median","79",1996,1385,2926,4310.5
705,"Slovenia",4,"Median","80",1996,1486,3286,4772.5
705,"Slovenia",4,"Median","81",1996,1804,4138,5941.5
705,"Slovenia",4,"Median","82",1996,1868,4466,6333.5
705,"Slovenia",4,"Median","83",1996,1648,4104,5751.5
705,"Slovenia",4,"Median","84",1996,1406,3602,5008
705,"Slovenia",4,"Median","85",1996,1176,3116,4292
705,"Slovenia",4,"Median","86",1996,984,2717,3700.5
705,"Slovenia",4,"Median","87",1996,778,2248,3026
705,"Slovenia",4,"Median","88",1996,588,1797,2385.5
705,"Slovenia",4,"Median","89",1996,446,1442,1888.5
705,"Slovenia",4,"Median","90",1996,335,1124,1459
705,"Slovenia",4,"Median","91",1996,244,850,1094
705,"Slovenia",4,"Median","92",1996,177,632,809
705,"Slovenia",4,"Median","93",1996,128,468,595.5
705,"Slovenia",4,"Median","94",1996,92,348,440
705,"Slovenia",4,"Median","95",1996,64,249,312.5
705,"Slovenia",4,"Median","96",1996,40,161,201
705,"Slovenia",4,"Median","97",1996,24,97,120.5
705,"Slovenia",4,"Median","98",1996,14,58,72
705,"Slovenia",4,"Median","99",1996,8,34,42
705,"Slovenia",4,"Median","100",1996,3,13,16
705,"Slovenia",4,"Median","101",1996,2,9,11
705,"Slovenia",4,"Median","102",1996,1,6,7
705,"Slovenia",4,"Median","103",1996,1,4,5
705,"Slovenia",4,"Median","104",1996,1,3,4
705,"Slovenia",4,"Median","105",1996,0,2,2
705,"Slovenia",4,"Median","106",1996,0,1,1
705,"Slovenia",4,"Median","107",1996,0,1,1
705,"Slovenia",4,"Median","108",1996,0,1,1
705,"Slovenia",4,"Median","109",1996,0,0,0
705,"Slovenia",4,"Median","110",1996,0,0,0
705,"Slovenia",4,"Median","0",1997,9510,8967,18476.5
705,"Slovenia",4,"Median","1",1997,9786,9203,18988.5
705,"Slovenia",4,"Median","2",1997,9886,9450,19335
705,"Slovenia",4,"Median","3",1997,10104,9662,19766.5
705,"Slovenia",4,"Median","4",1997,10294,9705,19999.5
705,"Slovenia",4,"Median","5",1997,10744,10124,20867.5
705,"Slovenia",4,"Median","6",1997,11281,10720,22001
705,"Slovenia",4,"Median","7",1997,11722,11108,22829.5
705,"Slovenia",4,"Median","8",1997,12510,11776,24286
705,"Slovenia",4,"Median","9",1997,12991,12398,25388.5
705,"Slovenia",4,"Median","10",1997,12892,12396,25287.5
705,"Slovenia",4,"Median","11",1997,13038,12460,25498.5
705,"Slovenia",4,"Median","12",1997,13370,12808,26177.5
705,"Slovenia",4,"Median","13",1997,13594,13131,26724.5
705,"Slovenia",4,"Median","14",1997,14124,13474,27598.5
705,"Slovenia",4,"Median","15",1997,14768,13898,28666
705,"Slovenia",4,"Median","16",1997,15178,14473,29651.5
705,"Slovenia",4,"Median","17",1997,15542,14670,30211.5
705,"Slovenia",4,"Median","18",1997,15823,14498,30320.5
705,"Slovenia",4,"Median","19",1997,15656,14469,30124.5
705,"Slovenia",4,"Median","20",1997,15505,14650,30155
705,"Slovenia",4,"Median","21",1997,15354,14718,30072
705,"Slovenia",4,"Median","22",1997,15112,14340,29452
705,"Slovenia",4,"Median","23",1997,15007,14113,29120
705,"Slovenia",4,"Median","24",1997,14890,14181,29070.5
705,"Slovenia",4,"Median","25",1997,14696,13987,28682.5
705,"Slovenia",4,"Median","26",1997,14184,13720,27905
705,"Slovenia",4,"Median","27",1997,14150,13810,27959
705,"Slovenia",4,"Median","28",1997,14636,14091,28726.5
705,"Slovenia",4,"Median","29",1997,14944,14740,29684
705,"Slovenia",4,"Median","30",1997,15580,15392,30972
705,"Slovenia",4,"Median","31",1997,16027,15748,31775
705,"Slovenia",4,"Median","32",1997,15687,15624,31310.5
705,"Slovenia",4,"Median","33",1997,15546,15284,30829
705,"Slovenia",4,"Median","34",1997,15758,15205,30963.5
705,"Slovenia",4,"Median","35",1997,15892,15338,31229.5
705,"Slovenia",4,"Median","36",1997,15696,15399,31095.5
705,"Slovenia",4,"Median","37",1997,15596,15117,30712.5
705,"Slovenia",4,"Median","38",1997,15751,14943,30694
705,"Slovenia",4,"Median","39",1997,15863,15254,31117
705,"Slovenia",4,"Median","40",1997,16456,15699,32155.5
705,"Slovenia",4,"Median","41",1997,16968,15799,32767
705,"Slovenia",4,"Median","42",1997,16777,15690,32467.5
705,"Slovenia",4,"Median","43",1997,16854,15614,32467.5
705,"Slovenia",4,"Median","44",1997,16938,15482,32420
705,"Slovenia",4,"Median","45",1997,16308,15055,31363
705,"Slovenia",4,"Median","46",1997,16010,14832,30842
705,"Slovenia",4,"Median","47",1997,15390,14251,29641
705,"Slovenia",4,"Median","48",1997,14152,13397,27549.5
705,"Slovenia",4,"Median","49",1997,13482,12928,26411
705,"Slovenia",4,"Median","50",1997,12562,12259,24820.5
705,"Slovenia",4,"Median","51",1997,10250,10176,20426
705,"Slovenia",4,"Median","52",1997,9696,9600,19296
705,"Slovenia",4,"Median","53",1997,11124,11365,22489
705,"Slovenia",4,"Median","54",1997,11586,12074,23659.5
705,"Slovenia",4,"Median","55",1997,11394,11642,23035.5
705,"Slovenia",4,"Median","56",1997,11172,11310,22482
705,"Slovenia",4,"Median","57",1997,10904,11323,22227.5
705,"Slovenia",4,"Median","58",1997,10394,11154,21548.5
705,"Slovenia",4,"Median","59",1997,10128,10970,21097
705,"Slovenia",4,"Median","60",1997,10129,11050,21179.5
705,"Slovenia",4,"Median","61",1997,10002,11070,21072
705,"Slovenia",4,"Median","62",1997,9660,11110,20771
705,"Slovenia",4,"Median","63",1997,9288,11302,20590
705,"Slovenia",4,"Median","64",1997,9056,11476,20532
705,"Slovenia",4,"Median","65",1997,8845,11494,20338.5
705,"Slovenia",4,"Median","66",1997,8878,11556,20434
705,"Slovenia",4,"Median","67",1997,8417,11171,19588
705,"Slovenia",4,"Median","68",1997,7565,10658,18222.5
705,"Slovenia",4,"Median","69",1997,7030,10462,17492
705,"Slovenia",4,"Median","70",1997,6228,10239,16467
705,"Slovenia",4,"Median","71",1997,5498,10050,15547.5
705,"Slovenia",4,"Median","72",1997,4955,9637,14592
705,"Slovenia",4,"Median","73",1997,4658,9243,13900.5
705,"Slovenia",4,"Median","74",1997,4319,8783,13102
705,"Slovenia",4,"Median","75",1997,3798,8144,11941.5
705,"Slovenia",4,"Median","76",1997,3348,7210,10558
705,"Slovenia",4,"Median","77",1997,2804,5978,8782.5
705,"Slovenia",4,"Median","78",1997,1971,4291,6262
705,"Slovenia",4,"Median","79",1997,1366,2994,4359
705,"Slovenia",4,"Median","80",1997,1245,2738,3982.5
705,"Slovenia",4,"Median","81",1997,1322,3049,4371.5
705,"Slovenia",4,"Median","82",1997,1589,3804,5392.5
705,"Slovenia",4,"Median","83",1997,1626,4064,5691
705,"Slovenia",4,"Median","84",1997,1418,3692,5110.5
705,"Slovenia",4,"Median","85",1997,1194,3201,4395
705,"Slovenia",4,"Median","86",1997,985,2731,3716
705,"Slovenia",4,"Median","87",1997,811,2346,3157
705,"Slovenia",4,"Median","88",1997,632,1909,2541.5
705,"Slovenia",4,"Median","89",1997,470,1500,1969.5
705,"Slovenia",4,"Median","90",1997,350,1180,1530
705,"Slovenia",4,"Median","91",1997,258,900,1158.5
705,"Slovenia",4,"Median","92",1997,184,666,849.5
705,"Slovenia",4,"Median","93",1997,131,484,614.5
705,"Slovenia",4,"Median","94",1997,92,348,440.5
705,"Slovenia",4,"Median","95",1997,66,252,318
705,"Slovenia",4,"Median","96",1997,44,176,219.5
705,"Slovenia",4,"Median","97",1997,27,110,137
705,"Slovenia",4,"Median","98",1997,16,64,79.5
705,"Slovenia",4,"Median","99",1997,8,38,46
705,"Slovenia",4,"Median","100",1997,4,15,19
705,"Slovenia",4,"Median","101",1997,2,10,12
705,"Slovenia",4,"Median","102",1997,2,7,9
705,"Slovenia",4,"Median","103",1997,1,5,6
705,"Slovenia",4,"Median","104",1997,1,3,4
705,"Slovenia",4,"Median","105",1997,0,2,2
705,"Slovenia",4,"Median","106",1997,0,2,2
705,"Slovenia",4,"Median","107",1997,0,1,1
705,"Slovenia",4,"Median","108",1997,0,1,1
705,"Slovenia",4,"Median","109",1997,0,0,0
705,"Slovenia",4,"Median","110",1997,0,0,0
705,"Slovenia",4,"Median","0",1998,9261,8712,17973.5
705,"Slovenia",4,"Median","1",1998,9578,9032,18609.5
705,"Slovenia",4,"Median","2",1998,9776,9208,18984
705,"Slovenia",4,"Median","3",1998,9882,9453,19335
705,"Slovenia",4,"Median","4",1998,10098,9662,19761
705,"Slovenia",4,"Median","5",1998,10291,9699,19990
705,"Slovenia",4,"Median","6",1998,10740,10106,20846
705,"Slovenia",4,"Median","7",1998,11260,10703,21963
705,"Slovenia",4,"Median","8",1998,11708,11085,22793.5
705,"Slovenia",4,"Median","9",1998,12486,11754,24239
705,"Slovenia",4,"Median","10",1998,12966,12377,25343
705,"Slovenia",4,"Median","11",1998,12870,12379,25249
705,"Slovenia",4,"Median","12",1998,13014,12436,25451
705,"Slovenia",4,"Median","13",1998,13336,12793,26129.5
705,"Slovenia",4,"Median","14",1998,13576,13102,26678
705,"Slovenia",4,"Median","15",1998,14109,13457,27566
705,"Slovenia",4,"Median","16",1998,14753,13876,28629.5
705,"Slovenia",4,"Median","17",1998,15158,14442,29600
705,"Slovenia",4,"Median","18",1998,15499,14652,30150.5
705,"Slovenia",4,"Median","19",1998,15751,14476,30227
705,"Slovenia",4,"Median","20",1998,15584,14449,30033.5
705,"Slovenia",4,"Median","21",1998,15478,14626,30103.5
705,"Slovenia",4,"Median","22",1998,15330,14716,30045
705,"Slovenia",4,"Median","23",1998,15077,14307,29384
705,"Slovenia",4,"Median","24",1998,14964,14066,29030.5
705,"Slovenia",4,"Median","25",1998,14890,14169,29058.5
705,"Slovenia",4,"Median","26",1998,14646,13964,28609
705,"Slovenia",4,"Median","27",1998,14140,13690,27830.5
705,"Slovenia",4,"Median","28",1998,14094,13782,27875.5
705,"Slovenia",4,"Median","29",1998,14570,14045,28615
705,"Slovenia",4,"Median","30",1998,14846,14686,29532
705,"Slovenia",4,"Median","31",1998,15502,15380,30881.5
705,"Slovenia",4,"Median","32",1998,15883,15714,31597.5
705,"Slovenia",4,"Median","33",1998,15597,15576,31173
705,"Slovenia",4,"Median","34",1998,15438,15250,30688
705,"Slovenia",4,"Median","35",1998,15674,15169,30842.5
705,"Slovenia",4,"Median","36",1998,15772,15306,31077.5
705,"Slovenia",4,"Median","37",1998,15562,15352,30913.5
705,"Slovenia",4,"Median","38",1998,15498,15079,30577
705,"Slovenia",4,"Median","39",1998,15656,14900,30556
705,"Slovenia",4,"Median","40",1998,15742,15201,30943
705,"Slovenia",4,"Median","41",1998,16330,15664,31994
705,"Slovenia",4,"Median","42",1998,16805,15749,32554
705,"Slovenia",4,"Median","43",1998,16646,15648,32293.5
705,"Slovenia",4,"Median","44",1998,16718,15558,32275.5
705,"Slovenia",4,"Median","45",1998,16784,15418,32201.5
705,"Slovenia",4,"Median","46",1998,16148,14996,31143.5
705,"Slovenia",4,"Median","47",1998,15859,14778,30636.5
705,"Slovenia",4,"Median","48",1998,15256,14208,29463.5
705,"Slovenia",4,"Median","49",1998,14006,13354,27359.5
705,"Slovenia",4,"Median","50",1998,13339,12876,26215
705,"Slovenia",4,"Median","51",1998,12406,12202,24609
705,"Slovenia",4,"Median","52",1998,10125,10140,20265.5
705,"Slovenia",4,"Median","53",1998,9548,9557,19104.5
705,"Slovenia",4,"Median","54",1998,10971,11310,22280.5
705,"Slovenia",4,"Median","55",1998,11436,12002,23437.5
705,"Slovenia",4,"Median","56",1998,11224,11576,22799.5
705,"Slovenia",4,"Median","57",1998,10990,11246,22236.5
705,"Slovenia",4,"Median","58",1998,10695,11257,21952
705,"Slovenia",4,"Median","59",1998,10216,11080,21295
705,"Slovenia",4,"Median","60",1998,9938,10879,20817.5
705,"Slovenia",4,"Median","61",1998,9913,10958,20871.5
705,"Slovenia",4,"Median","62",1998,9785,10980,20764.5
705,"Slovenia",4,"Median","63",1998,9426,11014,20439
705,"Slovenia",4,"Median","64",1998,9047,11179,20226
705,"Slovenia",4,"Median","65",1998,8765,11344,20109
705,"Slovenia",4,"Median","66",1998,8574,11356,19930
705,"Slovenia",4,"Median","67",1998,8594,11396,19990
705,"Slovenia",4,"Median","68",1998,8125,10998,19123.5
705,"Slovenia",4,"Median","69",1998,7285,10480,17765
705,"Slovenia",4,"Median","70",1998,6745,10272,17016.5
705,"Slovenia",4,"Median","71",1998,5956,10027,15983.5
705,"Slovenia",4,"Median","72",1998,5240,9818,15057.5
705,"Slovenia",4,"Median","73",1998,4711,9390,14101
705,"Slovenia",4,"Median","74",1998,4402,8984,13386.5
705,"Slovenia",4,"Median","75",1998,4044,8490,12533.5
705,"Slovenia",4,"Median","76",1998,3528,7821,11349.5
705,"Slovenia",4,"Median","77",1998,3089,6888,9976.5
705,"Slovenia",4,"Median","78",1998,2567,5678,8245
705,"Slovenia",4,"Median","79",1998,1790,4050,5839
705,"Slovenia",4,"Median","80",1998,1228,2805,4033.5
705,"Slovenia",4,"Median","81",1998,1110,2543,3652.5
705,"Slovenia",4,"Median","82",1998,1166,2808,3973.5
705,"Slovenia",4,"Median","83",1998,1385,3467,4852
705,"Slovenia",4,"Median","84",1998,1401,3664,5065
705,"Slovenia",4,"Median","85",1998,1205,3288,4493
705,"Slovenia",4,"Median","86",1998,1001,2812,3812.5
705,"Slovenia",4,"Median","87",1998,814,2364,3177
705,"Slovenia",4,"Median","88",1998,660,1998,2657
705,"Slovenia",4,"Median","89",1998,506,1597,2102.5
705,"Slovenia",4,"Median","90",1998,369,1230,1599
705,"Slovenia",4,"Median","91",1998,270,948,1218.5
705,"Slovenia",4,"Median","92",1998,195,708,902.5
705,"Slovenia",4,"Median","93",1998,136,511,647
705,"Slovenia",4,"Median","94",1998,95,361,456
705,"Slovenia",4,"Median","95",1998,66,254,319.5
705,"Slovenia",4,"Median","96",1998,46,178,224
705,"Slovenia",4,"Median","97",1998,30,120,150
705,"Slovenia",4,"Median","98",1998,18,73,91
705,"Slovenia",4,"Median","99",1998,10,42,51.5
705,"Slovenia",4,"Median","100",1998,4,16,20
705,"Slovenia",4,"Median","101",1998,3,11,14
705,"Slovenia",4,"Median","102",1998,2,8,10
705,"Slovenia",4,"Median","103",1998,1,5,6
705,"Slovenia",4,"Median","104",1998,1,4,5
705,"Slovenia",4,"Median","105",1998,1,2,3
705,"Slovenia",4,"Median","106",1998,0,2,2
705,"Slovenia",4,"Median","107",1998,0,1,1
705,"Slovenia",4,"Median","108",1998,0,1,1
705,"Slovenia",4,"Median","109",1998,0,1,1
705,"Slovenia",4,"Median","110",1998,0,0,0
705,"Slovenia",4,"Median","0",1999,9116,8514,17630.5
705,"Slovenia",4,"Median","1",1999,9346,8806,18151.5
705,"Slovenia",4,"Median","2",1999,9596,9044,18639
705,"Slovenia",4,"Median","3",1999,9802,9232,19035
705,"Slovenia",4,"Median","4",1999,9895,9462,19356.5
705,"Slovenia",4,"Median","5",1999,10102,9683,19784.5
705,"Slovenia",4,"Median","6",1999,10292,9702,19993.5
705,"Slovenia",4,"Median","7",1999,10730,10106,20836
705,"Slovenia",4,"Median","8",1999,11261,10688,21949.5
705,"Slovenia",4,"Median","9",1999,11696,11080,22775.5
705,"Slovenia",4,"Median","10",1999,12462,11736,24198
705,"Slovenia",4,"Median","11",1999,12944,12356,25300
705,"Slovenia",4,"Median","12",1999,12872,12386,25257.5
705,"Slovenia",4,"Median","13",1999,13014,12440,25454.5
705,"Slovenia",4,"Median","14",1999,13346,12789,26135
705,"Slovenia",4,"Median","15",1999,13592,13110,26703
705,"Slovenia",4,"Median","16",1999,14116,13464,27579
705,"Slovenia",4,"Median","17",1999,14761,13876,28637.5
705,"Slovenia",4,"Median","18",1999,15152,14444,29596
705,"Slovenia",4,"Median","19",1999,15482,14668,30151
705,"Slovenia",4,"Median","20",1999,15739,14494,30233
705,"Slovenia",4,"Median","21",1999,15601,14464,30065.5
705,"Slovenia",4,"Median","22",1999,15522,14643,30165
705,"Slovenia",4,"Median","23",1999,15382,14720,30101.5
705,"Slovenia",4,"Median","24",1999,15124,14310,29434
705,"Slovenia",4,"Median","25",1999,15036,14094,29130
705,"Slovenia",4,"Median","26",1999,14906,14187,29092.5
705,"Slovenia",4,"Median","27",1999,14676,13984,28660.5
705,"Slovenia",4,"Median","28",1999,14178,13714,27891.5
705,"Slovenia",4,"Median","29",1999,14113,13786,27898.5
705,"Slovenia",4,"Median","30",1999,14598,14052,28650.5
705,"Slovenia",4,"Median","31",1999,14878,14718,29596
705,"Slovenia",4,"Median","32",1999,15473,15400,30873
705,"Slovenia",4,"Median","33",1999,15900,15710,31611
705,"Slovenia",4,"Median","34",1999,15612,15582,31194.5
705,"Slovenia",4,"Median","35",1999,15460,15251,30710.5
705,"Slovenia",4,"Median","36",1999,15682,15168,30849.5
705,"Slovenia",4,"Median","37",1999,15770,15300,31070
705,"Slovenia",4,"Median","38",1999,15562,15354,30916.5
705,"Slovenia",4,"Median","39",1999,15509,15076,30585.5
705,"Slovenia",4,"Median","40",1999,15664,14892,30555.5
705,"Slovenia",4,"Median","41",1999,15744,15188,30931.5
705,"Slovenia",4,"Median","42",1999,16328,15640,31969
705,"Slovenia",4,"Median","43",1999,16818,15741,32559.5
705,"Slovenia",4,"Median","44",1999,16632,15622,32254.5
705,"Slovenia",4,"Median","45",1999,16686,15520,32206
705,"Slovenia",4,"Median","46",1999,16734,15382,32116
705,"Slovenia",4,"Median","47",1999,16125,14974,31099.5
705,"Slovenia",4,"Median","48",1999,15772,14738,30509
705,"Slovenia",4,"Median","49",1999,15180,14184,29364.5
705,"Slovenia",4,"Median","50",1999,13942,13319,27261.5
705,"Slovenia",4,"Median","51",1999,13252,12830,26082.5
705,"Slovenia",4,"Median","52",1999,12328,12163,24490.5
705,"Slovenia",4,"Median","53",1999,10034,10105,20139.5
705,"Slovenia",4,"Median","54",1999,9468,9517,18985.5
705,"Slovenia",4,"Median","55",1999,10870,11253,22122.5
705,"Slovenia",4,"Median","56",1999,11312,11951,23263.5
705,"Slovenia",4,"Median","57",1999,11098,11518,22617
705,"Slovenia",4,"Median","58",1999,10838,11192,22031
705,"Slovenia",4,"Median","59",1999,10552,11194,21746.5
705,"Slovenia",4,"Median","60",1999,10059,11014,21072.5
705,"Slovenia",4,"Median","61",1999,9756,10801,20556.5
705,"Slovenia",4,"Median","62",1999,9742,10878,20620.5
705,"Slovenia",4,"Median","63",1999,9572,10907,20478.5
705,"Slovenia",4,"Median","64",1999,9202,10919,20121
705,"Slovenia",4,"Median","65",1999,8773,11070,19843.5
705,"Slovenia",4,"Median","66",1999,8503,11212,19715.5
705,"Slovenia",4,"Median","67",1999,8310,11202,19513
705,"Slovenia",4,"Median","68",1999,8298,11224,19521.5
705,"Slovenia",4,"Median","69",1999,7823,10818,18640.5
705,"Slovenia",4,"Median","70",1999,6992,10288,17279
705,"Slovenia",4,"Median","71",1999,6452,10058,16510
705,"Slovenia",4,"Median","72",1999,5678,9796,15473.5
705,"Slovenia",4,"Median","73",1999,4982,9570,14551
705,"Slovenia",4,"Median","74",1999,4454,9128,13583
705,"Slovenia",4,"Median","75",1999,4126,8687,12813
705,"Slovenia",4,"Median","76",1999,3761,8161,11922
705,"Slovenia",4,"Median","77",1999,3258,7480,10738.5
705,"Slovenia",4,"Median","78",1999,2832,6550,9382
705,"Slovenia",4,"Median","79",1999,2334,5366,7700
705,"Slovenia",4,"Median","80",1999,1612,3801,5413.5
705,"Slovenia",4,"Median","81",1999,1096,2611,3707
705,"Slovenia",4,"Median","82",1999,980,2348,3327
705,"Slovenia",4,"Median","83",1999,1018,2565,3582.5
705,"Slovenia",4,"Median","84",1999,1194,3134,4328
705,"Slovenia",4,"Median","85",1999,1192,3273,4465
705,"Slovenia",4,"Median","86",1999,1011,2898,3909.5
705,"Slovenia",4,"Median","87",1999,828,2444,3272
705,"Slovenia",4,"Median","88",1999,662,2022,2683.5
705,"Slovenia",4,"Median","89",1999,528,1680,2207
705,"Slovenia",4,"Median","90",1999,398,1318,1715.5
705,"Slovenia",4,"Median","91",1999,284,995,1279.5
705,"Slovenia",4,"Median","92",1999,204,750,954.5
705,"Slovenia",4,"Median","93",1999,144,547,691.5
705,"Slovenia",4,"Median","94",1999,99,385,484
705,"Slovenia",4,"Median","95",1999,68,266,333
705,"Slovenia",4,"Median","96",1999,46,181,226.5
705,"Slovenia",4,"Median","97",1999,30,124,154
705,"Slovenia",4,"Median","98",1999,20,81,100.5
705,"Slovenia",4,"Median","99",1999,12,48,59.5
705,"Slovenia",4,"Median","100",1999,4,17,21
705,"Slovenia",4,"Median","101",1999,3,12,15
705,"Slovenia",4,"Median","102",1999,2,8,10
705,"Slovenia",4,"Median","103",1999,1,6,7
705,"Slovenia",4,"Median","104",1999,1,4,5
705,"Slovenia",4,"Median","105",1999,1,3,4
705,"Slovenia",4,"Median","106",1999,0,2,2
705,"Slovenia",4,"Median","107",1999,0,1,1
705,"Slovenia",4,"Median","108",1999,0,1,1
705,"Slovenia",4,"Median","109",1999,0,1,1
705,"Slovenia",4,"Median","110",1999,0,0,0
705,"Slovenia",4,"Median","0",2000,9213,8646,17859.5
705,"Slovenia",4,"Median","1",2000,9204,8614,17818
705,"Slovenia",4,"Median","2",2000,9374,8826,18199.5
705,"Slovenia",4,"Median","3",2000,9618,9075,18693
705,"Slovenia",4,"Median","4",2000,9816,9242,19057.5
705,"Slovenia",4,"Median","5",2000,9902,9481,19383
705,"Slovenia",4,"Median","6",2000,10124,9686,19810
705,"Slovenia",4,"Median","7",2000,10308,9712,20020.5
705,"Slovenia",4,"Median","8",2000,10763,10114,20877
705,"Slovenia",4,"Median","9",2000,11269,10716,21985.5
705,"Slovenia",4,"Median","10",2000,11702,11086,22789
705,"Slovenia",4,"Median","11",2000,12482,11748,24230.5
705,"Slovenia",4,"Median","12",2000,12999,12398,25397
705,"Slovenia",4,"Median","13",2000,12874,12396,25269.5
705,"Slovenia",4,"Median","14",2000,13039,12454,25492.5
705,"Slovenia",4,"Median","15",2000,13356,12802,26158.5
705,"Slovenia",4,"Median","16",2000,13590,13126,26715.5
705,"Slovenia",4,"Median","17",2000,14126,13462,27588.5
705,"Slovenia",4,"Median","18",2000,14776,13894,28671
705,"Slovenia",4,"Median","19",2000,15184,14482,29665.5
705,"Slovenia",4,"Median","20",2000,15522,14696,30218
705,"Slovenia",4,"Median","21",2000,15828,14516,30343.5
705,"Slovenia",4,"Median","22",2000,15767,14506,30273.5
705,"Slovenia",4,"Median","23",2000,15682,14693,30374.5
705,"Slovenia",4,"Median","24",2000,15544,14752,30295
705,"Slovenia",4,"Median","25",2000,15252,14344,29595.5
705,"Slovenia",4,"Median","26",2000,15144,14127,29271
705,"Slovenia",4,"Median","27",2000,15022,14234,29256.5
705,"Slovenia",4,"Median","28",2000,14818,14008,28825.5
705,"Slovenia",4,"Median","29",2000,14305,13734,28039.5
705,"Slovenia",4,"Median","30",2000,14244,13810,28054.5
705,"Slovenia",4,"Median","31",2000,14697,14090,28787.5
705,"Slovenia",4,"Median","32",2000,14968,14752,29720
705,"Slovenia",4,"Median","33",2000,15587,15420,31006.5
705,"Slovenia",4,"Median","34",2000,16013,15733,31746
705,"Slovenia",4,"Median","35",2000,15706,15610,31316
705,"Slovenia",4,"Median","36",2000,15580,15264,30844
705,"Slovenia",4,"Median","37",2000,15766,15193,30959.5
705,"Slovenia",4,"Median","38",2000,15855,15317,31172
705,"Slovenia",4,"Median","39",2000,15672,15366,31038
705,"Slovenia",4,"Median","40",2000,15626,15087,30712.5
705,"Slovenia",4,"Median","41",2000,15755,14892,30647
705,"Slovenia",4,"Median","42",2000,15854,15186,31039
705,"Slovenia",4,"Median","43",2000,16436,15632,32067.5
705,"Slovenia",4,"Median","44",2000,16900,15727,32627
705,"Slovenia",4,"Median","45",2000,16693,15600,32293.5
705,"Slovenia",4,"Median","46",2000,16716,15500,32216
705,"Slovenia",4,"Median","47",2000,16779,15358,32137
705,"Slovenia",4,"Median","48",2000,16103,14941,31044
705,"Slovenia",4,"Median","49",2000,15762,14716,30478.5
705,"Slovenia",4,"Median","50",2000,15157,14145,29302
705,"Slovenia",4,"Median","51",2000,13900,13294,27194.5
705,"Slovenia",4,"Median","52",2000,13224,12794,26018
705,"Slovenia",4,"Median","53",2000,12264,12134,24397.5
705,"Slovenia",4,"Median","54",2000,9974,10064,20039
705,"Slovenia",4,"Median","55",2000,9408,9482,18890
705,"Slovenia",4,"Median","56",2000,10780,11202,21981.5
705,"Slovenia",4,"Median","57",2000,11210,11888,23098.5
705,"Slovenia",4,"Median","58",2000,10972,11472,22444.5
705,"Slovenia",4,"Median","59",2000,10713,11132,21845
705,"Slovenia",4,"Median","60",2000,10407,11146,21553.5
705,"Slovenia",4,"Median","61",2000,9902,10940,20841.5
705,"Slovenia",4,"Median","62",2000,9600,10721,20321
705,"Slovenia",4,"Median","63",2000,9530,10802,20332
705,"Slovenia",4,"Median","64",2000,9353,10816,20169
705,"Slovenia",4,"Median","65",2000,8952,10806,19758
705,"Slovenia",4,"Median","66",2000,8524,10946,19470.5
705,"Slovenia",4,"Median","67",2000,8247,11070,19317
705,"Slovenia",4,"Median","68",2000,8030,11044,19074
705,"Slovenia",4,"Median","69",2000,7992,11046,19037.5
705,"Slovenia",4,"Median","70",2000,7508,10624,18131.5
705,"Slovenia",4,"Median","71",2000,6690,10078,16767.5
705,"Slovenia",4,"Median","72",2000,6156,9832,15988
705,"Slovenia",4,"Median","73",2000,5399,9560,14958.5
705,"Slovenia",4,"Median","74",2000,4712,9308,14020
705,"Slovenia",4,"Median","75",2000,4182,8832,13015
705,"Slovenia",4,"Median","76",2000,3844,8363,12207
705,"Slovenia",4,"Median","77",2000,3480,7819,11299.5
705,"Slovenia",4,"Median","78",2000,2993,7128,10121.5
705,"Slovenia",4,"Median","79",2000,2580,6205,8784.5
705,"Slovenia",4,"Median","80",2000,2107,5050,7156.5
705,"Slovenia",4,"Median","81",2000,1442,3550,4992.5
705,"Slovenia",4,"Median","82",2000,970,2418,3389
705,"Slovenia",4,"Median","83",2000,858,2152,3010
705,"Slovenia",4,"Median","84",2000,880,2328,3208.5
705,"Slovenia",4,"Median","85",2000,1019,2811,3830
705,"Slovenia",4,"Median","86",2000,1004,2901,3904.5
705,"Slovenia",4,"Median","87",2000,839,2534,3373.5
705,"Slovenia",4,"Median","88",2000,676,2104,2780
705,"Slovenia",4,"Median","89",2000,532,1712,2244
705,"Slovenia",4,"Median","90",2000,416,1397,1813.5
705,"Slovenia",4,"Median","91",2000,308,1076,1383
705,"Slovenia",4,"Median","92",2000,216,795,1011
705,"Slovenia",4,"Median","93",2000,152,586,738
705,"Slovenia",4,"Median","94",2000,105,417,522
705,"Slovenia",4,"Median","95",2000,70,286,356.5
705,"Slovenia",4,"Median","96",2000,46,192,238.5
705,"Slovenia",4,"Median","97",2000,30,127,157.5
705,"Slovenia",4,"Median","98",2000,20,85,105
705,"Slovenia",4,"Median","99",2000,12,54,66.5
705,"Slovenia",4,"Median","100",2000,5,20,25
705,"Slovenia",4,"Median","101",2000,3,14,17
705,"Slovenia",4,"Median","102",2000,2,10,12
705,"Slovenia",4,"Median","103",2000,2,7,9
705,"Slovenia",4,"Median","104",2000,1,5,6
705,"Slovenia",4,"Median","105",2000,1,3,4
705,"Slovenia",4,"Median","106",2000,0,2,2
705,"Slovenia",4,"Median","107",2000,0,2,2
705,"Slovenia",4,"Median","108",2000,0,1,1
705,"Slovenia",4,"Median","109",2000,0,1,1
705,"Slovenia",4,"Median","110",2000,0,1,1
705,"Slovenia",4,"Median","0",2001,9242,8644,17886
705,"Slovenia",4,"Median","1",2001,9288,8724,18012
705,"Slovenia",4,"Median","2",2001,9221,8642,17862.5
705,"Slovenia",4,"Median","3",2001,9392,8848,18239.5
705,"Slovenia",4,"Median","4",2001,9635,9084,18719.5
705,"Slovenia",4,"Median","5",2001,9836,9256,19093
705,"Slovenia",4,"Median","6",2001,9931,9495,19426
705,"Slovenia",4,"Median","7",2001,10148,9710,19857.5
705,"Slovenia",4,"Median","8",2001,10344,9734,20078.5
705,"Slovenia",4,"Median","9",2001,10786,10144,20931
705,"Slovenia",4,"Median","10",2001,11295,10751,22046
705,"Slovenia",4,"Median","11",2001,11750,11123,22873.5
705,"Slovenia",4,"Median","12",2001,12528,11785,24313
705,"Slovenia",4,"Median","13",2001,12998,12414,25411.5
705,"Slovenia",4,"Median","14",2001,12896,12408,25304
705,"Slovenia",4,"Median","15",2001,13044,12466,25510.5
705,"Slovenia",4,"Median","16",2001,13354,12819,26173.5
705,"Slovenia",4,"Median","17",2001,13596,13125,26720.5
705,"Slovenia",4,"Median","18",2001,14124,13472,27596.5
705,"Slovenia",4,"Median","19",2001,14794,13932,28725.5
705,"Slovenia",4,"Median","20",2001,15198,14512,29709.5
705,"Slovenia",4,"Median","21",2001,15584,14736,30319.5
705,"Slovenia",4,"Median","22",2001,15907,14573,30480
705,"Slovenia",4,"Median","23",2001,15826,14552,30378
705,"Slovenia",4,"Median","24",2001,15755,14714,30469.5
705,"Slovenia",4,"Median","25",2001,15574,14779,30353
705,"Slovenia",4,"Median","26",2001,15294,14362,29657
705,"Slovenia",4,"Median","27",2001,15192,14160,29351.5
705,"Slovenia",4,"Median","28",2001,15086,14238,29324
705,"Slovenia",4,"Median","29",2001,14854,14011,28864.5
705,"Slovenia",4,"Median","30",2001,14341,13750,28091
705,"Slovenia",4,"Median","31",2001,14258,13828,28086.5
705,"Slovenia",4,"Median","32",2001,14710,14110,28819
705,"Slovenia",4,"Median","33",2001,15012,14770,29782.5
705,"Slovenia",4,"Median","34",2001,15604,15432,31036.5
705,"Slovenia",4,"Median","35",2001,16030,15752,31783
705,"Slovenia",4,"Median","36",2001,15734,15605,31339.5
705,"Slovenia",4,"Median","37",2001,15608,15285,30893
705,"Slovenia",4,"Median","38",2001,15781,15204,30985.5
705,"Slovenia",4,"Median","39",2001,15902,15303,31205
705,"Slovenia",4,"Median","40",2001,15694,15368,31061
705,"Slovenia",4,"Median","41",2001,15624,15086,30710
705,"Slovenia",4,"Median","42",2001,15756,14892,30649
705,"Slovenia",4,"Median","43",2001,15866,15170,31036
705,"Slovenia",4,"Median","44",2001,16416,15616,32031.5
705,"Slovenia",4,"Median","45",2001,16898,15714,32613
705,"Slovenia",4,"Median","46",2001,16648,15578,32226
705,"Slovenia",4,"Median","47",2001,16672,15464,32136
705,"Slovenia",4,"Median","48",2001,16711,15329,32040
705,"Slovenia",4,"Median","49",2001,16043,14905,30948
705,"Slovenia",4,"Median","50",2001,15674,14673,30346.5
705,"Slovenia",4,"Median","51",2001,15068,14113,29180.5
705,"Slovenia",4,"Median","52",2001,13814,13250,27064.5
705,"Slovenia",4,"Median","53",2001,13134,12752,25887
705,"Slovenia",4,"Median","54",2001,12164,12096,24259.5
705,"Slovenia",4,"Median","55",2001,9874,10027,19901
705,"Slovenia",4,"Median","56",2001,9300,9432,18732.5
705,"Slovenia",4,"Median","57",2001,10650,11146,21796
705,"Slovenia",4,"Median","58",2001,11073,11829,22902
705,"Slovenia",4,"Median","59",2001,10824,11411,22235.5
705,"Slovenia",4,"Median","60",2001,10538,11078,21616.5
705,"Slovenia",4,"Median","61",2001,10244,11074,21318.5
705,"Slovenia",4,"Median","62",2001,9722,10864,20585
705,"Slovenia",4,"Median","63",2001,9398,10640,20037.5
705,"Slovenia",4,"Median","64",2001,9330,10710,20039.5
705,"Slovenia",4,"Median","65",2001,9132,10728,19859.5
705,"Slovenia",4,"Median","66",2001,8716,10690,19406.5
705,"Slovenia",4,"Median","67",2001,8275,10817,19092
705,"Slovenia",4,"Median","68",2001,7980,10926,18905.5
705,"Slovenia",4,"Median","69",2001,7743,10874,18617.5
705,"Slovenia",4,"Median","70",2001,7678,10854,18532
705,"Slovenia",4,"Median","71",2001,7190,10416,17606
705,"Slovenia",4,"Median","72",2001,6391,9862,16253.5
705,"Slovenia",4,"Median","73",2001,5856,9608,15464
705,"Slovenia",4,"Median","74",2001,5111,9308,14419.5
705,"Slovenia",4,"Median","75",2001,4434,9018,13452
705,"Slovenia",4,"Median","76",2001,3904,8516,12420
705,"Slovenia",4,"Median","77",2001,3564,8026,11590
705,"Slovenia",4,"Median","78",2001,3202,7466,10668.5
705,"Slovenia",4,"Median","79",2001,2732,6766,9498.5
705,"Slovenia",4,"Median","80",2001,2334,5852,8186.5
705,"Slovenia",4,"Median","81",2001,1889,4728,6617
705,"Slovenia",4,"Median","82",2001,1280,3298,4578.5
705,"Slovenia",4,"Median","83",2001,852,2226,3077.5
705,"Slovenia",4,"Median","84",2001,743,1962,2705
705,"Slovenia",4,"Median","85",2001,753,2098,2851
705,"Slovenia",4,"Median","86",2001,860,2502,3362.5
705,"Slovenia",4,"Median","87",2001,835,2548,3383.5
705,"Slovenia",4,"Median","88",2001,687,2194,2881
705,"Slovenia",4,"Median","89",2001,544,1792,2337
705,"Slovenia",4,"Median","90",2001,421,1434,1854.5
705,"Slovenia",4,"Median","91",2001,324,1148,1471
705,"Slovenia",4,"Median","92",2001,234,866,1100
705,"Slovenia",4,"Median","93",2001,161,626,786.5
705,"Slovenia",4,"Median","94",2001,110,450,560.5
705,"Slovenia",4,"Median","95",2001,75,312,387.5
705,"Slovenia",4,"Median","96",2001,49,209,258
705,"Slovenia",4,"Median","97",2001,32,136,168
705,"Slovenia",4,"Median","98",2001,20,88,108.5
705,"Slovenia",4,"Median","99",2001,13,56,69.5
705,"Slovenia",4,"Median","100",2001,5,23,28
705,"Slovenia",4,"Median","101",2001,4,16,20
705,"Slovenia",4,"Median","102",2001,2,11,13
705,"Slovenia",4,"Median","103",2001,2,8,10
705,"Slovenia",4,"Median","104",2001,1,5,6
705,"Slovenia",4,"Median","105",2001,1,4,5
705,"Slovenia",4,"Median","106",2001,1,3,4
705,"Slovenia",4,"Median","107",2001,0,2,2
705,"Slovenia",4,"Median","108",2001,0,1,1
705,"Slovenia",4,"Median","109",2001,0,1,1
705,"Slovenia",4,"Median","110",2001,0,1,1
705,"Slovenia",4,"Median","0",2002,9062,8502,17564
705,"Slovenia",4,"Median","1",2002,9336,8740,18075.5
705,"Slovenia",4,"Median","2",2002,9308,8748,18057
705,"Slovenia",4,"Median","3",2002,9250,8668,17918
705,"Slovenia",4,"Median","4",2002,9416,8862,18278
705,"Slovenia",4,"Median","5",2002,9654,9104,18758.5
705,"Slovenia",4,"Median","6",2002,9844,9282,19126.5
705,"Slovenia",4,"Median","7",2002,9934,9509,19443
705,"Slovenia",4,"Median","8",2002,10158,9722,19881
705,"Slovenia",4,"Median","9",2002,10356,9746,20102
705,"Slovenia",4,"Median","10",2002,10801,10157,20958
705,"Slovenia",4,"Median","11",2002,11312,10764,22076
705,"Slovenia",4,"Median","12",2002,11758,11134,22893
705,"Slovenia",4,"Median","13",2002,12540,11808,24347
705,"Slovenia",4,"Median","14",2002,13012,12422,25434
705,"Slovenia",4,"Median","15",2002,12913,12420,25332.5
705,"Slovenia",4,"Median","16",2002,13052,12480,25532
705,"Slovenia",4,"Median","17",2002,13364,12819,26183
705,"Slovenia",4,"Median","18",2002,13606,13132,26737.5
705,"Slovenia",4,"Median","19",2002,14152,13506,27658
705,"Slovenia",4,"Median","20",2002,14832,13974,28806.5
705,"Slovenia",4,"Median","21",2002,15275,14564,29839.5
705,"Slovenia",4,"Median","22",2002,15650,14783,30433.5
705,"Slovenia",4,"Median","23",2002,15960,14609,30568.5
705,"Slovenia",4,"Median","24",2002,15852,14588,30440
705,"Slovenia",4,"Median","25",2002,15735,14744,30479.5
705,"Slovenia",4,"Median","26",2002,15575,14812,30387.5
705,"Slovenia",4,"Median","27",2002,15310,14404,29714.5
705,"Slovenia",4,"Median","28",2002,15206,14183,29389.5
705,"Slovenia",4,"Median","29",2002,15094,14243,29336.5
705,"Slovenia",4,"Median","30",2002,14855,14035,28890
705,"Slovenia",4,"Median","31",2002,14342,13768,28109.5
705,"Slovenia",4,"Median","32",2002,14268,13853,28121.5
705,"Slovenia",4,"Median","33",2002,14725,14139,28864
705,"Slovenia",4,"Median","34",2002,15022,14790,29812.5
705,"Slovenia",4,"Median","35",2002,15606,15450,31056
705,"Slovenia",4,"Median","36",2002,16033,15744,31777
705,"Slovenia",4,"Median","37",2002,15753,15624,31376.5
705,"Slovenia",4,"Median","38",2002,15596,15291,30887.5
705,"Slovenia",4,"Median","39",2002,15806,15190,30995.5
705,"Slovenia",4,"Median","40",2002,15906,15300,31205.5
705,"Slovenia",4,"Median","41",2002,15696,15370,31066.5
705,"Slovenia",4,"Median","42",2002,15619,15083,30702
705,"Slovenia",4,"Median","43",2002,15755,14880,30634.5
705,"Slovenia",4,"Median","44",2002,15833,15157,30990
705,"Slovenia",4,"Median","45",2002,16390,15608,31997.5
705,"Slovenia",4,"Median","46",2002,16847,15694,32540.5
705,"Slovenia",4,"Median","47",2002,16582,15555,32136.5
705,"Slovenia",4,"Median","48",2002,16614,15442,32056.5
705,"Slovenia",4,"Median","49",2002,16638,15290,31928.5
705,"Slovenia",4,"Median","50",2002,15934,14870,30804
705,"Slovenia",4,"Median","51",2002,15579,14629,30208
705,"Slovenia",4,"Median","52",2002,14952,14071,29023
705,"Slovenia",4,"Median","53",2002,13729,13201,26930
705,"Slovenia",4,"Median","54",2002,13035,12716,25750.5
705,"Slovenia",4,"Median","55",2002,12048,12045,24093.5
705,"Slovenia",4,"Median","56",2002,9770,9981,19751
705,"Slovenia",4,"Median","57",2002,9206,9387,18592.5
705,"Slovenia",4,"Median","58",2002,10529,11082,21611.5
705,"Slovenia",4,"Median","59",2002,10936,11768,22705
705,"Slovenia",4,"Median","60",2002,10650,11350,22000
705,"Slovenia",4,"Median","61",2002,10364,11011,21374.5
705,"Slovenia",4,"Median","62",2002,10058,11006,21064.5
705,"Slovenia",4,"Median","63",2002,9542,10788,20329.5
705,"Slovenia",4,"Median","64",2002,9203,10567,19770
705,"Slovenia",4,"Median","65",2002,9126,10636,19763
705,"Slovenia",4,"Median","66",2002,8903,10616,19519.5
705,"Slovenia",4,"Median","67",2002,8470,10568,19038.5
705,"Slovenia",4,"Median","68",2002,8016,10682,18698
705,"Slovenia",4,"Median","69",2002,7702,10764,18466
705,"Slovenia",4,"Median","70",2002,7446,10696,18142
705,"Slovenia",4,"Median","71",2002,7354,10650,18005
705,"Slovenia",4,"Median","72",2002,6872,10198,17070.5
705,"Slovenia",4,"Median","73",2002,6084,9644,15728
705,"Slovenia",4,"Median","74",2002,5548,9366,14915
705,"Slovenia",4,"Median","75",2002,4815,9028,13843.5
705,"Slovenia",4,"Median","76",2002,4142,8704,12846.5
705,"Slovenia",4,"Median","77",2002,3622,8183,11805
705,"Slovenia",4,"Median","78",2002,3282,7674,10955
705,"Slovenia",4,"Median","79",2002,2926,7096,10022
705,"Slovenia",4,"Median","80",2002,2474,6390,8864.5
705,"Slovenia",4,"Median","81",2002,2094,5488,7582
705,"Slovenia",4,"Median","82",2002,1678,4398,6076
705,"Slovenia",4,"Median","83",2002,1124,3042,4165.5
705,"Slovenia",4,"Median","84",2002,738,2032,2771
705,"Slovenia",4,"Median","85",2002,636,1772,2408
705,"Slovenia",4,"Median","86",2002,636,1872,2507.5
705,"Slovenia",4,"Median","87",2002,716,2202,2918.5
705,"Slovenia",4,"Median","88",2002,684,2211,2895
705,"Slovenia",4,"Median","89",2002,554,1872,2426
705,"Slovenia",4,"Median","90",2002,431,1504,1935
705,"Slovenia",4,"Median","91",2002,326,1180,1506.5
705,"Slovenia",4,"Median","92",2002,246,926,1171.5
705,"Slovenia",4,"Median","93",2002,174,682,857
705,"Slovenia",4,"Median","94",2002,117,482,598.5
705,"Slovenia",4,"Median","95",2002,78,338,417
705,"Slovenia",4,"Median","96",2002,52,229,281.5
705,"Slovenia",4,"Median","97",2002,33,149,182
705,"Slovenia",4,"Median","98",2002,21,94,115
705,"Slovenia",4,"Median","99",2002,13,58,71.5
705,"Slovenia",4,"Median","100",2002,6,25,31
705,"Slovenia",4,"Median","101",2002,4,18,22
705,"Slovenia",4,"Median","102",2002,3,12,15
705,"Slovenia",4,"Median","103",2002,2,9,11
705,"Slovenia",4,"Median","104",2002,1,6,7
705,"Slovenia",4,"Median","105",2002,1,4,5
705,"Slovenia",4,"Median","106",2002,1,3,4
705,"Slovenia",4,"Median","107",2002,0,2,2
705,"Slovenia",4,"Median","108",2002,0,1,1
705,"Slovenia",4,"Median","109",2002,0,1,1
705,"Slovenia",4,"Median","110",2002,0,1,1
705,"Slovenia",4,"Median","0",2003,8961,8434,17395.5
705,"Slovenia",4,"Median","1",2003,9151,8596,17746.5
705,"Slovenia",4,"Median","2",2003,9352,8759,18111
705,"Slovenia",4,"Median","3",2003,9324,8776,18099.5
705,"Slovenia",4,"Median","4",2003,9264,8676,17941
705,"Slovenia",4,"Median","5",2003,9422,8872,18293.5
705,"Slovenia",4,"Median","6",2003,9662,9111,18772.5
705,"Slovenia",4,"Median","7",2003,9854,9288,19141.5
705,"Slovenia",4,"Median","8",2003,9940,9516,19455.5
705,"Slovenia",4,"Median","9",2003,10165,9735,19900
705,"Slovenia",4,"Median","10",2003,10368,9750,20118.5
705,"Slovenia",4,"Median","11",2003,10812,10162,20974
705,"Slovenia",4,"Median","12",2003,11322,10776,22097.5
705,"Slovenia",4,"Median","13",2003,11760,11148,22908
705,"Slovenia",4,"Median","14",2003,12540,11814,24354
705,"Slovenia",4,"Median","15",2003,13029,12434,25463
705,"Slovenia",4,"Median","16",2003,12918,12428,25346.5
705,"Slovenia",4,"Median","17",2003,13064,12480,25544
705,"Slovenia",4,"Median","18",2003,13387,12834,26221
705,"Slovenia",4,"Median","19",2003,13660,13168,26827
705,"Slovenia",4,"Median","20",2003,14223,13546,27769
705,"Slovenia",4,"Median","21",2003,14927,14008,28935.5
705,"Slovenia",4,"Median","22",2003,15386,14600,29986.5
705,"Slovenia",4,"Median","23",2003,15729,14796,30524.5
705,"Slovenia",4,"Median","24",2003,15993,14648,30641.5
705,"Slovenia",4,"Median","25",2003,15853,14608,30460.5
705,"Slovenia",4,"Median","26",2003,15736,14772,30507.5
705,"Slovenia",4,"Median","27",2003,15597,14833,30430
705,"Slovenia",4,"Median","28",2003,15330,14407,29737
705,"Slovenia",4,"Median","29",2003,15210,14175,29384.5
705,"Slovenia",4,"Median","30",2003,15090,14262,29351.5
705,"Slovenia",4,"Median","31",2003,14862,14036,28898
705,"Slovenia",4,"Median","32",2003,14362,13774,28135
705,"Slovenia",4,"Median","33",2003,14262,13860,28121.5
705,"Slovenia",4,"Median","34",2003,14727,14144,28871
705,"Slovenia",4,"Median","35",2003,15021,14791,29812
705,"Slovenia",4,"Median","36",2003,15604,15444,31048.5
705,"Slovenia",4,"Median","37",2003,16034,15755,31789.5
705,"Slovenia",4,"Median","38",2003,15734,15608,31342
705,"Slovenia",4,"Median","39",2003,15602,15280,30882
705,"Slovenia",4,"Median","40",2003,15808,15175,30983.5
705,"Slovenia",4,"Median","41",2003,15912,15291,31202.5
705,"Slovenia",4,"Median","42",2003,15707,15363,31070
705,"Slovenia",4,"Median","43",2003,15597,15062,30659.5
705,"Slovenia",4,"Median","44",2003,15718,14862,30579
705,"Slovenia",4,"Median","45",2003,15782,15142,30923.5
705,"Slovenia",4,"Median","46",2003,16350,15583,31933
705,"Slovenia",4,"Median","47",2003,16760,15671,32431.5
705,"Slovenia",4,"Median","48",2003,16524,15523,32046.5
705,"Slovenia",4,"Median","49",2003,16532,15405,31937
705,"Slovenia",4,"Median","50",2003,16514,15249,31763.5
705,"Slovenia",4,"Median","51",2003,15818,14826,30644
705,"Slovenia",4,"Median","52",2003,15440,14584,30023.5
705,"Slovenia",4,"Median","53",2003,14828,14020,28847
705,"Slovenia",4,"Median","54",2003,13601,13160,26761.5
705,"Slovenia",4,"Median","55",2003,12904,12665,25569.5
705,"Slovenia",4,"Median","56",2003,11920,12000,23919.5
705,"Slovenia",4,"Median","57",2003,9662,9944,19606.5
705,"Slovenia",4,"Median","58",2003,9096,9342,18437.5
705,"Slovenia",4,"Median","59",2003,10386,11026,21411.5
705,"Slovenia",4,"Median","60",2003,10770,11710,22479.5
705,"Slovenia",4,"Median","61",2003,10479,11298,21777.5
705,"Slovenia",4,"Median","62",2003,10182,10940,21121.5
705,"Slovenia",4,"Median","63",2003,9862,10930,20792.5
705,"Slovenia",4,"Median","64",2003,9346,10704,20051
705,"Slovenia",4,"Median","65",2003,9008,10475,19483
705,"Slovenia",4,"Median","66",2003,8902,10528,19430
705,"Slovenia",4,"Median","67",2003,8662,10498,19159.5
705,"Slovenia",4,"Median","68",2003,8212,10437,18649.5
705,"Slovenia",4,"Median","69",2003,7746,10530,18275
705,"Slovenia",4,"Median","70",2003,7418,10594,18011
705,"Slovenia",4,"Median","71",2003,7140,10498,17638.5
705,"Slovenia",4,"Median","72",2003,7030,10426,17456
705,"Slovenia",4,"Median","73",2003,6544,9974,16518
705,"Slovenia",4,"Median","74",2003,5771,9410,15181.5
705,"Slovenia",4,"Median","75",2003,5230,9094,14324
705,"Slovenia",4,"Median","76",2003,4502,8720,13221.5
705,"Slovenia",4,"Median","77",2003,3846,8369,12215.5
705,"Slovenia",4,"Median","78",2003,3338,7829,11167
705,"Slovenia",4,"Median","79",2003,3000,7300,10300
705,"Slovenia",4,"Median","80",2003,2652,6708,9359.5
705,"Slovenia",4,"Median","81",2003,2221,5998,8219.5
705,"Slovenia",4,"Median","82",2003,1860,5110,6970.5
705,"Slovenia",4,"Median","83",2003,1474,4060,5533.5
705,"Slovenia",4,"Median","84",2003,976,2780,3755.5
705,"Slovenia",4,"Median","85",2003,632,1838,2470
705,"Slovenia",4,"Median","86",2003,537,1582,2119.5
705,"Slovenia",4,"Median","87",2003,529,1650,2178.5
705,"Slovenia",4,"Median","88",2003,586,1913,2499
705,"Slovenia",4,"Median","89",2003,550,1890,2440.5
705,"Slovenia",4,"Median","90",2003,437,1573,2010
705,"Slovenia",4,"Median","91",2003,334,1240,1573.5
705,"Slovenia",4,"Median","92",2003,248,953,1200.5
705,"Slovenia",4,"Median","93",2003,183,731,914
705,"Slovenia",4,"Median","94",2003,126,526,653
705,"Slovenia",4,"Median","95",2003,83,362,445.5
705,"Slovenia",4,"Median","96",2003,55,248,303
705,"Slovenia",4,"Median","97",2003,35,163,198
705,"Slovenia",4,"Median","98",2003,22,102,124.5
705,"Slovenia",4,"Median","99",2003,14,63,76.5
705,"Slovenia",4,"Median","100",2003,6,27,33
705,"Slovenia",4,"Median","101",2003,4,19,23
705,"Slovenia",4,"Median","102",2003,3,13,16
705,"Slovenia",4,"Median","103",2003,2,9,11
705,"Slovenia",4,"Median","104",2003,1,6,7
705,"Slovenia",4,"Median","105",2003,1,5,6
705,"Slovenia",4,"Median","106",2003,1,3,4
705,"Slovenia",4,"Median","107",2003,0,2,2
705,"Slovenia",4,"Median","108",2003,0,2,2
705,"Slovenia",4,"Median","109",2003,0,1,1
705,"Slovenia",4,"Median","110",2003,0,1,1
705,"Slovenia",4,"Median","0",2004,8986,8566,17552
705,"Slovenia",4,"Median","1",2004,9050,8518,17568.5
705,"Slovenia",4,"Median","2",2004,9173,8626,17798.5
705,"Slovenia",4,"Median","3",2004,9372,8792,18164
705,"Slovenia",4,"Median","4",2004,9344,8787,18131
705,"Slovenia",4,"Median","5",2004,9279,8690,17969
705,"Slovenia",4,"Median","6",2004,9438,8877,18315.5
705,"Slovenia",4,"Median","7",2004,9682,9124,18807
705,"Slovenia",4,"Median","8",2004,9860,9303,19163
705,"Slovenia",4,"Median","9",2004,9956,9540,19496
705,"Slovenia",4,"Median","10",2004,10185,9744,19929
705,"Slovenia",4,"Median","11",2004,10377,9758,20135.5
705,"Slovenia",4,"Median","12",2004,10825,10184,21009
705,"Slovenia",4,"Median","13",2004,11332,10794,22125.5
705,"Slovenia",4,"Median","14",2004,11770,11155,22925.5
705,"Slovenia",4,"Median","15",2004,12562,11824,24386.5
705,"Slovenia",4,"Median","16",2004,13046,12438,25484
705,"Slovenia",4,"Median","17",2004,12946,12444,25390.5
705,"Slovenia",4,"Median","18",2004,13082,12506,25587.5
705,"Slovenia",4,"Median","19",2004,13452,12873,26324.5
705,"Slovenia",4,"Median","20",2004,13722,13205,26926.5
705,"Slovenia",4,"Median","21",2004,14286,13585,27870.5
705,"Slovenia",4,"Median","22",2004,14990,14058,29049
705,"Slovenia",4,"Median","23",2004,15411,14624,30034.5
705,"Slovenia",4,"Median","24",2004,15722,14842,30564
705,"Slovenia",4,"Median","25",2004,15993,14678,30670.5
705,"Slovenia",4,"Median","26",2004,15844,14630,30473.5
705,"Slovenia",4,"Median","27",2004,15733,14780,30512.5
705,"Slovenia",4,"Median","28",2004,15584,14843,30427.5
705,"Slovenia",4,"Median","29",2004,15292,14426,29718
705,"Slovenia",4,"Median","30",2004,15217,14198,29414.5
705,"Slovenia",4,"Median","31",2004,15097,14252,29348.5
705,"Slovenia",4,"Median","32",2004,14882,14040,28921.5
705,"Slovenia",4,"Median","33",2004,14371,13784,28154.5
705,"Slovenia",4,"Median","34",2004,14256,13870,28125
705,"Slovenia",4,"Median","35",2004,14740,14142,28881
705,"Slovenia",4,"Median","36",2004,15036,14791,29827.5
705,"Slovenia",4,"Median","37",2004,15626,15446,31072
705,"Slovenia",4,"Median","38",2004,16022,15752,31773.5
705,"Slovenia",4,"Median","39",2004,15727,15613,31340
705,"Slovenia",4,"Median","40",2004,15607,15279,30886
705,"Slovenia",4,"Median","41",2004,15820,15178,30997.5
705,"Slovenia",4,"Median","42",2004,15920,15296,31217
705,"Slovenia",4,"Median","43",2004,15678,15343,31021
705,"Slovenia",4,"Median","44",2004,15575,15060,30634.5
705,"Slovenia",4,"Median","45",2004,15695,14840,30534.5
705,"Slovenia",4,"Median","46",2004,15752,15123,30875
705,"Slovenia",4,"Median","47",2004,16266,15562,31828
705,"Slovenia",4,"Median","48",2004,16692,15626,32317.5
705,"Slovenia",4,"Median","49",2004,16432,15492,31924
705,"Slovenia",4,"Median","50",2004,16416,15364,31780.5
705,"Slovenia",4,"Median","51",2004,16403,15206,31609.5
705,"Slovenia",4,"Median","52",2004,15681,14772,30453.5
705,"Slovenia",4,"Median","53",2004,15300,14532,29832
705,"Slovenia",4,"Median","54",2004,14693,13970,28663.5
705,"Slovenia",4,"Median","55",2004,13468,13104,26571
705,"Slovenia",4,"Median","56",2004,12760,12622,25382.5
705,"Slovenia",4,"Median","57",2004,11776,11950,23725
705,"Slovenia",4,"Median","58",2004,9541,9895,19436
705,"Slovenia",4,"Median","59",2004,8958,9295,18253
705,"Slovenia",4,"Median","60",2004,10231,10970,21200.5
705,"Slovenia",4,"Median","61",2004,10632,11656,22287.5
705,"Slovenia",4,"Median","62",2004,10304,11232,21536.5
705,"Slovenia",4,"Median","63",2004,9973,10873,20846
705,"Slovenia",4,"Median","64",2004,9653,10842,20494.5
705,"Slovenia",4,"Median","65",2004,9170,10613,19782.5
705,"Slovenia",4,"Median","66",2004,8794,10374,19168
705,"Slovenia",4,"Median","67",2004,8671,10417,19088
705,"Slovenia",4,"Median","68",2004,8407,10370,18777
705,"Slovenia",4,"Median","69",2004,7948,10294,18242.5
705,"Slovenia",4,"Median","70",2004,7476,10371,17847.5
705,"Slovenia",4,"Median","71",2004,7125,10407,17532
705,"Slovenia",4,"Median","72",2004,6831,10284,17114.5
705,"Slovenia",4,"Median","73",2004,6707,10199,16906
705,"Slovenia",4,"Median","74",2004,6220,9739,15959.5
705,"Slovenia",4,"Median","75",2004,5446,9146,14592.5
705,"Slovenia",4,"Median","76",2004,4899,8790,13688.5
705,"Slovenia",4,"Median","77",2004,4188,8392,12580
705,"Slovenia",4,"Median","78",2004,3553,8014,11566.5
705,"Slovenia",4,"Median","79",2004,3059,7454,10513.5
705,"Slovenia",4,"Median","80",2004,2725,6907,9632
705,"Slovenia",4,"Median","81",2004,2386,6302,8688.5
705,"Slovenia",4,"Median","82",2004,1978,5592,7569
705,"Slovenia",4,"Median","83",2004,1638,4722,6360
705,"Slovenia",4,"Median","84",2004,1282,3715,4997
705,"Slovenia",4,"Median","85",2004,838,2517,3355
705,"Slovenia",4,"Median","86",2004,536,1644,2179
705,"Slovenia",4,"Median","87",2004,448,1396,1845
705,"Slovenia",4,"Median","88",2004,434,1434,1868.5
705,"Slovenia",4,"Median","89",2004,472,1638,2110
705,"Slovenia",4,"Median","90",2004,436,1590,2025
705,"Slovenia",4,"Median","91",2004,340,1298,1638
705,"Slovenia",4,"Median","92",2004,254,1002,1256
705,"Slovenia",4,"Median","93",2004,184,754,938
705,"Slovenia",4,"Median","94",2004,133,564,697.5
705,"Slovenia",4,"Median","95",2004,90,396,486
705,"Slovenia",4,"Median","96",2004,58,266,323.5
705,"Slovenia",4,"Median","97",2004,37,176,213.5
705,"Slovenia",4,"Median","98",2004,24,112,136
705,"Slovenia",4,"Median","99",2004,14,69,83
705,"Slovenia",4,"Median","100",2004,6,28,34
705,"Slovenia",4,"Median","101",2004,4,20,24
705,"Slovenia",4,"Median","102",2004,3,14,17
705,"Slovenia",4,"Median","103",2004,2,10,12
705,"Slovenia",4,"Median","104",2004,1,7,8
705,"Slovenia",4,"Median","105",2004,1,5,6
705,"Slovenia",4,"Median","106",2004,1,3,4
705,"Slovenia",4,"Median","107",2004,0,2,2
705,"Slovenia",4,"Median","108",2004,0,2,2
705,"Slovenia",4,"Median","109",2004,0,1,1
705,"Slovenia",4,"Median","110",2004,0,1,1
705,"Slovenia",4,"Median","0",2005,9230,8817,18047.5
705,"Slovenia",4,"Median","1",2005,9074,8656,17730.5
705,"Slovenia",4,"Median","2",2005,9075,8550,17625.5
705,"Slovenia",4,"Median","3",2005,9203,8658,17860.5
705,"Slovenia",4,"Median","4",2005,9396,8806,18202
705,"Slovenia",4,"Median","5",2005,9368,8814,18181
705,"Slovenia",4,"Median","6",2005,9299,8711,18010
705,"Slovenia",4,"Median","7",2005,9466,8890,18355
705,"Slovenia",4,"Median","8",2005,9696,9148,18843.5
705,"Slovenia",4,"Median","9",2005,9880,9324,19204
705,"Slovenia",4,"Median","10",2005,9982,9549,19530.5
705,"Slovenia",4,"Median","11",2005,10204,9757,19961.5
705,"Slovenia",4,"Median","12",2005,10394,9780,20175
705,"Slovenia",4,"Median","13",2005,10850,10201,21051
705,"Slovenia",4,"Median","14",2005,11358,10809,22167.5
705,"Slovenia",4,"Median","15",2005,11800,11160,22959.5
705,"Slovenia",4,"Median","16",2005,12588,11828,24415.5
705,"Slovenia",4,"Median","17",2005,13088,12468,25555.5
705,"Slovenia",4,"Median","18",2005,12985,12466,25450.5
705,"Slovenia",4,"Median","19",2005,13162,12549,25710.5
705,"Slovenia",4,"Median","20",2005,13512,12930,26441.5
705,"Slovenia",4,"Median","21",2005,13794,13259,27053
705,"Slovenia",4,"Median","22",2005,14348,13640,27988
705,"Slovenia",4,"Median","23",2005,15046,14111,29157.5
705,"Slovenia",4,"Median","24",2005,15460,14687,30146.5
705,"Slovenia",4,"Median","25",2005,15752,14882,30635
705,"Slovenia",4,"Median","26",2005,16012,14720,30732
705,"Slovenia",4,"Median","27",2005,15867,14661,30528
705,"Slovenia",4,"Median","28",2005,15725,14805,30530
705,"Slovenia",4,"Median","29",2005,15577,14880,30456.5
705,"Slovenia",4,"Median","30",2005,15348,14451,29799
705,"Slovenia",4,"Median","31",2005,15238,14194,29432.5
705,"Slovenia",4,"Median","32",2005,15150,14270,29420
705,"Slovenia",4,"Median","33",2005,14942,14052,28993
705,"Slovenia",4,"Median","34",2005,14425,13812,28237.5
705,"Slovenia",4,"Median","35",2005,14322,13888,28210
705,"Slovenia",4,"Median","36",2005,14824,14151,28975.5
705,"Slovenia",4,"Median","37",2005,15080,14798,29878
705,"Slovenia",4,"Median","38",2005,15666,15464,31129
705,"Slovenia",4,"Median","39",2005,16042,15764,31805.5
705,"Slovenia",4,"Median","40",2005,15740,15620,31360
705,"Slovenia",4,"Median","41",2005,15638,15294,30932
705,"Slovenia",4,"Median","42",2005,15834,15178,31012
705,"Slovenia",4,"Median","43",2005,15912,15292,31204.5
705,"Slovenia",4,"Median","44",2005,15707,15342,31049.5
705,"Slovenia",4,"Median","45",2005,15558,15040,30597.5
705,"Slovenia",4,"Median","46",2005,15680,14826,30507
705,"Slovenia",4,"Median","47",2005,15707,15108,30814.5
705,"Slovenia",4,"Median","48",2005,16212,15518,31731
705,"Slovenia",4,"Median","49",2005,16632,15600,32232
705,"Slovenia",4,"Median","50",2005,16343,15454,31796.5
705,"Slovenia",4,"Median","51",2005,16325,15328,31653
705,"Slovenia",4,"Median","52",2005,16296,15153,31448.5
705,"Slovenia",4,"Median","53",2005,15582,14732,30313.5
705,"Slovenia",4,"Median","54",2005,15183,14477,29660
705,"Slovenia",4,"Median","55",2005,14578,13914,28492
705,"Slovenia",4,"Median","56",2005,13337,13058,26395
705,"Slovenia",4,"Median","57",2005,12639,12568,25207
705,"Slovenia",4,"Median","58",2005,11628,11884,23512
705,"Slovenia",4,"Median","59",2005,9420,9849,19268.5
705,"Slovenia",4,"Median","60",2005,8841,9246,18087.5
705,"Slovenia",4,"Median","61",2005,10107,10912,21018.5
705,"Slovenia",4,"Median","62",2005,10461,11592,22052.5
705,"Slovenia",4,"Median","63",2005,10126,11162,21288
705,"Slovenia",4,"Median","64",2005,9766,10792,20558
705,"Slovenia",4,"Median","65",2005,9484,10762,20245.5
705,"Slovenia",4,"Median","66",2005,8966,10516,19481
705,"Slovenia",4,"Median","67",2005,8578,10270,18848.5
705,"Slovenia",4,"Median","68",2005,8432,10299,18731
705,"Slovenia",4,"Median","69",2005,8158,10236,18394
705,"Slovenia",4,"Median","70",2005,7692,10150,17841.5
705,"Slovenia",4,"Median","71",2005,7200,10204,17403
705,"Slovenia",4,"Median","72",2005,6835,10208,17042.5
705,"Slovenia",4,"Median","73",2005,6542,10066,16607.5
705,"Slovenia",4,"Median","74",2005,6394,9964,16358.5
705,"Slovenia",4,"Median","75",2005,5886,9476,15362
705,"Slovenia",4,"Median","76",2005,5118,8850,13968.5
705,"Slovenia",4,"Median","77",2005,4574,8470,13044
705,"Slovenia",4,"Median","78",2005,3884,8046,11929.5
705,"Slovenia",4,"Median","79",2005,3268,7642,10910.5
705,"Slovenia",4,"Median","80",2005,2790,7066,9856
705,"Slovenia",4,"Median","81",2005,2463,6501,8964
705,"Slovenia",4,"Median","82",2005,2136,5888,8023
705,"Slovenia",4,"Median","83",2005,1750,5178,6928.5
705,"Slovenia",4,"Median","84",2005,1434,4332,5765.5
705,"Slovenia",4,"Median","85",2005,1108,3372,4480.5
705,"Slovenia",4,"Median","86",2005,715,2258,2973
705,"Slovenia",4,"Median","87",2005,450,1455,1905
705,"Slovenia",4,"Median","88",2005,370,1218,1588.5
705,"Slovenia",4,"Median","89",2005,352,1232,1584
705,"Slovenia",4,"Median","90",2005,377,1382,1758.5
705,"Slovenia",4,"Median","91",2005,342,1317,1658.5
705,"Slovenia",4,"Median","92",2005,260,1054,1314.5
705,"Slovenia",4,"Median","93",2005,190,796,986.5
705,"Slovenia",4,"Median","94",2005,136,584,719.5
705,"Slovenia",4,"Median","95",2005,96,426,522
705,"Slovenia",4,"Median","96",2005,64,292,355
705,"Slovenia",4,"Median","97",2005,40,190,229.5
705,"Slovenia",4,"Median","98",2005,24,122,147
705,"Slovenia",4,"Median","99",2005,15,76,91
705,"Slovenia",4,"Median","100",2005,6,29,35
705,"Slovenia",4,"Median","101",2005,4,21,25
705,"Slovenia",4,"Median","102",2005,3,15,18
705,"Slovenia",4,"Median","103",2005,2,11,13
705,"Slovenia",4,"Median","104",2005,1,8,9
705,"Slovenia",4,"Median","105",2005,1,6,7
705,"Slovenia",4,"Median","106",2005,1,4,5
705,"Slovenia",4,"Median","107",2005,0,3,3
705,"Slovenia",4,"Median","108",2005,0,2,2
705,"Slovenia",4,"Median","109",2005,0,1,1
705,"Slovenia",4,"Median","110",2005,0,1,1
705,"Slovenia",4,"Median","0",2006,9616,9039,18655.5
705,"Slovenia",4,"Median","1",2006,9318,8914,18231.5
705,"Slovenia",4,"Median","2",2006,9094,8685,17779
705,"Slovenia",4,"Median","3",2006,9103,8576,17679.5
705,"Slovenia",4,"Median","4",2006,9230,8665,17894.5
705,"Slovenia",4,"Median","5",2006,9420,8826,18247
705,"Slovenia",4,"Median","6",2006,9396,8829,18225
705,"Slovenia",4,"Median","7",2006,9320,8728,18047
705,"Slovenia",4,"Median","8",2006,9480,8917,18397
705,"Slovenia",4,"Median","9",2006,9717,9161,18878
705,"Slovenia",4,"Median","10",2006,9909,9334,19242.5
705,"Slovenia",4,"Median","11",2006,10004,9564,19568.5
705,"Slovenia",4,"Median","12",2006,10218,9771,19989
705,"Slovenia",4,"Median","13",2006,10416,9790,20206
705,"Slovenia",4,"Median","14",2006,10876,10228,21104.5
705,"Slovenia",4,"Median","15",2006,11393,10816,22209
705,"Slovenia",4,"Median","16",2006,11838,11176,23015
705,"Slovenia",4,"Median","17",2006,12634,11858,24492.5
705,"Slovenia",4,"Median","18",2006,13156,12492,25648
705,"Slovenia",4,"Median","19",2006,13128,12530,25657
705,"Slovenia",4,"Median","20",2006,13331,12610,25940.5
705,"Slovenia",4,"Median","21",2006,13680,12993,26673
705,"Slovenia",4,"Median","22",2006,13966,13293,27258.5
705,"Slovenia",4,"Median","23",2006,14520,13690,28210
705,"Slovenia",4,"Median","24",2006,15199,14155,29354
705,"Slovenia",4,"Median","25",2006,15582,14730,30311.5
705,"Slovenia",4,"Median","26",2006,15854,14916,30770.5
705,"Slovenia",4,"Median","27",2006,16163,14767,30930
705,"Slovenia",4,"Median","28",2006,15944,14670,30614
705,"Slovenia",4,"Median","29",2006,15836,14824,30660.5
705,"Slovenia",4,"Median","30",2006,15698,14918,30617
705,"Slovenia",4,"Median","31",2006,15414,14458,29871
705,"Slovenia",4,"Median","32",2006,15340,14220,29560
705,"Slovenia",4,"Median","33",2006,15245,14288,29533
705,"Slovenia",4,"Median","34",2006,15066,14078,29144.5
705,"Slovenia",4,"Median","35",2006,14556,13825,28380.5
705,"Slovenia",4,"Median","36",2006,14444,13904,28348.5
705,"Slovenia",4,"Median","37",2006,14896,14166,29061
705,"Slovenia",4,"Median","38",2006,15190,14820,30010
705,"Slovenia",4,"Median","39",2006,15749,15478,31227.5
705,"Slovenia",4,"Median","40",2006,16092,15767,31858.5
705,"Slovenia",4,"Median","41",2006,15810,15628,31438.5
705,"Slovenia",4,"Median","42",2006,15695,15285,30980
705,"Slovenia",4,"Median","43",2006,15882,15183,31064.5
705,"Slovenia",4,"Median","44",2006,15970,15292,31261.5
705,"Slovenia",4,"Median","45",2006,15704,15333,31037
705,"Slovenia",4,"Median","46",2006,15582,15037,30619.5
705,"Slovenia",4,"Median","47",2006,15687,14810,30496.5
705,"Slovenia",4,"Median","48",2006,15675,15080,30754.5
705,"Slovenia",4,"Median","49",2006,16189,15503,31692
705,"Slovenia",4,"Median","50",2006,16569,15565,32134
705,"Slovenia",4,"Median","51",2006,16264,15420,31684
705,"Slovenia",4,"Median","52",2006,16238,15282,31520.5
705,"Slovenia",4,"Median","53",2006,16197,15112,31309
705,"Slovenia",4,"Median","54",2006,15448,14688,30136
705,"Slovenia",4,"Median","55",2006,15062,14422,29484.5
705,"Slovenia",4,"Median","56",2006,14442,13869,28311.5
705,"Slovenia",4,"Median","57",2006,13214,13007,26221.5
705,"Slovenia",4,"Median","58",2006,12492,12502,24994
705,"Slovenia",4,"Median","59",2006,11481,11830,23310.5
705,"Slovenia",4,"Median","60",2006,9306,9810,19115.5
705,"Slovenia",4,"Median","61",2006,8721,9205,17926
705,"Slovenia",4,"Median","62",2006,9938,10842,20781
705,"Slovenia",4,"Median","63",2006,10296,11502,21799
705,"Slovenia",4,"Median","64",2006,9942,11084,21025.5
705,"Slovenia",4,"Median","65",2006,9604,10712,20315.5
705,"Slovenia",4,"Median","66",2006,9284,10668,19952.5
705,"Slovenia",4,"Median","67",2006,8754,10418,19171
705,"Slovenia",4,"Median","68",2006,8356,10164,18520.5
705,"Slovenia",4,"Median","69",2006,8199,10171,18370
705,"Slovenia",4,"Median","70",2006,7908,10098,18006.5
705,"Slovenia",4,"Median","71",2006,7424,9998,17421
705,"Slovenia",4,"Median","72",2006,6926,10022,16948
705,"Slovenia",4,"Median","73",2006,6560,10000,16560.5
705,"Slovenia",4,"Median","74",2006,6251,9838,16088.5
705,"Slovenia",4,"Median","75",2006,6066,9703,15769
705,"Slovenia",4,"Median","76",2006,5546,9182,14728
705,"Slovenia",4,"Median","77",2006,4793,8540,13332.5
705,"Slovenia",4,"Median","78",2006,4254,8133,12387.5
705,"Slovenia",4,"Median","79",2006,3586,7686,11271
705,"Slovenia",4,"Median","80",2006,2993,7256,10249
705,"Slovenia",4,"Median","81",2006,2533,6664,9196.5
705,"Slovenia",4,"Median","82",2006,2214,6086,8300
705,"Slovenia",4,"Median","83",2006,1900,5465,7364.5
705,"Slovenia",4,"Median","84",2006,1540,4762,6302
705,"Slovenia",4,"Median","85",2006,1246,3942,5188
705,"Slovenia",4,"Median","86",2006,950,3033,3982.5
705,"Slovenia",4,"Median","87",2006,604,2006,2610
705,"Slovenia",4,"Median","88",2006,374,1274,1648
705,"Slovenia",4,"Median","89",2006,304,1050,1353.5
705,"Slovenia",4,"Median","90",2006,284,1044,1327.5
705,"Slovenia",4,"Median","91",2006,298,1149,1446.5
705,"Slovenia",4,"Median","92",2006,264,1074,1338
705,"Slovenia",4,"Median","93",2006,198,840,1038
705,"Slovenia",4,"Median","94",2006,142,620,761
705,"Slovenia",4,"Median","95",2006,98,444,542.5
705,"Slovenia",4,"Median","96",2006,68,316,383.5
705,"Slovenia",4,"Median","97",2006,44,210,253
705,"Slovenia",4,"Median","98",2006,26,132,159
705,"Slovenia",4,"Median","99",2006,16,83,99.5
705,"Slovenia",4,"Median","100",2006,6,30,36
705,"Slovenia",4,"Median","101",2006,4,22,26
705,"Slovenia",4,"Median","102",2006,3,16,19
705,"Slovenia",4,"Median","103",2006,2,12,14
705,"Slovenia",4,"Median","104",2006,2,9,11
705,"Slovenia",4,"Median","105",2006,1,7,8
705,"Slovenia",4,"Median","106",2006,1,5,6
705,"Slovenia",4,"Median","107",2006,1,4,5
705,"Slovenia",4,"Median","108",2006,0,3,3
705,"Slovenia",4,"Median","109",2006,0,2,2
705,"Slovenia",4,"Median","110",2006,0,2,2
705,"Slovenia",4,"Median","0",2007,9940,9404,19345
705,"Slovenia",4,"Median","1",2007,9693,9122,18815
705,"Slovenia",4,"Median","2",2007,9336,8932,18269
705,"Slovenia",4,"Median","3",2007,9122,8710,17832.5
705,"Slovenia",4,"Median","4",2007,9132,8585,17717.5
705,"Slovenia",4,"Median","5",2007,9254,8692,17946
705,"Slovenia",4,"Median","6",2007,9458,8837,18295.5
705,"Slovenia",4,"Median","7",2007,9412,8852,18263.5
705,"Slovenia",4,"Median","8",2007,9336,8748,18084.5
705,"Slovenia",4,"Median","9",2007,9496,8936,18432
705,"Slovenia",4,"Median","10",2007,9740,9173,18913
705,"Slovenia",4,"Median","11",2007,9932,9354,19285.5
705,"Slovenia",4,"Median","12",2007,10023,9579,19602
705,"Slovenia",4,"Median","13",2007,10241,9786,20026.5
705,"Slovenia",4,"Median","14",2007,10434,9811,20244.5
705,"Slovenia",4,"Median","15",2007,10910,10242,21153
705,"Slovenia",4,"Median","16",2007,11448,10833,22280.5
705,"Slovenia",4,"Median","17",2007,11879,11197,23076
705,"Slovenia",4,"Median","18",2007,12706,11900,24605
705,"Slovenia",4,"Median","19",2007,13400,12552,25952.5
705,"Slovenia",4,"Median","20",2007,13498,12569,26066.5
705,"Slovenia",4,"Median","21",2007,13709,12646,26355
705,"Slovenia",4,"Median","22",2007,14030,13013,27042.5
705,"Slovenia",4,"Median","23",2007,14322,13324,27646
705,"Slovenia",4,"Median","24",2007,14841,13722,28563
705,"Slovenia",4,"Median","25",2007,15542,14190,29731
705,"Slovenia",4,"Median","26",2007,15923,14756,30678.5
705,"Slovenia",4,"Median","27",2007,16188,14944,31131
705,"Slovenia",4,"Median","28",2007,16416,14777,31193.5
705,"Slovenia",4,"Median","29",2007,16242,14706,30948
705,"Slovenia",4,"Median","30",2007,16100,14856,30955
705,"Slovenia",4,"Median","31",2007,15930,14936,30865.5
705,"Slovenia",4,"Median","32",2007,15660,14480,30140
705,"Slovenia",4,"Median","33",2007,15589,14248,29837
705,"Slovenia",4,"Median","34",2007,15489,14308,29797
705,"Slovenia",4,"Median","35",2007,15332,14090,29422
705,"Slovenia",4,"Median","36",2007,14766,13855,28620.5
705,"Slovenia",4,"Median","37",2007,14642,13904,28546
705,"Slovenia",4,"Median","38",2007,15122,14179,29300.5
705,"Slovenia",4,"Median","39",2007,15392,14834,30225.5
705,"Slovenia",4,"Median","40",2007,15916,15480,31396
705,"Slovenia",4,"Median","41",2007,16278,15768,32046.5
705,"Slovenia",4,"Median","42",2007,15975,15620,31595.5
705,"Slovenia",4,"Median","43",2007,15860,15285,31145.5
705,"Slovenia",4,"Median","44",2007,16024,15186,31210
705,"Slovenia",4,"Median","45",2007,16098,15290,31387.5
705,"Slovenia",4,"Median","46",2007,15792,15337,31129.5
705,"Slovenia",4,"Median","47",2007,15677,15017,30694
705,"Slovenia",4,"Median","48",2007,15730,14795,30524.5
705,"Slovenia",4,"Median","49",2007,15686,15061,30747.5
705,"Slovenia",4,"Median","50",2007,16182,15472,31653.5
705,"Slovenia",4,"Median","51",2007,16540,15530,32070.5
705,"Slovenia",4,"Median","52",2007,16228,15378,31607
705,"Slovenia",4,"Median","53",2007,16144,15242,31386.5
705,"Slovenia",4,"Median","54",2007,16091,15061,31152
705,"Slovenia",4,"Median","55",2007,15316,14624,29939.5
705,"Slovenia",4,"Median","56",2007,14920,14362,29282
705,"Slovenia",4,"Median","57",2007,14294,13815,28109.5
705,"Slovenia",4,"Median","58",2007,13064,12942,26005.5
705,"Slovenia",4,"Median","59",2007,12326,12440,24766
705,"Slovenia",4,"Median","60",2007,11335,11777,23112
705,"Slovenia",4,"Median","61",2007,9164,9763,18927.5
705,"Slovenia",4,"Median","62",2007,8578,9144,17722
705,"Slovenia",4,"Median","63",2007,9776,10756,20532
705,"Slovenia",4,"Median","64",2007,10102,11414,21515.5
705,"Slovenia",4,"Median","65",2007,9766,11002,20767
705,"Slovenia",4,"Median","66",2007,9410,10624,20033
705,"Slovenia",4,"Median","67",2007,9076,10572,19647.5
705,"Slovenia",4,"Median","68",2007,8544,10314,18857.5
705,"Slovenia",4,"Median","69",2007,8136,10043,18178.5
705,"Slovenia",4,"Median","70",2007,7958,10038,17996
705,"Slovenia",4,"Median","71",2007,7649,9953,17602
705,"Slovenia",4,"Median","72",2007,7155,9829,16984
705,"Slovenia",4,"Median","73",2007,6650,9830,16480.5
705,"Slovenia",4,"Median","74",2007,6278,9783,16061
705,"Slovenia",4,"Median","75",2007,5948,9588,15536
705,"Slovenia",4,"Median","76",2007,5729,9411,15140
705,"Slovenia",4,"Median","77",2007,5208,8870,14077.5
705,"Slovenia",4,"Median","78",2007,4470,8212,12682
705,"Slovenia",4,"Median","79",2007,3940,7780,11720.5
705,"Slovenia",4,"Median","80",2007,3294,7309,10603.5
705,"Slovenia",4,"Median","81",2007,2726,6856,9582
705,"Slovenia",4,"Median","82",2007,2286,6250,8535.5
705,"Slovenia",4,"Median","83",2007,1978,5661,7638.5
705,"Slovenia",4,"Median","84",2007,1678,5037,6715.5
705,"Slovenia",4,"Median","85",2007,1344,4344,5688.5
705,"Slovenia",4,"Median","86",2007,1073,3556,4628.5
705,"Slovenia",4,"Median","87",2007,808,2702,3509
705,"Slovenia",4,"Median","88",2007,506,1762,2268.5
705,"Slovenia",4,"Median","89",2007,308,1102,1410
705,"Slovenia",4,"Median","90",2007,246,893,1138.5
705,"Slovenia",4,"Median","91",2007,225,870,1095.5
705,"Slovenia",4,"Median","92",2007,232,940,1171.5
705,"Slovenia",4,"Median","93",2007,202,860,1061.5
705,"Slovenia",4,"Median","94",2007,148,657,805
705,"Slovenia",4,"Median","95",2007,104,473,576.5
705,"Slovenia",4,"Median","96",2007,70,330,400
705,"Slovenia",4,"Median","97",2007,47,228,274.5
705,"Slovenia",4,"Median","98",2007,30,147,176.5
705,"Slovenia",4,"Median","99",2007,18,90,108
705,"Slovenia",4,"Median","100",2007,6,30,36
705,"Slovenia",4,"Median","101",2007,5,23,28
705,"Slovenia",4,"Median","102",2007,4,18,22
705,"Slovenia",4,"Median","103",2007,3,14,17
705,"Slovenia",4,"Median","104",2007,2,11,13
705,"Slovenia",4,"Median","105",2007,1,8,9
705,"Slovenia",4,"Median","106",2007,1,6,7
705,"Slovenia",4,"Median","107",2007,1,5,6
705,"Slovenia",4,"Median","108",2007,1,4,5
705,"Slovenia",4,"Median","109",2007,0,3,3
705,"Slovenia",4,"Median","110",2007,0,2,2
705,"Slovenia",4,"Median","0",2008,10590,10144,20734
705,"Slovenia",4,"Median","1",2008,10166,9600,19766.5
705,"Slovenia",4,"Median","2",2008,9732,9154,18885.5
705,"Slovenia",4,"Median","3",2008,9375,8963,18338
705,"Slovenia",4,"Median","4",2008,9149,8733,17882
705,"Slovenia",4,"Median","5",2008,9158,8621,17779.5
705,"Slovenia",4,"Median","6",2008,9297,8708,18005.5
705,"Slovenia",4,"Median","7",2008,9484,8860,18343.5
705,"Slovenia",4,"Median","8",2008,9431,8866,18296.5
705,"Slovenia",4,"Median","9",2008,9346,8766,18111.5
705,"Slovenia",4,"Median","10",2008,9512,8944,18455.5
705,"Slovenia",4,"Median","11",2008,9755,9202,18956.5
705,"Slovenia",4,"Median","12",2008,9951,9370,19321
705,"Slovenia",4,"Median","13",2008,10040,9600,19639.5
705,"Slovenia",4,"Median","14",2008,10252,9794,20046
705,"Slovenia",4,"Median","15",2008,10458,9828,20286.5
705,"Slovenia",4,"Median","16",2008,10952,10256,21207.5
705,"Slovenia",4,"Median","17",2008,11470,10844,22314
705,"Slovenia",4,"Median","18",2008,11922,11221,23143.5
705,"Slovenia",4,"Median","19",2008,12928,11944,24871
705,"Slovenia",4,"Median","20",2008,13738,12588,26327
705,"Slovenia",4,"Median","21",2008,13785,12597,26382
705,"Slovenia",4,"Median","22",2008,13972,12696,26667.5
705,"Slovenia",4,"Median","23",2008,14340,13061,27401.5
705,"Slovenia",4,"Median","24",2008,14607,13382,27989
705,"Slovenia",4,"Median","25",2008,15145,13776,28921.5
705,"Slovenia",4,"Median","26",2008,15827,14232,30059
705,"Slovenia",4,"Median","27",2008,16176,14774,30949.5
705,"Slovenia",4,"Median","28",2008,16418,14968,31385.5
705,"Slovenia",4,"Median","29",2008,16668,14836,31504.5
705,"Slovenia",4,"Median","30",2008,16455,14738,31193.5
705,"Slovenia",4,"Median","31",2008,16298,14888,31186
705,"Slovenia",4,"Median","32",2008,16146,14962,31108
705,"Slovenia",4,"Median","33",2008,15876,14517,30393.5
705,"Slovenia",4,"Median","34",2008,15778,14278,30055.5
705,"Slovenia",4,"Median","35",2008,15690,14328,30019
705,"Slovenia",4,"Median","36",2008,15482,14120,29601.5
705,"Slovenia",4,"Median","37",2008,14888,13844,28731.5
705,"Slovenia",4,"Median","38",2008,14782,13919,28701.5
705,"Slovenia",4,"Median","39",2008,15269,14188,29456.5
705,"Slovenia",4,"Median","40",2008,15520,14839,30359.5
705,"Slovenia",4,"Median","41",2008,16018,15482,31499
705,"Slovenia",4,"Median","42",2008,16394,15774,32168
705,"Slovenia",4,"Median","43",2008,16082,15626,31708
705,"Slovenia",4,"Median","44",2008,15937,15285,31222
705,"Slovenia",4,"Median","45",2008,16104,15190,31294.5
705,"Slovenia",4,"Median","46",2008,16098,15292,31389
705,"Slovenia",4,"Median","47",2008,15821,15312,31132.5
705,"Slovenia",4,"Median","48",2008,15687,15014,30700.5
705,"Slovenia",4,"Median","49",2008,15697,14776,30473
705,"Slovenia",4,"Median","50",2008,15658,15036,30694.5
705,"Slovenia",4,"Median","51",2008,16118,15433,31551
705,"Slovenia",4,"Median","52",2008,16496,15484,31980.5
705,"Slovenia",4,"Median","53",2008,16128,15349,31477
705,"Slovenia",4,"Median","54",2008,16061,15179,31240
705,"Slovenia",4,"Median","55",2008,15962,15000,30961.5
705,"Slovenia",4,"Median","56",2008,15176,14548,29724.5
705,"Slovenia",4,"Median","57",2008,14763,14302,29065
705,"Slovenia",4,"Median","58",2008,14134,13749,27883
705,"Slovenia",4,"Median","59",2008,12896,12878,25773.5
705,"Slovenia",4,"Median","60",2008,12162,12378,24539
705,"Slovenia",4,"Median","61",2008,11168,11708,22875.5
705,"Slovenia",4,"Median","62",2008,9032,9700,18732
705,"Slovenia",4,"Median","63",2008,8433,9081,17514
705,"Slovenia",4,"Median","64",2008,9609,10670,20279
705,"Slovenia",4,"Median","65",2008,9914,11336,21250.5
705,"Slovenia",4,"Median","66",2008,9574,10912,20485.5
705,"Slovenia",4,"Median","67",2008,9208,10528,19735.5
705,"Slovenia",4,"Median","68",2008,8870,10466,19336
705,"Slovenia",4,"Median","69",2008,8326,10198,18524
705,"Slovenia",4,"Median","70",2008,7906,9919,17825
705,"Slovenia",4,"Median","71",2008,7714,9898,17612
705,"Slovenia",4,"Median","72",2008,7385,9792,17176.5
705,"Slovenia",4,"Median","73",2008,6872,9652,16524
705,"Slovenia",4,"Median","74",2008,6373,9630,16002.5
705,"Slovenia",4,"Median","75",2008,5988,9544,15532
705,"Slovenia",4,"Median","76",2008,5630,9307,14936.5
705,"Slovenia",4,"Median","77",2008,5390,9100,14490.5
705,"Slovenia",4,"Median","78",2008,4869,8538,13407
705,"Slovenia",4,"Median","79",2008,4151,7864,12015.5
705,"Slovenia",4,"Median","80",2008,3630,7409,11039.5
705,"Slovenia",4,"Median","81",2008,3010,6916,9926
705,"Slovenia",4,"Median","82",2008,2469,6440,8908.5
705,"Slovenia",4,"Median","83",2008,2050,5823,7873
705,"Slovenia",4,"Median","84",2008,1754,5228,6981.5
705,"Slovenia",4,"Median","85",2008,1472,4604,6076
705,"Slovenia",4,"Median","86",2008,1164,3926,5090.5
705,"Slovenia",4,"Median","87",2008,917,3174,4091
705,"Slovenia",4,"Median","88",2008,680,2379,3058.5
705,"Slovenia",4,"Median","89",2008,420,1528,1948
705,"Slovenia",4,"Median","90",2008,252,940,1191
705,"Slovenia",4,"Median","91",2008,196,748,944
705,"Slovenia",4,"Median","92",2008,177,715,892
705,"Slovenia",4,"Median","93",2008,178,755,933.5
705,"Slovenia",4,"Median","94",2008,152,674,827
705,"Slovenia",4,"Median","95",2008,108,503,611.5
705,"Slovenia",4,"Median","96",2008,74,352,427
705,"Slovenia",4,"Median","97",2008,49,239,288
705,"Slovenia",4,"Median","98",2008,32,160,192.5
705,"Slovenia",4,"Median","99",2008,20,100,120
705,"Slovenia",4,"Median","100",2008,7,31,38
705,"Slovenia",4,"Median","101",2008,5,24,29
705,"Slovenia",4,"Median","102",2008,4,19,23
705,"Slovenia",4,"Median","103",2008,3,15,18
705,"Slovenia",4,"Median","104",2008,2,12,14
705,"Slovenia",4,"Median","105",2008,2,9,11
705,"Slovenia",4,"Median","106",2008,1,7,8
705,"Slovenia",4,"Median","107",2008,1,6,7
705,"Slovenia",4,"Median","108",2008,1,5,6
705,"Slovenia",4,"Median","109",2008,1,4,5
705,"Slovenia",4,"Median","110",2008,0,3,3
705,"Slovenia",4,"Median","0",2009,11222,10626,21848
705,"Slovenia",4,"Median","1",2009,10863,10380,21243.5
705,"Slovenia",4,"Median","2",2009,10222,9654,19875.5
705,"Slovenia",4,"Median","3",2009,9778,9194,18972.5
705,"Slovenia",4,"Median","4",2009,9409,8991,18400
705,"Slovenia",4,"Median","5",2009,9188,8768,17956
705,"Slovenia",4,"Median","6",2009,9200,8650,17850
705,"Slovenia",4,"Median","7",2009,9326,8738,18064.5
705,"Slovenia",4,"Median","8",2009,9511,8882,18393.5
705,"Slovenia",4,"Median","9",2009,9458,8886,18343
705,"Slovenia",4,"Median","10",2009,9368,8792,18160.5
705,"Slovenia",4,"Median","11",2009,9526,8966,18492
705,"Slovenia",4,"Median","12",2009,9776,9230,19006
705,"Slovenia",4,"Median","13",2009,9982,9396,19378
705,"Slovenia",4,"Median","14",2009,10056,9620,19676
705,"Slovenia",4,"Median","15",2009,10282,9820,20102.5
705,"Slovenia",4,"Median","16",2009,10491,9856,20347.5
705,"Slovenia",4,"Median","17",2009,10985,10276,21260.5
705,"Slovenia",4,"Median","18",2009,11492,10859,22351.5
705,"Slovenia",4,"Median","19",2009,12068,11278,23346.5
705,"Slovenia",4,"Median","20",2009,13150,12018,25168
705,"Slovenia",4,"Median","21",2009,13900,12666,26566
705,"Slovenia",4,"Median","22",2009,13952,12688,26640
705,"Slovenia",4,"Median","23",2009,14146,12790,26936
705,"Slovenia",4,"Median","24",2009,14525,13170,27695
705,"Slovenia",4,"Median","25",2009,14786,13473,28259.5
705,"Slovenia",4,"Median","26",2009,15320,13856,29175.5
705,"Slovenia",4,"Median","27",2009,15996,14300,30297
705,"Slovenia",4,"Median","28",2009,16366,14832,31198.5
705,"Slovenia",4,"Median","29",2009,16578,15032,31611
705,"Slovenia",4,"Median","30",2009,16836,14899,31735
705,"Slovenia",4,"Median","31",2009,16590,14796,31386
705,"Slovenia",4,"Median","32",2009,16442,14930,31371
705,"Slovenia",4,"Median","33",2009,16280,15036,31316
705,"Slovenia",4,"Median","34",2009,15986,14563,30549
705,"Slovenia",4,"Median","35",2009,15862,14316,30178
705,"Slovenia",4,"Median","36",2009,15748,14372,30120
705,"Slovenia",4,"Median","37",2009,15533,14136,29669
705,"Slovenia",4,"Median","38",2009,14963,13884,28847.5
705,"Slovenia",4,"Median","39",2009,14858,13950,28807.5
705,"Slovenia",4,"Median","40",2009,15330,14209,29539
705,"Slovenia",4,"Median","41",2009,15564,14862,30426
705,"Slovenia",4,"Median","42",2009,16064,15511,31575
705,"Slovenia",4,"Median","43",2009,16430,15792,32221
705,"Slovenia",4,"Median","44",2009,16089,15630,31719
705,"Slovenia",4,"Median","45",2009,15944,15299,31243
705,"Slovenia",4,"Median","46",2009,16058,15203,31261.5
705,"Slovenia",4,"Median","47",2009,16065,15284,31349
705,"Slovenia",4,"Median","48",2009,15803,15308,31111.5
705,"Slovenia",4,"Median","49",2009,15638,15007,30645
705,"Slovenia",4,"Median","50",2009,15659,14760,30419.5
705,"Slovenia",4,"Median","51",2009,15595,15008,30603.5
705,"Slovenia",4,"Median","52",2009,16042,15402,31444.5
705,"Slovenia",4,"Median","53",2009,16380,15464,31843.5
705,"Slovenia",4,"Median","54",2009,16030,15284,31314
705,"Slovenia",4,"Median","55",2009,15930,15128,31057.5
705,"Slovenia",4,"Median","56",2009,15822,14936,30757
705,"Slovenia",4,"Median","57",2009,15012,14489,29501
705,"Slovenia",4,"Median","58",2009,14610,14244,28855
705,"Slovenia",4,"Median","59",2009,13980,13688,27668.5
705,"Slovenia",4,"Median","60",2009,12745,12814,25558.5
705,"Slovenia",4,"Median","61",2009,12003,12308,24311
705,"Slovenia",4,"Median","62",2009,11004,11636,22639.5
705,"Slovenia",4,"Median","63",2009,8874,9634,18508.5
705,"Slovenia",4,"Median","64",2009,8311,9020,17331.5
705,"Slovenia",4,"Median","65",2009,9434,10598,20032.5
705,"Slovenia",4,"Median","66",2009,9722,11244,20966.5
705,"Slovenia",4,"Median","67",2009,9376,10814,20189
705,"Slovenia",4,"Median","68",2009,9005,10422,19427
705,"Slovenia",4,"Median","69",2009,8654,10355,19008.5
705,"Slovenia",4,"Median","70",2009,8103,10078,18181
705,"Slovenia",4,"Median","71",2009,7676,9784,17460
705,"Slovenia",4,"Median","72",2009,7462,9744,17206
705,"Slovenia",4,"Median","73",2009,7106,9624,16730
705,"Slovenia",4,"Median","74",2009,6594,9465,16059.5
705,"Slovenia",4,"Median","75",2009,6085,9402,15487
705,"Slovenia",4,"Median","76",2009,5676,9271,14947
705,"Slovenia",4,"Median","77",2009,5306,9006,14312.5
705,"Slovenia",4,"Median","78",2009,5049,8766,13815
705,"Slovenia",4,"Median","79",2009,4530,8184,12714.5
705,"Slovenia",4,"Median","80",2009,3833,7496,11328.5
705,"Slovenia",4,"Median","81",2009,3325,7017,10342
705,"Slovenia",4,"Median","82",2009,2734,6502,9236
705,"Slovenia",4,"Median","83",2009,2220,6006,8226.5
705,"Slovenia",4,"Median","84",2009,1824,5384,7207
705,"Slovenia",4,"Median","85",2009,1542,4784,6326.5
705,"Slovenia",4,"Median","86",2009,1278,4167,5445.5
705,"Slovenia",4,"Median","87",2009,998,3510,4508
705,"Slovenia",4,"Median","88",2009,774,2799,3573.5
705,"Slovenia",4,"Median","89",2009,566,2066,2631.5
705,"Slovenia",4,"Median","90",2009,344,1306,1649
705,"Slovenia",4,"Median","91",2009,202,788,990
705,"Slovenia",4,"Median","92",2009,155,614,769.5
705,"Slovenia",4,"Median","93",2009,137,575,712
705,"Slovenia",4,"Median","94",2009,135,593,728
705,"Slovenia",4,"Median","95",2009,112,517,629.5
705,"Slovenia",4,"Median","96",2009,78,376,454
705,"Slovenia",4,"Median","97",2009,52,256,308.5
705,"Slovenia",4,"Median","98",2009,34,168,202.5
705,"Slovenia",4,"Median","99",2009,22,110,131
705,"Slovenia",4,"Median","100",2009,7,34,41
705,"Slovenia",4,"Median","101",2009,5,27,32
705,"Slovenia",4,"Median","102",2009,4,21,25
705,"Slovenia",4,"Median","103",2009,3,17,20
705,"Slovenia",4,"Median","104",2009,2,13,15
705,"Slovenia",4,"Median","105",2009,2,10,12
705,"Slovenia",4,"Median","106",2009,1,8,9
705,"Slovenia",4,"Median","107",2009,1,6,7
705,"Slovenia",4,"Median","108",2009,1,5,6
705,"Slovenia",4,"Median","109",2009,1,4,5
705,"Slovenia",4,"Median","110",2009,0,3,3
705,"Slovenia",4,"Median","0",2010,11410,10695,22105.5
705,"Slovenia",4,"Median","1",2010,11358,10747,22105
705,"Slovenia",4,"Median","2",2010,10902,10419,21320.5
705,"Slovenia",4,"Median","3",2010,10256,9684,19939.5
705,"Slovenia",4,"Median","4",2010,9812,9214,19026
705,"Slovenia",4,"Median","5",2010,9436,9015,18451
705,"Slovenia",4,"Median","6",2010,9223,8796,18019.5
705,"Slovenia",4,"Median","7",2010,9224,8675,17899
705,"Slovenia",4,"Median","8",2010,9358,8758,18116
705,"Slovenia",4,"Median","9",2010,9534,8905,18438.5
705,"Slovenia",4,"Median","10",2010,9484,8918,18402
705,"Slovenia",4,"Median","11",2010,9387,8807,18194
705,"Slovenia",4,"Median","12",2010,9552,8992,18544
705,"Slovenia",4,"Median","13",2010,9810,9258,19068
705,"Slovenia",4,"Median","14",2010,10004,9424,19428.5
705,"Slovenia",4,"Median","15",2010,10086,9654,19739.5
705,"Slovenia",4,"Median","16",2010,10318,9852,20169.5
705,"Slovenia",4,"Median","17",2010,10528,9881,20409
705,"Slovenia",4,"Median","18",2010,11006,10309,21315.5
705,"Slovenia",4,"Median","19",2010,11574,10925,22498.5
705,"Slovenia",4,"Median","20",2010,12214,11370,23584
705,"Slovenia",4,"Median","21",2010,13292,12122,25413.5
705,"Slovenia",4,"Median","22",2010,14007,12762,26769
705,"Slovenia",4,"Median","23",2010,14032,12778,26810
705,"Slovenia",4,"Median","24",2010,14251,12880,27131
705,"Slovenia",4,"Median","25",2010,14624,13258,27882.5
705,"Slovenia",4,"Median","26",2010,14918,13568,28485.5
705,"Slovenia",4,"Median","27",2010,15440,13932,29372
705,"Slovenia",4,"Median","28",2010,16136,14369,30505.5
705,"Slovenia",4,"Median","29",2010,16453,14886,31339
705,"Slovenia",4,"Median","30",2010,16685,15085,31770
705,"Slovenia",4,"Median","31",2010,16916,14952,31867.5
705,"Slovenia",4,"Median","32",2010,16657,14825,31482
705,"Slovenia",4,"Median","33",2010,16510,14996,31506
705,"Slovenia",4,"Median","34",2010,16342,15080,31421
705,"Slovenia",4,"Median","35",2010,16033,14596,30628.5
705,"Slovenia",4,"Median","36",2010,15894,14356,30250
705,"Slovenia",4,"Median","37",2010,15793,14398,30190.5
705,"Slovenia",4,"Median","38",2010,15589,14170,29759.5
705,"Slovenia",4,"Median","39",2010,15015,13920,28935.5
705,"Slovenia",4,"Median","40",2010,14893,13962,28855
705,"Slovenia",4,"Median","41",2010,15381,14234,29614.5
705,"Slovenia",4,"Median","42",2010,15580,14885,30464.5
705,"Slovenia",4,"Median","43",2010,16073,15523,31596
705,"Slovenia",4,"Median","44",2010,16442,15794,32237
705,"Slovenia",4,"Median","45",2010,16094,15638,31731.5
705,"Slovenia",4,"Median","46",2010,15926,15302,31228
705,"Slovenia",4,"Median","47",2010,16026,15198,31224.5
705,"Slovenia",4,"Median","48",2010,16062,15266,31328.5
705,"Slovenia",4,"Median","49",2010,15754,15296,31050
705,"Slovenia",4,"Median","50",2010,15599,14993,30592
705,"Slovenia",4,"Median","51",2010,15601,14736,30336.5
705,"Slovenia",4,"Median","52",2010,15512,14980,30491.5
705,"Slovenia",4,"Median","53",2010,15927,15380,31307
705,"Slovenia",4,"Median","54",2010,16280,15406,31685
705,"Slovenia",4,"Median","55",2010,15885,15240,31124.5
705,"Slovenia",4,"Median","56",2010,15793,15066,30858.5
705,"Slovenia",4,"Median","57",2010,15666,14880,30545.5
705,"Slovenia",4,"Median","58",2010,14856,14436,29291
705,"Slovenia",4,"Median","59",2010,14444,14171,28615
705,"Slovenia",4,"Median","60",2010,13806,13625,27431.5
705,"Slovenia",4,"Median","61",2010,12556,12748,25303.5
705,"Slovenia",4,"Median","62",2010,11822,12240,24061
705,"Slovenia",4,"Median","63",2010,10812,11568,22381
705,"Slovenia",4,"Median","64",2010,8734,9570,18304
705,"Slovenia",4,"Median","65",2010,8156,8954,17109.5
705,"Slovenia",4,"Median","66",2010,9255,10512,19767
705,"Slovenia",4,"Median","67",2010,9524,11143,20666.5
705,"Slovenia",4,"Median","68",2010,9174,10706,19880
705,"Slovenia",4,"Median","69",2010,8799,10312,19111
705,"Slovenia",4,"Median","70",2010,8432,10237,18669.5
705,"Slovenia",4,"Median","71",2010,7872,9948,17819
705,"Slovenia",4,"Median","72",2010,7437,9642,17078.5
705,"Slovenia",4,"Median","73",2010,7200,9586,16786.5
705,"Slovenia",4,"Median","74",2010,6830,9448,16278
705,"Slovenia",4,"Median","75",2010,6302,9250,15552
705,"Slovenia",4,"Median","76",2010,5776,9140,14916.5
705,"Slovenia",4,"Median","77",2010,5360,8978,14337.5
705,"Slovenia",4,"Median","78",2010,4980,8684,13663
705,"Slovenia",4,"Median","79",2010,4706,8410,13116.5
705,"Slovenia",4,"Median","80",2010,4192,7809,12001
705,"Slovenia",4,"Median","81",2010,3518,7107,10625
705,"Slovenia",4,"Median","82",2010,3026,6606,9632
705,"Slovenia",4,"Median","83",2010,2464,6074,8537
705,"Slovenia",4,"Median","84",2010,1980,5562,7541
705,"Slovenia",4,"Median","85",2010,1608,4935,6543
705,"Slovenia",4,"Median","86",2010,1344,4337,5680.5
705,"Slovenia",4,"Median","87",2010,1099,3732,4831
705,"Slovenia",4,"Median","88",2010,845,3101,3946
705,"Slovenia",4,"Median","89",2010,646,2436,3081.5
705,"Slovenia",4,"Median","90",2010,464,1769,2233
705,"Slovenia",4,"Median","91",2010,277,1098,1374.5
705,"Slovenia",4,"Median","92",2010,160,649,809
705,"Slovenia",4,"Median","93",2010,120,496,616
705,"Slovenia",4,"Median","94",2010,104,453,556.5
705,"Slovenia",4,"Median","95",2010,100,456,556.5
705,"Slovenia",4,"Median","96",2010,82,387,468.5
705,"Slovenia",4,"Median","97",2010,56,273,329
705,"Slovenia",4,"Median","98",2010,36,181,217.5
705,"Slovenia",4,"Median","99",2010,22,116,138
705,"Slovenia",4,"Median","100",2010,8,39,47
705,"Slovenia",4,"Median","101",2010,6,31,37
705,"Slovenia",4,"Median","102",2010,5,24,29
705,"Slovenia",4,"Median","103",2010,4,18,22
705,"Slovenia",4,"Median","104",2010,3,14,17
705,"Slovenia",4,"Median","105",2010,2,11,13
705,"Slovenia",4,"Median","106",2010,1,8,9
705,"Slovenia",4,"Median","107",2010,1,7,8
705,"Slovenia",4,"Median","108",2010,1,5,6
705,"Slovenia",4,"Median","109",2010,1,4,5
705,"Slovenia",4,"Median","110",2010,0,3,3
705,"Slovenia",4,"Median","0",2011,11404,10806,22210.5
705,"Slovenia",4,"Median","1",2011,11518,10768,22286
705,"Slovenia",4,"Median","2",2011,11386,10768,22153.5
705,"Slovenia",4,"Median","3",2011,10917,10441,21358
705,"Slovenia",4,"Median","4",2011,10282,9702,19984.5
705,"Slovenia",4,"Median","5",2011,9826,9228,19055
705,"Slovenia",4,"Median","6",2011,9456,9036,18492
705,"Slovenia",4,"Median","7",2011,9246,8808,18053.5
705,"Slovenia",4,"Median","8",2011,9246,8691,17936.5
705,"Slovenia",4,"Median","9",2011,9361,8780,18141
705,"Slovenia",4,"Median","10",2011,9556,8929,18485.5
705,"Slovenia",4,"Median","11",2011,9500,8929,18429.5
705,"Slovenia",4,"Median","12",2011,9402,8819,18221
705,"Slovenia",4,"Median","13",2011,9576,9014,18589.5
705,"Slovenia",4,"Median","14",2011,9828,9272,19100
705,"Slovenia",4,"Median","15",2011,10026,9452,19478.5
705,"Slovenia",4,"Median","16",2011,10114,9674,19787
705,"Slovenia",4,"Median","17",2011,10340,9876,20217
705,"Slovenia",4,"Median","18",2011,10554,9903,20456.5
705,"Slovenia",4,"Median","19",2011,11026,10361,21387
705,"Slovenia",4,"Median","20",2011,11604,10998,22602.5
705,"Slovenia",4,"Median","21",2011,12220,11450,23669.5
705,"Slovenia",4,"Median","22",2011,13242,12182,25423
705,"Slovenia",4,"Median","23",2011,13958,12809,26767
705,"Slovenia",4,"Median","24",2011,13964,12835,26799.5
705,"Slovenia",4,"Median","25",2011,14184,12952,27135.5
705,"Slovenia",4,"Median","26",2011,14592,13322,27913.5
705,"Slovenia",4,"Median","27",2011,14878,13622,28499.5
705,"Slovenia",4,"Median","28",2011,15410,13992,29401
705,"Slovenia",4,"Median","29",2011,16078,14418,30496
705,"Slovenia",4,"Median","30",2011,16384,14921,31305.5
705,"Slovenia",4,"Median","31",2011,16634,15113,31746.5
705,"Slovenia",4,"Median","32",2011,16834,14971,31804.5
705,"Slovenia",4,"Median","33",2011,16594,14847,31440.5
705,"Slovenia",4,"Median","34",2011,16476,15014,31490
705,"Slovenia",4,"Median","35",2011,16296,15100,31395.5
705,"Slovenia",4,"Median","36",2011,15984,14600,30584.5
705,"Slovenia",4,"Median","37",2011,15836,14371,30207.5
705,"Slovenia",4,"Median","38",2011,15740,14406,30146
705,"Slovenia",4,"Median","39",2011,15540,14198,29737.5
705,"Slovenia",4,"Median","40",2011,14977,13932,28908.5
705,"Slovenia",4,"Median","41",2011,14830,13980,28810
705,"Slovenia",4,"Median","42",2011,15316,14236,29552
705,"Slovenia",4,"Median","43",2011,15513,14886,30399.5
705,"Slovenia",4,"Median","44",2011,16021,15520,31540.5
705,"Slovenia",4,"Median","45",2011,16372,15784,32157
705,"Slovenia",4,"Median","46",2011,16019,15615,31634
705,"Slovenia",4,"Median","47",2011,15844,15286,31130.5
705,"Slovenia",4,"Median","48",2011,15974,15183,31157
705,"Slovenia",4,"Median","49",2011,15966,15251,31217
705,"Slovenia",4,"Median","50",2011,15670,15270,30939.5
705,"Slovenia",4,"Median","51",2011,15490,14964,30453.5
705,"Slovenia",4,"Median","52",2011,15503,14692,30195.5
705,"Slovenia",4,"Median","53",2011,15373,14947,30320
705,"Slovenia",4,"Median","54",2011,15830,15342,31172
705,"Slovenia",4,"Median","55",2011,16117,15356,31473
705,"Slovenia",4,"Median","56",2011,15748,15184,30932.5
705,"Slovenia",4,"Median","57",2011,15638,15006,30643.5
705,"Slovenia",4,"Median","58",2011,15479,14830,30308.5
705,"Slovenia",4,"Median","59",2011,14664,14364,29029
705,"Slovenia",4,"Median","60",2011,14242,14115,28357.5
705,"Slovenia",4,"Median","61",2011,13596,13553,27148.5
705,"Slovenia",4,"Median","62",2011,12365,12682,25047
705,"Slovenia",4,"Median","63",2011,11629,12184,23813
705,"Slovenia",4,"Median","64",2011,10630,11485,22115.5
705,"Slovenia",4,"Median","65",2011,8576,9510,18086.5
705,"Slovenia",4,"Median","66",2011,8008,8882,16890
705,"Slovenia",4,"Median","67",2011,9068,10419,19487
705,"Slovenia",4,"Median","68",2011,9322,11034,20355.5
705,"Slovenia",4,"Median","69",2011,8972,10592,19564
705,"Slovenia",4,"Median","70",2011,8579,10196,18775
705,"Slovenia",4,"Median","71",2011,8193,10109,18302
705,"Slovenia",4,"Median","72",2011,7634,9811,17445.5
705,"Slovenia",4,"Median","73",2011,7192,9494,16686
705,"Slovenia",4,"Median","74",2011,6933,9419,16352
705,"Slovenia",4,"Median","75",2011,6538,9238,15776.5
705,"Slovenia",4,"Median","76",2011,5990,8996,14986.5
705,"Slovenia",4,"Median","77",2011,5461,8856,14317.5
705,"Slovenia",4,"Median","78",2011,5036,8662,13697.5
705,"Slovenia",4,"Median","79",2011,4648,8338,12985.5
705,"Slovenia",4,"Median","80",2011,4360,8032,12392.5
705,"Slovenia",4,"Median","81",2011,3854,7412,11265
705,"Slovenia",4,"Median","82",2011,3206,6698,9904
705,"Slovenia",4,"Median","83",2011,2731,6178,8909
705,"Slovenia",4,"Median","84",2011,2200,5631,7831
705,"Slovenia",4,"Median","85",2011,1748,5106,6854.5
705,"Slovenia",4,"Median","86",2011,1402,4482,5884
705,"Slovenia",4,"Median","87",2011,1156,3892,5048
705,"Slovenia",4,"Median","88",2011,932,3304,4235.5
705,"Slovenia",4,"Median","89",2011,706,2704,3410.5
705,"Slovenia",4,"Median","90",2011,531,2090,2621.5
705,"Slovenia",4,"Median","91",2011,374,1490,1865
705,"Slovenia",4,"Median","92",2011,220,907,1126.5
705,"Slovenia",4,"Median","93",2011,124,526,649.5
705,"Slovenia",4,"Median","94",2011,91,392,483
705,"Slovenia",4,"Median","95",2011,78,350,427
705,"Slovenia",4,"Median","96",2011,72,342,415
705,"Slovenia",4,"Median","97",2011,58,282,340.5
705,"Slovenia",4,"Median","98",2011,38,194,232.5
705,"Slovenia",4,"Median","99",2011,24,124,148.5
705,"Slovenia",4,"Median","100",2011,10,46,56
705,"Slovenia",4,"Median","101",2011,7,35,42
705,"Slovenia",4,"Median","102",2011,5,26,31
705,"Slovenia",4,"Median","103",2011,4,20,24
705,"Slovenia",4,"Median","104",2011,3,15,18
705,"Slovenia",4,"Median","105",2011,2,11,13
705,"Slovenia",4,"Median","106",2011,1,8,9
705,"Slovenia",4,"Median","107",2011,1,6,7
705,"Slovenia",4,"Median","108",2011,1,5,6
705,"Slovenia",4,"Median","109",2011,1,4,5
705,"Slovenia",4,"Median","110",2011,0,3,3
705,"Slovenia",4,"Median","0",2012,11313,10689,22002
705,"Slovenia",4,"Median","1",2012,11492,10854,22346
705,"Slovenia",4,"Median","2",2012,11560,10809,22369.5
705,"Slovenia",4,"Median","3",2012,11415,10810,22225.5
705,"Slovenia",4,"Median","4",2012,10956,10476,21431.5
705,"Slovenia",4,"Median","5",2012,10316,9729,20045.5
705,"Slovenia",4,"Median","6",2012,9838,9256,19093.5
705,"Slovenia",4,"Median","7",2012,9486,9046,18532
705,"Slovenia",4,"Median","8",2012,9262,8824,18085
705,"Slovenia",4,"Median","9",2012,9252,8704,17957
705,"Slovenia",4,"Median","10",2012,9375,8799,18174
705,"Slovenia",4,"Median","11",2012,9575,8936,18510.5
705,"Slovenia",4,"Median","12",2012,9514,8951,18464.5
705,"Slovenia",4,"Median","13",2012,9428,8826,18253
705,"Slovenia",4,"Median","14",2012,9606,9024,18630
705,"Slovenia",4,"Median","15",2012,9844,9302,19146.5
705,"Slovenia",4,"Median","16",2012,10059,9470,19529
705,"Slovenia",4,"Median","17",2012,10136,9697,19833.5
705,"Slovenia",4,"Median","18",2012,10374,9881,20255
705,"Slovenia",4,"Median","19",2012,10584,9947,20531.5
705,"Slovenia",4,"Median","20",2012,11076,10442,21517.5
705,"Slovenia",4,"Median","21",2012,11658,11066,22724.5
705,"Slovenia",4,"Median","22",2012,12222,11506,23728.5
705,"Slovenia",4,"Median","23",2012,13272,12243,25515
705,"Slovenia",4,"Median","24",2012,13951,12907,26858
705,"Slovenia",4,"Median","25",2012,13984,12915,26899.5
705,"Slovenia",4,"Median","26",2012,14220,13020,27240
705,"Slovenia",4,"Median","27",2012,14606,13388,27994
705,"Slovenia",4,"Median","28",2012,14882,13682,28563.5
705,"Slovenia",4,"Median","29",2012,15401,14034,29435.5
705,"Slovenia",4,"Median","30",2012,16055,14448,30502.5
705,"Slovenia",4,"Median","31",2012,16386,14926,31312
705,"Slovenia",4,"Median","32",2012,16606,15128,31734
705,"Slovenia",4,"Median","33",2012,16832,14968,31800
705,"Slovenia",4,"Median","34",2012,16598,14850,31447
705,"Slovenia",4,"Median","35",2012,16454,15026,31480
705,"Slovenia",4,"Median","36",2012,16282,15078,31360.5
705,"Slovenia",4,"Median","37",2012,15955,14612,30567
705,"Slovenia",4,"Median","38",2012,15828,14360,30188
705,"Slovenia",4,"Median","39",2012,15716,14412,30129
705,"Slovenia",4,"Median","40",2012,15517,14206,29723.5
705,"Slovenia",4,"Median","41",2012,14930,13940,28870.5
705,"Slovenia",4,"Median","42",2012,14806,13970,28776
705,"Slovenia",4,"Median","43",2012,15280,14226,29505
705,"Slovenia",4,"Median","44",2012,15488,14876,30364.5
705,"Slovenia",4,"Median","45",2012,15975,15492,31466.5
705,"Slovenia",4,"Median","46",2012,16310,15750,32059.5
705,"Slovenia",4,"Median","47",2012,15958,15599,31556.5
705,"Slovenia",4,"Median","48",2012,15796,15269,31064.5
705,"Slovenia",4,"Median","49",2012,15872,15148,31020.5
705,"Slovenia",4,"Median","50",2012,15877,15212,31088.5
705,"Slovenia",4,"Median","51",2012,15592,15246,30838
705,"Slovenia",4,"Median","52",2012,15428,14916,30343.5
705,"Slovenia",4,"Median","53",2012,15365,14640,30005.5
705,"Slovenia",4,"Median","54",2012,15286,14910,30197
705,"Slovenia",4,"Median","55",2012,15672,15278,30950.5
705,"Slovenia",4,"Median","56",2012,15966,15296,31262
705,"Slovenia",4,"Median","57",2012,15586,15100,30686.5
705,"Slovenia",4,"Median","58",2012,15456,14942,30398.5
705,"Slovenia",4,"Median","59",2012,15306,14735,30040.5
705,"Slovenia",4,"Median","60",2012,14464,14276,28740.5
705,"Slovenia",4,"Median","61",2012,14032,14029,28061
705,"Slovenia",4,"Median","62",2012,13389,13459,26848
705,"Slovenia",4,"Median","63",2012,12178,12600,24777
705,"Slovenia",4,"Median","64",2012,11414,12090,23504
705,"Slovenia",4,"Median","65",2012,10443,11402,21845.5
705,"Slovenia",4,"Median","66",2012,8429,9436,17865
705,"Slovenia",4,"Median","67",2012,7852,8806,16659
705,"Slovenia",4,"Median","68",2012,8880,10320,19200.5
705,"Slovenia",4,"Median","69",2012,9113,10919,20032
705,"Slovenia",4,"Median","70",2012,8750,10474,19223.5
705,"Slovenia",4,"Median","71",2012,8342,10071,18413
705,"Slovenia",4,"Median","72",2012,7952,9974,17926.5
705,"Slovenia",4,"Median","73",2012,7392,9667,17058.5
705,"Slovenia",4,"Median","74",2012,6936,9336,16272.5
705,"Slovenia",4,"Median","75",2012,6646,9216,15862
705,"Slovenia",4,"Median","76",2012,6221,8989,15210
705,"Slovenia",4,"Median","77",2012,5670,8721,14390.5
705,"Slovenia",4,"Median","78",2012,5138,8550,13687
705,"Slovenia",4,"Median","79",2012,4706,8322,13028.5
705,"Slovenia",4,"Median","80",2012,4312,7968,12280.5
705,"Slovenia",4,"Median","81",2012,4014,7629,11643
705,"Slovenia",4,"Median","82",2012,3516,6992,10508
705,"Slovenia",4,"Median","83",2012,2898,6270,9168.5
705,"Slovenia",4,"Median","84",2012,2443,5734,8177.5
705,"Slovenia",4,"Median","85",2012,1946,5176,7123
705,"Slovenia",4,"Median","86",2012,1528,4644,6171
705,"Slovenia",4,"Median","87",2012,1210,4028,5237.5
705,"Slovenia",4,"Median","88",2012,982,3451,4433.5
705,"Slovenia",4,"Median","89",2012,780,2888,3668
705,"Slovenia",4,"Median","90",2012,581,2326,2907
705,"Slovenia",4,"Median","91",2012,429,1766,2195
705,"Slovenia",4,"Median","92",2012,297,1236,1532.5
705,"Slovenia",4,"Median","93",2012,170,736,907
705,"Slovenia",4,"Median","94",2012,94,417,511.5
705,"Slovenia",4,"Median","95",2012,68,304,371.5
705,"Slovenia",4,"Median","96",2012,56,264,319.5
705,"Slovenia",4,"Median","97",2012,52,251,302.5
705,"Slovenia",4,"Median","98",2012,40,202,241.5
705,"Slovenia",4,"Median","99",2012,26,134,159.5
705,"Slovenia",4,"Median","100",2012,11,54,65
705,"Slovenia",4,"Median","101",2012,8,39,47
705,"Slovenia",4,"Median","102",2012,5,29,34
705,"Slovenia",4,"Median","103",2012,4,21,25
705,"Slovenia",4,"Median","104",2012,3,15,18
705,"Slovenia",4,"Median","105",2012,2,11,13
705,"Slovenia",4,"Median","106",2012,1,8,9
705,"Slovenia",4,"Median","107",2012,1,6,7
705,"Slovenia",4,"Median","108",2012,1,4,5
705,"Slovenia",4,"Median","109",2012,0,3,3
705,"Slovenia",4,"Median","110",2012,0,2,2
705,"Slovenia",4,"Median","0",2013,11081,10470,21550.5
705,"Slovenia",4,"Median","1",2013,11374,10734,22108.5
705,"Slovenia",4,"Median","2",2013,11536,10894,22430
705,"Slovenia",4,"Median","3",2013,11583,10834,22416.5
705,"Slovenia",4,"Median","4",2013,11453,10833,22286
705,"Slovenia",4,"Median","5",2013,10976,10492,21467.5
705,"Slovenia",4,"Median","6",2013,10329,9743,20072
705,"Slovenia",4,"Median","7",2013,9864,9260,19123
705,"Slovenia",4,"Median","8",2013,9486,9050,18536.5
705,"Slovenia",4,"Median","9",2013,9278,8834,18111.5
705,"Slovenia",4,"Median","10",2013,9262,8714,17975.5
705,"Slovenia",4,"Median","11",2013,9386,8807,18192.5
705,"Slovenia",4,"Median","12",2013,9584,8954,18537
705,"Slovenia",4,"Median","13",2013,9532,8953,18485
705,"Slovenia",4,"Median","14",2013,9450,8832,18283
705,"Slovenia",4,"Median","15",2013,9620,9047,18667.5
705,"Slovenia",4,"Median","16",2013,9883,9314,19196.5
705,"Slovenia",4,"Median","17",2013,10070,9484,19554.5
705,"Slovenia",4,"Median","18",2013,10174,9714,19888
705,"Slovenia",4,"Median","19",2013,10400,9931,20330.5
705,"Slovenia",4,"Median","20",2013,10651,10038,20689
705,"Slovenia",4,"Median","21",2013,11120,10497,21616.5
705,"Slovenia",4,"Median","22",2013,11691,11123,22814
705,"Slovenia",4,"Median","23",2013,12275,11578,23853.5
705,"Slovenia",4,"Median","24",2013,13290,12308,25597.5
705,"Slovenia",4,"Median","25",2013,14000,12958,26958.5
705,"Slovenia",4,"Median","26",2013,14048,12962,27010
705,"Slovenia",4,"Median","27",2013,14240,13057,27297.5
705,"Slovenia",4,"Median","28",2013,14603,13404,28007.5
705,"Slovenia",4,"Median","29",2013,14886,13692,28577.5
705,"Slovenia",4,"Median","30",2013,15408,14032,29440
705,"Slovenia",4,"Median","31",2013,16062,14408,30470
705,"Slovenia",4,"Median","32",2013,16377,14922,31299.5
705,"Slovenia",4,"Median","33",2013,16620,15096,31715.5
705,"Slovenia",4,"Median","34",2013,16814,14946,31760.5
705,"Slovenia",4,"Median","35",2013,16583,14822,31405.5
705,"Slovenia",4,"Median","36",2013,16445,14986,31431
705,"Slovenia",4,"Median","37",2013,16240,15064,31304.5
705,"Slovenia",4,"Median","38",2013,15966,14582,30547
705,"Slovenia",4,"Median","39",2013,15808,14342,30150
705,"Slovenia",4,"Median","40",2013,15688,14393,30081
705,"Slovenia",4,"Median","41",2013,15491,14193,29684
705,"Slovenia",4,"Median","42",2013,14912,13913,28824.5
705,"Slovenia",4,"Median","43",2013,14785,13946,28731
705,"Slovenia",4,"Median","44",2013,15246,14211,29457
705,"Slovenia",4,"Median","45",2013,15472,14847,30319.5
705,"Slovenia",4,"Median","46",2013,15951,15464,31414.5
705,"Slovenia",4,"Median","47",2013,16264,15722,31987
705,"Slovenia",4,"Median","48",2013,15932,15562,31493.5
705,"Slovenia",4,"Median","49",2013,15708,15216,30925
705,"Slovenia",4,"Median","50",2013,15794,15108,30903
705,"Slovenia",4,"Median","51",2013,15811,15175,30986
705,"Slovenia",4,"Median","52",2013,15517,15191,30708
705,"Slovenia",4,"Median","53",2013,15308,14854,30162.5
705,"Slovenia",4,"Median","54",2013,15286,14590,29876
705,"Slovenia",4,"Median","55",2013,15158,14850,30007.5
705,"Slovenia",4,"Median","56",2013,15525,15203,30728
705,"Slovenia",4,"Median","57",2013,15812,15202,31013.5
705,"Slovenia",4,"Median","58",2013,15400,15014,30414
705,"Slovenia",4,"Median","59",2013,15274,14836,30110.5
705,"Slovenia",4,"Median","60",2013,15083,14622,29704.5
705,"Slovenia",4,"Median","61",2013,14250,14176,28426.5
705,"Slovenia",4,"Median","62",2013,13816,13908,27723
705,"Slovenia",4,"Median","63",2013,13183,13348,26530.5
705,"Slovenia",4,"Median","64",2013,11943,12492,24435.5
705,"Slovenia",4,"Median","65",2013,11214,11992,23205.5
705,"Slovenia",4,"Median","66",2013,10266,11318,21583
705,"Slovenia",4,"Median","67",2013,8271,9361,17632
705,"Slovenia",4,"Median","68",2013,7692,8728,16419.5
705,"Slovenia",4,"Median","69",2013,8678,10216,18894
705,"Slovenia",4,"Median","70",2013,8890,10798,19687
705,"Slovenia",4,"Median","71",2013,8518,10348,18866
705,"Slovenia",4,"Median","72",2013,8103,9939,18042
705,"Slovenia",4,"Median","73",2013,7706,9828,17534
705,"Slovenia",4,"Median","74",2013,7139,9506,16645
705,"Slovenia",4,"Median","75",2013,6658,9137,15795.5
705,"Slovenia",4,"Median","76",2013,6331,8972,15302.5
705,"Slovenia",4,"Median","77",2013,5894,8719,14613
705,"Slovenia",4,"Median","78",2013,5340,8424,13765
705,"Slovenia",4,"Median","79",2013,4808,8220,13027.5
705,"Slovenia",4,"Median","80",2013,4373,7960,12332.5
705,"Slovenia",4,"Median","81",2013,3976,7575,11551
705,"Slovenia",4,"Median","82",2013,3670,7204,10873
705,"Slovenia",4,"Median","83",2013,3185,6553,9738
705,"Slovenia",4,"Median","84",2013,2598,5828,8426
705,"Slovenia",4,"Median","85",2013,2166,5279,7445
705,"Slovenia",4,"Median","86",2013,1705,4715,6420
705,"Slovenia",4,"Median","87",2013,1320,4181,5501.5
705,"Slovenia",4,"Median","88",2013,1031,3579,4610
705,"Slovenia",4,"Median","89",2013,826,3023,3848.5
705,"Slovenia",4,"Median","90",2013,644,2489,3133.5
705,"Slovenia",4,"Median","91",2013,472,1970,2442
705,"Slovenia",4,"Median","92",2013,342,1468,1810.5
705,"Slovenia",4,"Median","93",2013,232,1006,1238
705,"Slovenia",4,"Median","94",2013,131,586,717.5
705,"Slovenia",4,"Median","95",2013,70,324,394.5
705,"Slovenia",4,"Median","96",2013,50,230,279
705,"Slovenia",4,"Median","97",2013,40,194,234
705,"Slovenia",4,"Median","98",2013,36,180,215.5
705,"Slovenia",4,"Median","99",2013,27,140,167
705,"Slovenia",4,"Median","100",2013,13,63,76
705,"Slovenia",4,"Median","101",2013,9,45,54
705,"Slovenia",4,"Median","102",2013,6,31,37
705,"Slovenia",4,"Median","103",2013,4,22,26
705,"Slovenia",4,"Median","104",2013,3,16,19
705,"Slovenia",4,"Median","105",2013,2,11,13
705,"Slovenia",4,"Median","106",2013,1,8,9
705,"Slovenia",4,"Median","107",2013,1,5,6
705,"Slovenia",4,"Median","108",2013,1,4,5
705,"Slovenia",4,"Median","109",2013,0,3,3
705,"Slovenia",4,"Median","110",2013,0,2,2
705,"Slovenia",4,"Median","0",2014,10860,10262,21122
705,"Slovenia",4,"Median","1",2014,11124,10520,21643.5
705,"Slovenia",4,"Median","2",2014,11398,10746,22143
705,"Slovenia",4,"Median","3",2014,11540,10890,22430
705,"Slovenia",4,"Median","4",2014,11596,10841,22437
705,"Slovenia",4,"Median","5",2014,11448,10832,22279
705,"Slovenia",4,"Median","6",2014,10986,10485,21471.5
705,"Slovenia",4,"Median","7",2014,10334,9742,20076
705,"Slovenia",4,"Median","8",2014,9866,9255,19121
705,"Slovenia",4,"Median","9",2014,9500,9066,18567
705,"Slovenia",4,"Median","10",2014,9288,8846,18133
705,"Slovenia",4,"Median","11",2014,9274,8716,17990
705,"Slovenia",4,"Median","12",2014,9395,8806,18201
705,"Slovenia",4,"Median","13",2014,9598,8970,18567.5
705,"Slovenia",4,"Median","14",2014,9538,8966,18504.5
705,"Slovenia",4,"Median","15",2014,9470,8840,18310
705,"Slovenia",4,"Median","16",2014,9663,9055,18718
705,"Slovenia",4,"Median","17",2014,9904,9334,19238
705,"Slovenia",4,"Median","18",2014,10140,9518,19657
705,"Slovenia",4,"Median","19",2014,10200,9776,19975
705,"Slovenia",4,"Median","20",2014,10464,10012,20476
705,"Slovenia",4,"Median","21",2014,10668,10070,20737
705,"Slovenia",4,"Median","22",2014,11165,10544,21709.5
705,"Slovenia",4,"Median","23",2014,11716,11162,22878.5
705,"Slovenia",4,"Median","24",2014,12302,11593,23895.5
705,"Slovenia",4,"Median","25",2014,13295,12330,25625.5
705,"Slovenia",4,"Median","26",2014,14021,12942,26963.5
705,"Slovenia",4,"Median","27",2014,14038,12954,26992.5
705,"Slovenia",4,"Median","28",2014,14212,13038,27250
705,"Slovenia",4,"Median","29",2014,14565,13394,27959.5
705,"Slovenia",4,"Median","30",2014,14874,13686,28560
705,"Slovenia",4,"Median","31",2014,15384,13976,29360.5
705,"Slovenia",4,"Median","32",2014,16051,14402,30453.5
705,"Slovenia",4,"Median","33",2014,16359,14878,31237
705,"Slovenia",4,"Median","34",2014,16588,15054,31642
705,"Slovenia",4,"Median","35",2014,16804,14916,31720.5
705,"Slovenia",4,"Median","36",2014,16557,14796,31353.5
705,"Slovenia",4,"Median","37",2014,16402,14972,31373.5
705,"Slovenia",4,"Median","38",2014,16234,15062,31295
705,"Slovenia",4,"Median","39",2014,15929,14556,30485.5
705,"Slovenia",4,"Median","40",2014,15792,14324,30116
705,"Slovenia",4,"Median","41",2014,15672,14386,30057.5
705,"Slovenia",4,"Median","42",2014,15452,14168,29620
705,"Slovenia",4,"Median","43",2014,14894,13892,28786
705,"Slovenia",4,"Median","44",2014,14745,13927,28672
705,"Slovenia",4,"Median","45",2014,15238,14194,29431
705,"Slovenia",4,"Median","46",2014,15443,14834,30277
705,"Slovenia",4,"Median","47",2014,15908,15432,31339
705,"Slovenia",4,"Median","48",2014,16244,15697,31941
705,"Slovenia",4,"Median","49",2014,15882,15520,31401
705,"Slovenia",4,"Median","50",2014,15682,15182,30864.5
705,"Slovenia",4,"Median","51",2014,15736,15066,30802.5
705,"Slovenia",4,"Median","52",2014,15724,15130,30853.5
705,"Slovenia",4,"Median","53",2014,15420,15142,30561.5
705,"Slovenia",4,"Median","54",2014,15240,14806,30046.5
705,"Slovenia",4,"Median","55",2014,15179,14547,29726
705,"Slovenia",4,"Median","56",2014,15042,14791,29832.5
705,"Slovenia",4,"Median","57",2014,15402,15130,30531.5
705,"Slovenia",4,"Median","58",2014,15634,15130,30765
705,"Slovenia",4,"Median","59",2014,15204,14948,30151
705,"Slovenia",4,"Median","60",2014,15068,14744,29812
705,"Slovenia",4,"Median","61",2014,14855,14538,29393.5
705,"Slovenia",4,"Median","62",2014,14040,14074,28114
705,"Slovenia",4,"Median","63",2014,13582,13802,27385
705,"Slovenia",4,"Median","64",2014,12948,13234,26182
705,"Slovenia",4,"Median","65",2014,11739,12409,24148
705,"Slovenia",4,"Median","66",2014,11022,11906,22928
705,"Slovenia",4,"Median","67",2014,10078,11230,21308.5
705,"Slovenia",4,"Median","68",2014,8110,9278,17388.5
705,"Slovenia",4,"Median","69",2014,7522,8640,16162
705,"Slovenia",4,"Median","70",2014,8472,10104,18576
705,"Slovenia",4,"Median","71",2014,8662,10669,19331
705,"Slovenia",4,"Median","72",2014,8279,10212,18491
705,"Slovenia",4,"Median","73",2014,7854,9792,17645.5
705,"Slovenia",4,"Median","74",2014,7444,9664,17107.5
705,"Slovenia",4,"Median","75",2014,6858,9306,16165
705,"Slovenia",4,"Median","76",2014,6350,8900,15250.5
705,"Slovenia",4,"Median","77",2014,6006,8708,14713
705,"Slovenia",4,"Median","78",2014,5560,8428,13988.5
705,"Slovenia",4,"Median","79",2014,5005,8106,13111
705,"Slovenia",4,"Median","80",2014,4476,7868,12344
705,"Slovenia",4,"Median","81",2014,4040,7574,11614
705,"Slovenia",4,"Median","82",2014,3643,7161,10804
705,"Slovenia",4,"Median","83",2014,3331,6760,10091
705,"Slovenia",4,"Median","84",2014,2863,6099,8962
705,"Slovenia",4,"Median","85",2014,2310,5373,7683
705,"Slovenia",4,"Median","86",2014,1904,4818,6721
705,"Slovenia",4,"Median","87",2014,1480,4254,5733
705,"Slovenia",4,"Median","88",2014,1130,3723,4853.5
705,"Slovenia",4,"Median","89",2014,870,3142,4012
705,"Slovenia",4,"Median","90",2014,684,2612,3297
705,"Slovenia",4,"Median","91",2014,526,2114,2640
705,"Slovenia",4,"Median","92",2014,378,1643,2020.5
705,"Slovenia",4,"Median","93",2014,268,1200,1468
705,"Slovenia",4,"Median","94",2014,178,804,982
705,"Slovenia",4,"Median","95",2014,98,458,556
705,"Slovenia",4,"Median","96",2014,52,246,298
705,"Slovenia",4,"Median","97",2014,36,170,206
705,"Slovenia",4,"Median","98",2014,28,140,167.5
705,"Slovenia",4,"Median","99",2014,24,126,150
705,"Slovenia",4,"Median","100",2014,15,73,88
705,"Slovenia",4,"Median","101",2014,10,50,60
705,"Slovenia",4,"Median","102",2014,6,34,40
705,"Slovenia",4,"Median","103",2014,4,23,27
705,"Slovenia",4,"Median","104",2014,3,16,19
705,"Slovenia",4,"Median","105",2014,2,11,13
705,"Slovenia",4,"Median","106",2014,1,7,8
705,"Slovenia",4,"Median","107",2014,1,5,6
705,"Slovenia",4,"Median","108",2014,1,3,4
705,"Slovenia",4,"Median","109",2014,0,2,2
705,"Slovenia",4,"Median","110",2014,0,2,2
705,"Slovenia",4,"Median","0",2015,10756,10126,20882.5
705,"Slovenia",4,"Median","1",2015,10880,10300,21179.5
705,"Slovenia",4,"Median","2",2015,11139,10526,21665
705,"Slovenia",4,"Median","3",2015,11416,10738,22154.5
705,"Slovenia",4,"Median","4",2015,11535,10900,22434.5
705,"Slovenia",4,"Median","5",2015,11599,10844,22443
705,"Slovenia",4,"Median","6",2015,11456,10818,22273.5
705,"Slovenia",4,"Median","7",2015,10997,10488,21484.5
705,"Slovenia",4,"Median","8",2015,10353,9741,20094
705,"Slovenia",4,"Median","9",2015,9868,9272,19139.5
705,"Slovenia",4,"Median","10",2015,9516,9080,18595.5
705,"Slovenia",4,"Median","11",2015,9312,8850,18162
705,"Slovenia",4,"Median","12",2015,9294,8720,18014.5
705,"Slovenia",4,"Median","13",2015,9414,8824,18237.5
705,"Slovenia",4,"Median","14",2015,9610,8988,18598
705,"Slovenia",4,"Median","15",2015,9562,8983,18544.5
705,"Slovenia",4,"Median","16",2015,9514,8864,18377
705,"Slovenia",4,"Median","17",2015,9712,9075,18787
705,"Slovenia",4,"Median","18",2015,9988,9386,19374.5
705,"Slovenia",4,"Median","19",2015,10166,9568,19734
705,"Slovenia",4,"Median","20",2015,10247,9830,20077.5
705,"Slovenia",4,"Median","21",2015,10488,10028,20516
705,"Slovenia",4,"Median","22",2015,10712,10110,20822
705,"Slovenia",4,"Median","23",2015,11194,10565,21758.5
705,"Slovenia",4,"Median","24",2015,11754,11180,22934
705,"Slovenia",4,"Median","25",2015,12309,11588,23896.5
705,"Slovenia",4,"Median","26",2015,13290,12302,25592
705,"Slovenia",4,"Median","27",2015,13997,12900,26897.5
705,"Slovenia",4,"Median","28",2015,13997,12907,26904
705,"Slovenia",4,"Median","29",2015,14177,13012,27188.5
705,"Slovenia",4,"Median","30",2015,14543,13388,27931.5
705,"Slovenia",4,"Median","31",2015,14820,13649,28469.5
705,"Slovenia",4,"Median","32",2015,15367,13969,29336
705,"Slovenia",4,"Median","33",2015,16019,14361,30380
705,"Slovenia",4,"Median","34",2015,16320,14853,31172.5
705,"Slovenia",4,"Median","35",2015,16572,15038,31610.5
705,"Slovenia",4,"Median","36",2015,16777,14906,31683
705,"Slovenia",4,"Median","37",2015,16535,14788,31323
705,"Slovenia",4,"Median","38",2015,16390,14984,31374
705,"Slovenia",4,"Median","39",2015,16214,15038,31252
705,"Slovenia",4,"Median","40",2015,15892,14560,30452
705,"Slovenia",4,"Median","41",2015,15762,14325,30087.5
705,"Slovenia",4,"Median","42",2015,15642,14385,30027.5
705,"Slovenia",4,"Median","43",2015,15419,14166,29585.5
705,"Slovenia",4,"Median","44",2015,14858,13874,28733
705,"Slovenia",4,"Median","45",2015,14710,13914,28623.5
705,"Slovenia",4,"Median","46",2015,15182,14175,29356.5
705,"Slovenia",4,"Median","47",2015,15393,14800,30192.5
705,"Slovenia",4,"Median","48",2015,15872,15420,31292.5
705,"Slovenia",4,"Median","49",2015,16206,15664,31870
705,"Slovenia",4,"Median","50",2015,15841,15496,31337.5
705,"Slovenia",4,"Median","51",2015,15618,15151,30769
705,"Slovenia",4,"Median","52",2015,15662,15034,30696
705,"Slovenia",4,"Median","53",2015,15626,15089,30715.5
705,"Slovenia",4,"Median","54",2015,15326,15110,30435.5
705,"Slovenia",4,"Median","55",2015,15144,14767,29910.5
705,"Slovenia",4,"Median","56",2015,15059,14502,29561
705,"Slovenia",4,"Median","57",2015,14932,14736,29667.5
705,"Slovenia",4,"Median","58",2015,15250,15077,30327
705,"Slovenia",4,"Median","59",2015,15454,15071,30525.5
705,"Slovenia",4,"Median","60",2015,15017,14868,29884.5
705,"Slovenia",4,"Median","61",2015,14843,14675,29518
705,"Slovenia",4,"Median","62",2015,14642,14444,29085.5
705,"Slovenia",4,"Median","63",2015,13798,13972,27770
705,"Slovenia",4,"Median","64",2015,13357,13703,27060
705,"Slovenia",4,"Median","65",2015,12725,13148,25873.5
705,"Slovenia",4,"Median","66",2015,11542,12318,23860
705,"Slovenia",4,"Median","67",2015,10826,11814,22639
705,"Slovenia",4,"Median","68",2015,9888,11131,21019
705,"Slovenia",4,"Median","69",2015,7938,9186,17123.5
705,"Slovenia",4,"Median","70",2015,7352,8548,15899.5
705,"Slovenia",4,"Median","71",2015,8263,9986,18249
705,"Slovenia",4,"Median","72",2015,8424,10526,18950
705,"Slovenia",4,"Median","73",2015,8023,10060,18083
705,"Slovenia",4,"Median","74",2015,7588,9630,17217
705,"Slovenia",4,"Median","75",2015,7158,9464,16621.5
705,"Slovenia",4,"Median","76",2015,6548,9070,15619
705,"Slovenia",4,"Median","77",2015,6032,8644,14676
705,"Slovenia",4,"Median","78",2015,5673,8423,14096
705,"Slovenia",4,"Median","79",2015,5220,8116,13336
705,"Slovenia",4,"Median","80",2015,4668,7766,12434
705,"Slovenia",4,"Median","81",2015,4142,7496,11638
705,"Slovenia",4,"Median","82",2015,3709,7168,10877.5
705,"Slovenia",4,"Median","83",2015,3315,6728,10043
705,"Slovenia",4,"Median","84",2015,3002,6300,9301
705,"Slovenia",4,"Median","85",2015,2553,5632,8184.5
705,"Slovenia",4,"Median","86",2015,2036,4911,6947.5
705,"Slovenia",4,"Median","87",2015,1657,4353,6010
705,"Slovenia",4,"Median","88",2015,1270,3794,5065
705,"Slovenia",4,"Median","89",2015,956,3276,4232
705,"Slovenia",4,"Median","90",2015,724,2722,3446
705,"Slovenia",4,"Median","91",2015,560,2225,2785.5
705,"Slovenia",4,"Median","92",2015,422,1768,2190
705,"Slovenia",4,"Median","93",2015,298,1346,1644
705,"Slovenia",4,"Median","94",2015,208,960,1168
705,"Slovenia",4,"Median","95",2015,135,629,764
705,"Slovenia",4,"Median","96",2015,73,349,422
705,"Slovenia",4,"Median","97",2015,38,183,221
705,"Slovenia",4,"Median","98",2015,25,123,148
705,"Slovenia",4,"Median","99",2015,19,98,116.5
705,"Slovenia",4,"Median","100",2015,15,76,91
705,"Slovenia",4,"Median","101",2015,10,51,61
705,"Slovenia",4,"Median","102",2015,6,34,40
705,"Slovenia",4,"Median","103",2015,4,23,27
705,"Slovenia",4,"Median","104",2015,3,15,18
705,"Slovenia",4,"Median","105",2015,2,10,12
705,"Slovenia",4,"Median","106",2015,1,7,8
705,"Slovenia",4,"Median","107",2015,1,5,6
705,"Slovenia",4,"Median","108",2015,0,3,3
705,"Slovenia",4,"Median","109",2015,0,2,2
705,"Slovenia",4,"Median","110",2015,0,1,1
705,"Slovenia",4,"Median","0",2016,10476,9995,20471
705,"Slovenia",4,"Median","1",2016,10754,10136,20889
705,"Slovenia",4,"Median","2",2016,10900,10316,21215.5
705,"Slovenia",4,"Median","3",2016,11150,10519,21668.5
705,"Slovenia",4,"Median","4",2016,11408,10736,22144
705,"Slovenia",4,"Median","5",2016,11534,10905,22439.5
705,"Slovenia",4,"Median","6",2016,11606,10836,22442.5
705,"Slovenia",4,"Median","7",2016,11470,10818,22288
705,"Slovenia",4,"Median","8",2016,11002,10501,21503
705,"Slovenia",4,"Median","9",2016,10364,9762,20126
705,"Slovenia",4,"Median","10",2016,9886,9291,19177
705,"Slovenia",4,"Median","11",2016,9540,9090,18629.5
705,"Slovenia",4,"Median","12",2016,9333,8862,18195
705,"Slovenia",4,"Median","13",2016,9312,8730,18042.5
705,"Slovenia",4,"Median","14",2016,9437,8832,18269.5
705,"Slovenia",4,"Median","15",2016,9645,9018,18663
705,"Slovenia",4,"Median","16",2016,9608,9019,18627
705,"Slovenia",4,"Median","17",2016,9569,8884,18453
705,"Slovenia",4,"Median","18",2016,9782,9126,18907.5
705,"Slovenia",4,"Median","19",2016,10033,9438,19471.5
705,"Slovenia",4,"Median","20",2016,10232,9626,19859
705,"Slovenia",4,"Median","21",2016,10304,9852,20157
705,"Slovenia",4,"Median","22",2016,10547,10060,20607.5
705,"Slovenia",4,"Median","23",2016,10785,10124,20909.5
705,"Slovenia",4,"Median","24",2016,11246,10580,21825.5
705,"Slovenia",4,"Median","25",2016,11786,11144,22930
705,"Slovenia",4,"Median","26",2016,12340,11567,23906.5
705,"Slovenia",4,"Median","27",2016,13271,12235,25506
705,"Slovenia",4,"Median","28",2016,13972,12844,26816.5
705,"Slovenia",4,"Median","29",2016,13980,12867,26847.5
705,"Slovenia",4,"Median","30",2016,14145,12964,27109
705,"Slovenia",4,"Median","31",2016,14525,13349,27874
705,"Slovenia",4,"Median","32",2016,14820,13645,28464.5
705,"Slovenia",4,"Median","33",2016,15340,13919,29259.5
705,"Slovenia",4,"Median","34",2016,15995,14350,30345.5
705,"Slovenia",4,"Median","35",2016,16305,14836,31141
705,"Slovenia",4,"Median","36",2016,16578,15036,31613.5
705,"Slovenia",4,"Median","37",2016,16782,14890,31671
705,"Slovenia",4,"Median","38",2016,16554,14793,31346.5
705,"Slovenia",4,"Median","39",2016,16416,14971,31387
705,"Slovenia",4,"Median","40",2016,16185,15046,31230.5
705,"Slovenia",4,"Median","41",2016,15886,14562,30448.5
705,"Slovenia",4,"Median","42",2016,15760,14334,30094.5
705,"Slovenia",4,"Median","43",2016,15624,14392,30016.5
705,"Slovenia",4,"Median","44",2016,15406,14164,29569
705,"Slovenia",4,"Median","45",2016,14824,13870,28694.5
705,"Slovenia",4,"Median","46",2016,14715,13898,28613.5
705,"Slovenia",4,"Median","47",2016,15149,14150,29299.5
705,"Slovenia",4,"Median","48",2016,15365,14787,30152
705,"Slovenia",4,"Median","49",2016,15860,15400,31260.5
705,"Slovenia",4,"Median","50",2016,16146,15631,31777
705,"Slovenia",4,"Median","51",2016,15783,15474,31257
705,"Slovenia",4,"Median","52",2016,15541,15127,30668
705,"Slovenia",4,"Median","53",2016,15571,14996,30567
705,"Slovenia",4,"Median","54",2016,15514,15070,30583.5
705,"Slovenia",4,"Median","55",2016,15229,15064,30292.5
705,"Slovenia",4,"Median","56",2016,15032,14724,29756
705,"Slovenia",4,"Median","57",2016,14948,14453,29400.5
705,"Slovenia",4,"Median","58",2016,14785,14680,29465.5
705,"Slovenia",4,"Median","59",2016,15104,15016,30120
705,"Slovenia",4,"Median","60",2016,15262,14999,30260.5
705,"Slovenia",4,"Median","61",2016,14818,14794,29612.5
705,"Slovenia",4,"Median","62",2016,14634,14590,29224.5
705,"Slovenia",4,"Median","63",2016,14410,14346,28756.5
705,"Slovenia",4,"Median","64",2016,13572,13880,27451.5
705,"Slovenia",4,"Median","65",2016,13118,13612,26729.5
705,"Slovenia",4,"Median","66",2016,12516,13050,25566.5
705,"Slovenia",4,"Median","67",2016,11340,12220,23560
705,"Slovenia",4,"Median","68",2016,10622,11706,22328
705,"Slovenia",4,"Median","69",2016,9678,11022,20699.5
705,"Slovenia",4,"Median","70",2016,7762,9094,16855
705,"Slovenia",4,"Median","71",2016,7174,8452,15625.5
705,"Slovenia",4,"Median","72",2016,8038,9852,17889.5
705,"Slovenia",4,"Median","73",2016,8164,10370,18533.5
705,"Slovenia",4,"Median","74",2016,7757,9896,17653.5
705,"Slovenia",4,"Median","75",2016,7302,9432,16733.5
705,"Slovenia",4,"Median","76",2016,6838,9226,16065
705,"Slovenia",4,"Median","77",2016,6225,8812,15037.5
705,"Slovenia",4,"Median","78",2016,5702,8365,14066.5
705,"Slovenia",4,"Median","79",2016,5330,8115,13445
705,"Slovenia",4,"Median","80",2016,4872,7780,12652
705,"Slovenia",4,"Median","81",2016,4324,7402,11726.5
705,"Slovenia",4,"Median","82",2016,3806,7099,10905.5
705,"Slovenia",4,"Median","83",2016,3378,6740,10118.5
705,"Slovenia",4,"Median","84",2016,2990,6276,9265.5
705,"Slovenia",4,"Median","85",2016,2678,5823,8501.5
705,"Slovenia",4,"Median","86",2016,2252,5154,7406
705,"Slovenia",4,"Median","87",2016,1774,4444,6217.5
705,"Slovenia",4,"Median","88",2016,1424,3890,5313.5
705,"Slovenia",4,"Median","89",2016,1076,3344,4420.5
705,"Slovenia",4,"Median","90",2016,798,2843,3640.5
705,"Slovenia",4,"Median","91",2016,594,2324,2917
705,"Slovenia",4,"Median","92",2016,451,1864,2315.5
705,"Slovenia",4,"Median","93",2016,334,1452,1786
705,"Slovenia",4,"Median","94",2016,230,1082,1312
705,"Slovenia",4,"Median","95",2016,157,754,911.5
705,"Slovenia",4,"Median","96",2016,100,482,581.5
705,"Slovenia",4,"Median","97",2016,53,260,313.5
705,"Slovenia",4,"Median","98",2016,26,132,159
705,"Slovenia",4,"Median","99",2016,17,86,103
705,"Slovenia",4,"Median","100",2016,14,69,83
705,"Slovenia",4,"Median","101",2016,9,47,56
705,"Slovenia",4,"Median","102",2016,6,31,37
705,"Slovenia",4,"Median","103",2016,4,21,25
705,"Slovenia",4,"Median","104",2016,2,14,16
705,"Slovenia",4,"Median","105",2016,2,10,12
705,"Slovenia",4,"Median","106",2016,1,6,7
705,"Slovenia",4,"Median","107",2016,1,4,5
705,"Slovenia",4,"Median","108",2016,0,3,3
705,"Slovenia",4,"Median","109",2016,0,2,2
705,"Slovenia",4,"Median","110",2016,0,1,1
705,"Slovenia",4,"Median","0",2017,10416,9857,20273
705,"Slovenia",4,"Median","1",2017,10474,9998,20472.5
705,"Slovenia",4,"Median","2",2017,10768,10143,20911.5
705,"Slovenia",4,"Median","3",2017,10888,10308,21196.5
705,"Slovenia",4,"Median","4",2017,11128,10499,21627.5
705,"Slovenia",4,"Median","5",2017,11404,10724,22127
705,"Slovenia",4,"Median","6",2017,11544,10899,22443.5
705,"Slovenia",4,"Median","7",2017,11612,10835,22447.5
705,"Slovenia",4,"Median","8",2017,11463,10828,22291
705,"Slovenia",4,"Median","9",2017,11010,10512,21521.5
705,"Slovenia",4,"Median","10",2017,10376,9780,20156
705,"Slovenia",4,"Median","11",2017,9902,9301,19203.5
705,"Slovenia",4,"Median","12",2017,9558,9106,18663.5
705,"Slovenia",4,"Median","13",2017,9340,8880,18220
705,"Slovenia",4,"Median","14",2017,9340,8748,18087
705,"Slovenia",4,"Median","15",2017,9466,8861,18327.5
705,"Slovenia",4,"Median","16",2017,9698,9043,18741.5
705,"Slovenia",4,"Median","17",2017,9644,9042,18686.5
705,"Slovenia",4,"Median","18",2017,9626,8918,18544.5
705,"Slovenia",4,"Median","19",2017,9834,9192,19025
705,"Slovenia",4,"Median","20",2017,10146,9512,19658.5
705,"Slovenia",4,"Median","21",2017,10341,9642,19982.5
705,"Slovenia",4,"Median","22",2017,10401,9877,20278
705,"Slovenia",4,"Median","23",2017,10668,10062,20730
705,"Slovenia",4,"Median","24",2017,10872,10123,20995
705,"Slovenia",4,"Median","25",2017,11301,10549,21850
705,"Slovenia",4,"Median","26",2017,11850,11100,22949
705,"Slovenia",4,"Median","27",2017,12378,11496,23873
705,"Slovenia",4,"Median","28",2017,13290,12156,25445.5
705,"Slovenia",4,"Median","29",2017,13974,12778,26752
705,"Slovenia",4,"Median","30",2017,13962,12790,26752
705,"Slovenia",4,"Median","31",2017,14162,12896,27059
705,"Slovenia",4,"Median","32",2017,14534,13338,27872.5
705,"Slovenia",4,"Median","33",2017,14827,13590,28416.5
705,"Slovenia",4,"Median","34",2017,15358,13893,29251.5
705,"Slovenia",4,"Median","35",2017,16006,14329,30334.5
705,"Slovenia",4,"Median","36",2017,16311,14814,31125.5
705,"Slovenia",4,"Median","37",2017,16600,15012,31611.5
705,"Slovenia",4,"Median","38",2017,16822,14886,31709
705,"Slovenia",4,"Median","39",2017,16587,14766,31353
705,"Slovenia",4,"Median","40",2017,16413,14978,31390.5
705,"Slovenia",4,"Median","41",2017,16208,15043,31250.5
705,"Slovenia",4,"Median","42",2017,15904,14564,30468
705,"Slovenia",4,"Median","43",2017,15772,14328,30100
705,"Slovenia",4,"Median","44",2017,15655,14394,30049
705,"Slovenia",4,"Median","45",2017,15392,14146,29538
705,"Slovenia",4,"Median","46",2017,14844,13872,28716.5
705,"Slovenia",4,"Median","47",2017,14682,13868,28551
705,"Slovenia",4,"Median","48",2017,15114,14142,29256
705,"Slovenia",4,"Median","49",2017,15356,14773,30128.5
705,"Slovenia",4,"Median","50",2017,15826,15366,31192
705,"Slovenia",4,"Median","51",2017,16094,15598,31691.5
705,"Slovenia",4,"Median","52",2017,15703,15444,31147.5
705,"Slovenia",4,"Median","53",2017,15455,15086,30541
705,"Slovenia",4,"Median","54",2017,15478,14968,30446.5
705,"Slovenia",4,"Median","55",2017,15402,15022,30424
705,"Slovenia",4,"Median","56",2017,15118,15018,30135
705,"Slovenia",4,"Median","57",2017,14912,14670,29581
705,"Slovenia",4,"Median","58",2017,14812,14395,29207.5
705,"Slovenia",4,"Median","59",2017,14652,14614,29266
705,"Slovenia",4,"Median","60",2017,14906,14946,29851.5
705,"Slovenia",4,"Median","61",2017,15054,14914,29968.5
705,"Slovenia",4,"Median","62",2017,14623,14714,29337.5
705,"Slovenia",4,"Median","63",2017,14409,14501,28910
705,"Slovenia",4,"Median","64",2017,14166,14252,28419
705,"Slovenia",4,"Median","65",2017,13340,13792,27131.5
705,"Slovenia",4,"Median","66",2017,12906,13512,26419
705,"Slovenia",4,"Median","67",2017,12300,12938,25238
705,"Slovenia",4,"Median","68",2017,11124,12099,23223.5
705,"Slovenia",4,"Median","69",2017,10394,11591,21984.5
705,"Slovenia",4,"Median","70",2017,9458,10914,20372
705,"Slovenia",4,"Median","71",2017,7568,8992,16559
705,"Slovenia",4,"Median","72",2017,6980,8338,15318.5
705,"Slovenia",4,"Median","73",2017,7798,9706,17503.5
705,"Slovenia",4,"Median","74",2017,7902,10206,18107.5
705,"Slovenia",4,"Median","75",2017,7465,9698,17162.5
705,"Slovenia",4,"Median","76",2017,6974,9196,16169
705,"Slovenia",4,"Median","77",2017,6498,8964,15462
705,"Slovenia",4,"Median","78",2017,5881,8528,14409.5
705,"Slovenia",4,"Median","79",2017,5354,8060,13413.5
705,"Slovenia",4,"Median","80",2017,4970,7780,12751
705,"Slovenia",4,"Median","81",2017,4508,7418,11926
705,"Slovenia",4,"Median","82",2017,3968,7014,10982
705,"Slovenia",4,"Median","83",2017,3462,6678,10140.5
705,"Slovenia",4,"Median","84",2017,3042,6292,9333
705,"Slovenia",4,"Median","85",2017,2662,5806,8468.5
705,"Slovenia",4,"Median","86",2017,2358,5334,7692
705,"Slovenia",4,"Median","87",2017,1957,4669,6626
705,"Slovenia",4,"Median","88",2017,1520,3976,5496.5
705,"Slovenia",4,"Median","89",2017,1202,3434,4636
705,"Slovenia",4,"Median","90",2017,894,2909,3802.5
705,"Slovenia",4,"Median","91",2017,650,2432,3083
705,"Slovenia",4,"Median","92",2017,475,1952,2427.5
705,"Slovenia",4,"Median","93",2017,354,1536,1891
705,"Slovenia",4,"Median","94",2017,256,1172,1428
705,"Slovenia",4,"Median","95",2017,174,853,1026.5
705,"Slovenia",4,"Median","96",2017,116,580,696
705,"Slovenia",4,"Median","97",2017,72,361,433
705,"Slovenia",4,"Median","98",2017,37,190,227
705,"Slovenia",4,"Median","99",2017,18,94,112
705,"Slovenia",4,"Median","100",2017,12,60,72
705,"Slovenia",4,"Median","101",2017,8,41,49
705,"Slovenia",4,"Median","102",2017,5,29,34
705,"Slovenia",4,"Median","103",2017,4,20,24
705,"Slovenia",4,"Median","104",2017,2,14,16
705,"Slovenia",4,"Median","105",2017,2,10,12
705,"Slovenia",4,"Median","106",2017,1,7,8
705,"Slovenia",4,"Median","107",2017,1,5,6
705,"Slovenia",4,"Median","108",2017,0,3,3
705,"Slovenia",4,"Median","109",2017,0,2,2
705,"Slovenia",4,"Median","110",2017,0,2,2
705,"Slovenia",4,"Median","0",2018,10309,9588,19897
705,"Slovenia",4,"Median","1",2018,10444,9884,20327.5
705,"Slovenia",4,"Median","2",2018,10505,10032,20537
705,"Slovenia",4,"Median","3",2018,10778,10158,20936
705,"Slovenia",4,"Median","4",2018,10894,10314,21208.5
705,"Slovenia",4,"Median","5",2018,11162,10501,21663
705,"Slovenia",4,"Median","6",2018,11429,10744,22172.5
705,"Slovenia",4,"Median","7",2018,11574,10922,22496
705,"Slovenia",4,"Median","8",2018,11636,10850,22485.5
705,"Slovenia",4,"Median","9",2018,11476,10850,22326
705,"Slovenia",4,"Median","10",2018,11046,10553,21599.5
705,"Slovenia",4,"Median","11",2018,10403,9812,20215
705,"Slovenia",4,"Median","12",2018,9946,9332,19277
705,"Slovenia",4,"Median","13",2018,9588,9156,18744.5
705,"Slovenia",4,"Median","14",2018,9396,8914,18311
705,"Slovenia",4,"Median","15",2018,9380,8788,18169
705,"Slovenia",4,"Median","16",2018,9546,8900,18446
705,"Slovenia",4,"Median","17",2018,9748,9078,18826.5
705,"Slovenia",4,"Median","18",2018,9716,9082,18797.5
705,"Slovenia",4,"Median","19",2018,9734,8984,18717.5
705,"Slovenia",4,"Median","20",2018,10086,9300,19386
705,"Slovenia",4,"Median","21",2018,10458,9556,20014.5
705,"Slovenia",4,"Median","22",2018,10682,9707,20388.5
705,"Slovenia",4,"Median","23",2018,10749,9926,20675
705,"Slovenia",4,"Median","24",2018,10934,10104,21037
705,"Slovenia",4,"Median","25",2018,11130,10152,21282
705,"Slovenia",4,"Median","26",2018,11542,10552,22094
705,"Slovenia",4,"Median","27",2018,12128,11091,23219.5
705,"Slovenia",4,"Median","28",2018,12572,11464,24036
705,"Slovenia",4,"Median","29",2018,13494,12160,25654.5
705,"Slovenia",4,"Median","30",2018,14159,12782,26941
705,"Slovenia",4,"Median","31",2018,14154,12799,26953
705,"Slovenia",4,"Median","32",2018,14324,12920,27244.5
705,"Slovenia",4,"Median","33",2018,14719,13336,28054.5
705,"Slovenia",4,"Median","34",2018,14992,13618,28610
705,"Slovenia",4,"Median","35",2018,15518,13904,29421.5
705,"Slovenia",4,"Median","36",2018,16141,14340,30481.5
705,"Slovenia",4,"Median","37",2018,16448,14826,31274
705,"Slovenia",4,"Median","38",2018,16754,15038,31792.5
705,"Slovenia",4,"Median","39",2018,16972,14880,31851.5
705,"Slovenia",4,"Median","40",2018,16680,14798,31478.5
705,"Slovenia",4,"Median","41",2018,16544,15007,31550.5
705,"Slovenia",4,"Median","42",2018,16329,15074,31402.5
705,"Slovenia",4,"Median","43",2018,16025,14575,30600
705,"Slovenia",4,"Median","44",2018,15875,14338,30213.5
705,"Slovenia",4,"Median","45",2018,15735,14406,30140.5
705,"Slovenia",4,"Median","46",2018,15454,14162,29615.5
705,"Slovenia",4,"Median","47",2018,14878,13860,28738
705,"Slovenia",4,"Median","48",2018,14730,13872,28602
705,"Slovenia",4,"Median","49",2018,15168,14142,29310
705,"Slovenia",4,"Median","50",2018,15354,14770,30123
705,"Slovenia",4,"Median","51",2018,15820,15344,31165
705,"Slovenia",4,"Median","52",2018,16064,15578,31642
705,"Slovenia",4,"Median","53",2018,15672,15411,31083.5
705,"Slovenia",4,"Median","54",2018,15410,15064,30474
705,"Slovenia",4,"Median","55",2018,15397,14934,30331
705,"Slovenia",4,"Median","56",2018,15312,14990,30302
705,"Slovenia",4,"Median","57",2018,15016,14978,29993.5
705,"Slovenia",4,"Median","58",2018,14806,14614,29420
705,"Slovenia",4,"Median","59",2018,14688,14336,29025
705,"Slovenia",4,"Median","60",2018,14492,14546,29037.5
705,"Slovenia",4,"Median","61",2018,14728,14860,29588.5
705,"Slovenia",4,"Median","62",2018,14864,14824,29688.5
705,"Slovenia",4,"Median","63",2018,14401,14630,29031.5
705,"Slovenia",4,"Median","64",2018,14184,14419,28603.5
705,"Slovenia",4,"Median","65",2018,13942,14159,28101.5
705,"Slovenia",4,"Median","66",2018,13124,13680,26804
705,"Slovenia",4,"Median","67",2018,12678,13398,26076.5
705,"Slovenia",4,"Median","68",2018,12059,12821,24880
705,"Slovenia",4,"Median","69",2018,10892,11979,22871.5
705,"Slovenia",4,"Median","70",2018,10164,11472,21636.5
705,"Slovenia",4,"Median","71",2018,9224,10786,20009.5
705,"Slovenia",4,"Median","72",2018,7366,8879,16245
705,"Slovenia",4,"Median","73",2018,6776,8223,14999.5
705,"Slovenia",4,"Median","74",2018,7548,9556,17105
705,"Slovenia",4,"Median","75",2018,7604,10006,17610.5
705,"Slovenia",4,"Median","76",2018,7132,9456,16588
705,"Slovenia",4,"Median","77",2018,6628,8936,15564
705,"Slovenia",4,"Median","78",2018,6140,8678,14819
705,"Slovenia",4,"Median","79",2018,5524,8222,13745
705,"Slovenia",4,"Median","80",2018,4993,7732,12725.5
705,"Slovenia",4,"Median","81",2018,4600,7424,12023.5
705,"Slovenia",4,"Median","82",2018,4138,7034,11172
705,"Slovenia",4,"Median","83",2018,3609,6606,10214.5
705,"Slovenia",4,"Median","84",2018,3116,6242,9358.5
705,"Slovenia",4,"Median","85",2018,2708,5830,8538
705,"Slovenia",4,"Median","86",2018,2342,5329,7671.5
705,"Slovenia",4,"Median","87",2018,2048,4844,6891
705,"Slovenia",4,"Median","88",2018,1675,4190,5865.5
705,"Slovenia",4,"Median","89",2018,1281,3522,4803.5
705,"Slovenia",4,"Median","90",2018,996,2999,3995.5
705,"Slovenia",4,"Median","91",2018,728,2500,3228
705,"Slovenia",4,"Median","92",2018,520,2054,2574.5
705,"Slovenia",4,"Median","93",2018,372,1618,1991
705,"Slovenia",4,"Median","94",2018,272,1248,1519
705,"Slovenia",4,"Median","95",2018,192,930,1123
705,"Slovenia",4,"Median","96",2018,127,662,788.5
705,"Slovenia",4,"Median","97",2018,82,439,521.5
705,"Slovenia",4,"Median","98",2018,50,266,316
705,"Slovenia",4,"Median","99",2018,25,136,161.5
705,"Slovenia",4,"Median","100",2018,11,54,65
705,"Slovenia",4,"Median","101",2018,7,39,46
705,"Slovenia",4,"Median","102",2018,5,28,33
705,"Slovenia",4,"Median","103",2018,3,20,23
705,"Slovenia",4,"Median","104",2018,2,14,16
705,"Slovenia",4,"Median","105",2018,2,10,12
705,"Slovenia",4,"Median","106",2018,1,7,8
705,"Slovenia",4,"Median","107",2018,1,5,6
705,"Slovenia",4,"Median","108",2018,0,4,4
705,"Slovenia",4,"Median","109",2018,0,3,3
705,"Slovenia",4,"Median","110",2018,0,2,2
705,"Slovenia",4,"Median","0",2019,10050,9384,19433.5
705,"Slovenia",4,"Median","1",2019,10360,9648,20008.5
705,"Slovenia",4,"Median","2",2019,10496,9938,20435
705,"Slovenia",4,"Median","3",2019,10560,10074,20635
705,"Slovenia",4,"Median","4",2019,10838,10194,21032
705,"Slovenia",4,"Median","5",2019,10956,10348,21303.5
705,"Slovenia",4,"Median","6",2019,11200,10544,21744.5
705,"Slovenia",4,"Median","7",2019,11490,10793,22283.5
705,"Slovenia",4,"Median","8",2019,11632,10948,22580
705,"Slovenia",4,"Median","9",2019,11676,10900,22576.5
705,"Slovenia",4,"Median","10",2019,11545,10913,22458
705,"Slovenia",4,"Median","11",2019,11081,10603,21684
705,"Slovenia",4,"Median","12",2019,10468,9856,20325
705,"Slovenia",4,"Median","13",2019,10002,9394,19395.5
705,"Slovenia",4,"Median","14",2019,9658,9202,18860.5
705,"Slovenia",4,"Median","15",2019,9450,8974,18423
705,"Slovenia",4,"Median","16",2019,9476,8860,18336
705,"Slovenia",4,"Median","17",2019,9614,8942,18556.5
705,"Slovenia",4,"Median","18",2019,9808,9116,18924.5
705,"Slovenia",4,"Median","19",2019,9890,9168,19058
705,"Slovenia",4,"Median","20",2019,10201,9168,19369
705,"Slovenia",4,"Median","21",2019,10618,9416,20034
705,"Slovenia",4,"Median","22",2019,11046,9677,20723.5
705,"Slovenia",4,"Median","23",2019,11286,9806,21092.5
705,"Slovenia",4,"Median","24",2019,11252,10035,21286.5
705,"Slovenia",4,"Median","25",2019,11447,10184,21631.5
705,"Slovenia",4,"Median","26",2019,11574,10227,21800.5
705,"Slovenia",4,"Median","27",2019,12014,10592,22606
705,"Slovenia",4,"Median","28",2019,12542,11162,23704
705,"Slovenia",4,"Median","29",2019,12976,11558,24533.5
705,"Slovenia",4,"Median","30",2019,13865,12224,26088.5
705,"Slovenia",4,"Median","31",2019,14558,12874,27431.5
705,"Slovenia",4,"Median","32",2019,14522,12872,27394
705,"Slovenia",4,"Median","33",2019,14660,12974,27634
705,"Slovenia",4,"Median","34",2019,15016,13418,28434.5
705,"Slovenia",4,"Median","35",2019,15307,13672,28979
705,"Slovenia",4,"Median","36",2019,15828,13988,29816.5
705,"Slovenia",4,"Median","37",2019,16416,14406,30822
705,"Slovenia",4,"Median","38",2019,16700,14899,31599.5
705,"Slovenia",4,"Median","39",2019,17062,15080,32142.5
705,"Slovenia",4,"Median","40",2019,17173,14940,32112.5
705,"Slovenia",4,"Median","41",2019,16930,14856,31786.5
705,"Slovenia",4,"Median","42",2019,16747,15056,31803.5
705,"Slovenia",4,"Median","43",2019,16558,15114,31672.5
705,"Slovenia",4,"Median","44",2019,16178,14604,30783
705,"Slovenia",4,"Median","45",2019,16026,14389,30415.5
705,"Slovenia",4,"Median","46",2019,15856,14434,30289.5
705,"Slovenia",4,"Median","47",2019,15562,14180,29742
705,"Slovenia",4,"Median","48",2019,15026,13872,28898.5
705,"Slovenia",4,"Median","49",2019,14816,13871,28686.5
705,"Slovenia",4,"Median","50",2019,15214,14156,29370.5
705,"Slovenia",4,"Median","51",2019,15398,14768,30166
705,"Slovenia",4,"Median","52",2019,15830,15331,31160.5
705,"Slovenia",4,"Median","53",2019,16088,15564,31651.5
705,"Slovenia",4,"Median","54",2019,15673,15396,31068.5
705,"Slovenia",4,"Median","55",2019,15371,15042,30412.5
705,"Slovenia",4,"Median","56",2019,15332,14921,30252.5
705,"Slovenia",4,"Median","57",2019,15242,14962,30204
705,"Slovenia",4,"Median","58",2019,14911,14925,29836
705,"Slovenia",4,"Median","59",2019,14705,14556,29261.5
705,"Slovenia",4,"Median","60",2019,14554,14276,28829.5
705,"Slovenia",4,"Median","61",2019,14338,14476,28814
705,"Slovenia",4,"Median","62",2019,14552,14767,29318.5
705,"Slovenia",4,"Median","63",2019,14642,14744,29386.5
705,"Slovenia",4,"Median","64",2019,14196,14548,28744
705,"Slovenia",4,"Median","65",2019,13943,14321,28264
705,"Slovenia",4,"Median","66",2019,13718,14034,27752.5
705,"Slovenia",4,"Median","67",2019,12890,13568,26457.5
705,"Slovenia",4,"Median","68",2019,12420,13290,25709.5
705,"Slovenia",4,"Median","69",2019,11802,12694,24496
705,"Slovenia",4,"Median","70",2019,10654,11853,22507.5
705,"Slovenia",4,"Median","71",2019,9920,11335,21255
705,"Slovenia",4,"Median","72",2019,8984,10648,19632.5
705,"Slovenia",4,"Median","73",2019,7151,8761,15912
705,"Slovenia",4,"Median","74",2019,6558,8096,14653
705,"Slovenia",4,"Median","75",2019,7269,9366,16635
705,"Slovenia",4,"Median","76",2019,7276,9760,17035.5
705,"Slovenia",4,"Median","77",2019,6790,9192,15983
705,"Slovenia",4,"Median","78",2019,6276,8654,14930.5
705,"Slovenia",4,"Median","79",2019,5780,8370,14150
705,"Slovenia",4,"Median","80",2019,5165,7892,13056.5
705,"Slovenia",4,"Median","81",2019,4635,7382,12017.5
705,"Slovenia",4,"Median","82",2019,4236,7045,11281.5
705,"Slovenia",4,"Median","83",2019,3778,6632,10409
705,"Slovenia",4,"Median","84",2019,3264,6180,9443.5
705,"Slovenia",4,"Median","85",2019,2789,5791,8580
705,"Slovenia",4,"Median","86",2019,2396,5358,7754
705,"Slovenia",4,"Median","87",2019,2047,4847,6894
705,"Slovenia",4,"Median","88",2019,1764,4355,6119.5
705,"Slovenia",4,"Median","89",2019,1424,3720,5144
705,"Slovenia",4,"Median","90",2019,1072,3084,4155.5
705,"Slovenia",4,"Median","91",2019,820,2585,3405
705,"Slovenia",4,"Median","92",2019,588,2118,2707
705,"Slovenia",4,"Median","93",2019,412,1709,2121.5
705,"Slovenia",4,"Median","94",2019,289,1320,1608.5
705,"Slovenia",4,"Median","95",2019,206,996,1202
705,"Slovenia",4,"Median","96",2019,143,725,868
705,"Slovenia",4,"Median","97",2019,92,503,595
705,"Slovenia",4,"Median","98",2019,58,325,383.5
705,"Slovenia",4,"Median","99",2019,34,192,226
705,"Slovenia",4,"Median","100",2019,12,58,70
705,"Slovenia",4,"Median","101",2019,8,43,51
705,"Slovenia",4,"Median","102",2019,6,32,38
705,"Slovenia",4,"Median","103",2019,4,24,28
705,"Slovenia",4,"Median","104",2019,3,17,20
705,"Slovenia",4,"Median","105",2019,2,13,15
705,"Slovenia",4,"Median","106",2019,1,10,11
705,"Slovenia",4,"Median","107",2019,1,7,8
705,"Slovenia",4,"Median","108",2019,1,5,6
705,"Slovenia",4,"Median","109",2019,0,4,4
705,"Slovenia",4,"Median","110",2019,0,3,3
705,"Slovenia",4,"Median","0",2020,9868,9295,19162.5
705,"Slovenia",4,"Median","1",2020,10170,9563,19733.5
705,"Slovenia",4,"Median","2",2020,10483,9786,20269
705,"Slovenia",4,"Median","3",2020,10628,10082,20710
705,"Slovenia",4,"Median","4",2020,10674,10208,20882.5
705,"Slovenia",4,"Median","5",2020,10940,10316,21255
705,"Slovenia",4,"Median","6",2020,11024,10470,21494.5
705,"Slovenia",4,"Median","7",2020,11286,10687,21973.5
705,"Slovenia",4,"Median","8",2020,11566,10933,22498.5
705,"Slovenia",4,"Median","9",2020,11696,11094,22790
705,"Slovenia",4,"Median","10",2020,11766,11056,22822
705,"Slovenia",4,"Median","11",2020,11604,11064,22667.5
705,"Slovenia",4,"Median","12",2020,11148,10752,21899
705,"Slovenia",4,"Median","13",2020,10533,9988,20520.5
705,"Slovenia",4,"Median","14",2020,10066,9525,19591.5
705,"Slovenia",4,"Median","15",2020,9734,9338,19072
705,"Slovenia",4,"Median","16",2020,9550,9136,18685.5
705,"Slovenia",4,"Median","17",2020,9548,8972,18519.5
705,"Slovenia",4,"Median","18",2020,9666,9061,18726.5
705,"Slovenia",4,"Median","19",2020,10016,9315,19331
705,"Slovenia",4,"Median","20",2020,10510,9576,20086.5
705,"Slovenia",4,"Median","21",2020,10766,9477,20243.5
705,"Slovenia",4,"Median","22",2020,11198,9733,20930.5
705,"Slovenia",4,"Median","23",2020,11722,9994,21717
705,"Slovenia",4,"Median","24",2020,11915,10124,22039.5
705,"Slovenia",4,"Median","25",2020,11884,10330,22213.5
705,"Slovenia",4,"Median","26",2020,12030,10439,22469.5
705,"Slovenia",4,"Median","27",2020,12146,10471,22617
705,"Slovenia",4,"Median","28",2020,12600,10874,23474
705,"Slovenia",4,"Median","29",2020,13108,11434,24541.5
705,"Slovenia",4,"Median","30",2020,13448,11805,25253
705,"Slovenia",4,"Median","31",2020,14358,12480,26837
705,"Slovenia",4,"Median","32",2020,14987,13142,28129
705,"Slovenia",4,"Median","33",2020,14910,13124,28033.5
705,"Slovenia",4,"Median","34",2020,15008,13206,28214
705,"Slovenia",4,"Median","35",2020,15329,13632,28961.5
705,"Slovenia",4,"Median","36",2020,15586,13871,29456.5
705,"Slovenia",4,"Median","37",2020,16078,14160,30238.5
705,"Slovenia",4,"Median","38",2020,16655,14573,31228
705,"Slovenia",4,"Median","39",2020,17004,15050,32054.5
705,"Slovenia",4,"Median","40",2020,17276,15261,32537.5
705,"Slovenia",4,"Median","41",2020,17432,15088,32520.5
705,"Slovenia",4,"Median","42",2020,17124,14995,32119
705,"Slovenia",4,"Median","43",2020,16972,15204,32176
705,"Slovenia",4,"Median","44",2020,16752,15267,32019
705,"Slovenia",4,"Median","45",2020,16325,14724,31049.5
705,"Slovenia",4,"Median","46",2020,16146,14496,30642.5
705,"Slovenia",4,"Median","47",2020,15947,14521,30468
705,"Slovenia",4,"Median","48",2020,15680,14254,29934.5
705,"Slovenia",4,"Median","49",2020,15066,13910,28975
705,"Slovenia",4,"Median","50",2020,14849,13910,28758.5
705,"Slovenia",4,"Median","51",2020,15213,14147,29360
705,"Slovenia",4,"Median","52",2020,15382,14758,30140
705,"Slovenia",4,"Median","53",2020,15802,15309,31111
705,"Slovenia",4,"Median","54",2020,16046,15534,31581
705,"Slovenia",4,"Median","55",2020,15612,15348,30959
705,"Slovenia",4,"Median","56",2020,15306,15005,30311
705,"Slovenia",4,"Median","57",2020,15259,14862,30121
705,"Slovenia",4,"Median","58",2020,15114,14900,30014
705,"Slovenia",4,"Median","59",2020,14781,14814,29594.5
705,"Slovenia",4,"Median","60",2020,14506,14438,28944.5
705,"Slovenia",4,"Median","61",2020,14304,14125,28428.5
705,"Slovenia",4,"Median","62",2020,14076,14301,28376.5
705,"Slovenia",4,"Median","63",2020,14272,14602,28874
705,"Slovenia",4,"Median","64",2020,14402,14624,29026.5
705,"Slovenia",4,"Median","65",2020,13942,14470,28411
705,"Slovenia",4,"Median","66",2020,13712,14211,27923.5
705,"Slovenia",4,"Median","67",2020,13465,13922,27386.5
705,"Slovenia",4,"Median","68",2020,12622,13452,26074
705,"Slovenia",4,"Median","69",2020,12142,13160,25301.5
705,"Slovenia",4,"Median","70",2020,11528,12558,24086
705,"Slovenia",4,"Median","71",2020,10392,11710,22102
705,"Slovenia",4,"Median","72",2020,9658,11181,20839
705,"Slovenia",4,"Median","73",2020,8720,10493,19213
705,"Slovenia",4,"Median","74",2020,6920,8614,15533.5
705,"Slovenia",4,"Median","75",2020,6311,7924,14235.5
705,"Slovenia",4,"Median","76",2020,6946,9128,16074
705,"Slovenia",4,"Median","77",2020,6915,9478,16392.5
705,"Slovenia",4,"Median","78",2020,6416,8890,15306.5
705,"Slovenia",4,"Median","79",2020,5894,8332,14226
705,"Slovenia",4,"Median","80",2020,5390,8016,13406
705,"Slovenia",4,"Median","81",2020,4779,7514,12292.5
705,"Slovenia",4,"Median","82",2020,4254,6982,11236
705,"Slovenia",4,"Median","83",2020,3852,6614,10466.5
705,"Slovenia",4,"Median","84",2020,3399,6173,9572
705,"Slovenia",4,"Median","85",2020,2904,5700,8604
705,"Slovenia",4,"Median","86",2020,2452,5286,7737
705,"Slovenia",4,"Median","87",2020,2079,4834,6912.5
705,"Slovenia",4,"Median","88",2020,1751,4315,6066
705,"Slovenia",4,"Median","89",2020,1487,3822,5309.5
705,"Slovenia",4,"Median","90",2020,1178,3212,4390
705,"Slovenia",4,"Median","91",2020,872,2618,3489.5
705,"Slovenia",4,"Median","92",2020,654,2152,2806
705,"Slovenia",4,"Median","93",2020,460,1728,2187
705,"Slovenia",4,"Median","94",2020,316,1362,1678
705,"Slovenia",4,"Median","95",2020,216,1026,1243
705,"Slovenia",4,"Median","96",2020,150,754,905
705,"Slovenia",4,"Median","97",2020,102,534,636
705,"Slovenia",4,"Median","98",2020,64,360,424
705,"Slovenia",4,"Median","99",2020,40,225,264.5
705,"Slovenia",4,"Median","100",2020,14,68,82
705,"Slovenia",4,"Median","101",2020,10,51,61
705,"Slovenia",4,"Median","102",2020,7,38,45
705,"Slovenia",4,"Median","103",2020,5,29,34
705,"Slovenia",4,"Median","104",2020,3,22,25
705,"Slovenia",4,"Median","105",2020,2,16,18
705,"Slovenia",4,"Median","106",2020,2,12,14
705,"Slovenia",4,"Median","107",2020,1,9,10
705,"Slovenia",4,"Median","108",2020,1,7,8
705,"Slovenia",4,"Median","109",2020,0,5,5
705,"Slovenia",4,"Median","110",2020,0,4,4
705,"Slovenia",4,"Median","0",2021,9891,9328,19218.5
705,"Slovenia",4,"Median","1",2021,9969,9442,19410.5
705,"Slovenia",4,"Median","2",2021,10274,9686,19960.5
705,"Slovenia",4,"Median","3",2021,10582,9911,20493.5
705,"Slovenia",4,"Median","4",2021,10708,10206,20914.5
705,"Slovenia",4,"Median","5",2021,10748,10317,21065
705,"Slovenia",4,"Median","6",2021,10993,10422,21415
705,"Slovenia",4,"Median","7",2021,11076,10587,21662.5
705,"Slovenia",4,"Median","8",2021,11331,10818,22148.5
705,"Slovenia",4,"Median","9",2021,11609,11050,22659.5
705,"Slovenia",4,"Median","10",2021,11750,11220,22970
705,"Slovenia",4,"Median","11",2021,11812,11180,22993
705,"Slovenia",4,"Median","12",2021,11640,11185,22825.5
705,"Slovenia",4,"Median","13",2021,11186,10859,22045.5
705,"Slovenia",4,"Median","14",2021,10574,10098,20672.5
705,"Slovenia",4,"Median","15",2021,10124,9637,19761.5
705,"Slovenia",4,"Median","16",2021,9798,9472,19269
705,"Slovenia",4,"Median","17",2021,9604,9244,18848.5
705,"Slovenia",4,"Median","18",2021,9596,9090,18685.5
705,"Slovenia",4,"Median","19",2021,9799,9225,19024
705,"Slovenia",4,"Median","20",2021,10372,9631,20003.5
705,"Slovenia",4,"Median","21",2021,10814,9839,20653
705,"Slovenia",4,"Median","22",2021,11060,9754,20814.5
705,"Slovenia",4,"Median","23",2021,11566,10024,21590
705,"Slovenia",4,"Median","24",2021,12082,10276,22358.5
705,"Slovenia",4,"Median","25",2021,12274,10400,22674
705,"Slovenia",4,"Median","26",2021,12243,10562,22804.5
705,"Slovenia",4,"Median","27",2021,12387,10688,23075.5
705,"Slovenia",4,"Median","28",2021,12509,10725,23234
705,"Slovenia",4,"Median","29",2021,12966,11118,24084
705,"Slovenia",4,"Median","30",2021,13399,11678,25077.5
705,"Slovenia",4,"Median","31",2021,13732,12033,25765.5
705,"Slovenia",4,"Median","32",2021,14596,12722,27318
705,"Slovenia",4,"Median","33",2021,15208,13376,28584
705,"Slovenia",4,"Median","34",2021,15114,13333,28447
705,"Slovenia",4,"Median","35",2021,15160,13396,28556
705,"Slovenia",4,"Median","36",2021,15449,13788,29237.5
705,"Slovenia",4,"Median","37",2021,15694,14013,29707.5
705,"Slovenia",4,"Median","38",2021,16196,14294,30490.5
705,"Slovenia",4,"Median","39",2021,16792,14700,31492.5
705,"Slovenia",4,"Median","40",2021,17118,15200,32318
705,"Slovenia",4,"Median","41",2021,17408,15388,32796
705,"Slovenia",4,"Median","42",2021,17522,15210,32732
705,"Slovenia",4,"Median","43",2021,17222,15116,32338.5
705,"Slovenia",4,"Median","44",2021,17083,15336,32419.5
705,"Slovenia",4,"Median","45",2021,16818,15362,32180
705,"Slovenia",4,"Median","46",2021,16377,14809,31186
705,"Slovenia",4,"Median","47",2021,16170,14572,30741
705,"Slovenia",4,"Median","48",2021,15972,14585,30556.5
705,"Slovenia",4,"Median","49",2021,15680,14297,29976.5
705,"Slovenia",4,"Median","50",2021,15040,13932,28971.5
705,"Slovenia",4,"Median","51",2021,14805,13894,28699
705,"Slovenia",4,"Median","52",2021,15170,14138,29307
705,"Slovenia",4,"Median","53",2021,15310,14722,30032
705,"Slovenia",4,"Median","54",2021,15716,15275,30991
705,"Slovenia",4,"Median","55",2021,15956,15477,31433
705,"Slovenia",4,"Median","56",2021,15538,15296,30834.5
705,"Slovenia",4,"Median","57",2021,15214,14940,30154.5
705,"Slovenia",4,"Median","58",2021,15138,14800,29938
705,"Slovenia",4,"Median","59",2021,14968,14802,29769.5
705,"Slovenia",4,"Median","60",2021,14584,14698,29281.5
705,"Slovenia",4,"Median","61",2021,14260,14288,28549
705,"Slovenia",4,"Median","62",2021,14040,13962,28002.5
705,"Slovenia",4,"Median","63",2021,13818,14136,27954
705,"Slovenia",4,"Median","64",2021,14039,14478,28516.5
705,"Slovenia",4,"Median","65",2021,14166,14538,28703.5
705,"Slovenia",4,"Median","66",2021,13702,14357,28059.5
705,"Slovenia",4,"Median","67",2021,13454,14089,27543.5
705,"Slovenia",4,"Median","68",2021,13189,13791,26980
705,"Slovenia",4,"Median","69",2021,12340,13314,25654.5
705,"Slovenia",4,"Median","70",2021,11848,13012,24860.5
705,"Slovenia",4,"Median","71",2021,11224,12404,23628.5
705,"Slovenia",4,"Median","72",2021,10094,11551,21645
705,"Slovenia",4,"Median","73",2021,9356,11012,20367
705,"Slovenia",4,"Median","74",2021,8420,10314,18734
705,"Slovenia",4,"Median","75",2021,6642,8432,15073
705,"Slovenia",4,"Median","76",2021,6016,7718,13734
705,"Slovenia",4,"Median","77",2021,6586,8857,15442.5
705,"Slovenia",4,"Median","78",2021,6518,9158,15676.5
705,"Slovenia",4,"Median","79",2021,6010,8551,14560.5
705,"Slovenia",4,"Median","80",2021,5480,7972,13451
705,"Slovenia",4,"Median","81",2021,4972,7624,12595.5
705,"Slovenia",4,"Median","82",2021,4370,7097,11467.5
705,"Slovenia",4,"Median","83",2021,3852,6546,10398
705,"Slovenia",4,"Median","84",2021,3452,6148,9599.5
705,"Slovenia",4,"Median","85",2021,3012,5684,8696
705,"Slovenia",4,"Median","86",2021,2542,5192,7733.5
705,"Slovenia",4,"Median","87",2021,2118,4757,6874.5
705,"Slovenia",4,"Median","88",2021,1770,4293,6062.5
705,"Slovenia",4,"Median","89",2021,1466,3777,5243.5
705,"Slovenia",4,"Median","90",2021,1224,3292,4516.5
705,"Slovenia",4,"Median","91",2021,954,2718,3672.5
705,"Slovenia",4,"Median","92",2021,692,2172,2863.5
705,"Slovenia",4,"Median","93",2021,508,1748,2257
705,"Slovenia",4,"Median","94",2021,350,1372,1722
705,"Slovenia",4,"Median","95",2021,234,1056,1290
705,"Slovenia",4,"Median","96",2021,156,775,931.5
705,"Slovenia",4,"Median","97",2021,106,554,660
705,"Slovenia",4,"Median","98",2021,70,381,451
705,"Slovenia",4,"Median","99",2021,43,248,291.5
705,"Slovenia",4,"Median","100",2021,17,81,98
705,"Slovenia",4,"Median","101",2021,12,61,73
705,"Slovenia",4,"Median","102",2021,8,46,54
705,"Slovenia",4,"Median","103",2021,6,35,41
705,"Slovenia",4,"Median","104",2021,4,26,30
705,"Slovenia",4,"Median","105",2021,3,20,23
705,"Slovenia",4,"Median","106",2021,2,15,17
705,"Slovenia",4,"Median","107",2021,1,11,12
705,"Slovenia",4,"Median","108",2021,1,8,9
705,"Slovenia",4,"Median","109",2021,1,6,7
705,"Slovenia",4,"Median","110",2021,0,5,5
705,"Slovenia",4,"Median","0",2022,9694,9116,18809
705,"Slovenia",4,"Median","1",2022,9916,9352,19267.5
705,"Slovenia",4,"Median","2",2022,9996,9468,19464
705,"Slovenia",4,"Median","3",2022,10300,9712,20013
705,"Slovenia",4,"Median","4",2022,10610,9938,20547
705,"Slovenia",4,"Median","5",2022,10734,10232,20966.5
705,"Slovenia",4,"Median","6",2022,10774,10342,21116
705,"Slovenia",4,"Median","7",2022,11019,10448,21466.5
705,"Slovenia",4,"Median","8",2022,11102,10612,21714
705,"Slovenia",4,"Median","9",2022,11358,10843,22201
705,"Slovenia",4,"Median","10",2022,11635,11076,22711
705,"Slovenia",4,"Median","11",2022,11777,11245,23022
705,"Slovenia",4,"Median","12",2022,11839,11205,23044
705,"Slovenia",4,"Median","13",2022,11668,11212,22879.5
705,"Slovenia",4,"Median","14",2022,11214,10884,22098
705,"Slovenia",4,"Median","15",2022,10604,10126,20729
705,"Slovenia",4,"Median","16",2022,10154,9668,19821
705,"Slovenia",4,"Median","17",2022,9828,9506,19334
705,"Slovenia",4,"Median","18",2022,9636,9280,18916.5
705,"Slovenia",4,"Median","19",2022,9630,9130,18759.5
705,"Slovenia",4,"Median","20",2022,9836,9267,19103.5
705,"Slovenia",4,"Median","21",2022,10414,9676,20090
705,"Slovenia",4,"Median","22",2022,10856,9884,20740.5
705,"Slovenia",4,"Median","23",2022,11105,9799,20904
705,"Slovenia",4,"Median","24",2022,11612,10070,21682
705,"Slovenia",4,"Median","25",2022,12128,10321,22449
705,"Slovenia",4,"Median","26",2022,12317,10445,22762
705,"Slovenia",4,"Median","27",2022,12286,10606,22891.5
705,"Slovenia",4,"Median","28",2022,12427,10731,23158
705,"Slovenia",4,"Median","29",2022,12548,10767,23314.5
705,"Slovenia",4,"Median","30",2022,13003,11160,24163.5
705,"Slovenia",4,"Median","31",2022,13435,11719,25154
705,"Slovenia",4,"Median","32",2022,13769,12072,25841.5
705,"Slovenia",4,"Median","33",2022,14632,12762,27394.5
705,"Slovenia",4,"Median","34",2022,15244,13414,28658
705,"Slovenia",4,"Median","35",2022,15148,13369,28516.5
705,"Slovenia",4,"Median","36",2022,15194,13432,28625.5
705,"Slovenia",4,"Median","37",2022,15480,13824,29303.5
705,"Slovenia",4,"Median","38",2022,15724,14047,29770.5
705,"Slovenia",4,"Median","39",2022,16224,14328,30551.5
705,"Slovenia",4,"Median","40",2022,16818,14732,31549
705,"Slovenia",4,"Median","41",2022,17140,15231,32371
705,"Slovenia",4,"Median","42",2022,17428,15416,32844
705,"Slovenia",4,"Median","43",2022,17537,15236,32773
705,"Slovenia",4,"Median","44",2022,17233,15141,32374
705,"Slovenia",4,"Median","45",2022,17091,15360,32451.5
705,"Slovenia",4,"Median","46",2022,16822,15383,32205.5
705,"Slovenia",4,"Median","47",2022,16378,14828,31206
705,"Slovenia",4,"Median","48",2022,16167,14590,30757
705,"Slovenia",4,"Median","49",2022,15964,14602,30565.5
705,"Slovenia",4,"Median","50",2022,15667,14310,29976.5
705,"Slovenia",4,"Median","51",2022,15021,13940,28961.5
705,"Slovenia",4,"Median","52",2022,14782,13900,28683
705,"Slovenia",4,"Median","53",2022,15139,14140,29278.5
705,"Slovenia",4,"Median","54",2022,15272,14721,29992.5
705,"Slovenia",4,"Median","55",2022,15668,15270,30938.5
705,"Slovenia",4,"Median","56",2022,15897,15468,31365.5
705,"Slovenia",4,"Median","57",2022,15471,15284,30754.5
705,"Slovenia",4,"Median","58",2022,15136,14924,30059
705,"Slovenia",4,"Median","59",2022,15046,14779,29825.5
705,"Slovenia",4,"Median","60",2022,14862,14772,29635
705,"Slovenia",4,"Median","61",2022,14464,14661,29124.5
705,"Slovenia",4,"Median","62",2022,14126,14243,28369.5
705,"Slovenia",4,"Median","63",2022,13891,13910,27800.5
705,"Slovenia",4,"Median","64",2022,13654,14073,27727.5
705,"Slovenia",4,"Median","65",2022,13856,14402,28257.5
705,"Slovenia",4,"Median","66",2022,13960,14452,28411.5
705,"Slovenia",4,"Median","67",2022,13484,14262,27745
705,"Slovenia",4,"Median","68",2022,13218,13985,27203.5
705,"Slovenia",4,"Median","69",2022,12932,13679,26611
705,"Slovenia",4,"Median","70",2022,12073,13194,25267.5
705,"Slovenia",4,"Median","71",2022,11564,12883,24447.5
705,"Slovenia",4,"Median","72",2022,10926,12265,23190.5
705,"Slovenia",4,"Median","73",2022,9798,11405,21203
705,"Slovenia",4,"Median","74",2022,9055,10853,19908
705,"Slovenia",4,"Median","75",2022,8108,10122,18231
705,"Slovenia",4,"Median","76",2022,6358,8232,14590
705,"Slovenia",4,"Median","77",2022,5731,7512,13243.5
705,"Slovenia",4,"Median","78",2022,6240,8588,14827.5
705,"Slovenia",4,"Median","79",2022,6140,8840,14980
705,"Slovenia",4,"Median","80",2022,5623,8213,13836
705,"Slovenia",4,"Median","81",2022,5091,7614,12705.5
705,"Slovenia",4,"Median","82",2022,4583,7236,11819
705,"Slovenia",4,"Median","83",2022,3994,6690,10684
705,"Slovenia",4,"Median","84",2022,3488,6122,9610
705,"Slovenia",4,"Median","85",2022,3094,5700,8794
705,"Slovenia",4,"Median","86",2022,2670,5218,7888.5
705,"Slovenia",4,"Median","87",2022,2226,4716,6941.5
705,"Slovenia",4,"Median","88",2022,1830,4270,6099.5
705,"Slovenia",4,"Median","89",2022,1508,3802,5309.5
705,"Slovenia",4,"Median","90",2022,1231,3296,4527.5
705,"Slovenia",4,"Median","91",2022,1011,2827,3838
705,"Slovenia",4,"Median","92",2022,774,2294,3068
705,"Slovenia",4,"Median","93",2022,552,1798,2349
705,"Slovenia",4,"Median","94",2022,397,1418,1814.5
705,"Slovenia",4,"Median","95",2022,268,1087,1354.5
705,"Slovenia",4,"Median","96",2022,176,817,992.5
705,"Slovenia",4,"Median","97",2022,115,584,699
705,"Slovenia",4,"Median","98",2022,76,406,482
705,"Slovenia",4,"Median","99",2022,49,272,320.5
705,"Slovenia",4,"Median","100",2022,20,95,115
705,"Slovenia",4,"Median","101",2022,14,72,86
705,"Slovenia",4,"Median","102",2022,9,54,63
705,"Slovenia",4,"Median","103",2022,7,41,48
705,"Slovenia",4,"Median","104",2022,5,31,36
705,"Slovenia",4,"Median","105",2022,3,24,27
705,"Slovenia",4,"Median","106",2022,2,18,20
705,"Slovenia",4,"Median","107",2022,2,14,16
705,"Slovenia",4,"Median","108",2022,1,10,11
705,"Slovenia",4,"Median","109",2022,1,8,9
705,"Slovenia",4,"Median","110",2022,1,6,7
705,"Slovenia",4,"Median","0",2023,9307,8758,18064.5
705,"Slovenia",4,"Median","1",2023,9722,9144,18866
705,"Slovenia",4,"Median","2",2023,9948,9382,19330.5
705,"Slovenia",4,"Median","3",2023,10030,9500,19530
705,"Slovenia",4,"Median","4",2023,10336,9746,20081.5
705,"Slovenia",4,"Median","5",2023,10644,9972,20616.5
705,"Slovenia",4,"Median","6",2023,10770,10266,21036
705,"Slovenia",4,"Median","7",2023,10809,10378,21186.5
705,"Slovenia",4,"Median","8",2023,11056,10484,21539
705,"Slovenia",4,"Median","9",2023,11140,10648,21788
705,"Slovenia",4,"Median","10",2023,11396,10880,22277
705,"Slovenia",4,"Median","11",2023,11674,11114,22787
705,"Slovenia",4,"Median","12",2023,11816,11282,23098.5
705,"Slovenia",4,"Median","13",2023,11878,11242,23120.5
705,"Slovenia",4,"Median","14",2023,11705,11246,22951.5
705,"Slovenia",4,"Median","15",2023,11248,10918,22165.5
705,"Slovenia",4,"Median","16",2023,10636,10156,20792.5
705,"Slovenia",4,"Median","17",2023,10185,9698,19883.5
705,"Slovenia",4,"Median","18",2023,9858,9536,19393.5
705,"Slovenia",4,"Median","19",2023,9665,9311,18976
705,"Slovenia",4,"Median","20",2023,9660,9160,18820
705,"Slovenia",4,"Median","21",2023,9868,9299,19167.5
705,"Slovenia",4,"Median","22",2023,10447,9708,20155.5
705,"Slovenia",4,"Median","23",2023,10889,9916,20804.5
705,"Slovenia",4,"Median","24",2023,11138,9832,20970
705,"Slovenia",4,"Median","25",2023,11646,10102,21748.5
705,"Slovenia",4,"Median","26",2023,12162,10354,22516
705,"Slovenia",4,"Median","27",2023,12350,10480,22830
705,"Slovenia",4,"Median","28",2023,12317,10641,22958
705,"Slovenia",4,"Median","29",2023,12460,10766,23225.5
705,"Slovenia",4,"Median","30",2023,12582,10802,23385
705,"Slovenia",4,"Median","31",2023,13039,11197,24236
705,"Slovenia",4,"Median","32",2023,13472,11756,25229
705,"Slovenia",4,"Median","33",2023,13810,12112,25921
705,"Slovenia",4,"Median","34",2023,14673,12802,27475.5
705,"Slovenia",4,"Median","35",2023,15282,13454,28735.5
705,"Slovenia",4,"Median","36",2023,15186,13410,28596
705,"Slovenia",4,"Median","37",2023,15231,13472,28702.5
705,"Slovenia",4,"Median","38",2023,15515,13864,29379
705,"Slovenia",4,"Median","39",2023,15760,14089,29849.5
705,"Slovenia",4,"Median","40",2023,16262,14370,30633
705,"Slovenia",4,"Median","41",2023,16854,14776,31630
705,"Slovenia",4,"Median","42",2023,17175,15275,32450
705,"Slovenia",4,"Median","43",2023,17462,15460,32921
705,"Slovenia",4,"Median","44",2023,17569,15276,32845
705,"Slovenia",4,"Median","45",2023,17261,15180,32440.5
705,"Slovenia",4,"Median","46",2023,17115,15396,32511.5
705,"Slovenia",4,"Median","47",2023,16840,15416,32256
705,"Slovenia",4,"Median","48",2023,16394,14861,31254.5
705,"Slovenia",4,"Median","49",2023,16182,14621,30802.5
705,"Slovenia",4,"Median","50",2023,15970,14630,30599.5
705,"Slovenia",4,"Median","51",2023,15666,14334,29999.5
705,"Slovenia",4,"Median","52",2023,15020,13962,28981.5
705,"Slovenia",4,"Median","53",2023,14778,13920,28698
705,"Slovenia",4,"Median","54",2023,15128,14159,29287
705,"Slovenia",4,"Median","55",2023,15254,14739,29993
705,"Slovenia",4,"Median","56",2023,15640,15285,30924.5
705,"Slovenia",4,"Median","57",2023,15849,15476,31325.5
705,"Slovenia",4,"Median","58",2023,15413,15283,30696
705,"Slovenia",4,"Median","59",2023,15066,14918,29983
705,"Slovenia",4,"Median","60",2023,14964,14764,29727.5
705,"Slovenia",4,"Median","61",2023,14773,14746,29519
705,"Slovenia",4,"Median","62",2023,14360,14630,28989.5
705,"Slovenia",4,"Median","63",2023,14002,14210,28211.5
705,"Slovenia",4,"Median","64",2023,13754,13872,27625
705,"Slovenia",4,"Median","65",2023,13510,14028,27538
705,"Slovenia",4,"Median","66",2023,13689,14340,28029.5
705,"Slovenia",4,"Median","67",2023,13768,14385,28153
705,"Slovenia",4,"Median","68",2023,13269,14190,27459.5
705,"Slovenia",4,"Median","69",2023,12986,13900,26886.5
705,"Slovenia",4,"Median","70",2023,12690,13584,26274.5
705,"Slovenia",4,"Median","71",2023,11828,13088,24916.5
705,"Slovenia",4,"Median","72",2023,11305,12759,24064
705,"Slovenia",4,"Median","73",2023,10648,12136,22784
705,"Slovenia",4,"Median","74",2023,9524,11264,20788
705,"Slovenia",4,"Median","75",2023,8760,10671,19431.5
705,"Slovenia",4,"Median","76",2023,7794,9906,17699.5
705,"Slovenia",4,"Median","77",2023,6088,8035,14122.5
705,"Slovenia",4,"Median","78",2023,5461,7310,12770.5
705,"Slovenia",4,"Median","79",2023,5910,8317,14227.5
705,"Slovenia",4,"Median","80",2023,5778,8520,14298
705,"Slovenia",4,"Median","81",2023,5257,7872,13129.5
705,"Slovenia",4,"Median","82",2023,4724,7256,11979
705,"Slovenia",4,"Median","83",2023,4218,6849,11066.5
705,"Slovenia",4,"Median","84",2023,3643,6284,9927.5
705,"Slovenia",4,"Median","85",2023,3150,5704,8853.5
705,"Slovenia",4,"Median","86",2023,2764,5260,8024.5
705,"Slovenia",4,"Median","87",2023,2358,4766,7123.5
705,"Slovenia",4,"Median","88",2023,1941,4256,6197.5
705,"Slovenia",4,"Median","89",2023,1574,3804,5378.5
705,"Slovenia",4,"Median","90",2023,1278,3340,4617
705,"Slovenia",4,"Median","91",2023,1027,2851,3878
705,"Slovenia",4,"Median","92",2023,829,2402,3231.5
705,"Slovenia",4,"Median","93",2023,624,1914,2537
705,"Slovenia",4,"Median","94",2023,435,1469,1904
705,"Slovenia",4,"Median","95",2023,308,1133,1440.5
705,"Slovenia",4,"Median","96",2023,203,849,1052
705,"Slovenia",4,"Median","97",2023,130,622,752
705,"Slovenia",4,"Median","98",2023,83,432,515.5
705,"Slovenia",4,"Median","99",2023,54,292,346
705,"Slovenia",4,"Median","100",2023,23,108,131
705,"Slovenia",4,"Median","101",2023,16,83,99
705,"Slovenia",4,"Median","102",2023,11,63,74
705,"Slovenia",4,"Median","103",2023,8,48,56
705,"Slovenia",4,"Median","104",2023,5,37,42
705,"Slovenia",4,"Median","105",2023,4,28,32
705,"Slovenia",4,"Median","106",2023,3,21,24
705,"Slovenia",4,"Median","107",2023,2,16,18
705,"Slovenia",4,"Median","108",2023,1,12,13
705,"Slovenia",4,"Median","109",2023,1,10,11
705,"Slovenia",4,"Median","110",2023,1,7,8
705,"Slovenia",4,"Median","0",2024,9166,8606,17772
705,"Slovenia",4,"Median","1",2024,9344,8776,18120.5
705,"Slovenia",4,"Median","2",2024,9760,9162,18922
705,"Slovenia",4,"Median","3",2024,9984,9402,19385.5
705,"Slovenia",4,"Median","4",2024,10064,9519,19583
705,"Slovenia",4,"Median","5",2024,10368,9765,20133
705,"Slovenia",4,"Median","6",2024,10675,9990,20665
705,"Slovenia",4,"Median","7",2024,10798,10284,21083
705,"Slovenia",4,"Median","8",2024,10838,10395,21233
705,"Slovenia",4,"Median","9",2024,11083,10500,21583
705,"Slovenia",4,"Median","10",2024,11166,10666,21832.5
705,"Slovenia",4,"Median","11",2024,11422,10898,22319.5
705,"Slovenia",4,"Median","12",2024,11700,11131,22830.5
705,"Slovenia",4,"Median","13",2024,11841,11300,23140.5
705,"Slovenia",4,"Median","14",2024,11902,11260,23161.5
705,"Slovenia",4,"Median","15",2024,11730,11266,22996
705,"Slovenia",4,"Median","16",2024,11286,10946,22231.5
705,"Slovenia",4,"Median","17",2024,10700,10206,20906.5
705,"Slovenia",4,"Median","18",2024,10282,9778,20061
705,"Slovenia",4,"Median","19",2024,9990,9644,19634
705,"Slovenia",4,"Median","20",2024,9822,9439,19261
705,"Slovenia",4,"Median","21",2024,9824,9292,19116
705,"Slovenia",4,"Median","22",2024,10020,9418,19438
705,"Slovenia",4,"Median","23",2024,10568,9797,20365.5
705,"Slovenia",4,"Median","24",2024,10976,9973,20949
705,"Slovenia",4,"Median","25",2024,11196,9860,21056
705,"Slovenia",4,"Median","26",2024,11680,10110,21790.5
705,"Slovenia",4,"Median","27",2024,12179,10348,22527
705,"Slovenia",4,"Median","28",2024,12356,10466,22821.5
705,"Slovenia",4,"Median","29",2024,12316,10624,22940
705,"Slovenia",4,"Median","30",2024,12456,10746,23203
705,"Slovenia",4,"Median","31",2024,12580,10784,23363.5
705,"Slovenia",4,"Median","32",2024,13036,11180,24216
705,"Slovenia",4,"Median","33",2024,13471,11742,25213
705,"Slovenia",4,"Median","34",2024,13809,12100,25909.5
705,"Slovenia",4,"Median","35",2024,14672,12794,27466
705,"Slovenia",4,"Median","36",2024,15282,13446,28728.5
705,"Slovenia",4,"Median","37",2024,15186,13402,28589
705,"Slovenia",4,"Median","38",2024,15228,13467,28695.5
705,"Slovenia",4,"Median","39",2024,15513,13862,29375.5
705,"Slovenia",4,"Median","40",2024,15762,14089,29850.5
705,"Slovenia",4,"Median","41",2024,16263,14372,30635
705,"Slovenia",4,"Median","42",2024,16852,14779,31631.5
705,"Slovenia",4,"Median","43",2024,17174,15279,32452.5
705,"Slovenia",4,"Median","44",2024,17459,15461,32920
705,"Slovenia",4,"Median","45",2024,17562,15276,32838
705,"Slovenia",4,"Median","46",2024,17253,15180,32432.5
705,"Slovenia",4,"Median","47",2024,17102,15394,32496
705,"Slovenia",4,"Median","48",2024,16826,15414,32239.5
705,"Slovenia",4,"Median","49",2024,16378,14858,31236.5
705,"Slovenia",4,"Median","50",2024,16156,14617,30773
705,"Slovenia",4,"Median","51",2024,15937,14622,30558.5
705,"Slovenia",4,"Median","52",2024,15630,14320,29950.5
705,"Slovenia",4,"Median","53",2024,14983,13948,28931
705,"Slovenia",4,"Median","54",2024,14738,13907,28645
705,"Slovenia",4,"Median","55",2024,15077,14146,29223
705,"Slovenia",4,"Median","56",2024,15194,14723,29917
705,"Slovenia",4,"Median","57",2024,15561,15262,30823.5
705,"Slovenia",4,"Median","58",2024,15758,15444,31202
705,"Slovenia",4,"Median","59",2024,15310,15246,30556
705,"Slovenia",4,"Median","60",2024,14955,14872,29827.5
705,"Slovenia",4,"Median","61",2024,14848,14708,29556.5
705,"Slovenia",4,"Median","62",2024,14642,14686,29328.5
705,"Slovenia",4,"Median","63",2024,14210,14567,28777.5
705,"Slovenia",4,"Median","64",2024,13844,14144,27987.5
705,"Slovenia",4,"Median","65",2024,13591,13802,27392.5
705,"Slovenia",4,"Median","66",2024,13336,13942,27277.5
705,"Slovenia",4,"Median","67",2024,13490,14250,27739.5
705,"Slovenia",4,"Median","68",2024,13536,14290,27827
705,"Slovenia",4,"Median","69",2024,13028,14084,27112
705,"Slovenia",4,"Median","70",2024,12742,13785,26527
705,"Slovenia",4,"Median","71",2024,12432,13456,25887.5
705,"Slovenia",4,"Median","72",2024,11568,12950,24517
705,"Slovenia",4,"Median","73",2024,11022,12614,23636
705,"Slovenia",4,"Median","74",2024,10349,11973,22322
705,"Slovenia",4,"Median","75",2024,9218,11068,20286
705,"Slovenia",4,"Median","76",2024,8425,10442,18866.5
705,"Slovenia",4,"Median","77",2024,7456,9656,17111.5
705,"Slovenia",4,"Median","78",2024,5797,7808,13605.5
705,"Slovenia",4,"Median","79",2024,5173,7077,12250
705,"Slovenia",4,"Median","80",2024,5563,8014,13577.5
705,"Slovenia",4,"Median","81",2024,5402,8165,13566.5
705,"Slovenia",4,"Median","82",2024,4878,7503,12380.5
705,"Slovenia",4,"Median","83",2024,4347,6870,11217.5
705,"Slovenia",4,"Median","84",2024,3846,6438,10284
705,"Slovenia",4,"Median","85",2024,3290,5860,9149
705,"Slovenia",4,"Median","86",2024,2814,5270,8084
705,"Slovenia",4,"Median","87",2024,2441,4810,7251
705,"Slovenia",4,"Median","88",2024,2056,4309,6364.5
705,"Slovenia",4,"Median","89",2024,1669,3800,5469
705,"Slovenia",4,"Median","90",2024,1334,3350,4683
705,"Slovenia",4,"Median","91",2024,1065,2896,3960.5
705,"Slovenia",4,"Median","92",2024,842,2430,3272
705,"Slovenia",4,"Median","93",2024,666,2010,2677
705,"Slovenia",4,"Median","94",2024,492,1570,2061
705,"Slovenia",4,"Median","95",2024,336,1179,1515
705,"Slovenia",4,"Median","96",2024,232,888,1120.5
705,"Slovenia",4,"Median","97",2024,150,650,799
705,"Slovenia",4,"Median","98",2024,94,462,556
705,"Slovenia",4,"Median","99",2024,58,313,371
705,"Slovenia",4,"Median","100",2024,25,120,145
705,"Slovenia",4,"Median","101",2024,18,92,110
705,"Slovenia",4,"Median","102",2024,13,71,84
705,"Slovenia",4,"Median","103",2024,9,55,64
705,"Slovenia",4,"Median","104",2024,6,42,48
705,"Slovenia",4,"Median","105",2024,4,32,36
705,"Slovenia",4,"Median","106",2024,3,25,28
705,"Slovenia",4,"Median","107",2024,2,19,21
705,"Slovenia",4,"Median","108",2024,2,15,17
705,"Slovenia",4,"Median","109",2024,1,11,12
705,"Slovenia",4,"Median","110",2024,1,9,10
705,"Slovenia",4,"Median","0",2025,9003,8437,17440
705,"Slovenia",4,"Median","1",2025,9215,8620,17834.5
705,"Slovenia",4,"Median","2",2025,9392,8789,18180.5
705,"Slovenia",4,"Median","3",2025,9802,9174,18977
705,"Slovenia",4,"Median","4",2025,10023,9413,19436
705,"Slovenia",4,"Median","5",2025,10100,9530,19629.5
705,"Slovenia",4,"Median","6",2025,10401,9774,20175
705,"Slovenia",4,"Median","7",2025,10706,9999,20705
705,"Slovenia",4,"Median","8",2025,10827,10292,21118.5
705,"Slovenia",4,"Median","9",2025,10864,10402,21265.5
705,"Slovenia",4,"Median","10",2025,11107,10507,21614
705,"Slovenia",4,"Median","11",2025,11188,10672,21860.5
705,"Slovenia",4,"Median","12",2025,11442,10904,22345.5
705,"Slovenia",4,"Median","13",2025,11718,11136,22855
705,"Slovenia",4,"Median","14",2025,11859,11304,23163.5
705,"Slovenia",4,"Median","15",2025,11926,11270,23196.5
705,"Slovenia",4,"Median","16",2025,11780,11298,23077.5
705,"Slovenia",4,"Median","17",2025,11388,11022,22409.5
705,"Slovenia",4,"Median","18",2025,10872,10341,21212.5
705,"Slovenia",4,"Median","19",2025,10524,9971,20494.5
705,"Slovenia",4,"Median","20",2025,10280,9876,20155
705,"Slovenia",4,"Median","21",2025,10124,9678,19802
705,"Slovenia",4,"Median","22",2025,10098,9500,19598.5
705,"Slovenia",4,"Median","23",2025,10236,9567,19803
705,"Slovenia",4,"Median","24",2025,10716,9882,20598
705,"Slovenia",4,"Median","25",2025,11062,10001,21063
705,"Slovenia",4,"Median","26",2025,11234,9846,21080
705,"Slovenia",4,"Median","27",2025,11686,10067,21753
705,"Slovenia",4,"Median","28",2025,12164,10289,22453
705,"Slovenia",4,"Median","29",2025,12328,10400,22727.5
705,"Slovenia",4,"Median","30",2025,12283,10555,22838
705,"Slovenia",4,"Median","31",2025,12421,10680,23100.5
705,"Slovenia",4,"Median","32",2025,12544,10720,23264
705,"Slovenia",4,"Median","33",2025,13002,11122,24123.5
705,"Slovenia",4,"Median","34",2025,13438,11687,25125.5
705,"Slovenia",4,"Median","35",2025,13778,12050,25828.5
705,"Slovenia",4,"Median","36",2025,14644,12748,27391
705,"Slovenia",4,"Median","37",2025,15254,13404,28658
705,"Slovenia",4,"Median","38",2025,15158,13363,28521
705,"Slovenia",4,"Median","39",2025,15200,13432,28632
705,"Slovenia",4,"Median","40",2025,15488,13830,29317.5
705,"Slovenia",4,"Median","41",2025,15738,14060,29797
705,"Slovenia",4,"Median","42",2025,16238,14344,30582
705,"Slovenia",4,"Median","43",2025,16826,14752,31578.5
705,"Slovenia",4,"Median","44",2025,17146,15252,32398
705,"Slovenia",4,"Median","45",2025,17430,15434,32863
705,"Slovenia",4,"Median","46",2025,17532,15250,32781
705,"Slovenia",4,"Median","47",2025,17221,15153,32374
705,"Slovenia",4,"Median","48",2025,17067,15369,32436
705,"Slovenia",4,"Median","49",2025,16786,15388,32173.5
705,"Slovenia",4,"Median","50",2025,16332,14830,31162.5
705,"Slovenia",4,"Median","51",2025,16102,14586,30689
705,"Slovenia",4,"Median","52",2025,15878,14588,30465.5
705,"Slovenia",4,"Median","53",2025,15569,14287,29856
705,"Slovenia",4,"Median","54",2025,14920,13915,28835.5
705,"Slovenia",4,"Median","55",2025,14668,13872,28539
705,"Slovenia",4,"Median","56",2025,14996,14107,29103
705,"Slovenia",4,"Median","57",2025,15102,14678,29780.5
705,"Slovenia",4,"Median","58",2025,15456,15210,30665.5
705,"Slovenia",4,"Median","59",2025,15640,15386,31025.5
705,"Slovenia",4,"Median","60",2025,15184,15182,30366
705,"Slovenia",4,"Median","61",2025,14817,14804,29620.5
705,"Slovenia",4,"Median","62",2025,14696,14632,29328.5
705,"Slovenia",4,"Median","63",2025,14478,14604,29082
705,"Slovenia",4,"Median","64",2025,14039,14482,28521
705,"Slovenia",4,"Median","65",2025,13666,14056,27721.5
705,"Slovenia",4,"Median","66",2025,13404,13706,27110
705,"Slovenia",4,"Median","67",2025,13134,13840,26973.5
705,"Slovenia",4,"Median","68",2025,13266,14138,27404
705,"Slovenia",4,"Median","69",2025,13296,14170,27465.5
705,"Slovenia",4,"Median","70",2025,12780,13954,26733.5
705,"Slovenia",4,"Median","71",2025,12479,13644,26123.5
705,"Slovenia",4,"Median","72",2025,12152,13306,25459
705,"Slovenia",4,"Median","73",2025,11280,12792,24072
705,"Slovenia",4,"Median","74",2025,10713,12434,23147.5
705,"Slovenia",4,"Median","75",2025,10015,11761,21776
705,"Slovenia",4,"Median","76",2025,8864,10824,19689
705,"Slovenia",4,"Median","77",2025,8056,10174,18229
705,"Slovenia",4,"Median","78",2025,7094,9376,16469.5
705,"Slovenia",4,"Median","79",2025,5488,7554,13041.5
705,"Slovenia",4,"Median","80",2025,4866,6814,11679.5
705,"Slovenia",4,"Median","81",2025,5196,7677,12873.5
705,"Slovenia",4,"Median","82",2025,5008,7778,12786
705,"Slovenia",4,"Median","83",2025,4486,7101,11587
705,"Slovenia",4,"Median","84",2025,3962,6455,10417
705,"Slovenia",4,"Median","85",2025,3471,6000,9470.5
705,"Slovenia",4,"Median","86",2025,2936,5410,8347
705,"Slovenia",4,"Median","87",2025,2483,4816,7299.5
705,"Slovenia",4,"Median","88",2025,2126,4346,6472
705,"Slovenia",4,"Median","89",2025,1766,3845,5610.5
705,"Slovenia",4,"Median","90",2025,1412,3344,4756
705,"Slovenia",4,"Median","91",2025,1110,2902,4012
705,"Slovenia",4,"Median","92",2025,871,2466,3337.5
705,"Slovenia",4,"Median","93",2025,676,2032,2708
705,"Slovenia",4,"Median","94",2025,524,1648,2172
705,"Slovenia",4,"Median","95",2025,378,1258,1637
705,"Slovenia",4,"Median","96",2025,253,924,1176.5
705,"Slovenia",4,"Median","97",2025,170,678,849
705,"Slovenia",4,"Median","98",2025,107,482,589.5
705,"Slovenia",4,"Median","99",2025,66,334,399.5
705,"Slovenia",4,"Median","100",2025,27,130,157
705,"Slovenia",4,"Median","101",2025,19,100,119
705,"Slovenia",4,"Median","102",2025,14,78,92
705,"Slovenia",4,"Median","103",2025,10,60,70
705,"Slovenia",4,"Median","104",2025,7,46,53
705,"Slovenia",4,"Median","105",2025,5,36,41
705,"Slovenia",4,"Median","106",2025,4,28,32
705,"Slovenia",4,"Median","107",2025,3,22,25
705,"Slovenia",4,"Median","108",2025,2,17,19
705,"Slovenia",4,"Median","109",2025,1,13,14
705,"Slovenia",4,"Median","110",2025,1,10,11
705,"Slovenia",4,"Median","0",2026,8826,8274,17099.5
705,"Slovenia",4,"Median","1",2026,9048,8446,17494.5
705,"Slovenia",4,"Median","2",2026,9258,8629,17887
705,"Slovenia",4,"Median","3",2026,9431,8798,18228.5
705,"Slovenia",4,"Median","4",2026,9839,9182,19021.5
705,"Slovenia",4,"Median","5",2026,10056,9421,19477.5
705,"Slovenia",4,"Median","6",2026,10130,9536,19667
705,"Slovenia",4,"Median","7",2026,10430,9780,20210
705,"Slovenia",4,"Median","8",2026,10732,10004,20735.5
705,"Slovenia",4,"Median","9",2026,10851,10296,21147.5
705,"Slovenia",4,"Median","10",2026,10886,10407,21292.5
705,"Slovenia",4,"Median","11",2026,11127,10512,21638.5
705,"Slovenia",4,"Median","12",2026,11206,10676,21883
705,"Slovenia",4,"Median","13",2026,11460,10908,22367
705,"Slovenia",4,"Median","14",2026,11735,11140,22875
705,"Slovenia",4,"Median","15",2026,11882,11314,23195.5
705,"Slovenia",4,"Median","16",2026,11974,11301,23275
705,"Slovenia",4,"Median","17",2026,11880,11372,23251
705,"Slovenia",4,"Median","18",2026,11556,11154,22710
705,"Slovenia",4,"Median","19",2026,11109,10530,21639.5
705,"Slovenia",4,"Median","20",2026,10810,10198,21007.5
705,"Slovenia",4,"Median","21",2026,10577,10110,20686.5
705,"Slovenia",4,"Median","22",2026,10393,9880,20273.5
705,"Slovenia",4,"Median","23",2026,10308,9644,19952
705,"Slovenia",4,"Median","24",2026,10377,9646,20023.5
705,"Slovenia",4,"Median","25",2026,10795,9904,20699
705,"Slovenia",4,"Median","26",2026,11094,9980,21074
705,"Slovenia",4,"Median","27",2026,11233,9797,21030
705,"Slovenia",4,"Median","28",2026,11665,10002,21667
705,"Slovenia",4,"Median","29",2026,12130,10218,22348
705,"Slovenia",4,"Median","30",2026,12290,10326,22615.5
705,"Slovenia",4,"Median","31",2026,12242,10484,22725.5
705,"Slovenia",4,"Median","32",2026,12381,10612,22993
705,"Slovenia",4,"Median","33",2026,12506,10658,23163.5
705,"Slovenia",4,"Median","34",2026,12966,11063,24029
705,"Slovenia",4,"Median","35",2026,13404,11634,25038
705,"Slovenia",4,"Median","36",2026,13748,12001,25748.5
705,"Slovenia",4,"Median","37",2026,14614,12702,27315.5
705,"Slovenia",4,"Median","38",2026,15224,13362,28585.5
705,"Slovenia",4,"Median","39",2026,15128,13326,28453.5
705,"Slovenia",4,"Median","40",2026,15173,13398,28571
705,"Slovenia",4,"Median","41",2026,15462,13798,29261
705,"Slovenia",4,"Median","42",2026,15712,14030,29741.5
705,"Slovenia",4,"Median","43",2026,16212,14316,30527
705,"Slovenia",4,"Median","44",2026,16798,14724,31522.5
705,"Slovenia",4,"Median","45",2026,17116,15224,32340
705,"Slovenia",4,"Median","46",2026,17398,15406,32803.5
705,"Slovenia",4,"Median","47",2026,17498,15222,32721
705,"Slovenia",4,"Median","48",2026,17186,15126,32312
705,"Slovenia",4,"Median","49",2026,17027,15342,32368.5
705,"Slovenia",4,"Median","50",2026,16740,15358,32097.5
705,"Slovenia",4,"Median","51",2026,16278,14798,31077
705,"Slovenia",4,"Median","52",2026,16043,14552,30595
705,"Slovenia",4,"Median","53",2026,15816,14553,30369.5
705,"Slovenia",4,"Median","54",2026,15504,14252,29757
705,"Slovenia",4,"Median","55",2026,14850,13879,28729.5
705,"Slovenia",4,"Median","56",2026,14590,13833,28422.5
705,"Slovenia",4,"Median","57",2026,14907,14064,28970.5
705,"Slovenia",4,"Median","58",2026,15002,14627,29629
705,"Slovenia",4,"Median","59",2026,15342,15152,30494.5
705,"Slovenia",4,"Median","60",2026,15512,15322,30834
705,"Slovenia",4,"Median","61",2026,15046,15112,30158
705,"Slovenia",4,"Median","62",2026,14668,14726,29394.5
705,"Slovenia",4,"Median","63",2026,14534,14550,29085
705,"Slovenia",4,"Median","64",2026,14307,14518,28825.5
705,"Slovenia",4,"Median","65",2026,13862,14392,28254.5
705,"Slovenia",4,"Median","66",2026,13481,13960,27441
705,"Slovenia",4,"Median","67",2026,13204,13606,26811
705,"Slovenia",4,"Median","68",2026,12921,13732,26652.5
705,"Slovenia",4,"Median","69",2026,13035,14020,27055
705,"Slovenia",4,"Median","70",2026,13047,14042,27088.5
705,"Slovenia",4,"Median","71",2026,12522,13814,26335.5
705,"Slovenia",4,"Median","72",2026,12204,13495,25699.5
705,"Slovenia",4,"Median","73",2026,11857,13146,25003
705,"Slovenia",4,"Median","74",2026,10972,12612,23583
705,"Slovenia",4,"Median","75",2026,10373,12216,22589.5
705,"Slovenia",4,"Median","76",2026,9638,11506,21145
705,"Slovenia",4,"Median","77",2026,8484,10550,19034
705,"Slovenia",4,"Median","78",2026,7672,9882,17554
705,"Slovenia",4,"Median","79",2026,6722,9074,15795.5
705,"Slovenia",4,"Median","80",2026,5168,7277,12444.5
705,"Slovenia",4,"Median","81",2026,4550,6531,11081
705,"Slovenia",4,"Median","82",2026,4824,7316,12141
705,"Slovenia",4,"Median","83",2026,4613,7365,11978
705,"Slovenia",4,"Median","84",2026,4095,6676,10771.5
705,"Slovenia",4,"Median","85",2026,3581,6020,9601
705,"Slovenia",4,"Median","86",2026,3104,5544,8648.5
705,"Slovenia",4,"Median","87",2026,2596,4950,7545.5
705,"Slovenia",4,"Median","88",2026,2166,4356,6523
705,"Slovenia",4,"Median","89",2026,1830,3883,5712.5
705,"Slovenia",4,"Median","90",2026,1497,3388,4884.5
705,"Slovenia",4,"Median","91",2026,1178,2901,4079
705,"Slovenia",4,"Median","92",2026,910,2476,3385.5
705,"Slovenia",4,"Median","93",2026,701,2066,2766.5
705,"Slovenia",4,"Median","94",2026,533,1668,2201.5
705,"Slovenia",4,"Median","95",2026,405,1324,1728.5
705,"Slovenia",4,"Median","96",2026,286,988,1273.5
705,"Slovenia",4,"Median","97",2026,186,706,892.5
705,"Slovenia",4,"Median","98",2026,122,506,628
705,"Slovenia",4,"Median","99",2026,76,349,424.5
705,"Slovenia",4,"Median","100",2026,30,139,169
705,"Slovenia",4,"Median","101",2026,21,108,129
705,"Slovenia",4,"Median","102",2026,15,84,99
705,"Slovenia",4,"Median","103",2026,11,66,77
705,"Slovenia",4,"Median","104",2026,8,51,59
705,"Slovenia",4,"Median","105",2026,6,40,46
705,"Slovenia",4,"Median","106",2026,4,31,35
705,"Slovenia",4,"Median","107",2026,3,24,27
705,"Slovenia",4,"Median","108",2026,2,19,21
705,"Slovenia",4,"Median","109",2026,2,15,17
705,"Slovenia",4,"Median","110",2026,1,11,12
705,"Slovenia",4,"Median","0",2027,8674,8134,16808.5
705,"Slovenia",4,"Median","1",2027,8870,8282,17152.5
705,"Slovenia",4,"Median","2",2027,9090,8455,17545.5
705,"Slovenia",4,"Median","3",2027,9297,8637,17934
705,"Slovenia",4,"Median","4",2027,9467,8806,18272.5
705,"Slovenia",4,"Median","5",2027,9872,9190,19061.5
705,"Slovenia",4,"Median","6",2027,10086,9428,19514
705,"Slovenia",4,"Median","7",2027,10158,9542,19700.5
705,"Slovenia",4,"Median","8",2027,10455,9786,20240.5
705,"Slovenia",4,"Median","9",2027,10756,10009,20764.5
705,"Slovenia",4,"Median","10",2027,10872,10302,21173.5
705,"Slovenia",4,"Median","11",2027,10906,10411,21316.5
705,"Slovenia",4,"Median","12",2027,11145,10516,21660.5
705,"Slovenia",4,"Median","13",2027,11224,10680,21904
705,"Slovenia",4,"Median","14",2027,11476,10910,22386.5
705,"Slovenia",4,"Median","15",2027,11758,11150,22907
705,"Slovenia",4,"Median","16",2027,11930,11344,23273.5
705,"Slovenia",4,"Median","17",2027,12073,11375,23448
705,"Slovenia",4,"Median","18",2027,12048,11503,23550.5
705,"Slovenia",4,"Median","19",2027,11793,11342,23134.5
705,"Slovenia",4,"Median","20",2027,11394,10756,22150
705,"Slovenia",4,"Median","21",2027,11105,10431,21536
705,"Slovenia",4,"Median","22",2027,10844,10312,21155.5
705,"Slovenia",4,"Median","23",2027,10601,10024,20625
705,"Slovenia",4,"Median","24",2027,10447,9722,20169.5
705,"Slovenia",4,"Median","25",2027,10455,9667,20122
705,"Slovenia",4,"Median","26",2027,10826,9882,20708
705,"Slovenia",4,"Median","27",2027,11092,9930,21022
705,"Slovenia",4,"Median","28",2027,11211,9731,20942
705,"Slovenia",4,"Median","29",2027,11631,9930,21560.5
705,"Slovenia",4,"Median","30",2027,12091,10143,22234
705,"Slovenia",4,"Median","31",2027,12248,10254,22501
705,"Slovenia",4,"Median","32",2027,12202,10415,22617
705,"Slovenia",4,"Median","33",2027,12342,10548,22890.5
705,"Slovenia",4,"Median","34",2027,12470,10598,23068.5
705,"Slovenia",4,"Median","35",2027,12932,11009,23941
705,"Slovenia",4,"Median","36",2027,13374,11584,24957.5
705,"Slovenia",4,"Median","37",2027,13718,11956,25673
705,"Slovenia",4,"Median","38",2027,14584,12660,27244.5
705,"Slovenia",4,"Median","39",2027,15194,13324,28517.5
705,"Slovenia",4,"Median","40",2027,15101,13292,28392.5
705,"Slovenia",4,"Median","41",2027,15148,13366,28514.5
705,"Slovenia",4,"Median","42",2027,15437,13769,29206
705,"Slovenia",4,"Median","43",2027,15686,14002,29687.5
705,"Slovenia",4,"Median","44",2027,16185,14288,30473
705,"Slovenia",4,"Median","45",2027,16770,14696,31466.5
705,"Slovenia",4,"Median","46",2027,17086,15196,32281.5
705,"Slovenia",4,"Median","47",2027,17366,15378,32744.5
705,"Slovenia",4,"Median","48",2027,17463,15196,32658.5
705,"Slovenia",4,"Median","49",2027,17146,15100,32246
705,"Slovenia",4,"Median","50",2027,16980,15312,32293
705,"Slovenia",4,"Median","51",2027,16685,15326,32010.5
705,"Slovenia",4,"Median","52",2027,16220,14764,30983.5
705,"Slovenia",4,"Median","53",2027,15982,14518,30500
705,"Slovenia",4,"Median","54",2027,15752,14518,30271
705,"Slovenia",4,"Median","55",2027,15433,14216,29649.5
705,"Slovenia",4,"Median","56",2027,14773,13841,28614
705,"Slovenia",4,"Median","57",2027,14504,13790,28295
705,"Slovenia",4,"Median","58",2027,14810,14015,28825
705,"Slovenia",4,"Median","59",2027,14894,14572,29466
705,"Slovenia",4,"Median","60",2027,15220,15090,30309.5
705,"Slovenia",4,"Median","61",2027,15373,15253,30626
705,"Slovenia",4,"Median","62",2027,14897,15035,29932
705,"Slovenia",4,"Median","63",2027,14510,14646,29155
705,"Slovenia",4,"Median","64",2027,14366,14467,28832.5
705,"Slovenia",4,"Median","65",2027,14130,14430,28560.5
705,"Slovenia",4,"Median","66",2027,13678,14296,27974
705,"Slovenia",4,"Median","67",2027,13285,13860,27144.5
705,"Slovenia",4,"Median","68",2027,12996,13502,26497.5
705,"Slovenia",4,"Median","69",2027,12702,13619,26320.5
705,"Slovenia",4,"Median","70",2027,12797,13895,26692
705,"Slovenia",4,"Median","71",2027,12790,13902,26692
705,"Slovenia",4,"Median","72",2027,12253,13664,25917.5
705,"Slovenia",4,"Median","73",2027,11915,13335,25250
705,"Slovenia",4,"Median","74",2027,11540,12964,24503.5
705,"Slovenia",4,"Median","75",2027,10632,12394,23025.5
705,"Slovenia",4,"Median","76",2027,9991,11956,21947.5
705,"Slovenia",4,"Median","77",2027,9232,11220,20451.5
705,"Slovenia",4,"Median","78",2027,8086,10252,18338.5
705,"Slovenia",4,"Median","79",2027,7277,9568,16845
705,"Slovenia",4,"Median","80",2027,6336,8746,15082
705,"Slovenia",4,"Median","81",2027,4839,6980,11818.5
705,"Slovenia",4,"Median","82",2027,4230,6228,10457.5
705,"Slovenia",4,"Median","83",2027,4450,6934,11383.5
705,"Slovenia",4,"Median","84",2027,4217,6930,11147
705,"Slovenia",4,"Median","85",2027,3707,6232,9938.5
705,"Slovenia",4,"Median","86",2027,3208,5568,8777
705,"Slovenia",4,"Median","87",2027,2748,5078,7826
705,"Slovenia",4,"Median","88",2027,2270,4482,6752
705,"Slovenia",4,"Median","89",2027,1868,3897,5765.5
705,"Slovenia",4,"Median","90",2027,1555,3425,4980
705,"Slovenia",4,"Median","91",2027,1252,2943,4195
705,"Slovenia",4,"Median","92",2027,968,2478,3446.5
705,"Slovenia",4,"Median","93",2027,734,2076,2811
705,"Slovenia",4,"Median","94",2027,554,1698,2253
705,"Slovenia",4,"Median","95",2027,412,1342,1755
705,"Slovenia",4,"Median","96",2027,306,1040,1346.5
705,"Slovenia",4,"Median","97",2027,212,756,968
705,"Slovenia",4,"Median","98",2027,134,527,661.5
705,"Slovenia",4,"Median","99",2027,86,366,453
705,"Slovenia",4,"Median","100",2027,33,147,180
705,"Slovenia",4,"Median","101",2027,24,115,139
705,"Slovenia",4,"Median","102",2027,18,90,108
705,"Slovenia",4,"Median","103",2027,13,70,83
705,"Slovenia",4,"Median","104",2027,9,55,64
705,"Slovenia",4,"Median","105",2027,7,43,50
705,"Slovenia",4,"Median","106",2027,5,34,39
705,"Slovenia",4,"Median","107",2027,4,26,30
705,"Slovenia",4,"Median","108",2027,3,21,24
705,"Slovenia",4,"Median","109",2027,2,16,18
705,"Slovenia",4,"Median","110",2027,1,13,14
705,"Slovenia",4,"Median","0",2028,8551,8021,16572
705,"Slovenia",4,"Median","1",2028,8716,8140,16856
705,"Slovenia",4,"Median","2",2028,8910,8288,17198.5
705,"Slovenia",4,"Median","3",2028,9127,8460,17587.5
705,"Slovenia",4,"Median","4",2028,9330,8642,17973
705,"Slovenia",4,"Median","5",2028,9497,8810,18307.5
705,"Slovenia",4,"Median","6",2028,9900,9194,19094.5
705,"Slovenia",4,"Median","7",2028,10112,9432,19544
705,"Slovenia",4,"Median","8",2028,10182,9546,19728
705,"Slovenia",4,"Median","9",2028,10477,9789,20266
705,"Slovenia",4,"Median","10",2028,10775,10012,20787.5
705,"Slovenia",4,"Median","11",2028,10891,10304,21195.5
705,"Slovenia",4,"Median","12",2028,10922,10414,21336.5
705,"Slovenia",4,"Median","13",2028,11161,10518,21679
705,"Slovenia",4,"Median","14",2028,11240,10682,21922
705,"Slovenia",4,"Median","15",2028,11498,10920,22417
705,"Slovenia",4,"Median","16",2028,11804,11178,22982.5
705,"Slovenia",4,"Median","17",2028,12027,11416,23443.5
705,"Slovenia",4,"Median","18",2028,12238,11504,23742.5
705,"Slovenia",4,"Median","19",2028,12281,11688,23969
705,"Slovenia",4,"Median","20",2028,12074,11565,23638.5
705,"Slovenia",4,"Median","21",2028,11685,10986,22671
705,"Slovenia",4,"Median","22",2028,11368,10630,21997.5
705,"Slovenia",4,"Median","23",2028,11048,10450,21498
705,"Slovenia",4,"Median","24",2028,10736,10097,20832.5
705,"Slovenia",4,"Median","25",2028,10520,9738,20259
705,"Slovenia",4,"Median","26",2028,10481,9640,20121.5
705,"Slovenia",4,"Median","27",2028,10820,9828,20647
705,"Slovenia",4,"Median","28",2028,11066,9860,20925.5
705,"Slovenia",4,"Median","29",2028,11173,9654,20827
705,"Slovenia",4,"Median","30",2028,11588,9852,21439
705,"Slovenia",4,"Median","31",2028,12046,10068,22113.5
705,"Slovenia",4,"Median","32",2028,12204,10182,22386
705,"Slovenia",4,"Median","33",2028,12160,10348,22509
705,"Slovenia",4,"Median","34",2028,12304,10486,22790.5
705,"Slovenia",4,"Median","35",2028,12434,10542,22976
705,"Slovenia",4,"Median","36",2028,12899,10958,23856.5
705,"Slovenia",4,"Median","37",2028,13342,11536,24879
705,"Slovenia",4,"Median","38",2028,13687,11912,25599.5
705,"Slovenia",4,"Median","39",2028,14553,12621,27174
705,"Slovenia",4,"Median","40",2028,15166,13288,28453.5
705,"Slovenia",4,"Median","41",2028,15076,13258,28334
705,"Slovenia",4,"Median","42",2028,15122,13336,28458.5
705,"Slovenia",4,"Median","43",2028,15411,13740,29151
705,"Slovenia",4,"Median","44",2028,15659,13974,29632.5
705,"Slovenia",4,"Median","45",2028,16156,14260,30416.5
705,"Slovenia",4,"Median","46",2028,16740,14668,31407.5
705,"Slovenia",4,"Median","47",2028,17054,15168,32222.5
705,"Slovenia",4,"Median","48",2028,17331,15351,32682
705,"Slovenia",4,"Median","49",2028,17424,15168,32591.5
705,"Slovenia",4,"Median","50",2028,17100,15070,32170
705,"Slovenia",4,"Median","51",2028,16926,15280,32205
705,"Slovenia",4,"Median","52",2028,16625,15290,31915
705,"Slovenia",4,"Median","53",2028,16159,14729,30888
705,"Slovenia",4,"Median","54",2028,15918,14483,30401
705,"Slovenia",4,"Median","55",2028,15680,14482,30162.5
705,"Slovenia",4,"Median","56",2028,15354,14178,29531
705,"Slovenia",4,"Median","57",2028,14688,13798,28486.5
705,"Slovenia",4,"Median","58",2028,14412,13743,28155
705,"Slovenia",4,"Median","59",2028,14705,13962,28667.5
705,"Slovenia",4,"Median","60",2028,14777,14513,29290
705,"Slovenia",4,"Median","61",2028,15086,15022,30108
705,"Slovenia",4,"Median","62",2028,15224,15176,30399
705,"Slovenia",4,"Median","63",2028,14738,14953,29691.5
705,"Slovenia",4,"Median","64",2028,14344,14562,28906
705,"Slovenia",4,"Median","65",2028,14192,14380,28571
705,"Slovenia",4,"Median","66",2028,13947,14334,28281
705,"Slovenia",4,"Median","67",2028,13484,14194,27677.5
705,"Slovenia",4,"Median","68",2028,13079,13754,26833.5
705,"Slovenia",4,"Median","69",2028,12780,13393,26172.5
705,"Slovenia",4,"Median","70",2028,12475,13499,25974
705,"Slovenia",4,"Median","71",2028,12550,13760,26309.5
705,"Slovenia",4,"Median","72",2028,12521,13755,26276
705,"Slovenia",4,"Median","73",2028,11969,13505,25474
705,"Slovenia",4,"Median","74",2028,11603,13154,24756.5
705,"Slovenia",4,"Median","75",2028,11189,12744,23933
705,"Slovenia",4,"Median","76",2028,10248,12134,22381.5
705,"Slovenia",4,"Median","77",2028,9577,11662,21239
705,"Slovenia",4,"Median","78",2028,8808,10906,19714.5
705,"Slovenia",4,"Median","79",2028,7678,9931,17609
705,"Slovenia",4,"Median","80",2028,6867,9227,16094
705,"Slovenia",4,"Median","81",2028,5941,8392,14332.5
705,"Slovenia",4,"Median","82",2028,4505,6660,11165.5
705,"Slovenia",4,"Median","83",2028,3906,5906,9812.5
705,"Slovenia",4,"Median","84",2028,4074,6528,10602.5
705,"Slovenia",4,"Median","85",2028,3824,6474,10297
705,"Slovenia",4,"Median","86",2028,3327,5770,9096.5
705,"Slovenia",4,"Median","87",2028,2846,5105,7951
705,"Slovenia",4,"Median","88",2028,2408,4604,7011.5
705,"Slovenia",4,"Median","89",2028,1962,4014,5975.5
705,"Slovenia",4,"Median","90",2028,1592,3442,5034
705,"Slovenia",4,"Median","91",2028,1304,2980,4283.5
705,"Slovenia",4,"Median","92",2028,1031,2518,3549.5
705,"Slovenia",4,"Median","93",2028,783,2082,2865.5
705,"Slovenia",4,"Median","94",2028,582,1710,2292
705,"Slovenia",4,"Median","95",2028,430,1369,1799.5
705,"Slovenia",4,"Median","96",2028,313,1057,1370
705,"Slovenia",4,"Median","97",2028,228,798,1026
705,"Slovenia",4,"Median","98",2028,153,566,718.5
705,"Slovenia",4,"Median","99",2028,95,383,478
705,"Slovenia",4,"Median","100",2028,37,154,191
705,"Slovenia",4,"Median","101",2028,27,121,148
705,"Slovenia",4,"Median","102",2028,20,95,115
705,"Slovenia",4,"Median","103",2028,15,75,90
705,"Slovenia",4,"Median","104",2028,11,59,70
705,"Slovenia",4,"Median","105",2028,8,47,55
705,"Slovenia",4,"Median","106",2028,6,37,43
705,"Slovenia",4,"Median","107",2028,4,29,33
705,"Slovenia",4,"Median","108",2028,3,23,26
705,"Slovenia",4,"Median","109",2028,2,18,20
705,"Slovenia",4,"Median","110",2028,2,14,16
705,"Slovenia",4,"Median","0",2029,8460,7937,16397
705,"Slovenia",4,"Median","1",2029,8590,8024,16615
705,"Slovenia",4,"Median","2",2029,8754,8144,16897.5
705,"Slovenia",4,"Median","3",2029,8944,8292,17236
705,"Slovenia",4,"Median","4",2029,9158,8464,17622.5
705,"Slovenia",4,"Median","5",2029,9359,8646,18005
705,"Slovenia",4,"Median","6",2029,9524,8814,18338
705,"Slovenia",4,"Median","7",2029,9924,9198,19121.5
705,"Slovenia",4,"Median","8",2029,10134,9434,19568.5
705,"Slovenia",4,"Median","9",2029,10203,9548,19751
705,"Slovenia",4,"Median","10",2029,10496,9792,20287
705,"Slovenia",4,"Median","11",2029,10793,10014,20807.5
705,"Slovenia",4,"Median","12",2029,10907,10306,21213.5
705,"Slovenia",4,"Median","13",2029,10938,10416,21353
705,"Slovenia",4,"Median","14",2029,11176,10520,21695.5
705,"Slovenia",4,"Median","15",2029,11260,10690,21950.5
705,"Slovenia",4,"Median","16",2029,11543,10948,22491
705,"Slovenia",4,"Median","17",2029,11900,11250,23149.5
705,"Slovenia",4,"Median","18",2029,12190,11544,23734.5
705,"Slovenia",4,"Median","19",2029,12470,11688,24157
705,"Slovenia",4,"Median","20",2029,12558,11909,24467
705,"Slovenia",4,"Median","21",2029,12362,11792,24153.5
705,"Slovenia",4,"Median","22",2029,11944,11181,23125
705,"Slovenia",4,"Median","23",2029,11567,10765,22332
705,"Slovenia",4,"Median","24",2029,11178,10520,21698.5
705,"Slovenia",4,"Median","25",2029,10804,10110,20914
705,"Slovenia",4,"Median","26",2029,10542,9708,20250
705,"Slovenia",4,"Median","27",2029,10470,9582,20053
705,"Slovenia",4,"Median","28",2029,10789,9754,20543
705,"Slovenia",4,"Median","29",2029,11024,9780,20803.5
705,"Slovenia",4,"Median","30",2029,11127,9574,20700.5
705,"Slovenia",4,"Median","31",2029,11540,9774,21313.5
705,"Slovenia",4,"Median","32",2029,12000,9994,21993.5
705,"Slovenia",4,"Median","33",2029,12160,10114,22274
705,"Slovenia",4,"Median","34",2029,12120,10285,22405
705,"Slovenia",4,"Median","35",2029,12266,10429,22695
705,"Slovenia",4,"Median","36",2029,12400,10490,22889.5
705,"Slovenia",4,"Median","37",2029,12867,10909,23776
705,"Slovenia",4,"Median","38",2029,13310,11492,24802.5
705,"Slovenia",4,"Median","39",2029,13656,11872,25528
705,"Slovenia",4,"Median","40",2029,14524,12584,27108.5
705,"Slovenia",4,"Median","41",2029,15138,13254,28392.5
705,"Slovenia",4,"Median","42",2029,15048,13228,28276
705,"Slovenia",4,"Median","43",2029,15096,13306,28402.5
705,"Slovenia",4,"Median","44",2029,15384,13711,29094.5
705,"Slovenia",4,"Median","45",2029,15631,13944,29575.5
705,"Slovenia",4,"Median","46",2029,16127,14232,30358.5
705,"Slovenia",4,"Median","47",2029,16708,14640,31349
705,"Slovenia",4,"Median","48",2029,17020,15140,32160.5
705,"Slovenia",4,"Median","49",2029,17292,15323,32614.5
705,"Slovenia",4,"Median","50",2029,17376,15138,32515
705,"Slovenia",4,"Median","51",2029,17045,15038,32082.5
705,"Slovenia",4,"Median","52",2029,16866,15244,32109.5
705,"Slovenia",4,"Median","53",2029,16564,15254,31817.5
705,"Slovenia",4,"Median","54",2029,16094,14694,30788
705,"Slovenia",4,"Median","55",2029,15846,14446,30293
705,"Slovenia",4,"Median","56",2029,15601,14442,30043
705,"Slovenia",4,"Median","57",2029,15266,14134,29400.5
705,"Slovenia",4,"Median","58",2029,14596,13752,28347.5
705,"Slovenia",4,"Median","59",2029,14312,13692,28003.5
705,"Slovenia",4,"Median","60",2029,14591,13906,28497.5
705,"Slovenia",4,"Median","61",2029,14649,14448,29097
705,"Slovenia",4,"Median","62",2029,14941,14946,29887.5
705,"Slovenia",4,"Median","63",2029,15064,15094,30158
705,"Slovenia",4,"Median","64",2029,14573,14869,29442
705,"Slovenia",4,"Median","65",2029,14173,14475,28648
705,"Slovenia",4,"Median","66",2029,14011,14285,28296
705,"Slovenia",4,"Median","67",2029,13752,14234,27985
705,"Slovenia",4,"Median","68",2029,13278,14088,27366.5
705,"Slovenia",4,"Median","69",2029,12866,13645,26511
705,"Slovenia",4,"Median","70",2029,12556,13276,25832.5
705,"Slovenia",4,"Median","71",2029,12240,13370,25609
705,"Slovenia",4,"Median","72",2029,12292,13616,25908
705,"Slovenia",4,"Median","73",2029,12238,13597,25834.5
705,"Slovenia",4,"Median","74",2029,11663,13324,24987
705,"Slovenia",4,"Median","75",2029,11258,12933,24190.5
705,"Slovenia",4,"Median","76",2029,10793,12480,23273
705,"Slovenia",4,"Median","77",2029,9832,11839,21670.5
705,"Slovenia",4,"Median","78",2029,9146,11341,20486.5
705,"Slovenia",4,"Median","79",2029,8371,10569,18940
705,"Slovenia",4,"Median","80",2029,7254,9582,16835
705,"Slovenia",4,"Median","81",2029,6446,8858,15303
705,"Slovenia",4,"Median","82",2029,5538,8012,13550
705,"Slovenia",4,"Median","83",2029,4167,6320,10487
705,"Slovenia",4,"Median","84",2029,3582,5564,9146
705,"Slovenia",4,"Median","85",2029,3700,6103,9802.5
705,"Slovenia",4,"Median","86",2029,3437,5998,9435.5
705,"Slovenia",4,"Median","87",2029,2957,5294,8251.5
705,"Slovenia",4,"Median","88",2029,2498,4632,7131
705,"Slovenia",4,"Median","89",2029,2086,4126,6212
705,"Slovenia",4,"Median","90",2029,1674,3550,5224.5
705,"Slovenia",4,"Median","91",2029,1338,2998,4336
705,"Slovenia",4,"Median","92",2029,1076,2554,3629.5
705,"Slovenia",4,"Median","93",2029,836,2119,2955
705,"Slovenia",4,"Median","94",2029,622,1718,2340
705,"Slovenia",4,"Median","95",2029,454,1380,1834
705,"Slovenia",4,"Median","96",2029,328,1080,1407
705,"Slovenia",4,"Median","97",2029,233,813,1046
705,"Slovenia",4,"Median","98",2029,165,598,763
705,"Slovenia",4,"Median","99",2029,108,412,520
705,"Slovenia",4,"Median","100",2029,41,160,201
705,"Slovenia",4,"Median","101",2029,30,127,157
705,"Slovenia",4,"Median","102",2029,22,100,122
705,"Slovenia",4,"Median","103",2029,17,79,96
705,"Slovenia",4,"Median","104",2029,12,63,75
705,"Slovenia",4,"Median","105",2029,9,50,59
705,"Slovenia",4,"Median","106",2029,7,39,46
705,"Slovenia",4,"Median","107",2029,5,31,36
705,"Slovenia",4,"Median","108",2029,4,25,29
705,"Slovenia",4,"Median","109",2029,3,19,22
705,"Slovenia",4,"Median","110",2029,2,15,17
705,"Slovenia",4,"Median","0",2030,8414,7895,16309
705,"Slovenia",4,"Median","1",2030,8500,7940,16440.5
705,"Slovenia",4,"Median","2",2030,8628,8028,16656.5
705,"Slovenia",4,"Median","3",2030,8788,8148,16936
705,"Slovenia",4,"Median","4",2030,8976,8296,17272
705,"Slovenia",4,"Median","5",2030,9188,8468,17655.5
705,"Slovenia",4,"Median","6",2030,9386,8650,18036
705,"Slovenia",4,"Median","7",2030,9548,8817,18365.5
705,"Slovenia",4,"Median","8",2030,9946,9200,19147
705,"Slovenia",4,"Median","9",2030,10156,9436,19592
705,"Slovenia",4,"Median","10",2030,10222,9550,19772.5
705,"Slovenia",4,"Median","11",2030,10514,9794,20307
705,"Slovenia",4,"Median","12",2030,10809,10016,20825.5
705,"Slovenia",4,"Median","13",2030,10922,10308,21230
705,"Slovenia",4,"Median","14",2030,10952,10418,21370
705,"Slovenia",4,"Median","15",2030,11196,10528,21724
705,"Slovenia",4,"Median","16",2030,11306,10720,22025
705,"Slovenia",4,"Median","17",2030,11639,11018,22657.5
705,"Slovenia",4,"Median","18",2030,12064,11378,23441.5
705,"Slovenia",4,"Median","19",2030,12421,11728,24148.5
705,"Slovenia",4,"Median","20",2030,12746,11908,24654.5
705,"Slovenia",4,"Median","21",2030,12846,12136,24982
705,"Slovenia",4,"Median","22",2030,12620,11986,24606.5
705,"Slovenia",4,"Median","23",2030,12143,11317,23460
705,"Slovenia",4,"Median","24",2030,11698,10836,22533
705,"Slovenia",4,"Median","25",2030,11247,10533,21780
705,"Slovenia",4,"Median","26",2030,10826,10080,20906
705,"Slovenia",4,"Median","27",2030,10532,9651,20183.5
705,"Slovenia",4,"Median","28",2030,10441,9510,19950.5
705,"Slovenia",4,"Median","29",2030,10748,9674,20423
705,"Slovenia",4,"Median","30",2030,10979,9700,20678.5
705,"Slovenia",4,"Median","31",2030,11080,9496,20576
705,"Slovenia",4,"Median","32",2030,11495,9700,21195
705,"Slovenia",4,"Median","33",2030,11957,9926,21882.5
705,"Slovenia",4,"Median","34",2030,12120,10050,22171
705,"Slovenia",4,"Median","35",2030,12083,10228,22311
705,"Slovenia",4,"Median","36",2030,12232,10376,22609
705,"Slovenia",4,"Median","37",2030,12368,10442,22810
705,"Slovenia",4,"Median","38",2030,12836,10865,23700.5
705,"Slovenia",4,"Median","39",2030,13280,11453,24733
705,"Slovenia",4,"Median","40",2030,13628,11836,25464.5
705,"Slovenia",4,"Median","41",2030,14498,12551,27048.5
705,"Slovenia",4,"Median","42",2030,15112,13224,28336
705,"Slovenia",4,"Median","43",2030,15022,13198,28221
705,"Slovenia",4,"Median","44",2030,15070,13278,28347.5
705,"Slovenia",4,"Median","45",2030,15356,13682,29039
705,"Slovenia",4,"Median","46",2030,15603,13917,29520
705,"Slovenia",4,"Median","47",2030,16098,14205,30302.5
705,"Slovenia",4,"Median","48",2030,16676,14614,31289.5
705,"Slovenia",4,"Median","49",2030,16982,15114,32095.5
705,"Slovenia",4,"Median","50",2030,17246,15294,32539.5
705,"Slovenia",4,"Median","51",2030,17322,15106,32428
705,"Slovenia",4,"Median","52",2030,16986,15002,31988.5
705,"Slovenia",4,"Median","53",2030,16805,15208,32013.5
705,"Slovenia",4,"Median","54",2030,16500,15218,31717
705,"Slovenia",4,"Median","55",2030,16024,14658,30681.5
705,"Slovenia",4,"Median","56",2030,15768,14408,30175.5
705,"Slovenia",4,"Median","57",2030,15514,14398,29913
705,"Slovenia",4,"Median","58",2030,15172,14087,29259.5
705,"Slovenia",4,"Median","59",2030,14496,13701,28197
705,"Slovenia",4,"Median","60",2030,14202,13638,27840
705,"Slovenia",4,"Median","61",2030,14468,13844,28312
705,"Slovenia",4,"Median","62",2030,14512,14376,28887.5
705,"Slovenia",4,"Median","63",2030,14788,14866,29655
705,"Slovenia",4,"Median","64",2030,14898,15010,29908.5
705,"Slovenia",4,"Median","65",2030,14404,14781,29184.5
705,"Slovenia",4,"Median","66",2030,13996,14382,28378
705,"Slovenia",4,"Median","67",2030,13818,14186,28005
705,"Slovenia",4,"Median","68",2030,13547,14129,27676
705,"Slovenia",4,"Median","69",2030,13067,13978,27045
705,"Slovenia",4,"Median","70",2030,12646,13528,26174
705,"Slovenia",4,"Median","71",2030,12324,13151,25475.5
705,"Slovenia",4,"Median","72",2030,11994,13232,25226.5
705,"Slovenia",4,"Median","73",2030,12020,13462,25482.5
705,"Slovenia",4,"Median","74",2030,11932,13418,25349
705,"Slovenia",4,"Median","75",2030,11323,13104,24427
705,"Slovenia",4,"Median","76",2030,10867,12669,23536
705,"Slovenia",4,"Median","77",2030,10362,12181,22543.5
705,"Slovenia",4,"Median","78",2030,9396,11518,20914.5
705,"Slovenia",4,"Median","79",2030,8699,10994,19693.5
705,"Slovenia",4,"Median","80",2030,7916,10202,18118.5
705,"Slovenia",4,"Median","81",2030,6815,9203,16018
705,"Slovenia",4,"Median","82",2030,6014,8462,14476.5
705,"Slovenia",4,"Median","83",2030,5128,7608,12735.5
705,"Slovenia",4,"Median","84",2030,3826,5960,9785.5
705,"Slovenia",4,"Median","85",2030,3258,5206,8463.5
705,"Slovenia",4,"Median","86",2030,3330,5660,8990.5
705,"Slovenia",4,"Median","87",2030,3060,5510,8569.5
705,"Slovenia",4,"Median","88",2030,2600,4810,7410
705,"Slovenia",4,"Median","89",2030,2168,4158,6325.5
705,"Slovenia",4,"Median","90",2030,1784,3654,5437
705,"Slovenia",4,"Median","91",2030,1410,3096,4506
705,"Slovenia",4,"Median","92",2030,1107,2572,3679.5
705,"Slovenia",4,"Median","93",2030,874,2152,3026
705,"Slovenia",4,"Median","94",2030,666,1750,2417
705,"Slovenia",4,"Median","95",2030,486,1388,1874.5
705,"Slovenia",4,"Median","96",2030,346,1090,1436.5
705,"Slovenia",4,"Median","97",2030,244,832,1076.5
705,"Slovenia",4,"Median","98",2030,170,610,779.5
705,"Slovenia",4,"Median","99",2030,117,436,553.5
705,"Slovenia",4,"Median","100",2030,47,170,217
705,"Slovenia",4,"Median","101",2030,35,135,170
705,"Slovenia",4,"Median","102",2030,26,107,133
705,"Slovenia",4,"Median","103",2030,19,85,104
705,"Slovenia",4,"Median","104",2030,14,67,81
705,"Slovenia",4,"Median","105",2030,10,53,63
705,"Slovenia",4,"Median","106",2030,8,42,50
705,"Slovenia",4,"Median","107",2030,6,33,39
705,"Slovenia",4,"Median","108",2030,4,26,30
705,"Slovenia",4,"Median","109",2030,3,21,24
705,"Slovenia",4,"Median","110",2030,2,17,19
705,"Slovenia",4,"Median","0",2031,8405,7888,16292.5
705,"Slovenia",4,"Median","1",2031,8454,7898,16351.5
705,"Slovenia",4,"Median","2",2031,8536,7944,16481
705,"Slovenia",4,"Median","3",2031,8662,8032,16694
705,"Slovenia",4,"Median","4",2031,8819,8152,16971
705,"Slovenia",4,"Median","5",2031,9004,8300,17304
705,"Slovenia",4,"Median","6",2031,9214,8472,17685.5
705,"Slovenia",4,"Median","7",2031,9410,8652,18063
705,"Slovenia",4,"Median","8",2031,9570,8820,18390
705,"Slovenia",4,"Median","9",2031,9967,9202,19169.5
705,"Slovenia",4,"Median","10",2031,10174,9438,19613
705,"Slovenia",4,"Median","11",2031,10240,9552,19792
705,"Slovenia",4,"Median","12",2031,10529,9796,20324.5
705,"Slovenia",4,"Median","13",2031,10824,10018,20841.5
705,"Slovenia",4,"Median","14",2031,10936,10310,21246.5
705,"Slovenia",4,"Median","15",2031,10972,10425,21397.5
705,"Slovenia",4,"Median","16",2031,11242,10556,21797.5
705,"Slovenia",4,"Median","17",2031,11401,10790,22190.5
705,"Slovenia",4,"Median","18",2031,11802,11146,22948.5
705,"Slovenia",4,"Median","19",2031,12293,11560,23852.5
705,"Slovenia",4,"Median","20",2031,12697,11947,24644
705,"Slovenia",4,"Median","21",2031,13034,12134,25167
705,"Slovenia",4,"Median","22",2031,13104,12329,25432.5
705,"Slovenia",4,"Median","23",2031,12818,12121,24939
705,"Slovenia",4,"Median","24",2031,12272,11386,23658
705,"Slovenia",4,"Median","25",2031,11766,10847,22612.5
705,"Slovenia",4,"Median","26",2031,11268,10502,21770.5
705,"Slovenia",4,"Median","27",2031,10816,10022,20838
705,"Slovenia",4,"Median","28",2031,10502,9578,20080
705,"Slovenia",4,"Median","29",2031,10400,9430,19829.5
705,"Slovenia",4,"Median","30",2031,10703,9594,20297
705,"Slovenia",4,"Median","31",2031,10932,9622,20553
705,"Slovenia",4,"Median","32",2031,11034,9422,20456.5
705,"Slovenia",4,"Median","33",2031,11452,9632,21083.5
705,"Slovenia",4,"Median","34",2031,11916,9862,21779
705,"Slovenia",4,"Median","35",2031,12083,9993,22076
705,"Slovenia",4,"Median","36",2031,12049,10175,22224
705,"Slovenia",4,"Median","37",2031,12200,10328,22529
705,"Slovenia",4,"Median","38",2031,12337,10398,22735
705,"Slovenia",4,"Median","39",2031,12806,10826,23631.5
705,"Slovenia",4,"Median","40",2031,13252,11417,24669.5
705,"Slovenia",4,"Median","41",2031,13602,11804,25406
705,"Slovenia",4,"Median","42",2031,14472,12520,26993
705,"Slovenia",4,"Median","43",2031,15086,13194,28280.5
705,"Slovenia",4,"Median","44",2031,14996,13170,28166.5
705,"Slovenia",4,"Median","45",2031,15043,13250,28293
705,"Slovenia",4,"Median","46",2031,15329,13656,28984.5
705,"Slovenia",4,"Median","47",2031,15574,13890,29465
705,"Slovenia",4,"Median","48",2031,16066,14179,30245
705,"Slovenia",4,"Median","49",2031,16639,14588,31226.5
705,"Slovenia",4,"Median","50",2031,16938,15084,32022
705,"Slovenia",4,"Median","51",2031,17193,15261,32454
705,"Slovenia",4,"Median","52",2031,17263,15072,32334.5
705,"Slovenia",4,"Median","53",2031,16926,14968,31894
705,"Slovenia",4,"Median","54",2031,16740,15173,31913.5
705,"Slovenia",4,"Median","55",2031,16428,15181,31609.5
705,"Slovenia",4,"Median","56",2031,15946,14618,30564.5
705,"Slovenia",4,"Median","57",2031,15682,14364,30046.5
705,"Slovenia",4,"Median","58",2031,15420,14351,29771.5
705,"Slovenia",4,"Median","59",2031,15070,14036,29106
705,"Slovenia",4,"Median","60",2031,14388,13647,28034.5
705,"Slovenia",4,"Median","61",2031,14084,13578,27662
705,"Slovenia",4,"Median","62",2031,14334,13776,28110.5
705,"Slovenia",4,"Median","63",2031,14366,14300,28665.5
705,"Slovenia",4,"Median","64",2031,14628,14786,29414
705,"Slovenia",4,"Median","65",2031,14728,14922,29651
705,"Slovenia",4,"Median","66",2031,14227,14687,28914
705,"Slovenia",4,"Median","67",2031,13808,14284,28091.5
705,"Slovenia",4,"Median","68",2031,13617,14084,27700.5
705,"Slovenia",4,"Median","69",2031,13336,14020,27355.5
705,"Slovenia",4,"Median","70",2031,12848,13860,26708.5
705,"Slovenia",4,"Median","71",2031,12418,13402,25820.5
705,"Slovenia",4,"Median","72",2031,12084,13018,25102
705,"Slovenia",4,"Median","73",2031,11735,13085,24820
705,"Slovenia",4,"Median","74",2031,11726,13287,25013
705,"Slovenia",4,"Median","75",2031,11590,13200,24790
705,"Slovenia",4,"Median","76",2031,10937,12840,23777.5
705,"Slovenia",4,"Median","77",2031,10440,12370,22810
705,"Slovenia",4,"Median","78",2031,9912,11855,21767
705,"Slovenia",4,"Median","79",2031,8946,11170,20116
705,"Slovenia",4,"Median","80",2031,8234,10618,18852
705,"Slovenia",4,"Median","81",2031,7446,9804,17250
705,"Slovenia",4,"Median","82",2031,6366,8796,15163
705,"Slovenia",4,"Median","83",2031,5576,8040,13616
705,"Slovenia",4,"Median","84",2031,4714,7178,11892.5
705,"Slovenia",4,"Median","85",2031,3486,5580,9066
705,"Slovenia",4,"Median","86",2031,2936,4832,7768.5
705,"Slovenia",4,"Median","87",2031,2970,5203,8173
705,"Slovenia",4,"Median","88",2031,2696,5010,7705.5
705,"Slovenia",4,"Median","89",2031,2261,4321,6582
705,"Slovenia",4,"Median","90",2031,1858,3684,5542
705,"Slovenia",4,"Median","91",2031,1505,3190,4695
705,"Slovenia",4,"Median","92",2031,1170,2660,3829.5
705,"Slovenia",4,"Median","93",2031,902,2170,3072
705,"Slovenia",4,"Median","94",2031,699,1780,2478.5
705,"Slovenia",4,"Median","95",2031,522,1418,1939
705,"Slovenia",4,"Median","96",2031,372,1099,1471
705,"Slovenia",4,"Median","97",2031,259,842,1101
705,"Slovenia",4,"Median","98",2031,178,626,804
705,"Slovenia",4,"Median","99",2031,121,446,567
705,"Slovenia",4,"Median","100",2031,52,181,233
705,"Slovenia",4,"Median","101",2031,39,144,183
705,"Slovenia",4,"Median","102",2031,29,114,143
705,"Slovenia",4,"Median","103",2031,21,90,111
705,"Slovenia",4,"Median","104",2031,16,71,87
705,"Slovenia",4,"Median","105",2031,12,57,69
705,"Slovenia",4,"Median","106",2031,9,45,54
705,"Slovenia",4,"Median","107",2031,6,36,42
705,"Slovenia",4,"Median","108",2031,5,28,33
705,"Slovenia",4,"Median","109",2031,3,22,25
705,"Slovenia",4,"Median","110",2031,3,18,21
705,"Slovenia",4,"Median","0",2032,8422,7906,16328
705,"Slovenia",4,"Median","1",2032,8445,7892,16336.5
705,"Slovenia",4,"Median","2",2032,8490,7902,16393
705,"Slovenia",4,"Median","3",2032,8570,7948,16519
705,"Slovenia",4,"Median","4",2032,8694,8036,16730
705,"Slovenia",4,"Median","5",2032,8848,8156,17003
705,"Slovenia",4,"Median","6",2032,9031,8304,17334.5
705,"Slovenia",4,"Median","7",2032,9238,8474,17713
705,"Slovenia",4,"Median","8",2032,9432,8655,18087.5
705,"Slovenia",4,"Median","9",2032,9592,8822,18413.5
705,"Slovenia",4,"Median","10",2032,9986,9205,19191
705,"Slovenia",4,"Median","11",2032,10192,9441,19633
705,"Slovenia",4,"Median","12",2032,10256,9555,19810.5
705,"Slovenia",4,"Median","13",2032,10544,9797,20341.5
705,"Slovenia",4,"Median","14",2032,10838,10020,20858.5
705,"Slovenia",4,"Median","15",2032,10957,10318,21274.5
705,"Slovenia",4,"Median","16",2032,11018,10454,21471.5
705,"Slovenia",4,"Median","17",2032,11338,10626,21964
705,"Slovenia",4,"Median","18",2032,11564,10917,22481.5
705,"Slovenia",4,"Median","19",2032,12032,11328,23359.5
705,"Slovenia",4,"Median","20",2032,12569,11780,24348.5
705,"Slovenia",4,"Median","21",2032,12984,12172,25156.5
705,"Slovenia",4,"Median","22",2032,13290,12328,25618
705,"Slovenia",4,"Median","23",2032,13301,12464,25765.5
705,"Slovenia",4,"Median","24",2032,12948,12190,25138
705,"Slovenia",4,"Median","25",2032,12340,11398,23739
705,"Slovenia",4,"Median","26",2032,11788,10817,22604.5
705,"Slovenia",4,"Median","27",2032,11258,10445,21703.5
705,"Slovenia",4,"Median","28",2032,10787,9949,20736
705,"Slovenia",4,"Median","29",2032,10462,9498,19960
705,"Slovenia",4,"Median","30",2032,10356,9350,19705.5
705,"Slovenia",4,"Median","31",2032,10656,9516,20173
705,"Slovenia",4,"Median","32",2032,10887,9548,20435.5
705,"Slovenia",4,"Median","33",2032,10993,9354,20347.5
705,"Slovenia",4,"Median","34",2032,11412,9570,20981.5
705,"Slovenia",4,"Median","35",2032,11880,9806,21685.5
705,"Slovenia",4,"Median","36",2032,12050,9941,21991
705,"Slovenia",4,"Median","37",2032,12018,10128,22145.5
705,"Slovenia",4,"Median","38",2032,12170,10285,22455.5
705,"Slovenia",4,"Median","39",2032,12308,10359,22667
705,"Slovenia",4,"Median","40",2032,12779,10790,23569.5
705,"Slovenia",4,"Median","41",2032,13228,11384,24613
705,"Slovenia",4,"Median","42",2032,13578,11773,25351.5
705,"Slovenia",4,"Median","43",2032,14448,12492,26940
705,"Slovenia",4,"Median","44",2032,15061,13166,28227
705,"Slovenia",4,"Median","45",2032,14971,13142,28113.5
705,"Slovenia",4,"Median","46",2032,15017,13224,28240.5
705,"Slovenia",4,"Median","47",2032,15302,13630,28931.5
705,"Slovenia",4,"Median","48",2032,15544,13866,29410
705,"Slovenia",4,"Median","49",2032,16032,14153,30184.5
705,"Slovenia",4,"Median","50",2032,16596,14560,31156
705,"Slovenia",4,"Median","51",2032,16887,15052,31939.5
705,"Slovenia",4,"Median","52",2032,17136,15227,32362.5
705,"Slovenia",4,"Median","53",2032,17203,15038,32240.5
705,"Slovenia",4,"Median","54",2032,16862,14934,31796
705,"Slovenia",4,"Median","55",2032,16670,15136,31806.5
705,"Slovenia",4,"Median","56",2032,16350,15141,31491
705,"Slovenia",4,"Median","57",2032,15860,14576,30436
705,"Slovenia",4,"Median","58",2032,15589,14318,29906.5
705,"Slovenia",4,"Median","59",2032,15318,14300,29618
705,"Slovenia",4,"Median","60",2032,14960,13982,28941
705,"Slovenia",4,"Median","61",2032,14270,13588,27858.5
705,"Slovenia",4,"Median","62",2032,13957,13512,27469
705,"Slovenia",4,"Median","63",2032,14192,13705,27897
705,"Slovenia",4,"Median","64",2032,14214,14223,28436.5
705,"Slovenia",4,"Median","65",2032,14464,14701,29165.5
705,"Slovenia",4,"Median","66",2032,14551,14829,29380
705,"Slovenia",4,"Median","67",2032,14040,14588,28628
705,"Slovenia",4,"Median","68",2032,13610,14182,27792.5
705,"Slovenia",4,"Median","69",2032,13408,13977,27385.5
705,"Slovenia",4,"Median","70",2032,13117,13904,27021.5
705,"Slovenia",4,"Median","71",2032,12622,13734,26355.5
705,"Slovenia",4,"Median","72",2032,12180,13270,25450
705,"Slovenia",4,"Median","73",2032,11828,12876,24704.5
705,"Slovenia",4,"Median","74",2032,11454,12918,24372
705,"Slovenia",4,"Median","75",2032,11398,13075,24473
705,"Slovenia",4,"Median","76",2032,11202,12938,24141
705,"Slovenia",4,"Median","77",2032,10516,12541,23057
705,"Slovenia",4,"Median","78",2032,9994,12043,22037.5
705,"Slovenia",4,"Median","79",2032,9444,11502,20946.5
705,"Slovenia",4,"Median","80",2032,8476,10793,19268.5
705,"Slovenia",4,"Median","81",2032,7752,10209,17961
705,"Slovenia",4,"Median","82",2032,6963,9378,16340.5
705,"Slovenia",4,"Median","83",2032,5910,8364,14273.5
705,"Slovenia",4,"Median","84",2032,5132,7592,12724.5
705,"Slovenia",4,"Median","85",2032,4300,6727,11027
705,"Slovenia",4,"Median","86",2032,3148,5184,8332
705,"Slovenia",4,"Median","87",2032,2623,4446,7069
705,"Slovenia",4,"Median","88",2032,2620,4736,7356.5
705,"Slovenia",4,"Median","89",2032,2348,4506,6854
705,"Slovenia",4,"Median","90",2032,1941,3834,5775.5
705,"Slovenia",4,"Median","91",2032,1570,3222,4792.5
705,"Slovenia",4,"Median","92",2032,1251,2745,3996
705,"Slovenia",4,"Median","93",2032,955,2248,3202.5
705,"Slovenia",4,"Median","94",2032,722,1798,2521
705,"Slovenia",4,"Median","95",2032,548,1444,1992.5
705,"Slovenia",4,"Median","96",2032,400,1124,1524.5
705,"Slovenia",4,"Median","97",2032,279,850,1129
705,"Slovenia",4,"Median","98",2032,190,634,824
705,"Slovenia",4,"Median","99",2032,128,458,585.5
705,"Slovenia",4,"Median","100",2032,57,191,248
705,"Slovenia",4,"Median","101",2032,42,151,193
705,"Slovenia",4,"Median","102",2032,31,120,151
705,"Slovenia",4,"Median","103",2032,23,95,118
705,"Slovenia",4,"Median","104",2032,17,75,92
705,"Slovenia",4,"Median","105",2032,13,59,72
705,"Slovenia",4,"Median","106",2032,9,47,56
705,"Slovenia",4,"Median","107",2032,7,37,44
705,"Slovenia",4,"Median","108",2032,5,29,34
705,"Slovenia",4,"Median","109",2032,4,23,27
705,"Slovenia",4,"Median","110",2032,3,18,21
705,"Slovenia",4,"Median","0",2033,8474,7957,16431.5
705,"Slovenia",4,"Median","1",2033,8463,7910,16373.5
705,"Slovenia",4,"Median","2",2033,8482,7896,16379
705,"Slovenia",4,"Median","3",2033,8526,7907,16432.5
705,"Slovenia",4,"Median","4",2033,8603,7953,16556
705,"Slovenia",4,"Median","5",2033,8722,8040,16763
705,"Slovenia",4,"Median","6",2033,8874,8160,17034.5
705,"Slovenia",4,"Median","7",2033,9056,8307,17363
705,"Slovenia",4,"Median","8",2033,9261,8478,17738.5
705,"Slovenia",4,"Median","9",2033,9454,8658,18112
705,"Slovenia",4,"Median","10",2033,9610,8824,18435
705,"Slovenia",4,"Median","11",2033,10004,9208,19211.5
705,"Slovenia",4,"Median","12",2033,10208,9444,19652
705,"Slovenia",4,"Median","13",2033,10271,9556,19827.5
705,"Slovenia",4,"Median","14",2033,10560,9800,20359
705,"Slovenia",4,"Median","15",2033,10860,10028,20887.5
705,"Slovenia",4,"Median","16",2033,11003,10346,21349.5
705,"Slovenia",4,"Median","17",2033,11114,10524,21639
705,"Slovenia",4,"Median","18",2033,11501,10754,22255
705,"Slovenia",4,"Median","19",2033,11794,11100,22894
705,"Slovenia",4,"Median","20",2033,12308,11548,23856.5
705,"Slovenia",4,"Median","21",2033,12856,12005,24861.5
705,"Slovenia",4,"Median","22",2033,13242,12367,25608.5
705,"Slovenia",4,"Median","23",2033,13489,12464,25952.5
705,"Slovenia",4,"Median","24",2033,13432,12535,25966.5
705,"Slovenia",4,"Median","25",2033,13017,12204,25221
705,"Slovenia",4,"Median","26",2033,12364,11370,23733.5
705,"Slovenia",4,"Median","27",2033,11779,10761,22540
705,"Slovenia",4,"Median","28",2033,11230,10374,21604
705,"Slovenia",4,"Median","29",2033,10748,9871,20619
705,"Slovenia",4,"Median","30",2033,10418,9420,19838.5
705,"Slovenia",4,"Median","31",2033,10310,9274,19584.5
705,"Slovenia",4,"Median","32",2033,10614,9445,20058.5
705,"Slovenia",4,"Median","33",2033,10846,9482,20328.5
705,"Slovenia",4,"Median","34",2033,10954,9293,20247
705,"Slovenia",4,"Median","35",2033,11377,9514,20890.5
705,"Slovenia",4,"Median","36",2033,11848,9754,21602
705,"Slovenia",4,"Median","37",2033,12020,9894,21914
705,"Slovenia",4,"Median","38",2033,11988,10085,22073.5
705,"Slovenia",4,"Median","39",2033,12142,10246,22389
705,"Slovenia",4,"Median","40",2033,12283,10324,22607.5
705,"Slovenia",4,"Median","41",2033,12756,10759,23515
705,"Slovenia",4,"Median","42",2033,13206,11355,24560.5
705,"Slovenia",4,"Median","43",2033,13556,11746,25301
705,"Slovenia",4,"Median","44",2033,14424,12465,26889
705,"Slovenia",4,"Median","45",2033,15036,13139,28175
705,"Slovenia",4,"Median","46",2033,14946,13116,28062.5
705,"Slovenia",4,"Median","47",2033,14991,13198,28189.5
705,"Slovenia",4,"Median","48",2033,15274,13605,28878.5
705,"Slovenia",4,"Median","49",2033,15512,13840,29352.5
705,"Slovenia",4,"Median","50",2033,15992,14126,30117.5
705,"Slovenia",4,"Median","51",2033,16548,14529,31076.5
705,"Slovenia",4,"Median","52",2033,16832,15020,31851.5
705,"Slovenia",4,"Median","53",2033,17078,15193,32270.5
705,"Slovenia",4,"Median","54",2033,17140,15004,32143.5
705,"Slovenia",4,"Median","55",2033,16793,14898,31691.5
705,"Slovenia",4,"Median","56",2033,16592,15098,31689.5
705,"Slovenia",4,"Median","57",2033,16264,15098,31362
705,"Slovenia",4,"Median","58",2033,15768,14529,30297.5
705,"Slovenia",4,"Median","59",2033,15488,14268,29755
705,"Slovenia",4,"Median","60",2033,15208,14246,29454
705,"Slovenia",4,"Median","61",2033,14840,13922,28762
705,"Slovenia",4,"Median","62",2033,14144,13524,27667
705,"Slovenia",4,"Median","63",2033,13822,13443,27264.5
705,"Slovenia",4,"Median","64",2033,14045,13632,27677
705,"Slovenia",4,"Median","65",2033,14058,14143,28200.5
705,"Slovenia",4,"Median","66",2033,14294,14610,28904.5
705,"Slovenia",4,"Median","67",2033,14364,14732,29095
705,"Slovenia",4,"Median","68",2033,13843,14487,28330
705,"Slovenia",4,"Median","69",2033,13407,14077,27484
705,"Slovenia",4,"Median","70",2033,13194,13864,27058
705,"Slovenia",4,"Median","71",2033,12891,13780,26670.5
705,"Slovenia",4,"Median","72",2033,12386,13600,25985.5
705,"Slovenia",4,"Median","73",2033,11929,13128,25057
705,"Slovenia",4,"Median","74",2033,11551,12716,24266.5
705,"Slovenia",4,"Median","75",2033,11140,12716,23856.5
705,"Slovenia",4,"Median","76",2033,11024,12820,23844
705,"Slovenia",4,"Median","77",2033,10779,12641,23420
705,"Slovenia",4,"Median","78",2033,10074,12216,22289.5
705,"Slovenia",4,"Median","79",2033,9530,11690,21221
705,"Slovenia",4,"Median","80",2033,8956,11119,20074.5
705,"Slovenia",4,"Median","81",2033,7988,10383,18370.5
705,"Slovenia",4,"Median","82",2033,7258,9770,17028
705,"Slovenia",4,"Median","83",2033,6471,8922,15393
705,"Slovenia",4,"Median","84",2033,5447,7904,13350.5
705,"Slovenia",4,"Median","85",2033,4688,7120,11808.5
705,"Slovenia",4,"Median","86",2033,3888,6255,10143.5
705,"Slovenia",4,"Median","87",2033,2816,4776,7592
705,"Slovenia",4,"Median","88",2033,2318,4052,6369.5
705,"Slovenia",4,"Median","89",2033,2286,4264,6551
705,"Slovenia",4,"Median","90",2033,2020,4004,6023.5
705,"Slovenia",4,"Median","91",2033,1644,3358,5002.5
705,"Slovenia",4,"Median","92",2033,1308,2776,4085
705,"Slovenia",4,"Median","93",2033,1024,2323,3347
705,"Slovenia",4,"Median","94",2033,767,1866,2633
705,"Slovenia",4,"Median","95",2033,568,1462,2030
705,"Slovenia",4,"Median","96",2033,422,1147,1569
705,"Slovenia",4,"Median","97",2033,301,871,1172
705,"Slovenia",4,"Median","98",2033,204,642,846
705,"Slovenia",4,"Median","99",2033,136,466,601
705,"Slovenia",4,"Median","100",2033,61,201,262
705,"Slovenia",4,"Median","101",2033,45,159,204
705,"Slovenia",4,"Median","102",2033,33,125,158
705,"Slovenia",4,"Median","103",2033,25,99,124
705,"Slovenia",4,"Median","104",2033,18,78,96
705,"Slovenia",4,"Median","105",2033,14,62,76
705,"Slovenia",4,"Median","106",2033,10,49,59
705,"Slovenia",4,"Median","107",2033,8,38,46
705,"Slovenia",4,"Median","108",2033,6,30,36
705,"Slovenia",4,"Median","109",2033,4,24,28
705,"Slovenia",4,"Median","110",2033,3,19,22
705,"Slovenia",4,"Median","0",2034,8554,8034,16587
705,"Slovenia",4,"Median","1",2034,8516,7963,16479.5
705,"Slovenia",4,"Median","2",2034,8502,7917,16419
705,"Slovenia",4,"Median","3",2034,8519,7902,16421
705,"Slovenia",4,"Median","4",2034,8558,7912,16471
705,"Slovenia",4,"Median","5",2034,8634,7958,16592
705,"Slovenia",4,"Median","6",2034,8750,8046,16796
705,"Slovenia",4,"Median","7",2034,8900,8164,17065
705,"Slovenia",4,"Median","8",2034,9079,8310,17389.5
705,"Slovenia",4,"Median","9",2034,9283,8481,17764
705,"Slovenia",4,"Median","10",2034,9474,8661,18135
705,"Slovenia",4,"Median","11",2034,9629,8828,18456.5
705,"Slovenia",4,"Median","12",2034,10021,9210,19231.5
705,"Slovenia",4,"Median","13",2034,10224,9446,19669.5
705,"Slovenia",4,"Median","14",2034,10286,9560,19846
705,"Slovenia",4,"Median","15",2034,10581,9808,20389
705,"Slovenia",4,"Median","16",2034,10906,10058,20963
705,"Slovenia",4,"Median","17",2034,11100,10418,21517.5
705,"Slovenia",4,"Median","18",2034,11278,10652,21931
705,"Slovenia",4,"Median","19",2034,11732,10938,22669.5
705,"Slovenia",4,"Median","20",2034,12072,11320,23392.5
705,"Slovenia",4,"Median","21",2034,12597,11775,24372
705,"Slovenia",4,"Median","22",2034,13116,12200,25316
705,"Slovenia",4,"Median","23",2034,13442,12504,25946.5
705,"Slovenia",4,"Median","24",2034,13622,12536,26157.5
705,"Slovenia",4,"Median","25",2034,13504,12550,26054
705,"Slovenia",4,"Median","26",2034,13042,12178,25220.5
705,"Slovenia",4,"Median","27",2034,12358,11316,23673.5
705,"Slovenia",4,"Median","28",2034,11753,10692,22445.5
705,"Slovenia",4,"Median","29",2034,11194,10298,21492
705,"Slovenia",4,"Median","30",2034,10706,9795,20501.5
705,"Slovenia",4,"Median","31",2034,10376,9346,19722
705,"Slovenia",4,"Median","32",2034,10270,9204,19473.5
705,"Slovenia",4,"Median","33",2034,10574,9380,19954.5
705,"Slovenia",4,"Median","34",2034,10810,9422,20231
705,"Slovenia",4,"Median","35",2034,10920,9238,20159
705,"Slovenia",4,"Median","36",2034,11346,9463,20809.5
705,"Slovenia",4,"Median","37",2034,11819,9708,21527.5
705,"Slovenia",4,"Median","38",2034,11992,9853,21844.5
705,"Slovenia",4,"Median","39",2034,11962,10048,22010
705,"Slovenia",4,"Median","40",2034,12118,10213,22331.5
705,"Slovenia",4,"Median","41",2034,12261,10294,22555
705,"Slovenia",4,"Median","42",2034,12734,10730,23465
705,"Slovenia",4,"Median","43",2034,13184,11328,24511.5
705,"Slovenia",4,"Median","44",2034,13534,11720,25253.5
705,"Slovenia",4,"Median","45",2034,14400,12439,26839.5
705,"Slovenia",4,"Median","46",2034,15012,13114,28126
705,"Slovenia",4,"Median","47",2034,14920,13092,28012.5
705,"Slovenia",4,"Median","48",2034,14964,13174,28138.5
705,"Slovenia",4,"Median","49",2034,15242,13581,28823.5
705,"Slovenia",4,"Median","50",2034,15474,13814,29289
705,"Slovenia",4,"Median","51",2034,15946,14097,30042.5
705,"Slovenia",4,"Median","52",2034,16495,14498,30993
705,"Slovenia",4,"Median","53",2034,16776,14986,31762.5
705,"Slovenia",4,"Median","54",2034,17016,15160,32176
705,"Slovenia",4,"Median","55",2034,17072,14969,32040.5
705,"Slovenia",4,"Median","56",2034,16716,14861,31577
705,"Slovenia",4,"Median","57",2034,16506,15056,31562
705,"Slovenia",4,"Median","58",2034,16172,15051,31222.5
705,"Slovenia",4,"Median","59",2034,15668,14480,30147.5
705,"Slovenia",4,"Median","60",2034,15379,14214,29593
705,"Slovenia",4,"Median","61",2034,15089,14186,29275
705,"Slovenia",4,"Median","62",2034,14710,13857,28567.5
705,"Slovenia",4,"Median","63",2034,14009,13456,27464.5
705,"Slovenia",4,"Median","64",2034,13682,13372,27054
705,"Slovenia",4,"Median","65",2034,13894,13556,27450.5
705,"Slovenia",4,"Median","66",2034,13896,14058,27953
705,"Slovenia",4,"Median","67",2034,14114,14516,28629.5
705,"Slovenia",4,"Median","68",2034,14167,14630,28797.5
705,"Slovenia",4,"Median","69",2034,13641,14382,28022.5
705,"Slovenia",4,"Median","70",2034,13198,13965,27162.5
705,"Slovenia",4,"Median","71",2034,12972,13742,26714
705,"Slovenia",4,"Median","72",2034,12655,13648,26303.5
705,"Slovenia",4,"Median","73",2034,12136,13458,25593.5
705,"Slovenia",4,"Median","74",2034,11656,12967,24623
705,"Slovenia",4,"Median","75",2034,11242,12520,23761
705,"Slovenia",4,"Median","76",2034,10781,12472,23252.5
705,"Slovenia",4,"Median","77",2034,10614,12530,23144
705,"Slovenia",4,"Median","78",2034,10334,12318,22651
705,"Slovenia",4,"Median","79",2034,9615,11862,21477.5
705,"Slovenia",4,"Median","80",2034,9046,11306,20351.5
705,"Slovenia",4,"Median","81",2034,8448,10702,19151
705,"Slovenia",4,"Median","82",2034,7486,9942,17428.5
705,"Slovenia",4,"Median","83",2034,6752,9302,16053.5
705,"Slovenia",4,"Median","84",2034,5972,8437,14409
705,"Slovenia",4,"Median","85",2034,4982,7418,12399.5
705,"Slovenia",4,"Median","86",2034,4246,6626,10872
705,"Slovenia",4,"Median","87",2034,3484,5767,9251
705,"Slovenia",4,"Median","88",2034,2494,4357,6850.5
705,"Slovenia",4,"Median","89",2034,2026,3652,5678
705,"Slovenia",4,"Median","90",2034,1970,3794,5764.5
705,"Slovenia",4,"Median","91",2034,1714,3510,5225
705,"Slovenia",4,"Median","92",2034,1373,2898,4270.5
705,"Slovenia",4,"Median","93",2034,1073,2353,3426
705,"Slovenia",4,"Median","94",2034,824,1932,2755.5
705,"Slovenia",4,"Median","95",2034,604,1519,2123.5
705,"Slovenia",4,"Median","96",2034,438,1164,1601.5
705,"Slovenia",4,"Median","97",2034,318,890,1208.5
705,"Slovenia",4,"Median","98",2034,221,658,879.5
705,"Slovenia",4,"Median","99",2034,147,472,619
705,"Slovenia",4,"Median","100",2034,64,207,271
705,"Slovenia",4,"Median","101",2034,48,164,212
705,"Slovenia",4,"Median","102",2034,36,130,166
705,"Slovenia",4,"Median","103",2034,27,102,129
705,"Slovenia",4,"Median","104",2034,20,81,101
705,"Slovenia",4,"Median","105",2034,15,64,79
705,"Slovenia",4,"Median","106",2034,11,51,62
705,"Slovenia",4,"Median","107",2034,8,40,48
705,"Slovenia",4,"Median","108",2034,6,32,38
705,"Slovenia",4,"Median","109",2034,5,25,30
705,"Slovenia",4,"Median","110",2034,3,20,23
705,"Slovenia",4,"Median","0",2035,8652,8128,16780.5
705,"Slovenia",4,"Median","1",2035,8596,8040,16635
705,"Slovenia",4,"Median","2",2035,8556,7970,16525
705,"Slovenia",4,"Median","3",2035,8538,7922,16461
705,"Slovenia",4,"Median","4",2035,8552,7908,16460
705,"Slovenia",4,"Median","5",2035,8589,7918,16507.5
705,"Slovenia",4,"Median","6",2035,8661,7964,16624.5
705,"Slovenia",4,"Median","7",2035,8776,8050,16827
705,"Slovenia",4,"Median","8",2035,8924,8168,17092
705,"Slovenia",4,"Median","9",2035,9101,8314,17415
705,"Slovenia",4,"Median","10",2035,9303,8484,17787.5
705,"Slovenia",4,"Median","11",2035,9492,8664,18156.5
705,"Slovenia",4,"Median","12",2035,9646,8831,18477.5
705,"Slovenia",4,"Median","13",2035,10036,9213,19249.5
705,"Slovenia",4,"Median","14",2035,10240,9448,19688
705,"Slovenia",4,"Median","15",2035,10308,9568,19876
705,"Slovenia",4,"Median","16",2035,10626,9837,20463.5
705,"Slovenia",4,"Median","17",2035,11002,10128,21130.5
705,"Slovenia",4,"Median","18",2035,11264,10546,21809.5
705,"Slovenia",4,"Median","19",2035,11509,10836,22344.5
705,"Slovenia",4,"Median","20",2035,12009,11158,23167
705,"Slovenia",4,"Median","21",2035,12360,11546,23907
705,"Slovenia",4,"Median","22",2035,12856,11970,24825.5
705,"Slovenia",4,"Median","23",2035,13316,12338,25654
705,"Slovenia",4,"Median","24",2035,13574,12577,26151.5
705,"Slovenia",4,"Median","25",2035,13694,12552,26245
705,"Slovenia",4,"Median","26",2035,13528,12524,26053
705,"Slovenia",4,"Median","27",2035,13036,12124,25160.5
705,"Slovenia",4,"Median","28",2035,12332,11248,23579.5
705,"Slovenia",4,"Median","29",2035,11716,10617,22333.5
705,"Slovenia",4,"Median","30",2035,11152,10222,21374.5
705,"Slovenia",4,"Median","31",2035,10664,9721,20385
705,"Slovenia",4,"Median","32",2035,10335,9276,19611
705,"Slovenia",4,"Median","33",2035,10231,9139,19370
705,"Slovenia",4,"Median","34",2035,10538,9320,19858.5
705,"Slovenia",4,"Median","35",2035,10776,9368,20143.5
705,"Slovenia",4,"Median","36",2035,10890,9189,20079.5
705,"Slovenia",4,"Median","37",2035,11318,9418,20736
705,"Slovenia",4,"Median","38",2035,11792,9668,21459
705,"Slovenia",4,"Median","39",2035,11966,9816,21781.5
705,"Slovenia",4,"Median","40",2035,11938,10014,21952.5
705,"Slovenia",4,"Median","41",2035,12097,10182,22279.5
705,"Slovenia",4,"Median","42",2035,12240,10266,22506
705,"Slovenia",4,"Median","43",2035,12714,10704,23417.5
705,"Slovenia",4,"Median","44",2035,13163,11302,24465.5
705,"Slovenia",4,"Median","45",2035,13512,11694,25206.5
705,"Slovenia",4,"Median","46",2035,14378,12415,26792.5
705,"Slovenia",4,"Median","47",2035,14987,13090,28076.5
705,"Slovenia",4,"Median","48",2035,14894,13068,27962.5
705,"Slovenia",4,"Median","49",2035,14934,13152,28086
705,"Slovenia",4,"Median","50",2035,15206,13556,28762.5
705,"Slovenia",4,"Median","51",2035,15431,13786,29217.5
705,"Slovenia",4,"Median","52",2035,15896,14067,29963
705,"Slovenia",4,"Median","53",2035,16442,14466,30907.5
705,"Slovenia",4,"Median","54",2035,16718,14954,31671.5
705,"Slovenia",4,"Median","55",2035,16950,15126,32075
705,"Slovenia",4,"Median","56",2035,16994,14932,31926.5
705,"Slovenia",4,"Median","57",2035,16632,14820,31451.5
705,"Slovenia",4,"Median","58",2035,16414,15010,31423.5
705,"Slovenia",4,"Median","59",2035,16070,15000,31070.5
705,"Slovenia",4,"Median","60",2035,15560,14426,29985.5
705,"Slovenia",4,"Median","61",2035,15260,14156,29416
705,"Slovenia",4,"Median","62",2035,14960,14121,29080.5
705,"Slovenia",4,"Median","63",2035,14573,13788,28361.5
705,"Slovenia",4,"Median","64",2035,13870,13386,27256
705,"Slovenia",4,"Median","65",2035,13537,13300,26837
705,"Slovenia",4,"Median","66",2035,13737,13476,27213
705,"Slovenia",4,"Median","67",2035,13724,13968,27691.5
705,"Slovenia",4,"Median","68",2035,13924,14418,28342
705,"Slovenia",4,"Median","69",2035,13964,14526,28490
705,"Slovenia",4,"Median","70",2035,13432,14270,27701.5
705,"Slovenia",4,"Median","71",2035,12980,13844,26824.5
705,"Slovenia",4,"Median","72",2035,12740,13614,26353
705,"Slovenia",4,"Median","73",2035,12406,13508,25913.5
705,"Slovenia",4,"Median","74",2035,11864,13296,25159.5
705,"Slovenia",4,"Median","75",2035,11350,12770,24119.5
705,"Slovenia",4,"Median","76",2035,10885,12283,23168
705,"Slovenia",4,"Median","77",2035,10388,12194,22581
705,"Slovenia",4,"Median","78",2035,10182,12214,22396
705,"Slovenia",4,"Median","79",2035,9870,11966,21837
705,"Slovenia",4,"Median","80",2035,9134,11478,20611.5
705,"Slovenia",4,"Median","81",2035,8541,10888,19429.5
705,"Slovenia",4,"Median","82",2035,7926,10254,18180
705,"Slovenia",4,"Median","83",2035,6972,9472,16444.5
705,"Slovenia",4,"Median","84",2035,6238,8802,15040.5
705,"Slovenia",4,"Median","85",2035,5468,7924,13393
705,"Slovenia",4,"Median","86",2035,4518,6910,11428
705,"Slovenia",4,"Median","87",2035,3810,6115,9924.5
705,"Slovenia",4,"Median","88",2035,3090,5266,8356
705,"Slovenia",4,"Median","89",2035,2184,3932,6116
705,"Slovenia",4,"Median","90",2035,1749,3253,5002
705,"Slovenia",4,"Median","91",2035,1676,3330,5006.5
705,"Slovenia",4,"Median","92",2035,1434,3034,4467.5
705,"Slovenia",4,"Median","93",2035,1128,2460,3587.5
705,"Slovenia",4,"Median","94",2035,865,1960,2824.5
705,"Slovenia",4,"Median","95",2035,651,1576,2226.5
705,"Slovenia",4,"Median","96",2035,468,1211,1678.5
705,"Slovenia",4,"Median","97",2035,331,905,1236
705,"Slovenia",4,"Median","98",2035,234,674,909
705,"Slovenia",4,"Median","99",2035,160,486,645
705,"Slovenia",4,"Median","100",2035,66,206,272
705,"Slovenia",4,"Median","101",2035,50,165,215
705,"Slovenia",4,"Median","102",2035,38,132,170
705,"Slovenia",4,"Median","103",2035,29,106,135
705,"Slovenia",4,"Median","104",2035,22,85,107
705,"Slovenia",4,"Median","105",2035,17,68,85
705,"Slovenia",4,"Median","106",2035,13,54,67
705,"Slovenia",4,"Median","107",2035,10,43,53
705,"Slovenia",4,"Median","108",2035,7,35,42
705,"Slovenia",4,"Median","109",2035,5,28,33
705,"Slovenia",4,"Median","110",2035,4,22,26
705,"Slovenia",4,"Median","0",2036,8760,8230,16991
705,"Slovenia",4,"Median","1",2036,8692,8132,16823
705,"Slovenia",4,"Median","2",2036,8632,8044,16675.5
705,"Slovenia",4,"Median","3",2036,8590,7973,16562.5
705,"Slovenia",4,"Median","4",2036,8570,7926,16496
705,"Slovenia",4,"Median","5",2036,8580,7912,16492
705,"Slovenia",4,"Median","6",2036,8615,7922,16536.5
705,"Slovenia",4,"Median","7",2036,8686,7966,16652
705,"Slovenia",4,"Median","8",2036,8798,8053,16851.5
705,"Slovenia",4,"Median","9",2036,8944,8170,17114
705,"Slovenia",4,"Median","10",2036,9120,8316,17436.5
705,"Slovenia",4,"Median","11",2036,9320,8486,17806.5
705,"Slovenia",4,"Median","12",2036,9508,8666,18175
705,"Slovenia",4,"Median","13",2036,9661,8832,18493.5
705,"Slovenia",4,"Median","14",2036,10051,9214,19265.5
705,"Slovenia",4,"Median","15",2036,10260,9456,19716
705,"Slovenia",4,"Median","16",2036,10352,9596,19948.5
705,"Slovenia",4,"Median","17",2036,10722,9907,20628.5
705,"Slovenia",4,"Median","18",2036,11164,10254,21418.5
705,"Slovenia",4,"Median","19",2036,11491,10726,22217
705,"Slovenia",4,"Median","20",2036,11783,11054,22836.5
705,"Slovenia",4,"Median","21",2036,12294,11380,23674
705,"Slovenia",4,"Median","22",2036,12615,11738,24353.5
705,"Slovenia",4,"Median","23",2036,13052,12104,25155
705,"Slovenia",4,"Median","24",2036,13444,12406,25850.5
705,"Slovenia",4,"Median","25",2036,13642,12588,26230.5
705,"Slovenia",4,"Median","26",2036,13714,12521,26235
705,"Slovenia",4,"Median","27",2036,13518,12467,25985
705,"Slovenia",4,"Median","28",2036,13006,12052,25058
705,"Slovenia",4,"Median","29",2036,12292,11168,23460
705,"Slovenia",4,"Median","30",2036,11672,10538,22209
705,"Slovenia",4,"Median","31",2036,11106,10145,21251.5
705,"Slovenia",4,"Median","32",2036,10620,9648,20268
705,"Slovenia",4,"Median","33",2036,10294,9208,19502.5
705,"Slovenia",4,"Median","34",2036,10192,9078,19270
705,"Slovenia",4,"Median","35",2036,10503,9264,19767
705,"Slovenia",4,"Median","36",2036,10744,9316,20060
705,"Slovenia",4,"Median","37",2036,10861,9142,20003
705,"Slovenia",4,"Median","38",2036,11289,9376,20664.5
705,"Slovenia",4,"Median","39",2036,11764,9629,21393
705,"Slovenia",4,"Median","40",2036,11940,9781,21721.5
705,"Slovenia",4,"Median","41",2036,11916,9983,21899
705,"Slovenia",4,"Median","42",2036,12076,10154,22229
705,"Slovenia",4,"Median","43",2036,12219,10238,22457.5
705,"Slovenia",4,"Median","44",2036,12692,10678,23370.5
705,"Slovenia",4,"Median","45",2036,13140,11277,24417.5
705,"Slovenia",4,"Median","46",2036,13490,11670,25160
705,"Slovenia",4,"Median","47",2036,14354,12390,26744
705,"Slovenia",4,"Median","48",2036,14960,13066,28026
705,"Slovenia",4,"Median","49",2036,14864,13045,27909.5
705,"Slovenia",4,"Median","50",2036,14899,13126,28025.5
705,"Slovenia",4,"Median","51",2036,15164,13528,28691.5
705,"Slovenia",4,"Median","52",2036,15384,13756,29140
705,"Slovenia",4,"Median","53",2036,15845,14036,29880.5
705,"Slovenia",4,"Median","54",2036,16384,14434,30819
705,"Slovenia",4,"Median","55",2036,16652,14920,31572.5
705,"Slovenia",4,"Median","56",2036,16874,15088,31962
705,"Slovenia",4,"Median","57",2036,16910,14891,31800.5
705,"Slovenia",4,"Median","58",2036,16540,14774,31314
705,"Slovenia",4,"Median","59",2036,16314,14958,31272
705,"Slovenia",4,"Median","60",2036,15961,14945,30906
705,"Slovenia",4,"Median","61",2036,15441,14368,29808.5
705,"Slovenia",4,"Median","62",2036,15131,14092,29222.5
705,"Slovenia",4,"Median","63",2036,14822,14052,28873.5
705,"Slovenia",4,"Median","64",2036,14430,13718,28148
705,"Slovenia",4,"Median","65",2036,13726,13314,27040.5
705,"Slovenia",4,"Median","66",2036,13387,13222,26609
705,"Slovenia",4,"Median","67",2036,13570,13392,26961.5
705,"Slovenia",4,"Median","68",2036,13542,13875,27417.5
705,"Slovenia",4,"Median","69",2036,13728,14316,28045
705,"Slovenia",4,"Median","70",2036,13754,14414,28168.5
705,"Slovenia",4,"Median","71",2036,13214,14148,27362.5
705,"Slovenia",4,"Median","72",2036,12752,13717,26469
705,"Slovenia",4,"Median","73",2036,12494,13476,25969.5
705,"Slovenia",4,"Median","74",2036,12133,13348,25481
705,"Slovenia",4,"Median","75",2036,11558,13097,24655
705,"Slovenia",4,"Median","76",2036,10996,12533,23529.5
705,"Slovenia",4,"Median","77",2036,10494,12014,22507.5
705,"Slovenia",4,"Median","78",2036,9972,11890,21862.5
705,"Slovenia",4,"Median","79",2036,9733,11870,21603.5
705,"Slovenia",4,"Median","80",2036,9384,11584,20968
705,"Slovenia",4,"Median","81",2036,8632,11060,19692
705,"Slovenia",4,"Median","82",2036,8020,10439,18459.5
705,"Slovenia",4,"Median","83",2036,7390,9776,17165.5
705,"Slovenia",4,"Median","84",2036,6450,8970,15419.5
705,"Slovenia",4,"Median","85",2036,5720,8274,13993.5
705,"Slovenia",4,"Median","86",2036,4966,7388,12355
705,"Slovenia",4,"Median","87",2036,4060,6382,10442.5
705,"Slovenia",4,"Median","88",2036,3384,5590,8974
705,"Slovenia",4,"Median","89",2036,2710,4758,7468
705,"Slovenia",4,"Median","90",2036,1888,3508,5396
705,"Slovenia",4,"Median","91",2036,1490,2860,4350
705,"Slovenia",4,"Median","92",2036,1404,2882,4287
705,"Slovenia",4,"Median","93",2036,1181,2579,3760
705,"Slovenia",4,"Median","94",2036,912,2052,2963.5
705,"Slovenia",4,"Median","95",2036,685,1602,2286.5
705,"Slovenia",4,"Median","96",2036,505,1258,1763
705,"Slovenia",4,"Median","97",2036,354,944,1298
705,"Slovenia",4,"Median","98",2036,245,687,932
705,"Slovenia",4,"Median","99",2036,169,498,667
705,"Slovenia",4,"Median","100",2036,70,208,278
705,"Slovenia",4,"Median","101",2036,54,168,222
705,"Slovenia",4,"Median","102",2036,41,135,176
705,"Slovenia",4,"Median","103",2036,31,109,140
705,"Slovenia",4,"Median","104",2036,24,88,112
705,"Slovenia",4,"Median","105",2036,18,71,89
705,"Slovenia",4,"Median","106",2036,14,57,71
705,"Slovenia",4,"Median","107",2036,11,46,57
705,"Slovenia",4,"Median","108",2036,8,37,45
705,"Slovenia",4,"Median","109",2036,6,30,36
705,"Slovenia",4,"Median","110",2036,5,24,29
705,"Slovenia",4,"Median","0",2037,8867,8332,17198.5
705,"Slovenia",4,"Median","1",2037,8798,8232,17029.5
705,"Slovenia",4,"Median","2",2037,8726,8134,16859.5
705,"Slovenia",4,"Median","3",2037,8664,8046,16709
705,"Slovenia",4,"Median","4",2037,8618,7976,16594
705,"Slovenia",4,"Median","5",2037,8596,7929,16524.5
705,"Slovenia",4,"Median","6",2037,8605,7914,16518.5
705,"Slovenia",4,"Median","7",2037,8638,7923,16560.5
705,"Slovenia",4,"Median","8",2037,8706,7968,16674
705,"Slovenia",4,"Median","9",2037,8818,8054,16871
705,"Slovenia",4,"Median","10",2037,8962,8172,17133.5
705,"Slovenia",4,"Median","11",2037,9136,8318,17453.5
705,"Slovenia",4,"Median","12",2037,9336,8488,17823
705,"Slovenia",4,"Median","13",2037,9522,8668,18189.5
705,"Slovenia",4,"Median","14",2037,9674,8834,18508
705,"Slovenia",4,"Median","15",2037,10071,9222,19292.5
705,"Slovenia",4,"Median","16",2037,10304,9484,19787.5
705,"Slovenia",4,"Median","17",2037,10446,9665,20111
705,"Slovenia",4,"Median","18",2037,10882,10031,20912.5
705,"Slovenia",4,"Median","19",2037,11389,10432,21821.5
705,"Slovenia",4,"Median","20",2037,11762,10942,22703.5
705,"Slovenia",4,"Median","21",2037,12064,11273,23337
705,"Slovenia",4,"Median","22",2037,12544,11570,24114
705,"Slovenia",4,"Median","23",2037,12807,11868,24675.5
705,"Slovenia",4,"Median","24",2037,13176,12168,25344
705,"Slovenia",4,"Median","25",2037,13508,12415,25922.5
705,"Slovenia",4,"Median","26",2037,13658,12555,26213.5
705,"Slovenia",4,"Median","27",2037,13700,12460,26160
705,"Slovenia",4,"Median","28",2037,13484,12392,25875.5
705,"Slovenia",4,"Median","29",2037,12962,11970,24932
705,"Slovenia",4,"Median","30",2037,12243,11086,23329.5
705,"Slovenia",4,"Median","31",2037,11623,10458,22081
705,"Slovenia",4,"Median","32",2037,11060,10070,21129.5
705,"Slovenia",4,"Median","33",2037,10576,9579,20155.5
705,"Slovenia",4,"Median","34",2037,10253,9145,19398
705,"Slovenia",4,"Median","35",2037,10156,9019,19174.5
705,"Slovenia",4,"Median","36",2037,10469,9210,19679.5
705,"Slovenia",4,"Median","37",2037,10713,9268,19980.5
705,"Slovenia",4,"Median","38",2037,10830,9098,19929
705,"Slovenia",4,"Median","39",2037,11260,9336,20596.5
705,"Slovenia",4,"Median","40",2037,11738,9594,21331.5
705,"Slovenia",4,"Median","41",2037,11917,9749,21666
705,"Slovenia",4,"Median","42",2037,11894,9953,21846.5
705,"Slovenia",4,"Median","43",2037,12054,10126,22179
705,"Slovenia",4,"Median","44",2037,12198,10212,22409.5
705,"Slovenia",4,"Median","45",2037,12670,10652,23322.5
705,"Slovenia",4,"Median","46",2037,13118,11252,24371
705,"Slovenia",4,"Median","47",2037,13466,11646,25112
705,"Slovenia",4,"Median","48",2037,14327,12368,26694.5
705,"Slovenia",4,"Median","49",2037,14930,13042,27971.5
705,"Slovenia",4,"Median","50",2037,14830,13020,27849.5
705,"Slovenia",4,"Median","51",2037,14857,13099,27956
705,"Slovenia",4,"Median","52",2037,15117,13498,28615
705,"Slovenia",4,"Median","53",2037,15334,13726,29060
705,"Slovenia",4,"Median","54",2037,15790,14005,29795.5
705,"Slovenia",4,"Median","55",2037,16321,14402,30722.5
705,"Slovenia",4,"Median","56",2037,16579,14883,31462
705,"Slovenia",4,"Median","57",2037,16791,15047,31838
705,"Slovenia",4,"Median","58",2037,16818,14845,31662.5
705,"Slovenia",4,"Median","59",2037,16440,14725,31164.5
705,"Slovenia",4,"Median","60",2037,16204,14904,31108
705,"Slovenia",4,"Median","61",2037,15840,14885,30725.5
705,"Slovenia",4,"Median","62",2037,15313,14302,29615
705,"Slovenia",4,"Median","63",2037,14994,14022,29016
705,"Slovenia",4,"Median","64",2037,14678,13981,28659
705,"Slovenia",4,"Median","65",2037,14283,13645,27928
705,"Slovenia",4,"Median","66",2037,13576,13238,26813.5
705,"Slovenia",4,"Median","67",2037,13227,13140,26367
705,"Slovenia",4,"Median","68",2037,13394,13304,26698
705,"Slovenia",4,"Median","69",2037,13356,13778,27134.5
705,"Slovenia",4,"Median","70",2037,13526,14208,27734
705,"Slovenia",4,"Median","71",2037,13536,14294,27829
705,"Slovenia",4,"Median","72",2037,12988,14020,27007.5
705,"Slovenia",4,"Median","73",2037,12510,13580,26091
705,"Slovenia",4,"Median","74",2037,12224,13318,25543
705,"Slovenia",4,"Median","75",2037,11826,13152,24977.5
705,"Slovenia",4,"Median","76",2037,11205,12858,24062.5
705,"Slovenia",4,"Median","77",2037,10608,12262,22870
705,"Slovenia",4,"Median","78",2037,10082,11719,21801
705,"Slovenia",4,"Median","79",2037,9540,11561,21100.5
705,"Slovenia",4,"Median","80",2037,9261,11496,20757.5
705,"Slovenia",4,"Median","81",2037,8876,11168,20044
705,"Slovenia",4,"Median","82",2037,8114,10609,18723
705,"Slovenia",4,"Median","83",2037,7486,9957,17443
705,"Slovenia",4,"Median","84",2037,6844,9264,16107.5
705,"Slovenia",4,"Median","85",2037,5921,8438,14359.5
705,"Slovenia",4,"Median","86",2037,5201,7720,12921.5
705,"Slovenia",4,"Median","87",2037,4470,6831,11300.5
705,"Slovenia",4,"Median","88",2037,3612,5840,9452.5
705,"Slovenia",4,"Median","89",2037,2972,5056,8028.5
705,"Slovenia",4,"Median","90",2037,2348,4249,6597
705,"Slovenia",4,"Median","91",2037,1612,3088,4700.5
705,"Slovenia",4,"Median","92",2037,1252,2478,3729.5
705,"Slovenia",4,"Median","93",2037,1159,2454,3613
705,"Slovenia",4,"Median","94",2037,956,2155,3111.5
705,"Slovenia",4,"Median","95",2037,724,1680,2403
705,"Slovenia",4,"Median","96",2037,532,1281,1813.5
705,"Slovenia",4,"Median","97",2037,383,982,1365.5
705,"Slovenia",4,"Median","98",2037,262,718,980.5
705,"Slovenia",4,"Median","99",2037,176,508,684.5
705,"Slovenia",4,"Median","100",2037,76,217,293
705,"Slovenia",4,"Median","101",2037,58,174,232
705,"Slovenia",4,"Median","102",2037,44,140,184
705,"Slovenia",4,"Median","103",2037,34,112,146
705,"Slovenia",4,"Median","104",2037,26,90,116
705,"Slovenia",4,"Median","105",2037,20,72,92
705,"Slovenia",4,"Median","106",2037,15,58,73
705,"Slovenia",4,"Median","107",2037,11,47,58
705,"Slovenia",4,"Median","108",2037,9,38,47
705,"Slovenia",4,"Median","109",2037,7,30,37
705,"Slovenia",4,"Median","110",2037,5,24,29
705,"Slovenia",4,"Median","0",2038,8974,8433,17407.5
705,"Slovenia",4,"Median","1",2038,8906,8336,17242
705,"Slovenia",4,"Median","2",2038,8834,8236,17069.5
705,"Slovenia",4,"Median","3",2038,8760,8138,16897
705,"Slovenia",4,"Median","4",2038,8694,8050,16744
705,"Slovenia",4,"Median","5",2038,8646,7979,16625.5
705,"Slovenia",4,"Median","6",2038,8622,7932,16553.5
705,"Slovenia",4,"Median","7",2038,8628,7916,16544.5
705,"Slovenia",4,"Median","8",2038,8660,7926,16585
705,"Slovenia",4,"Median","9",2038,8726,7970,16696
705,"Slovenia",4,"Median","10",2038,8836,8056,16892
705,"Slovenia",4,"Median","11",2038,8979,8174,17153
705,"Slovenia",4,"Median","12",2038,9152,8320,17471.5
705,"Slovenia",4,"Median","13",2038,9350,8490,17839.5
705,"Slovenia",4,"Median","14",2038,9536,8670,18206
705,"Slovenia",4,"Median","15",2038,9696,8841,18536.5
705,"Slovenia",4,"Median","16",2038,10116,9250,19365.5
705,"Slovenia",4,"Median","17",2038,10398,9553,19951.5
705,"Slovenia",4,"Median","18",2038,10608,9790,20397.5
705,"Slovenia",4,"Median","19",2038,11108,10210,21319
705,"Slovenia",4,"Median","20",2038,11662,10650,22311
705,"Slovenia",4,"Median","21",2038,12045,11163,23208
705,"Slovenia",4,"Median","22",2038,12318,11464,23781
705,"Slovenia",4,"Median","23",2038,12740,11702,24441.5
705,"Slovenia",4,"Median","24",2038,12934,11936,24870.5
705,"Slovenia",4,"Median","25",2038,13242,12180,25423
705,"Slovenia",4,"Median","26",2038,13528,12385,25913
705,"Slovenia",4,"Median","27",2038,13648,12498,26145
705,"Slovenia",4,"Median","28",2038,13670,12388,26057.5
705,"Slovenia",4,"Median","29",2038,13444,12312,25756
705,"Slovenia",4,"Median","30",2038,12917,11890,24807.5
705,"Slovenia",4,"Median","31",2038,12197,11010,23207
705,"Slovenia",4,"Median","32",2038,11578,10386,21964
705,"Slovenia",4,"Median","33",2038,11018,10003,21021.5
705,"Slovenia",4,"Median","34",2038,10538,9517,20055
705,"Slovenia",4,"Median","35",2038,10218,9088,19306.5
705,"Slovenia",4,"Median","36",2038,10124,8968,19092
705,"Slovenia",4,"Median","37",2038,10440,9164,19604
705,"Slovenia",4,"Median","38",2038,10684,9226,19910
705,"Slovenia",4,"Median","39",2038,10804,9060,19864.5
705,"Slovenia",4,"Median","40",2038,11237,9302,20538.5
705,"Slovenia",4,"Median","41",2038,11716,9562,21278
705,"Slovenia",4,"Median","42",2038,11896,9720,21616
705,"Slovenia",4,"Median","43",2038,11873,9926,21799
705,"Slovenia",4,"Median","44",2038,12033,10100,22133
705,"Slovenia",4,"Median","45",2038,12177,10188,22365
705,"Slovenia",4,"Median","46",2038,12650,10629,23278.5
705,"Slovenia",4,"Median","47",2038,13096,11230,24325.5
705,"Slovenia",4,"Median","48",2038,13442,11624,25067
705,"Slovenia",4,"Median","49",2038,14300,12344,26644
705,"Slovenia",4,"Median","50",2038,14896,13018,27914
705,"Slovenia",4,"Median","51",2038,14790,12994,27783
705,"Slovenia",4,"Median","52",2038,14812,13070,27883
705,"Slovenia",4,"Median","53",2038,15070,13468,28539
705,"Slovenia",4,"Median","54",2038,15283,13696,28979.5
705,"Slovenia",4,"Median","55",2038,15731,13974,29704.5
705,"Slovenia",4,"Median","56",2038,16252,14366,30618
705,"Slovenia",4,"Median","57",2038,16500,14844,31343
705,"Slovenia",4,"Median","58",2038,16702,15002,31703
705,"Slovenia",4,"Median","59",2038,16718,14797,31514.5
705,"Slovenia",4,"Median","60",2038,16331,14673,31004
705,"Slovenia",4,"Median","61",2038,16084,14846,30929
705,"Slovenia",4,"Median","62",2038,15712,14819,30530.5
705,"Slovenia",4,"Median","63",2038,15176,14234,29410
705,"Slovenia",4,"Median","64",2038,14851,13954,28805
705,"Slovenia",4,"Median","65",2038,14532,13908,28439.5
705,"Slovenia",4,"Median","66",2038,14130,13568,27697.5
705,"Slovenia",4,"Median","67",2038,13418,13156,26574
705,"Slovenia",4,"Median","68",2038,13060,13055,26115
705,"Slovenia",4,"Median","69",2038,13214,13213,26427
705,"Slovenia",4,"Median","70",2038,13164,13676,26840.5
705,"Slovenia",4,"Median","71",2038,13316,14092,27407.5
705,"Slovenia",4,"Median","72",2038,13308,14167,27475.5
705,"Slovenia",4,"Median","73",2038,12747,13884,26630.5
705,"Slovenia",4,"Median","74",2038,12247,13426,25672.5
705,"Slovenia",4,"Median","75",2038,11920,13127,25047.5
705,"Slovenia",4,"Median","76",2038,11470,12916,24386
705,"Slovenia",4,"Median","77",2038,10816,12584,23399
705,"Slovenia",4,"Median","78",2038,10198,11966,22164.5
705,"Slovenia",4,"Median","79",2038,9652,11400,21051
705,"Slovenia",4,"Median","80",2038,9084,11202,20286
705,"Slovenia",4,"Median","81",2038,8768,11089,19857
705,"Slovenia",4,"Median","82",2038,8352,10718,19070.5
705,"Slovenia",4,"Median","83",2038,7581,10126,17707
705,"Slovenia",4,"Median","84",2038,6941,9442,16383.5
705,"Slovenia",4,"Median","85",2038,6290,8722,15012.5
705,"Slovenia",4,"Median","86",2038,5392,7881,13272.5
705,"Slovenia",4,"Median","87",2038,4688,7145,11832.5
705,"Slovenia",4,"Median","88",2038,3982,6258,10240
705,"Slovenia",4,"Median","89",2038,3178,5288,8466.5
705,"Slovenia",4,"Median","90",2038,2580,4521,7101
705,"Slovenia",4,"Median","91",2038,2008,3746,5753.5
705,"Slovenia",4,"Median","92",2038,1357,2680,4037
705,"Slovenia",4,"Median","93",2038,1034,2113,3147.5
705,"Slovenia",4,"Median","94",2038,941,2054,2994.5
705,"Slovenia",4,"Median","95",2038,761,1766,2527.5
705,"Slovenia",4,"Median","96",2038,564,1346,1909.5
705,"Slovenia",4,"Median","97",2038,405,1002,1407
705,"Slovenia",4,"Median","98",2038,284,749,1033.5
705,"Slovenia",4,"Median","99",2038,190,532,722
705,"Slovenia",4,"Median","100",2038,82,226,308
705,"Slovenia",4,"Median","101",2038,62,180,242
705,"Slovenia",4,"Median","102",2038,47,144,191
705,"Slovenia",4,"Median","103",2038,36,115,151
705,"Slovenia",4,"Median","104",2038,27,92,119
705,"Slovenia",4,"Median","105",2038,21,74,95
705,"Slovenia",4,"Median","106",2038,16,59,75
705,"Slovenia",4,"Median","107",2038,12,47,59
705,"Slovenia",4,"Median","108",2038,9,38,47
705,"Slovenia",4,"Median","109",2038,7,30,37
705,"Slovenia",4,"Median","110",2038,5,24,29
705,"Slovenia",4,"Median","0",2039,9080,8532,17611.5
705,"Slovenia",4,"Median","1",2039,9016,8440,17456
705,"Slovenia",4,"Median","2",2039,8945,8342,17286.5
705,"Slovenia",4,"Median","3",2039,8870,8242,17111.5
705,"Slovenia",4,"Median","4",2039,8792,8143,16935.5
705,"Slovenia",4,"Median","5",2039,8724,8054,16779
705,"Slovenia",4,"Median","6",2039,8674,7984,16658
705,"Slovenia",4,"Median","7",2039,8647,7936,16583
705,"Slovenia",4,"Median","8",2039,8652,7920,16572
705,"Slovenia",4,"Median","9",2039,8681,7928,16609.5
705,"Slovenia",4,"Median","10",2039,8746,7973,16719
705,"Slovenia",4,"Median","11",2039,8854,8060,16914
705,"Slovenia",4,"Median","12",2039,8996,8176,17172.5
705,"Slovenia",4,"Median","13",2039,9168,8322,17490
705,"Slovenia",4,"Median","14",2039,9366,8492,17857.5
705,"Slovenia",4,"Median","15",2039,9558,8678,18235.5
705,"Slovenia",4,"Median","16",2039,9741,8870,18611
705,"Slovenia",4,"Median","17",2039,10212,9320,19531.5
705,"Slovenia",4,"Median","18",2039,10562,9680,20241
705,"Slovenia",4,"Median","19",2039,10836,9971,20807
705,"Slovenia",4,"Median","20",2039,11383,10429,21812
705,"Slovenia",4,"Median","21",2039,11947,10874,22820.5
705,"Slovenia",4,"Median","22",2039,12302,11356,23657.5
705,"Slovenia",4,"Median","23",2039,12516,11600,24115.5
705,"Slovenia",4,"Median","24",2039,12870,11774,24644.5
705,"Slovenia",4,"Median","25",2039,13006,11952,24958
705,"Slovenia",4,"Median","26",2039,13268,12154,25422.5
705,"Slovenia",4,"Median","27",2039,13522,12331,25852.5
705,"Slovenia",4,"Median","28",2039,13622,12429,26051
705,"Slovenia",4,"Median","29",2039,13633,12314,25946.5
705,"Slovenia",4,"Median","30",2039,13402,12237,25639
705,"Slovenia",4,"Median","31",2039,12874,11818,24691.5
705,"Slovenia",4,"Median","32",2039,12156,10940,23096
705,"Slovenia",4,"Median","33",2039,11540,10321,21861
705,"Slovenia",4,"Median","34",2039,10982,9944,20926
705,"Slovenia",4,"Median","35",2039,10506,9464,19969
705,"Slovenia",4,"Median","36",2039,10190,9040,19229
705,"Slovenia",4,"Median","37",2039,10097,8924,19020.5
705,"Slovenia",4,"Median","38",2039,10414,9124,19537.5
705,"Slovenia",4,"Median","39",2039,10660,9189,19849
705,"Slovenia",4,"Median","40",2039,10782,9028,19810
705,"Slovenia",4,"Median","41",2039,11217,9272,20489
705,"Slovenia",4,"Median","42",2039,11696,9535,21231.5
705,"Slovenia",4,"Median","43",2039,11876,9694,21571
705,"Slovenia",4,"Median","44",2039,11854,9902,21756
705,"Slovenia",4,"Median","45",2039,12014,10077,22091
705,"Slovenia",4,"Median","46",2039,12158,10166,22324
705,"Slovenia",4,"Median","47",2039,12629,10608,23237
705,"Slovenia",4,"Median","48",2039,13074,11209,24283.5
705,"Slovenia",4,"Median","49",2039,13418,11604,25021
705,"Slovenia",4,"Median","50",2039,14268,12322,26590
705,"Slovenia",4,"Median","51",2039,14858,12992,27849.5
705,"Slovenia",4,"Median","52",2039,14746,12966,27712.5
705,"Slovenia",4,"Median","53",2039,14768,13043,27811.5
705,"Slovenia",4,"Median","54",2039,15021,13440,28461.5
705,"Slovenia",4,"Median","55",2039,15227,13666,28893.5
705,"Slovenia",4,"Median","56",2039,15666,13940,29606
705,"Slovenia",4,"Median","57",2039,16175,14329,30504
705,"Slovenia",4,"Median","58",2039,16414,14800,31213.5
705,"Slovenia",4,"Median","59",2039,16604,14954,31559
705,"Slovenia",4,"Median","60",2039,16610,14746,31355
705,"Slovenia",4,"Median","61",2039,16213,14616,30829
705,"Slovenia",4,"Median","62",2039,15954,14782,30736
705,"Slovenia",4,"Median","63",2039,15574,14750,30324
705,"Slovenia",4,"Median","64",2039,15035,14166,29201
705,"Slovenia",4,"Median","65",2039,14706,13883,28588.5
705,"Slovenia",4,"Median","66",2039,14379,13831,28210
705,"Slovenia",4,"Median","67",2039,13968,13487,27455
705,"Slovenia",4,"Median","68",2039,13252,13074,26325
705,"Slovenia",4,"Median","69",2039,12888,12968,25856.5
705,"Slovenia",4,"Median","70",2039,13028,13118,26145.5
705,"Slovenia",4,"Median","71",2039,12964,13567,26531.5
705,"Slovenia",4,"Median","72",2039,13098,13970,27067
705,"Slovenia",4,"Median","73",2039,13068,14032,27100
705,"Slovenia",4,"Median","74",2039,12484,13728,26212.5
705,"Slovenia",4,"Median","75",2039,11949,13236,25185
705,"Slovenia",4,"Median","76",2039,11569,12894,24463.5
705,"Slovenia",4,"Median","77",2039,11078,12644,23722.5
705,"Slovenia",4,"Median","78",2039,10404,12284,22689
705,"Slovenia",4,"Median","79",2039,9770,11644,21414
705,"Slovenia",4,"Median","80",2039,9198,11050,20248.5
705,"Slovenia",4,"Median","81",2039,8608,10810,19418.5
705,"Slovenia",4,"Median","82",2039,8257,10650,18906.5
705,"Slovenia",4,"Median","83",2039,7811,10238,18048.5
705,"Slovenia",4,"Median","84",2039,7036,9610,16646
705,"Slovenia",4,"Median","85",2039,6387,8898,15284.5
705,"Slovenia",4,"Median","86",2039,5735,8152,13887.5
705,"Slovenia",4,"Median","87",2039,4866,7300,12166
705,"Slovenia",4,"Median","88",2039,4182,6552,10733.5
705,"Slovenia",4,"Median","89",2039,3510,5672,9182
705,"Slovenia",4,"Median","90",2039,2763,4734,7497.5
705,"Slovenia",4,"Median","91",2039,2210,3990,6200.5
705,"Slovenia",4,"Median","92",2039,1693,3255,4948
705,"Slovenia",4,"Median","93",2039,1124,2290,3414
705,"Slovenia",4,"Median","94",2039,842,1771,2612.5
705,"Slovenia",4,"Median","95",2039,750,1686,2436
705,"Slovenia",4,"Median","96",2039,594,1418,2012.5
705,"Slovenia",4,"Median","97",2039,430,1055,1485
705,"Slovenia",4,"Median","98",2039,302,766,1067
705,"Slovenia",4,"Median","99",2039,207,556,763
705,"Slovenia",4,"Median","100",2039,89,239,328
705,"Slovenia",4,"Median","101",2039,67,190,257
705,"Slovenia",4,"Median","102",2039,51,151,202
705,"Slovenia",4,"Median","103",2039,39,120,159
705,"Slovenia",4,"Median","104",2039,29,95,124
705,"Slovenia",4,"Median","105",2039,22,76,98
705,"Slovenia",4,"Median","106",2039,17,60,77
705,"Slovenia",4,"Median","107",2039,13,48,61
705,"Slovenia",4,"Median","108",2039,10,38,48
705,"Slovenia",4,"Median","109",2039,7,30,37
705,"Slovenia",4,"Median","110",2039,5,24,29
705,"Slovenia",4,"Median","0",2040,9167,8615,17782
705,"Slovenia",4,"Median","1",2040,9122,8540,17662
705,"Slovenia",4,"Median","2",2040,9056,8446,17502
705,"Slovenia",4,"Median","3",2040,8982,8348,17330
705,"Slovenia",4,"Median","4",2040,8903,8248,17151.5
705,"Slovenia",4,"Median","5",2040,8823,8149,16972
705,"Slovenia",4,"Median","6",2040,8753,8060,16813
705,"Slovenia",4,"Median","7",2040,8700,7989,16689
705,"Slovenia",4,"Median","8",2040,8671,7940,16611.5
705,"Slovenia",4,"Median","9",2040,8674,7924,16598
705,"Slovenia",4,"Median","10",2040,8701,7932,16633.5
705,"Slovenia",4,"Median","11",2040,8765,7977,16742
705,"Slovenia",4,"Median","12",2040,8872,8062,16934.5
705,"Slovenia",4,"Median","13",2040,9012,8180,17192
705,"Slovenia",4,"Median","14",2040,9184,8325,17508.5
705,"Slovenia",4,"Median","15",2040,9387,8501,17888
705,"Slovenia",4,"Median","16",2040,9604,8707,18311
705,"Slovenia",4,"Median","17",2040,9837,8941,18778
705,"Slovenia",4,"Median","18",2040,10374,9447,19821.5
705,"Slovenia",4,"Median","19",2040,10790,9861,20651
705,"Slovenia",4,"Median","20",2040,11111,10190,21300.5
705,"Slovenia",4,"Median","21",2040,11670,10654,22323.5
705,"Slovenia",4,"Median","22",2040,12204,11067,23271.5
705,"Slovenia",4,"Median","23",2040,12502,11493,23994.5
705,"Slovenia",4,"Median","24",2040,12649,11673,24322
705,"Slovenia",4,"Median","25",2040,12944,11791,24735.5
705,"Slovenia",4,"Median","26",2040,13033,11928,24961
705,"Slovenia",4,"Median","27",2040,13264,12103,25366.5
705,"Slovenia",4,"Median","28",2040,13498,12265,25762.5
705,"Slovenia",4,"Median","29",2040,13588,12356,25944
705,"Slovenia",4,"Median","30",2040,13592,12240,25832
705,"Slovenia",4,"Median","31",2040,13360,12165,25525.5
705,"Slovenia",4,"Median","32",2040,12834,11749,24583
705,"Slovenia",4,"Median","33",2040,12118,10877,22995.5
705,"Slovenia",4,"Median","34",2040,11505,10262,21767.5
705,"Slovenia",4,"Median","35",2040,10951,9891,20842
705,"Slovenia",4,"Median","36",2040,10478,9415,19892.5
705,"Slovenia",4,"Median","37",2040,10163,8996,19159
705,"Slovenia",4,"Median","38",2040,10072,8884,18956.5
705,"Slovenia",4,"Median","39",2040,10390,9088,19478.5
705,"Slovenia",4,"Median","40",2040,10640,9157,19796.5
705,"Slovenia",4,"Median","41",2040,10764,8999,19763
705,"Slovenia",4,"Median","42",2040,11198,9246,20444
705,"Slovenia",4,"Median","43",2040,11678,9510,21188
705,"Slovenia",4,"Median","44",2040,11858,9672,21530
705,"Slovenia",4,"Median","45",2040,11836,9880,21715.5
705,"Slovenia",4,"Median","46",2040,11996,10056,22051.5
705,"Slovenia",4,"Median","47",2040,12139,10146,22284.5
705,"Slovenia",4,"Median","48",2040,12608,10588,23196.5
705,"Slovenia",4,"Median","49",2040,13051,11189,24240
705,"Slovenia",4,"Median","50",2040,13389,11582,24970.5
705,"Slovenia",4,"Median","51",2040,14232,12298,26529
705,"Slovenia",4,"Median","52",2040,14815,12966,27780.5
705,"Slovenia",4,"Median","53",2040,14703,12940,27642.5
705,"Slovenia",4,"Median","54",2040,14721,13016,27737
705,"Slovenia",4,"Median","55",2040,14968,13412,28379
705,"Slovenia",4,"Median","56",2040,15165,13634,28799.5
705,"Slovenia",4,"Median","57",2040,15594,13905,29498.5
705,"Slovenia",4,"Median","58",2040,16092,14288,30380.5
705,"Slovenia",4,"Median","59",2040,16320,14754,31074
705,"Slovenia",4,"Median","60",2040,16499,14903,31402
705,"Slovenia",4,"Median","61",2040,16492,14690,31181
705,"Slovenia",4,"Median","62",2040,16085,14554,30639
705,"Slovenia",4,"Median","63",2040,15818,14714,30531
705,"Slovenia",4,"Median","64",2040,15432,14680,30112.5
705,"Slovenia",4,"Median","65",2040,14890,14095,28985.5
705,"Slovenia",4,"Median","66",2040,14554,13807,28361.5
705,"Slovenia",4,"Median","67",2040,14218,13750,27967.5
705,"Slovenia",4,"Median","68",2040,13798,13404,27201.5
705,"Slovenia",4,"Median","69",2040,13080,12988,26068.5
705,"Slovenia",4,"Median","70",2040,12710,12876,25586
705,"Slovenia",4,"Median","71",2040,12835,13014,25849.5
705,"Slovenia",4,"Median","72",2040,12756,13452,26207.5
705,"Slovenia",4,"Median","73",2040,12865,13840,26704.5
705,"Slovenia",4,"Median","74",2040,12803,13878,26681
705,"Slovenia",4,"Median","75",2040,12186,13538,25724
705,"Slovenia",4,"Median","76",2040,11602,13005,24607.5
705,"Slovenia",4,"Median","77",2040,11180,12628,23807.5
705,"Slovenia",4,"Median","78",2040,10664,12348,23011.5
705,"Slovenia",4,"Median","79",2040,9974,11959,21932.5
705,"Slovenia",4,"Median","80",2040,9317,11293,20610
705,"Slovenia",4,"Median","81",2040,8722,10670,19391.5
705,"Slovenia",4,"Median","82",2040,8113,10388,18500.5
705,"Slovenia",4,"Median","83",2040,7730,10178,17907
705,"Slovenia",4,"Median","84",2040,7257,9722,16978.5
705,"Slovenia",4,"Median","85",2040,6482,9062,15543.5
705,"Slovenia",4,"Median","86",2040,5830,8323,14152.5
705,"Slovenia",4,"Median","87",2040,5182,7558,12740
705,"Slovenia",4,"Median","88",2040,4347,6700,11047.5
705,"Slovenia",4,"Median","89",2040,3690,5946,9636
705,"Slovenia",4,"Median","90",2040,3056,5084,8139.5
705,"Slovenia",4,"Median","91",2040,2370,4184,6555
705,"Slovenia",4,"Median","92",2040,1866,3472,5339
705,"Slovenia",4,"Median","93",2040,1406,2784,4190
705,"Slovenia",4,"Median","94",2040,916,1922,2838.5
705,"Slovenia",4,"Median","95",2040,672,1456,2128
705,"Slovenia",4,"Median","96",2040,586,1356,1943
705,"Slovenia",4,"Median","97",2040,454,1114,1568
705,"Slovenia",4,"Median","98",2040,321,808,1128.5
705,"Slovenia",4,"Median","99",2040,220,570,789
705,"Slovenia",4,"Median","100",2040,99,255,354
705,"Slovenia",4,"Median","101",2040,74,201,275
705,"Slovenia",4,"Median","102",2040,55,158,213
705,"Slovenia",4,"Median","103",2040,41,125,166
705,"Slovenia",4,"Median","104",2040,31,98,129
705,"Slovenia",4,"Median","105",2040,23,77,100
705,"Slovenia",4,"Median","106",2040,17,61,78
705,"Slovenia",4,"Median","107",2040,13,48,61
705,"Slovenia",4,"Median","108",2040,10,38,48
705,"Slovenia",4,"Median","109",2040,7,30,37
705,"Slovenia",4,"Median","110",2040,5,24,29
705,"Slovenia",4,"Median","0",2041,9232,8677,17909.5
705,"Slovenia",4,"Median","1",2041,9210,8622,17832
705,"Slovenia",4,"Median","2",2041,9162,8546,17707.5
705,"Slovenia",4,"Median","3",2041,9092,8454,17546
705,"Slovenia",4,"Median","4",2041,9015,8355,17370
705,"Slovenia",4,"Median","5",2041,8934,8254,17187.5
705,"Slovenia",4,"Median","6",2041,8852,8154,17005.5
705,"Slovenia",4,"Median","7",2041,8778,8065,16843.5
705,"Slovenia",4,"Median","8",2041,8724,7993,16717
705,"Slovenia",4,"Median","9",2041,8693,7944,16637.5
705,"Slovenia",4,"Median","10",2041,8694,7928,16622
705,"Slovenia",4,"Median","11",2041,8720,7936,16656.5
705,"Slovenia",4,"Median","12",2041,8782,7980,16762
705,"Slovenia",4,"Median","13",2041,8888,8066,16953.5
705,"Slovenia",4,"Median","14",2041,9028,8182,17210.5
705,"Slovenia",4,"Median","15",2041,9205,8334,17539
705,"Slovenia",4,"Median","16",2041,9433,8530,17963
705,"Slovenia",4,"Median","17",2041,9700,8778,18478
705,"Slovenia",4,"Median","18",2041,10000,9068,19067.5
705,"Slovenia",4,"Median","19",2041,10603,9628,20231.5
705,"Slovenia",4,"Median","20",2041,11065,10079,21144
705,"Slovenia",4,"Median","21",2041,11398,10414,21811.5
705,"Slovenia",4,"Median","22",2041,11926,10847,22773.5
705,"Slovenia",4,"Median","23",2041,12404,11204,23608
705,"Slovenia",4,"Median","24",2041,12634,11566,24200.5
705,"Slovenia",4,"Median","25",2041,12722,11690,24413
705,"Slovenia",4,"Median","26",2041,12972,11767,24738.5
705,"Slovenia",4,"Median","27",2041,13029,11877,24906
705,"Slovenia",4,"Median","28",2041,13240,12037,25277
705,"Slovenia",4,"Median","29",2041,13464,12192,25656
705,"Slovenia",4,"Median","30",2041,13547,12282,25829.5
705,"Slovenia",4,"Median","31",2041,13552,12168,25719
705,"Slovenia",4,"Median","32",2041,13320,12097,25417.5
705,"Slovenia",4,"Median","33",2041,12797,11686,24483
705,"Slovenia",4,"Median","34",2041,12084,10819,22902.5
705,"Slovenia",4,"Median","35",2041,11474,10210,21683.5
705,"Slovenia",4,"Median","36",2041,10922,9843,20765.5
705,"Slovenia",4,"Median","37",2041,10452,9372,19823
705,"Slovenia",4,"Median","38",2041,10138,8957,19095.5
705,"Slovenia",4,"Median","39",2041,10050,8848,18898
705,"Slovenia",4,"Median","40",2041,10370,9056,19426
705,"Slovenia",4,"Median","41",2041,10621,9128,19749.5
705,"Slovenia",4,"Median","42",2041,10746,8972,19718.5
705,"Slovenia",4,"Median","43",2041,11180,9221,20401.5
705,"Slovenia",4,"Median","44",2041,11660,9487,21147.5
705,"Slovenia",4,"Median","45",2041,11841,9649,21490
705,"Slovenia",4,"Median","46",2041,11818,9858,21676.5
705,"Slovenia",4,"Median","47",2041,11978,10036,22013.5
705,"Slovenia",4,"Median","48",2041,12120,10126,22246
705,"Slovenia",4,"Median","49",2041,12586,10568,23155
705,"Slovenia",4,"Median","50",2041,13024,11168,24191.5
705,"Slovenia",4,"Median","51",2041,13355,11558,24913.5
705,"Slovenia",4,"Median","52",2041,14192,12272,26464.5
705,"Slovenia",4,"Median","53",2041,14772,12939,27711
705,"Slovenia",4,"Median","54",2041,14657,12913,27570
705,"Slovenia",4,"Median","55",2041,14670,12988,27658.5
705,"Slovenia",4,"Median","56",2041,14908,13381,28289
705,"Slovenia",4,"Median","57",2041,15097,13600,28697.5
705,"Slovenia",4,"Median","58",2041,15516,13866,29381
705,"Slovenia",4,"Median","59",2041,16002,14244,30246.5
705,"Slovenia",4,"Median","60",2041,16218,14704,30922.5
705,"Slovenia",4,"Median","61",2041,16384,14848,31231
705,"Slovenia",4,"Median","62",2041,16364,14628,30991.5
705,"Slovenia",4,"Median","63",2041,15949,14488,30437
705,"Slovenia",4,"Median","64",2041,15676,14645,30320.5
705,"Slovenia",4,"Median","65",2041,15286,14608,29894
705,"Slovenia",4,"Median","66",2041,14740,14019,28759
705,"Slovenia",4,"Median","67",2041,14394,13728,28121
705,"Slovenia",4,"Median","68",2041,14048,13666,27714
705,"Slovenia",4,"Median","69",2041,13622,13318,26940
705,"Slovenia",4,"Median","70",2041,12904,12898,25801
705,"Slovenia",4,"Median","71",2041,12526,12777,25302.5
705,"Slovenia",4,"Median","72",2041,12632,12906,25538
705,"Slovenia",4,"Median","73",2041,12534,13328,25862.5
705,"Slovenia",4,"Median","74",2041,12610,13690,26300
705,"Slovenia",4,"Median","75",2041,12502,13689,26191.5
705,"Slovenia",4,"Median","76",2041,11838,13306,25143.5
705,"Slovenia",4,"Median","77",2041,11218,12740,23958
705,"Slovenia",4,"Median","78",2041,10768,12336,23103.5
705,"Slovenia",4,"Median","79",2041,10228,12026,22254
705,"Slovenia",4,"Median","80",2041,9518,11603,21121.5
705,"Slovenia",4,"Median","81",2041,8842,10909,19751
705,"Slovenia",4,"Median","82",2041,8228,10258,18486
705,"Slovenia",4,"Median","83",2041,7602,9932,17534.5
705,"Slovenia",4,"Median","84",2041,7188,9671,16859
705,"Slovenia",4,"Median","85",2041,6692,9174,15866
705,"Slovenia",4,"Median","86",2041,5924,8484,14407
705,"Slovenia",4,"Median","87",2041,5274,7723,12997
705,"Slovenia",4,"Median","88",2041,4636,6944,11580
705,"Slovenia",4,"Median","89",2041,3842,6088,9929
705,"Slovenia",4,"Median","90",2041,3218,5334,8552.5
705,"Slovenia",4,"Median","91",2041,2626,4499,7125.5
705,"Slovenia",4,"Median","92",2041,2006,3646,5651.5
705,"Slovenia",4,"Median","93",2041,1552,2974,4527
705,"Slovenia",4,"Median","94",2041,1148,2341,3488.5
705,"Slovenia",4,"Median","95",2041,734,1584,2317
705,"Slovenia",4,"Median","96",2041,526,1174,1700
705,"Slovenia",4,"Median","97",2041,449,1067,1516
705,"Slovenia",4,"Median","98",2041,340,854,1193.5
705,"Slovenia",4,"Median","99",2041,234,602,835.5
705,"Slovenia",4,"Median","100",2041,108,270,378
705,"Slovenia",4,"Median","101",2041,80,211,291
705,"Slovenia",4,"Median","102",2041,60,165,225
705,"Slovenia",4,"Median","103",2041,44,129,173
705,"Slovenia",4,"Median","104",2041,33,101,134
705,"Slovenia",4,"Median","105",2041,24,79,103
705,"Slovenia",4,"Median","106",2041,18,62,80
705,"Slovenia",4,"Median","107",2041,13,48,61
705,"Slovenia",4,"Median","108",2041,10,38,48
705,"Slovenia",4,"Median","109",2041,7,30,37
705,"Slovenia",4,"Median","110",2041,6,23,29
705,"Slovenia",4,"Median","0",2042,9272,8715,17987.5
705,"Slovenia",4,"Median","1",2042,9272,8681,17952.5
705,"Slovenia",4,"Median","2",2042,9246,8626,17872
705,"Slovenia",4,"Median","3",2042,9195,8550,17745.5
705,"Slovenia",4,"Median","4",2042,9124,8458,17581
705,"Slovenia",4,"Median","5",2042,9043,8358,17401
705,"Slovenia",4,"Median","6",2042,8960,8258,17217
705,"Slovenia",4,"Median","7",2042,8875,8158,17032.5
705,"Slovenia",4,"Median","8",2042,8800,8068,16868
705,"Slovenia",4,"Median","9",2042,8744,7996,16739.5
705,"Slovenia",4,"Median","10",2042,8712,7947,16658.5
705,"Slovenia",4,"Median","11",2042,8712,7930,16641.5
705,"Slovenia",4,"Median","12",2042,8736,7938,16674
705,"Slovenia",4,"Median","13",2042,8796,7982,16778.5
705,"Slovenia",4,"Median","14",2042,8902,8068,16970
705,"Slovenia",4,"Median","15",2042,9048,8190,17238.5
705,"Slovenia",4,"Median","16",2042,9250,8362,17611.5
705,"Slovenia",4,"Median","17",2042,9527,8600,18126.5
705,"Slovenia",4,"Median","18",2042,9860,8902,18762.5
705,"Slovenia",4,"Median","19",2042,10225,9246,19471
705,"Slovenia",4,"Median","20",2042,10874,9843,20717
705,"Slovenia",4,"Median","21",2042,11346,10299,21645.5
705,"Slovenia",4,"Median","22",2042,11649,10603,22252
705,"Slovenia",4,"Median","23",2042,12120,10980,23099.5
705,"Slovenia",4,"Median","24",2042,12531,11272,23803
705,"Slovenia",4,"Median","25",2042,12702,11578,24280
705,"Slovenia",4,"Median","26",2042,12744,11661,24405
705,"Slovenia",4,"Median","27",2042,12962,11711,24673
705,"Slovenia",4,"Median","28",2042,13000,11806,24806.5
705,"Slovenia",4,"Median","29",2042,13201,11960,25161
705,"Slovenia",4,"Median","30",2042,13419,12114,25533.5
705,"Slovenia",4,"Median","31",2042,13502,12206,25708.5
705,"Slovenia",4,"Median","32",2042,13508,12096,25604
705,"Slovenia",4,"Median","33",2042,13280,12030,25310.5
705,"Slovenia",4,"Median","34",2042,12758,11625,24383.5
705,"Slovenia",4,"Median","35",2042,12049,10764,22812.5
705,"Slovenia",4,"Median","36",2042,11442,10160,21602
705,"Slovenia",4,"Median","37",2042,10894,9797,20691.5
705,"Slovenia",4,"Median","38",2042,10424,9330,19754.5
705,"Slovenia",4,"Median","39",2042,10114,8920,19033
705,"Slovenia",4,"Median","40",2042,10027,8815,18842
705,"Slovenia",4,"Median","41",2042,10350,9026,19376
705,"Slovenia",4,"Median","42",2042,10602,9100,19702
705,"Slovenia",4,"Median","43",2042,10727,8947,19674
705,"Slovenia",4,"Median","44",2042,11162,9196,20359
705,"Slovenia",4,"Median","45",2042,11642,9464,21106.5
705,"Slovenia",4,"Median","46",2042,11822,9627,21449.5
705,"Slovenia",4,"Median","47",2042,11800,9838,21637.5
705,"Slovenia",4,"Median","48",2042,11958,10016,21974
705,"Slovenia",4,"Median","49",2042,12098,10106,22204
705,"Slovenia",4,"Median","50",2042,12560,10548,23107.5
705,"Slovenia",4,"Median","51",2042,12990,11145,24135.5
705,"Slovenia",4,"Median","52",2042,13318,11534,24852
705,"Slovenia",4,"Median","53",2042,14151,12247,26398
705,"Slovenia",4,"Median","54",2042,14726,12912,27638.5
705,"Slovenia",4,"Median","55",2042,14606,12886,27492
705,"Slovenia",4,"Median","56",2042,14612,12958,27570
705,"Slovenia",4,"Median","57",2042,14841,13347,28188
705,"Slovenia",4,"Median","58",2042,15022,13562,28583.5
705,"Slovenia",4,"Median","59",2042,15430,13822,29252
705,"Slovenia",4,"Median","60",2042,15904,14196,30100
705,"Slovenia",4,"Median","61",2042,16106,14650,30755.5
705,"Slovenia",4,"Median","62",2042,16258,14786,31043
705,"Slovenia",4,"Median","63",2042,16227,14562,30789
705,"Slovenia",4,"Median","64",2042,15808,14421,30228.5
705,"Slovenia",4,"Median","65",2042,15529,14574,30102.5
705,"Slovenia",4,"Median","66",2042,15134,14530,29664
705,"Slovenia",4,"Median","67",2042,14579,13940,28518.5
705,"Slovenia",4,"Median","68",2042,14224,13645,27869
705,"Slovenia",4,"Median","69",2042,13872,13580,27451.5
705,"Slovenia",4,"Median","70",2042,13442,13226,26668
705,"Slovenia",4,"Median","71",2042,12719,12800,25519
705,"Slovenia",4,"Median","72",2042,12332,12672,25003
705,"Slovenia",4,"Median","73",2042,12416,12790,25206
705,"Slovenia",4,"Median","74",2042,12290,13187,25477
705,"Slovenia",4,"Median","75",2042,12318,13506,25824.5
705,"Slovenia",4,"Median","76",2042,12151,13458,25608.5
705,"Slovenia",4,"Median","77",2042,11452,13038,24490.5
705,"Slovenia",4,"Median","78",2042,10810,12450,23260
705,"Slovenia",4,"Median","79",2042,10334,12019,22353.5
705,"Slovenia",4,"Median","80",2042,9769,11672,21441.5
705,"Slovenia",4,"Median","81",2042,9040,11214,20254
705,"Slovenia",4,"Median","82",2042,8348,10494,18841.5
705,"Slovenia",4,"Median","83",2042,7716,9814,17530.5
705,"Slovenia",4,"Median","84",2042,7076,9444,16521
705,"Slovenia",4,"Median","85",2042,6636,9132,15768
705,"Slovenia",4,"Median","86",2042,6123,8596,14718.5
705,"Slovenia",4,"Median","87",2042,5366,7878,13244
705,"Slovenia",4,"Median","88",2042,4724,7102,11826.5
705,"Slovenia",4,"Median","89",2042,4102,6315,10417.5
705,"Slovenia",4,"Median","90",2042,3356,5468,8823.5
705,"Slovenia",4,"Median","91",2042,2770,4726,7496.5
705,"Slovenia",4,"Median","92",2042,2226,3925,6150.5
705,"Slovenia",4,"Median","93",2042,1671,3128,4798.5
705,"Slovenia",4,"Median","94",2042,1270,2504,3774
705,"Slovenia",4,"Median","95",2042,920,1932,2851.5
705,"Slovenia",4,"Median","96",2042,576,1278,1854.5
705,"Slovenia",4,"Median","97",2042,404,924,1328.5
705,"Slovenia",4,"Median","98",2042,336,819,1155.5
705,"Slovenia",4,"Median","99",2042,248,638,885.5
705,"Slovenia",4,"Median","100",2042,118,289,407
705,"Slovenia",4,"Median","101",2042,87,224,311
705,"Slovenia",4,"Median","102",2042,64,174,238
705,"Slovenia",4,"Median","103",2042,47,135,182
705,"Slovenia",4,"Median","104",2042,35,105,140
705,"Slovenia",4,"Median","105",2042,26,81,107
705,"Slovenia",4,"Median","106",2042,19,63,82
705,"Slovenia",4,"Median","107",2042,14,49,63
705,"Slovenia",4,"Median","108",2042,10,38,48
705,"Slovenia",4,"Median","109",2042,8,30,38
705,"Slovenia",4,"Median","110",2042,6,23,29
705,"Slovenia",4,"Median","0",2043,9294,8736,18030
705,"Slovenia",4,"Median","1",2043,9310,8718,18028
705,"Slovenia",4,"Median","2",2043,9306,8684,17990.5
705,"Slovenia",4,"Median","3",2043,9278,8630,17907.5
705,"Slovenia",4,"Median","4",2043,9225,8554,17778.5
705,"Slovenia",4,"Median","5",2043,9150,8460,17610.5
705,"Slovenia",4,"Median","6",2043,9068,8361,17429
705,"Slovenia",4,"Median","7",2043,8982,8260,17242.5
705,"Slovenia",4,"Median","8",2043,8896,8160,17055.5
705,"Slovenia",4,"Median","9",2043,8820,8070,16889.5
705,"Slovenia",4,"Median","10",2043,8762,7998,16759.5
705,"Slovenia",4,"Median","11",2043,8728,7948,16677
705,"Slovenia",4,"Median","12",2043,8727,7932,16658.5
705,"Slovenia",4,"Median","13",2043,8750,7940,16690
705,"Slovenia",4,"Median","14",2043,8811,7984,16794.5
705,"Slovenia",4,"Median","15",2043,8922,8075,16997
705,"Slovenia",4,"Median","16",2043,9092,8218,17310
705,"Slovenia",4,"Median","17",2043,9342,8430,17773
705,"Slovenia",4,"Median","18",2043,9686,8722,18408.5
705,"Slovenia",4,"Median","19",2043,10084,9079,19162.5
705,"Slovenia",4,"Median","20",2043,10494,9459,19953
705,"Slovenia",4,"Median","21",2043,11153,10061,21214
705,"Slovenia",4,"Median","22",2043,11596,10486,22082
705,"Slovenia",4,"Median","23",2043,11840,10734,22574
705,"Slovenia",4,"Median","24",2043,12245,11045,23290
705,"Slovenia",4,"Median","25",2043,12596,11282,23878
705,"Slovenia",4,"Median","26",2043,12721,11548,24268.5
705,"Slovenia",4,"Median","27",2043,12732,11604,24336
705,"Slovenia",4,"Median","28",2043,12932,11638,24570
705,"Slovenia",4,"Median","29",2043,12960,11728,24687
705,"Slovenia",4,"Median","30",2043,13155,11880,25035.5
705,"Slovenia",4,"Median","31",2043,13372,12037,25409.5
705,"Slovenia",4,"Median","32",2043,13458,12134,25591.5
705,"Slovenia",4,"Median","33",2043,13466,12028,25494.5
705,"Slovenia",4,"Median","34",2043,13240,11968,25208.5
705,"Slovenia",4,"Median","35",2043,12722,11568,24291
705,"Slovenia",4,"Median","36",2043,12016,10712,22729
705,"Slovenia",4,"Median","37",2043,11413,10113,21526
705,"Slovenia",4,"Median","38",2043,10866,9755,20621
705,"Slovenia",4,"Median","39",2043,10398,9292,19691
705,"Slovenia",4,"Median","40",2043,10091,8886,18976.5
705,"Slovenia",4,"Median","41",2043,10007,8784,18791.5
705,"Slovenia",4,"Median","42",2043,10330,8998,19328
705,"Slovenia",4,"Median","43",2043,10583,9074,19657.5
705,"Slovenia",4,"Median","44",2043,10709,8922,19631
705,"Slovenia",4,"Median","45",2043,11144,9174,20318
705,"Slovenia",4,"Median","46",2043,11624,9442,21065.5
705,"Slovenia",4,"Median","47",2043,11804,9606,21409.5
705,"Slovenia",4,"Median","48",2043,11780,9818,21598
705,"Slovenia",4,"Median","49",2043,11936,9996,21932
705,"Slovenia",4,"Median","50",2043,12072,10086,22158
705,"Slovenia",4,"Median","51",2043,12528,10526,23053
705,"Slovenia",4,"Median","52",2043,12954,11122,24075.5
705,"Slovenia",4,"Median","53",2043,13280,11510,24789.5
705,"Slovenia",4,"Median","54",2043,14108,12221,26328.5
705,"Slovenia",4,"Median","55",2043,14676,12884,27560
705,"Slovenia",4,"Median","56",2043,14548,12856,27404.5
705,"Slovenia",4,"Median","57",2043,14546,12926,27472
705,"Slovenia",4,"Median","58",2043,14768,13309,28077.5
705,"Slovenia",4,"Median","59",2043,14940,13520,28459
705,"Slovenia",4,"Median","60",2043,15336,13777,29112.5
705,"Slovenia",4,"Median","61",2043,15795,14144,29938.5
705,"Slovenia",4,"Median","62",2043,15984,14589,30573
705,"Slovenia",4,"Median","63",2043,16124,14720,30843.5
705,"Slovenia",4,"Median","64",2043,16085,14496,30580.5
705,"Slovenia",4,"Median","65",2043,15662,14352,30013.5
705,"Slovenia",4,"Median","66",2043,15376,14498,29874
705,"Slovenia",4,"Median","67",2043,14970,14449,29419.5
705,"Slovenia",4,"Median","68",2043,14410,13856,28266.5
705,"Slovenia",4,"Median","69",2043,14050,13560,27609.5
705,"Slovenia",4,"Median","70",2043,13690,13488,27178.5
705,"Slovenia",4,"Median","71",2043,13253,13128,26380.5
705,"Slovenia",4,"Median","72",2043,12526,12696,25222
705,"Slovenia",4,"Median","73",2043,12124,12560,24684.5
705,"Slovenia",4,"Median","74",2043,12179,12656,24835
705,"Slovenia",4,"Median","75",2043,12011,13012,25023.5
705,"Slovenia",4,"Median","76",2043,11978,13282,25259.5
705,"Slovenia",4,"Median","77",2043,11761,13192,24952.5
705,"Slovenia",4,"Median","78",2043,11042,12746,23787.5
705,"Slovenia",4,"Median","79",2043,10382,12134,22516.5
705,"Slovenia",4,"Median","80",2043,9877,11671,21548
705,"Slovenia",4,"Median","81",2043,9284,11286,20571
705,"Slovenia",4,"Median","82",2043,8542,10792,19334
705,"Slovenia",4,"Median","83",2043,7836,10046,17882
705,"Slovenia",4,"Median","84",2043,7190,9338,16528
705,"Slovenia",4,"Median","85",2043,6540,8925,15464.5
705,"Slovenia",4,"Median","86",2043,6078,8564,14641
705,"Slovenia",4,"Median","87",2043,5552,7990,13542
705,"Slovenia",4,"Median","88",2043,4812,7252,12065
705,"Slovenia",4,"Median","89",2043,4186,6466,10652
705,"Slovenia",4,"Median","90",2043,3588,5679,9267.5
705,"Slovenia",4,"Median","91",2043,2893,4850,7743
705,"Slovenia",4,"Median","92",2043,2352,4128,6480
705,"Slovenia",4,"Median","93",2043,1858,3372,5229.5
705,"Slovenia",4,"Median","94",2043,1369,2637,4006
705,"Slovenia",4,"Median","95",2043,1020,2070,3089.5
705,"Slovenia",4,"Median","96",2043,724,1562,2286
705,"Slovenia",4,"Median","97",2043,443,1010,1452.5
705,"Slovenia",4,"Median","98",2043,304,711,1014.5
705,"Slovenia",4,"Median","99",2043,246,614,859.5
705,"Slovenia",4,"Median","100",2043,129,311,440
705,"Slovenia",4,"Median","101",2043,94,239,333
705,"Slovenia",4,"Median","102",2043,69,184,253
705,"Slovenia",4,"Median","103",2043,51,142,193
705,"Slovenia",4,"Median","104",2043,37,109,146
705,"Slovenia",4,"Median","105",2043,27,84,111
705,"Slovenia",4,"Median","106",2043,20,65,85
705,"Slovenia",4,"Median","107",2043,15,50,65
705,"Slovenia",4,"Median","108",2043,11,38,49
705,"Slovenia",4,"Median","109",2043,8,30,38
705,"Slovenia",4,"Median","110",2043,6,23,29
705,"Slovenia",4,"Median","0",2044,9296,8738,18034.5
705,"Slovenia",4,"Median","1",2044,9332,8740,18071.5
705,"Slovenia",4,"Median","2",2044,9345,8721,18066
705,"Slovenia",4,"Median","3",2044,9339,8688,18027
705,"Slovenia",4,"Median","4",2044,9308,8632,17940.5
705,"Slovenia",4,"Median","5",2044,9252,8557,17809.5
705,"Slovenia",4,"Median","6",2044,9176,8463,17638.5
705,"Slovenia",4,"Median","7",2044,9091,8364,17454.5
705,"Slovenia",4,"Median","8",2044,9004,8262,17266
705,"Slovenia",4,"Median","9",2044,8916,8162,17077.5
705,"Slovenia",4,"Median","10",2044,8838,8072,16909.5
705,"Slovenia",4,"Median","11",2044,8779,8000,16778.5
705,"Slovenia",4,"Median","12",2044,8744,7950,16693.5
705,"Slovenia",4,"Median","13",2044,8741,7933,16674
705,"Slovenia",4,"Median","14",2044,8764,7942,16706
705,"Slovenia",4,"Median","15",2044,8831,7991,16822
705,"Slovenia",4,"Median","16",2044,8966,8102,17068.5
705,"Slovenia",4,"Median","17",2044,9185,8286,17471
705,"Slovenia",4,"Median","18",2044,9502,8554,18055
705,"Slovenia",4,"Median","19",2044,9909,8900,18808.5
705,"Slovenia",4,"Median","20",2044,10352,9292,19644
705,"Slovenia",4,"Median","21",2044,10772,9677,20449.5
705,"Slovenia",4,"Median","22",2044,11402,10248,21650.5
705,"Slovenia",4,"Median","23",2044,11788,10617,22404.5
705,"Slovenia",4,"Median","24",2044,11966,10800,22765
705,"Slovenia",4,"Median","25",2044,12310,11056,23366.5
705,"Slovenia",4,"Median","26",2044,12616,11252,23868.5
705,"Slovenia",4,"Median","27",2044,12710,11490,24201
705,"Slovenia",4,"Median","28",2044,12703,11532,24235
705,"Slovenia",4,"Median","29",2044,12891,11561,24452
705,"Slovenia",4,"Median","30",2044,12914,11649,24563.5
705,"Slovenia",4,"Median","31",2044,13110,11804,24913.5
705,"Slovenia",4,"Median","32",2044,13328,11966,25294
705,"Slovenia",4,"Median","33",2044,13416,12068,25483.5
705,"Slovenia",4,"Median","34",2044,13426,11968,25394
705,"Slovenia",4,"Median","35",2044,13204,11912,25117
705,"Slovenia",4,"Median","36",2044,12690,11518,24208
705,"Slovenia",4,"Median","37",2044,11988,10666,22653.5
705,"Slovenia",4,"Median","38",2044,11385,10072,21456.5
705,"Slovenia",4,"Median","39",2044,10840,9718,20558
705,"Slovenia",4,"Median","40",2044,10376,9258,19634.5
705,"Slovenia",4,"Median","41",2044,10071,8856,18926.5
705,"Slovenia",4,"Median","42",2044,9988,8756,18744.5
705,"Slovenia",4,"Median","43",2044,10312,8972,19284.5
705,"Slovenia",4,"Median","44",2044,10565,9050,19615
705,"Slovenia",4,"Median","45",2044,10692,8900,19591
705,"Slovenia",4,"Median","46",2044,11126,9152,20278
705,"Slovenia",4,"Median","47",2044,11606,9422,21027
705,"Slovenia",4,"Median","48",2044,11784,9587,21371
705,"Slovenia",4,"Median","49",2044,11759,9798,21557.5
705,"Slovenia",4,"Median","50",2044,11911,9976,21886.5
705,"Slovenia",4,"Median","51",2044,12042,10064,22106
705,"Slovenia",4,"Median","52",2044,12494,10503,22996.5
705,"Slovenia",4,"Median","53",2044,12918,11098,24015.5
705,"Slovenia",4,"Median","54",2044,13240,11486,24725
705,"Slovenia",4,"Median","55",2044,14060,12195,26254.5
705,"Slovenia",4,"Median","56",2044,14618,12856,27474
705,"Slovenia",4,"Median","57",2044,14486,12824,27309
705,"Slovenia",4,"Median","58",2044,14477,12890,27366.5
705,"Slovenia",4,"Median","59",2044,14688,13269,27957.5
705,"Slovenia",4,"Median","60",2044,14850,13476,28326
705,"Slovenia",4,"Median","61",2044,15232,13726,28959
705,"Slovenia",4,"Median","62",2044,15678,14086,29763.5
705,"Slovenia",4,"Median","63",2044,15854,14525,30379.5
705,"Slovenia",4,"Median","64",2044,15985,14654,30639
705,"Slovenia",4,"Median","65",2044,15940,14427,30366.5
705,"Slovenia",4,"Median","66",2044,15510,14278,29788.5
705,"Slovenia",4,"Median","67",2044,15214,14417,29631
705,"Slovenia",4,"Median","68",2044,14800,14365,29165
705,"Slovenia",4,"Median","69",2044,14236,13772,28008.5
705,"Slovenia",4,"Median","70",2044,13868,13470,27338.5
705,"Slovenia",4,"Median","71",2044,13502,13389,26891
705,"Slovenia",4,"Median","72",2044,13055,13023,26078
705,"Slovenia",4,"Median","73",2044,12320,12586,24906
705,"Slovenia",4,"Median","74",2044,11898,12431,24328.5
705,"Slovenia",4,"Median","75",2044,11908,12492,24399.5
705,"Slovenia",4,"Median","76",2044,11684,12800,24484
705,"Slovenia",4,"Median","77",2044,11599,13023,24622
705,"Slovenia",4,"Median","78",2044,11346,12900,24245.5
705,"Slovenia",4,"Median","79",2044,10611,12428,23038.5
705,"Slovenia",4,"Median","80",2044,9929,11788,21717
705,"Slovenia",4,"Median","81",2044,9394,11290,20684
705,"Slovenia",4,"Median","82",2044,8779,10868,19647
705,"Slovenia",4,"Median","83",2044,8024,10338,18362.5
705,"Slovenia",4,"Median","84",2044,7308,9564,16872
705,"Slovenia",4,"Median","85",2044,6651,8831,15482
705,"Slovenia",4,"Median","86",2044,5996,8376,14371.5
705,"Slovenia",4,"Median","87",2044,5518,7967,13484.5
705,"Slovenia",4,"Median","88",2044,4986,7362,12348
705,"Slovenia",4,"Median","89",2044,4270,6609,10879.5
705,"Slovenia",4,"Median","90",2044,3667,5821,9488
705,"Slovenia",4,"Median","91",2044,3099,5043,8142
705,"Slovenia",4,"Median","92",2044,2460,4243,6702.5
705,"Slovenia",4,"Median","93",2044,1966,3552,5517.5
705,"Slovenia",4,"Median","94",2044,1524,2848,4372.5
705,"Slovenia",4,"Median","95",2044,1102,2183,3285
705,"Slovenia",4,"Median","96",2044,804,1676,2480.5
705,"Slovenia",4,"Median","97",2044,558,1236,1793.5
705,"Slovenia",4,"Median","98",2044,334,778,1111.5
705,"Slovenia",4,"Median","99",2044,222,534,756
705,"Slovenia",4,"Median","100",2044,134,318,452
705,"Slovenia",4,"Median","101",2044,98,245,343
705,"Slovenia",4,"Median","102",2044,72,188,260
705,"Slovenia",4,"Median","103",2044,53,145,198
705,"Slovenia",4,"Median","104",2044,39,112,151
705,"Slovenia",4,"Median","105",2044,28,86,114
705,"Slovenia",4,"Median","106",2044,21,66,87
705,"Slovenia",4,"Median","107",2044,15,51,66
705,"Slovenia",4,"Median","108",2044,11,39,50
705,"Slovenia",4,"Median","109",2044,8,30,38
705,"Slovenia",4,"Median","110",2044,6,23,29
705,"Slovenia",4,"Median","0",2045,9276,8720,17995
705,"Slovenia",4,"Median","1",2045,9334,8743,18077.5
705,"Slovenia",4,"Median","2",2045,9368,8744,18111.5
705,"Slovenia",4,"Median","3",2045,9378,8726,18104
705,"Slovenia",4,"Median","4",2045,9370,8692,18061
705,"Slovenia",4,"Median","5",2045,9336,8636,17973
705,"Slovenia",4,"Median","6",2045,9278,8560,17838.5
705,"Slovenia",4,"Median","7",2045,9199,8466,17665
705,"Slovenia",4,"Median","8",2045,9113,8366,17479
705,"Slovenia",4,"Median","9",2045,9024,8264,17288.5
705,"Slovenia",4,"Median","10",2045,8934,8164,17097.5
705,"Slovenia",4,"Median","11",2045,8856,8074,16929.5
705,"Slovenia",4,"Median","12",2045,8794,8001,16795.5
705,"Slovenia",4,"Median","13",2045,8758,7952,16709.5
705,"Slovenia",4,"Median","14",2045,8756,7936,16691
705,"Slovenia",4,"Median","15",2045,8785,7950,16734.5
705,"Slovenia",4,"Median","16",2045,8875,8019,16894
705,"Slovenia",4,"Median","17",2045,9060,8170,17230
705,"Slovenia",4,"Median","18",2045,9344,8410,17754
705,"Slovenia",4,"Median","19",2045,9725,8730,18455.5
705,"Slovenia",4,"Median","20",2045,10178,9112,19290
705,"Slovenia",4,"Median","21",2045,10631,9510,20141
705,"Slovenia",4,"Median","22",2045,11022,9864,20887
705,"Slovenia",4,"Median","23",2045,11595,10380,21974.5
705,"Slovenia",4,"Median","24",2045,11914,10684,22598
705,"Slovenia",4,"Median","25",2045,12033,10812,22845
705,"Slovenia",4,"Median","26",2045,12333,11028,23360.5
705,"Slovenia",4,"Median","27",2045,12608,11196,23804
705,"Slovenia",4,"Median","28",2045,12682,11421,24103.5
705,"Slovenia",4,"Median","29",2045,12664,11456,24120.5
705,"Slovenia",4,"Median","30",2045,12848,11484,24332
705,"Slovenia",4,"Median","31",2045,12870,11574,24444.5
705,"Slovenia",4,"Median","32",2045,13067,11734,24800.5
705,"Slovenia",4,"Median","33",2045,13288,11900,25188
705,"Slovenia",4,"Median","34",2045,13378,12007,25385
705,"Slovenia",4,"Median","35",2045,13392,11912,25304.5
705,"Slovenia",4,"Median","36",2045,13174,11862,25035.5
705,"Slovenia",4,"Median","37",2045,12662,11472,24134
705,"Slovenia",4,"Median","38",2045,11960,10625,22585
705,"Slovenia",4,"Median","39",2045,11360,10034,21394
705,"Slovenia",4,"Median","40",2045,10818,9684,20502.5
705,"Slovenia",4,"Median","41",2045,10356,9229,19585.5
705,"Slovenia",4,"Median","42",2045,10052,8828,18880.5
705,"Slovenia",4,"Median","43",2045,9970,8732,18702
705,"Slovenia",4,"Median","44",2045,10296,8948,19244
705,"Slovenia",4,"Median","45",2045,10548,9028,19576
705,"Slovenia",4,"Median","46",2045,10674,8878,19553
705,"Slovenia",4,"Median","47",2045,11110,9132,20242
705,"Slovenia",4,"Median","48",2045,11587,9402,20989.5
705,"Slovenia",4,"Median","49",2045,11764,9568,21331.5
705,"Slovenia",4,"Median","50",2045,11734,9779,21513.5
705,"Slovenia",4,"Median","51",2045,11882,9955,21837
705,"Slovenia",4,"Median","52",2045,12010,10043,22053
705,"Slovenia",4,"Median","53",2045,12459,10481,22940
705,"Slovenia",4,"Median","54",2045,12880,11074,23954
705,"Slovenia",4,"Median","55",2045,13196,11462,24657
705,"Slovenia",4,"Median","56",2045,14006,12168,26173.5
705,"Slovenia",4,"Median","57",2045,14556,12824,27380
705,"Slovenia",4,"Median","58",2045,14417,12788,27205.5
705,"Slovenia",4,"Median","59",2045,14400,12852,27251.5
705,"Slovenia",4,"Median","60",2045,14602,13226,27828.5
705,"Slovenia",4,"Median","61",2045,14752,13428,28180
705,"Slovenia",4,"Median","62",2045,15121,13672,28792.5
705,"Slovenia",4,"Median","63",2045,15552,14026,29578
705,"Slovenia",4,"Median","64",2045,15720,14462,30181.5
705,"Slovenia",4,"Median","65",2045,15843,14586,30428.5
705,"Slovenia",4,"Median","66",2045,15788,14354,30141.5
705,"Slovenia",4,"Median","67",2045,15350,14200,29550
705,"Slovenia",4,"Median","68",2045,15044,14336,29379.5
705,"Slovenia",4,"Median","69",2045,14625,14278,28903.5
705,"Slovenia",4,"Median","70",2045,14057,13682,27739
705,"Slovenia",4,"Median","71",2045,13682,13373,27054.5
705,"Slovenia",4,"Median","72",2045,13304,13285,26589
705,"Slovenia",4,"Median","73",2045,12844,12912,25757
705,"Slovenia",4,"Median","74",2045,12094,12460,24553
705,"Slovenia",4,"Median","75",2045,11638,12272,23909.5
705,"Slovenia",4,"Median","76",2045,11589,12290,23879
705,"Slovenia",4,"Median","77",2045,11320,12554,23874.5
705,"Slovenia",4,"Median","78",2045,11196,12738,23934
705,"Slovenia",4,"Median","79",2045,10910,12582,23491.5
705,"Slovenia",4,"Median","80",2045,10154,12078,22231.5
705,"Slovenia",4,"Median","81",2045,9450,11408,20858
705,"Slovenia",4,"Median","82",2045,8889,10877,19766
705,"Slovenia",4,"Median","83",2045,8254,10416,18670
705,"Slovenia",4,"Median","84",2045,7490,9849,17339
705,"Slovenia",4,"Median","85",2045,6766,9051,15817.5
705,"Slovenia",4,"Median","86",2045,6104,8294,14398
705,"Slovenia",4,"Median","87",2045,5450,7798,13248
705,"Slovenia",4,"Median","88",2045,4962,7347,12308.5
705,"Slovenia",4,"Median","89",2045,4431,6714,11145.5
705,"Slovenia",4,"Median","90",2045,3746,5956,9702.5
705,"Slovenia",4,"Median","91",2045,3172,5175,8346.5
705,"Slovenia",4,"Median","92",2045,2638,4418,7056
705,"Slovenia",4,"Median","93",2045,2060,3654,5714
705,"Slovenia",4,"Median","94",2045,1616,3004,4620.5
705,"Slovenia",4,"Median","95",2045,1230,2361,3590.5
705,"Slovenia",4,"Median","96",2045,870,1771,2641
705,"Slovenia",4,"Median","97",2045,621,1328,1949
705,"Slovenia",4,"Median","98",2045,420,954,1374.5
705,"Slovenia",4,"Median","99",2045,246,585,830.5
705,"Slovenia",4,"Median","100",2045,129,298,427
705,"Slovenia",4,"Median","101",2045,96,232,328
705,"Slovenia",4,"Median","102",2045,71,181,252
705,"Slovenia",4,"Median","103",2045,53,141,194
705,"Slovenia",4,"Median","104",2045,40,110,150
705,"Slovenia",4,"Median","105",2045,29,86,115
705,"Slovenia",4,"Median","106",2045,22,67,89
705,"Slovenia",4,"Median","107",2045,16,52,68
705,"Slovenia",4,"Median","108",2045,12,41,53
705,"Slovenia",4,"Median","109",2045,9,32,41
705,"Slovenia",4,"Median","110",2045,7,25,32
705,"Slovenia",4,"Median","0",2046,9231,8678,17909.5
705,"Slovenia",4,"Median","1",2046,9316,8726,18041.5
705,"Slovenia",4,"Median","2",2046,9372,8749,18121.5
705,"Slovenia",4,"Median","3",2046,9403,8749,18152
705,"Slovenia",4,"Median","4",2046,9410,8730,18141
705,"Slovenia",4,"Median","5",2046,9399,8696,18095.5
705,"Slovenia",4,"Median","6",2046,9363,8642,18004.5
705,"Slovenia",4,"Median","7",2046,9302,8564,17866.5
705,"Slovenia",4,"Median","8",2046,9222,8470,17691.5
705,"Slovenia",4,"Median","9",2046,9134,8370,17503.5
705,"Slovenia",4,"Median","10",2046,9043,8268,17310.5
705,"Slovenia",4,"Median","11",2046,8952,8167,17119.5
705,"Slovenia",4,"Median","12",2046,8872,8076,16948.5
705,"Slovenia",4,"Median","13",2046,8810,8004,16813.5
705,"Slovenia",4,"Median","14",2046,8774,7955,16728.5
705,"Slovenia",4,"Median","15",2046,8777,7944,16721
705,"Slovenia",4,"Median","16",2046,8830,7978,16807.5
705,"Slovenia",4,"Median","17",2046,8970,8088,17057.5
705,"Slovenia",4,"Median","18",2046,9220,8295,17515
705,"Slovenia",4,"Median","19",2046,9569,8588,18156.5
705,"Slovenia",4,"Median","20",2046,9995,8944,18939.5
705,"Slovenia",4,"Median","21",2046,10458,9332,19790
705,"Slovenia",4,"Median","22",2046,10883,9700,20582.5
705,"Slovenia",4,"Median","23",2046,11218,9998,21216
705,"Slovenia",4,"Median","24",2046,11724,10450,22174.5
705,"Slovenia",4,"Median","25",2046,11984,10700,22684.5
705,"Slovenia",4,"Median","26",2046,12059,10787,22846
705,"Slovenia",4,"Median","27",2046,12327,10976,23302.5
705,"Slovenia",4,"Median","28",2046,12583,11130,23713
705,"Slovenia",4,"Median","29",2046,12647,11348,23994.5
705,"Slovenia",4,"Median","30",2046,12624,11382,24005.5
705,"Slovenia",4,"Median","31",2046,12807,11412,24218.5
705,"Slovenia",4,"Median","32",2046,12830,11506,24336.5
705,"Slovenia",4,"Median","33",2046,13028,11670,24699
705,"Slovenia",4,"Median","34",2046,13252,11842,25094
705,"Slovenia",4,"Median","35",2046,13345,11954,25299
705,"Slovenia",4,"Median","36",2046,13363,11864,25226.5
705,"Slovenia",4,"Median","37",2046,13146,11818,24964
705,"Slovenia",4,"Median","38",2046,12636,11432,24067.5
705,"Slovenia",4,"Median","39",2046,11936,10589,22524.5
705,"Slovenia",4,"Median","40",2046,11339,10002,21341.5
705,"Slovenia",4,"Median","41",2046,10800,9656,20455.5
705,"Slovenia",4,"Median","42",2046,10339,9202,19541.5
705,"Slovenia",4,"Median","43",2046,10036,8804,18840
705,"Slovenia",4,"Median","44",2046,9955,8709,18664
705,"Slovenia",4,"Median","45",2046,10280,8927,19206.5
705,"Slovenia",4,"Median","46",2046,10532,9008,19540
705,"Slovenia",4,"Median","47",2046,10659,8860,19519
705,"Slovenia",4,"Median","48",2046,11092,9114,20206.5
705,"Slovenia",4,"Median","49",2046,11567,9384,20951.5
705,"Slovenia",4,"Median","50",2046,11740,9550,21289.5
705,"Slovenia",4,"Median","51",2046,11707,9760,21466.5
705,"Slovenia",4,"Median","52",2046,11852,9934,21786
705,"Slovenia",4,"Median","53",2046,11978,10022,22000
705,"Slovenia",4,"Median","54",2046,12423,10460,22882.5
705,"Slovenia",4,"Median","55",2046,12838,11052,23890
705,"Slovenia",4,"Median","56",2046,13147,11436,24583
705,"Slovenia",4,"Median","57",2046,13948,12138,26086.5
705,"Slovenia",4,"Median","58",2046,14489,12790,27278.5
705,"Slovenia",4,"Median","59",2046,14342,12752,27094
705,"Slovenia",4,"Median","60",2046,14317,12810,27127.5
705,"Slovenia",4,"Median","61",2046,14508,13180,27688.5
705,"Slovenia",4,"Median","62",2046,14646,13375,28021.5
705,"Slovenia",4,"Median","63",2046,15003,13614,28617
705,"Slovenia",4,"Median","64",2046,15424,13965,29388.5
705,"Slovenia",4,"Median","65",2046,15583,14395,29978
705,"Slovenia",4,"Median","66",2046,15695,14513,30208
705,"Slovenia",4,"Median","67",2046,15627,14278,29905
705,"Slovenia",4,"Median","68",2046,15182,14122,29303
705,"Slovenia",4,"Median","69",2046,14869,14251,29120
705,"Slovenia",4,"Median","70",2046,14444,14188,28632
705,"Slovenia",4,"Median","71",2046,13871,13586,27457
705,"Slovenia",4,"Median","72",2046,13486,13272,26757
705,"Slovenia",4,"Median","73",2046,13094,13174,26269
705,"Slovenia",4,"Median","74",2046,12613,12786,25398.5
705,"Slovenia",4,"Median","75",2046,11834,12304,24137.5
705,"Slovenia",4,"Median","76",2046,11330,12078,23408
705,"Slovenia",4,"Median","77",2046,11234,12058,23291.5
705,"Slovenia",4,"Median","78",2046,10932,12284,23216.5
705,"Slovenia",4,"Median","79",2046,10771,12430,23201
705,"Slovenia",4,"Median","80",2046,10446,12233,22679.5
705,"Slovenia",4,"Median","81",2046,9671,11694,21365.5
705,"Slovenia",4,"Median","82",2046,8949,10997,19946
705,"Slovenia",4,"Median","83",2046,8365,10431,18796
705,"Slovenia",4,"Median","84",2046,7712,9930,17642
705,"Slovenia",4,"Median","85",2046,6942,9327,16269.5
705,"Slovenia",4,"Median","86",2046,6217,8508,14724.5
705,"Slovenia",4,"Median","87",2046,5555,7729,13284
705,"Slovenia",4,"Median","88",2046,4906,7198,12105
705,"Slovenia",4,"Median","89",2046,4414,6709,11123.5
705,"Slovenia",4,"Median","90",2046,3892,6059,9951
705,"Slovenia",4,"Median","91",2046,3244,5302,8547
705,"Slovenia",4,"Median","92",2046,2705,4540,7244.5
705,"Slovenia",4,"Median","93",2046,2213,3810,6023.5
705,"Slovenia",4,"Median","94",2046,1697,3096,4793
705,"Slovenia",4,"Median","95",2046,1306,2494,3800
705,"Slovenia",4,"Median","96",2046,972,1919,2891.5
705,"Slovenia",4,"Median","97",2046,674,1406,2079
705,"Slovenia",4,"Median","98",2046,469,1028,1497
705,"Slovenia",4,"Median","99",2046,310,718,1028.5
705,"Slovenia",4,"Median","100",2046,127,289,416
705,"Slovenia",4,"Median","101",2046,96,229,325
705,"Slovenia",4,"Median","102",2046,73,181,254
705,"Slovenia",4,"Median","103",2046,55,143,198
705,"Slovenia",4,"Median","104",2046,42,113,155
705,"Slovenia",4,"Median","105",2046,32,89,121
705,"Slovenia",4,"Median","106",2046,24,71,95
705,"Slovenia",4,"Median","107",2046,18,56,74
705,"Slovenia",4,"Median","108",2046,14,44,58
705,"Slovenia",4,"Median","109",2046,10,35,45
705,"Slovenia",4,"Median","110",2046,8,28,36
705,"Slovenia",4,"Median","0",2047,9158,8610,17767.5
705,"Slovenia",4,"Median","1",2047,9274,8686,17959.5
705,"Slovenia",4,"Median","2",2047,9356,8733,18088.5
705,"Slovenia",4,"Median","3",2047,9409,8756,18164.5
705,"Slovenia",4,"Median","4",2047,9436,8756,18191.5
705,"Slovenia",4,"Median","5",2047,9441,8737,18178
705,"Slovenia",4,"Median","6",2047,9426,8702,18129
705,"Slovenia",4,"Median","7",2047,9388,8646,18034.5
705,"Slovenia",4,"Median","8",2047,9326,8568,17895
705,"Slovenia",4,"Median","9",2047,9244,8474,17718
705,"Slovenia",4,"Median","10",2047,9154,8374,17527.5
705,"Slovenia",4,"Median","11",2047,9062,8272,17333.5
705,"Slovenia",4,"Median","12",2047,8970,8170,17140
705,"Slovenia",4,"Median","13",2047,8888,8080,16967.5
705,"Slovenia",4,"Median","14",2047,8826,8007,16833
705,"Slovenia",4,"Median","15",2047,8796,7964,16759.5
705,"Slovenia",4,"Median","16",2047,8822,7973,16795
705,"Slovenia",4,"Median","17",2047,8924,8048,16972.5
705,"Slovenia",4,"Median","18",2047,9130,8213,17343.5
705,"Slovenia",4,"Median","19",2047,9445,8474,17919
705,"Slovenia",4,"Median","20",2047,9840,8802,18642.5
705,"Slovenia",4,"Median","21",2047,10277,9165,19442
705,"Slovenia",4,"Median","22",2047,10712,9522,20234.5
705,"Slovenia",4,"Median","23",2047,11080,9835,20915.5
705,"Slovenia",4,"Median","24",2047,11350,10072,21421
705,"Slovenia",4,"Median","25",2047,11798,10468,22265.5
705,"Slovenia",4,"Median","26",2047,12013,10678,22690.5
705,"Slovenia",4,"Median","27",2047,12056,10738,22793.5
705,"Slovenia",4,"Median","28",2047,12306,10912,23217.5
705,"Slovenia",4,"Median","29",2047,12550,11060,23609.5
705,"Slovenia",4,"Median","30",2047,12610,11276,23885
705,"Slovenia",4,"Median","31",2047,12586,11312,23897
705,"Slovenia",4,"Median","32",2047,12769,11346,24115
705,"Slovenia",4,"Median","33",2047,12794,11445,24239.5
705,"Slovenia",4,"Median","34",2047,12995,11614,24609
705,"Slovenia",4,"Median","35",2047,13222,11790,25011.5
705,"Slovenia",4,"Median","36",2047,13318,11907,25224.5
705,"Slovenia",4,"Median","37",2047,13336,11821,25157.5
705,"Slovenia",4,"Median","38",2047,13120,11780,24900
705,"Slovenia",4,"Median","39",2047,12612,11397,24009
705,"Slovenia",4,"Median","40",2047,11916,10558,22473.5
705,"Slovenia",4,"Median","41",2047,11321,9974,21295.5
705,"Slovenia",4,"Median","42",2047,10783,9630,20412.5
705,"Slovenia",4,"Median","43",2047,10324,9179,19503
705,"Slovenia",4,"Median","44",2047,10022,8782,18803.5
705,"Slovenia",4,"Median","45",2047,9940,8688,18629
705,"Slovenia",4,"Median","46",2047,10265,8908,19172.5
705,"Slovenia",4,"Median","47",2047,10518,8990,19507
705,"Slovenia",4,"Median","48",2047,10644,8842,19486
705,"Slovenia",4,"Median","49",2047,11074,9098,20171.5
705,"Slovenia",4,"Median","50",2047,11545,9366,20911.5
705,"Slovenia",4,"Median","51",2047,11714,9531,21244.5
705,"Slovenia",4,"Median","52",2047,11678,9740,21417
705,"Slovenia",4,"Median","53",2047,11820,9914,21735
705,"Slovenia",4,"Median","54",2047,11944,10002,21946.5
705,"Slovenia",4,"Median","55",2047,12384,10438,22823
705,"Slovenia",4,"Median","56",2047,12792,11028,23820
705,"Slovenia",4,"Median","57",2047,13094,11410,24503
705,"Slovenia",4,"Median","58",2047,13885,12106,25991.5
705,"Slovenia",4,"Median","59",2047,14416,12754,27169
705,"Slovenia",4,"Median","60",2047,14261,12712,26973
705,"Slovenia",4,"Median","61",2047,14227,12767,26994
705,"Slovenia",4,"Median","62",2047,14406,13130,27535.5
705,"Slovenia",4,"Median","63",2047,14534,13320,27854
705,"Slovenia",4,"Median","64",2047,14881,13556,28437
705,"Slovenia",4,"Median","65",2047,15292,13902,29194
705,"Slovenia",4,"Median","66",2047,15440,14325,29765.5
705,"Slovenia",4,"Median","67",2047,15538,14438,29976
705,"Slovenia",4,"Median","68",2047,15458,14200,29658.5
705,"Slovenia",4,"Median","69",2047,15008,14040,29048.5
705,"Slovenia",4,"Median","70",2047,14689,14162,28851
705,"Slovenia",4,"Median","71",2047,14257,14090,28347
705,"Slovenia",4,"Median","72",2047,13676,13485,27161
705,"Slovenia",4,"Median","73",2047,13277,13164,26440.5
705,"Slovenia",4,"Median","74",2047,12862,13048,25910
705,"Slovenia",4,"Median","75",2047,12347,12628,24975.5
705,"Slovenia",4,"Median","76",2047,11526,12112,23638.5
705,"Slovenia",4,"Median","77",2047,10988,11853,22840.5
705,"Slovenia",4,"Median","78",2047,10854,11803,22657
705,"Slovenia",4,"Median","79",2047,10524,11991,22515
705,"Slovenia",4,"Median","80",2047,10320,12090,22411
705,"Slovenia",4,"Median","81",2047,9956,11851,21807
705,"Slovenia",4,"Median","82",2047,9166,11279,20444.5
705,"Slovenia",4,"Median","83",2047,8428,10552,18980.5
705,"Slovenia",4,"Median","84",2047,7822,9951,17773
705,"Slovenia",4,"Median","85",2047,7155,9410,16565.5
705,"Slovenia",4,"Median","86",2047,6386,8774,15159.5
705,"Slovenia",4,"Median","87",2047,5664,7936,13599.5
705,"Slovenia",4,"Median","88",2047,5007,7142,12148.5
705,"Slovenia",4,"Median","89",2047,4371,6581,10952
705,"Slovenia",4,"Median","90",2047,3882,6061,9943.5
705,"Slovenia",4,"Median","91",2047,3376,5401,8776.5
705,"Slovenia",4,"Median","92",2047,2772,4658,7429
705,"Slovenia",4,"Median","93",2047,2272,3922,6194
705,"Slovenia",4,"Median","94",2047,1826,3234,5059.5
705,"Slovenia",4,"Median","95",2047,1373,2576,3948.5
705,"Slovenia",4,"Median","96",2047,1035,2031,3066
705,"Slovenia",4,"Median","97",2047,754,1526,2280
705,"Slovenia",4,"Median","98",2047,510,1090,1600
705,"Slovenia",4,"Median","99",2047,346,776,1121.5
705,"Slovenia",4,"Median","100",2047,138,307,445
705,"Slovenia",4,"Median","101",2047,105,245,350
705,"Slovenia",4,"Median","102",2047,81,195,276
705,"Slovenia",4,"Median","103",2047,62,155,217
705,"Slovenia",4,"Median","104",2047,47,124,171
705,"Slovenia",4,"Median","105",2047,36,99,135
705,"Slovenia",4,"Median","106",2047,28,79,107
705,"Slovenia",4,"Median","107",2047,21,63,84
705,"Slovenia",4,"Median","108",2047,16,50,66
705,"Slovenia",4,"Median","109",2047,12,40,52
705,"Slovenia",4,"Median","110",2047,9,32,41
705,"Slovenia",4,"Median","0",2048,9067,8524,17591.5
705,"Slovenia",4,"Median","1",2048,9202,8620,17822
705,"Slovenia",4,"Median","2",2048,9315,8696,18010.5
705,"Slovenia",4,"Median","3",2048,9394,8742,18136
705,"Slovenia",4,"Median","4",2048,9444,8764,18207.5
705,"Slovenia",4,"Median","5",2048,9468,8764,18232
705,"Slovenia",4,"Median","6",2048,9470,8744,18214.5
705,"Slovenia",4,"Median","7",2048,9454,8709,18163
705,"Slovenia",4,"Median","8",2048,9414,8652,18065.5
705,"Slovenia",4,"Median","9",2048,9350,8574,17923.5
705,"Slovenia",4,"Median","10",2048,9265,8479,17744
705,"Slovenia",4,"Median","11",2048,9174,8378,17552
705,"Slovenia",4,"Median","12",2048,9080,8276,17356
705,"Slovenia",4,"Median","13",2048,8986,8174,17160.5
705,"Slovenia",4,"Median","14",2048,8904,8084,16988
705,"Slovenia",4,"Median","15",2048,8848,8017,16865.5
705,"Slovenia",4,"Median","16",2048,8842,7994,16835
705,"Slovenia",4,"Median","17",2048,8918,8044,16961.5
705,"Slovenia",4,"Median","18",2048,9086,8174,17260.5
705,"Slovenia",4,"Median","19",2048,9357,8393,17750
705,"Slovenia",4,"Median","20",2048,9718,8690,18408
705,"Slovenia",4,"Median","21",2048,10124,9024,19148.5
705,"Slovenia",4,"Median","22",2048,10533,9358,19891
705,"Slovenia",4,"Median","23",2048,10912,9661,20573.5
705,"Slovenia",4,"Median","24",2048,11216,9911,21126.5
705,"Slovenia",4,"Median","25",2048,11427,10092,21519.5
705,"Slovenia",4,"Median","26",2048,11830,10449,22279
705,"Slovenia",4,"Median","27",2048,12014,10632,22646.5
705,"Slovenia",4,"Median","28",2048,12038,10678,22716
705,"Slovenia",4,"Median","29",2048,12277,10844,23121.5
705,"Slovenia",4,"Median","30",2048,12516,10991,23507.5
705,"Slovenia",4,"Median","31",2048,12574,11209,23782.5
705,"Slovenia",4,"Median","32",2048,12551,11248,23799.5
705,"Slovenia",4,"Median","33",2048,12736,11287,24022.5
705,"Slovenia",4,"Median","34",2048,12764,11391,24154.5
705,"Slovenia",4,"Median","35",2048,12966,11564,24531
705,"Slovenia",4,"Median","36",2048,13196,11746,24941
705,"Slovenia",4,"Median","37",2048,13294,11866,25159.5
705,"Slovenia",4,"Median","38",2048,13313,11784,25097
705,"Slovenia",4,"Median","39",2048,13098,11746,24844
705,"Slovenia",4,"Median","40",2048,12593,11367,23960
705,"Slovenia",4,"Median","41",2048,11898,10531,22429.5
705,"Slovenia",4,"Median","42",2048,11305,9950,21254.5
705,"Slovenia",4,"Median","43",2048,10768,9608,20376
705,"Slovenia",4,"Median","44",2048,10310,9158,19468
705,"Slovenia",4,"Median","45",2048,10008,8762,18770.5
705,"Slovenia",4,"Median","46",2048,9927,8670,18597
705,"Slovenia",4,"Median","47",2048,10252,8890,19141.5
705,"Slovenia",4,"Median","48",2048,10504,8973,19476.5
705,"Slovenia",4,"Median","49",2048,10627,8827,19454
705,"Slovenia",4,"Median","50",2048,11054,9080,20134.5
705,"Slovenia",4,"Median","51",2048,11520,9349,20869
705,"Slovenia",4,"Median","52",2048,11685,9512,21197
705,"Slovenia",4,"Median","53",2048,11648,9720,21369
705,"Slovenia",4,"Median","54",2048,11788,9896,21684
705,"Slovenia",4,"Median","55",2048,11908,9983,21891
705,"Slovenia",4,"Median","56",2048,12341,10416,22757.5
705,"Slovenia",4,"Median","57",2048,12741,11003,23744
705,"Slovenia",4,"Median","58",2048,13036,11380,24416
705,"Slovenia",4,"Median","59",2048,13816,12074,25889.5
705,"Slovenia",4,"Median","60",2048,14336,12715,27050.5
705,"Slovenia",4,"Median","61",2048,14173,12670,26842.5
705,"Slovenia",4,"Median","62",2048,14128,12718,26847
705,"Slovenia",4,"Median","63",2048,14298,13076,27373.5
705,"Slovenia",4,"Median","64",2048,14418,13264,27682.5
705,"Slovenia",4,"Median","65",2048,14756,13497,28253
705,"Slovenia",4,"Median","66",2048,15154,13836,28990.5
705,"Slovenia",4,"Median","67",2048,15289,14252,29541.5
705,"Slovenia",4,"Median","68",2048,15374,14361,29735
705,"Slovenia",4,"Median","69",2048,15286,14120,29406
705,"Slovenia",4,"Median","70",2048,14830,13954,28785
705,"Slovenia",4,"Median","71",2048,14502,14067,28569.5
705,"Slovenia",4,"Median","72",2048,14060,13988,28048
705,"Slovenia",4,"Median","73",2048,13469,13378,26847
705,"Slovenia",4,"Median","74",2048,13046,13039,26085
705,"Slovenia",4,"Median","75",2048,12596,12890,25486.5
705,"Slovenia",4,"Median","76",2048,12031,12435,24466
705,"Slovenia",4,"Median","77",2048,11182,11890,23072.5
705,"Slovenia",4,"Median","78",2048,10622,11606,22228.5
705,"Slovenia",4,"Median","79",2048,10454,11526,21979.5
705,"Slovenia",4,"Median","80",2048,10090,11668,21758
705,"Slovenia",4,"Median","81",2048,9842,11718,21560
705,"Slovenia",4,"Median","82",2048,9442,11436,20878
705,"Slovenia",4,"Median","83",2048,8638,10829,19467.5
705,"Slovenia",4,"Median","84",2048,7888,10073,17960.5
705,"Slovenia",4,"Median","85",2048,7264,9437,16700.5
705,"Slovenia",4,"Median","86",2048,6588,8859,15446.5
705,"Slovenia",4,"Median","87",2048,5824,8191,14014.5
705,"Slovenia",4,"Median","88",2048,5111,7340,12450.5
705,"Slovenia",4,"Median","89",2048,4466,6536,11001.5
705,"Slovenia",4,"Median","90",2048,3850,5952,9801.5
705,"Slovenia",4,"Median","91",2048,3372,5409,8781
705,"Slovenia",4,"Median","92",2048,2888,4750,7637
705,"Slovenia",4,"Median","93",2048,2332,4030,6361.5
705,"Slovenia",4,"Median","94",2048,1878,3332,5210
705,"Slovenia",4,"Median","95",2048,1480,2694,4174.5
705,"Slovenia",4,"Median","96",2048,1090,2100,3191
705,"Slovenia",4,"Median","97",2048,804,1618,2421.5
705,"Slovenia",4,"Median","98",2048,572,1185,1757
705,"Slovenia",4,"Median","99",2048,377,824,1201
705,"Slovenia",4,"Median","100",2048,150,325,475
705,"Slovenia",4,"Median","101",2048,116,261,377
705,"Slovenia",4,"Median","102",2048,90,210,300
705,"Slovenia",4,"Median","103",2048,69,169,238
705,"Slovenia",4,"Median","104",2048,54,136,190
705,"Slovenia",4,"Median","105",2048,42,109,151
705,"Slovenia",4,"Median","106",2048,32,88,120
705,"Slovenia",4,"Median","107",2048,25,71,96
705,"Slovenia",4,"Median","108",2048,19,57,76
705,"Slovenia",4,"Median","109",2048,15,46,61
705,"Slovenia",4,"Median","110",2048,12,37,49
705,"Slovenia",4,"Median","0",2049,8958,8422,17380
705,"Slovenia",4,"Median","1",2049,9112,8536,17647.5
705,"Slovenia",4,"Median","2",2049,9244,8630,17874
705,"Slovenia",4,"Median","3",2049,9354,8705,18059
705,"Slovenia",4,"Median","4",2049,9429,8750,18179.5
705,"Slovenia",4,"Median","5",2049,9476,8772,18248.5
705,"Slovenia",4,"Median","6",2049,9498,8771,18269.5
705,"Slovenia",4,"Median","7",2049,9498,8751,18249
705,"Slovenia",4,"Median","8",2049,9479,8715,18194
705,"Slovenia",4,"Median","9",2049,9437,8658,18094.5
705,"Slovenia",4,"Median","10",2049,9371,8580,17950.5
705,"Slovenia",4,"Median","11",2049,9285,8484,17768.5
705,"Slovenia",4,"Median","12",2049,9192,8383,17575.5
705,"Slovenia",4,"Median","13",2049,9097,8280,17377
705,"Slovenia",4,"Median","14",2049,9003,8178,17181.5
705,"Slovenia",4,"Median","15",2049,8927,8094,17020.5
705,"Slovenia",4,"Median","16",2049,8894,8046,16941
705,"Slovenia",4,"Median","17",2049,8938,8064,17001.5
705,"Slovenia",4,"Median","18",2049,9080,8170,17249.5
705,"Slovenia",4,"Median","19",2049,9313,8354,17666.5
705,"Slovenia",4,"Median","20",2049,9630,8609,18238.5
705,"Slovenia",4,"Median","21",2049,10002,8912,18913.5
705,"Slovenia",4,"Median","22",2049,10380,9218,19598
705,"Slovenia",4,"Median","23",2049,10734,9496,20230
705,"Slovenia",4,"Median","24",2049,11048,9737,20785
705,"Slovenia",4,"Median","25",2049,11294,9934,21227.5
705,"Slovenia",4,"Median","26",2049,11460,10074,21535
705,"Slovenia",4,"Median","27",2049,11833,10405,22238
705,"Slovenia",4,"Median","28",2049,11998,10573,22570.5
705,"Slovenia",4,"Median","29",2049,12011,10611,22622
705,"Slovenia",4,"Median","30",2049,12244,10777,23021
705,"Slovenia",4,"Median","31",2049,12481,10926,23406.5
705,"Slovenia",4,"Median","32",2049,12540,11146,23686.5
705,"Slovenia",4,"Median","33",2049,12518,11190,23708.5
705,"Slovenia",4,"Median","34",2049,12706,11234,23939.5
705,"Slovenia",4,"Median","35",2049,12736,11342,24077.5
705,"Slovenia",4,"Median","36",2049,12942,11520,24462
705,"Slovenia",4,"Median","37",2049,13172,11705,24877.5
705,"Slovenia",4,"Median","38",2049,13270,11830,25100
705,"Slovenia",4,"Median","39",2049,13291,11750,25041.5
705,"Slovenia",4,"Median","40",2049,13080,11716,24796
705,"Slovenia",4,"Median","41",2049,12576,11340,23916.5
705,"Slovenia",4,"Median","42",2049,11883,10506,22389.5
705,"Slovenia",4,"Median","43",2049,11290,9928,21218
705,"Slovenia",4,"Median","44",2049,10755,9586,20341
705,"Slovenia",4,"Median","45",2049,10296,9138,19435
705,"Slovenia",4,"Median","46",2049,9995,8744,18739
705,"Slovenia",4,"Median","47",2049,9914,8653,18567.5
705,"Slovenia",4,"Median","48",2049,10238,8874,19112
705,"Slovenia",4,"Median","49",2049,10488,8958,19445.5
705,"Slovenia",4,"Median","50",2049,10608,8810,19418.5
705,"Slovenia",4,"Median","51",2049,11030,9064,20094
705,"Slovenia",4,"Median","52",2049,11492,9331,20823.5
705,"Slovenia",4,"Median","53",2049,11656,9494,21150.5
705,"Slovenia",4,"Median","54",2049,11618,9702,21320
705,"Slovenia",4,"Median","55",2049,11754,9876,21630
705,"Slovenia",4,"Median","56",2049,11868,9962,21829.5
705,"Slovenia",4,"Median","57",2049,12293,10393,22686
705,"Slovenia",4,"Median","58",2049,12686,10975,23661
705,"Slovenia",4,"Median","59",2049,12972,11349,24321.5
705,"Slovenia",4,"Median","60",2049,13741,12037,25778
705,"Slovenia",4,"Median","61",2049,14248,12673,26921
705,"Slovenia",4,"Median","62",2049,14077,12622,26699.5
705,"Slovenia",4,"Median","63",2049,14024,12668,26692
705,"Slovenia",4,"Median","64",2049,14186,13023,27209
705,"Slovenia",4,"Median","65",2049,14300,13208,27507
705,"Slovenia",4,"Median","66",2049,14626,13434,28060
705,"Slovenia",4,"Median","67",2049,15008,13768,28776
705,"Slovenia",4,"Median","68",2049,15131,14178,29309
705,"Slovenia",4,"Median","69",2049,15206,14282,29487
705,"Slovenia",4,"Median","70",2049,15108,14036,29144
705,"Slovenia",4,"Median","71",2049,14646,13862,28508
705,"Slovenia",4,"Median","72",2049,14306,13966,28273
705,"Slovenia",4,"Median","73",2049,13852,13879,27730.5
705,"Slovenia",4,"Median","74",2049,13239,13254,26493
705,"Slovenia",4,"Median","75",2049,12780,12885,25665
705,"Slovenia",4,"Median","76",2049,12278,12696,24974.5
705,"Slovenia",4,"Median","77",2049,11678,12210,23888
705,"Slovenia",4,"Median","78",2049,10816,11647,22463.5
705,"Slovenia",4,"Median","79",2049,10236,11338,21573.5
705,"Slovenia",4,"Median","80",2049,10028,11220,21248
705,"Slovenia",4,"Median","81",2049,9628,11314,20942
705,"Slovenia",4,"Median","82",2049,9340,11312,20653
705,"Slovenia",4,"Median","83",2049,8906,10985,19891.5
705,"Slovenia",4,"Median","84",2049,8092,10344,18435
705,"Slovenia",4,"Median","85",2049,7332,9560,16891
705,"Slovenia",4,"Median","86",2049,6694,8890,15584.5
705,"Slovenia",4,"Median","87",2049,6014,8278,14291.5
705,"Slovenia",4,"Median","88",2049,5261,7582,12843.5
705,"Slovenia",4,"Median","89",2049,4564,6723,11287.5
705,"Slovenia",4,"Median","90",2049,3939,5917,9856
705,"Slovenia",4,"Median","91",2049,3348,5318,8666
705,"Slovenia",4,"Median","92",2049,2888,4763,7651.5
705,"Slovenia",4,"Median","93",2049,2434,4116,6549
705,"Slovenia",4,"Median","94",2049,1930,3430,5360
705,"Slovenia",4,"Median","95",2049,1525,2781,4306
705,"Slovenia",4,"Median","96",2049,1178,2201,3378.5
705,"Slovenia",4,"Median","97",2049,848,1676,2524.5
705,"Slovenia",4,"Median","98",2049,610,1258,1869
705,"Slovenia",4,"Median","99",2049,424,898,1322
705,"Slovenia",4,"Median","100",2049,161,341,502
705,"Slovenia",4,"Median","101",2049,126,277,403
705,"Slovenia",4,"Median","102",2049,99,225,324
705,"Slovenia",4,"Median","103",2049,77,182,259
705,"Slovenia",4,"Median","104",2049,60,148,208
705,"Slovenia",4,"Median","105",2049,47,120,167
705,"Slovenia",4,"Median","106",2049,37,98,135
705,"Slovenia",4,"Median","107",2049,29,79,108
705,"Slovenia",4,"Median","108",2049,23,64,87
705,"Slovenia",4,"Median","109",2049,18,52,70
705,"Slovenia",4,"Median","110",2049,14,42,56
705,"Slovenia",4,"Median","0",2050,8834,8304,17137
705,"Slovenia",4,"Median","1",2050,9002,8430,17432
705,"Slovenia",4,"Median","2",2050,9152,8544,17695.5
705,"Slovenia",4,"Median","3",2050,9281,8638,17918.5
705,"Slovenia",4,"Median","4",2050,9387,8712,18099
705,"Slovenia",4,"Median","5",2050,9460,8757,18217
705,"Slovenia",4,"Median","6",2050,9505,8778,18283
705,"Slovenia",4,"Median","7",2050,9524,8776,18300.5
705,"Slovenia",4,"Median","8",2050,9522,8756,18277
705,"Slovenia",4,"Median","9",2050,9502,8720,18221
705,"Slovenia",4,"Median","10",2050,9458,8662,18119.5
705,"Slovenia",4,"Median","11",2050,9390,8584,17973.5
705,"Slovenia",4,"Median","12",2050,9302,8488,17790
705,"Slovenia",4,"Median","13",2050,9208,8386,17594
705,"Slovenia",4,"Median","14",2050,9113,8284,17396.5
705,"Slovenia",4,"Median","15",2050,9025,8188,17212.5
705,"Slovenia",4,"Median","16",2050,8972,8122,17094.5
705,"Slovenia",4,"Median","17",2050,8989,8116,17105
705,"Slovenia",4,"Median","18",2050,9097,8188,17285.5
705,"Slovenia",4,"Median","19",2050,9304,8347,17650.5
705,"Slovenia",4,"Median","20",2050,9582,8566,18149
705,"Slovenia",4,"Median","21",2050,9910,8828,18737.5
705,"Slovenia",4,"Median","22",2050,10254,9102,19355.5
705,"Slovenia",4,"Median","23",2050,10576,9352,19929
705,"Slovenia",4,"Median","24",2050,10866,9570,20435
705,"Slovenia",4,"Median","25",2050,11122,9756,20879
705,"Slovenia",4,"Median","26",2050,11324,9912,21235.5
705,"Slovenia",4,"Median","27",2050,11460,10028,21487.5
705,"Slovenia",4,"Median","28",2050,11812,10343,22155.5
705,"Slovenia",4,"Median","29",2050,11967,10504,22471
705,"Slovenia",4,"Median","30",2050,11975,10541,22516
705,"Slovenia",4,"Median","31",2050,12206,10709,22915.5
705,"Slovenia",4,"Median","32",2050,12445,10860,23305.5
705,"Slovenia",4,"Median","33",2050,12506,11087,23592.5
705,"Slovenia",4,"Median","34",2050,12486,11136,23621.5
705,"Slovenia",4,"Median","35",2050,12676,11184,23859.5
705,"Slovenia",4,"Median","36",2050,12710,11296,24006
705,"Slovenia",4,"Median","37",2050,12916,11479,24395.5
705,"Slovenia",4,"Median","38",2050,13148,11667,24815
705,"Slovenia",4,"Median","39",2050,13248,11795,25042.5
705,"Slovenia",4,"Median","40",2050,13272,11720,24991.5
705,"Slovenia",4,"Median","41",2050,13062,11688,24750
705,"Slovenia",4,"Median","42",2050,12560,11315,23874.5
705,"Slovenia",4,"Median","43",2050,11868,10483,22350.5
705,"Slovenia",4,"Median","44",2050,11276,9906,21181
705,"Slovenia",4,"Median","45",2050,10740,9566,20306.5
705,"Slovenia",4,"Median","46",2050,10282,9120,19402
705,"Slovenia",4,"Median","47",2050,9982,8726,18708
705,"Slovenia",4,"Median","48",2050,9900,8636,18537
705,"Slovenia",4,"Median","49",2050,10222,8858,19080.5
705,"Slovenia",4,"Median","50",2050,10468,8940,19409
705,"Slovenia",4,"Median","51",2050,10586,8794,19379
705,"Slovenia",4,"Median","52",2050,11004,9046,20049.5
705,"Slovenia",4,"Median","53",2050,11464,9313,20777.5
705,"Slovenia",4,"Median","54",2050,11626,9476,21101
705,"Slovenia",4,"Median","55",2050,11583,9684,21266.5
705,"Slovenia",4,"Median","56",2050,11714,9856,21569.5
705,"Slovenia",4,"Median","57",2050,11822,9940,21761
705,"Slovenia",4,"Median","58",2050,12240,10366,22606.5
705,"Slovenia",4,"Median","59",2050,12625,10945,23570
705,"Slovenia",4,"Median","60",2050,12903,11315,24218
705,"Slovenia",4,"Median","61",2050,13658,11998,25656
705,"Slovenia",4,"Median","62",2050,14153,12626,26779.5
705,"Slovenia",4,"Median","63",2050,13974,12573,26547
705,"Slovenia",4,"Median","64",2050,13916,12617,26532.5
705,"Slovenia",4,"Median","65",2050,14070,12968,27038
705,"Slovenia",4,"Median","66",2050,14176,13146,27322
705,"Slovenia",4,"Median","67",2050,14488,13368,27855
705,"Slovenia",4,"Median","68",2050,14856,13696,28552
705,"Slovenia",4,"Median","69",2050,14968,14100,29068
705,"Slovenia",4,"Median","70",2050,15031,14198,29228.5
705,"Slovenia",4,"Median","71",2050,14922,13944,28867
705,"Slovenia",4,"Median","72",2050,14450,13766,28216
705,"Slovenia",4,"Median","73",2050,14096,13860,27956
705,"Slovenia",4,"Median","74",2050,13619,13752,27371.5
705,"Slovenia",4,"Median","75",2050,12973,13100,26073
705,"Slovenia",4,"Median","76",2050,12463,12694,25156.5
705,"Slovenia",4,"Median","77",2050,11923,12470,24393.5
705,"Slovenia",4,"Median","78",2050,11300,11964,23264.5
705,"Slovenia",4,"Median","79",2050,10429,11381,21810
705,"Slovenia",4,"Median","80",2050,9824,11041,20865.5
705,"Slovenia",4,"Median","81",2050,9576,10884,20459.5
705,"Slovenia",4,"Median","82",2050,9144,10928,20071.5
705,"Slovenia",4,"Median","83",2050,8817,10873,19690
705,"Slovenia",4,"Median","84",2050,8349,10499,18848
705,"Slovenia",4,"Median","85",2050,7528,9823,17350.5
705,"Slovenia",4,"Median","86",2050,6762,9012,15775
705,"Slovenia",4,"Median","87",2050,6118,8314,14431.5
705,"Slovenia",4,"Median","88",2050,5439,7669,13108
705,"Slovenia",4,"Median","89",2050,4704,6952,11656.5
705,"Slovenia",4,"Median","90",2050,4030,6094,10124
705,"Slovenia",4,"Median","91",2050,3430,5293,8723.5
705,"Slovenia",4,"Median","92",2050,2872,4688,7561
705,"Slovenia",4,"Median","93",2050,2438,4132,6570.5
705,"Slovenia",4,"Median","94",2050,2018,3508,5525.5
705,"Slovenia",4,"Median","95",2050,1570,2866,4436.5
705,"Slovenia",4,"Median","96",2050,1215,2276,3490.5
705,"Slovenia",4,"Median","97",2050,918,1759,2677
705,"Slovenia",4,"Median","98",2050,646,1306,1952
705,"Slovenia",4,"Median","99",2050,454,956,1409
705,"Slovenia",4,"Median","100",2050,177,364,541
705,"Slovenia",4,"Median","101",2050,139,297,436
705,"Slovenia",4,"Median","102",2050,110,243,353
705,"Slovenia",4,"Median","103",2050,86,198,284
705,"Slovenia",4,"Median","104",2050,68,162,230
705,"Slovenia",4,"Median","105",2050,54,132,186
705,"Slovenia",4,"Median","106",2050,42,108,150
705,"Slovenia",4,"Median","107",2050,33,88,121
705,"Slovenia",4,"Median","108",2050,26,72,98
705,"Slovenia",4,"Median","109",2050,21,59,80
705,"Slovenia",4,"Median","110",2050,16,48,64
705,"Slovenia",4,"Median","0",2051,8706,8184,16890.5
705,"Slovenia",4,"Median","1",2051,8876,8312,17187
705,"Slovenia",4,"Median","2",2051,9041,8438,17479
705,"Slovenia",4,"Median","3",2051,9188,8550,17738.5
705,"Slovenia",4,"Median","4",2051,9314,8644,17958
705,"Slovenia",4,"Median","5",2051,9418,8718,18135.5
705,"Slovenia",4,"Median","6",2051,9488,8762,18250.5
705,"Slovenia",4,"Median","7",2051,9530,8784,18313.5
705,"Slovenia",4,"Median","8",2051,9548,8781,18328.5
705,"Slovenia",4,"Median","9",2051,9544,8760,18303.5
705,"Slovenia",4,"Median","10",2051,9522,8724,18245
705,"Slovenia",4,"Median","11",2051,9476,8666,18141.5
705,"Slovenia",4,"Median","12",2051,9407,8586,17993.5
705,"Slovenia",4,"Median","13",2051,9318,8490,17808.5
705,"Slovenia",4,"Median","14",2051,9224,8390,17613.5
705,"Slovenia",4,"Median","15",2051,9134,8292,17427
705,"Slovenia",4,"Median","16",2051,9070,8216,17286.5
705,"Slovenia",4,"Median","17",2051,9066,8192,17257.5
705,"Slovenia",4,"Median","18",2051,9148,8240,17387
705,"Slovenia",4,"Median","19",2051,9320,8365,17684.5
705,"Slovenia",4,"Median","20",2051,9572,8559,18130.5
705,"Slovenia",4,"Median","21",2051,9860,8784,18645
705,"Slovenia",4,"Median","22",2051,10160,9016,19176.5
705,"Slovenia",4,"Median","23",2051,10449,9236,19685
705,"Slovenia",4,"Median","24",2051,10708,9425,20132.5
705,"Slovenia",4,"Median","25",2051,10938,9588,20526.5
705,"Slovenia",4,"Median","26",2051,11151,9734,20885.5
705,"Slovenia",4,"Median","27",2051,11322,9864,21186.5
705,"Slovenia",4,"Median","28",2051,11439,9965,21404
705,"Slovenia",4,"Median","29",2051,11782,10274,22055.5
705,"Slovenia",4,"Median","30",2051,11930,10434,22364
705,"Slovenia",4,"Median","31",2051,11938,10472,22410
705,"Slovenia",4,"Median","32",2051,12170,10644,22814
705,"Slovenia",4,"Median","33",2051,12410,10801,23211.5
705,"Slovenia",4,"Median","34",2051,12472,11032,23504
705,"Slovenia",4,"Median","35",2051,12456,11085,23541.5
705,"Slovenia",4,"Median","36",2051,12649,11138,23787
705,"Slovenia",4,"Median","37",2051,12684,11255,23939
705,"Slovenia",4,"Median","38",2051,12892,11440,24333
705,"Slovenia",4,"Median","39",2051,13126,11632,24758
705,"Slovenia",4,"Median","40",2051,13228,11764,24992
705,"Slovenia",4,"Median","41",2051,13253,11692,24945
705,"Slovenia",4,"Median","42",2051,13044,11663,24707.5
705,"Slovenia",4,"Median","43",2051,12543,11291,23834
705,"Slovenia",4,"Median","44",2051,11852,10461,22312.5
705,"Slovenia",4,"Median","45",2051,11260,9886,21146
705,"Slovenia",4,"Median","46",2051,10726,9547,20273
705,"Slovenia",4,"Median","47",2051,10269,9102,19370.5
705,"Slovenia",4,"Median","48",2051,9968,8710,18678
705,"Slovenia",4,"Median","49",2051,9886,8620,18506
705,"Slovenia",4,"Median","50",2051,10204,8842,19045.5
705,"Slovenia",4,"Median","51",2051,10446,8924,19370
705,"Slovenia",4,"Median","52",2051,10560,8776,19336.5
705,"Slovenia",4,"Median","53",2051,10978,9028,20005
705,"Slovenia",4,"Median","54",2051,11434,9294,20729
705,"Slovenia",4,"Median","55",2051,11592,9457,21048.5
705,"Slovenia",4,"Median","56",2051,11544,9663,21207.5
705,"Slovenia",4,"Median","57",2051,11669,9834,21502.5
705,"Slovenia",4,"Median","58",2051,11772,9914,21686
705,"Slovenia",4,"Median","59",2051,12182,10338,22521
705,"Slovenia",4,"Median","60",2051,12558,10913,23471.5
705,"Slovenia",4,"Median","61",2051,12826,11278,24105
705,"Slovenia",4,"Median","62",2051,13568,11954,25522
705,"Slovenia",4,"Median","63",2051,14050,12578,26628
705,"Slovenia",4,"Median","64",2051,13867,12522,26389.5
705,"Slovenia",4,"Median","65",2051,13804,12564,26368.5
705,"Slovenia",4,"Median","66",2051,13950,12909,26859
705,"Slovenia",4,"Median","67",2051,14044,13082,27126
705,"Slovenia",4,"Median","68",2051,14342,13300,27642
705,"Slovenia",4,"Median","69",2051,14698,13623,28320.5
705,"Slovenia",4,"Median","70",2051,14799,14019,28818
705,"Slovenia",4,"Median","71",2051,14850,14107,28956.5
705,"Slovenia",4,"Median","72",2051,14727,13849,28576
705,"Slovenia",4,"Median","73",2051,14242,13662,27904
705,"Slovenia",4,"Median","74",2051,13864,13736,27600
705,"Slovenia",4,"Median","75",2051,13350,13595,26944.5
705,"Slovenia",4,"Median","76",2051,12656,12908,25564.5
705,"Slovenia",4,"Median","77",2051,12107,12472,24579
705,"Slovenia",4,"Median","78",2051,11543,12223,23766
705,"Slovenia",4,"Median","79",2051,10901,11696,22596.5
705,"Slovenia",4,"Median","80",2051,10016,11088,21103
705,"Slovenia",4,"Median","81",2051,9387,10715,20102
705,"Slovenia",4,"Median","82",2051,9100,10518,19618
705,"Slovenia",4,"Median","83",2051,8638,10508,19146.5
705,"Slovenia",4,"Median","84",2051,8272,10398,18670
705,"Slovenia",4,"Median","85",2051,7774,9977,17750.5
705,"Slovenia",4,"Median","86",2051,6950,9268,16217.5
705,"Slovenia",4,"Median","87",2051,6186,8435,14621.5
705,"Slovenia",4,"Median","88",2051,5538,7710,13248.5
705,"Slovenia",4,"Median","89",2051,4869,7039,11908
705,"Slovenia",4,"Median","90",2051,4159,6308,10467.5
705,"Slovenia",4,"Median","91",2051,3516,5458,8973
705,"Slovenia",4,"Median","92",2051,2947,4673,7620
705,"Slovenia",4,"Median","93",2051,2428,4073,6501
705,"Slovenia",4,"Median","94",2051,2025,3527,5552
705,"Slovenia",4,"Median","95",2051,1644,2936,4580
705,"Slovenia",4,"Median","96",2051,1254,2349,3602.5
705,"Slovenia",4,"Median","97",2051,949,1822,2771
705,"Slovenia",4,"Median","98",2051,700,1374,2074
705,"Slovenia",4,"Median","99",2051,480,994,1474
705,"Slovenia",4,"Median","100",2051,192,389,581
705,"Slovenia",4,"Median","101",2051,152,319,471
705,"Slovenia",4,"Median","102",2051,120,261,381
705,"Slovenia",4,"Median","103",2051,95,214,309
705,"Slovenia",4,"Median","104",2051,75,176,251
705,"Slovenia",4,"Median","105",2051,60,144,204
705,"Slovenia",4,"Median","106",2051,47,118,165
705,"Slovenia",4,"Median","107",2051,37,97,134
705,"Slovenia",4,"Median","108",2051,30,79,109
705,"Slovenia",4,"Median","109",2051,23,65,88
705,"Slovenia",4,"Median","110",2051,19,53,72
705,"Slovenia",4,"Median","0",2052,8578,8063,16640.5
705,"Slovenia",4,"Median","1",2052,8747,8190,16937.5
705,"Slovenia",4,"Median","2",2052,8914,8318,17232
705,"Slovenia",4,"Median","3",2052,9076,8444,17519.5
705,"Slovenia",4,"Median","4",2052,9220,8556,17776.5
705,"Slovenia",4,"Median","5",2052,9343,8650,17992.5
705,"Slovenia",4,"Median","6",2052,9444,8723,18167.5
705,"Slovenia",4,"Median","7",2052,9512,8768,18280
705,"Slovenia",4,"Median","8",2052,9553,8788,18340.5
705,"Slovenia",4,"Median","9",2052,9568,8785,18353.5
705,"Slovenia",4,"Median","10",2052,9563,8764,18326.5
705,"Slovenia",4,"Median","11",2052,9539,8726,18265.5
705,"Slovenia",4,"Median","12",2052,9492,8668,18161
705,"Slovenia",4,"Median","13",2052,9422,8590,18012
705,"Slovenia",4,"Median","14",2052,9334,8494,17827
705,"Slovenia",4,"Median","15",2052,9244,8398,17642.5
705,"Slovenia",4,"Median","16",2052,9179,8320,17499.5
705,"Slovenia",4,"Median","17",2052,9162,8284,17447
705,"Slovenia",4,"Median","18",2052,9224,8314,17537
705,"Slovenia",4,"Median","19",2052,9368,8414,17783
705,"Slovenia",4,"Median","20",2052,9585,8576,18160.5
705,"Slovenia",4,"Median","21",2052,9848,8775,18622.5
705,"Slovenia",4,"Median","22",2052,10109,8971,19080
705,"Slovenia",4,"Median","23",2052,10353,9148,19501.5
705,"Slovenia",4,"Median","24",2052,10578,9306,19884
705,"Slovenia",4,"Median","25",2052,10778,9442,20219.5
705,"Slovenia",4,"Median","26",2052,10965,9564,20529.5
705,"Slovenia",4,"Median","27",2052,11148,9685,20833
705,"Slovenia",4,"Median","28",2052,11300,9800,21100
705,"Slovenia",4,"Median","29",2052,11406,9894,21301
705,"Slovenia",4,"Median","30",2052,11744,10202,21945.5
705,"Slovenia",4,"Median","31",2052,11892,10364,22256
705,"Slovenia",4,"Median","32",2052,11900,10407,22307
705,"Slovenia",4,"Median","33",2052,12134,10584,22718
705,"Slovenia",4,"Median","34",2052,12376,10745,23121.5
705,"Slovenia",4,"Median","35",2052,12442,10980,23423
705,"Slovenia",4,"Median","36",2052,12428,11039,23467.5
705,"Slovenia",4,"Median","37",2052,12624,11096,23719
705,"Slovenia",4,"Median","38",2052,12660,11216,23876
705,"Slovenia",4,"Median","39",2052,12870,11406,24275.5
705,"Slovenia",4,"Median","40",2052,13104,11602,24706.5
705,"Slovenia",4,"Median","41",2052,13209,11736,24945
705,"Slovenia",4,"Median","42",2052,13235,11666,24901.5
705,"Slovenia",4,"Median","43",2052,13028,11638,24666
705,"Slovenia",4,"Median","44",2052,12526,11268,23795
705,"Slovenia",4,"Median","45",2052,11836,10440,22276.5
705,"Slovenia",4,"Median","46",2052,11246,9866,21111.5
705,"Slovenia",4,"Median","47",2052,10712,9528,20240.5
705,"Slovenia",4,"Median","48",2052,10255,9085,19340
705,"Slovenia",4,"Median","49",2052,9952,8694,18646.5
705,"Slovenia",4,"Median","50",2052,9868,8604,18472.5
705,"Slovenia",4,"Median","51",2052,10182,8824,19006.5
705,"Slovenia",4,"Median","52",2052,10422,8906,19327.5
705,"Slovenia",4,"Median","53",2052,10535,8758,19293
705,"Slovenia",4,"Median","54",2052,10950,9010,19959.5
705,"Slovenia",4,"Median","55",2052,11402,9276,20678
705,"Slovenia",4,"Median","56",2052,11553,9437,20990
705,"Slovenia",4,"Median","57",2052,11501,9641,21142
705,"Slovenia",4,"Median","58",2052,11620,9808,21429
705,"Slovenia",4,"Median","59",2052,11717,9888,21604.5
705,"Slovenia",4,"Median","60",2052,12119,10308,22427.5
705,"Slovenia",4,"Median","61",2052,12485,10878,23362.5
705,"Slovenia",4,"Median","62",2052,12743,11238,23981
705,"Slovenia",4,"Median","63",2052,13472,11908,25379.5
705,"Slovenia",4,"Median","64",2052,13944,12528,26472
705,"Slovenia",4,"Median","65",2052,13758,12471,26229.5
705,"Slovenia",4,"Median","66",2052,13688,12508,26196
705,"Slovenia",4,"Median","67",2052,13822,12847,26669.5
705,"Slovenia",4,"Median","68",2052,13905,13017,26922
705,"Slovenia",4,"Median","69",2052,14192,13230,27422.5
705,"Slovenia",4,"Median","70",2052,14536,13546,28081
705,"Slovenia",4,"Median","71",2052,14623,13932,28554.5
705,"Slovenia",4,"Median","72",2052,14659,14012,28671
705,"Slovenia",4,"Median","73",2052,14519,13746,28265.5
705,"Slovenia",4,"Median","74",2052,14012,13542,27553.5
705,"Slovenia",4,"Median","75",2052,13594,13581,27175
705,"Slovenia",4,"Median","76",2052,13028,13400,26428.5
705,"Slovenia",4,"Median","77",2052,12300,12687,24987
705,"Slovenia",4,"Median","78",2052,11727,12228,23955
705,"Slovenia",4,"Median","79",2052,11141,11952,23093
705,"Slovenia",4,"Median","80",2052,10474,11398,21873
705,"Slovenia",4,"Median","81",2052,9576,10765,20340.5
705,"Slovenia",4,"Median","82",2052,8927,10360,19286.5
705,"Slovenia",4,"Median","83",2052,8603,10120,18723
705,"Slovenia",4,"Median","84",2052,8110,10056,18166.5
705,"Slovenia",4,"Median","85",2052,7708,9888,17595.5
705,"Slovenia",4,"Median","86",2052,7184,9420,16604
705,"Slovenia",4,"Median","87",2052,6364,8681,15045.5
705,"Slovenia",4,"Median","88",2052,5608,7829,13436.5
705,"Slovenia",4,"Median","89",2052,4964,7084,12047.5
705,"Slovenia",4,"Median","90",2052,4310,6394,10704
705,"Slovenia",4,"Median","91",2052,3632,5656,9289
705,"Slovenia",4,"Median","92",2052,3024,4824,7848.5
705,"Slovenia",4,"Median","93",2052,2495,4065,6560
705,"Slovenia",4,"Median","94",2052,2020,3482,5502
705,"Slovenia",4,"Median","95",2052,1653,2956,4609.5
705,"Slovenia",4,"Median","96",2052,1315,2410,3725
705,"Slovenia",4,"Median","97",2052,981,1884,2865
705,"Slovenia",4,"Median","98",2052,725,1426,2150.5
705,"Slovenia",4,"Median","99",2052,522,1046,1568.5
705,"Slovenia",4,"Median","100",2052,207,412,619
705,"Slovenia",4,"Median","101",2052,165,339,504
705,"Slovenia",4,"Median","102",2052,131,278,409
705,"Slovenia",4,"Median","103",2052,104,229,333
705,"Slovenia",4,"Median","104",2052,82,188,270
705,"Slovenia",4,"Median","105",2052,65,155,220
705,"Slovenia",4,"Median","106",2052,52,127,179
705,"Slovenia",4,"Median","107",2052,41,104,145
705,"Slovenia",4,"Median","108",2052,33,86,119
705,"Slovenia",4,"Median","109",2052,26,71,97
705,"Slovenia",4,"Median","110",2052,21,58,79
705,"Slovenia",4,"Median","0",2053,8444,7938,16382.5
705,"Slovenia",4,"Median","1",2053,8618,8069,16686.5
705,"Slovenia",4,"Median","2",2053,8784,8196,16981
705,"Slovenia",4,"Median","3",2053,8948,8324,17272
705,"Slovenia",4,"Median","4",2053,9107,8450,17556.5
705,"Slovenia",4,"Median","5",2053,9248,8562,17810
705,"Slovenia",4,"Median","6",2053,9370,8654,18023.5
705,"Slovenia",4,"Median","7",2053,9468,8728,18196
705,"Slovenia",4,"Median","8",2053,9535,8771,18306
705,"Slovenia",4,"Median","9",2053,9574,8791,18364.5
705,"Slovenia",4,"Median","10",2053,9588,8788,18375.5
705,"Slovenia",4,"Median","11",2053,9580,8766,18347
705,"Slovenia",4,"Median","12",2053,9556,8730,18285
705,"Slovenia",4,"Median","13",2053,9508,8671,18179
705,"Slovenia",4,"Median","14",2053,9438,8592,18030
705,"Slovenia",4,"Median","15",2053,9354,8502,17856
705,"Slovenia",4,"Median","16",2053,9289,8426,17714.5
705,"Slovenia",4,"Median","17",2053,9270,8388,17658.5
705,"Slovenia",4,"Median","18",2053,9319,8406,17725
705,"Slovenia",4,"Median","19",2053,9442,8488,17930
705,"Slovenia",4,"Median","20",2053,9632,8624,18255.5
705,"Slovenia",4,"Median","21",2053,9860,8790,18649
705,"Slovenia",4,"Median","22",2053,10094,8960,19053.5
705,"Slovenia",4,"Median","23",2053,10300,9102,19401.5
705,"Slovenia",4,"Median","24",2053,10480,9218,19698
705,"Slovenia",4,"Median","25",2053,10647,9322,19968.5
705,"Slovenia",4,"Median","26",2053,10804,9417,20220.5
705,"Slovenia",4,"Median","27",2053,10961,9514,20475
705,"Slovenia",4,"Median","28",2053,11124,9620,20745
705,"Slovenia",4,"Median","29",2053,11266,9729,20995
705,"Slovenia",4,"Median","30",2053,11368,9822,21190.5
705,"Slovenia",4,"Median","31",2053,11704,10132,21837
705,"Slovenia",4,"Median","32",2053,11854,10298,22151.5
705,"Slovenia",4,"Median","33",2053,11864,10346,22210
705,"Slovenia",4,"Median","34",2053,12100,10528,22628
705,"Slovenia",4,"Median","35",2053,12346,10694,23039.5
705,"Slovenia",4,"Median","36",2053,12414,10934,23348.5
705,"Slovenia",4,"Median","37",2053,12403,10996,23399
705,"Slovenia",4,"Median","38",2053,12599,11057,23656
705,"Slovenia",4,"Median","39",2053,12636,11182,23818
705,"Slovenia",4,"Median","40",2053,12848,11375,24223.5
705,"Slovenia",4,"Median","41",2053,13086,11574,24659.5
705,"Slovenia",4,"Median","42",2053,13190,11710,24900.5
705,"Slovenia",4,"Median","43",2053,13218,11642,24860
705,"Slovenia",4,"Median","44",2053,13010,11616,24626.5
705,"Slovenia",4,"Median","45",2053,12510,11248,23758
705,"Slovenia",4,"Median","46",2053,11820,10420,22240.5
705,"Slovenia",4,"Median","47",2053,11231,9847,21078
705,"Slovenia",4,"Median","48",2053,10697,9512,20208.5
705,"Slovenia",4,"Median","49",2053,10239,9068,19307.5
705,"Slovenia",4,"Median","50",2053,9934,8678,18612.5
705,"Slovenia",4,"Median","51",2053,9847,8588,18434.5
705,"Slovenia",4,"Median","52",2053,10158,8806,18965
705,"Slovenia",4,"Median","53",2053,10398,8888,19285.5
705,"Slovenia",4,"Median","54",2053,10508,8742,19250
705,"Slovenia",4,"Median","55",2053,10918,8992,19910.5
705,"Slovenia",4,"Median","56",2053,11364,9257,20621
705,"Slovenia",4,"Median","57",2053,11510,9416,20926.5
705,"Slovenia",4,"Median","58",2053,11454,9617,21071
705,"Slovenia",4,"Median","59",2053,11568,9782,21350
705,"Slovenia",4,"Median","60",2053,11657,9859,21516
705,"Slovenia",4,"Median","61",2053,12049,10276,22324.5
705,"Slovenia",4,"Median","62",2053,12405,10839,23244
705,"Slovenia",4,"Median","63",2053,12654,11195,23849
705,"Slovenia",4,"Median","64",2053,13372,11862,25233.5
705,"Slovenia",4,"Median","65",2053,13837,12477,26314
705,"Slovenia",4,"Median","66",2053,13644,12416,26060.5
705,"Slovenia",4,"Median","67",2053,13565,12449,26014
705,"Slovenia",4,"Median","68",2053,13688,12784,26472
705,"Slovenia",4,"Median","69",2053,13763,12950,26713
705,"Slovenia",4,"Median","70",2053,14039,13156,27195
705,"Slovenia",4,"Median","71",2053,14366,13463,27828.5
705,"Slovenia",4,"Median","72",2053,14439,13840,28278.5
705,"Slovenia",4,"Median","73",2053,14456,13910,28366
705,"Slovenia",4,"Median","74",2053,14288,13628,27916.5
705,"Slovenia",4,"Median","75",2053,13744,13392,27136
705,"Slovenia",4,"Median","76",2053,13272,13390,26662
705,"Slovenia",4,"Median","77",2053,12668,13174,25841
705,"Slovenia",4,"Median","78",2053,11920,12442,24362
705,"Slovenia",4,"Median","79",2053,11324,11962,23286
705,"Slovenia",4,"Median","80",2053,10711,11654,22364.5
705,"Slovenia",4,"Median","81",2053,10021,11072,21093
705,"Slovenia",4,"Median","82",2053,9112,10414,19526
705,"Slovenia",4,"Median","83",2053,8446,9974,18419.5
705,"Slovenia",4,"Median","84",2053,8084,9690,17774
705,"Slovenia",4,"Median","85",2053,7564,9568,17133
705,"Slovenia",4,"Median","86",2053,7130,9343,16473.5
705,"Slovenia",4,"Median","87",2053,6586,8831,15417
705,"Slovenia",4,"Median","88",2053,5776,8065,13840.5
705,"Slovenia",4,"Median","89",2053,5032,7200,12232.5
705,"Slovenia",4,"Median","90",2053,4400,6441,10841.5
705,"Slovenia",4,"Median","91",2053,3770,5740,9509
705,"Slovenia",4,"Median","92",2053,3130,5006,8136.5
705,"Slovenia",4,"Median","93",2053,2564,4202,6767
705,"Slovenia",4,"Median","94",2053,2080,3480,5559.5
705,"Slovenia",4,"Median","95",2053,1652,2924,4575
705,"Slovenia",4,"Median","96",2053,1324,2432,3755.5
705,"Slovenia",4,"Median","97",2053,1030,1936,2967
705,"Slovenia",4,"Median","98",2053,750,1477,2227.5
705,"Slovenia",4,"Median","99",2053,542,1088,1629.5
705,"Slovenia",4,"Median","100",2053,225,436,661
705,"Slovenia",4,"Median","101",2053,179,359,538
705,"Slovenia",4,"Median","102",2053,142,296,438
705,"Slovenia",4,"Median","103",2053,113,243,356
705,"Slovenia",4,"Median","104",2053,90,200,290
705,"Slovenia",4,"Median","105",2053,71,165,236
705,"Slovenia",4,"Median","106",2053,57,136,193
705,"Slovenia",4,"Median","107",2053,45,112,157
705,"Slovenia",4,"Median","108",2053,36,92,128
705,"Slovenia",4,"Median","109",2053,28,76,104
705,"Slovenia",4,"Median","110",2053,23,62,85
705,"Slovenia",4,"Median","0",2054,8312,7814,16126
705,"Slovenia",4,"Median","1",2054,8484,7944,16428.5
705,"Slovenia",4,"Median","2",2054,8655,8076,16730.5
705,"Slovenia",4,"Median","3",2054,8818,8202,17021
705,"Slovenia",4,"Median","4",2054,8979,8330,17308.5
705,"Slovenia",4,"Median","5",2054,9136,8454,17590
705,"Slovenia",4,"Median","6",2054,9275,8566,17841
705,"Slovenia",4,"Median","7",2054,9394,8658,18052
705,"Slovenia",4,"Median","8",2054,9491,8731,18222
705,"Slovenia",4,"Median","9",2054,9556,8774,18330
705,"Slovenia",4,"Median","10",2054,9592,8794,18386.5
705,"Slovenia",4,"Median","11",2054,9605,8791,18396
705,"Slovenia",4,"Median","12",2054,9597,8770,18366.5
705,"Slovenia",4,"Median","13",2054,9570,8732,18302.5
705,"Slovenia",4,"Median","14",2054,9522,8674,18196.5
705,"Slovenia",4,"Median","15",2054,9458,8600,18058.5
705,"Slovenia",4,"Median","16",2054,9398,8530,17927.5
705,"Slovenia",4,"Median","17",2054,9380,8493,17873.5
705,"Slovenia",4,"Median","18",2054,9426,8509,17935.5
705,"Slovenia",4,"Median","19",2054,9537,8578,18115.5
705,"Slovenia",4,"Median","20",2054,9705,8696,18400.5
705,"Slovenia",4,"Median","21",2054,9905,8836,18741.5
705,"Slovenia",4,"Median","22",2054,10105,8974,19078.5
705,"Slovenia",4,"Median","23",2054,10284,9090,19374
705,"Slovenia",4,"Median","24",2054,10426,9170,19597
705,"Slovenia",4,"Median","25",2054,10550,9233,19782.5
705,"Slovenia",4,"Median","26",2054,10672,9298,19970
705,"Slovenia",4,"Median","27",2054,10800,9367,20166.5
705,"Slovenia",4,"Median","28",2054,10938,9450,20388
705,"Slovenia",4,"Median","29",2054,11092,9550,20641
705,"Slovenia",4,"Median","30",2054,11228,9658,20886
705,"Slovenia",4,"Median","31",2054,11329,9753,21082
705,"Slovenia",4,"Median","32",2054,11666,10066,21732.5
705,"Slovenia",4,"Median","33",2054,11818,10238,22055.5
705,"Slovenia",4,"Median","34",2054,11830,10290,22121
705,"Slovenia",4,"Median","35",2054,12070,10476,22545.5
705,"Slovenia",4,"Median","36",2054,12318,10647,22965.5
705,"Slovenia",4,"Median","37",2054,12388,10892,23280
705,"Slovenia",4,"Median","38",2054,12378,10958,23336.5
705,"Slovenia",4,"Median","39",2054,12576,11022,23598
705,"Slovenia",4,"Median","40",2054,12616,11150,23766.5
705,"Slovenia",4,"Median","41",2054,12830,11347,24177
705,"Slovenia",4,"Median","42",2054,13068,11548,24615.5
705,"Slovenia",4,"Median","43",2054,13174,11686,24859.5
705,"Slovenia",4,"Median","44",2054,13201,11620,24820.5
705,"Slovenia",4,"Median","45",2054,12994,11595,24589
705,"Slovenia",4,"Median","46",2054,12494,11227,23721
705,"Slovenia",4,"Median","47",2054,11806,10402,22207
705,"Slovenia",4,"Median","48",2054,11216,9830,21045.5
705,"Slovenia",4,"Median","49",2054,10681,9494,20175.5
705,"Slovenia",4,"Median","50",2054,10221,9052,19273
705,"Slovenia",4,"Median","51",2054,9914,8661,18575.5
705,"Slovenia",4,"Median","52",2054,9824,8570,18395
705,"Slovenia",4,"Median","53",2054,10135,8790,18924.5
705,"Slovenia",4,"Median","54",2054,10371,8871,19242
705,"Slovenia",4,"Median","55",2054,10478,8724,19203
705,"Slovenia",4,"Median","56",2054,10883,8974,19857
705,"Slovenia",4,"Median","57",2054,11323,9237,20560
705,"Slovenia",4,"Median","58",2054,11464,9393,20857
705,"Slovenia",4,"Median","59",2054,11402,9592,20994
705,"Slovenia",4,"Median","60",2054,11509,9754,21263.5
705,"Slovenia",4,"Median","61",2054,11590,9828,21418.5
705,"Slovenia",4,"Median","62",2054,11973,10239,22212
705,"Slovenia",4,"Median","63",2054,12320,10798,23118.5
705,"Slovenia",4,"Median","64",2054,12562,11152,23714.5
705,"Slovenia",4,"Median","65",2054,13270,11815,25085
705,"Slovenia",4,"Median","66",2054,13724,12423,26147.5
705,"Slovenia",4,"Median","67",2054,13524,12359,25882.5
705,"Slovenia",4,"Median","68",2054,13436,12388,25824
705,"Slovenia",4,"Median","69",2054,13552,12719,26270.5
705,"Slovenia",4,"Median","70",2054,13616,12880,26496
705,"Slovenia",4,"Median","71",2054,13878,13078,26955.5
705,"Slovenia",4,"Median","72",2054,14188,13376,27563.5
705,"Slovenia",4,"Median","73",2054,14242,13742,27984
705,"Slovenia",4,"Median","74",2054,14230,13794,28024
705,"Slovenia",4,"Median","75",2054,14019,13481,27500
705,"Slovenia",4,"Median","76",2054,13423,13207,26630
705,"Slovenia",4,"Median","77",2054,12910,13167,26077
705,"Slovenia",4,"Median","78",2054,12282,12924,25205.5
705,"Slovenia",4,"Median","79",2054,11516,12176,23692
705,"Slovenia",4,"Median","80",2054,10894,11667,22560.5
705,"Slovenia",4,"Median","81",2054,10254,11325,21578.5
705,"Slovenia",4,"Median","82",2054,9542,10716,20258
705,"Slovenia",4,"Median","83",2054,8628,10031,18658.5
705,"Slovenia",4,"Median","84",2054,7942,9556,17498
705,"Slovenia",4,"Median","85",2054,7546,9228,16774
705,"Slovenia",4,"Median","86",2054,7004,9048,16052.5
705,"Slovenia",4,"Median","87",2054,6543,8766,15309.5
705,"Slovenia",4,"Median","88",2054,5983,8212,14195.5
705,"Slovenia",4,"Median","89",2054,5189,7426,12614.5
705,"Slovenia",4,"Median","90",2054,4466,6555,11021.5
705,"Slovenia",4,"Median","91",2054,3853,5790,9642.5
705,"Slovenia",4,"Median","92",2054,3253,5087,8340
705,"Slovenia",4,"Median","93",2054,2658,4368,7026
705,"Slovenia",4,"Median","94",2054,2140,3604,5744
705,"Slovenia",4,"Median","95",2054,1702,2928,4630
705,"Slovenia",4,"Median","96",2054,1326,2408,3733.5
705,"Slovenia",4,"Median","97",2054,1040,1958,2997
705,"Slovenia",4,"Median","98",2054,790,1521,2311.5
705,"Slovenia",4,"Median","99",2054,562,1130,1691.5
705,"Slovenia",4,"Median","100",2054,241,460,701
705,"Slovenia",4,"Median","101",2054,191,379,570
705,"Slovenia",4,"Median","102",2054,152,312,464
705,"Slovenia",4,"Median","103",2054,121,257,378
705,"Slovenia",4,"Median","104",2054,96,212,308
705,"Slovenia",4,"Median","105",2054,77,175,252
705,"Slovenia",4,"Median","106",2054,61,144,205
705,"Slovenia",4,"Median","107",2054,48,119,167
705,"Slovenia",4,"Median","108",2054,39,98,137
705,"Slovenia",4,"Median","109",2054,31,81,112
705,"Slovenia",4,"Median","110",2054,24,66,90
705,"Slovenia",4,"Median","0",2055,8182,7691,15873
705,"Slovenia",4,"Median","1",2055,8351,7818,16169.5
705,"Slovenia",4,"Median","2",2055,8520,7950,16470
705,"Slovenia",4,"Median","3",2055,8688,8080,16767.5
705,"Slovenia",4,"Median","4",2055,8848,8208,17056
705,"Slovenia",4,"Median","5",2055,9007,8334,17340.5
705,"Slovenia",4,"Median","6",2055,9161,8458,17619.5
705,"Slovenia",4,"Median","7",2055,9298,8570,17868
705,"Slovenia",4,"Median","8",2055,9415,8662,18076.5
705,"Slovenia",4,"Median","9",2055,9511,8734,18245
705,"Slovenia",4,"Median","10",2055,9574,8778,18351.5
705,"Slovenia",4,"Median","11",2055,9609,8796,18405.5
705,"Slovenia",4,"Median","12",2055,9621,8794,18414.5
705,"Slovenia",4,"Median","13",2055,9611,8772,18382.5
705,"Slovenia",4,"Median","14",2055,9584,8734,18319
705,"Slovenia",4,"Median","15",2055,9542,8682,18224
705,"Slovenia",4,"Median","16",2055,9501,8628,18128.5
705,"Slovenia",4,"Median","17",2055,9488,8596,18084.5
705,"Slovenia",4,"Median","18",2055,9534,8612,18147
705,"Slovenia",4,"Median","19",2055,9642,8680,18322.5
705,"Slovenia",4,"Median","20",2055,9797,8785,18582
705,"Slovenia",4,"Median","21",2055,9976,8906,18882
705,"Slovenia",4,"Median","22",2055,10148,9018,19166.5
705,"Slovenia",4,"Median","23",2055,10292,9102,19393.5
705,"Slovenia",4,"Median","24",2055,10408,9156,19564.5
705,"Slovenia",4,"Median","25",2055,10494,9184,19677.5
705,"Slovenia",4,"Median","26",2055,10573,9207,19780
705,"Slovenia",4,"Median","27",2055,10666,9246,19912.5
705,"Slovenia",4,"Median","28",2055,10775,9302,20076.5
705,"Slovenia",4,"Median","29",2055,10904,9378,20281
705,"Slovenia",4,"Median","30",2055,11052,9477,20529
705,"Slovenia",4,"Median","31",2055,11188,9587,20775
705,"Slovenia",4,"Median","32",2055,11290,9686,20976.5
705,"Slovenia",4,"Median","33",2055,11630,10005,21634.5
705,"Slovenia",4,"Median","34",2055,11784,10181,21964.5
705,"Slovenia",4,"Median","35",2055,11798,10238,22037
705,"Slovenia",4,"Median","36",2055,12042,10429,22470.5
705,"Slovenia",4,"Median","37",2055,12292,10604,22896.5
705,"Slovenia",4,"Median","38",2055,12364,10852,23216
705,"Slovenia",4,"Median","39",2055,12355,10923,23278
705,"Slovenia",4,"Median","40",2055,12554,10991,23545.5
705,"Slovenia",4,"Median","41",2055,12597,11122,23719
705,"Slovenia",4,"Median","42",2055,12812,11321,24133.5
705,"Slovenia",4,"Median","43",2055,13051,11523,24574
705,"Slovenia",4,"Median","44",2055,13156,11663,24819.5
705,"Slovenia",4,"Median","45",2055,13184,11598,24782
705,"Slovenia",4,"Median","46",2055,12978,11574,24551.5
705,"Slovenia",4,"Median","47",2055,12478,11208,23686
705,"Slovenia",4,"Median","48",2055,11789,10384,22173
705,"Slovenia",4,"Median","49",2055,11199,9813,21012
705,"Slovenia",4,"Median","50",2055,10662,9478,20140
705,"Slovenia",4,"Median","51",2055,10200,9035,19235
705,"Slovenia",4,"Median","52",2055,9892,8644,18535
705,"Slovenia",4,"Median","53",2055,9802,8554,18355
705,"Slovenia",4,"Median","54",2055,10110,8772,18882
705,"Slovenia",4,"Median","55",2055,10342,8854,19196
705,"Slovenia",4,"Median","56",2055,10446,8706,19152
705,"Slovenia",4,"Median","57",2055,10844,8954,19798
705,"Slovenia",4,"Median","58",2055,11278,9214,20491.5
705,"Slovenia",4,"Median","59",2055,11412,9368,20780.5
705,"Slovenia",4,"Median","60",2055,11345,9564,20909.5
705,"Slovenia",4,"Median","61",2055,11444,9724,21168.5
705,"Slovenia",4,"Median","62",2055,11518,9794,21312
705,"Slovenia",4,"Median","63",2055,11892,10202,22094
705,"Slovenia",4,"Median","64",2055,12232,10758,22989
705,"Slovenia",4,"Median","65",2055,12468,11108,23576.5
705,"Slovenia",4,"Median","66",2055,13164,11764,24928.5
705,"Slovenia",4,"Median","67",2055,13604,12366,25970.5
705,"Slovenia",4,"Median","68",2055,13397,12300,25697
705,"Slovenia",4,"Median","69",2055,13304,12328,25631
705,"Slovenia",4,"Median","70",2055,13410,12651,26060.5
705,"Slovenia",4,"Median","71",2055,13464,12804,26267
705,"Slovenia",4,"Median","72",2055,13710,12994,26704
705,"Slovenia",4,"Median","73",2055,13998,13283,27281.5
705,"Slovenia",4,"Median","74",2055,14024,13628,27652.5
705,"Slovenia",4,"Median","75",2055,13966,13647,27613.5
705,"Slovenia",4,"Median","76",2055,13698,13298,26995
705,"Slovenia",4,"Median","77",2055,13062,12991,26053.5
705,"Slovenia",4,"Median","78",2055,12522,12922,25443.5
705,"Slovenia",4,"Median","79",2055,11872,12651,24522.5
705,"Slovenia",4,"Median","80",2055,11084,11881,22965
705,"Slovenia",4,"Median","81",2055,10434,11343,21777.5
705,"Slovenia",4,"Median","82",2055,9770,10965,20735.5
705,"Slovenia",4,"Median","83",2055,9041,10328,19368.5
705,"Slovenia",4,"Median","84",2055,8120,9616,17736.5
705,"Slovenia",4,"Median","85",2055,7420,9106,16526.5
705,"Slovenia",4,"Median","86",2055,6994,8732,15726
705,"Slovenia",4,"Median","87",2055,6434,8497,14931
705,"Slovenia",4,"Median","88",2055,5950,8160,14110
705,"Slovenia",4,"Median","89",2055,5382,7568,12949.5
705,"Slovenia",4,"Median","90",2055,4612,6767,11378.5
705,"Slovenia",4,"Median","91",2055,3916,5899,9815
705,"Slovenia",4,"Median","92",2055,3330,5138,8467.5
705,"Slovenia",4,"Median","93",2055,2766,4444,7211
705,"Slovenia",4,"Median","94",2055,2222,3750,5972.5
705,"Slovenia",4,"Median","95",2055,1756,3036,4791.5
705,"Slovenia",4,"Median","96",2055,1369,2415,3784
705,"Slovenia",4,"Median","97",2055,1042,1942,2984.5
705,"Slovenia",4,"Median","98",2055,799,1540,2339
705,"Slovenia",4,"Median","99",2055,592,1166,1758.5
705,"Slovenia",4,"Median","100",2055,255,486,741
705,"Slovenia",4,"Median","101",2055,203,400,603
705,"Slovenia",4,"Median","102",2055,161,329,490
705,"Slovenia",4,"Median","103",2055,128,271,399
705,"Slovenia",4,"Median","104",2055,102,223,325
705,"Slovenia",4,"Median","105",2055,81,183,264
705,"Slovenia",4,"Median","106",2055,65,151,216
705,"Slovenia",4,"Median","107",2055,51,124,175
705,"Slovenia",4,"Median","108",2055,41,102,143
705,"Slovenia",4,"Median","109",2055,33,84,117
705,"Slovenia",4,"Median","110",2055,26,69,95
705,"Slovenia",4,"Median","0",2056,8058,7574,15631.5
705,"Slovenia",4,"Median","1",2056,8222,7698,15919.5
705,"Slovenia",4,"Median","2",2056,8388,7824,16212
705,"Slovenia",4,"Median","3",2056,8554,7955,16509
705,"Slovenia",4,"Median","4",2056,8718,8086,16804.5
705,"Slovenia",4,"Median","5",2056,8877,8212,17089.5
705,"Slovenia",4,"Median","6",2056,9033,8338,17371
705,"Slovenia",4,"Median","7",2056,9185,8462,17647.5
705,"Slovenia",4,"Median","8",2056,9320,8574,17894
705,"Slovenia",4,"Median","9",2056,9436,8665,18100.5
705,"Slovenia",4,"Median","10",2056,9530,8738,18267
705,"Slovenia",4,"Median","11",2056,9591,8780,18371
705,"Slovenia",4,"Median","12",2056,9626,8799,18424.5
705,"Slovenia",4,"Median","13",2056,9636,8796,18431.5
705,"Slovenia",4,"Median","14",2056,9626,8774,18400
705,"Slovenia",4,"Median","15",2056,9605,8742,18347.5
705,"Slovenia",4,"Median","16",2056,9586,8709,18295
705,"Slovenia",4,"Median","17",2056,9592,8694,18286
705,"Slovenia",4,"Median","18",2056,9642,8716,18358.5
705,"Slovenia",4,"Median","19",2056,9750,8784,18534.5
705,"Slovenia",4,"Median","20",2056,9903,8886,18789.5
705,"Slovenia",4,"Median","21",2056,10068,8996,19064
705,"Slovenia",4,"Median","22",2056,10218,9089,19307.5
705,"Slovenia",4,"Median","23",2056,10336,9148,19483.5
705,"Slovenia",4,"Median","24",2056,10418,9170,19587.5
705,"Slovenia",4,"Median","25",2056,10477,9172,19649
705,"Slovenia",4,"Median","26",2056,10520,9160,19679.5
705,"Slovenia",4,"Median","27",2056,10568,9158,19726
705,"Slovenia",4,"Median","28",2056,10644,9182,19826.5
705,"Slovenia",4,"Median","29",2056,10742,9231,19973
705,"Slovenia",4,"Median","30",2056,10866,9307,20173
705,"Slovenia",4,"Median","31",2056,11014,9408,20422.5
705,"Slovenia",4,"Median","32",2056,11150,9522,20673
705,"Slovenia",4,"Median","33",2056,11254,9626,20880.5
705,"Slovenia",4,"Median","34",2056,11596,9950,21546.5
705,"Slovenia",4,"Median","35",2056,11753,10130,21883.5
705,"Slovenia",4,"Median","36",2056,11772,10192,21964.5
705,"Slovenia",4,"Median","37",2056,12016,10388,22404.5
705,"Slovenia",4,"Median","38",2056,12268,10566,22834.5
705,"Slovenia",4,"Median","39",2056,12341,10818,23159.5
705,"Slovenia",4,"Median","40",2056,12335,10892,23227
705,"Slovenia",4,"Median","41",2056,12536,10963,23499.5
705,"Slovenia",4,"Median","42",2056,12580,11097,23677.5
705,"Slovenia",4,"Median","43",2056,12796,11297,24093
705,"Slovenia",4,"Median","44",2056,13034,11501,24535.5
705,"Slovenia",4,"Median","45",2056,13140,11642,24782.5
705,"Slovenia",4,"Median","46",2056,13168,11578,24746.5
705,"Slovenia",4,"Median","47",2056,12962,11555,24516.5
705,"Slovenia",4,"Median","48",2056,12462,11190,23652
705,"Slovenia",4,"Median","49",2056,11772,10367,22139.5
705,"Slovenia",4,"Median","50",2056,11180,9796,20976
705,"Slovenia",4,"Median","51",2056,10640,9460,20101
705,"Slovenia",4,"Median","52",2056,10177,9017,19194
705,"Slovenia",4,"Median","53",2056,9869,8627,18496
705,"Slovenia",4,"Median","54",2056,9778,8538,18315.5
705,"Slovenia",4,"Median","55",2056,10082,8756,18838
705,"Slovenia",4,"Median","56",2056,10310,8836,19146
705,"Slovenia",4,"Median","57",2056,10409,8687,19096
705,"Slovenia",4,"Median","58",2056,10802,8932,19733.5
705,"Slovenia",4,"Median","59",2056,11228,9190,20418
705,"Slovenia",4,"Median","60",2056,11356,9342,20698.5
705,"Slovenia",4,"Median","61",2056,11283,9536,20818.5
705,"Slovenia",4,"Median","62",2056,11375,9690,21065.5
705,"Slovenia",4,"Median","63",2056,11442,9758,21200.5
705,"Slovenia",4,"Median","64",2056,11808,10164,21972
705,"Slovenia",4,"Median","65",2056,12142,10716,22858
705,"Slovenia",4,"Median","66",2056,12370,11062,23432.5
705,"Slovenia",4,"Median","67",2056,13050,11712,24762
705,"Slovenia",4,"Median","68",2056,13480,12309,25788.5
705,"Slovenia",4,"Median","69",2056,13268,12240,25508
705,"Slovenia",4,"Median","70",2056,13167,12262,25429.5
705,"Slovenia",4,"Median","71",2056,13262,12578,25840
705,"Slovenia",4,"Median","72",2056,13304,12724,26028
705,"Slovenia",4,"Median","73",2056,13530,12906,26436.5
705,"Slovenia",4,"Median","74",2056,13788,13175,26963.5
705,"Slovenia",4,"Median","75",2056,13770,13486,27255
705,"Slovenia",4,"Median","76",2056,13651,13464,27115
705,"Slovenia",4,"Median","77",2056,13334,13083,26417.5
705,"Slovenia",4,"Median","78",2056,12675,12752,25427.5
705,"Slovenia",4,"Median","79",2056,12110,12653,24763
705,"Slovenia",4,"Median","80",2056,11432,12350,23781.5
705,"Slovenia",4,"Median","81",2056,10624,11556,22179
705,"Slovenia",4,"Median","82",2056,9950,10988,20937.5
705,"Slovenia",4,"Median","83",2056,9264,10574,19837.5
705,"Slovenia",4,"Median","84",2056,8516,9906,18422.5
705,"Slovenia",4,"Median","85",2056,7593,9170,16762.5
705,"Slovenia",4,"Median","86",2056,6884,8623,15507
705,"Slovenia",4,"Median","87",2056,6431,8206,14637
705,"Slovenia",4,"Median","88",2056,5858,7915,13772.5
705,"Slovenia",4,"Median","89",2056,5358,7526,12885
705,"Slovenia",4,"Median","90",2056,4788,6904,11692.5
705,"Slovenia",4,"Median","91",2056,4048,6096,10145
705,"Slovenia",4,"Median","92",2056,3389,5241,8630
705,"Slovenia",4,"Median","93",2056,2836,4494,7330.5
705,"Slovenia",4,"Median","94",2056,2316,3821,6137.5
705,"Slovenia",4,"Median","95",2056,1826,3164,4990
705,"Slovenia",4,"Median","96",2056,1414,2509,3923
705,"Slovenia",4,"Median","97",2056,1078,1951,3029.5
705,"Slovenia",4,"Median","98",2056,802,1531,2333.5
705,"Slovenia",4,"Median","99",2056,600,1182,1782.5
705,"Slovenia",4,"Median","100",2056,272,511,783
705,"Slovenia",4,"Median","101",2056,216,420,636
705,"Slovenia",4,"Median","102",2056,171,345,516
705,"Slovenia",4,"Median","103",2056,136,284,420
705,"Slovenia",4,"Median","104",2056,108,233,341
705,"Slovenia",4,"Median","105",2056,86,191,277
705,"Slovenia",4,"Median","106",2056,68,157,225
705,"Slovenia",4,"Median","107",2056,54,129,183
705,"Slovenia",4,"Median","108",2056,43,106,149
705,"Slovenia",4,"Median","109",2056,34,87,121
705,"Slovenia",4,"Median","110",2056,27,72,99
705,"Slovenia",4,"Median","0",2057,7944,7467,15411.5
705,"Slovenia",4,"Median","1",2057,8096,7580,15676
705,"Slovenia",4,"Median","2",2057,8258,7703,15961
705,"Slovenia",4,"Median","3",2057,8420,7830,16250.5
705,"Slovenia",4,"Median","4",2057,8584,7960,16544.5
705,"Slovenia",4,"Median","5",2057,8746,8090,16836.5
705,"Slovenia",4,"Median","6",2057,8902,8216,17118.5
705,"Slovenia",4,"Median","7",2057,9056,8342,17398
705,"Slovenia",4,"Median","8",2057,9206,8466,17672.5
705,"Slovenia",4,"Median","9",2057,9340,8576,17917
705,"Slovenia",4,"Median","10",2057,9454,8668,18122
705,"Slovenia",4,"Median","11",2057,9546,8740,18286.5
705,"Slovenia",4,"Median","12",2057,9607,8782,18389.5
705,"Slovenia",4,"Median","13",2057,9640,8802,18441.5
705,"Slovenia",4,"Median","14",2057,9650,8798,18448.5
705,"Slovenia",4,"Median","15",2057,9646,8782,18427.5
705,"Slovenia",4,"Median","16",2057,9648,8770,18417.5
705,"Slovenia",4,"Median","17",2057,9676,8776,18451
705,"Slovenia",4,"Median","18",2057,9744,8814,18558
705,"Slovenia",4,"Median","19",2057,9857,8886,18742.5
705,"Slovenia",4,"Median","20",2057,10010,8988,18998
705,"Slovenia",4,"Median","21",2057,10172,9096,19267.5
705,"Slovenia",4,"Median","22",2057,10308,9177,19485.5
705,"Slovenia",4,"Median","23",2057,10405,9216,19621.5
705,"Slovenia",4,"Median","24",2057,10460,9214,19674.5
705,"Slovenia",4,"Median","25",2057,10486,9184,19669.5
705,"Slovenia",4,"Median","26",2057,10502,9147,19648.5
705,"Slovenia",4,"Median","27",2057,10514,9110,19623.5
705,"Slovenia",4,"Median","28",2057,10545,9094,19638.5
705,"Slovenia",4,"Median","29",2057,10610,9112,19721.5
705,"Slovenia",4,"Median","30",2057,10704,9160,19864
705,"Slovenia",4,"Median","31",2057,10827,9238,20065
705,"Slovenia",4,"Median","32",2057,10976,9343,20318.5
705,"Slovenia",4,"Median","33",2057,11114,9462,20576
705,"Slovenia",4,"Median","34",2057,11222,9571,20792.5
705,"Slovenia",4,"Median","35",2057,11566,9899,21465
705,"Slovenia",4,"Median","36",2057,11726,10084,21810
705,"Slovenia",4,"Median","37",2057,11746,10151,21897.5
705,"Slovenia",4,"Median","38",2057,11992,10350,22342
705,"Slovenia",4,"Median","39",2057,12245,10532,22777
705,"Slovenia",4,"Median","40",2057,12321,10788,23108.5
705,"Slovenia",4,"Median","41",2057,12317,10864,23181
705,"Slovenia",4,"Median","42",2057,12520,10938,23457.5
705,"Slovenia",4,"Median","43",2057,12564,11073,23636.5
705,"Slovenia",4,"Median","44",2057,12780,11275,24054.5
705,"Slovenia",4,"Median","45",2057,13018,11480,24498.5
705,"Slovenia",4,"Median","46",2057,13124,11622,24746.5
705,"Slovenia",4,"Median","47",2057,13152,11559,24711
705,"Slovenia",4,"Median","48",2057,12945,11537,24482
705,"Slovenia",4,"Median","49",2057,12444,11172,23617
705,"Slovenia",4,"Median","50",2057,11752,10350,22102.5
705,"Slovenia",4,"Median","51",2057,11157,9778,20935.5
705,"Slovenia",4,"Median","52",2057,10617,9442,20059.5
705,"Slovenia",4,"Median","53",2057,10154,9000,19154.5
705,"Slovenia",4,"Median","54",2057,9846,8611,18456.5
705,"Slovenia",4,"Median","55",2057,9752,8521,18272.5
705,"Slovenia",4,"Median","56",2057,10051,8738,18789
705,"Slovenia",4,"Median","57",2057,10274,8816,19091
705,"Slovenia",4,"Median","58",2057,10368,8666,19034.5
705,"Slovenia",4,"Median","59",2057,10754,8910,19664
705,"Slovenia",4,"Median","60",2057,11174,9165,20338.5
705,"Slovenia",4,"Median","61",2057,11295,9314,20609
705,"Slovenia",4,"Median","62",2057,11216,9503,20718.5
705,"Slovenia",4,"Median","63",2057,11300,9656,20956.5
705,"Slovenia",4,"Median","64",2057,11363,9722,21085.5
705,"Slovenia",4,"Median","65",2057,11724,10125,21848.5
705,"Slovenia",4,"Median","66",2057,12048,10672,22720.5
705,"Slovenia",4,"Median","67",2057,12266,11014,23279.5
705,"Slovenia",4,"Median","68",2057,12933,11658,24591
705,"Slovenia",4,"Median","69",2057,13351,12250,25601
705,"Slovenia",4,"Median","70",2057,13134,12177,25310.5
705,"Slovenia",4,"Median","71",2057,13024,12193,25217.5
705,"Slovenia",4,"Median","72",2057,13108,12501,25608.5
705,"Slovenia",4,"Median","73",2057,13133,12639,25772
705,"Slovenia",4,"Median","74",2057,13330,12803,26133.5
705,"Slovenia",4,"Median","75",2057,13542,13040,26581.5
705,"Slovenia",4,"Median","76",2057,13462,13308,26770
705,"Slovenia",4,"Median","77",2057,13294,13250,26544
705,"Slovenia",4,"Median","78",2057,12944,12847,25791
705,"Slovenia",4,"Median","79",2057,12264,12492,24755.5
705,"Slovenia",4,"Median","80",2057,11668,12356,24023
705,"Slovenia",4,"Median","81",2057,10963,12016,22979
705,"Slovenia",4,"Median","82",2057,10136,11200,21335
705,"Slovenia",4,"Median","83",2057,9439,10602,20040.5
705,"Slovenia",4,"Median","84",2057,8732,10148,18880
705,"Slovenia",4,"Median","85",2057,7969,9452,17421
705,"Slovenia",4,"Median","86",2057,7050,8690,15739.5
705,"Slovenia",4,"Median","87",2057,6335,8110,14445
705,"Slovenia",4,"Median","88",2057,5860,7651,13511.5
705,"Slovenia",4,"Median","89",2057,5280,7308,12588.5
705,"Slovenia",4,"Median","90",2057,4773,6873,11646
705,"Slovenia",4,"Median","91",2057,4209,6226,10435.5
705,"Slovenia",4,"Median","92",2057,3508,5423,8931.5
705,"Slovenia",4,"Median","93",2057,2890,4590,7481
705,"Slovenia",4,"Median","94",2057,2378,3870,6248
705,"Slovenia",4,"Median","95",2057,1906,3229,5135
705,"Slovenia",4,"Median","96",2057,1472,2620,4092
705,"Slovenia",4,"Median","97",2057,1116,2030,3146
705,"Slovenia",4,"Median","98",2057,832,1541,2372.5
705,"Slovenia",4,"Median","99",2057,604,1178,1781.5
705,"Slovenia",4,"Median","100",2057,283,530,813
705,"Slovenia",4,"Median","101",2057,225,436,661
705,"Slovenia",4,"Median","102",2057,179,358,537
705,"Slovenia",4,"Median","103",2057,142,294,436
705,"Slovenia",4,"Median","104",2057,113,242,355
705,"Slovenia",4,"Median","105",2057,90,198,288
705,"Slovenia",4,"Median","106",2057,71,163,234
705,"Slovenia",4,"Median","107",2057,57,134,191
705,"Slovenia",4,"Median","108",2057,45,110,155
705,"Slovenia",4,"Median","109",2057,36,90,126
705,"Slovenia",4,"Median","110",2057,28,74,102
705,"Slovenia",4,"Median","0",2058,7852,7380,15232
705,"Slovenia",4,"Median","1",2058,7985,7474,15459.5
705,"Slovenia",4,"Median","2",2058,8134,7587,15721.5
705,"Slovenia",4,"Median","3",2058,8292,7710,16002.5
705,"Slovenia",4,"Median","4",2058,8452,7836,16288.5
705,"Slovenia",4,"Median","5",2058,8614,7966,16579.5
705,"Slovenia",4,"Median","6",2058,8773,8096,16868.5
705,"Slovenia",4,"Median","7",2058,8928,8221,17148.5
705,"Slovenia",4,"Median","8",2058,9079,8346,17425
705,"Slovenia",4,"Median","9",2058,9228,8470,17698
705,"Slovenia",4,"Median","10",2058,9360,8580,17940
705,"Slovenia",4,"Median","11",2058,9472,8672,18143
705,"Slovenia",4,"Median","12",2058,9563,8743,18306
705,"Slovenia",4,"Median","13",2058,9622,8786,18408
705,"Slovenia",4,"Median","14",2058,9655,8805,18460
705,"Slovenia",4,"Median","15",2058,9670,8807,18477.5
705,"Slovenia",4,"Median","16",2058,9690,8810,18499
705,"Slovenia",4,"Median","17",2058,9738,8836,18575
705,"Slovenia",4,"Median","18",2058,9830,8895,18724.5
705,"Slovenia",4,"Median","19",2058,9960,8984,18943.5
705,"Slovenia",4,"Median","20",2058,10116,9091,19207.5
705,"Slovenia",4,"Median","21",2058,10279,9200,19478.5
705,"Slovenia",4,"Median","22",2058,10414,9278,19692.5
705,"Slovenia",4,"Median","23",2058,10498,9306,19804
705,"Slovenia",4,"Median","24",2058,10532,9286,19817.5
705,"Slovenia",4,"Median","25",2058,10531,9232,19762.5
705,"Slovenia",4,"Median","26",2058,10513,9162,19675.5
705,"Slovenia",4,"Median","27",2058,10500,9100,19600
705,"Slovenia",4,"Median","28",2058,10494,9049,19543
705,"Slovenia",4,"Median","29",2058,10515,9026,19541
705,"Slovenia",4,"Median","30",2058,10576,9044,19619
705,"Slovenia",4,"Median","31",2058,10668,9094,19761.5
705,"Slovenia",4,"Median","32",2058,10792,9175,19966.5
705,"Slovenia",4,"Median","33",2058,10942,9284,20227
705,"Slovenia",4,"Median","34",2058,11084,9408,20492.5
705,"Slovenia",4,"Median","35",2058,11193,9522,20715
705,"Slovenia",4,"Median","36",2058,11540,9855,21395.5
705,"Slovenia",4,"Median","37",2058,11702,10044,21746.5
705,"Slovenia",4,"Median","38",2058,11724,10114,21838.5
705,"Slovenia",4,"Median","39",2058,11971,10316,22287.5
705,"Slovenia",4,"Median","40",2058,12226,10502,22729
705,"Slovenia",4,"Median","41",2058,12304,10761,23065.5
705,"Slovenia",4,"Median","42",2058,12301,10840,23141
705,"Slovenia",4,"Median","43",2058,12504,10915,23419
705,"Slovenia",4,"Median","44",2058,12548,11052,23600.5
705,"Slovenia",4,"Median","45",2058,12764,11255,24019.5
705,"Slovenia",4,"Median","46",2058,13004,11460,24464
705,"Slovenia",4,"Median","47",2058,13109,11604,24712.5
705,"Slovenia",4,"Median","48",2058,13136,11542,24677.5
705,"Slovenia",4,"Median","49",2058,12928,11520,24448
705,"Slovenia",4,"Median","50",2058,12424,11156,23579.5
705,"Slovenia",4,"Median","51",2058,11730,10332,22062
705,"Slovenia",4,"Median","52",2058,11134,9761,20894.5
705,"Slovenia",4,"Median","53",2058,10594,9426,20019.5
705,"Slovenia",4,"Median","54",2058,10130,8984,19115
705,"Slovenia",4,"Median","55",2058,9820,8595,18414.5
705,"Slovenia",4,"Median","56",2058,9722,8504,18227
705,"Slovenia",4,"Median","57",2058,10017,8720,18737
705,"Slovenia",4,"Median","58",2058,10236,8796,19032
705,"Slovenia",4,"Median","59",2058,10325,8645,18970
705,"Slovenia",4,"Median","60",2058,10704,8886,19589.5
705,"Slovenia",4,"Median","61",2058,11114,9138,20252.5
705,"Slovenia",4,"Median","62",2058,11228,9283,20511.5
705,"Slovenia",4,"Median","63",2058,11143,9470,20613
705,"Slovenia",4,"Median","64",2058,11224,9622,20845
705,"Slovenia",4,"Median","65",2058,11283,9686,20969.5
705,"Slovenia",4,"Median","66",2058,11635,10084,21719
705,"Slovenia",4,"Median","67",2058,11949,10626,22575.5
705,"Slovenia",4,"Median","68",2058,12158,10964,23122
705,"Slovenia",4,"Median","69",2058,12812,11604,24415.5
705,"Slovenia",4,"Median","70",2058,13219,12188,25407
705,"Slovenia",4,"Median","71",2058,12994,12110,25103.5
705,"Slovenia",4,"Median","72",2058,12876,12120,24995.5
705,"Slovenia",4,"Median","73",2058,12942,12420,25362
705,"Slovenia",4,"Median","74",2058,12942,12540,25482.5
705,"Slovenia",4,"Median","75",2058,13096,12674,25770.5
705,"Slovenia",4,"Median","76",2058,13244,12870,26114.5
705,"Slovenia",4,"Median","77",2058,13115,13100,26215
705,"Slovenia",4,"Median","78",2058,12910,13015,25925
705,"Slovenia",4,"Median","79",2058,12530,12588,25117.5
705,"Slovenia",4,"Median","80",2058,11822,12202,24024
705,"Slovenia",4,"Median","81",2058,11194,12026,23221
705,"Slovenia",4,"Median","82",2058,10466,11651,22116.5
705,"Slovenia",4,"Median","83",2058,9622,10811,20432.5
705,"Slovenia",4,"Median","84",2058,8903,10180,19083.5
705,"Slovenia",4,"Median","85",2058,8177,9689,17866
705,"Slovenia",4,"Median","86",2058,7405,8964,16369
705,"Slovenia",4,"Median","87",2058,6494,8179,14673
705,"Slovenia",4,"Median","88",2058,5778,7568,13346.5
705,"Slovenia",4,"Median","89",2058,5288,7070,12359
705,"Slovenia",4,"Median","90",2058,4708,6680,11388.5
705,"Slovenia",4,"Median","91",2058,4200,6206,10406.5
705,"Slovenia",4,"Median","92",2058,3652,5546,9197.5
705,"Slovenia",4,"Median","93",2058,2996,4756,7753
705,"Slovenia",4,"Median","94",2058,2426,3958,6385
705,"Slovenia",4,"Median","95",2058,1960,3275,5234.5
705,"Slovenia",4,"Median","96",2058,1540,2677,4216.5
705,"Slovenia",4,"Median","97",2058,1164,2123,3287
705,"Slovenia",4,"Median","98",2058,862,1606,2468
705,"Slovenia",4,"Median","99",2058,627,1188,1814.5
705,"Slovenia",4,"Median","100",2058,288,536,824
705,"Slovenia",4,"Median","101",2058,230,442,672
705,"Slovenia",4,"Median","102",2058,184,365,549
705,"Slovenia",4,"Median","103",2058,147,301,448
705,"Slovenia",4,"Median","104",2058,117,248,365
705,"Slovenia",4,"Median","105",2058,93,205,298
705,"Slovenia",4,"Median","106",2058,75,169,244
705,"Slovenia",4,"Median","107",2058,60,139,199
705,"Slovenia",4,"Median","108",2058,48,115,163
705,"Slovenia",4,"Median","109",2058,38,95,133
705,"Slovenia",4,"Median","110",2058,30,78,108
705,"Slovenia",4,"Median","0",2059,7780,7312,15092
705,"Slovenia",4,"Median","1",2059,7894,7388,15283
705,"Slovenia",4,"Median","2",2059,8024,7483,15507
705,"Slovenia",4,"Median","3",2059,8170,7595,15765
705,"Slovenia",4,"Median","4",2059,8325,7717,16042
705,"Slovenia",4,"Median","5",2059,8482,7843,16325.5
705,"Slovenia",4,"Median","6",2059,8641,7972,16613
705,"Slovenia",4,"Median","7",2059,8798,8102,16900
705,"Slovenia",4,"Median","8",2059,8950,8226,17176.5
705,"Slovenia",4,"Median","9",2059,9101,8350,17451.5
705,"Slovenia",4,"Median","10",2059,9248,8474,17721.5
705,"Slovenia",4,"Median","11",2059,9378,8584,17962
705,"Slovenia",4,"Median","12",2059,9488,8675,18163.5
705,"Slovenia",4,"Median","13",2059,9579,8746,18325.5
705,"Slovenia",4,"Median","14",2059,9638,8790,18427
705,"Slovenia",4,"Median","15",2059,9676,8814,18489.5
705,"Slovenia",4,"Median","16",2059,9714,8835,18549.5
705,"Slovenia",4,"Median","17",2059,9780,8877,18657.5
705,"Slovenia",4,"Median","18",2059,9892,8956,18849
705,"Slovenia",4,"Median","19",2059,10045,9066,19110.5
705,"Slovenia",4,"Median","20",2059,10219,9190,19408.5
705,"Slovenia",4,"Median","21",2059,10386,9302,19689
705,"Slovenia",4,"Median","22",2059,10522,9382,19904.5
705,"Slovenia",4,"Median","23",2059,10604,9409,20012.5
705,"Slovenia",4,"Median","24",2059,10626,9378,20003.5
705,"Slovenia",4,"Median","25",2059,10604,9305,19909.5
705,"Slovenia",4,"Median","26",2059,10561,9212,19773.5
705,"Slovenia",4,"Median","27",2059,10514,9118,19631
705,"Slovenia",4,"Median","28",2059,10482,9042,19523.5
705,"Slovenia",4,"Median","29",2059,10466,8984,19450
705,"Slovenia",4,"Median","30",2059,10482,8960,19442.5
705,"Slovenia",4,"Median","31",2059,10542,8979,19520.5
705,"Slovenia",4,"Median","32",2059,10634,9032,19667
705,"Slovenia",4,"Median","33",2059,10760,9118,19879
705,"Slovenia",4,"Median","34",2059,10913,9233,20146
705,"Slovenia",4,"Median","35",2059,11056,9361,20417.5
705,"Slovenia",4,"Median","36",2059,11169,9480,20648.5
705,"Slovenia",4,"Median","37",2059,11518,9816,21334
705,"Slovenia",4,"Median","38",2059,11680,10009,21689.5
705,"Slovenia",4,"Median","39",2059,11704,10082,21786.5
705,"Slovenia",4,"Median","40",2059,11954,10288,22241.5
705,"Slovenia",4,"Median","41",2059,12210,10477,22687.5
705,"Slovenia",4,"Median","42",2059,12289,10738,23026.5
705,"Slovenia",4,"Median","43",2059,12286,10818,23104.5
705,"Slovenia",4,"Median","44",2059,12490,10895,23385
705,"Slovenia",4,"Median","45",2059,12534,11032,23567
705,"Slovenia",4,"Median","46",2059,12750,11236,23986.5
705,"Slovenia",4,"Median","47",2059,12988,11443,24431.5
705,"Slovenia",4,"Median","48",2059,13094,11587,24681
705,"Slovenia",4,"Median","49",2059,13119,11526,24644.5
705,"Slovenia",4,"Median","50",2059,12907,11503,24410
705,"Slovenia",4,"Median","51",2059,12401,11138,23538.5
705,"Slovenia",4,"Median","52",2059,11706,10315,22020.5
705,"Slovenia",4,"Median","53",2059,11110,9744,20854
705,"Slovenia",4,"Median","54",2059,10570,9410,19979.5
705,"Slovenia",4,"Median","55",2059,10104,8969,19073.5
705,"Slovenia",4,"Median","56",2059,9791,8579,18370
705,"Slovenia",4,"Median","57",2059,9690,8488,18178
705,"Slovenia",4,"Median","58",2059,9980,8700,18680.5
705,"Slovenia",4,"Median","59",2059,10194,8776,18969.5
705,"Slovenia",4,"Median","60",2059,10278,8622,18899.5
705,"Slovenia",4,"Median","61",2059,10648,8860,19508.5
705,"Slovenia",4,"Median","62",2059,11050,9108,20158.5
705,"Slovenia",4,"Median","63",2059,11158,9252,20409
705,"Slovenia",4,"Median","64",2059,11069,9436,20505.5
705,"Slovenia",4,"Median","65",2059,11146,9586,20732.5
705,"Slovenia",4,"Median","66",2059,11200,9648,20847.5
705,"Slovenia",4,"Median","67",2059,11540,10042,21582
705,"Slovenia",4,"Median","68",2059,11846,10580,22425
705,"Slovenia",4,"Median","69",2059,12046,10914,22960.5
705,"Slovenia",4,"Median","70",2059,12688,11546,24234.5
705,"Slovenia",4,"Median","71",2059,13082,12122,25204
705,"Slovenia",4,"Median","72",2059,12848,12039,24887.5
705,"Slovenia",4,"Median","73",2059,12717,12043,24760
705,"Slovenia",4,"Median","74",2059,12758,12325,25083
705,"Slovenia",4,"Median","75",2059,12719,12417,25136
705,"Slovenia",4,"Median","76",2059,12813,12512,25325.5
705,"Slovenia",4,"Median","77",2059,12908,12673,25580.5
705,"Slovenia",4,"Median","78",2059,12742,12870,25613
705,"Slovenia",4,"Median","79",2059,12502,12756,25258.5
705,"Slovenia",4,"Median","80",2059,12084,12301,24385
705,"Slovenia",4,"Median","81",2059,11348,11882,23231
705,"Slovenia",4,"Median","82",2059,10693,11666,22359.5
705,"Slovenia",4,"Median","83",2059,9942,11252,21194
705,"Slovenia",4,"Median","84",2059,9082,10388,19469.5
705,"Slovenia",4,"Median","85",2059,8344,9726,18070
705,"Slovenia",4,"Median","86",2059,7605,9195,16800
705,"Slovenia",4,"Median","87",2059,6828,8443,15270.5
705,"Slovenia",4,"Median","88",2059,5930,7638,13568
705,"Slovenia",4,"Median","89",2059,5220,7000,12220
705,"Slovenia",4,"Median","90",2059,4722,6470,11191.5
705,"Slovenia",4,"Median","91",2059,4149,6038,10187.5
705,"Slovenia",4,"Median","92",2059,3649,5534,9183
705,"Slovenia",4,"Median","93",2059,3124,4870,7994
705,"Slovenia",4,"Median","94",2059,2519,4107,6626
705,"Slovenia",4,"Median","95",2059,2003,3355,5358
705,"Slovenia",4,"Median","96",2059,1586,2720,4305
705,"Slovenia",4,"Median","97",2059,1219,2174,3392.5
705,"Slovenia",4,"Median","98",2059,901,1682,2583.5
705,"Slovenia",4,"Median","99",2059,651,1240,1891
705,"Slovenia",4,"Median","100",2059,293,533,826
705,"Slovenia",4,"Median","101",2059,235,443,678
705,"Slovenia",4,"Median","102",2059,189,368,557
705,"Slovenia",4,"Median","103",2059,152,306,458
705,"Slovenia",4,"Median","104",2059,122,255,377
705,"Slovenia",4,"Median","105",2059,98,212,310
705,"Slovenia",4,"Median","106",2059,78,176,254
705,"Slovenia",4,"Median","107",2059,63,146,209
705,"Slovenia",4,"Median","108",2059,51,122,173
705,"Slovenia",4,"Median","109",2059,41,101,142
705,"Slovenia",4,"Median","110",2059,33,84,117
705,"Slovenia",4,"Median","0",2060,7719,7256,14974.5
705,"Slovenia",4,"Median","1",2060,7818,7316,15134
705,"Slovenia",4,"Median","2",2060,7929,7394,15322.5
705,"Slovenia",4,"Median","3",2060,8056,7488,15543.5
705,"Slovenia",4,"Median","4",2060,8199,7599,15798
705,"Slovenia",4,"Median","5",2060,8352,7721,16073
705,"Slovenia",4,"Median","6",2060,8507,7846,16353.5
705,"Slovenia",4,"Median","7",2060,8664,7976,16639
705,"Slovenia",4,"Median","8",2060,8819,8104,16923
705,"Slovenia",4,"Median","9",2060,8970,8228,17198.5
705,"Slovenia",4,"Median","10",2060,9118,8353,17471.5
705,"Slovenia",4,"Median","11",2060,9264,8476,17740.5
705,"Slovenia",4,"Median","12",2060,9394,8586,17980
705,"Slovenia",4,"Median","13",2060,9503,8677,18180
705,"Slovenia",4,"Median","14",2060,9592,8749,18341.5
705,"Slovenia",4,"Median","15",2060,9657,8796,18453.5
705,"Slovenia",4,"Median","16",2060,9718,8840,18557.5
705,"Slovenia",4,"Median","17",2060,9803,8900,18703
705,"Slovenia",4,"Median","18",2060,9930,8994,18923.5
705,"Slovenia",4,"Median","19",2060,10103,9123,19226
705,"Slovenia",4,"Median","20",2060,10298,9266,19565
705,"Slovenia",4,"Median","21",2060,10483,9396,19878.5
705,"Slovenia",4,"Median","22",2060,10622,9480,20102
705,"Slovenia",4,"Median","23",2060,10704,9506,20210.5
705,"Slovenia",4,"Median","24",2060,10724,9474,20198.5
705,"Slovenia",4,"Median","25",2060,10691,9390,20081
705,"Slovenia",4,"Median","26",2060,10627,9280,19906.5
705,"Slovenia",4,"Median","27",2060,10554,9162,19715.5
705,"Slovenia",4,"Median","28",2060,10489,9053,19542
705,"Slovenia",4,"Median","29",2060,10448,8971,19418.5
705,"Slovenia",4,"Median","30",2060,10428,8912,19340
705,"Slovenia",4,"Median","31",2060,10443,8890,19333.5
705,"Slovenia",4,"Median","32",2060,10503,8914,19416.5
705,"Slovenia",4,"Median","33",2060,10599,8972,19571
705,"Slovenia",4,"Median","34",2060,10726,9064,19790
705,"Slovenia",4,"Median","35",2060,10882,9182,20064.5
705,"Slovenia",4,"Median","36",2060,11030,9316,20345
705,"Slovenia",4,"Median","37",2060,11144,9438,20581
705,"Slovenia",4,"Median","38",2060,11494,9778,21272
705,"Slovenia",4,"Median","39",2060,11658,9974,21633
705,"Slovenia",4,"Median","40",2060,11684,10052,21736
705,"Slovenia",4,"Median","41",2060,11936,10260,22196
705,"Slovenia",4,"Median","42",2060,12194,10452,22645.5
705,"Slovenia",4,"Median","43",2060,12272,10714,22986.5
705,"Slovenia",4,"Median","44",2060,12271,10796,23067.5
705,"Slovenia",4,"Median","45",2060,12474,10874,23348.5
705,"Slovenia",4,"Median","46",2060,12519,11012,23531.5
705,"Slovenia",4,"Median","47",2060,12735,11218,23952.5
705,"Slovenia",4,"Median","48",2060,12973,11426,24398.5
705,"Slovenia",4,"Median","49",2060,13076,11570,24645
705,"Slovenia",4,"Median","50",2060,13098,11508,24605
705,"Slovenia",4,"Median","51",2060,12882,11484,24366.5
705,"Slovenia",4,"Median","52",2060,12374,11119,23493.5
705,"Slovenia",4,"Median","53",2060,11680,10297,21976.5
705,"Slovenia",4,"Median","54",2060,11084,9728,20811.5
705,"Slovenia",4,"Median","55",2060,10542,9394,19935.5
705,"Slovenia",4,"Median","56",2060,10075,8952,19026.5
705,"Slovenia",4,"Median","57",2060,9758,8561,18319.5
705,"Slovenia",4,"Median","58",2060,9654,8468,18122
705,"Slovenia",4,"Median","59",2060,9940,8679,18618.5
705,"Slovenia",4,"Median","60",2060,10146,8752,18898.5
705,"Slovenia",4,"Median","61",2060,10224,8597,18821
705,"Slovenia",4,"Median","62",2060,10587,8832,19418.5
705,"Slovenia",4,"Median","63",2060,10981,9078,20058.5
705,"Slovenia",4,"Median","64",2060,11084,9219,20303
705,"Slovenia",4,"Median","65",2060,10993,9402,20395
705,"Slovenia",4,"Median","66",2060,11064,9549,20613
705,"Slovenia",4,"Median","67",2060,11110,9608,20717
705,"Slovenia",4,"Median","68",2060,11442,9998,21440
705,"Slovenia",4,"Median","69",2060,11738,10532,22270
705,"Slovenia",4,"Median","70",2060,11932,10860,22792.5
705,"Slovenia",4,"Median","71",2060,12558,11485,24043.5
705,"Slovenia",4,"Median","72",2060,12937,12052,24989.5
705,"Slovenia",4,"Median","73",2060,12692,11964,24656
705,"Slovenia",4,"Median","74",2060,12538,11952,24491
705,"Slovenia",4,"Median","75",2060,12541,12206,24746.5
705,"Slovenia",4,"Median","76",2060,12448,12262,24709.5
705,"Slovenia",4,"Median","77",2060,12492,12324,24816
705,"Slovenia",4,"Median","78",2060,12546,12454,25000
705,"Slovenia",4,"Median","79",2060,12345,12620,24964.5
705,"Slovenia",4,"Median","80",2060,12064,12470,24534
705,"Slovenia",4,"Median","81",2060,11606,11984,23590
705,"Slovenia",4,"Median","82",2060,10846,11532,22378
705,"Slovenia",4,"Median","83",2060,10164,11273,21437
705,"Slovenia",4,"Median","84",2060,9391,10818,20208.5
705,"Slovenia",4,"Median","85",2060,8519,9930,18448.5
705,"Slovenia",4,"Median","86",2060,7767,9236,17002.5
705,"Slovenia",4,"Median","87",2060,7018,8667,15685
705,"Slovenia",4,"Median","88",2060,6240,7892,14132
705,"Slovenia",4,"Median","89",2060,5362,7072,12434
705,"Slovenia",4,"Median","90",2060,4666,6412,11078
705,"Slovenia",4,"Median","91",2060,4166,5855,10020.5
705,"Slovenia",4,"Median","92",2060,3609,5391,9000
705,"Slovenia",4,"Median","93",2060,3126,4866,7991.5
705,"Slovenia",4,"Median","94",2060,2630,4211,6841
705,"Slovenia",4,"Median","95",2060,2082,3486,5569
705,"Slovenia",4,"Median","96",2060,1624,2790,4413.5
705,"Slovenia",4,"Median","97",2060,1258,2212,3469.5
705,"Slovenia",4,"Median","98",2060,946,1726,2671
705,"Slovenia",4,"Median","99",2060,682,1302,1983
705,"Slovenia",4,"Median","100",2060,298,535,833
705,"Slovenia",4,"Median","101",2060,241,448,689
705,"Slovenia",4,"Median","102",2060,195,376,571
705,"Slovenia",4,"Median","103",2060,157,315,472
705,"Slovenia",4,"Median","104",2060,127,264,391
705,"Slovenia",4,"Median","105",2060,103,221,324
705,"Slovenia",4,"Median","106",2060,83,185,268
705,"Slovenia",4,"Median","107",2060,67,155,222
705,"Slovenia",4,"Median","108",2060,54,130,184
705,"Slovenia",4,"Median","109",2060,44,109,153
705,"Slovenia",4,"Median","110",2060,35,91,126
705,"Slovenia",4,"Median","0",2061,7672,7210,14882
705,"Slovenia",4,"Median","1",2061,7756,7260,15016.5
705,"Slovenia",4,"Median","2",2061,7852,7322,15174
705,"Slovenia",4,"Median","3",2061,7961,7398,15359
705,"Slovenia",4,"Median","4",2061,8085,7492,15577
705,"Slovenia",4,"Median","5",2061,8226,7603,15829
705,"Slovenia",4,"Median","6",2061,8377,7725,16102
705,"Slovenia",4,"Median","7",2061,8530,7850,16379.5
705,"Slovenia",4,"Median","8",2061,8684,7978,16663
705,"Slovenia",4,"Median","9",2061,8838,8106,16945
705,"Slovenia",4,"Median","10",2061,8988,8231,17218.5
705,"Slovenia",4,"Median","11",2061,9135,8356,17490.5
705,"Slovenia",4,"Median","12",2061,9279,8479,17758
705,"Slovenia",4,"Median","13",2061,9408,8588,17995.5
705,"Slovenia",4,"Median","14",2061,9516,8680,18196
705,"Slovenia",4,"Median","15",2061,9612,8756,18368.5
705,"Slovenia",4,"Median","16",2061,9698,8823,18521.5
705,"Slovenia",4,"Median","17",2061,9806,8904,18710.5
705,"Slovenia",4,"Median","18",2061,9952,9016,18968
705,"Slovenia",4,"Median","19",2061,10140,9160,19299.5
705,"Slovenia",4,"Median","20",2061,10356,9323,19679
705,"Slovenia",4,"Median","21",2061,10561,9472,20032.5
705,"Slovenia",4,"Median","22",2061,10718,9572,20290.5
705,"Slovenia",4,"Median","23",2061,10804,9604,20408
705,"Slovenia",4,"Median","24",2061,10825,9572,20396.5
705,"Slovenia",4,"Median","25",2061,10790,9486,20276
705,"Slovenia",4,"Median","26",2061,10714,9366,20079
705,"Slovenia",4,"Median","27",2061,10621,9230,19850.5
705,"Slovenia",4,"Median","28",2061,10530,9098,19628
705,"Slovenia",4,"Median","29",2061,10456,8984,19439
705,"Slovenia",4,"Median","30",2061,10410,8900,19310.5
705,"Slovenia",4,"Median","31",2061,10388,8844,19232
705,"Slovenia",4,"Median","32",2061,10406,8826,19231.5
705,"Slovenia",4,"Median","33",2061,10468,8854,19321.5
705,"Slovenia",4,"Median","34",2061,10566,8918,19483.5
705,"Slovenia",4,"Median","35",2061,10697,9013,19710
705,"Slovenia",4,"Median","36",2061,10856,9137,19992.5
705,"Slovenia",4,"Median","37",2061,11004,9274,20278.5
705,"Slovenia",4,"Median","38",2061,11120,9400,20520
705,"Slovenia",4,"Median","39",2061,11472,9744,21216.5
705,"Slovenia",4,"Median","40",2061,11638,9944,21583
705,"Slovenia",4,"Median","41",2061,11667,10025,21692
705,"Slovenia",4,"Median","42",2061,11919,10236,22155
705,"Slovenia",4,"Median","43",2061,12178,10428,22606
705,"Slovenia",4,"Median","44",2061,12258,10693,22950.5
705,"Slovenia",4,"Median","45",2061,12256,10776,23032
705,"Slovenia",4,"Median","46",2061,12460,10854,23314
705,"Slovenia",4,"Median","47",2061,12504,10994,23499
705,"Slovenia",4,"Median","48",2061,12720,11200,23920
705,"Slovenia",4,"Median","49",2061,12954,11408,24363
705,"Slovenia",4,"Median","50",2061,13054,11552,24607
705,"Slovenia",4,"Median","51",2061,13073,11489,24562
705,"Slovenia",4,"Median","52",2061,12855,11466,24320.5
705,"Slovenia",4,"Median","53",2061,12348,11100,23447.5
705,"Slovenia",4,"Median","54",2061,11654,10280,21933
705,"Slovenia",4,"Median","55",2061,11056,9710,20766
705,"Slovenia",4,"Median","56",2061,10512,9376,19888
705,"Slovenia",4,"Median","57",2061,10042,8933,18975
705,"Slovenia",4,"Median","58",2061,9723,8542,18264.5
705,"Slovenia",4,"Median","59",2061,9616,8446,18062.5
705,"Slovenia",4,"Median","60",2061,9894,8656,18550.5
705,"Slovenia",4,"Median","61",2061,10095,8727,18822
705,"Slovenia",4,"Median","62",2061,10166,8570,18735.5
705,"Slovenia",4,"Median","63",2061,10522,8802,19323.5
705,"Slovenia",4,"Median","64",2061,10910,9046,19955.5
705,"Slovenia",4,"Median","65",2061,11009,9186,20195
705,"Slovenia",4,"Median","66",2061,10914,9366,20279.5
705,"Slovenia",4,"Median","67",2061,10977,9510,20487
705,"Slovenia",4,"Median","68",2061,11016,9567,20583.5
705,"Slovenia",4,"Median","69",2061,11340,9954,21294
705,"Slovenia",4,"Median","70",2061,11629,10482,22110.5
705,"Slovenia",4,"Median","71",2061,11812,10804,22616
705,"Slovenia",4,"Median","72",2061,12422,11420,23842.5
705,"Slovenia",4,"Median","73",2061,12782,11978,24761
705,"Slovenia",4,"Median","74",2061,12518,11876,24394
705,"Slovenia",4,"Median","75",2061,12329,11839,24168
705,"Slovenia",4,"Median","76",2061,12278,12056,24333.5
705,"Slovenia",4,"Median","77",2061,12140,12080,24220
705,"Slovenia",4,"Median","78",2061,12146,12115,24261.5
705,"Slovenia",4,"Median","79",2061,12160,12216,24376
705,"Slovenia",4,"Median","80",2061,11918,12341,24259
705,"Slovenia",4,"Median","81",2061,11593,12154,23746.5
705,"Slovenia",4,"Median","82",2061,11100,11635,22735
705,"Slovenia",4,"Median","83",2061,10317,11148,21465.5
705,"Slovenia",4,"Median","84",2061,9608,10844,20452
705,"Slovenia",4,"Median","85",2061,8816,10348,19163.5
705,"Slovenia",4,"Median","86",2061,7936,9436,17372
705,"Slovenia",4,"Median","87",2061,7174,8712,15887
705,"Slovenia",4,"Median","88",2061,6421,8109,14530
705,"Slovenia",4,"Median","89",2061,5650,7314,12964
705,"Slovenia",4,"Median","90",2061,4799,6485,11284
705,"Slovenia",4,"Median","91",2061,4122,5810,9931.5
705,"Slovenia",4,"Median","92",2061,3628,5234,8862.5
705,"Slovenia",4,"Median","93",2061,3096,4746,7842.5
705,"Slovenia",4,"Median","94",2061,2636,4214,6849.5
705,"Slovenia",4,"Median","95",2061,2178,3580,5758
705,"Slovenia",4,"Median","96",2061,1691,2904,4595.5
705,"Slovenia",4,"Median","97",2061,1290,2274,3564
705,"Slovenia",4,"Median","98",2061,977,1760,2736.5
705,"Slovenia",4,"Median","99",2061,716,1337,2053.5
705,"Slovenia",4,"Median","100",2061,306,546,852
705,"Slovenia",4,"Median","101",2061,249,460,709
705,"Slovenia",4,"Median","102",2061,202,387,589
705,"Slovenia",4,"Median","103",2061,164,326,490
705,"Slovenia",4,"Median","104",2061,133,275,408
705,"Slovenia",4,"Median","105",2061,108,231,339
705,"Slovenia",4,"Median","106",2061,88,195,283
705,"Slovenia",4,"Median","107",2061,71,164,235
705,"Slovenia",4,"Median","108",2061,58,138,196
705,"Slovenia",4,"Median","109",2061,47,116,163
705,"Slovenia",4,"Median","110",2061,38,98,136
705,"Slovenia",4,"Median","0",2062,7642,7183,14825.5
705,"Slovenia",4,"Median","1",2062,7712,7218,14930.5
705,"Slovenia",4,"Median","2",2062,7794,7268,15061.5
705,"Slovenia",4,"Median","3",2062,7886,7329,15215.5
705,"Slovenia",4,"Median","4",2062,7992,7404,15397
705,"Slovenia",4,"Median","5",2062,8114,7498,15612
705,"Slovenia",4,"Median","6",2062,8253,7608,15861.5
705,"Slovenia",4,"Median","7",2062,8401,7730,16131
705,"Slovenia",4,"Median","8",2062,8552,7854,16406.5
705,"Slovenia",4,"Median","9",2062,8705,7982,16687
705,"Slovenia",4,"Median","10",2062,8858,8110,16968
705,"Slovenia",4,"Median","11",2062,9005,8235,17240
705,"Slovenia",4,"Median","12",2062,9151,8359,17510
705,"Slovenia",4,"Median","13",2062,9294,8482,17775.5
705,"Slovenia",4,"Median","14",2062,9422,8592,18014
705,"Slovenia",4,"Median","15",2062,9537,8688,18225
705,"Slovenia",4,"Median","16",2062,9655,8784,18438.5
705,"Slovenia",4,"Median","17",2062,9788,8888,18676.5
705,"Slovenia",4,"Median","18",2062,9956,9022,18978.5
705,"Slovenia",4,"Median","19",2062,10164,9184,19347
705,"Slovenia",4,"Median","20",2062,10394,9361,19755.5
705,"Slovenia",4,"Median","21",2062,10620,9530,20150.5
705,"Slovenia",4,"Median","22",2062,10800,9650,20450
705,"Slovenia",4,"Median","23",2062,10904,9700,20603.5
705,"Slovenia",4,"Median","24",2062,10930,9672,20601.5
705,"Slovenia",4,"Median","25",2062,10894,9589,20483.5
705,"Slovenia",4,"Median","26",2062,10818,9466,20284
705,"Slovenia",4,"Median","27",2062,10713,9320,20033
705,"Slovenia",4,"Median","28",2062,10602,9170,19772
705,"Slovenia",4,"Median","29",2062,10502,9032,19534
705,"Slovenia",4,"Median","30",2062,10422,8917,19339
705,"Slovenia",4,"Median","31",2062,10375,8836,19210.5
705,"Slovenia",4,"Median","32",2062,10355,8783,19138
705,"Slovenia",4,"Median","33",2062,10374,8770,19143
705,"Slovenia",4,"Median","34",2062,10438,8802,19240.5
705,"Slovenia",4,"Median","35",2062,10539,8870,19409
705,"Slovenia",4,"Median","36",2062,10672,8970,19642.5
705,"Slovenia",4,"Median","37",2062,10833,9098,19931.5
705,"Slovenia",4,"Median","38",2062,10983,9239,20222
705,"Slovenia",4,"Median","39",2062,11100,9368,20469
705,"Slovenia",4,"Median","40",2062,11454,9716,21170
705,"Slovenia",4,"Median","41",2062,11623,9919,21542
705,"Slovenia",4,"Median","42",2062,11652,10002,21653.5
705,"Slovenia",4,"Median","43",2062,11905,10214,22119
705,"Slovenia",4,"Median","44",2062,12164,10409,22573
705,"Slovenia",4,"Median","45",2062,12244,10674,22917.5
705,"Slovenia",4,"Median","46",2062,12242,10758,23000
705,"Slovenia",4,"Median","47",2062,12446,10838,23284
705,"Slovenia",4,"Median","48",2062,12490,10978,23468.5
705,"Slovenia",4,"Median","49",2062,12702,11185,23887.5
705,"Slovenia",4,"Median","50",2062,12935,11392,24327.5
705,"Slovenia",4,"Median","51",2062,13031,11535,24566
705,"Slovenia",4,"Median","52",2062,13046,11471,24517.5
705,"Slovenia",4,"Median","53",2062,12828,11448,24276
705,"Slovenia",4,"Median","54",2062,12321,11082,23403.5
705,"Slovenia",4,"Median","55",2062,11624,10262,21887
705,"Slovenia",4,"Median","56",2062,11024,9694,20718
705,"Slovenia",4,"Median","57",2062,10478,9358,19836
705,"Slovenia",4,"Median","58",2062,10006,8914,18920.5
705,"Slovenia",4,"Median","59",2062,9685,8522,18206.5
705,"Slovenia",4,"Median","60",2062,9574,8426,17999
705,"Slovenia",4,"Median","61",2062,9846,8632,18478
705,"Slovenia",4,"Median","62",2062,10039,8700,18738.5
705,"Slovenia",4,"Median","63",2062,10105,8542,18646.5
705,"Slovenia",4,"Median","64",2062,10456,8772,19227.5
705,"Slovenia",4,"Median","65",2062,10837,9015,19852
705,"Slovenia",4,"Median","66",2062,10932,9152,20083
705,"Slovenia",4,"Median","67",2062,10830,9329,20159
705,"Slovenia",4,"Median","68",2062,10887,9470,20357.5
705,"Slovenia",4,"Median","69",2062,10922,9526,20447
705,"Slovenia",4,"Median","70",2062,11237,9908,21144.5
705,"Slovenia",4,"Median","71",2062,11515,10428,21943
705,"Slovenia",4,"Median","72",2062,11688,10745,22432.5
705,"Slovenia",4,"Median","73",2062,12278,11352,23629
705,"Slovenia",4,"Median","74",2062,12610,11894,24504
705,"Slovenia",4,"Median","75",2062,12313,11766,24078.5
705,"Slovenia",4,"Median","76",2062,12074,11696,23770.5
705,"Slovenia",4,"Median","77",2062,11979,11880,23858.5
705,"Slovenia",4,"Median","78",2062,11810,11878,23688.5
705,"Slovenia",4,"Median","79",2062,11779,11886,23665.5
705,"Slovenia",4,"Median","80",2062,11745,11950,23695.5
705,"Slovenia",4,"Median","81",2062,11460,12032,23491.5
705,"Slovenia",4,"Median","82",2062,11094,11806,22900
705,"Slovenia",4,"Median","83",2062,10566,11254,21819.5
705,"Slovenia",4,"Median","84",2062,9760,10730,20490.5
705,"Slovenia",4,"Median","85",2062,9027,10379,19406
705,"Slovenia",4,"Median","86",2062,8220,9840,18060.5
705,"Slovenia",4,"Median","87",2062,7338,8910,16247
705,"Slovenia",4,"Median","88",2062,6571,8159,14730
705,"Slovenia",4,"Median","89",2062,5820,7523,13343
705,"Slovenia",4,"Median","90",2062,5062,6714,11776
705,"Slovenia",4,"Median","91",2062,4245,5882,10127.5
705,"Slovenia",4,"Median","92",2062,3596,5200,8795.5
705,"Slovenia",4,"Median","93",2062,3116,4615,7731.5
705,"Slovenia",4,"Median","94",2062,2614,4117,6731.5
705,"Slovenia",4,"Median","95",2062,2186,3588,5774
705,"Slovenia",4,"Median","96",2062,1771,2988,4759
705,"Slovenia",4,"Median","97",2062,1346,2372,3717.5
705,"Slovenia",4,"Median","98",2062,1004,1812,2815.5
705,"Slovenia",4,"Median","99",2062,742,1366,2108
705,"Slovenia",4,"Median","100",2062,319,561,880
705,"Slovenia",4,"Median","101",2062,260,474,734
705,"Slovenia",4,"Median","102",2062,211,400,611
705,"Slovenia",4,"Median","103",2062,172,338,510
705,"Slovenia",4,"Median","104",2062,140,285,425
705,"Slovenia",4,"Median","105",2062,113,241,354
705,"Slovenia",4,"Median","106",2062,92,203,295
705,"Slovenia",4,"Median","107",2062,75,172,247
705,"Slovenia",4,"Median","108",2062,61,145,206
705,"Slovenia",4,"Median","109",2062,50,122,172
705,"Slovenia",4,"Median","110",2062,40,103,143
705,"Slovenia",4,"Median","0",2063,7632,7172,14804
705,"Slovenia",4,"Median","1",2063,7684,7192,14876.5
705,"Slovenia",4,"Median","2",2063,7750,7227,14977
705,"Slovenia",4,"Median","3",2063,7830,7276,15105.5
705,"Slovenia",4,"Median","4",2063,7919,7336,15255
705,"Slovenia",4,"Median","5",2063,8022,7412,15433.5
705,"Slovenia",4,"Median","6",2063,8142,7504,15645.5
705,"Slovenia",4,"Median","7",2063,8278,7614,15892.5
705,"Slovenia",4,"Median","8",2063,8424,7735,16159
705,"Slovenia",4,"Median","9",2063,8574,7859,16432.5
705,"Slovenia",4,"Median","10",2063,8725,7987,16712
705,"Slovenia",4,"Median","11",2063,8876,8115,16990.5
705,"Slovenia",4,"Median","12",2063,9022,8238,17260.5
705,"Slovenia",4,"Median","13",2063,9166,8362,17529
705,"Slovenia",4,"Median","14",2063,9310,8486,17795
705,"Slovenia",4,"Median","15",2063,9443,8600,18043.5
705,"Slovenia",4,"Median","16",2063,9580,8716,18296
705,"Slovenia",4,"Median","17",2063,9744,8850,18594
705,"Slovenia",4,"Median","18",2063,9938,9006,18944.5
705,"Slovenia",4,"Median","19",2063,10168,9190,19358
705,"Slovenia",4,"Median","20",2063,10418,9385,19803
705,"Slovenia",4,"Median","21",2063,10660,9568,20228.5
705,"Slovenia",4,"Median","22",2063,10860,9710,20569
705,"Slovenia",4,"Median","23",2063,10986,9779,20765
705,"Slovenia",4,"Median","24",2063,11030,9770,20800
705,"Slovenia",4,"Median","25",2063,11001,9692,20693
705,"Slovenia",4,"Median","26",2063,10925,9570,20495.5
705,"Slovenia",4,"Median","27",2063,10819,9424,20242.5
705,"Slovenia",4,"Median","28",2063,10696,9263,19959
705,"Slovenia",4,"Median","29",2063,10575,9107,19682
705,"Slovenia",4,"Median","30",2063,10470,8968,19437.5
705,"Slovenia",4,"Median","31",2063,10389,8854,19243.5
705,"Slovenia",4,"Median","32",2063,10343,8776,19119.5
705,"Slovenia",4,"Median","33",2063,10324,8728,19052.5
705,"Slovenia",4,"Median","34",2063,10346,8719,19064.5
705,"Slovenia",4,"Median","35",2063,10412,8756,19168.5
705,"Slovenia",4,"Median","36",2063,10516,8828,19344.5
705,"Slovenia",4,"Median","37",2063,10651,8933,19584
705,"Slovenia",4,"Median","38",2063,10813,9064,19877.5
705,"Slovenia",4,"Median","39",2063,10964,9208,20172.5
705,"Slovenia",4,"Median","40",2063,11084,9341,20424.5
705,"Slovenia",4,"Median","41",2063,11440,9691,21130.5
705,"Slovenia",4,"Median","42",2063,11609,9896,21505.5
705,"Slovenia",4,"Median","43",2063,11639,9980,21619.5
705,"Slovenia",4,"Median","44",2063,11892,10195,22086.5
705,"Slovenia",4,"Median","45",2063,12151,10390,22541.5
705,"Slovenia",4,"Median","46",2063,12230,10656,22886.5
705,"Slovenia",4,"Median","47",2063,12230,10742,22971
705,"Slovenia",4,"Median","48",2063,12432,10822,23254
705,"Slovenia",4,"Median","49",2063,12474,10964,23437.5
705,"Slovenia",4,"Median","50",2063,12684,11169,23853
705,"Slovenia",4,"Median","51",2063,12912,11376,24288
705,"Slovenia",4,"Median","52",2063,13006,11517,24523
705,"Slovenia",4,"Median","53",2063,13020,11454,24473.5
705,"Slovenia",4,"Median","54",2063,12801,11430,24230.5
705,"Slovenia",4,"Median","55",2063,12291,11065,23356
705,"Slovenia",4,"Median","56",2063,11592,10245,21837
705,"Slovenia",4,"Median","57",2063,10990,9676,20665.5
705,"Slovenia",4,"Median","58",2063,10442,9338,19780
705,"Slovenia",4,"Median","59",2063,9968,8894,18862
705,"Slovenia",4,"Median","60",2063,9644,8500,18144
705,"Slovenia",4,"Median","61",2063,9528,8403,17930.5
705,"Slovenia",4,"Median","62",2063,9792,8606,18398
705,"Slovenia",4,"Median","63",2063,9980,8672,18652
705,"Slovenia",4,"Median","64",2063,10043,8514,18556.5
705,"Slovenia",4,"Median","65",2063,10388,8742,19130
705,"Slovenia",4,"Median","66",2063,10762,8982,19744
705,"Slovenia",4,"Median","67",2063,10850,9116,19965.5
705,"Slovenia",4,"Median","68",2063,10743,9291,20034
705,"Slovenia",4,"Median","69",2063,10795,9430,20225.5
705,"Slovenia",4,"Median","70",2063,10824,9482,20306
705,"Slovenia",4,"Median","71",2063,11130,9858,20987.5
705,"Slovenia",4,"Median","72",2063,11396,10372,21768.5
705,"Slovenia",4,"Median","73",2063,11554,10682,22236
705,"Slovenia",4,"Median","74",2063,12115,11272,23387.5
705,"Slovenia",4,"Median","75",2063,12407,11785,24192
705,"Slovenia",4,"Median","76",2063,12062,11626,23688.5
705,"Slovenia",4,"Median","77",2063,11784,11528,23313
705,"Slovenia",4,"Median","78",2063,11658,11685,23342.5
705,"Slovenia",4,"Median","79",2063,11457,11658,23115
705,"Slovenia",4,"Median","80",2063,11382,11632,23014.5
705,"Slovenia",4,"Median","81",2063,11299,11656,22955
705,"Slovenia",4,"Median","82",2063,10972,11693,22665.5
705,"Slovenia",4,"Median","83",2063,10566,11425,21991
705,"Slovenia",4,"Median","84",2063,10001,10838,20839.5
705,"Slovenia",4,"Median","85",2063,9176,10277,19453
705,"Slovenia",4,"Median","86",2063,8424,9877,18300.5
705,"Slovenia",4,"Median","87",2063,7606,9298,16904.5
705,"Slovenia",4,"Median","88",2063,6726,8350,15076
705,"Slovenia",4,"Median","89",2063,5962,7576,13537.5
705,"Slovenia",4,"Median","90",2063,5219,6912,12131.5
705,"Slovenia",4,"Median","91",2063,4482,6097,10579.5
705,"Slovenia",4,"Median","92",2063,3707,5272,8978.5
705,"Slovenia",4,"Median","93",2063,3092,4591,7682.5
705,"Slovenia",4,"Median","94",2063,2636,4008,6644
705,"Slovenia",4,"Median","95",2063,2172,3510,5682
705,"Slovenia",4,"Median","96",2063,1780,3000,4779.5
705,"Slovenia",4,"Median","97",2063,1412,2444,3855.5
705,"Slovenia",4,"Median","98",2063,1048,1893,2941.5
705,"Slovenia",4,"Median","99",2063,764,1410,2173
705,"Slovenia",4,"Median","100",2063,334,578,912
705,"Slovenia",4,"Median","101",2063,271,489,760
705,"Slovenia",4,"Median","102",2063,221,413,634
705,"Slovenia",4,"Median","103",2063,179,349,528
705,"Slovenia",4,"Median","104",2063,146,295,441
705,"Slovenia",4,"Median","105",2063,119,249,368
705,"Slovenia",4,"Median","106",2063,96,211,307
705,"Slovenia",4,"Median","107",2063,78,178,256
705,"Slovenia",4,"Median","108",2063,64,151,215
705,"Slovenia",4,"Median","109",2063,52,127,179
705,"Slovenia",4,"Median","110",2063,42,108,150
705,"Slovenia",4,"Median","0",2064,7631,7172,14803
705,"Slovenia",4,"Median","1",2064,7670,7180,14850
705,"Slovenia",4,"Median","2",2064,7720,7199,14919
705,"Slovenia",4,"Median","3",2064,7784,7234,15017.5
705,"Slovenia",4,"Median","4",2064,7860,7282,15141.5
705,"Slovenia",4,"Median","5",2064,7947,7342,15288.5
705,"Slovenia",4,"Median","6",2064,8048,7416,15464.5
705,"Slovenia",4,"Median","7",2064,8166,7508,15674
705,"Slovenia",4,"Median","8",2064,8300,7618,15918
705,"Slovenia",4,"Median","9",2064,8444,7738,16183
705,"Slovenia",4,"Median","10",2064,8592,7863,16455
705,"Slovenia",4,"Median","11",2064,8742,7990,16732
705,"Slovenia",4,"Median","12",2064,8892,8118,17009
705,"Slovenia",4,"Median","13",2064,9036,8242,17278
705,"Slovenia",4,"Median","14",2064,9181,8366,17546.5
705,"Slovenia",4,"Median","15",2064,9330,8494,17823.5
705,"Slovenia",4,"Median","16",2064,9485,8628,18112.5
705,"Slovenia",4,"Median","17",2064,9668,8780,18448
705,"Slovenia",4,"Median","18",2064,9893,8965,18858
705,"Slovenia",4,"Median","19",2064,10148,9172,19319.5
705,"Slovenia",4,"Median","20",2064,10420,9388,19808
705,"Slovenia",4,"Median","21",2064,10680,9590,20269
705,"Slovenia",4,"Median","22",2064,10894,9745,20639.5
705,"Slovenia",4,"Median","23",2064,11042,9834,20876.5
705,"Slovenia",4,"Median","24",2064,11108,9846,20954.5
705,"Slovenia",4,"Median","25",2064,11098,9786,20884
705,"Slovenia",4,"Median","26",2064,11028,9670,20697.5
705,"Slovenia",4,"Median","27",2064,10922,9525,20447.5
705,"Slovenia",4,"Median","28",2064,10799,9364,20163
705,"Slovenia",4,"Median","29",2064,10666,9197,19863
705,"Slovenia",4,"Median","30",2064,10541,9040,19581
705,"Slovenia",4,"Median","31",2064,10434,8904,19338
705,"Slovenia",4,"Median","32",2064,10355,8793,19148
705,"Slovenia",4,"Median","33",2064,10311,8720,19030.5
705,"Slovenia",4,"Median","34",2064,10294,8676,18970.5
705,"Slovenia",4,"Median","35",2064,10318,8672,18990
705,"Slovenia",4,"Median","36",2064,10388,8714,19101.5
705,"Slovenia",4,"Median","37",2064,10493,8790,19283
705,"Slovenia",4,"Median","38",2064,10630,8898,19528
705,"Slovenia",4,"Median","39",2064,10793,9032,19825.5
705,"Slovenia",4,"Median","40",2064,10947,9180,20127
705,"Slovenia",4,"Median","41",2064,11068,9316,20384
705,"Slovenia",4,"Median","42",2064,11424,9668,21092.5
705,"Slovenia",4,"Median","43",2064,11595,9874,21469.5
705,"Slovenia",4,"Median","44",2064,11624,9961,21585.5
705,"Slovenia",4,"Median","45",2064,11878,10176,22054
705,"Slovenia",4,"Median","46",2064,12137,10372,22509.5
705,"Slovenia",4,"Median","47",2064,12217,10639,22856
705,"Slovenia",4,"Median","48",2064,12216,10726,22941
705,"Slovenia",4,"Median","49",2064,12416,10806,23222.5
705,"Slovenia",4,"Median","50",2064,12456,10948,23403
705,"Slovenia",4,"Median","51",2064,12662,11152,23814
705,"Slovenia",4,"Median","52",2064,12888,11358,24245
705,"Slovenia",4,"Median","53",2064,12979,11499,24478
705,"Slovenia",4,"Median","54",2064,12992,11436,24427.5
705,"Slovenia",4,"Median","55",2064,12770,11412,24181.5
705,"Slovenia",4,"Median","56",2064,12257,11046,23303.5
705,"Slovenia",4,"Median","57",2064,11556,10226,21782
705,"Slovenia",4,"Median","58",2064,10952,9655,20607
705,"Slovenia",4,"Median","59",2064,10402,9317,19719
705,"Slovenia",4,"Median","60",2064,9926,8872,18797.5
705,"Slovenia",4,"Median","61",2064,9597,8478,18075
705,"Slovenia",4,"Median","62",2064,9476,8378,17854
705,"Slovenia",4,"Median","63",2064,9735,8578,18313.5
705,"Slovenia",4,"Median","64",2064,9919,8644,18562.5
705,"Slovenia",4,"Median","65",2064,9978,8485,18463.5
705,"Slovenia",4,"Median","66",2064,10317,8710,19027.5
705,"Slovenia",4,"Median","67",2064,10682,8947,19629.5
705,"Slovenia",4,"Median","68",2064,10763,9080,19842.5
705,"Slovenia",4,"Median","69",2064,10653,9252,19905.5
705,"Slovenia",4,"Median","70",2064,10700,9388,20088.5
705,"Slovenia",4,"Median","71",2064,10722,9436,20157.5
705,"Slovenia",4,"Median","72",2064,11016,9806,20822.5
705,"Slovenia",4,"Median","73",2064,11268,10313,21581
705,"Slovenia",4,"Median","74",2064,11404,10609,22012.5
705,"Slovenia",4,"Median","75",2064,11922,11172,23094
705,"Slovenia",4,"Median","76",2064,12158,11648,23806
705,"Slovenia",4,"Median","77",2064,11776,11462,23238.5
705,"Slovenia",4,"Median","78",2064,11472,11342,22814.5
705,"Slovenia",4,"Median","79",2064,11314,11472,22785
705,"Slovenia",4,"Median","80",2064,11076,11412,22488.5
705,"Slovenia",4,"Median","81",2064,10956,11350,22305.5
705,"Slovenia",4,"Median","82",2064,10824,11332,22157
705,"Slovenia",4,"Median","83",2064,10456,11322,21777.5
705,"Slovenia",4,"Median","84",2064,10008,11009,21017
705,"Slovenia",4,"Median","85",2064,9410,10386,19796
705,"Slovenia",4,"Median","86",2064,8569,9786,18355.5
705,"Slovenia",4,"Median","87",2064,7800,9340,17140
705,"Slovenia",4,"Median","88",2064,6978,8721,15699.5
705,"Slovenia",4,"Median","89",2064,6108,7760,13868
705,"Slovenia",4,"Median","90",2064,5352,6968,12320
705,"Slovenia",4,"Median","91",2064,4628,6284,10911
705,"Slovenia",4,"Median","92",2064,3919,5470,9389
705,"Slovenia",4,"Median","93",2064,3192,4660,7852
705,"Slovenia",4,"Median","94",2064,2618,3992,6611
705,"Slovenia",4,"Median","95",2064,2192,3423,5615
705,"Slovenia",4,"Median","96",2064,1771,2939,4710
705,"Slovenia",4,"Median","97",2064,1421,2456,3877.5
705,"Slovenia",4,"Median","98",2064,1102,1954,3055.5
705,"Slovenia",4,"Median","99",2064,799,1475,2274
705,"Slovenia",4,"Median","100",2064,348,598,946
705,"Slovenia",4,"Median","101",2064,283,505,788
705,"Slovenia",4,"Median","102",2064,230,427,657
705,"Slovenia",4,"Median","103",2064,187,361,548
705,"Slovenia",4,"Median","104",2064,152,305,457
705,"Slovenia",4,"Median","105",2064,123,258,381
705,"Slovenia",4,"Median","106",2064,100,218,318
705,"Slovenia",4,"Median","107",2064,82,185,267
705,"Slovenia",4,"Median","108",2064,66,156,222
705,"Slovenia",4,"Median","109",2064,54,132,186
705,"Slovenia",4,"Median","110",2064,44,112,156
705,"Slovenia",4,"Median","0",2065,7640,7181,14821
705,"Slovenia",4,"Median","1",2065,7669,7178,14847
705,"Slovenia",4,"Median","2",2065,7706,7185,14890.5
705,"Slovenia",4,"Median","3",2065,7752,7204,14957
705,"Slovenia",4,"Median","4",2065,7814,7238,15052
705,"Slovenia",4,"Median","5",2065,7887,7286,15173.5
705,"Slovenia",4,"Median","6",2065,7972,7346,15318
705,"Slovenia",4,"Median","7",2065,8071,7420,15491
705,"Slovenia",4,"Median","8",2065,8186,7512,15698
705,"Slovenia",4,"Median","9",2065,8319,7622,15940.5
705,"Slovenia",4,"Median","10",2065,8462,7742,16204
705,"Slovenia",4,"Median","11",2065,8608,7866,16474
705,"Slovenia",4,"Median","12",2065,8758,7992,16750
705,"Slovenia",4,"Median","13",2065,8906,8120,17026
705,"Slovenia",4,"Median","14",2065,9050,8244,17295
705,"Slovenia",4,"Median","15",2065,9201,8374,17574.5
705,"Slovenia",4,"Median","16",2065,9370,8520,17890.5
705,"Slovenia",4,"Median","17",2065,9572,8691,18262.5
705,"Slovenia",4,"Median","18",2065,9816,8894,18710
705,"Slovenia",4,"Median","19",2065,10100,9129,19229
705,"Slovenia",4,"Median","20",2065,10396,9368,19765
705,"Slovenia",4,"Median","21",2065,10678,9590,20268.5
705,"Slovenia",4,"Median","22",2065,10912,9764,20675
705,"Slovenia",4,"Median","23",2065,11074,9868,20942
705,"Slovenia",4,"Median","24",2065,11162,9900,21061.5
705,"Slovenia",4,"Median","25",2065,11174,9860,21034.5
705,"Slovenia",4,"Median","26",2065,11122,9762,20885
705,"Slovenia",4,"Median","27",2065,11023,9623,20646
705,"Slovenia",4,"Median","28",2065,10901,9464,20365
705,"Slovenia",4,"Median","29",2065,10768,9296,20064
705,"Slovenia",4,"Median","30",2065,10630,9130,19760
705,"Slovenia",4,"Median","31",2065,10504,8974,19479
705,"Slovenia",4,"Median","32",2065,10400,8841,19240.5
705,"Slovenia",4,"Median","33",2065,10322,8736,19057.5
705,"Slovenia",4,"Median","34",2065,10280,8668,18947.5
705,"Slovenia",4,"Median","35",2065,10266,8628,18895
705,"Slovenia",4,"Median","36",2065,10293,8628,18921.5
705,"Slovenia",4,"Median","37",2065,10364,8674,19038.5
705,"Slovenia",4,"Median","38",2065,10472,8754,19226
705,"Slovenia",4,"Median","39",2065,10610,8866,19475
705,"Slovenia",4,"Median","40",2065,10776,9004,19779.5
705,"Slovenia",4,"Median","41",2065,10931,9154,20085
705,"Slovenia",4,"Median","42",2065,11053,9292,20344.5
705,"Slovenia",4,"Median","43",2065,11410,9646,21056.5
705,"Slovenia",4,"Median","44",2065,11581,9854,21435.5
705,"Slovenia",4,"Median","45",2065,11611,9942,21552.5
705,"Slovenia",4,"Median","46",2065,11864,10158,22022
705,"Slovenia",4,"Median","47",2065,12124,10356,22479
705,"Slovenia",4,"Median","48",2065,12203,10624,22826.5
705,"Slovenia",4,"Median","49",2065,12200,10710,22909.5
705,"Slovenia",4,"Median","50",2065,12398,10791,23188.5
705,"Slovenia",4,"Median","51",2065,12434,10930,23364
705,"Slovenia",4,"Median","52",2065,12637,11134,23771.5
705,"Slovenia",4,"Median","53",2065,12861,11340,24200.5
705,"Slovenia",4,"Median","54",2065,12952,11482,24433
705,"Slovenia",4,"Median","55",2065,12960,11418,24378
705,"Slovenia",4,"Median","56",2065,12735,11393,24128
705,"Slovenia",4,"Median","57",2065,12219,11026,23245
705,"Slovenia",4,"Median","58",2065,11516,10205,21721.5
705,"Slovenia",4,"Median","59",2065,10910,9634,20543.5
705,"Slovenia",4,"Median","60",2065,10358,9294,19652
705,"Slovenia",4,"Median","61",2065,9878,8848,18726.5
705,"Slovenia",4,"Median","62",2065,9546,8452,17999
705,"Slovenia",4,"Median","63",2065,9422,8351,17773
705,"Slovenia",4,"Median","64",2065,9676,8551,18227
705,"Slovenia",4,"Median","65",2065,9856,8615,18471.5
705,"Slovenia",4,"Median","66",2065,9912,8454,18366
705,"Slovenia",4,"Median","67",2065,10242,8678,18919
705,"Slovenia",4,"Median","68",2065,10598,8912,19510.5
705,"Slovenia",4,"Median","69",2065,10674,9042,19717
705,"Slovenia",4,"Median","70",2065,10561,9212,19773
705,"Slovenia",4,"Median","71",2065,10600,9344,19944
705,"Slovenia",4,"Median","72",2065,10614,9388,20002
705,"Slovenia",4,"Median","73",2065,10894,9751,20645.5
705,"Slovenia",4,"Median","74",2065,11124,10244,21367.5
705,"Slovenia",4,"Median","75",2065,11226,10516,21741
705,"Slovenia",4,"Median","76",2065,11687,11044,22730.5
705,"Slovenia",4,"Median","77",2065,11874,11486,23360
705,"Slovenia",4,"Median","78",2065,11468,11280,22748.5
705,"Slovenia",4,"Median","79",2065,11138,11138,22277
705,"Slovenia",4,"Median","80",2065,10942,11234,22176
705,"Slovenia",4,"Median","81",2065,10666,11140,21806
705,"Slovenia",4,"Median","82",2065,10500,11040,21540
705,"Slovenia",4,"Median","83",2065,10321,10978,21298.5
705,"Slovenia",4,"Median","84",2065,9911,10914,20825.5
705,"Slovenia",4,"Median","85",2065,9423,10556,19978.5
705,"Slovenia",4,"Median","86",2065,8794,9898,18691.5
705,"Slovenia",4,"Median","87",2065,7942,9260,17203
705,"Slovenia",4,"Median","88",2065,7164,8766,15930.5
705,"Slovenia",4,"Median","89",2065,6344,8112,14455.5
705,"Slovenia",4,"Median","90",2065,5490,7144,12634.5
705,"Slovenia",4,"Median","91",2065,4750,6340,11091
705,"Slovenia",4,"Median","92",2065,4051,5644,9695
705,"Slovenia",4,"Median","93",2065,3379,4842,8220.5
705,"Slovenia",4,"Median","94",2065,2707,4058,6765.5
705,"Slovenia",4,"Median","95",2065,2180,3415,5595.5
705,"Slovenia",4,"Median","96",2065,1790,2870,4660.5
705,"Slovenia",4,"Median","97",2065,1416,2410,3826.5
705,"Slovenia",4,"Median","98",2065,1111,1968,3079
705,"Slovenia",4,"Median","99",2065,841,1525,2366
705,"Slovenia",4,"Median","100",2065,365,627,992
705,"Slovenia",4,"Median","101",2065,296,529,825
705,"Slovenia",4,"Median","102",2065,240,446,686
705,"Slovenia",4,"Median","103",2065,195,376,571
705,"Slovenia",4,"Median","104",2065,158,317,475
705,"Slovenia",4,"Median","105",2065,129,268,397
705,"Slovenia",4,"Median","106",2065,104,226,330
705,"Slovenia",4,"Median","107",2065,85,191,276
705,"Slovenia",4,"Median","108",2065,69,161,230
705,"Slovenia",4,"Median","109",2065,56,136,192
705,"Slovenia",4,"Median","110",2065,45,114,159
705,"Slovenia",4,"Median","0",2066,7662,7202,14863.5
705,"Slovenia",4,"Median","1",2066,7680,7190,14870
705,"Slovenia",4,"Median","2",2066,7706,7186,14892
705,"Slovenia",4,"Median","3",2066,7740,7192,14932
705,"Slovenia",4,"Median","4",2066,7784,7212,14995.5
705,"Slovenia",4,"Median","5",2066,7842,7245,15087
705,"Slovenia",4,"Median","6",2066,7914,7292,15205.5
705,"Slovenia",4,"Median","7",2066,7996,7351,15347
705,"Slovenia",4,"Median","8",2066,8093,7425,15518
705,"Slovenia",4,"Median","9",2066,8207,7516,15723.5
705,"Slovenia",4,"Median","10",2066,8338,7626,15963.5
705,"Slovenia",4,"Median","11",2066,8480,7746,16225
705,"Slovenia",4,"Median","12",2066,8625,7869,16494
705,"Slovenia",4,"Median","13",2066,8773,7996,16769
705,"Slovenia",4,"Median","14",2066,8920,8124,17044.5
705,"Slovenia",4,"Median","15",2066,9071,8253,17324
705,"Slovenia",4,"Median","16",2066,9242,8400,17643
705,"Slovenia",4,"Median","17",2066,9458,8585,18043
705,"Slovenia",4,"Median","18",2066,9720,8806,18527
705,"Slovenia",4,"Median","19",2066,10024,9059,19082.5
705,"Slovenia",4,"Median","20",2066,10350,9327,19677
705,"Slovenia",4,"Median","21",2066,10656,9572,20228
705,"Slovenia",4,"Median","22",2066,10912,9766,20679
705,"Slovenia",4,"Median","23",2066,11094,9889,20983.5
705,"Slovenia",4,"Median","24",2066,11198,9936,21133.5
705,"Slovenia",4,"Median","25",2066,11232,9918,21149.5
705,"Slovenia",4,"Median","26",2066,11202,9841,21043.5
705,"Slovenia",4,"Median","27",2066,11122,9719,20841
705,"Slovenia",4,"Median","28",2066,11006,9566,20571.5
705,"Slovenia",4,"Median","29",2066,10874,9400,20274
705,"Slovenia",4,"Median","30",2066,10736,9232,19968
705,"Slovenia",4,"Median","31",2066,10598,9066,19664
705,"Slovenia",4,"Median","32",2066,10472,8916,19388
705,"Slovenia",4,"Median","33",2066,10369,8786,19155.5
705,"Slovenia",4,"Median","34",2066,10294,8686,18979.5
705,"Slovenia",4,"Median","35",2066,10254,8622,18875.5
705,"Slovenia",4,"Median","36",2066,10244,8587,18830.5
705,"Slovenia",4,"Median","37",2066,10272,8591,18862.5
705,"Slovenia",4,"Median","38",2066,10345,8640,18985
705,"Slovenia",4,"Median","39",2066,10453,8724,19176.5
705,"Slovenia",4,"Median","40",2066,10594,8838,19432
705,"Slovenia",4,"Median","41",2066,10760,8979,19739.5
705,"Slovenia",4,"Median","42",2066,10918,9132,20049
705,"Slovenia",4,"Median","43",2066,11040,9272,20312
705,"Slovenia",4,"Median","44",2066,11398,9627,21025
705,"Slovenia",4,"Median","45",2066,11568,9836,21405
705,"Slovenia",4,"Median","46",2066,11599,9924,21523.5
705,"Slovenia",4,"Median","47",2066,11852,10142,21994.5
705,"Slovenia",4,"Median","48",2066,12110,10340,22451
705,"Slovenia",4,"Median","49",2066,12188,10608,22797
705,"Slovenia",4,"Median","50",2066,12182,10695,22877.5
705,"Slovenia",4,"Median","51",2066,12376,10775,23151.5
705,"Slovenia",4,"Median","52",2066,12410,10914,23324.5
705,"Slovenia",4,"Median","53",2066,12612,11118,23730
705,"Slovenia",4,"Median","54",2066,12834,11323,24157.5
705,"Slovenia",4,"Median","55",2066,12921,11464,24385
705,"Slovenia",4,"Median","56",2066,12926,11400,24325.5
705,"Slovenia",4,"Median","57",2066,12696,11372,24069
705,"Slovenia",4,"Median","58",2066,12178,11004,23182.5
705,"Slovenia",4,"Median","59",2066,11473,10183,21656
705,"Slovenia",4,"Median","60",2066,10865,9611,20476
705,"Slovenia",4,"Median","61",2066,10310,9270,19580
705,"Slovenia",4,"Median","62",2066,9827,8823,18650
705,"Slovenia",4,"Median","63",2066,9492,8426,17919
705,"Slovenia",4,"Median","64",2066,9366,8325,17691.5
705,"Slovenia",4,"Median","65",2066,9616,8524,18140
705,"Slovenia",4,"Median","66",2066,9792,8585,18377
705,"Slovenia",4,"Median","67",2066,9841,8424,18264.5
705,"Slovenia",4,"Median","68",2066,10163,8644,18807.5
705,"Slovenia",4,"Median","69",2066,10514,8876,19390.5
705,"Slovenia",4,"Median","70",2066,10584,9004,19588
705,"Slovenia",4,"Median","71",2066,10465,9169,19634
705,"Slovenia",4,"Median","72",2066,10498,9296,19794
705,"Slovenia",4,"Median","73",2066,10500,9336,19836
705,"Slovenia",4,"Median","74",2066,10759,9687,20446
705,"Slovenia",4,"Median","75",2066,10954,10156,21109.5
705,"Slovenia",4,"Median","76",2066,11008,10398,21405
705,"Slovenia",4,"Median","77",2066,11418,10893,22311
705,"Slovenia",4,"Median","78",2066,11568,11306,22875
705,"Slovenia",4,"Median","79",2066,11140,11081,22221
705,"Slovenia",4,"Median","80",2066,10778,10912,21690
705,"Slovenia",4,"Median","81",2066,10543,10969,21512
705,"Slovenia",4,"Median","82",2066,10230,10840,21069
705,"Slovenia",4,"Median","83",2066,10019,10698,20717.5
705,"Slovenia",4,"Median","84",2066,9790,10588,20378.5
705,"Slovenia",4,"Median","85",2066,9338,10470,19809
705,"Slovenia",4,"Median","86",2066,8814,10066,18879
705,"Slovenia",4,"Median","87",2066,8158,9372,17530.5
705,"Slovenia",4,"Median","88",2066,7302,8700,16001
705,"Slovenia",4,"Median","89",2066,6519,8162,14680.5
705,"Slovenia",4,"Median","90",2066,5708,7476,13184
705,"Slovenia",4,"Median","91",2066,4878,6508,11386.5
705,"Slovenia",4,"Median","92",2066,4164,5702,9866
705,"Slovenia",4,"Median","93",2066,3498,5002,8499.5
705,"Slovenia",4,"Median","94",2066,2870,4222,7092.5
705,"Slovenia",4,"Median","95",2066,2258,3476,5734.5
705,"Slovenia",4,"Median","96",2066,1784,2868,4651.5
705,"Slovenia",4,"Median","97",2066,1434,2358,3792.5
705,"Slovenia",4,"Median","98",2066,1110,1934,3044
705,"Slovenia",4,"Median","99",2066,850,1539,2388.5
705,"Slovenia",4,"Median","100",2066,388,665,1053
705,"Slovenia",4,"Median","101",2066,314,558,872
705,"Slovenia",4,"Median","102",2066,253,468,721
705,"Slovenia",4,"Median","103",2066,205,392,597
705,"Slovenia",4,"Median","104",2066,166,329,495
705,"Slovenia",4,"Median","105",2066,134,276,410
705,"Slovenia",4,"Median","106",2066,108,232,340
705,"Slovenia",4,"Median","107",2066,87,194,281
705,"Slovenia",4,"Median","108",2066,71,163,234
705,"Slovenia",4,"Median","109",2066,57,137,194
705,"Slovenia",4,"Median","110",2066,46,115,161
705,"Slovenia",4,"Median","0",2067,7688,7227,14915
705,"Slovenia",4,"Median","1",2067,7704,7212,14915.5
705,"Slovenia",4,"Median","2",2067,7719,7198,14917.5
705,"Slovenia",4,"Median","3",2067,7742,7194,14935.5
705,"Slovenia",4,"Median","4",2067,7772,7200,14972.5
705,"Slovenia",4,"Median","5",2067,7814,7218,15032
705,"Slovenia",4,"Median","6",2067,7870,7252,15121
705,"Slovenia",4,"Median","7",2067,7938,7298,15236.5
705,"Slovenia",4,"Median","8",2067,8019,7356,15375.5
705,"Slovenia",4,"Median","9",2067,8115,7430,15545
705,"Slovenia",4,"Median","10",2067,8226,7521,15747.5
705,"Slovenia",4,"Median","11",2067,8356,7630,15986
705,"Slovenia",4,"Median","12",2067,8496,7750,16246
705,"Slovenia",4,"Median","13",2067,8641,7873,16514
705,"Slovenia",4,"Median","14",2067,8788,8000,16788
705,"Slovenia",4,"Median","15",2067,8942,8133,17074.5
705,"Slovenia",4,"Median","16",2067,9114,8280,17394
705,"Slovenia",4,"Median","17",2067,9330,8466,17796
705,"Slovenia",4,"Median","18",2067,9608,8700,18308
705,"Slovenia",4,"Median","19",2067,9928,8971,18899.5
705,"Slovenia",4,"Median","20",2067,10274,9258,19531
705,"Slovenia",4,"Median","21",2067,10610,9531,20141.5
705,"Slovenia",4,"Median","22",2067,10892,9749,20641
705,"Slovenia",4,"Median","23",2067,11096,9894,20990.5
705,"Slovenia",4,"Median","24",2067,11219,9960,21178.5
705,"Slovenia",4,"Median","25",2067,11270,9956,21226
705,"Slovenia",4,"Median","26",2067,11262,9901,21163
705,"Slovenia",4,"Median","27",2067,11204,9800,21004.5
705,"Slovenia",4,"Median","28",2067,11107,9665,20772
705,"Slovenia",4,"Median","29",2067,10980,9505,20485.5
705,"Slovenia",4,"Median","30",2067,10844,9338,20182.5
705,"Slovenia",4,"Median","31",2067,10704,9172,19876.5
705,"Slovenia",4,"Median","32",2067,10568,9010,19577
705,"Slovenia",4,"Median","33",2067,10444,8862,19306
705,"Slovenia",4,"Median","34",2067,10342,8738,19080
705,"Slovenia",4,"Median","35",2067,10269,8641,18910
705,"Slovenia",4,"Median","36",2067,10232,8582,18814
705,"Slovenia",4,"Median","37",2067,10224,8550,18774
705,"Slovenia",4,"Median","38",2067,10253,8558,18811
705,"Slovenia",4,"Median","39",2067,10328,8610,18938
705,"Slovenia",4,"Median","40",2067,10438,8698,19135
705,"Slovenia",4,"Median","41",2067,10580,8814,19394.5
705,"Slovenia",4,"Median","42",2067,10748,8958,19706.5
705,"Slovenia",4,"Median","43",2067,10906,9112,20017.5
705,"Slovenia",4,"Median","44",2067,11029,9254,20282.5
705,"Slovenia",4,"Median","45",2067,11386,9610,20996.5
705,"Slovenia",4,"Median","46",2067,11557,9820,21377.5
705,"Slovenia",4,"Median","47",2067,11588,9910,21497
705,"Slovenia",4,"Median","48",2067,11840,10128,21968
705,"Slovenia",4,"Median","49",2067,12096,10326,22423
705,"Slovenia",4,"Median","50",2067,12172,10594,22766
705,"Slovenia",4,"Median","51",2067,12162,10680,22842.5
705,"Slovenia",4,"Median","52",2067,12354,10759,23113.5
705,"Slovenia",4,"Median","53",2067,12387,10898,23285
705,"Slovenia",4,"Median","54",2067,12587,11102,23688.5
705,"Slovenia",4,"Median","55",2067,12806,11306,24112
705,"Slovenia",4,"Median","56",2067,12888,11446,24334
705,"Slovenia",4,"Median","57",2067,12888,11380,24267.5
705,"Slovenia",4,"Median","58",2067,12654,11351,24005.5
705,"Slovenia",4,"Median","59",2067,12133,10982,23114.5
705,"Slovenia",4,"Median","60",2067,11426,10160,21586.5
705,"Slovenia",4,"Median","61",2067,10815,9587,20402
705,"Slovenia",4,"Median","62",2067,10257,9244,19501.5
705,"Slovenia",4,"Median","63",2067,9772,8796,18569
705,"Slovenia",4,"Median","64",2067,9438,8401,17838.5
705,"Slovenia",4,"Median","65",2067,9310,8299,17609
705,"Slovenia",4,"Median","66",2067,9555,8494,18049.5
705,"Slovenia",4,"Median","67",2067,9724,8554,18278
705,"Slovenia",4,"Median","68",2067,9768,8392,18159.5
705,"Slovenia",4,"Median","69",2067,10084,8611,18695
705,"Slovenia",4,"Median","70",2067,10426,8840,19266
705,"Slovenia",4,"Median","71",2067,10490,8963,19453
705,"Slovenia",4,"Median","72",2067,10366,9124,19489.5
705,"Slovenia",4,"Median","73",2067,10386,9247,19633.5
705,"Slovenia",4,"Median","74",2067,10372,9276,19649
705,"Slovenia",4,"Median","75",2067,10598,9606,20203
705,"Slovenia",4,"Median","76",2067,10744,10044,20788
705,"Slovenia",4,"Median","77",2067,10758,10258,21016
705,"Slovenia",4,"Median","78",2067,11128,10726,21854.5
705,"Slovenia",4,"Median","79",2067,11242,11110,22351.5
705,"Slovenia",4,"Median","80",2067,10785,10858,21643.5
705,"Slovenia",4,"Median","81",2067,10390,10658,21048.5
705,"Slovenia",4,"Median","82",2067,10118,10678,20796
705,"Slovenia",4,"Median","83",2067,9766,10510,20276.5
705,"Slovenia",4,"Median","84",2067,9510,10326,19835
705,"Slovenia",4,"Median","85",2067,9231,10164,19395.5
705,"Slovenia",4,"Median","86",2067,8742,9992,18733
705,"Slovenia",4,"Median","87",2067,8184,9538,17722
705,"Slovenia",4,"Median","88",2067,7507,8812,16319
705,"Slovenia",4,"Median","89",2067,6651,8107,14758
705,"Slovenia",4,"Median","90",2067,5872,7529,13401.5
705,"Slovenia",4,"Median","91",2067,5078,6818,11896.5
705,"Slovenia",4,"Median","92",2067,4282,5860,10141.5
705,"Slovenia",4,"Median","93",2067,3600,5060,8660
705,"Slovenia",4,"Median","94",2067,2975,4368,7343.5
705,"Slovenia",4,"Median","95",2067,2398,3622,6020
705,"Slovenia",4,"Median","96",2067,1850,2924,4774.5
705,"Slovenia",4,"Median","97",2067,1432,2360,3792
705,"Slovenia",4,"Median","98",2067,1126,1896,3021
705,"Slovenia",4,"Median","99",2067,850,1516,2365.5
705,"Slovenia",4,"Median","100",2067,407,696,1103
705,"Slovenia",4,"Median","101",2067,328,582,910
705,"Slovenia",4,"Median","102",2067,264,486,750
705,"Slovenia",4,"Median","103",2067,213,405,618
705,"Slovenia",4,"Median","104",2067,171,338,509
705,"Slovenia",4,"Median","105",2067,138,283,421
705,"Slovenia",4,"Median","106",2067,111,236,347
705,"Slovenia",4,"Median","107",2067,90,197,287
705,"Slovenia",4,"Median","108",2067,72,165,237
705,"Slovenia",4,"Median","109",2067,58,137,195
705,"Slovenia",4,"Median","110",2067,47,115,162
705,"Slovenia",4,"Median","0",2068,7716,7254,14970
705,"Slovenia",4,"Median","1",2068,7727,7235,14962
705,"Slovenia",4,"Median","2",2068,7740,7218,14958
705,"Slovenia",4,"Median","3",2068,7752,7205,14957
705,"Slovenia",4,"Median","4",2068,7772,7200,14972
705,"Slovenia",4,"Median","5",2068,7800,7206,15005.5
705,"Slovenia",4,"Median","6",2068,7839,7224,15063
705,"Slovenia",4,"Median","7",2068,7893,7256,15149
705,"Slovenia",4,"Median","8",2068,7960,7302,15262
705,"Slovenia",4,"Median","9",2068,8040,7360,15400
705,"Slovenia",4,"Median","10",2068,8133,7434,15566.5
705,"Slovenia",4,"Median","11",2068,8244,7525,15768.5
705,"Slovenia",4,"Median","12",2068,8372,7633,16005
705,"Slovenia",4,"Median","13",2068,8512,7752,16264
705,"Slovenia",4,"Median","14",2068,8655,7876,16531
705,"Slovenia",4,"Median","15",2068,8808,8008,16816
705,"Slovenia",4,"Median","16",2068,8983,8159,17142
705,"Slovenia",4,"Median","17",2068,9200,8344,17543
705,"Slovenia",4,"Median","18",2068,9477,8579,18056
705,"Slovenia",4,"Median","19",2068,9812,8862,18674.5
705,"Slovenia",4,"Median","20",2068,10175,9166,19341.5
705,"Slovenia",4,"Median","21",2068,10530,9458,19988.5
705,"Slovenia",4,"Median","22",2068,10842,9704,20546
705,"Slovenia",4,"Median","23",2068,11071,9872,20943.5
705,"Slovenia",4,"Median","24",2068,11216,9960,21176.5
705,"Slovenia",4,"Median","25",2068,11286,9976,21262
705,"Slovenia",4,"Median","26",2068,11296,9936,21231.5
705,"Slovenia",4,"Median","27",2068,11260,9856,21117
705,"Slovenia",4,"Median","28",2068,11186,9742,20928
705,"Slovenia",4,"Median","29",2068,11078,9601,20679.5
705,"Slovenia",4,"Median","30",2068,10948,9440,20388
705,"Slovenia",4,"Median","31",2068,10810,9276,20085.5
705,"Slovenia",4,"Median","32",2068,10672,9112,19784
705,"Slovenia",4,"Median","33",2068,10536,8954,19490.5
705,"Slovenia",4,"Median","34",2068,10414,8812,19226.5
705,"Slovenia",4,"Median","35",2068,10316,8692,19007.5
705,"Slovenia",4,"Median","36",2068,10246,8600,18845
705,"Slovenia",4,"Median","37",2068,10210,8544,18754
705,"Slovenia",4,"Median","38",2068,10204,8516,18720
705,"Slovenia",4,"Median","39",2068,10234,8528,18761.5
705,"Slovenia",4,"Median","40",2068,10311,8584,18894.5
705,"Slovenia",4,"Median","41",2068,10424,8672,19096
705,"Slovenia",4,"Median","42",2068,10566,8792,19359
705,"Slovenia",4,"Median","43",2068,10736,8937,19672.5
705,"Slovenia",4,"Median","44",2068,10893,9093,19986
705,"Slovenia",4,"Median","45",2068,11017,9236,20252.5
705,"Slovenia",4,"Median","46",2068,11374,9593,20967
705,"Slovenia",4,"Median","47",2068,11544,9804,21349
705,"Slovenia",4,"Median","48",2068,11575,9894,21469.5
705,"Slovenia",4,"Median","49",2068,11826,10113,21939
705,"Slovenia",4,"Median","50",2068,12080,10312,22391.5
705,"Slovenia",4,"Median","51",2068,12152,10578,22730
705,"Slovenia",4,"Median","52",2068,12140,10664,22804
705,"Slovenia",4,"Median","53",2068,12330,10742,23073
705,"Slovenia",4,"Median","54",2068,12362,10882,23244
705,"Slovenia",4,"Median","55",2068,12558,11085,23643.5
705,"Slovenia",4,"Median","56",2068,12772,11289,24061
705,"Slovenia",4,"Median","57",2068,12850,11426,24276
705,"Slovenia",4,"Median","58",2068,12846,11358,24203.5
705,"Slovenia",4,"Median","59",2068,12608,11328,23935.5
705,"Slovenia",4,"Median","60",2068,12083,10957,23040
705,"Slovenia",4,"Median","61",2068,11374,10135,21509
705,"Slovenia",4,"Median","62",2068,10760,9560,20320.5
705,"Slovenia",4,"Median","63",2068,10200,9217,19417.5
705,"Slovenia",4,"Median","64",2068,9716,8770,18486
705,"Slovenia",4,"Median","65",2068,9382,8375,17756.5
705,"Slovenia",4,"Median","66",2068,9251,8271,17522
705,"Slovenia",4,"Median","67",2068,9489,8464,17953.5
705,"Slovenia",4,"Median","68",2068,9652,8523,18175
705,"Slovenia",4,"Median","69",2068,9692,8360,18052.5
705,"Slovenia",4,"Median","70",2068,10001,8576,18576.5
705,"Slovenia",4,"Median","71",2068,10336,8800,19135.5
705,"Slovenia",4,"Median","72",2068,10392,8920,19311.5
705,"Slovenia",4,"Median","73",2068,10258,9076,19334
705,"Slovenia",4,"Median","74",2068,10262,9189,19451
705,"Slovenia",4,"Median","75",2068,10219,9200,19418.5
705,"Slovenia",4,"Median","76",2068,10398,9502,19899
705,"Slovenia",4,"Median","77",2068,10504,9911,20415
705,"Slovenia",4,"Median","78",2068,10488,10104,20592
705,"Slovenia",4,"Median","79",2068,10818,10542,21360.5
705,"Slovenia",4,"Median","80",2068,10888,10891,21779
705,"Slovenia",4,"Median","81",2068,10402,10612,21013
705,"Slovenia",4,"Median","82",2068,9976,10380,20356.5
705,"Slovenia",4,"Median","83",2068,9664,10359,20023.5
705,"Slovenia",4,"Median","84",2068,9276,10149,19424.5
705,"Slovenia",4,"Median","85",2068,8972,9918,18891
705,"Slovenia",4,"Median","86",2068,8648,9706,18353
705,"Slovenia",4,"Median","87",2068,8124,9476,17599.5
705,"Slovenia",4,"Median","88",2068,7537,8976,16513
705,"Slovenia",4,"Median","89",2068,6844,8220,15064
705,"Slovenia",4,"Median","90",2068,5998,7486,13484
705,"Slovenia",4,"Median","91",2068,5230,6874,12104.5
705,"Slovenia",4,"Median","92",2068,4462,6146,10608.5
705,"Slovenia",4,"Median","93",2068,3706,5207,8913.5
705,"Slovenia",4,"Median","94",2068,3066,4426,7491.5
705,"Slovenia",4,"Median","95",2068,2489,3753,6242
705,"Slovenia",4,"Median","96",2068,1968,3052,5019.5
705,"Slovenia",4,"Median","97",2068,1487,2412,3898.5
705,"Slovenia",4,"Median","98",2068,1125,1901,3026
705,"Slovenia",4,"Median","99",2068,863,1488,2351.5
705,"Slovenia",4,"Median","100",2068,419,713,1132
705,"Slovenia",4,"Median","101",2068,337,594,931
705,"Slovenia",4,"Median","102",2068,271,496,767
705,"Slovenia",4,"Median","103",2068,218,413,631
705,"Slovenia",4,"Median","104",2068,176,345,521
705,"Slovenia",4,"Median","105",2068,142,287,429
705,"Slovenia",4,"Median","106",2068,114,240,354
705,"Slovenia",4,"Median","107",2068,92,200,292
705,"Slovenia",4,"Median","108",2068,74,167,241
705,"Slovenia",4,"Median","109",2068,59,139,198
705,"Slovenia",4,"Median","110",2068,48,116,164
705,"Slovenia",4,"Median","0",2069,7748,7284,15032.5
705,"Slovenia",4,"Median","1",2069,7752,7258,15010.5
705,"Slovenia",4,"Median","2",2069,7760,7239,14999.5
705,"Slovenia",4,"Median","3",2069,7770,7223,14992.5
705,"Slovenia",4,"Median","4",2069,7780,7209,14988.5
705,"Slovenia",4,"Median","5",2069,7797,7204,15001
705,"Slovenia",4,"Median","6",2069,7823,7210,15032.5
705,"Slovenia",4,"Median","7",2069,7860,7226,15087
705,"Slovenia",4,"Median","8",2069,7912,7258,15171
705,"Slovenia",4,"Median","9",2069,7978,7305,15283.5
705,"Slovenia",4,"Median","10",2069,8056,7362,15418.5
705,"Slovenia",4,"Median","11",2069,8148,7436,15584.5
705,"Slovenia",4,"Median","12",2069,8258,7526,15784.5
705,"Slovenia",4,"Median","13",2069,8386,7635,16020.5
705,"Slovenia",4,"Median","14",2069,8524,7754,16279
705,"Slovenia",4,"Median","15",2069,8674,7883,16556.5
705,"Slovenia",4,"Median","16",2069,8848,8033,16880.5
705,"Slovenia",4,"Median","17",2069,9067,8221,17288
705,"Slovenia",4,"Median","18",2069,9343,8455,17798
705,"Slovenia",4,"Median","19",2069,9678,8738,18417
705,"Slovenia",4,"Median","20",2069,10054,9054,19109
705,"Slovenia",4,"Median","21",2069,10426,9364,19790
705,"Slovenia",4,"Median","22",2069,10756,9628,20383.5
705,"Slovenia",4,"Median","23",2069,11016,9823,20838.5
705,"Slovenia",4,"Median","24",2069,11186,9934,21119.5
705,"Slovenia",4,"Median","25",2069,11278,9972,21250
705,"Slovenia",4,"Median","26",2069,11308,9951,21258.5
705,"Slovenia",4,"Median","27",2069,11290,9888,21177
705,"Slovenia",4,"Median","28",2069,11236,9794,21031
705,"Slovenia",4,"Median","29",2069,11153,9675,20828
705,"Slovenia",4,"Median","30",2069,11042,9532,20574.5
705,"Slovenia",4,"Median","31",2069,10910,9374,20284
705,"Slovenia",4,"Median","32",2069,10774,9214,19987
705,"Slovenia",4,"Median","33",2069,10637,9055,19692
705,"Slovenia",4,"Median","34",2069,10504,8902,19406.5
705,"Slovenia",4,"Median","35",2069,10386,8764,19149.5
705,"Slovenia",4,"Median","36",2069,10290,8648,18938
705,"Slovenia",4,"Median","37",2069,10222,8560,18781.5
705,"Slovenia",4,"Median","38",2069,10189,8508,18697
705,"Slovenia",4,"Median","39",2069,10183,8484,18667.5
705,"Slovenia",4,"Median","40",2069,10216,8499,18715.5
705,"Slovenia",4,"Median","41",2069,10295,8557,18852
705,"Slovenia",4,"Median","42",2069,10408,8650,19058
705,"Slovenia",4,"Median","43",2069,10552,8770,19323
705,"Slovenia",4,"Median","44",2069,10722,8917,19638.5
705,"Slovenia",4,"Median","45",2069,10880,9074,19954
705,"Slovenia",4,"Median","46",2069,11004,9218,20221.5
705,"Slovenia",4,"Median","47",2069,11361,9576,20937.5
705,"Slovenia",4,"Median","48",2069,11532,9789,21320.5
705,"Slovenia",4,"Median","49",2069,11560,9880,21440.5
705,"Slovenia",4,"Median","50",2069,11809,10098,21907
705,"Slovenia",4,"Median","51",2069,12059,10296,22354.5
705,"Slovenia",4,"Median","52",2069,12129,10562,22691
705,"Slovenia",4,"Median","53",2069,12117,10647,22764
705,"Slovenia",4,"Median","54",2069,12306,10726,23032
705,"Slovenia",4,"Median","55",2069,12334,10866,23199
705,"Slovenia",4,"Median","56",2069,12526,11068,23593
705,"Slovenia",4,"Median","57",2069,12734,11269,24003.5
705,"Slovenia",4,"Median","58",2069,12808,11404,24212
705,"Slovenia",4,"Median","59",2069,12798,11334,24132.5
705,"Slovenia",4,"Median","60",2069,12556,11302,23858.5
705,"Slovenia",4,"Median","61",2069,12028,10930,22958.5
705,"Slovenia",4,"Median","62",2069,11316,10106,21423
705,"Slovenia",4,"Median","63",2069,10701,9532,20232.5
705,"Slovenia",4,"Median","64",2069,10142,9189,19331
705,"Slovenia",4,"Median","65",2069,9659,8743,18402
705,"Slovenia",4,"Median","66",2069,9322,8347,17669.5
705,"Slovenia",4,"Median","67",2069,9188,8242,17429.5
705,"Slovenia",4,"Median","68",2069,9420,8434,17853.5
705,"Slovenia",4,"Median","69",2069,9578,8490,18069
705,"Slovenia",4,"Median","70",2069,9614,8326,17940
705,"Slovenia",4,"Median","71",2069,9916,8538,18453
705,"Slovenia",4,"Median","72",2069,10240,8758,18998
705,"Slovenia",4,"Median","73",2069,10286,8874,19159
705,"Slovenia",4,"Median","74",2069,10136,9020,19156.5
705,"Slovenia",4,"Median","75",2069,10112,9114,19226.5
705,"Slovenia",4,"Median","76",2069,10029,9102,19130.5
705,"Slovenia",4,"Median","77",2069,10168,9378,19546.5
705,"Slovenia",4,"Median","78",2069,10244,9764,20008.5
705,"Slovenia",4,"Median","79",2069,10200,9934,20134.5
705,"Slovenia",4,"Median","80",2069,10482,10338,20820
705,"Slovenia",4,"Median","81",2069,10506,10647,21152.5
705,"Slovenia",4,"Median","82",2069,9992,10338,20330.5
705,"Slovenia",4,"Median","83",2069,9535,10074,19609.5
705,"Slovenia",4,"Median","84",2069,9184,10008,19192.5
705,"Slovenia",4,"Median","85",2069,8758,9754,18512.5
705,"Slovenia",4,"Median","86",2069,8412,9476,17888.5
705,"Slovenia",4,"Median","87",2069,8043,9212,17254.5
705,"Slovenia",4,"Median","88",2069,7488,8924,16411.5
705,"Slovenia",4,"Median","89",2069,6878,8380,15258
705,"Slovenia",4,"Median","90",2069,6178,7597,13775.5
705,"Slovenia",4,"Median","91",2069,5348,6842,12190
705,"Slovenia",4,"Median","92",2069,4602,6204,10805
705,"Slovenia",4,"Median","93",2069,3868,5468,9336.5
705,"Slovenia",4,"Median","94",2069,3161,4560,7721.5
705,"Slovenia",4,"Median","95",2069,2569,3807,6376
705,"Slovenia",4,"Median","96",2069,2045,3167,5212
705,"Slovenia",4,"Median","97",2069,1584,2521,4105
705,"Slovenia",4,"Median","98",2069,1170,1946,3116
705,"Slovenia",4,"Median","99",2069,864,1496,2359.5
705,"Slovenia",4,"Median","100",2069,429,715,1144
705,"Slovenia",4,"Median","101",2069,345,597,942
705,"Slovenia",4,"Median","102",2069,278,499,777
705,"Slovenia",4,"Median","103",2069,224,417,641
705,"Slovenia",4,"Median","104",2069,180,348,528
705,"Slovenia",4,"Median","105",2069,145,290,435
705,"Slovenia",4,"Median","106",2069,117,242,359
705,"Slovenia",4,"Median","107",2069,94,202,296
705,"Slovenia",4,"Median","108",2069,76,169,245
705,"Slovenia",4,"Median","109",2069,61,141,202
705,"Slovenia",4,"Median","110",2069,49,118,167
705,"Slovenia",4,"Median","0",2070,7782,7316,15097.5
705,"Slovenia",4,"Median","1",2070,7786,7290,15075.5
705,"Slovenia",4,"Median","2",2070,7786,7264,15051
705,"Slovenia",4,"Median","3",2070,7792,7244,15036
705,"Slovenia",4,"Median","4",2070,7798,7228,15026.5
705,"Slovenia",4,"Median","5",2070,7806,7214,15020
705,"Slovenia",4,"Median","6",2070,7822,7208,15030
705,"Slovenia",4,"Median","7",2070,7846,7213,15058.5
705,"Slovenia",4,"Median","8",2070,7881,7230,15111
705,"Slovenia",4,"Median","9",2070,7932,7262,15193.5
705,"Slovenia",4,"Median","10",2070,7996,7308,15303.5
705,"Slovenia",4,"Median","11",2070,8072,7366,15438
705,"Slovenia",4,"Median","12",2070,8164,7438,15602
705,"Slovenia",4,"Median","13",2070,8272,7529,15801
705,"Slovenia",4,"Median","14",2070,8399,7638,16036.5
705,"Slovenia",4,"Median","15",2070,8544,7762,16306
705,"Slovenia",4,"Median","16",2070,8714,7908,16622.5
705,"Slovenia",4,"Median","17",2070,8932,8096,17028.5
705,"Slovenia",4,"Median","18",2070,9211,8333,17544
705,"Slovenia",4,"Median","19",2070,9546,8615,18160.5
705,"Slovenia",4,"Median","20",2070,9922,8931,18852.5
705,"Slovenia",4,"Median","21",2070,10307,9252,19559
705,"Slovenia",4,"Median","22",2070,10654,9534,20187
705,"Slovenia",4,"Median","23",2070,10932,9747,20678.5
705,"Slovenia",4,"Median","24",2070,11132,9886,21019
705,"Slovenia",4,"Median","25",2070,11250,9948,21198.5
705,"Slovenia",4,"Median","26",2070,11302,9950,21252
705,"Slovenia",4,"Median","27",2070,11304,9905,21209
705,"Slovenia",4,"Median","28",2070,11268,9828,21096.5
705,"Slovenia",4,"Median","29",2070,11207,9730,20936.5
705,"Slovenia",4,"Median","30",2070,11119,9609,20728
705,"Slovenia",4,"Median","31",2070,11006,9468,20475
705,"Slovenia",4,"Median","32",2070,10876,9314,20190
705,"Slovenia",4,"Median","33",2070,10741,9158,19898.5
705,"Slovenia",4,"Median","34",2070,10608,9004,19611
705,"Slovenia",4,"Median","35",2070,10477,8855,19332
705,"Slovenia",4,"Median","36",2070,10362,8722,19083
705,"Slovenia",4,"Median","37",2070,10268,8610,18877.5
705,"Slovenia",4,"Median","38",2070,10201,8526,18726.5
705,"Slovenia",4,"Median","39",2070,10170,8478,18647
705,"Slovenia",4,"Median","40",2070,10166,8456,18622.5
705,"Slovenia",4,"Median","41",2070,10201,8474,18674.5
705,"Slovenia",4,"Median","42",2070,10282,8535,18816.5
705,"Slovenia",4,"Median","43",2070,10396,8628,19024
705,"Slovenia",4,"Median","44",2070,10540,8752,19291
705,"Slovenia",4,"Median","45",2070,10710,8899,19608.5
705,"Slovenia",4,"Median","46",2070,10868,9057,19925
705,"Slovenia",4,"Median","47",2070,10992,9202,20194
705,"Slovenia",4,"Median","48",2070,11349,9562,20911
705,"Slovenia",4,"Median","49",2070,11518,9775,21293
705,"Slovenia",4,"Median","50",2070,11544,9866,21410
705,"Slovenia",4,"Median","51",2070,11789,10082,21871.5
705,"Slovenia",4,"Median","52",2070,12038,10280,22317.5
705,"Slovenia",4,"Median","53",2070,12106,10546,22653
705,"Slovenia",4,"Median","54",2070,12092,10632,22724
705,"Slovenia",4,"Median","55",2070,12278,10711,22989
705,"Slovenia",4,"Median","56",2070,12302,10848,23150.5
705,"Slovenia",4,"Median","57",2070,12490,11048,23538.5
705,"Slovenia",4,"Median","58",2070,12694,11248,23941.5
705,"Slovenia",4,"Median","59",2070,12761,11382,24142.5
705,"Slovenia",4,"Median","60",2070,12747,11310,24057
705,"Slovenia",4,"Median","61",2070,12500,11274,23775
705,"Slovenia",4,"Median","62",2070,11968,10900,22868.5
705,"Slovenia",4,"Median","63",2070,11256,10077,21332.5
705,"Slovenia",4,"Median","64",2070,10641,9504,20145
705,"Slovenia",4,"Median","65",2070,10084,9162,19245
705,"Slovenia",4,"Median","66",2070,9599,8714,18313.5
705,"Slovenia",4,"Median","67",2070,9260,8318,17577.5
705,"Slovenia",4,"Median","68",2070,9122,8212,17334.5
705,"Slovenia",4,"Median","69",2070,9350,8402,17752
705,"Slovenia",4,"Median","70",2070,9503,8457,17960
705,"Slovenia",4,"Median","71",2070,9534,8290,17823.5
705,"Slovenia",4,"Median","72",2070,9826,8498,18323.5
705,"Slovenia",4,"Median","73",2070,10137,8714,18851
705,"Slovenia",4,"Median","74",2070,10166,8820,18986
705,"Slovenia",4,"Median","75",2070,9992,8948,18939.5
705,"Slovenia",4,"Median","76",2070,9927,9018,18945.5
705,"Slovenia",4,"Median","77",2070,9812,8986,18797.5
705,"Slovenia",4,"Median","78",2070,9920,9242,19162.5
705,"Slovenia",4,"Median","79",2070,9967,9603,19570
705,"Slovenia",4,"Median","80",2070,9888,9744,19631.5
705,"Slovenia",4,"Median","81",2070,10118,10110,20228
705,"Slovenia",4,"Median","82",2070,10097,10377,20474
705,"Slovenia",4,"Median","83",2070,9556,10038,19594.5
705,"Slovenia",4,"Median","84",2070,9066,9738,18804.5
705,"Slovenia",4,"Median","85",2070,8678,9624,18303
705,"Slovenia",4,"Median","86",2070,8217,9326,17543
705,"Slovenia",4,"Median","87",2070,7830,9000,16830
705,"Slovenia",4,"Median","88",2070,7420,8681,16101
705,"Slovenia",4,"Median","89",2070,6840,8338,15178
705,"Slovenia",4,"Median","90",2070,6215,7752,13967.5
705,"Slovenia",4,"Median","91",2070,5515,6951,12466
705,"Slovenia",4,"Median","92",2070,4710,6182,10892.5
705,"Slovenia",4,"Median","93",2070,3994,5526,9519.5
705,"Slovenia",4,"Median","94",2070,3304,4795,8098.5
705,"Slovenia",4,"Median","95",2070,2652,3929,6581
705,"Slovenia",4,"Median","96",2070,2114,3218,5331.5
705,"Slovenia",4,"Median","97",2070,1649,2620,4269
705,"Slovenia",4,"Median","98",2070,1248,2037,3285.5
705,"Slovenia",4,"Median","99",2070,901,1533,2434
705,"Slovenia",4,"Median","100",2070,432,715,1147
705,"Slovenia",4,"Median","101",2070,349,598,947
705,"Slovenia",4,"Median","102",2070,282,501,783
705,"Slovenia",4,"Median","103",2070,228,419,647
705,"Slovenia",4,"Median","104",2070,184,351,535
705,"Slovenia",4,"Median","105",2070,149,294,443
705,"Slovenia",4,"Median","106",2070,120,246,366
705,"Slovenia",4,"Median","107",2070,97,206,303
705,"Slovenia",4,"Median","108",2070,78,173,251
705,"Slovenia",4,"Median","109",2070,63,145,208
705,"Slovenia",4,"Median","110",2070,51,121,172
705,"Slovenia",4,"Median","0",2071,7816,7348,15163.5
705,"Slovenia",4,"Median","1",2071,7821,7324,15144.5
705,"Slovenia",4,"Median","2",2071,7822,7298,15120
705,"Slovenia",4,"Median","3",2071,7820,7272,15091
705,"Slovenia",4,"Median","4",2071,7822,7251,15073
705,"Slovenia",4,"Median","5",2071,7827,7234,15061
705,"Slovenia",4,"Median","6",2071,7832,7220,15051.5
705,"Slovenia",4,"Median","7",2071,7845,7214,15058.5
705,"Slovenia",4,"Median","8",2071,7868,7218,15085
705,"Slovenia",4,"Median","9",2071,7901,7234,15135
705,"Slovenia",4,"Median","10",2071,7950,7266,15216
705,"Slovenia",4,"Median","11",2071,8013,7312,15324.5
705,"Slovenia",4,"Median","12",2071,8088,7369,15457
705,"Slovenia",4,"Median","13",2071,8178,7442,15620
705,"Slovenia",4,"Median","14",2071,8286,7532,15818.5
705,"Slovenia",4,"Median","15",2071,8419,7646,16065
705,"Slovenia",4,"Median","16",2071,8585,7788,16373.5
705,"Slovenia",4,"Median","17",2071,8800,7972,16771.5
705,"Slovenia",4,"Median","18",2071,9078,8208,17286
705,"Slovenia",4,"Median","19",2071,9414,8494,17908
705,"Slovenia",4,"Median","20",2071,9790,8808,18598
705,"Slovenia",4,"Median","21",2071,10176,9130,19305
705,"Slovenia",4,"Median","22",2071,10536,9424,19959
705,"Slovenia",4,"Median","23",2071,10832,9656,20487
705,"Slovenia",4,"Median","24",2071,11052,9814,20865.5
705,"Slovenia",4,"Median","25",2071,11200,9904,21105
705,"Slovenia",4,"Median","26",2071,11278,9929,21207.5
705,"Slovenia",4,"Median","27",2071,11302,9907,21209.5
705,"Slovenia",4,"Median","28",2071,11287,9849,21136
705,"Slovenia",4,"Median","29",2071,11242,9766,21008
705,"Slovenia",4,"Median","30",2071,11176,9667,20842.5
705,"Slovenia",4,"Median","31",2071,11086,9548,20634
705,"Slovenia",4,"Median","32",2071,10974,9411,20385.5
705,"Slovenia",4,"Median","33",2071,10846,9260,20106
705,"Slovenia",4,"Median","34",2071,10714,9108,19821.5
705,"Slovenia",4,"Median","35",2071,10582,8959,19541
705,"Slovenia",4,"Median","36",2071,10454,8815,19269.5
705,"Slovenia",4,"Median","37",2071,10340,8685,19025.5
705,"Slovenia",4,"Median","38",2071,10248,8577,18825.5
705,"Slovenia",4,"Median","39",2071,10183,8496,18679.5
705,"Slovenia",4,"Median","40",2071,10154,8450,18604.5
705,"Slovenia",4,"Median","41",2071,10152,8432,18585
705,"Slovenia",4,"Median","42",2071,10188,8452,18641
705,"Slovenia",4,"Median","43",2071,10270,8515,18784.5
705,"Slovenia",4,"Median","44",2071,10384,8610,18994
705,"Slovenia",4,"Median","45",2071,10528,8734,19263
705,"Slovenia",4,"Median","46",2071,10698,8883,19581.5
705,"Slovenia",4,"Median","47",2071,10857,9042,19899.5
705,"Slovenia",4,"Median","48",2071,10980,9188,20169
705,"Slovenia",4,"Median","49",2071,11336,9548,20884.5
705,"Slovenia",4,"Median","50",2071,11502,9761,21263.5
705,"Slovenia",4,"Median","51",2071,11526,9851,21377
705,"Slovenia",4,"Median","52",2071,11769,10068,21836.5
705,"Slovenia",4,"Median","53",2071,12016,10266,22281
705,"Slovenia",4,"Median","54",2071,12083,10532,22614.5
705,"Slovenia",4,"Median","55",2071,12067,10616,22683
705,"Slovenia",4,"Median","56",2071,12248,10694,22942
705,"Slovenia",4,"Median","57",2071,12268,10830,23098.5
705,"Slovenia",4,"Median","58",2071,12450,11028,23479
705,"Slovenia",4,"Median","59",2071,12649,11226,23875
705,"Slovenia",4,"Median","60",2071,12711,11358,24068.5
705,"Slovenia",4,"Median","61",2071,12691,11283,23974
705,"Slovenia",4,"Median","62",2071,12439,11245,23684
705,"Slovenia",4,"Median","63",2071,11905,10870,22774.5
705,"Slovenia",4,"Median","64",2071,11193,10049,21242
705,"Slovenia",4,"Median","65",2071,10580,9476,20056.5
705,"Slovenia",4,"Median","66",2071,10022,9132,19154.5
705,"Slovenia",4,"Median","67",2071,9536,8685,18221
705,"Slovenia",4,"Median","68",2071,9196,8289,17484.5
705,"Slovenia",4,"Median","69",2071,9056,8183,17239
705,"Slovenia",4,"Median","70",2071,9278,8370,17647.5
705,"Slovenia",4,"Median","71",2071,9425,8422,17846.5
705,"Slovenia",4,"Median","72",2071,9449,8252,17701.5
705,"Slovenia",4,"Median","73",2071,9729,8456,18185.5
705,"Slovenia",4,"Median","74",2071,10022,8662,18684
705,"Slovenia",4,"Median","75",2071,10023,8752,18774.5
705,"Slovenia",4,"Median","76",2071,9811,8856,18667
705,"Slovenia",4,"Median","77",2071,9714,8906,18620.5
705,"Slovenia",4,"Median","78",2071,9576,8858,18433
705,"Slovenia",4,"Median","79",2071,9654,9092,18746
705,"Slovenia",4,"Median","80",2071,9666,9422,19088
705,"Slovenia",4,"Median","81",2071,9549,9532,19081
705,"Slovenia",4,"Median","82",2071,9730,9857,19587
705,"Slovenia",4,"Median","83",2071,9662,10080,19742
705,"Slovenia",4,"Median","84",2071,9092,9708,18800
705,"Slovenia",4,"Median","85",2071,8572,9370,17942.5
705,"Slovenia",4,"Median","86",2071,8148,9207,17354.5
705,"Slovenia",4,"Median","87",2071,7654,8863,16517
705,"Slovenia",4,"Median","88",2071,7230,8488,15718
705,"Slovenia",4,"Median","89",2071,6784,8118,14902
705,"Slovenia",4,"Median","90",2071,6186,7721,13907.5
705,"Slovenia",4,"Median","91",2071,5554,7100,12653.5
705,"Slovenia",4,"Median","92",2071,4863,6287,11150
705,"Slovenia",4,"Median","93",2071,4092,5514,9606
705,"Slovenia",4,"Median","94",2071,3414,4852,8266
705,"Slovenia",4,"Median","95",2071,2775,4138,6912.5
705,"Slovenia",4,"Median","96",2071,2186,3326,5511
705,"Slovenia",4,"Median","97",2071,1706,2666,4372.5
705,"Slovenia",4,"Median","98",2071,1302,2120,3422
705,"Slovenia",4,"Median","99",2071,962,1608,2570.5
705,"Slovenia",4,"Median","100",2071,436,714,1150
705,"Slovenia",4,"Median","101",2071,354,601,955
705,"Slovenia",4,"Median","102",2071,288,505,793
705,"Slovenia",4,"Median","103",2071,234,425,659
705,"Slovenia",4,"Median","104",2071,190,358,548
705,"Slovenia",4,"Median","105",2071,154,301,455
705,"Slovenia",4,"Median","106",2071,125,253,378
705,"Slovenia",4,"Median","107",2071,102,213,315
705,"Slovenia",4,"Median","108",2071,83,179,262
705,"Slovenia",4,"Median","109",2071,67,151,218
705,"Slovenia",4,"Median","110",2071,55,127,182
705,"Slovenia",4,"Median","0",2072,7846,7377,15223.5
705,"Slovenia",4,"Median","1",2072,7856,7356,15211
705,"Slovenia",4,"Median","2",2072,7858,7332,15189.5
705,"Slovenia",4,"Median","3",2072,7855,7306,15160.5
705,"Slovenia",4,"Median","4",2072,7850,7278,15128
705,"Slovenia",4,"Median","5",2072,7850,7258,15108
705,"Slovenia",4,"Median","6",2072,7852,7240,15092.5
705,"Slovenia",4,"Median","7",2072,7856,7225,15080.5
705,"Slovenia",4,"Median","8",2072,7867,7218,15085
705,"Slovenia",4,"Median","9",2072,7888,7222,15109.5
705,"Slovenia",4,"Median","10",2072,7920,7238,15158
705,"Slovenia",4,"Median","11",2072,7967,7270,15236.5
705,"Slovenia",4,"Median","12",2072,8028,7315,15343.5
705,"Slovenia",4,"Median","13",2072,8103,7372,15475.5
705,"Slovenia",4,"Median","14",2072,8192,7446,15638
705,"Slovenia",4,"Median","15",2072,8306,7540,15846.5
705,"Slovenia",4,"Median","16",2072,8460,7672,16132.5
705,"Slovenia",4,"Median","17",2072,8670,7852,16521.5
705,"Slovenia",4,"Median","18",2072,8944,8084,17028.5
705,"Slovenia",4,"Median","19",2072,9280,8368,17648.5
705,"Slovenia",4,"Median","20",2072,9658,8686,18344
705,"Slovenia",4,"Median","21",2072,10042,9006,19049
705,"Slovenia",4,"Median","22",2072,10404,9300,19704
705,"Slovenia",4,"Median","23",2072,10714,9546,20259.5
705,"Slovenia",4,"Median","24",2072,10952,9722,20674.5
705,"Slovenia",4,"Median","25",2072,11120,9832,20952.5
705,"Slovenia",4,"Median","26",2072,11228,9886,21114.5
705,"Slovenia",4,"Median","27",2072,11279,9888,21166.5
705,"Slovenia",4,"Median","28",2072,11286,9852,21138
705,"Slovenia",4,"Median","29",2072,11261,9788,21049
705,"Slovenia",4,"Median","30",2072,11211,9704,20915.5
705,"Slovenia",4,"Median","31",2072,11144,9606,20750
705,"Slovenia",4,"Median","32",2072,11055,9491,20546
705,"Slovenia",4,"Median","33",2072,10946,9358,20303.5
705,"Slovenia",4,"Median","34",2072,10818,9212,20030
705,"Slovenia",4,"Median","35",2072,10689,9064,19753.5
705,"Slovenia",4,"Median","36",2072,10560,8919,19479
705,"Slovenia",4,"Median","37",2072,10434,8778,19212.5
705,"Slovenia",4,"Median","38",2072,10322,8652,18974.5
705,"Slovenia",4,"Median","39",2072,10231,8548,18779
705,"Slovenia",4,"Median","40",2072,10168,8470,18638
705,"Slovenia",4,"Median","41",2072,10140,8427,18567.5
705,"Slovenia",4,"Median","42",2072,10140,8412,18551
705,"Slovenia",4,"Median","43",2072,10177,8433,18610
705,"Slovenia",4,"Median","44",2072,10258,8498,18755.5
705,"Slovenia",4,"Median","45",2072,10373,8594,18966.5
705,"Slovenia",4,"Median","46",2072,10518,8719,19237
705,"Slovenia",4,"Median","47",2072,10688,8869,19557
705,"Slovenia",4,"Median","48",2072,10846,9029,19875
705,"Slovenia",4,"Median","49",2072,10968,9176,20144
705,"Slovenia",4,"Median","50",2072,11321,9535,20856
705,"Slovenia",4,"Median","51",2072,11485,9747,21232
705,"Slovenia",4,"Median","52",2072,11506,9836,21343
705,"Slovenia",4,"Median","53",2072,11748,10054,21801.5
705,"Slovenia",4,"Median","54",2072,11993,10251,22244
705,"Slovenia",4,"Median","55",2072,12058,10516,22574
705,"Slovenia",4,"Median","56",2072,12038,10600,22638
705,"Slovenia",4,"Median","57",2072,12214,10677,22891
705,"Slovenia",4,"Median","58",2072,12230,10811,23041
705,"Slovenia",4,"Median","59",2072,12408,11007,23414.5
705,"Slovenia",4,"Median","60",2072,12600,11202,23802.5
705,"Slovenia",4,"Median","61",2072,12656,11331,23987
705,"Slovenia",4,"Median","62",2072,12630,11254,23884
705,"Slovenia",4,"Median","63",2072,12374,11214,23588
705,"Slovenia",4,"Median","64",2072,11840,10840,22679
705,"Slovenia",4,"Median","65",2072,11130,10020,21150
705,"Slovenia",4,"Median","66",2072,10517,9446,19963.5
705,"Slovenia",4,"Median","67",2072,9957,9102,19059.5
705,"Slovenia",4,"Median","68",2072,9471,8656,18126.5
705,"Slovenia",4,"Median","69",2072,9130,8260,17390
705,"Slovenia",4,"Median","70",2072,8988,8152,17139.5
705,"Slovenia",4,"Median","71",2072,9203,8336,17538.5
705,"Slovenia",4,"Median","72",2072,9343,8384,17727.5
705,"Slovenia",4,"Median","73",2072,9358,8213,17571
705,"Slovenia",4,"Median","74",2072,9620,8408,18028
705,"Slovenia",4,"Median","75",2072,9883,8597,18480
705,"Slovenia",4,"Median","76",2072,9845,8663,18508
705,"Slovenia",4,"Median","77",2072,9604,8748,18351
705,"Slovenia",4,"Median","78",2072,9484,8780,18264.5
705,"Slovenia",4,"Median","79",2072,9322,8716,18037.5
705,"Slovenia",4,"Median","80",2072,9366,8924,18290
705,"Slovenia",4,"Median","81",2072,9338,9220,18559
705,"Slovenia",4,"Median","82",2072,9187,9298,18485
705,"Slovenia",4,"Median","83",2072,9315,9580,18894.5
705,"Slovenia",4,"Median","84",2072,9198,9753,18951
705,"Slovenia",4,"Median","85",2072,8602,9346,17948
705,"Slovenia",4,"Median","86",2072,8054,8969,17022.5
705,"Slovenia",4,"Median","87",2072,7596,8756,16351.5
705,"Slovenia",4,"Median","88",2072,7073,8366,15438.5
705,"Slovenia",4,"Median","89",2072,6616,7944,14560.5
705,"Slovenia",4,"Median","90",2072,6142,7524,13666
705,"Slovenia",4,"Median","91",2072,5534,7078,12611.5
705,"Slovenia",4,"Median","92",2072,4902,6429,11331
705,"Slovenia",4,"Median","93",2072,4230,5614,9844
705,"Slovenia",4,"Median","94",2072,3504,4846,8350
705,"Slovenia",4,"Median","95",2072,2872,4192,7064.5
705,"Slovenia",4,"Median","96",2072,2290,3507,5797
705,"Slovenia",4,"Median","97",2072,1767,2760,4527
705,"Slovenia",4,"Median","98",2072,1349,2162,3510.5
705,"Slovenia",4,"Median","99",2072,1005,1677,2682
705,"Slovenia",4,"Median","100",2072,446,719,1165
705,"Slovenia",4,"Median","101",2072,365,608,973
705,"Slovenia",4,"Median","102",2072,298,515,813
705,"Slovenia",4,"Median","103",2072,244,435,679
705,"Slovenia",4,"Median","104",2072,199,368,567
705,"Slovenia",4,"Median","105",2072,163,312,475
705,"Slovenia",4,"Median","106",2072,133,264,397
705,"Slovenia",4,"Median","107",2072,109,223,332
705,"Slovenia",4,"Median","108",2072,89,189,278
705,"Slovenia",4,"Median","109",2072,73,160,233
705,"Slovenia",4,"Median","110",2072,59,135,194
705,"Slovenia",4,"Median","0",2073,7866,7396,15261.5
705,"Slovenia",4,"Median","1",2073,7884,7383,15266.5
705,"Slovenia",4,"Median","2",2073,7890,7362,15251
705,"Slovenia",4,"Median","3",2073,7888,7338,15226
705,"Slovenia",4,"Median","4",2073,7884,7310,15194.5
705,"Slovenia",4,"Median","5",2073,7876,7283,15159.5
705,"Slovenia",4,"Median","6",2073,7874,7262,15136.5
705,"Slovenia",4,"Median","7",2073,7874,7244,15118.5
705,"Slovenia",4,"Median","8",2073,7876,7228,15104.5
705,"Slovenia",4,"Median","9",2073,7886,7222,15107.5
705,"Slovenia",4,"Median","10",2073,7905,7225,15130
705,"Slovenia",4,"Median","11",2073,7936,7241,15177
705,"Slovenia",4,"Median","12",2073,7982,7272,15254.5
705,"Slovenia",4,"Median","13",2073,8042,7318,15360
705,"Slovenia",4,"Median","14",2073,8116,7376,15492
705,"Slovenia",4,"Median","15",2073,8212,7452,15664
705,"Slovenia",4,"Median","16",2073,8346,7566,15912.5
705,"Slovenia",4,"Median","17",2073,8544,7734,16277.5
705,"Slovenia",4,"Median","18",2073,8812,7962,16774.5
705,"Slovenia",4,"Median","19",2073,9144,8242,17385.5
705,"Slovenia",4,"Median","20",2073,9520,8558,18078
705,"Slovenia",4,"Median","21",2073,9906,8881,18787.5
705,"Slovenia",4,"Median","22",2073,10266,9174,19440.5
705,"Slovenia",4,"Median","23",2073,10577,9420,19996.5
705,"Slovenia",4,"Median","24",2073,10830,9609,20439
705,"Slovenia",4,"Median","25",2073,11016,9738,20753.5
705,"Slovenia",4,"Median","26",2073,11144,9810,20954
705,"Slovenia",4,"Median","27",2073,11226,9841,21066.5
705,"Slovenia",4,"Median","28",2073,11258,9830,21088
705,"Slovenia",4,"Median","29",2073,11257,9788,21045
705,"Slovenia",4,"Median","30",2073,11227,9724,20950.5
705,"Slovenia",4,"Median","31",2073,11176,9642,20818
705,"Slovenia",4,"Median","32",2073,11110,9548,20657.5
705,"Slovenia",4,"Median","33",2073,11024,9436,20459.5
705,"Slovenia",4,"Median","34",2073,10916,9308,20223.5
705,"Slovenia",4,"Median","35",2073,10792,9166,19958
705,"Slovenia",4,"Median","36",2073,10665,9022,19687.5
705,"Slovenia",4,"Median","37",2073,10538,8882,19419.5
705,"Slovenia",4,"Median","38",2073,10414,8744,19158.5
705,"Slovenia",4,"Median","39",2073,10303,8622,18925
705,"Slovenia",4,"Median","40",2073,10214,8520,18735
705,"Slovenia",4,"Median","41",2073,10153,8446,18598.5
705,"Slovenia",4,"Median","42",2073,10127,8405,18532
705,"Slovenia",4,"Median","43",2073,10128,8392,18519
705,"Slovenia",4,"Median","44",2073,10165,8414,18579.5
705,"Slovenia",4,"Median","45",2073,10246,8480,18726
705,"Slovenia",4,"Median","46",2073,10362,8578,18939.5
705,"Slovenia",4,"Median","47",2073,10507,8704,19211
705,"Slovenia",4,"Median","48",2073,10677,8854,19531.5
705,"Slovenia",4,"Median","49",2073,10834,9016,19849.5
705,"Slovenia",4,"Median","50",2073,10954,9162,20115.5
705,"Slovenia",4,"Median","51",2073,11304,9520,20824
705,"Slovenia",4,"Median","52",2073,11465,9732,21197.5
705,"Slovenia",4,"Median","53",2073,11486,9822,21308
705,"Slovenia",4,"Median","54",2073,11726,10040,21765
705,"Slovenia",4,"Median","55",2073,11968,10236,22204
705,"Slovenia",4,"Median","56",2073,12028,10501,22529
705,"Slovenia",4,"Median","57",2073,12004,10583,22587.5
705,"Slovenia",4,"Median","58",2073,12176,10658,22834
705,"Slovenia",4,"Median","59",2073,12188,10790,22978
705,"Slovenia",4,"Median","60",2073,12360,10984,23344
705,"Slovenia",4,"Median","61",2073,12546,11176,23722.5
705,"Slovenia",4,"Median","62",2073,12596,11302,23898
705,"Slovenia",4,"Median","63",2073,12564,11223,23787.5
705,"Slovenia",4,"Median","64",2073,12306,11184,23490
705,"Slovenia",4,"Median","65",2073,11774,10809,22582.5
705,"Slovenia",4,"Median","66",2073,11064,9989,21053
705,"Slovenia",4,"Median","67",2073,10450,9416,19865.5
705,"Slovenia",4,"Median","68",2073,9890,9072,18961
705,"Slovenia",4,"Median","69",2073,9404,8626,18029.5
705,"Slovenia",4,"Median","70",2073,9062,8229,17290.5
705,"Slovenia",4,"Median","71",2073,8916,8119,17035.5
705,"Slovenia",4,"Median","72",2073,9124,8300,17423.5
705,"Slovenia",4,"Median","73",2073,9254,8345,17599.5
705,"Slovenia",4,"Median","74",2073,9256,8166,17422
705,"Slovenia",4,"Median","75",2073,9490,8345,17834.5
705,"Slovenia",4,"Median","76",2073,9710,8512,18221.5
705,"Slovenia",4,"Median","77",2073,9640,8558,18198
705,"Slovenia",4,"Median","78",2073,9379,8626,18005
705,"Slovenia",4,"Median","79",2073,9236,8642,17879
705,"Slovenia",4,"Median","80",2073,9048,8557,17604.5
705,"Slovenia",4,"Median","81",2073,9054,8736,17789
705,"Slovenia",4,"Median","82",2073,8989,8998,17987
705,"Slovenia",4,"Median","83",2073,8800,9040,17840
705,"Slovenia",4,"Median","84",2073,8874,9273,18146.5
705,"Slovenia",4,"Median","85",2073,8708,9395,18103
705,"Slovenia",4,"Median","86",2073,8087,8952,17039
705,"Slovenia",4,"Median","87",2073,7514,8536,16049.5
705,"Slovenia",4,"Median","88",2073,7025,8271,15296
705,"Slovenia",4,"Median","89",2073,6479,7836,14315
705,"Slovenia",4,"Median","90",2073,5996,7370,13366
705,"Slovenia",4,"Median","91",2073,5500,6905,12404.5
705,"Slovenia",4,"Median","92",2073,4890,6416,11307
705,"Slovenia",4,"Median","93",2073,4270,5748,10017.5
705,"Slovenia",4,"Median","94",2073,3626,4942,8567.5
705,"Slovenia",4,"Median","95",2073,2951,4194,7145.5
705,"Slovenia",4,"Median","96",2073,2374,3559,5932.5
705,"Slovenia",4,"Median","97",2073,1854,2916,4770
705,"Slovenia",4,"Median","98",2073,1399,2242,3641
705,"Slovenia",4,"Median","99",2073,1044,1712,2756
705,"Slovenia",4,"Median","100",2073,456,728,1184
705,"Slovenia",4,"Median","101",2073,375,620,995
705,"Slovenia",4,"Median","102",2073,309,527,836
705,"Slovenia",4,"Median","103",2073,254,449,703
705,"Slovenia",4,"Median","104",2073,209,382,591
705,"Slovenia",4,"Median","105",2073,172,325,497
705,"Slovenia",4,"Median","106",2073,142,277,419
705,"Slovenia",4,"Median","107",2073,117,236,353
705,"Slovenia",4,"Median","108",2073,96,201,297
705,"Slovenia",4,"Median","109",2073,79,171,250
705,"Slovenia",4,"Median","110",2073,65,146,211
705,"Slovenia",4,"Median","0",2074,7874,7402,15276
705,"Slovenia",4,"Median","1",2074,7902,7400,15302
705,"Slovenia",4,"Median","2",2074,7916,7388,15303.5
705,"Slovenia",4,"Median","3",2074,7919,7366,15285
705,"Slovenia",4,"Median","4",2074,7916,7342,15258
705,"Slovenia",4,"Median","5",2074,7909,7314,15223.5
705,"Slovenia",4,"Median","6",2074,7900,7286,15186
705,"Slovenia",4,"Median","7",2074,7896,7264,15160
705,"Slovenia",4,"Median","8",2074,7894,7247,15141.5
705,"Slovenia",4,"Median","9",2074,7894,7231,15125.5
705,"Slovenia",4,"Median","10",2074,7902,7224,15126.5
705,"Slovenia",4,"Median","11",2074,7920,7228,15148
705,"Slovenia",4,"Median","12",2074,7950,7244,15194
705,"Slovenia",4,"Median","13",2074,7996,7274,15269.5
705,"Slovenia",4,"Median","14",2074,8056,7320,15376
705,"Slovenia",4,"Median","15",2074,8135,7382,15517
705,"Slovenia",4,"Median","16",2074,8251,7478,15729
705,"Slovenia",4,"Median","17",2074,8428,7627,16055.5
705,"Slovenia",4,"Median","18",2074,8684,7844,16528
705,"Slovenia",4,"Median","19",2074,9010,8118,17127.5
705,"Slovenia",4,"Median","20",2074,9380,8430,17810
705,"Slovenia",4,"Median","21",2074,9766,8750,18516.5
705,"Slovenia",4,"Median","22",2074,10128,9046,19174.5
705,"Slovenia",4,"Median","23",2074,10438,9290,19728
705,"Slovenia",4,"Median","24",2074,10690,9480,20171
705,"Slovenia",4,"Median","25",2074,10891,9622,20512.5
705,"Slovenia",4,"Median","26",2074,11038,9714,20751
705,"Slovenia",4,"Median","27",2074,11138,9764,20902
705,"Slovenia",4,"Median","28",2074,11203,9781,20984
705,"Slovenia",4,"Median","29",2074,11228,9764,20991.5
705,"Slovenia",4,"Median","30",2074,11221,9722,20943
705,"Slovenia",4,"Median","31",2074,11191,9659,20850
705,"Slovenia",4,"Median","32",2074,11141,9581,20722
705,"Slovenia",4,"Median","33",2074,11077,9491,20568
705,"Slovenia",4,"Median","34",2074,10993,9384,20377.5
705,"Slovenia",4,"Median","35",2074,10888,9261,20149
705,"Slovenia",4,"Median","36",2074,10767,9124,19890.5
705,"Slovenia",4,"Median","37",2074,10642,8984,19626.5
705,"Slovenia",4,"Median","38",2074,10517,8846,19363.5
705,"Slovenia",4,"Median","39",2074,10394,8714,19107.5
705,"Slovenia",4,"Median","40",2074,10286,8594,18880
705,"Slovenia",4,"Median","41",2074,10199,8496,18694.5
705,"Slovenia",4,"Median","42",2074,10140,8423,18562.5
705,"Slovenia",4,"Median","43",2074,10114,8384,18498.5
705,"Slovenia",4,"Median","44",2074,10115,8372,18487.5
705,"Slovenia",4,"Median","45",2074,10153,8396,18549.5
705,"Slovenia",4,"Median","46",2074,10235,8463,18698
705,"Slovenia",4,"Median","47",2074,10350,8562,18913
705,"Slovenia",4,"Median","48",2074,10496,8690,19185
705,"Slovenia",4,"Median","49",2074,10664,8841,19505.5
705,"Slovenia",4,"Median","50",2074,10818,9002,19820.5
705,"Slovenia",4,"Median","51",2074,10936,9148,20083.5
705,"Slovenia",4,"Median","52",2074,11284,9506,20789.5
705,"Slovenia",4,"Median","53",2074,11444,9718,21162.5
705,"Slovenia",4,"Median","54",2074,11464,9808,21272
705,"Slovenia",4,"Median","55",2074,11701,10025,21726
705,"Slovenia",4,"Median","56",2074,11938,10221,22159.5
705,"Slovenia",4,"Median","57",2074,11996,10484,22479
705,"Slovenia",4,"Median","58",2074,11968,10564,22531.5
705,"Slovenia",4,"Median","59",2074,12135,10638,22772.5
705,"Slovenia",4,"Median","60",2074,12142,10768,22909.5
705,"Slovenia",4,"Median","61",2074,12308,10959,23266.5
705,"Slovenia",4,"Median","62",2074,12487,11148,23635
705,"Slovenia",4,"Median","63",2074,12531,11271,23802
705,"Slovenia",4,"Median","64",2074,12496,11193,23689.5
705,"Slovenia",4,"Median","65",2074,12238,11152,23390.5
705,"Slovenia",4,"Median","66",2074,11704,10776,22480.5
705,"Slovenia",4,"Median","67",2074,10994,9958,20951.5
705,"Slovenia",4,"Median","68",2074,10379,9384,19763.5
705,"Slovenia",4,"Median","69",2074,9820,9041,18861
705,"Slovenia",4,"Median","70",2074,9334,8594,17928.5
705,"Slovenia",4,"Median","71",2074,8991,8196,17187.5
705,"Slovenia",4,"Median","72",2074,8842,8084,16926
705,"Slovenia",4,"Median","73",2074,9040,8262,17301
705,"Slovenia",4,"Median","74",2074,9154,8298,17453
705,"Slovenia",4,"Median","75",2074,9132,8107,17238.5
705,"Slovenia",4,"Median","76",2074,9326,8264,17589
705,"Slovenia",4,"Median","77",2074,9510,8410,17920.5
705,"Slovenia",4,"Median","78",2074,9418,8442,17859.5
705,"Slovenia",4,"Median","79",2074,9138,8493,17630.5
705,"Slovenia",4,"Median","80",2074,8968,8488,17456
705,"Slovenia",4,"Median","81",2074,8750,8380,17129.5
705,"Slovenia",4,"Median","82",2074,8719,8528,17247
705,"Slovenia",4,"Median","83",2074,8615,8752,17367.5
705,"Slovenia",4,"Median","84",2074,8388,8756,17143.5
705,"Slovenia",4,"Median","85",2074,8406,8938,17344
705,"Slovenia",4,"Median","86",2074,8192,9004,17197
705,"Slovenia",4,"Median","87",2074,7551,8526,16076.5
705,"Slovenia",4,"Median","88",2074,6955,8070,15024.5
705,"Slovenia",4,"Median","89",2074,6440,7754,14195
705,"Slovenia",4,"Median","90",2074,5877,7277,13154
705,"Slovenia",4,"Median","91",2074,5374,6772,12145.5
705,"Slovenia",4,"Median","92",2074,4866,6267,11133
705,"Slovenia",4,"Median","93",2074,4265,5744,10009
705,"Slovenia",4,"Median","94",2074,3664,5067,8731.5
705,"Slovenia",4,"Median","95",2074,3058,4283,7341.5
705,"Slovenia",4,"Median","96",2074,2442,3566,6009
705,"Slovenia",4,"Median","97",2074,1925,2964,4888.5
705,"Slovenia",4,"Median","98",2074,1470,2372,3843
705,"Slovenia",4,"Median","99",2074,1084,1780,2863.5
705,"Slovenia",4,"Median","100",2074,464,733,1197
705,"Slovenia",4,"Median","101",2074,385,628,1013
705,"Slovenia",4,"Median","102",2074,319,539,858
705,"Slovenia",4,"Median","103",2074,265,462,727
705,"Slovenia",4,"Median","104",2074,220,396,616
705,"Slovenia",4,"Median","105",2074,182,340,522
705,"Slovenia",4,"Median","106",2074,151,291,442
705,"Slovenia",4,"Median","107",2074,126,250,376
705,"Slovenia",4,"Median","108",2074,104,214,318
705,"Slovenia",4,"Median","109",2074,87,184,271
705,"Slovenia",4,"Median","110",2074,72,158,230
705,"Slovenia",4,"Median","0",2075,7867,7396,15263.5
705,"Slovenia",4,"Median","1",2075,7912,7410,15321
705,"Slovenia",4,"Median","2",2075,7936,7407,15343.5
705,"Slovenia",4,"Median","3",2075,7948,7394,15341.5
705,"Slovenia",4,"Median","4",2075,7948,7372,15320.5
705,"Slovenia",4,"Median","5",2075,7943,7347,15290
705,"Slovenia",4,"Median","6",2075,7934,7319,15252.5
705,"Slovenia",4,"Median","7",2075,7922,7291,15213.5
705,"Slovenia",4,"Median","8",2075,7916,7269,15185.5
705,"Slovenia",4,"Median","9",2075,7914,7250,15164
705,"Slovenia",4,"Median","10",2075,7912,7234,15146.5
705,"Slovenia",4,"Median","11",2075,7919,7227,15146
705,"Slovenia",4,"Median","12",2075,7936,7230,15166.5
705,"Slovenia",4,"Median","13",2075,7964,7246,15210.5
705,"Slovenia",4,"Median","14",2075,8010,7278,15287
705,"Slovenia",4,"Median","15",2075,8075,7328,15402.5
705,"Slovenia",4,"Median","16",2075,8175,7408,15583
705,"Slovenia",4,"Median","17",2075,8334,7540,15874
705,"Slovenia",4,"Median","18",2075,8571,7738,16308.5
705,"Slovenia",4,"Median","19",2075,8883,8000,16883
705,"Slovenia",4,"Median","20",2075,9248,8307,17555.5
705,"Slovenia",4,"Median","21",2075,9630,8624,18253
705,"Slovenia",4,"Median","22",2075,9990,8918,18908.5
705,"Slovenia",4,"Median","23",2075,10302,9166,19467.5
705,"Slovenia",4,"Median","24",2075,10554,9355,19909
705,"Slovenia",4,"Median","25",2075,10756,9496,20252.5
705,"Slovenia",4,"Median","26",2075,10917,9602,20518.5
705,"Slovenia",4,"Median","27",2075,11036,9670,20706.5
705,"Slovenia",4,"Median","28",2075,11120,9708,20828
705,"Slovenia",4,"Median","29",2075,11176,9720,20895
705,"Slovenia",4,"Median","30",2075,11196,9701,20896.5
705,"Slovenia",4,"Median","31",2075,11188,9660,20849
705,"Slovenia",4,"Median","32",2075,11158,9602,20760
705,"Slovenia",4,"Median","33",2075,11111,9528,20638.5
705,"Slovenia",4,"Median","34",2075,11049,9442,20491.5
705,"Slovenia",4,"Median","35",2075,10967,9340,20307.5
705,"Slovenia",4,"Median","36",2075,10865,9220,20085.5
705,"Slovenia",4,"Median","37",2075,10746,9088,19834
705,"Slovenia",4,"Median","38",2075,10622,8952,19574
705,"Slovenia",4,"Median","39",2075,10498,8818,19316
705,"Slovenia",4,"Median","40",2075,10378,8687,19065.5
705,"Slovenia",4,"Median","41",2075,10272,8570,18842.5
705,"Slovenia",4,"Median","42",2075,10186,8474,18660.5
705,"Slovenia",4,"Median","43",2075,10128,8404,18531
705,"Slovenia",4,"Median","44",2075,10103,8366,18469.5
705,"Slovenia",4,"Median","45",2075,10104,8356,18460
705,"Slovenia",4,"Median","46",2075,10142,8381,18523.5
705,"Slovenia",4,"Median","47",2075,10225,8449,18674
705,"Slovenia",4,"Median","48",2075,10340,8549,18889
705,"Slovenia",4,"Median","49",2075,10484,8677,19161
705,"Slovenia",4,"Median","50",2075,10650,8828,19479
705,"Slovenia",4,"Median","51",2075,10802,8988,19790.5
705,"Slovenia",4,"Median","52",2075,10918,9134,20052
705,"Slovenia",4,"Median","53",2075,11264,9492,20757
705,"Slovenia",4,"Median","54",2075,11424,9704,21128
705,"Slovenia",4,"Median","55",2075,11440,9794,21235
705,"Slovenia",4,"Median","56",2075,11674,10010,21683.5
705,"Slovenia",4,"Median","57",2075,11907,10204,22111.5
705,"Slovenia",4,"Median","58",2075,11960,10465,22424.5
705,"Slovenia",4,"Median","59",2075,11928,10544,22472.5
705,"Slovenia",4,"Median","60",2075,12090,10616,22706
705,"Slovenia",4,"Median","61",2075,12092,10744,22835.5
705,"Slovenia",4,"Median","62",2075,12250,10932,23182.5
705,"Slovenia",4,"Median","63",2075,12424,11118,23542.5
705,"Slovenia",4,"Median","64",2075,12465,11242,23706.5
705,"Slovenia",4,"Median","65",2075,12429,11162,23591
705,"Slovenia",4,"Median","66",2075,12168,11119,23287
705,"Slovenia",4,"Median","67",2075,11632,10742,22374
705,"Slovenia",4,"Median","68",2075,10921,9925,20846
705,"Slovenia",4,"Median","69",2075,10308,9354,19662
705,"Slovenia",4,"Median","70",2075,9750,9009,18758.5
705,"Slovenia",4,"Median","71",2075,9264,8561,17824.5
705,"Slovenia",4,"Median","72",2075,8917,8163,17080
705,"Slovenia",4,"Median","73",2075,8762,8048,16810
705,"Slovenia",4,"Median","74",2075,8944,8216,17160
705,"Slovenia",4,"Median","75",2075,9034,8240,17274
705,"Slovenia",4,"Median","76",2075,8976,8030,17005.5
705,"Slovenia",4,"Median","77",2075,9136,8168,17304
705,"Slovenia",4,"Median","78",2075,9294,8298,17592.5
705,"Slovenia",4,"Median","79",2075,9178,8314,17492
705,"Slovenia",4,"Median","80",2075,8876,8344,17219.5
705,"Slovenia",4,"Median","81",2075,8676,8315,16991.5
705,"Slovenia",4,"Median","82",2075,8430,8184,16614.5
705,"Slovenia",4,"Median","83",2075,8360,8299,16659.5
705,"Slovenia",4,"Median","84",2075,8216,8481,16697.5
705,"Slovenia",4,"Median","85",2075,7950,8444,16394
705,"Slovenia",4,"Median","86",2075,7914,8572,16485.5
705,"Slovenia",4,"Median","87",2075,7655,8582,16236.5
705,"Slovenia",4,"Median","88",2075,6996,8066,15061.5
705,"Slovenia",4,"Median","89",2075,6382,7572,13954
705,"Slovenia",4,"Median","90",2075,5848,7208,13055.5
705,"Slovenia",4,"Median","91",2075,5274,6692,11966
705,"Slovenia",4,"Median","92",2075,4760,6152,10912.5
705,"Slovenia",4,"Median","93",2075,4248,5617,9865
705,"Slovenia",4,"Median","94",2075,3665,5070,8735
705,"Slovenia",4,"Median","95",2075,3095,4398,7492.5
705,"Slovenia",4,"Median","96",2075,2535,3647,6182
705,"Slovenia",4,"Median","97",2075,1984,2974,4958.5
705,"Slovenia",4,"Median","98",2075,1529,2416,3944.5
705,"Slovenia",4,"Median","99",2075,1141,1886,3027.5
705,"Slovenia",4,"Median","100",2075,472,742,1214
705,"Slovenia",4,"Median","101",2075,395,641,1036
705,"Slovenia",4,"Median","102",2075,330,553,883
705,"Slovenia",4,"Median","103",2075,276,477,753
705,"Slovenia",4,"Median","104",2075,231,412,643
705,"Slovenia",4,"Median","105",2075,193,356,549
705,"Slovenia",4,"Median","106",2075,162,307,469
705,"Slovenia",4,"Median","107",2075,135,265,400
705,"Slovenia",4,"Median","108",2075,113,229,342
705,"Slovenia",4,"Median","109",2075,95,197,292
705,"Slovenia",4,"Median","110",2075,79,170,249
705,"Slovenia",4,"Median","0",2076,7850,7380,15229.5
705,"Slovenia",4,"Median","1",2076,7906,7405,15311.5
705,"Slovenia",4,"Median","2",2076,7948,7418,15365.5
705,"Slovenia",4,"Median","3",2076,7969,7415,15384
705,"Slovenia",4,"Median","4",2076,7978,7401,15379
705,"Slovenia",4,"Median","5",2076,7976,7378,15354.5
705,"Slovenia",4,"Median","6",2076,7968,7352,15321
705,"Slovenia",4,"Median","7",2076,7958,7325,15282.5
705,"Slovenia",4,"Median","8",2076,7944,7296,15240
705,"Slovenia",4,"Median","9",2076,7936,7274,15210
705,"Slovenia",4,"Median","10",2076,7932,7255,15187
705,"Slovenia",4,"Median","11",2076,7929,7238,15167
705,"Slovenia",4,"Median","12",2076,7935,7230,15165.5
705,"Slovenia",4,"Median","13",2076,7950,7234,15184.5
705,"Slovenia",4,"Median","14",2076,7979,7250,15229
705,"Slovenia",4,"Median","15",2076,8029,7286,15315
705,"Slovenia",4,"Median","16",2076,8116,7354,15469.5
705,"Slovenia",4,"Median","17",2076,8260,7470,15730
705,"Slovenia",4,"Median","18",2076,8478,7650,16127.5
705,"Slovenia",4,"Median","19",2076,8770,7894,16664.5
705,"Slovenia",4,"Median","20",2076,9123,8190,17313
705,"Slovenia",4,"Median","21",2076,9498,8502,18000
705,"Slovenia",4,"Median","22",2076,9854,8793,18647.5
705,"Slovenia",4,"Median","23",2076,10166,9039,19204.5
705,"Slovenia",4,"Median","24",2076,10421,9232,19653
705,"Slovenia",4,"Median","25",2076,10622,9374,19996
705,"Slovenia",4,"Median","26",2076,10784,9479,20263.5
705,"Slovenia",4,"Median","27",2076,10918,9562,20479.5
705,"Slovenia",4,"Median","28",2076,11021,9617,20638
705,"Slovenia",4,"Median","29",2076,11096,9648,20743.5
705,"Slovenia",4,"Median","30",2076,11146,9658,20804.5
705,"Slovenia",4,"Median","31",2076,11165,9642,20807
705,"Slovenia",4,"Median","32",2076,11158,9605,20763
705,"Slovenia",4,"Median","33",2076,11130,9550,20680
705,"Slovenia",4,"Median","34",2076,11085,9480,20565.5
705,"Slovenia",4,"Median","35",2076,11024,9400,20424
705,"Slovenia",4,"Median","36",2076,10946,9301,20246.5
705,"Slovenia",4,"Median","37",2076,10846,9186,20031.5
705,"Slovenia",4,"Median","38",2076,10728,9056,19783
705,"Slovenia",4,"Median","39",2076,10606,8924,19529
705,"Slovenia",4,"Median","40",2076,10484,8792,19275.5
705,"Slovenia",4,"Median","41",2076,10366,8664,19030.5
705,"Slovenia",4,"Median","42",2076,10260,8550,18810
705,"Slovenia",4,"Median","43",2076,10176,8456,18631
705,"Slovenia",4,"Median","44",2076,10117,8386,18503
705,"Slovenia",4,"Median","45",2076,10093,8350,18443
705,"Slovenia",4,"Median","46",2076,10094,8341,18435.5
705,"Slovenia",4,"Median","47",2076,10133,8367,18500
705,"Slovenia",4,"Median","48",2076,10215,8436,18651.5
705,"Slovenia",4,"Median","49",2076,10329,8537,18866
705,"Slovenia",4,"Median","50",2076,10471,8665,19136
705,"Slovenia",4,"Median","51",2076,10635,8816,19451
705,"Slovenia",4,"Median","52",2076,10786,8976,19761.5
705,"Slovenia",4,"Median","53",2076,10900,9122,20021.5
705,"Slovenia",4,"Median","54",2076,11244,9480,20724.5
705,"Slovenia",4,"Median","55",2076,11400,9692,21092
705,"Slovenia",4,"Median","56",2076,11414,9780,21195
705,"Slovenia",4,"Median","57",2076,11644,9994,21638
705,"Slovenia",4,"Median","58",2076,11872,10188,22059.5
705,"Slovenia",4,"Median","59",2076,11921,10446,22367.5
705,"Slovenia",4,"Median","60",2076,11885,10524,22409
705,"Slovenia",4,"Median","61",2076,12041,10594,22634.5
705,"Slovenia",4,"Median","62",2076,12037,10718,22755
705,"Slovenia",4,"Median","63",2076,12190,10904,23094.5
705,"Slovenia",4,"Median","64",2076,12360,11090,23450
705,"Slovenia",4,"Median","65",2076,12399,11212,23610.5
705,"Slovenia",4,"Median","66",2076,12358,11130,23488.5
705,"Slovenia",4,"Median","67",2076,12094,11085,23178.5
705,"Slovenia",4,"Median","68",2076,11556,10709,22265
705,"Slovenia",4,"Median","69",2076,10848,9894,20741.5
705,"Slovenia",4,"Median","70",2076,10235,9322,19556.5
705,"Slovenia",4,"Median","71",2076,9676,8975,18651.5
705,"Slovenia",4,"Median","72",2076,9188,8527,17715.5
705,"Slovenia",4,"Median","73",2076,8838,8128,16965.5
705,"Slovenia",4,"Median","74",2076,8670,8006,16676.5
705,"Slovenia",4,"Median","75",2076,8828,8159,16987.5
705,"Slovenia",4,"Median","76",2076,8884,8162,17046
705,"Slovenia",4,"Median","77",2076,8797,7938,16734.5
705,"Slovenia",4,"Median","78",2076,8932,8060,16992
705,"Slovenia",4,"Median","79",2076,9062,8174,17236
705,"Slovenia",4,"Median","80",2076,8918,8170,17089
705,"Slovenia",4,"Median","81",2076,8590,8176,16767
705,"Slovenia",4,"Median","82",2076,8364,8124,16487.5
705,"Slovenia",4,"Median","83",2076,8088,7968,16055.5
705,"Slovenia",4,"Median","84",2076,7978,8046,16024
705,"Slovenia",4,"Median","85",2076,7793,8183,15976
705,"Slovenia",4,"Median","86",2076,7491,8102,15593
705,"Slovenia",4,"Median","87",2076,7400,8174,15574
705,"Slovenia",4,"Median","88",2076,7098,8124,15222.5
705,"Slovenia",4,"Median","89",2076,6426,7574,14000
705,"Slovenia",4,"Median","90",2076,5800,7044,12845
705,"Slovenia",4,"Median","91",2076,5253,6635,11888
705,"Slovenia",4,"Median","92",2076,4676,6087,10763.5
705,"Slovenia",4,"Median","93",2076,4160,5520,9680.5
705,"Slovenia",4,"Median","94",2076,3655,4964,8619
705,"Slovenia",4,"Median","95",2076,3100,4406,7505.5
705,"Slovenia",4,"Median","96",2076,2569,3750,6319
705,"Slovenia",4,"Median","97",2076,2062,3046,5108.5
705,"Slovenia",4,"Median","98",2076,1578,2428,4007
705,"Slovenia",4,"Median","99",2076,1188,1924,3112
705,"Slovenia",4,"Median","100",2076,484,763,1247
705,"Slovenia",4,"Median","101",2076,408,662,1070
705,"Slovenia",4,"Median","102",2076,343,574,917
705,"Slovenia",4,"Median","103",2076,289,498,787
705,"Slovenia",4,"Median","104",2076,243,432,675
705,"Slovenia",4,"Median","105",2076,205,375,580
705,"Slovenia",4,"Median","106",2076,173,325,498
705,"Slovenia",4,"Median","107",2076,145,282,427
705,"Slovenia",4,"Median","108",2076,122,245,367
705,"Slovenia",4,"Median","109",2076,103,212,315
705,"Slovenia",4,"Median","110",2076,87,184,271
705,"Slovenia",4,"Median","0",2077,7823,7355,15178
705,"Slovenia",4,"Median","1",2077,7889,7389,15278
705,"Slovenia",4,"Median","2",2077,7942,7414,15356
705,"Slovenia",4,"Median","3",2077,7980,7426,15406.5
705,"Slovenia",4,"Median","4",2077,8000,7422,15422
705,"Slovenia",4,"Median","5",2077,8006,7408,15413.5
705,"Slovenia",4,"Median","6",2077,8002,7384,15386.5
705,"Slovenia",4,"Median","7",2077,7992,7358,15350.5
705,"Slovenia",4,"Median","8",2077,7980,7330,15309.5
705,"Slovenia",4,"Median","9",2077,7964,7300,15265
705,"Slovenia",4,"Median","10",2077,7955,7278,15233
705,"Slovenia",4,"Median","11",2077,7949,7258,15207.5
705,"Slovenia",4,"Median","12",2077,7945,7242,15187
705,"Slovenia",4,"Median","13",2077,7950,7234,15184.5
705,"Slovenia",4,"Median","14",2077,7965,7238,15202.5
705,"Slovenia",4,"Median","15",2077,7998,7258,15257
705,"Slovenia",4,"Median","16",2077,8070,7312,15382
705,"Slovenia",4,"Median","17",2077,8200,7416,15616.5
705,"Slovenia",4,"Median","18",2077,8402,7580,15982
705,"Slovenia",4,"Median","19",2077,8676,7807,16483
705,"Slovenia",4,"Median","20",2077,9010,8084,17093.5
705,"Slovenia",4,"Median","21",2077,9372,8384,17756
705,"Slovenia",4,"Median","22",2077,9722,8671,18393.5
705,"Slovenia",4,"Median","23",2077,10030,8914,18943.5
705,"Slovenia",4,"Median","24",2077,10284,9106,19390.5
705,"Slovenia",4,"Median","25",2077,10490,9251,19740.5
705,"Slovenia",4,"Median","26",2077,10651,9356,20007.5
705,"Slovenia",4,"Median","27",2077,10786,9440,20225.5
705,"Slovenia",4,"Median","28",2077,10904,9508,20412
705,"Slovenia",4,"Median","29",2077,10996,9558,20554.5
705,"Slovenia",4,"Median","30",2077,11066,9588,20654.5
705,"Slovenia",4,"Median","31",2077,11116,9600,20716.5
705,"Slovenia",4,"Median","32",2077,11135,9587,20722
705,"Slovenia",4,"Median","33",2077,11130,9554,20684
705,"Slovenia",4,"Median","34",2077,11104,9503,20607.5
705,"Slovenia",4,"Median","35",2077,11061,9438,20498.5
705,"Slovenia",4,"Median","36",2077,11004,9360,20364
705,"Slovenia",4,"Median","37",2077,10926,9266,20192.5
705,"Slovenia",4,"Median","38",2077,10828,9154,19981.5
705,"Slovenia",4,"Median","39",2077,10712,9028,19739
705,"Slovenia",4,"Median","40",2077,10591,8898,19488.5
705,"Slovenia",4,"Median","41",2077,10472,8770,19241
705,"Slovenia",4,"Median","42",2077,10354,8644,18998
705,"Slovenia",4,"Median","43",2077,10249,8532,18780.5
705,"Slovenia",4,"Median","44",2077,10165,8438,18603
705,"Slovenia",4,"Median","45",2077,10107,8370,18477
705,"Slovenia",4,"Median","46",2077,10083,8336,18419
705,"Slovenia",4,"Median","47",2077,10085,8327,18412
705,"Slovenia",4,"Median","48",2077,10124,8355,18478.5
705,"Slovenia",4,"Median","49",2077,10204,8424,18629
705,"Slovenia",4,"Median","50",2077,10316,8525,18841.5
705,"Slovenia",4,"Median","51",2077,10456,8653,19109.5
705,"Slovenia",4,"Median","52",2077,10618,8804,19422
705,"Slovenia",4,"Median","53",2077,10768,8964,19731.5
705,"Slovenia",4,"Median","54",2077,10882,9110,19991
705,"Slovenia",4,"Median","55",2077,11222,9468,20690
705,"Slovenia",4,"Median","56",2077,11376,9678,21054
705,"Slovenia",4,"Median","57",2077,11386,9766,21151.5
705,"Slovenia",4,"Median","58",2077,11610,9978,21588.5
705,"Slovenia",4,"Median","59",2077,11835,10170,22004.5
705,"Slovenia",4,"Median","60",2077,11878,10426,22305
705,"Slovenia",4,"Median","61",2077,11838,10502,22339.5
705,"Slovenia",4,"Median","62",2077,11988,10568,22555.5
705,"Slovenia",4,"Median","63",2077,11978,10692,22670
705,"Slovenia",4,"Median","64",2077,12128,10876,23005
705,"Slovenia",4,"Median","65",2077,12296,11061,23356.5
705,"Slovenia",4,"Median","66",2077,12330,11180,23510.5
705,"Slovenia",4,"Median","67",2077,12284,11097,23381
705,"Slovenia",4,"Median","68",2077,12016,11052,23068
705,"Slovenia",4,"Median","69",2077,11480,10676,22155
705,"Slovenia",4,"Median","70",2077,10772,9860,20632
705,"Slovenia",4,"Median","71",2077,10160,9288,19447
705,"Slovenia",4,"Median","72",2077,9600,8940,18540
705,"Slovenia",4,"Median","73",2077,9109,8490,17599.5
705,"Slovenia",4,"Median","74",2077,8748,8086,16833.5
705,"Slovenia",4,"Median","75",2077,8562,7951,16512.5
705,"Slovenia",4,"Median","76",2077,8684,8084,16768
705,"Slovenia",4,"Median","77",2077,8708,8070,16779
705,"Slovenia",4,"Median","78",2077,8602,7836,16437.5
705,"Slovenia",4,"Median","79",2077,8712,7942,16653.5
705,"Slovenia",4,"Median","80",2077,8808,8036,16844.5
705,"Slovenia",4,"Median","81",2077,8636,8010,16645.5
705,"Slovenia",4,"Median","82",2077,8284,7992,16276
705,"Slovenia",4,"Median","83",2077,8028,7912,15940.5
705,"Slovenia",4,"Median","84",2077,7722,7728,15450.5
705,"Slovenia",4,"Median","85",2077,7572,7766,15338.5
705,"Slovenia",4,"Median","86",2077,7348,7857,15204.5
705,"Slovenia",4,"Median","87",2077,7010,7732,14741
705,"Slovenia",4,"Median","88",2077,6867,7745,14612
705,"Slovenia",4,"Median","89",2077,6525,7636,14161
705,"Slovenia",4,"Median","90",2077,5846,7054,12899.5
705,"Slovenia",4,"Median","91",2077,5216,6491,11707
705,"Slovenia",4,"Median","92",2077,4663,6042,10705
705,"Slovenia",4,"Median","93",2077,4092,5468,9560.5
705,"Slovenia",4,"Median","94",2077,3584,4886,8470
705,"Slovenia",4,"Median","95",2077,3096,4320,7416
705,"Slovenia",4,"Median","96",2077,2576,3763,6339.5
705,"Slovenia",4,"Median","97",2077,2092,3138,5230
705,"Slovenia",4,"Median","98",2077,1643,2492,4135
705,"Slovenia",4,"Median","99",2077,1228,1938,3166.5
705,"Slovenia",4,"Median","100",2077,500,783,1283
705,"Slovenia",4,"Median","101",2077,423,682,1105
705,"Slovenia",4,"Median","102",2077,358,594,952
705,"Slovenia",4,"Median","103",2077,302,517,819
705,"Slovenia",4,"Median","104",2077,256,450,706
705,"Slovenia",4,"Median","105",2077,216,392,608
705,"Slovenia",4,"Median","106",2077,183,341,524
705,"Slovenia",4,"Median","107",2077,155,297,452
705,"Slovenia",4,"Median","108",2077,131,259,390
705,"Slovenia",4,"Median","109",2077,111,225,336
705,"Slovenia",4,"Median","110",2077,94,196,290
705,"Slovenia",4,"Median","0",2078,7788,7322,15111
705,"Slovenia",4,"Median","1",2078,7860,7362,15222.5
705,"Slovenia",4,"Median","2",2078,7924,7396,15319
705,"Slovenia",4,"Median","3",2078,7974,7420,15394
705,"Slovenia",4,"Median","4",2078,8010,7432,15441.5
705,"Slovenia",4,"Median","5",2078,8026,7427,15453.5
705,"Slovenia",4,"Median","6",2078,8030,7412,15443
705,"Slovenia",4,"Median","7",2078,8024,7388,15413
705,"Slovenia",4,"Median","8",2078,8014,7362,15376
705,"Slovenia",4,"Median","9",2078,7998,7334,15332
705,"Slovenia",4,"Median","10",2078,7982,7304,15285.5
705,"Slovenia",4,"Median","11",2078,7972,7281,15252.5
705,"Slovenia",4,"Median","12",2078,7964,7262,15226.5
705,"Slovenia",4,"Median","13",2078,7959,7245,15204
705,"Slovenia",4,"Median","14",2078,7964,7237,15200.5
705,"Slovenia",4,"Median","15",2078,7984,7246,15229
705,"Slovenia",4,"Median","16",2078,8038,7284,15322
705,"Slovenia",4,"Median","17",2078,8152,7374,15526
705,"Slovenia",4,"Median","18",2078,8340,7525,15865
705,"Slovenia",4,"Median","19",2078,8598,7736,16333.5
705,"Slovenia",4,"Median","20",2078,8912,7994,16906.5
705,"Slovenia",4,"Median","21",2078,9255,8276,17531
705,"Slovenia",4,"Median","22",2078,9592,8550,18143
705,"Slovenia",4,"Median","23",2078,9895,8789,18684
705,"Slovenia",4,"Median","24",2078,10145,8978,19122.5
705,"Slovenia",4,"Median","25",2078,10350,9122,19471.5
705,"Slovenia",4,"Median","26",2078,10514,9232,19746
705,"Slovenia",4,"Median","27",2078,10650,9314,19963.5
705,"Slovenia",4,"Median","28",2078,10768,9384,20152.5
705,"Slovenia",4,"Median","29",2078,10876,9447,20323
705,"Slovenia",4,"Median","30",2078,10966,9496,20461.5
705,"Slovenia",4,"Median","31",2078,11034,9528,20562
705,"Slovenia",4,"Median","32",2078,11084,9544,20627.5
705,"Slovenia",4,"Median","33",2078,11106,9534,20640
705,"Slovenia",4,"Median","34",2078,11102,9506,20608.5
705,"Slovenia",4,"Median","35",2078,11080,9459,20538.5
705,"Slovenia",4,"Median","36",2078,11038,9398,20436
705,"Slovenia",4,"Median","37",2078,10983,9324,20307.5
705,"Slovenia",4,"Median","38",2078,10908,9234,20141.5
705,"Slovenia",4,"Median","39",2078,10810,9125,19935
705,"Slovenia",4,"Median","40",2078,10696,9001,19696.5
705,"Slovenia",4,"Median","41",2078,10578,8874,19452
705,"Slovenia",4,"Median","42",2078,10459,8748,19207
705,"Slovenia",4,"Median","43",2078,10342,8624,18966.5
705,"Slovenia",4,"Median","44",2078,10238,8514,18751.5
705,"Slovenia",4,"Median","45",2078,10154,8422,18576.5
705,"Slovenia",4,"Median","46",2078,10097,8355,18452
705,"Slovenia",4,"Median","47",2078,10074,8322,18395
705,"Slovenia",4,"Median","48",2078,10076,8314,18390
705,"Slovenia",4,"Median","49",2078,10113,8342,18455.5
705,"Slovenia",4,"Median","50",2078,10192,8412,18604.5
705,"Slovenia",4,"Median","51",2078,10302,8512,18814.5
705,"Slovenia",4,"Median","52",2078,10440,8640,19079.5
705,"Slovenia",4,"Median","53",2078,10601,8791,19392
705,"Slovenia",4,"Median","54",2078,10750,8952,19701
705,"Slovenia",4,"Median","55",2078,10860,9097,19957
705,"Slovenia",4,"Median","56",2078,11198,9454,20652.5
705,"Slovenia",4,"Median","57",2078,11347,9664,21010.5
705,"Slovenia",4,"Median","58",2078,11354,9750,21103
705,"Slovenia",4,"Median","59",2078,11574,9960,21534.5
705,"Slovenia",4,"Median","60",2078,11792,10150,21942.5
705,"Slovenia",4,"Median","61",2078,11832,10404,22236
705,"Slovenia",4,"Median","62",2078,11785,10477,22262
705,"Slovenia",4,"Median","63",2078,11930,10542,22472
705,"Slovenia",4,"Median","64",2078,11918,10664,22583
705,"Slovenia",4,"Median","65",2078,12066,10848,22914
705,"Slovenia",4,"Median","66",2078,12228,11031,23259
705,"Slovenia",4,"Median","67",2078,12256,11148,23404
705,"Slovenia",4,"Median","68",2078,12207,11064,23271
705,"Slovenia",4,"Median","69",2078,11938,11018,22955
705,"Slovenia",4,"Median","70",2078,11400,10640,22040.5
705,"Slovenia",4,"Median","71",2078,10694,9825,20518.5
705,"Slovenia",4,"Median","72",2078,10080,9252,19332
705,"Slovenia",4,"Median","73",2078,9518,8902,18420
705,"Slovenia",4,"Median","74",2078,9018,8448,17465
705,"Slovenia",4,"Median","75",2078,8640,8031,16670.5
705,"Slovenia",4,"Median","76",2078,8422,7880,16302.5
705,"Slovenia",4,"Median","77",2078,8514,7995,16509.5
705,"Slovenia",4,"Median","78",2078,8518,7968,16486.5
705,"Slovenia",4,"Median","79",2078,8392,7722,16115
705,"Slovenia",4,"Median","80",2078,8472,7810,16281
705,"Slovenia",4,"Median","81",2078,8533,7880,16413.5
705,"Slovenia",4,"Median","82",2078,8332,7831,16163
705,"Slovenia",4,"Median","83",2078,7957,7786,15743.5
705,"Slovenia",4,"Median","84",2078,7670,7678,15348
705,"Slovenia",4,"Median","85",2078,7334,7464,14798
705,"Slovenia",4,"Median","86",2078,7144,7462,14605.5
705,"Slovenia",4,"Median","87",2078,6880,7503,14383.5
705,"Slovenia",4,"Median","88",2078,6510,7332,13842
705,"Slovenia",4,"Median","89",2078,6318,7285,13603
705,"Slovenia",4,"Median","90",2078,5942,7118,13059
705,"Slovenia",4,"Median","91",2078,5262,6507,11768.5
705,"Slovenia",4,"Median","92",2078,4635,5918,10552.5
705,"Slovenia",4,"Median","93",2078,4086,5435,9520.5
705,"Slovenia",4,"Median","94",2078,3530,4846,8376.5
705,"Slovenia",4,"Median","95",2078,3040,4258,7298
705,"Slovenia",4,"Median","96",2078,2576,3696,6272
705,"Slovenia",4,"Median","97",2078,2102,3154,5255
705,"Slovenia",4,"Median","98",2078,1670,2572,4241
705,"Slovenia",4,"Median","99",2078,1280,1992,3273
705,"Slovenia",4,"Median","100",2078,519,800,1319
705,"Slovenia",4,"Median","101",2078,440,699,1139
705,"Slovenia",4,"Median","102",2078,373,610,983
705,"Slovenia",4,"Median","103",2078,316,533,849
705,"Slovenia",4,"Median","104",2078,268,465,733
705,"Slovenia",4,"Median","105",2078,227,406,633
705,"Slovenia",4,"Median","106",2078,192,354,546
705,"Slovenia",4,"Median","107",2078,163,309,472
705,"Slovenia",4,"Median","108",2078,138,270,408
705,"Slovenia",4,"Median","109",2078,117,236,353
705,"Slovenia",4,"Median","110",2078,99,206,305
705,"Slovenia",4,"Median","0",2079,7747,7284,15031
705,"Slovenia",4,"Median","1",2079,7825,7330,15155
705,"Slovenia",4,"Median","2",2079,7894,7369,15263.5
705,"Slovenia",4,"Median","3",2079,7954,7402,15356.5
705,"Slovenia",4,"Median","4",2079,8003,7426,15428.5
705,"Slovenia",4,"Median","5",2079,8036,7436,15472.5
705,"Slovenia",4,"Median","6",2079,8050,7432,15482.5
705,"Slovenia",4,"Median","7",2079,8052,7416,15469
705,"Slovenia",4,"Median","8",2079,8046,7393,15438.5
705,"Slovenia",4,"Median","9",2079,8032,7366,15398
705,"Slovenia",4,"Median","10",2079,8016,7337,15352.5
705,"Slovenia",4,"Median","11",2079,7998,7308,15305.5
705,"Slovenia",4,"Median","12",2079,7986,7284,15270.5
705,"Slovenia",4,"Median","13",2079,7978,7264,15242.5
705,"Slovenia",4,"Median","14",2079,7973,7248,15220.5
705,"Slovenia",4,"Median","15",2079,7982,7245,15227
705,"Slovenia",4,"Median","16",2079,8023,7270,15293.5
705,"Slovenia",4,"Median","17",2079,8120,7344,15465
705,"Slovenia",4,"Median","18",2079,8292,7482,15773.5
705,"Slovenia",4,"Median","19",2079,8536,7680,16215
705,"Slovenia",4,"Median","20",2079,8833,7922,16754.5
705,"Slovenia",4,"Median","21",2079,9157,8186,17342.5
705,"Slovenia",4,"Median","22",2079,9475,8441,17916
705,"Slovenia",4,"Median","23",2079,9764,8668,18432
705,"Slovenia",4,"Median","24",2079,10009,8852,18861
705,"Slovenia",4,"Median","25",2079,10210,8993,19202.5
705,"Slovenia",4,"Median","26",2079,10374,9102,19476.5
705,"Slovenia",4,"Median","27",2079,10513,9188,19701.5
705,"Slovenia",4,"Median","28",2079,10632,9258,19890
705,"Slovenia",4,"Median","29",2079,10741,9322,20063.5
705,"Slovenia",4,"Median","30",2079,10845,9385,20230
705,"Slovenia",4,"Median","31",2079,10932,9436,20368.5
705,"Slovenia",4,"Median","32",2079,11002,9471,20473
705,"Slovenia",4,"Median","33",2079,11054,9491,20545.5
705,"Slovenia",4,"Median","34",2079,11078,9486,20564
705,"Slovenia",4,"Median","35",2079,11078,9462,20539.5
705,"Slovenia",4,"Median","36",2079,11056,9420,20476
705,"Slovenia",4,"Median","37",2079,11018,9362,20379
705,"Slovenia",4,"Median","38",2079,10964,9292,20256.5
705,"Slovenia",4,"Median","39",2079,10890,9204,20094
705,"Slovenia",4,"Median","40",2079,10794,9098,19892.5
705,"Slovenia",4,"Median","41",2079,10682,8978,19659.5
705,"Slovenia",4,"Median","42",2079,10565,8854,19418.5
705,"Slovenia",4,"Median","43",2079,10447,8728,19175.5
705,"Slovenia",4,"Median","44",2079,10331,8607,18938
705,"Slovenia",4,"Median","45",2079,10228,8498,18725.5
705,"Slovenia",4,"Median","46",2079,10144,8406,18551
705,"Slovenia",4,"Median","47",2079,10088,8341,18428.5
705,"Slovenia",4,"Median","48",2079,10064,8309,18373
705,"Slovenia",4,"Median","49",2079,10064,8302,18366.5
705,"Slovenia",4,"Median","50",2079,10100,8331,18431.5
705,"Slovenia",4,"Median","51",2079,10178,8400,18577.5
705,"Slovenia",4,"Median","52",2079,10286,8500,18785.5
705,"Slovenia",4,"Median","53",2079,10423,8628,19050.5
705,"Slovenia",4,"Median","54",2079,10583,8779,19362
705,"Slovenia",4,"Median","55",2079,10728,8939,19667.5
705,"Slovenia",4,"Median","56",2079,10836,9084,19920.5
705,"Slovenia",4,"Median","57",2079,11170,9440,20610
705,"Slovenia",4,"Median","58",2079,11315,9648,20962.5
705,"Slovenia",4,"Median","59",2079,11318,9732,21050.5
705,"Slovenia",4,"Median","60",2079,11534,9942,21475.5
705,"Slovenia",4,"Median","61",2079,11747,10128,21875.5
705,"Slovenia",4,"Median","62",2079,11780,10380,22160.5
705,"Slovenia",4,"Median","63",2079,11730,10451,22181
705,"Slovenia",4,"Median","64",2079,11871,10516,22387
705,"Slovenia",4,"Median","65",2079,11858,10638,22495.5
705,"Slovenia",4,"Median","66",2079,12001,10819,22820
705,"Slovenia",4,"Median","67",2079,12156,10999,23155.5
705,"Slovenia",4,"Median","68",2079,12181,11115,23296
705,"Slovenia",4,"Median","69",2079,12128,11030,23158.5
705,"Slovenia",4,"Median","70",2079,11857,10982,22838.5
705,"Slovenia",4,"Median","71",2079,11318,10603,21921.5
705,"Slovenia",4,"Median","72",2079,10612,9788,20399
705,"Slovenia",4,"Median","73",2079,9995,9214,19209
705,"Slovenia",4,"Median","74",2079,9424,8858,18282
705,"Slovenia",4,"Median","75",2079,8907,8392,17298.5
705,"Slovenia",4,"Median","76",2079,8501,7960,16461.5
705,"Slovenia",4,"Median","77",2079,8262,7794,16055.5
705,"Slovenia",4,"Median","78",2079,8331,7896,16226.5
705,"Slovenia",4,"Median","79",2079,8314,7856,16170
705,"Slovenia",4,"Median","80",2079,8165,7596,15760.5
705,"Slovenia",4,"Median","81",2079,8210,7661,15871
705,"Slovenia",4,"Median","82",2079,8236,7708,15944
705,"Slovenia",4,"Median","83",2079,8007,7634,15640.5
705,"Slovenia",4,"Median","84",2079,7606,7560,15166.5
705,"Slovenia",4,"Median","85",2079,7289,7420,14709
705,"Slovenia",4,"Median","86",2079,6924,7176,14099.5
705,"Slovenia",4,"Median","87",2079,6695,7130,13825.5
705,"Slovenia",4,"Median","88",2079,6396,7120,13515.5
705,"Slovenia",4,"Median","89",2079,5995,6902,12897
705,"Slovenia",4,"Median","90",2079,5758,6796,12554.5
705,"Slovenia",4,"Median","91",2079,5354,6572,11925.5
705,"Slovenia",4,"Median","92",2079,4681,5938,10619
705,"Slovenia",4,"Median","93",2079,4066,5329,9395.5
705,"Slovenia",4,"Median","94",2079,3528,4822,8351
705,"Slovenia",4,"Median","95",2079,2998,4230,7227.5
705,"Slovenia",4,"Median","96",2079,2534,3648,6181.5
705,"Slovenia",4,"Median","97",2079,2105,3102,5207
705,"Slovenia",4,"Median","98",2079,1680,2588,4268
705,"Slovenia",4,"Median","99",2079,1304,2060,3363
705,"Slovenia",4,"Median","100",2079,540,815,1355
705,"Slovenia",4,"Median","101",2079,458,714,1172
705,"Slovenia",4,"Median","102",2079,389,626,1015
705,"Slovenia",4,"Median","103",2079,330,548,878
705,"Slovenia",4,"Median","104",2079,280,480,760
705,"Slovenia",4,"Median","105",2079,238,421,659
705,"Slovenia",4,"Median","106",2079,202,369,571
705,"Slovenia",4,"Median","107",2079,171,323,494
705,"Slovenia",4,"Median","108",2079,145,283,428
705,"Slovenia",4,"Median","109",2079,123,248,371
705,"Slovenia",4,"Median","110",2079,105,218,323
705,"Slovenia",4,"Median","0",2080,7691,7232,14923
705,"Slovenia",4,"Median","1",2080,7784,7292,15075
705,"Slovenia",4,"Median","2",2080,7860,7336,15196
705,"Slovenia",4,"Median","3",2080,7925,7376,15300.5
705,"Slovenia",4,"Median","4",2080,7984,7408,15391
705,"Slovenia",4,"Median","5",2080,8029,7430,15459.5
705,"Slovenia",4,"Median","6",2080,8060,7442,15501.5
705,"Slovenia",4,"Median","7",2080,8072,7436,15508.5
705,"Slovenia",4,"Median","8",2080,8074,7420,15494
705,"Slovenia",4,"Median","9",2080,8064,7396,15460
705,"Slovenia",4,"Median","10",2080,8050,7370,15419
705,"Slovenia",4,"Median","11",2080,8032,7340,15371.5
705,"Slovenia",4,"Median","12",2080,8012,7310,15322.5
705,"Slovenia",4,"Median","13",2080,8000,7286,15286.5
705,"Slovenia",4,"Median","14",2080,7992,7268,15259.5
705,"Slovenia",4,"Median","15",2080,7992,7256,15247
705,"Slovenia",4,"Median","16",2080,8022,7270,15291.5
705,"Slovenia",4,"Median","17",2080,8105,7331,15436
705,"Slovenia",4,"Median","18",2080,8260,7452,15712
705,"Slovenia",4,"Median","19",2080,8487,7636,16122.5
705,"Slovenia",4,"Median","20",2080,8770,7864,16634.5
705,"Slovenia",4,"Median","21",2080,9077,8112,17189.5
705,"Slovenia",4,"Median","22",2080,9376,8350,17726
705,"Slovenia",4,"Median","23",2080,9646,8558,18203.5
705,"Slovenia",4,"Median","24",2080,9878,8730,18608.5
705,"Slovenia",4,"Median","25",2080,10074,8868,18941
705,"Slovenia",4,"Median","26",2080,10234,8973,19207.5
705,"Slovenia",4,"Median","27",2080,10373,9060,19432.5
705,"Slovenia",4,"Median","28",2080,10495,9134,19628.5
705,"Slovenia",4,"Median","29",2080,10604,9198,19802
705,"Slovenia",4,"Median","30",2080,10710,9261,19971
705,"Slovenia",4,"Median","31",2080,10812,9326,20138
705,"Slovenia",4,"Median","32",2080,10901,9380,20280.5
705,"Slovenia",4,"Median","33",2080,10972,9418,20391
705,"Slovenia",4,"Median","34",2080,11026,9443,20469.5
705,"Slovenia",4,"Median","35",2080,11052,9442,20495
705,"Slovenia",4,"Median","36",2080,11054,9422,20477
705,"Slovenia",4,"Median","37",2080,11036,9384,20419.5
705,"Slovenia",4,"Median","38",2080,10998,9330,20328
705,"Slovenia",4,"Median","39",2080,10946,9263,20209
705,"Slovenia",4,"Median","40",2080,10874,9178,20052
705,"Slovenia",4,"Median","41",2080,10780,9075,19855.5
705,"Slovenia",4,"Median","42",2080,10670,8956,19626
705,"Slovenia",4,"Median","43",2080,10553,8834,19387
705,"Slovenia",4,"Median","44",2080,10436,8711,19147
705,"Slovenia",4,"Median","45",2080,10321,8590,18911.5
705,"Slovenia",4,"Median","46",2080,10218,8482,18699.5
705,"Slovenia",4,"Median","47",2080,10135,8393,18528
705,"Slovenia",4,"Median","48",2080,10078,8328,18406
705,"Slovenia",4,"Median","49",2080,10053,8296,18349.5
705,"Slovenia",4,"Median","50",2080,10052,8290,18343
705,"Slovenia",4,"Median","51",2080,10086,8318,18404.5
705,"Slovenia",4,"Median","52",2080,10162,8388,18549
705,"Slovenia",4,"Median","53",2080,10270,8488,18757.5
705,"Slovenia",4,"Median","54",2080,10405,8616,19021
705,"Slovenia",4,"Median","55",2080,10563,8767,19330
705,"Slovenia",4,"Median","56",2080,10705,8926,19631.5
705,"Slovenia",4,"Median","57",2080,10810,9070,19880.5
705,"Slovenia",4,"Median","58",2080,11139,9424,20563.5
705,"Slovenia",4,"Median","59",2080,11280,9630,20911
705,"Slovenia",4,"Median","60",2080,11280,9714,20994.5
705,"Slovenia",4,"Median","61",2080,11490,9921,21410.5
705,"Slovenia",4,"Median","62",2080,11696,10106,21802
705,"Slovenia",4,"Median","63",2080,11726,10355,22080.5
705,"Slovenia",4,"Median","64",2080,11673,10426,22099
705,"Slovenia",4,"Median","65",2080,11812,10490,22302
705,"Slovenia",4,"Median","66",2080,11796,10609,22404.5
705,"Slovenia",4,"Median","67",2080,11932,10788,22720.5
705,"Slovenia",4,"Median","68",2080,12082,10967,23049.5
705,"Slovenia",4,"Median","69",2080,12104,11082,23185.5
705,"Slovenia",4,"Median","70",2080,12048,10996,23043
705,"Slovenia",4,"Median","71",2080,11773,10944,22717
705,"Slovenia",4,"Median","72",2080,11233,10564,21796.5
705,"Slovenia",4,"Median","73",2080,10523,9748,20271.5
705,"Slovenia",4,"Median","74",2080,9898,9170,19067.5
705,"Slovenia",4,"Median","75",2080,9310,8801,18111
705,"Slovenia",4,"Median","76",2080,8766,8320,17086
705,"Slovenia",4,"Median","77",2080,8341,7876,16216.5
705,"Slovenia",4,"Median","78",2080,8086,7699,15785
705,"Slovenia",4,"Median","79",2080,8134,7786,15920.5
705,"Slovenia",4,"Median","80",2080,8092,7729,15820.5
705,"Slovenia",4,"Median","81",2080,7916,7454,15370
705,"Slovenia",4,"Median","82",2080,7929,7496,15425
705,"Slovenia",4,"Median","83",2080,7919,7516,15435
705,"Slovenia",4,"Median","84",2080,7659,7415,15074
705,"Slovenia",4,"Median","85",2080,7233,7310,14543
705,"Slovenia",4,"Median","86",2080,6886,7138,14024
705,"Slovenia",4,"Median","87",2080,6494,6862,13356
705,"Slovenia",4,"Median","88",2080,6228,6771,12999
705,"Slovenia",4,"Median","89",2080,5896,6708,12603.5
705,"Slovenia",4,"Median","90",2080,5470,6444,11914.5
705,"Slovenia",4,"Median","91",2080,5194,6282,11476
705,"Slovenia",4,"Median","92",2080,4768,6004,10772.5
705,"Slovenia",4,"Median","93",2080,4112,5354,9466
705,"Slovenia",4,"Median","94",2080,3516,4734,8251
705,"Slovenia",4,"Median","95",2080,3001,4214,7215.5
705,"Slovenia",4,"Median","96",2080,2502,3629,6131.5
705,"Slovenia",4,"Median","97",2080,2074,3067,5140.5
705,"Slovenia",4,"Median","98",2080,1685,2550,4235.5
705,"Slovenia",4,"Median","99",2080,1314,2077,3390.5
705,"Slovenia",4,"Median","100",2080,555,830,1385
705,"Slovenia",4,"Median","101",2080,472,731,1203
705,"Slovenia",4,"Median","102",2080,402,643,1045
705,"Slovenia",4,"Median","103",2080,342,565,907
705,"Slovenia",4,"Median","104",2080,292,497,789
705,"Slovenia",4,"Median","105",2080,248,438,686
705,"Slovenia",4,"Median","106",2080,211,385,596
705,"Slovenia",4,"Median","107",2080,180,339,519
705,"Slovenia",4,"Median","108",2080,153,298,451
705,"Slovenia",4,"Median","109",2080,130,262,392
705,"Slovenia",4,"Median","110",2080,111,231,342
705,"Slovenia",4,"Median","0",2081,7632,7176,14807
705,"Slovenia",4,"Median","1",2081,7728,7239,14967
705,"Slovenia",4,"Median","2",2081,7818,7298,15115
705,"Slovenia",4,"Median","3",2081,7890,7342,15232.5
705,"Slovenia",4,"Median","4",2081,7954,7380,15334.5
705,"Slovenia",4,"Median","5",2081,8010,7412,15422
705,"Slovenia",4,"Median","6",2081,8053,7436,15488.5
705,"Slovenia",4,"Median","7",2081,8082,7446,15527.5
705,"Slovenia",4,"Median","8",2081,8093,7440,15533
705,"Slovenia",4,"Median","9",2081,8092,7424,15516
705,"Slovenia",4,"Median","10",2081,8082,7400,15481.5
705,"Slovenia",4,"Median","11",2081,8065,7372,15437
705,"Slovenia",4,"Median","12",2081,8046,7343,15389.5
705,"Slovenia",4,"Median","13",2081,8026,7312,15339
705,"Slovenia",4,"Median","14",2081,8014,7290,15304
705,"Slovenia",4,"Median","15",2081,8010,7276,15286
705,"Slovenia",4,"Median","16",2081,8030,7280,15311
705,"Slovenia",4,"Median","17",2081,8103,7330,15433.5
705,"Slovenia",4,"Median","18",2081,8244,7438,15682.5
705,"Slovenia",4,"Median","19",2081,8454,7606,16060
705,"Slovenia",4,"Median","20",2081,8721,7820,16541
705,"Slovenia",4,"Median","21",2081,9013,8054,17067.5
705,"Slovenia",4,"Median","22",2081,9296,8276,17571.5
705,"Slovenia",4,"Median","23",2081,9546,8466,18012.5
705,"Slovenia",4,"Median","24",2081,9760,8620,18380
705,"Slovenia",4,"Median","25",2081,9942,8746,18688
705,"Slovenia",4,"Median","26",2081,10098,8848,18946
705,"Slovenia",4,"Median","27",2081,10233,8931,19164
705,"Slovenia",4,"Median","28",2081,10355,9004,19359.5
705,"Slovenia",4,"Median","29",2081,10468,9072,19540.5
705,"Slovenia",4,"Median","30",2081,10574,9136,19709.5
705,"Slovenia",4,"Median","31",2081,10678,9202,19879
705,"Slovenia",4,"Median","32",2081,10781,9269,20050
705,"Slovenia",4,"Median","33",2081,10872,9327,20198.5
705,"Slovenia",4,"Median","34",2081,10945,9370,20315.5
705,"Slovenia",4,"Median","35",2081,11002,9400,20401
705,"Slovenia",4,"Median","36",2081,11030,9403,20433
705,"Slovenia",4,"Median","37",2081,11034,9387,20421.5
705,"Slovenia",4,"Median","38",2081,11017,9351,20368
705,"Slovenia",4,"Median","39",2081,10981,9300,20281.5
705,"Slovenia",4,"Median","40",2081,10930,9238,20168
705,"Slovenia",4,"Median","41",2081,10860,9155,20015.5
705,"Slovenia",4,"Median","42",2081,10768,9054,19822
705,"Slovenia",4,"Median","43",2081,10658,8938,19595
705,"Slovenia",4,"Median","44",2081,10542,8816,19358.5
705,"Slovenia",4,"Median","45",2081,10426,8694,19120
705,"Slovenia",4,"Median","46",2081,10310,8576,18886
705,"Slovenia",4,"Median","47",2081,10208,8468,18676.5
705,"Slovenia",4,"Median","48",2081,10125,8380,18505
705,"Slovenia",4,"Median","49",2081,10068,8316,18383.5
705,"Slovenia",4,"Median","50",2081,10041,8285,18326
705,"Slovenia",4,"Median","51",2081,10038,8278,18316
705,"Slovenia",4,"Median","52",2081,10071,8306,18377.5
705,"Slovenia",4,"Median","53",2081,10146,8376,18522
705,"Slovenia",4,"Median","54",2081,10252,8476,18729
705,"Slovenia",4,"Median","55",2081,10386,8604,18990.5
705,"Slovenia",4,"Median","56",2081,10540,8755,19295.5
705,"Slovenia",4,"Median","57",2081,10680,8914,19593
705,"Slovenia",4,"Median","58",2081,10781,9056,19837
705,"Slovenia",4,"Median","59",2081,11106,9408,20514
705,"Slovenia",4,"Median","60",2081,11243,9614,20856.5
705,"Slovenia",4,"Median","61",2081,11238,9694,20932
705,"Slovenia",4,"Median","62",2081,11441,9899,21340
705,"Slovenia",4,"Median","63",2081,11643,10082,21724.5
705,"Slovenia",4,"Median","64",2081,11670,10330,22000
705,"Slovenia",4,"Median","65",2081,11616,10400,22016.5
705,"Slovenia",4,"Median","66",2081,11750,10462,22212.5
705,"Slovenia",4,"Median","67",2081,11729,10580,22309
705,"Slovenia",4,"Median","68",2081,11860,10758,22618.5
705,"Slovenia",4,"Median","69",2081,12008,10936,22943
705,"Slovenia",4,"Median","70",2081,12024,11048,23072
705,"Slovenia",4,"Median","71",2081,11964,10958,22922.5
705,"Slovenia",4,"Median","72",2081,11686,10904,22590
705,"Slovenia",4,"Median","73",2081,11141,10522,21663.5
705,"Slovenia",4,"Median","74",2081,10423,9702,20125.5
705,"Slovenia",4,"Median","75",2081,9780,9112,18892
705,"Slovenia",4,"Median","76",2081,9166,8727,17892.5
705,"Slovenia",4,"Median","77",2081,8604,8232,16836.5
705,"Slovenia",4,"Median","78",2081,8166,7781,15947.5
705,"Slovenia",4,"Median","79",2081,7898,7594,15492
705,"Slovenia",4,"Median","80",2081,7920,7662,15582
705,"Slovenia",4,"Median","81",2081,7849,7587,15436
705,"Slovenia",4,"Median","82",2081,7649,7296,14945
705,"Slovenia",4,"Median","83",2081,7627,7312,14939.5
705,"Slovenia",4,"Median","84",2081,7579,7304,14883.5
705,"Slovenia",4,"Median","85",2081,7288,7174,14461
705,"Slovenia",4,"Median","86",2081,6838,7036,13873.5
705,"Slovenia",4,"Median","87",2081,6464,6830,13293.5
705,"Slovenia",4,"Median","88",2081,6046,6520,12567
705,"Slovenia",4,"Median","89",2081,5746,6384,12130.5
705,"Slovenia",4,"Median","90",2081,5384,6270,11653.5
705,"Slovenia",4,"Median","91",2081,4939,5962,10901.5
705,"Slovenia",4,"Median","92",2081,4632,5745,10377
705,"Slovenia",4,"Median","93",2081,4194,5420,9613.5
705,"Slovenia",4,"Median","94",2081,3560,4763,8323.5
705,"Slovenia",4,"Median","95",2081,2994,4144,7138
705,"Slovenia",4,"Median","96",2081,2508,3622,6130
705,"Slovenia",4,"Median","97",2081,2050,3056,5106.5
705,"Slovenia",4,"Median","98",2081,1662,2526,4188
705,"Slovenia",4,"Median","99",2081,1320,2050,3369.5
705,"Slovenia",4,"Median","100",2081,566,843,1409
705,"Slovenia",4,"Median","101",2081,483,744,1227
705,"Slovenia",4,"Median","102",2081,412,657,1069
705,"Slovenia",4,"Median","103",2081,352,580,932
705,"Slovenia",4,"Median","104",2081,301,512,813
705,"Slovenia",4,"Median","105",2081,257,452,709
705,"Slovenia",4,"Median","106",2081,219,399,618
705,"Slovenia",4,"Median","107",2081,187,352,539
705,"Slovenia",4,"Median","108",2081,160,311,471
705,"Slovenia",4,"Median","109",2081,136,274,410
705,"Slovenia",4,"Median","110",2081,116,242,358
705,"Slovenia",4,"Median","0",2082,7570,7116,14686
705,"Slovenia",4,"Median","1",2082,7670,7184,14854
705,"Slovenia",4,"Median","2",2082,7763,7246,15009.5
705,"Slovenia",4,"Median","3",2082,7850,7305,15155
705,"Slovenia",4,"Median","4",2082,7920,7349,15269
705,"Slovenia",4,"Median","5",2082,7981,7387,15368
705,"Slovenia",4,"Median","6",2082,8034,7418,15453
705,"Slovenia",4,"Median","7",2082,8076,7440,15516.5
705,"Slovenia",4,"Median","8",2082,8104,7450,15554
705,"Slovenia",4,"Median","9",2082,8112,7444,15557
705,"Slovenia",4,"Median","10",2082,8110,7428,15538.5
705,"Slovenia",4,"Median","11",2082,8098,7404,15501
705,"Slovenia",4,"Median","12",2082,8081,7376,15457
705,"Slovenia",4,"Median","13",2082,8061,7346,15407
705,"Slovenia",4,"Median","14",2082,8041,7316,15357.5
705,"Slovenia",4,"Median","15",2082,8033,7298,15331
705,"Slovenia",4,"Median","16",2082,8050,7300,15350.5
705,"Slovenia",4,"Median","17",2082,8113,7342,15454.5
705,"Slovenia",4,"Median","18",2082,8243,7438,15681.5
705,"Slovenia",4,"Median","19",2082,8440,7593,16033
705,"Slovenia",4,"Median","20",2082,8689,7792,16480.5
705,"Slovenia",4,"Median","21",2082,8965,8011,16976
705,"Slovenia",4,"Median","22",2082,9233,8220,17453
705,"Slovenia",4,"Median","23",2082,9468,8394,17862.5
705,"Slovenia",4,"Median","24",2082,9663,8531,18194
705,"Slovenia",4,"Median","25",2082,9826,8638,18464.5
705,"Slovenia",4,"Median","26",2082,9970,8730,18699.5
705,"Slovenia",4,"Median","27",2082,10100,8808,18908
705,"Slovenia",4,"Median","28",2082,10218,8878,19096.5
705,"Slovenia",4,"Median","29",2082,10331,8946,19277
705,"Slovenia",4,"Median","30",2082,10440,9014,19453
705,"Slovenia",4,"Median","31",2082,10544,9078,19622
705,"Slovenia",4,"Median","32",2082,10648,9147,19795.5
705,"Slovenia",4,"Median","33",2082,10754,9218,19972
705,"Slovenia",4,"Median","34",2082,10846,9280,20126.5
705,"Slovenia",4,"Median","35",2082,10922,9329,20250.5
705,"Slovenia",4,"Median","36",2082,10981,9362,20342.5
705,"Slovenia",4,"Median","37",2082,11011,9369,20380
705,"Slovenia",4,"Median","38",2082,11016,9356,20372
705,"Slovenia",4,"Median","39",2082,11000,9324,20324
705,"Slovenia",4,"Median","40",2082,10966,9276,20242
705,"Slovenia",4,"Median","41",2082,10918,9215,20133.5
705,"Slovenia",4,"Median","42",2082,10848,9135,19983.5
705,"Slovenia",4,"Median","43",2082,10757,9036,19793
705,"Slovenia",4,"Median","44",2082,10648,8920,19568
705,"Slovenia",4,"Median","45",2082,10532,8800,19332.5
705,"Slovenia",4,"Median","46",2082,10416,8680,19096.5
705,"Slovenia",4,"Median","47",2082,10302,8562,18864
705,"Slovenia",4,"Median","48",2082,10199,8456,18655
705,"Slovenia",4,"Median","49",2082,10116,8368,18484
705,"Slovenia",4,"Median","50",2082,10056,8305,18360.5
705,"Slovenia",4,"Median","51",2082,10028,8273,18300.5
705,"Slovenia",4,"Median","52",2082,10024,8267,18291
705,"Slovenia",4,"Median","53",2082,10056,8296,18351.5
705,"Slovenia",4,"Median","54",2082,10130,8365,18495
705,"Slovenia",4,"Median","55",2082,10234,8466,18700
705,"Slovenia",4,"Median","56",2082,10365,8593,18958
705,"Slovenia",4,"Median","57",2082,10516,8742,19258.5
705,"Slovenia",4,"Median","58",2082,10652,8900,19551.5
705,"Slovenia",4,"Median","59",2082,10750,9041,19790.5
705,"Slovenia",4,"Median","60",2082,11070,9392,20461.5
705,"Slovenia",4,"Median","61",2082,11202,9594,20796
705,"Slovenia",4,"Median","62",2082,11192,9674,20865
705,"Slovenia",4,"Median","63",2082,11390,9876,21265.5
705,"Slovenia",4,"Median","64",2082,11588,10058,21647
705,"Slovenia",4,"Median","65",2082,11614,10306,21920.5
705,"Slovenia",4,"Median","66",2082,11557,10374,21931
705,"Slovenia",4,"Median","67",2082,11686,10434,22120
705,"Slovenia",4,"Median","68",2082,11660,10551,22211.5
705,"Slovenia",4,"Median","69",2082,11788,10728,22516
705,"Slovenia",4,"Median","70",2082,11931,10902,22833.5
705,"Slovenia",4,"Median","71",2082,11943,11012,22954.5
705,"Slovenia",4,"Median","72",2082,11876,10920,22797
705,"Slovenia",4,"Median","73",2082,11592,10864,22455
705,"Slovenia",4,"Median","74",2082,11037,10474,21511
705,"Slovenia",4,"Median","75",2082,10301,9643,19944
705,"Slovenia",4,"Median","76",2082,9631,9036,18667
705,"Slovenia",4,"Median","77",2082,8998,8638,17635.5
705,"Slovenia",4,"Median","78",2082,8426,8136,16562
705,"Slovenia",4,"Median","79",2082,7980,7677,15656.5
705,"Slovenia",4,"Median","80",2082,7692,7476,15168
705,"Slovenia",4,"Median","81",2082,7685,7524,15209
705,"Slovenia",4,"Median","82",2082,7586,7430,15016
705,"Slovenia",4,"Median","83",2082,7362,7120,14482
705,"Slovenia",4,"Median","84",2082,7303,7110,14413
705,"Slovenia",4,"Median","85",2082,7216,7070,14285.5
705,"Slovenia",4,"Median","86",2082,6894,6908,13801.5
705,"Slovenia",4,"Median","87",2082,6423,6736,13159.5
705,"Slovenia",4,"Median","88",2082,6022,6495,12517.5
705,"Slovenia",4,"Median","89",2082,5582,6154,11736
705,"Slovenia",4,"Median","90",2082,5252,5972,11224.5
705,"Slovenia",4,"Median","91",2082,4866,5806,10672
705,"Slovenia",4,"Median","92",2082,4408,5460,9868
705,"Slovenia",4,"Median","93",2082,4078,5192,9270
705,"Slovenia",4,"Median","94",2082,3636,4828,8463.5
705,"Slovenia",4,"Median","95",2082,3036,4174,7210
705,"Slovenia",4,"Median","96",2082,2506,3566,6072.5
705,"Slovenia",4,"Median","97",2082,2058,3054,5112.5
705,"Slovenia",4,"Median","98",2082,1646,2522,4167.5
705,"Slovenia",4,"Median","99",2082,1304,2034,3337.5
705,"Slovenia",4,"Median","100",2082,572,840,1412
705,"Slovenia",4,"Median","101",2082,490,746,1236
705,"Slovenia",4,"Median","102",2082,420,662,1082
705,"Slovenia",4,"Median","103",2082,360,587,947
705,"Slovenia",4,"Median","104",2082,308,521,829
705,"Slovenia",4,"Median","105",2082,264,462,726
705,"Slovenia",4,"Median","106",2082,226,410,636
705,"Slovenia",4,"Median","107",2082,193,364,557
705,"Slovenia",4,"Median","108",2082,166,323,489
705,"Slovenia",4,"Median","109",2082,142,287,429
705,"Slovenia",4,"Median","110",2082,121,254,375
705,"Slovenia",4,"Median","0",2083,7498,7050,14548.5
705,"Slovenia",4,"Median","1",2083,7607,7124,14731.5
705,"Slovenia",4,"Median","2",2083,7704,7192,14896
705,"Slovenia",4,"Median","3",2083,7796,7254,15049.5
705,"Slovenia",4,"Median","4",2083,7880,7312,15191
705,"Slovenia",4,"Median","5",2083,7946,7356,15302
705,"Slovenia",4,"Median","6",2083,8006,7392,15398.5
705,"Slovenia",4,"Median","7",2083,8057,7424,15480.5
705,"Slovenia",4,"Median","8",2083,8097,7445,15542
705,"Slovenia",4,"Median","9",2083,8123,7454,15577.5
705,"Slovenia",4,"Median","10",2083,8130,7448,15578.5
705,"Slovenia",4,"Median","11",2083,8126,7432,15558.5
705,"Slovenia",4,"Median","12",2083,8113,7407,15520
705,"Slovenia",4,"Median","13",2083,8095,7379,15474
705,"Slovenia",4,"Median","14",2083,8075,7350,15424.5
705,"Slovenia",4,"Median","15",2083,8060,7324,15384.5
705,"Slovenia",4,"Median","16",2083,8072,7323,15395.5
705,"Slovenia",4,"Median","17",2083,8132,7361,15493
705,"Slovenia",4,"Median","18",2083,8252,7449,15701
705,"Slovenia",4,"Median","19",2083,8438,7592,16030
705,"Slovenia",4,"Median","20",2083,8673,7778,16451
705,"Slovenia",4,"Median","21",2083,8932,7982,16913.5
705,"Slovenia",4,"Median","22",2083,9184,8176,17359
705,"Slovenia",4,"Median","23",2083,9404,8338,17742
705,"Slovenia",4,"Median","24",2083,9584,8458,18042
705,"Slovenia",4,"Median","25",2083,9728,8548,18277
705,"Slovenia",4,"Median","26",2083,9854,8622,18475
705,"Slovenia",4,"Median","27",2083,9971,8690,18660.5
705,"Slovenia",4,"Median","28",2083,10084,8756,18840
705,"Slovenia",4,"Median","29",2083,10194,8820,19013
705,"Slovenia",4,"Median","30",2083,10302,8887,19189
705,"Slovenia",4,"Median","31",2083,10410,8956,19365
705,"Slovenia",4,"Median","32",2083,10514,9024,19538
705,"Slovenia",4,"Median","33",2083,10620,9096,19717
705,"Slovenia",4,"Median","34",2083,10728,9172,19899.5
705,"Slovenia",4,"Median","35",2083,10822,9239,20061
705,"Slovenia",4,"Median","36",2083,10900,9290,20191
705,"Slovenia",4,"Median","37",2083,10962,9327,20288.5
705,"Slovenia",4,"Median","38",2083,10993,9338,20330.5
705,"Slovenia",4,"Median","39",2083,11000,9328,20327
705,"Slovenia",4,"Median","40",2083,10986,9298,20284
705,"Slovenia",4,"Median","41",2083,10954,9254,20207.5
705,"Slovenia",4,"Median","42",2083,10906,9194,20100.5
705,"Slovenia",4,"Median","43",2083,10838,9116,19954
705,"Slovenia",4,"Median","44",2083,10747,9019,19766
705,"Slovenia",4,"Median","45",2083,10638,8904,19542
705,"Slovenia",4,"Median","46",2083,10523,8786,19309
705,"Slovenia",4,"Median","47",2083,10407,8667,19074
705,"Slovenia",4,"Median","48",2083,10292,8550,18842.5
705,"Slovenia",4,"Median","49",2083,10189,8444,18633.5
705,"Slovenia",4,"Median","50",2083,10104,8357,18461
705,"Slovenia",4,"Median","51",2083,10042,8293,18335.5
705,"Slovenia",4,"Median","52",2083,10014,8262,18275.5
705,"Slovenia",4,"Median","53",2083,10009,8256,18265
705,"Slovenia",4,"Median","54",2083,10040,8284,18324.5
705,"Slovenia",4,"Median","55",2083,10112,8354,18466
705,"Slovenia",4,"Median","56",2083,10214,8454,18668
705,"Slovenia",4,"Median","57",2083,10341,8581,18922
705,"Slovenia",4,"Median","58",2083,10489,8729,19218
705,"Slovenia",4,"Median","59",2083,10622,8885,19506.5
705,"Slovenia",4,"Median","60",2083,10714,9025,19739.5
705,"Slovenia",4,"Median","61",2083,11030,9374,20403
705,"Slovenia",4,"Median","62",2083,11156,9574,20729.5
705,"Slovenia",4,"Median","63",2083,11142,9652,20793
705,"Slovenia",4,"Median","64",2083,11338,9854,21191.5
705,"Slovenia",4,"Median","65",2083,11534,10036,21570
705,"Slovenia",4,"Median","66",2083,11556,10280,21836
705,"Slovenia",4,"Median","67",2083,11494,10347,21841
705,"Slovenia",4,"Median","68",2083,11618,10406,22025
705,"Slovenia",4,"Median","69",2083,11590,10522,22112
705,"Slovenia",4,"Median","70",2083,11715,10696,22411
705,"Slovenia",4,"Median","71",2083,11851,10868,22718.5
705,"Slovenia",4,"Median","72",2083,11857,10974,22831
705,"Slovenia",4,"Median","73",2083,11782,10880,22662.5
705,"Slovenia",4,"Median","74",2083,11485,10814,22299.5
705,"Slovenia",4,"Median","75",2083,10910,10411,21320.5
705,"Slovenia",4,"Median","76",2083,10146,9564,19710
705,"Slovenia",4,"Median","77",2083,9458,8945,18402.5
705,"Slovenia",4,"Median","78",2083,8814,8538,17352
705,"Slovenia",4,"Median","79",2083,8236,8029,16265
705,"Slovenia",4,"Median","80",2083,7774,7560,15333
705,"Slovenia",4,"Median","81",2083,7467,7344,14810.5
705,"Slovenia",4,"Median","82",2083,7432,7370,14802
705,"Slovenia",4,"Median","83",2083,7305,7254,14558.5
705,"Slovenia",4,"Median","84",2083,7052,6926,13978
705,"Slovenia",4,"Median","85",2083,6957,6885,13842
705,"Slovenia",4,"Median","86",2083,6830,6813,13643
705,"Slovenia",4,"Median","87",2083,6480,6618,13098
705,"Slovenia",4,"Median","88",2083,5988,6411,12399.5
705,"Slovenia",4,"Median","89",2083,5565,6134,11699
705,"Slovenia",4,"Median","90",2083,5108,5762,10869
705,"Slovenia",4,"Median","91",2083,4752,5536,10288
705,"Slovenia",4,"Median","92",2083,4348,5322,9669.5
705,"Slovenia",4,"Median","93",2083,3885,4940,8825.5
705,"Slovenia",4,"Median","94",2083,3539,4631,8170
705,"Slovenia",4,"Median","95",2083,3103,4237,7340
705,"Slovenia",4,"Median","96",2083,2544,3598,6142.5
705,"Slovenia",4,"Median","97",2083,2059,3012,5071.5
705,"Slovenia",4,"Median","98",2083,1654,2525,4179.5
705,"Slovenia",4,"Median","99",2083,1293,2034,3327
705,"Slovenia",4,"Median","100",2083,571,830,1401
705,"Slovenia",4,"Median","101",2083,491,741,1232
705,"Slovenia",4,"Median","102",2083,423,662,1085
705,"Slovenia",4,"Median","103",2083,363,591,954
705,"Slovenia",4,"Median","104",2083,313,527,840
705,"Slovenia",4,"Median","105",2083,269,470,739
705,"Slovenia",4,"Median","106",2083,231,420,651
705,"Slovenia",4,"Median","107",2083,199,375,574
705,"Slovenia",4,"Median","108",2083,171,335,506
705,"Slovenia",4,"Median","109",2083,147,299,446
705,"Slovenia",4,"Median","110",2083,126,267,393
705,"Slovenia",4,"Median","0",2084,7420,6976,14395.5
705,"Slovenia",4,"Median","1",2084,7536,7058,14593.5
705,"Slovenia",4,"Median","2",2084,7642,7132,14773.5
705,"Slovenia",4,"Median","3",2084,7737,7198,14935.5
705,"Slovenia",4,"Median","4",2084,7824,7260,15084.5
705,"Slovenia",4,"Median","5",2084,7906,7318,15223.5
705,"Slovenia",4,"Median","6",2084,7972,7360,15332
705,"Slovenia",4,"Median","7",2084,8028,7398,15425.5
705,"Slovenia",4,"Median","8",2084,8078,7428,15505
705,"Slovenia",4,"Median","9",2084,8116,7449,15565.5
705,"Slovenia",4,"Median","10",2084,8140,7458,15598.5
705,"Slovenia",4,"Median","11",2084,8147,7452,15599
705,"Slovenia",4,"Median","12",2084,8142,7436,15577
705,"Slovenia",4,"Median","13",2084,8128,7410,15537.5
705,"Slovenia",4,"Median","14",2084,8109,7382,15491
705,"Slovenia",4,"Median","15",2084,8094,7358,15451.5
705,"Slovenia",4,"Median","16",2084,8099,7350,15448.5
705,"Slovenia",4,"Median","17",2084,8154,7383,15537
705,"Slovenia",4,"Median","18",2084,8270,7468,15739
705,"Slovenia",4,"Median","19",2084,8446,7602,16047.5
705,"Slovenia",4,"Median","20",2084,8670,7776,16446.5
705,"Slovenia",4,"Median","21",2084,8915,7967,16882
705,"Slovenia",4,"Median","22",2084,9150,8145,17294.5
705,"Slovenia",4,"Median","23",2084,9354,8292,17646
705,"Slovenia",4,"Median","24",2084,9519,8401,17920
705,"Slovenia",4,"Median","25",2084,9648,8476,18124.5
705,"Slovenia",4,"Median","26",2084,9756,8531,18286.5
705,"Slovenia",4,"Median","27",2084,9854,8581,18435
705,"Slovenia",4,"Median","28",2084,9956,8636,18592
705,"Slovenia",4,"Median","29",2084,10060,8696,18756
705,"Slovenia",4,"Median","30",2084,10164,8760,18925
705,"Slovenia",4,"Median","31",2084,10272,8829,19100.5
705,"Slovenia",4,"Median","32",2084,10380,8901,19280.5
705,"Slovenia",4,"Median","33",2084,10486,8974,19459.5
705,"Slovenia",4,"Median","34",2084,10594,9050,19644.5
705,"Slovenia",4,"Median","35",2084,10704,9130,19833.5
705,"Slovenia",4,"Median","36",2084,10801,9200,20001.5
705,"Slovenia",4,"Median","37",2084,10881,9256,20137
705,"Slovenia",4,"Median","38",2084,10944,9296,20239
705,"Slovenia",4,"Median","39",2084,10976,9309,20285
705,"Slovenia",4,"Median","40",2084,10986,9302,20288
705,"Slovenia",4,"Median","41",2084,10973,9276,20249
705,"Slovenia",4,"Median","42",2084,10942,9233,20175
705,"Slovenia",4,"Median","43",2084,10896,9176,20071.5
705,"Slovenia",4,"Median","44",2084,10828,9100,19927.5
705,"Slovenia",4,"Median","45",2084,10737,9003,19740
705,"Slovenia",4,"Median","46",2084,10628,8890,19518.5
705,"Slovenia",4,"Median","47",2084,10514,8772,19286.5
705,"Slovenia",4,"Median","48",2084,10398,8654,19052.5
705,"Slovenia",4,"Median","49",2084,10282,8538,18821
705,"Slovenia",4,"Median","50",2084,10178,8433,18611
705,"Slovenia",4,"Median","51",2084,10091,8346,18436.5
705,"Slovenia",4,"Median","52",2084,10028,8282,18310.5
705,"Slovenia",4,"Median","53",2084,9998,8251,18249.5
705,"Slovenia",4,"Median","54",2084,9994,8245,18238.5
705,"Slovenia",4,"Median","55",2084,10022,8274,18296
705,"Slovenia",4,"Median","56",2084,10092,8344,18435
705,"Slovenia",4,"Median","57",2084,10190,8442,18632.5
705,"Slovenia",4,"Median","58",2084,10314,8568,18882.5
705,"Slovenia",4,"Median","59",2084,10460,8715,19174.5
705,"Slovenia",4,"Median","60",2084,10588,8870,19457
705,"Slovenia",4,"Median","61",2084,10677,9008,19684.5
705,"Slovenia",4,"Median","62",2084,10985,9354,20338.5
705,"Slovenia",4,"Median","63",2084,11108,9552,20660
705,"Slovenia",4,"Median","64",2084,11092,9630,20721.5
705,"Slovenia",4,"Median","65",2084,11285,9832,21116.5
705,"Slovenia",4,"Median","66",2084,11477,10010,21487.5
705,"Slovenia",4,"Median","67",2084,11494,10254,21748.5
705,"Slovenia",4,"Median","68",2084,11429,10320,21749
705,"Slovenia",4,"Median","69",2084,11550,10378,21928
705,"Slovenia",4,"Median","70",2084,11520,10492,22011
705,"Slovenia",4,"Median","71",2084,11638,10662,22300.5
705,"Slovenia",4,"Median","72",2084,11768,10832,22599
705,"Slovenia",4,"Median","73",2084,11765,10934,22699
705,"Slovenia",4,"Median","74",2084,11676,10832,22508.5
705,"Slovenia",4,"Median","75",2084,11354,10750,22104.5
705,"Slovenia",4,"Median","76",2084,10748,10327,21075
705,"Slovenia",4,"Median","77",2084,9966,9470,19435
705,"Slovenia",4,"Median","78",2084,9268,8844,18111
705,"Slovenia",4,"Median","79",2084,8618,8428,17045.5
705,"Slovenia",4,"Median","80",2084,8026,7908,15934.5
705,"Slovenia",4,"Median","81",2084,7550,7428,14977.5
705,"Slovenia",4,"Median","82",2084,7224,7196,14420
705,"Slovenia",4,"Median","83",2084,7158,7198,14357
705,"Slovenia",4,"Median","84",2084,7002,7058,14060.5
705,"Slovenia",4,"Median","85",2084,6722,6710,13432.5
705,"Slovenia",4,"Median","86",2084,6590,6638,13228
705,"Slovenia",4,"Median","87",2084,6424,6531,12955
705,"Slovenia",4,"Median","88",2084,6046,6303,12349
705,"Slovenia",4,"Median","89",2084,5538,6060,11598
705,"Slovenia",4,"Median","90",2084,5096,5748,10844.5
705,"Slovenia",4,"Median","91",2084,4626,5346,9971.5
705,"Slovenia",4,"Median","92",2084,4250,5080,9329.5
705,"Slovenia",4,"Median","93",2084,3836,4821,8656.5
705,"Slovenia",4,"Median","94",2084,3376,4412,7787.5
705,"Slovenia",4,"Median","95",2084,3024,4070,7094
705,"Slovenia",4,"Median","96",2084,2604,3658,6261.5
705,"Slovenia",4,"Median","97",2084,2093,3044,5137.5
705,"Slovenia",4,"Median","98",2084,1658,2494,4152
705,"Slovenia",4,"Median","99",2084,1302,2040,3342
705,"Slovenia",4,"Median","100",2084,568,825,1393
705,"Slovenia",4,"Median","101",2084,490,740,1230
705,"Slovenia",4,"Median","102",2084,423,663,1086
705,"Slovenia",4,"Median","103",2084,365,594,959
705,"Slovenia",4,"Median","104",2084,315,532,847
705,"Slovenia",4,"Median","105",2084,272,477,749
705,"Slovenia",4,"Median","106",2084,235,427,662
705,"Slovenia",4,"Median","107",2084,203,383,586
705,"Slovenia",4,"Median","108",2084,175,343,518
705,"Slovenia",4,"Median","109",2084,151,307,458
705,"Slovenia",4,"Median","110",2084,130,275,405
705,"Slovenia",4,"Median","0",2085,7340,6902,14242
705,"Slovenia",4,"Median","1",2085,7457,6984,14441
705,"Slovenia",4,"Median","2",2085,7570,7065,14635.5
705,"Slovenia",4,"Median","3",2085,7674,7138,14812.5
705,"Slovenia",4,"Median","4",2085,7766,7204,14970
705,"Slovenia",4,"Median","5",2085,7851,7266,15117
705,"Slovenia",4,"Median","6",2085,7930,7322,15253
705,"Slovenia",4,"Median","7",2085,7994,7366,15359
705,"Slovenia",4,"Median","8",2085,8049,7402,15450.5
705,"Slovenia",4,"Median","9",2085,8097,7432,15528.5
705,"Slovenia",4,"Median","10",2085,8134,7453,15586.5
705,"Slovenia",4,"Median","11",2085,8157,7462,15619
705,"Slovenia",4,"Median","12",2085,8162,7456,15617.5
705,"Slovenia",4,"Median","13",2085,8156,7438,15594.5
705,"Slovenia",4,"Median","14",2085,8141,7413,15554
705,"Slovenia",4,"Median","15",2085,8128,7390,15518
705,"Slovenia",4,"Median","16",2085,8133,7382,15515.5
705,"Slovenia",4,"Median","17",2085,8180,7410,15590
705,"Slovenia",4,"Median","18",2085,8292,7490,15782.5
705,"Slovenia",4,"Median","19",2085,8464,7621,16084.5
705,"Slovenia",4,"Median","20",2085,8678,7786,16463
705,"Slovenia",4,"Median","21",2085,8911,7965,16876
705,"Slovenia",4,"Median","22",2085,9132,8130,17262.5
705,"Slovenia",4,"Median","23",2085,9320,8262,17581
705,"Slovenia",4,"Median","24",2085,9468,8356,17824
705,"Slovenia",4,"Median","25",2085,9584,8418,18003
705,"Slovenia",4,"Median","26",2085,9676,8458,18133.5
705,"Slovenia",4,"Median","27",2085,9756,8490,18246.5
705,"Slovenia",4,"Median","28",2085,9838,8528,18367
705,"Slovenia",4,"Median","29",2085,9930,8578,18508.5
705,"Slovenia",4,"Median","30",2085,10030,8638,18668
705,"Slovenia",4,"Median","31",2085,10134,8702,18836.5
705,"Slovenia",4,"Median","32",2085,10242,8774,19016.5
705,"Slovenia",4,"Median","33",2085,10352,8850,19202.5
705,"Slovenia",4,"Median","34",2085,10460,8927,19387.5
705,"Slovenia",4,"Median","35",2085,10571,9008,19579
705,"Slovenia",4,"Median","36",2085,10683,9092,19775
705,"Slovenia",4,"Median","37",2085,10782,9166,19947.5
705,"Slovenia",4,"Median","38",2085,10863,9225,20088
705,"Slovenia",4,"Median","39",2085,10927,9268,20194.5
705,"Slovenia",4,"Median","40",2085,10962,9284,20246.5
705,"Slovenia",4,"Median","41",2085,10972,9280,20252.5
705,"Slovenia",4,"Median","42",2085,10962,9256,20217.5
705,"Slovenia",4,"Median","43",2085,10932,9214,20146
705,"Slovenia",4,"Median","44",2085,10885,9160,20044.5
705,"Slovenia",4,"Median","45",2085,10818,9084,19901.5
705,"Slovenia",4,"Median","46",2085,10728,8989,19716.5
705,"Slovenia",4,"Median","47",2085,10619,8877,19496
705,"Slovenia",4,"Median","48",2085,10504,8760,19265
705,"Slovenia",4,"Median","49",2085,10388,8644,19031.5
705,"Slovenia",4,"Median","50",2085,10272,8528,18799
705,"Slovenia",4,"Median","51",2085,10165,8422,18586.5
705,"Slovenia",4,"Median","52",2085,10076,8334,18411
705,"Slovenia",4,"Median","53",2085,10014,8271,18284.5
705,"Slovenia",4,"Median","54",2085,9984,8240,18224
705,"Slovenia",4,"Median","55",2085,9976,8234,18211
705,"Slovenia",4,"Median","56",2085,10002,8264,18266
705,"Slovenia",4,"Median","57",2085,10069,8332,18400.5
705,"Slovenia",4,"Median","58",2085,10164,8430,18594.5
705,"Slovenia",4,"Median","59",2085,10286,8554,18840
705,"Slovenia",4,"Median","60",2085,10427,8700,19127
705,"Slovenia",4,"Median","61",2085,10550,8852,19403
705,"Slovenia",4,"Median","62",2085,10634,8989,19623.5
705,"Slovenia",4,"Median","63",2085,10938,9333,20271.5
705,"Slovenia",4,"Median","64",2085,11058,9532,20589.5
705,"Slovenia",4,"Median","65",2085,11041,9608,20649.5
705,"Slovenia",4,"Median","66",2085,11230,9808,21038
705,"Slovenia",4,"Median","67",2085,11417,9986,21402.5
705,"Slovenia",4,"Median","68",2085,11430,10228,21658
705,"Slovenia",4,"Median","69",2085,11363,10292,21655.5
705,"Slovenia",4,"Median","70",2085,11480,10350,21830
705,"Slovenia",4,"Median","71",2085,11446,10460,21905
705,"Slovenia",4,"Median","72",2085,11558,10628,22185.5
705,"Slovenia",4,"Median","73",2085,11678,10793,22471
705,"Slovenia",4,"Median","74",2085,11661,10887,22548
705,"Slovenia",4,"Median","75",2085,11546,10769,22315
705,"Slovenia",4,"Median","76",2085,11188,10666,21854
705,"Slovenia",4,"Median","77",2085,10559,10228,20786.5
705,"Slovenia",4,"Median","78",2085,9768,9364,19133
705,"Slovenia",4,"Median","79",2085,9064,8732,17795
705,"Slovenia",4,"Median","80",2085,8402,8303,16705
705,"Slovenia",4,"Median","81",2085,7798,7772,15570.5
705,"Slovenia",4,"Median","82",2085,7306,7281,14587.5
705,"Slovenia",4,"Median","83",2085,6962,7031,13993
705,"Slovenia",4,"Median","84",2085,6866,7008,13874
705,"Slovenia",4,"Median","85",2085,6678,6842,13520.5
705,"Slovenia",4,"Median","86",2085,6371,6474,12844.5
705,"Slovenia",4,"Median","87",2085,6202,6368,12570
705,"Slovenia",4,"Median","88",2085,5999,6224,12223
705,"Slovenia",4,"Median","89",2085,5596,5962,11559
705,"Slovenia",4,"Median","90",2085,5076,5684,10760
705,"Slovenia",4,"Median","91",2085,4619,5339,9958
705,"Slovenia",4,"Median","92",2085,4141,4910,9051.5
705,"Slovenia",4,"Median","93",2085,3753,4607,8360
705,"Slovenia",4,"Median","94",2085,3338,4310,7648
705,"Slovenia",4,"Median","95",2085,2889,3882,6771
705,"Slovenia",4,"Median","96",2085,2542,3518,6059.5
705,"Slovenia",4,"Median","97",2085,2146,3100,5245
705,"Slovenia",4,"Median","98",2085,1688,2524,4212.5
705,"Slovenia",4,"Median","99",2085,1306,2019,3325.5
705,"Slovenia",4,"Median","100",2085,567,825,1392
705,"Slovenia",4,"Median","101",2085,491,741,1232
705,"Slovenia",4,"Median","102",2085,425,665,1090
705,"Slovenia",4,"Median","103",2085,368,597,965
705,"Slovenia",4,"Median","104",2085,318,536,854
705,"Slovenia",4,"Median","105",2085,275,482,757
705,"Slovenia",4,"Median","106",2085,238,432,670
705,"Slovenia",4,"Median","107",2085,206,388,594
705,"Slovenia",4,"Median","108",2085,178,349,527
705,"Slovenia",4,"Median","109",2085,154,313,467
705,"Slovenia",4,"Median","110",2085,134,281,415
705,"Slovenia",4,"Median","0",2086,7261,6826,14087
705,"Slovenia",4,"Median","1",2086,7376,6908,14284
705,"Slovenia",4,"Median","2",2086,7490,6990,14479.5
705,"Slovenia",4,"Median","3",2086,7601,7070,14671.5
705,"Slovenia",4,"Median","4",2086,7701,7144,14845
705,"Slovenia",4,"Median","5",2086,7791,7210,15000.5
705,"Slovenia",4,"Median","6",2086,7874,7270,15144.5
705,"Slovenia",4,"Median","7",2086,7952,7326,15278
705,"Slovenia",4,"Median","8",2086,8014,7369,15382.5
705,"Slovenia",4,"Median","9",2086,8067,7405,15472
705,"Slovenia",4,"Median","10",2086,8114,7435,15548.5
705,"Slovenia",4,"Median","11",2086,8150,7456,15605
705,"Slovenia",4,"Median","12",2086,8171,7465,15636
705,"Slovenia",4,"Median","13",2086,8176,7458,15633.5
705,"Slovenia",4,"Median","14",2086,8169,7441,15610
705,"Slovenia",4,"Median","15",2086,8160,7420,15580
705,"Slovenia",4,"Median","16",2086,8166,7414,15580.5
705,"Slovenia",4,"Median","17",2086,8213,7442,15655
705,"Slovenia",4,"Median","18",2086,8316,7515,15831.5
705,"Slovenia",4,"Median","19",2086,8483,7642,16124.5
705,"Slovenia",4,"Median","20",2086,8693,7802,16495.5
705,"Slovenia",4,"Median","21",2086,8916,7972,16888
705,"Slovenia",4,"Median","22",2086,9126,8126,17251.5
705,"Slovenia",4,"Median","23",2086,9300,8244,17544
705,"Slovenia",4,"Median","24",2086,9432,8322,17754
705,"Slovenia",4,"Median","25",2086,9531,8370,17901.5
705,"Slovenia",4,"Median","26",2086,9608,8398,18006.5
705,"Slovenia",4,"Median","27",2086,9674,8416,18089
705,"Slovenia",4,"Median","28",2086,9738,8436,18173.5
705,"Slovenia",4,"Median","29",2086,9811,8468,18279
705,"Slovenia",4,"Median","30",2086,9900,8516,18416
705,"Slovenia",4,"Median","31",2086,9998,8578,18575.5
705,"Slovenia",4,"Median","32",2086,10103,8646,18749.5
705,"Slovenia",4,"Median","33",2086,10212,8722,18935
705,"Slovenia",4,"Median","34",2086,10324,8803,19127.5
705,"Slovenia",4,"Median","35",2086,10436,8884,19319.5
705,"Slovenia",4,"Median","36",2086,10549,8968,19517.5
705,"Slovenia",4,"Median","37",2086,10662,9056,19719
705,"Slovenia",4,"Median","38",2086,10763,9134,19897
705,"Slovenia",4,"Median","39",2086,10846,9196,20042
705,"Slovenia",4,"Median","40",2086,10912,9242,20154
705,"Slovenia",4,"Median","41",2086,10948,9262,20210
705,"Slovenia",4,"Median","42",2086,10960,9260,20219.5
705,"Slovenia",4,"Median","43",2086,10950,9236,20186.5
705,"Slovenia",4,"Median","44",2086,10920,9197,20117
705,"Slovenia",4,"Median","45",2086,10874,9143,20017.5
705,"Slovenia",4,"Median","46",2086,10807,9070,19876.5
705,"Slovenia",4,"Median","47",2086,10718,8975,19692.5
705,"Slovenia",4,"Median","48",2086,10609,8864,19473.5
705,"Slovenia",4,"Median","49",2086,10494,8749,19243.5
705,"Slovenia",4,"Median","50",2086,10376,8632,19008.5
705,"Slovenia",4,"Median","51",2086,10258,8516,18773.5
705,"Slovenia",4,"Median","52",2086,10150,8410,18560.5
705,"Slovenia",4,"Median","53",2086,10062,8323,18385
705,"Slovenia",4,"Median","54",2086,9998,8260,18259
705,"Slovenia",4,"Median","55",2086,9966,8230,18196.5
705,"Slovenia",4,"Median","56",2086,9956,8224,18180.5
705,"Slovenia",4,"Median","57",2086,9980,8252,18232
705,"Slovenia",4,"Median","58",2086,10044,8319,18363
705,"Slovenia",4,"Median","59",2086,10136,8416,18552.5
705,"Slovenia",4,"Median","60",2086,10254,8539,18793.5
705,"Slovenia",4,"Median","61",2086,10390,8684,19074
705,"Slovenia",4,"Median","62",2086,10509,8834,19343.5
705,"Slovenia",4,"Median","63",2086,10590,8969,19559
705,"Slovenia",4,"Median","64",2086,10890,9313,20203
705,"Slovenia",4,"Median","65",2086,11008,9510,20519
705,"Slovenia",4,"Median","66",2086,10988,9586,20574
705,"Slovenia",4,"Median","67",2086,11172,9784,20955.5
705,"Slovenia",4,"Median","68",2086,11354,9960,21314.5
705,"Slovenia",4,"Median","69",2086,11365,10201,21566
705,"Slovenia",4,"Median","70",2086,11296,10264,21560.5
705,"Slovenia",4,"Median","71",2086,11408,10318,21725.5
705,"Slovenia",4,"Median","72",2086,11368,10426,21794
705,"Slovenia",4,"Median","73",2086,11472,10591,22062.5
705,"Slovenia",4,"Median","74",2086,11576,10748,22324
705,"Slovenia",4,"Median","75",2086,11532,10826,22358
705,"Slovenia",4,"Median","76",2086,11380,10686,22066.5
705,"Slovenia",4,"Median","77",2086,10995,10564,21559.5
705,"Slovenia",4,"Median","78",2086,10354,10116,20469.5
705,"Slovenia",4,"Median","79",2086,9556,9248,18804
705,"Slovenia",4,"Median","80",2086,8840,8605,17444.5
705,"Slovenia",4,"Median","81",2086,8166,8163,16329
705,"Slovenia",4,"Median","82",2086,7551,7622,15172.5
705,"Slovenia",4,"Median","83",2086,7046,7117,14162.5
705,"Slovenia",4,"Median","84",2086,6680,6848,13529
705,"Slovenia",4,"Median","85",2086,6552,6797,13348.5
705,"Slovenia",4,"Median","86",2086,6334,6604,12938.5
705,"Slovenia",4,"Median","87",2086,6000,6214,12214.5
705,"Slovenia",4,"Median","88",2086,5796,6073,11869.5
705,"Slovenia",4,"Median","89",2086,5558,5892,11450
705,"Slovenia",4,"Median","90",2086,5134,5597,10731
705,"Slovenia",4,"Median","91",2086,4606,5284,9889
705,"Slovenia",4,"Median","92",2086,4140,4909,9049
705,"Slovenia",4,"Median","93",2086,3662,4459,8121
705,"Slovenia",4,"Median","94",2086,3270,4124,7394.5
705,"Slovenia",4,"Median","95",2086,2860,3798,6658.5
705,"Slovenia",4,"Median","96",2086,2431,3361,5792
705,"Slovenia",4,"Median","97",2086,2097,2986,5083
705,"Slovenia",4,"Median","98",2086,1733,2574,4307.5
705,"Slovenia",4,"Median","99",2086,1332,2048,3379.5
705,"Slovenia",4,"Median","100",2086,570,824,1394
705,"Slovenia",4,"Median","101",2086,494,741,1235
705,"Slovenia",4,"Median","102",2086,428,666,1094
705,"Slovenia",4,"Median","103",2086,370,599,969
705,"Slovenia",4,"Median","104",2086,321,539,860
705,"Slovenia",4,"Median","105",2086,278,485,763
705,"Slovenia",4,"Median","106",2086,241,436,677
705,"Slovenia",4,"Median","107",2086,208,392,600
705,"Slovenia",4,"Median","108",2086,180,353,533
705,"Slovenia",4,"Median","109",2086,156,317,473
705,"Slovenia",4,"Median","110",2086,135,285,420
705,"Slovenia",4,"Median","0",2087,7188,6757,13945
705,"Slovenia",4,"Median","1",2087,7296,6832,14128
705,"Slovenia",4,"Median","2",2087,7408,6914,14322
705,"Slovenia",4,"Median","3",2087,7520,6995,14515
705,"Slovenia",4,"Median","4",2087,7628,7076,14703.5
705,"Slovenia",4,"Median","5",2087,7726,7148,14875
705,"Slovenia",4,"Median","6",2087,7814,7214,15027.5
705,"Slovenia",4,"Median","7",2087,7896,7274,15169.5
705,"Slovenia",4,"Median","8",2087,7971,7330,15301
705,"Slovenia",4,"Median","9",2087,8032,7372,15403.5
705,"Slovenia",4,"Median","10",2087,8084,7408,15491.5
705,"Slovenia",4,"Median","11",2087,8129,7438,15566.5
705,"Slovenia",4,"Median","12",2087,8164,7458,15622
705,"Slovenia",4,"Median","13",2087,8184,7467,15651.5
705,"Slovenia",4,"Median","14",2087,8188,7460,15649
705,"Slovenia",4,"Median","15",2087,8187,7448,15635.5
705,"Slovenia",4,"Median","16",2087,8198,7445,15642.5
705,"Slovenia",4,"Median","17",2087,8246,7474,15719.5
705,"Slovenia",4,"Median","18",2087,8349,7546,15895.5
705,"Slovenia",4,"Median","19",2087,8507,7666,16172.5
705,"Slovenia",4,"Median","20",2087,8712,7822,16533.5
705,"Slovenia",4,"Median","21",2087,8931,7988,16919
705,"Slovenia",4,"Median","22",2087,9130,8132,17262
705,"Slovenia",4,"Median","23",2087,9292,8239,17531
705,"Slovenia",4,"Median","24",2087,9410,8304,17715
705,"Slovenia",4,"Median","25",2087,9493,8336,17829.5
705,"Slovenia",4,"Median","26",2087,9554,8350,17904.5
705,"Slovenia",4,"Median","27",2087,9606,8355,17961
705,"Slovenia",4,"Median","28",2087,9654,8360,18014.5
705,"Slovenia",4,"Median","29",2087,9710,8375,18085.5
705,"Slovenia",4,"Median","30",2087,9780,8406,18186.5
705,"Slovenia",4,"Median","31",2087,9866,8457,18323.5
705,"Slovenia",4,"Median","32",2087,9967,8522,18488.5
705,"Slovenia",4,"Median","33",2087,10073,8594,18667.5
705,"Slovenia",4,"Median","34",2087,10185,8675,18860
705,"Slovenia",4,"Median","35",2087,10300,8760,19059
705,"Slovenia",4,"Median","36",2087,10414,8844,19258
705,"Slovenia",4,"Median","37",2087,10528,8934,19462
705,"Slovenia",4,"Median","38",2087,10644,9024,19667.5
705,"Slovenia",4,"Median","39",2087,10746,9105,19850.5
705,"Slovenia",4,"Median","40",2087,10830,9170,20001
705,"Slovenia",4,"Median","41",2087,10898,9219,20117.5
705,"Slovenia",4,"Median","42",2087,10936,9240,20176.5
705,"Slovenia",4,"Median","43",2087,10948,9240,20188.5
705,"Slovenia",4,"Median","44",2087,10938,9219,20157.5
705,"Slovenia",4,"Median","45",2087,10910,9180,20090
705,"Slovenia",4,"Median","46",2087,10864,9128,19993
705,"Slovenia",4,"Median","47",2087,10798,9055,19852.5
705,"Slovenia",4,"Median","48",2087,10708,8962,19670.5
705,"Slovenia",4,"Median","49",2087,10599,8852,19451.5
705,"Slovenia",4,"Median","50",2087,10482,8737,19219.5
705,"Slovenia",4,"Median","51",2087,10363,8620,18983
705,"Slovenia",4,"Median","52",2087,10244,8504,18747.5
705,"Slovenia",4,"Median","53",2087,10136,8399,18534.5
705,"Slovenia",4,"Median","54",2087,10046,8312,18359
705,"Slovenia",4,"Median","55",2087,9982,8250,18231.5
705,"Slovenia",4,"Median","56",2087,9946,8219,18165.5
705,"Slovenia",4,"Median","57",2087,9935,8212,18147
705,"Slovenia",4,"Median","58",2087,9956,8239,18195
705,"Slovenia",4,"Median","59",2087,10016,8306,18322
705,"Slovenia",4,"Median","60",2087,10106,8402,18507.5
705,"Slovenia",4,"Median","61",2087,10219,8524,18742.5
705,"Slovenia",4,"Median","62",2087,10350,8666,19016
705,"Slovenia",4,"Median","63",2087,10466,8816,19281
705,"Slovenia",4,"Median","64",2087,10544,8950,19494.5
705,"Slovenia",4,"Median","65",2087,10842,9292,20134.5
705,"Slovenia",4,"Median","66",2087,10956,9488,20445
705,"Slovenia",4,"Median","67",2087,10932,9562,20495
705,"Slovenia",4,"Median","68",2087,11112,9759,20871
705,"Slovenia",4,"Median","69",2087,11291,9934,21225.5
705,"Slovenia",4,"Median","70",2087,11299,10174,21473
705,"Slovenia",4,"Median","71",2087,11226,10234,21459.5
705,"Slovenia",4,"Median","72",2087,11332,10286,21618
705,"Slovenia",4,"Median","73",2087,11285,10390,21675.5
705,"Slovenia",4,"Median","74",2087,11373,10548,21920.5
705,"Slovenia",4,"Median","75",2087,11451,10688,22139
705,"Slovenia",4,"Median","76",2087,11370,10744,22113.5
705,"Slovenia",4,"Median","77",2087,11186,10586,21772.5
705,"Slovenia",4,"Median","78",2087,10784,10451,21235
705,"Slovenia",4,"Median","79",2087,10132,9992,20124
705,"Slovenia",4,"Median","80",2087,9324,9116,18440
705,"Slovenia",4,"Median","81",2087,8595,8462,17057.5
705,"Slovenia",4,"Median","82",2087,7911,8007,15918
705,"Slovenia",4,"Median","83",2087,7284,7453,14737.5
705,"Slovenia",4,"Median","84",2087,6764,6935,13699
705,"Slovenia",4,"Median","85",2087,6379,6645,13024
705,"Slovenia",4,"Median","86",2087,6218,6564,12782
705,"Slovenia",4,"Median","87",2087,5970,6344,12313
705,"Slovenia",4,"Median","88",2087,5612,5930,11542.5
705,"Slovenia",4,"Median","89",2087,5374,5754,11127.5
705,"Slovenia",4,"Median","90",2087,5102,5536,10638
705,"Slovenia",4,"Median","91",2087,4663,5208,9871
705,"Slovenia",4,"Median","92",2087,4132,4862,8995
705,"Slovenia",4,"Median","93",2087,3666,4462,8128
705,"Slovenia",4,"Median","94",2087,3194,3996,7190.5
705,"Slovenia",4,"Median","95",2087,2806,3639,6444.5
705,"Slovenia",4,"Median","96",2087,2410,3293,5703
705,"Slovenia",4,"Median","97",2087,2009,2857,4866
705,"Slovenia",4,"Median","98",2087,1696,2484,4180.5
705,"Slovenia",4,"Median","99",2087,1370,2091,3461
705,"Slovenia",4,"Median","100",2087,580,833,1413
705,"Slovenia",4,"Median","101",2087,501,749,1250
705,"Slovenia",4,"Median","102",2087,434,673,1107
705,"Slovenia",4,"Median","103",2087,375,605,980
705,"Slovenia",4,"Median","104",2087,325,544,869
705,"Slovenia",4,"Median","105",2087,281,489,770
705,"Slovenia",4,"Median","106",2087,243,439,682
705,"Slovenia",4,"Median","107",2087,210,395,605
705,"Slovenia",4,"Median","108",2087,182,355,537
705,"Slovenia",4,"Median","109",2087,157,319,476
705,"Slovenia",4,"Median","110",2087,136,287,423
705,"Slovenia",4,"Median","0",2088,7126,6700,13826
705,"Slovenia",4,"Median","1",2088,7224,6764,13989
705,"Slovenia",4,"Median","2",2088,7330,6839,14168.5
705,"Slovenia",4,"Median","3",2088,7440,6920,14359.5
705,"Slovenia",4,"Median","4",2088,7548,7000,14548.5
705,"Slovenia",4,"Median","5",2088,7654,7081,14735
705,"Slovenia",4,"Median","6",2088,7750,7154,14903.5
705,"Slovenia",4,"Median","7",2088,7836,7218,15054
705,"Slovenia",4,"Median","8",2088,7916,7278,15193.5
705,"Slovenia",4,"Median","9",2088,7990,7334,15323.5
705,"Slovenia",4,"Median","10",2088,8048,7376,15424
705,"Slovenia",4,"Median","11",2088,8100,7412,15511
705,"Slovenia",4,"Median","12",2088,8144,7440,15584.5
705,"Slovenia",4,"Median","13",2088,8178,7461,15638.5
705,"Slovenia",4,"Median","14",2088,8198,7470,15668
705,"Slovenia",4,"Median","15",2088,8207,7468,15675.5
705,"Slovenia",4,"Median","16",2088,8226,7473,15699
705,"Slovenia",4,"Median","17",2088,8278,7504,15782
705,"Slovenia",4,"Median","18",2088,8382,7579,15961.5
705,"Slovenia",4,"Median","19",2088,8540,7698,16237.5
705,"Slovenia",4,"Median","20",2088,8736,7847,16583.5
705,"Slovenia",4,"Median","21",2088,8950,8008,16959
705,"Slovenia",4,"Median","22",2088,9146,8150,17295.5
705,"Slovenia",4,"Median","23",2088,9297,8246,17543.5
705,"Slovenia",4,"Median","24",2088,9404,8301,17705.5
705,"Slovenia",4,"Median","25",2088,9474,8320,17794.5
705,"Slovenia",4,"Median","26",2088,9518,8318,17836.5
705,"Slovenia",4,"Median","27",2088,9554,8309,17863
705,"Slovenia",4,"Median","28",2088,9588,8302,17890.5
705,"Slovenia",4,"Median","29",2088,9629,8302,17930.5
705,"Slovenia",4,"Median","30",2088,9680,8316,17996
705,"Slovenia",4,"Median","31",2088,9749,8348,18097.5
705,"Slovenia",4,"Median","32",2088,9837,8402,18239
705,"Slovenia",4,"Median","33",2088,9938,8471,18409.5
705,"Slovenia",4,"Median","34",2088,10047,8548,18595
705,"Slovenia",4,"Median","35",2088,10161,8632,18793.5
705,"Slovenia",4,"Median","36",2088,10278,8722,19000
705,"Slovenia",4,"Median","37",2088,10394,8810,19203.5
705,"Slovenia",4,"Median","38",2088,10510,8902,19412
705,"Slovenia",4,"Median","39",2088,10627,8996,19623.5
705,"Slovenia",4,"Median","40",2088,10730,9080,19810.5
705,"Slovenia",4,"Median","41",2088,10818,9148,19966
705,"Slovenia",4,"Median","42",2088,10886,9198,20085
705,"Slovenia",4,"Median","43",2088,10925,9222,20147
705,"Slovenia",4,"Median","44",2088,10938,9223,20161
705,"Slovenia",4,"Median","45",2088,10929,9204,20132.5
705,"Slovenia",4,"Median","46",2088,10900,9166,20067
705,"Slovenia",4,"Median","47",2088,10855,9114,19969.5
705,"Slovenia",4,"Median","48",2088,10788,9043,19831.5
705,"Slovenia",4,"Median","49",2088,10698,8951,19649
705,"Slovenia",4,"Median","50",2088,10588,8841,19428.5
705,"Slovenia",4,"Median","51",2088,10470,8726,19195
705,"Slovenia",4,"Median","52",2088,10348,8608,18957
705,"Slovenia",4,"Median","53",2088,10229,8494,18722.5
705,"Slovenia",4,"Median","54",2088,10120,8389,18509
705,"Slovenia",4,"Median","55",2088,10030,8302,18332.5
705,"Slovenia",4,"Median","56",2088,9962,8240,18201.5
705,"Slovenia",4,"Median","57",2088,9926,8208,18133.5
705,"Slovenia",4,"Median","58",2088,9911,8200,18111.5
705,"Slovenia",4,"Median","59",2088,9930,8226,18155.5
705,"Slovenia",4,"Median","60",2088,9987,8292,18279
705,"Slovenia",4,"Median","61",2088,10072,8386,18458.5
705,"Slovenia",4,"Median","62",2088,10180,8506,18686.5
705,"Slovenia",4,"Median","63",2088,10308,8648,18956
705,"Slovenia",4,"Median","64",2088,10422,8798,19219
705,"Slovenia",4,"Median","65",2088,10498,8931,19429.5
705,"Slovenia",4,"Median","66",2088,10792,9272,20063.5
705,"Slovenia",4,"Median","67",2088,10902,9466,20367.5
705,"Slovenia",4,"Median","68",2088,10874,9539,20413.5
705,"Slovenia",4,"Median","69",2088,11052,9735,20786.5
705,"Slovenia",4,"Median","70",2088,11226,9908,21135
705,"Slovenia",4,"Median","71",2088,11230,10144,21375
705,"Slovenia",4,"Median","72",2088,11152,10203,21355.5
705,"Slovenia",4,"Median","73",2088,11251,10252,21503
705,"Slovenia",4,"Median","74",2088,11190,10349,21539
705,"Slovenia",4,"Median","75",2088,11252,10490,21742.5
705,"Slovenia",4,"Median","76",2088,11292,10609,21900.5
705,"Slovenia",4,"Median","77",2088,11178,10645,21823.5
705,"Slovenia",4,"Median","78",2088,10974,10475,21449.5
705,"Slovenia",4,"Median","79",2088,10556,10326,20882
705,"Slovenia",4,"Median","80",2088,9888,9853,19741.5
705,"Slovenia",4,"Median","81",2088,9069,8968,18037
705,"Slovenia",4,"Median","82",2088,8330,8304,16633
705,"Slovenia",4,"Median","83",2088,7635,7833,15468
705,"Slovenia",4,"Median","84",2088,6997,7266,14262.5
705,"Slovenia",4,"Median","85",2088,6462,6732,13194.5
705,"Slovenia",4,"Median","86",2088,6058,6420,12478
705,"Slovenia",4,"Median","87",2088,5864,6308,12172
705,"Slovenia",4,"Median","88",2088,5588,6058,11645
705,"Slovenia",4,"Median","89",2088,5208,5622,10829.5
705,"Slovenia",4,"Median","90",2088,4938,5410,10348
705,"Slovenia",4,"Median","91",2088,4639,5156,9795
705,"Slovenia",4,"Median","92",2088,4188,4798,8985.5
705,"Slovenia",4,"Median","93",2088,3662,4425,8087.5
705,"Slovenia",4,"Median","94",2088,3200,4004,7205
705,"Slovenia",4,"Median","95",2088,2744,3530,6274
705,"Slovenia",4,"Median","96",2088,2367,3159,5526
705,"Slovenia",4,"Median","97",2088,1994,2804,4797.5
705,"Slovenia",4,"Median","98",2088,1628,2380,4008
705,"Slovenia",4,"Median","99",2088,1343,2021,3364
705,"Slovenia",4,"Median","100",2088,595,854,1449
705,"Slovenia",4,"Median","101",2088,513,766,1279
705,"Slovenia",4,"Median","102",2088,443,686,1129
705,"Slovenia",4,"Median","103",2088,383,615,998
705,"Slovenia",4,"Median","104",2088,331,551,882
705,"Slovenia",4,"Median","105",2088,285,494,779
705,"Slovenia",4,"Median","106",2088,246,443,689
705,"Slovenia",4,"Median","107",2088,213,397,610
705,"Slovenia",4,"Median","108",2088,184,355,539
705,"Slovenia",4,"Median","109",2088,159,318,477
705,"Slovenia",4,"Median","110",2088,137,285,422
705,"Slovenia",4,"Median","0",2089,7067,6644,13710.5
705,"Slovenia",4,"Median","1",2089,7163,6707,13870
705,"Slovenia",4,"Median","2",2089,7258,6771,14029
705,"Slovenia",4,"Median","3",2089,7360,6845,14205.5
705,"Slovenia",4,"Median","4",2089,7468,6925,14392.5
705,"Slovenia",4,"Median","5",2089,7574,7006,14580
705,"Slovenia",4,"Median","6",2089,7678,7086,14763.5
705,"Slovenia",4,"Median","7",2089,7772,7158,14929
705,"Slovenia",4,"Median","8",2089,7856,7222,15078
705,"Slovenia",4,"Median","9",2089,7934,7282,15215.5
705,"Slovenia",4,"Median","10",2089,8007,7337,15344
705,"Slovenia",4,"Median","11",2089,8064,7379,15443.5
705,"Slovenia",4,"Median","12",2089,8114,7414,15528.5
705,"Slovenia",4,"Median","13",2089,8158,7444,15601
705,"Slovenia",4,"Median","14",2089,8191,7464,15655
705,"Slovenia",4,"Median","15",2089,8216,7478,15694.5
705,"Slovenia",4,"Median","16",2089,8246,7492,15738
705,"Slovenia",4,"Median","17",2089,8306,7532,15837.5
705,"Slovenia",4,"Median","18",2089,8414,7610,16023
705,"Slovenia",4,"Median","19",2089,8573,7730,16302.5
705,"Slovenia",4,"Median","20",2089,8769,7879,16648
705,"Slovenia",4,"Median","21",2089,8974,8033,17007.5
705,"Slovenia",4,"Median","22",2089,9164,8170,17334
705,"Slovenia",4,"Median","23",2089,9312,8264,17576
705,"Slovenia",4,"Median","24",2089,9410,8308,17718
705,"Slovenia",4,"Median","25",2089,9468,8317,17785
705,"Slovenia",4,"Median","26",2089,9499,8302,17800.5
705,"Slovenia",4,"Median","27",2089,9518,8278,17795.5
705,"Slovenia",4,"Median","28",2089,9537,8256,17793
705,"Slovenia",4,"Median","29",2089,9563,8243,17806
705,"Slovenia",4,"Median","30",2089,9599,8242,17841
705,"Slovenia",4,"Median","31",2089,9650,8258,17907.5
705,"Slovenia",4,"Median","32",2089,9719,8294,18012.5
705,"Slovenia",4,"Median","33",2089,9808,8352,18160
705,"Slovenia",4,"Median","34",2089,9912,8424,18337
705,"Slovenia",4,"Median","35",2089,10023,8506,18529
705,"Slovenia",4,"Median","36",2089,10140,8594,18734.5
705,"Slovenia",4,"Median","37",2089,10259,8687,18946
705,"Slovenia",4,"Median","38",2089,10376,8779,19154.5
705,"Slovenia",4,"Median","39",2089,10494,8874,19368.5
705,"Slovenia",4,"Median","40",2089,10612,8971,19583.5
705,"Slovenia",4,"Median","41",2089,10718,9058,19776.5
705,"Slovenia",4,"Median","42",2089,10806,9128,19933.5
705,"Slovenia",4,"Median","43",2089,10876,9180,20055.5
705,"Slovenia",4,"Median","44",2089,10914,9205,20119.5
705,"Slovenia",4,"Median","45",2089,10928,9208,20136.5
705,"Slovenia",4,"Median","46",2089,10920,9189,20108.5
705,"Slovenia",4,"Median","47",2089,10890,9153,20043.5
705,"Slovenia",4,"Median","48",2089,10846,9102,19948.5
705,"Slovenia",4,"Median","49",2089,10778,9032,19810
705,"Slovenia",4,"Median","50",2089,10687,8940,19626.5
705,"Slovenia",4,"Median","51",2089,10574,8830,19404
705,"Slovenia",4,"Median","52",2089,10455,8714,19169.5
705,"Slovenia",4,"Median","53",2089,10334,8598,18932.5
705,"Slovenia",4,"Median","54",2089,10214,8483,18697
705,"Slovenia",4,"Median","55",2089,10104,8378,18482.5
705,"Slovenia",4,"Median","56",2089,10011,8292,18303.5
705,"Slovenia",4,"Median","57",2089,9942,8228,18170
705,"Slovenia",4,"Median","58",2089,9902,8196,18098.5
705,"Slovenia",4,"Median","59",2089,9885,8188,18072.5
705,"Slovenia",4,"Median","60",2089,9900,8213,18113.5
705,"Slovenia",4,"Median","61",2089,9954,8277,18231
705,"Slovenia",4,"Median","62",2089,10034,8370,18404.5
705,"Slovenia",4,"Median","63",2089,10140,8489,18628.5
705,"Slovenia",4,"Median","64",2089,10266,8630,18895.5
705,"Slovenia",4,"Median","65",2089,10377,8779,19156
705,"Slovenia",4,"Median","66",2089,10451,8911,19362
705,"Slovenia",4,"Median","67",2089,10739,9250,19988.5
705,"Slovenia",4,"Median","68",2089,10846,9443,20288.5
705,"Slovenia",4,"Median","69",2089,10817,9516,20333
705,"Slovenia",4,"Median","70",2089,10990,9710,20699
705,"Slovenia",4,"Median","71",2089,11160,9880,21040.5
705,"Slovenia",4,"Median","72",2089,11158,10114,21273
705,"Slovenia",4,"Median","73",2089,11074,10170,21244.5
705,"Slovenia",4,"Median","74",2089,11158,10212,21370
705,"Slovenia",4,"Median","75",2089,11074,10294,21367.5
705,"Slovenia",4,"Median","76",2089,11098,10414,21512
705,"Slovenia",4,"Median","77",2089,11105,10514,21618.5
705,"Slovenia",4,"Median","78",2089,10970,10536,21505.5
705,"Slovenia",4,"Median","79",2089,10746,10352,21097.5
705,"Slovenia",4,"Median","80",2089,10306,10184,20490
705,"Slovenia",4,"Median","81",2089,9622,9696,19317.5
705,"Slovenia",4,"Median","82",2089,8792,8802,17594.5
705,"Slovenia",4,"Median","83",2089,8043,8126,16169
705,"Slovenia",4,"Median","84",2089,7338,7639,14976.5
705,"Slovenia",4,"Median","85",2089,6688,7056,13745
705,"Slovenia",4,"Median","86",2089,6140,6508,12648
705,"Slovenia",4,"Median","87",2089,5717,6174,11891
705,"Slovenia",4,"Median","88",2089,5492,6028,11520
705,"Slovenia",4,"Median","89",2089,5188,5748,10936
705,"Slovenia",4,"Median","90",2089,4790,5290,10080
705,"Slovenia",4,"Median","91",2089,4494,5043,9537
705,"Slovenia",4,"Median","92",2089,4170,4754,8925
705,"Slovenia",4,"Median","93",2089,3716,4371,8086.5
705,"Slovenia",4,"Median","94",2089,3202,3976,7178
705,"Slovenia",4,"Median","95",2089,2752,3542,6295
705,"Slovenia",4,"Median","96",2089,2318,3070,5387
705,"Slovenia",4,"Median","97",2089,1961,2694,4654.5
705,"Slovenia",4,"Median","98",2089,1618,2340,3957.5
705,"Slovenia",4,"Median","99",2089,1290,1940,3230.5
705,"Slovenia",4,"Median","100",2089,601,863,1464
705,"Slovenia",4,"Median","101",2089,519,772,1291
705,"Slovenia",4,"Median","102",2089,448,690,1138
705,"Slovenia",4,"Median","103",2089,386,617,1003
705,"Slovenia",4,"Median","104",2089,334,552,886
705,"Slovenia",4,"Median","105",2089,288,494,782
705,"Slovenia",4,"Median","106",2089,248,442,690
705,"Slovenia",4,"Median","107",2089,214,395,609
705,"Slovenia",4,"Median","108",2089,185,353,538
705,"Slovenia",4,"Median","109",2089,160,316,476
705,"Slovenia",4,"Median","110",2089,138,283,421
705,"Slovenia",4,"Median","0",2090,7010,6590,13599.5
705,"Slovenia",4,"Median","1",2090,7102,6648,13750
705,"Slovenia",4,"Median","2",2090,7194,6712,13906.5
705,"Slovenia",4,"Median","3",2090,7286,6776,14062.5
705,"Slovenia",4,"Median","4",2090,7387,6849,14236
705,"Slovenia",4,"Median","5",2090,7492,6929,14421
705,"Slovenia",4,"Median","6",2090,7596,7010,14606
705,"Slovenia",4,"Median","7",2090,7698,7089,14787
705,"Slovenia",4,"Median","8",2090,7790,7160,14951
705,"Slovenia",4,"Median","9",2090,7874,7224,15098
705,"Slovenia",4,"Median","10",2090,7950,7284,15234
705,"Slovenia",4,"Median","11",2090,8022,7340,15361.5
705,"Slovenia",4,"Median","12",2090,8078,7381,15459.5
705,"Slovenia",4,"Median","13",2090,8127,7416,15543.5
705,"Slovenia",4,"Median","14",2090,8170,7446,15616
705,"Slovenia",4,"Median","15",2090,8208,7472,15680
705,"Slovenia",4,"Median","16",2090,8254,7502,15755.5
705,"Slovenia",4,"Median","17",2090,8324,7550,15874.5
705,"Slovenia",4,"Median","18",2090,8440,7636,16075.5
705,"Slovenia",4,"Median","19",2090,8602,7758,16360
705,"Slovenia",4,"Median","20",2090,8799,7908,16707.5
705,"Slovenia",4,"Median","21",2090,9004,8062,17066
705,"Slovenia",4,"Median","22",2090,9186,8191,17376.5
705,"Slovenia",4,"Median","23",2090,9328,8280,17608.5
705,"Slovenia",4,"Median","24",2090,9422,8322,17744
705,"Slovenia",4,"Median","25",2090,9470,8321,17790.5
705,"Slovenia",4,"Median","26",2090,9490,8295,17784.5
705,"Slovenia",4,"Median","27",2090,9496,8258,17753.5
705,"Slovenia",4,"Median","28",2090,9498,8222,17719.5
705,"Slovenia",4,"Median","29",2090,9508,8194,17703
705,"Slovenia",4,"Median","30",2090,9531,8181,17712
705,"Slovenia",4,"Median","31",2090,9566,8182,17748
705,"Slovenia",4,"Median","32",2090,9618,8200,17818.5
705,"Slovenia",4,"Median","33",2090,9689,8241,17930
705,"Slovenia",4,"Median","34",2090,9781,8304,18084.5
705,"Slovenia",4,"Median","35",2090,9887,8382,18268.5
705,"Slovenia",4,"Median","36",2090,10000,8466,18467
705,"Slovenia",4,"Median","37",2090,10120,8559,18678.5
705,"Slovenia",4,"Median","38",2090,10240,8655,18895
705,"Slovenia",4,"Median","39",2090,10358,8750,19108.5
705,"Slovenia",4,"Median","40",2090,10478,8848,19326.5
705,"Slovenia",4,"Median","41",2090,10599,8948,19547
705,"Slovenia",4,"Median","42",2090,10706,9036,19742
705,"Slovenia",4,"Median","43",2090,10794,9108,19902.5
705,"Slovenia",4,"Median","44",2090,10864,9162,20026.5
705,"Slovenia",4,"Median","45",2090,10904,9189,20093
705,"Slovenia",4,"Median","46",2090,10918,9192,20110.5
705,"Slovenia",4,"Median","47",2090,10910,9176,20085
705,"Slovenia",4,"Median","48",2090,10881,9140,20021.5
705,"Slovenia",4,"Median","49",2090,10836,9090,19926
705,"Slovenia",4,"Median","50",2090,10767,9020,19786.5
705,"Slovenia",4,"Median","51",2090,10674,8928,19601
705,"Slovenia",4,"Median","52",2090,10560,8818,19378
705,"Slovenia",4,"Median","53",2090,10440,8704,19144
705,"Slovenia",4,"Median","54",2090,10320,8588,18907
705,"Slovenia",4,"Median","55",2090,10198,8472,18670
705,"Slovenia",4,"Median","56",2090,10085,8368,18453
705,"Slovenia",4,"Median","57",2090,9990,8281,18271
705,"Slovenia",4,"Median","58",2090,9918,8217,18135
705,"Slovenia",4,"Median","59",2090,9876,8184,18059.5
705,"Slovenia",4,"Median","60",2090,9856,8174,18030.5
705,"Slovenia",4,"Median","61",2090,9868,8198,18066
705,"Slovenia",4,"Median","62",2090,9918,8261,18178.5
705,"Slovenia",4,"Median","63",2090,9995,8353,18348
705,"Slovenia",4,"Median","64",2090,10098,8472,18569.5
705,"Slovenia",4,"Median","65",2090,10222,8612,18835
705,"Slovenia",4,"Median","66",2090,10330,8759,19089.5
705,"Slovenia",4,"Median","67",2090,10400,8890,19291
705,"Slovenia",4,"Median","68",2090,10684,9228,19912.5
705,"Slovenia",4,"Median","69",2090,10789,9420,20209.5
705,"Slovenia",4,"Median","70",2090,10757,9492,20248.5
705,"Slovenia",4,"Median","71",2090,10925,9683,20608
705,"Slovenia",4,"Median","72",2090,11090,9852,20941.5
705,"Slovenia",4,"Median","73",2090,11082,10082,21163.5
705,"Slovenia",4,"Median","74",2090,10984,10131,21115.5
705,"Slovenia",4,"Median","75",2090,11044,10158,21202
705,"Slovenia",4,"Median","76",2090,10924,10221,21145
705,"Slovenia",4,"Median","77",2090,10917,10322,21239.5
705,"Slovenia",4,"Median","78",2090,10900,10408,21308
705,"Slovenia",4,"Median","79",2090,10744,10414,21158
705,"Slovenia",4,"Median","80",2090,10494,10212,20707
705,"Slovenia",4,"Median","81",2090,10032,10024,20056.5
705,"Slovenia",4,"Median","82",2090,9332,9520,18851.5
705,"Slovenia",4,"Median","83",2090,8494,8618,17111
705,"Slovenia",4,"Median","84",2090,7733,7928,15661
705,"Slovenia",4,"Median","85",2090,7018,7423,14440.5
705,"Slovenia",4,"Median","86",2090,6359,6826,13184.5
705,"Slovenia",4,"Median","87",2090,5799,6262,12061
705,"Slovenia",4,"Median","88",2090,5358,5904,11262
705,"Slovenia",4,"Median","89",2090,5104,5724,10827.5
705,"Slovenia",4,"Median","90",2090,4776,5413,10189.5
705,"Slovenia",4,"Median","91",2090,4362,4936,9299
705,"Slovenia",4,"Median","92",2090,4044,4656,8699.5
705,"Slovenia",4,"Median","93",2090,3704,4336,8040
705,"Slovenia",4,"Median","94",2090,3252,3932,7184.5
705,"Slovenia",4,"Median","95",2090,2757,3522,6279
705,"Slovenia",4,"Median","96",2090,2328,3084,5412.5
705,"Slovenia",4,"Median","97",2090,1923,2622,4544.5
705,"Slovenia",4,"Median","98",2090,1593,2252,3845
705,"Slovenia",4,"Median","99",2090,1284,1910,3194.5
705,"Slovenia",4,"Median","100",2090,597,865,1462
705,"Slovenia",4,"Median","101",2090,515,771,1286
705,"Slovenia",4,"Median","102",2090,445,688,1133
705,"Slovenia",4,"Median","103",2090,385,614,999
705,"Slovenia",4,"Median","104",2090,332,547,879
705,"Slovenia",4,"Median","105",2090,287,488,775
705,"Slovenia",4,"Median","106",2090,248,435,683
705,"Slovenia",4,"Median","107",2090,214,388,602
705,"Slovenia",4,"Median","108",2090,185,346,531
705,"Slovenia",4,"Median","109",2090,160,309,469
705,"Slovenia",4,"Median","110",2090,138,276,414
705,"Slovenia",4,"Median","0",2091,6959,6542,13500.5
705,"Slovenia",4,"Median","1",2091,7044,6594,13639
705,"Slovenia",4,"Median","2",2091,7133,6654,13787
705,"Slovenia",4,"Median","3",2091,7224,6717,13940.5
705,"Slovenia",4,"Median","4",2091,7314,6780,14093.5
705,"Slovenia",4,"Median","5",2091,7411,6853,14264
705,"Slovenia",4,"Median","6",2091,7514,6933,14447.5
705,"Slovenia",4,"Median","7",2091,7616,7013,14629.5
705,"Slovenia",4,"Median","8",2091,7717,7092,14809
705,"Slovenia",4,"Median","9",2091,7808,7164,14972
705,"Slovenia",4,"Median","10",2091,7889,7227,15116
705,"Slovenia",4,"Median","11",2091,7965,7286,15251.5
705,"Slovenia",4,"Median","12",2091,8036,7342,15378
705,"Slovenia",4,"Median","13",2091,8091,7383,15474
705,"Slovenia",4,"Median","14",2091,8140,7419,15558.5
705,"Slovenia",4,"Median","15",2091,8188,7453,15641
705,"Slovenia",4,"Median","16",2091,8246,7495,15741
705,"Slovenia",4,"Median","17",2091,8332,7560,15892
705,"Slovenia",4,"Median","18",2091,8458,7654,16112.5
705,"Slovenia",4,"Median","19",2091,8628,7784,16411.5
705,"Slovenia",4,"Median","20",2091,8828,7936,16764
705,"Slovenia",4,"Median","21",2091,9034,8091,17124.5
705,"Slovenia",4,"Median","22",2091,9214,8220,17434.5
705,"Slovenia",4,"Median","23",2091,9348,8302,17650.5
705,"Slovenia",4,"Median","24",2091,9436,8340,17776
705,"Slovenia",4,"Median","25",2091,9481,8335,17816
705,"Slovenia",4,"Median","26",2091,9492,8300,17791
705,"Slovenia",4,"Median","27",2091,9486,8252,17737.5
705,"Slovenia",4,"Median","28",2091,9476,8202,17678
705,"Slovenia",4,"Median","29",2091,9470,8160,17630.5
705,"Slovenia",4,"Median","30",2091,9476,8132,17609
705,"Slovenia",4,"Median","31",2091,9498,8122,17619.5
705,"Slovenia",4,"Median","32",2091,9534,8125,17659.5
705,"Slovenia",4,"Median","33",2091,9588,8148,17736.5
705,"Slovenia",4,"Median","34",2091,9662,8194,17855
705,"Slovenia",4,"Median","35",2091,9756,8260,18016
705,"Slovenia",4,"Median","36",2091,9864,8342,18206.5
705,"Slovenia",4,"Median","37",2091,9980,8431,18411
705,"Slovenia",4,"Median","38",2091,10100,8527,18627.5
705,"Slovenia",4,"Median","39",2091,10222,8626,18848.5
705,"Slovenia",4,"Median","40",2091,10342,8724,19067
705,"Slovenia",4,"Median","41",2091,10465,8825,19290
705,"Slovenia",4,"Median","42",2091,10586,8927,19513
705,"Slovenia",4,"Median","43",2091,10694,9018,19711.5
705,"Slovenia",4,"Median","44",2091,10783,9091,19874
705,"Slovenia",4,"Median","45",2091,10854,9146,20000.5
705,"Slovenia",4,"Median","46",2091,10894,9174,20068
705,"Slovenia",4,"Median","47",2091,10908,9179,20087.5
705,"Slovenia",4,"Median","48",2091,10900,9163,20063
705,"Slovenia",4,"Median","49",2091,10871,9128,19999.5
705,"Slovenia",4,"Median","50",2091,10824,9079,19903
705,"Slovenia",4,"Median","51",2091,10754,9008,19761.5
705,"Slovenia",4,"Median","52",2091,10659,8916,19575
705,"Slovenia",4,"Median","53",2091,10546,8808,19353
705,"Slovenia",4,"Median","54",2091,10426,8693,19118.5
705,"Slovenia",4,"Median","55",2091,10302,8577,18879.5
705,"Slovenia",4,"Median","56",2091,10178,8462,18640
705,"Slovenia",4,"Median","57",2091,10064,8357,18421
705,"Slovenia",4,"Median","58",2091,9967,8270,18236.5
705,"Slovenia",4,"Median","59",2091,9892,8204,18096.5
705,"Slovenia",4,"Median","60",2091,9848,8170,18018.5
705,"Slovenia",4,"Median","61",2091,9824,8160,17984.5
705,"Slovenia",4,"Median","62",2091,9832,8182,18015
705,"Slovenia",4,"Median","63",2091,9879,8244,18123.5
705,"Slovenia",4,"Median","64",2091,9954,8336,18291
705,"Slovenia",4,"Median","65",2091,10056,8454,18511
705,"Slovenia",4,"Median","66",2091,10178,8593,18770.5
705,"Slovenia",4,"Median","67",2091,10282,8740,19021
705,"Slovenia",4,"Median","68",2091,10348,8870,19218.5
705,"Slovenia",4,"Median","69",2091,10630,9206,19836
705,"Slovenia",4,"Median","70",2091,10730,9397,20127
705,"Slovenia",4,"Median","71",2091,10695,9466,20161.5
705,"Slovenia",4,"Median","72",2091,10858,9656,20513.5
705,"Slovenia",4,"Median","73",2091,11014,9822,20836
705,"Slovenia",4,"Median","74",2091,10993,10045,21038
705,"Slovenia",4,"Median","75",2091,10874,10079,20953
705,"Slovenia",4,"Median","76",2091,10896,10088,20984.5
705,"Slovenia",4,"Median","77",2091,10748,10133,20881
705,"Slovenia",4,"Median","78",2091,10719,10220,20939
705,"Slovenia",4,"Median","79",2091,10680,10289,20969
705,"Slovenia",4,"Median","80",2091,10496,10276,20772.5
705,"Slovenia",4,"Median","81",2091,10219,10056,20274.5
705,"Slovenia",4,"Median","82",2091,9734,9846,19579.5
705,"Slovenia",4,"Median","83",2091,9019,9323,18342
705,"Slovenia",4,"Median","84",2091,8170,8411,16581.5
705,"Slovenia",4,"Median","85",2091,7400,7708,15107.5
705,"Slovenia",4,"Median","86",2091,6676,7184,13859.5
705,"Slovenia",4,"Median","87",2091,6010,6571,12580.5
705,"Slovenia",4,"Median","88",2091,5440,5992,11431.5
705,"Slovenia",4,"Median","89",2091,4984,5610,10594
705,"Slovenia",4,"Median","90",2091,4703,5394,10097.5
705,"Slovenia",4,"Median","91",2091,4354,5056,9410
705,"Slovenia",4,"Median","92",2091,3930,4562,8491.5
705,"Slovenia",4,"Median","93",2091,3596,4250,7846
705,"Slovenia",4,"Median","94",2091,3245,3906,7151
705,"Slovenia",4,"Median","95",2091,2804,3488,6291.5
705,"Slovenia",4,"Median","96",2091,2335,3071,5406
705,"Slovenia",4,"Median","97",2091,1934,2638,4572.5
705,"Slovenia",4,"Median","98",2091,1564,2195,3759.5
705,"Slovenia",4,"Median","99",2091,1266,1842,3108.5
705,"Slovenia",4,"Median","100",2091,592,866,1458
705,"Slovenia",4,"Median","101",2091,512,771,1283
705,"Slovenia",4,"Median","102",2091,443,685,1128
705,"Slovenia",4,"Median","103",2091,383,610,993
705,"Slovenia",4,"Median","104",2091,331,542,873
705,"Slovenia",4,"Median","105",2091,287,482,769
705,"Slovenia",4,"Median","106",2091,248,429,677
705,"Slovenia",4,"Median","107",2091,214,381,595
705,"Slovenia",4,"Median","108",2091,185,339,524
705,"Slovenia",4,"Median","109",2091,160,302,462
705,"Slovenia",4,"Median","110",2091,139,268,407
705,"Slovenia",4,"Median","0",2092,6916,6502,13418
705,"Slovenia",4,"Median","1",2092,6994,6548,13542.5
705,"Slovenia",4,"Median","2",2092,7077,6600,13677.5
705,"Slovenia",4,"Median","3",2092,7163,6660,13822.5
705,"Slovenia",4,"Median","4",2092,7251,6722,13973
705,"Slovenia",4,"Median","5",2092,7338,6784,14123
705,"Slovenia",4,"Median","6",2092,7434,6858,14292
705,"Slovenia",4,"Median","7",2092,7536,6937,14472.5
705,"Slovenia",4,"Median","8",2092,7636,7017,14653
705,"Slovenia",4,"Median","9",2092,7736,7096,14831
705,"Slovenia",4,"Median","10",2092,7824,7166,14991
705,"Slovenia",4,"Median","11",2092,7905,7230,15135
705,"Slovenia",4,"Median","12",2092,7980,7290,15269
705,"Slovenia",4,"Median","13",2092,8049,7344,15393
705,"Slovenia",4,"Median","14",2092,8104,7386,15490
705,"Slovenia",4,"Median","15",2092,8158,7426,15584
705,"Slovenia",4,"Median","16",2092,8226,7477,15702.5
705,"Slovenia",4,"Median","17",2092,8325,7554,15878.5
705,"Slovenia",4,"Median","18",2092,8467,7664,16130.5
705,"Slovenia",4,"Median","19",2092,8646,7803,16449.5
705,"Slovenia",4,"Median","20",2092,8854,7964,16817.5
705,"Slovenia",4,"Median","21",2092,9062,8120,17182.5
705,"Slovenia",4,"Median","22",2092,9245,8250,17495
705,"Slovenia",4,"Median","23",2092,9379,8332,17711
705,"Slovenia",4,"Median","24",2092,9459,8362,17821.5
705,"Slovenia",4,"Median","25",2092,9498,8354,17852
705,"Slovenia",4,"Median","26",2092,9506,8316,17821
705,"Slovenia",4,"Median","27",2092,9490,8258,17747.5
705,"Slovenia",4,"Median","28",2092,9468,8198,17666.5
705,"Slovenia",4,"Median","29",2092,9450,8143,17592.5
705,"Slovenia",4,"Median","30",2092,9440,8100,17539.5
705,"Slovenia",4,"Median","31",2092,9446,8074,17520
705,"Slovenia",4,"Median","32",2092,9468,8066,17534
705,"Slovenia",4,"Median","33",2092,9506,8074,17580
705,"Slovenia",4,"Median","34",2092,9562,8102,17664
705,"Slovenia",4,"Median","35",2092,9637,8152,17788.5
705,"Slovenia",4,"Median","36",2092,9734,8222,17956.5
705,"Slovenia",4,"Median","37",2092,9845,8308,18152.5
705,"Slovenia",4,"Median","38",2092,9962,8400,18361.5
705,"Slovenia",4,"Median","39",2092,10084,8499,18583
705,"Slovenia",4,"Median","40",2092,10208,8602,18809.5
705,"Slovenia",4,"Median","41",2092,10330,8702,19032
705,"Slovenia",4,"Median","42",2092,10453,8804,19257.5
705,"Slovenia",4,"Median","43",2092,10575,8909,19484
705,"Slovenia",4,"Median","44",2092,10684,9001,19684.5
705,"Slovenia",4,"Median","45",2092,10774,9076,19849
705,"Slovenia",4,"Median","46",2092,10844,9132,19976.5
705,"Slovenia",4,"Median","47",2092,10885,9160,20045.5
705,"Slovenia",4,"Median","48",2092,10900,9167,20066.5
705,"Slovenia",4,"Median","49",2092,10890,9151,20041.5
705,"Slovenia",4,"Median","50",2092,10860,9118,19977
705,"Slovenia",4,"Median","51",2092,10811,9068,19878.5
705,"Slovenia",4,"Median","52",2092,10740,8997,19736.5
705,"Slovenia",4,"Median","53",2092,10645,8906,19550.5
705,"Slovenia",4,"Median","54",2092,10530,8797,19327.5
705,"Slovenia",4,"Median","55",2092,10409,8682,19091.5
705,"Slovenia",4,"Median","56",2092,10284,8566,18850.5
705,"Slovenia",4,"Median","57",2092,10158,8451,18609
705,"Slovenia",4,"Median","58",2092,10041,8346,18386.5
705,"Slovenia",4,"Median","59",2092,9942,8256,18198.5
705,"Slovenia",4,"Median","60",2092,9865,8192,18056.5
705,"Slovenia",4,"Median","61",2092,9817,8156,17973.5
705,"Slovenia",4,"Median","62",2092,9790,8144,17934.5
705,"Slovenia",4,"Median","63",2092,9795,8166,17961.5
705,"Slovenia",4,"Median","64",2092,9840,8228,18068.5
705,"Slovenia",4,"Median","65",2092,9914,8320,18234
705,"Slovenia",4,"Median","66",2092,10014,8436,18450
705,"Slovenia",4,"Median","67",2092,10130,8574,18705
705,"Slovenia",4,"Median","68",2092,10232,8720,18951.5
705,"Slovenia",4,"Median","69",2092,10296,8850,19146.5
705,"Slovenia",4,"Median","70",2092,10573,9184,19757
705,"Slovenia",4,"Median","71",2092,10670,9373,20043
705,"Slovenia",4,"Median","72",2092,10631,9440,20071
705,"Slovenia",4,"Median","73",2092,10786,9626,20412.5
705,"Slovenia",4,"Median","74",2092,10928,9786,20714.5
705,"Slovenia",4,"Median","75",2092,10885,9994,20879.5
705,"Slovenia",4,"Median","76",2092,10731,10010,20741.5
705,"Slovenia",4,"Median","77",2092,10724,10002,20726.5
705,"Slovenia",4,"Median","78",2092,10556,10034,20590
705,"Slovenia",4,"Median","79",2092,10505,10106,20611
705,"Slovenia",4,"Median","80",2092,10437,10156,20592.5
705,"Slovenia",4,"Median","81",2092,10224,10120,20345
705,"Slovenia",4,"Median","82",2092,9920,9879,19799
705,"Slovenia",4,"Median","83",2092,9412,9646,19057
705,"Slovenia",4,"Median","84",2092,8681,9103,17784
705,"Slovenia",4,"Median","85",2092,7823,8180,16003.5
705,"Slovenia",4,"Median","86",2092,7044,7462,14507
705,"Slovenia",4,"Median","87",2092,6314,6920,13233
705,"Slovenia",4,"Median","88",2092,5642,6292,11933.5
705,"Slovenia",4,"Median","89",2092,5064,5698,10761
705,"Slovenia",4,"Median","90",2092,4596,5292,9887.5
705,"Slovenia",4,"Median","91",2092,4291,5042,9333.5
705,"Slovenia",4,"Median","92",2092,3926,4676,8603
705,"Slovenia",4,"Median","93",2092,3498,4170,7667.5
705,"Slovenia",4,"Median","94",2092,3154,3832,6986.5
705,"Slovenia",4,"Median","95",2092,2801,3469,6270
705,"Slovenia",4,"Median","96",2092,2378,3045,5423
705,"Slovenia",4,"Median","97",2092,1943,2630,4573
705,"Slovenia",4,"Median","98",2092,1576,2212,3788
705,"Slovenia",4,"Median","99",2092,1246,1798,3044.5
705,"Slovenia",4,"Median","100",2092,584,854,1438
705,"Slovenia",4,"Median","101",2092,506,760,1266
705,"Slovenia",4,"Median","102",2092,439,675,1114
705,"Slovenia",4,"Median","103",2092,380,600,980
705,"Slovenia",4,"Median","104",2092,330,534,864
705,"Slovenia",4,"Median","105",2092,286,475,761
705,"Slovenia",4,"Median","106",2092,248,422,670
705,"Slovenia",4,"Median","107",2092,215,375,590
705,"Slovenia",4,"Median","108",2092,186,334,520
705,"Slovenia",4,"Median","109",2092,162,297,459
705,"Slovenia",4,"Median","110",2092,140,264,404
705,"Slovenia",4,"Median","0",2093,6887,6473,13360
705,"Slovenia",4,"Median","1",2093,6951,6507,13458
705,"Slovenia",4,"Median","2",2093,7026,6553,13579
705,"Slovenia",4,"Median","3",2093,7106,6606,13711
705,"Slovenia",4,"Median","4",2093,7190,6664,13853.5
705,"Slovenia",4,"Median","5",2093,7275,6726,14000.5
705,"Slovenia",4,"Median","6",2093,7360,6788,14149
705,"Slovenia",4,"Median","7",2093,7455,6861,14316
705,"Slovenia",4,"Median","8",2093,7554,6940,14494.5
705,"Slovenia",4,"Median","9",2093,7654,7020,14673.5
705,"Slovenia",4,"Median","10",2093,7751,7098,14849
705,"Slovenia",4,"Median","11",2093,7840,7169,15009
705,"Slovenia",4,"Median","12",2093,7918,7232,15151
705,"Slovenia",4,"Median","13",2093,7992,7292,15284
705,"Slovenia",4,"Median","14",2093,8062,7347,15408.5
705,"Slovenia",4,"Median","15",2093,8122,7393,15515
705,"Slovenia",4,"Median","16",2093,8195,7450,15645
705,"Slovenia",4,"Median","17",2093,8304,7534,15838.5
705,"Slovenia",4,"Median","18",2093,8458,7656,16114.5
705,"Slovenia",4,"Median","19",2093,8654,7811,16465
705,"Slovenia",4,"Median","20",2093,8871,7981,16852
705,"Slovenia",4,"Median","21",2093,9087,8146,17232.5
705,"Slovenia",4,"Median","22",2093,9272,8277,17549.5
705,"Slovenia",4,"Median","23",2093,9408,8360,17768.5
705,"Slovenia",4,"Median","24",2093,9488,8391,17878.5
705,"Slovenia",4,"Median","25",2093,9518,8376,17894
705,"Slovenia",4,"Median","26",2093,9520,8333,17853.5
705,"Slovenia",4,"Median","27",2093,9502,8272,17774
705,"Slovenia",4,"Median","28",2093,9470,8203,17673.5
705,"Slovenia",4,"Median","29",2093,9440,8137,17577.5
705,"Slovenia",4,"Median","30",2093,9418,8082,17499.5
705,"Slovenia",4,"Median","31",2093,9408,8040,17448
705,"Slovenia",4,"Median","32",2093,9414,8018,17432.5
705,"Slovenia",4,"Median","33",2093,9438,8014,17452.5
705,"Slovenia",4,"Median","34",2093,9479,8027,17506
705,"Slovenia",4,"Median","35",2093,9536,8059,17595.5
705,"Slovenia",4,"Median","36",2093,9616,8112,17727.5
705,"Slovenia",4,"Median","37",2093,9714,8187,17901
705,"Slovenia",4,"Median","38",2093,9826,8276,18102
705,"Slovenia",4,"Median","39",2093,9945,8372,18316.5
705,"Slovenia",4,"Median","40",2093,10069,8474,18542.5
705,"Slovenia",4,"Median","41",2093,10194,8578,18772.5
705,"Slovenia",4,"Median","42",2093,10318,8681,18999
705,"Slovenia",4,"Median","43",2093,10442,8786,19227.5
705,"Slovenia",4,"Median","44",2093,10565,8892,19456.5
705,"Slovenia",4,"Median","45",2093,10674,8985,19658.5
705,"Slovenia",4,"Median","46",2093,10764,9060,19824.5
705,"Slovenia",4,"Median","47",2093,10836,9118,19954
705,"Slovenia",4,"Median","48",2093,10876,9148,20024
705,"Slovenia",4,"Median","49",2093,10890,9155,20044.5
705,"Slovenia",4,"Median","50",2093,10878,9140,20018.5
705,"Slovenia",4,"Median","51",2093,10846,9106,19952
705,"Slovenia",4,"Median","52",2093,10797,9056,19853.5
705,"Slovenia",4,"Median","53",2093,10725,8986,19711
705,"Slovenia",4,"Median","54",2093,10630,8896,19525.5
705,"Slovenia",4,"Median","55",2093,10514,8786,19300.5
705,"Slovenia",4,"Median","56",2093,10390,8672,19063
705,"Slovenia",4,"Median","57",2093,10264,8556,18819
705,"Slovenia",4,"Median","58",2093,10135,8440,18574.5
705,"Slovenia",4,"Median","59",2093,10016,8333,18349
705,"Slovenia",4,"Median","60",2093,9914,8244,18159
705,"Slovenia",4,"Median","61",2093,9834,8178,18012
705,"Slovenia",4,"Median","62",2093,9783,8141,17924
705,"Slovenia",4,"Median","63",2093,9753,8129,17882
705,"Slovenia",4,"Median","64",2093,9757,8150,17907.5
705,"Slovenia",4,"Median","65",2093,9801,8212,18013
705,"Slovenia",4,"Median","66",2093,9872,8302,18175
705,"Slovenia",4,"Median","67",2093,9968,8418,18386.5
705,"Slovenia",4,"Median","68",2093,10082,8556,18637.5
705,"Slovenia",4,"Median","69",2093,10181,8700,18881.5
705,"Slovenia",4,"Median","70",2093,10243,8829,19072
705,"Slovenia",4,"Median","71",2093,10515,9161,19676
705,"Slovenia",4,"Median","72",2093,10607,9347,19954
705,"Slovenia",4,"Median","73",2093,10562,9412,19974
705,"Slovenia",4,"Median","74",2093,10704,9592,20295.5
705,"Slovenia",4,"Median","75",2093,10823,9738,20561
705,"Slovenia",4,"Median","76",2093,10744,9928,20671.5
705,"Slovenia",4,"Median","77",2093,10564,9928,20491.5
705,"Slovenia",4,"Median","78",2093,10535,9906,20441.5
705,"Slovenia",4,"Median","79",2093,10348,9924,20273
705,"Slovenia",4,"Median","80",2093,10270,9977,20246.5
705,"Slovenia",4,"Median","81",2093,10170,10004,20174.5
705,"Slovenia",4,"Median","82",2093,9930,9946,19875.5
705,"Slovenia",4,"Median","83",2093,9596,9682,19277
705,"Slovenia",4,"Median","84",2093,9062,9422,18484
705,"Slovenia",4,"Median","85",2093,8316,8858,17173.5
705,"Slovenia",4,"Median","86",2093,7452,7924,15376
705,"Slovenia",4,"Median","87",2093,6666,7192,13859
705,"Slovenia",4,"Median","88",2093,5930,6630,12560
705,"Slovenia",4,"Median","89",2093,5255,5987,11242
705,"Slovenia",4,"Median","90",2093,4673,5378,10051.5
705,"Slovenia",4,"Median","91",2093,4198,4951,9148.5
705,"Slovenia",4,"Median","92",2093,3874,4668,8542
705,"Slovenia",4,"Median","93",2093,3499,4279,7778
705,"Slovenia",4,"Median","94",2093,3072,3764,6836
705,"Slovenia",4,"Median","95",2093,2726,3408,6134
705,"Slovenia",4,"Median","96",2093,2379,3032,5411.5
705,"Slovenia",4,"Median","97",2093,1981,2612,4593
705,"Slovenia",4,"Median","98",2093,1585,2209,3794
705,"Slovenia",4,"Median","99",2093,1257,1816,3072.5
705,"Slovenia",4,"Median","100",2093,575,841,1416
705,"Slovenia",4,"Median","101",2093,500,748,1248
705,"Slovenia",4,"Median","102",2093,434,665,1099
705,"Slovenia",4,"Median","103",2093,377,591,968
705,"Slovenia",4,"Median","104",2093,327,525,852
705,"Slovenia",4,"Median","105",2093,284,467,751
705,"Slovenia",4,"Median","106",2093,247,415,662
705,"Slovenia",4,"Median","107",2093,214,369,583
705,"Slovenia",4,"Median","108",2093,186,328,514
705,"Slovenia",4,"Median","109",2093,162,291,453
705,"Slovenia",4,"Median","110",2093,140,259,399
705,"Slovenia",4,"Median","0",2094,6866,6452,13318
705,"Slovenia",4,"Median","1",2094,6922,6478,13400
705,"Slovenia",4,"Median","2",2094,6982,6512,13494
705,"Slovenia",4,"Median","3",2094,7054,6558,13612.5
705,"Slovenia",4,"Median","4",2094,7132,6610,13741.5
705,"Slovenia",4,"Median","5",2094,7214,6668,13881
705,"Slovenia",4,"Median","6",2094,7297,6730,14026.5
705,"Slovenia",4,"Median","7",2094,7381,6792,14172.5
705,"Slovenia",4,"Median","8",2094,7474,6864,14337.5
705,"Slovenia",4,"Median","9",2094,7572,6942,14514.5
705,"Slovenia",4,"Median","10",2094,7670,7022,14691.5
705,"Slovenia",4,"Median","11",2094,7766,7100,14866.5
705,"Slovenia",4,"Median","12",2094,7853,7171,15024
705,"Slovenia",4,"Median","13",2094,7932,7234,15166
705,"Slovenia",4,"Median","14",2094,8004,7294,15298.5
705,"Slovenia",4,"Median","15",2094,8080,7354,15433.5
705,"Slovenia",4,"Median","16",2094,8159,7416,15575.5
705,"Slovenia",4,"Median","17",2094,8273,7507,15780
705,"Slovenia",4,"Median","18",2094,8436,7638,16074
705,"Slovenia",4,"Median","19",2094,8644,7804,16448
705,"Slovenia",4,"Median","20",2094,8878,7988,16866
705,"Slovenia",4,"Median","21",2094,9104,8162,17266
705,"Slovenia",4,"Median","22",2094,9296,8302,17598.5
705,"Slovenia",4,"Median","23",2094,9435,8388,17822.5
705,"Slovenia",4,"Median","24",2094,9516,8419,17934.5
705,"Slovenia",4,"Median","25",2094,9546,8404,17950
705,"Slovenia",4,"Median","26",2094,9540,8354,17894
705,"Slovenia",4,"Median","27",2094,9516,8290,17806
705,"Slovenia",4,"Median","28",2094,9482,8217,17699.5
705,"Slovenia",4,"Median","29",2094,9442,8142,17584.5
705,"Slovenia",4,"Median","30",2094,9409,8076,17485
705,"Slovenia",4,"Median","31",2094,9386,8022,17407.5
705,"Slovenia",4,"Median","32",2094,9376,7985,17360.5
705,"Slovenia",4,"Median","33",2094,9384,7966,17350.5
705,"Slovenia",4,"Median","34",2094,9411,7967,17378
705,"Slovenia",4,"Median","35",2094,9454,7984,17437.5
705,"Slovenia",4,"Median","36",2094,9514,8020,17534.5
705,"Slovenia",4,"Median","37",2094,9595,8077,17672
705,"Slovenia",4,"Median","38",2094,9696,8155,17850.5
705,"Slovenia",4,"Median","39",2094,9809,8247,18056
705,"Slovenia",4,"Median","40",2094,9930,8346,18275.5
705,"Slovenia",4,"Median","41",2094,10056,8450,18506
705,"Slovenia",4,"Median","42",2094,10182,8558,18740
705,"Slovenia",4,"Median","43",2094,10306,8662,18968.5
705,"Slovenia",4,"Median","44",2094,10432,8768,19200
705,"Slovenia",4,"Median","45",2094,10555,8876,19431
705,"Slovenia",4,"Median","46",2094,10664,8970,19634
705,"Slovenia",4,"Median","47",2094,10755,9048,19802.5
705,"Slovenia",4,"Median","48",2094,10826,9106,19932
705,"Slovenia",4,"Median","49",2094,10866,9136,20002.5
705,"Slovenia",4,"Median","50",2094,10878,9144,20022
705,"Slovenia",4,"Median","51",2094,10866,9128,19994
705,"Slovenia",4,"Median","52",2094,10832,9094,19927
705,"Slovenia",4,"Median","53",2094,10782,9046,19828
705,"Slovenia",4,"Median","54",2094,10710,8976,19686
705,"Slovenia",4,"Median","55",2094,10613,8885,19498
705,"Slovenia",4,"Median","56",2094,10496,8776,19272
705,"Slovenia",4,"Median","57",2094,10370,8662,19031
705,"Slovenia",4,"Median","58",2094,10240,8544,18785
705,"Slovenia",4,"Median","59",2094,10110,8428,18537.5
705,"Slovenia",4,"Median","60",2094,9989,8320,18309.5
705,"Slovenia",4,"Median","61",2094,9884,8230,18114.5
705,"Slovenia",4,"Median","62",2094,9800,8162,17963
705,"Slovenia",4,"Median","63",2094,9746,8126,17872.5
705,"Slovenia",4,"Median","64",2094,9716,8113,17828.5
705,"Slovenia",4,"Median","65",2094,9718,8135,17853.5
705,"Slovenia",4,"Median","66",2094,9760,8196,17955.5
705,"Slovenia",4,"Median","67",2094,9828,8285,18113.5
705,"Slovenia",4,"Median","68",2094,9921,8400,18321
705,"Slovenia",4,"Median","69",2094,10033,8537,18570
705,"Slovenia",4,"Median","70",2094,10129,8680,18809.5
705,"Slovenia",4,"Median","71",2094,10188,8807,18995
705,"Slovenia",4,"Median","72",2094,10454,9136,19590.5
705,"Slovenia",4,"Median","73",2094,10540,9320,19860
705,"Slovenia",4,"Median","74",2094,10483,9379,19862
705,"Slovenia",4,"Median","75",2094,10602,9546,20147.5
705,"Slovenia",4,"Median","76",2094,10685,9674,20359
705,"Slovenia",4,"Median","77",2094,10579,9847,20426
705,"Slovenia",4,"Median","78",2094,10380,9834,20214.5
705,"Slovenia",4,"Median","79",2094,10331,9800,20131.5
705,"Slovenia",4,"Median","80",2094,10120,9800,19919.5
705,"Slovenia",4,"Median","81",2094,10010,9832,19841.5
705,"Slovenia",4,"Median","82",2094,9880,9835,19715
705,"Slovenia",4,"Median","83",2094,9608,9750,19359
705,"Slovenia",4,"Median","84",2094,9244,9460,18704
705,"Slovenia",4,"Median","85",2094,8686,9172,17857.5
705,"Slovenia",4,"Median","86",2094,7925,8584,16509.5
705,"Slovenia",4,"Median","87",2094,7056,7642,14697.5
705,"Slovenia",4,"Median","88",2094,6266,6895,13161
705,"Slovenia",4,"Median","89",2094,5528,6313,11841.5
705,"Slovenia",4,"Median","90",2094,4854,5656,10510.5
705,"Slovenia",4,"Median","91",2094,4272,5036,9308
705,"Slovenia",4,"Median","92",2094,3792,4588,8380.5
705,"Slovenia",4,"Median","93",2094,3454,4276,7731
705,"Slovenia",4,"Median","94",2094,3076,3868,6943.5
705,"Slovenia",4,"Median","95",2094,2658,3352,6009
705,"Slovenia",4,"Median","96",2094,2318,2984,5301
705,"Slovenia",4,"Median","97",2094,1984,2605,4589.5
705,"Slovenia",4,"Median","98",2094,1618,2198,3815.5
705,"Slovenia",4,"Median","99",2094,1266,1816,3082
705,"Slovenia",4,"Median","100",2094,577,846,1423
705,"Slovenia",4,"Median","101",2094,501,749,1250
705,"Slovenia",4,"Median","102",2094,434,663,1097
705,"Slovenia",4,"Median","103",2094,377,587,964
705,"Slovenia",4,"Median","104",2094,327,520,847
705,"Slovenia",4,"Median","105",2094,283,460,743
705,"Slovenia",4,"Median","106",2094,246,408,654
705,"Slovenia",4,"Median","107",2094,213,361,574
705,"Slovenia",4,"Median","108",2094,185,320,505
705,"Slovenia",4,"Median","109",2094,160,283,443
705,"Slovenia",4,"Median","110",2094,139,251,390
705,"Slovenia",4,"Median","0",2095,6842,6432,13274.5
705,"Slovenia",4,"Median","1",2095,6900,6458,13358
705,"Slovenia",4,"Median","2",2095,6952,6484,13436
705,"Slovenia",4,"Median","3",2095,7011,6517,13528
705,"Slovenia",4,"Median","4",2095,7081,6562,13643
705,"Slovenia",4,"Median","5",2095,7156,6614,13770
705,"Slovenia",4,"Median","6",2095,7236,6672,13907
705,"Slovenia",4,"Median","7",2095,7318,6732,14050
705,"Slovenia",4,"Median","8",2095,7400,6794,14194.5
705,"Slovenia",4,"Median","9",2095,7491,6866,14357.5
705,"Slovenia",4,"Median","10",2095,7588,6946,14533
705,"Slovenia",4,"Median","11",2095,7684,7024,14708.5
705,"Slovenia",4,"Median","12",2095,7780,7102,14882
705,"Slovenia",4,"Median","13",2095,7866,7173,15039
705,"Slovenia",4,"Median","14",2095,7944,7237,15181
705,"Slovenia",4,"Median","15",2095,8022,7301,15323.5
705,"Slovenia",4,"Median","16",2095,8116,7377,15493.5
705,"Slovenia",4,"Median","17",2095,8237,7474,15711
705,"Slovenia",4,"Median","18",2095,8406,7610,16016
705,"Slovenia",4,"Median","19",2095,8623,7784,16407.5
705,"Slovenia",4,"Median","20",2095,8868,7980,16848.5
705,"Slovenia",4,"Median","21",2095,9110,8170,17279.5
705,"Slovenia",4,"Median","22",2095,9312,8318,17631
705,"Slovenia",4,"Median","23",2095,9458,8412,17871
705,"Slovenia",4,"Median","24",2095,9542,8446,17988.5
705,"Slovenia",4,"Median","25",2095,9575,8432,18006.5
705,"Slovenia",4,"Median","26",2095,9568,8382,17950.5
705,"Slovenia",4,"Median","27",2095,9537,8311,17848
705,"Slovenia",4,"Median","28",2095,9498,8234,17732.5
705,"Slovenia",4,"Median","29",2095,9455,8157,17612
705,"Slovenia",4,"Median","30",2095,9411,8082,17492.5
705,"Slovenia",4,"Median","31",2095,9376,8016,17393
705,"Slovenia",4,"Median","32",2095,9354,7967,17321
705,"Slovenia",4,"Median","33",2095,9346,7933,17279
705,"Slovenia",4,"Median","34",2095,9357,7920,17276.5
705,"Slovenia",4,"Median","35",2095,9386,7924,17311
705,"Slovenia",4,"Median","36",2095,9432,7946,17377
705,"Slovenia",4,"Median","37",2095,9494,7985,17479.5
705,"Slovenia",4,"Median","38",2095,9576,8046,17622
705,"Slovenia",4,"Median","39",2095,9678,8126,17805
705,"Slovenia",4,"Median","40",2095,9795,8222,18016.5
705,"Slovenia",4,"Median","41",2095,9917,8323,18240
705,"Slovenia",4,"Median","42",2095,10044,8430,18473.5
705,"Slovenia",4,"Median","43",2095,10172,8538,18710
705,"Slovenia",4,"Median","44",2095,10296,8645,18941.5
705,"Slovenia",4,"Median","45",2095,10422,8754,19175
705,"Slovenia",4,"Median","46",2095,10545,8861,19406
705,"Slovenia",4,"Median","47",2095,10655,8957,19612
705,"Slovenia",4,"Median","48",2095,10746,9035,19780.5
705,"Slovenia",4,"Median","49",2095,10816,9094,19911
705,"Slovenia",4,"Median","50",2095,10854,9126,19980
705,"Slovenia",4,"Median","51",2095,10866,9132,19997.5
705,"Slovenia",4,"Median","52",2095,10852,9117,19969
705,"Slovenia",4,"Median","53",2095,10818,9084,19902
705,"Slovenia",4,"Median","54",2095,10768,9036,19803
705,"Slovenia",4,"Median","55",2095,10694,8966,19659
705,"Slovenia",4,"Median","56",2095,10595,8874,19469.5
705,"Slovenia",4,"Median","57",2095,10474,8766,19240
705,"Slovenia",4,"Median","58",2095,10347,8650,18997
705,"Slovenia",4,"Median","59",2095,10216,8532,18747.5
705,"Slovenia",4,"Median","60",2095,10083,8414,18497.5
705,"Slovenia",4,"Median","61",2095,9958,8307,18265.5
705,"Slovenia",4,"Median","62",2095,9850,8216,18066
705,"Slovenia",4,"Median","63",2095,9764,8148,17912
705,"Slovenia",4,"Median","64",2095,9710,8110,17820
705,"Slovenia",4,"Median","65",2095,9678,8098,17776
705,"Slovenia",4,"Median","66",2095,9679,8119,17798
705,"Slovenia",4,"Median","67",2095,9717,8178,17895.5
705,"Slovenia",4,"Median","68",2095,9783,8268,18050.5
705,"Slovenia",4,"Median","69",2095,9874,8382,18255.5
705,"Slovenia",4,"Median","70",2095,9982,8518,18500
705,"Slovenia",4,"Median","71",2095,10076,8659,18734.5
705,"Slovenia",4,"Median","72",2095,10130,8784,18914
705,"Slovenia",4,"Median","73",2095,10388,9111,19499.5
705,"Slovenia",4,"Median","74",2095,10462,9288,19750.5
705,"Slovenia",4,"Median","75",2095,10384,9336,19719.5
705,"Slovenia",4,"Median","76",2095,10468,9485,19953.5
705,"Slovenia",4,"Median","77",2095,10522,9597,20119.5
705,"Slovenia",4,"Median","78",2095,10398,9756,20153.5
705,"Slovenia",4,"Median","79",2095,10182,9730,19912
705,"Slovenia",4,"Median","80",2095,10105,9680,19785
705,"Slovenia",4,"Median","81",2095,9867,9660,19526.5
705,"Slovenia",4,"Median","82",2095,9728,9668,19395.5
705,"Slovenia",4,"Median","83",2095,9564,9645,19209.5
705,"Slovenia",4,"Median","84",2095,9260,9532,18792
705,"Slovenia",4,"Median","85",2095,8864,9214,18077.5
705,"Slovenia",4,"Median","86",2095,8282,8893,17175
705,"Slovenia",4,"Median","87",2095,7508,8284,15792
705,"Slovenia",4,"Median","88",2095,6636,7331,13967
705,"Slovenia",4,"Median","89",2095,5846,6570,12416
705,"Slovenia",4,"Median","90",2095,5110,5969,11079.5
705,"Slovenia",4,"Median","91",2095,4440,5301,9741.5
705,"Slovenia",4,"Median","92",2095,3862,4672,8535
705,"Slovenia",4,"Median","93",2095,3386,4208,7593
705,"Slovenia",4,"Median","94",2095,3040,3870,6909.5
705,"Slovenia",4,"Median","95",2095,2664,3448,6111.5
705,"Slovenia",4,"Median","96",2095,2262,2938,5200
705,"Slovenia",4,"Median","97",2095,1936,2567,4503
705,"Slovenia",4,"Median","98",2095,1623,2195,3818
705,"Slovenia",4,"Median","99",2095,1294,1810,3104
705,"Slovenia",4,"Median","100",2095,588,863,1451
705,"Slovenia",4,"Median","101",2095,507,759,1266
705,"Slovenia",4,"Median","102",2095,438,668,1106
705,"Slovenia",4,"Median","103",2095,378,588,966
705,"Slovenia",4,"Median","104",2095,327,517,844
705,"Slovenia",4,"Median","105",2095,282,455,737
705,"Slovenia",4,"Median","106",2095,244,400,644
705,"Slovenia",4,"Median","107",2095,210,352,562
705,"Slovenia",4,"Median","108",2095,182,310,492
705,"Slovenia",4,"Median","109",2095,157,273,430
705,"Slovenia",4,"Median","110",2095,136,240,376
705,"Slovenia",4,"Median","0",2096,6827,6417,13244
705,"Slovenia",4,"Median","1",2096,6876,6438,13313.5
705,"Slovenia",4,"Median","2",2096,6930,6463,13393.5
705,"Slovenia",4,"Median","3",2096,6981,6488,13469.5
705,"Slovenia",4,"Median","4",2096,7037,6521,13558
705,"Slovenia",4,"Median","5",2096,7105,6566,13671
705,"Slovenia",4,"Median","6",2096,7178,6618,13795
705,"Slovenia",4,"Median","7",2096,7256,6674,13930.5
705,"Slovenia",4,"Median","8",2096,7336,6736,14071.5
705,"Slovenia",4,"Median","9",2096,7417,6798,14214.5
705,"Slovenia",4,"Median","10",2096,7506,6869,14375.5
705,"Slovenia",4,"Median","11",2096,7602,6948,14549.5
705,"Slovenia",4,"Median","12",2096,7698,7027,14725
705,"Slovenia",4,"Median","13",2096,7792,7104,14897
705,"Slovenia",4,"Median","14",2096,7878,7176,15054.5
705,"Slovenia",4,"Median","15",2096,7962,7244,15205.5
705,"Slovenia",4,"Median","16",2096,8060,7324,15384
705,"Slovenia",4,"Median","17",2096,8194,7434,15628.5
705,"Slovenia",4,"Median","18",2096,8370,7576,15946
705,"Slovenia",4,"Median","19",2096,8592,7756,16348
705,"Slovenia",4,"Median","20",2096,8846,7960,16806
705,"Slovenia",4,"Median","21",2096,9100,8161,17260.5
705,"Slovenia",4,"Median","22",2096,9318,8325,17643
705,"Slovenia",4,"Median","23",2096,9474,8428,17902
705,"Slovenia",4,"Median","24",2096,9566,8470,18035.5
705,"Slovenia",4,"Median","25",2096,9601,8458,18059
705,"Slovenia",4,"Median","26",2096,9596,8410,18006.5
705,"Slovenia",4,"Median","27",2096,9564,8340,17904
705,"Slovenia",4,"Median","28",2096,9518,8256,17773.5
705,"Slovenia",4,"Median","29",2096,9470,8174,17644
705,"Slovenia",4,"Median","30",2096,9423,8096,17518.5
705,"Slovenia",4,"Median","31",2096,9378,8022,17400
705,"Slovenia",4,"Median","32",2096,9345,7961,17306
705,"Slovenia",4,"Median","33",2096,9324,7915,17239
705,"Slovenia",4,"Median","34",2096,9319,7886,17205
705,"Slovenia",4,"Median","35",2096,9332,7876,17209
705,"Slovenia",4,"Median","36",2096,9364,7886,17249.5
705,"Slovenia",4,"Median","37",2096,9412,7910,17322
705,"Slovenia",4,"Median","38",2096,9476,7954,17429.5
705,"Slovenia",4,"Median","39",2096,9560,8017,17576.5
705,"Slovenia",4,"Median","40",2096,9664,8102,17765.5
705,"Slovenia",4,"Median","41",2096,9782,8198,17980.5
705,"Slovenia",4,"Median","42",2096,9905,8302,18207.5
705,"Slovenia",4,"Median","43",2096,10032,8411,18443.5
705,"Slovenia",4,"Median","44",2096,10162,8522,18683
705,"Slovenia",4,"Median","45",2096,10286,8630,18916.5
705,"Slovenia",4,"Median","46",2096,10412,8738,19150.5
705,"Slovenia",4,"Median","47",2096,10536,8848,19384.5
705,"Slovenia",4,"Median","48",2096,10646,8945,19590.5
705,"Slovenia",4,"Median","49",2096,10736,9024,19759.5
705,"Slovenia",4,"Median","50",2096,10805,9084,19888.5
705,"Slovenia",4,"Median","51",2096,10842,9114,19956
705,"Slovenia",4,"Median","52",2096,10852,9121,19972.5
705,"Slovenia",4,"Median","53",2096,10838,9106,19944.5
705,"Slovenia",4,"Median","54",2096,10804,9074,19877
705,"Slovenia",4,"Median","55",2096,10752,9025,19776.5
705,"Slovenia",4,"Median","56",2096,10676,8955,19630.5
705,"Slovenia",4,"Median","57",2096,10574,8864,19438
705,"Slovenia",4,"Median","58",2096,10452,8754,19206
705,"Slovenia",4,"Median","59",2096,10322,8638,18959.5
705,"Slovenia",4,"Median","60",2096,10188,8520,18708
705,"Slovenia",4,"Median","61",2096,10052,8402,18454
705,"Slovenia",4,"Median","62",2096,9926,8292,18217.5
705,"Slovenia",4,"Median","63",2096,9814,8200,18015
705,"Slovenia",4,"Median","64",2096,9728,8132,17860.5
705,"Slovenia",4,"Median","65",2096,9673,8096,17768.5
705,"Slovenia",4,"Median","66",2096,9640,8082,17722
705,"Slovenia",4,"Median","67",2096,9637,8102,17739
705,"Slovenia",4,"Median","68",2096,9673,8162,17834.5
705,"Slovenia",4,"Median","69",2096,9737,8250,17987
705,"Slovenia",4,"Median","70",2096,9825,8364,18188.5
705,"Slovenia",4,"Median","71",2096,9930,8497,18427.5
705,"Slovenia",4,"Median","72",2096,10019,8638,18656.5
705,"Slovenia",4,"Median","73",2096,10068,8760,18827.5
705,"Slovenia",4,"Median","74",2096,10314,9080,19394
705,"Slovenia",4,"Median","75",2096,10365,9246,19611.5
705,"Slovenia",4,"Median","76",2096,10256,9277,19532.5
705,"Slovenia",4,"Median","77",2096,10312,9411,19722.5
705,"Slovenia",4,"Median","78",2096,10344,9510,19854.5
705,"Slovenia",4,"Median","79",2096,10201,9656,19856.5
705,"Slovenia",4,"Median","80",2096,9962,9614,19575.5
705,"Slovenia",4,"Median","81",2096,9856,9544,19399.5
705,"Slovenia",4,"Median","82",2096,9593,9502,19094.5
705,"Slovenia",4,"Median","83",2096,9422,9484,18905.5
705,"Slovenia",4,"Median","84",2096,9222,9432,18654.5
705,"Slovenia",4,"Median","85",2096,8884,9286,18171
705,"Slovenia",4,"Median","86",2096,8456,8938,17395
705,"Slovenia",4,"Median","87",2096,7852,8586,16437.5
705,"Slovenia",4,"Median","88",2096,7066,7952,15018
705,"Slovenia",4,"Median","89",2096,6195,6990,13185
705,"Slovenia",4,"Median","90",2096,5408,6218,11625
705,"Slovenia",4,"Median","91",2096,4679,5598,10277.5
705,"Slovenia",4,"Median","92",2096,4019,4923,8942
705,"Slovenia",4,"Median","93",2096,3452,4289,7741
705,"Slovenia",4,"Median","94",2096,2982,3812,6794
705,"Slovenia",4,"Median","95",2096,2636,3454,6089.5
705,"Slovenia",4,"Median","96",2096,2270,3027,5297.5
705,"Slovenia",4,"Median","97",2096,1892,2532,4423.5
705,"Slovenia",4,"Median","98",2096,1586,2166,3751.5
705,"Slovenia",4,"Median","99",2096,1300,1810,3110.5
705,"Slovenia",4,"Median","100",2096,610,883,1493
705,"Slovenia",4,"Median","101",2096,523,772,1295
705,"Slovenia",4,"Median","102",2096,448,674,1122
705,"Slovenia",4,"Median","103",2096,384,589,973
705,"Slovenia",4,"Median","104",2096,329,515,844
705,"Slovenia",4,"Median","105",2096,281,450,731
705,"Slovenia",4,"Median","106",2096,241,394,635
705,"Slovenia",4,"Median","107",2096,206,344,550
705,"Slovenia",4,"Median","108",2096,177,301,478
705,"Slovenia",4,"Median","109",2096,151,263,414
705,"Slovenia",4,"Median","110",2096,130,230,360
705,"Slovenia",4,"Median","0",2097,6817,6406,13223.5
705,"Slovenia",4,"Median","1",2097,6860,6422,13282.5
705,"Slovenia",4,"Median","2",2097,6906,6442,13348
705,"Slovenia",4,"Median","3",2097,6958,6468,13426
705,"Slovenia",4,"Median","4",2097,7006,6492,13498.5
705,"Slovenia",4,"Median","5",2097,7060,6524,13585
705,"Slovenia",4,"Median","6",2097,7126,6570,13695.5
705,"Slovenia",4,"Median","7",2097,7198,6620,13818
705,"Slovenia",4,"Median","8",2097,7274,6677,13951
705,"Slovenia",4,"Median","9",2097,7353,6738,14091
705,"Slovenia",4,"Median","10",2097,7432,6800,14232
705,"Slovenia",4,"Median","11",2097,7521,6871,14392
705,"Slovenia",4,"Median","12",2097,7616,6950,14565.5
705,"Slovenia",4,"Median","13",2097,7710,7028,14739
705,"Slovenia",4,"Median","14",2097,7804,7107,14911.5
705,"Slovenia",4,"Median","15",2097,7896,7182,15078
705,"Slovenia",4,"Median","16",2097,7998,7268,15265.5
705,"Slovenia",4,"Median","17",2097,8136,7381,15517.5
705,"Slovenia",4,"Median","18",2097,8326,7536,15862
705,"Slovenia",4,"Median","19",2097,8554,7722,16276
705,"Slovenia",4,"Median","20",2097,8813,7932,16744.5
705,"Slovenia",4,"Median","21",2097,9076,8140,17216.5
705,"Slovenia",4,"Median","22",2097,9306,8316,17622.5
705,"Slovenia",4,"Median","23",2097,9478,8434,17912
705,"Slovenia",4,"Median","24",2097,9580,8485,18065
705,"Slovenia",4,"Median","25",2097,9623,8482,18104.5
705,"Slovenia",4,"Median","26",2097,9622,8436,18057.5
705,"Slovenia",4,"Median","27",2097,9592,8367,17958.5
705,"Slovenia",4,"Median","28",2097,9544,8284,17828
705,"Slovenia",4,"Median","29",2097,9489,8194,17683.5
705,"Slovenia",4,"Median","30",2097,9438,8112,17549.5
705,"Slovenia",4,"Median","31",2097,9390,8036,17425.5
705,"Slovenia",4,"Median","32",2097,9346,7966,17312
705,"Slovenia",4,"Median","33",2097,9315,7909,17224
705,"Slovenia",4,"Median","34",2097,9296,7868,17164
705,"Slovenia",4,"Median","35",2097,9294,7842,17136
705,"Slovenia",4,"Median","36",2097,9310,7838,17147
705,"Slovenia",4,"Median","37",2097,9344,7850,17194.5
705,"Slovenia",4,"Median","38",2097,9393,7878,17271.5
705,"Slovenia",4,"Median","39",2097,9458,7924,17383
705,"Slovenia",4,"Median","40",2097,9544,7992,17536.5
705,"Slovenia",4,"Median","41",2097,9650,8078,17729
705,"Slovenia",4,"Median","42",2097,9770,8178,17947.5
705,"Slovenia",4,"Median","43",2097,9894,8284,18177
705,"Slovenia",4,"Median","44",2097,10022,8394,18416.5
705,"Slovenia",4,"Median","45",2097,10152,8506,18657.5
705,"Slovenia",4,"Median","46",2097,10278,8615,18892.5
705,"Slovenia",4,"Median","47",2097,10404,8726,19129
705,"Slovenia",4,"Median","48",2097,10527,8836,19363
705,"Slovenia",4,"Median","49",2097,10636,8933,19569.5
705,"Slovenia",4,"Median","50",2097,10725,9012,19737.5
705,"Slovenia",4,"Median","51",2097,10792,9072,19864.5
705,"Slovenia",4,"Median","52",2097,10828,9103,19931
705,"Slovenia",4,"Median","53",2097,10838,9111,19949
705,"Slovenia",4,"Median","54",2097,10823,9096,19919
705,"Slovenia",4,"Median","55",2097,10788,9064,19851
705,"Slovenia",4,"Median","56",2097,10733,9014,19747.5
705,"Slovenia",4,"Median","57",2097,10654,8944,19599
705,"Slovenia",4,"Median","58",2097,10552,8852,19404
705,"Slovenia",4,"Median","59",2097,10428,8742,19169
705,"Slovenia",4,"Median","60",2097,10295,8626,18920.5
705,"Slovenia",4,"Median","61",2097,10158,8506,18664
705,"Slovenia",4,"Median","62",2097,10020,8386,18406
705,"Slovenia",4,"Median","63",2097,9890,8277,18166.5
705,"Slovenia",4,"Median","64",2097,9778,8186,17964
705,"Slovenia",4,"Median","65",2097,9692,8118,17809.5
705,"Slovenia",4,"Median","66",2097,9635,8080,17715
705,"Slovenia",4,"Median","67",2097,9598,8066,17664.5
705,"Slovenia",4,"Median","68",2097,9594,8086,17679.5
705,"Slovenia",4,"Median","69",2097,9628,8145,17773.5
705,"Slovenia",4,"Median","70",2097,9690,8232,17922.5
705,"Slovenia",4,"Median","71",2097,9774,8344,18118.5
705,"Slovenia",4,"Median","72",2097,9876,8476,18353
705,"Slovenia",4,"Median","73",2097,9958,8614,18572.5
705,"Slovenia",4,"Median","74",2097,9996,8732,18728
705,"Slovenia",4,"Median","75",2097,10220,9040,19259.5
705,"Slovenia",4,"Median","76",2097,10238,9190,19428
705,"Slovenia",4,"Median","77",2097,10104,9206,19310.5
705,"Slovenia",4,"Median","78",2097,10140,9328,19467
705,"Slovenia",4,"Median","79",2097,10152,9414,19566
705,"Slovenia",4,"Median","80",2097,9984,9542,19526
705,"Slovenia",4,"Median","81",2097,9720,9480,19200.5
705,"Slovenia",4,"Median","82",2097,9586,9390,18976.5
705,"Slovenia",4,"Median","83",2097,9294,9324,18618.5
705,"Slovenia",4,"Median","84",2097,9088,9278,18366
705,"Slovenia",4,"Median","85",2097,8852,9194,18046
705,"Slovenia",4,"Median","86",2097,8480,9014,17494.5
705,"Slovenia",4,"Median","87",2097,8022,8634,16656
705,"Slovenia",4,"Median","88",2097,7394,8246,15640.5
705,"Slovenia",4,"Median","89",2097,6602,7587,14189
705,"Slovenia",4,"Median","90",2097,5736,6620,12355.5
705,"Slovenia",4,"Median","91",2097,4955,5837,10792
705,"Slovenia",4,"Median","92",2097,4239,5204,9443
705,"Slovenia",4,"Median","93",2097,3596,4524,8119
705,"Slovenia",4,"Median","94",2097,3044,3890,6934
705,"Slovenia",4,"Median","95",2097,2590,3406,5996
705,"Slovenia",4,"Median","96",2097,2250,3036,5285.5
705,"Slovenia",4,"Median","97",2097,1901,2612,4512.5
705,"Slovenia",4,"Median","98",2097,1552,2140,3691
705,"Slovenia",4,"Median","99",2097,1272,1790,3061
705,"Slovenia",4,"Median","100",2097,639,910,1549
705,"Slovenia",4,"Median","101",2097,542,789,1331
705,"Slovenia",4,"Median","102",2097,459,684,1143
705,"Slovenia",4,"Median","103",2097,389,593,982
705,"Slovenia",4,"Median","104",2097,330,514,844
705,"Slovenia",4,"Median","105",2097,280,446,726
705,"Slovenia",4,"Median","106",2097,237,386,623
705,"Slovenia",4,"Median","107",2097,201,335,536
705,"Slovenia",4,"Median","108",2097,170,290,460
705,"Slovenia",4,"Median","109",2097,144,252,396
705,"Slovenia",4,"Median","110",2097,122,218,340
705,"Slovenia",4,"Median","0",2098,6810,6402,13212
705,"Slovenia",4,"Median","1",2098,6852,6413,13264.5
705,"Slovenia",4,"Median","2",2098,6892,6428,13319.5
705,"Slovenia",4,"Median","3",2098,6936,6447,13382.5
705,"Slovenia",4,"Median","4",2098,6985,6472,13457
705,"Slovenia",4,"Median","5",2098,7031,6496,13527.5
705,"Slovenia",4,"Median","6",2098,7083,6528,13611.5
705,"Slovenia",4,"Median","7",2098,7147,6572,13719.5
705,"Slovenia",4,"Median","8",2098,7217,6624,13840.5
705,"Slovenia",4,"Median","9",2098,7292,6680,13971.5
705,"Slovenia",4,"Median","10",2098,7369,6741,14110
705,"Slovenia",4,"Median","11",2098,7448,6802,14250
705,"Slovenia",4,"Median","12",2098,7534,6874,14408.5
705,"Slovenia",4,"Median","13",2098,7628,6952,14580.5
705,"Slovenia",4,"Median","14",2098,7724,7032,14755
705,"Slovenia",4,"Median","15",2098,7822,7114,14936
705,"Slovenia",4,"Median","16",2098,7932,7206,15139
705,"Slovenia",4,"Median","17",2098,8076,7324,15400.5
705,"Slovenia",4,"Median","18",2098,8268,7484,15752
705,"Slovenia",4,"Median","19",2098,8511,7682,16193.5
705,"Slovenia",4,"Median","20",2098,8776,7898,16674.5
705,"Slovenia",4,"Median","21",2098,9045,8112,17157.5
705,"Slovenia",4,"Median","22",2098,9284,8296,17580.5
705,"Slovenia",4,"Median","23",2098,9468,8426,17894.5
705,"Slovenia",4,"Median","24",2098,9586,8492,18079
705,"Slovenia",4,"Median","25",2098,9640,8499,18139
705,"Slovenia",4,"Median","26",2098,9646,8462,18108
705,"Slovenia",4,"Median","27",2098,9620,8395,18014.5
705,"Slovenia",4,"Median","28",2098,9574,8313,17887
705,"Slovenia",4,"Median","29",2098,9518,8224,17742.5
705,"Slovenia",4,"Median","30",2098,9458,8135,17593.5
705,"Slovenia",4,"Median","31",2098,9406,8054,17460.5
705,"Slovenia",4,"Median","32",2098,9360,7982,17341
705,"Slovenia",4,"Median","33",2098,9318,7916,17234
705,"Slovenia",4,"Median","34",2098,9288,7863,17151.5
705,"Slovenia",4,"Median","35",2098,9272,7826,17098
705,"Slovenia",4,"Median","36",2098,9272,7805,17077
705,"Slovenia",4,"Median","37",2098,9290,7804,17094
705,"Slovenia",4,"Median","38",2098,9326,7820,17145.5
705,"Slovenia",4,"Median","39",2098,9376,7850,17227
705,"Slovenia",4,"Median","40",2098,9444,7900,17345
705,"Slovenia",4,"Median","41",2098,9532,7970,17501.5
705,"Slovenia",4,"Median","42",2098,9639,8058,17697
705,"Slovenia",4,"Median","43",2098,9759,8160,17919
705,"Slovenia",4,"Median","44",2098,9884,8267,18151
705,"Slovenia",4,"Median","45",2098,10014,8379,18392.5
705,"Slovenia",4,"Median","46",2098,10143,8492,18635
705,"Slovenia",4,"Median","47",2098,10269,8602,18871.5
705,"Slovenia",4,"Median","48",2098,10394,8714,19108.5
705,"Slovenia",4,"Median","49",2098,10518,8824,19343
705,"Slovenia",4,"Median","50",2098,10626,8922,19548.5
705,"Slovenia",4,"Median","51",2098,10713,9002,19714.5
705,"Slovenia",4,"Median","52",2098,10780,9062,19841
705,"Slovenia",4,"Median","53",2098,10815,9093,19908
705,"Slovenia",4,"Median","54",2098,10824,9100,19924
705,"Slovenia",4,"Median","55",2098,10808,9086,19894
705,"Slovenia",4,"Median","56",2098,10770,9054,19823
705,"Slovenia",4,"Median","57",2098,10713,9004,19717
705,"Slovenia",4,"Median","58",2098,10632,8934,19566
705,"Slovenia",4,"Median","59",2098,10528,8840,19368
705,"Slovenia",4,"Median","60",2098,10400,8730,19130.5
705,"Slovenia",4,"Median","61",2098,10265,8612,18877
705,"Slovenia",4,"Median","62",2098,10125,8492,18616.5
705,"Slovenia",4,"Median","63",2098,9984,8372,18356
705,"Slovenia",4,"Median","64",2098,9854,8262,18116.5
705,"Slovenia",4,"Median","65",2098,9743,8171,17914
705,"Slovenia",4,"Median","66",2098,9654,8102,17756.5
705,"Slovenia",4,"Median","67",2098,9594,8064,17659
705,"Slovenia",4,"Median","68",2098,9556,8050,17606
705,"Slovenia",4,"Median","69",2098,9551,8070,17621
705,"Slovenia",4,"Median","70",2098,9584,8128,17711
705,"Slovenia",4,"Median","71",2098,9642,8214,17855
705,"Slovenia",4,"Median","72",2098,9722,8324,18047
705,"Slovenia",4,"Median","73",2098,9818,8454,18272.5
705,"Slovenia",4,"Median","74",2098,9890,8587,18476.5
705,"Slovenia",4,"Median","75",2098,9907,8694,18600.5
705,"Slovenia",4,"Median","76",2098,10097,8986,19082.5
705,"Slovenia",4,"Median","77",2098,10090,9120,19210.5
705,"Slovenia",4,"Median","78",2098,9938,9126,19064.5
705,"Slovenia",4,"Median","79",2098,9954,9235,19188.5
705,"Slovenia",4,"Median","80",2098,9940,9305,19244.5
705,"Slovenia",4,"Median","81",2098,9745,9412,19157
705,"Slovenia",4,"Median","82",2098,9457,9331,18788
705,"Slovenia",4,"Median","83",2098,9291,9218,18509
705,"Slovenia",4,"Median","84",2098,8970,9125,18094.5
705,"Slovenia",4,"Median","85",2098,8728,9048,17775.5
705,"Slovenia",4,"Median","86",2098,8454,8928,17382.5
705,"Slovenia",4,"Median","87",2098,8049,8712,16760.5
705,"Slovenia",4,"Median","88",2098,7560,8298,15857.5
705,"Slovenia",4,"Median","89",2098,6913,7874,14787
705,"Slovenia",4,"Median","90",2098,6117,7190,13307.5
705,"Slovenia",4,"Median","91",2098,5260,6220,11480.5
705,"Slovenia",4,"Median","92",2098,4494,5430,9924
705,"Slovenia",4,"Median","93",2098,3796,4786,8582.5
705,"Slovenia",4,"Median","94",2098,3174,4108,7281.5
705,"Slovenia",4,"Median","95",2098,2646,3481,6127
705,"Slovenia",4,"Median","96",2098,2212,2998,5211
705,"Slovenia",4,"Median","97",2098,1886,2623,4508.5
705,"Slovenia",4,"Median","98",2098,1562,2211,3772.5
705,"Slovenia",4,"Median","99",2098,1246,1770,3016.5
705,"Slovenia",4,"Median","100",2098,664,939,1603
705,"Slovenia",4,"Median","101",2098,557,807,1364
705,"Slovenia",4,"Median","102",2098,467,693,1160
705,"Slovenia",4,"Median","103",2098,392,596,988
705,"Slovenia",4,"Median","104",2098,329,512,841
705,"Slovenia",4,"Median","105",2098,276,440,716
705,"Slovenia",4,"Median","106",2098,232,378,610
705,"Slovenia",4,"Median","107",2098,194,324,518
705,"Slovenia",4,"Median","108",2098,163,279,442
705,"Slovenia",4,"Median","109",2098,137,239,376
705,"Slovenia",4,"Median","110",2098,115,206,321
705,"Slovenia",4,"Median","0",2099,6812,6404,13216.5
705,"Slovenia",4,"Median","1",2099,6846,6408,13255
705,"Slovenia",4,"Median","2",2099,6884,6420,13304.5
705,"Slovenia",4,"Median","3",2099,6922,6434,13356
705,"Slovenia",4,"Median","4",2099,6964,6452,13416
705,"Slovenia",4,"Median","5",2099,7010,6478,13488
705,"Slovenia",4,"Median","6",2099,7054,6501,13555.5
705,"Slovenia",4,"Median","7",2099,7104,6532,13637
705,"Slovenia",4,"Median","8",2099,7166,6577,13743.5
705,"Slovenia",4,"Median","9",2099,7235,6627,13862
705,"Slovenia",4,"Median","10",2099,7308,6684,13992.5
705,"Slovenia",4,"Median","11",2099,7384,6744,14129
705,"Slovenia",4,"Median","12",2099,7462,6806,14267
705,"Slovenia",4,"Median","13",2099,7548,6876,14425
705,"Slovenia",4,"Median","14",2099,7642,6956,14597.5
705,"Slovenia",4,"Median","15",2099,7741,7039,14780
705,"Slovenia",4,"Median","16",2099,7860,7138,14998
705,"Slovenia",4,"Median","17",2099,8011,7264,15275
705,"Slovenia",4,"Median","18",2099,8208,7427,15635.5
705,"Slovenia",4,"Median","19",2099,8455,7630,16085.5
705,"Slovenia",4,"Median","20",2099,8734,7860,16594
705,"Slovenia",4,"Median","21",2099,9010,8080,17089
705,"Slovenia",4,"Median","22",2099,9254,8270,17523.5
705,"Slovenia",4,"Median","23",2099,9448,8408,17856
705,"Slovenia",4,"Median","24",2099,9578,8486,18065
705,"Slovenia",4,"Median","25",2099,9648,8509,18157.5
705,"Slovenia",4,"Median","26",2099,9665,8482,18147
705,"Slovenia",4,"Median","27",2099,9646,8422,18068.5
705,"Slovenia",4,"Median","28",2099,9604,8344,17947.5
705,"Slovenia",4,"Median","29",2099,9550,8256,17805.5
705,"Slovenia",4,"Median","30",2099,9490,8167,17656.5
705,"Slovenia",4,"Median","31",2099,9430,8079,17508.5
705,"Slovenia",4,"Median","32",2099,9378,8002,17379
705,"Slovenia",4,"Median","33",2099,9333,7933,17266
705,"Slovenia",4,"Median","34",2099,9293,7870,17163.5
705,"Slovenia",4,"Median","35",2099,9266,7822,17088.5
705,"Slovenia",4,"Median","36",2099,9252,7789,17041.5
705,"Slovenia",4,"Median","37",2099,9254,7772,17026
705,"Slovenia",4,"Median","38",2099,9274,7774,17047
705,"Slovenia",4,"Median","39",2099,9311,7792,17103.5
705,"Slovenia",4,"Median","40",2099,9363,7827,17190
705,"Slovenia",4,"Median","41",2099,9434,7878,17312
705,"Slovenia",4,"Median","42",2099,9522,7950,17471.5
705,"Slovenia",4,"Median","43",2099,9630,8041,17670.5
705,"Slovenia",4,"Median","44",2099,9750,8144,17894
705,"Slovenia",4,"Median","45",2099,9876,8253,18129
705,"Slovenia",4,"Median","46",2099,10005,8366,18370.5
705,"Slovenia",4,"Median","47",2099,10135,8480,18615
705,"Slovenia",4,"Median","48",2099,10261,8592,18852.5
705,"Slovenia",4,"Median","49",2099,10386,8703,19089.5
705,"Slovenia",4,"Median","50",2099,10509,8814,19323.5
705,"Slovenia",4,"Median","51",2099,10615,8912,19527.5
705,"Slovenia",4,"Median","52",2099,10700,8992,19692
705,"Slovenia",4,"Median","53",2099,10766,9052,19818
705,"Slovenia",4,"Median","54",2099,10802,9084,19885
705,"Slovenia",4,"Median","55",2099,10808,9092,19900
705,"Slovenia",4,"Median","56",2099,10790,9078,19868
705,"Slovenia",4,"Median","57",2099,10750,9043,19793
705,"Slovenia",4,"Median","58",2099,10691,8994,19685
705,"Slovenia",4,"Median","59",2099,10608,8922,19530.5
705,"Slovenia",4,"Median","60",2099,10500,8829,19329.5
705,"Slovenia",4,"Median","61",2099,10371,8717,19088
705,"Slovenia",4,"Median","62",2099,10232,8598,18830.5
705,"Slovenia",4,"Median","63",2099,10091,8477,18568
705,"Slovenia",4,"Median","64",2099,9950,8358,18307
705,"Slovenia",4,"Median","65",2099,9819,8248,18067.5
705,"Slovenia",4,"Median","66",2099,9706,8156,17863
705,"Slovenia",4,"Median","67",2099,9615,8087,17702
705,"Slovenia",4,"Median","68",2099,9553,8049,17602
705,"Slovenia",4,"Median","69",2099,9514,8035,17549.5
705,"Slovenia",4,"Median","70",2099,9508,8054,17561
705,"Slovenia",4,"Median","71",2099,9536,8110,17646.5
705,"Slovenia",4,"Median","72",2099,9592,8195,17786.5
705,"Slovenia",4,"Median","73",2099,9666,8304,17970
705,"Slovenia",4,"Median","74",2099,9752,8428,18180
705,"Slovenia",4,"Median","75",2099,9804,8550,18354
705,"Slovenia",4,"Median","76",2099,9790,8642,18433
705,"Slovenia",4,"Median","77",2099,9952,8920,18872
705,"Slovenia",4,"Median","78",2099,9927,9043,18970
705,"Slovenia",4,"Median","79",2099,9759,9037,18796
705,"Slovenia",4,"Median","80",2099,9748,9130,18878
705,"Slovenia",4,"Median","81",2099,9704,9180,18885
705,"Slovenia",4,"Median","82",2099,9484,9266,18750.5
705,"Slovenia",4,"Median","83",2099,9170,9163,18332.5
705,"Slovenia",4,"Median","84",2099,8971,9024,17995.5
705,"Slovenia",4,"Median","85",2099,8618,8902,17520.5
705,"Slovenia",4,"Median","86",2099,8340,8790,17130.5
705,"Slovenia",4,"Median","87",2099,8030,8633,16662.5
705,"Slovenia",4,"Median","88",2099,7591,8377,15968
705,"Slovenia",4,"Median","89",2099,7072,7928,15001
705,"Slovenia",4,"Median","90",2099,6410,7468,13877.5
705,"Slovenia",4,"Median","91",2099,5616,6762,12377
705,"Slovenia",4,"Median","92",2099,4775,5792,10567
705,"Slovenia",4,"Median","93",2099,4028,5000,9028
705,"Slovenia",4,"Median","94",2099,3355,4351,7706
705,"Slovenia",4,"Median","95",2099,2762,3680,6442.5
705,"Slovenia",4,"Median","96",2099,2264,3068,5331.5
705,"Slovenia",4,"Median","97",2099,1857,2594,4451.5
705,"Slovenia",4,"Median","98",2099,1551,2224,3775.5
705,"Slovenia",4,"Median","99",2099,1256,1832,3088
705,"Slovenia",4,"Median","100",2099,680,958,1638
705,"Slovenia",4,"Median","101",2099,566,818,1384
705,"Slovenia",4,"Median","102",2099,471,699,1170
705,"Slovenia",4,"Median","103",2099,392,597,989
705,"Slovenia",4,"Median","104",2099,326,509,835
705,"Slovenia",4,"Median","105",2099,271,435,706
705,"Slovenia",4,"Median","106",2099,226,371,597
705,"Slovenia",4,"Median","107",2099,188,317,505
705,"Slovenia",4,"Median","108",2099,156,271,427
705,"Slovenia",4,"Median","109",2099,130,231,361
705,"Slovenia",4,"Median","110",2099,108,197,305
705,"Slovenia",4,"Median","0",2100,6819,6410,13229
705,"Slovenia",4,"Median","1",2100,6848,6410,13257
705,"Slovenia",4,"Median","2",2100,6878,6415,13293.5
705,"Slovenia",4,"Median","3",2100,6914,6425,13338.5
705,"Slovenia",4,"Median","4",2100,6949,6438,13387.5
705,"Slovenia",4,"Median","5",2100,6988,6457,13444.5
705,"Slovenia",4,"Median","6",2100,7033,6482,13514.5
705,"Slovenia",4,"Median","7",2100,7075,6505,13580
705,"Slovenia",4,"Median","8",2100,7123,6536,13659.5
705,"Slovenia",4,"Median","9",2100,7184,6580,13764
705,"Slovenia",4,"Median","10",2100,7252,6630,13882
705,"Slovenia",4,"Median","11",2100,7323,6686,14009.5
705,"Slovenia",4,"Median","12",2100,7398,6747,14145.5
705,"Slovenia",4,"Median","13",2100,7475,6808,14283
705,"Slovenia",4,"Median","14",2100,7561,6880,14440.5
705,"Slovenia",4,"Median","15",2100,7659,6962,14621.5
705,"Slovenia",4,"Median","16",2100,7778,7062,14840.5
705,"Slovenia",4,"Median","17",2100,7937,7195,15132
705,"Slovenia",4,"Median","18",2100,8143,7366,15508.5
705,"Slovenia",4,"Median","19",2100,8394,7573,15966.5
705,"Slovenia",4,"Median","20",2100,8677,7806,16483
705,"Slovenia",4,"Median","21",2100,8966,8040,17005
705,"Slovenia",4,"Median","22",2100,9216,8235,17451.5
705,"Slovenia",4,"Median","23",2100,9416,8380,17795
705,"Slovenia",4,"Median","24",2100,9556,8467,18023
705,"Slovenia",4,"Median","25",2100,9638,8501,18139.5
705,"Slovenia",4,"Median","26",2100,9672,8490,18161
705,"Slovenia",4,"Median","27",2100,9663,8440,18103.5
705,"Slovenia",4,"Median","28",2100,9629,8370,17998.5
705,"Slovenia",4,"Median","29",2100,9578,8285,17863
705,"Slovenia",4,"Median","30",2100,9520,8197,17716.5
705,"Slovenia",4,"Median","31",2100,9460,8110,17569
705,"Slovenia",4,"Median","32",2100,9400,8025,17424.5
705,"Slovenia",4,"Median","33",2100,9350,7952,17301.5
705,"Slovenia",4,"Median","34",2100,9306,7886,17193
705,"Slovenia",4,"Median","35",2100,9270,7829,17098.5
705,"Slovenia",4,"Median","36",2100,9246,7785,17030.5
705,"Slovenia",4,"Median","37",2100,9234,7755,16988.5
705,"Slovenia",4,"Median","38",2100,9236,7742,16978
705,"Slovenia",4,"Median","39",2100,9258,7746,17004
705,"Slovenia",4,"Median","40",2100,9297,7768,17065
705,"Slovenia",4,"Median","41",2100,9352,7805,17156.5
705,"Slovenia",4,"Median","42",2100,9422,7859,17281
705,"Slovenia",4,"Median","43",2100,9512,7932,17444
705,"Slovenia",4,"Median","44",2100,9620,8024,17645
705,"Slovenia",4,"Median","45",2100,9742,8130,17871
705,"Slovenia",4,"Median","46",2100,9867,8239,18106
705,"Slovenia",4,"Median","47",2100,9997,8353,18350
705,"Slovenia",4,"Median","48",2100,10127,8468,18595.5
705,"Slovenia",4,"Median","49",2100,10252,8580,18833
705,"Slovenia",4,"Median","50",2100,10377,8692,19069.5
705,"Slovenia",4,"Median","51",2100,10498,8804,19301.5
705,"Slovenia",4,"Median","52",2100,10602,8902,19504
705,"Slovenia",4,"Median","53",2100,10688,8982,19669.5
705,"Slovenia",4,"Median","54",2100,10754,9042,19796
705,"Slovenia",4,"Median","55",2100,10786,9074,19860.5
705,"Slovenia",4,"Median","56",2100,10791,9082,19873
705,"Slovenia",4,"Median","57",2100,10770,9066,19837
705,"Slovenia",4,"Median","58",2100,10728,9033,19761.5
705,"Slovenia",4,"Median","59",2100,10667,8982,19649
705,"Slovenia",4,"Median","60",2100,10582,8910,19492
705,"Slovenia",4,"Median","61",2100,10472,8816,19287.5
705,"Slovenia",4,"Median","62",2100,10338,8702,19041
705,"Slovenia",4,"Median","63",2100,10198,8584,18781.5
705,"Slovenia",4,"Median","64",2100,10056,8463,18519
705,"Slovenia",4,"Median","65",2100,9914,8344,18257.5
705,"Slovenia",4,"Median","66",2100,9782,8234,18016.5
705,"Slovenia",4,"Median","67",2100,9668,8142,17809
705,"Slovenia",4,"Median","68",2100,9574,8072,17646
705,"Slovenia",4,"Median","69",2100,9512,8034,17546
705,"Slovenia",4,"Median","70",2100,9472,8019,17490.5
705,"Slovenia",4,"Median","71",2100,9462,8036,17497.5
705,"Slovenia",4,"Median","72",2100,9488,8092,17579
705,"Slovenia",4,"Median","73",2100,9538,8174,17712
705,"Slovenia",4,"Median","74",2100,9602,8278,17881
705,"Slovenia",4,"Median","75",2100,9668,8394,18061.5
705,"Slovenia",4,"Median","76",2100,9690,8502,18191
705,"Slovenia",4,"Median","77",2100,9652,8580,18232
705,"Slovenia",4,"Median","78",2100,9794,8845,18638.5
705,"Slovenia",4,"Median","79",2100,9750,8956,18705.5
705,"Slovenia",4,"Median","80",2100,9560,8936,18495.5
705,"Slovenia",4,"Median","81",2100,9521,9010,18531
705,"Slovenia",4,"Median","82",2100,9448,9041,18489
705,"Slovenia",4,"Median","83",2100,9200,9102,18302
705,"Slovenia",4,"Median","84",2100,8858,8974,17831
705,"Slovenia",4,"Median","85",2100,8624,8808,17431
705,"Slovenia",4,"Median","86",2100,8240,8653,16893
705,"Slovenia",4,"Median","87",2100,7926,8504,16430
705,"Slovenia",4,"Median","88",2100,7577,8306,15883.5
705,"Slovenia",4,"Median","89",2100,7106,8010,15116
705,"Slovenia",4,"Median","90",2100,6563,7525,14088
705,"Slovenia",4,"Median","91",2100,5889,7028,12917
705,"Slovenia",4,"Median","92",2100,5102,6302,11404
705,"Slovenia",4,"Median","93",2100,4284,5338,9622.5
705,"Slovenia",4,"Median","94",2100,3564,4550,8113.5
705,"Slovenia",4,"Median","95",2100,2923,3903,6826
705,"Slovenia",4,"Median","96",2100,2366,3248,5613.5
705,"Slovenia",4,"Median","97",2100,1902,2658,4561
705,"Slovenia",4,"Median","98",2100,1530,2204,3733
705,"Slovenia",4,"Median","99",2100,1248,1846,3095
705,"Slovenia",4,"Median","100",2100,694,981,1675
705,"Slovenia",4,"Median","101",2100,574,835,1409
705,"Slovenia",4,"Median","102",2100,475,710,1185
705,"Slovenia",4,"Median","103",2100,393,604,997
705,"Slovenia",4,"Median","104",2100,325,513,838
705,"Slovenia",4,"Median","105",2100,269,437,706
705,"Slovenia",4,"Median","106",2100,222,371,593
705,"Slovenia",4,"Median","107",2100,184,316,500
705,"Slovenia",4,"Median","108",2100,152,269,421
705,"Slovenia",4,"Median","109",2100,126,228,354
705,"Slovenia",4,"Median","110",2100,104,194,298
