"LocID","Location","VarID","Variant","Age","Time","DeathMale","DeathFemale","DeathTotal"
380,"Italy",4,"Median","0",1950,32079,26366,58445
380,"Italy",4,"Median","1",1950,5087,4929,10016
380,"Italy",4,"Median","2",1950,1840,1600,3440
380,"Italy",4,"Median","3",1950,1076,921,1997
380,"Italy",4,"Median","4",1950,661,630,1291
380,"Italy",4,"Median","5",1950,519,390,909
380,"Italy",4,"Median","6",1950,430,344,774
380,"Italy",4,"Median","7",1950,398,323,721
380,"Italy",4,"Median","8",1950,356,266,622
380,"Italy",4,"Median","9",1950,345,255,600
380,"Italy",4,"Median","10",1950,354,277,631
380,"Italy",4,"Median","11",1950,383,276,659
380,"Italy",4,"Median","12",1950,335,272,607
380,"Italy",4,"Median","13",1950,332,293,625
380,"Italy",4,"Median","14",1950,361,319,680
380,"Italy",4,"Median","15",1950,459,318,777
380,"Italy",4,"Median","16",1950,500,378,878
380,"Italy",4,"Median","17",1950,535,412,946
380,"Italy",4,"Median","18",1950,593,447,1041
380,"Italy",4,"Median","19",1950,658,501,1159
380,"Italy",4,"Median","20",1950,687,503,1190
380,"Italy",4,"Median","21",1950,715,564,1279
380,"Italy",4,"Median","22",1950,775,513,1288
380,"Italy",4,"Median","23",1950,836,595,1431
380,"Italy",4,"Median","24",1950,746,583,1330
380,"Italy",4,"Median","25",1950,756,619,1375
380,"Italy",4,"Median","26",1950,788,648,1437
380,"Italy",4,"Median","27",1950,769,683,1452
380,"Italy",4,"Median","28",1950,762,708,1470
380,"Italy",4,"Median","29",1950,759,707,1466
380,"Italy",4,"Median","30",1950,726,584,1310
380,"Italy",4,"Median","31",1950,511,434,945
380,"Italy",4,"Median","32",1950,488,376,864
380,"Italy",4,"Median","33",1950,542,491,1034
380,"Italy",4,"Median","34",1950,721,653,1374
380,"Italy",4,"Median","35",1950,874,723,1597
380,"Italy",4,"Median","36",1950,877,819,1697
380,"Italy",4,"Median","37",1950,998,854,1852
380,"Italy",4,"Median","38",1950,1049,861,1910
380,"Italy",4,"Median","39",1950,1139,889,2029
380,"Italy",4,"Median","40",1950,1177,1000,2177
380,"Italy",4,"Median","41",1950,1267,966,2233
380,"Italy",4,"Median","42",1950,1361,1000,2361
380,"Italy",4,"Median","43",1950,1382,976,2358
380,"Italy",4,"Median","44",1950,1528,1088,2616
380,"Italy",4,"Median","45",1950,1637,1131,2768
380,"Italy",4,"Median","46",1950,1721,1119,2840
380,"Italy",4,"Median","47",1950,1640,1152,2792
380,"Italy",4,"Median","48",1950,1788,1272,3059
380,"Italy",4,"Median","49",1950,2046,1333,3380
380,"Italy",4,"Median","50",1950,2033,1375,3408
380,"Italy",4,"Median","51",1950,2096,1457,3554
380,"Italy",4,"Median","52",1950,2233,1684,3917
380,"Italy",4,"Median","53",1950,2293,1726,4018
380,"Italy",4,"Median","54",1950,2340,1826,4165
380,"Italy",4,"Median","55",1950,2396,1920,4317
380,"Italy",4,"Median","56",1950,2532,2032,4564
380,"Italy",4,"Median","57",1950,2760,2159,4918
380,"Italy",4,"Median","58",1950,2841,2210,5050
380,"Italy",4,"Median","59",1950,2963,2446,5409
380,"Italy",4,"Median","60",1950,3147,2623,5770
380,"Italy",4,"Median","61",1950,3239,2776,6015
380,"Italy",4,"Median","62",1950,3497,3158,6656
380,"Italy",4,"Median","63",1950,3678,3238,6916
380,"Italy",4,"Median","64",1950,3657,3408,7064
380,"Italy",4,"Median","65",1950,4087,3873,7960
380,"Italy",4,"Median","66",1950,4121,4062,8183
380,"Italy",4,"Median","67",1950,4206,4125,8331
380,"Italy",4,"Median","68",1950,4655,4578,9232
380,"Italy",4,"Median","69",1950,4535,4506,9041
380,"Italy",4,"Median","70",1950,4897,4831,9728
380,"Italy",4,"Median","71",1950,5219,5143,10362
380,"Italy",4,"Median","72",1950,5466,5485,10951
380,"Italy",4,"Median","73",1950,5806,5992,11798
380,"Italy",4,"Median","74",1950,6236,6305,12540
380,"Italy",4,"Median","75",1950,5575,5902,11477
380,"Italy",4,"Median","76",1950,5589,5763,11351
380,"Italy",4,"Median","77",1950,5668,5964,11632
380,"Italy",4,"Median","78",1950,5519,5841,11361
380,"Italy",4,"Median","79",1950,5177,5580,10757
380,"Italy",4,"Median","80",1950,5207,5806,11012
380,"Italy",4,"Median","81",1950,4636,5056,9692
380,"Italy",4,"Median","82",1950,4264,4842,9106
380,"Italy",4,"Median","83",1950,4005,4613,8618
380,"Italy",4,"Median","84",1950,3910,4372,8282
380,"Italy",4,"Median","85",1950,3227,3724,6951
380,"Italy",4,"Median","86",1950,2788,3260,6047
380,"Italy",4,"Median","87",1950,2220,2792,5013
380,"Italy",4,"Median","88",1950,1831,2133,3964
380,"Italy",4,"Median","89",1950,1335,1714,3049
380,"Italy",4,"Median","90",1950,1102,1447,2549
380,"Italy",4,"Median","91",1950,784,1026,1810
380,"Italy",4,"Median","92",1950,569,786,1356
380,"Italy",4,"Median","93",1950,356,529,884
380,"Italy",4,"Median","94",1950,243,401,644
380,"Italy",4,"Median","95",1950,151,242,393
380,"Italy",4,"Median","96",1950,96,156,252
380,"Italy",4,"Median","97",1950,58,105,162
380,"Italy",4,"Median","98",1950,31,68,99
380,"Italy",4,"Median","99",1950,16,39,55
380,"Italy",4,"Median","100",1950,5,14,19
380,"Italy",4,"Median","101",1950,3,9,12
380,"Italy",4,"Median","102",1950,2,6,8
380,"Italy",4,"Median","103",1950,1,4,5
380,"Italy",4,"Median","104",1950,1,3,4
380,"Italy",4,"Median","105",1950,0,2,2
380,"Italy",4,"Median","106",1950,0,1,1
380,"Italy",4,"Median","107",1950,0,1,1
380,"Italy",4,"Median","108",1950,0,1,1
380,"Italy",4,"Median","109",1950,0,0,0
380,"Italy",4,"Median","110",1950,0,0,0
380,"Italy",4,"Median","0",1951,30808,25620,56428
380,"Italy",4,"Median","1",1951,4799,4589,9389
380,"Italy",4,"Median","2",1951,1602,1459,3061
380,"Italy",4,"Median","3",1951,997,871,1868
380,"Italy",4,"Median","4",1951,722,662,1385
380,"Italy",4,"Median","5",1951,529,425,954
380,"Italy",4,"Median","6",1951,397,322,720
380,"Italy",4,"Median","7",1951,354,306,659
380,"Italy",4,"Median","8",1951,344,252,596
380,"Italy",4,"Median","9",1951,308,235,544
380,"Italy",4,"Median","10",1951,349,231,580
380,"Italy",4,"Median","11",1951,366,251,618
380,"Italy",4,"Median","12",1951,369,259,628
380,"Italy",4,"Median","13",1951,369,308,677
380,"Italy",4,"Median","14",1951,356,285,641
380,"Italy",4,"Median","15",1951,405,342,748
380,"Italy",4,"Median","16",1951,495,390,885
380,"Italy",4,"Median","17",1951,543,382,924
380,"Italy",4,"Median","18",1951,585,411,996
380,"Italy",4,"Median","19",1951,619,435,1054
380,"Italy",4,"Median","20",1951,614,504,1119
380,"Italy",4,"Median","21",1951,705,526,1231
380,"Italy",4,"Median","22",1951,659,566,1225
380,"Italy",4,"Median","23",1951,703,595,1298
380,"Italy",4,"Median","24",1951,779,573,1353
380,"Italy",4,"Median","25",1951,738,597,1336
380,"Italy",4,"Median","26",1951,749,641,1390
380,"Italy",4,"Median","27",1951,800,650,1450
380,"Italy",4,"Median","28",1951,814,669,1482
380,"Italy",4,"Median","29",1951,764,628,1392
380,"Italy",4,"Median","30",1951,803,682,1485
380,"Italy",4,"Median","31",1951,703,605,1308
380,"Italy",4,"Median","32",1951,504,489,993
380,"Italy",4,"Median","33",1951,475,405,881
380,"Italy",4,"Median","34",1951,572,505,1077
380,"Italy",4,"Median","35",1951,750,627,1376
380,"Italy",4,"Median","36",1951,921,749,1670
380,"Italy",4,"Median","37",1951,962,831,1794
380,"Italy",4,"Median","38",1951,1053,836,1889
380,"Italy",4,"Median","39",1951,1079,908,1986
380,"Italy",4,"Median","40",1951,1100,928,2029
380,"Italy",4,"Median","41",1951,1338,954,2292
380,"Italy",4,"Median","42",1951,1370,1055,2425
380,"Italy",4,"Median","43",1951,1503,1039,2542
380,"Italy",4,"Median","44",1951,1547,1054,2602
380,"Italy",4,"Median","45",1951,1587,1176,2763
380,"Italy",4,"Median","46",1951,1780,1138,2918
380,"Italy",4,"Median","47",1951,1853,1261,3114
380,"Italy",4,"Median","48",1951,2006,1317,3323
380,"Italy",4,"Median","49",1951,2086,1339,3425
380,"Italy",4,"Median","50",1951,2193,1451,3644
380,"Italy",4,"Median","51",1951,2272,1542,3814
380,"Italy",4,"Median","52",1951,2361,1662,4023
380,"Italy",4,"Median","53",1951,2469,1707,4176
380,"Italy",4,"Median","54",1951,2545,1840,4385
380,"Italy",4,"Median","55",1951,2399,1958,4356
380,"Italy",4,"Median","56",1951,2733,2033,4765
380,"Italy",4,"Median","57",1951,2831,2274,5104
380,"Italy",4,"Median","58",1951,3087,2393,5480
380,"Italy",4,"Median","59",1951,3223,2544,5767
380,"Italy",4,"Median","60",1951,3196,2708,5904
380,"Italy",4,"Median","61",1951,3472,2895,6367
380,"Italy",4,"Median","62",1951,3733,3235,6968
380,"Italy",4,"Median","63",1951,3851,3407,7258
380,"Italy",4,"Median","64",1951,3978,3792,7770
380,"Italy",4,"Median","65",1951,4202,3973,8175
380,"Italy",4,"Median","66",1951,4380,4265,8645
380,"Italy",4,"Median","67",1951,4766,4660,9425
380,"Italy",4,"Median","68",1951,4893,4682,9575
380,"Italy",4,"Median","69",1951,5457,5268,10725
380,"Italy",4,"Median","70",1951,5195,5165,10360
380,"Italy",4,"Median","71",1951,5718,5407,11125
380,"Italy",4,"Median","72",1951,5997,5998,11994
380,"Italy",4,"Median","73",1951,6159,6169,12328
380,"Italy",4,"Median","74",1951,6757,6594,13351
380,"Italy",4,"Median","75",1951,7150,7222,14372
380,"Italy",4,"Median","76",1951,6357,6632,12989
380,"Italy",4,"Median","77",1951,5982,6515,12498
380,"Italy",4,"Median","78",1951,6302,6716,13018
380,"Italy",4,"Median","79",1951,5991,6536,12528
380,"Italy",4,"Median","80",1951,5614,6186,11800
380,"Italy",4,"Median","81",1951,5561,6191,11753
380,"Italy",4,"Median","82",1951,4858,5416,10274
380,"Italy",4,"Median","83",1951,4587,4970,9557
380,"Italy",4,"Median","84",1951,4127,4893,9019
380,"Italy",4,"Median","85",1951,3889,4383,8271
380,"Italy",4,"Median","86",1951,3204,3846,7050
380,"Italy",4,"Median","87",1951,2786,3245,6031
380,"Italy",4,"Median","88",1951,2116,2669,4786
380,"Italy",4,"Median","89",1951,1622,2041,3663
380,"Italy",4,"Median","90",1951,1148,1609,2757
380,"Italy",4,"Median","91",1951,903,1261,2164
380,"Italy",4,"Median","92",1951,631,948,1579
380,"Italy",4,"Median","93",1951,477,626,1103
380,"Italy",4,"Median","94",1951,299,460,759
380,"Italy",4,"Median","95",1951,176,305,481
380,"Italy",4,"Median","96",1951,108,186,295
380,"Italy",4,"Median","97",1951,66,116,182
380,"Italy",4,"Median","98",1951,38,75,113
380,"Italy",4,"Median","99",1951,20,47,67
380,"Italy",4,"Median","100",1951,6,17,23
380,"Italy",4,"Median","101",1951,4,12,16
380,"Italy",4,"Median","102",1951,3,8,11
380,"Italy",4,"Median","103",1951,2,5,7
380,"Italy",4,"Median","104",1951,1,3,4
380,"Italy",4,"Median","105",1951,1,2,3
380,"Italy",4,"Median","106",1951,0,2,2
380,"Italy",4,"Median","107",1951,0,1,1
380,"Italy",4,"Median","108",1951,0,1,1
380,"Italy",4,"Median","109",1951,0,0,0
380,"Italy",4,"Median","110",1951,0,0,0
380,"Italy",4,"Median","0",1952,29322,24261,53583
380,"Italy",4,"Median","1",1952,4076,4130,8206
380,"Italy",4,"Median","2",1952,1506,1355,2860
380,"Italy",4,"Median","3",1952,948,780,1728
380,"Italy",4,"Median","4",1952,734,629,1363
380,"Italy",4,"Median","5",1952,573,477,1050
380,"Italy",4,"Median","6",1952,447,332,779
380,"Italy",4,"Median","7",1952,336,263,599
380,"Italy",4,"Median","8",1952,325,233,558
380,"Italy",4,"Median","9",1952,302,223,524
380,"Italy",4,"Median","10",1952,288,220,509
380,"Italy",4,"Median","11",1952,303,215,518
380,"Italy",4,"Median","12",1952,333,255,588
380,"Italy",4,"Median","13",1952,367,258,625
380,"Italy",4,"Median","14",1952,341,283,624
380,"Italy",4,"Median","15",1952,391,249,640
380,"Italy",4,"Median","16",1952,475,306,781
380,"Italy",4,"Median","17",1952,511,309,819
380,"Italy",4,"Median","18",1952,526,329,854
380,"Italy",4,"Median","19",1952,550,354,904
380,"Italy",4,"Median","20",1952,580,386,966
380,"Italy",4,"Median","21",1952,649,401,1050
380,"Italy",4,"Median","22",1952,664,458,1122
380,"Italy",4,"Median","23",1952,636,435,1071
380,"Italy",4,"Median","24",1952,684,439,1123
380,"Italy",4,"Median","25",1952,608,484,1092
380,"Italy",4,"Median","26",1952,674,500,1175
380,"Italy",4,"Median","27",1952,661,500,1161
380,"Italy",4,"Median","28",1952,716,516,1232
380,"Italy",4,"Median","29",1952,677,582,1260
380,"Italy",4,"Median","30",1952,660,613,1272
380,"Italy",4,"Median","31",1952,743,642,1385
380,"Italy",4,"Median","32",1952,626,529,1155
380,"Italy",4,"Median","33",1952,449,404,853
380,"Italy",4,"Median","34",1952,438,356,793
380,"Italy",4,"Median","35",1952,554,459,1013
380,"Italy",4,"Median","36",1952,749,577,1326
380,"Italy",4,"Median","37",1952,840,694,1534
380,"Italy",4,"Median","38",1952,923,770,1693
380,"Italy",4,"Median","39",1952,1054,875,1928
380,"Italy",4,"Median","40",1952,1057,867,1924
380,"Italy",4,"Median","41",1952,1184,868,2052
380,"Italy",4,"Median","42",1952,1256,983,2238
380,"Italy",4,"Median","43",1952,1393,969,2361
380,"Italy",4,"Median","44",1952,1495,1102,2597
380,"Italy",4,"Median","45",1952,1632,1131,2762
380,"Italy",4,"Median","46",1952,1657,1113,2770
380,"Italy",4,"Median","47",1952,1814,1191,3005
380,"Italy",4,"Median","48",1952,1902,1244,3147
380,"Italy",4,"Median","49",1952,2007,1354,3361
380,"Italy",4,"Median","50",1952,2160,1391,3551
380,"Italy",4,"Median","51",1952,2329,1505,3834
380,"Italy",4,"Median","52",1952,2403,1589,3992
380,"Italy",4,"Median","53",1952,2453,1602,4056
380,"Italy",4,"Median","54",1952,2534,1925,4459
380,"Italy",4,"Median","55",1952,2687,1950,4638
380,"Italy",4,"Median","56",1952,2725,2067,4792
380,"Italy",4,"Median","57",1952,2785,2277,5061
380,"Italy",4,"Median","58",1952,3070,2340,5410
380,"Italy",4,"Median","59",1952,3268,2546,5814
380,"Italy",4,"Median","60",1952,3428,2715,6143
380,"Italy",4,"Median","61",1952,3491,2851,6342
380,"Italy",4,"Median","62",1952,3668,3250,6917
380,"Italy",4,"Median","63",1952,3985,3385,7370
380,"Italy",4,"Median","64",1952,4126,3718,7844
380,"Italy",4,"Median","65",1952,4370,4088,8458
380,"Italy",4,"Median","66",1952,4527,4260,8786
380,"Italy",4,"Median","67",1952,4819,4597,9415
380,"Italy",4,"Median","68",1952,5045,4848,9893
380,"Italy",4,"Median","69",1952,5042,4974,10017
380,"Italy",4,"Median","70",1952,5648,5592,11240
380,"Italy",4,"Median","71",1952,5402,5354,10756
380,"Italy",4,"Median","72",1952,5771,5842,11613
380,"Italy",4,"Median","73",1952,6325,6152,12476
380,"Italy",4,"Median","74",1952,6255,6409,12664
380,"Italy",4,"Median","75",1952,6807,6922,13728
380,"Italy",4,"Median","76",1952,7180,7181,14361
380,"Italy",4,"Median","77",1952,6430,6561,12991
380,"Italy",4,"Median","78",1952,6110,6545,12655
380,"Italy",4,"Median","79",1952,6308,6788,13096
380,"Italy",4,"Median","80",1952,5880,6312,12192
380,"Italy",4,"Median","81",1952,5582,6061,11643
380,"Italy",4,"Median","82",1952,5282,5951,11234
380,"Italy",4,"Median","83",1952,4465,5105,9571
380,"Italy",4,"Median","84",1952,4028,4690,8717
380,"Italy",4,"Median","85",1952,3783,4484,8267
380,"Italy",4,"Median","86",1952,3277,3921,7199
380,"Italy",4,"Median","87",1952,2748,3207,5955
380,"Italy",4,"Median","88",1952,2154,2807,4960
380,"Italy",4,"Median","89",1952,1718,2293,4011
380,"Italy",4,"Median","90",1952,1258,1725,2983
380,"Italy",4,"Median","91",1952,899,1288,2187
380,"Italy",4,"Median","92",1952,673,957,1630
380,"Italy",4,"Median","93",1952,469,676,1145
380,"Italy",4,"Median","94",1952,264,505,769
380,"Italy",4,"Median","95",1952,181,336,516
380,"Italy",4,"Median","96",1952,107,215,322
380,"Italy",4,"Median","97",1952,63,128,191
380,"Italy",4,"Median","98",1952,37,77,114
380,"Italy",4,"Median","99",1952,21,49,69
380,"Italy",4,"Median","100",1952,7,20,27
380,"Italy",4,"Median","101",1952,4,13,17
380,"Italy",4,"Median","102",1952,3,9,12
380,"Italy",4,"Median","103",1952,2,6,8
380,"Italy",4,"Median","104",1952,1,4,5
380,"Italy",4,"Median","105",1952,1,3,4
380,"Italy",4,"Median","106",1952,0,2,2
380,"Italy",4,"Median","107",1952,0,1,1
380,"Italy",4,"Median","108",1952,0,1,1
380,"Italy",4,"Median","109",1952,0,1,1
380,"Italy",4,"Median","110",1952,0,0,0
380,"Italy",4,"Median","0",1953,26710,22036,48746
380,"Italy",4,"Median","1",1953,3262,3128,6390
380,"Italy",4,"Median","2",1953,1313,1151,2464
380,"Italy",4,"Median","3",1953,799,698,1497
380,"Italy",4,"Median","4",1953,660,557,1217
380,"Italy",4,"Median","5",1953,539,431,971
380,"Italy",4,"Median","6",1953,457,385,842
380,"Italy",4,"Median","7",1953,383,315,698
380,"Italy",4,"Median","8",1953,297,216,513
380,"Italy",4,"Median","9",1953,300,207,507
380,"Italy",4,"Median","10",1953,295,196,491
380,"Italy",4,"Median","11",1953,262,185,447
380,"Italy",4,"Median","12",1953,291,218,509
380,"Italy",4,"Median","13",1953,339,219,558
380,"Italy",4,"Median","14",1953,394,244,637
380,"Italy",4,"Median","15",1953,391,265,656
380,"Italy",4,"Median","16",1953,417,267,684
380,"Italy",4,"Median","17",1953,444,300,744
380,"Italy",4,"Median","18",1953,499,290,790
380,"Italy",4,"Median","19",1953,530,331,861
380,"Italy",4,"Median","20",1953,582,344,926
380,"Italy",4,"Median","21",1953,562,348,910
380,"Italy",4,"Median","22",1953,638,407,1044
380,"Italy",4,"Median","23",1953,640,411,1051
380,"Italy",4,"Median","24",1953,591,409,1000
380,"Italy",4,"Median","25",1953,617,449,1066
380,"Italy",4,"Median","26",1953,615,446,1062
380,"Italy",4,"Median","27",1953,636,471,1107
380,"Italy",4,"Median","28",1953,654,534,1188
380,"Italy",4,"Median","29",1953,675,526,1202
380,"Italy",4,"Median","30",1953,631,524,1155
380,"Italy",4,"Median","31",1953,704,563,1267
380,"Italy",4,"Median","32",1953,686,584,1270
380,"Italy",4,"Median","33",1953,621,547,1168
380,"Italy",4,"Median","34",1953,473,407,880
380,"Italy",4,"Median","35",1953,426,357,783
380,"Italy",4,"Median","36",1953,501,463,964
380,"Italy",4,"Median","37",1953,699,606,1306
380,"Italy",4,"Median","38",1953,879,726,1605
380,"Italy",4,"Median","39",1953,937,800,1737
380,"Italy",4,"Median","40",1953,1033,861,1894
380,"Italy",4,"Median","41",1953,1148,903,2051
380,"Italy",4,"Median","42",1953,1317,893,2209
380,"Italy",4,"Median","43",1953,1386,1011,2397
380,"Italy",4,"Median","44",1953,1491,982,2473
380,"Italy",4,"Median","45",1953,1597,1133,2730
380,"Italy",4,"Median","46",1953,1695,1029,2725
380,"Italy",4,"Median","47",1953,1807,1184,2991
380,"Italy",4,"Median","48",1953,1982,1260,3242
380,"Italy",4,"Median","49",1953,1952,1307,3258
380,"Italy",4,"Median","50",1953,2269,1419,3689
380,"Italy",4,"Median","51",1953,2289,1528,3818
380,"Italy",4,"Median","52",1953,2379,1519,3898
380,"Italy",4,"Median","53",1953,2550,1757,4307
380,"Italy",4,"Median","54",1953,2628,1815,4443
380,"Italy",4,"Median","55",1953,2721,1887,4608
380,"Italy",4,"Median","56",1953,2853,2083,4936
380,"Italy",4,"Median","57",1953,2831,2207,5038
380,"Italy",4,"Median","58",1953,3045,2373,5418
380,"Italy",4,"Median","59",1953,3221,2410,5630
380,"Italy",4,"Median","60",1953,3507,2704,6210
380,"Italy",4,"Median","61",1953,3658,2868,6525
380,"Italy",4,"Median","62",1953,3731,3150,6881
380,"Italy",4,"Median","63",1953,4043,3511,7554
380,"Italy",4,"Median","64",1953,4162,3869,8031
380,"Italy",4,"Median","65",1953,4387,4238,8626
380,"Italy",4,"Median","66",1953,4670,4278,8948
380,"Italy",4,"Median","67",1953,4856,4574,9430
380,"Italy",4,"Median","68",1953,5193,5093,10286
380,"Italy",4,"Median","69",1953,5350,5382,10732
380,"Italy",4,"Median","70",1953,5573,5641,11213
380,"Italy",4,"Median","71",1953,6079,6070,12149
380,"Italy",4,"Median","72",1953,5718,5799,11517
380,"Italy",4,"Median","73",1953,6352,6447,12799
380,"Italy",4,"Median","74",1953,6493,6654,13148
380,"Italy",4,"Median","75",1953,6680,6880,13561
380,"Italy",4,"Median","76",1953,7193,7351,14544
380,"Italy",4,"Median","77",1953,7292,7571,14863
380,"Italy",4,"Median","78",1953,6211,6766,12977
380,"Italy",4,"Median","79",1953,6166,6543,12709
380,"Italy",4,"Median","80",1953,5969,6413,12383
380,"Italy",4,"Median","81",1953,5713,6183,11896
380,"Italy",4,"Median","82",1953,5202,5773,10975
380,"Italy",4,"Median","83",1953,4971,5529,10500
380,"Italy",4,"Median","84",1953,4117,4808,8925
380,"Italy",4,"Median","85",1953,3718,4211,7928
380,"Italy",4,"Median","86",1953,3233,3863,7096
380,"Italy",4,"Median","87",1953,2708,3450,6159
380,"Italy",4,"Median","88",1953,2205,2726,4931
380,"Italy",4,"Median","89",1953,1770,2285,4055
380,"Italy",4,"Median","90",1953,1309,1800,3109
380,"Italy",4,"Median","91",1953,904,1342,2246
380,"Italy",4,"Median","92",1953,611,992,1603
380,"Italy",4,"Median","93",1953,423,688,1111
380,"Italy",4,"Median","94",1953,325,493,819
380,"Italy",4,"Median","95",1953,187,339,526
380,"Italy",4,"Median","96",1953,113,224,338
380,"Italy",4,"Median","97",1953,65,139,204
380,"Italy",4,"Median","98",1953,37,80,117
380,"Italy",4,"Median","99",1953,21,47,68
380,"Italy",4,"Median","100",1953,8,21,29
380,"Italy",4,"Median","101",1953,5,14,19
380,"Italy",4,"Median","102",1953,3,9,12
380,"Italy",4,"Median","103",1953,2,6,8
380,"Italy",4,"Median","104",1953,1,4,5
380,"Italy",4,"Median","105",1953,1,3,4
380,"Italy",4,"Median","106",1953,1,2,3
380,"Italy",4,"Median","107",1953,0,1,1
380,"Italy",4,"Median","108",1953,0,1,1
380,"Italy",4,"Median","109",1953,0,1,1
380,"Italy",4,"Median","110",1953,0,0,0
380,"Italy",4,"Median","0",1954,26045,20908,46953
380,"Italy",4,"Median","1",1954,2610,2517,5127
380,"Italy",4,"Median","2",1954,1026,946,1973
380,"Italy",4,"Median","3",1954,725,614,1339
380,"Italy",4,"Median","4",1954,551,471,1022
380,"Italy",4,"Median","5",1954,429,375,804
380,"Italy",4,"Median","6",1954,407,318,726
380,"Italy",4,"Median","7",1954,362,273,635
380,"Italy",4,"Median","8",1954,305,217,522
380,"Italy",4,"Median","9",1954,263,176,440
380,"Italy",4,"Median","10",1954,258,189,447
380,"Italy",4,"Median","11",1954,267,170,437
380,"Italy",4,"Median","12",1954,261,182,442
380,"Italy",4,"Median","13",1954,318,198,516
380,"Italy",4,"Median","14",1954,380,232,612
380,"Italy",4,"Median","15",1954,443,248,691
380,"Italy",4,"Median","16",1954,438,256,694
380,"Italy",4,"Median","17",1954,471,235,706
380,"Italy",4,"Median","18",1954,454,279,734
380,"Italy",4,"Median","19",1954,562,290,851
380,"Italy",4,"Median","20",1954,600,322,922
380,"Italy",4,"Median","21",1954,573,324,897
380,"Italy",4,"Median","22",1954,600,352,952
380,"Italy",4,"Median","23",1954,553,382,935
380,"Italy",4,"Median","24",1954,692,391,1083
380,"Italy",4,"Median","25",1954,611,406,1017
380,"Italy",4,"Median","26",1954,658,454,1112
380,"Italy",4,"Median","27",1954,638,447,1085
380,"Italy",4,"Median","28",1954,678,468,1146
380,"Italy",4,"Median","29",1954,700,472,1172
380,"Italy",4,"Median","30",1954,718,517,1235
380,"Italy",4,"Median","31",1954,677,510,1188
380,"Italy",4,"Median","32",1954,657,526,1183
380,"Italy",4,"Median","33",1954,753,559,1312
380,"Italy",4,"Median","34",1954,668,513,1181
380,"Italy",4,"Median","35",1954,451,375,826
380,"Italy",4,"Median","36",1954,439,388,827
380,"Italy",4,"Median","37",1954,526,457,983
380,"Italy",4,"Median","38",1954,751,624,1375
380,"Italy",4,"Median","39",1954,883,740,1622
380,"Italy",4,"Median","40",1954,1071,808,1879
380,"Italy",4,"Median","41",1954,1079,832,1911
380,"Italy",4,"Median","42",1954,1279,926,2205
380,"Italy",4,"Median","43",1954,1302,915,2217
380,"Italy",4,"Median","44",1954,1369,1019,2388
380,"Italy",4,"Median","45",1954,1588,1052,2640
380,"Italy",4,"Median","46",1954,1656,1093,2749
380,"Italy",4,"Median","47",1954,1757,1103,2860
380,"Italy",4,"Median","48",1954,1734,1232,2966
380,"Italy",4,"Median","49",1954,1951,1292,3243
380,"Italy",4,"Median","50",1954,2138,1298,3435
380,"Italy",4,"Median","51",1954,2232,1427,3660
380,"Italy",4,"Median","52",1954,2411,1501,3912
380,"Italy",4,"Median","53",1954,2542,1582,4125
380,"Italy",4,"Median","54",1954,2677,1637,4314
380,"Italy",4,"Median","55",1954,2892,1823,4714
380,"Italy",4,"Median","56",1954,2903,2005,4908
380,"Italy",4,"Median","57",1954,2888,2054,4942
380,"Italy",4,"Median","58",1954,2941,2221,5162
380,"Italy",4,"Median","59",1954,3033,2270,5303
380,"Italy",4,"Median","60",1954,3235,2586,5822
380,"Italy",4,"Median","61",1954,3486,2764,6250
380,"Italy",4,"Median","62",1954,3769,2965,6735
380,"Italy",4,"Median","63",1954,3820,3179,6999
380,"Italy",4,"Median","64",1954,4003,3524,7527
380,"Italy",4,"Median","65",1954,4279,3813,8091
380,"Italy",4,"Median","66",1954,4491,4007,8498
380,"Italy",4,"Median","67",1954,4613,4369,8982
380,"Italy",4,"Median","68",1954,4678,4544,9222
380,"Italy",4,"Median","69",1954,5078,5031,10109
380,"Italy",4,"Median","70",1954,5364,5300,10663
380,"Italy",4,"Median","71",1954,5320,5411,10731
380,"Italy",4,"Median","72",1954,5813,5860,11673
380,"Italy",4,"Median","73",1954,5501,5571,11072
380,"Italy",4,"Median","74",1954,5989,5948,11937
380,"Italy",4,"Median","75",1954,6079,6240,12319
380,"Italy",4,"Median","76",1954,6135,6540,12675
380,"Italy",4,"Median","77",1954,6378,6541,12918
380,"Italy",4,"Median","78",1954,6581,6829,13411
380,"Italy",4,"Median","79",1954,5548,6023,11571
380,"Italy",4,"Median","80",1954,5574,5903,11477
380,"Italy",4,"Median","81",1954,5247,5702,10950
380,"Italy",4,"Median","82",1954,4826,5311,10137
380,"Italy",4,"Median","83",1954,4353,4991,9344
380,"Italy",4,"Median","84",1954,4016,4613,8629
380,"Italy",4,"Median","85",1954,3449,3868,7317
380,"Italy",4,"Median","86",1954,2790,3403,6192
380,"Italy",4,"Median","87",1954,2519,2983,5502
380,"Italy",4,"Median","88",1954,2132,2607,4739
380,"Italy",4,"Median","89",1954,1615,2075,3690
380,"Italy",4,"Median","90",1954,1226,1776,3002
380,"Italy",4,"Median","91",1954,922,1233,2155
380,"Italy",4,"Median","92",1954,670,902,1572
380,"Italy",4,"Median","93",1954,466,675,1141
380,"Italy",4,"Median","94",1954,270,477,747
380,"Italy",4,"Median","95",1954,189,336,525
380,"Italy",4,"Median","96",1954,116,218,334
380,"Italy",4,"Median","97",1954,68,141,209
380,"Italy",4,"Median","98",1954,38,85,123
380,"Italy",4,"Median","99",1954,21,48,69
380,"Italy",4,"Median","100",1954,8,20,28
380,"Italy",4,"Median","101",1954,5,14,19
380,"Italy",4,"Median","102",1954,3,9,12
380,"Italy",4,"Median","103",1954,2,6,8
380,"Italy",4,"Median","104",1954,1,4,5
380,"Italy",4,"Median","105",1954,1,3,4
380,"Italy",4,"Median","106",1954,1,2,3
380,"Italy",4,"Median","107",1954,0,1,1
380,"Italy",4,"Median","108",1954,0,1,1
380,"Italy",4,"Median","109",1954,0,1,1
380,"Italy",4,"Median","110",1954,0,0,0
380,"Italy",4,"Median","0",1955,24458,19831,44289
380,"Italy",4,"Median","1",1955,2303,2211,4514
380,"Italy",4,"Median","2",1955,1012,859,1871
380,"Italy",4,"Median","3",1955,656,554,1210
380,"Italy",4,"Median","4",1955,537,443,980
380,"Italy",4,"Median","5",1955,435,384,819
380,"Italy",4,"Median","6",1955,402,323,725
380,"Italy",4,"Median","7",1955,369,279,648
380,"Italy",4,"Median","8",1955,329,220,549
380,"Italy",4,"Median","9",1955,271,177,448
380,"Italy",4,"Median","10",1955,228,165,394
380,"Italy",4,"Median","11",1955,241,167,408
380,"Italy",4,"Median","12",1955,284,162,446
380,"Italy",4,"Median","13",1955,297,192,489
380,"Italy",4,"Median","14",1955,364,213,577
380,"Italy",4,"Median","15",1955,402,214,616
380,"Italy",4,"Median","16",1955,498,217,716
380,"Italy",4,"Median","17",1955,501,251,752
380,"Italy",4,"Median","18",1955,538,249,787
380,"Italy",4,"Median","19",1955,582,293,875
380,"Italy",4,"Median","20",1955,569,295,864
380,"Italy",4,"Median","21",1955,592,320,912
380,"Italy",4,"Median","22",1955,558,334,891
380,"Italy",4,"Median","23",1955,601,350,950
380,"Italy",4,"Median","24",1955,657,392,1049
380,"Italy",4,"Median","25",1955,620,409,1029
380,"Italy",4,"Median","26",1955,656,404,1059
380,"Italy",4,"Median","27",1955,668,397,1065
380,"Italy",4,"Median","28",1955,640,438,1078
380,"Italy",4,"Median","29",1955,677,485,1163
380,"Italy",4,"Median","30",1955,771,526,1296
380,"Italy",4,"Median","31",1955,718,503,1221
380,"Italy",4,"Median","32",1955,708,553,1260
380,"Italy",4,"Median","33",1955,733,540,1273
380,"Italy",4,"Median","34",1955,797,652,1449
380,"Italy",4,"Median","35",1955,693,554,1247
380,"Italy",4,"Median","36",1955,484,398,882
380,"Italy",4,"Median","37",1955,469,396,865
380,"Italy",4,"Median","38",1955,545,470,1015
380,"Italy",4,"Median","39",1955,776,587,1363
380,"Italy",4,"Median","40",1955,1016,793,1809
380,"Italy",4,"Median","41",1955,1071,791,1861
380,"Italy",4,"Median","42",1955,1182,884,2066
380,"Italy",4,"Median","43",1955,1328,951,2280
380,"Italy",4,"Median","44",1955,1387,964,2351
380,"Italy",4,"Median","45",1955,1535,974,2508
380,"Italy",4,"Median","46",1955,1720,1075,2795
380,"Italy",4,"Median","47",1955,1828,1121,2949
380,"Italy",4,"Median","48",1955,1899,1170,3070
380,"Italy",4,"Median","49",1955,2090,1248,3338
380,"Italy",4,"Median","50",1955,2148,1360,3508
380,"Italy",4,"Median","51",1955,2345,1422,3767
380,"Italy",4,"Median","52",1955,2419,1572,3991
380,"Italy",4,"Median","53",1955,2593,1509,4102
380,"Italy",4,"Median","54",1955,2750,1643,4394
380,"Italy",4,"Median","55",1955,2856,1714,4569
380,"Italy",4,"Median","56",1955,2957,1885,4843
380,"Italy",4,"Median","57",1955,3111,2104,5215
380,"Italy",4,"Median","58",1955,3130,2218,5349
380,"Italy",4,"Median","59",1955,3073,2339,5412
380,"Italy",4,"Median","60",1955,3461,2557,6018
380,"Italy",4,"Median","61",1955,3538,2732,6270
380,"Italy",4,"Median","62",1955,3811,3007,6818
380,"Italy",4,"Median","63",1955,3953,3230,7183
380,"Italy",4,"Median","64",1955,4053,3334,7387
380,"Italy",4,"Median","65",1955,4285,3780,8065
380,"Italy",4,"Median","66",1955,4526,4190,8716
380,"Italy",4,"Median","67",1955,4694,4510,9204
380,"Italy",4,"Median","68",1955,4915,4563,9479
380,"Italy",4,"Median","69",1955,4995,4749,9744
380,"Italy",4,"Median","70",1955,5436,5406,10842
380,"Italy",4,"Median","71",1955,5635,5654,11289
380,"Italy",4,"Median","72",1955,5647,5605,11252
380,"Italy",4,"Median","73",1955,6064,6221,12284
380,"Italy",4,"Median","74",1955,5837,5996,11833
380,"Italy",4,"Median","75",1955,6029,6255,12284
380,"Italy",4,"Median","76",1955,6424,6443,12867
380,"Italy",4,"Median","77",1955,6327,6495,12822
380,"Italy",4,"Median","78",1955,6526,7074,13600
380,"Italy",4,"Median","79",1955,6825,6851,13676
380,"Italy",4,"Median","80",1955,5768,6371,12140
380,"Italy",4,"Median","81",1955,5227,5854,11081
380,"Italy",4,"Median","82",1955,4975,5476,10451
380,"Italy",4,"Median","83",1955,4527,5076,9604
380,"Italy",4,"Median","84",1955,3958,4557,8515
380,"Italy",4,"Median","85",1955,3540,4178,7718
380,"Italy",4,"Median","86",1955,2902,3615,6517
380,"Italy",4,"Median","87",1955,2315,2960,5275
380,"Italy",4,"Median","88",1955,2040,2653,4693
380,"Italy",4,"Median","89",1955,1757,2211,3968
380,"Italy",4,"Median","90",1955,1286,1830,3116
380,"Italy",4,"Median","91",1955,966,1338,2305
380,"Italy",4,"Median","92",1955,651,1096,1747
380,"Italy",4,"Median","93",1955,443,736,1179
380,"Italy",4,"Median","94",1955,335,510,845
380,"Italy",4,"Median","95",1955,202,372,573
380,"Italy",4,"Median","96",1955,126,249,374
380,"Italy",4,"Median","97",1955,75,157,232
380,"Italy",4,"Median","98",1955,43,98,141
380,"Italy",4,"Median","99",1955,23,58,81
380,"Italy",4,"Median","100",1955,9,22,31
380,"Italy",4,"Median","101",1955,6,15,21
380,"Italy",4,"Median","102",1955,4,11,15
380,"Italy",4,"Median","103",1955,2,7,9
380,"Italy",4,"Median","104",1955,2,5,7
380,"Italy",4,"Median","105",1955,1,3,4
380,"Italy",4,"Median","106",1955,1,2,3
380,"Italy",4,"Median","107",1955,0,2,2
380,"Italy",4,"Median","108",1955,0,1,1
380,"Italy",4,"Median","109",1955,0,1,1
380,"Italy",4,"Median","110",1955,0,1,1
380,"Italy",4,"Median","0",1956,23660,19160,42820
380,"Italy",4,"Median","1",1956,2194,2078,4273
380,"Italy",4,"Median","2",1956,1006,774,1780
380,"Italy",4,"Median","3",1956,604,508,1112
380,"Italy",4,"Median","4",1956,474,391,864
380,"Italy",4,"Median","5",1956,395,312,707
380,"Italy",4,"Median","6",1956,378,294,672
380,"Italy",4,"Median","7",1956,352,293,645
380,"Italy",4,"Median","8",1956,323,226,549
380,"Italy",4,"Median","9",1956,296,219,516
380,"Italy",4,"Median","10",1956,253,192,445
380,"Italy",4,"Median","11",1956,213,168,381
380,"Italy",4,"Median","12",1956,262,167,428
380,"Italy",4,"Median","13",1956,270,161,431
380,"Italy",4,"Median","14",1956,328,184,512
380,"Italy",4,"Median","15",1956,396,220,616
380,"Italy",4,"Median","16",1956,453,208,661
380,"Italy",4,"Median","17",1956,506,237,743
380,"Italy",4,"Median","18",1956,543,249,792
380,"Italy",4,"Median","19",1956,514,232,746
380,"Italy",4,"Median","20",1956,592,252,844
380,"Italy",4,"Median","21",1956,541,305,846
380,"Italy",4,"Median","22",1956,541,287,828
380,"Italy",4,"Median","23",1956,558,308,866
380,"Italy",4,"Median","24",1956,559,371,930
380,"Italy",4,"Median","25",1956,645,362,1007
380,"Italy",4,"Median","26",1956,608,371,980
380,"Italy",4,"Median","27",1956,615,398,1013
380,"Italy",4,"Median","28",1956,666,422,1089
380,"Italy",4,"Median","29",1956,564,416,980
380,"Italy",4,"Median","30",1956,680,444,1124
380,"Italy",4,"Median","31",1956,659,488,1147
380,"Italy",4,"Median","32",1956,715,556,1271
380,"Italy",4,"Median","33",1956,763,519,1282
380,"Italy",4,"Median","34",1956,748,554,1302
380,"Italy",4,"Median","35",1956,804,650,1454
380,"Italy",4,"Median","36",1956,690,553,1243
380,"Italy",4,"Median","37",1956,497,406,903
380,"Italy",4,"Median","38",1956,501,375,876
380,"Italy",4,"Median","39",1956,630,469,1098
380,"Italy",4,"Median","40",1956,861,653,1513
380,"Italy",4,"Median","41",1956,1118,751,1869
380,"Italy",4,"Median","42",1956,1249,864,2113
380,"Italy",4,"Median","43",1956,1373,917,2290
380,"Italy",4,"Median","44",1956,1478,959,2437
380,"Italy",4,"Median","45",1956,1600,1097,2697
380,"Italy",4,"Median","46",1956,1811,1167,2978
380,"Italy",4,"Median","47",1956,1923,1243,3166
380,"Italy",4,"Median","48",1956,2113,1291,3404
380,"Italy",4,"Median","49",1956,2165,1392,3557
380,"Italy",4,"Median","50",1956,2347,1439,3786
380,"Italy",4,"Median","51",1956,2555,1524,4080
380,"Italy",4,"Median","52",1956,2679,1572,4251
380,"Italy",4,"Median","53",1956,2808,1686,4494
380,"Italy",4,"Median","54",1956,3122,1822,4943
380,"Italy",4,"Median","55",1956,3256,1974,5230
380,"Italy",4,"Median","56",1956,3344,2101,5445
380,"Italy",4,"Median","57",1956,3405,2199,5604
380,"Italy",4,"Median","58",1956,3690,2396,6086
380,"Italy",4,"Median","59",1956,3754,2674,6428
380,"Italy",4,"Median","60",1956,3708,2822,6529
380,"Italy",4,"Median","61",1956,3931,2923,6855
380,"Italy",4,"Median","62",1956,4181,3305,7486
380,"Italy",4,"Median","63",1956,4558,3615,8173
380,"Italy",4,"Median","64",1956,4674,3715,8389
380,"Italy",4,"Median","65",1956,4847,3965,8813
380,"Italy",4,"Median","66",1956,5001,4472,9473
380,"Italy",4,"Median","67",1956,5424,4813,10238
380,"Italy",4,"Median","68",1956,5777,5277,11055
380,"Italy",4,"Median","69",1956,5694,5766,11460
380,"Italy",4,"Median","70",1956,5915,6062,11977
380,"Italy",4,"Median","71",1956,6458,6429,12886
380,"Italy",4,"Median","72",1956,6633,6691,13324
380,"Italy",4,"Median","73",1956,6866,7030,13895
380,"Italy",4,"Median","74",1956,7299,7432,14731
380,"Italy",4,"Median","75",1956,6810,7002,13813
380,"Italy",4,"Median","76",1956,7213,7459,14672
380,"Italy",4,"Median","77",1956,7357,7725,15082
380,"Italy",4,"Median","78",1956,7307,7760,15067
380,"Italy",4,"Median","79",1956,7589,8105,15695
380,"Italy",4,"Median","80",1956,7309,8174,15483
380,"Italy",4,"Median","81",1956,6393,7081,13474
380,"Italy",4,"Median","82",1956,5804,6600,12404
380,"Italy",4,"Median","83",1956,5508,6125,11633
380,"Italy",4,"Median","84",1956,4958,5578,10536
380,"Italy",4,"Median","85",1956,4180,5081,9261
380,"Italy",4,"Median","86",1956,3717,4532,8249
380,"Italy",4,"Median","87",1956,2877,3700,6577
380,"Italy",4,"Median","88",1956,2439,3032,5471
380,"Italy",4,"Median","89",1956,2054,2722,4776
380,"Italy",4,"Median","90",1956,1621,2137,3757
380,"Italy",4,"Median","91",1956,1243,1643,2886
380,"Italy",4,"Median","92",1956,897,1285,2182
380,"Italy",4,"Median","93",1956,564,912,1475
380,"Italy",4,"Median","94",1956,396,608,1004
380,"Italy",4,"Median","95",1956,247,444,691
380,"Italy",4,"Median","96",1956,158,298,456
380,"Italy",4,"Median","97",1956,95,192,287
380,"Italy",4,"Median","98",1956,54,117,171
380,"Italy",4,"Median","99",1956,30,71,101
380,"Italy",4,"Median","100",1956,11,27,38
380,"Italy",4,"Median","101",1956,7,19,26
380,"Italy",4,"Median","102",1956,5,13,18
380,"Italy",4,"Median","103",1956,3,9,12
380,"Italy",4,"Median","104",1956,2,6,8
380,"Italy",4,"Median","105",1956,1,4,5
380,"Italy",4,"Median","106",1956,1,3,4
380,"Italy",4,"Median","107",1956,0,2,2
380,"Italy",4,"Median","108",1956,0,1,1
380,"Italy",4,"Median","109",1956,0,1,1
380,"Italy",4,"Median","110",1956,0,1,1
380,"Italy",4,"Median","0",1957,24727,19804,44532
380,"Italy",4,"Median","1",1957,2377,2186,4563
380,"Italy",4,"Median","2",1957,985,848,1833
380,"Italy",4,"Median","3",1957,671,596,1267
380,"Italy",4,"Median","4",1957,523,400,923
380,"Italy",4,"Median","5",1957,364,348,712
380,"Italy",4,"Median","6",1957,349,277,626
380,"Italy",4,"Median","7",1957,378,253,631
380,"Italy",4,"Median","8",1957,325,246,571
380,"Italy",4,"Median","9",1957,318,238,556
380,"Italy",4,"Median","10",1957,340,215,554
380,"Italy",4,"Median","11",1957,281,211,492
380,"Italy",4,"Median","12",1957,256,179,435
380,"Italy",4,"Median","13",1957,271,191,463
380,"Italy",4,"Median","14",1957,330,190,520
380,"Italy",4,"Median","15",1957,370,228,598
380,"Italy",4,"Median","16",1957,428,223,651
380,"Italy",4,"Median","17",1957,515,273,788
380,"Italy",4,"Median","18",1957,576,276,852
380,"Italy",4,"Median","19",1957,591,251,842
380,"Italy",4,"Median","20",1957,592,295,887
380,"Italy",4,"Median","21",1957,553,288,841
380,"Italy",4,"Median","22",1957,556,311,866
380,"Italy",4,"Median","23",1957,578,339,917
380,"Italy",4,"Median","24",1957,587,318,905
380,"Italy",4,"Median","25",1957,586,392,978
380,"Italy",4,"Median","26",1957,637,412,1049
380,"Italy",4,"Median","27",1957,644,441,1084
380,"Italy",4,"Median","28",1957,601,400,1001
380,"Italy",4,"Median","29",1957,638,405,1043
380,"Italy",4,"Median","30",1957,691,450,1141
380,"Italy",4,"Median","31",1957,635,485,1120
380,"Italy",4,"Median","32",1957,747,506,1253
380,"Italy",4,"Median","33",1957,700,527,1227
380,"Italy",4,"Median","34",1957,803,589,1392
380,"Italy",4,"Median","35",1957,759,651,1410
380,"Italy",4,"Median","36",1957,879,683,1562
380,"Italy",4,"Median","37",1957,805,630,1434
380,"Italy",4,"Median","38",1957,578,449,1028
380,"Italy",4,"Median","39",1957,548,417,965
380,"Italy",4,"Median","40",1957,741,554,1295
380,"Italy",4,"Median","41",1957,984,708,1692
380,"Italy",4,"Median","42",1957,1203,759,1961
380,"Italy",4,"Median","43",1957,1227,969,2197
380,"Italy",4,"Median","44",1957,1411,990,2401
380,"Italy",4,"Median","45",1957,1612,1023,2635
380,"Italy",4,"Median","46",1957,1727,1159,2886
380,"Italy",4,"Median","47",1957,1853,1234,3087
380,"Italy",4,"Median","48",1957,2044,1331,3375
380,"Italy",4,"Median","49",1957,2280,1407,3687
380,"Italy",4,"Median","50",1957,2454,1462,3917
380,"Italy",4,"Median","51",1957,2578,1531,4109
380,"Italy",4,"Median","52",1957,2774,1636,4410
380,"Italy",4,"Median","53",1957,2864,1656,4520
380,"Italy",4,"Median","54",1957,3112,1754,4866
380,"Italy",4,"Median","55",1957,3325,1833,5158
380,"Italy",4,"Median","56",1957,3425,2076,5502
380,"Italy",4,"Median","57",1957,3687,2151,5839
380,"Italy",4,"Median","58",1957,3857,2271,6129
380,"Italy",4,"Median","59",1957,3937,2578,6515
380,"Italy",4,"Median","60",1957,3981,2778,6759
380,"Italy",4,"Median","61",1957,4059,2967,7026
380,"Italy",4,"Median","62",1957,4132,3194,7326
380,"Italy",4,"Median","63",1957,4394,3571,7965
380,"Italy",4,"Median","64",1957,4725,3752,8477
380,"Italy",4,"Median","65",1957,4976,4115,9091
380,"Italy",4,"Median","66",1957,5063,4383,9447
380,"Italy",4,"Median","67",1957,5417,4655,10072
380,"Italy",4,"Median","68",1957,5691,5242,10933
380,"Italy",4,"Median","69",1957,5932,5595,11527
380,"Italy",4,"Median","70",1957,6007,5957,11964
380,"Italy",4,"Median","71",1957,6165,5996,12161
380,"Italy",4,"Median","72",1957,6506,6657,13164
380,"Italy",4,"Median","73",1957,6605,6787,13392
380,"Italy",4,"Median","74",1957,6553,6799,13352
380,"Italy",4,"Median","75",1957,6933,7376,14309
380,"Italy",4,"Median","76",1957,6578,6863,13440
380,"Italy",4,"Median","77",1957,6708,7050,13758
380,"Italy",4,"Median","78",1957,6977,7095,14072
380,"Italy",4,"Median","79",1957,6647,7080,13728
380,"Italy",4,"Median","80",1957,6479,7019,13499
380,"Italy",4,"Median","81",1957,6294,7022,13316
380,"Italy",4,"Median","82",1957,5342,6074,11416
380,"Italy",4,"Median","83",1957,4956,5481,10437
380,"Italy",4,"Median","84",1957,4512,5002,9515
380,"Italy",4,"Median","85",1957,3901,4669,8570
380,"Italy",4,"Median","86",1957,3357,3979,7336
380,"Italy",4,"Median","87",1957,2760,3536,6296
380,"Italy",4,"Median","88",1957,2146,2719,4865
380,"Italy",4,"Median","89",1957,1775,2290,4065
380,"Italy",4,"Median","90",1957,1383,1856,3240
380,"Italy",4,"Median","91",1957,1088,1586,2674
380,"Italy",4,"Median","92",1957,771,1138,1909
380,"Italy",4,"Median","93",1957,587,845,1433
380,"Italy",4,"Median","94",1957,353,658,1012
380,"Italy",4,"Median","95",1957,236,428,663
380,"Italy",4,"Median","96",1957,142,287,429
380,"Italy",4,"Median","97",1957,88,187,276
380,"Italy",4,"Median","98",1957,51,118,169
380,"Italy",4,"Median","99",1957,28,70,98
380,"Italy",4,"Median","100",1957,11,27,38
380,"Italy",4,"Median","101",1957,7,19,26
380,"Italy",4,"Median","102",1957,4,13,17
380,"Italy",4,"Median","103",1957,3,9,12
380,"Italy",4,"Median","104",1957,2,6,8
380,"Italy",4,"Median","105",1957,1,4,5
380,"Italy",4,"Median","106",1957,1,3,4
380,"Italy",4,"Median","107",1957,1,2,3
380,"Italy",4,"Median","108",1957,0,1,1
380,"Italy",4,"Median","109",1957,0,1,1
380,"Italy",4,"Median","110",1957,0,1,1
380,"Italy",4,"Median","0",1958,23587,18588,42175
380,"Italy",4,"Median","1",1958,2353,2099,4451
380,"Italy",4,"Median","2",1958,952,822,1774
380,"Italy",4,"Median","3",1958,595,539,1133
380,"Italy",4,"Median","4",1958,437,399,836
380,"Italy",4,"Median","5",1958,386,323,709
380,"Italy",4,"Median","6",1958,340,286,625
380,"Italy",4,"Median","7",1958,328,237,565
380,"Italy",4,"Median","8",1958,279,236,516
380,"Italy",4,"Median","9",1958,258,182,440
380,"Italy",4,"Median","10",1958,253,182,435
380,"Italy",4,"Median","11",1958,241,167,407
380,"Italy",4,"Median","12",1958,271,160,431
380,"Italy",4,"Median","13",1958,244,143,387
380,"Italy",4,"Median","14",1958,284,176,461
380,"Italy",4,"Median","15",1958,309,178,487
380,"Italy",4,"Median","16",1958,388,205,593
380,"Italy",4,"Median","17",1958,475,222,696
380,"Italy",4,"Median","18",1958,522,239,761
380,"Italy",4,"Median","19",1958,557,250,807
380,"Italy",4,"Median","20",1958,559,261,821
380,"Italy",4,"Median","21",1958,516,270,786
380,"Italy",4,"Median","22",1958,485,271,755
380,"Italy",4,"Median","23",1958,551,300,851
380,"Italy",4,"Median","24",1958,551,295,846
380,"Italy",4,"Median","25",1958,557,319,876
380,"Italy",4,"Median","26",1958,560,301,861
380,"Italy",4,"Median","27",1958,595,382,976
380,"Italy",4,"Median","28",1958,636,391,1027
380,"Italy",4,"Median","29",1958,587,391,978
380,"Italy",4,"Median","30",1958,633,395,1028
380,"Italy",4,"Median","31",1958,664,467,1131
380,"Italy",4,"Median","32",1958,649,452,1101
380,"Italy",4,"Median","33",1958,625,476,1102
380,"Italy",4,"Median","34",1958,752,509,1261
380,"Italy",4,"Median","35",1958,738,567,1305
380,"Italy",4,"Median","36",1958,770,614,1384
380,"Italy",4,"Median","37",1958,797,634,1431
380,"Italy",4,"Median","38",1958,745,559,1304
380,"Italy",4,"Median","39",1958,542,420,962
380,"Italy",4,"Median","40",1958,522,448,970
380,"Italy",4,"Median","41",1958,674,520,1194
380,"Italy",4,"Median","42",1958,951,723,1674
380,"Italy",4,"Median","43",1958,1197,828,2025
380,"Italy",4,"Median","44",1958,1366,966,2332
380,"Italy",4,"Median","45",1958,1479,986,2465
380,"Italy",4,"Median","46",1958,1671,1065,2736
380,"Italy",4,"Median","47",1958,1774,1123,2897
380,"Italy",4,"Median","48",1958,1983,1242,3225
380,"Italy",4,"Median","49",1958,2048,1345,3393
380,"Italy",4,"Median","50",1958,2277,1451,3728
380,"Italy",4,"Median","51",1958,2404,1473,3877
380,"Italy",4,"Median","52",1958,2543,1561,4104
380,"Italy",4,"Median","53",1958,2841,1629,4469
380,"Italy",4,"Median","54",1958,2964,1626,4590
380,"Italy",4,"Median","55",1958,3078,1792,4870
380,"Italy",4,"Median","56",1958,3293,1882,5175
380,"Italy",4,"Median","57",1958,3562,1980,5542
380,"Italy",4,"Median","58",1958,3552,2256,5808
380,"Italy",4,"Median","59",1958,3720,2339,6059
380,"Italy",4,"Median","60",1958,3917,2638,6555
380,"Italy",4,"Median","61",1958,3968,2754,6722
380,"Italy",4,"Median","62",1958,3960,3079,7039
380,"Italy",4,"Median","63",1958,4151,3125,7275
380,"Italy",4,"Median","64",1958,4403,3465,7868
380,"Italy",4,"Median","65",1958,4659,3810,8469
380,"Italy",4,"Median","66",1958,4937,3944,8881
380,"Italy",4,"Median","67",1958,4960,4294,9254
380,"Italy",4,"Median","68",1958,5170,4731,9901
380,"Italy",4,"Median","69",1958,5428,4973,10402
380,"Italy",4,"Median","70",1958,5673,5426,11099
380,"Italy",4,"Median","71",1958,5813,5633,11446
380,"Italy",4,"Median","72",1958,5844,5926,11770
380,"Italy",4,"Median","73",1958,6301,6339,12640
380,"Italy",4,"Median","74",1958,6187,6706,12893
380,"Italy",4,"Median","75",1958,6338,6641,12979
380,"Italy",4,"Median","76",1958,6901,7061,13962
380,"Italy",4,"Median","77",1958,6125,6447,12572
380,"Italy",4,"Median","78",1958,6333,6829,13162
380,"Italy",4,"Median","79",1958,6303,6783,13086
380,"Italy",4,"Median","80",1958,5979,6684,12663
380,"Italy",4,"Median","81",1958,5929,6671,12599
380,"Italy",4,"Median","82",1958,5771,6502,12273
380,"Italy",4,"Median","83",1958,4792,5543,10335
380,"Italy",4,"Median","84",1958,4167,4919,9086
380,"Italy",4,"Median","85",1958,3756,4427,8182
380,"Italy",4,"Median","86",1958,3247,3866,7113
380,"Italy",4,"Median","87",1958,2728,3356,6083
380,"Italy",4,"Median","88",1958,2114,2881,4995
380,"Italy",4,"Median","89",1958,1723,2258,3981
380,"Italy",4,"Median","90",1958,1238,1724,2961
380,"Italy",4,"Median","91",1958,1015,1514,2529
380,"Italy",4,"Median","92",1958,849,1088,1937
380,"Italy",4,"Median","93",1958,518,815,1333
380,"Italy",4,"Median","94",1958,367,626,993
380,"Italy",4,"Median","95",1958,251,421,672
380,"Italy",4,"Median","96",1958,151,281,432
380,"Italy",4,"Median","97",1958,88,183,271
380,"Italy",4,"Median","98",1958,53,116,169
380,"Italy",4,"Median","99",1958,30,71,101
380,"Italy",4,"Median","100",1958,11,27,38
380,"Italy",4,"Median","101",1958,7,19,26
380,"Italy",4,"Median","102",1958,5,13,18
380,"Italy",4,"Median","103",1958,3,9,12
380,"Italy",4,"Median","104",1958,2,7,9
380,"Italy",4,"Median","105",1958,1,5,6
380,"Italy",4,"Median","106",1958,1,3,4
380,"Italy",4,"Median","107",1958,1,2,3
380,"Italy",4,"Median","108",1958,0,2,2
380,"Italy",4,"Median","109",1958,0,1,1
380,"Italy",4,"Median","110",1958,0,1,1
380,"Italy",4,"Median","0",1959,22975,18523,41497
380,"Italy",4,"Median","1",1959,1977,1886,3863
380,"Italy",4,"Median","2",1959,907,774,1682
380,"Italy",4,"Median","3",1959,590,552,1141
380,"Italy",4,"Median","4",1959,431,350,781
380,"Italy",4,"Median","5",1959,387,309,695
380,"Italy",4,"Median","6",1959,317,234,552
380,"Italy",4,"Median","7",1959,255,205,459
380,"Italy",4,"Median","8",1959,287,201,488
380,"Italy",4,"Median","9",1959,254,204,457
380,"Italy",4,"Median","10",1959,267,160,427
380,"Italy",4,"Median","11",1959,257,185,443
380,"Italy",4,"Median","12",1959,280,188,467
380,"Italy",4,"Median","13",1959,282,163,446
380,"Italy",4,"Median","14",1959,235,171,406
380,"Italy",4,"Median","15",1959,334,176,510
380,"Italy",4,"Median","16",1959,364,199,563
380,"Italy",4,"Median","17",1959,421,193,614
380,"Italy",4,"Median","18",1959,504,244,749
380,"Italy",4,"Median","19",1959,537,245,782
380,"Italy",4,"Median","20",1959,576,240,816
380,"Italy",4,"Median","21",1959,521,260,780
380,"Italy",4,"Median","22",1959,508,276,784
380,"Italy",4,"Median","23",1959,556,303,859
380,"Italy",4,"Median","24",1959,546,291,836
380,"Italy",4,"Median","25",1959,543,350,893
380,"Italy",4,"Median","26",1959,542,325,867
380,"Italy",4,"Median","27",1959,549,319,868
380,"Italy",4,"Median","28",1959,606,348,954
380,"Italy",4,"Median","29",1959,609,358,967
380,"Italy",4,"Median","30",1959,618,393,1011
380,"Italy",4,"Median","31",1959,690,417,1107
380,"Italy",4,"Median","32",1959,736,438,1174
380,"Italy",4,"Median","33",1959,718,477,1195
380,"Italy",4,"Median","34",1959,761,467,1228
380,"Italy",4,"Median","35",1959,741,531,1271
380,"Italy",4,"Median","36",1959,764,628,1392
380,"Italy",4,"Median","37",1959,841,612,1453
380,"Italy",4,"Median","38",1959,889,698,1587
380,"Italy",4,"Median","39",1959,816,567,1384
380,"Italy",4,"Median","40",1959,646,430,1076
380,"Italy",4,"Median","41",1959,596,446,1042
380,"Italy",4,"Median","42",1959,748,547,1295
380,"Italy",4,"Median","43",1959,1002,754,1755
380,"Italy",4,"Median","44",1959,1235,828,2063
380,"Italy",4,"Median","45",1959,1433,976,2409
380,"Italy",4,"Median","46",1959,1611,1133,2744
380,"Italy",4,"Median","47",1959,1775,1131,2906
380,"Italy",4,"Median","48",1959,1878,1225,3103
380,"Italy",4,"Median","49",1959,2100,1284,3384
380,"Italy",4,"Median","50",1959,2253,1412,3665
380,"Italy",4,"Median","51",1959,2533,1552,4084
380,"Italy",4,"Median","52",1959,2547,1578,4125
380,"Italy",4,"Median","53",1959,2772,1657,4428
380,"Italy",4,"Median","54",1959,3006,1758,4764
380,"Italy",4,"Median","55",1959,3065,1768,4833
380,"Italy",4,"Median","56",1959,3246,1949,5194
380,"Italy",4,"Median","57",1959,3496,2059,5555
380,"Italy",4,"Median","58",1959,3710,2178,5888
380,"Italy",4,"Median","59",1959,3950,2381,6331
380,"Italy",4,"Median","60",1959,4000,2497,6497
380,"Italy",4,"Median","61",1959,4103,2743,6846
380,"Italy",4,"Median","62",1959,4200,2931,7131
380,"Italy",4,"Median","63",1959,4281,3144,7425
380,"Italy",4,"Median","64",1959,4283,3523,7806
380,"Italy",4,"Median","65",1959,4466,3710,8176
380,"Italy",4,"Median","66",1959,4845,3980,8825
380,"Italy",4,"Median","67",1959,4893,4338,9231
380,"Italy",4,"Median","68",1959,5101,4447,9547
380,"Italy",4,"Median","69",1959,5349,4898,10247
380,"Italy",4,"Median","70",1959,5607,5288,10895
380,"Italy",4,"Median","71",1959,5732,5615,11347
380,"Italy",4,"Median","72",1959,5938,5768,11706
380,"Italy",4,"Median","73",1959,6008,6060,12068
380,"Italy",4,"Median","74",1959,6323,6552,12875
380,"Italy",4,"Median","75",1959,6339,6727,13065
380,"Italy",4,"Median","76",1959,6482,6687,13169
380,"Italy",4,"Median","77",1959,6376,6968,13345
380,"Italy",4,"Median","78",1959,5987,6644,12630
380,"Italy",4,"Median","79",1959,6215,6568,12783
380,"Italy",4,"Median","80",1959,6082,6427,12508
380,"Italy",4,"Median","81",1959,5694,6218,11912
380,"Italy",4,"Median","82",1959,5686,6305,11992
380,"Italy",4,"Median","83",1959,5113,6080,11193
380,"Italy",4,"Median","84",1959,4402,5230,9632
380,"Italy",4,"Median","85",1959,3666,4473,8139
380,"Italy",4,"Median","86",1959,3233,3876,7109
380,"Italy",4,"Median","87",1959,2700,3437,6137
380,"Italy",4,"Median","88",1959,2175,2879,5054
380,"Italy",4,"Median","89",1959,1688,2414,4102
380,"Italy",4,"Median","90",1959,1332,1826,3159
380,"Italy",4,"Median","91",1959,1015,1502,2516
380,"Italy",4,"Median","92",1959,753,1208,1960
380,"Italy",4,"Median","93",1959,560,870,1429
380,"Italy",4,"Median","94",1959,366,606,971
380,"Italy",4,"Median","95",1959,257,451,708
380,"Italy",4,"Median","96",1959,166,304,469
380,"Italy",4,"Median","97",1959,97,197,294
380,"Italy",4,"Median","98",1959,55,125,180
380,"Italy",4,"Median","99",1959,32,77,109
380,"Italy",4,"Median","100",1959,12,30,42
380,"Italy",4,"Median","101",1959,8,21,29
380,"Italy",4,"Median","102",1959,5,15,20
380,"Italy",4,"Median","103",1959,3,10,13
380,"Italy",4,"Median","104",1959,2,7,9
380,"Italy",4,"Median","105",1959,2,5,7
380,"Italy",4,"Median","106",1959,1,4,5
380,"Italy",4,"Median","107",1959,1,3,4
380,"Italy",4,"Median","108",1959,0,2,2
380,"Italy",4,"Median","109",1959,0,1,1
380,"Italy",4,"Median","110",1959,0,1,1
380,"Italy",4,"Median","0",1960,22041,17565,39606
380,"Italy",4,"Median","1",1960,1894,1747,3642
380,"Italy",4,"Median","2",1960,789,713,1502
380,"Italy",4,"Median","3",1960,552,458,1010
380,"Italy",4,"Median","4",1960,409,379,788
380,"Italy",4,"Median","5",1960,339,262,601
380,"Italy",4,"Median","6",1960,305,242,547
380,"Italy",4,"Median","7",1960,261,196,457
380,"Italy",4,"Median","8",1960,242,177,420
380,"Italy",4,"Median","9",1960,220,142,362
380,"Italy",4,"Median","10",1960,253,159,412
380,"Italy",4,"Median","11",1960,235,156,391
380,"Italy",4,"Median","12",1960,275,155,430
380,"Italy",4,"Median","13",1960,305,166,471
380,"Italy",4,"Median","14",1960,285,163,448
380,"Italy",4,"Median","15",1960,293,142,435
380,"Italy",4,"Median","16",1960,412,150,562
380,"Italy",4,"Median","17",1960,408,187,595
380,"Italy",4,"Median","18",1960,475,192,667
380,"Italy",4,"Median","19",1960,549,228,776
380,"Italy",4,"Median","20",1960,587,236,823
380,"Italy",4,"Median","21",1960,517,239,756
380,"Italy",4,"Median","22",1960,494,258,752
380,"Italy",4,"Median","23",1960,531,263,794
380,"Italy",4,"Median","24",1960,575,300,875
380,"Italy",4,"Median","25",1960,609,315,924
380,"Italy",4,"Median","26",1960,549,340,889
380,"Italy",4,"Median","27",1960,520,330,850
380,"Italy",4,"Median","28",1960,531,362,894
380,"Italy",4,"Median","29",1960,617,385,1002
380,"Italy",4,"Median","30",1960,657,403,1060
380,"Italy",4,"Median","31",1960,601,418,1019
380,"Italy",4,"Median","32",1960,652,438,1090
380,"Italy",4,"Median","33",1960,687,459,1146
380,"Italy",4,"Median","34",1960,688,514,1202
380,"Italy",4,"Median","35",1960,760,523,1283
380,"Italy",4,"Median","36",1960,777,571,1348
380,"Italy",4,"Median","37",1960,800,622,1422
380,"Italy",4,"Median","38",1960,851,648,1500
380,"Italy",4,"Median","39",1960,952,703,1655
380,"Italy",4,"Median","40",1960,934,617,1552
380,"Italy",4,"Median","41",1960,709,454,1163
380,"Italy",4,"Median","42",1960,638,470,1108
380,"Italy",4,"Median","43",1960,832,567,1399
380,"Italy",4,"Median","44",1960,1188,762,1951
380,"Italy",4,"Median","45",1960,1476,965,2440
380,"Italy",4,"Median","46",1960,1652,1119,2770
380,"Italy",4,"Median","47",1960,1878,1186,3064
380,"Italy",4,"Median","48",1960,2062,1249,3311
380,"Italy",4,"Median","49",1960,2136,1305,3441
380,"Italy",4,"Median","50",1960,2485,1441,3926
380,"Italy",4,"Median","51",1960,2578,1517,4095
380,"Italy",4,"Median","52",1960,2746,1632,4378
380,"Italy",4,"Median","53",1960,2860,1617,4477
380,"Italy",4,"Median","54",1960,3180,1800,4981
380,"Italy",4,"Median","55",1960,3333,1879,5212
380,"Italy",4,"Median","56",1960,3553,1946,5499
380,"Italy",4,"Median","57",1960,3704,2099,5803
380,"Italy",4,"Median","58",1960,3875,2323,6198
380,"Italy",4,"Median","59",1960,4066,2323,6389
380,"Italy",4,"Median","60",1960,4386,2618,7004
380,"Italy",4,"Median","61",1960,4331,2761,7092
380,"Italy",4,"Median","62",1960,4631,3140,7770
380,"Italy",4,"Median","63",1960,4657,3308,7966
380,"Italy",4,"Median","64",1960,4670,3458,8128
380,"Italy",4,"Median","65",1960,4889,3717,8606
380,"Italy",4,"Median","66",1960,5113,4162,9274
380,"Italy",4,"Median","67",1960,5403,4451,9854
380,"Italy",4,"Median","68",1960,5371,4787,10157
380,"Italy",4,"Median","69",1960,5737,5137,10874
380,"Italy",4,"Median","70",1960,5916,5525,11441
380,"Italy",4,"Median","71",1960,6177,5941,12118
380,"Italy",4,"Median","72",1960,6328,6447,12775
380,"Italy",4,"Median","73",1960,6435,6428,12863
380,"Italy",4,"Median","74",1960,6489,6615,13104
380,"Italy",4,"Median","75",1960,6974,7288,14261
380,"Italy",4,"Median","76",1960,6913,7434,14347
380,"Italy",4,"Median","77",1960,6790,7424,14214
380,"Italy",4,"Median","78",1960,7126,7782,14908
380,"Italy",4,"Median","79",1960,6443,6919,13363
380,"Italy",4,"Median","80",1960,6625,7160,13785
380,"Italy",4,"Median","81",1960,6234,6839,13072
380,"Italy",4,"Median","82",1960,5843,6598,12441
380,"Italy",4,"Median","83",1960,5736,6397,12133
380,"Italy",4,"Median","84",1960,5158,6100,11258
380,"Italy",4,"Median","85",1960,4228,5181,9409
380,"Italy",4,"Median","86",1960,3658,4430,8088
380,"Italy",4,"Median","87",1960,3073,3805,6877
380,"Italy",4,"Median","88",1960,2516,3260,5776
380,"Italy",4,"Median","89",1960,1957,2665,4622
380,"Italy",4,"Median","90",1960,1633,2218,3851
380,"Italy",4,"Median","91",1960,1164,1665,2829
380,"Italy",4,"Median","92",1960,927,1252,2179
380,"Italy",4,"Median","93",1960,647,1032,1679
380,"Italy",4,"Median","94",1960,438,758,1196
380,"Italy",4,"Median","95",1960,303,524,827
380,"Italy",4,"Median","96",1960,201,360,561
380,"Italy",4,"Median","97",1960,125,235,360
380,"Italy",4,"Median","98",1960,71,148,219
380,"Italy",4,"Median","99",1960,39,91,129
380,"Italy",4,"Median","100",1960,15,36,51
380,"Italy",4,"Median","101",1960,10,25,35
380,"Italy",4,"Median","102",1960,7,18,25
380,"Italy",4,"Median","103",1960,4,13,17
380,"Italy",4,"Median","104",1960,3,9,12
380,"Italy",4,"Median","105",1960,2,6,8
380,"Italy",4,"Median","106",1960,1,4,5
380,"Italy",4,"Median","107",1960,1,3,4
380,"Italy",4,"Median","108",1960,1,2,3
380,"Italy",4,"Median","109",1960,0,2,2
380,"Italy",4,"Median","110",1960,0,1,1
380,"Italy",4,"Median","0",1961,21334,16743,38077
380,"Italy",4,"Median","1",1961,1675,1471,3146
380,"Italy",4,"Median","2",1961,723,643,1366
380,"Italy",4,"Median","3",1961,523,423,945
380,"Italy",4,"Median","4",1961,379,305,684
380,"Italy",4,"Median","5",1961,354,270,624
380,"Italy",4,"Median","6",1961,313,230,543
380,"Italy",4,"Median","7",1961,256,175,431
380,"Italy",4,"Median","8",1961,209,154,362
380,"Italy",4,"Median","9",1961,214,154,368
380,"Italy",4,"Median","10",1961,208,166,373
380,"Italy",4,"Median","11",1961,266,142,409
380,"Italy",4,"Median","12",1961,262,173,434
380,"Italy",4,"Median","13",1961,278,172,450
380,"Italy",4,"Median","14",1961,326,191,517
380,"Italy",4,"Median","15",1961,340,166,506
380,"Italy",4,"Median","16",1961,412,156,568
380,"Italy",4,"Median","17",1961,431,200,631
380,"Italy",4,"Median","18",1961,511,176,687
380,"Italy",4,"Median","19",1961,542,195,737
380,"Italy",4,"Median","20",1961,550,238,788
380,"Italy",4,"Median","21",1961,617,246,863
380,"Italy",4,"Median","22",1961,548,257,805
380,"Italy",4,"Median","23",1961,577,291,868
380,"Italy",4,"Median","24",1961,564,257,821
380,"Italy",4,"Median","25",1961,537,275,813
380,"Italy",4,"Median","26",1961,518,327,845
380,"Italy",4,"Median","27",1961,573,300,872
380,"Italy",4,"Median","28",1961,596,321,917
380,"Italy",4,"Median","29",1961,567,338,904
380,"Italy",4,"Median","30",1961,631,360,991
380,"Italy",4,"Median","31",1961,652,432,1084
380,"Italy",4,"Median","32",1961,656,378,1034
380,"Italy",4,"Median","33",1961,769,440,1209
380,"Italy",4,"Median","34",1961,721,453,1175
380,"Italy",4,"Median","35",1961,730,496,1226
380,"Italy",4,"Median","36",1961,832,536,1368
380,"Italy",4,"Median","37",1961,909,573,1482
380,"Italy",4,"Median","38",1961,878,639,1517
380,"Italy",4,"Median","39",1961,988,627,1614
380,"Italy",4,"Median","40",1961,1059,724,1783
380,"Italy",4,"Median","41",1961,913,648,1561
380,"Italy",4,"Median","42",1961,727,532,1258
380,"Italy",4,"Median","43",1961,710,475,1184
380,"Italy",4,"Median","44",1961,914,594,1508
380,"Italy",4,"Median","45",1961,1283,786,2069
380,"Italy",4,"Median","46",1961,1567,984,2551
380,"Italy",4,"Median","47",1961,1719,1124,2843
380,"Italy",4,"Median","48",1961,1924,1234,3158
380,"Italy",4,"Median","49",1961,2214,1271,3485
380,"Italy",4,"Median","50",1961,2360,1456,3816
380,"Italy",4,"Median","51",1961,2577,1467,4044
380,"Italy",4,"Median","52",1961,2819,1604,4423
380,"Italy",4,"Median","53",1961,3031,1660,4691
380,"Italy",4,"Median","54",1961,3115,1719,4835
380,"Italy",4,"Median","55",1961,3312,1832,5145
380,"Italy",4,"Median","56",1961,3584,1971,5555
380,"Italy",4,"Median","57",1961,3703,2005,5708
380,"Italy",4,"Median","58",1961,3860,2262,6122
380,"Italy",4,"Median","59",1961,4232,2360,6592
380,"Italy",4,"Median","60",1961,4412,2594,7005
380,"Italy",4,"Median","61",1961,4554,2727,7281
380,"Italy",4,"Median","62",1961,4559,2914,7474
380,"Italy",4,"Median","63",1961,4695,3144,7840
380,"Italy",4,"Median","64",1961,4820,3498,8318
380,"Italy",4,"Median","65",1961,4725,3624,8349
380,"Italy",4,"Median","66",1961,4993,3878,8871
380,"Italy",4,"Median","67",1961,5274,4331,9605
380,"Italy",4,"Median","68",1961,5270,4610,9881
380,"Italy",4,"Median","69",1961,5569,4933,10502
380,"Italy",4,"Median","70",1961,5644,5222,10866
380,"Italy",4,"Median","71",1961,5797,5574,11371
380,"Italy",4,"Median","72",1961,6256,5956,12212
380,"Italy",4,"Median","73",1961,6361,6409,12770
380,"Italy",4,"Median","74",1961,6446,6741,13187
380,"Italy",4,"Median","75",1961,6480,6759,13240
380,"Italy",4,"Median","76",1961,6820,7235,14055
380,"Italy",4,"Median","77",1961,6755,7311,14066
380,"Italy",4,"Median","78",1961,6453,7099,13552
380,"Italy",4,"Median","79",1961,6616,7231,13846
380,"Italy",4,"Median","80",1961,6383,6856,13239
380,"Italy",4,"Median","81",1961,6047,6759,12805
380,"Italy",4,"Median","82",1961,5582,6353,11935
380,"Italy",4,"Median","83",1961,5221,6025,11245
380,"Italy",4,"Median","84",1961,4863,5788,10651
380,"Italy",4,"Median","85",1961,4426,5504,9930
380,"Italy",4,"Median","86",1961,3601,4535,8135
380,"Italy",4,"Median","87",1961,3010,3789,6799
380,"Italy",4,"Median","88",1961,2452,3267,5720
380,"Italy",4,"Median","89",1961,1983,2645,4629
380,"Italy",4,"Median","90",1961,1492,2156,3648
380,"Italy",4,"Median","91",1961,1192,1722,2913
380,"Italy",4,"Median","92",1961,799,1290,2090
380,"Italy",4,"Median","93",1961,558,901,1459
380,"Italy",4,"Median","94",1961,453,695,1148
380,"Italy",4,"Median","95",1961,292,506,798
380,"Italy",4,"Median","96",1961,187,345,532
380,"Italy",4,"Median","97",1961,120,229,349
380,"Italy",4,"Median","98",1961,72,145,217
380,"Italy",4,"Median","99",1961,40,88,127
380,"Italy",4,"Median","100",1961,15,35,50
380,"Italy",4,"Median","101",1961,10,25,35
380,"Italy",4,"Median","102",1961,7,17,24
380,"Italy",4,"Median","103",1961,4,12,16
380,"Italy",4,"Median","104",1961,3,9,12
380,"Italy",4,"Median","105",1961,2,6,8
380,"Italy",4,"Median","106",1961,1,4,5
380,"Italy",4,"Median","107",1961,1,3,4
380,"Italy",4,"Median","108",1961,1,2,3
380,"Italy",4,"Median","109",1961,0,1,1
380,"Italy",4,"Median","110",1961,0,1,1
380,"Italy",4,"Median","0",1962,21821,17173,38993
380,"Italy",4,"Median","1",1962,1629,1535,3164
380,"Italy",4,"Median","2",1962,768,703,1472
380,"Italy",4,"Median","3",1962,503,413,916
380,"Italy",4,"Median","4",1962,408,278,686
380,"Italy",4,"Median","5",1962,319,237,556
380,"Italy",4,"Median","6",1962,295,226,521
380,"Italy",4,"Median","7",1962,267,186,453
380,"Italy",4,"Median","8",1962,251,159,410
380,"Italy",4,"Median","9",1962,232,142,374
380,"Italy",4,"Median","10",1962,210,135,345
380,"Italy",4,"Median","11",1962,199,154,353
380,"Italy",4,"Median","12",1962,232,166,398
380,"Italy",4,"Median","13",1962,252,172,424
380,"Italy",4,"Median","14",1962,335,167,502
380,"Italy",4,"Median","15",1962,381,161,542
380,"Italy",4,"Median","16",1962,401,173,575
380,"Italy",4,"Median","17",1962,431,191,622
380,"Italy",4,"Median","18",1962,518,188,706
380,"Italy",4,"Median","19",1962,580,197,777
380,"Italy",4,"Median","20",1962,512,216,728
380,"Italy",4,"Median","21",1962,522,245,766
380,"Italy",4,"Median","22",1962,555,265,821
380,"Italy",4,"Median","23",1962,598,300,898
380,"Italy",4,"Median","24",1962,604,262,866
380,"Italy",4,"Median","25",1962,561,270,831
380,"Italy",4,"Median","26",1962,499,314,814
380,"Italy",4,"Median","27",1962,539,307,846
380,"Italy",4,"Median","28",1962,545,328,873
380,"Italy",4,"Median","29",1962,583,334,916
380,"Italy",4,"Median","30",1962,586,351,937
380,"Italy",4,"Median","31",1962,629,409,1037
380,"Italy",4,"Median","32",1962,697,407,1104
380,"Italy",4,"Median","33",1962,672,468,1140
380,"Italy",4,"Median","34",1962,746,507,1253
380,"Italy",4,"Median","35",1962,782,482,1264
380,"Italy",4,"Median","36",1962,816,506,1321
380,"Italy",4,"Median","37",1962,921,615,1536
380,"Italy",4,"Median","38",1962,991,594,1585
380,"Italy",4,"Median","39",1962,992,625,1617
380,"Italy",4,"Median","40",1962,1060,772,1832
380,"Italy",4,"Median","41",1962,1151,810,1962
380,"Italy",4,"Median","42",1962,1012,720,1732
380,"Italy",4,"Median","43",1962,844,530,1374
380,"Italy",4,"Median","44",1962,754,524,1278
380,"Italy",4,"Median","45",1962,996,653,1648
380,"Italy",4,"Median","46",1962,1394,923,2317
380,"Italy",4,"Median","47",1962,1745,1071,2816
380,"Italy",4,"Median","48",1962,2020,1292,3313
380,"Italy",4,"Median","49",1962,2253,1402,3655
380,"Italy",4,"Median","50",1962,2508,1504,4012
380,"Italy",4,"Median","51",1962,2612,1571,4183
380,"Italy",4,"Median","52",1962,2921,1678,4599
380,"Italy",4,"Median","53",1962,3118,1799,4918
380,"Italy",4,"Median","54",1962,3475,1801,5276
380,"Italy",4,"Median","55",1962,3716,1941,5656
380,"Italy",4,"Median","56",1962,3819,2008,5827
380,"Italy",4,"Median","57",1962,4235,2290,6525
380,"Italy",4,"Median","58",1962,4195,2411,6606
380,"Italy",4,"Median","59",1962,4496,2498,6994
380,"Italy",4,"Median","60",1962,4642,2679,7321
380,"Italy",4,"Median","61",1962,5000,2949,7949
380,"Italy",4,"Median","62",1962,5274,3141,8415
380,"Italy",4,"Median","63",1962,5161,3264,8425
380,"Italy",4,"Median","64",1962,5395,3666,9061
380,"Italy",4,"Median","65",1962,5604,4033,9637
380,"Italy",4,"Median","66",1962,5437,4113,9550
380,"Italy",4,"Median","67",1962,5472,4498,9970
380,"Italy",4,"Median","68",1962,5910,4911,10822
380,"Italy",4,"Median","69",1962,6066,5493,11559
380,"Italy",4,"Median","70",1962,6530,5839,12369
380,"Italy",4,"Median","71",1962,6335,6048,12383
380,"Italy",4,"Median","72",1962,6719,6697,13416
380,"Italy",4,"Median","73",1962,6987,6861,13847
380,"Italy",4,"Median","74",1962,7036,7432,14468
380,"Italy",4,"Median","75",1962,7114,7800,14915
380,"Italy",4,"Median","76",1962,7158,7741,14899
380,"Italy",4,"Median","77",1962,7465,8363,15828
380,"Italy",4,"Median","78",1962,7355,8166,15521
380,"Italy",4,"Median","79",1962,7061,8090,15152
380,"Italy",4,"Median","80",1962,7337,8209,15546
380,"Italy",4,"Median","81",1962,6489,7457,13946
380,"Italy",4,"Median","82",1962,6320,7277,13597
380,"Italy",4,"Median","83",1962,5721,6568,12290
380,"Italy",4,"Median","84",1962,5335,6317,11652
380,"Italy",4,"Median","85",1962,4824,6056,10881
380,"Italy",4,"Median","86",1962,4407,5342,9749
380,"Italy",4,"Median","87",1962,3449,4382,7830
380,"Italy",4,"Median","88",1962,2742,3735,6477
380,"Italy",4,"Median","89",1962,2230,3042,5273
380,"Italy",4,"Median","90",1962,1770,2520,4290
380,"Italy",4,"Median","91",1962,1283,1929,3212
380,"Italy",4,"Median","92",1962,937,1460,2397
380,"Italy",4,"Median","93",1962,691,1102,1793
380,"Italy",4,"Median","94",1962,505,760,1265
380,"Italy",4,"Median","95",1962,335,565,900
380,"Italy",4,"Median","96",1962,220,393,613
380,"Italy",4,"Median","97",1962,136,260,396
380,"Italy",4,"Median","98",1962,85,167,251
380,"Italy",4,"Median","99",1962,49,102,151
380,"Italy",4,"Median","100",1962,17,40,57
380,"Italy",4,"Median","101",1962,12,28,40
380,"Italy",4,"Median","102",1962,8,20,28
380,"Italy",4,"Median","103",1962,5,14,19
380,"Italy",4,"Median","104",1962,4,10,14
380,"Italy",4,"Median","105",1962,2,7,9
380,"Italy",4,"Median","106",1962,2,5,7
380,"Italy",4,"Median","107",1962,1,3,4
380,"Italy",4,"Median","108",1962,1,2,3
380,"Italy",4,"Median","109",1962,0,2,2
380,"Italy",4,"Median","110",1962,0,1,1
380,"Italy",4,"Median","0",1963,21654,16856,38510
380,"Italy",4,"Median","1",1963,1465,1398,2863
380,"Italy",4,"Median","2",1963,701,603,1305
380,"Italy",4,"Median","3",1963,481,427,907
380,"Italy",4,"Median","4",1963,409,335,744
380,"Italy",4,"Median","5",1963,304,258,561
380,"Italy",4,"Median","6",1963,281,229,510
380,"Italy",4,"Median","7",1963,290,198,488
380,"Italy",4,"Median","8",1963,237,165,403
380,"Italy",4,"Median","9",1963,217,163,380
380,"Italy",4,"Median","10",1963,211,141,352
380,"Italy",4,"Median","11",1963,217,165,381
380,"Italy",4,"Median","12",1963,215,173,388
380,"Italy",4,"Median","13",1963,234,182,416
380,"Italy",4,"Median","14",1963,263,188,452
380,"Italy",4,"Median","15",1963,421,205,626
380,"Italy",4,"Median","16",1963,499,215,714
380,"Italy",4,"Median","17",1963,508,222,730
380,"Italy",4,"Median","18",1963,538,193,732
380,"Italy",4,"Median","19",1963,602,219,822
380,"Italy",4,"Median","20",1963,545,256,801
380,"Italy",4,"Median","21",1963,556,238,793
380,"Italy",4,"Median","22",1963,524,276,800
380,"Italy",4,"Median","23",1963,657,281,938
380,"Italy",4,"Median","24",1963,639,280,919
380,"Italy",4,"Median","25",1963,618,297,914
380,"Italy",4,"Median","26",1963,576,304,880
380,"Italy",4,"Median","27",1963,584,274,858
380,"Italy",4,"Median","28",1963,610,329,939
380,"Italy",4,"Median","29",1963,566,346,912
380,"Italy",4,"Median","30",1963,645,340,986
380,"Italy",4,"Median","31",1963,667,365,1033
380,"Italy",4,"Median","32",1963,691,389,1080
380,"Italy",4,"Median","33",1963,723,418,1141
380,"Italy",4,"Median","34",1963,708,463,1171
380,"Italy",4,"Median","35",1963,770,498,1268
380,"Italy",4,"Median","36",1963,910,534,1445
380,"Italy",4,"Median","37",1963,929,561,1490
380,"Italy",4,"Median","38",1963,1005,640,1646
380,"Italy",4,"Median","39",1963,1121,681,1802
380,"Italy",4,"Median","40",1963,1084,728,1812
380,"Italy",4,"Median","41",1963,1164,850,2014
380,"Italy",4,"Median","42",1963,1318,855,2173
380,"Italy",4,"Median","43",1963,1131,764,1895
380,"Italy",4,"Median","44",1963,869,626,1496
380,"Italy",4,"Median","45",1963,910,560,1470
380,"Italy",4,"Median","46",1963,1101,778,1879
380,"Italy",4,"Median","47",1963,1600,1024,2624
380,"Italy",4,"Median","48",1963,1965,1225,3191
380,"Italy",4,"Median","49",1963,2205,1377,3582
380,"Italy",4,"Median","50",1963,2401,1451,3852
380,"Italy",4,"Median","51",1963,2787,1583,4370
380,"Italy",4,"Median","52",1963,3008,1720,4728
380,"Italy",4,"Median","53",1963,3362,1875,5237
380,"Italy",4,"Median","54",1963,3402,1939,5341
380,"Italy",4,"Median","55",1963,3709,1987,5695
380,"Italy",4,"Median","56",1963,3812,2171,5983
380,"Italy",4,"Median","57",1963,4104,2169,6273
380,"Italy",4,"Median","58",1963,4381,2390,6772
380,"Italy",4,"Median","59",1963,4655,2507,7162
380,"Italy",4,"Median","60",1963,4847,2682,7529
380,"Italy",4,"Median","61",1963,5189,2909,8098
380,"Italy",4,"Median","62",1963,5347,3195,8543
380,"Italy",4,"Median","63",1963,5515,3383,8898
380,"Italy",4,"Median","64",1963,5611,3571,9182
380,"Italy",4,"Median","65",1963,5843,4108,9951
380,"Italy",4,"Median","66",1963,5871,4427,10298
380,"Italy",4,"Median","67",1963,5705,4670,10374
380,"Italy",4,"Median","68",1963,6047,4954,11001
380,"Italy",4,"Median","69",1963,6091,5365,11456
380,"Italy",4,"Median","70",1963,6438,5928,12366
380,"Italy",4,"Median","71",1963,6526,6260,12786
380,"Italy",4,"Median","72",1963,6846,6524,13370
380,"Italy",4,"Median","73",1963,6930,7198,14128
380,"Italy",4,"Median","74",1963,7334,7381,14714
380,"Italy",4,"Median","75",1963,7277,7863,15140
380,"Italy",4,"Median","76",1963,7171,7947,15118
380,"Italy",4,"Median","77",1963,7238,7927,15165
380,"Italy",4,"Median","78",1963,7526,8451,15978
380,"Italy",4,"Median","79",1963,7459,8439,15899
380,"Italy",4,"Median","80",1963,7064,8070,15134
380,"Italy",4,"Median","81",1963,6979,8253,15233
380,"Italy",4,"Median","82",1963,5916,7403,13320
380,"Italy",4,"Median","83",1963,5906,6950,12856
380,"Italy",4,"Median","84",1963,5188,6378,11566
380,"Italy",4,"Median","85",1963,4813,5830,10643
380,"Italy",4,"Median","86",1963,4382,5465,9848
380,"Italy",4,"Median","87",1963,3754,4765,8520
380,"Italy",4,"Median","88",1963,2817,3777,6594
380,"Italy",4,"Median","89",1963,2355,3121,5476
380,"Italy",4,"Median","90",1963,1822,2478,4300
380,"Italy",4,"Median","91",1963,1340,2035,3374
380,"Italy",4,"Median","92",1963,955,1499,2454
380,"Italy",4,"Median","93",1963,696,1214,1910
380,"Italy",4,"Median","94",1963,463,851,1314
380,"Italy",4,"Median","95",1963,322,581,903
380,"Italy",4,"Median","96",1963,216,408,624
380,"Italy",4,"Median","97",1963,137,276,412
380,"Italy",4,"Median","98",1963,82,176,258
380,"Italy",4,"Median","99",1963,49,110,158
380,"Italy",4,"Median","100",1963,18,43,61
380,"Italy",4,"Median","101",1963,12,30,42
380,"Italy",4,"Median","102",1963,8,21,29
380,"Italy",4,"Median","103",1963,6,15,21
380,"Italy",4,"Median","104",1963,4,11,15
380,"Italy",4,"Median","105",1963,2,8,10
380,"Italy",4,"Median","106",1963,2,5,7
380,"Italy",4,"Median","107",1963,1,4,5
380,"Italy",4,"Median","108",1963,1,3,4
380,"Italy",4,"Median","109",1963,1,2,3
380,"Italy",4,"Median","110",1963,0,1,1
380,"Italy",4,"Median","0",1964,20634,16321,36955
380,"Italy",4,"Median","1",1964,1332,1238,2569
380,"Italy",4,"Median","2",1964,663,521,1184
380,"Italy",4,"Median","3",1964,423,389,811
380,"Italy",4,"Median","4",1964,390,299,688
380,"Italy",4,"Median","5",1964,302,198,500
380,"Italy",4,"Median","6",1964,286,182,468
380,"Italy",4,"Median","7",1964,252,177,429
380,"Italy",4,"Median","8",1964,231,130,361
380,"Italy",4,"Median","9",1964,220,114,334
380,"Italy",4,"Median","10",1964,200,139,338
380,"Italy",4,"Median","11",1964,193,133,326
380,"Italy",4,"Median","12",1964,228,126,353
380,"Italy",4,"Median","13",1964,214,137,351
380,"Italy",4,"Median","14",1964,250,153,403
380,"Italy",4,"Median","15",1964,357,171,528
380,"Italy",4,"Median","16",1964,479,153,632
380,"Italy",4,"Median","17",1964,477,197,674
380,"Italy",4,"Median","18",1964,550,195,744
380,"Italy",4,"Median","19",1964,491,175,665
380,"Italy",4,"Median","20",1964,484,176,660
380,"Italy",4,"Median","21",1964,471,202,673
380,"Italy",4,"Median","22",1964,461,222,683
380,"Italy",4,"Median","23",1964,579,267,847
380,"Italy",4,"Median","24",1964,600,241,841
380,"Italy",4,"Median","25",1964,555,268,822
380,"Italy",4,"Median","26",1964,521,292,813
380,"Italy",4,"Median","27",1964,483,256,739
380,"Italy",4,"Median","28",1964,516,285,802
380,"Italy",4,"Median","29",1964,523,317,840
380,"Italy",4,"Median","30",1964,556,312,868
380,"Italy",4,"Median","31",1964,580,358,938
380,"Italy",4,"Median","32",1964,625,350,975
380,"Italy",4,"Median","33",1964,729,415,1144
380,"Italy",4,"Median","34",1964,702,417,1119
380,"Italy",4,"Median","35",1964,757,443,1200
380,"Italy",4,"Median","36",1964,780,523,1303
380,"Italy",4,"Median","37",1964,869,510,1379
380,"Italy",4,"Median","38",1964,952,571,1523
380,"Italy",4,"Median","39",1964,1014,642,1657
380,"Italy",4,"Median","40",1964,1097,680,1777
380,"Italy",4,"Median","41",1964,1187,733,1920
380,"Italy",4,"Median","42",1964,1215,782,1997
380,"Italy",4,"Median","43",1964,1369,872,2241
380,"Italy",4,"Median","44",1964,1232,762,1994
380,"Italy",4,"Median","45",1964,917,606,1522
380,"Italy",4,"Median","46",1964,920,585,1505
380,"Italy",4,"Median","47",1964,1135,743,1878
380,"Italy",4,"Median","48",1964,1697,1034,2731
380,"Italy",4,"Median","49",1964,2116,1293,3410
380,"Italy",4,"Median","50",1964,2409,1419,3828
380,"Italy",4,"Median","51",1964,2558,1622,4180
380,"Italy",4,"Median","52",1964,2852,1656,4508
380,"Italy",4,"Median","53",1964,3048,1726,4774
380,"Italy",4,"Median","54",1964,3347,1837,5184
380,"Italy",4,"Median","55",1964,3642,1966,5609
380,"Italy",4,"Median","56",1964,3900,2040,5940
380,"Italy",4,"Median","57",1964,4067,2163,6229
380,"Italy",4,"Median","58",1964,4244,2342,6586
380,"Italy",4,"Median","59",1964,4607,2499,7106
380,"Italy",4,"Median","60",1964,4731,2689,7420
380,"Italy",4,"Median","61",1964,4987,2791,7779
380,"Italy",4,"Median","62",1964,5221,2931,8152
380,"Italy",4,"Median","63",1964,5563,3184,8746
380,"Italy",4,"Median","64",1964,5542,3523,9065
380,"Italy",4,"Median","65",1964,5592,3767,9359
380,"Italy",4,"Median","66",1964,5745,4037,9781
380,"Italy",4,"Median","67",1964,5903,4482,10385
380,"Italy",4,"Median","68",1964,5582,4678,10259
380,"Italy",4,"Median","69",1964,6025,5137,11162
380,"Italy",4,"Median","70",1964,6163,5413,11576
380,"Italy",4,"Median","71",1964,6499,5761,12260
380,"Italy",4,"Median","72",1964,6555,6317,12872
380,"Italy",4,"Median","73",1964,6572,6505,13077
380,"Italy",4,"Median","74",1964,6809,6806,13615
380,"Italy",4,"Median","75",1964,6847,7348,14195
380,"Italy",4,"Median","76",1964,7050,7676,14726
380,"Italy",4,"Median","77",1964,6963,7783,14747
380,"Italy",4,"Median","78",1964,6706,7607,14313
380,"Italy",4,"Median","79",1964,6932,7987,14919
380,"Italy",4,"Median","80",1964,6645,7857,14502
380,"Italy",4,"Median","81",1964,6347,7389,13736
380,"Italy",4,"Median","82",1964,6202,7464,13665
380,"Italy",4,"Median","83",1964,5369,6483,11852
380,"Italy",4,"Median","84",1964,4879,6020,10899
380,"Italy",4,"Median","85",1964,4311,5439,9749
380,"Italy",4,"Median","86",1964,3838,4870,8708
380,"Italy",4,"Median","87",1964,3457,4462,7920
380,"Italy",4,"Median","88",1964,2825,3867,6692
380,"Italy",4,"Median","89",1964,2179,3004,5182
380,"Italy",4,"Median","90",1964,1704,2402,4106
380,"Italy",4,"Median","91",1964,1258,1802,3060
380,"Italy",4,"Median","92",1964,913,1427,2340
380,"Italy",4,"Median","93",1964,609,1121,1730
380,"Italy",4,"Median","94",1964,445,773,1218
380,"Italy",4,"Median","95",1964,300,537,837
380,"Italy",4,"Median","96",1964,195,366,561
380,"Italy",4,"Median","97",1964,127,249,376
380,"Italy",4,"Median","98",1964,78,163,241
380,"Italy",4,"Median","99",1964,45,101,146
380,"Italy",4,"Median","100",1964,18,41,59
380,"Italy",4,"Median","101",1964,12,29,41
380,"Italy",4,"Median","102",1964,8,20,28
380,"Italy",4,"Median","103",1964,5,14,19
380,"Italy",4,"Median","104",1964,4,10,14
380,"Italy",4,"Median","105",1964,2,7,9
380,"Italy",4,"Median","106",1964,2,5,7
380,"Italy",4,"Median","107",1964,1,4,5
380,"Italy",4,"Median","108",1964,1,2,3
380,"Italy",4,"Median","109",1964,0,2,2
380,"Italy",4,"Median","110",1964,0,1,1
380,"Italy",4,"Median","0",1965,19908,15092,34999
380,"Italy",4,"Median","1",1965,1320,1116,2436
380,"Italy",4,"Median","2",1965,643,518,1161
380,"Italy",4,"Median","3",1965,464,336,800
380,"Italy",4,"Median","4",1965,339,275,614
380,"Italy",4,"Median","5",1965,272,233,505
380,"Italy",4,"Median","6",1965,238,202,440
380,"Italy",4,"Median","7",1965,240,170,410
380,"Italy",4,"Median","8",1965,206,137,343
380,"Italy",4,"Median","9",1965,197,154,351
380,"Italy",4,"Median","10",1965,190,125,315
380,"Italy",4,"Median","11",1965,171,127,297
380,"Italy",4,"Median","12",1965,200,125,325
380,"Italy",4,"Median","13",1965,214,106,321
380,"Italy",4,"Median","14",1965,279,160,439
380,"Italy",4,"Median","15",1965,362,153,515
380,"Italy",4,"Median","16",1965,427,154,581
380,"Italy",4,"Median","17",1965,493,208,700
380,"Italy",4,"Median","18",1965,533,200,733
380,"Italy",4,"Median","19",1965,494,209,703
380,"Italy",4,"Median","20",1965,412,198,610
380,"Italy",4,"Median","21",1965,414,172,586
380,"Italy",4,"Median","22",1965,448,205,652
380,"Italy",4,"Median","23",1965,455,214,669
380,"Italy",4,"Median","24",1965,499,244,743
380,"Italy",4,"Median","25",1965,512,265,777
380,"Italy",4,"Median","26",1965,498,264,761
380,"Italy",4,"Median","27",1965,483,254,737
380,"Italy",4,"Median","28",1965,502,285,787
380,"Italy",4,"Median","29",1965,462,297,759
380,"Italy",4,"Median","30",1965,541,283,825
380,"Italy",4,"Median","31",1965,542,341,884
380,"Italy",4,"Median","32",1965,601,335,936
380,"Italy",4,"Median","33",1965,622,375,997
380,"Italy",4,"Median","34",1965,674,426,1101
380,"Italy",4,"Median","35",1965,790,478,1269
380,"Italy",4,"Median","36",1965,771,487,1258
380,"Italy",4,"Median","37",1965,887,518,1405
380,"Italy",4,"Median","38",1965,997,550,1548
380,"Italy",4,"Median","39",1965,1068,661,1729
380,"Italy",4,"Median","40",1965,1148,660,1808
380,"Italy",4,"Median","41",1965,1162,770,1932
380,"Italy",4,"Median","42",1965,1271,781,2052
380,"Italy",4,"Median","43",1965,1348,906,2253
380,"Italy",4,"Median","44",1965,1440,942,2382
380,"Italy",4,"Median","45",1965,1405,824,2229
380,"Italy",4,"Median","46",1965,992,690,1682
380,"Italy",4,"Median","47",1965,1004,647,1651
380,"Italy",4,"Median","48",1965,1372,824,2196
380,"Italy",4,"Median","49",1965,1878,1103,2981
380,"Italy",4,"Median","50",1965,2206,1424,3629
380,"Italy",4,"Median","51",1965,2663,1612,4275
380,"Italy",4,"Median","52",1965,2818,1653,4471
380,"Italy",4,"Median","53",1965,3200,1777,4976
380,"Italy",4,"Median","54",1965,3458,1885,5343
380,"Italy",4,"Median","55",1965,3775,1954,5729
380,"Italy",4,"Median","56",1965,3944,2061,6005
380,"Italy",4,"Median","57",1965,4260,2265,6525
380,"Italy",4,"Median","58",1965,4425,2340,6765
380,"Italy",4,"Median","59",1965,4767,2607,7374
380,"Italy",4,"Median","60",1965,5097,2781,7878
380,"Italy",4,"Median","61",1965,5202,2970,8172
380,"Italy",4,"Median","62",1965,5492,3289,8780
380,"Italy",4,"Median","63",1965,5744,3362,9107
380,"Italy",4,"Median","64",1965,5997,3701,9698
380,"Italy",4,"Median","65",1965,6205,3951,10156
380,"Italy",4,"Median","66",1965,6201,4266,10467
380,"Italy",4,"Median","67",1965,6440,4803,11244
380,"Italy",4,"Median","68",1965,6520,4985,11505
380,"Italy",4,"Median","69",1965,6294,5257,11552
380,"Italy",4,"Median","70",1965,6509,5914,12423
380,"Italy",4,"Median","71",1965,6554,6397,12950
380,"Italy",4,"Median","72",1965,7032,6624,13656
380,"Italy",4,"Median","73",1965,7205,7108,14313
380,"Italy",4,"Median","74",1965,6912,7464,14376
380,"Italy",4,"Median","75",1965,7365,7842,15207
380,"Italy",4,"Median","76",1965,7243,8120,15362
380,"Italy",4,"Median","77",1965,7442,8564,16006
380,"Italy",4,"Median","78",1965,7458,8490,15948
380,"Italy",4,"Median","79",1965,7132,8365,15498
380,"Italy",4,"Median","80",1965,7178,8736,15914
380,"Italy",4,"Median","81",1965,6874,8294,15167
380,"Italy",4,"Median","82",1965,6398,7828,14226
380,"Italy",4,"Median","83",1965,6260,7554,13814
380,"Italy",4,"Median","84",1965,5245,6718,11963
380,"Italy",4,"Median","85",1965,4788,6058,10846
380,"Italy",4,"Median","86",1965,4159,5384,9543
380,"Italy",4,"Median","87",1965,3571,4749,8319
380,"Italy",4,"Median","88",1965,3168,4143,7311
380,"Italy",4,"Median","89",1965,2732,3771,6503
380,"Italy",4,"Median","90",1965,1881,2815,4696
380,"Italy",4,"Median","91",1965,1398,2151,3549
380,"Italy",4,"Median","92",1965,1097,1678,2775
380,"Italy",4,"Median","93",1965,789,1251,2040
380,"Italy",4,"Median","94",1965,515,890,1406
380,"Italy",4,"Median","95",1965,355,623,978
380,"Italy",4,"Median","96",1965,231,422,654
380,"Italy",4,"Median","97",1965,146,279,424
380,"Italy",4,"Median","98",1965,92,183,275
380,"Italy",4,"Median","99",1965,55,116,170
380,"Italy",4,"Median","100",1965,21,47,68
380,"Italy",4,"Median","101",1965,14,33,47
380,"Italy",4,"Median","102",1965,10,23,33
380,"Italy",4,"Median","103",1965,7,16,23
380,"Italy",4,"Median","104",1965,4,11,15
380,"Italy",4,"Median","105",1965,3,8,11
380,"Italy",4,"Median","106",1965,2,6,8
380,"Italy",4,"Median","107",1965,1,4,5
380,"Italy",4,"Median","108",1965,1,3,4
380,"Italy",4,"Median","109",1965,1,2,3
380,"Italy",4,"Median","110",1965,0,1,1
380,"Italy",4,"Median","0",1966,19016,14568,33584
380,"Italy",4,"Median","1",1966,1219,1067,2286
380,"Italy",4,"Median","2",1966,556,489,1045
380,"Italy",4,"Median","3",1966,379,314,693
380,"Italy",4,"Median","4",1966,320,262,582
380,"Italy",4,"Median","5",1966,299,216,516
380,"Italy",4,"Median","6",1966,259,162,422
380,"Italy",4,"Median","7",1966,208,141,349
380,"Italy",4,"Median","8",1966,203,126,329
380,"Italy",4,"Median","9",1966,205,114,319
380,"Italy",4,"Median","10",1966,168,98,266
380,"Italy",4,"Median","11",1966,198,113,310
380,"Italy",4,"Median","12",1966,201,111,312
380,"Italy",4,"Median","13",1966,198,132,330
380,"Italy",4,"Median","14",1966,245,140,384
380,"Italy",4,"Median","15",1966,360,140,500
380,"Italy",4,"Median","16",1966,401,168,569
380,"Italy",4,"Median","17",1966,449,195,644
380,"Italy",4,"Median","18",1966,492,177,670
380,"Italy",4,"Median","19",1966,553,182,735
380,"Italy",4,"Median","20",1966,428,226,654
380,"Italy",4,"Median","21",1966,373,156,529
380,"Italy",4,"Median","22",1966,466,178,644
380,"Italy",4,"Median","23",1966,427,193,621
380,"Italy",4,"Median","24",1966,467,217,684
380,"Italy",4,"Median","25",1966,431,216,647
380,"Italy",4,"Median","26",1966,507,245,752
380,"Italy",4,"Median","27",1966,485,259,744
380,"Italy",4,"Median","28",1966,471,288,759
380,"Italy",4,"Median","29",1966,482,289,771
380,"Italy",4,"Median","30",1966,485,297,782
380,"Italy",4,"Median","31",1966,528,309,837
380,"Italy",4,"Median","32",1966,550,326,876
380,"Italy",4,"Median","33",1966,573,364,938
380,"Italy",4,"Median","34",1966,605,427,1031
380,"Italy",4,"Median","35",1966,712,410,1122
380,"Italy",4,"Median","36",1966,718,455,1172
380,"Italy",4,"Median","37",1966,803,494,1296
380,"Italy",4,"Median","38",1966,850,524,1374
380,"Italy",4,"Median","39",1966,903,530,1433
380,"Italy",4,"Median","40",1966,1016,639,1655
380,"Italy",4,"Median","41",1966,1121,658,1778
380,"Italy",4,"Median","42",1966,1248,748,1996
380,"Italy",4,"Median","43",1966,1283,824,2108
380,"Italy",4,"Median","44",1966,1393,898,2292
380,"Italy",4,"Median","45",1966,1555,985,2540
380,"Italy",4,"Median","46",1966,1462,899,2361
380,"Italy",4,"Median","47",1966,1067,673,1741
380,"Italy",4,"Median","48",1966,1072,733,1805
380,"Italy",4,"Median","49",1966,1385,822,2207
380,"Italy",4,"Median","50",1966,1908,1204,3112
380,"Italy",4,"Median","51",1966,2405,1426,3831
380,"Italy",4,"Median","52",1966,2592,1547,4139
380,"Italy",4,"Median","53",1966,2978,1757,4735
380,"Italy",4,"Median","54",1966,3375,1857,5232
380,"Italy",4,"Median","55",1966,3622,2022,5644
380,"Italy",4,"Median","56",1966,3906,2133,6039
380,"Italy",4,"Median","57",1966,4098,2193,6291
380,"Italy",4,"Median","58",1966,4489,2385,6873
380,"Italy",4,"Median","59",1966,4717,2487,7204
380,"Italy",4,"Median","60",1966,4844,2666,7510
380,"Italy",4,"Median","61",1966,5275,2828,8103
380,"Italy",4,"Median","62",1966,5397,3115,8512
380,"Italy",4,"Median","63",1966,5605,3199,8804
380,"Italy",4,"Median","64",1966,5763,3447,9211
380,"Italy",4,"Median","65",1966,6043,3745,9788
380,"Italy",4,"Median","66",1966,6153,4019,10172
380,"Italy",4,"Median","67",1966,6224,4399,10623
380,"Italy",4,"Median","68",1966,6374,4671,11044
380,"Italy",4,"Median","69",1966,6438,5239,11677
380,"Italy",4,"Median","70",1966,6203,5493,11697
380,"Italy",4,"Median","71",1966,6428,5816,12244
380,"Italy",4,"Median","72",1966,6681,6411,13092
380,"Italy",4,"Median","73",1966,6819,6678,13497
380,"Italy",4,"Median","74",1966,6978,6920,13898
380,"Italy",4,"Median","75",1966,6806,7161,13967
380,"Italy",4,"Median","76",1966,6811,7746,14557
380,"Italy",4,"Median","77",1966,7047,7906,14953
380,"Italy",4,"Median","78",1966,6986,8198,15184
380,"Italy",4,"Median","79",1966,6974,8152,15125
380,"Italy",4,"Median","80",1966,6822,8148,14969
380,"Italy",4,"Median","81",1966,6649,7869,14518
380,"Italy",4,"Median","82",1966,6269,7645,13914
380,"Italy",4,"Median","83",1966,5690,7154,12844
380,"Italy",4,"Median","84",1966,5466,6907,12373
380,"Italy",4,"Median","85",1966,4524,5877,10400
380,"Italy",4,"Median","86",1966,3983,5234,9217
380,"Italy",4,"Median","87",1966,3445,4583,8027
380,"Italy",4,"Median","88",1966,2946,3929,6876
380,"Italy",4,"Median","89",1966,2473,3437,5911
380,"Italy",4,"Median","90",1966,2037,2819,4857
380,"Italy",4,"Median","91",1966,1383,2130,3512
380,"Italy",4,"Median","92",1966,1047,1596,2644
380,"Italy",4,"Median","93",1966,733,1234,1968
380,"Italy",4,"Median","94",1966,548,883,1431
380,"Italy",4,"Median","95",1966,357,620,977
380,"Italy",4,"Median","96",1966,230,415,645
380,"Italy",4,"Median","97",1966,145,273,418
380,"Italy",4,"Median","98",1966,89,175,263
380,"Italy",4,"Median","99",1966,54,111,165
380,"Italy",4,"Median","100",1966,22,47,69
380,"Italy",4,"Median","101",1966,15,33,48
380,"Italy",4,"Median","102",1966,10,23,33
380,"Italy",4,"Median","103",1966,7,16,23
380,"Italy",4,"Median","104",1966,4,11,15
380,"Italy",4,"Median","105",1966,3,8,11
380,"Italy",4,"Median","106",1966,2,6,8
380,"Italy",4,"Median","107",1966,1,4,5
380,"Italy",4,"Median","108",1966,1,3,4
380,"Italy",4,"Median","109",1966,1,2,3
380,"Italy",4,"Median","110",1966,0,1,1
380,"Italy",4,"Median","0",1967,17475,13548,31023
380,"Italy",4,"Median","1",1967,1073,946,2019
380,"Italy",4,"Median","2",1967,585,459,1044
380,"Italy",4,"Median","3",1967,381,336,717
380,"Italy",4,"Median","4",1967,314,256,570
380,"Italy",4,"Median","5",1967,253,211,463
380,"Italy",4,"Median","6",1967,251,178,429
380,"Italy",4,"Median","7",1967,229,138,367
380,"Italy",4,"Median","8",1967,187,137,324
380,"Italy",4,"Median","9",1967,165,130,295
380,"Italy",4,"Median","10",1967,189,125,314
380,"Italy",4,"Median","11",1967,192,125,317
380,"Italy",4,"Median","12",1967,217,93,310
380,"Italy",4,"Median","13",1967,204,114,318
380,"Italy",4,"Median","14",1967,239,112,352
380,"Italy",4,"Median","15",1967,322,154,476
380,"Italy",4,"Median","16",1967,383,147,530
380,"Italy",4,"Median","17",1967,444,160,604
380,"Italy",4,"Median","18",1967,542,186,728
380,"Italy",4,"Median","19",1967,531,189,720
380,"Italy",4,"Median","20",1967,434,223,657
380,"Italy",4,"Median","21",1967,443,233,675
380,"Italy",4,"Median","22",1967,445,176,621
380,"Italy",4,"Median","23",1967,472,216,688
380,"Italy",4,"Median","24",1967,472,203,676
380,"Italy",4,"Median","25",1967,468,231,699
380,"Italy",4,"Median","26",1967,497,247,743
380,"Italy",4,"Median","27",1967,451,269,720
380,"Italy",4,"Median","28",1967,495,263,758
380,"Italy",4,"Median","29",1967,500,303,803
380,"Italy",4,"Median","30",1967,452,274,726
380,"Italy",4,"Median","31",1967,490,327,817
380,"Italy",4,"Median","32",1967,518,328,846
380,"Italy",4,"Median","33",1967,585,370,955
380,"Italy",4,"Median","34",1967,598,382,980
380,"Italy",4,"Median","35",1967,683,426,1108
380,"Italy",4,"Median","36",1967,775,440,1215
380,"Italy",4,"Median","37",1967,795,469,1264
380,"Italy",4,"Median","38",1967,830,541,1372
380,"Italy",4,"Median","39",1967,978,560,1538
380,"Italy",4,"Median","40",1967,1141,664,1805
380,"Italy",4,"Median","41",1967,1085,649,1733
380,"Italy",4,"Median","42",1967,1210,766,1976
380,"Italy",4,"Median","43",1967,1301,792,2093
380,"Italy",4,"Median","44",1967,1467,856,2323
380,"Italy",4,"Median","45",1967,1530,944,2474
380,"Italy",4,"Median","46",1967,1668,1055,2723
380,"Italy",4,"Median","47",1967,1528,979,2507
380,"Italy",4,"Median","48",1967,1188,729,1917
380,"Italy",4,"Median","49",1967,1174,765,1939
380,"Italy",4,"Median","50",1967,1634,958,2592
380,"Italy",4,"Median","51",1967,2104,1295,3399
380,"Italy",4,"Median","52",1967,2588,1517,4105
380,"Italy",4,"Median","53",1967,2994,1771,4764
380,"Italy",4,"Median","54",1967,3427,1859,5286
380,"Italy",4,"Median","55",1967,3640,2004,5643
380,"Italy",4,"Median","56",1967,3943,2190,6132
380,"Italy",4,"Median","57",1967,4364,2315,6679
380,"Italy",4,"Median","58",1967,4566,2459,7026
380,"Italy",4,"Median","59",1967,4841,2636,7477
380,"Italy",4,"Median","60",1967,4930,2788,7718
380,"Italy",4,"Median","61",1967,5234,2901,8136
380,"Italy",4,"Median","62",1967,5539,3108,8646
380,"Italy",4,"Median","63",1967,5751,3360,9111
380,"Italy",4,"Median","64",1967,5893,3570,9463
380,"Italy",4,"Median","65",1967,6340,3909,10248
380,"Italy",4,"Median","66",1967,6461,4042,10503
380,"Italy",4,"Median","67",1967,6591,4469,11060
380,"Italy",4,"Median","68",1967,6714,4799,11514
380,"Italy",4,"Median","69",1967,6882,5285,12167
380,"Italy",4,"Median","70",1967,6930,5810,12741
380,"Italy",4,"Median","71",1967,6564,5980,12545
380,"Italy",4,"Median","72",1967,6730,6411,13141
380,"Italy",4,"Median","73",1967,7019,6934,13953
380,"Italy",4,"Median","74",1967,7301,7421,14722
380,"Italy",4,"Median","75",1967,7085,7620,14705
380,"Italy",4,"Median","76",1967,6945,7745,14689
380,"Italy",4,"Median","77",1967,7160,8223,15384
380,"Italy",4,"Median","78",1967,7315,8506,15822
380,"Italy",4,"Median","79",1967,7088,8557,15646
380,"Italy",4,"Median","80",1967,7039,8527,15566
380,"Italy",4,"Median","81",1967,6712,8375,15087
380,"Italy",4,"Median","82",1967,6483,8165,14648
380,"Italy",4,"Median","83",1967,6034,7752,13786
380,"Italy",4,"Median","84",1967,5390,6920,12310
380,"Italy",4,"Median","85",1967,5022,6633,11654
380,"Italy",4,"Median","86",1967,4088,5712,9800
380,"Italy",4,"Median","87",1967,3660,4988,8648
380,"Italy",4,"Median","88",1967,3071,4304,7375
380,"Italy",4,"Median","89",1967,2426,3593,6019
380,"Italy",4,"Median","90",1967,2015,3066,5081
380,"Italy",4,"Median","91",1967,1622,2495,4117
380,"Italy",4,"Median","92",1967,1241,1844,3085
380,"Italy",4,"Median","93",1967,817,1355,2172
380,"Italy",4,"Median","94",1967,539,982,1521
380,"Italy",4,"Median","95",1967,382,699,1081
380,"Italy",4,"Median","96",1967,249,473,722
380,"Italy",4,"Median","97",1967,155,307,462
380,"Italy",4,"Median","98",1967,95,195,290
380,"Italy",4,"Median","99",1967,56,121,176
380,"Italy",4,"Median","100",1967,23,52,75
380,"Italy",4,"Median","101",1967,16,36,52
380,"Italy",4,"Median","102",1967,10,25,35
380,"Italy",4,"Median","103",1967,7,18,25
380,"Italy",4,"Median","104",1967,5,12,17
380,"Italy",4,"Median","105",1967,3,9,12
380,"Italy",4,"Median","106",1967,2,6,8
380,"Italy",4,"Median","107",1967,1,4,5
380,"Italy",4,"Median","108",1967,1,3,4
380,"Italy",4,"Median","109",1967,1,2,3
380,"Italy",4,"Median","110",1967,0,1,1
380,"Italy",4,"Median","0",1968,17116,13068,30183
380,"Italy",4,"Median","1",1968,1046,872,1917
380,"Italy",4,"Median","2",1968,547,439,986
380,"Italy",4,"Median","3",1968,446,322,768
380,"Italy",4,"Median","4",1968,352,257,608
380,"Italy",4,"Median","5",1968,277,216,493
380,"Italy",4,"Median","6",1968,253,159,412
380,"Italy",4,"Median","7",1968,216,132,348
380,"Italy",4,"Median","8",1968,199,150,349
380,"Italy",4,"Median","9",1968,229,117,346
380,"Italy",4,"Median","10",1968,198,106,304
380,"Italy",4,"Median","11",1968,176,109,285
380,"Italy",4,"Median","12",1968,191,129,320
380,"Italy",4,"Median","13",1968,220,124,343
380,"Italy",4,"Median","14",1968,296,144,440
380,"Italy",4,"Median","15",1968,295,160,455
380,"Italy",4,"Median","16",1968,417,160,578
380,"Italy",4,"Median","17",1968,414,150,564
380,"Italy",4,"Median","18",1968,519,167,686
380,"Italy",4,"Median","19",1968,500,202,701
380,"Italy",4,"Median","20",1968,449,180,629
380,"Italy",4,"Median","21",1968,488,226,714
380,"Italy",4,"Median","22",1968,464,183,647
380,"Italy",4,"Median","23",1968,431,195,626
380,"Italy",4,"Median","24",1968,424,180,604
380,"Italy",4,"Median","25",1968,411,213,624
380,"Italy",4,"Median","26",1968,414,215,629
380,"Italy",4,"Median","27",1968,466,223,689
380,"Italy",4,"Median","28",1968,477,249,726
380,"Italy",4,"Median","29",1968,520,275,795
380,"Italy",4,"Median","30",1968,511,291,802
380,"Italy",4,"Median","31",1968,464,311,775
380,"Italy",4,"Median","32",1968,548,334,882
380,"Italy",4,"Median","33",1968,604,350,953
380,"Italy",4,"Median","34",1968,579,376,955
380,"Italy",4,"Median","35",1968,665,407,1071
380,"Italy",4,"Median","36",1968,725,406,1131
380,"Italy",4,"Median","37",1968,750,509,1259
380,"Italy",4,"Median","38",1968,891,572,1463
380,"Italy",4,"Median","39",1968,887,548,1434
380,"Italy",4,"Median","40",1968,1055,622,1677
380,"Italy",4,"Median","41",1968,1114,632,1746
380,"Italy",4,"Median","42",1968,1199,740,1939
380,"Italy",4,"Median","43",1968,1374,805,2179
380,"Italy",4,"Median","44",1968,1512,888,2401
380,"Italy",4,"Median","45",1968,1603,1013,2616
380,"Italy",4,"Median","46",1968,1720,1095,2815
380,"Italy",4,"Median","47",1968,1824,1176,3001
380,"Italy",4,"Median","48",1968,1735,1027,2762
380,"Italy",4,"Median","49",1968,1309,840,2149
380,"Italy",4,"Median","50",1968,1365,818,2183
380,"Italy",4,"Median","51",1968,1618,1041,2659
380,"Italy",4,"Median","52",1968,2333,1415,3749
380,"Italy",4,"Median","53",1968,2960,1721,4681
380,"Italy",4,"Median","54",1968,3352,1844,5195
380,"Italy",4,"Median","55",1968,3655,2016,5671
380,"Italy",4,"Median","56",1968,4045,2274,6319
380,"Italy",4,"Median","57",1968,4408,2403,6812
380,"Italy",4,"Median","58",1968,4733,2578,7311
380,"Italy",4,"Median","59",1968,5019,2746,7765
380,"Italy",4,"Median","60",1968,5443,2830,8273
380,"Italy",4,"Median","61",1968,5550,2970,8520
380,"Italy",4,"Median","62",1968,5781,3226,9007
380,"Italy",4,"Median","63",1968,6128,3458,9586
380,"Italy",4,"Median","64",1968,6236,3601,9837
380,"Italy",4,"Median","65",1968,6694,3979,10673
380,"Italy",4,"Median","66",1968,6849,4255,11105
380,"Italy",4,"Median","67",1968,7063,4609,11672
380,"Italy",4,"Median","68",1968,7035,4899,11934
380,"Italy",4,"Median","69",1968,7182,5418,12600
380,"Italy",4,"Median","70",1968,7495,6025,13520
380,"Italy",4,"Median","71",1968,7318,6315,13634
380,"Italy",4,"Median","72",1968,7261,6650,13911
380,"Italy",4,"Median","73",1968,7227,7113,14339
380,"Italy",4,"Median","74",1968,7333,7519,14852
380,"Italy",4,"Median","75",1968,7619,8163,15781
380,"Italy",4,"Median","76",1968,7640,8522,16162
380,"Italy",4,"Median","77",1968,7280,8404,15684
380,"Italy",4,"Median","78",1968,7510,8856,16366
380,"Italy",4,"Median","79",1968,7443,9007,16450
380,"Italy",4,"Median","80",1968,7719,9490,17208
380,"Italy",4,"Median","81",1968,6947,8865,15812
380,"Italy",4,"Median","82",1968,6686,8794,15480
380,"Italy",4,"Median","83",1968,6496,8361,14857
380,"Italy",4,"Median","84",1968,5937,7806,13743
380,"Italy",4,"Median","85",1968,5120,7020,12140
380,"Italy",4,"Median","86",1968,4777,6630,11407
380,"Italy",4,"Median","87",1968,3815,5521,9336
380,"Italy",4,"Median","88",1968,3413,4744,8157
380,"Italy",4,"Median","89",1968,2724,3920,6645
380,"Italy",4,"Median","90",1968,2254,3203,5457
380,"Italy",4,"Median","91",1968,1726,2694,4420
380,"Italy",4,"Median","92",1968,1289,2103,3392
380,"Italy",4,"Median","93",1968,890,1493,2383
380,"Italy",4,"Median","94",1968,608,1102,1710
380,"Italy",4,"Median","95",1968,403,754,1157
380,"Italy",4,"Median","96",1968,270,522,792
380,"Italy",4,"Median","97",1968,170,341,511
380,"Italy",4,"Median","98",1968,102,213,315
380,"Italy",4,"Median","99",1968,60,131,191
380,"Italy",4,"Median","100",1968,25,55,80
380,"Italy",4,"Median","101",1968,17,38,55
380,"Italy",4,"Median","102",1968,11,27,38
380,"Italy",4,"Median","103",1968,7,19,26
380,"Italy",4,"Median","104",1968,5,13,18
380,"Italy",4,"Median","105",1968,3,9,12
380,"Italy",4,"Median","106",1968,2,6,8
380,"Italy",4,"Median","107",1968,1,4,5
380,"Italy",4,"Median","108",1968,1,3,4
380,"Italy",4,"Median","109",1968,1,2,3
380,"Italy",4,"Median","110",1968,0,2,2
380,"Italy",4,"Median","0",1969,16257,12494,28751
380,"Italy",4,"Median","1",1969,942,846,1788
380,"Italy",4,"Median","2",1969,549,434,983
380,"Italy",4,"Median","3",1969,381,299,681
380,"Italy",4,"Median","4",1969,338,237,575
380,"Italy",4,"Median","5",1969,303,211,513
380,"Italy",4,"Median","6",1969,240,167,407
380,"Italy",4,"Median","7",1969,208,120,328
380,"Italy",4,"Median","8",1969,212,132,344
380,"Italy",4,"Median","9",1969,204,126,329
380,"Italy",4,"Median","10",1969,195,104,300
380,"Italy",4,"Median","11",1969,165,110,275
380,"Italy",4,"Median","12",1969,172,125,296
380,"Italy",4,"Median","13",1969,215,125,340
380,"Italy",4,"Median","14",1969,314,150,464
380,"Italy",4,"Median","15",1969,352,143,495
380,"Italy",4,"Median","16",1969,399,155,554
380,"Italy",4,"Median","17",1969,415,156,570
380,"Italy",4,"Median","18",1969,517,181,698
380,"Italy",4,"Median","19",1969,540,174,714
380,"Italy",4,"Median","20",1969,420,201,621
380,"Italy",4,"Median","21",1969,542,238,779
380,"Italy",4,"Median","22",1969,532,220,752
380,"Italy",4,"Median","23",1969,474,211,686
380,"Italy",4,"Median","24",1969,419,177,596
380,"Italy",4,"Median","25",1969,440,189,630
380,"Italy",4,"Median","26",1969,429,191,620
380,"Italy",4,"Median","27",1969,460,236,696
380,"Italy",4,"Median","28",1969,461,253,715
380,"Italy",4,"Median","29",1969,484,289,773
380,"Italy",4,"Median","30",1969,519,315,833
380,"Italy",4,"Median","31",1969,521,302,823
380,"Italy",4,"Median","32",1969,503,326,830
380,"Italy",4,"Median","33",1969,571,334,905
380,"Italy",4,"Median","34",1969,626,371,997
380,"Italy",4,"Median","35",1969,642,427,1069
380,"Italy",4,"Median","36",1969,661,413,1074
380,"Italy",4,"Median","37",1969,768,472,1240
380,"Italy",4,"Median","38",1969,880,566,1445
380,"Italy",4,"Median","39",1969,965,568,1532
380,"Italy",4,"Median","40",1969,1107,606,1713
380,"Italy",4,"Median","41",1969,1188,635,1823
380,"Italy",4,"Median","42",1969,1226,727,1953
380,"Italy",4,"Median","43",1969,1408,813,2220
380,"Italy",4,"Median","44",1969,1554,852,2406
380,"Italy",4,"Median","45",1969,1669,1025,2694
380,"Italy",4,"Median","46",1969,1720,1043,2763
380,"Italy",4,"Median","47",1969,1933,1177,3110
380,"Italy",4,"Median","48",1969,2106,1263,3369
380,"Italy",4,"Median","49",1969,1950,1169,3119
380,"Italy",4,"Median","50",1969,1541,963,2504
380,"Italy",4,"Median","51",1969,1496,902,2398
380,"Italy",4,"Median","52",1969,1943,1081,3024
380,"Italy",4,"Median","53",1969,2631,1491,4122
380,"Italy",4,"Median","54",1969,3237,1801,5039
380,"Italy",4,"Median","55",1969,3781,2145,5926
380,"Italy",4,"Median","56",1969,4110,2305,6415
380,"Italy",4,"Median","57",1969,4532,2541,7073
380,"Italy",4,"Median","58",1969,4836,2589,7425
380,"Italy",4,"Median","59",1969,5345,2874,8219
380,"Italy",4,"Median","60",1969,5785,3092,8877
380,"Italy",4,"Median","61",1969,6122,3221,9343
380,"Italy",4,"Median","62",1969,6320,3456,9776
380,"Italy",4,"Median","63",1969,6529,3734,10263
380,"Italy",4,"Median","64",1969,6866,4017,10883
380,"Italy",4,"Median","65",1969,7116,4214,11330
380,"Italy",4,"Median","66",1969,7302,4543,11846
380,"Italy",4,"Median","67",1969,7580,4902,12482
380,"Italy",4,"Median","68",1969,7770,5326,13096
380,"Italy",4,"Median","69",1969,7938,5784,13723
380,"Italy",4,"Median","70",1969,8261,6053,14315
380,"Italy",4,"Median","71",1969,8076,6641,14718
380,"Italy",4,"Median","72",1969,8188,7242,15430
380,"Italy",4,"Median","73",1969,7776,7641,15417
380,"Italy",4,"Median","74",1969,7749,7916,15665
380,"Italy",4,"Median","75",1969,7829,8321,16149
380,"Italy",4,"Median","76",1969,7746,8495,16242
380,"Italy",4,"Median","77",1969,7639,8577,16217
380,"Italy",4,"Median","78",1969,7195,8551,15747
380,"Italy",4,"Median","79",1969,7100,8788,15888
380,"Italy",4,"Median","80",1969,7179,8799,15978
380,"Italy",4,"Median","81",1969,6833,8633,15467
380,"Italy",4,"Median","82",1969,6446,8320,14766
380,"Italy",4,"Median","83",1969,5876,7757,13632
380,"Italy",4,"Median","84",1969,5418,7591,13009
380,"Italy",4,"Median","85",1969,5118,6913,12030
380,"Italy",4,"Median","86",1969,4410,6003,10413
380,"Italy",4,"Median","87",1969,3849,5359,9208
380,"Italy",4,"Median","88",1969,3043,4324,7367
380,"Italy",4,"Median","89",1969,2527,3732,6259
380,"Italy",4,"Median","90",1969,1966,3015,4980
380,"Italy",4,"Median","91",1969,1543,2397,3939
380,"Italy",4,"Median","92",1969,1259,1864,3123
380,"Italy",4,"Median","93",1969,850,1521,2371
380,"Italy",4,"Median","94",1969,616,1031,1647
380,"Italy",4,"Median","95",1969,388,730,1118
380,"Italy",4,"Median","96",1969,248,486,733
380,"Italy",4,"Median","97",1969,161,326,487
380,"Italy",4,"Median","98",1969,98,207,305
380,"Italy",4,"Median","99",1969,57,125,182
380,"Italy",4,"Median","100",1969,23,52,75
380,"Italy",4,"Median","101",1969,16,36,52
380,"Italy",4,"Median","102",1969,11,25,36
380,"Italy",4,"Median","103",1969,7,18,25
380,"Italy",4,"Median","104",1969,5,13,18
380,"Italy",4,"Median","105",1969,3,9,12
380,"Italy",4,"Median","106",1969,2,6,8
380,"Italy",4,"Median","107",1969,1,4,5
380,"Italy",4,"Median","108",1969,1,3,4
380,"Italy",4,"Median","109",1969,1,2,3
380,"Italy",4,"Median","110",1969,0,2,2
380,"Italy",4,"Median","0",1970,14916,11427,26343
380,"Italy",4,"Median","1",1970,848,768,1616
380,"Italy",4,"Median","2",1970,472,401,872
380,"Italy",4,"Median","3",1970,349,306,655
380,"Italy",4,"Median","4",1970,304,230,533
380,"Italy",4,"Median","5",1970,293,200,493
380,"Italy",4,"Median","6",1970,259,164,423
380,"Italy",4,"Median","7",1970,258,141,399
380,"Italy",4,"Median","8",1970,212,107,319
380,"Italy",4,"Median","9",1970,194,111,306
380,"Italy",4,"Median","10",1970,178,109,287
380,"Italy",4,"Median","11",1970,182,100,283
380,"Italy",4,"Median","12",1970,193,114,307
380,"Italy",4,"Median","13",1970,236,133,369
380,"Italy",4,"Median","14",1970,279,159,438
380,"Italy",4,"Median","15",1970,324,142,466
380,"Italy",4,"Median","16",1970,399,157,557
380,"Italy",4,"Median","17",1970,459,188,647
380,"Italy",4,"Median","18",1970,489,177,666
380,"Italy",4,"Median","19",1970,503,184,686
380,"Italy",4,"Median","20",1970,430,178,608
380,"Italy",4,"Median","21",1970,490,229,719
380,"Italy",4,"Median","22",1970,516,224,740
380,"Italy",4,"Median","23",1970,510,215,725
380,"Italy",4,"Median","24",1970,466,192,657
380,"Italy",4,"Median","25",1970,425,203,628
380,"Italy",4,"Median","26",1970,413,202,615
380,"Italy",4,"Median","27",1970,429,228,657
380,"Italy",4,"Median","28",1970,413,221,634
380,"Italy",4,"Median","29",1970,464,214,678
380,"Italy",4,"Median","30",1970,502,289,791
380,"Italy",4,"Median","31",1970,552,291,842
380,"Italy",4,"Median","32",1970,550,282,832
380,"Italy",4,"Median","33",1970,561,286,847
380,"Italy",4,"Median","34",1970,548,372,920
380,"Italy",4,"Median","35",1970,623,390,1013
380,"Italy",4,"Median","36",1970,646,401,1047
380,"Italy",4,"Median","37",1970,745,445,1190
380,"Italy",4,"Median","38",1970,729,497,1226
380,"Italy",4,"Median","39",1970,888,530,1418
380,"Italy",4,"Median","40",1970,987,590,1577
380,"Italy",4,"Median","41",1970,1087,586,1673
380,"Italy",4,"Median","42",1970,1253,662,1916
380,"Italy",4,"Median","43",1970,1361,784,2145
380,"Italy",4,"Median","44",1970,1400,809,2209
380,"Italy",4,"Median","45",1970,1665,883,2548
380,"Italy",4,"Median","46",1970,1722,1026,2747
380,"Italy",4,"Median","47",1970,1838,1174,3013
380,"Italy",4,"Median","48",1970,1975,1231,3206
380,"Italy",4,"Median","49",1970,2195,1311,3506
380,"Italy",4,"Median","50",1970,2020,1221,3241
380,"Italy",4,"Median","51",1970,1549,938,2487
380,"Italy",4,"Median","52",1970,1522,945,2467
380,"Italy",4,"Median","53",1970,1994,1123,3117
380,"Italy",4,"Median","54",1970,2744,1550,4294
380,"Italy",4,"Median","55",1970,3423,1776,5198
380,"Italy",4,"Median","56",1970,3806,2171,5977
380,"Italy",4,"Median","57",1970,4276,2396,6672
380,"Italy",4,"Median","58",1970,4639,2441,7080
380,"Italy",4,"Median","59",1970,4863,2706,7569
380,"Italy",4,"Median","60",1970,5375,3003,8378
380,"Italy",4,"Median","61",1970,5686,3089,8775
380,"Italy",4,"Median","62",1970,6012,3327,9339
380,"Italy",4,"Median","63",1970,5975,3436,9411
380,"Italy",4,"Median","64",1970,6563,3845,10407
380,"Italy",4,"Median","65",1970,6464,3904,10368
380,"Italy",4,"Median","66",1970,6780,4149,10928
380,"Italy",4,"Median","67",1970,7008,4504,11512
380,"Italy",4,"Median","68",1970,7299,4830,12129
380,"Italy",4,"Median","69",1970,7435,5223,12658
380,"Italy",4,"Median","70",1970,7517,5744,13260
380,"Italy",4,"Median","71",1970,7474,6073,13547
380,"Italy",4,"Median","72",1970,7606,6684,14290
380,"Italy",4,"Median","73",1970,7421,7143,14563
380,"Italy",4,"Median","74",1970,7241,7318,14559
380,"Italy",4,"Median","75",1970,7266,7890,15156
380,"Italy",4,"Median","76",1970,7376,8106,15482
380,"Italy",4,"Median","77",1970,7435,8452,15887
380,"Italy",4,"Median","78",1970,7346,8689,16035
380,"Italy",4,"Median","79",1970,7124,8752,15876
380,"Italy",4,"Median","80",1970,7149,8952,16101
380,"Italy",4,"Median","81",1970,6955,8816,15771
380,"Italy",4,"Median","82",1970,6542,8769,15311
380,"Italy",4,"Median","83",1970,6008,8020,14028
380,"Italy",4,"Median","84",1970,5448,7668,13116
380,"Italy",4,"Median","85",1970,5220,7084,12303
380,"Italy",4,"Median","86",1970,4422,6434,10856
380,"Italy",4,"Median","87",1970,3941,5583,9524
380,"Italy",4,"Median","88",1970,3365,4815,8180
380,"Italy",4,"Median","89",1970,2610,3812,6422
380,"Italy",4,"Median","90",1970,2200,3306,5506
380,"Italy",4,"Median","91",1970,1665,2606,4271
380,"Italy",4,"Median","92",1970,1370,2046,3416
380,"Italy",4,"Median","93",1970,972,1563,2535
380,"Italy",4,"Median","94",1970,728,1219,1947
380,"Italy",4,"Median","95",1970,468,850,1318
380,"Italy",4,"Median","96",1970,295,563,859
380,"Italy",4,"Median","97",1970,184,365,548
380,"Italy",4,"Median","98",1970,116,238,353
380,"Italy",4,"Median","99",1970,69,146,215
380,"Italy",4,"Median","100",1970,27,58,85
380,"Italy",4,"Median","101",1970,18,41,59
380,"Italy",4,"Median","102",1970,12,29,41
380,"Italy",4,"Median","103",1970,8,21,29
380,"Italy",4,"Median","104",1970,6,15,21
380,"Italy",4,"Median","105",1970,4,10,14
380,"Italy",4,"Median","106",1970,3,7,10
380,"Italy",4,"Median","107",1970,2,5,7
380,"Italy",4,"Median","108",1970,1,4,5
380,"Italy",4,"Median","109",1970,1,3,4
380,"Italy",4,"Median","110",1970,1,2,3
380,"Italy",4,"Median","0",1971,14712,11191,25903
380,"Italy",4,"Median","1",1971,705,620,1325
380,"Italy",4,"Median","2",1971,480,361,842
380,"Italy",4,"Median","3",1971,327,254,582
380,"Italy",4,"Median","4",1971,292,237,529
380,"Italy",4,"Median","5",1971,284,174,458
380,"Italy",4,"Median","6",1971,224,199,423
380,"Italy",4,"Median","7",1971,235,150,385
380,"Italy",4,"Median","8",1971,212,132,344
380,"Italy",4,"Median","9",1971,181,103,284
380,"Italy",4,"Median","10",1971,181,103,284
380,"Italy",4,"Median","11",1971,182,105,288
380,"Italy",4,"Median","12",1971,182,116,298
380,"Italy",4,"Median","13",1971,234,98,332
380,"Italy",4,"Median","14",1971,289,121,409
380,"Italy",4,"Median","15",1971,310,147,458
380,"Italy",4,"Median","16",1971,381,134,514
380,"Italy",4,"Median","17",1971,461,157,617
380,"Italy",4,"Median","18",1971,473,179,653
380,"Italy",4,"Median","19",1971,474,150,624
380,"Italy",4,"Median","20",1971,484,179,663
380,"Italy",4,"Median","21",1971,515,201,716
380,"Italy",4,"Median","22",1971,509,191,700
380,"Italy",4,"Median","23",1971,461,235,696
380,"Italy",4,"Median","24",1971,504,214,718
380,"Italy",4,"Median","25",1971,453,212,666
380,"Italy",4,"Median","26",1971,384,212,596
380,"Italy",4,"Median","27",1971,352,198,550
380,"Italy",4,"Median","28",1971,436,213,649
380,"Italy",4,"Median","29",1971,449,245,694
380,"Italy",4,"Median","30",1971,459,256,715
380,"Italy",4,"Median","31",1971,497,269,766
380,"Italy",4,"Median","32",1971,511,330,841
380,"Italy",4,"Median","33",1971,549,320,869
380,"Italy",4,"Median","34",1971,510,319,829
380,"Italy",4,"Median","35",1971,586,376,961
380,"Italy",4,"Median","36",1971,642,393,1035
380,"Italy",4,"Median","37",1971,731,455,1186
380,"Italy",4,"Median","38",1971,843,480,1323
380,"Italy",4,"Median","39",1971,871,525,1396
380,"Italy",4,"Median","40",1971,973,575,1548
380,"Italy",4,"Median","41",1971,1112,593,1705
380,"Italy",4,"Median","42",1971,1142,599,1741
380,"Italy",4,"Median","43",1971,1357,694,2051
380,"Italy",4,"Median","44",1971,1439,766,2205
380,"Italy",4,"Median","45",1971,1662,862,2523
380,"Italy",4,"Median","46",1971,1799,936,2735
380,"Italy",4,"Median","47",1971,1833,1041,2874
380,"Italy",4,"Median","48",1971,2057,1161,3218
380,"Italy",4,"Median","49",1971,2155,1251,3406
380,"Italy",4,"Median","50",1971,2416,1440,3857
380,"Italy",4,"Median","51",1971,2223,1301,3524
380,"Italy",4,"Median","52",1971,1732,994,2726
380,"Italy",4,"Median","53",1971,1622,927,2549
380,"Italy",4,"Median","54",1971,2201,1241,3443
380,"Italy",4,"Median","55",1971,2893,1640,4533
380,"Italy",4,"Median","56",1971,3654,2007,5661
380,"Italy",4,"Median","57",1971,4121,2169,6291
380,"Italy",4,"Median","58",1971,4556,2454,7010
380,"Italy",4,"Median","59",1971,4969,2671,7641
380,"Italy",4,"Median","60",1971,5183,2919,8102
380,"Italy",4,"Median","61",1971,5673,3043,8716
380,"Italy",4,"Median","62",1971,6060,3377,9437
380,"Italy",4,"Median","63",1971,6427,3643,10069
380,"Italy",4,"Median","64",1971,6477,3713,10190
380,"Italy",4,"Median","65",1971,6810,3922,10731
380,"Italy",4,"Median","66",1971,6855,4239,11094
380,"Italy",4,"Median","67",1971,7085,4400,11485
380,"Italy",4,"Median","68",1971,7173,4748,11921
380,"Italy",4,"Median","69",1971,7325,5229,12554
380,"Italy",4,"Median","70",1971,7683,5411,13094
380,"Italy",4,"Median","71",1971,7643,5927,13570
380,"Italy",4,"Median","72",1971,7602,6402,14004
380,"Italy",4,"Median","73",1971,7676,6952,14628
380,"Italy",4,"Median","74",1971,7670,7423,15093
380,"Italy",4,"Median","75",1971,7127,7628,14755
380,"Italy",4,"Median","76",1971,7270,7993,15262
380,"Italy",4,"Median","77",1971,7282,8468,15750
380,"Italy",4,"Median","78",1971,7532,8518,16050
380,"Italy",4,"Median","79",1971,7236,8866,16102
380,"Italy",4,"Median","80",1971,7262,9004,16266
380,"Italy",4,"Median","81",1971,7092,8992,16084
380,"Italy",4,"Median","82",1971,6589,8864,15453
380,"Italy",4,"Median","83",1971,6307,8556,14863
380,"Italy",4,"Median","84",1971,5682,7926,13608
380,"Italy",4,"Median","85",1971,5167,7296,12463
380,"Italy",4,"Median","86",1971,4589,6673,11263
380,"Italy",4,"Median","87",1971,4068,5855,9923
380,"Italy",4,"Median","88",1971,3468,4973,8441
380,"Italy",4,"Median","89",1971,2903,4447,7350
380,"Italy",4,"Median","90",1971,2212,3427,5639
380,"Italy",4,"Median","91",1971,1753,2774,4527
380,"Italy",4,"Median","92",1971,1269,2130,3399
380,"Italy",4,"Median","93",1971,1010,1637,2648
380,"Italy",4,"Median","94",1971,680,1184,1863
380,"Italy",4,"Median","95",1971,471,885,1356
380,"Italy",4,"Median","96",1971,311,615,927
380,"Italy",4,"Median","97",1971,190,395,584
380,"Italy",4,"Median","98",1971,114,247,360
380,"Italy",4,"Median","99",1971,69,155,225
380,"Italy",4,"Median","100",1971,27,61,88
380,"Italy",4,"Median","101",1971,19,43,62
380,"Italy",4,"Median","102",1971,13,31,44
380,"Italy",4,"Median","103",1971,9,22,31
380,"Italy",4,"Median","104",1971,6,16,22
380,"Italy",4,"Median","105",1971,4,11,15
380,"Italy",4,"Median","106",1971,3,8,11
380,"Italy",4,"Median","107",1971,2,6,8
380,"Italy",4,"Median","108",1971,1,4,5
380,"Italy",4,"Median","109",1971,1,3,4
380,"Italy",4,"Median","110",1971,1,2,3
380,"Italy",4,"Median","0",1972,13584,10167,23751
380,"Italy",4,"Median","1",1972,633,569,1202
380,"Italy",4,"Median","2",1972,417,294,711
380,"Italy",4,"Median","3",1972,305,221,526
380,"Italy",4,"Median","4",1972,290,197,486
380,"Italy",4,"Median","5",1972,249,152,401
380,"Italy",4,"Median","6",1972,259,160,420
380,"Italy",4,"Median","7",1972,204,176,380
380,"Italy",4,"Median","8",1972,229,127,357
380,"Italy",4,"Median","9",1972,194,114,308
380,"Italy",4,"Median","10",1972,167,120,287
380,"Italy",4,"Median","11",1972,186,120,307
380,"Italy",4,"Median","12",1972,174,126,300
380,"Italy",4,"Median","13",1972,207,104,312
380,"Italy",4,"Median","14",1972,266,137,403
380,"Italy",4,"Median","15",1972,320,175,495
380,"Italy",4,"Median","16",1972,417,155,572
380,"Italy",4,"Median","17",1972,445,137,582
380,"Italy",4,"Median","18",1972,514,197,711
380,"Italy",4,"Median","19",1972,481,156,637
380,"Italy",4,"Median","20",1972,459,179,638
380,"Italy",4,"Median","21",1972,529,205,735
380,"Italy",4,"Median","22",1972,511,200,711
380,"Italy",4,"Median","23",1972,461,190,651
380,"Italy",4,"Median","24",1972,514,214,728
380,"Italy",4,"Median","25",1972,456,205,661
380,"Italy",4,"Median","26",1972,417,208,624
380,"Italy",4,"Median","27",1972,393,221,614
380,"Italy",4,"Median","28",1972,432,207,639
380,"Italy",4,"Median","29",1972,387,240,627
380,"Italy",4,"Median","30",1972,430,251,681
380,"Italy",4,"Median","31",1972,495,259,755
380,"Italy",4,"Median","32",1972,539,312,851
380,"Italy",4,"Median","33",1972,590,342,932
380,"Italy",4,"Median","34",1972,585,350,935
380,"Italy",4,"Median","35",1972,575,389,964
380,"Italy",4,"Median","36",1972,658,372,1030
380,"Italy",4,"Median","37",1972,717,396,1113
380,"Italy",4,"Median","38",1972,766,418,1184
380,"Italy",4,"Median","39",1972,895,527,1422
380,"Italy",4,"Median","40",1972,949,583,1531
380,"Italy",4,"Median","41",1972,1084,605,1689
380,"Italy",4,"Median","42",1972,1130,699,1829
380,"Italy",4,"Median","43",1972,1265,709,1973
380,"Italy",4,"Median","44",1972,1456,743,2200
380,"Italy",4,"Median","45",1972,1495,879,2374
380,"Italy",4,"Median","46",1972,1844,873,2718
380,"Italy",4,"Median","47",1972,2012,1067,3079
380,"Italy",4,"Median","48",1972,2106,1134,3240
380,"Italy",4,"Median","49",1972,2259,1351,3610
380,"Italy",4,"Median","50",1972,2366,1401,3767
380,"Italy",4,"Median","51",1972,2739,1558,4297
380,"Italy",4,"Median","52",1972,2393,1405,3798
380,"Italy",4,"Median","53",1972,1879,1094,2973
380,"Italy",4,"Median","54",1972,1856,1048,2903
380,"Italy",4,"Median","55",1972,2363,1205,3568
380,"Italy",4,"Median","56",1972,3172,1816,4988
380,"Italy",4,"Median","57",1972,3848,2130,5978
380,"Italy",4,"Median","58",1972,4380,2442,6822
380,"Italy",4,"Median","59",1972,5056,2604,7660
380,"Italy",4,"Median","60",1972,5347,2899,8246
380,"Italy",4,"Median","61",1972,5582,2985,8567
380,"Italy",4,"Median","62",1972,6186,3394,9580
380,"Italy",4,"Median","63",1972,6320,3509,9829
380,"Italy",4,"Median","64",1972,6800,3963,10762
380,"Italy",4,"Median","65",1972,6893,4057,10950
380,"Italy",4,"Median","66",1972,7183,4282,11465
380,"Italy",4,"Median","67",1972,7343,4573,11916
380,"Italy",4,"Median","68",1972,7477,4800,12278
380,"Italy",4,"Median","69",1972,7733,5040,12773
380,"Italy",4,"Median","70",1972,7789,5574,13363
380,"Italy",4,"Median","71",1972,7897,6102,13998
380,"Italy",4,"Median","72",1972,8114,6411,14526
380,"Italy",4,"Median","73",1972,7894,6752,14646
380,"Italy",4,"Median","74",1972,7910,7541,15451
380,"Italy",4,"Median","75",1972,7713,7839,15552
380,"Italy",4,"Median","76",1972,7242,8018,15260
380,"Italy",4,"Median","77",1972,7280,8276,15557
380,"Italy",4,"Median","78",1972,7311,8682,15993
380,"Italy",4,"Median","79",1972,7136,8785,15921
380,"Italy",4,"Median","80",1972,7078,8658,15736
380,"Italy",4,"Median","81",1972,6755,8879,15634
380,"Italy",4,"Median","82",1972,6581,8762,15342
380,"Italy",4,"Median","83",1972,6135,8473,14608
380,"Italy",4,"Median","84",1972,5714,8042,13756
380,"Italy",4,"Median","85",1972,5152,7411,12564
380,"Italy",4,"Median","86",1972,4482,6637,11118
380,"Italy",4,"Median","87",1972,3943,5964,9907
380,"Italy",4,"Median","88",1972,3338,5247,8585
380,"Italy",4,"Median","89",1972,2879,4341,7220
380,"Italy",4,"Median","90",1972,2404,3615,6019
380,"Italy",4,"Median","91",1972,1744,2837,4582
380,"Italy",4,"Median","92",1972,1344,2290,3634
380,"Italy",4,"Median","93",1972,965,1669,2634
380,"Italy",4,"Median","94",1972,761,1219,1980
380,"Italy",4,"Median","95",1972,488,903,1391
380,"Italy",4,"Median","96",1972,329,639,968
380,"Italy",4,"Median","97",1972,212,431,642
380,"Italy",4,"Median","98",1972,125,268,393
380,"Italy",4,"Median","99",1972,73,162,235
380,"Italy",4,"Median","100",1972,30,65,95
380,"Italy",4,"Median","101",1972,20,46,66
380,"Italy",4,"Median","102",1972,14,33,47
380,"Italy",4,"Median","103",1972,9,24,33
380,"Italy",4,"Median","104",1972,6,17,23
380,"Italy",4,"Median","105",1972,4,12,16
380,"Italy",4,"Median","106",1972,3,9,12
380,"Italy",4,"Median","107",1972,2,6,8
380,"Italy",4,"Median","108",1972,1,4,5
380,"Italy",4,"Median","109",1972,1,3,4
380,"Italy",4,"Median","110",1972,1,2,3
380,"Italy",4,"Median","0",1973,12873,9737,22609
380,"Italy",4,"Median","1",1973,527,524,1051
380,"Italy",4,"Median","2",1973,362,292,653
380,"Italy",4,"Median","3",1973,288,248,536
380,"Italy",4,"Median","4",1973,242,204,446
380,"Italy",4,"Median","5",1973,258,175,434
380,"Italy",4,"Median","6",1973,240,148,388
380,"Italy",4,"Median","7",1973,207,133,340
380,"Italy",4,"Median","8",1973,209,125,334
380,"Italy",4,"Median","9",1973,210,123,333
380,"Italy",4,"Median","10",1973,194,128,321
380,"Italy",4,"Median","11",1973,194,103,297
380,"Italy",4,"Median","12",1973,190,129,319
380,"Italy",4,"Median","13",1973,222,109,331
380,"Italy",4,"Median","14",1973,270,132,402
380,"Italy",4,"Median","15",1973,347,141,487
380,"Italy",4,"Median","16",1973,380,148,527
380,"Italy",4,"Median","17",1973,464,170,634
380,"Italy",4,"Median","18",1973,506,168,674
380,"Italy",4,"Median","19",1973,498,160,658
380,"Italy",4,"Median","20",1973,384,175,559
380,"Italy",4,"Median","21",1973,432,186,618
380,"Italy",4,"Median","22",1973,455,182,638
380,"Italy",4,"Median","23",1973,518,208,726
380,"Italy",4,"Median","24",1973,481,211,691
380,"Italy",4,"Median","25",1973,490,231,720
380,"Italy",4,"Median","26",1973,470,217,687
380,"Italy",4,"Median","27",1973,425,186,612
380,"Italy",4,"Median","28",1973,378,151,529
380,"Italy",4,"Median","29",1973,434,242,675
380,"Italy",4,"Median","30",1973,419,240,659
380,"Italy",4,"Median","31",1973,472,255,728
380,"Italy",4,"Median","32",1973,444,290,734
380,"Italy",4,"Median","33",1973,546,344,890
380,"Italy",4,"Median","34",1973,556,334,889
380,"Italy",4,"Median","35",1973,600,350,950
380,"Italy",4,"Median","36",1973,637,359,996
380,"Italy",4,"Median","37",1973,671,394,1065
380,"Italy",4,"Median","38",1973,759,451,1210
380,"Italy",4,"Median","39",1973,836,487,1323
380,"Italy",4,"Median","40",1973,947,537,1484
380,"Italy",4,"Median","41",1973,1043,564,1607
380,"Italy",4,"Median","42",1973,1136,631,1767
380,"Italy",4,"Median","43",1973,1273,735,2008
380,"Italy",4,"Median","44",1973,1397,734,2131
380,"Italy",4,"Median","45",1973,1577,883,2460
380,"Italy",4,"Median","46",1973,1749,911,2660
380,"Italy",4,"Median","47",1973,1953,1020,2973
380,"Italy",4,"Median","48",1973,2118,1157,3275
380,"Italy",4,"Median","49",1973,2247,1292,3539
380,"Italy",4,"Median","50",1973,2351,1322,3673
380,"Italy",4,"Median","51",1973,2608,1516,4124
380,"Italy",4,"Median","52",1973,2941,1619,4560
380,"Italy",4,"Median","53",1973,2628,1483,4112
380,"Italy",4,"Median","54",1973,2086,1094,3179
380,"Italy",4,"Median","55",1973,2006,1141,3147
380,"Italy",4,"Median","56",1973,2498,1365,3863
380,"Italy",4,"Median","57",1973,3406,1915,5321
380,"Italy",4,"Median","58",1973,4182,2281,6463
380,"Italy",4,"Median","59",1973,4845,2599,7444
380,"Italy",4,"Median","60",1973,5205,2980,8185
380,"Italy",4,"Median","61",1973,5751,3015,8766
380,"Italy",4,"Median","62",1973,6163,3256,9419
380,"Italy",4,"Median","63",1973,6732,3706,10438
380,"Italy",4,"Median","64",1973,6850,3878,10729
380,"Italy",4,"Median","65",1973,7156,4202,11358
380,"Italy",4,"Median","66",1973,7434,4217,11652
380,"Italy",4,"Median","67",1973,7580,4777,12357
380,"Italy",4,"Median","68",1973,7917,4992,12909
380,"Italy",4,"Median","69",1973,8055,5308,13364
380,"Italy",4,"Median","70",1973,8128,5812,13940
380,"Italy",4,"Median","71",1973,8217,6173,14390
380,"Italy",4,"Median","72",1973,8521,6474,14996
380,"Italy",4,"Median","73",1973,8469,7158,15626
380,"Italy",4,"Median","74",1973,8269,7696,15965
380,"Italy",4,"Median","75",1973,8208,8175,16383
380,"Italy",4,"Median","76",1973,7992,8857,16850
380,"Italy",4,"Median","77",1973,7672,8787,16459
380,"Italy",4,"Median","78",1973,7441,9312,16752
380,"Italy",4,"Median","79",1973,7570,9471,17041
380,"Italy",4,"Median","80",1973,7589,9487,17076
380,"Italy",4,"Median","81",1973,7286,9385,16671
380,"Italy",4,"Median","82",1973,7069,9325,16394
380,"Italy",4,"Median","83",1973,6685,9436,16121
380,"Italy",4,"Median","84",1973,6158,8844,15003
380,"Italy",4,"Median","85",1973,5616,8165,13781
380,"Italy",4,"Median","86",1973,5006,7487,12492
380,"Italy",4,"Median","87",1973,4389,6676,11065
380,"Italy",4,"Median","88",1973,3776,5879,9655
380,"Italy",4,"Median","89",1973,3210,5081,8290
380,"Italy",4,"Median","90",1973,2579,4164,6742
380,"Italy",4,"Median","91",1973,2116,3517,5632
380,"Italy",4,"Median","92",1973,1577,2553,4130
380,"Italy",4,"Median","93",1973,1161,1991,3153
380,"Italy",4,"Median","94",1973,799,1386,2184
380,"Italy",4,"Median","95",1973,566,1049,1615
380,"Italy",4,"Median","96",1973,374,732,1106
380,"Italy",4,"Median","97",1973,244,501,745
380,"Italy",4,"Median","98",1973,152,326,478
380,"Italy",4,"Median","99",1973,87,196,282
380,"Italy",4,"Median","100",1973,34,76,110
380,"Italy",4,"Median","101",1973,23,54,77
380,"Italy",4,"Median","102",1973,16,39,55
380,"Italy",4,"Median","103",1973,11,28,39
380,"Italy",4,"Median","104",1973,8,20,28
380,"Italy",4,"Median","105",1973,5,14,19
380,"Italy",4,"Median","106",1973,4,10,14
380,"Italy",4,"Median","107",1973,2,7,9
380,"Italy",4,"Median","108",1973,2,5,7
380,"Italy",4,"Median","109",1973,1,4,5
380,"Italy",4,"Median","110",1973,1,3,4
380,"Italy",4,"Median","0",1974,11321,8510,19831
380,"Italy",4,"Median","1",1974,500,419,920
380,"Italy",4,"Median","2",1974,286,250,536
380,"Italy",4,"Median","3",1974,237,191,428
380,"Italy",4,"Median","4",1974,212,150,362
380,"Italy",4,"Median","5",1974,201,131,332
380,"Italy",4,"Median","6",1974,180,145,325
380,"Italy",4,"Median","7",1974,212,130,342
380,"Italy",4,"Median","8",1974,202,101,303
380,"Italy",4,"Median","9",1974,190,107,296
380,"Italy",4,"Median","10",1974,158,91,249
380,"Italy",4,"Median","11",1974,161,110,271
380,"Italy",4,"Median","12",1974,185,108,292
380,"Italy",4,"Median","13",1974,207,94,302
380,"Italy",4,"Median","14",1974,238,109,347
380,"Italy",4,"Median","15",1974,294,148,442
380,"Italy",4,"Median","16",1974,370,145,514
380,"Italy",4,"Median","17",1974,398,140,538
380,"Italy",4,"Median","18",1974,462,159,621
380,"Italy",4,"Median","19",1974,466,149,615
380,"Italy",4,"Median","20",1974,370,156,526
380,"Italy",4,"Median","21",1974,414,135,549
380,"Italy",4,"Median","22",1974,404,158,562
380,"Italy",4,"Median","23",1974,398,167,565
380,"Italy",4,"Median","24",1974,413,177,590
380,"Italy",4,"Median","25",1974,424,174,598
380,"Italy",4,"Median","26",1974,437,198,635
380,"Italy",4,"Median","27",1974,399,206,605
380,"Italy",4,"Median","28",1974,380,187,567
380,"Italy",4,"Median","29",1974,350,182,531
380,"Italy",4,"Median","30",1974,376,194,570
380,"Italy",4,"Median","31",1974,403,241,644
380,"Italy",4,"Median","32",1974,463,224,687
380,"Italy",4,"Median","33",1974,492,286,778
380,"Italy",4,"Median","34",1974,581,335,916
380,"Italy",4,"Median","35",1974,629,341,970
380,"Italy",4,"Median","36",1974,648,369,1017
380,"Italy",4,"Median","37",1974,619,388,1007
380,"Italy",4,"Median","38",1974,694,426,1120
380,"Italy",4,"Median","39",1974,769,425,1194
380,"Italy",4,"Median","40",1974,882,505,1387
380,"Italy",4,"Median","41",1974,988,559,1547
380,"Italy",4,"Median","42",1974,1038,560,1599
380,"Italy",4,"Median","43",1974,1276,699,1975
380,"Italy",4,"Median","44",1974,1425,734,2159
380,"Italy",4,"Median","45",1974,1549,785,2334
380,"Italy",4,"Median","46",1974,1805,953,2757
380,"Italy",4,"Median","47",1974,1964,992,2956
380,"Italy",4,"Median","48",1974,2078,1082,3159
380,"Italy",4,"Median","49",1974,2363,1206,3569
380,"Italy",4,"Median","50",1974,2489,1325,3814
380,"Italy",4,"Median","51",1974,2645,1409,4054
380,"Italy",4,"Median","52",1974,2913,1576,4489
380,"Italy",4,"Median","53",1974,3135,1649,4784
380,"Italy",4,"Median","54",1974,2912,1504,4416
380,"Italy",4,"Median","55",1974,2127,1224,3351
380,"Italy",4,"Median","56",1974,2171,1190,3361
380,"Italy",4,"Median","57",1974,2686,1438,4125
380,"Italy",4,"Median","58",1974,3707,1984,5690
380,"Italy",4,"Median","59",1974,4493,2404,6897
380,"Italy",4,"Median","60",1974,5256,2807,8063
380,"Italy",4,"Median","61",1974,5650,2952,8602
380,"Italy",4,"Median","62",1974,5994,3254,9248
380,"Italy",4,"Median","63",1974,6284,3531,9815
380,"Italy",4,"Median","64",1974,7007,3714,10720
380,"Italy",4,"Median","65",1974,7342,4123,11465
380,"Italy",4,"Median","66",1974,7553,4486,12039
380,"Italy",4,"Median","67",1974,7549,4729,12278
380,"Italy",4,"Median","68",1974,7696,4833,12529
380,"Italy",4,"Median","69",1974,8111,5189,13300
380,"Italy",4,"Median","70",1974,8012,5616,13628
380,"Italy",4,"Median","71",1974,8210,5984,14194
380,"Italy",4,"Median","72",1974,8525,6497,15022
380,"Italy",4,"Median","73",1974,8475,6817,15292
380,"Italy",4,"Median","74",1974,8370,7331,15701
380,"Italy",4,"Median","75",1974,8318,7761,16079
380,"Italy",4,"Median","76",1974,8231,8406,16637
380,"Italy",4,"Median","77",1974,7881,8792,16673
380,"Italy",4,"Median","78",1974,7099,8726,15825
380,"Italy",4,"Median","79",1974,7019,9134,16153
380,"Italy",4,"Median","80",1974,7138,9109,16247
380,"Italy",4,"Median","81",1974,6843,9160,16003
380,"Italy",4,"Median","82",1974,6758,9003,15762
380,"Italy",4,"Median","83",1974,6428,8822,15250
380,"Italy",4,"Median","84",1974,5988,8588,14576
380,"Italy",4,"Median","85",1974,5464,7915,13379
380,"Italy",4,"Median","86",1974,4809,7533,12342
380,"Italy",4,"Median","87",1974,4214,6390,10604
380,"Italy",4,"Median","88",1974,3534,5702,9236
380,"Italy",4,"Median","89",1974,3144,5011,8155
380,"Italy",4,"Median","90",1974,2539,4162,6701
380,"Italy",4,"Median","91",1974,1978,3327,5305
380,"Italy",4,"Median","92",1974,1602,2622,4224
380,"Italy",4,"Median","93",1974,1104,1940,3044
380,"Italy",4,"Median","94",1974,812,1505,2317
380,"Italy",4,"Median","95",1974,547,1023,1570
380,"Italy",4,"Median","96",1974,374,733,1107
380,"Italy",4,"Median","97",1974,240,495,735
380,"Italy",4,"Median","98",1974,152,328,480
380,"Italy",4,"Median","99",1974,91,207,298
380,"Italy",4,"Median","100",1974,34,78,112
380,"Italy",4,"Median","101",1974,23,56,79
380,"Italy",4,"Median","102",1974,16,40,56
380,"Italy",4,"Median","103",1974,11,29,40
380,"Italy",4,"Median","104",1974,8,21,29
380,"Italy",4,"Median","105",1974,5,15,20
380,"Italy",4,"Median","106",1974,4,11,15
380,"Italy",4,"Median","107",1974,3,8,11
380,"Italy",4,"Median","108",1974,2,5,7
380,"Italy",4,"Median","109",1974,1,4,5
380,"Italy",4,"Median","110",1974,1,3,4
380,"Italy",4,"Median","0",1975,9692,7325,17016
380,"Italy",4,"Median","1",1975,452,366,818
380,"Italy",4,"Median","2",1975,297,227,524
380,"Italy",4,"Median","3",1975,251,174,425
380,"Italy",4,"Median","4",1975,229,162,391
380,"Italy",4,"Median","5",1975,190,133,323
380,"Italy",4,"Median","6",1975,220,144,364
380,"Italy",4,"Median","7",1975,157,115,272
380,"Italy",4,"Median","8",1975,208,99,307
380,"Italy",4,"Median","9",1975,188,88,275
380,"Italy",4,"Median","10",1975,165,102,268
380,"Italy",4,"Median","11",1975,148,119,267
380,"Italy",4,"Median","12",1975,193,110,304
380,"Italy",4,"Median","13",1975,185,108,292
380,"Italy",4,"Median","14",1975,270,128,398
380,"Italy",4,"Median","15",1975,307,151,458
380,"Italy",4,"Median","16",1975,372,160,533
380,"Italy",4,"Median","17",1975,393,156,549
380,"Italy",4,"Median","18",1975,497,171,668
380,"Italy",4,"Median","19",1975,469,178,647
380,"Italy",4,"Median","20",1975,469,172,641
380,"Italy",4,"Median","21",1975,445,168,612
380,"Italy",4,"Median","22",1975,443,139,582
380,"Italy",4,"Median","23",1975,444,147,591
380,"Italy",4,"Median","24",1975,399,175,574
380,"Italy",4,"Median","25",1975,408,184,593
380,"Italy",4,"Median","26",1975,408,195,603
380,"Italy",4,"Median","27",1975,429,198,627
380,"Italy",4,"Median","28",1975,428,227,655
380,"Italy",4,"Median","29",1975,395,188,583
380,"Italy",4,"Median","30",1975,387,192,580
380,"Italy",4,"Median","31",1975,404,202,605
380,"Italy",4,"Median","32",1975,425,217,642
380,"Italy",4,"Median","33",1975,437,260,697
380,"Italy",4,"Median","34",1975,496,309,804
380,"Italy",4,"Median","35",1975,607,323,930
380,"Italy",4,"Median","36",1975,655,401,1056
380,"Italy",4,"Median","37",1975,692,377,1069
380,"Italy",4,"Median","38",1975,695,405,1101
380,"Italy",4,"Median","39",1975,767,432,1199
380,"Italy",4,"Median","40",1975,853,477,1330
380,"Italy",4,"Median","41",1975,997,597,1594
380,"Italy",4,"Median","42",1975,1102,581,1682
380,"Italy",4,"Median","43",1975,1241,678,1919
380,"Italy",4,"Median","44",1975,1444,717,2160
380,"Italy",4,"Median","45",1975,1551,793,2344
380,"Italy",4,"Median","46",1975,1717,850,2568
380,"Italy",4,"Median","47",1975,1974,966,2940
380,"Italy",4,"Median","48",1975,2121,1072,3193
380,"Italy",4,"Median","49",1975,2353,1142,3495
380,"Italy",4,"Median","50",1975,2625,1310,3935
380,"Italy",4,"Median","51",1975,2834,1444,4278
380,"Italy",4,"Median","52",1975,2983,1551,4535
380,"Italy",4,"Median","53",1975,3180,1682,4862
380,"Italy",4,"Median","54",1975,3435,1890,5325
380,"Italy",4,"Median","55",1975,3160,1620,4780
380,"Italy",4,"Median","56",1975,2500,1294,3794
380,"Italy",4,"Median","57",1975,2443,1276,3719
380,"Italy",4,"Median","58",1975,2954,1621,4576
380,"Italy",4,"Median","59",1975,4115,2171,6286
380,"Italy",4,"Median","60",1975,5041,2643,7684
380,"Italy",4,"Median","61",1975,5719,2966,8684
380,"Italy",4,"Median","62",1975,6282,3326,9608
380,"Italy",4,"Median","63",1975,6657,3582,10239
380,"Italy",4,"Median","64",1975,7231,3834,11065
380,"Italy",4,"Median","65",1975,7633,4219,11853
380,"Italy",4,"Median","66",1975,7926,4580,12506
380,"Italy",4,"Median","67",1975,8421,4922,13343
380,"Italy",4,"Median","68",1975,8223,5044,13268
380,"Italy",4,"Median","69",1975,8684,5455,14140
380,"Italy",4,"Median","70",1975,8660,5954,14614
380,"Italy",4,"Median","71",1975,8791,6161,14952
380,"Italy",4,"Median","72",1975,8832,6741,15574
380,"Italy",4,"Median","73",1975,8954,7220,16174
380,"Italy",4,"Median","74",1975,9152,7631,16783
380,"Italy",4,"Median","75",1975,9083,8169,17251
380,"Italy",4,"Median","76",1975,8681,8938,17618
380,"Italy",4,"Median","77",1975,8579,9310,17889
380,"Italy",4,"Median","78",1975,8291,9379,17670
380,"Italy",4,"Median","79",1975,7611,9619,17230
380,"Italy",4,"Median","80",1975,7492,9663,17155
380,"Italy",4,"Median","81",1975,7271,9536,16807
380,"Italy",4,"Median","82",1975,7016,9580,16596
380,"Italy",4,"Median","83",1975,6761,9377,16138
380,"Italy",4,"Median","84",1975,6172,9073,15245
380,"Italy",4,"Median","85",1975,5631,8532,14163
380,"Italy",4,"Median","86",1975,4954,7956,12910
380,"Italy",4,"Median","87",1975,4420,7041,11462
380,"Italy",4,"Median","88",1975,3742,6081,9823
380,"Italy",4,"Median","89",1975,3118,5349,8467
380,"Italy",4,"Median","90",1975,2603,4454,7056
380,"Italy",4,"Median","91",1975,2074,3532,5606
380,"Italy",4,"Median","92",1975,1570,2924,4494
380,"Italy",4,"Median","93",1975,1245,2199,3445
380,"Italy",4,"Median","94",1975,838,1588,2427
380,"Italy",4,"Median","95",1975,573,1106,1679
380,"Italy",4,"Median","96",1975,383,763,1146
380,"Italy",4,"Median","97",1975,253,527,781
380,"Italy",4,"Median","98",1975,157,344,501
380,"Italy",4,"Median","99",1975,96,220,316
380,"Italy",4,"Median","100",1975,37,86,123
380,"Italy",4,"Median","101",1975,26,61,87
380,"Italy",4,"Median","102",1975,18,44,62
380,"Italy",4,"Median","103",1975,12,31,43
380,"Italy",4,"Median","104",1975,8,22,30
380,"Italy",4,"Median","105",1975,6,16,22
380,"Italy",4,"Median","106",1975,4,11,15
380,"Italy",4,"Median","107",1975,3,8,11
380,"Italy",4,"Median","108",1975,2,6,8
380,"Italy",4,"Median","109",1975,1,4,5
380,"Italy",4,"Median","110",1975,1,3,4
380,"Italy",4,"Median","0",1976,8480,6401,14881
380,"Italy",4,"Median","1",1976,419,349,768
380,"Italy",4,"Median","2",1976,254,225,479
380,"Italy",4,"Median","3",1976,222,164,386
380,"Italy",4,"Median","4",1976,220,132,352
380,"Italy",4,"Median","5",1976,185,128,313
380,"Italy",4,"Median","6",1976,186,121,307
380,"Italy",4,"Median","7",1976,166,127,293
380,"Italy",4,"Median","8",1976,195,119,314
380,"Italy",4,"Median","9",1976,161,81,242
380,"Italy",4,"Median","10",1976,169,106,275
380,"Italy",4,"Median","11",1976,190,112,302
380,"Italy",4,"Median","12",1976,186,114,301
380,"Italy",4,"Median","13",1976,198,115,313
380,"Italy",4,"Median","14",1976,234,108,342
380,"Italy",4,"Median","15",1976,305,132,437
380,"Italy",4,"Median","16",1976,384,134,518
380,"Italy",4,"Median","17",1976,425,152,577
380,"Italy",4,"Median","18",1976,443,153,596
380,"Italy",4,"Median","19",1976,451,191,642
380,"Italy",4,"Median","20",1976,432,171,602
380,"Italy",4,"Median","21",1976,445,172,617
380,"Italy",4,"Median","22",1976,444,161,605
380,"Italy",4,"Median","23",1976,366,150,516
380,"Italy",4,"Median","24",1976,379,180,559
380,"Italy",4,"Median","25",1976,389,183,572
380,"Italy",4,"Median","26",1976,375,165,540
380,"Italy",4,"Median","27",1976,412,203,615
380,"Italy",4,"Median","28",1976,409,211,620
380,"Italy",4,"Median","29",1976,418,231,649
380,"Italy",4,"Median","30",1976,444,214,658
380,"Italy",4,"Median","31",1976,399,179,578
380,"Italy",4,"Median","32",1976,412,236,648
380,"Italy",4,"Median","33",1976,443,259,703
380,"Italy",4,"Median","34",1976,494,260,754
380,"Italy",4,"Median","35",1976,507,320,827
380,"Italy",4,"Median","36",1976,633,390,1024
380,"Italy",4,"Median","37",1976,678,392,1071
380,"Italy",4,"Median","38",1976,736,449,1185
380,"Italy",4,"Median","39",1976,765,416,1180
380,"Italy",4,"Median","40",1976,899,442,1341
380,"Italy",4,"Median","41",1976,912,517,1429
380,"Italy",4,"Median","42",1976,1115,567,1682
380,"Italy",4,"Median","43",1976,1191,642,1832
380,"Italy",4,"Median","44",1976,1422,696,2118
380,"Italy",4,"Median","45",1976,1479,788,2266
380,"Italy",4,"Median","46",1976,1776,829,2606
380,"Italy",4,"Median","47",1976,1922,953,2875
380,"Italy",4,"Median","48",1976,2179,1076,3255
380,"Italy",4,"Median","49",1976,2321,1193,3513
380,"Italy",4,"Median","50",1976,2585,1302,3887
380,"Italy",4,"Median","51",1976,2854,1416,4270
380,"Italy",4,"Median","52",1976,3148,1517,4665
380,"Italy",4,"Median","53",1976,3221,1651,4873
380,"Italy",4,"Median","54",1976,3433,1777,5210
380,"Italy",4,"Median","55",1976,3746,1933,5679
380,"Italy",4,"Median","56",1976,3538,1810,5348
380,"Italy",4,"Median","57",1976,2628,1356,3983
380,"Italy",4,"Median","58",1976,2486,1372,3858
380,"Italy",4,"Median","59",1976,3232,1635,4866
380,"Italy",4,"Median","60",1976,4452,2354,6806
380,"Italy",4,"Median","61",1976,5362,2840,8202
380,"Italy",4,"Median","62",1976,6023,3248,9271
380,"Italy",4,"Median","63",1976,6582,3607,10189
380,"Italy",4,"Median","64",1976,6982,3728,10710
380,"Italy",4,"Median","65",1976,7531,4110,11641
380,"Italy",4,"Median","66",1976,7998,4606,12604
380,"Italy",4,"Median","67",1976,8194,4831,13026
380,"Italy",4,"Median","68",1976,8423,5309,13732
380,"Italy",4,"Median","69",1976,8517,5348,13865
380,"Italy",4,"Median","70",1976,8953,5715,14668
380,"Italy",4,"Median","71",1976,9067,6223,15291
380,"Italy",4,"Median","72",1976,9197,6633,15830
380,"Italy",4,"Median","73",1976,8968,6972,15940
380,"Italy",4,"Median","74",1976,8965,7505,16470
380,"Italy",4,"Median","75",1976,9228,8124,17352
380,"Italy",4,"Median","76",1976,8891,8649,17541
380,"Italy",4,"Median","77",1976,8577,9109,17686
380,"Italy",4,"Median","78",1976,8157,9523,17679
380,"Italy",4,"Median","79",1976,8122,9811,17933
380,"Italy",4,"Median","80",1976,7207,9359,16566
380,"Italy",4,"Median","81",1976,7031,9653,16684
380,"Italy",4,"Median","82",1976,6794,9539,16333
380,"Italy",4,"Median","83",1976,6462,9326,15788
380,"Italy",4,"Median","84",1976,6090,8919,15009
380,"Italy",4,"Median","85",1976,5571,8453,14024
380,"Italy",4,"Median","86",1976,5013,8029,13041
380,"Italy",4,"Median","87",1976,4523,7069,11591
380,"Italy",4,"Median","88",1976,3788,6386,10174
380,"Italy",4,"Median","89",1976,3255,5356,8612
380,"Italy",4,"Median","90",1976,2613,4540,7154
380,"Italy",4,"Median","91",1976,2122,3688,5811
380,"Italy",4,"Median","92",1976,1615,2921,4536
380,"Italy",4,"Median","93",1976,1195,2212,3407
380,"Italy",4,"Median","94",1976,931,1638,2569
380,"Italy",4,"Median","95",1976,628,1203,1830
380,"Italy",4,"Median","96",1976,408,792,1200
380,"Italy",4,"Median","97",1976,265,529,794
380,"Italy",4,"Median","98",1976,170,354,524
380,"Italy",4,"Median","99",1976,102,223,325
380,"Italy",4,"Median","100",1976,40,90,130
380,"Italy",4,"Median","101",1976,28,64,92
380,"Italy",4,"Median","102",1976,20,46,66
380,"Italy",4,"Median","103",1976,14,33,47
380,"Italy",4,"Median","104",1976,9,24,33
380,"Italy",4,"Median","105",1976,7,17,24
380,"Italy",4,"Median","106",1976,5,12,17
380,"Italy",4,"Median","107",1976,3,9,12
380,"Italy",4,"Median","108",1976,2,6,8
380,"Italy",4,"Median","109",1976,2,4,6
380,"Italy",4,"Median","110",1976,1,3,4
380,"Italy",4,"Median","0",1977,7573,5547,13120
380,"Italy",4,"Median","1",1977,374,324,698
380,"Italy",4,"Median","2",1977,235,191,426
380,"Italy",4,"Median","3",1977,215,154,369
380,"Italy",4,"Median","4",1977,178,126,304
380,"Italy",4,"Median","5",1977,167,111,278
380,"Italy",4,"Median","6",1977,194,120,314
380,"Italy",4,"Median","7",1977,187,117,304
380,"Italy",4,"Median","8",1977,157,106,262
380,"Italy",4,"Median","9",1977,172,93,265
380,"Italy",4,"Median","10",1977,151,91,242
380,"Italy",4,"Median","11",1977,188,102,290
380,"Italy",4,"Median","12",1977,170,112,282
380,"Italy",4,"Median","13",1977,196,105,301
380,"Italy",4,"Median","14",1977,235,155,389
380,"Italy",4,"Median","15",1977,288,121,409
380,"Italy",4,"Median","16",1977,388,145,533
380,"Italy",4,"Median","17",1977,439,154,593
380,"Italy",4,"Median","18",1977,419,160,579
380,"Italy",4,"Median","19",1977,486,153,638
380,"Italy",4,"Median","20",1977,461,140,602
380,"Italy",4,"Median","21",1977,478,151,629
380,"Italy",4,"Median","22",1977,417,153,570
380,"Italy",4,"Median","23",1977,459,165,623
380,"Italy",4,"Median","24",1977,365,154,520
380,"Italy",4,"Median","25",1977,397,151,548
380,"Italy",4,"Median","26",1977,375,137,512
380,"Italy",4,"Median","27",1977,370,169,539
380,"Italy",4,"Median","28",1977,400,203,603
380,"Italy",4,"Median","29",1977,418,207,624
380,"Italy",4,"Median","30",1977,459,208,667
380,"Italy",4,"Median","31",1977,394,233,627
380,"Italy",4,"Median","32",1977,347,207,553
380,"Italy",4,"Median","33",1977,427,230,657
380,"Italy",4,"Median","34",1977,482,256,738
380,"Italy",4,"Median","35",1977,498,300,798
380,"Italy",4,"Median","36",1977,633,362,995
380,"Italy",4,"Median","37",1977,698,374,1072
380,"Italy",4,"Median","38",1977,716,380,1097
380,"Italy",4,"Median","39",1977,744,411,1154
380,"Italy",4,"Median","40",1977,774,477,1251
380,"Italy",4,"Median","41",1977,977,500,1477
380,"Italy",4,"Median","42",1977,1038,564,1602
380,"Italy",4,"Median","43",1977,1212,589,1801
380,"Italy",4,"Median","44",1977,1306,656,1962
380,"Italy",4,"Median","45",1977,1548,736,2284
380,"Italy",4,"Median","46",1977,1636,836,2472
380,"Italy",4,"Median","47",1977,1836,930,2766
380,"Italy",4,"Median","48",1977,2030,984,3014
380,"Italy",4,"Median","49",1977,2350,1074,3424
380,"Italy",4,"Median","50",1977,2520,1239,3759
380,"Italy",4,"Median","51",1977,2806,1307,4113
380,"Italy",4,"Median","52",1977,3114,1485,4599
380,"Italy",4,"Median","53",1977,3244,1515,4758
380,"Italy",4,"Median","54",1977,3424,1676,5100
380,"Italy",4,"Median","55",1977,3600,1870,5470
380,"Italy",4,"Median","56",1977,4170,2055,6225
380,"Italy",4,"Median","57",1977,3727,1891,5618
380,"Italy",4,"Median","58",1977,2820,1520,4340
380,"Italy",4,"Median","59",1977,2722,1346,4068
380,"Italy",4,"Median","60",1977,3374,1790,5164
380,"Italy",4,"Median","61",1977,4836,2481,7317
380,"Italy",4,"Median","62",1977,5653,2920,8573
380,"Italy",4,"Median","63",1977,6381,3348,9729
380,"Italy",4,"Median","64",1977,6960,3670,10630
380,"Italy",4,"Median","65",1977,7288,4025,11313
380,"Italy",4,"Median","66",1977,7645,4479,12124
380,"Italy",4,"Median","67",1977,8287,4727,13014
380,"Italy",4,"Median","68",1977,8535,5167,13702
380,"Italy",4,"Median","69",1977,9010,5674,14684
380,"Italy",4,"Median","70",1977,8811,5749,14560
380,"Italy",4,"Median","71",1977,9022,6331,15353
380,"Italy",4,"Median","72",1977,8984,6566,15550
380,"Italy",4,"Median","73",1977,9126,6979,16105
380,"Italy",4,"Median","74",1977,9079,7518,16597
380,"Italy",4,"Median","75",1977,8896,7884,16780
380,"Italy",4,"Median","76",1977,9169,8442,17611
380,"Italy",4,"Median","77",1977,8890,8881,17771
380,"Italy",4,"Median","78",1977,8497,9248,17745
380,"Italy",4,"Median","79",1977,8159,9600,17760
380,"Italy",4,"Median","80",1977,7469,9414,16883
380,"Italy",4,"Median","81",1977,6912,9354,16265
380,"Italy",4,"Median","82",1977,6617,9410,16026
380,"Italy",4,"Median","83",1977,6299,9178,15477
380,"Italy",4,"Median","84",1977,6072,8920,14992
380,"Italy",4,"Median","85",1977,5548,8538,14086
380,"Italy",4,"Median","86",1977,5011,8142,13153
380,"Italy",4,"Median","87",1977,4429,7266,11695
380,"Italy",4,"Median","88",1977,3821,6604,10425
380,"Italy",4,"Median","89",1977,3190,5727,8916
380,"Italy",4,"Median","90",1977,2649,4661,7310
380,"Italy",4,"Median","91",1977,2147,3817,5965
380,"Italy",4,"Median","92",1977,1626,3133,4759
380,"Italy",4,"Median","93",1977,1192,2408,3600
380,"Italy",4,"Median","94",1977,895,1783,2678
380,"Italy",4,"Median","95",1977,633,1323,1956
380,"Italy",4,"Median","96",1977,430,914,1344
380,"Italy",4,"Median","97",1977,271,583,855
380,"Italy",4,"Median","98",1977,171,377,548
380,"Italy",4,"Median","99",1977,106,244,350
380,"Italy",4,"Median","100",1977,41,98,139
380,"Italy",4,"Median","101",1977,29,70,99
380,"Italy",4,"Median","102",1977,20,51,71
380,"Italy",4,"Median","103",1977,14,36,50
380,"Italy",4,"Median","104",1977,10,26,36
380,"Italy",4,"Median","105",1977,7,19,26
380,"Italy",4,"Median","106",1977,5,14,19
380,"Italy",4,"Median","107",1977,3,10,13
380,"Italy",4,"Median","108",1977,2,7,9
380,"Italy",4,"Median","109",1977,2,5,7
380,"Italy",4,"Median","110",1977,1,4,5
380,"Italy",4,"Median","0",1978,6797,5070,11867
380,"Italy",4,"Median","1",1978,347,299,646
380,"Italy",4,"Median","2",1978,224,177,401
380,"Italy",4,"Median","3",1978,201,162,363
380,"Italy",4,"Median","4",1978,184,117,301
380,"Italy",4,"Median","5",1978,160,97,257
380,"Italy",4,"Median","6",1978,181,116,296
380,"Italy",4,"Median","7",1978,159,95,253
380,"Italy",4,"Median","8",1978,160,91,251
380,"Italy",4,"Median","9",1978,167,79,246
380,"Italy",4,"Median","10",1978,154,98,252
380,"Italy",4,"Median","11",1978,180,77,257
380,"Italy",4,"Median","12",1978,150,102,252
380,"Italy",4,"Median","13",1978,195,112,307
380,"Italy",4,"Median","14",1978,272,138,410
380,"Italy",4,"Median","15",1978,285,128,413
380,"Italy",4,"Median","16",1978,378,121,498
380,"Italy",4,"Median","17",1978,387,144,531
380,"Italy",4,"Median","18",1978,471,137,608
380,"Italy",4,"Median","19",1978,450,124,574
380,"Italy",4,"Median","20",1978,400,125,525
380,"Italy",4,"Median","21",1978,420,144,564
380,"Italy",4,"Median","22",1978,433,175,608
380,"Italy",4,"Median","23",1978,404,146,550
380,"Italy",4,"Median","24",1978,383,131,514
380,"Italy",4,"Median","25",1978,373,151,524
380,"Italy",4,"Median","26",1978,399,148,547
380,"Italy",4,"Median","27",1978,377,179,556
380,"Italy",4,"Median","28",1978,366,189,554
380,"Italy",4,"Median","29",1978,400,207,607
380,"Italy",4,"Median","30",1978,443,211,653
380,"Italy",4,"Median","31",1978,428,237,665
380,"Italy",4,"Median","32",1978,392,223,615
380,"Italy",4,"Median","33",1978,388,228,615
380,"Italy",4,"Median","34",1978,469,265,733
380,"Italy",4,"Median","35",1978,460,250,710
380,"Italy",4,"Median","36",1978,573,304,876
380,"Italy",4,"Median","37",1978,599,331,931
380,"Italy",4,"Median","38",1978,736,409,1145
380,"Italy",4,"Median","39",1978,789,420,1209
380,"Italy",4,"Median","40",1978,854,437,1291
380,"Italy",4,"Median","41",1978,895,465,1360
380,"Italy",4,"Median","42",1978,1037,553,1590
380,"Italy",4,"Median","43",1978,1093,597,1690
380,"Italy",4,"Median","44",1978,1277,647,1924
380,"Italy",4,"Median","45",1978,1408,681,2089
380,"Italy",4,"Median","46",1978,1586,747,2333
380,"Italy",4,"Median","47",1978,1849,876,2725
380,"Italy",4,"Median","48",1978,2074,980,3054
380,"Italy",4,"Median","49",1978,2251,1038,3289
380,"Italy",4,"Median","50",1978,2612,1252,3864
380,"Italy",4,"Median","51",1978,2812,1328,4141
380,"Italy",4,"Median","52",1978,2985,1380,4365
380,"Italy",4,"Median","53",1978,3322,1429,4750
380,"Italy",4,"Median","54",1978,3584,1642,5225
380,"Italy",4,"Median","55",1978,3842,1786,5627
380,"Italy",4,"Median","56",1978,4009,2021,6030
380,"Italy",4,"Median","57",1978,4341,2204,6544
380,"Italy",4,"Median","58",1978,3926,1924,5851
380,"Italy",4,"Median","59",1978,2982,1594,4576
380,"Italy",4,"Median","60",1978,2960,1478,4438
380,"Italy",4,"Median","61",1978,3696,1980,5676
380,"Italy",4,"Median","62",1978,4966,2668,7633
380,"Italy",4,"Median","63",1978,6127,3203,9329
380,"Italy",4,"Median","64",1978,6609,3564,10173
380,"Italy",4,"Median","65",1978,7353,3981,11334
380,"Italy",4,"Median","66",1978,7536,4267,11803
380,"Italy",4,"Median","67",1978,8134,4669,12804
380,"Italy",4,"Median","68",1978,8721,5209,13930
380,"Italy",4,"Median","69",1978,8894,5442,14336
380,"Italy",4,"Median","70",1978,9292,6025,15317
380,"Italy",4,"Median","71",1978,9019,6107,15126
380,"Italy",4,"Median","72",1978,9222,6610,15832
380,"Italy",4,"Median","73",1978,9132,7008,16140
380,"Italy",4,"Median","74",1978,9249,7374,16623
380,"Italy",4,"Median","75",1978,9103,7758,16860
380,"Italy",4,"Median","76",1978,9052,8171,17223
380,"Italy",4,"Median","77",1978,8917,8711,17629
380,"Italy",4,"Median","78",1978,8639,9223,17862
380,"Italy",4,"Median","79",1978,8073,9449,17522
380,"Italy",4,"Median","80",1978,7891,9421,17312
380,"Italy",4,"Median","81",1978,7194,9294,16488
380,"Italy",4,"Median","82",1978,6384,9142,15527
380,"Italy",4,"Median","83",1978,6190,9136,15326
380,"Italy",4,"Median","84",1978,5854,8855,14709
380,"Italy",4,"Median","85",1978,5310,8340,13650
380,"Italy",4,"Median","86",1978,4858,7891,12749
380,"Italy",4,"Median","87",1978,4373,7271,11644
380,"Italy",4,"Median","88",1978,3692,6455,10147
380,"Italy",4,"Median","89",1978,3080,5616,8697
380,"Italy",4,"Median","90",1978,2601,4839,7441
380,"Italy",4,"Median","91",1978,2051,3828,5878
380,"Italy",4,"Median","92",1978,1611,3103,4714
380,"Italy",4,"Median","93",1978,1269,2392,3661
380,"Italy",4,"Median","94",1978,889,1705,2595
380,"Italy",4,"Median","95",1978,647,1300,1946
380,"Italy",4,"Median","96",1978,440,922,1363
380,"Italy",4,"Median","97",1978,291,616,907
380,"Italy",4,"Median","98",1978,178,380,559
380,"Italy",4,"Median","99",1978,109,237,346
380,"Italy",4,"Median","100",1978,43,98,141
380,"Italy",4,"Median","101",1978,31,71,102
380,"Italy",4,"Median","102",1978,22,51,73
380,"Italy",4,"Median","103",1978,15,36,51
380,"Italy",4,"Median","104",1978,11,26,37
380,"Italy",4,"Median","105",1978,8,19,27
380,"Italy",4,"Median","106",1978,5,14,19
380,"Italy",4,"Median","107",1978,4,10,14
380,"Italy",4,"Median","108",1978,3,7,10
380,"Italy",4,"Median","109",1978,2,5,7
380,"Italy",4,"Median","110",1978,1,4,5
380,"Italy",4,"Median","0",1979,5819,4405,10224
380,"Italy",4,"Median","1",1979,319,268,587
380,"Italy",4,"Median","2",1979,197,164,361
380,"Italy",4,"Median","3",1979,175,123,299
380,"Italy",4,"Median","4",1979,141,122,263
380,"Italy",4,"Median","5",1979,158,104,262
380,"Italy",4,"Median","6",1979,134,93,226
380,"Italy",4,"Median","7",1979,140,82,222
380,"Italy",4,"Median","8",1979,145,99,245
380,"Italy",4,"Median","9",1979,147,87,234
380,"Italy",4,"Median","10",1979,130,102,232
380,"Italy",4,"Median","11",1979,159,116,275
380,"Italy",4,"Median","12",1979,157,100,257
380,"Italy",4,"Median","13",1979,203,102,305
380,"Italy",4,"Median","14",1979,273,103,376
380,"Italy",4,"Median","15",1979,291,147,438
380,"Italy",4,"Median","16",1979,436,133,569
380,"Italy",4,"Median","17",1979,453,142,596
380,"Italy",4,"Median","18",1979,474,144,618
380,"Italy",4,"Median","19",1979,469,153,622
380,"Italy",4,"Median","20",1979,473,169,641
380,"Italy",4,"Median","21",1979,466,117,583
380,"Italy",4,"Median","22",1979,438,140,578
380,"Italy",4,"Median","23",1979,455,148,603
380,"Italy",4,"Median","24",1979,426,153,580
380,"Italy",4,"Median","25",1979,394,158,552
380,"Italy",4,"Median","26",1979,384,159,542
380,"Italy",4,"Median","27",1979,421,148,569
380,"Italy",4,"Median","28",1979,383,160,543
380,"Italy",4,"Median","29",1979,400,200,600
380,"Italy",4,"Median","30",1979,468,195,664
380,"Italy",4,"Median","31",1979,443,224,666
380,"Italy",4,"Median","32",1979,458,233,691
380,"Italy",4,"Median","33",1979,463,231,694
380,"Italy",4,"Median","34",1979,456,235,691
380,"Italy",4,"Median","35",1979,484,252,735
380,"Italy",4,"Median","36",1979,536,247,783
380,"Italy",4,"Median","37",1979,567,361,928
380,"Italy",4,"Median","38",1979,644,381,1024
380,"Italy",4,"Median","39",1979,758,404,1162
380,"Italy",4,"Median","40",1979,842,471,1313
380,"Italy",4,"Median","41",1979,989,490,1479
380,"Italy",4,"Median","42",1979,889,489,1379
380,"Italy",4,"Median","43",1979,1065,526,1591
380,"Italy",4,"Median","44",1979,1210,655,1865
380,"Italy",4,"Median","45",1979,1439,723,2162
380,"Italy",4,"Median","46",1979,1539,767,2306
380,"Italy",4,"Median","47",1979,1732,834,2566
380,"Italy",4,"Median","48",1979,1973,1010,2983
380,"Italy",4,"Median","49",1979,2280,1038,3317
380,"Italy",4,"Median","50",1979,2458,1142,3600
380,"Italy",4,"Median","51",1979,2807,1316,4123
380,"Italy",4,"Median","52",1979,2962,1407,4369
380,"Italy",4,"Median","53",1979,3140,1501,4641
380,"Italy",4,"Median","54",1979,3556,1544,5100
380,"Italy",4,"Median","55",1979,3865,1836,5701
380,"Italy",4,"Median","56",1979,3967,1902,5868
380,"Italy",4,"Median","57",1979,4234,2046,6280
380,"Italy",4,"Median","58",1979,4605,2278,6883
380,"Italy",4,"Median","59",1979,4179,2089,6268
380,"Italy",4,"Median","60",1979,3334,1676,5010
380,"Italy",4,"Median","61",1979,3095,1594,4689
380,"Italy",4,"Median","62",1979,3947,2042,5989
380,"Italy",4,"Median","63",1979,5199,2735,7935
380,"Italy",4,"Median","64",1979,6226,3412,9638
380,"Italy",4,"Median","65",1979,6957,3756,10714
380,"Italy",4,"Median","66",1979,7711,4299,12010
380,"Italy",4,"Median","67",1979,8152,4747,12899
380,"Italy",4,"Median","68",1979,8436,4869,13305
380,"Italy",4,"Median","69",1979,8728,5419,14147
380,"Italy",4,"Median","70",1979,9087,5950,15037
380,"Italy",4,"Median","71",1979,9150,6246,15396
380,"Italy",4,"Median","72",1979,9353,6443,15796
380,"Italy",4,"Median","73",1979,9323,6921,16244
380,"Italy",4,"Median","74",1979,9279,7366,16645
380,"Italy",4,"Median","75",1979,9182,7670,16853
380,"Italy",4,"Median","76",1979,9033,8108,17141
380,"Italy",4,"Median","77",1979,8854,8612,17467
380,"Italy",4,"Median","78",1979,8687,8943,17630
380,"Italy",4,"Median","79",1979,8406,9347,17753
380,"Italy",4,"Median","80",1979,7945,9462,17406
380,"Italy",4,"Median","81",1979,7442,9664,17107
380,"Italy",4,"Median","82",1979,6867,9447,16314
380,"Italy",4,"Median","83",1979,6024,9237,15261
380,"Italy",4,"Median","84",1979,5744,9099,14843
380,"Italy",4,"Median","85",1979,5261,8527,13788
380,"Italy",4,"Median","86",1979,4747,7788,12535
380,"Italy",4,"Median","87",1979,4264,7091,11355
380,"Italy",4,"Median","88",1979,3866,6546,10412
380,"Italy",4,"Median","89",1979,3205,5732,8937
380,"Italy",4,"Median","90",1979,2611,4982,7593
380,"Italy",4,"Median","91",1979,2047,3977,6024
380,"Italy",4,"Median","92",1979,1658,3108,4767
380,"Italy",4,"Median","93",1979,1188,2530,3718
380,"Italy",4,"Median","94",1979,946,1917,2863
380,"Italy",4,"Median","95",1979,665,1398,2064
380,"Italy",4,"Median","96",1979,458,977,1435
380,"Italy",4,"Median","97",1979,303,673,976
380,"Italy",4,"Median","98",1979,194,436,630
380,"Italy",4,"Median","99",1979,115,260,375
380,"Italy",4,"Median","100",1979,45,103,148
380,"Italy",4,"Median","101",1979,32,75,107
380,"Italy",4,"Median","102",1979,23,54,77
380,"Italy",4,"Median","103",1979,16,40,56
380,"Italy",4,"Median","104",1979,11,29,40
380,"Italy",4,"Median","105",1979,8,21,29
380,"Italy",4,"Median","106",1979,6,15,21
380,"Italy",4,"Median","107",1979,4,11,15
380,"Italy",4,"Median","108",1979,3,8,11
380,"Italy",4,"Median","109",1979,2,6,8
380,"Italy",4,"Median","110",1979,1,4,5
380,"Italy",4,"Median","0",1980,5369,3841,9209
380,"Italy",4,"Median","1",1980,304,268,572
380,"Italy",4,"Median","2",1980,216,174,390
380,"Italy",4,"Median","3",1980,166,157,323
380,"Italy",4,"Median","4",1980,151,116,267
380,"Italy",4,"Median","5",1980,158,118,276
380,"Italy",4,"Median","6",1980,171,121,293
380,"Italy",4,"Median","7",1980,160,123,283
380,"Italy",4,"Median","8",1980,145,108,253
380,"Italy",4,"Median","9",1980,169,117,286
380,"Italy",4,"Median","10",1980,133,92,225
380,"Italy",4,"Median","11",1980,167,111,278
380,"Italy",4,"Median","12",1980,173,108,281
380,"Italy",4,"Median","13",1980,195,132,328
380,"Italy",4,"Median","14",1980,266,144,411
380,"Italy",4,"Median","15",1980,336,160,496
380,"Italy",4,"Median","16",1980,482,157,639
380,"Italy",4,"Median","17",1980,518,146,665
380,"Italy",4,"Median","18",1980,525,160,684
380,"Italy",4,"Median","19",1980,485,169,654
380,"Italy",4,"Median","20",1980,483,174,657
380,"Italy",4,"Median","21",1980,467,169,635
380,"Italy",4,"Median","22",1980,480,165,644
380,"Italy",4,"Median","23",1980,460,164,624
380,"Italy",4,"Median","24",1980,457,148,605
380,"Italy",4,"Median","25",1980,395,173,567
380,"Italy",4,"Median","26",1980,401,169,570
380,"Italy",4,"Median","27",1980,395,174,568
380,"Italy",4,"Median","28",1980,390,178,568
380,"Italy",4,"Median","29",1980,388,145,533
380,"Italy",4,"Median","30",1980,418,220,638
380,"Italy",4,"Median","31",1980,464,240,704
380,"Italy",4,"Median","32",1980,488,290,778
380,"Italy",4,"Median","33",1980,524,271,795
380,"Italy",4,"Median","34",1980,461,242,703
380,"Italy",4,"Median","35",1980,474,239,713
380,"Italy",4,"Median","36",1980,533,314,847
380,"Italy",4,"Median","37",1980,561,331,893
380,"Italy",4,"Median","38",1980,649,340,989
380,"Italy",4,"Median","39",1980,765,430,1195
380,"Italy",4,"Median","40",1980,872,431,1303
380,"Italy",4,"Median","41",1980,945,553,1498
380,"Italy",4,"Median","42",1980,1018,558,1576
380,"Italy",4,"Median","43",1980,1013,550,1563
380,"Italy",4,"Median","44",1980,1200,634,1834
380,"Italy",4,"Median","45",1980,1369,694,2064
380,"Italy",4,"Median","46",1980,1492,726,2218
380,"Italy",4,"Median","47",1980,1721,893,2614
380,"Italy",4,"Median","48",1980,1855,925,2780
380,"Italy",4,"Median","49",1980,2163,1079,3242
380,"Italy",4,"Median","50",1980,2446,1136,3582
380,"Italy",4,"Median","51",1980,2579,1206,3784
380,"Italy",4,"Median","52",1980,3045,1262,4308
380,"Italy",4,"Median","53",1980,3179,1451,4630
380,"Italy",4,"Median","54",1980,3467,1592,5059
380,"Italy",4,"Median","55",1980,3809,1770,5579
380,"Italy",4,"Median","56",1980,4094,1908,6002
380,"Italy",4,"Median","57",1980,4402,2064,6465
380,"Italy",4,"Median","58",1980,4638,2295,6932
380,"Italy",4,"Median","59",1980,4978,2538,7516
380,"Italy",4,"Median","60",1980,4536,2274,6811
380,"Italy",4,"Median","61",1980,3462,1744,5205
380,"Italy",4,"Median","62",1980,3328,1786,5114
380,"Italy",4,"Median","63",1980,4266,2221,6487
380,"Italy",4,"Median","64",1980,5674,3008,8682
380,"Italy",4,"Median","65",1980,6798,3761,10559
380,"Italy",4,"Median","66",1980,7640,4201,11841
380,"Italy",4,"Median","67",1980,8185,4676,12861
380,"Italy",4,"Median","68",1980,8625,5117,13742
380,"Italy",4,"Median","69",1980,8981,5518,14499
380,"Italy",4,"Median","70",1980,9299,6074,15373
380,"Italy",4,"Median","71",1980,9408,6532,15939
380,"Italy",4,"Median","72",1980,9797,7131,16928
380,"Italy",4,"Median","73",1980,9587,7258,16845
380,"Italy",4,"Median","74",1980,9763,7925,17688
380,"Italy",4,"Median","75",1980,9564,8136,17700
380,"Italy",4,"Median","76",1980,9511,8645,18155
380,"Italy",4,"Median","77",1980,9137,8746,17883
380,"Italy",4,"Median","78",1980,9172,9267,18439
380,"Italy",4,"Median","79",1980,8807,9707,18514
380,"Italy",4,"Median","80",1980,8461,9809,18270
380,"Italy",4,"Median","81",1980,7869,9857,17726
380,"Italy",4,"Median","82",1980,7186,9738,16923
380,"Italy",4,"Median","83",1980,6509,9629,16139
380,"Italy",4,"Median","84",1980,5822,9232,15054
380,"Italy",4,"Median","85",1980,5328,9155,14483
380,"Italy",4,"Median","86",1980,4710,8291,13001
380,"Italy",4,"Median","87",1980,4341,7581,11923
380,"Italy",4,"Median","88",1980,3888,6832,10720
380,"Italy",4,"Median","89",1980,3294,5956,9250
380,"Italy",4,"Median","90",1980,2721,5274,7994
380,"Italy",4,"Median","91",1980,2141,4311,6452
380,"Italy",4,"Median","92",1980,1788,3441,5229
380,"Italy",4,"Median","93",1980,1316,2667,3983
380,"Italy",4,"Median","94",1980,882,1977,2859
380,"Italy",4,"Median","95",1980,690,1499,2189
380,"Italy",4,"Median","96",1980,482,1060,1541
380,"Italy",4,"Median","97",1980,322,715,1037
380,"Italy",4,"Median","98",1980,206,475,681
380,"Italy",4,"Median","99",1980,128,296,424
380,"Italy",4,"Median","100",1980,48,110,158
380,"Italy",4,"Median","101",1980,34,80,114
380,"Italy",4,"Median","102",1980,25,58,83
380,"Italy",4,"Median","103",1980,17,42,59
380,"Italy",4,"Median","104",1980,12,31,43
380,"Italy",4,"Median","105",1980,9,23,32
380,"Italy",4,"Median","106",1980,6,16,22
380,"Italy",4,"Median","107",1980,5,12,17
380,"Italy",4,"Median","108",1980,3,9,12
380,"Italy",4,"Median","109",1980,2,6,8
380,"Italy",4,"Median","110",1980,2,5,7
380,"Italy",4,"Median","0",1981,4986,3787,8773
380,"Italy",4,"Median","1",1981,264,224,488
380,"Italy",4,"Median","2",1981,162,133,295
380,"Italy",4,"Median","3",1981,147,119,266
380,"Italy",4,"Median","4",1981,128,81,209
380,"Italy",4,"Median","5",1981,131,86,217
380,"Italy",4,"Median","6",1981,129,86,215
380,"Italy",4,"Median","7",1981,119,92,212
380,"Italy",4,"Median","8",1981,116,64,180
380,"Italy",4,"Median","9",1981,141,87,228
380,"Italy",4,"Median","10",1981,115,74,189
380,"Italy",4,"Median","11",1981,120,70,190
380,"Italy",4,"Median","12",1981,126,80,206
380,"Italy",4,"Median","13",1981,174,95,269
380,"Italy",4,"Median","14",1981,277,106,383
380,"Italy",4,"Median","15",1981,297,108,404
380,"Italy",4,"Median","16",1981,432,137,569
380,"Italy",4,"Median","17",1981,515,139,654
380,"Italy",4,"Median","18",1981,555,152,707
380,"Italy",4,"Median","19",1981,490,165,656
380,"Italy",4,"Median","20",1981,533,158,691
380,"Italy",4,"Median","21",1981,461,183,644
380,"Italy",4,"Median","22",1981,445,117,563
380,"Italy",4,"Median","23",1981,476,135,611
380,"Italy",4,"Median","24",1981,408,138,546
380,"Italy",4,"Median","25",1981,422,157,579
380,"Italy",4,"Median","26",1981,394,171,564
380,"Italy",4,"Median","27",1981,397,156,552
380,"Italy",4,"Median","28",1981,376,164,540
380,"Italy",4,"Median","29",1981,377,173,549
380,"Italy",4,"Median","30",1981,427,199,627
380,"Italy",4,"Median","31",1981,376,194,570
380,"Italy",4,"Median","32",1981,463,217,680
380,"Italy",4,"Median","33",1981,479,225,704
380,"Italy",4,"Median","34",1981,491,256,747
380,"Italy",4,"Median","35",1981,431,270,701
380,"Italy",4,"Median","36",1981,475,281,756
380,"Italy",4,"Median","37",1981,506,292,797
380,"Italy",4,"Median","38",1981,587,347,933
380,"Italy",4,"Median","39",1981,661,388,1049
380,"Italy",4,"Median","40",1981,784,427,1211
380,"Italy",4,"Median","41",1981,895,498,1393
380,"Italy",4,"Median","42",1981,973,498,1472
380,"Italy",4,"Median","43",1981,1057,548,1605
380,"Italy",4,"Median","44",1981,1103,608,1711
380,"Italy",4,"Median","45",1981,1273,680,1953
380,"Italy",4,"Median","46",1981,1533,757,2290
380,"Italy",4,"Median","47",1981,1641,850,2491
380,"Italy",4,"Median","48",1981,1825,890,2715
380,"Italy",4,"Median","49",1981,2066,977,3043
380,"Italy",4,"Median","50",1981,2338,1126,3464
380,"Italy",4,"Median","51",1981,2549,1185,3734
380,"Italy",4,"Median","52",1981,2815,1294,4110
380,"Italy",4,"Median","53",1981,3156,1492,4648
380,"Italy",4,"Median","54",1981,3395,1542,4937
380,"Italy",4,"Median","55",1981,3717,1776,5493
380,"Italy",4,"Median","56",1981,4078,1815,5894
380,"Italy",4,"Median","57",1981,4440,2013,6453
380,"Italy",4,"Median","58",1981,4587,2225,6811
380,"Italy",4,"Median","59",1981,4907,2440,7347
380,"Italy",4,"Median","60",1981,5249,2581,7830
380,"Italy",4,"Median","61",1981,4879,2496,7375
380,"Italy",4,"Median","62",1981,3644,2003,5647
380,"Italy",4,"Median","63",1981,3527,1912,5439
380,"Italy",4,"Median","64",1981,4365,2390,6755
380,"Italy",4,"Median","65",1981,5821,3232,9053
380,"Italy",4,"Median","66",1981,7078,3931,11009
380,"Italy",4,"Median","67",1981,7783,4517,12300
380,"Italy",4,"Median","68",1981,8478,5131,13608
380,"Italy",4,"Median","69",1981,8669,5288,13958
380,"Italy",4,"Median","70",1981,9144,5816,14960
380,"Italy",4,"Median","71",1981,9568,6317,15885
380,"Italy",4,"Median","72",1981,9822,6933,16755
380,"Italy",4,"Median","73",1981,9671,7152,16823
380,"Italy",4,"Median","74",1981,9705,7477,17182
380,"Italy",4,"Median","75",1981,9626,8070,17697
380,"Italy",4,"Median","76",1981,9449,8467,17916
380,"Italy",4,"Median","77",1981,9149,8792,17942
380,"Italy",4,"Median","78",1981,9094,9254,18348
380,"Italy",4,"Median","79",1981,8619,9499,18118
380,"Italy",4,"Median","80",1981,8461,10163,18624
380,"Italy",4,"Median","81",1981,8066,10218,18284
380,"Italy",4,"Median","82",1981,7378,9923,17300
380,"Italy",4,"Median","83",1981,6769,9817,16586
380,"Italy",4,"Median","84",1981,5972,9512,15484
380,"Italy",4,"Median","85",1981,5264,9134,14398
380,"Italy",4,"Median","86",1981,4825,8587,13412
380,"Italy",4,"Median","87",1981,4292,7694,11986
380,"Italy",4,"Median","88",1981,3869,6991,10860
380,"Italy",4,"Median","89",1981,3115,6112,9227
380,"Italy",4,"Median","90",1981,2641,5325,7966
380,"Italy",4,"Median","91",1981,2198,4377,6574
380,"Italy",4,"Median","92",1981,1677,3547,5224
380,"Italy",4,"Median","93",1981,1273,2787,4060
380,"Italy",4,"Median","94",1981,907,2080,2987
380,"Italy",4,"Median","95",1981,675,1533,2207
380,"Italy",4,"Median","96",1981,474,1103,1578
380,"Italy",4,"Median","97",1981,321,755,1076
380,"Italy",4,"Median","98",1981,208,492,700
380,"Italy",4,"Median","99",1981,129,316,445
380,"Italy",4,"Median","100",1981,50,117,167
380,"Italy",4,"Median","101",1981,35,86,121
380,"Italy",4,"Median","102",1981,25,63,88
380,"Italy",4,"Median","103",1981,18,46,64
380,"Italy",4,"Median","104",1981,13,34,47
380,"Italy",4,"Median","105",1981,9,25,34
380,"Italy",4,"Median","106",1981,7,18,25
380,"Italy",4,"Median","107",1981,5,13,18
380,"Italy",4,"Median","108",1981,3,10,13
380,"Italy",4,"Median","109",1981,2,7,9
380,"Italy",4,"Median","110",1981,2,5,7
380,"Italy",4,"Median","0",1982,4572,3496,8068
380,"Italy",4,"Median","1",1982,225,199,424
380,"Italy",4,"Median","2",1982,161,114,275
380,"Italy",4,"Median","3",1982,119,106,225
380,"Italy",4,"Median","4",1982,122,77,199
380,"Italy",4,"Median","5",1982,121,77,198
380,"Italy",4,"Median","6",1982,127,97,224
380,"Italy",4,"Median","7",1982,111,77,189
380,"Italy",4,"Median","8",1982,123,71,194
380,"Italy",4,"Median","9",1982,116,81,197
380,"Italy",4,"Median","10",1982,118,52,170
380,"Italy",4,"Median","11",1982,115,79,193
380,"Italy",4,"Median","12",1982,133,87,220
380,"Italy",4,"Median","13",1982,167,84,252
380,"Italy",4,"Median","14",1982,217,104,320
380,"Italy",4,"Median","15",1982,281,137,417
380,"Italy",4,"Median","16",1982,384,122,505
380,"Italy",4,"Median","17",1982,492,160,652
380,"Italy",4,"Median","18",1982,517,152,669
380,"Italy",4,"Median","19",1982,495,157,652
380,"Italy",4,"Median","20",1982,477,148,624
380,"Italy",4,"Median","21",1982,446,154,599
380,"Italy",4,"Median","22",1982,522,151,673
380,"Italy",4,"Median","23",1982,439,146,586
380,"Italy",4,"Median","24",1982,398,157,556
380,"Italy",4,"Median","25",1982,415,145,560
380,"Italy",4,"Median","26",1982,393,130,524
380,"Italy",4,"Median","27",1982,424,158,582
380,"Italy",4,"Median","28",1982,349,159,508
380,"Italy",4,"Median","29",1982,399,172,571
380,"Italy",4,"Median","30",1982,365,169,534
380,"Italy",4,"Median","31",1982,418,157,576
380,"Italy",4,"Median","32",1982,464,186,650
380,"Italy",4,"Median","33",1982,453,221,674
380,"Italy",4,"Median","34",1982,483,285,768
380,"Italy",4,"Median","35",1982,504,278,782
380,"Italy",4,"Median","36",1982,548,295,843
380,"Italy",4,"Median","37",1982,546,278,824
380,"Italy",4,"Median","38",1982,611,295,906
380,"Italy",4,"Median","39",1982,610,315,924
380,"Italy",4,"Median","40",1982,713,404,1117
380,"Italy",4,"Median","41",1982,909,491,1401
380,"Italy",4,"Median","42",1982,946,509,1455
380,"Italy",4,"Median","43",1982,1093,558,1651
380,"Italy",4,"Median","44",1982,1124,595,1719
380,"Italy",4,"Median","45",1982,1230,672,1902
380,"Italy",4,"Median","46",1982,1357,703,2060
380,"Italy",4,"Median","47",1982,1572,780,2352
380,"Italy",4,"Median","48",1982,1726,873,2599
380,"Italy",4,"Median","49",1982,1919,944,2863
380,"Italy",4,"Median","50",1982,2259,1085,3345
380,"Italy",4,"Median","51",1982,2448,1169,3617
380,"Italy",4,"Median","52",1982,2690,1256,3946
380,"Italy",4,"Median","53",1982,2924,1287,4211
380,"Italy",4,"Median","54",1982,3211,1492,4703
380,"Italy",4,"Median","55",1982,3534,1651,5185
380,"Italy",4,"Median","56",1982,3978,1784,5761
380,"Italy",4,"Median","57",1982,4337,1999,6336
380,"Italy",4,"Median","58",1982,4493,2201,6695
380,"Italy",4,"Median","59",1982,4874,2397,7271
380,"Italy",4,"Median","60",1982,5142,2594,7735
380,"Italy",4,"Median","61",1982,5486,2942,8428
380,"Italy",4,"Median","62",1982,4980,2552,7532
380,"Italy",4,"Median","63",1982,3674,2125,5799
380,"Italy",4,"Median","64",1982,3729,2091,5820
380,"Italy",4,"Median","65",1982,4567,2532,7099
380,"Italy",4,"Median","66",1982,5974,3466,9441
380,"Italy",4,"Median","67",1982,7061,3977,11038
380,"Italy",4,"Median","68",1982,7973,4795,12768
380,"Italy",4,"Median","69",1982,8494,5223,13717
380,"Italy",4,"Median","70",1982,9021,5894,14915
380,"Italy",4,"Median","71",1982,9254,6180,15435
380,"Italy",4,"Median","72",1982,9539,6756,16296
380,"Italy",4,"Median","73",1982,9768,7349,17117
380,"Italy",4,"Median","74",1982,9750,7762,17512
380,"Italy",4,"Median","75",1982,9792,8154,17946
380,"Italy",4,"Median","76",1982,9674,8588,18262
380,"Italy",4,"Median","77",1982,9342,8912,18255
380,"Italy",4,"Median","78",1982,9095,9307,18402
380,"Italy",4,"Median","79",1982,8762,9511,18273
380,"Italy",4,"Median","80",1982,8216,9537,17753
380,"Italy",4,"Median","81",1982,7965,10106,18071
380,"Italy",4,"Median","82",1982,7575,9949,17524
380,"Italy",4,"Median","83",1982,6773,9460,16234
380,"Italy",4,"Median","84",1982,6117,9406,15523
380,"Italy",4,"Median","85",1982,5286,8986,14272
380,"Italy",4,"Median","86",1982,4589,8314,12903
380,"Italy",4,"Median","87",1982,4075,7772,11847
380,"Italy",4,"Median","88",1982,3535,6998,10533
380,"Italy",4,"Median","89",1982,3063,5934,8997
380,"Italy",4,"Median","90",1982,2477,5313,7790
380,"Italy",4,"Median","91",1982,1993,4429,6422
380,"Italy",4,"Median","92",1982,1632,3526,5159
380,"Italy",4,"Median","93",1982,1253,2830,4084
380,"Italy",4,"Median","94",1982,933,2087,3020
380,"Italy",4,"Median","95",1982,643,1574,2217
380,"Italy",4,"Median","96",1982,459,1113,1572
380,"Italy",4,"Median","97",1982,314,776,1090
380,"Italy",4,"Median","98",1982,207,514,721
380,"Italy",4,"Median","99",1982,130,324,455
380,"Italy",4,"Median","100",1982,51,124,175
380,"Italy",4,"Median","101",1982,36,91,127
380,"Italy",4,"Median","102",1982,26,67,93
380,"Italy",4,"Median","103",1982,19,49,68
380,"Italy",4,"Median","104",1982,14,36,50
380,"Italy",4,"Median","105",1982,10,27,37
380,"Italy",4,"Median","106",1982,7,20,27
380,"Italy",4,"Median","107",1982,5,14,19
380,"Italy",4,"Median","108",1982,4,11,15
380,"Italy",4,"Median","109",1982,3,8,11
380,"Italy",4,"Median","110",1982,2,6,8
380,"Italy",4,"Median","0",1983,4009,3185,7194
380,"Italy",4,"Median","1",1983,237,213,450
380,"Italy",4,"Median","2",1983,183,113,296
380,"Italy",4,"Median","3",1983,131,107,238
380,"Italy",4,"Median","4",1983,112,90,202
380,"Italy",4,"Median","5",1983,100,70,170
380,"Italy",4,"Median","6",1983,97,88,186
380,"Italy",4,"Median","7",1983,94,82,176
380,"Italy",4,"Median","8",1983,107,65,172
380,"Italy",4,"Median","9",1983,110,71,181
380,"Italy",4,"Median","10",1983,125,64,189
380,"Italy",4,"Median","11",1983,136,61,197
380,"Italy",4,"Median","12",1983,147,74,221
380,"Italy",4,"Median","13",1983,142,100,242
380,"Italy",4,"Median","14",1983,209,89,298
380,"Italy",4,"Median","15",1983,278,117,395
380,"Italy",4,"Median","16",1983,394,114,508
380,"Italy",4,"Median","17",1983,475,145,620
380,"Italy",4,"Median","18",1983,477,145,622
380,"Italy",4,"Median","19",1983,530,156,687
380,"Italy",4,"Median","20",1983,512,153,665
380,"Italy",4,"Median","21",1983,503,152,655
380,"Italy",4,"Median","22",1983,480,132,612
380,"Italy",4,"Median","23",1983,451,147,598
380,"Italy",4,"Median","24",1983,451,134,585
380,"Italy",4,"Median","25",1983,414,153,567
380,"Italy",4,"Median","26",1983,410,156,567
380,"Italy",4,"Median","27",1983,413,166,578
380,"Italy",4,"Median","28",1983,404,150,554
380,"Italy",4,"Median","29",1983,398,159,556
380,"Italy",4,"Median","30",1983,376,183,559
380,"Italy",4,"Median","31",1983,387,180,567
380,"Italy",4,"Median","32",1983,414,215,628
380,"Italy",4,"Median","33",1983,424,225,649
380,"Italy",4,"Median","34",1983,477,265,742
380,"Italy",4,"Median","35",1983,507,281,788
380,"Italy",4,"Median","36",1983,571,286,857
380,"Italy",4,"Median","37",1983,525,320,845
380,"Italy",4,"Median","38",1983,565,334,899
380,"Italy",4,"Median","39",1983,654,367,1021
380,"Italy",4,"Median","40",1983,706,393,1100
380,"Italy",4,"Median","41",1983,761,436,1197
380,"Italy",4,"Median","42",1983,989,502,1491
380,"Italy",4,"Median","43",1983,1068,539,1607
380,"Italy",4,"Median","44",1983,1204,636,1840
380,"Italy",4,"Median","45",1983,1266,620,1886
380,"Italy",4,"Median","46",1983,1305,703,2008
380,"Italy",4,"Median","47",1983,1448,791,2239
380,"Italy",4,"Median","48",1983,1756,898,2654
380,"Italy",4,"Median","49",1983,1962,954,2916
380,"Italy",4,"Median","50",1983,2217,1030,3247
380,"Italy",4,"Median","51",1983,2421,1155,3576
380,"Italy",4,"Median","52",1983,2815,1261,4076
380,"Italy",4,"Median","53",1983,3052,1390,4442
380,"Italy",4,"Median","54",1983,3438,1646,5084
380,"Italy",4,"Median","55",1983,3573,1610,5183
380,"Italy",4,"Median","56",1983,3994,1783,5777
380,"Italy",4,"Median","57",1983,4309,1909,6219
380,"Italy",4,"Median","58",1983,4647,2107,6754
380,"Italy",4,"Median","59",1983,5057,2389,7446
380,"Italy",4,"Median","60",1983,5302,2607,7909
380,"Italy",4,"Median","61",1983,5623,2854,8478
380,"Italy",4,"Median","62",1983,6067,3171,9238
380,"Italy",4,"Median","63",1983,5413,2878,8290
380,"Italy",4,"Median","64",1983,4176,2226,6401
380,"Italy",4,"Median","65",1983,4097,2269,6366
380,"Italy",4,"Median","66",1983,5012,2903,7916
380,"Italy",4,"Median","67",1983,6486,3741,10227
380,"Italy",4,"Median","68",1983,7796,4537,12333
380,"Italy",4,"Median","69",1983,8801,5364,14165
380,"Italy",4,"Median","70",1983,8970,5946,14916
380,"Italy",4,"Median","71",1983,9539,6392,15931
380,"Italy",4,"Median","72",1983,10055,6919,16974
380,"Italy",4,"Median","73",1983,10456,7646,18101
380,"Italy",4,"Median","74",1983,10366,8081,18447
380,"Italy",4,"Median","75",1983,10414,8679,19093
380,"Italy",4,"Median","76",1983,10366,9117,19484
380,"Italy",4,"Median","77",1983,10163,9322,19485
380,"Italy",4,"Median","78",1983,9883,10171,20054
380,"Italy",4,"Median","79",1983,9260,10398,19658
380,"Italy",4,"Median","80",1983,9010,10458,19468
380,"Italy",4,"Median","81",1983,8424,10699,19123
380,"Italy",4,"Median","82",1983,8061,11109,19170
380,"Italy",4,"Median","83",1983,7327,10782,18109
380,"Italy",4,"Median","84",1983,6537,10491,17029
380,"Italy",4,"Median","85",1983,5852,9806,15658
380,"Italy",4,"Median","86",1983,5174,9222,14395
380,"Italy",4,"Median","87",1983,4231,8409,12640
380,"Italy",4,"Median","88",1983,3854,7805,11658
380,"Italy",4,"Median","89",1983,3292,6735,10027
380,"Italy",4,"Median","90",1983,2858,5777,8635
380,"Italy",4,"Median","91",1983,2290,4884,7174
380,"Italy",4,"Median","92",1983,1880,3889,5769
380,"Italy",4,"Median","93",1983,1386,3262,4648
380,"Italy",4,"Median","94",1983,1089,2352,3441
380,"Italy",4,"Median","95",1983,744,1800,2544
380,"Italy",4,"Median","96",1983,520,1273,1792
380,"Italy",4,"Median","97",1983,361,870,1231
380,"Italy",4,"Median","98",1983,240,586,826
380,"Italy",4,"Median","99",1983,153,374,527
380,"Italy",4,"Median","100",1983,60,141,201
380,"Italy",4,"Median","101",1983,44,104,148
380,"Italy",4,"Median","102",1983,31,77,108
380,"Italy",4,"Median","103",1983,23,57,80
380,"Italy",4,"Median","104",1983,16,42,58
380,"Italy",4,"Median","105",1983,12,31,43
380,"Italy",4,"Median","106",1983,9,23,32
380,"Italy",4,"Median","107",1983,6,17,23
380,"Italy",4,"Median","108",1983,4,12,16
380,"Italy",4,"Median","109",1983,3,9,12
380,"Italy",4,"Median","110",1983,2,7,9
380,"Italy",4,"Median","0",1984,3767,2785,6551
380,"Italy",4,"Median","1",1984,153,166,319
380,"Italy",4,"Median","2",1984,141,100,241
380,"Italy",4,"Median","3",1984,114,92,206
380,"Italy",4,"Median","4",1984,111,73,183
380,"Italy",4,"Median","5",1984,88,56,144
380,"Italy",4,"Median","6",1984,100,63,162
380,"Italy",4,"Median","7",1984,97,66,164
380,"Italy",4,"Median","8",1984,98,78,176
380,"Italy",4,"Median","9",1984,103,53,156
380,"Italy",4,"Median","10",1984,101,67,168
380,"Italy",4,"Median","11",1984,112,68,180
380,"Italy",4,"Median","12",1984,105,69,174
380,"Italy",4,"Median","13",1984,156,79,234
380,"Italy",4,"Median","14",1984,178,87,266
380,"Italy",4,"Median","15",1984,269,129,398
380,"Italy",4,"Median","16",1984,357,108,465
380,"Italy",4,"Median","17",1984,403,118,522
380,"Italy",4,"Median","18",1984,445,154,599
380,"Italy",4,"Median","19",1984,467,150,617
380,"Italy",4,"Median","20",1984,463,129,592
380,"Italy",4,"Median","21",1984,516,139,656
380,"Italy",4,"Median","22",1984,511,152,663
380,"Italy",4,"Median","23",1984,453,136,589
380,"Italy",4,"Median","24",1984,464,155,619
380,"Italy",4,"Median","25",1984,384,150,534
380,"Italy",4,"Median","26",1984,385,137,522
380,"Italy",4,"Median","27",1984,354,133,487
380,"Italy",4,"Median","28",1984,388,166,554
380,"Italy",4,"Median","29",1984,388,173,561
380,"Italy",4,"Median","30",1984,382,170,552
380,"Italy",4,"Median","31",1984,383,171,554
380,"Italy",4,"Median","32",1984,413,195,608
380,"Italy",4,"Median","33",1984,440,238,678
380,"Italy",4,"Median","34",1984,431,265,696
380,"Italy",4,"Median","35",1984,476,249,725
380,"Italy",4,"Median","36",1984,535,297,832
380,"Italy",4,"Median","37",1984,558,294,852
380,"Italy",4,"Median","38",1984,591,327,918
380,"Italy",4,"Median","39",1984,627,302,929
380,"Italy",4,"Median","40",1984,690,360,1050
380,"Italy",4,"Median","41",1984,766,403,1169
380,"Italy",4,"Median","42",1984,872,472,1344
380,"Italy",4,"Median","43",1984,893,589,1482
380,"Italy",4,"Median","44",1984,1130,569,1699
380,"Italy",4,"Median","45",1984,1269,658,1927
380,"Italy",4,"Median","46",1984,1308,744,2052
380,"Italy",4,"Median","47",1984,1425,730,2156
380,"Italy",4,"Median","48",1984,1621,804,2425
380,"Italy",4,"Median","49",1984,1833,921,2755
380,"Italy",4,"Median","50",1984,2033,1005,3039
380,"Italy",4,"Median","51",1984,2240,1109,3349
380,"Italy",4,"Median","52",1984,2559,1195,3754
380,"Italy",4,"Median","53",1984,2903,1279,4182
380,"Italy",4,"Median","54",1984,3206,1466,4672
380,"Italy",4,"Median","55",1984,3470,1577,5047
380,"Italy",4,"Median","56",1984,3773,1699,5472
380,"Italy",4,"Median","57",1984,4089,1899,5988
380,"Italy",4,"Median","58",1984,4494,1984,6479
380,"Italy",4,"Median","59",1984,4758,2222,6979
380,"Italy",4,"Median","60",1984,5074,2554,7628
380,"Italy",4,"Median","61",1984,5544,2699,8243
380,"Italy",4,"Median","62",1984,5780,2967,8747
380,"Italy",4,"Median","63",1984,5982,3276,9258
380,"Italy",4,"Median","64",1984,5573,3069,8641
380,"Italy",4,"Median","65",1984,4160,2353,6514
380,"Italy",4,"Median","66",1984,4118,2324,6442
380,"Italy",4,"Median","67",1984,4989,2980,7969
380,"Italy",4,"Median","68",1984,6596,4000,10596
380,"Italy",4,"Median","69",1984,7832,4794,12626
380,"Italy",4,"Median","70",1984,8701,5545,14246
380,"Italy",4,"Median","71",1984,8938,6120,15058
380,"Italy",4,"Median","72",1984,9600,6574,16173
380,"Italy",4,"Median","73",1984,9865,7146,17011
380,"Italy",4,"Median","74",1984,10067,7812,17879
380,"Italy",4,"Median","75",1984,10154,8208,18362
380,"Italy",4,"Median","76",1984,10001,8676,18677
380,"Italy",4,"Median","77",1984,9825,8831,18655
380,"Italy",4,"Median","78",1984,9329,9201,18531
380,"Italy",4,"Median","79",1984,9066,9915,18981
380,"Italy",4,"Median","80",1984,8857,9889,18747
380,"Italy",4,"Median","81",1984,8135,9796,17931
380,"Italy",4,"Median","82",1984,7593,10008,17600
380,"Italy",4,"Median","83",1984,7131,10214,17345
380,"Italy",4,"Median","84",1984,6461,9724,16185
380,"Italy",4,"Median","85",1984,5644,9375,15019
380,"Italy",4,"Median","86",1984,4960,8788,13748
380,"Italy",4,"Median","87",1984,4145,7982,12127
380,"Italy",4,"Median","88",1984,3490,7190,10680
380,"Italy",4,"Median","89",1984,2941,6414,9355
380,"Italy",4,"Median","90",1984,2572,5522,8094
380,"Italy",4,"Median","91",1984,2079,4484,6563
380,"Italy",4,"Median","92",1984,1593,3692,5285
380,"Italy",4,"Median","93",1984,1373,2980,4353
380,"Italy",4,"Median","94",1984,983,2208,3191
380,"Italy",4,"Median","95",1984,694,1698,2392
380,"Italy",4,"Median","96",1984,480,1220,1700
380,"Italy",4,"Median","97",1984,325,836,1161
380,"Italy",4,"Median","98",1984,219,553,772
380,"Italy",4,"Median","99",1984,141,360,502
380,"Italy",4,"Median","100",1984,57,138,195
380,"Italy",4,"Median","101",1984,41,102,143
380,"Italy",4,"Median","102",1984,30,76,106
380,"Italy",4,"Median","103",1984,22,56,78
380,"Italy",4,"Median","104",1984,16,41,57
380,"Italy",4,"Median","105",1984,11,31,42
380,"Italy",4,"Median","106",1984,8,23,31
380,"Italy",4,"Median","107",1984,6,17,23
380,"Italy",4,"Median","108",1984,4,12,16
380,"Italy",4,"Median","109",1984,3,9,12
380,"Italy",4,"Median","110",1984,2,7,9
380,"Italy",4,"Median","0",1985,3364,2563,5927
380,"Italy",4,"Median","1",1985,179,146,325
380,"Italy",4,"Median","2",1985,125,98,223
380,"Italy",4,"Median","3",1985,103,91,194
380,"Italy",4,"Median","4",1985,108,64,172
380,"Italy",4,"Median","5",1985,74,57,130
380,"Italy",4,"Median","6",1985,91,53,144
380,"Italy",4,"Median","7",1985,81,59,141
380,"Italy",4,"Median","8",1985,97,63,160
380,"Italy",4,"Median","9",1985,90,66,156
380,"Italy",4,"Median","10",1985,111,69,180
380,"Italy",4,"Median","11",1985,110,58,168
380,"Italy",4,"Median","12",1985,116,85,201
380,"Italy",4,"Median","13",1985,123,78,201
380,"Italy",4,"Median","14",1985,183,100,284
380,"Italy",4,"Median","15",1985,224,109,333
380,"Italy",4,"Median","16",1985,366,111,477
380,"Italy",4,"Median","17",1985,441,144,586
380,"Italy",4,"Median","18",1985,460,146,606
380,"Italy",4,"Median","19",1985,488,154,642
380,"Italy",4,"Median","20",1985,505,150,655
380,"Italy",4,"Median","21",1985,505,138,643
380,"Italy",4,"Median","22",1985,451,148,599
380,"Italy",4,"Median","23",1985,457,161,617
380,"Italy",4,"Median","24",1985,448,145,593
380,"Italy",4,"Median","25",1985,437,164,601
380,"Italy",4,"Median","26",1985,404,130,534
380,"Italy",4,"Median","27",1985,409,133,542
380,"Italy",4,"Median","28",1985,362,152,514
380,"Italy",4,"Median","29",1985,372,169,541
380,"Italy",4,"Median","30",1985,410,169,580
380,"Italy",4,"Median","31",1985,356,158,514
380,"Italy",4,"Median","32",1985,371,194,565
380,"Italy",4,"Median","33",1985,428,195,623
380,"Italy",4,"Median","34",1985,451,207,658
380,"Italy",4,"Median","35",1985,537,264,802
380,"Italy",4,"Median","36",1985,496,265,761
380,"Italy",4,"Median","37",1985,559,293,852
380,"Italy",4,"Median","38",1985,662,370,1031
380,"Italy",4,"Median","39",1985,630,368,998
380,"Italy",4,"Median","40",1985,678,365,1043
380,"Italy",4,"Median","41",1985,729,394,1123
380,"Italy",4,"Median","42",1985,751,430,1181
380,"Italy",4,"Median","43",1985,927,496,1423
380,"Italy",4,"Median","44",1985,1081,527,1608
380,"Italy",4,"Median","45",1985,1176,623,1799
380,"Italy",4,"Median","46",1985,1307,688,1995
380,"Italy",4,"Median","47",1985,1510,754,2264
380,"Italy",4,"Median","48",1985,1540,812,2353
380,"Italy",4,"Median","49",1985,1661,867,2529
380,"Italy",4,"Median","50",1985,1961,955,2917
380,"Italy",4,"Median","51",1985,2253,1092,3346
380,"Italy",4,"Median","52",1985,2426,1106,3532
380,"Italy",4,"Median","53",1985,2693,1330,4023
380,"Italy",4,"Median","54",1985,3012,1373,4386
380,"Italy",4,"Median","55",1985,3457,1657,5114
380,"Italy",4,"Median","56",1985,3740,1650,5389
380,"Italy",4,"Median","57",1985,4111,1848,5959
380,"Italy",4,"Median","58",1985,4386,2011,6397
380,"Italy",4,"Median","59",1985,4790,2224,7014
380,"Italy",4,"Median","60",1985,5187,2433,7620
380,"Italy",4,"Median","61",1985,5525,2669,8194
380,"Italy",4,"Median","62",1985,5686,2953,8639
380,"Italy",4,"Median","63",1985,6142,3251,9393
380,"Italy",4,"Median","64",1985,6446,3550,9996
380,"Italy",4,"Median","65",1985,5844,3214,9058
380,"Italy",4,"Median","66",1985,4342,2613,6955
380,"Italy",4,"Median","67",1985,4409,2658,7067
380,"Italy",4,"Median","68",1985,5274,3339,8614
380,"Italy",4,"Median","69",1985,6781,4269,11050
380,"Italy",4,"Median","70",1985,8115,5239,13354
380,"Italy",4,"Median","71",1985,9124,6157,15281
380,"Italy",4,"Median","72",1985,9410,6717,16127
380,"Italy",4,"Median","73",1985,9804,7306,17109
380,"Italy",4,"Median","74",1985,10230,7770,18001
380,"Italy",4,"Median","75",1985,10665,8425,19090
380,"Italy",4,"Median","76",1985,10353,9265,19618
380,"Italy",4,"Median","77",1985,10180,9408,19588
380,"Italy",4,"Median","78",1985,9971,9865,19836
380,"Italy",4,"Median","79",1985,9791,9979,19769
380,"Italy",4,"Median","80",1985,9201,10439,19640
380,"Italy",4,"Median","81",1985,8685,10255,18940
380,"Italy",4,"Median","82",1985,7984,10241,18226
380,"Italy",4,"Median","83",1985,7324,10395,17719
380,"Italy",4,"Median","84",1985,6795,10437,17231
380,"Italy",4,"Median","85",1985,6153,9934,16087
380,"Italy",4,"Median","86",1985,5267,9181,14447
380,"Italy",4,"Median","87",1985,4507,8662,13168
380,"Italy",4,"Median","88",1985,3835,7479,11314
380,"Italy",4,"Median","89",1985,3150,6735,9885
380,"Italy",4,"Median","90",1985,2568,5919,8487
380,"Italy",4,"Median","91",1985,2164,4838,7002
380,"Italy",4,"Median","92",1985,1866,4097,5963
380,"Italy",4,"Median","93",1985,1405,3348,4753
380,"Italy",4,"Median","94",1985,1060,2486,3546
380,"Italy",4,"Median","95",1985,743,1908,2651
380,"Italy",4,"Median","96",1985,531,1383,1913
380,"Italy",4,"Median","97",1985,357,965,1322
380,"Italy",4,"Median","98",1985,235,642,876
380,"Italy",4,"Median","99",1985,153,411,565
380,"Italy",4,"Median","100",1985,63,159,222
380,"Italy",4,"Median","101",1985,46,119,165
380,"Italy",4,"Median","102",1985,33,88,121
380,"Italy",4,"Median","103",1985,24,66,90
380,"Italy",4,"Median","104",1985,18,49,67
380,"Italy",4,"Median","105",1985,13,37,50
380,"Italy",4,"Median","106",1985,9,27,36
380,"Italy",4,"Median","107",1985,7,20,27
380,"Italy",4,"Median","108",1985,5,15,20
380,"Italy",4,"Median","109",1985,4,11,15
380,"Italy",4,"Median","110",1985,3,9,12
380,"Italy",4,"Median","0",1986,3164,2358,5522
380,"Italy",4,"Median","1",1986,169,120,289
380,"Italy",4,"Median","2",1986,100,92,192
380,"Italy",4,"Median","3",1986,84,65,150
380,"Italy",4,"Median","4",1986,90,43,132
380,"Italy",4,"Median","5",1986,59,61,120
380,"Italy",4,"Median","6",1986,70,66,137
380,"Italy",4,"Median","7",1986,84,50,134
380,"Italy",4,"Median","8",1986,81,45,127
380,"Italy",4,"Median","9",1986,78,52,129
380,"Italy",4,"Median","10",1986,98,62,161
380,"Italy",4,"Median","11",1986,107,65,172
380,"Italy",4,"Median","12",1986,88,54,142
380,"Italy",4,"Median","13",1986,143,93,236
380,"Italy",4,"Median","14",1986,182,95,277
380,"Italy",4,"Median","15",1986,206,100,306
380,"Italy",4,"Median","16",1986,324,100,425
380,"Italy",4,"Median","17",1986,384,115,500
380,"Italy",4,"Median","18",1986,408,122,530
380,"Italy",4,"Median","19",1986,407,146,553
380,"Italy",4,"Median","20",1986,508,126,634
380,"Italy",4,"Median","21",1986,481,150,631
380,"Italy",4,"Median","22",1986,472,156,628
380,"Italy",4,"Median","23",1986,465,153,617
380,"Italy",4,"Median","24",1986,416,143,559
380,"Italy",4,"Median","25",1986,452,149,601
380,"Italy",4,"Median","26",1986,428,155,584
380,"Italy",4,"Median","27",1986,408,150,558
380,"Italy",4,"Median","28",1986,380,165,545
380,"Italy",4,"Median","29",1986,393,133,526
380,"Italy",4,"Median","30",1986,407,177,585
380,"Italy",4,"Median","31",1986,375,196,571
380,"Italy",4,"Median","32",1986,367,192,559
380,"Italy",4,"Median","33",1986,401,209,609
380,"Italy",4,"Median","34",1986,408,206,615
380,"Italy",4,"Median","35",1986,455,287,742
380,"Italy",4,"Median","36",1986,474,304,777
380,"Italy",4,"Median","37",1986,581,318,898
380,"Italy",4,"Median","38",1986,595,334,929
380,"Italy",4,"Median","39",1986,673,366,1038
380,"Italy",4,"Median","40",1986,659,409,1068
380,"Italy",4,"Median","41",1986,771,403,1173
380,"Italy",4,"Median","42",1986,827,431,1258
380,"Italy",4,"Median","43",1986,944,457,1402
380,"Italy",4,"Median","44",1986,999,535,1534
380,"Italy",4,"Median","45",1986,1204,633,1837
380,"Italy",4,"Median","46",1986,1274,739,2013
380,"Italy",4,"Median","47",1986,1412,797,2209
380,"Italy",4,"Median","48",1986,1526,861,2387
380,"Italy",4,"Median","49",1986,1682,879,2561
380,"Italy",4,"Median","50",1986,1899,890,2790
380,"Italy",4,"Median","51",1986,2046,1018,3064
380,"Italy",4,"Median","52",1986,2337,1147,3484
380,"Italy",4,"Median","53",1986,2542,1227,3769
380,"Italy",4,"Median","54",1986,2902,1460,4362
380,"Italy",4,"Median","55",1986,3305,1526,4831
380,"Italy",4,"Median","56",1986,3690,1719,5409
380,"Italy",4,"Median","57",1986,3963,1819,5782
380,"Italy",4,"Median","58",1986,4244,1984,6228
380,"Italy",4,"Median","59",1986,4626,2146,6772
380,"Italy",4,"Median","60",1986,5017,2295,7312
380,"Italy",4,"Median","61",1986,5533,2599,8131
380,"Italy",4,"Median","62",1986,5786,2817,8603
380,"Italy",4,"Median","63",1986,6028,3088,9116
380,"Italy",4,"Median","64",1986,6367,3428,9795
380,"Italy",4,"Median","65",1986,6860,3889,10749
380,"Italy",4,"Median","66",1986,6096,3433,9528
380,"Italy",4,"Median","67",1986,4657,2713,7370
380,"Italy",4,"Median","68",1986,4564,2871,7435
380,"Italy",4,"Median","69",1986,5456,3409,8865
380,"Italy",4,"Median","70",1986,7122,4585,11707
380,"Italy",4,"Median","71",1986,8187,5635,13823
380,"Italy",4,"Median","72",1986,9264,6591,15855
380,"Italy",4,"Median","73",1986,9867,7249,17116
380,"Italy",4,"Median","74",1986,10146,7838,17984
380,"Italy",4,"Median","75",1986,10070,8193,18263
380,"Italy",4,"Median","76",1986,10286,9030,19316
380,"Italy",4,"Median","77",1986,10218,9384,19602
380,"Italy",4,"Median","78",1986,9941,9886,19827
380,"Italy",4,"Median","79",1986,9931,10021,19952
380,"Italy",4,"Median","80",1986,9505,10352,19857
380,"Italy",4,"Median","81",1986,8832,10562,19394
380,"Italy",4,"Median","82",1986,8373,10426,18800
380,"Italy",4,"Median","83",1986,7600,10348,17948
380,"Italy",4,"Median","84",1986,6827,10257,17084
380,"Italy",4,"Median","85",1986,6237,10246,16483
380,"Italy",4,"Median","86",1986,5437,9453,14890
380,"Italy",4,"Median","87",1986,4785,8614,13398
380,"Italy",4,"Median","88",1986,3980,7790,11769
380,"Italy",4,"Median","89",1986,3242,6948,10190
380,"Italy",4,"Median","90",1986,2588,5984,8571
380,"Italy",4,"Median","91",1986,2279,5065,7344
380,"Italy",4,"Median","92",1986,1713,4101,5813
380,"Italy",4,"Median","93",1986,1421,3254,4674
380,"Italy",4,"Median","94",1986,1027,2666,3693
380,"Italy",4,"Median","95",1986,759,1976,2735
380,"Italy",4,"Median","96",1986,526,1434,1959
380,"Italy",4,"Median","97",1986,364,1006,1370
380,"Italy",4,"Median","98",1986,237,679,917
380,"Italy",4,"Median","99",1986,151,436,588
380,"Italy",4,"Median","100",1986,63,166,229
380,"Italy",4,"Median","101",1986,46,124,170
380,"Italy",4,"Median","102",1986,33,93,126
380,"Italy",4,"Median","103",1986,24,70,94
380,"Italy",4,"Median","104",1986,18,52,70
380,"Italy",4,"Median","105",1986,13,39,52
380,"Italy",4,"Median","106",1986,9,30,39
380,"Italy",4,"Median","107",1986,7,22,29
380,"Italy",4,"Median","108",1986,5,17,22
380,"Italy",4,"Median","109",1986,4,12,16
380,"Italy",4,"Median","110",1986,3,9,12
380,"Italy",4,"Median","0",1987,2998,2357,5355
380,"Italy",4,"Median","1",1987,170,163,333
380,"Italy",4,"Median","2",1987,103,75,179
380,"Italy",4,"Median","3",1987,91,66,157
380,"Italy",4,"Median","4",1987,91,68,159
380,"Italy",4,"Median","5",1987,80,49,129
380,"Italy",4,"Median","6",1987,85,46,131
380,"Italy",4,"Median","7",1987,70,47,118
380,"Italy",4,"Median","8",1987,80,53,134
380,"Italy",4,"Median","9",1987,70,49,119
380,"Italy",4,"Median","10",1987,86,59,144
380,"Italy",4,"Median","11",1987,70,58,128
380,"Italy",4,"Median","12",1987,103,65,168
380,"Italy",4,"Median","13",1987,123,63,186
380,"Italy",4,"Median","14",1987,143,81,224
380,"Italy",4,"Median","15",1987,200,74,273
380,"Italy",4,"Median","16",1987,311,127,438
380,"Italy",4,"Median","17",1987,365,92,457
380,"Italy",4,"Median","18",1987,449,120,568
380,"Italy",4,"Median","19",1987,436,122,558
380,"Italy",4,"Median","20",1987,459,146,605
380,"Italy",4,"Median","21",1987,483,126,609
380,"Italy",4,"Median","22",1987,514,131,645
380,"Italy",4,"Median","23",1987,523,161,684
380,"Italy",4,"Median","24",1987,478,166,644
380,"Italy",4,"Median","25",1987,465,156,621
380,"Italy",4,"Median","26",1987,491,149,640
380,"Italy",4,"Median","27",1987,432,159,591
380,"Italy",4,"Median","28",1987,437,154,590
380,"Italy",4,"Median","29",1987,408,157,565
380,"Italy",4,"Median","30",1987,377,156,533
380,"Italy",4,"Median","31",1987,419,201,620
380,"Italy",4,"Median","32",1987,433,196,629
380,"Italy",4,"Median","33",1987,404,188,592
380,"Italy",4,"Median","34",1987,400,205,605
380,"Italy",4,"Median","35",1987,468,255,723
380,"Italy",4,"Median","36",1987,493,268,760
380,"Italy",4,"Median","37",1987,540,284,824
380,"Italy",4,"Median","38",1987,596,330,925
380,"Italy",4,"Median","39",1987,647,383,1030
380,"Italy",4,"Median","40",1987,715,417,1133
380,"Italy",4,"Median","41",1987,735,419,1155
380,"Italy",4,"Median","42",1987,786,409,1196
380,"Italy",4,"Median","43",1987,879,486,1364
380,"Italy",4,"Median","44",1987,922,518,1440
380,"Italy",4,"Median","45",1987,1024,574,1598
380,"Italy",4,"Median","46",1987,1204,685,1889
380,"Italy",4,"Median","47",1987,1394,733,2127
380,"Italy",4,"Median","48",1987,1611,827,2437
380,"Italy",4,"Median","49",1987,1624,878,2502
380,"Italy",4,"Median","50",1987,1801,891,2692
380,"Italy",4,"Median","51",1987,1980,989,2969
380,"Italy",4,"Median","52",1987,2333,1109,3442
380,"Italy",4,"Median","53",1987,2550,1207,3757
380,"Italy",4,"Median","54",1987,2744,1357,4101
380,"Italy",4,"Median","55",1987,3149,1421,4571
380,"Italy",4,"Median","56",1987,3448,1625,5073
380,"Italy",4,"Median","57",1987,3819,1856,5675
380,"Italy",4,"Median","58",1987,4155,1906,6061
380,"Italy",4,"Median","59",1987,4484,2085,6569
380,"Italy",4,"Median","60",1987,4873,2263,7136
380,"Italy",4,"Median","61",1987,5334,2500,7834
380,"Italy",4,"Median","62",1987,5678,2773,8451
380,"Italy",4,"Median","63",1987,6049,3015,9064
380,"Italy",4,"Median","64",1987,6274,3399,9673
380,"Italy",4,"Median","65",1987,6484,3671,10155
380,"Italy",4,"Median","66",1987,6935,3893,10828
380,"Italy",4,"Median","67",1987,6276,3752,10028
380,"Italy",4,"Median","68",1987,4654,2733,7387
380,"Italy",4,"Median","69",1987,4600,2846,7446
380,"Italy",4,"Median","70",1987,5583,3620,9202
380,"Italy",4,"Median","71",1987,7081,4859,11940
380,"Italy",4,"Median","72",1987,8436,5736,14171
380,"Italy",4,"Median","73",1987,9270,7029,16299
380,"Italy",4,"Median","74",1987,9593,7521,17114
380,"Italy",4,"Median","75",1987,10020,7983,18003
380,"Italy",4,"Median","76",1987,10071,8550,18621
380,"Italy",4,"Median","77",1987,10311,9283,19594
380,"Italy",4,"Median","78",1987,10275,9629,19904
380,"Italy",4,"Median","79",1987,9567,10073,19640
380,"Italy",4,"Median","80",1987,9281,10155,19436
380,"Italy",4,"Median","81",1987,8710,10271,18980
380,"Italy",4,"Median","82",1987,8260,10266,18525
380,"Italy",4,"Median","83",1987,7553,10161,17714
380,"Italy",4,"Median","84",1987,6822,9982,16804
380,"Italy",4,"Median","85",1987,5913,9669,15582
380,"Italy",4,"Median","86",1987,5518,9297,14815
380,"Italy",4,"Median","87",1987,4859,8713,13572
380,"Italy",4,"Median","88",1987,4070,7705,11775
380,"Italy",4,"Median","89",1987,3402,7023,10425
380,"Italy",4,"Median","90",1987,2739,5899,8637
380,"Italy",4,"Median","91",1987,2235,5144,7379
380,"Italy",4,"Median","92",1987,1652,4172,5824
380,"Italy",4,"Median","93",1987,1279,3397,4677
380,"Italy",4,"Median","94",1987,1050,2560,3610
380,"Italy",4,"Median","95",1987,786,2010,2796
380,"Italy",4,"Median","96",1987,544,1476,2020
380,"Italy",4,"Median","97",1987,367,1039,1406
380,"Italy",4,"Median","98",1987,247,707,954
380,"Italy",4,"Median","99",1987,156,462,619
380,"Italy",4,"Median","100",1987,64,174,238
380,"Italy",4,"Median","101",1987,47,131,178
380,"Italy",4,"Median","102",1987,34,99,133
380,"Italy",4,"Median","103",1987,25,75,100
380,"Italy",4,"Median","104",1987,18,56,74
380,"Italy",4,"Median","105",1987,13,42,55
380,"Italy",4,"Median","106",1987,10,32,42
380,"Italy",4,"Median","107",1987,7,24,31
380,"Italy",4,"Median","108",1987,5,18,23
380,"Italy",4,"Median","109",1987,4,14,18
380,"Italy",4,"Median","110",1987,3,10,13
380,"Italy",4,"Median","0",1988,2991,2258,5249
380,"Italy",4,"Median","1",1988,149,127,277
380,"Italy",4,"Median","2",1988,116,74,189
380,"Italy",4,"Median","3",1988,80,73,153
380,"Italy",4,"Median","4",1988,76,49,125
380,"Italy",4,"Median","5",1988,78,56,135
380,"Italy",4,"Median","6",1988,67,42,110
380,"Italy",4,"Median","7",1988,72,46,117
380,"Italy",4,"Median","8",1988,50,41,91
380,"Italy",4,"Median","9",1988,70,43,113
380,"Italy",4,"Median","10",1988,59,45,104
380,"Italy",4,"Median","11",1988,78,52,129
380,"Italy",4,"Median","12",1988,94,66,160
380,"Italy",4,"Median","13",1988,111,57,168
380,"Italy",4,"Median","14",1988,149,79,229
380,"Italy",4,"Median","15",1988,206,97,303
380,"Italy",4,"Median","16",1988,318,117,434
380,"Italy",4,"Median","17",1988,398,100,498
380,"Italy",4,"Median","18",1988,388,118,505
380,"Italy",4,"Median","19",1988,411,142,553
380,"Italy",4,"Median","20",1988,445,171,616
380,"Italy",4,"Median","21",1988,516,150,666
380,"Italy",4,"Median","22",1988,555,140,695
380,"Italy",4,"Median","23",1988,514,159,673
380,"Italy",4,"Median","24",1988,543,156,699
380,"Italy",4,"Median","25",1988,557,152,709
380,"Italy",4,"Median","26",1988,496,169,665
380,"Italy",4,"Median","27",1988,487,170,657
380,"Italy",4,"Median","28",1988,519,168,686
380,"Italy",4,"Median","29",1988,420,190,610
380,"Italy",4,"Median","30",1988,464,153,617
380,"Italy",4,"Median","31",1988,448,179,628
380,"Italy",4,"Median","32",1988,458,201,659
380,"Italy",4,"Median","33",1988,459,181,640
380,"Italy",4,"Median","34",1988,445,218,663
380,"Italy",4,"Median","35",1988,437,219,657
380,"Italy",4,"Median","36",1988,490,277,767
380,"Italy",4,"Median","37",1988,561,267,829
380,"Italy",4,"Median","38",1988,555,307,862
380,"Italy",4,"Median","39",1988,611,378,990
380,"Italy",4,"Median","40",1988,716,391,1107
380,"Italy",4,"Median","41",1988,762,441,1203
380,"Italy",4,"Median","42",1988,819,411,1230
380,"Italy",4,"Median","43",1988,781,486,1266
380,"Italy",4,"Median","44",1988,900,526,1427
380,"Italy",4,"Median","45",1988,973,573,1545
380,"Italy",4,"Median","46",1988,1231,599,1829
380,"Italy",4,"Median","47",1988,1332,703,2035
380,"Italy",4,"Median","48",1988,1531,786,2317
380,"Italy",4,"Median","49",1988,1675,888,2563
380,"Italy",4,"Median","50",1988,1723,929,2652
380,"Italy",4,"Median","51",1988,1866,990,2857
380,"Italy",4,"Median","52",1988,2046,1094,3140
380,"Italy",4,"Median","53",1988,2330,1192,3522
380,"Italy",4,"Median","54",1988,2603,1328,3931
380,"Italy",4,"Median","55",1988,2952,1398,4350
380,"Italy",4,"Median","56",1988,3294,1582,4876
380,"Italy",4,"Median","57",1988,3763,1712,5475
380,"Italy",4,"Median","58",1988,4034,1829,5863
380,"Italy",4,"Median","59",1988,4311,2064,6375
380,"Italy",4,"Median","60",1988,4758,2249,7007
380,"Italy",4,"Median","61",1988,5231,2435,7666
380,"Italy",4,"Median","62",1988,5595,2739,8334
380,"Italy",4,"Median","63",1988,5900,2982,8883
380,"Italy",4,"Median","64",1988,6155,3279,9434
380,"Italy",4,"Median","65",1988,6594,3631,10225
380,"Italy",4,"Median","66",1988,6903,3897,10800
380,"Italy",4,"Median","67",1988,7242,4248,11490
380,"Italy",4,"Median","68",1988,6425,3908,10333
380,"Italy",4,"Median","69",1988,4758,3136,7894
380,"Italy",4,"Median","70",1988,4795,3224,8020
380,"Italy",4,"Median","71",1988,5782,3768,9550
380,"Italy",4,"Median","72",1988,7289,5168,12458
380,"Italy",4,"Median","73",1988,8543,6355,14898
380,"Italy",4,"Median","74",1988,9788,7478,17266
380,"Italy",4,"Median","75",1988,9851,7817,17668
380,"Italy",4,"Median","76",1988,10212,8627,18839
380,"Italy",4,"Median","77",1988,10088,9143,19231
380,"Italy",4,"Median","78",1988,10148,9798,19946
380,"Italy",4,"Median","79",1988,10141,10548,20688
380,"Italy",4,"Median","80",1988,9824,10381,20204
380,"Italy",4,"Median","81",1988,9085,10514,19599
380,"Italy",4,"Median","82",1988,8632,10547,19179
380,"Italy",4,"Median","83",1988,8073,10670,18743
380,"Italy",4,"Median","84",1988,7274,10428,17702
380,"Italy",4,"Median","85",1988,6405,9836,16241
380,"Italy",4,"Median","86",1988,5742,9592,15334
380,"Italy",4,"Median","87",1988,4969,9218,14187
380,"Italy",4,"Median","88",1988,4377,8306,12683
380,"Italy",4,"Median","89",1988,3549,7498,11047
380,"Italy",4,"Median","90",1988,2929,6489,9417
380,"Italy",4,"Median","91",1988,2256,5370,7625
380,"Italy",4,"Median","92",1988,1773,4528,6302
380,"Italy",4,"Median","93",1988,1376,3622,4998
380,"Italy",4,"Median","94",1988,1025,2941,3966
380,"Italy",4,"Median","95",1988,795,2217,3012
380,"Italy",4,"Median","96",1988,582,1635,2217
380,"Italy",4,"Median","97",1988,391,1164,1556
380,"Italy",4,"Median","98",1988,256,794,1050
380,"Italy",4,"Median","99",1988,167,522,690
380,"Italy",4,"Median","100",1988,68,196,264
380,"Italy",4,"Median","101",1988,49,149,198
380,"Italy",4,"Median","102",1988,36,113,149
380,"Italy",4,"Median","103",1988,27,86,113
380,"Italy",4,"Median","104",1988,19,65,84
380,"Italy",4,"Median","105",1988,14,49,63
380,"Italy",4,"Median","106",1988,10,37,47
380,"Italy",4,"Median","107",1988,8,28,36
380,"Italy",4,"Median","108",1988,6,22,28
380,"Italy",4,"Median","109",1988,4,16,20
380,"Italy",4,"Median","110",1988,3,12,15
380,"Italy",4,"Median","0",1989,2697,2160,4857
380,"Italy",4,"Median","1",1989,127,110,237
380,"Italy",4,"Median","2",1989,100,76,176
380,"Italy",4,"Median","3",1989,68,57,125
380,"Italy",4,"Median","4",1989,73,44,117
380,"Italy",4,"Median","5",1989,60,46,106
380,"Italy",4,"Median","6",1989,50,56,106
380,"Italy",4,"Median","7",1989,61,40,100
380,"Italy",4,"Median","8",1989,56,43,99
380,"Italy",4,"Median","9",1989,64,41,105
380,"Italy",4,"Median","10",1989,63,36,99
380,"Italy",4,"Median","11",1989,74,38,112
380,"Italy",4,"Median","12",1989,89,44,134
380,"Italy",4,"Median","13",1989,94,58,152
380,"Italy",4,"Median","14",1989,154,69,223
380,"Italy",4,"Median","15",1989,206,84,290
380,"Italy",4,"Median","16",1989,353,89,442
380,"Italy",4,"Median","17",1989,423,91,513
380,"Italy",4,"Median","18",1989,453,127,580
380,"Italy",4,"Median","19",1989,415,131,546
380,"Italy",4,"Median","20",1989,466,120,586
380,"Italy",4,"Median","21",1989,533,135,668
380,"Italy",4,"Median","22",1989,504,169,673
380,"Italy",4,"Median","23",1989,533,140,674
380,"Italy",4,"Median","24",1989,536,164,700
380,"Italy",4,"Median","25",1989,591,156,748
380,"Italy",4,"Median","26",1989,609,153,761
380,"Italy",4,"Median","27",1989,556,165,721
380,"Italy",4,"Median","28",1989,545,196,741
380,"Italy",4,"Median","29",1989,581,180,761
380,"Italy",4,"Median","30",1989,568,170,738
380,"Italy",4,"Median","31",1989,491,188,679
380,"Italy",4,"Median","32",1989,515,180,694
380,"Italy",4,"Median","33",1989,518,228,746
380,"Italy",4,"Median","34",1989,517,235,752
380,"Italy",4,"Median","35",1989,501,271,773
380,"Italy",4,"Median","36",1989,452,223,676
380,"Italy",4,"Median","37",1989,524,247,771
380,"Italy",4,"Median","38",1989,549,314,863
380,"Italy",4,"Median","39",1989,625,358,983
380,"Italy",4,"Median","40",1989,683,426,1110
380,"Italy",4,"Median","41",1989,805,419,1224
380,"Italy",4,"Median","42",1989,777,421,1197
380,"Italy",4,"Median","43",1989,829,452,1281
380,"Italy",4,"Median","44",1989,873,471,1344
380,"Italy",4,"Median","45",1989,1009,498,1507
380,"Italy",4,"Median","46",1989,1054,623,1677
380,"Italy",4,"Median","47",1989,1231,688,1919
380,"Italy",4,"Median","48",1989,1420,789,2209
380,"Italy",4,"Median","49",1989,1623,869,2492
380,"Italy",4,"Median","50",1989,1804,978,2782
380,"Italy",4,"Median","51",1989,1883,1075,2958
380,"Italy",4,"Median","52",1989,1987,1048,3035
380,"Italy",4,"Median","53",1989,2265,1129,3395
380,"Italy",4,"Median","54",1989,2473,1238,3711
380,"Italy",4,"Median","55",1989,2886,1363,4249
380,"Italy",4,"Median","56",1989,3038,1502,4540
380,"Italy",4,"Median","57",1989,3459,1611,5070
380,"Italy",4,"Median","58",1989,3813,1837,5650
380,"Italy",4,"Median","59",1989,4300,1883,6183
380,"Italy",4,"Median","60",1989,4525,2050,6575
380,"Italy",4,"Median","61",1989,5033,2246,7279
380,"Italy",4,"Median","62",1989,5402,2535,7937
380,"Italy",4,"Median","63",1989,5734,2861,8595
380,"Italy",4,"Median","64",1989,6217,3201,9418
380,"Italy",4,"Median","65",1989,6461,3457,9917
380,"Italy",4,"Median","66",1989,6690,3880,10570
380,"Italy",4,"Median","67",1989,7149,4045,11195
380,"Italy",4,"Median","68",1989,7324,4587,11910
380,"Italy",4,"Median","69",1989,6660,4098,10758
380,"Italy",4,"Median","70",1989,4906,3243,8149
380,"Italy",4,"Median","71",1989,4883,3420,8303
380,"Italy",4,"Median","72",1989,6048,4205,10253
380,"Italy",4,"Median","73",1989,7488,5494,12982
380,"Italy",4,"Median","74",1989,8763,6606,15369
380,"Italy",4,"Median","75",1989,9590,7668,17258
380,"Italy",4,"Median","76",1989,9890,8257,18148
380,"Italy",4,"Median","77",1989,10121,8909,19030
380,"Italy",4,"Median","78",1989,10004,9347,19351
380,"Italy",4,"Median","79",1989,10145,10282,20428
380,"Italy",4,"Median","80",1989,9822,10322,20144
380,"Italy",4,"Median","81",1989,9324,10689,20013
380,"Italy",4,"Median","82",1989,8448,10580,19028
380,"Italy",4,"Median","83",1989,8073,10552,18625
380,"Italy",4,"Median","84",1989,7264,10296,17560
380,"Italy",4,"Median","85",1989,6601,10109,16710
380,"Italy",4,"Median","86",1989,5710,9404,15114
380,"Italy",4,"Median","87",1989,5123,8809,13932
380,"Italy",4,"Median","88",1989,4569,8508,13077
380,"Italy",4,"Median","89",1989,3638,7546,11184
380,"Italy",4,"Median","90",1989,3014,6497,9510
380,"Italy",4,"Median","91",1989,2395,5547,7943
380,"Italy",4,"Median","92",1989,1939,4663,6602
380,"Italy",4,"Median","93",1989,1307,3699,5006
380,"Italy",4,"Median","94",1989,1080,3029,4110
380,"Italy",4,"Median","95",1989,772,2256,3029
380,"Italy",4,"Median","96",1989,583,1683,2266
380,"Italy",4,"Median","97",1989,415,1203,1618
380,"Italy",4,"Median","98",1989,271,829,1100
380,"Italy",4,"Median","99",1989,172,546,719
380,"Italy",4,"Median","100",1989,72,207,279
380,"Italy",4,"Median","101",1989,53,157,210
380,"Italy",4,"Median","102",1989,38,120,158
380,"Italy",4,"Median","103",1989,28,91,119
380,"Italy",4,"Median","104",1989,21,69,90
380,"Italy",4,"Median","105",1989,15,53,68
380,"Italy",4,"Median","106",1989,11,40,51
380,"Italy",4,"Median","107",1989,8,31,39
380,"Italy",4,"Median","108",1989,6,23,29
380,"Italy",4,"Median","109",1989,4,18,22
380,"Italy",4,"Median","110",1989,3,13,16
380,"Italy",4,"Median","0",1990,2656,1982,4637
380,"Italy",4,"Median","1",1990,130,118,248
380,"Italy",4,"Median","2",1990,82,73,156
380,"Italy",4,"Median","3",1990,71,50,121
380,"Italy",4,"Median","4",1990,70,51,122
380,"Italy",4,"Median","5",1990,61,52,113
380,"Italy",4,"Median","6",1990,45,40,84
380,"Italy",4,"Median","7",1990,65,35,100
380,"Italy",4,"Median","8",1990,58,37,94
380,"Italy",4,"Median","9",1990,72,43,116
380,"Italy",4,"Median","10",1990,67,35,102
380,"Italy",4,"Median","11",1990,63,43,106
380,"Italy",4,"Median","12",1990,85,45,130
380,"Italy",4,"Median","13",1990,97,63,160
380,"Italy",4,"Median","14",1990,143,70,213
380,"Italy",4,"Median","15",1990,239,98,337
380,"Italy",4,"Median","16",1990,351,113,464
380,"Italy",4,"Median","17",1990,424,98,522
380,"Italy",4,"Median","18",1990,418,126,544
380,"Italy",4,"Median","19",1990,449,127,576
380,"Italy",4,"Median","20",1990,460,136,596
380,"Italy",4,"Median","21",1990,549,156,705
380,"Italy",4,"Median","22",1990,518,131,649
380,"Italy",4,"Median","23",1990,522,169,691
380,"Italy",4,"Median","24",1990,599,159,758
380,"Italy",4,"Median","25",1990,635,207,842
380,"Italy",4,"Median","26",1990,645,180,825
380,"Italy",4,"Median","27",1990,643,175,818
380,"Italy",4,"Median","28",1990,656,178,834
380,"Italy",4,"Median","29",1990,617,183,801
380,"Italy",4,"Median","30",1990,605,189,794
380,"Italy",4,"Median","31",1990,579,211,790
380,"Italy",4,"Median","32",1990,558,204,762
380,"Italy",4,"Median","33",1990,601,207,808
380,"Italy",4,"Median","34",1990,545,221,766
380,"Italy",4,"Median","35",1990,563,239,802
380,"Italy",4,"Median","36",1990,577,253,829
380,"Italy",4,"Median","37",1990,594,279,874
380,"Italy",4,"Median","38",1990,599,319,918
380,"Italy",4,"Median","39",1990,656,322,978
380,"Italy",4,"Median","40",1990,730,378,1108
380,"Italy",4,"Median","41",1990,791,394,1185
380,"Italy",4,"Median","42",1990,860,501,1361
380,"Italy",4,"Median","43",1990,907,492,1399
380,"Italy",4,"Median","44",1990,930,515,1445
380,"Italy",4,"Median","45",1990,916,541,1457
380,"Italy",4,"Median","46",1990,1027,562,1590
380,"Italy",4,"Median","47",1990,1171,608,1780
380,"Italy",4,"Median","48",1990,1340,726,2066
380,"Italy",4,"Median","49",1990,1526,773,2298
380,"Italy",4,"Median","50",1990,1744,898,2642
380,"Italy",4,"Median","51",1990,1953,933,2886
380,"Italy",4,"Median","52",1990,1967,1034,3001
380,"Italy",4,"Median","53",1990,2115,1145,3260
380,"Italy",4,"Median","54",1990,2397,1201,3598
380,"Italy",4,"Median","55",1990,2665,1338,4003
380,"Italy",4,"Median","56",1990,2989,1450,4438
380,"Italy",4,"Median","57",1990,3359,1580,4939
380,"Italy",4,"Median","58",1990,3754,1811,5565
380,"Italy",4,"Median","59",1990,4054,1962,6016
380,"Italy",4,"Median","60",1990,4543,2144,6687
380,"Italy",4,"Median","61",1990,4835,2340,7176
380,"Italy",4,"Median","62",1990,5180,2486,7667
380,"Italy",4,"Median","63",1990,5561,2782,8343
380,"Italy",4,"Median","64",1990,6035,3022,9056
380,"Italy",4,"Median","65",1990,6407,3304,9711
380,"Italy",4,"Median","66",1990,6953,3765,10718
380,"Italy",4,"Median","67",1990,7262,4044,11306
380,"Italy",4,"Median","68",1990,7450,4426,11876
380,"Italy",4,"Median","69",1990,7684,4847,12531
380,"Italy",4,"Median","70",1990,6852,4368,11220
380,"Italy",4,"Median","71",1990,5187,3498,8684
380,"Italy",4,"Median","72",1990,5213,3583,8796
380,"Italy",4,"Median","73",1990,6260,4527,10787
380,"Italy",4,"Median","74",1990,7860,6028,13888
380,"Italy",4,"Median","75",1990,9220,7193,16414
380,"Italy",4,"Median","76",1990,10022,8432,18453
380,"Italy",4,"Median","77",1990,10079,9018,19097
380,"Italy",4,"Median","78",1990,10256,9764,20020
380,"Italy",4,"Median","79",1990,10135,10140,20275
380,"Italy",4,"Median","80",1990,10300,10754,21054
380,"Italy",4,"Median","81",1990,9609,10982,20590
380,"Italy",4,"Median","82",1990,8979,11156,20135
380,"Italy",4,"Median","83",1990,8585,11265,19850
380,"Italy",4,"Median","84",1990,7778,10850,18628
380,"Italy",4,"Median","85",1990,7127,10648,17775
380,"Italy",4,"Median","86",1990,6210,10069,16279
380,"Italy",4,"Median","87",1990,5308,9548,14856
380,"Italy",4,"Median","88",1990,4672,8795,13468
380,"Italy",4,"Median","89",1990,3911,8185,12097
380,"Italy",4,"Median","90",1990,3232,7366,10598
380,"Italy",4,"Median","91",1990,2579,6024,8603
380,"Italy",4,"Median","92",1990,1951,5117,7068
380,"Italy",4,"Median","93",1990,1563,4023,5586
380,"Italy",4,"Median","94",1990,1105,3146,4251
380,"Italy",4,"Median","95",1990,800,2467,3267
380,"Italy",4,"Median","96",1990,581,1820,2401
380,"Italy",4,"Median","97",1990,426,1313,1739
380,"Italy",4,"Median","98",1990,295,906,1201
380,"Italy",4,"Median","99",1990,187,602,789
380,"Italy",4,"Median","100",1990,77,230,307
380,"Italy",4,"Median","101",1990,56,175,231
380,"Italy",4,"Median","102",1990,41,133,174
380,"Italy",4,"Median","103",1990,30,101,131
380,"Italy",4,"Median","104",1990,22,77,99
380,"Italy",4,"Median","105",1990,16,58,74
380,"Italy",4,"Median","106",1990,12,44,56
380,"Italy",4,"Median","107",1990,9,34,43
380,"Italy",4,"Median","108",1990,6,26,32
380,"Italy",4,"Median","109",1990,5,19,24
380,"Italy",4,"Median","110",1990,3,15,18
380,"Italy",4,"Median","0",1991,2697,2051,4747
380,"Italy",4,"Median","1",1991,149,133,282
380,"Italy",4,"Median","2",1991,101,78,179
380,"Italy",4,"Median","3",1991,64,75,139
380,"Italy",4,"Median","4",1991,57,49,106
380,"Italy",4,"Median","5",1991,78,51,129
380,"Italy",4,"Median","6",1991,72,38,110
380,"Italy",4,"Median","7",1991,59,31,90
380,"Italy",4,"Median","8",1991,70,47,117
380,"Italy",4,"Median","9",1991,54,28,82
380,"Italy",4,"Median","10",1991,56,34,90
380,"Italy",4,"Median","11",1991,67,44,111
380,"Italy",4,"Median","12",1991,66,53,119
380,"Italy",4,"Median","13",1991,103,53,156
380,"Italy",4,"Median","14",1991,151,70,222
380,"Italy",4,"Median","15",1991,180,78,258
380,"Italy",4,"Median","16",1991,342,110,452
380,"Italy",4,"Median","17",1991,412,113,525
380,"Italy",4,"Median","18",1991,478,111,588
380,"Italy",4,"Median","19",1991,455,153,608
380,"Italy",4,"Median","20",1991,518,155,673
380,"Italy",4,"Median","21",1991,552,149,701
380,"Italy",4,"Median","22",1991,563,125,688
380,"Italy",4,"Median","23",1991,621,140,761
380,"Italy",4,"Median","24",1991,578,174,752
380,"Italy",4,"Median","25",1991,666,187,853
380,"Italy",4,"Median","26",1991,697,207,904
380,"Italy",4,"Median","27",1991,724,212,936
380,"Italy",4,"Median","28",1991,705,221,926
380,"Italy",4,"Median","29",1991,708,213,921
380,"Italy",4,"Median","30",1991,677,231,907
380,"Italy",4,"Median","31",1991,681,248,928
380,"Italy",4,"Median","32",1991,698,236,934
380,"Italy",4,"Median","33",1991,633,244,876
380,"Italy",4,"Median","34",1991,604,242,847
380,"Italy",4,"Median","35",1991,616,260,876
380,"Italy",4,"Median","36",1991,567,266,832
380,"Italy",4,"Median","37",1991,558,245,803
380,"Italy",4,"Median","38",1991,628,280,907
380,"Italy",4,"Median","39",1991,655,323,978
380,"Italy",4,"Median","40",1991,686,371,1058
380,"Italy",4,"Median","41",1991,690,398,1088
380,"Italy",4,"Median","42",1991,907,454,1361
380,"Italy",4,"Median","43",1991,937,476,1412
380,"Italy",4,"Median","44",1991,985,528,1513
380,"Italy",4,"Median","45",1991,958,581,1539
380,"Italy",4,"Median","46",1991,1086,575,1661
380,"Italy",4,"Median","47",1991,1213,682,1894
380,"Italy",4,"Median","48",1991,1331,655,1986
380,"Italy",4,"Median","49",1991,1468,765,2233
380,"Italy",4,"Median","50",1991,1699,896,2596
380,"Italy",4,"Median","51",1991,1871,961,2832
380,"Italy",4,"Median","52",1991,2046,1105,3150
380,"Italy",4,"Median","53",1991,2212,1135,3347
380,"Italy",4,"Median","54",1991,2389,1163,3552
380,"Italy",4,"Median","55",1991,2622,1396,4017
380,"Italy",4,"Median","56",1991,2996,1380,4376
380,"Italy",4,"Median","57",1991,3365,1519,4884
380,"Italy",4,"Median","58",1991,3524,1724,5247
380,"Italy",4,"Median","59",1991,4080,1910,5990
380,"Italy",4,"Median","60",1991,4405,2091,6496
380,"Italy",4,"Median","61",1991,4829,2270,7100
380,"Italy",4,"Median","62",1991,5271,2493,7765
380,"Italy",4,"Median","63",1991,5603,2797,8400
380,"Italy",4,"Median","64",1991,5979,3021,9000
380,"Italy",4,"Median","65",1991,6455,3286,9741
380,"Italy",4,"Median","66",1991,6908,3502,10410
380,"Italy",4,"Median","67",1991,7165,3939,11103
380,"Italy",4,"Median","68",1991,7527,4375,11903
380,"Italy",4,"Median","69",1991,7838,4814,12652
380,"Italy",4,"Median","70",1991,8150,5382,13532
380,"Italy",4,"Median","71",1991,7406,4859,12266
380,"Italy",4,"Median","72",1991,5455,3766,9221
380,"Italy",4,"Median","73",1991,5186,3994,9180
380,"Italy",4,"Median","74",1991,6460,4892,11352
380,"Italy",4,"Median","75",1991,7941,6474,14415
380,"Italy",4,"Median","76",1991,9375,7690,17065
380,"Italy",4,"Median","77",1991,10200,9036,19236
380,"Italy",4,"Median","78",1991,10285,9676,19962
380,"Italy",4,"Median","79",1991,10399,10212,20611
380,"Italy",4,"Median","80",1991,10308,10582,20890
380,"Italy",4,"Median","81",1991,10420,11315,21736
380,"Italy",4,"Median","82",1991,9721,11375,21096
380,"Italy",4,"Median","83",1991,8960,11379,20339
380,"Italy",4,"Median","84",1991,8063,11285,19348
380,"Italy",4,"Median","85",1991,7392,11113,18505
380,"Italy",4,"Median","86",1991,6566,10628,17194
380,"Italy",4,"Median","87",1991,5814,9998,15812
380,"Italy",4,"Median","88",1991,4801,9190,13991
380,"Italy",4,"Median","89",1991,4123,8383,12506
380,"Italy",4,"Median","90",1991,3505,7682,11187
380,"Italy",4,"Median","91",1991,2730,6540,9270
380,"Italy",4,"Median","92",1991,2211,5307,7518
380,"Italy",4,"Median","93",1991,1693,4328,6021
380,"Italy",4,"Median","94",1991,1265,3278,4543
380,"Italy",4,"Median","95",1991,901,2676,3577
380,"Italy",4,"Median","96",1991,625,1944,2569
380,"Italy",4,"Median","97",1991,442,1388,1830
380,"Italy",4,"Median","98",1991,316,967,1283
380,"Italy",4,"Median","99",1991,212,644,856
380,"Italy",4,"Median","100",1991,87,248,335
380,"Italy",4,"Median","101",1991,63,189,252
380,"Italy",4,"Median","102",1991,46,144,190
380,"Italy",4,"Median","103",1991,34,109,143
380,"Italy",4,"Median","104",1991,25,83,108
380,"Italy",4,"Median","105",1991,18,63,81
380,"Italy",4,"Median","106",1991,13,48,61
380,"Italy",4,"Median","107",1991,10,37,47
380,"Italy",4,"Median","108",1991,7,28,35
380,"Italy",4,"Median","109",1991,5,21,26
380,"Italy",4,"Median","110",1991,4,16,20
380,"Italy",4,"Median","0",1992,2670,1948,4618
380,"Italy",4,"Median","1",1992,134,125,258
380,"Italy",4,"Median","2",1992,95,88,183
380,"Italy",4,"Median","3",1992,77,55,132
380,"Italy",4,"Median","4",1992,59,38,97
380,"Italy",4,"Median","5",1992,47,52,99
380,"Italy",4,"Median","6",1992,54,34,87
380,"Italy",4,"Median","7",1992,61,29,90
380,"Italy",4,"Median","8",1992,61,41,102
380,"Italy",4,"Median","9",1992,54,34,88
380,"Italy",4,"Median","10",1992,66,39,105
380,"Italy",4,"Median","11",1992,58,46,104
380,"Italy",4,"Median","12",1992,66,69,135
380,"Italy",4,"Median","13",1992,83,46,129
380,"Italy",4,"Median","14",1992,164,80,245
380,"Italy",4,"Median","15",1992,197,88,286
380,"Italy",4,"Median","16",1992,302,101,404
380,"Italy",4,"Median","17",1992,381,123,504
380,"Italy",4,"Median","18",1992,458,127,585
380,"Italy",4,"Median","19",1992,426,142,568
380,"Italy",4,"Median","20",1992,527,137,663
380,"Italy",4,"Median","21",1992,540,134,674
380,"Italy",4,"Median","22",1992,547,124,672
380,"Italy",4,"Median","23",1992,582,135,718
380,"Italy",4,"Median","24",1992,588,156,744
380,"Italy",4,"Median","25",1992,550,180,730
380,"Italy",4,"Median","26",1992,633,175,808
380,"Italy",4,"Median","27",1992,659,233,892
380,"Italy",4,"Median","28",1992,664,238,902
380,"Italy",4,"Median","29",1992,702,223,925
380,"Italy",4,"Median","30",1992,789,246,1034
380,"Italy",4,"Median","31",1992,734,258,992
380,"Italy",4,"Median","32",1992,668,254,922
380,"Italy",4,"Median","33",1992,698,221,919
380,"Italy",4,"Median","34",1992,644,245,890
380,"Italy",4,"Median","35",1992,604,283,887
380,"Italy",4,"Median","36",1992,620,234,854
380,"Italy",4,"Median","37",1992,648,306,954
380,"Italy",4,"Median","38",1992,603,304,906
380,"Italy",4,"Median","39",1992,627,327,954
380,"Italy",4,"Median","40",1992,689,302,991
380,"Italy",4,"Median","41",1992,686,370,1056
380,"Italy",4,"Median","42",1992,832,392,1224
380,"Italy",4,"Median","43",1992,928,489,1417
380,"Italy",4,"Median","44",1992,1011,511,1522
380,"Italy",4,"Median","45",1992,1105,559,1663
380,"Italy",4,"Median","46",1992,1101,568,1669
380,"Italy",4,"Median","47",1992,1126,598,1724
380,"Italy",4,"Median","48",1992,1312,708,2020
380,"Italy",4,"Median","49",1992,1493,774,2266
380,"Italy",4,"Median","50",1992,1532,771,2303
380,"Italy",4,"Median","51",1992,1782,918,2700
380,"Italy",4,"Median","52",1992,1997,1018,3015
380,"Italy",4,"Median","53",1992,2282,1158,3440
380,"Italy",4,"Median","54",1992,2430,1215,3645
380,"Italy",4,"Median","55",1992,2632,1235,3867
380,"Italy",4,"Median","56",1992,2735,1389,4124
380,"Italy",4,"Median","57",1992,3102,1519,4622
380,"Italy",4,"Median","58",1992,3397,1695,5093
380,"Italy",4,"Median","59",1992,3759,1835,5593
380,"Italy",4,"Median","60",1992,4289,2068,6357
380,"Italy",4,"Median","61",1992,4685,2170,6855
380,"Italy",4,"Median","62",1992,5086,2365,7451
380,"Italy",4,"Median","63",1992,5375,2614,7989
380,"Italy",4,"Median","64",1992,5855,2826,8681
380,"Italy",4,"Median","65",1992,6220,3247,9467
380,"Italy",4,"Median","66",1992,6673,3464,10137
380,"Italy",4,"Median","67",1992,7229,3908,11137
380,"Italy",4,"Median","68",1992,7439,4192,11631
380,"Italy",4,"Median","69",1992,7788,4724,12511
380,"Italy",4,"Median","70",1992,7974,5246,13220
380,"Italy",4,"Median","71",1992,8336,5595,13931
380,"Italy",4,"Median","72",1992,7416,5152,12567
380,"Italy",4,"Median","73",1992,5542,4073,9616
380,"Italy",4,"Median","74",1992,5465,4087,9552
380,"Italy",4,"Median","75",1992,6526,5222,11748
380,"Italy",4,"Median","76",1992,8037,6815,14853
380,"Italy",4,"Median","77",1992,9357,8279,17636
380,"Italy",4,"Median","78",1992,10142,9449,19591
380,"Italy",4,"Median","79",1992,10168,10312,20480
380,"Italy",4,"Median","80",1992,10494,10523,21017
380,"Italy",4,"Median","81",1992,10065,10874,20939
380,"Italy",4,"Median","82",1992,9753,11411,21164
380,"Italy",4,"Median","83",1992,9154,11654,20807
380,"Italy",4,"Median","84",1992,8156,11419,19575
380,"Italy",4,"Median","85",1992,7531,11111,18642
380,"Italy",4,"Median","86",1992,6747,10687,17433
380,"Italy",4,"Median","87",1992,5863,10081,15944
380,"Italy",4,"Median","88",1992,4966,9299,14264
380,"Italy",4,"Median","89",1992,4028,8264,12292
380,"Italy",4,"Median","90",1992,3623,7359,10982
380,"Italy",4,"Median","91",1992,2798,6693,9490
380,"Italy",4,"Median","92",1992,2269,5534,7803
380,"Italy",4,"Median","93",1992,1765,4544,6308
380,"Italy",4,"Median","94",1992,1314,3449,4763
380,"Italy",4,"Median","95",1992,936,2760,3696
380,"Italy",4,"Median","96",1992,656,2074,2730
380,"Italy",4,"Median","97",1992,442,1461,1904
380,"Italy",4,"Median","98",1992,304,1010,1314
380,"Italy",4,"Median","99",1992,210,681,891
380,"Italy",4,"Median","100",1992,92,261,353
380,"Italy",4,"Median","101",1992,67,200,267
380,"Italy",4,"Median","102",1992,48,153,201
380,"Italy",4,"Median","103",1992,35,117,152
380,"Italy",4,"Median","104",1992,26,90,116
380,"Italy",4,"Median","105",1992,19,69,88
380,"Italy",4,"Median","106",1992,13,53,66
380,"Italy",4,"Median","107",1992,10,40,50
380,"Italy",4,"Median","108",1992,7,31,38
380,"Italy",4,"Median","109",1992,5,24,29
380,"Italy",4,"Median","110",1992,4,18,22
380,"Italy",4,"Median","0",1993,2146,1702,3848
380,"Italy",4,"Median","1",1993,130,134,265
380,"Italy",4,"Median","2",1993,122,104,226
380,"Italy",4,"Median","3",1993,102,92,194
380,"Italy",4,"Median","4",1993,67,59,125
380,"Italy",4,"Median","5",1993,59,54,113
380,"Italy",4,"Median","6",1993,66,58,123
380,"Italy",4,"Median","7",1993,46,49,96
380,"Italy",4,"Median","8",1993,67,32,99
380,"Italy",4,"Median","9",1993,61,44,105
380,"Italy",4,"Median","10",1993,54,43,97
380,"Italy",4,"Median","11",1993,73,48,121
380,"Italy",4,"Median","12",1993,68,43,111
380,"Italy",4,"Median","13",1993,96,47,143
380,"Italy",4,"Median","14",1993,125,66,191
380,"Italy",4,"Median","15",1993,179,63,242
380,"Italy",4,"Median","16",1993,263,100,363
380,"Italy",4,"Median","17",1993,331,101,432
380,"Italy",4,"Median","18",1993,376,94,470
380,"Italy",4,"Median","19",1993,413,143,557
380,"Italy",4,"Median","20",1993,430,125,554
380,"Italy",4,"Median","21",1993,465,137,602
380,"Italy",4,"Median","22",1993,483,152,634
380,"Italy",4,"Median","23",1993,477,133,610
380,"Italy",4,"Median","24",1993,488,162,650
380,"Italy",4,"Median","25",1993,474,151,625
380,"Italy",4,"Median","26",1993,567,189,756
380,"Italy",4,"Median","27",1993,540,213,753
380,"Italy",4,"Median","28",1993,672,223,895
380,"Italy",4,"Median","29",1993,710,252,961
380,"Italy",4,"Median","30",1993,714,227,942
380,"Italy",4,"Median","31",1993,685,268,952
380,"Italy",4,"Median","32",1993,750,215,965
380,"Italy",4,"Median","33",1993,676,267,942
380,"Italy",4,"Median","34",1993,660,262,921
380,"Italy",4,"Median","35",1993,563,265,828
380,"Italy",4,"Median","36",1993,650,291,941
380,"Italy",4,"Median","37",1993,591,294,884
380,"Italy",4,"Median","38",1993,639,325,964
380,"Italy",4,"Median","39",1993,601,341,942
380,"Italy",4,"Median","40",1993,626,356,982
380,"Italy",4,"Median","41",1993,691,381,1072
380,"Italy",4,"Median","42",1993,799,389,1188
380,"Italy",4,"Median","43",1993,885,471,1356
380,"Italy",4,"Median","44",1993,937,517,1453
380,"Italy",4,"Median","45",1993,1051,530,1581
380,"Italy",4,"Median","46",1993,1151,637,1787
380,"Italy",4,"Median","47",1993,1172,629,1802
380,"Italy",4,"Median","48",1993,1234,642,1876
380,"Italy",4,"Median","49",1993,1330,737,2066
380,"Italy",4,"Median","50",1993,1478,771,2250
380,"Italy",4,"Median","51",1993,1686,855,2541
380,"Italy",4,"Median","52",1993,1936,1010,2946
380,"Italy",4,"Median","53",1993,2236,1142,3378
380,"Italy",4,"Median","54",1993,2414,1277,3692
380,"Italy",4,"Median","55",1993,2514,1324,3838
380,"Italy",4,"Median","56",1993,2691,1322,4013
380,"Italy",4,"Median","57",1993,3073,1511,4583
380,"Italy",4,"Median","58",1993,3345,1613,4957
380,"Italy",4,"Median","59",1993,3509,1737,5246
380,"Italy",4,"Median","60",1993,4047,1894,5941
380,"Italy",4,"Median","61",1993,4376,2244,6620
380,"Italy",4,"Median","62",1993,4911,2296,7207
380,"Italy",4,"Median","63",1993,5315,2623,7939
380,"Italy",4,"Median","64",1993,5755,2847,8602
380,"Italy",4,"Median","65",1993,6164,3075,9239
380,"Italy",4,"Median","66",1993,6560,3439,9999
380,"Italy",4,"Median","67",1993,7065,3749,10814
380,"Italy",4,"Median","68",1993,7330,4103,11432
380,"Italy",4,"Median","69",1993,7786,4595,12380
380,"Italy",4,"Median","70",1993,7923,5106,13029
380,"Italy",4,"Median","71",1993,8420,5576,13996
380,"Italy",4,"Median","72",1993,8562,6022,14584
380,"Italy",4,"Median","73",1993,7667,5664,13331
380,"Italy",4,"Median","74",1993,5858,4378,10236
380,"Italy",4,"Median","75",1993,5586,4475,10061
380,"Italy",4,"Median","76",1993,6678,5637,12315
380,"Italy",4,"Median","77",1993,8486,7391,15877
380,"Italy",4,"Median","78",1993,9599,8832,18431
380,"Italy",4,"Median","79",1993,10535,10243,20778
380,"Italy",4,"Median","80",1993,10721,10762,21483
380,"Italy",4,"Median","81",1993,10502,11059,21561
380,"Italy",4,"Median","82",1993,9973,11628,21601
380,"Italy",4,"Median","83",1993,9614,12135,21750
380,"Italy",4,"Median","84",1993,8967,11883,20850
380,"Italy",4,"Median","85",1993,8054,11347,19401
380,"Italy",4,"Median","86",1993,7140,11177,18317
380,"Italy",4,"Median","87",1993,6193,10303,16497
380,"Italy",4,"Median","88",1993,5279,9813,15092
380,"Italy",4,"Median","89",1993,4582,8733,13314
380,"Italy",4,"Median","90",1993,3716,7951,11667
380,"Italy",4,"Median","91",1993,2983,6689,9671
380,"Italy",4,"Median","92",1993,2491,5999,8490
380,"Italy",4,"Median","93",1993,1888,4850,6739
380,"Italy",4,"Median","94",1993,1360,3674,5034
380,"Italy",4,"Median","95",1993,1003,2891,3894
380,"Italy",4,"Median","96",1993,708,2199,2908
380,"Italy",4,"Median","97",1993,481,1600,2081
380,"Italy",4,"Median","98",1993,314,1090,1404
380,"Italy",4,"Median","99",1993,209,727,936
380,"Italy",4,"Median","100",1993,97,280,377
380,"Italy",4,"Median","101",1993,70,215,285
380,"Italy",4,"Median","102",1993,51,166,217
380,"Italy",4,"Median","103",1993,37,127,164
380,"Italy",4,"Median","104",1993,27,98,125
380,"Italy",4,"Median","105",1993,19,75,94
380,"Italy",4,"Median","106",1993,14,58,72
380,"Italy",4,"Median","107",1993,10,44,54
380,"Italy",4,"Median","108",1993,7,34,41
380,"Italy",4,"Median","109",1993,5,26,31
380,"Italy",4,"Median","110",1993,4,20,24
380,"Italy",4,"Median","0",1994,1959,1490,3450
380,"Italy",4,"Median","1",1994,125,107,232
380,"Italy",4,"Median","2",1994,99,94,193
380,"Italy",4,"Median","3",1994,74,86,160
380,"Italy",4,"Median","4",1994,61,69,129
380,"Italy",4,"Median","5",1994,56,53,109
380,"Italy",4,"Median","6",1994,51,52,103
380,"Italy",4,"Median","7",1994,58,38,96
380,"Italy",4,"Median","8",1994,41,36,77
380,"Italy",4,"Median","9",1994,62,38,99
380,"Italy",4,"Median","10",1994,49,44,94
380,"Italy",4,"Median","11",1994,42,40,83
380,"Italy",4,"Median","12",1994,57,42,99
380,"Italy",4,"Median","13",1994,72,37,109
380,"Italy",4,"Median","14",1994,123,63,186
380,"Italy",4,"Median","15",1994,146,69,215
380,"Italy",4,"Median","16",1994,256,66,323
380,"Italy",4,"Median","17",1994,325,107,432
380,"Italy",4,"Median","18",1994,355,101,457
380,"Italy",4,"Median","19",1994,397,115,512
380,"Italy",4,"Median","20",1994,422,118,540
380,"Italy",4,"Median","21",1994,443,108,550
380,"Italy",4,"Median","22",1994,401,115,515
380,"Italy",4,"Median","23",1994,432,138,570
380,"Italy",4,"Median","24",1994,462,133,596
380,"Italy",4,"Median","25",1994,445,167,612
380,"Italy",4,"Median","26",1994,501,183,684
380,"Italy",4,"Median","27",1994,524,208,732
380,"Italy",4,"Median","28",1994,636,232,867
380,"Italy",4,"Median","29",1994,666,237,904
380,"Italy",4,"Median","30",1994,737,261,997
380,"Italy",4,"Median","31",1994,815,259,1074
380,"Italy",4,"Median","32",1994,799,263,1062
380,"Italy",4,"Median","33",1994,757,276,1033
380,"Italy",4,"Median","34",1994,752,288,1040
380,"Italy",4,"Median","35",1994,692,290,982
380,"Italy",4,"Median","36",1994,654,268,922
380,"Italy",4,"Median","37",1994,649,290,939
380,"Italy",4,"Median","38",1994,681,309,990
380,"Italy",4,"Median","39",1994,699,298,997
380,"Italy",4,"Median","40",1994,717,333,1050
380,"Italy",4,"Median","41",1994,718,363,1081
380,"Italy",4,"Median","42",1994,780,392,1172
380,"Italy",4,"Median","43",1994,870,419,1290
380,"Italy",4,"Median","44",1994,941,482,1423
380,"Italy",4,"Median","45",1994,1014,601,1616
380,"Italy",4,"Median","46",1994,1149,648,1797
380,"Italy",4,"Median","47",1994,1198,675,1873
380,"Italy",4,"Median","48",1994,1263,739,2002
380,"Italy",4,"Median","49",1994,1345,703,2048
380,"Italy",4,"Median","50",1994,1527,793,2320
380,"Italy",4,"Median","51",1994,1659,817,2476
380,"Italy",4,"Median","52",1994,1869,942,2811
380,"Italy",4,"Median","53",1994,2047,1087,3134
380,"Italy",4,"Median","54",1994,2369,1181,3550
380,"Italy",4,"Median","55",1994,2647,1354,4001
380,"Italy",4,"Median","56",1994,2762,1363,4125
380,"Italy",4,"Median","57",1994,2905,1366,4271
380,"Italy",4,"Median","58",1994,3229,1610,4839
380,"Italy",4,"Median","59",1994,3489,1803,5292
380,"Italy",4,"Median","60",1994,3913,1822,5735
380,"Italy",4,"Median","61",1994,4191,2021,6212
380,"Italy",4,"Median","62",1994,4718,2353,7072
380,"Italy",4,"Median","63",1994,5141,2609,7750
380,"Italy",4,"Median","64",1994,5744,2813,8557
380,"Italy",4,"Median","65",1994,5982,3060,9042
380,"Italy",4,"Median","66",1994,6550,3330,9880
380,"Italy",4,"Median","67",1994,6916,3629,10545
380,"Italy",4,"Median","68",1994,7273,4044,11317
380,"Italy",4,"Median","69",1994,7769,4451,12220
380,"Italy",4,"Median","70",1994,7959,5002,12961
380,"Italy",4,"Median","71",1994,8513,5515,14028
380,"Italy",4,"Median","72",1994,8680,6019,14699
380,"Italy",4,"Median","73",1994,8958,6545,15502
380,"Italy",4,"Median","74",1994,7928,6146,14074
380,"Italy",4,"Median","75",1994,5891,4814,10705
380,"Italy",4,"Median","76",1994,5751,4800,10551
380,"Italy",4,"Median","77",1994,6823,6076,12899
380,"Italy",4,"Median","78",1994,8653,7876,16528
380,"Italy",4,"Median","79",1994,9829,9467,19296
380,"Italy",4,"Median","80",1994,10482,10452,20934
380,"Italy",4,"Median","81",1994,10435,11182,21617
380,"Italy",4,"Median","82",1994,10319,11470,21789
380,"Italy",4,"Median","83",1994,9678,11714,21392
380,"Italy",4,"Median","84",1994,9543,12203,21746
380,"Italy",4,"Median","85",1994,8458,11990,20448
380,"Italy",4,"Median","86",1994,7378,11539,18917
380,"Italy",4,"Median","87",1994,6645,10964,17608
380,"Italy",4,"Median","88",1994,5572,10200,15772
380,"Italy",4,"Median","89",1994,4648,9350,13998
380,"Italy",4,"Median","90",1994,4016,8367,12383
380,"Italy",4,"Median","91",1994,3260,7120,10379
380,"Italy",4,"Median","92",1994,2521,6146,8667
380,"Italy",4,"Median","93",1994,2033,5178,7211
380,"Italy",4,"Median","94",1994,1436,4037,5473
380,"Italy",4,"Median","95",1994,1086,3147,4233
380,"Italy",4,"Median","96",1994,758,2334,3092
380,"Italy",4,"Median","97",1994,520,1719,2239
380,"Italy",4,"Median","98",1994,343,1208,1551
380,"Italy",4,"Median","99",1994,217,794,1011
380,"Italy",4,"Median","100",1994,100,301,401
380,"Italy",4,"Median","101",1994,72,233,305
380,"Italy",4,"Median","102",1994,52,180,232
380,"Italy",4,"Median","103",1994,38,139,177
380,"Italy",4,"Median","104",1994,27,107,134
380,"Italy",4,"Median","105",1994,20,83,103
380,"Italy",4,"Median","106",1994,14,64,78
380,"Italy",4,"Median","107",1994,10,49,59
380,"Italy",4,"Median","108",1994,8,38,46
380,"Italy",4,"Median","109",1994,5,29,34
380,"Italy",4,"Median","110",1994,4,23,27
380,"Italy",4,"Median","0",1995,1882,1362,3244
380,"Italy",4,"Median","1",1995,125,118,244
380,"Italy",4,"Median","2",1995,90,91,180
380,"Italy",4,"Median","3",1995,85,57,142
380,"Italy",4,"Median","4",1995,41,47,88
380,"Italy",4,"Median","5",1995,75,48,123
380,"Italy",4,"Median","6",1995,62,62,123
380,"Italy",4,"Median","7",1995,51,44,95
380,"Italy",4,"Median","8",1995,55,30,86
380,"Italy",4,"Median","9",1995,33,31,64
380,"Italy",4,"Median","10",1995,59,30,89
380,"Italy",4,"Median","11",1995,55,33,89
380,"Italy",4,"Median","12",1995,64,37,101
380,"Italy",4,"Median","13",1995,82,48,131
380,"Italy",4,"Median","14",1995,131,53,183
380,"Italy",4,"Median","15",1995,143,66,209
380,"Italy",4,"Median","16",1995,226,66,292
380,"Italy",4,"Median","17",1995,264,80,344
380,"Italy",4,"Median","18",1995,387,92,479
380,"Italy",4,"Median","19",1995,380,125,504
380,"Italy",4,"Median","20",1995,427,131,558
380,"Italy",4,"Median","21",1995,456,127,583
380,"Italy",4,"Median","22",1995,482,120,602
380,"Italy",4,"Median","23",1995,468,128,596
380,"Italy",4,"Median","24",1995,509,134,643
380,"Italy",4,"Median","25",1995,448,147,595
380,"Italy",4,"Median","26",1995,477,158,635
380,"Italy",4,"Median","27",1995,552,183,734
380,"Italy",4,"Median","28",1995,546,194,740
380,"Italy",4,"Median","29",1995,639,260,899
380,"Italy",4,"Median","30",1995,747,270,1017
380,"Italy",4,"Median","31",1995,782,293,1076
380,"Italy",4,"Median","32",1995,822,300,1122
380,"Italy",4,"Median","33",1995,758,281,1038
380,"Italy",4,"Median","34",1995,777,319,1096
380,"Italy",4,"Median","35",1995,759,317,1076
380,"Italy",4,"Median","36",1995,757,265,1022
380,"Italy",4,"Median","37",1995,712,311,1023
380,"Italy",4,"Median","38",1995,715,333,1048
380,"Italy",4,"Median","39",1995,731,301,1032
380,"Italy",4,"Median","40",1995,732,348,1080
380,"Italy",4,"Median","41",1995,711,378,1090
380,"Italy",4,"Median","42",1995,709,404,1113
380,"Italy",4,"Median","43",1995,812,411,1222
380,"Italy",4,"Median","44",1995,929,503,1432
380,"Italy",4,"Median","45",1995,1001,580,1581
380,"Italy",4,"Median","46",1995,1131,588,1719
380,"Italy",4,"Median","47",1995,1189,716,1905
380,"Italy",4,"Median","48",1995,1303,725,2028
380,"Italy",4,"Median","49",1995,1417,799,2216
380,"Italy",4,"Median","50",1995,1414,809,2223
380,"Italy",4,"Median","51",1995,1559,856,2415
380,"Italy",4,"Median","52",1995,1692,893,2586
380,"Italy",4,"Median","53",1995,1872,1026,2897
380,"Italy",4,"Median","54",1995,2153,1121,3274
380,"Italy",4,"Median","55",1995,2520,1311,3831
380,"Italy",4,"Median","56",1995,2919,1410,4329
380,"Italy",4,"Median","57",1995,2904,1442,4346
380,"Italy",4,"Median","58",1995,3169,1515,4685
380,"Italy",4,"Median","59",1995,3323,1662,4985
380,"Italy",4,"Median","60",1995,3756,1833,5589
380,"Italy",4,"Median","61",1995,4210,2049,6259
380,"Italy",4,"Median","62",1995,4517,2201,6718
380,"Italy",4,"Median","63",1995,4918,2356,7274
380,"Italy",4,"Median","64",1995,5403,2706,8109
380,"Italy",4,"Median","65",1995,5987,3026,9013
380,"Italy",4,"Median","66",1995,6331,3396,9728
380,"Italy",4,"Median","67",1995,6852,3578,10430
380,"Italy",4,"Median","68",1995,7162,3969,11132
380,"Italy",4,"Median","69",1995,7516,4327,11843
380,"Italy",4,"Median","70",1995,8208,4748,12957
380,"Italy",4,"Median","71",1995,8333,5229,13562
380,"Italy",4,"Median","72",1995,8817,5835,14652
380,"Italy",4,"Median","73",1995,8916,6622,15538
380,"Italy",4,"Median","74",1995,9310,6808,16119
380,"Italy",4,"Median","75",1995,9488,7712,17200
380,"Italy",4,"Median","76",1995,9412,8181,17593
380,"Italy",4,"Median","77",1995,8933,8602,17535
380,"Italy",4,"Median","78",1995,9008,8699,17707
380,"Italy",4,"Median","79",1995,8631,8832,17463
380,"Italy",4,"Median","80",1995,9089,9481,18570
380,"Italy",4,"Median","81",1995,10353,10897,21250
380,"Italy",4,"Median","82",1995,10121,11546,21667
380,"Italy",4,"Median","83",1995,10137,12147,22284
380,"Italy",4,"Median","84",1995,9302,11895,21196
380,"Italy",4,"Median","85",1995,8935,12175,21111
380,"Italy",4,"Median","86",1995,7792,12019,19811
380,"Italy",4,"Median","87",1995,6923,11392,18315
380,"Italy",4,"Median","88",1995,5958,10521,16479
380,"Italy",4,"Median","89",1995,5070,9544,14614
380,"Italy",4,"Median","90",1995,4111,8555,12666
380,"Italy",4,"Median","91",1995,3307,7474,10781
380,"Italy",4,"Median","92",1995,2667,6419,9085
380,"Italy",4,"Median","93",1995,2041,5200,7241
380,"Italy",4,"Median","94",1995,1599,4354,5953
380,"Italy",4,"Median","95",1995,1174,3400,4574
380,"Italy",4,"Median","96",1995,818,2500,3318
380,"Italy",4,"Median","97",1995,554,1796,2349
380,"Italy",4,"Median","98",1995,368,1278,1646
380,"Italy",4,"Median","99",1995,235,867,1102
380,"Italy",4,"Median","100",1995,100,319,419
380,"Italy",4,"Median","101",1995,73,248,321
380,"Italy",4,"Median","102",1995,53,193,246
380,"Italy",4,"Median","103",1995,39,149,188
380,"Italy",4,"Median","104",1995,28,116,144
380,"Italy",4,"Median","105",1995,21,90,111
380,"Italy",4,"Median","106",1995,15,70,85
380,"Italy",4,"Median","107",1995,11,54,65
380,"Italy",4,"Median","108",1995,8,42,50
380,"Italy",4,"Median","109",1995,6,33,39
380,"Italy",4,"Median","110",1995,4,25,29
380,"Italy",4,"Median","0",1996,1734,1500,3233
380,"Italy",4,"Median","1",1996,125,100,225
380,"Italy",4,"Median","2",1996,75,60,135
380,"Italy",4,"Median","3",1996,66,49,116
380,"Italy",4,"Median","4",1996,66,57,122
380,"Italy",4,"Median","5",1996,50,53,103
380,"Italy",4,"Median","6",1996,42,40,82
380,"Italy",4,"Median","7",1996,59,43,102
380,"Italy",4,"Median","8",1996,49,36,85
380,"Italy",4,"Median","9",1996,40,38,78
380,"Italy",4,"Median","10",1996,38,34,73
380,"Italy",4,"Median","11",1996,57,35,92
380,"Italy",4,"Median","12",1996,56,42,97
380,"Italy",4,"Median","13",1996,76,52,128
380,"Italy",4,"Median","14",1996,121,67,188
380,"Italy",4,"Median","15",1996,154,74,228
380,"Italy",4,"Median","16",1996,190,76,266
380,"Italy",4,"Median","17",1996,250,86,336
380,"Italy",4,"Median","18",1996,322,105,427
380,"Italy",4,"Median","19",1996,332,100,432
380,"Italy",4,"Median","20",1996,367,106,473
380,"Italy",4,"Median","21",1996,396,123,519
380,"Italy",4,"Median","22",1996,434,122,556
380,"Italy",4,"Median","23",1996,432,121,553
380,"Italy",4,"Median","24",1996,481,150,631
380,"Italy",4,"Median","25",1996,480,138,619
380,"Italy",4,"Median","26",1996,493,169,662
380,"Italy",4,"Median","27",1996,509,185,694
380,"Italy",4,"Median","28",1996,542,192,733
380,"Italy",4,"Median","29",1996,569,230,800
380,"Italy",4,"Median","30",1996,652,269,922
380,"Italy",4,"Median","31",1996,625,284,909
380,"Italy",4,"Median","32",1996,804,298,1102
380,"Italy",4,"Median","33",1996,789,291,1079
380,"Italy",4,"Median","34",1996,831,285,1116
380,"Italy",4,"Median","35",1996,763,284,1047
380,"Italy",4,"Median","36",1996,749,305,1054
380,"Italy",4,"Median","37",1996,726,294,1020
380,"Italy",4,"Median","38",1996,710,358,1069
380,"Italy",4,"Median","39",1996,650,290,939
380,"Italy",4,"Median","40",1996,718,348,1066
380,"Italy",4,"Median","41",1996,684,390,1074
380,"Italy",4,"Median","42",1996,691,370,1061
380,"Italy",4,"Median","43",1996,752,437,1189
380,"Italy",4,"Median","44",1996,873,467,1340
380,"Italy",4,"Median","45",1996,904,526,1430
380,"Italy",4,"Median","46",1996,1045,607,1652
380,"Italy",4,"Median","47",1996,1143,663,1806
380,"Italy",4,"Median","48",1996,1341,787,2128
380,"Italy",4,"Median","49",1996,1418,814,2232
380,"Italy",4,"Median","50",1996,1486,819,2305
380,"Italy",4,"Median","51",1996,1505,793,2298
380,"Italy",4,"Median","52",1996,1693,891,2584
380,"Italy",4,"Median","53",1996,1819,949,2768
380,"Italy",4,"Median","54",1996,2047,1066,3113
380,"Italy",4,"Median","55",1996,2363,1231,3594
380,"Italy",4,"Median","56",1996,2628,1322,3950
380,"Italy",4,"Median","57",1996,2837,1501,4338
380,"Italy",4,"Median","58",1996,3205,1542,4746
380,"Italy",4,"Median","59",1996,3306,1739,5045
380,"Italy",4,"Median","60",1996,3661,1818,5479
380,"Italy",4,"Median","61",1996,3977,2002,5979
380,"Italy",4,"Median","62",1996,4417,2213,6629
380,"Italy",4,"Median","63",1996,4574,2282,6856
380,"Italy",4,"Median","64",1996,5159,2632,7791
380,"Italy",4,"Median","65",1996,5789,3009,8798
380,"Italy",4,"Median","66",1996,6241,3352,9593
380,"Italy",4,"Median","67",1996,6599,3540,10139
380,"Italy",4,"Median","68",1996,7084,3779,10863
380,"Italy",4,"Median","69",1996,7493,4221,11714
380,"Italy",4,"Median","70",1996,7894,4597,12491
380,"Italy",4,"Median","71",1996,8261,5169,13430
380,"Italy",4,"Median","72",1996,8522,5648,14170
380,"Italy",4,"Median","73",1996,9080,6279,15359
380,"Italy",4,"Median","74",1996,9207,6782,15989
380,"Italy",4,"Median","75",1996,9222,7450,16672
380,"Italy",4,"Median","76",1996,8377,7043,15420
380,"Italy",4,"Median","77",1996,6253,5322,11574
380,"Italy",4,"Median","78",1996,5943,5518,11461
380,"Italy",4,"Median","79",1996,6923,6589,13512
380,"Italy",4,"Median","80",1996,7962,8244,16206
380,"Italy",4,"Median","81",1996,9159,9822,18981
380,"Italy",4,"Median","82",1996,10082,11381,21463
380,"Italy",4,"Median","83",1996,10015,11798,21813
380,"Italy",4,"Median","84",1996,9485,12229,21714
380,"Italy",4,"Median","85",1996,8965,12087,21052
380,"Italy",4,"Median","86",1996,8298,12355,20653
380,"Italy",4,"Median","87",1996,7292,11764,19056
380,"Italy",4,"Median","88",1996,6244,10970,17214
380,"Italy",4,"Median","89",1996,5350,10053,15403
380,"Italy",4,"Median","90",1996,4350,9079,13429
380,"Italy",4,"Median","91",1996,3497,7751,11248
380,"Italy",4,"Median","92",1996,2820,6594,9414
380,"Italy",4,"Median","93",1996,2136,5312,7448
380,"Italy",4,"Median","94",1996,1541,4194,5735
380,"Italy",4,"Median","95",1996,1182,3511,4693
380,"Italy",4,"Median","96",1996,857,2644,3501
380,"Italy",4,"Median","97",1996,578,1880,2458
380,"Italy",4,"Median","98",1996,379,1303,1681
380,"Italy",4,"Median","99",1996,243,894,1137
380,"Italy",4,"Median","100",1996,102,337,439
380,"Italy",4,"Median","101",1996,74,262,336
380,"Italy",4,"Median","102",1996,54,203,257
380,"Italy",4,"Median","103",1996,39,158,197
380,"Italy",4,"Median","104",1996,29,122,151
380,"Italy",4,"Median","105",1996,21,95,116
380,"Italy",4,"Median","106",1996,15,74,89
380,"Italy",4,"Median","107",1996,11,57,68
380,"Italy",4,"Median","108",1996,8,44,52
380,"Italy",4,"Median","109",1996,6,34,40
380,"Italy",4,"Median","110",1996,4,27,31
380,"Italy",4,"Median","0",1997,1607,1310,2917
380,"Italy",4,"Median","1",1997,90,133,223
380,"Italy",4,"Median","2",1997,76,79,155
380,"Italy",4,"Median","3",1997,69,84,153
380,"Italy",4,"Median","4",1997,63,47,110
380,"Italy",4,"Median","5",1997,52,46,98
380,"Italy",4,"Median","6",1997,56,51,107
380,"Italy",4,"Median","7",1997,56,32,89
380,"Italy",4,"Median","8",1997,31,38,69
380,"Italy",4,"Median","9",1997,41,26,67
380,"Italy",4,"Median","10",1997,40,23,63
380,"Italy",4,"Median","11",1997,61,34,95
380,"Italy",4,"Median","12",1997,48,30,78
380,"Italy",4,"Median","13",1997,56,36,92
380,"Italy",4,"Median","14",1997,104,58,162
380,"Italy",4,"Median","15",1997,131,52,183
380,"Italy",4,"Median","16",1997,177,56,234
380,"Italy",4,"Median","17",1997,238,73,311
380,"Italy",4,"Median","18",1997,272,80,351
380,"Italy",4,"Median","19",1997,315,109,424
380,"Italy",4,"Median","20",1997,321,107,428
380,"Italy",4,"Median","21",1997,392,86,478
380,"Italy",4,"Median","22",1997,426,128,554
380,"Italy",4,"Median","23",1997,433,127,560
380,"Italy",4,"Median","24",1997,458,125,583
380,"Italy",4,"Median","25",1997,453,124,577
380,"Italy",4,"Median","26",1997,443,125,568
380,"Italy",4,"Median","27",1997,429,156,584
380,"Italy",4,"Median","28",1997,504,190,693
380,"Italy",4,"Median","29",1997,471,173,644
380,"Italy",4,"Median","30",1997,531,207,738
380,"Italy",4,"Median","31",1997,575,213,787
380,"Italy",4,"Median","32",1997,562,246,808
380,"Italy",4,"Median","33",1997,667,251,918
380,"Italy",4,"Median","34",1997,646,277,923
380,"Italy",4,"Median","35",1997,649,289,939
380,"Italy",4,"Median","36",1997,615,280,895
380,"Italy",4,"Median","37",1997,650,296,946
380,"Italy",4,"Median","38",1997,622,306,928
380,"Italy",4,"Median","39",1997,626,291,917
380,"Italy",4,"Median","40",1997,664,305,969
380,"Italy",4,"Median","41",1997,740,356,1096
380,"Italy",4,"Median","42",1997,725,413,1137
380,"Italy",4,"Median","43",1997,767,400,1168
380,"Italy",4,"Median","44",1997,824,452,1276
380,"Italy",4,"Median","45",1997,897,497,1393
380,"Italy",4,"Median","46",1997,984,541,1525
380,"Italy",4,"Median","47",1997,1146,653,1799
380,"Italy",4,"Median","48",1997,1274,674,1947
380,"Italy",4,"Median","49",1997,1378,801,2179
380,"Italy",4,"Median","50",1997,1499,855,2354
380,"Italy",4,"Median","51",1997,1610,875,2486
380,"Italy",4,"Median","52",1997,1671,863,2535
380,"Italy",4,"Median","53",1997,1856,946,2802
380,"Italy",4,"Median","54",1997,2027,993,3020
380,"Italy",4,"Median","55",1997,2315,1119,3435
380,"Italy",4,"Median","56",1997,2522,1302,3824
380,"Italy",4,"Median","57",1997,2833,1416,4249
380,"Italy",4,"Median","58",1997,3077,1620,4697
380,"Italy",4,"Median","59",1997,3297,1661,4958
380,"Italy",4,"Median","60",1997,3545,1733,5278
380,"Italy",4,"Median","61",1997,3915,1895,5810
380,"Italy",4,"Median","62",1997,4229,2154,6383
380,"Italy",4,"Median","63",1997,4650,2408,7058
380,"Italy",4,"Median","64",1997,4991,2482,7473
380,"Italy",4,"Median","65",1997,5602,2754,8356
380,"Italy",4,"Median","66",1997,5940,3050,8990
380,"Italy",4,"Median","67",1997,6457,3548,10004
380,"Italy",4,"Median","68",1997,6954,3772,10726
380,"Italy",4,"Median","69",1997,7333,4072,11406
380,"Italy",4,"Median","70",1997,7902,4585,12487
380,"Italy",4,"Median","71",1997,8275,4990,13265
380,"Italy",4,"Median","72",1997,8450,5530,13980
380,"Italy",4,"Median","73",1997,9109,6064,15173
380,"Italy",4,"Median","74",1997,9190,6887,16077
380,"Italy",4,"Median","75",1997,9600,7299,16899
380,"Italy",4,"Median","76",1997,9732,8131,17863
380,"Italy",4,"Median","77",1997,8579,7661,16240
380,"Italy",4,"Median","78",1997,6280,5848,12128
380,"Italy",4,"Median","79",1997,5936,5829,11765
380,"Italy",4,"Median","80",1997,7172,7073,14246
380,"Italy",4,"Median","81",1997,7905,8770,16674
380,"Italy",4,"Median","82",1997,8947,10641,19587
380,"Italy",4,"Median","83",1997,10111,12074,22185
380,"Italy",4,"Median","84",1997,9829,12574,22404
380,"Italy",4,"Median","85",1997,9330,12688,22018
380,"Italy",4,"Median","86",1997,8589,12588,21177
380,"Italy",4,"Median","87",1997,7838,12542,20381
380,"Italy",4,"Median","88",1997,6653,11642,18294
380,"Italy",4,"Median","89",1997,5782,10745,16527
380,"Italy",4,"Median","90",1997,4718,9820,14538
380,"Italy",4,"Median","91",1997,3892,8488,12381
380,"Italy",4,"Median","92",1997,3065,7284,10349
380,"Italy",4,"Median","93",1997,2372,5977,8349
380,"Italy",4,"Median","94",1997,1694,4740,6434
380,"Italy",4,"Median","95",1997,1266,3857,5122
380,"Italy",4,"Median","96",1997,920,2990,3910
380,"Italy",4,"Median","97",1997,648,2184,2832
380,"Italy",4,"Median","98",1997,423,1503,1926
380,"Italy",4,"Median","99",1997,268,1007,1275
380,"Italy",4,"Median","100",1997,111,384,495
380,"Italy",4,"Median","101",1997,81,299,380
380,"Italy",4,"Median","102",1997,59,234,293
380,"Italy",4,"Median","103",1997,43,182,225
380,"Italy",4,"Median","104",1997,31,142,173
380,"Italy",4,"Median","105",1997,23,111,134
380,"Italy",4,"Median","106",1997,17,87,104
380,"Italy",4,"Median","107",1997,12,68,80
380,"Italy",4,"Median","108",1997,9,53,62
380,"Italy",4,"Median","109",1997,6,41,47
380,"Italy",4,"Median","110",1997,5,32,37
380,"Italy",4,"Median","0",1998,1556,1304,2860
380,"Italy",4,"Median","1",1998,82,72,154
380,"Italy",4,"Median","2",1998,54,56,110
380,"Italy",4,"Median","3",1998,68,41,109
380,"Italy",4,"Median","4",1998,50,26,76
380,"Italy",4,"Median","5",1998,34,27,62
380,"Italy",4,"Median","6",1998,37,38,76
380,"Italy",4,"Median","7",1998,45,27,72
380,"Italy",4,"Median","8",1998,37,27,64
380,"Italy",4,"Median","9",1998,49,38,87
380,"Italy",4,"Median","10",1998,41,32,73
380,"Italy",4,"Median","11",1998,48,28,77
380,"Italy",4,"Median","12",1998,53,32,85
380,"Italy",4,"Median","13",1998,69,41,110
380,"Italy",4,"Median","14",1998,92,51,142
380,"Italy",4,"Median","15",1998,129,55,185
380,"Italy",4,"Median","16",1998,189,64,254
380,"Italy",4,"Median","17",1998,195,69,264
380,"Italy",4,"Median","18",1998,266,105,371
380,"Italy",4,"Median","19",1998,300,103,403
380,"Italy",4,"Median","20",1998,337,98,436
380,"Italy",4,"Median","21",1998,383,115,498
380,"Italy",4,"Median","22",1998,404,118,522
380,"Italy",4,"Median","23",1998,434,157,591
380,"Italy",4,"Median","24",1998,472,114,587
380,"Italy",4,"Median","25",1998,458,134,592
380,"Italy",4,"Median","26",1998,411,133,544
380,"Italy",4,"Median","27",1998,461,143,604
380,"Italy",4,"Median","28",1998,465,143,607
380,"Italy",4,"Median","29",1998,475,172,647
380,"Italy",4,"Median","30",1998,484,151,635
380,"Italy",4,"Median","31",1998,544,184,728
380,"Italy",4,"Median","32",1998,536,217,753
380,"Italy",4,"Median","33",1998,584,218,802
380,"Italy",4,"Median","34",1998,549,256,804
380,"Italy",4,"Median","35",1998,563,241,804
380,"Italy",4,"Median","36",1998,591,250,841
380,"Italy",4,"Median","37",1998,619,310,929
380,"Italy",4,"Median","38",1998,624,309,933
380,"Italy",4,"Median","39",1998,650,322,972
380,"Italy",4,"Median","40",1998,699,349,1049
380,"Italy",4,"Median","41",1998,686,367,1053
380,"Italy",4,"Median","42",1998,683,411,1094
380,"Italy",4,"Median","43",1998,799,432,1231
380,"Italy",4,"Median","44",1998,806,468,1274
380,"Italy",4,"Median","45",1998,873,474,1347
380,"Italy",4,"Median","46",1998,998,571,1570
380,"Italy",4,"Median","47",1998,1106,625,1731
380,"Italy",4,"Median","48",1998,1161,644,1805
380,"Italy",4,"Median","49",1998,1327,813,2140
380,"Italy",4,"Median","50",1998,1558,831,2389
380,"Italy",4,"Median","51",1998,1603,899,2502
380,"Italy",4,"Median","52",1998,1762,960,2722
380,"Italy",4,"Median","53",1998,1785,981,2766
380,"Italy",4,"Median","54",1998,1957,997,2955
380,"Italy",4,"Median","55",1998,2109,1135,3244
380,"Italy",4,"Median","56",1998,2398,1283,3681
380,"Italy",4,"Median","57",1998,2772,1402,4175
380,"Italy",4,"Median","58",1998,3033,1528,4561
380,"Italy",4,"Median","59",1998,3409,1716,5125
380,"Italy",4,"Median","60",1998,3609,1786,5395
380,"Italy",4,"Median","61",1998,3860,1918,5777
380,"Italy",4,"Median","62",1998,4110,2064,6174
380,"Italy",4,"Median","63",1998,4478,2383,6861
380,"Italy",4,"Median","64",1998,5020,2581,7601
380,"Italy",4,"Median","65",1998,5428,2742,8169
380,"Italy",4,"Median","66",1998,5810,3047,8857
380,"Italy",4,"Median","67",1998,6509,3444,9954
380,"Italy",4,"Median","68",1998,7038,3814,10852
380,"Italy",4,"Median","69",1998,7408,4113,11521
380,"Italy",4,"Median","70",1998,7925,4540,12465
380,"Italy",4,"Median","71",1998,8392,4892,13284
380,"Italy",4,"Median","72",1998,8894,5646,14540
380,"Italy",4,"Median","73",1998,9146,5972,15118
380,"Italy",4,"Median","74",1998,9272,6895,16167
380,"Italy",4,"Median","75",1998,9909,7517,17427
380,"Italy",4,"Median","76",1998,9964,8034,17998
380,"Italy",4,"Median","77",1998,10089,8968,19057
380,"Italy",4,"Median","78",1998,9064,8193,17257
380,"Italy",4,"Median","79",1998,6609,6302,12911
380,"Italy",4,"Median","80",1998,6212,6343,12555
380,"Italy",4,"Median","81",1998,7210,7769,14978
380,"Italy",4,"Median","82",1998,7940,9559,17499
380,"Italy",4,"Median","83",1998,9114,11382,20496
380,"Italy",4,"Median","84",1998,10223,12791,23013
380,"Italy",4,"Median","85",1998,9619,13134,22753
380,"Italy",4,"Median","86",1998,9272,13244,22515
380,"Italy",4,"Median","87",1998,8188,12592,20780
380,"Italy",4,"Median","88",1998,7369,12493,19862
380,"Italy",4,"Median","89",1998,6283,11546,17829
380,"Italy",4,"Median","90",1998,5112,10335,15447
380,"Italy",4,"Median","91",1998,4204,9058,13263
380,"Italy",4,"Median","92",1998,3331,7954,11285
380,"Italy",4,"Median","93",1998,2555,6550,9104
380,"Italy",4,"Median","94",1998,1916,5270,7186
380,"Italy",4,"Median","95",1998,1373,4168,5541
380,"Italy",4,"Median","96",1998,972,3207,4179
380,"Italy",4,"Median","97",1998,684,2405,3089
380,"Italy",4,"Median","98",1998,465,1696,2161
380,"Italy",4,"Median","99",1998,293,1125,1418
380,"Italy",4,"Median","100",1998,118,416,534
380,"Italy",4,"Median","101",1998,86,326,412
380,"Italy",4,"Median","102",1998,63,256,319
380,"Italy",4,"Median","103",1998,46,201,247
380,"Italy",4,"Median","104",1998,33,158,191
380,"Italy",4,"Median","105",1998,24,124,148
380,"Italy",4,"Median","106",1998,18,97,115
380,"Italy",4,"Median","107",1998,13,76,89
380,"Italy",4,"Median","108",1998,9,60,69
380,"Italy",4,"Median","109",1998,7,47,54
380,"Italy",4,"Median","110",1998,5,37,42
380,"Italy",4,"Median","0",1999,1537,1206,2743
380,"Italy",4,"Median","1",1999,78,84,163
380,"Italy",4,"Median","2",1999,51,38,90
380,"Italy",4,"Median","3",1999,49,33,82
380,"Italy",4,"Median","4",1999,41,31,71
380,"Italy",4,"Median","5",1999,41,34,75
380,"Italy",4,"Median","6",1999,43,35,78
380,"Italy",4,"Median","7",1999,32,30,62
380,"Italy",4,"Median","8",1999,20,25,45
380,"Italy",4,"Median","9",1999,35,22,57
380,"Italy",4,"Median","10",1999,32,28,59
380,"Italy",4,"Median","11",1999,42,27,68
380,"Italy",4,"Median","12",1999,43,42,85
380,"Italy",4,"Median","13",1999,59,30,89
380,"Italy",4,"Median","14",1999,87,50,136
380,"Italy",4,"Median","15",1999,131,60,191
380,"Italy",4,"Median","16",1999,127,62,189
380,"Italy",4,"Median","17",1999,184,68,252
380,"Italy",4,"Median","18",1999,259,104,363
380,"Italy",4,"Median","19",1999,267,83,351
380,"Italy",4,"Median","20",1999,329,91,420
380,"Italy",4,"Median","21",1999,367,78,445
380,"Italy",4,"Median","22",1999,368,108,476
380,"Italy",4,"Median","23",1999,416,107,523
380,"Italy",4,"Median","24",1999,366,112,478
380,"Italy",4,"Median","25",1999,410,132,542
380,"Italy",4,"Median","26",1999,422,130,552
380,"Italy",4,"Median","27",1999,424,129,553
380,"Italy",4,"Median","28",1999,437,153,589
380,"Italy",4,"Median","29",1999,414,152,566
380,"Italy",4,"Median","30",1999,493,172,665
380,"Italy",4,"Median","31",1999,511,187,698
380,"Italy",4,"Median","32",1999,468,171,638
380,"Italy",4,"Median","33",1999,535,208,742
380,"Italy",4,"Median","34",1999,521,237,758
380,"Italy",4,"Median","35",1999,552,260,812
380,"Italy",4,"Median","36",1999,590,232,822
380,"Italy",4,"Median","37",1999,590,281,871
380,"Italy",4,"Median","38",1999,626,306,933
380,"Italy",4,"Median","39",1999,618,318,936
380,"Italy",4,"Median","40",1999,636,322,958
380,"Italy",4,"Median","41",1999,705,357,1062
380,"Italy",4,"Median","42",1999,719,378,1097
380,"Italy",4,"Median","43",1999,752,394,1146
380,"Italy",4,"Median","44",1999,831,473,1304
380,"Italy",4,"Median","45",1999,874,482,1356
380,"Italy",4,"Median","46",1999,926,525,1451
380,"Italy",4,"Median","47",1999,1021,556,1577
380,"Italy",4,"Median","48",1999,1158,640,1798
380,"Italy",4,"Median","49",1999,1268,702,1970
380,"Italy",4,"Median","50",1999,1443,814,2257
380,"Italy",4,"Median","51",1999,1643,900,2543
380,"Italy",4,"Median","52",1999,1798,962,2759
380,"Italy",4,"Median","53",1999,1837,960,2797
380,"Italy",4,"Median","54",1999,1971,958,2929
380,"Italy",4,"Median","55",1999,2140,1079,3218
380,"Italy",4,"Median","56",1999,2264,1178,3442
380,"Italy",4,"Median","57",1999,2573,1251,3824
380,"Italy",4,"Median","58",1999,2973,1417,4390
380,"Italy",4,"Median","59",1999,3338,1591,4929
380,"Italy",4,"Median","60",1999,3595,1791,5386
380,"Italy",4,"Median","61",1999,3772,1998,5770
380,"Italy",4,"Median","62",1999,3951,1885,5836
380,"Italy",4,"Median","63",1999,4246,2169,6415
380,"Italy",4,"Median","64",1999,4826,2371,7197
380,"Italy",4,"Median","65",1999,5104,2697,7801
380,"Italy",4,"Median","66",1999,5532,2912,8444
380,"Italy",4,"Median","67",1999,6091,3242,9333
380,"Italy",4,"Median","68",1999,6598,3674,10272
380,"Italy",4,"Median","69",1999,7341,4020,11361
380,"Italy",4,"Median","70",1999,7301,4316,11617
380,"Italy",4,"Median","71",1999,8106,4788,12894
380,"Italy",4,"Median","72",1999,8602,5327,13928
380,"Italy",4,"Median","73",1999,8857,5792,14650
380,"Italy",4,"Median","74",1999,9210,6434,15644
380,"Italy",4,"Median","75",1999,9659,7119,16778
380,"Italy",4,"Median","76",1999,9972,8173,18145
380,"Italy",4,"Median","77",1999,10047,8641,18688
380,"Italy",4,"Median","78",1999,10056,9502,19558
380,"Italy",4,"Median","79",1999,8968,8591,17559
380,"Italy",4,"Median","80",1999,6645,6556,13201
380,"Italy",4,"Median","81",1999,6163,6728,12890
380,"Italy",4,"Median","82",1999,7144,8181,15325
380,"Italy",4,"Median","83",1999,8031,10110,18142
380,"Italy",4,"Median","84",1999,8683,11783,20466
380,"Italy",4,"Median","85",1999,9792,13115,22907
380,"Italy",4,"Median","86",1999,9312,13272,22584
380,"Italy",4,"Median","87",1999,8493,13196,21689
380,"Italy",4,"Median","88",1999,7352,12245,19598
380,"Italy",4,"Median","89",1999,6615,12171,18786
380,"Italy",4,"Median","90",1999,5438,10808,16246
380,"Italy",4,"Median","91",1999,4336,9705,14041
380,"Italy",4,"Median","92",1999,3420,8067,11487
380,"Italy",4,"Median","93",1999,2645,6767,9413
380,"Italy",4,"Median","94",1999,2063,5646,7709
380,"Italy",4,"Median","95",1999,1412,4384,5796
380,"Italy",4,"Median","96",1999,998,3333,4331
380,"Italy",4,"Median","97",1999,682,2478,3160
380,"Italy",4,"Median","98",1999,463,1792,2256
380,"Italy",4,"Median","99",1999,304,1217,1522
380,"Italy",4,"Median","100",1999,122,440,562
380,"Italy",4,"Median","101",1999,88,345,433
380,"Italy",4,"Median","102",1999,64,271,335
380,"Italy",4,"Median","103",1999,47,213,260
380,"Italy",4,"Median","104",1999,34,168,202
380,"Italy",4,"Median","105",1999,24,132,156
380,"Italy",4,"Median","106",1999,18,104,122
380,"Italy",4,"Median","107",1999,13,81,94
380,"Italy",4,"Median","108",1999,9,64,73
380,"Italy",4,"Median","109",1999,7,50,57
380,"Italy",4,"Median","110",1999,5,39,44
380,"Italy",4,"Median","0",2000,1337,1112,2449
380,"Italy",4,"Median","1",2000,84,80,164
380,"Italy",4,"Median","2",2000,48,51,99
380,"Italy",4,"Median","3",2000,38,36,73
380,"Italy",4,"Median","4",2000,35,38,73
380,"Italy",4,"Median","5",2000,30,36,65
380,"Italy",4,"Median","6",2000,47,26,73
380,"Italy",4,"Median","7",2000,40,19,59
380,"Italy",4,"Median","8",2000,53,28,80
380,"Italy",4,"Median","9",2000,32,36,68
380,"Italy",4,"Median","10",2000,35,20,55
380,"Italy",4,"Median","11",2000,41,45,85
380,"Italy",4,"Median","12",2000,50,40,90
380,"Italy",4,"Median","13",2000,55,31,86
380,"Italy",4,"Median","14",2000,65,43,109
380,"Italy",4,"Median","15",2000,116,50,166
380,"Italy",4,"Median","16",2000,129,54,184
380,"Italy",4,"Median","17",2000,165,80,246
380,"Italy",4,"Median","18",2000,257,90,348
380,"Italy",4,"Median","19",2000,264,70,334
380,"Italy",4,"Median","20",2000,326,94,420
380,"Italy",4,"Median","21",2000,320,105,424
380,"Italy",4,"Median","22",2000,346,113,459
380,"Italy",4,"Median","23",2000,380,97,477
380,"Italy",4,"Median","24",2000,360,99,459
380,"Italy",4,"Median","25",2000,447,100,547
380,"Italy",4,"Median","26",2000,414,132,547
380,"Italy",4,"Median","27",2000,421,139,560
380,"Italy",4,"Median","28",2000,459,142,602
380,"Italy",4,"Median","29",2000,436,180,616
380,"Italy",4,"Median","30",2000,445,143,589
380,"Italy",4,"Median","31",2000,432,177,609
380,"Italy",4,"Median","32",2000,450,183,632
380,"Italy",4,"Median","33",2000,495,212,707
380,"Italy",4,"Median","34",2000,505,227,732
380,"Italy",4,"Median","35",2000,544,241,785
380,"Italy",4,"Median","36",2000,574,251,825
380,"Italy",4,"Median","37",2000,580,286,866
380,"Italy",4,"Median","38",2000,682,290,972
380,"Italy",4,"Median","39",2000,625,311,936
380,"Italy",4,"Median","40",2000,635,386,1020
380,"Italy",4,"Median","41",2000,631,366,997
380,"Italy",4,"Median","42",2000,684,360,1044
380,"Italy",4,"Median","43",2000,736,389,1125
380,"Italy",4,"Median","44",2000,816,473,1289
380,"Italy",4,"Median","45",2000,835,465,1300
380,"Italy",4,"Median","46",2000,941,515,1456
380,"Italy",4,"Median","47",2000,996,562,1558
380,"Italy",4,"Median","48",2000,1087,646,1732
380,"Italy",4,"Median","49",2000,1263,628,1891
380,"Italy",4,"Median","50",2000,1393,791,2184
380,"Italy",4,"Median","51",2000,1525,884,2409
380,"Italy",4,"Median","52",2000,1767,961,2728
380,"Italy",4,"Median","53",2000,1880,1020,2900
380,"Italy",4,"Median","54",2000,1993,1029,3022
380,"Italy",4,"Median","55",2000,1997,1023,3020
380,"Italy",4,"Median","56",2000,2284,1172,3456
380,"Italy",4,"Median","57",2000,2349,1248,3597
380,"Italy",4,"Median","58",2000,2724,1402,4125
380,"Italy",4,"Median","59",2000,2997,1516,4513
380,"Italy",4,"Median","60",2000,3264,1704,4968
380,"Italy",4,"Median","61",2000,3816,1921,5737
380,"Italy",4,"Median","62",2000,3930,2086,6016
380,"Italy",4,"Median","63",2000,4099,2055,6153
380,"Italy",4,"Median","64",2000,4549,2353,6902
380,"Italy",4,"Median","65",2000,4837,2617,7454
380,"Italy",4,"Median","66",2000,5279,2736,8016
380,"Italy",4,"Median","67",2000,5723,3081,8805
380,"Italy",4,"Median","68",2000,6319,3505,9824
380,"Italy",4,"Median","69",2000,6795,3834,10630
380,"Italy",4,"Median","70",2000,7231,4207,11438
380,"Italy",4,"Median","71",2000,7652,4681,12333
380,"Italy",4,"Median","72",2000,8093,5087,13180
380,"Italy",4,"Median","73",2000,8434,5641,14075
380,"Italy",4,"Median","74",2000,8973,6236,15208
380,"Italy",4,"Median","75",2000,9410,6868,16278
380,"Italy",4,"Median","76",2000,9946,7676,17622
380,"Italy",4,"Median","77",2000,9950,8372,18322
380,"Italy",4,"Median","78",2000,10100,9258,19357
380,"Italy",4,"Median","79",2000,10110,9843,19953
380,"Italy",4,"Median","80",2000,9017,9038,18055
380,"Italy",4,"Median","81",2000,6328,6821,13150
380,"Italy",4,"Median","82",2000,5845,6859,12705
380,"Italy",4,"Median","83",2000,6808,8439,15247
380,"Italy",4,"Median","84",2000,7713,10141,17854
380,"Italy",4,"Median","85",2000,8655,11835,20490
380,"Italy",4,"Median","86",2000,9213,13503,22717
380,"Italy",4,"Median","87",2000,8624,13057,21681
380,"Italy",4,"Median","88",2000,7738,12761,20499
380,"Italy",4,"Median","89",2000,6625,11918,18543
380,"Italy",4,"Median","90",2000,5597,11113,16710
380,"Italy",4,"Median","91",2000,4803,9950,14754
380,"Italy",4,"Median","92",2000,3706,8436,12142
380,"Italy",4,"Median","93",2000,2836,7164,10000
380,"Italy",4,"Median","94",2000,2157,5753,7910
380,"Italy",4,"Median","95",2000,1533,4618,6150
380,"Italy",4,"Median","96",2000,1062,3495,4557
380,"Italy",4,"Median","97",2000,727,2569,3296
380,"Italy",4,"Median","98",2000,481,1843,2324
380,"Italy",4,"Median","99",2000,316,1285,1600
380,"Italy",4,"Median","100",2000,132,469,601
380,"Italy",4,"Median","101",2000,95,369,464
380,"Italy",4,"Median","102",2000,69,290,359
380,"Italy",4,"Median","103",2000,50,228,278
380,"Italy",4,"Median","104",2000,36,180,216
380,"Italy",4,"Median","105",2000,26,141,167
380,"Italy",4,"Median","106",2000,19,111,130
380,"Italy",4,"Median","107",2000,14,88,102
380,"Italy",4,"Median","108",2000,10,69,79
380,"Italy",4,"Median","109",2000,7,54,61
380,"Italy",4,"Median","110",2000,5,43,48
380,"Italy",4,"Median","0",2001,1369,1111,2480
380,"Italy",4,"Median","1",2001,88,70,158
380,"Italy",4,"Median","2",2001,62,54,116
380,"Italy",4,"Median","3",2001,48,38,86
380,"Italy",4,"Median","4",2001,45,38,83
380,"Italy",4,"Median","5",2001,43,23,66
380,"Italy",4,"Median","6",2001,32,28,60
380,"Italy",4,"Median","7",2001,27,23,51
380,"Italy",4,"Median","8",2001,34,22,56
380,"Italy",4,"Median","9",2001,41,22,64
380,"Italy",4,"Median","10",2001,39,23,61
380,"Italy",4,"Median","11",2001,50,25,75
380,"Italy",4,"Median","12",2001,32,34,66
380,"Italy",4,"Median","13",2001,54,30,83
380,"Italy",4,"Median","14",2001,72,39,111
380,"Italy",4,"Median","15",2001,112,55,166
380,"Italy",4,"Median","16",2001,155,45,200
380,"Italy",4,"Median","17",2001,169,63,233
380,"Italy",4,"Median","18",2001,223,75,298
380,"Italy",4,"Median","19",2001,272,72,344
380,"Italy",4,"Median","20",2001,275,83,359
380,"Italy",4,"Median","21",2001,314,85,399
380,"Italy",4,"Median","22",2001,307,88,395
380,"Italy",4,"Median","23",2001,350,89,439
380,"Italy",4,"Median","24",2001,345,124,470
380,"Italy",4,"Median","25",2001,364,128,492
380,"Italy",4,"Median","26",2001,426,100,526
380,"Italy",4,"Median","27",2001,388,107,495
380,"Italy",4,"Median","28",2001,412,148,560
380,"Italy",4,"Median","29",2001,418,147,566
380,"Italy",4,"Median","30",2001,449,149,598
380,"Italy",4,"Median","31",2001,436,166,602
380,"Italy",4,"Median","32",2001,464,177,641
380,"Italy",4,"Median","33",2001,468,187,655
380,"Italy",4,"Median","34",2001,522,193,715
380,"Italy",4,"Median","35",2001,538,236,774
380,"Italy",4,"Median","36",2001,562,269,831
380,"Italy",4,"Median","37",2001,592,297,889
380,"Italy",4,"Median","38",2001,621,291,911
380,"Italy",4,"Median","39",2001,620,351,971
380,"Italy",4,"Median","40",2001,676,324,1000
380,"Italy",4,"Median","41",2001,732,373,1105
380,"Italy",4,"Median","42",2001,712,390,1102
380,"Italy",4,"Median","43",2001,725,410,1135
380,"Italy",4,"Median","44",2001,827,431,1258
380,"Italy",4,"Median","45",2001,834,472,1306
380,"Italy",4,"Median","46",2001,931,526,1457
380,"Italy",4,"Median","47",2001,986,571,1557
380,"Italy",4,"Median","48",2001,1055,606,1660
380,"Italy",4,"Median","49",2001,1186,656,1842
380,"Italy",4,"Median","50",2001,1336,719,2056
380,"Italy",4,"Median","51",2001,1497,845,2342
380,"Italy",4,"Median","52",2001,1692,921,2614
380,"Italy",4,"Median","53",2001,1900,1065,2965
380,"Italy",4,"Median","54",2001,1980,1078,3058
380,"Italy",4,"Median","55",2001,2112,1104,3216
380,"Italy",4,"Median","56",2001,2146,1040,3185
380,"Italy",4,"Median","57",2001,2396,1225,3621
380,"Italy",4,"Median","58",2001,2461,1300,3761
380,"Italy",4,"Median","59",2001,2940,1519,4459
380,"Italy",4,"Median","60",2001,3227,1637,4864
380,"Italy",4,"Median","61",2001,3600,1839,5438
380,"Italy",4,"Median","62",2001,3971,2052,6023
380,"Italy",4,"Median","63",2001,4117,2203,6320
380,"Italy",4,"Median","64",2001,4281,2241,6522
380,"Italy",4,"Median","65",2001,4703,2472,7175
380,"Italy",4,"Median","66",2001,5098,2774,7872
380,"Italy",4,"Median","67",2001,5601,3155,8757
380,"Italy",4,"Median","68",2001,5912,3320,9232
380,"Italy",4,"Median","69",2001,6549,3663,10212
380,"Italy",4,"Median","70",2001,7009,4074,11083
380,"Italy",4,"Median","71",2001,7641,4481,12121
380,"Italy",4,"Median","72",2001,7864,4891,12756
380,"Italy",4,"Median","73",2001,8238,5441,13678
380,"Italy",4,"Median","74",2001,8766,6112,14878
380,"Italy",4,"Median","75",2001,9150,6652,15803
380,"Italy",4,"Median","76",2001,9587,7301,16888
380,"Italy",4,"Median","77",2001,9978,8255,18233
380,"Italy",4,"Median","78",2001,10154,9092,19245
380,"Italy",4,"Median","79",2001,10332,9621,19954
380,"Italy",4,"Median","80",2001,10243,10542,20784
380,"Italy",4,"Median","81",2001,8972,9407,18379
380,"Italy",4,"Median","82",2001,6464,7183,13647
380,"Italy",4,"Median","83",2001,5806,7091,12897
380,"Italy",4,"Median","84",2001,6686,8407,15093
380,"Italy",4,"Median","85",2001,7230,10116,17346
380,"Italy",4,"Median","86",2001,7907,11723,19630
380,"Italy",4,"Median","87",2001,8456,13245,21700
380,"Italy",4,"Median","88",2001,8025,12705,20730
380,"Italy",4,"Median","89",2001,6917,12162,19079
380,"Italy",4,"Median","90",2001,5962,11105,17067
380,"Italy",4,"Median","91",2001,5077,10512,15589
380,"Italy",4,"Median","92",2001,4014,8957,12971
380,"Italy",4,"Median","93",2001,3047,7631,10678
380,"Italy",4,"Median","94",2001,2310,6082,8392
380,"Italy",4,"Median","95",2001,1666,4914,6580
380,"Italy",4,"Median","96",2001,1173,3794,4967
380,"Italy",4,"Median","97",2001,788,2783,3572
380,"Italy",4,"Median","98",2001,523,1979,2502
380,"Italy",4,"Median","99",2001,335,1370,1705
380,"Italy",4,"Median","100",2001,142,511,653
380,"Italy",4,"Median","101",2001,103,404,507
380,"Italy",4,"Median","102",2001,74,320,394
380,"Italy",4,"Median","103",2001,54,253,307
380,"Italy",4,"Median","104",2001,39,200,239
380,"Italy",4,"Median","105",2001,28,158,186
380,"Italy",4,"Median","106",2001,21,125,146
380,"Italy",4,"Median","107",2001,15,99,114
380,"Italy",4,"Median","108",2001,11,78,89
380,"Italy",4,"Median","109",2001,8,62,70
380,"Italy",4,"Median","110",2001,6,49,55
380,"Italy",4,"Median","0",2002,1337,1029,2366
380,"Italy",4,"Median","1",2002,84,72,156
380,"Italy",4,"Median","2",2002,63,49,112
380,"Italy",4,"Median","3",2002,54,41,95
380,"Italy",4,"Median","4",2002,45,33,78
380,"Italy",4,"Median","5",2002,45,20,65
380,"Italy",4,"Median","6",2002,43,33,76
380,"Italy",4,"Median","7",2002,43,23,66
380,"Italy",4,"Median","8",2002,47,26,72
380,"Italy",4,"Median","9",2002,48,19,67
380,"Italy",4,"Median","10",2002,38,31,69
380,"Italy",4,"Median","11",2002,33,26,59
380,"Italy",4,"Median","12",2002,45,43,87
380,"Italy",4,"Median","13",2002,50,31,81
380,"Italy",4,"Median","14",2002,85,27,112
380,"Italy",4,"Median","15",2002,113,40,153
380,"Italy",4,"Median","16",2002,147,44,190
380,"Italy",4,"Median","17",2002,150,50,201
380,"Italy",4,"Median","18",2002,222,92,314
380,"Italy",4,"Median","19",2002,227,66,293
380,"Italy",4,"Median","20",2002,256,88,344
380,"Italy",4,"Median","21",2002,276,80,357
380,"Italy",4,"Median","22",2002,326,88,414
380,"Italy",4,"Median","23",2002,332,82,414
380,"Italy",4,"Median","24",2002,321,100,421
380,"Italy",4,"Median","25",2002,346,102,448
380,"Italy",4,"Median","26",2002,397,116,513
380,"Italy",4,"Median","27",2002,363,113,476
380,"Italy",4,"Median","28",2002,423,142,565
380,"Italy",4,"Median","29",2002,386,140,526
380,"Italy",4,"Median","30",2002,419,143,562
380,"Italy",4,"Median","31",2002,404,153,557
380,"Italy",4,"Median","32",2002,445,175,620
380,"Italy",4,"Median","33",2002,441,177,618
380,"Italy",4,"Median","34",2002,509,206,715
380,"Italy",4,"Median","35",2002,498,217,715
380,"Italy",4,"Median","36",2002,499,260,759
380,"Italy",4,"Median","37",2002,547,288,836
380,"Italy",4,"Median","38",2002,606,302,908
380,"Italy",4,"Median","39",2002,634,309,943
380,"Italy",4,"Median","40",2002,663,347,1010
380,"Italy",4,"Median","41",2002,714,376,1090
380,"Italy",4,"Median","42",2002,735,394,1129
380,"Italy",4,"Median","43",2002,780,386,1166
380,"Italy",4,"Median","44",2002,744,437,1181
380,"Italy",4,"Median","45",2002,880,477,1356
380,"Italy",4,"Median","46",2002,945,519,1464
380,"Italy",4,"Median","47",2002,925,563,1488
380,"Italy",4,"Median","48",2002,1064,629,1693
380,"Italy",4,"Median","49",2002,1182,616,1798
380,"Italy",4,"Median","50",2002,1163,711,1874
380,"Italy",4,"Median","51",2002,1372,798,2170
380,"Italy",4,"Median","52",2002,1585,854,2440
380,"Italy",4,"Median","53",2002,1757,1018,2775
380,"Italy",4,"Median","54",2002,1997,1153,3150
380,"Italy",4,"Median","55",2002,2128,1217,3345
380,"Italy",4,"Median","56",2002,2183,1125,3308
380,"Italy",4,"Median","57",2002,2272,1243,3515
380,"Italy",4,"Median","58",2002,2477,1343,3820
380,"Italy",4,"Median","59",2002,2691,1357,4048
380,"Italy",4,"Median","60",2002,2943,1603,4547
380,"Italy",4,"Median","61",2002,3404,1762,5166
380,"Italy",4,"Median","62",2002,3755,1934,5689
380,"Italy",4,"Median","63",2002,4215,2093,6307
380,"Italy",4,"Median","64",2002,4332,2369,6701
380,"Italy",4,"Median","65",2002,4507,2394,6900
380,"Italy",4,"Median","66",2002,5037,2722,7758
380,"Italy",4,"Median","67",2002,5301,3022,8323
380,"Italy",4,"Median","68",2002,5831,3221,9052
380,"Italy",4,"Median","69",2002,6208,3457,9665
380,"Italy",4,"Median","70",2002,6729,3909,10638
380,"Italy",4,"Median","71",2002,7479,4405,11884
380,"Italy",4,"Median","72",2002,8018,4863,12881
380,"Italy",4,"Median","73",2002,8291,5360,13651
380,"Italy",4,"Median","74",2002,8589,5819,14408
380,"Italy",4,"Median","75",2002,9078,6612,15689
380,"Italy",4,"Median","76",2002,9544,7159,16704
380,"Italy",4,"Median","77",2002,9759,8101,17859
380,"Italy",4,"Median","78",2002,10070,8827,18897
380,"Italy",4,"Median","79",2002,10544,9526,20070
380,"Italy",4,"Median","80",2002,10461,10440,20901
380,"Italy",4,"Median","81",2002,10502,11069,21572
380,"Italy",4,"Median","82",2002,9155,10223,19377
380,"Italy",4,"Median","83",2002,6306,7412,13718
380,"Italy",4,"Median","84",2002,5700,7491,13191
380,"Italy",4,"Median","85",2002,6580,8986,15566
380,"Italy",4,"Median","86",2002,6996,10407,17403
380,"Italy",4,"Median","87",2002,7433,12188,19620
380,"Italy",4,"Median","88",2002,8148,13053,21201
380,"Italy",4,"Median","89",2002,7394,12654,20048
380,"Italy",4,"Median","90",2002,6301,12029,18330
380,"Italy",4,"Median","91",2002,5245,10809,16053
380,"Italy",4,"Median","92",2002,4280,9705,13985
380,"Italy",4,"Median","93",2002,3397,8060,11457
380,"Italy",4,"Median","94",2002,2434,6746,9180
380,"Italy",4,"Median","95",2002,1776,5253,7030
380,"Italy",4,"Median","96",2002,1260,4086,5346
380,"Italy",4,"Median","97",2002,857,3046,3904
380,"Italy",4,"Median","98",2002,556,2154,2710
380,"Italy",4,"Median","99",2002,355,1474,1829
380,"Italy",4,"Median","100",2002,147,550,697
380,"Italy",4,"Median","101",2002,107,436,543
380,"Italy",4,"Median","102",2002,78,346,424
380,"Italy",4,"Median","103",2002,56,274,330
380,"Italy",4,"Median","104",2002,41,217,258
380,"Italy",4,"Median","105",2002,30,172,202
380,"Italy",4,"Median","106",2002,21,137,158
380,"Italy",4,"Median","107",2002,16,108,124
380,"Italy",4,"Median","108",2002,11,86,97
380,"Italy",4,"Median","109",2002,8,68,76
380,"Italy",4,"Median","110",2002,6,54,60
380,"Italy",4,"Median","0",2003,1081,940,2021
380,"Italy",4,"Median","1",2003,68,65,133
380,"Italy",4,"Median","2",2003,44,39,82
380,"Italy",4,"Median","3",2003,38,42,80
380,"Italy",4,"Median","4",2003,46,26,72
380,"Italy",4,"Median","5",2003,29,25,55
380,"Italy",4,"Median","6",2003,27,28,55
380,"Italy",4,"Median","7",2003,35,26,61
380,"Italy",4,"Median","8",2003,30,15,45
380,"Italy",4,"Median","9",2003,30,16,46
380,"Italy",4,"Median","10",2003,34,16,51
380,"Italy",4,"Median","11",2003,36,25,61
380,"Italy",4,"Median","12",2003,42,23,65
380,"Italy",4,"Median","13",2003,39,37,76
380,"Italy",4,"Median","14",2003,68,37,105
380,"Italy",4,"Median","15",2003,77,41,118
380,"Italy",4,"Median","16",2003,125,50,175
380,"Italy",4,"Median","17",2003,161,60,222
380,"Italy",4,"Median","18",2003,222,56,278
380,"Italy",4,"Median","19",2003,207,43,251
380,"Italy",4,"Median","20",2003,233,69,302
380,"Italy",4,"Median","21",2003,249,72,322
380,"Italy",4,"Median","22",2003,242,64,307
380,"Italy",4,"Median","23",2003,271,66,336
380,"Italy",4,"Median","24",2003,258,82,341
380,"Italy",4,"Median","25",2003,285,79,364
380,"Italy",4,"Median","26",2003,289,99,388
380,"Italy",4,"Median","27",2003,374,97,471
380,"Italy",4,"Median","28",2003,309,114,423
380,"Italy",4,"Median","29",2003,356,113,468
380,"Italy",4,"Median","30",2003,353,128,480
380,"Italy",4,"Median","31",2003,358,135,493
380,"Italy",4,"Median","32",2003,369,168,537
380,"Italy",4,"Median","33",2003,415,176,591
380,"Italy",4,"Median","34",2003,392,183,575
380,"Italy",4,"Median","35",2003,436,236,672
380,"Italy",4,"Median","36",2003,468,251,719
380,"Italy",4,"Median","37",2003,522,252,774
380,"Italy",4,"Median","38",2003,612,309,921
380,"Italy",4,"Median","39",2003,646,270,916
380,"Italy",4,"Median","40",2003,650,342,991
380,"Italy",4,"Median","41",2003,651,374,1026
380,"Italy",4,"Median","42",2003,677,398,1075
380,"Italy",4,"Median","43",2003,668,399,1068
380,"Italy",4,"Median","44",2003,798,468,1267
380,"Italy",4,"Median","45",2003,796,497,1293
380,"Italy",4,"Median","46",2003,881,508,1389
380,"Italy",4,"Median","47",2003,1008,551,1559
380,"Italy",4,"Median","48",2003,1046,633,1679
380,"Italy",4,"Median","49",2003,1116,645,1760
380,"Italy",4,"Median","50",2003,1214,686,1901
380,"Italy",4,"Median","51",2003,1359,785,2145
380,"Italy",4,"Median","52",2003,1563,870,2433
380,"Italy",4,"Median","53",2003,1756,967,2723
380,"Italy",4,"Median","54",2003,1858,1089,2947
380,"Italy",4,"Median","55",2003,2214,1177,3391
380,"Italy",4,"Median","56",2003,2292,1302,3594
380,"Italy",4,"Median","57",2003,2438,1253,3691
380,"Italy",4,"Median","58",2003,2516,1257,3774
380,"Italy",4,"Median","59",2003,2675,1407,4082
380,"Italy",4,"Median","60",2003,2931,1467,4397
380,"Italy",4,"Median","61",2003,3241,1835,5076
380,"Italy",4,"Median","62",2003,3761,1887,5648
380,"Italy",4,"Median","63",2003,4081,2098,6179
380,"Italy",4,"Median","64",2003,4477,2385,6862
380,"Italy",4,"Median","65",2003,4608,2536,7144
380,"Italy",4,"Median","66",2003,4779,2597,7376
380,"Italy",4,"Median","67",2003,5274,2865,8139
380,"Italy",4,"Median","68",2003,5695,3287,8982
380,"Italy",4,"Median","69",2003,6247,3578,9826
380,"Italy",4,"Median","70",2003,6460,3890,10350
380,"Italy",4,"Median","71",2003,7276,4398,11674
380,"Italy",4,"Median","72",2003,7941,4867,12807
380,"Italy",4,"Median","73",2003,8319,5474,13792
380,"Italy",4,"Median","74",2003,8887,6059,14945
380,"Italy",4,"Median","75",2003,9401,6727,16128
380,"Italy",4,"Median","76",2003,9497,7382,16879
380,"Italy",4,"Median","77",2003,10045,8102,18147
380,"Italy",4,"Median","78",2003,10498,8886,19384
380,"Italy",4,"Median","79",2003,10745,9675,20420
380,"Italy",4,"Median","80",2003,11264,10783,22047
380,"Italy",4,"Median","81",2003,11135,12041,23176
380,"Italy",4,"Median","82",2003,10952,12556,23507
380,"Italy",4,"Median","83",2003,9311,11374,20685
380,"Italy",4,"Median","84",2003,6477,8244,14721
380,"Italy",4,"Median","85",2003,5897,8170,14067
380,"Italy",4,"Median","86",2003,6612,9807,16418
380,"Italy",4,"Median","87",2003,7164,11674,18838
380,"Italy",4,"Median","88",2003,7417,13170,20587
380,"Italy",4,"Median","89",2003,7854,13809,21663
380,"Italy",4,"Median","90",2003,6868,13077,19946
380,"Italy",4,"Median","91",2003,5892,11979,17871
380,"Italy",4,"Median","92",2003,4737,10644,15382
380,"Italy",4,"Median","93",2003,3789,9399,13188
380,"Italy",4,"Median","94",2003,2838,7641,10479
380,"Italy",4,"Median","95",2003,1996,5931,7927
380,"Italy",4,"Median","96",2003,1416,4583,5999
380,"Italy",4,"Median","97",2003,970,3434,4405
380,"Italy",4,"Median","98",2003,636,2461,3097
380,"Italy",4,"Median","99",2003,398,1670,2067
380,"Italy",4,"Median","100",2003,161,608,769
380,"Italy",4,"Median","101",2003,117,484,601
380,"Italy",4,"Median","102",2003,85,385,470
380,"Italy",4,"Median","103",2003,62,306,368
380,"Italy",4,"Median","104",2003,45,244,289
380,"Italy",4,"Median","105",2003,33,194,227
380,"Italy",4,"Median","106",2003,24,154,178
380,"Italy",4,"Median","107",2003,17,123,140
380,"Italy",4,"Median","108",2003,13,98,111
380,"Italy",4,"Median","109",2003,9,78,87
380,"Italy",4,"Median","110",2003,7,62,69
380,"Italy",4,"Median","0",2004,1168,965,2133
380,"Italy",4,"Median","1",2004,81,61,141
380,"Italy",4,"Median","2",2004,36,50,85
380,"Italy",4,"Median","3",2004,39,29,67
380,"Italy",4,"Median","4",2004,36,29,65
380,"Italy",4,"Median","5",2004,30,18,48
380,"Italy",4,"Median","6",2004,24,25,50
380,"Italy",4,"Median","7",2004,27,15,42
380,"Italy",4,"Median","8",2004,27,21,48
380,"Italy",4,"Median","9",2004,25,21,45
380,"Italy",4,"Median","10",2004,28,13,41
380,"Italy",4,"Median","11",2004,29,33,62
380,"Italy",4,"Median","12",2004,36,11,47
380,"Italy",4,"Median","13",2004,42,29,71
380,"Italy",4,"Median","14",2004,72,31,103
380,"Italy",4,"Median","15",2004,87,37,124
380,"Italy",4,"Median","16",2004,103,55,158
380,"Italy",4,"Median","17",2004,137,59,195
380,"Italy",4,"Median","18",2004,185,63,249
380,"Italy",4,"Median","19",2004,214,51,265
380,"Italy",4,"Median","20",2004,218,61,279
380,"Italy",4,"Median","21",2004,258,67,324
380,"Italy",4,"Median","22",2004,229,61,289
380,"Italy",4,"Median","23",2004,280,62,342
380,"Italy",4,"Median","24",2004,251,64,315
380,"Italy",4,"Median","25",2004,264,77,341
380,"Italy",4,"Median","26",2004,295,70,366
380,"Italy",4,"Median","27",2004,284,109,393
380,"Italy",4,"Median","28",2004,320,107,427
380,"Italy",4,"Median","29",2004,333,104,437
380,"Italy",4,"Median","30",2004,360,111,470
380,"Italy",4,"Median","31",2004,365,157,522
380,"Italy",4,"Median","32",2004,364,137,501
380,"Italy",4,"Median","33",2004,343,179,522
380,"Italy",4,"Median","34",2004,379,170,548
380,"Italy",4,"Median","35",2004,424,172,596
380,"Italy",4,"Median","36",2004,461,216,676
380,"Italy",4,"Median","37",2004,460,249,709
380,"Italy",4,"Median","38",2004,488,274,762
380,"Italy",4,"Median","39",2004,623,274,896
380,"Italy",4,"Median","40",2004,632,339,971
380,"Italy",4,"Median","41",2004,696,378,1073
380,"Italy",4,"Median","42",2004,664,369,1033
380,"Italy",4,"Median","43",2004,768,393,1161
380,"Italy",4,"Median","44",2004,788,420,1208
380,"Italy",4,"Median","45",2004,818,461,1279
380,"Italy",4,"Median","46",2004,867,534,1400
380,"Italy",4,"Median","47",2004,900,521,1422
380,"Italy",4,"Median","48",2004,1039,611,1649
380,"Italy",4,"Median","49",2004,1098,607,1704
380,"Italy",4,"Median","50",2004,1154,725,1879
380,"Italy",4,"Median","51",2004,1270,750,2020
380,"Italy",4,"Median","52",2004,1424,860,2285
380,"Italy",4,"Median","53",2004,1617,838,2455
380,"Italy",4,"Median","54",2004,1792,997,2789
380,"Italy",4,"Median","55",2004,2016,1121,3137
380,"Italy",4,"Median","56",2004,2155,1177,3332
380,"Italy",4,"Median","57",2004,2392,1324,3716
380,"Italy",4,"Median","58",2004,2432,1265,3697
380,"Italy",4,"Median","59",2004,2587,1328,3915
380,"Italy",4,"Median","60",2004,2816,1376,4192
380,"Italy",4,"Median","61",2004,2912,1636,4548
380,"Italy",4,"Median","62",2004,3460,1784,5245
380,"Italy",4,"Median","63",2004,3791,1946,5737
380,"Italy",4,"Median","64",2004,4119,2183,6302
380,"Italy",4,"Median","65",2004,4610,2440,7050
380,"Italy",4,"Median","66",2004,4688,2579,7267
380,"Italy",4,"Median","67",2004,5033,2674,7707
380,"Italy",4,"Median","68",2004,5359,3050,8409
380,"Italy",4,"Median","69",2004,6022,3331,9353
380,"Italy",4,"Median","70",2004,6292,3708,9999
380,"Italy",4,"Median","71",2004,6587,3932,10519
380,"Italy",4,"Median","72",2004,7303,4499,11802
380,"Italy",4,"Median","73",2004,7944,4853,12798
380,"Italy",4,"Median","74",2004,8451,5545,13996
380,"Italy",4,"Median","75",2004,8738,6086,14823
380,"Italy",4,"Median","76",2004,9108,6554,15662
380,"Italy",4,"Median","77",2004,9418,7240,16658
380,"Italy",4,"Median","78",2004,9756,8072,17828
380,"Italy",4,"Median","79",2004,10040,8955,18995
380,"Italy",4,"Median","80",2004,10258,9730,19988
380,"Italy",4,"Median","81",2004,10304,10872,21176
380,"Italy",4,"Median","82",2004,10344,11530,21874
380,"Italy",4,"Median","83",2004,9956,11995,21951
380,"Italy",4,"Median","84",2004,8592,10646,19238
380,"Italy",4,"Median","85",2004,5785,7700,13485
380,"Italy",4,"Median","86",2004,5361,7465,12826
380,"Italy",4,"Median","87",2004,5763,8673,14436
380,"Italy",4,"Median","88",2004,6080,10447,16527
380,"Italy",4,"Median","89",2004,6302,11266,17568
380,"Italy",4,"Median","90",2004,6457,11954,18412
380,"Italy",4,"Median","91",2004,5545,10858,16403
380,"Italy",4,"Median","92",2004,4614,9816,14430
380,"Italy",4,"Median","93",2004,3456,8215,11672
380,"Italy",4,"Median","94",2004,2791,7188,9979
380,"Italy",4,"Median","95",2004,2012,5719,7731
380,"Italy",4,"Median","96",2004,1374,4283,5657
380,"Italy",4,"Median","97",2004,944,3206,4150
380,"Italy",4,"Median","98",2004,626,2323,2949
380,"Italy",4,"Median","99",2004,397,1609,2007
380,"Italy",4,"Median","100",2004,155,576,731
380,"Italy",4,"Median","101",2004,114,462,576
380,"Italy",4,"Median","102",2004,83,370,453
380,"Italy",4,"Median","103",2004,61,296,357
380,"Italy",4,"Median","104",2004,45,237,282
380,"Italy",4,"Median","105",2004,33,190,223
380,"Italy",4,"Median","106",2004,24,152,176
380,"Italy",4,"Median","107",2004,18,122,140
380,"Italy",4,"Median","108",2004,13,98,111
380,"Italy",4,"Median","109",2004,9,78,87
380,"Italy",4,"Median","110",2004,7,63,70
380,"Italy",4,"Median","0",2005,1102,883,1985
380,"Italy",4,"Median","1",2005,74,43,117
380,"Italy",4,"Median","2",2005,42,37,79
380,"Italy",4,"Median","3",2005,44,39,84
380,"Italy",4,"Median","4",2005,42,24,65
380,"Italy",4,"Median","5",2005,28,29,57
380,"Italy",4,"Median","6",2005,30,21,51
380,"Italy",4,"Median","7",2005,22,28,50
380,"Italy",4,"Median","8",2005,27,13,40
380,"Italy",4,"Median","9",2005,27,26,53
380,"Italy",4,"Median","10",2005,28,18,46
380,"Italy",4,"Median","11",2005,22,13,36
380,"Italy",4,"Median","12",2005,47,25,71
380,"Italy",4,"Median","13",2005,48,26,74
380,"Italy",4,"Median","14",2005,67,35,101
380,"Italy",4,"Median","15",2005,87,37,125
380,"Italy",4,"Median","16",2005,102,43,145
380,"Italy",4,"Median","17",2005,138,27,166
380,"Italy",4,"Median","18",2005,166,46,212
380,"Italy",4,"Median","19",2005,184,64,247
380,"Italy",4,"Median","20",2005,203,57,260
380,"Italy",4,"Median","21",2005,195,62,256
380,"Italy",4,"Median","22",2005,247,61,308
380,"Italy",4,"Median","23",2005,231,74,305
380,"Italy",4,"Median","24",2005,273,80,352
380,"Italy",4,"Median","25",2005,276,68,344
380,"Italy",4,"Median","26",2005,254,75,329
380,"Italy",4,"Median","27",2005,336,102,438
380,"Italy",4,"Median","28",2005,302,99,401
380,"Italy",4,"Median","29",2005,309,114,423
380,"Italy",4,"Median","30",2005,318,114,432
380,"Italy",4,"Median","31",2005,344,117,460
380,"Italy",4,"Median","32",2005,356,140,497
380,"Italy",4,"Median","33",2005,383,156,539
380,"Italy",4,"Median","34",2005,369,167,536
380,"Italy",4,"Median","35",2005,386,186,572
380,"Italy",4,"Median","36",2005,453,221,674
380,"Italy",4,"Median","37",2005,457,218,675
380,"Italy",4,"Median","38",2005,508,270,778
380,"Italy",4,"Median","39",2005,531,276,807
380,"Italy",4,"Median","40",2005,608,334,942
380,"Italy",4,"Median","41",2005,670,351,1021
380,"Italy",4,"Median","42",2005,700,436,1135
380,"Italy",4,"Median","43",2005,686,416,1102
380,"Italy",4,"Median","44",2005,767,457,1224
380,"Italy",4,"Median","45",2005,817,479,1296
380,"Italy",4,"Median","46",2005,879,489,1368
380,"Italy",4,"Median","47",2005,894,534,1427
380,"Italy",4,"Median","48",2005,1005,600,1604
380,"Italy",4,"Median","49",2005,1092,662,1753
380,"Italy",4,"Median","50",2005,1148,660,1809
380,"Italy",4,"Median","51",2005,1229,781,2010
380,"Italy",4,"Median","52",2005,1411,805,2216
380,"Italy",4,"Median","53",2005,1554,817,2371
380,"Italy",4,"Median","54",2005,1703,951,2653
380,"Italy",4,"Median","55",2005,1954,1061,3015
380,"Italy",4,"Median","56",2005,2142,1183,3325
380,"Italy",4,"Median","57",2005,2389,1303,3692
380,"Italy",4,"Median","58",2005,2619,1442,4062
380,"Italy",4,"Median","59",2005,2603,1365,3967
380,"Italy",4,"Median","60",2005,2728,1505,4233
380,"Italy",4,"Median","61",2005,3052,1566,4619
380,"Italy",4,"Median","62",2005,3174,1635,4808
380,"Italy",4,"Median","63",2005,3601,1809,5410
380,"Italy",4,"Median","64",2005,4005,2112,6118
380,"Italy",4,"Median","65",2005,4548,2434,6981
380,"Italy",4,"Median","66",2005,4788,2716,7504
380,"Italy",4,"Median","67",2005,5036,2832,7868
380,"Italy",4,"Median","68",2005,5216,2903,8120
380,"Italy",4,"Median","69",2005,5772,3345,9116
380,"Italy",4,"Median","70",2005,6264,3560,9824
380,"Italy",4,"Median","71",2005,6853,3895,10749
380,"Italy",4,"Median","72",2005,7154,4384,11538
380,"Italy",4,"Median","73",2005,7710,4955,12665
380,"Italy",4,"Median","74",2005,8371,5572,13943
380,"Italy",4,"Median","75",2005,8860,6116,14977
380,"Italy",4,"Median","76",2005,9199,6765,15964
380,"Italy",4,"Median","77",2005,9650,7426,17076
380,"Italy",4,"Median","78",2005,10033,8309,18342
380,"Italy",4,"Median","79",2005,10239,8842,19081
380,"Italy",4,"Median","80",2005,10786,9874,20660
380,"Italy",4,"Median","81",2005,10816,10913,21730
380,"Italy",4,"Median","82",2005,10852,11990,22842
380,"Italy",4,"Median","83",2005,10745,12813,23559
380,"Italy",4,"Median","84",2005,10473,13263,23737
380,"Italy",4,"Median","85",2005,8614,11784,20398
380,"Italy",4,"Median","86",2005,5921,8541,14462
380,"Italy",4,"Median","87",2005,5344,8032,13376
380,"Italy",4,"Median","88",2005,5661,9374,15035
380,"Italy",4,"Median","89",2005,6047,10932,16979
380,"Italy",4,"Median","90",2005,5944,11789,17733
380,"Italy",4,"Median","91",2005,5880,12175,18054
380,"Italy",4,"Median","92",2005,5040,10879,15920
380,"Italy",4,"Median","93",2005,3973,9743,13716
380,"Italy",4,"Median","94",2005,3192,7872,11064
380,"Italy",4,"Median","95",2005,2334,6658,8992
380,"Italy",4,"Median","96",2005,1652,5171,6823
380,"Italy",4,"Median","97",2005,1095,3749,4844
380,"Italy",4,"Median","98",2005,728,2709,3437
380,"Italy",4,"Median","99",2005,466,1891,2357
380,"Italy",4,"Median","100",2005,173,656,829
380,"Italy",4,"Median","101",2005,130,532,662
380,"Italy",4,"Median","102",2005,97,432,529
380,"Italy",4,"Median","103",2005,72,351,423
380,"Italy",4,"Median","104",2005,54,285,339
380,"Italy",4,"Median","105",2005,40,231,271
380,"Italy",4,"Median","106",2005,30,188,218
380,"Italy",4,"Median","107",2005,23,152,175
380,"Italy",4,"Median","108",2005,17,124,141
380,"Italy",4,"Median","109",2005,13,100,113
380,"Italy",4,"Median","110",2005,9,82,91
380,"Italy",4,"Median","0",2006,1107,821,1928
380,"Italy",4,"Median","1",2006,77,54,131
380,"Italy",4,"Median","2",2006,40,35,75
380,"Italy",4,"Median","3",2006,39,24,63
380,"Italy",4,"Median","4",2006,36,42,79
380,"Italy",4,"Median","5",2006,28,19,47
380,"Italy",4,"Median","6",2006,34,24,58
380,"Italy",4,"Median","7",2006,28,16,43
380,"Italy",4,"Median","8",2006,25,18,43
380,"Italy",4,"Median","9",2006,28,18,46
380,"Italy",4,"Median","10",2006,14,18,32
380,"Italy",4,"Median","11",2006,22,21,43
380,"Italy",4,"Median","12",2006,28,19,47
380,"Italy",4,"Median","13",2006,35,22,58
380,"Italy",4,"Median","14",2006,48,40,89
380,"Italy",4,"Median","15",2006,80,41,120
380,"Italy",4,"Median","16",2006,112,52,164
380,"Italy",4,"Median","17",2006,157,60,218
380,"Italy",4,"Median","18",2006,163,61,224
380,"Italy",4,"Median","19",2006,156,54,210
380,"Italy",4,"Median","20",2006,167,47,214
380,"Italy",4,"Median","21",2006,200,57,258
380,"Italy",4,"Median","22",2006,226,59,285
380,"Italy",4,"Median","23",2006,215,62,277
380,"Italy",4,"Median","24",2006,238,68,307
380,"Italy",4,"Median","25",2006,253,70,323
380,"Italy",4,"Median","26",2006,235,59,293
380,"Italy",4,"Median","27",2006,285,65,350
380,"Italy",4,"Median","28",2006,280,95,376
380,"Italy",4,"Median","29",2006,300,101,401
380,"Italy",4,"Median","30",2006,299,115,414
380,"Italy",4,"Median","31",2006,325,129,454
380,"Italy",4,"Median","32",2006,364,149,513
380,"Italy",4,"Median","33",2006,372,132,504
380,"Italy",4,"Median","34",2006,379,162,541
380,"Italy",4,"Median","35",2006,397,187,585
380,"Italy",4,"Median","36",2006,416,201,617
380,"Italy",4,"Median","37",2006,489,232,721
380,"Italy",4,"Median","38",2006,459,228,688
380,"Italy",4,"Median","39",2006,557,262,820
380,"Italy",4,"Median","40",2006,601,316,917
380,"Italy",4,"Median","41",2006,658,345,1003
380,"Italy",4,"Median","42",2006,690,381,1071
380,"Italy",4,"Median","43",2006,775,409,1184
380,"Italy",4,"Median","44",2006,807,448,1256
380,"Italy",4,"Median","45",2006,869,480,1348
380,"Italy",4,"Median","46",2006,912,524,1436
380,"Italy",4,"Median","47",2006,979,524,1503
380,"Italy",4,"Median","48",2006,954,559,1513
380,"Italy",4,"Median","49",2006,1087,609,1696
380,"Italy",4,"Median","50",2006,1158,667,1825
380,"Italy",4,"Median","51",2006,1261,746,2008
380,"Italy",4,"Median","52",2006,1390,808,2198
380,"Italy",4,"Median","53",2006,1474,827,2301
380,"Italy",4,"Median","54",2006,1633,948,2581
380,"Italy",4,"Median","55",2006,1871,1014,2885
380,"Italy",4,"Median","56",2006,2109,1107,3216
380,"Italy",4,"Median","57",2006,2291,1234,3525
380,"Italy",4,"Median","58",2006,2660,1426,4086
380,"Italy",4,"Median","59",2006,2757,1492,4249
380,"Italy",4,"Median","60",2006,2854,1548,4403
380,"Italy",4,"Median","61",2006,2897,1535,4432
380,"Italy",4,"Median","62",2006,3097,1651,4748
380,"Italy",4,"Median","63",2006,3342,1727,5069
380,"Italy",4,"Median","64",2006,3747,1948,5695
380,"Italy",4,"Median","65",2006,4240,2290,6529
380,"Italy",4,"Median","66",2006,4722,2560,7282
380,"Italy",4,"Median","67",2006,5126,2788,7914
380,"Italy",4,"Median","68",2006,5312,2922,8234
380,"Italy",4,"Median","69",2006,5395,3054,8448
380,"Italy",4,"Median","70",2006,5807,3448,9255
380,"Italy",4,"Median","71",2006,6305,3819,10125
380,"Italy",4,"Median","72",2006,7064,4304,11369
380,"Italy",4,"Median","73",2006,7231,4663,11895
380,"Italy",4,"Median","74",2006,7804,5245,13049
380,"Italy",4,"Median","75",2006,8575,5895,14470
380,"Italy",4,"Median","76",2006,9109,6567,15676
380,"Italy",4,"Median","77",2006,9335,7204,16539
380,"Italy",4,"Median","78",2006,9684,7836,17520
380,"Italy",4,"Median","79",2006,10048,8739,18788
380,"Italy",4,"Median","80",2006,10394,9596,19990
380,"Italy",4,"Median","81",2006,10681,10487,21168
380,"Italy",4,"Median","82",2006,10755,11425,22179
380,"Italy",4,"Median","83",2006,10757,12824,23581
380,"Italy",4,"Median","84",2006,10425,12943,23368
380,"Italy",4,"Median","85",2006,10039,13541,23580
380,"Italy",4,"Median","86",2006,8392,11947,20338
380,"Italy",4,"Median","87",2006,5552,8304,13855
380,"Italy",4,"Median","88",2006,4798,7920,12718
380,"Italy",4,"Median","89",2006,5000,9027,14027
380,"Italy",4,"Median","90",2006,5218,10235,15453
380,"Italy",4,"Median","91",2006,5195,10845,16040
380,"Italy",4,"Median","92",2006,5022,10879,15901
380,"Italy",4,"Median","93",2006,4215,9355,13570
380,"Italy",4,"Median","94",2006,3237,8095,11332
380,"Italy",4,"Median","95",2006,2403,6624,9027
380,"Italy",4,"Median","96",2006,1758,5314,7072
380,"Italy",4,"Median","97",2006,1207,3994,5202
380,"Italy",4,"Median","98",2006,774,2796,3570
380,"Italy",4,"Median","99",2006,498,1948,2446
380,"Italy",4,"Median","100",2006,177,650,827
380,"Italy",4,"Median","101",2006,135,537,672
380,"Italy",4,"Median","102",2006,103,444,547
380,"Italy",4,"Median","103",2006,79,367,446
380,"Italy",4,"Median","104",2006,60,304,364
380,"Italy",4,"Median","105",2006,46,251,297
380,"Italy",4,"Median","106",2006,35,208,243
380,"Italy",4,"Median","107",2006,27,172,199
380,"Italy",4,"Median","108",2006,20,142,162
380,"Italy",4,"Median","109",2006,16,118,134
380,"Italy",4,"Median","110",2006,12,97,109
380,"Italy",4,"Median","0",2007,1019,836,1855
380,"Italy",4,"Median","1",2007,69,54,123
380,"Italy",4,"Median","2",2007,46,38,84
380,"Italy",4,"Median","3",2007,34,30,64
380,"Italy",4,"Median","4",2007,28,24,52
380,"Italy",4,"Median","5",2007,22,21,44
380,"Italy",4,"Median","6",2007,28,27,55
380,"Italy",4,"Median","7",2007,28,24,52
380,"Italy",4,"Median","8",2007,42,13,55
380,"Italy",4,"Median","9",2007,19,18,38
380,"Italy",4,"Median","10",2007,25,31,56
380,"Italy",4,"Median","11",2007,25,21,46
380,"Italy",4,"Median","12",2007,31,19,49
380,"Italy",4,"Median","13",2007,37,27,64
380,"Italy",4,"Median","14",2007,68,37,105
380,"Italy",4,"Median","15",2007,94,55,149
380,"Italy",4,"Median","16",2007,138,52,191
380,"Italy",4,"Median","17",2007,131,49,181
380,"Italy",4,"Median","18",2007,180,58,238
380,"Italy",4,"Median","19",2007,174,62,235
380,"Italy",4,"Median","20",2007,183,55,237
380,"Italy",4,"Median","21",2007,176,53,229
380,"Italy",4,"Median","22",2007,216,58,274
380,"Italy",4,"Median","23",2007,205,54,259
380,"Italy",4,"Median","24",2007,213,56,269
380,"Italy",4,"Median","25",2007,239,66,305
380,"Italy",4,"Median","26",2007,263,61,324
380,"Italy",4,"Median","27",2007,246,73,319
380,"Italy",4,"Median","28",2007,245,84,329
380,"Italy",4,"Median","29",2007,289,85,374
380,"Italy",4,"Median","30",2007,310,86,395
380,"Italy",4,"Median","31",2007,287,99,386
380,"Italy",4,"Median","32",2007,308,129,437
380,"Italy",4,"Median","33",2007,337,140,477
380,"Italy",4,"Median","34",2007,325,151,476
380,"Italy",4,"Median","35",2007,425,154,578
380,"Italy",4,"Median","36",2007,422,183,605
380,"Italy",4,"Median","37",2007,446,225,671
380,"Italy",4,"Median","38",2007,466,242,709
380,"Italy",4,"Median","39",2007,513,301,815
380,"Italy",4,"Median","40",2007,544,297,841
380,"Italy",4,"Median","41",2007,656,326,982
380,"Italy",4,"Median","42",2007,713,385,1098
380,"Italy",4,"Median","43",2007,768,444,1212
380,"Italy",4,"Median","44",2007,776,452,1228
380,"Italy",4,"Median","45",2007,870,485,1355
380,"Italy",4,"Median","46",2007,930,512,1441
380,"Italy",4,"Median","47",2007,934,615,1549
380,"Italy",4,"Median","48",2007,979,575,1554
380,"Italy",4,"Median","49",2007,1132,608,1740
380,"Italy",4,"Median","50",2007,1192,634,1826
380,"Italy",4,"Median","51",2007,1279,771,2050
380,"Italy",4,"Median","52",2007,1377,794,2171
380,"Italy",4,"Median","53",2007,1453,869,2323
380,"Italy",4,"Median","54",2007,1586,917,2503
380,"Italy",4,"Median","55",2007,1719,954,2673
380,"Italy",4,"Median","56",2007,1967,1043,3010
380,"Italy",4,"Median","57",2007,2276,1223,3499
380,"Italy",4,"Median","58",2007,2404,1356,3760
380,"Italy",4,"Median","59",2007,2686,1509,4196
380,"Italy",4,"Median","60",2007,3069,1630,4699
380,"Italy",4,"Median","61",2007,3101,1598,4699
380,"Italy",4,"Median","62",2007,2947,1628,4575
380,"Italy",4,"Median","63",2007,3377,1788,5165
380,"Italy",4,"Median","64",2007,3440,1929,5369
380,"Italy",4,"Median","65",2007,3987,2298,6285
380,"Italy",4,"Median","66",2007,4446,2485,6931
380,"Italy",4,"Median","67",2007,4998,2776,7775
380,"Italy",4,"Median","68",2007,5339,3130,8470
380,"Italy",4,"Median","69",2007,5486,3206,8692
380,"Italy",4,"Median","70",2007,5762,3342,9105
380,"Italy",4,"Median","71",2007,6259,3857,10116
380,"Italy",4,"Median","72",2007,6818,4133,10950
380,"Italy",4,"Median","73",2007,7303,4622,11925
380,"Italy",4,"Median","74",2007,7680,5067,12747
380,"Italy",4,"Median","75",2007,8387,5862,14249
380,"Italy",4,"Median","76",2007,9119,6523,15642
380,"Italy",4,"Median","77",2007,9403,7291,16694
380,"Italy",4,"Median","78",2007,9694,7923,17618
380,"Italy",4,"Median","79",2007,10160,8827,18987
380,"Italy",4,"Median","80",2007,10873,9701,20574
380,"Italy",4,"Median","81",2007,10685,10508,21193
380,"Italy",4,"Median","82",2007,11070,11570,22640
380,"Italy",4,"Median","83",2007,11124,12492,23616
380,"Italy",4,"Median","84",2007,10713,13518,24231
380,"Italy",4,"Median","85",2007,10551,14225,24776
380,"Italy",4,"Median","86",2007,10094,14538,24632
380,"Italy",4,"Median","87",2007,8085,12607,20692
380,"Italy",4,"Median","88",2007,5333,8829,14161
380,"Italy",4,"Median","89",2007,4651,7957,12608
380,"Italy",4,"Median","90",2007,4851,9009,13860
380,"Italy",4,"Median","91",2007,4766,9898,14664
380,"Italy",4,"Median","92",2007,4759,10431,15189
380,"Italy",4,"Median","93",2007,4389,10199,14588
380,"Italy",4,"Median","94",2007,3409,8778,12186
380,"Italy",4,"Median","95",2007,2645,7190,9835
380,"Italy",4,"Median","96",2007,1916,5738,7654
380,"Italy",4,"Median","97",2007,1358,4455,5813
380,"Italy",4,"Median","98",2007,901,3233,4134
380,"Italy",4,"Median","99",2007,558,2181,2739
380,"Italy",4,"Median","100",2007,186,667,853
380,"Italy",4,"Median","101",2007,146,567,713
380,"Italy",4,"Median","102",2007,114,482,596
380,"Italy",4,"Median","103",2007,90,410,500
380,"Italy",4,"Median","104",2007,70,349,419
380,"Italy",4,"Median","105",2007,55,296,351
380,"Italy",4,"Median","106",2007,43,252,295
380,"Italy",4,"Median","107",2007,34,214,248
380,"Italy",4,"Median","108",2007,27,182,209
380,"Italy",4,"Median","109",2007,21,155,176
380,"Italy",4,"Median","110",2007,16,132,148
380,"Italy",4,"Median","0",2008,1062,850,1912
380,"Italy",4,"Median","1",2008,67,44,110
380,"Italy",4,"Median","2",2008,52,46,98
380,"Italy",4,"Median","3",2008,46,41,87
380,"Italy",4,"Median","4",2008,26,25,50
380,"Italy",4,"Median","5",2008,26,16,42
380,"Italy",4,"Median","6",2008,26,21,47
380,"Italy",4,"Median","7",2008,17,22,39
380,"Italy",4,"Median","8",2008,26,16,42
380,"Italy",4,"Median","9",2008,20,19,38
380,"Italy",4,"Median","10",2008,28,16,44
380,"Italy",4,"Median","11",2008,28,19,47
380,"Italy",4,"Median","12",2008,34,16,50
380,"Italy",4,"Median","13",2008,40,24,64
380,"Italy",4,"Median","14",2008,55,30,85
380,"Italy",4,"Median","15",2008,81,37,117
380,"Italy",4,"Median","16",2008,104,52,157
380,"Italy",4,"Median","17",2008,143,47,190
380,"Italy",4,"Median","18",2008,173,62,234
380,"Italy",4,"Median","19",2008,189,56,245
380,"Italy",4,"Median","20",2008,177,54,231
380,"Italy",4,"Median","21",2008,178,39,217
380,"Italy",4,"Median","22",2008,203,64,267
380,"Italy",4,"Median","23",2008,156,45,201
380,"Italy",4,"Median","24",2008,193,56,249
380,"Italy",4,"Median","25",2008,210,64,275
380,"Italy",4,"Median","26",2008,188,61,249
380,"Italy",4,"Median","27",2008,226,66,292
380,"Italy",4,"Median","28",2008,239,75,315
380,"Italy",4,"Median","29",2008,264,83,347
380,"Italy",4,"Median","30",2008,299,119,417
380,"Italy",4,"Median","31",2008,282,96,377
380,"Italy",4,"Median","32",2008,291,109,400
380,"Italy",4,"Median","33",2008,343,140,483
380,"Italy",4,"Median","34",2008,358,161,518
380,"Italy",4,"Median","35",2008,350,162,512
380,"Italy",4,"Median","36",2008,400,179,580
380,"Italy",4,"Median","37",2008,422,205,626
380,"Italy",4,"Median","38",2008,441,256,697
380,"Italy",4,"Median","39",2008,514,250,764
380,"Italy",4,"Median","40",2008,557,271,828
380,"Italy",4,"Median","41",2008,635,310,944
380,"Italy",4,"Median","42",2008,624,373,998
380,"Italy",4,"Median","43",2008,736,408,1144
380,"Italy",4,"Median","44",2008,809,467,1277
380,"Italy",4,"Median","45",2008,867,475,1342
380,"Italy",4,"Median","46",2008,922,539,1461
380,"Italy",4,"Median","47",2008,1002,569,1571
380,"Italy",4,"Median","48",2008,1018,603,1621
380,"Italy",4,"Median","49",2008,1097,672,1769
380,"Italy",4,"Median","50",2008,1122,698,1821
380,"Italy",4,"Median","51",2008,1276,707,1983
380,"Italy",4,"Median","52",2008,1350,816,2166
380,"Italy",4,"Median","53",2008,1505,896,2401
380,"Italy",4,"Median","54",2008,1588,896,2483
380,"Italy",4,"Median","55",2008,1742,998,2740
380,"Italy",4,"Median","56",2008,1905,1079,2985
380,"Italy",4,"Median","57",2008,2154,1245,3400
380,"Italy",4,"Median","58",2008,2405,1340,3745
380,"Italy",4,"Median","59",2008,2633,1420,4053
380,"Italy",4,"Median","60",2008,3034,1597,4632
380,"Italy",4,"Median","61",2008,3159,1803,4962
380,"Italy",4,"Median","62",2008,3204,1692,4896
380,"Italy",4,"Median","63",2008,3236,1800,5036
380,"Italy",4,"Median","64",2008,3535,1903,5437
380,"Italy",4,"Median","65",2008,3757,2063,5820
380,"Italy",4,"Median","66",2008,4217,2350,6567
380,"Italy",4,"Median","67",2008,4774,2644,7418
380,"Italy",4,"Median","68",2008,5155,3010,8166
380,"Italy",4,"Median","69",2008,5747,3170,8917
380,"Italy",4,"Median","70",2008,6006,3456,9462
380,"Italy",4,"Median","71",2008,6097,3729,9826
380,"Italy",4,"Median","72",2008,6460,3989,10449
380,"Italy",4,"Median","73",2008,7221,4557,11778
380,"Italy",4,"Median","74",2008,7682,5152,12834
380,"Italy",4,"Median","75",2008,8070,5561,13631
380,"Italy",4,"Median","76",2008,8863,6381,15244
380,"Italy",4,"Median","77",2008,9361,7149,16510
380,"Italy",4,"Median","78",2008,9832,7913,17745
380,"Italy",4,"Median","79",2008,10356,8757,19113
380,"Italy",4,"Median","80",2008,10898,9751,20649
380,"Italy",4,"Median","81",2008,10973,10484,21456
380,"Italy",4,"Median","82",2008,11281,11528,22809
380,"Italy",4,"Median","83",2008,11205,12731,23936
380,"Italy",4,"Median","84",2008,11007,13310,24316
380,"Italy",4,"Median","85",2008,10764,14343,25107
380,"Italy",4,"Median","86",2008,10405,14898,25303
380,"Italy",4,"Median","87",2008,9743,15241,24984
380,"Italy",4,"Median","88",2008,7882,12856,20738
380,"Italy",4,"Median","89",2008,5091,8951,14042
380,"Italy",4,"Median","90",2008,4198,8063,12261
380,"Italy",4,"Median","91",2008,4369,8728,13096
380,"Italy",4,"Median","92",2008,4247,9591,13837
380,"Italy",4,"Median","93",2008,4070,9740,13810
380,"Italy",4,"Median","94",2008,3740,9323,13063
380,"Italy",4,"Median","95",2008,2909,7849,10757
380,"Italy",4,"Median","96",2008,2123,6219,8342
380,"Italy",4,"Median","97",2008,1491,4805,6296
380,"Italy",4,"Median","98",2008,1023,3604,4627
380,"Italy",4,"Median","99",2008,656,2520,3176
380,"Italy",4,"Median","100",2008,191,669,860
380,"Italy",4,"Median","101",2008,155,587,742
380,"Italy",4,"Median","102",2008,126,515,641
380,"Italy",4,"Median","103",2008,102,452,554
380,"Italy",4,"Median","104",2008,83,396,479
380,"Italy",4,"Median","105",2008,67,348,415
380,"Italy",4,"Median","106",2008,55,305,360
380,"Italy",4,"Median","107",2008,44,267,311
380,"Italy",4,"Median","108",2008,36,235,271
380,"Italy",4,"Median","109",2008,29,206,235
380,"Italy",4,"Median","110",2008,24,180,204
380,"Italy",4,"Median","0",2009,1084,872,1956
380,"Italy",4,"Median","1",2009,70,61,131
380,"Italy",4,"Median","2",2009,49,30,80
380,"Italy",4,"Median","3",2009,29,22,51
380,"Italy",4,"Median","4",2009,35,25,59
380,"Italy",4,"Median","5",2009,23,22,45
380,"Italy",4,"Median","6",2009,23,22,45
380,"Italy",4,"Median","7",2009,34,24,59
380,"Italy",4,"Median","8",2009,14,24,39
380,"Italy",4,"Median","9",2009,29,24,53
380,"Italy",4,"Median","10",2009,26,13,39
380,"Italy",4,"Median","11",2009,37,21,58
380,"Italy",4,"Median","12",2009,43,16,59
380,"Italy",4,"Median","13",2009,29,24,53
380,"Italy",4,"Median","14",2009,57,24,82
380,"Italy",4,"Median","15",2009,79,25,103
380,"Italy",4,"Median","16",2009,121,46,166
380,"Italy",4,"Median","17",2009,118,44,162
380,"Italy",4,"Median","18",2009,150,53,204
380,"Italy",4,"Median","19",2009,166,56,222
380,"Italy",4,"Median","20",2009,195,69,264
380,"Italy",4,"Median","21",2009,159,61,220
380,"Italy",4,"Median","22",2009,204,60,265
380,"Italy",4,"Median","23",2009,167,68,235
380,"Italy",4,"Median","24",2009,172,67,239
380,"Italy",4,"Median","25",2009,207,57,264
380,"Italy",4,"Median","26",2009,204,69,273
380,"Italy",4,"Median","27",2009,202,83,285
380,"Italy",4,"Median","28",2009,204,67,272
380,"Italy",4,"Median","29",2009,228,84,312
380,"Italy",4,"Median","30",2009,246,88,334
380,"Italy",4,"Median","31",2009,279,104,383
380,"Italy",4,"Median","32",2009,276,109,385
380,"Italy",4,"Median","33",2009,280,131,411
380,"Italy",4,"Median","34",2009,317,155,472
380,"Italy",4,"Median","35",2009,363,190,554
380,"Italy",4,"Median","36",2009,366,173,540
380,"Italy",4,"Median","37",2009,403,195,599
380,"Italy",4,"Median","38",2009,424,221,645
380,"Italy",4,"Median","39",2009,458,234,692
380,"Italy",4,"Median","40",2009,531,281,812
380,"Italy",4,"Median","41",2009,598,347,946
380,"Italy",4,"Median","42",2009,662,337,998
380,"Italy",4,"Median","43",2009,724,425,1150
380,"Italy",4,"Median","44",2009,782,436,1218
380,"Italy",4,"Median","45",2009,878,539,1417
380,"Italy",4,"Median","46",2009,887,539,1426
380,"Italy",4,"Median","47",2009,927,574,1501
380,"Italy",4,"Median","48",2009,1016,631,1647
380,"Italy",4,"Median","49",2009,1136,761,1897
380,"Italy",4,"Median","50",2009,1206,757,1962
380,"Italy",4,"Median","51",2009,1218,825,2043
380,"Italy",4,"Median","52",2009,1374,831,2205
380,"Italy",4,"Median","53",2009,1501,873,2374
380,"Italy",4,"Median","54",2009,1635,970,2605
380,"Italy",4,"Median","55",2009,1687,987,2674
380,"Italy",4,"Median","56",2009,1892,1068,2960
380,"Italy",4,"Median","57",2009,2071,1204,3275
380,"Italy",4,"Median","58",2009,2273,1184,3457
380,"Italy",4,"Median","59",2009,2569,1492,4061
380,"Italy",4,"Median","60",2009,2858,1540,4398
380,"Italy",4,"Median","61",2009,3229,1765,4995
380,"Italy",4,"Median","62",2009,3367,1833,5200
380,"Italy",4,"Median","63",2009,3542,1848,5390
380,"Italy",4,"Median","64",2009,3628,2032,5660
380,"Italy",4,"Median","65",2009,3795,2018,5813
380,"Italy",4,"Median","66",2009,3976,2249,6225
380,"Italy",4,"Median","67",2009,4456,2578,7035
380,"Italy",4,"Median","68",2009,5146,2873,8019
380,"Italy",4,"Median","69",2009,5629,3265,8894
380,"Italy",4,"Median","70",2009,6032,3534,9566
380,"Italy",4,"Median","71",2009,6357,3903,10260
380,"Italy",4,"Median","72",2009,6373,4234,10607
380,"Italy",4,"Median","73",2009,7106,4519,11625
380,"Italy",4,"Median","74",2009,7619,5152,12770
380,"Italy",4,"Median","75",2009,8160,5574,13734
380,"Italy",4,"Median","76",2009,8428,6098,14526
380,"Italy",4,"Median","77",2009,9419,7128,16546
380,"Italy",4,"Median","78",2009,9889,7919,17808
380,"Italy",4,"Median","79",2009,10374,8676,19050
380,"Italy",4,"Median","80",2009,10628,9633,20262
380,"Italy",4,"Median","81",2009,11060,10499,21559
380,"Italy",4,"Median","82",2009,11425,11428,22853
380,"Italy",4,"Median","83",2009,11425,12324,23749
380,"Italy",4,"Median","84",2009,11367,13234,24600
380,"Italy",4,"Median","85",2009,10984,14297,25281
380,"Italy",4,"Median","86",2009,10745,15259,26003
380,"Italy",4,"Median","87",2009,9965,15535,25500
380,"Italy",4,"Median","88",2009,9300,15324,24624
380,"Italy",4,"Median","89",2009,7334,12898,20232
380,"Italy",4,"Median","90",2009,4522,8644,13166
380,"Italy",4,"Median","91",2009,3835,7891,11726
380,"Italy",4,"Median","92",2009,3840,8347,12187
380,"Italy",4,"Median","93",2009,3645,8786,12431
380,"Italy",4,"Median","94",2009,3286,8486,11772
380,"Italy",4,"Median","95",2009,2973,8076,11049
380,"Italy",4,"Median","96",2009,2246,6559,8806
380,"Italy",4,"Median","97",2009,1585,5020,6604
380,"Italy",4,"Median","98",2009,1074,3738,4812
380,"Italy",4,"Median","99",2009,710,2697,3408
380,"Italy",4,"Median","100",2009,198,688,886
380,"Italy",4,"Median","101",2009,164,612,776
380,"Italy",4,"Median","102",2009,135,545,680
380,"Italy",4,"Median","103",2009,112,485,597
380,"Italy",4,"Median","104",2009,92,432,524
380,"Italy",4,"Median","105",2009,76,385,461
380,"Italy",4,"Median","106",2009,63,342,405
380,"Italy",4,"Median","107",2009,52,305,357
380,"Italy",4,"Median","108",2009,43,271,314
380,"Italy",4,"Median","109",2009,35,242,277
380,"Italy",4,"Median","110",2009,29,215,244
380,"Italy",4,"Median","0",2010,999,788,1787
380,"Italy",4,"Median","1",2010,64,58,122
380,"Italy",4,"Median","2",2010,38,36,74
380,"Italy",4,"Median","3",2010,35,36,71
380,"Italy",4,"Median","4",2010,35,25,60
380,"Italy",4,"Median","5",2010,23,22,45
380,"Italy",4,"Median","6",2010,35,11,46
380,"Italy",4,"Median","7",2010,26,19,45
380,"Italy",4,"Median","8",2010,17,14,31
380,"Italy",4,"Median","9",2010,15,22,36
380,"Italy",4,"Median","10",2010,15,25,39
380,"Italy",4,"Median","11",2010,32,22,53
380,"Italy",4,"Median","12",2010,31,24,56
380,"Italy",4,"Median","13",2010,29,24,53
380,"Italy",4,"Median","14",2010,43,22,65
380,"Italy",4,"Median","15",2010,58,30,88
380,"Italy",4,"Median","16",2010,100,39,139
380,"Italy",4,"Median","17",2010,104,40,144
380,"Italy",4,"Median","18",2010,154,50,204
380,"Italy",4,"Median","19",2010,140,69,209
380,"Italy",4,"Median","20",2010,158,42,201
380,"Italy",4,"Median","21",2010,165,52,217
380,"Italy",4,"Median","22",2010,142,57,198
380,"Italy",4,"Median","23",2010,141,41,182
380,"Italy",4,"Median","24",2010,182,51,233
380,"Italy",4,"Median","25",2010,155,56,211
380,"Italy",4,"Median","26",2010,180,52,231
380,"Italy",4,"Median","27",2010,183,64,246
380,"Italy",4,"Median","28",2010,193,53,246
380,"Italy",4,"Median","29",2010,217,79,296
380,"Italy",4,"Median","30",2010,200,89,289
380,"Italy",4,"Median","31",2010,263,74,336
380,"Italy",4,"Median","32",2010,231,129,360
380,"Italy",4,"Median","33",2010,302,118,420
380,"Italy",4,"Median","34",2010,324,137,461
380,"Italy",4,"Median","35",2010,344,151,495
380,"Italy",4,"Median","36",2010,341,191,532
380,"Italy",4,"Median","37",2010,400,189,589
380,"Italy",4,"Median","38",2010,394,240,634
380,"Italy",4,"Median","39",2010,434,246,680
380,"Italy",4,"Median","40",2010,492,303,795
380,"Italy",4,"Median","41",2010,537,298,834
380,"Italy",4,"Median","42",2010,604,340,944
380,"Italy",4,"Median","43",2010,701,437,1138
380,"Italy",4,"Median","44",2010,710,472,1182
380,"Italy",4,"Median","45",2010,807,517,1324
380,"Italy",4,"Median","46",2010,883,551,1434
380,"Italy",4,"Median","47",2010,943,608,1551
380,"Italy",4,"Median","48",2010,1029,586,1615
380,"Italy",4,"Median","49",2010,1155,664,1819
380,"Italy",4,"Median","50",2010,1182,715,1897
380,"Italy",4,"Median","51",2010,1233,747,1980
380,"Italy",4,"Median","52",2010,1359,821,2180
380,"Italy",4,"Median","53",2010,1426,887,2313
380,"Italy",4,"Median","54",2010,1615,1021,2636
380,"Italy",4,"Median","55",2010,1717,956,2673
380,"Italy",4,"Median","56",2010,1890,1107,2997
380,"Italy",4,"Median","57",2010,1952,1095,3047
380,"Italy",4,"Median","58",2010,2161,1211,3372
380,"Italy",4,"Median","59",2010,2414,1328,3742
380,"Italy",4,"Median","60",2010,2788,1486,4274
380,"Italy",4,"Median","61",2010,3051,1611,4662
380,"Italy",4,"Median","62",2010,3362,1803,5166
380,"Italy",4,"Median","63",2010,3583,1977,5560
380,"Italy",4,"Median","64",2010,3675,1971,5645
380,"Italy",4,"Median","65",2010,3672,1997,5669
380,"Italy",4,"Median","66",2010,4067,2221,6287
380,"Italy",4,"Median","67",2010,4207,2340,6547
380,"Italy",4,"Median","68",2010,4710,2643,7353
380,"Italy",4,"Median","69",2010,5218,3038,8257
380,"Italy",4,"Median","70",2010,6000,3438,9438
380,"Italy",4,"Median","71",2010,6409,3801,10210
380,"Italy",4,"Median","72",2010,6720,4013,10733
380,"Italy",4,"Median","73",2010,6682,4291,10973
380,"Italy",4,"Median","74",2010,7514,4806,12320
380,"Italy",4,"Median","75",2010,7825,5555,13380
380,"Italy",4,"Median","76",2010,8406,6090,14496
380,"Italy",4,"Median","77",2010,8649,6654,15303
380,"Italy",4,"Median","78",2010,9432,7648,17080
380,"Italy",4,"Median","79",2010,10190,8531,18721
380,"Italy",4,"Median","80",2010,10932,9520,20452
380,"Italy",4,"Median","81",2010,11164,10399,21563
380,"Italy",4,"Median","82",2010,11406,11102,22508
380,"Italy",4,"Median","83",2010,11417,12160,23577
380,"Italy",4,"Median","84",2010,11203,13072,24275
380,"Italy",4,"Median","85",2010,11032,13841,24872
380,"Italy",4,"Median","86",2010,10777,14499,25276
380,"Italy",4,"Median","87",2010,10081,15306,25387
380,"Italy",4,"Median","88",2010,9708,15511,25219
380,"Italy",4,"Median","89",2010,8588,14983,23571
380,"Italy",4,"Median","90",2010,6671,12508,19179
380,"Italy",4,"Median","91",2010,4153,8230,12383
380,"Italy",4,"Median","92",2010,3307,7178,10485
380,"Italy",4,"Median","93",2010,3170,7425,10595
380,"Italy",4,"Median","94",2010,2950,7727,10677
380,"Italy",4,"Median","95",2010,2668,7537,10206
380,"Italy",4,"Median","96",2010,2297,6753,9050
380,"Italy",4,"Median","97",2010,1679,5312,6991
380,"Italy",4,"Median","98",2010,1144,3927,5071
380,"Italy",4,"Median","99",2010,748,2819,3567
380,"Italy",4,"Median","100",2010,224,773,997
380,"Italy",4,"Median","101",2010,183,683,866
380,"Italy",4,"Median","102",2010,150,604,754
380,"Italy",4,"Median","103",2010,122,533,655
380,"Italy",4,"Median","104",2010,100,471,571
380,"Italy",4,"Median","105",2010,82,417,499
380,"Italy",4,"Median","106",2010,67,368,435
380,"Italy",4,"Median","107",2010,55,325,380
380,"Italy",4,"Median","108",2010,45,287,332
380,"Italy",4,"Median","109",2010,37,254,291
380,"Italy",4,"Median","110",2010,30,224,254
380,"Italy",4,"Median","0",2011,929,761,1690
380,"Italy",4,"Median","1",2011,69,38,107
380,"Italy",4,"Median","2",2011,35,36,71
380,"Italy",4,"Median","3",2011,32,30,63
380,"Italy",4,"Median","4",2011,29,25,54
380,"Italy",4,"Median","5",2011,29,27,57
380,"Italy",4,"Median","6",2011,23,22,45
380,"Italy",4,"Median","7",2011,26,16,43
380,"Italy",4,"Median","8",2011,23,25,48
380,"Italy",4,"Median","9",2011,26,22,48
380,"Italy",4,"Median","10",2011,26,17,43
380,"Italy",4,"Median","11",2011,32,11,43
380,"Italy",4,"Median","12",2011,35,19,54
380,"Italy",4,"Median","13",2011,32,19,51
380,"Italy",4,"Median","14",2011,46,24,70
380,"Italy",4,"Median","15",2011,64,41,104
380,"Italy",4,"Median","16",2011,93,36,129
380,"Italy",4,"Median","17",2011,95,33,128
380,"Italy",4,"Median","18",2011,135,41,176
380,"Italy",4,"Median","19",2011,133,42,175
380,"Italy",4,"Median","20",2011,167,70,236
380,"Italy",4,"Median","21",2011,150,55,205
380,"Italy",4,"Median","22",2011,158,56,213
380,"Italy",4,"Median","23",2011,169,55,223
380,"Italy",4,"Median","24",2011,180,63,242
380,"Italy",4,"Median","25",2011,187,49,237
380,"Italy",4,"Median","26",2011,157,57,214
380,"Italy",4,"Median","27",2011,172,62,235
380,"Italy",4,"Median","28",2011,185,51,236
380,"Italy",4,"Median","29",2011,209,71,280
380,"Italy",4,"Median","30",2011,193,94,288
380,"Italy",4,"Median","31",2011,206,93,299
380,"Italy",4,"Median","32",2011,241,109,350
380,"Italy",4,"Median","33",2011,248,110,358
380,"Italy",4,"Median","34",2011,290,148,438
380,"Italy",4,"Median","35",2011,293,160,453
380,"Italy",4,"Median","36",2011,326,180,506
380,"Italy",4,"Median","37",2011,314,169,483
380,"Italy",4,"Median","38",2011,425,209,634
380,"Italy",4,"Median","39",2011,433,270,703
380,"Italy",4,"Median","40",2011,497,277,774
380,"Italy",4,"Median","41",2011,492,305,797
380,"Italy",4,"Median","42",2011,596,353,949
380,"Italy",4,"Median","43",2011,639,391,1031
380,"Italy",4,"Median","44",2011,706,439,1146
380,"Italy",4,"Median","45",2011,788,495,1283
380,"Italy",4,"Median","46",2011,950,580,1530
380,"Italy",4,"Median","47",2011,941,563,1504
380,"Italy",4,"Median","48",2011,1096,682,1778
380,"Italy",4,"Median","49",2011,1104,690,1793
380,"Italy",4,"Median","50",2011,1249,730,1980
380,"Italy",4,"Median","51",2011,1261,754,2015
380,"Italy",4,"Median","52",2011,1346,875,2221
380,"Italy",4,"Median","53",2011,1431,899,2330
380,"Italy",4,"Median","54",2011,1606,1017,2623
380,"Italy",4,"Median","55",2011,1789,1003,2792
380,"Italy",4,"Median","56",2011,1805,1104,2909
380,"Italy",4,"Median","57",2011,2006,1194,3199
380,"Italy",4,"Median","58",2011,2175,1272,3447
380,"Italy",4,"Median","59",2011,2378,1353,3731
380,"Italy",4,"Median","60",2011,2688,1482,4170
380,"Italy",4,"Median","61",2011,2941,1632,4573
380,"Italy",4,"Median","62",2011,3287,1875,5162
380,"Italy",4,"Median","63",2011,3644,2032,5675
380,"Italy",4,"Median","64",2011,3782,2096,5878
380,"Italy",4,"Median","65",2011,4001,2229,6229
380,"Italy",4,"Median","66",2011,4038,2259,6297
380,"Italy",4,"Median","67",2011,4279,2345,6623
380,"Italy",4,"Median","68",2011,4546,2559,7105
380,"Italy",4,"Median","69",2011,5072,2936,8008
380,"Italy",4,"Median","70",2011,5643,3350,8993
380,"Italy",4,"Median","71",2011,6327,3774,10102
380,"Italy",4,"Median","72",2011,6715,4233,10948
380,"Italy",4,"Median","73",2011,6967,4483,11450
380,"Italy",4,"Median","74",2011,7207,4772,11979
380,"Italy",4,"Median","75",2011,7706,5323,13029
380,"Italy",4,"Median","76",2011,8286,6030,14316
380,"Italy",4,"Median","77",2011,8929,6705,15634
380,"Italy",4,"Median","78",2011,9322,7394,16716
380,"Italy",4,"Median","79",2011,10246,8300,18546
380,"Italy",4,"Median","80",2011,10826,9382,20207
380,"Italy",4,"Median","81",2011,11226,10402,21628
380,"Italy",4,"Median","82",2011,11245,11271,22517
380,"Italy",4,"Median","83",2011,11487,12165,23653
380,"Italy",4,"Median","84",2011,11632,13036,24668
380,"Italy",4,"Median","85",2011,11078,14039,25117
380,"Italy",4,"Median","86",2011,10834,14806,25640
380,"Italy",4,"Median","87",2011,10503,15199,25701
380,"Italy",4,"Median","88",2011,9942,15792,25734
380,"Italy",4,"Median","89",2011,9070,15351,24420
380,"Italy",4,"Median","90",2011,8000,15030,23030
380,"Italy",4,"Median","91",2011,5957,12152,18110
380,"Italy",4,"Median","92",2011,3562,7790,11351
380,"Italy",4,"Median","93",2011,2848,6647,9495
380,"Italy",4,"Median","94",2011,2730,6699,9429
380,"Italy",4,"Median","95",2011,2435,6856,9292
380,"Italy",4,"Median","96",2011,2116,6405,8520
380,"Italy",4,"Median","97",2011,1762,5542,7304
380,"Italy",4,"Median","98",2011,1244,4200,5444
380,"Italy",4,"Median","99",2011,817,2985,3802
380,"Italy",4,"Median","100",2011,260,897,1157
380,"Italy",4,"Median","101",2011,209,777,986
380,"Italy",4,"Median","102",2011,168,673,841
380,"Italy",4,"Median","103",2011,135,582,717
380,"Italy",4,"Median","104",2011,109,504,613
380,"Italy",4,"Median","105",2011,87,437,524
380,"Italy",4,"Median","106",2011,70,378,448
380,"Italy",4,"Median","107",2011,56,327,383
380,"Italy",4,"Median","108",2011,45,283,328
380,"Italy",4,"Median","109",2011,36,245,281
380,"Italy",4,"Median","110",2011,29,212,241
380,"Italy",4,"Median","0",2012,858,733,1591
380,"Italy",4,"Median","1",2012,62,58,120
380,"Italy",4,"Median","2",2012,37,38,75
380,"Italy",4,"Median","3",2012,29,19,48
380,"Italy",4,"Median","4",2012,32,22,54
380,"Italy",4,"Median","5",2012,26,22,48
380,"Italy",4,"Median","6",2012,23,14,37
380,"Italy",4,"Median","7",2012,23,14,37
380,"Italy",4,"Median","8",2012,15,19,34
380,"Italy",4,"Median","9",2012,17,19,36
380,"Italy",4,"Median","10",2012,26,16,43
380,"Italy",4,"Median","11",2012,21,14,34
380,"Italy",4,"Median","12",2012,32,25,57
380,"Italy",4,"Median","13",2012,32,27,59
380,"Italy",4,"Median","14",2012,29,27,56
380,"Italy",4,"Median","15",2012,55,27,82
380,"Italy",4,"Median","16",2012,67,36,103
380,"Italy",4,"Median","17",2012,73,38,112
380,"Italy",4,"Median","18",2012,129,39,168
380,"Italy",4,"Median","19",2012,124,47,171
380,"Italy",4,"Median","20",2012,134,33,167
380,"Italy",4,"Median","21",2012,155,49,204
380,"Italy",4,"Median","22",2012,164,50,214
380,"Italy",4,"Median","23",2012,146,57,203
380,"Italy",4,"Median","24",2012,158,49,208
380,"Italy",4,"Median","25",2012,182,55,237
380,"Italy",4,"Median","26",2012,155,56,211
380,"Italy",4,"Median","27",2012,143,58,201
380,"Italy",4,"Median","28",2012,184,70,254
380,"Italy",4,"Median","29",2012,170,65,235
380,"Italy",4,"Median","30",2012,201,90,290
380,"Italy",4,"Median","31",2012,191,88,279
380,"Italy",4,"Median","32",2012,233,101,334
380,"Italy",4,"Median","33",2012,226,94,319
380,"Italy",4,"Median","34",2012,260,130,391
380,"Italy",4,"Median","35",2012,306,158,464
380,"Italy",4,"Median","36",2012,329,160,489
380,"Italy",4,"Median","37",2012,313,185,498
380,"Italy",4,"Median","38",2012,432,221,653
380,"Italy",4,"Median","39",2012,430,247,677
380,"Italy",4,"Median","40",2012,490,280,771
380,"Italy",4,"Median","41",2012,502,282,784
380,"Italy",4,"Median","42",2012,631,339,970
380,"Italy",4,"Median","43",2012,629,394,1023
380,"Italy",4,"Median","44",2012,659,438,1096
380,"Italy",4,"Median","45",2012,779,525,1304
380,"Italy",4,"Median","46",2012,881,556,1437
380,"Italy",4,"Median","47",2012,988,577,1565
380,"Italy",4,"Median","48",2012,1059,648,1707
380,"Italy",4,"Median","49",2012,1140,751,1891
380,"Italy",4,"Median","50",2012,1257,742,1999
380,"Italy",4,"Median","51",2012,1290,781,2071
380,"Italy",4,"Median","52",2012,1396,884,2280
380,"Italy",4,"Median","53",2012,1483,910,2393
380,"Italy",4,"Median","54",2012,1593,975,2568
380,"Italy",4,"Median","55",2012,1706,1002,2708
380,"Italy",4,"Median","56",2012,1938,1146,3084
380,"Italy",4,"Median","57",2012,1980,1175,3156
380,"Italy",4,"Median","58",2012,2167,1231,3398
380,"Italy",4,"Median","59",2012,2298,1375,3674
380,"Italy",4,"Median","60",2012,2594,1429,4023
380,"Italy",4,"Median","61",2012,2832,1626,4458
380,"Italy",4,"Median","62",2012,3263,1826,5088
380,"Italy",4,"Median","63",2012,3572,1981,5553
380,"Italy",4,"Median","64",2012,3868,2200,6068
380,"Italy",4,"Median","65",2012,4185,2346,6531
380,"Italy",4,"Median","66",2012,4309,2447,6756
380,"Italy",4,"Median","67",2012,4292,2464,6756
380,"Italy",4,"Median","68",2012,4537,2627,7163
380,"Italy",4,"Median","69",2012,4796,2804,7600
380,"Italy",4,"Median","70",2012,5452,3170,8622
380,"Italy",4,"Median","71",2012,6009,3737,9746
380,"Italy",4,"Median","72",2012,6720,4146,10866
380,"Italy",4,"Median","73",2012,7345,4719,12064
380,"Italy",4,"Median","74",2012,7592,4985,12578
380,"Italy",4,"Median","75",2012,7799,5411,13211
380,"Italy",4,"Median","76",2012,8443,5981,14424
380,"Italy",4,"Median","77",2012,8894,6747,15640
380,"Italy",4,"Median","78",2012,9521,7351,16872
380,"Italy",4,"Median","79",2012,10014,8369,18383
380,"Italy",4,"Median","80",2012,10676,9341,20017
380,"Italy",4,"Median","81",2012,11423,10627,22050
380,"Italy",4,"Median","82",2012,12034,11746,23780
380,"Italy",4,"Median","83",2012,11963,12497,24460
380,"Italy",4,"Median","84",2012,11936,13411,25347
380,"Italy",4,"Median","85",2012,11770,14262,26032
380,"Italy",4,"Median","86",2012,11528,15092,26620
380,"Italy",4,"Median","87",2012,10900,15875,26775
380,"Italy",4,"Median","88",2012,10278,16166,26443
380,"Italy",4,"Median","89",2012,9572,16418,25990
380,"Italy",4,"Median","90",2012,8444,15715,24159
380,"Italy",4,"Median","91",2012,7375,15039,22414
380,"Italy",4,"Median","92",2012,5316,11683,16999
380,"Italy",4,"Median","93",2012,3111,7256,10366
380,"Italy",4,"Median","94",2012,2353,6165,8519
380,"Italy",4,"Median","95",2012,2211,6177,8388
380,"Italy",4,"Median","96",2012,1909,5996,7905
380,"Italy",4,"Median","97",2012,1599,5406,7005
380,"Italy",4,"Median","98",2012,1281,4503,5784
380,"Italy",4,"Median","99",2012,870,3276,4146
380,"Italy",4,"Median","100",2012,300,1051,1351
380,"Italy",4,"Median","101",2012,235,892,1127
380,"Italy",4,"Median","102",2012,184,758,942
380,"Italy",4,"Median","103",2012,144,643,787
380,"Italy",4,"Median","104",2012,113,546,659
380,"Italy",4,"Median","105",2012,89,464,553
380,"Italy",4,"Median","106",2012,69,394,463
380,"Italy",4,"Median","107",2012,54,334,388
380,"Italy",4,"Median","108",2012,43,284,327
380,"Italy",4,"Median","109",2012,33,241,274
380,"Italy",4,"Median","110",2012,26,205,231
380,"Italy",4,"Median","0",2013,876,622,1499
380,"Italy",4,"Median","1",2013,64,45,108
380,"Italy",4,"Median","2",2013,48,35,83
380,"Italy",4,"Median","3",2013,38,19,57
380,"Italy",4,"Median","4",2013,26,22,48
380,"Italy",4,"Median","5",2013,26,11,38
380,"Italy",4,"Median","6",2013,18,17,34
380,"Italy",4,"Median","7",2013,35,17,52
380,"Italy",4,"Median","8",2013,23,8,32
380,"Italy",4,"Median","9",2013,23,19,43
380,"Italy",4,"Median","10",2013,17,19,37
380,"Italy",4,"Median","11",2013,26,14,40
380,"Italy",4,"Median","12",2013,21,11,32
380,"Italy",4,"Median","13",2013,30,28,57
380,"Italy",4,"Median","14",2013,47,22,69
380,"Italy",4,"Median","15",2013,58,25,83
380,"Italy",4,"Median","16",2013,61,36,97
380,"Italy",4,"Median","17",2013,91,36,126
380,"Italy",4,"Median","18",2013,95,41,136
380,"Italy",4,"Median","19",2013,115,37,151
380,"Italy",4,"Median","20",2013,138,47,185
380,"Italy",4,"Median","21",2013,129,46,175
380,"Italy",4,"Median","22",2013,111,50,160
380,"Italy",4,"Median","23",2013,143,57,200
380,"Italy",4,"Median","24",2013,151,61,212
380,"Italy",4,"Median","25",2013,154,60,213
380,"Italy",4,"Median","26",2013,162,56,218
380,"Italy",4,"Median","27",2013,151,64,214
380,"Italy",4,"Median","28",2013,155,62,217
380,"Italy",4,"Median","29",2013,163,57,220
380,"Italy",4,"Median","30",2013,189,77,266
380,"Italy",4,"Median","31",2013,189,94,283
380,"Italy",4,"Median","32",2013,219,89,308
380,"Italy",4,"Median","33",2013,216,102,318
380,"Italy",4,"Median","34",2013,224,137,361
380,"Italy",4,"Median","35",2013,254,139,394
380,"Italy",4,"Median","36",2013,317,154,471
380,"Italy",4,"Median","37",2013,331,188,519
380,"Italy",4,"Median","38",2013,338,228,566
380,"Italy",4,"Median","39",2013,396,222,618
380,"Italy",4,"Median","40",2013,441,272,713
380,"Italy",4,"Median","41",2013,463,306,769
380,"Italy",4,"Median","42",2013,537,356,894
380,"Italy",4,"Median","43",2013,613,365,978
380,"Italy",4,"Median","44",2013,699,430,1128
380,"Italy",4,"Median","45",2013,748,489,1237
380,"Italy",4,"Median","46",2013,809,511,1320
380,"Italy",4,"Median","47",2013,882,577,1459
380,"Italy",4,"Median","48",2013,1033,618,1651
380,"Italy",4,"Median","49",2013,1160,728,1888
380,"Italy",4,"Median","50",2013,1237,766,2004
380,"Italy",4,"Median","51",2013,1265,807,2073
380,"Italy",4,"Median","52",2013,1415,959,2374
380,"Italy",4,"Median","53",2013,1510,912,2421
380,"Italy",4,"Median","54",2013,1590,890,2480
380,"Italy",4,"Median","55",2013,1726,1066,2792
380,"Italy",4,"Median","56",2013,1820,1067,2887
380,"Italy",4,"Median","57",2013,2093,1231,3324
380,"Italy",4,"Median","58",2013,2180,1218,3398
380,"Italy",4,"Median","59",2013,2228,1241,3469
380,"Italy",4,"Median","60",2013,2458,1384,3843
380,"Italy",4,"Median","61",2013,2672,1575,4247
380,"Italy",4,"Median","62",2013,3085,1720,4804
380,"Italy",4,"Median","63",2013,3318,1927,5245
380,"Italy",4,"Median","64",2013,3672,2173,5845
380,"Italy",4,"Median","65",2013,4044,2465,6509
380,"Italy",4,"Median","66",2013,4433,2485,6917
380,"Italy",4,"Median","67",2013,4521,2549,7071
380,"Italy",4,"Median","68",2013,4462,2534,6997
380,"Italy",4,"Median","69",2013,4807,2669,7477
380,"Italy",4,"Median","70",2013,5154,3156,8310
380,"Italy",4,"Median","71",2013,5723,3360,9082
380,"Italy",4,"Median","72",2013,6345,4077,10422
380,"Italy",4,"Median","73",2013,7050,4378,11428
380,"Italy",4,"Median","74",2013,7445,4977,12421
380,"Italy",4,"Median","75",2013,7867,5359,13226
380,"Italy",4,"Median","76",2013,7969,5670,13639
380,"Italy",4,"Median","77",2013,8591,6484,15074
380,"Italy",4,"Median","78",2013,9226,7052,16278
380,"Italy",4,"Median","79",2013,9855,8081,17936
380,"Italy",4,"Median","80",2013,10370,8863,19232
380,"Italy",4,"Median","81",2013,10980,9854,20833
380,"Italy",4,"Median","82",2013,11444,11209,22653
380,"Italy",4,"Median","83",2013,11765,12197,23962
380,"Italy",4,"Median","84",2013,11572,12941,24513
380,"Italy",4,"Median","85",2013,11478,13700,25177
380,"Italy",4,"Median","86",2013,11277,14583,25859
380,"Italy",4,"Median","87",2013,10881,15094,25974
380,"Italy",4,"Median","88",2013,10173,15258,25431
380,"Italy",4,"Median","89",2013,9163,15580,24743
380,"Italy",4,"Median","90",2013,8508,15405,23913
380,"Italy",4,"Median","91",2013,7470,14690,22160
380,"Italy",4,"Median","92",2013,6221,13357,19578
380,"Italy",4,"Median","93",2013,4343,10223,14566
380,"Italy",4,"Median","94",2013,2551,6287,8838
380,"Italy",4,"Median","95",2013,1878,5117,6995
380,"Italy",4,"Median","96",2013,1680,4949,6629
380,"Italy",4,"Median","97",2013,1404,4640,6044
380,"Italy",4,"Median","98",2013,1135,4031,5166
380,"Italy",4,"Median","99",2013,878,3230,4108
380,"Italy",4,"Median","100",2013,337,1149,1486
380,"Italy",4,"Median","101",2013,258,953,1211
380,"Italy",4,"Median","102",2013,197,791,988
380,"Italy",4,"Median","103",2013,151,657,808
380,"Italy",4,"Median","104",2013,115,545,660
380,"Italy",4,"Median","105",2013,88,452,540
380,"Italy",4,"Median","106",2013,68,375,443
380,"Italy",4,"Median","107",2013,52,311,363
380,"Italy",4,"Median","108",2013,40,258,298
380,"Italy",4,"Median","109",2013,30,214,244
380,"Italy",4,"Median","110",2013,23,178,201
380,"Italy",4,"Median","0",2014,763,609,1372
380,"Italy",4,"Median","1",2014,40,41,81
380,"Italy",4,"Median","2",2014,36,34,70
380,"Italy",4,"Median","3",2014,40,24,64
380,"Italy",4,"Median","4",2014,29,22,51
380,"Italy",4,"Median","5",2014,26,14,40
380,"Italy",4,"Median","6",2014,21,28,48
380,"Italy",4,"Median","7",2014,18,14,32
380,"Italy",4,"Median","8",2014,21,14,34
380,"Italy",4,"Median","9",2014,24,11,35
380,"Italy",4,"Median","10",2014,15,11,26
380,"Italy",4,"Median","11",2014,23,19,43
380,"Italy",4,"Median","12",2014,18,22,39
380,"Italy",4,"Median","13",2014,27,25,52
380,"Italy",4,"Median","14",2014,53,25,78
380,"Italy",4,"Median","15",2014,53,28,80
380,"Italy",4,"Median","16",2014,64,27,91
380,"Italy",4,"Median","17",2014,82,33,115
380,"Italy",4,"Median","18",2014,106,44,150
380,"Italy",4,"Median","19",2014,95,42,137
380,"Italy",4,"Median","20",2014,103,40,143
380,"Italy",4,"Median","21",2014,126,33,159
380,"Italy",4,"Median","22",2014,142,52,195
380,"Italy",4,"Median","23",2014,128,41,169
380,"Italy",4,"Median","24",2014,141,44,186
380,"Italy",4,"Median","25",2014,156,55,211
380,"Italy",4,"Median","26",2014,142,60,203
380,"Italy",4,"Median","27",2014,151,41,192
380,"Italy",4,"Median","28",2014,146,61,207
380,"Italy",4,"Median","29",2014,136,79,215
380,"Italy",4,"Median","30",2014,185,65,250
380,"Italy",4,"Median","31",2014,162,74,236
380,"Italy",4,"Median","32",2014,172,98,270
380,"Italy",4,"Median","33",2014,221,85,306
380,"Italy",4,"Median","34",2014,237,91,328
380,"Italy",4,"Median","35",2014,269,122,391
380,"Italy",4,"Median","36",2014,268,161,429
380,"Italy",4,"Median","37",2014,327,181,508
380,"Italy",4,"Median","38",2014,346,220,566
380,"Italy",4,"Median","39",2014,377,238,614
380,"Italy",4,"Median","40",2014,392,266,658
380,"Italy",4,"Median","41",2014,471,297,767
380,"Italy",4,"Median","42",2014,536,297,833
380,"Italy",4,"Median","43",2014,619,352,972
380,"Italy",4,"Median","44",2014,643,400,1043
380,"Italy",4,"Median","45",2014,695,421,1115
380,"Italy",4,"Median","46",2014,792,515,1307
380,"Italy",4,"Median","47",2014,877,552,1429
380,"Italy",4,"Median","48",2014,1034,598,1632
380,"Italy",4,"Median","49",2014,1115,734,1849
380,"Italy",4,"Median","50",2014,1287,734,2021
380,"Italy",4,"Median","51",2014,1323,776,2100
380,"Italy",4,"Median","52",2014,1373,877,2250
380,"Italy",4,"Median","53",2014,1511,905,2415
380,"Italy",4,"Median","54",2014,1693,983,2675
380,"Italy",4,"Median","55",2014,1667,1039,2706
380,"Italy",4,"Median","56",2014,1743,1094,2837
380,"Italy",4,"Median","57",2014,1975,1143,3117
380,"Italy",4,"Median","58",2014,2186,1294,3480
380,"Italy",4,"Median","59",2014,2297,1353,3649
380,"Italy",4,"Median","60",2014,2436,1440,3876
380,"Italy",4,"Median","61",2014,2691,1518,4209
380,"Italy",4,"Median","62",2014,2938,1673,4611
380,"Italy",4,"Median","63",2014,3339,1829,5168
380,"Italy",4,"Median","64",2014,3615,1986,5600
380,"Italy",4,"Median","65",2014,3938,2329,6267
380,"Italy",4,"Median","66",2014,4496,2566,7062
380,"Italy",4,"Median","67",2014,4752,2686,7438
380,"Italy",4,"Median","68",2014,4639,2778,7418
380,"Italy",4,"Median","69",2014,4787,2825,7612
380,"Italy",4,"Median","70",2014,4999,3044,8042
380,"Italy",4,"Median","71",2014,5357,3304,8661
380,"Italy",4,"Median","72",2014,5936,3779,9715
380,"Italy",4,"Median","73",2014,6806,4212,11018
380,"Italy",4,"Median","74",2014,7424,4817,12242
380,"Italy",4,"Median","75",2014,7911,5365,13275
380,"Italy",4,"Median","76",2014,8359,5787,14146
380,"Italy",4,"Median","77",2014,8316,6223,14539
380,"Italy",4,"Median","78",2014,9015,6942,15957
380,"Italy",4,"Median","79",2014,9709,7949,17658
380,"Italy",4,"Median","80",2014,10232,8667,18900
380,"Italy",4,"Median","81",2014,10320,9650,19969
380,"Italy",4,"Median","82",2014,11142,10718,21860
380,"Italy",4,"Median","83",2014,11681,11758,23439
380,"Italy",4,"Median","84",2014,12198,13066,25264
380,"Italy",4,"Median","85",2014,11579,13628,25207
380,"Italy",4,"Median","86",2014,11127,14332,25459
380,"Italy",4,"Median","87",2014,10772,14897,25668
380,"Italy",4,"Median","88",2014,10407,15266,25673
380,"Italy",4,"Median","89",2014,9518,15493,25011
380,"Italy",4,"Median","90",2014,8510,15296,23806
380,"Italy",4,"Median","91",2014,7571,15067,22638
380,"Italy",4,"Median","92",2014,6515,13599,20114
380,"Italy",4,"Median","93",2014,5373,12148,17521
380,"Italy",4,"Median","94",2014,3614,8908,12523
380,"Italy",4,"Median","95",2014,2014,5386,7400
380,"Italy",4,"Median","96",2014,1464,4259,5722
380,"Italy",4,"Median","97",2014,1266,3978,5243
380,"Italy",4,"Median","98",2014,1021,3594,4616
380,"Italy",4,"Median","99",2014,796,3003,3799
380,"Italy",4,"Median","100",2014,377,1282,1659
380,"Italy",4,"Median","101",2014,282,1041,1323
380,"Italy",4,"Median","102",2014,211,844,1055
380,"Italy",4,"Median","103",2014,158,685,843
380,"Italy",4,"Median","104",2014,118,556,674
380,"Italy",4,"Median","105",2014,88,451,539
380,"Italy",4,"Median","106",2014,66,366,432
380,"Italy",4,"Median","107",2014,49,297,346
380,"Italy",4,"Median","108",2014,37,241,278
380,"Italy",4,"Median","109",2014,27,196,223
380,"Italy",4,"Median","110",2014,21,159,180
380,"Italy",4,"Median","0",2015,758,620,1378
380,"Italy",4,"Median","1",2015,50,49,99
380,"Italy",4,"Median","2",2015,30,33,63
380,"Italy",4,"Median","3",2015,28,24,51
380,"Italy",4,"Median","4",2015,28,21,50
380,"Italy",4,"Median","5",2015,23,11,34
380,"Italy",4,"Median","6",2015,15,19,34
380,"Italy",4,"Median","7",2015,18,14,32
380,"Italy",4,"Median","8",2015,21,17,37
380,"Italy",4,"Median","9",2015,26,11,37
380,"Italy",4,"Median","10",2015,21,8,29
380,"Italy",4,"Median","11",2015,21,19,40
380,"Italy",4,"Median","12",2015,26,11,37
380,"Italy",4,"Median","13",2015,32,19,51
380,"Italy",4,"Median","14",2015,44,22,67
380,"Italy",4,"Median","15",2015,62,28,90
380,"Italy",4,"Median","16",2015,65,36,100
380,"Italy",4,"Median","17",2015,97,33,129
380,"Italy",4,"Median","18",2015,111,30,142
380,"Italy",4,"Median","19",2015,118,44,163
380,"Italy",4,"Median","20",2015,107,42,149
380,"Italy",4,"Median","21",2015,131,52,182
380,"Italy",4,"Median","22",2015,135,42,177
380,"Italy",4,"Median","23",2015,130,43,173
380,"Italy",4,"Median","24",2015,145,54,198
380,"Italy",4,"Median","25",2015,151,54,206
380,"Italy",4,"Median","26",2015,146,75,221
380,"Italy",4,"Median","27",2015,143,61,203
380,"Italy",4,"Median","28",2015,142,50,193
380,"Italy",4,"Median","29",2015,136,58,194
380,"Italy",4,"Median","30",2015,160,70,229
380,"Italy",4,"Median","31",2015,216,68,284
380,"Italy",4,"Median","32",2015,195,81,275
380,"Italy",4,"Median","33",2015,198,95,293
380,"Italy",4,"Median","34",2015,259,97,355
380,"Italy",4,"Median","35",2015,249,106,355
380,"Italy",4,"Median","36",2015,257,158,415
380,"Italy",4,"Median","37",2015,268,169,437
380,"Italy",4,"Median","38",2015,323,185,508
380,"Italy",4,"Median","39",2015,404,229,633
380,"Italy",4,"Median","40",2015,409,293,702
380,"Italy",4,"Median","41",2015,496,261,756
380,"Italy",4,"Median","42",2015,527,311,838
380,"Italy",4,"Median","43",2015,588,379,968
380,"Italy",4,"Median","44",2015,647,372,1019
380,"Italy",4,"Median","45",2015,771,453,1225
380,"Italy",4,"Median","46",2015,887,480,1367
380,"Italy",4,"Median","47",2015,961,590,1551
380,"Italy",4,"Median","48",2015,1016,626,1642
380,"Italy",4,"Median","49",2015,1120,733,1852
380,"Italy",4,"Median","50",2015,1269,798,2067
380,"Italy",4,"Median","51",2015,1417,851,2268
380,"Italy",4,"Median","52",2015,1476,909,2386
380,"Italy",4,"Median","53",2015,1572,940,2512
380,"Italy",4,"Median","54",2015,1643,1043,2686
380,"Italy",4,"Median","55",2015,1821,1101,2922
380,"Italy",4,"Median","56",2015,1862,1169,3032
380,"Italy",4,"Median","57",2015,2092,1268,3360
380,"Italy",4,"Median","58",2015,2128,1248,3376
380,"Italy",4,"Median","59",2015,2336,1500,3836
380,"Italy",4,"Median","60",2015,2608,1540,4148
380,"Italy",4,"Median","61",2015,2763,1572,4334
380,"Italy",4,"Median","62",2015,2906,1716,4622
380,"Italy",4,"Median","63",2015,3292,1868,5160
380,"Italy",4,"Median","64",2015,3652,2062,5714
380,"Italy",4,"Median","65",2015,3853,2329,6182
380,"Italy",4,"Median","66",2015,4392,2605,6997
380,"Italy",4,"Median","67",2015,4913,2739,7652
380,"Italy",4,"Median","68",2015,5139,2950,8090
380,"Italy",4,"Median","69",2015,5202,2997,8198
380,"Italy",4,"Median","70",2015,5139,3160,8299
380,"Italy",4,"Median","71",2015,5479,3427,8907
380,"Italy",4,"Median","72",2015,5976,3736,9713
380,"Italy",4,"Median","73",2015,6664,4349,11013
380,"Italy",4,"Median","74",2015,7510,4950,12460
380,"Italy",4,"Median","75",2015,8214,5629,13843
380,"Italy",4,"Median","76",2015,9104,6217,15321
380,"Italy",4,"Median","77",2015,9009,6880,15889
380,"Italy",4,"Median","78",2015,9390,7439,16829
380,"Italy",4,"Median","79",2015,10046,8162,18208
380,"Italy",4,"Median","80",2015,10698,9383,20081
380,"Italy",4,"Median","81",2015,11015,10279,21293
380,"Italy",4,"Median","82",2015,11651,11315,22966
380,"Italy",4,"Median","83",2015,12130,12698,24828
380,"Italy",4,"Median","84",2015,12621,14223,26844
380,"Italy",4,"Median","85",2015,12835,15157,27992
380,"Italy",4,"Median","86",2015,12185,15597,27782
380,"Italy",4,"Median","87",2015,11904,16417,28320
380,"Italy",4,"Median","88",2015,11337,16791,28129
380,"Italy",4,"Median","89",2015,10309,17183,27493
380,"Italy",4,"Median","90",2015,9456,17053,26509
380,"Italy",4,"Median","91",2015,8241,16326,24566
380,"Italy",4,"Median","92",2015,7149,15457,22606
380,"Italy",4,"Median","93",2015,5988,13899,19887
380,"Italy",4,"Median","94",2015,4772,12029,16800
380,"Italy",4,"Median","95",2015,3158,8713,11871
380,"Italy",4,"Median","96",2015,1680,5035,6715
380,"Italy",4,"Median","97",2015,1178,3845,5023
380,"Italy",4,"Median","98",2015,980,3454,4434
380,"Italy",4,"Median","99",2015,758,2990,3748
380,"Italy",4,"Median","100",2015,410,1473,1883
380,"Italy",4,"Median","101",2015,301,1178,1479
380,"Italy",4,"Median","102",2015,221,942,1163
380,"Italy",4,"Median","103",2015,163,753,916
380,"Italy",4,"Median","104",2015,120,603,723
380,"Italy",4,"Median","105",2015,88,482,570
380,"Italy",4,"Median","106",2015,65,385,450
380,"Italy",4,"Median","107",2015,47,308,355
380,"Italy",4,"Median","108",2015,35,247,282
380,"Italy",4,"Median","109",2015,26,197,223
380,"Italy",4,"Median","110",2015,19,158,177
380,"Italy",4,"Median","0",2016,722,595,1317
380,"Italy",4,"Median","1",2016,38,46,84
380,"Italy",4,"Median","2",2016,23,17,41
380,"Italy",4,"Median","3",2016,24,23,47
380,"Italy",4,"Median","4",2016,19,16,35
380,"Italy",4,"Median","5",2016,17,21,38
380,"Italy",4,"Median","6",2016,29,19,48
380,"Italy",4,"Median","7",2016,18,17,34
380,"Italy",4,"Median","8",2016,26,22,49
380,"Italy",4,"Median","9",2016,26,17,43
380,"Italy",4,"Median","10",2016,29,28,57
380,"Italy",4,"Median","11",2016,23,8,32
380,"Italy",4,"Median","12",2016,23,19,43
380,"Italy",4,"Median","13",2016,47,22,69
380,"Italy",4,"Median","14",2016,35,28,63
380,"Italy",4,"Median","15",2016,39,25,64
380,"Italy",4,"Median","16",2016,65,31,96
380,"Italy",4,"Median","17",2016,85,30,116
380,"Italy",4,"Median","18",2016,94,38,132
380,"Italy",4,"Median","19",2016,98,25,122
380,"Italy",4,"Median","20",2016,113,39,152
380,"Italy",4,"Median","21",2016,114,56,170
380,"Italy",4,"Median","22",2016,125,49,174
380,"Italy",4,"Median","23",2016,127,45,172
380,"Italy",4,"Median","24",2016,124,56,180
380,"Italy",4,"Median","25",2016,145,51,196
380,"Italy",4,"Median","26",2016,132,67,200
380,"Italy",4,"Median","27",2016,137,59,196
380,"Italy",4,"Median","28",2016,143,61,204
380,"Italy",4,"Median","29",2016,140,63,203
380,"Italy",4,"Median","30",2016,166,58,225
380,"Italy",4,"Median","31",2016,157,60,217
380,"Italy",4,"Median","32",2016,176,85,261
380,"Italy",4,"Median","33",2016,195,98,294
380,"Italy",4,"Median","34",2016,231,124,355
380,"Italy",4,"Median","35",2016,203,126,329
380,"Italy",4,"Median","36",2016,265,152,416
380,"Italy",4,"Median","37",2016,285,162,447
380,"Italy",4,"Median","38",2016,297,185,483
380,"Italy",4,"Median","39",2016,345,211,555
380,"Italy",4,"Median","40",2016,409,238,646
380,"Italy",4,"Median","41",2016,446,265,711
380,"Italy",4,"Median","42",2016,519,294,813
380,"Italy",4,"Median","43",2016,536,354,890
380,"Italy",4,"Median","44",2016,650,408,1058
380,"Italy",4,"Median","45",2016,709,440,1149
380,"Italy",4,"Median","46",2016,741,507,1248
380,"Italy",4,"Median","47",2016,847,608,1455
380,"Italy",4,"Median","48",2016,959,589,1548
380,"Italy",4,"Median","49",2016,1028,640,1668
380,"Italy",4,"Median","50",2016,1195,757,1951
380,"Italy",4,"Median","51",2016,1353,782,2134
380,"Italy",4,"Median","52",2016,1421,952,2374
380,"Italy",4,"Median","53",2016,1484,922,2407
380,"Italy",4,"Median","54",2016,1746,1021,2767
380,"Italy",4,"Median","55",2016,1648,1036,2685
380,"Italy",4,"Median","56",2016,2007,1147,3154
380,"Italy",4,"Median","57",2016,2059,1251,3310
380,"Italy",4,"Median","58",2016,2212,1296,3508
380,"Italy",4,"Median","59",2016,2320,1320,3641
380,"Italy",4,"Median","60",2016,2514,1486,3999
380,"Italy",4,"Median","61",2016,2705,1521,4226
380,"Italy",4,"Median","62",2016,2856,1632,4488
380,"Italy",4,"Median","63",2016,3066,1722,4788
380,"Italy",4,"Median","64",2016,3266,1880,5146
380,"Italy",4,"Median","65",2016,3730,2190,5920
380,"Italy",4,"Median","66",2016,4176,2495,6671
380,"Italy",4,"Median","67",2016,4681,2659,7341
380,"Italy",4,"Median","68",2016,5126,2898,8024
380,"Italy",4,"Median","69",2016,5218,3088,8306
380,"Italy",4,"Median","70",2016,5211,3170,8381
380,"Italy",4,"Median","71",2016,5429,3315,8745
380,"Italy",4,"Median","72",2016,5691,3654,9345
380,"Italy",4,"Median","73",2016,6179,3970,10149
380,"Italy",4,"Median","74",2016,6955,4569,11524
380,"Italy",4,"Median","75",2016,7765,5186,12950
380,"Italy",4,"Median","76",2016,8602,5876,14478
380,"Italy",4,"Median","77",2016,8960,6765,15724
380,"Italy",4,"Median","78",2016,9294,7036,16330
380,"Italy",4,"Median","79",2016,9480,7579,17059
380,"Italy",4,"Median","80",2016,10192,8612,18804
380,"Italy",4,"Median","81",2016,10574,9552,20125
380,"Italy",4,"Median","82",2016,11350,10558,21908
380,"Italy",4,"Median","83",2016,11307,11605,22912
380,"Italy",4,"Median","84",2016,11763,12784,24547
380,"Italy",4,"Median","85",2016,12346,14136,26482
380,"Italy",4,"Median","86",2016,12215,14947,27163
380,"Italy",4,"Median","87",2016,11527,15244,26771
380,"Italy",4,"Median","88",2016,10785,15598,26382
380,"Italy",4,"Median","89",2016,10399,16131,26530
380,"Italy",4,"Median","90",2016,9074,15557,24631
380,"Italy",4,"Median","91",2016,8140,14997,23137
380,"Italy",4,"Median","92",2016,7007,14228,21236
380,"Italy",4,"Median","93",2016,5891,13397,19288
380,"Italy",4,"Median","94",2016,4688,11557,16245
380,"Italy",4,"Median","95",2016,3695,9877,13573
380,"Italy",4,"Median","96",2016,2355,6835,9191
380,"Italy",4,"Median","97",2016,1208,3809,5017
380,"Italy",4,"Median","98",2016,816,2799,3614
380,"Italy",4,"Median","99",2016,653,2417,3070
380,"Italy",4,"Median","100",2016,378,1346,1724
380,"Italy",4,"Median","101",2016,276,1074,1350
380,"Italy",4,"Median","102",2016,202,857,1059
380,"Italy",4,"Median","103",2016,148,683,831
380,"Italy",4,"Median","104",2016,108,545,653
380,"Italy",4,"Median","105",2016,79,435,514
380,"Italy",4,"Median","106",2016,58,347,405
380,"Italy",4,"Median","107",2016,42,277,319
380,"Italy",4,"Median","108",2016,31,221,252
380,"Italy",4,"Median","109",2016,23,176,199
380,"Italy",4,"Median","110",2016,17,141,158
380,"Italy",4,"Median","0",2017,714,592,1306
380,"Italy",4,"Median","1",2017,54,42,96
380,"Italy",4,"Median","2",2017,41,26,67
380,"Italy",4,"Median","3",2017,29,20,48
380,"Italy",4,"Median","4",2017,24,20,44
380,"Italy",4,"Median","5",2017,22,18,40
380,"Italy",4,"Median","6",2017,28,24,52
380,"Italy",4,"Median","7",2017,23,16,39
380,"Italy",4,"Median","8",2017,18,14,31
380,"Italy",4,"Median","9",2017,21,25,45
380,"Italy",4,"Median","10",2017,38,14,52
380,"Italy",4,"Median","11",2017,26,25,51
380,"Italy",4,"Median","12",2017,29,22,51
380,"Italy",4,"Median","13",2017,32,22,54
380,"Italy",4,"Median","14",2017,47,33,79
380,"Italy",4,"Median","15",2017,58,19,78
380,"Italy",4,"Median","16",2017,80,39,119
380,"Italy",4,"Median","17",2017,99,36,135
380,"Italy",4,"Median","18",2017,117,44,161
380,"Italy",4,"Median","19",2017,115,36,151
380,"Italy",4,"Median","20",2017,149,47,196
380,"Italy",4,"Median","21",2017,131,50,181
380,"Italy",4,"Median","22",2017,144,59,203
380,"Italy",4,"Median","23",2017,142,46,189
380,"Italy",4,"Median","24",2017,147,55,202
380,"Italy",4,"Median","25",2017,158,63,221
380,"Italy",4,"Median","26",2017,154,51,205
380,"Italy",4,"Median","27",2017,157,65,222
380,"Italy",4,"Median","28",2017,162,49,211
380,"Italy",4,"Median","29",2017,161,71,232
380,"Italy",4,"Median","30",2017,173,85,259
380,"Italy",4,"Median","31",2017,174,91,265
380,"Italy",4,"Median","32",2017,189,80,268
380,"Italy",4,"Median","33",2017,204,89,293
380,"Italy",4,"Median","34",2017,232,95,327
380,"Italy",4,"Median","35",2017,221,110,331
380,"Italy",4,"Median","36",2017,249,145,394
380,"Italy",4,"Median","37",2017,281,163,444
380,"Italy",4,"Median","38",2017,309,193,503
380,"Italy",4,"Median","39",2017,389,210,599
380,"Italy",4,"Median","40",2017,409,211,620
380,"Italy",4,"Median","41",2017,467,296,763
380,"Italy",4,"Median","42",2017,556,321,877
380,"Italy",4,"Median","43",2017,607,327,934
380,"Italy",4,"Median","44",2017,654,382,1036
380,"Italy",4,"Median","45",2017,711,466,1177
380,"Italy",4,"Median","46",2017,827,498,1325
380,"Italy",4,"Median","47",2017,940,521,1460
380,"Italy",4,"Median","48",2017,984,637,1621
380,"Italy",4,"Median","49",2017,1107,678,1785
380,"Italy",4,"Median","50",2017,1204,753,1957
380,"Italy",4,"Median","51",2017,1327,820,2148
380,"Italy",4,"Median","52",2017,1542,905,2448
380,"Italy",4,"Median","53",2017,1586,985,2571
380,"Italy",4,"Median","54",2017,1648,1049,2697
380,"Italy",4,"Median","55",2017,1817,1124,2941
380,"Italy",4,"Median","56",2017,1944,1200,3144
380,"Italy",4,"Median","57",2017,2165,1223,3388
380,"Italy",4,"Median","58",2017,2196,1268,3464
380,"Italy",4,"Median","59",2017,2317,1426,3743
380,"Italy",4,"Median","60",2017,2603,1539,4142
380,"Italy",4,"Median","61",2017,2812,1667,4479
380,"Italy",4,"Median","62",2017,3044,1638,4682
380,"Italy",4,"Median","63",2017,3156,1835,4991
380,"Italy",4,"Median","64",2017,3379,2025,5403
380,"Italy",4,"Median","65",2017,3629,2119,5749
380,"Italy",4,"Median","66",2017,3965,2367,6332
380,"Italy",4,"Median","67",2017,4616,2642,7259
380,"Italy",4,"Median","68",2017,4952,2971,7923
380,"Italy",4,"Median","69",2017,5495,3377,8872
380,"Italy",4,"Median","70",2017,5795,3575,9370
380,"Italy",4,"Median","71",2017,5838,3537,9375
380,"Italy",4,"Median","72",2017,5894,3790,9685
380,"Italy",4,"Median","73",2017,6279,4070,10349
380,"Italy",4,"Median","74",2017,6818,4466,11284
380,"Italy",4,"Median","75",2017,7539,5223,12762
380,"Italy",4,"Median","76",2017,8693,5968,14662
380,"Italy",4,"Median","77",2017,9257,6899,16156
380,"Italy",4,"Median","78",2017,9929,7811,17740
380,"Italy",4,"Median","79",2017,10197,8155,18352
380,"Italy",4,"Median","80",2017,10444,8786,19230
380,"Italy",4,"Median","81",2017,11235,9948,21182
380,"Italy",4,"Median","82",2017,11791,11257,23048
380,"Italy",4,"Median","83",2017,12176,12100,24276
380,"Italy",4,"Median","84",2017,12197,13125,25322
380,"Italy",4,"Median","85",2017,12791,14452,27243
380,"Italy",4,"Median","86",2017,12872,15972,28844
380,"Italy",4,"Median","87",2017,12701,16652,29353
380,"Italy",4,"Median","88",2017,11815,17254,29069
380,"Italy",4,"Median","89",2017,10957,17187,28144
380,"Italy",4,"Median","90",2017,10047,16830,26877
380,"Italy",4,"Median","91",2017,8872,16434,25305
380,"Italy",4,"Median","92",2017,7541,15075,22616
380,"Italy",4,"Median","93",2017,6470,14123,20593
380,"Italy",4,"Median","94",2017,5108,12845,17952
380,"Italy",4,"Median","95",2017,4111,10933,15043
380,"Italy",4,"Median","96",2017,3066,8961,12027
380,"Italy",4,"Median","97",2017,1878,5962,7839
380,"Italy",4,"Median","98",2017,927,3197,4124
380,"Italy",4,"Median","99",2017,602,2255,2857
380,"Italy",4,"Median","100",2017,363,1294,1657
380,"Italy",4,"Median","101",2017,267,1042,1309
380,"Italy",4,"Median","102",2017,197,839,1036
380,"Italy",4,"Median","103",2017,145,676,821
380,"Italy",4,"Median","104",2017,107,544,651
380,"Italy",4,"Median","105",2017,78,438,516
380,"Italy",4,"Median","106",2017,58,353,411
380,"Italy",4,"Median","107",2017,43,284,327
380,"Italy",4,"Median","108",2017,31,229,260
380,"Italy",4,"Median","109",2017,23,184,207
380,"Italy",4,"Median","110",2017,17,149,166
380,"Italy",4,"Median","0",2018,693,552,1245
380,"Italy",4,"Median","1",2018,55,43,98
380,"Italy",4,"Median","2",2018,35,30,65
380,"Italy",4,"Median","3",2018,23,19,42
380,"Italy",4,"Median","4",2018,31,15,46
380,"Italy",4,"Median","5",2018,24,23,47
380,"Italy",4,"Median","6",2018,19,13,32
380,"Italy",4,"Median","7",2018,20,11,30
380,"Italy",4,"Median","8",2018,23,11,34
380,"Italy",4,"Median","9",2018,23,11,34
380,"Italy",4,"Median","10",2018,18,19,37
380,"Italy",4,"Median","11",2018,26,14,40
380,"Italy",4,"Median","12",2018,29,22,51
380,"Italy",4,"Median","13",2018,26,19,46
380,"Italy",4,"Median","14",2018,26,30,57
380,"Italy",4,"Median","15",2018,47,25,71
380,"Italy",4,"Median","16",2018,67,30,97
380,"Italy",4,"Median","17",2018,72,31,102
380,"Italy",4,"Median","18",2018,119,39,158
380,"Italy",4,"Median","19",2018,118,50,168
380,"Italy",4,"Median","20",2018,125,31,156
380,"Italy",4,"Median","21",2018,134,39,173
380,"Italy",4,"Median","22",2018,121,37,158
380,"Italy",4,"Median","23",2018,140,40,180
380,"Italy",4,"Median","24",2018,119,50,169
380,"Italy",4,"Median","25",2018,146,49,195
380,"Italy",4,"Median","26",2018,170,57,226
380,"Italy",4,"Median","27",2018,148,55,203
380,"Italy",4,"Median","28",2018,162,62,224
380,"Italy",4,"Median","29",2018,153,59,212
380,"Italy",4,"Median","30",2018,136,68,204
380,"Italy",4,"Median","31",2018,168,70,238
380,"Italy",4,"Median","32",2018,182,98,279
380,"Italy",4,"Median","33",2018,186,97,282
380,"Italy",4,"Median","34",2018,201,96,297
380,"Italy",4,"Median","35",2018,211,120,330
380,"Italy",4,"Median","36",2018,232,124,357
380,"Italy",4,"Median","37",2018,291,138,428
380,"Italy",4,"Median","38",2018,265,182,447
380,"Italy",4,"Median","39",2018,333,193,526
380,"Italy",4,"Median","40",2018,380,230,611
380,"Italy",4,"Median","41",2018,435,232,667
380,"Italy",4,"Median","42",2018,471,305,775
380,"Italy",4,"Median","43",2018,509,312,821
380,"Italy",4,"Median","44",2018,625,412,1037
380,"Italy",4,"Median","45",2018,658,420,1078
380,"Italy",4,"Median","46",2018,757,490,1247
380,"Italy",4,"Median","47",2018,849,527,1376
380,"Italy",4,"Median","48",2018,918,573,1492
380,"Italy",4,"Median","49",2018,1045,641,1686
380,"Italy",4,"Median","50",2018,1090,782,1872
380,"Italy",4,"Median","51",2018,1263,797,2060
380,"Italy",4,"Median","52",2018,1440,878,2318
380,"Italy",4,"Median","53",2018,1522,958,2481
380,"Italy",4,"Median","54",2018,1685,1110,2794
380,"Italy",4,"Median","55",2018,1820,1089,2909
380,"Italy",4,"Median","56",2018,1915,1117,3032
380,"Italy",4,"Median","57",2018,2072,1210,3282
380,"Italy",4,"Median","58",2018,2259,1324,3583
380,"Italy",4,"Median","59",2018,2392,1407,3799
380,"Italy",4,"Median","60",2018,2566,1526,4092
380,"Italy",4,"Median","61",2018,2630,1548,4178
380,"Italy",4,"Median","62",2018,2943,1675,4618
380,"Italy",4,"Median","63",2018,3148,1838,4986
380,"Italy",4,"Median","64",2018,3290,1982,5272
380,"Italy",4,"Median","65",2018,3486,2147,5634
380,"Italy",4,"Median","66",2018,3879,2281,6160
380,"Italy",4,"Median","67",2018,4261,2505,6766
380,"Italy",4,"Median","68",2018,4714,2783,7497
380,"Italy",4,"Median","69",2018,5115,3105,8220
380,"Italy",4,"Median","70",2018,5773,3363,9136
380,"Italy",4,"Median","71",2018,6077,3795,9871
380,"Italy",4,"Median","72",2018,6068,3805,9873
380,"Italy",4,"Median","73",2018,6160,3849,10009
380,"Italy",4,"Median","74",2018,6544,4297,10842
380,"Italy",4,"Median","75",2018,7013,4639,11652
380,"Italy",4,"Median","76",2018,7888,5526,13415
380,"Italy",4,"Median","77",2018,8785,6282,15067
380,"Italy",4,"Median","78",2018,9537,7170,16706
380,"Italy",4,"Median","79",2018,10297,8321,18618
380,"Italy",4,"Median","80",2018,10664,8592,19256
380,"Italy",4,"Median","81",2018,10685,9429,20114
380,"Italy",4,"Median","82",2018,10907,10671,21578
380,"Italy",4,"Median","83",2018,11589,11666,23255
380,"Italy",4,"Median","84",2018,11980,12735,24715
380,"Italy",4,"Median","85",2018,12029,13494,25523
380,"Italy",4,"Median","86",2018,12286,14844,27130
380,"Italy",4,"Median","87",2018,12212,15921,28133
380,"Italy",4,"Median","88",2018,11688,16441,28128
380,"Italy",4,"Median","89",2018,10824,16719,27543
380,"Italy",4,"Median","90",2018,9738,16212,25950
380,"Italy",4,"Median","91",2018,8656,15726,24382
380,"Italy",4,"Median","92",2018,7318,14776,22094
380,"Italy",4,"Median","93",2018,6262,13478,19740
380,"Italy",4,"Median","94",2018,5012,12355,17367
380,"Italy",4,"Median","95",2018,4053,10852,14905
380,"Italy",4,"Median","96",2018,3061,8916,11977
380,"Italy",4,"Median","97",2018,2200,7056,9256
380,"Italy",4,"Median","98",2018,1301,4531,5832
380,"Italy",4,"Median","99",2018,617,2334,2951
380,"Italy",4,"Median","100",2018,296,1052,1348
380,"Italy",4,"Median","101",2018,223,871,1094
380,"Italy",4,"Median","102",2018,169,721,890
380,"Italy",4,"Median","103",2018,127,596,723
380,"Italy",4,"Median","104",2018,96,494,590
380,"Italy",4,"Median","105",2018,72,408,480
380,"Italy",4,"Median","106",2018,55,338,393
380,"Italy",4,"Median","107",2018,41,280,321
380,"Italy",4,"Median","108",2018,31,232,263
380,"Italy",4,"Median","109",2018,23,192,215
380,"Italy",4,"Median","110",2018,18,159,177
380,"Italy",4,"Median","0",2019,576,474,1050
380,"Italy",4,"Median","1",2019,46,26,72
380,"Italy",4,"Median","2",2019,31,18,49
380,"Italy",4,"Median","3",2019,32,16,48
380,"Italy",4,"Median","4",2019,20,19,39
380,"Italy",4,"Median","5",2019,10,10,20
380,"Italy",4,"Median","6",2019,16,20,36
380,"Italy",4,"Median","7",2019,17,8,24
380,"Italy",4,"Median","8",2019,17,11,28
380,"Italy",4,"Median","9",2019,17,19,36
380,"Italy",4,"Median","10",2019,20,22,42
380,"Italy",4,"Median","11",2019,23,17,40
380,"Italy",4,"Median","12",2019,12,17,28
380,"Italy",4,"Median","13",2019,26,14,40
380,"Italy",4,"Median","14",2019,35,14,49
380,"Italy",4,"Median","15",2019,44,25,69
380,"Italy",4,"Median","16",2019,67,25,92
380,"Italy",4,"Median","17",2019,79,28,107
380,"Italy",4,"Median","18",2019,88,33,121
380,"Italy",4,"Median","19",2019,127,31,158
380,"Italy",4,"Median","20",2019,113,36,150
380,"Italy",4,"Median","21",2019,120,45,165
380,"Italy",4,"Median","22",2019,138,28,166
380,"Italy",4,"Median","23",2019,141,34,175
380,"Italy",4,"Median","24",2019,122,40,162
380,"Italy",4,"Median","25",2019,135,53,188
380,"Italy",4,"Median","26",2019,143,58,201
380,"Italy",4,"Median","27",2019,140,54,194
380,"Italy",4,"Median","28",2019,172,55,227
380,"Italy",4,"Median","29",2019,139,62,201
380,"Italy",4,"Median","30",2019,150,66,216
380,"Italy",4,"Median","31",2019,153,55,208
380,"Italy",4,"Median","32",2019,181,64,245
380,"Italy",4,"Median","33",2019,163,91,254
380,"Italy",4,"Median","34",2019,187,97,283
380,"Italy",4,"Median","35",2019,198,103,301
380,"Italy",4,"Median","36",2019,233,127,360
380,"Italy",4,"Median","37",2019,255,128,384
380,"Italy",4,"Median","38",2019,254,168,421
380,"Italy",4,"Median","39",2019,285,197,483
380,"Italy",4,"Median","40",2019,362,193,555
380,"Italy",4,"Median","41",2019,414,226,640
380,"Italy",4,"Median","42",2019,461,305,766
380,"Italy",4,"Median","43",2019,511,336,847
380,"Italy",4,"Median","44",2019,602,358,960
380,"Italy",4,"Median","45",2019,710,383,1093
380,"Italy",4,"Median","46",2019,714,487,1201
380,"Italy",4,"Median","47",2019,785,504,1289
380,"Italy",4,"Median","48",2019,853,580,1433
380,"Italy",4,"Median","49",2019,1026,617,1643
380,"Italy",4,"Median","50",2019,1091,734,1825
380,"Italy",4,"Median","51",2019,1223,761,1984
380,"Italy",4,"Median","52",2019,1338,805,2143
380,"Italy",4,"Median","53",2019,1572,947,2519
380,"Italy",4,"Median","54",2019,1658,1001,2659
380,"Italy",4,"Median","55",2019,1764,1058,2822
380,"Italy",4,"Median","56",2019,2032,1219,3252
380,"Italy",4,"Median","57",2019,2025,1265,3289
380,"Italy",4,"Median","58",2019,2177,1368,3545
380,"Italy",4,"Median","59",2019,2402,1438,3840
380,"Italy",4,"Median","60",2019,2502,1550,4051
380,"Italy",4,"Median","61",2019,2577,1516,4092
380,"Italy",4,"Median","62",2019,2895,1808,4703
380,"Italy",4,"Median","63",2019,3080,1874,4953
380,"Italy",4,"Median","64",2019,3363,1986,5349
380,"Italy",4,"Median","65",2019,3410,2082,5493
380,"Italy",4,"Median","66",2019,3833,2240,6073
380,"Italy",4,"Median","67",2019,4097,2360,6456
380,"Italy",4,"Median","68",2019,4571,2669,7241
380,"Italy",4,"Median","69",2019,5071,3001,8072
380,"Italy",4,"Median","70",2019,5473,3377,8850
380,"Italy",4,"Median","71",2019,6141,3819,9960
380,"Italy",4,"Median","72",2019,6510,3995,10505
380,"Italy",4,"Median","73",2019,6518,4230,10749
380,"Italy",4,"Median","74",2019,6555,4420,10975
380,"Italy",4,"Median","75",2019,6930,4758,11689
380,"Italy",4,"Median","76",2019,7369,5195,12564
380,"Italy",4,"Median","77",2019,8091,5951,14042
380,"Italy",4,"Median","78",2019,9487,7046,16533
380,"Italy",4,"Median","79",2019,10429,8013,18441
380,"Italy",4,"Median","80",2019,10849,9115,19964
380,"Italy",4,"Median","81",2019,11230,9926,21157
380,"Italy",4,"Median","82",2019,11164,10422,21587
380,"Italy",4,"Median","83",2019,11819,11546,23366
380,"Italy",4,"Median","84",2019,12451,12574,25025
380,"Italy",4,"Median","85",2019,12474,13828,26302
380,"Italy",4,"Median","86",2019,12404,14450,26854
380,"Italy",4,"Median","87",2019,12388,15673,28061
380,"Italy",4,"Median","88",2019,12141,16796,28937
380,"Italy",4,"Median","89",2019,11732,17094,28826
380,"Italy",4,"Median","90",2019,10173,16674,26847
380,"Italy",4,"Median","91",2019,9009,16149,25158
380,"Italy",4,"Median","92",2019,7765,15021,22787
380,"Italy",4,"Median","93",2019,6546,13839,20385
380,"Italy",4,"Median","94",2019,5247,12203,17450
380,"Italy",4,"Median","95",2019,4162,10868,15031
380,"Italy",4,"Median","96",2019,3226,9256,12482
380,"Italy",4,"Median","97",2019,2346,7331,9677
380,"Italy",4,"Median","98",2019,1621,5578,7198
380,"Italy",4,"Median","99",2019,919,3437,4357
380,"Italy",4,"Median","100",2019,267,917,1184
380,"Italy",4,"Median","101",2019,207,780,987
380,"Italy",4,"Median","102",2019,161,664,825
380,"Italy",4,"Median","103",2019,125,566,691
380,"Italy",4,"Median","104",2019,97,481,578
380,"Italy",4,"Median","105",2019,75,410,485
380,"Italy",4,"Median","106",2019,58,349,407
380,"Italy",4,"Median","107",2019,45,297,342
380,"Italy",4,"Median","108",2019,35,253,288
380,"Italy",4,"Median","109",2019,27,215,242
380,"Italy",4,"Median","110",2019,21,183,204
380,"Italy",4,"Median","0",2020,555,451,1006
380,"Italy",4,"Median","1",2020,35,27,62
380,"Italy",4,"Median","2",2020,30,20,50
380,"Italy",4,"Median","3",2020,17,18,35
380,"Italy",4,"Median","4",2020,22,14,36
380,"Italy",4,"Median","5",2020,18,12,30
380,"Italy",4,"Median","6",2020,21,17,38
380,"Italy",4,"Median","7",2020,8,15,23
380,"Italy",4,"Median","8",2020,17,13,30
380,"Italy",4,"Median","9",2020,11,13,25
380,"Italy",4,"Median","10",2020,17,16,34
380,"Italy",4,"Median","11",2020,29,11,40
380,"Italy",4,"Median","12",2020,26,22,49
380,"Italy",4,"Median","13",2020,29,17,46
380,"Italy",4,"Median","14",2020,32,22,54
380,"Italy",4,"Median","15",2020,44,30,75
380,"Italy",4,"Median","16",2020,50,19,69
380,"Italy",4,"Median","17",2020,59,41,100
380,"Italy",4,"Median","18",2020,83,36,119
380,"Italy",4,"Median","19",2020,94,34,128
380,"Italy",4,"Median","20",2020,109,39,148
380,"Italy",4,"Median","21",2020,110,36,147
380,"Italy",4,"Median","22",2020,136,39,175
380,"Italy",4,"Median","23",2020,100,34,134
380,"Italy",4,"Median","24",2020,119,37,156
380,"Italy",4,"Median","25",2020,122,46,168
380,"Italy",4,"Median","26",2020,145,41,186
380,"Italy",4,"Median","27",2020,117,55,172
380,"Italy",4,"Median","28",2020,147,57,204
380,"Italy",4,"Median","29",2020,152,52,203
380,"Italy",4,"Median","30",2020,169,72,241
380,"Italy",4,"Median","31",2020,146,70,216
380,"Italy",4,"Median","32",2020,196,78,274
380,"Italy",4,"Median","33",2020,178,86,264
380,"Italy",4,"Median","34",2020,182,101,283
380,"Italy",4,"Median","35",2020,217,120,337
380,"Italy",4,"Median","36",2020,236,117,353
380,"Italy",4,"Median","37",2020,276,141,417
380,"Italy",4,"Median","38",2020,285,158,442
380,"Italy",4,"Median","39",2020,329,171,500
380,"Italy",4,"Median","40",2020,366,228,594
380,"Italy",4,"Median","41",2020,401,213,614
380,"Italy",4,"Median","42",2020,463,263,726
380,"Italy",4,"Median","43",2020,572,335,907
380,"Italy",4,"Median","44",2020,604,336,940
380,"Italy",4,"Median","45",2020,670,432,1103
380,"Italy",4,"Median","46",2020,812,501,1313
380,"Italy",4,"Median","47",2020,864,548,1412
380,"Italy",4,"Median","48",2020,992,634,1627
380,"Italy",4,"Median","49",2020,1026,629,1655
380,"Italy",4,"Median","50",2020,1232,752,1984
380,"Italy",4,"Median","51",2020,1370,792,2163
380,"Italy",4,"Median","52",2020,1460,919,2379
380,"Italy",4,"Median","53",2020,1659,1032,2690
380,"Italy",4,"Median","54",2020,1895,1110,3005
380,"Italy",4,"Median","55",2020,2023,1229,3252
380,"Italy",4,"Median","56",2020,2225,1290,3515
380,"Italy",4,"Median","57",2020,2341,1378,3719
380,"Italy",4,"Median","58",2020,2548,1421,3969
380,"Italy",4,"Median","59",2020,2739,1507,4246
380,"Italy",4,"Median","60",2020,3059,1714,4773
380,"Italy",4,"Median","61",2020,3170,1793,4962
380,"Italy",4,"Median","62",2020,3320,1845,5164
380,"Italy",4,"Median","63",2020,3622,2030,5652
380,"Italy",4,"Median","64",2020,4158,2272,6430
380,"Italy",4,"Median","65",2020,4289,2236,6526
380,"Italy",4,"Median","66",2020,4422,2538,6960
380,"Italy",4,"Median","67",2020,4931,2681,7612
380,"Italy",4,"Median","68",2020,5207,2899,8106
380,"Italy",4,"Median","69",2020,5856,3277,9133
380,"Italy",4,"Median","70",2020,6543,3713,10256
380,"Italy",4,"Median","71",2020,7225,4303,11528
380,"Italy",4,"Median","72",2020,8174,4698,12872
380,"Italy",4,"Median","73",2020,8412,5123,13536
380,"Italy",4,"Median","74",2020,8405,5295,13700
380,"Italy",4,"Median","75",2020,8540,5389,13930
380,"Italy",4,"Median","76",2020,9120,5974,15094
380,"Italy",4,"Median","77",2020,9489,6738,16227
380,"Italy",4,"Median","78",2020,10774,7657,18431
380,"Italy",4,"Median","79",2020,11866,9077,20943
380,"Italy",4,"Median","80",2020,13208,10501,23709
380,"Italy",4,"Median","81",2020,13757,11373,25130
380,"Italy",4,"Median","82",2020,14091,12585,26676
380,"Italy",4,"Median","83",2020,13881,13345,27226
380,"Italy",4,"Median","84",2020,14786,14609,29394
380,"Italy",4,"Median","85",2020,14834,15947,30781
380,"Italy",4,"Median","86",2020,14643,17137,31779
380,"Italy",4,"Median","87",2020,14144,17651,31796
380,"Italy",4,"Median","88",2020,14122,18853,32975
380,"Italy",4,"Median","89",2020,13483,19525,33007
380,"Italy",4,"Median","90",2020,12388,19727,32115
380,"Italy",4,"Median","91",2020,10604,18950,29554
380,"Italy",4,"Median","92",2020,9207,17595,26802
380,"Italy",4,"Median","93",2020,7527,16052,23579
380,"Italy",4,"Median","94",2020,6147,14284,20431
380,"Italy",4,"Median","95",2020,4830,12533,17363
380,"Italy",4,"Median","96",2020,3612,10505,14117
380,"Italy",4,"Median","97",2020,2681,8585,11266
380,"Italy",4,"Median","98",2020,1858,6491,8349
380,"Italy",4,"Median","99",2020,1226,4715,5941
380,"Italy",4,"Median","100",2020,326,1102,1428
380,"Italy",4,"Median","101",2020,253,945,1198
380,"Italy",4,"Median","102",2020,197,810,1007
380,"Italy",4,"Median","103",2020,153,695,848
380,"Italy",4,"Median","104",2020,119,596,715
380,"Italy",4,"Median","105",2020,92,511,603
380,"Italy",4,"Median","106",2020,72,438,510
380,"Italy",4,"Median","107",2020,56,375,431
380,"Italy",4,"Median","108",2020,43,322,365
380,"Italy",4,"Median","109",2020,34,276,310
380,"Italy",4,"Median","110",2020,26,237,263
380,"Italy",4,"Median","0",2021,498,425,922
380,"Italy",4,"Median","1",2021,40,30,71
380,"Italy",4,"Median","2",2021,26,23,49
380,"Italy",4,"Median","3",2021,23,18,41
380,"Italy",4,"Median","4",2021,19,7,26
380,"Italy",4,"Median","5",2021,15,16,31
380,"Italy",4,"Median","6",2021,18,10,27
380,"Italy",4,"Median","7",2021,16,15,30
380,"Italy",4,"Median","8",2021,19,18,36
380,"Italy",4,"Median","9",2021,11,10,21
380,"Italy",4,"Median","10",2021,20,19,38
380,"Italy",4,"Median","11",2021,14,19,33
380,"Italy",4,"Median","12",2021,20,22,42
380,"Italy",4,"Median","13",2021,21,25,45
380,"Italy",4,"Median","14",2021,35,28,63
380,"Italy",4,"Median","15",2021,38,28,66
380,"Italy",4,"Median","16",2021,65,30,95
380,"Italy",4,"Median","17",2021,80,39,119
380,"Italy",4,"Median","18",2021,112,44,156
380,"Italy",4,"Median","19",2021,89,47,136
380,"Italy",4,"Median","20",2021,98,42,140
380,"Italy",4,"Median","21",2021,116,31,147
380,"Italy",4,"Median","22",2021,114,34,148
380,"Italy",4,"Median","23",2021,136,31,168
380,"Italy",4,"Median","24",2021,129,48,177
380,"Italy",4,"Median","25",2021,138,54,193
380,"Italy",4,"Median","26",2021,125,43,169
380,"Italy",4,"Median","27",2021,161,56,217
380,"Italy",4,"Median","28",2021,160,62,222
380,"Italy",4,"Median","29",2021,167,77,244
380,"Italy",4,"Median","30",2021,146,74,220
380,"Italy",4,"Median","31",2021,190,65,255
380,"Italy",4,"Median","32",2021,194,93,287
380,"Italy",4,"Median","33",2021,216,91,307
380,"Italy",4,"Median","34",2021,185,93,278
380,"Italy",4,"Median","35",2021,222,98,321
380,"Italy",4,"Median","36",2021,238,120,358
380,"Italy",4,"Median","37",2021,240,155,395
380,"Italy",4,"Median","38",2021,294,152,446
380,"Italy",4,"Median","39",2021,333,180,513
380,"Italy",4,"Median","40",2021,363,205,569
380,"Italy",4,"Median","41",2021,397,236,633
380,"Italy",4,"Median","42",2021,468,273,741
380,"Italy",4,"Median","43",2021,525,280,805
380,"Italy",4,"Median","44",2021,598,357,954
380,"Italy",4,"Median","45",2021,667,412,1079
380,"Italy",4,"Median","46",2021,758,474,1232
380,"Italy",4,"Median","47",2021,811,496,1307
380,"Italy",4,"Median","48",2021,980,600,1581
380,"Italy",4,"Median","49",2021,1090,668,1758
380,"Italy",4,"Median","50",2021,1172,711,1882
380,"Italy",4,"Median","51",2021,1343,839,2182
380,"Italy",4,"Median","52",2021,1458,880,2337
380,"Italy",4,"Median","53",2021,1658,1026,2685
380,"Italy",4,"Median","54",2021,1792,1099,2891
380,"Italy",4,"Median","55",2021,1970,1162,3132
380,"Italy",4,"Median","56",2021,2264,1291,3554
380,"Italy",4,"Median","57",2021,2387,1365,3752
380,"Italy",4,"Median","58",2021,2496,1487,3983
380,"Italy",4,"Median","59",2021,2783,1635,4418
380,"Italy",4,"Median","60",2021,2864,1697,4562
380,"Italy",4,"Median","61",2021,3222,1830,5052
380,"Italy",4,"Median","62",2021,3435,1957,5391
380,"Italy",4,"Median","63",2021,3570,2084,5655
380,"Italy",4,"Median","64",2021,3817,2188,6005
380,"Italy",4,"Median","65",2021,4240,2361,6601
380,"Italy",4,"Median","66",2021,4415,2576,6990
380,"Italy",4,"Median","67",2021,4675,2847,7522
380,"Italy",4,"Median","68",2021,5074,2958,8032
380,"Italy",4,"Median","69",2021,5512,3297,8809
380,"Italy",4,"Median","70",2021,5999,3601,9599
380,"Italy",4,"Median","71",2021,6614,3990,10604
380,"Italy",4,"Median","72",2021,7388,4750,12137
380,"Italy",4,"Median","73",2021,7942,5250,13193
380,"Italy",4,"Median","74",2021,8470,5527,13998
380,"Italy",4,"Median","75",2021,8377,5673,14051
380,"Italy",4,"Median","76",2021,8598,5814,14412
380,"Italy",4,"Median","77",2021,9061,6600,15662
380,"Italy",4,"Median","78",2021,9666,7155,16821
380,"Italy",4,"Median","79",2021,10407,8120,18527
380,"Italy",4,"Median","80",2021,11753,9668,21421
380,"Italy",4,"Median","81",2021,12703,10764,23467
380,"Italy",4,"Median","82",2021,13411,12121,25532
380,"Italy",4,"Median","83",2021,13501,13059,26560
380,"Italy",4,"Median","84",2021,12939,13381,26321
380,"Italy",4,"Median","85",2021,12683,13721,26404
380,"Italy",4,"Median","86",2021,12646,14615,27260
380,"Italy",4,"Median","87",2021,12193,15094,27287
380,"Italy",4,"Median","88",2021,11463,15317,26781
380,"Italy",4,"Median","89",2021,10873,15852,26725
380,"Italy",4,"Median","90",2021,9943,15826,25769
380,"Italy",4,"Median","91",2021,8757,15307,24063
380,"Italy",4,"Median","92",2021,7508,14516,22024
380,"Italy",4,"Median","93",2021,6269,13285,19553
380,"Italy",4,"Median","94",2021,5173,12089,17262
380,"Italy",4,"Median","95",2021,4005,10411,14415
380,"Italy",4,"Median","96",2021,3024,8725,11749
380,"Italy",4,"Median","97",2021,2189,7069,9258
380,"Italy",4,"Median","98",2021,1567,5569,7136
380,"Italy",4,"Median","99",2021,1055,4067,5122
380,"Italy",4,"Median","100",2021,322,1079,1401
380,"Italy",4,"Median","101",2021,251,931,1182
380,"Italy",4,"Median","102",2021,196,804,1000
380,"Italy",4,"Median","103",2021,153,693,846
380,"Italy",4,"Median","104",2021,120,598,718
380,"Italy",4,"Median","105",2021,93,516,609
380,"Italy",4,"Median","106",2021,73,446,519
380,"Italy",4,"Median","107",2021,57,385,442
380,"Italy",4,"Median","108",2021,44,332,376
380,"Italy",4,"Median","109",2021,35,286,321
380,"Italy",4,"Median","110",2021,27,247,274
380,"Italy",4,"Median","0",2022,560,481,1041
380,"Italy",4,"Median","1",2022,85,77,162
380,"Italy",4,"Median","2",2022,64,61,124
380,"Italy",4,"Median","3",2022,59,52,111
380,"Italy",4,"Median","4",2022,43,48,91
380,"Italy",4,"Median","5",2022,28,33,61
380,"Italy",4,"Median","6",2022,28,36,64
380,"Italy",4,"Median","7",2022,27,23,49
380,"Italy",4,"Median","8",2022,27,25,53
380,"Italy",4,"Median","9",2022,28,33,61
380,"Italy",4,"Median","10",2022,32,36,68
380,"Italy",4,"Median","11",2022,36,32,68
380,"Italy",4,"Median","12",2022,26,32,59
380,"Italy",4,"Median","13",2022,42,30,72
380,"Italy",4,"Median","14",2022,53,30,83
380,"Italy",4,"Median","15",2022,67,40,106
380,"Italy",4,"Median","16",2022,93,39,132
380,"Italy",4,"Median","17",2022,108,42,150
380,"Italy",4,"Median","18",2022,117,46,163
380,"Italy",4,"Median","19",2022,151,42,193
380,"Italy",4,"Median","20",2022,141,45,187
380,"Italy",4,"Median","21",2022,153,52,206
380,"Italy",4,"Median","22",2022,177,36,213
380,"Italy",4,"Median","23",2022,184,43,227
380,"Italy",4,"Median","24",2022,170,51,221
380,"Italy",4,"Median","25",2022,184,66,250
380,"Italy",4,"Median","26",2022,189,72,261
380,"Italy",4,"Median","27",2022,186,69,255
380,"Italy",4,"Median","28",2022,219,70,289
380,"Italy",4,"Median","29",2022,202,79,281
380,"Italy",4,"Median","30",2022,225,84,309
380,"Italy",4,"Median","31",2022,241,76,318
380,"Italy",4,"Median","32",2022,278,86,364
380,"Italy",4,"Median","33",2022,260,113,373
380,"Italy",4,"Median","34",2022,275,117,392
380,"Italy",4,"Median","35",2022,276,122,398
380,"Italy",4,"Median","36",2022,309,146,456
380,"Italy",4,"Median","37",2022,332,150,482
380,"Italy",4,"Median","38",2022,338,188,525
380,"Italy",4,"Median","39",2022,377,220,597
380,"Italy",4,"Median","40",2022,454,220,674
380,"Italy",4,"Median","41",2022,505,247,752
380,"Italy",4,"Median","42",2022,549,313,861
380,"Italy",4,"Median","43",2022,600,343,943
380,"Italy",4,"Median","44",2022,701,369,1071
380,"Italy",4,"Median","45",2022,833,408,1240
380,"Italy",4,"Median","46",2022,883,520,1403
380,"Italy",4,"Median","47",2022,991,555,1547
380,"Italy",4,"Median","48",2022,1084,639,1724
380,"Italy",4,"Median","49",2022,1274,691,1964
380,"Italy",4,"Median","50",2022,1350,814,2164
380,"Italy",4,"Median","51",2022,1487,848,2335
380,"Italy",4,"Median","52",2022,1617,900,2517
380,"Italy",4,"Median","53",2022,1868,1048,2916
380,"Italy",4,"Median","54",2022,1996,1118,3113
380,"Italy",4,"Median","55",2022,2157,1191,3348
380,"Italy",4,"Median","56",2022,2537,1402,3938
380,"Italy",4,"Median","57",2022,2650,1507,4157
380,"Italy",4,"Median","58",2022,2823,1621,4444
380,"Italy",4,"Median","59",2022,3040,1692,4732
380,"Italy",4,"Median","60",2022,3155,1820,4975
380,"Italy",4,"Median","61",2022,3314,1833,5146
380,"Italy",4,"Median","62",2022,3688,2155,5843
380,"Italy",4,"Median","63",2022,3794,2177,5971
380,"Italy",4,"Median","64",2022,4108,2306,6415
380,"Italy",4,"Median","65",2022,4294,2482,6776
380,"Italy",4,"Median","66",2022,4892,2763,7656
380,"Italy",4,"Median","67",2022,5073,2874,7947
380,"Italy",4,"Median","68",2022,5424,3135,8559
380,"Italy",4,"Median","69",2022,5815,3407,9221
380,"Italy",4,"Median","70",2022,6185,3770,9955
380,"Italy",4,"Median","71",2022,6947,4298,11245
380,"Italy",4,"Median","72",2022,7685,4758,12442
380,"Italy",4,"Median","73",2022,8484,5535,14019
380,"Italy",4,"Median","74",2022,9107,6134,15241
380,"Italy",4,"Median","75",2022,9469,6461,15931
380,"Italy",4,"Median","76",2022,9264,6465,15729
380,"Italy",4,"Median","77",2022,9001,6536,15537
380,"Italy",4,"Median","78",2022,9586,7066,16652
380,"Italy",4,"Median","79",2022,10075,7686,17760
380,"Italy",4,"Median","80",2022,10849,8937,19786
380,"Italy",4,"Median","81",2022,12349,10565,22914
380,"Italy",4,"Median","82",2022,13179,11721,24900
380,"Italy",4,"Median","83",2022,14198,13122,27320
380,"Italy",4,"Median","84",2022,14360,13604,27964
380,"Italy",4,"Median","85",2022,14084,14481,28565
380,"Italy",4,"Median","86",2022,14338,15355,29693
380,"Italy",4,"Median","87",2022,14422,16494,30916
380,"Italy",4,"Median","88",2022,14142,17485,31626
380,"Italy",4,"Median","89",2022,13746,17783,31530
380,"Italy",4,"Median","90",2022,12511,17962,30473
380,"Italy",4,"Median","91",2022,11410,17913,29323
380,"Italy",4,"Median","92",2022,9807,16619,26426
380,"Italy",4,"Median","93",2022,8313,15340,23653
380,"Italy",4,"Median","94",2022,6701,13390,20091
380,"Italy",4,"Median","95",2022,5449,11966,17415
380,"Italy",4,"Median","96",2022,4160,10081,14241
380,"Italy",4,"Median","97",2022,3071,8174,11245
380,"Italy",4,"Median","98",2022,2168,6388,8556
380,"Italy",4,"Median","99",2022,1524,4849,6373
380,"Italy",4,"Median","100",2022,487,1376,1863
380,"Italy",4,"Median","101",2022,385,1190,1575
380,"Italy",4,"Median","102",2022,305,1029,1334
380,"Italy",4,"Median","103",2022,241,890,1131
380,"Italy",4,"Median","104",2022,191,770,961
380,"Italy",4,"Median","105",2022,151,666,817
380,"Italy",4,"Median","106",2022,119,576,695
380,"Italy",4,"Median","107",2022,94,499,593
380,"Italy",4,"Median","108",2022,75,431,506
380,"Italy",4,"Median","109",2022,59,373,432
380,"Italy",4,"Median","110",2022,47,323,370
380,"Italy",4,"Median","0",2023,476,393,869
380,"Italy",4,"Median","1",2023,38,22,60
380,"Italy",4,"Median","2",2023,25,15,39
380,"Italy",4,"Median","3",2023,25,13,38
380,"Italy",4,"Median","4",2023,16,15,32
380,"Italy",4,"Median","5",2023,8,8,16
380,"Italy",4,"Median","6",2023,13,16,29
380,"Italy",4,"Median","7",2023,13,6,20
380,"Italy",4,"Median","8",2023,14,9,22
380,"Italy",4,"Median","9",2023,14,16,30
380,"Italy",4,"Median","10",2023,17,19,35
380,"Italy",4,"Median","11",2023,20,15,35
380,"Italy",4,"Median","12",2023,10,15,25
380,"Italy",4,"Median","13",2023,23,13,36
380,"Italy",4,"Median","14",2023,31,13,44
380,"Italy",4,"Median","15",2023,39,23,62
380,"Italy",4,"Median","16",2023,60,23,83
380,"Italy",4,"Median","17",2023,71,26,97
380,"Italy",4,"Median","18",2023,77,31,108
380,"Italy",4,"Median","19",2023,110,28,138
380,"Italy",4,"Median","20",2023,96,33,130
380,"Italy",4,"Median","21",2023,103,41,144
380,"Italy",4,"Median","22",2023,123,26,149
380,"Italy",4,"Median","23",2023,129,31,160
380,"Italy",4,"Median","24",2023,114,37,150
380,"Italy",4,"Median","25",2023,128,48,176
380,"Italy",4,"Median","26",2023,129,51,180
380,"Italy",4,"Median","27",2023,123,46,169
380,"Italy",4,"Median","28",2023,148,46,194
380,"Italy",4,"Median","29",2023,119,52,171
380,"Italy",4,"Median","30",2023,131,57,188
380,"Italy",4,"Median","31",2023,141,50,191
380,"Italy",4,"Median","32",2023,173,59,233
380,"Italy",4,"Median","33",2023,153,83,236
380,"Italy",4,"Median","34",2023,174,89,262
380,"Italy",4,"Median","35",2023,177,91,267
380,"Italy",4,"Median","36",2023,197,107,304
380,"Italy",4,"Median","37",2023,215,107,322
380,"Italy",4,"Median","38",2023,214,140,354
380,"Italy",4,"Median","39",2023,245,168,412
380,"Italy",4,"Median","40",2023,309,163,472
380,"Italy",4,"Median","41",2023,352,191,543
380,"Italy",4,"Median","42",2023,387,251,638
380,"Italy",4,"Median","43",2023,418,270,688
380,"Italy",4,"Median","44",2023,491,289,780
380,"Italy",4,"Median","45",2023,595,317,912
380,"Italy",4,"Median","46",2023,619,415,1034
380,"Italy",4,"Median","47",2023,704,442,1146
380,"Italy",4,"Median","48",2023,786,523,1310
380,"Italy",4,"Median","49",2023,962,568,1530
380,"Italy",4,"Median","50",2023,1019,673,1692
380,"Italy",4,"Median","51",2023,1141,701,1842
380,"Italy",4,"Median","52",2023,1253,751,2005
380,"Italy",4,"Median","53",2023,1454,871,2324
380,"Italy",4,"Median","54",2023,1557,935,2492
380,"Italy",4,"Median","55",2023,1705,1014,2719
380,"Italy",4,"Median","56",2023,2017,1195,3212
380,"Italy",4,"Median","57",2023,2119,1298,3417
380,"Italy",4,"Median","58",2023,2320,1428,3748
380,"Italy",4,"Median","59",2023,2527,1498,4025
380,"Italy",4,"Median","60",2023,2663,1632,4295
380,"Italy",4,"Median","61",2023,2736,1598,4333
380,"Italy",4,"Median","62",2023,3043,1894,4937
380,"Italy",4,"Median","63",2023,3194,1929,5123
380,"Italy",4,"Median","64",2023,3455,2022,5476
380,"Italy",4,"Median","65",2023,3452,2093,5545
380,"Italy",4,"Median","66",2023,3892,2271,6162
380,"Italy",4,"Median","67",2023,4156,2402,6558
380,"Italy",4,"Median","68",2023,4407,2601,7008
380,"Italy",4,"Median","69",2023,4662,2783,7445
380,"Italy",4,"Median","70",2023,4861,3007,7868
380,"Italy",4,"Median","71",2023,5432,3381,8813
380,"Italy",4,"Median","72",2023,6030,3708,9737
380,"Italy",4,"Median","73",2023,6716,4372,11088
380,"Italy",4,"Median","74",2023,7403,4968,12371
380,"Italy",4,"Median","75",2023,8064,5460,13524
380,"Italy",4,"Median","76",2023,8454,5830,14284
380,"Italy",4,"Median","77",2023,8172,5838,14010
380,"Italy",4,"Median","78",2023,8498,6165,14664
380,"Italy",4,"Median","79",2023,8967,6793,15761
380,"Italy",4,"Median","80",2023,9224,7616,16840
380,"Italy",4,"Median","81",2023,10558,9125,19684
380,"Italy",4,"Median","82",2023,11802,10640,22442
380,"Italy",4,"Median","83",2023,13042,12137,25179
380,"Italy",4,"Median","84",2023,13912,13329,27241
380,"Italy",4,"Median","85",2023,13618,14267,27885
380,"Italy",4,"Median","86",2023,13292,14595,27888
380,"Italy",4,"Median","87",2023,13131,15530,28662
380,"Italy",4,"Median","88",2023,13114,16839,29953
380,"Italy",4,"Median","89",2023,12841,17188,30029
380,"Italy",4,"Median","90",2023,11265,16735,28001
380,"Italy",4,"Median","91",2023,10432,17034,27466
380,"Italy",4,"Median","92",2023,9066,15984,25050
380,"Italy",4,"Median","93",2023,7674,14756,22430
380,"Italy",4,"Median","94",2023,6128,13050,19178
380,"Italy",4,"Median","95",2023,4859,11431,16290
380,"Italy",4,"Median","96",2023,3705,9625,13330
380,"Italy",4,"Median","97",2023,2686,7792,10477
380,"Italy",4,"Median","98",2023,1876,6053,7928
380,"Italy",4,"Median","99",2023,1248,4519,5767
380,"Italy",4,"Median","100",2023,425,1384,1809
380,"Italy",4,"Median","101",2023,333,1197,1530
380,"Italy",4,"Median","102",2023,261,1034,1295
380,"Italy",4,"Median","103",2023,204,894,1098
380,"Italy",4,"Median","104",2023,160,773,933
380,"Italy",4,"Median","105",2023,125,668,793
380,"Italy",4,"Median","106",2023,98,578,676
380,"Italy",4,"Median","107",2023,77,499,576
380,"Italy",4,"Median","108",2023,60,432,492
380,"Italy",4,"Median","109",2023,47,373,420
380,"Italy",4,"Median","110",2023,37,323,360
380,"Italy",4,"Median","0",2024,467,388,855
380,"Italy",4,"Median","1",2024,43,37,80
380,"Italy",4,"Median","2",2024,18,14,33
380,"Italy",4,"Median","3",2024,17,13,30
380,"Italy",4,"Median","4",2024,15,12,28
380,"Italy",4,"Median","5",2024,13,12,25
380,"Italy",4,"Median","6",2024,13,11,23
380,"Italy",4,"Median","7",2024,14,10,24
380,"Italy",4,"Median","8",2024,15,10,25
380,"Italy",4,"Median","9",2024,16,11,28
380,"Italy",4,"Median","10",2024,18,12,30
380,"Italy",4,"Median","11",2024,18,13,31
380,"Italy",4,"Median","12",2024,20,14,33
380,"Italy",4,"Median","13",2024,24,16,40
380,"Italy",4,"Median","14",2024,32,19,51
380,"Italy",4,"Median","15",2024,43,23,66
380,"Italy",4,"Median","16",2024,57,26,83
380,"Italy",4,"Median","17",2024,75,29,104
380,"Italy",4,"Median","18",2024,90,31,121
380,"Italy",4,"Median","19",2024,99,33,132
380,"Italy",4,"Median","20",2024,104,36,140
380,"Italy",4,"Median","21",2024,109,40,149
380,"Italy",4,"Median","22",2024,112,38,151
380,"Italy",4,"Median","23",2024,116,37,153
380,"Italy",4,"Median","24",2024,120,41,161
380,"Italy",4,"Median","25",2024,124,47,171
380,"Italy",4,"Median","26",2024,128,48,175
380,"Italy",4,"Median","27",2024,127,46,174
380,"Italy",4,"Median","28",2024,126,47,173
380,"Italy",4,"Median","29",2024,127,50,177
380,"Italy",4,"Median","30",2024,134,54,188
380,"Italy",4,"Median","31",2024,149,61,209
380,"Italy",4,"Median","32",2024,161,70,230
380,"Italy",4,"Median","33",2024,170,77,247
380,"Italy",4,"Median","34",2024,177,85,262
380,"Italy",4,"Median","35",2024,187,96,282
380,"Italy",4,"Median","36",2024,192,106,298
380,"Italy",4,"Median","37",2024,200,117,317
380,"Italy",4,"Median","38",2024,221,134,355
380,"Italy",4,"Median","39",2024,250,149,399
380,"Italy",4,"Median","40",2024,285,166,450
380,"Italy",4,"Median","41",2024,322,187,509
380,"Italy",4,"Median","42",2024,361,215,577
380,"Italy",4,"Median","43",2024,401,243,645
380,"Italy",4,"Median","44",2024,456,276,732
380,"Italy",4,"Median","45",2024,526,319,845
380,"Italy",4,"Median","46",2024,605,370,976
380,"Italy",4,"Median","47",2024,689,429,1118
380,"Italy",4,"Median","48",2024,784,492,1276
380,"Italy",4,"Median","49",2024,892,562,1454
380,"Italy",4,"Median","50",2024,1007,630,1637
380,"Italy",4,"Median","51",2024,1129,700,1829
380,"Italy",4,"Median","52",2024,1260,778,2038
380,"Italy",4,"Median","53",2024,1389,857,2246
380,"Italy",4,"Median","54",2024,1517,939,2456
380,"Italy",4,"Median","55",2024,1705,1042,2747
380,"Italy",4,"Median","56",2024,1913,1146,3059
380,"Italy",4,"Median","57",2024,2096,1242,3338
380,"Italy",4,"Median","58",2024,2315,1372,3687
380,"Italy",4,"Median","59",2024,2537,1508,4045
380,"Italy",4,"Median","60",2024,2718,1612,4330
380,"Italy",4,"Median","61",2024,2894,1689,4583
380,"Italy",4,"Median","62",2024,3032,1753,4785
380,"Italy",4,"Median","63",2024,3244,1888,5132
380,"Italy",4,"Median","64",2024,3474,2051,5525
380,"Italy",4,"Median","65",2024,3592,2161,5753
380,"Italy",4,"Median","66",2024,3777,2246,6023
380,"Italy",4,"Median","67",2024,4094,2385,6479
380,"Italy",4,"Median","68",2024,4432,2604,7036
380,"Italy",4,"Median","69",2024,4605,2784,7388
380,"Italy",4,"Median","70",2024,4875,2999,7874
380,"Italy",4,"Median","71",2024,5263,3266,8529
380,"Italy",4,"Median","72",2024,5755,3614,9369
380,"Italy",4,"Median","73",2024,6362,4053,10415
380,"Italy",4,"Median","74",2024,7037,4568,11605
380,"Italy",4,"Median","75",2024,7769,5148,12917
380,"Italy",4,"Median","76",2024,8401,5725,14126
380,"Italy",4,"Median","77",2024,8765,6202,14967
380,"Italy",4,"Median","78",2024,8683,6402,15086
380,"Italy",4,"Median","79",2024,8822,6784,15606
380,"Italy",4,"Median","80",2024,9365,7539,16904
380,"Italy",4,"Median","81",2024,9988,8486,18474
380,"Italy",4,"Median","82",2024,11189,10062,21251
380,"Italy",4,"Median","83",2024,12613,11860,24473
380,"Italy",4,"Median","84",2024,13649,13351,27000
380,"Italy",4,"Median","85",2024,14341,14783,29124
380,"Italy",4,"Median","86",2024,14044,15358,29402
380,"Italy",4,"Median","87",2024,13431,15722,29153
380,"Italy",4,"Median","88",2024,13131,16542,29673
380,"Italy",4,"Median","89",2024,12700,17246,29946
380,"Italy",4,"Median","90",2024,11672,17125,28798
380,"Italy",4,"Median","91",2024,10380,16505,26885
380,"Italy",4,"Median","92",2024,9272,16063,25335
380,"Italy",4,"Median","93",2024,7920,15011,22930
380,"Italy",4,"Median","94",2024,6432,13522,19954
380,"Italy",4,"Median","95",2024,5031,11819,16850
380,"Italy",4,"Median","96",2024,3791,9802,13592
380,"Italy",4,"Median","97",2024,2783,7954,10738
380,"Italy",4,"Median","98",2024,1934,6185,8118
380,"Italy",4,"Median","99",2024,1294,4605,5899
380,"Italy",4,"Median","100",2024,444,1451,1895
380,"Italy",4,"Median","101",2024,348,1258,1606
380,"Italy",4,"Median","102",2024,273,1090,1363
380,"Italy",4,"Median","103",2024,214,945,1159
380,"Italy",4,"Median","104",2024,168,819,987
380,"Italy",4,"Median","105",2024,132,710,842
380,"Italy",4,"Median","106",2024,104,615,719
380,"Italy",4,"Median","107",2024,81,533,614
380,"Italy",4,"Median","108",2024,64,462,526
380,"Italy",4,"Median","109",2024,50,400,450
380,"Italy",4,"Median","110",2024,39,347,386
380,"Italy",4,"Median","0",2025,447,373,819
380,"Italy",4,"Median","1",2025,41,35,76
380,"Italy",4,"Median","2",2025,17,13,31
380,"Italy",4,"Median","3",2025,17,12,29
380,"Italy",4,"Median","4",2025,15,12,27
380,"Italy",4,"Median","5",2025,12,11,23
380,"Italy",4,"Median","6",2025,12,10,22
380,"Italy",4,"Median","7",2025,13,9,22
380,"Italy",4,"Median","8",2025,14,10,24
380,"Italy",4,"Median","9",2025,15,11,26
380,"Italy",4,"Median","10",2025,17,12,29
380,"Italy",4,"Median","11",2025,17,12,29
380,"Italy",4,"Median","12",2025,18,13,32
380,"Italy",4,"Median","13",2025,23,15,38
380,"Italy",4,"Median","14",2025,30,18,49
380,"Italy",4,"Median","15",2025,41,22,63
380,"Italy",4,"Median","16",2025,56,25,81
380,"Italy",4,"Median","17",2025,73,28,101
380,"Italy",4,"Median","18",2025,89,31,119
380,"Italy",4,"Median","19",2025,97,33,130
380,"Italy",4,"Median","20",2025,103,35,138
380,"Italy",4,"Median","21",2025,109,40,149
380,"Italy",4,"Median","22",2025,111,38,149
380,"Italy",4,"Median","23",2025,111,36,148
380,"Italy",4,"Median","24",2025,116,41,157
380,"Italy",4,"Median","25",2025,121,46,167
380,"Italy",4,"Median","26",2025,125,47,171
380,"Italy",4,"Median","27",2025,125,45,170
380,"Italy",4,"Median","28",2025,123,46,169
380,"Italy",4,"Median","29",2025,124,48,172
380,"Italy",4,"Median","30",2025,130,51,181
380,"Italy",4,"Median","31",2025,140,57,197
380,"Italy",4,"Median","32",2025,153,66,219
380,"Italy",4,"Median","33",2025,163,74,238
380,"Italy",4,"Median","34",2025,172,82,255
380,"Italy",4,"Median","35",2025,181,92,273
380,"Italy",4,"Median","36",2025,192,105,297
380,"Italy",4,"Median","37",2025,200,117,317
380,"Italy",4,"Median","38",2025,211,128,339
380,"Italy",4,"Median","39",2025,239,143,382
380,"Italy",4,"Median","40",2025,271,158,429
380,"Italy",4,"Median","41",2025,306,178,484
380,"Italy",4,"Median","42",2025,342,203,545
380,"Italy",4,"Median","43",2025,383,235,618
380,"Italy",4,"Median","44",2025,437,265,703
380,"Italy",4,"Median","45",2025,500,300,801
380,"Italy",4,"Median","46",2025,569,348,917
380,"Italy",4,"Median","47",2025,647,403,1050
380,"Italy",4,"Median","48",2025,737,463,1199
380,"Italy",4,"Median","49",2025,845,530,1375
380,"Italy",4,"Median","50",2025,970,607,1577
380,"Italy",4,"Median","51",2025,1097,681,1778
380,"Italy",4,"Median","52",2025,1225,750,1975
380,"Italy",4,"Median","53",2025,1357,834,2190
380,"Italy",4,"Median","54",2025,1487,923,2410
380,"Italy",4,"Median","55",2025,1649,1006,2655
380,"Italy",4,"Median","56",2025,1858,1112,2970
380,"Italy",4,"Median","57",2025,2058,1224,3283
380,"Italy",4,"Median","58",2025,2243,1332,3575
380,"Italy",4,"Median","59",2025,2486,1477,3963
380,"Italy",4,"Median","60",2025,2727,1612,4339
380,"Italy",4,"Median","61",2025,2915,1700,4615
380,"Italy",4,"Median","62",2025,3095,1782,4877
380,"Italy",4,"Median","63",2025,3246,1886,5132
380,"Italy",4,"Median","64",2025,3447,2045,5492
380,"Italy",4,"Median","65",2025,3662,2200,5862
380,"Italy",4,"Median","66",2025,3855,2288,6142
380,"Italy",4,"Median","67",2025,4059,2371,6430
380,"Italy",4,"Median","68",2025,4333,2546,6878
380,"Italy",4,"Median","69",2025,4669,2807,7476
380,"Italy",4,"Median","70",2025,4901,3019,7919
380,"Italy",4,"Median","71",2025,5229,3265,8494
380,"Italy",4,"Median","72",2025,5631,3546,9177
380,"Italy",4,"Median","73",2025,6138,3914,10052
380,"Italy",4,"Median","74",2025,6754,4375,11128
380,"Italy",4,"Median","75",2025,7447,4934,12380
380,"Italy",4,"Median","76",2025,8198,5588,13787
380,"Italy",4,"Median","77",2025,8864,6275,15139
380,"Italy",4,"Median","78",2025,9293,6836,16129
380,"Italy",4,"Median","79",2025,9303,7083,16387
380,"Italy",4,"Median","80",2025,9458,7532,16990
380,"Italy",4,"Median","81",2025,9977,8413,18391
380,"Italy",4,"Median","82",2025,10578,9434,20012
380,"Italy",4,"Median","83",2025,11827,11076,22902
380,"Italy",4,"Median","84",2025,13275,12955,26230
380,"Italy",4,"Median","85",2025,14235,14504,28739
380,"Italy",4,"Median","86",2025,14740,15912,30652
380,"Italy",4,"Median","87",2025,14178,16328,30506
380,"Italy",4,"Median","88",2025,13373,16563,29936
380,"Italy",4,"Median","89",2025,12789,17098,29887
380,"Italy",4,"Median","90",2025,12011,17333,29344
380,"Italy",4,"Median","91",2025,10762,16782,27544
380,"Italy",4,"Median","92",2025,9347,15804,25150
380,"Italy",4,"Median","93",2025,8149,15088,23237
380,"Italy",4,"Median","94",2025,6749,13782,20531
380,"Italy",4,"Median","95",2025,5311,12063,17374
380,"Italy",4,"Median","96",2025,4020,10183,14203
380,"Italy",4,"Median","97",2025,2911,8126,11038
380,"Italy",4,"Median","98",2025,2046,6334,8380
380,"Italy",4,"Median","99",2025,1366,4726,6092
380,"Italy",4,"Median","100",2025,472,1507,1979
380,"Italy",4,"Median","101",2025,372,1309,1681
380,"Italy",4,"Median","102",2025,293,1138,1431
380,"Italy",4,"Median","103",2025,231,989,1220
380,"Italy",4,"Median","104",2025,182,859,1041
380,"Italy",4,"Median","105",2025,143,747,890
380,"Italy",4,"Median","106",2025,113,649,762
380,"Italy",4,"Median","107",2025,89,564,653
380,"Italy",4,"Median","108",2025,70,490,560
380,"Italy",4,"Median","109",2025,55,426,481
380,"Italy",4,"Median","110",2025,43,370,413
380,"Italy",4,"Median","0",2026,427,359,786
380,"Italy",4,"Median","1",2026,39,34,73
380,"Italy",4,"Median","2",2026,16,13,29
380,"Italy",4,"Median","3",2026,16,12,27
380,"Italy",4,"Median","4",2026,14,11,26
380,"Italy",4,"Median","5",2026,12,10,22
380,"Italy",4,"Median","6",2026,11,9,20
380,"Italy",4,"Median","7",2026,12,9,21
380,"Italy",4,"Median","8",2026,13,9,22
380,"Italy",4,"Median","9",2026,15,10,25
380,"Italy",4,"Median","10",2026,16,11,27
380,"Italy",4,"Median","11",2026,16,12,28
380,"Italy",4,"Median","12",2026,17,12,30
380,"Italy",4,"Median","13",2026,21,15,36
380,"Italy",4,"Median","14",2026,29,18,46
380,"Italy",4,"Median","15",2026,39,21,60
380,"Italy",4,"Median","16",2026,53,24,78
380,"Italy",4,"Median","17",2026,71,28,98
380,"Italy",4,"Median","18",2026,86,30,117
380,"Italy",4,"Median","19",2026,96,32,128
380,"Italy",4,"Median","20",2026,101,35,137
380,"Italy",4,"Median","21",2026,108,40,148
380,"Italy",4,"Median","22",2026,111,38,149
380,"Italy",4,"Median","23",2026,110,36,146
380,"Italy",4,"Median","24",2026,112,40,152
380,"Italy",4,"Median","25",2026,117,46,163
380,"Italy",4,"Median","26",2026,121,46,167
380,"Italy",4,"Median","27",2026,122,44,167
380,"Italy",4,"Median","28",2026,121,45,165
380,"Italy",4,"Median","29",2026,121,47,167
380,"Italy",4,"Median","30",2026,127,50,176
380,"Italy",4,"Median","31",2026,135,54,190
380,"Italy",4,"Median","32",2026,144,62,206
380,"Italy",4,"Median","33",2026,155,71,226
380,"Italy",4,"Median","34",2026,166,79,245
380,"Italy",4,"Median","35",2026,176,89,265
380,"Italy",4,"Median","36",2026,186,102,288
380,"Italy",4,"Median","37",2026,199,117,316
380,"Italy",4,"Median","38",2026,210,128,339
380,"Italy",4,"Median","39",2026,228,137,365
380,"Italy",4,"Median","40",2026,259,151,410
380,"Italy",4,"Median","41",2026,291,170,461
380,"Italy",4,"Median","42",2026,325,194,519
380,"Italy",4,"Median","43",2026,363,222,585
380,"Italy",4,"Median","44",2026,418,256,674
380,"Italy",4,"Median","45",2026,480,290,770
380,"Italy",4,"Median","46",2026,540,329,869
380,"Italy",4,"Median","47",2026,608,380,988
380,"Italy",4,"Median","48",2026,692,436,1128
380,"Italy",4,"Median","49",2026,794,500,1293
380,"Italy",4,"Median","50",2026,918,575,1493
380,"Italy",4,"Median","51",2026,1057,657,1714
380,"Italy",4,"Median","52",2026,1190,731,1922
380,"Italy",4,"Median","53",2026,1318,807,2125
380,"Italy",4,"Median","54",2026,1452,901,2353
380,"Italy",4,"Median","55",2026,1616,993,2609
380,"Italy",4,"Median","56",2026,1796,1078,2874
380,"Italy",4,"Median","57",2026,1999,1192,3191
380,"Italy",4,"Median","58",2026,2202,1317,3519
380,"Italy",4,"Median","59",2026,2408,1439,3847
380,"Italy",4,"Median","60",2026,2672,1584,4256
380,"Italy",4,"Median","61",2026,2924,1705,4629
380,"Italy",4,"Median","62",2026,3116,1799,4914
380,"Italy",4,"Median","63",2026,3313,1924,5237
380,"Italy",4,"Median","64",2026,3449,2050,5499
380,"Italy",4,"Median","65",2026,3633,2200,5833
380,"Italy",4,"Median","66",2026,3930,2336,6266
380,"Italy",4,"Median","67",2026,4142,2422,6564
380,"Italy",4,"Median","68",2026,4296,2538,6834
380,"Italy",4,"Median","69",2026,4564,2752,7316
380,"Italy",4,"Median","70",2026,4969,3054,8023
380,"Italy",4,"Median","71",2026,5259,3298,8557
380,"Italy",4,"Median","72",2026,5596,3557,9152
380,"Italy",4,"Median","73",2026,6007,3854,9861
380,"Italy",4,"Median","74",2026,6518,4239,10757
380,"Italy",4,"Median","75",2026,7150,4741,11891
380,"Italy",4,"Median","76",2026,7862,5374,13236
380,"Italy",4,"Median","77",2026,8658,6149,14806
380,"Italy",4,"Median","78",2026,9406,6943,16349
380,"Italy",4,"Median","79",2026,9969,7593,17563
380,"Italy",4,"Median","80",2026,9988,7895,17883
380,"Italy",4,"Median","81",2026,10095,8441,18535
380,"Italy",4,"Median","82",2026,10586,9392,19978
380,"Italy",4,"Median","83",2026,11203,10428,21630
380,"Italy",4,"Median","84",2026,12473,12148,24621
380,"Italy",4,"Median","85",2026,13877,14131,28008
380,"Italy",4,"Median","86",2026,14668,15674,30342
380,"Italy",4,"Median","87",2026,14919,16983,31902
380,"Italy",4,"Median","88",2026,14157,17269,31426
380,"Italy",4,"Median","89",2026,13060,17184,30244
380,"Italy",4,"Median","90",2026,12126,17245,29371
380,"Italy",4,"Median","91",2026,11105,17044,28148
380,"Italy",4,"Median","92",2026,9716,16122,25838
380,"Italy",4,"Median","93",2026,8239,14896,23135
380,"Italy",4,"Median","94",2026,6964,13898,20862
380,"Italy",4,"Median","95",2026,5589,12333,17922
380,"Italy",4,"Median","96",2026,4256,10425,14681
380,"Italy",4,"Median","97",2026,3096,8466,11563
380,"Italy",4,"Median","98",2026,2146,6488,8633
380,"Italy",4,"Median","99",2026,1448,4852,6300
380,"Italy",4,"Median","100",2026,497,1548,2045
380,"Italy",4,"Median","101",2026,393,1350,1743
380,"Italy",4,"Median","102",2026,311,1177,1488
380,"Italy",4,"Median","103",2026,246,1027,1273
380,"Italy",4,"Median","104",2026,195,895,1090
380,"Italy",4,"Median","105",2026,154,781,935
380,"Italy",4,"Median","106",2026,122,681,803
380,"Italy",4,"Median","107",2026,97,594,691
380,"Italy",4,"Median","108",2026,77,518,595
380,"Italy",4,"Median","109",2026,61,452,513
380,"Italy",4,"Median","110",2026,48,394,442
380,"Italy",4,"Median","0",2027,411,346,757
380,"Italy",4,"Median","1",2027,38,32,70
380,"Italy",4,"Median","2",2027,16,12,28
380,"Italy",4,"Median","3",2027,15,11,26
380,"Italy",4,"Median","4",2027,13,11,24
380,"Italy",4,"Median","5",2027,11,10,21
380,"Italy",4,"Median","6",2027,11,9,20
380,"Italy",4,"Median","7",2027,11,8,19
380,"Italy",4,"Median","8",2027,12,9,21
380,"Italy",4,"Median","9",2027,14,10,23
380,"Italy",4,"Median","10",2027,15,11,26
380,"Italy",4,"Median","11",2027,16,11,27
380,"Italy",4,"Median","12",2027,17,12,29
380,"Italy",4,"Median","13",2027,20,14,34
380,"Italy",4,"Median","14",2027,27,17,44
380,"Italy",4,"Median","15",2027,38,20,58
380,"Italy",4,"Median","16",2027,51,23,74
380,"Italy",4,"Median","17",2027,68,27,95
380,"Italy",4,"Median","18",2027,84,30,114
380,"Italy",4,"Median","19",2027,94,32,125
380,"Italy",4,"Median","20",2027,100,35,135
380,"Italy",4,"Median","21",2027,107,39,146
380,"Italy",4,"Median","22",2027,110,38,148
380,"Italy",4,"Median","23",2027,110,36,146
380,"Italy",4,"Median","24",2027,111,40,150
380,"Italy",4,"Median","25",2027,113,45,158
380,"Italy",4,"Median","26",2027,117,46,163
380,"Italy",4,"Median","27",2027,119,44,163
380,"Italy",4,"Median","28",2027,118,44,162
380,"Italy",4,"Median","29",2027,119,45,164
380,"Italy",4,"Median","30",2027,124,48,172
380,"Italy",4,"Median","31",2027,133,52,185
380,"Italy",4,"Median","32",2027,140,59,199
380,"Italy",4,"Median","33",2027,147,66,213
380,"Italy",4,"Median","34",2027,158,75,233
380,"Italy",4,"Median","35",2027,170,86,256
380,"Italy",4,"Median","36",2027,182,98,280
380,"Italy",4,"Median","37",2027,194,112,306
380,"Italy",4,"Median","38",2027,211,128,339
380,"Italy",4,"Median","39",2027,228,137,365
380,"Italy",4,"Median","40",2027,248,145,393
380,"Italy",4,"Median","41",2027,279,163,442
380,"Italy",4,"Median","42",2027,310,185,495
380,"Italy",4,"Median","43",2027,346,211,557
380,"Italy",4,"Median","44",2027,397,242,639
380,"Italy",4,"Median","45",2027,460,280,740
380,"Italy",4,"Median","46",2027,520,317,837
380,"Italy",4,"Median","47",2027,579,358,937
380,"Italy",4,"Median","48",2027,652,410,1062
380,"Italy",4,"Median","49",2027,748,470,1218
380,"Italy",4,"Median","50",2027,865,541,1406
380,"Italy",4,"Median","51",2027,1004,622,1625
380,"Italy",4,"Median","52",2027,1150,705,1856
380,"Italy",4,"Median","53",2027,1285,785,2071
380,"Italy",4,"Median","54",2027,1415,871,2286
380,"Italy",4,"Median","55",2027,1583,968,2551
380,"Italy",4,"Median","56",2027,1766,1062,2827
380,"Italy",4,"Median","57",2027,1938,1153,3091
380,"Italy",4,"Median","58",2027,2145,1280,3425
380,"Italy",4,"Median","59",2027,2372,1420,3792
380,"Italy",4,"Median","60",2027,2596,1540,4136
380,"Italy",4,"Median","61",2027,2874,1672,4546
380,"Italy",4,"Median","62",2027,3135,1801,4936
380,"Italy",4,"Median","63",2027,3347,1939,5286
380,"Italy",4,"Median","64",2027,3532,2088,5620
380,"Italy",4,"Median","65",2027,3646,2202,5848
380,"Italy",4,"Median","66",2027,3912,2332,6244
380,"Italy",4,"Median","67",2027,4237,2469,6705
380,"Italy",4,"Median","68",2027,4398,2589,6986
380,"Italy",4,"Median","69",2027,4540,2740,7280
380,"Italy",4,"Median","70",2027,4874,2989,7863
380,"Italy",4,"Median","71",2027,5353,3331,8684
380,"Italy",4,"Median","72",2027,5648,3587,9235
380,"Italy",4,"Median","73",2027,5991,3860,9851
380,"Italy",4,"Median","74",2027,6401,4168,10569
380,"Italy",4,"Median","75",2027,6925,4587,11512
380,"Italy",4,"Median","76",2027,7577,5157,12733
380,"Italy",4,"Median","77",2027,8337,5906,14242
380,"Italy",4,"Median","78",2027,9225,6795,16021
380,"Italy",4,"Median","79",2027,10136,7706,17842
380,"Italy",4,"Median","80",2027,10751,8458,19209
380,"Italy",4,"Median","81",2027,10711,8846,19556
380,"Italy",4,"Median","82",2027,10760,9421,20180
380,"Italy",4,"Median","83",2027,11264,10380,21644
380,"Italy",4,"Median","84",2027,11871,11438,23309
380,"Italy",4,"Median","85",2027,13099,13254,26353
380,"Italy",4,"Median","86",2027,14364,15279,29643
380,"Italy",4,"Median","87",2027,14913,16740,31652
380,"Italy",4,"Median","88",2027,14963,17977,32940
380,"Italy",4,"Median","89",2027,13885,17932,31817
380,"Italy",4,"Median","90",2027,12435,17347,29781
380,"Italy",4,"Median","91",2027,11257,16975,28232
380,"Italy",4,"Median","92",2027,10064,16390,26454
380,"Italy",4,"Median","93",2027,8600,15217,23817
380,"Italy",4,"Median","94",2027,7068,13740,20808
380,"Italy",4,"Median","95",2027,5788,12454,18243
380,"Italy",4,"Median","96",2027,4495,10675,15170
380,"Italy",4,"Median","97",2027,3289,8681,11969
380,"Italy",4,"Median","98",2027,2289,6769,9058
380,"Italy",4,"Median","99",2027,1523,4977,6500
380,"Italy",4,"Median","100",2027,522,1582,2104
380,"Italy",4,"Median","101",2027,416,1384,1800
380,"Italy",4,"Median","102",2027,330,1211,1541
380,"Italy",4,"Median","103",2027,263,1060,1323
380,"Italy",4,"Median","104",2027,209,928,1137
380,"Italy",4,"Median","105",2027,166,812,978
380,"Italy",4,"Median","106",2027,132,711,843
380,"Italy",4,"Median","107",2027,105,622,727
380,"Italy",4,"Median","108",2027,84,544,628
380,"Italy",4,"Median","109",2027,67,476,543
380,"Italy",4,"Median","110",2027,53,417,470
380,"Italy",4,"Median","0",2028,396,334,730
380,"Italy",4,"Median","1",2028,37,31,68
380,"Italy",4,"Median","2",2028,15,12,27
380,"Italy",4,"Median","3",2028,14,11,25
380,"Italy",4,"Median","4",2028,13,10,23
380,"Italy",4,"Median","5",2028,11,9,20
380,"Italy",4,"Median","6",2028,10,9,19
380,"Italy",4,"Median","7",2028,11,8,19
380,"Italy",4,"Median","8",2028,11,8,20
380,"Italy",4,"Median","9",2028,13,9,22
380,"Italy",4,"Median","10",2028,14,10,24
380,"Italy",4,"Median","11",2028,15,11,26
380,"Italy",4,"Median","12",2028,16,11,27
380,"Italy",4,"Median","13",2028,19,13,33
380,"Italy",4,"Median","14",2028,26,16,42
380,"Italy",4,"Median","15",2028,36,19,55
380,"Italy",4,"Median","16",2028,49,22,71
380,"Italy",4,"Median","17",2028,65,25,90
380,"Italy",4,"Median","18",2028,81,28,109
380,"Italy",4,"Median","19",2028,91,31,122
380,"Italy",4,"Median","20",2028,98,34,132
380,"Italy",4,"Median","21",2028,105,39,144
380,"Italy",4,"Median","22",2028,109,38,146
380,"Italy",4,"Median","23",2028,109,36,145
380,"Italy",4,"Median","24",2028,111,40,150
380,"Italy",4,"Median","25",2028,112,45,156
380,"Italy",4,"Median","26",2028,113,45,158
380,"Italy",4,"Median","27",2028,115,43,158
380,"Italy",4,"Median","28",2028,115,43,158
380,"Italy",4,"Median","29",2028,116,44,161
380,"Italy",4,"Median","30",2028,122,47,168
380,"Italy",4,"Median","31",2028,129,51,180
380,"Italy",4,"Median","32",2028,136,57,193
380,"Italy",4,"Median","33",2028,142,63,205
380,"Italy",4,"Median","34",2028,149,70,219
380,"Italy",4,"Median","35",2028,162,81,243
380,"Italy",4,"Median","36",2028,175,94,270
380,"Italy",4,"Median","37",2028,189,109,298
380,"Italy",4,"Median","38",2028,205,123,328
380,"Italy",4,"Median","39",2028,228,136,365
380,"Italy",4,"Median","40",2028,248,145,393
380,"Italy",4,"Median","41",2028,266,156,422
380,"Italy",4,"Median","42",2028,297,177,474
380,"Italy",4,"Median","43",2028,330,202,531
380,"Italy",4,"Median","44",2028,378,231,608
380,"Italy",4,"Median","45",2028,436,264,700
380,"Italy",4,"Median","46",2028,498,306,803
380,"Italy",4,"Median","47",2028,557,345,901
380,"Italy",4,"Median","48",2028,620,387,1007
380,"Italy",4,"Median","49",2028,703,442,1145
380,"Italy",4,"Median","50",2028,814,509,1322
380,"Italy",4,"Median","51",2028,944,585,1529
380,"Italy",4,"Median","52",2028,1091,667,1758
380,"Italy",4,"Median","53",2028,1240,757,1997
380,"Italy",4,"Median","54",2028,1378,847,2225
380,"Italy",4,"Median","55",2028,1540,935,2476
380,"Italy",4,"Median","56",2028,1727,1035,2762
380,"Italy",4,"Median","57",2028,1903,1136,3038
380,"Italy",4,"Median","58",2028,2077,1238,3315
380,"Italy",4,"Median","59",2028,2307,1380,3688
380,"Italy",4,"Median","60",2028,2553,1520,4073
380,"Italy",4,"Median","61",2028,2788,1626,4414
380,"Italy",4,"Median","62",2028,3076,1765,4841
380,"Italy",4,"Median","63",2028,3363,1941,5304
380,"Italy",4,"Median","64",2028,3563,2104,5667
380,"Italy",4,"Median","65",2028,3727,2241,5969
380,"Italy",4,"Median","66",2028,3919,2334,6253
380,"Italy",4,"Median","67",2028,4209,2464,6674
380,"Italy",4,"Median","68",2028,4491,2638,7129
380,"Italy",4,"Median","69",2028,4640,2793,7433
380,"Italy",4,"Median","70",2028,4841,2975,7816
380,"Italy",4,"Median","71",2028,5244,3262,8505
380,"Italy",4,"Median","72",2028,5739,3624,9363
380,"Italy",4,"Median","73",2028,6038,3893,9931
380,"Italy",4,"Median","74",2028,6375,4174,10549
380,"Italy",4,"Median","75",2028,6792,4510,11302
380,"Italy",4,"Median","76",2028,7329,4990,12319
380,"Italy",4,"Median","77",2028,8027,5670,13696
380,"Italy",4,"Median","78",2028,8876,6530,15406
380,"Italy",4,"Median","79",2028,9936,7549,17485
380,"Italy",4,"Median","80",2028,10926,8591,19517
380,"Italy",4,"Median","81",2028,11529,9488,21017
380,"Italy",4,"Median","82",2028,11418,9885,21303
380,"Italy",4,"Median","83",2028,11452,10426,21878
380,"Italy",4,"Median","84",2028,11942,11403,23344
380,"Italy",4,"Median","85",2028,12477,12500,24976
380,"Italy",4,"Median","86",2028,13573,14354,27927
380,"Italy",4,"Median","87",2028,14622,16346,30968
380,"Italy",4,"Median","88",2028,14978,17753,32730
380,"Italy",4,"Median","89",2028,14696,18702,33398
380,"Italy",4,"Median","90",2028,13239,18135,31375
380,"Italy",4,"Median","91",2028,11562,17108,28670
380,"Italy",4,"Median","92",2028,10218,16353,26571
380,"Italy",4,"Median","93",2028,8925,15502,24427
380,"Italy",4,"Median","94",2028,7392,14064,21456
380,"Italy",4,"Median","95",2028,5886,12338,18225
380,"Italy",4,"Median","96",2028,4665,10802,15467
380,"Italy",4,"Median","97",2028,3480,8907,12387
380,"Italy",4,"Median","98",2028,2436,6953,9389
380,"Italy",4,"Median","99",2028,1628,5202,6830
380,"Italy",4,"Median","100",2028,550,1625,2175
380,"Italy",4,"Median","101",2028,439,1424,1863
380,"Italy",4,"Median","102",2028,350,1248,1598
380,"Italy",4,"Median","103",2028,279,1094,1373
380,"Italy",4,"Median","104",2028,223,958,1181
380,"Italy",4,"Median","105",2028,177,840,1017
380,"Italy",4,"Median","106",2028,142,736,878
380,"Italy",4,"Median","107",2028,113,645,758
380,"Italy",4,"Median","108",2028,90,565,655
380,"Italy",4,"Median","109",2028,72,495,567
380,"Italy",4,"Median","110",2028,57,434,491
380,"Italy",4,"Median","0",2029,383,323,706
380,"Italy",4,"Median","1",2029,35,30,66
380,"Italy",4,"Median","2",2029,14,11,26
380,"Italy",4,"Median","3",2029,14,10,24
380,"Italy",4,"Median","4",2029,12,10,22
380,"Italy",4,"Median","5",2029,10,9,19
380,"Italy",4,"Median","6",2029,10,8,18
380,"Italy",4,"Median","7",2029,10,8,18
380,"Italy",4,"Median","8",2029,11,8,19
380,"Italy",4,"Median","9",2029,12,9,21
380,"Italy",4,"Median","10",2029,13,9,23
380,"Italy",4,"Median","11",2029,14,10,24
380,"Italy",4,"Median","12",2029,15,11,26
380,"Italy",4,"Median","13",2029,19,13,31
380,"Italy",4,"Median","14",2029,25,15,40
380,"Italy",4,"Median","15",2029,34,18,52
380,"Italy",4,"Median","16",2029,46,21,67
380,"Italy",4,"Median","17",2029,62,24,87
380,"Italy",4,"Median","18",2029,78,27,105
380,"Italy",4,"Median","19",2029,88,30,118
380,"Italy",4,"Median","20",2029,95,33,129
380,"Italy",4,"Median","21",2029,103,38,141
380,"Italy",4,"Median","22",2029,107,37,144
380,"Italy",4,"Median","23",2029,108,35,143
380,"Italy",4,"Median","24",2029,110,39,150
380,"Italy",4,"Median","25",2029,112,45,157
380,"Italy",4,"Median","26",2029,112,45,157
380,"Italy",4,"Median","27",2029,112,42,154
380,"Italy",4,"Median","28",2029,111,43,154
380,"Italy",4,"Median","29",2029,113,44,157
380,"Italy",4,"Median","30",2029,119,46,165
380,"Italy",4,"Median","31",2029,128,49,177
380,"Italy",4,"Median","32",2029,134,55,189
380,"Italy",4,"Median","33",2029,139,61,200
380,"Italy",4,"Median","34",2029,145,67,212
380,"Italy",4,"Median","35",2029,153,76,229
380,"Italy",4,"Median","36",2029,167,90,257
380,"Italy",4,"Median","37",2029,183,105,288
380,"Italy",4,"Median","38",2029,201,119,320
380,"Italy",4,"Median","39",2029,223,132,355
380,"Italy",4,"Median","40",2029,249,145,393
380,"Italy",4,"Median","41",2029,268,156,424
380,"Italy",4,"Median","42",2029,284,170,454
380,"Italy",4,"Median","43",2029,316,193,510
380,"Italy",4,"Median","44",2029,361,221,582
380,"Italy",4,"Median","45",2029,416,252,668
380,"Italy",4,"Median","46",2029,473,289,763
380,"Italy",4,"Median","47",2029,534,334,868
380,"Italy",4,"Median","48",2029,598,373,971
380,"Italy",4,"Median","49",2029,671,418,1089
380,"Italy",4,"Median","50",2029,768,479,1247
380,"Italy",4,"Median","51",2029,891,551,1442
380,"Italy",4,"Median","52",2029,1030,629,1658
380,"Italy",4,"Median","53",2029,1180,717,1897
380,"Italy",4,"Median","54",2029,1333,818,2152
380,"Italy",4,"Median","55",2029,1505,912,2416
380,"Italy",4,"Median","56",2029,1686,1001,2688
380,"Italy",4,"Median","57",2029,1867,1109,2976
380,"Italy",4,"Median","58",2029,2045,1222,3267
380,"Italy",4,"Median","59",2029,2241,1337,3578
380,"Italy",4,"Median","60",2029,2491,1480,3971
380,"Italy",4,"Median","61",2029,2751,1607,4358
380,"Italy",4,"Median","62",2029,2993,1719,4712
380,"Italy",4,"Median","63",2029,3311,1907,5217
380,"Italy",4,"Median","64",2029,3592,2110,5702
380,"Italy",4,"Median","65",2029,3771,2262,6034
380,"Italy",4,"Median","66",2029,4020,2380,6400
380,"Italy",4,"Median","67",2029,4231,2470,6701
380,"Italy",4,"Median","68",2029,4477,2638,7115
380,"Italy",4,"Median","69",2029,4754,2851,7605
380,"Italy",4,"Median","70",2029,4964,3038,8003
380,"Italy",4,"Median","71",2029,5228,3253,8480
380,"Italy",4,"Median","72",2029,5643,3554,9197
380,"Italy",4,"Median","73",2029,6158,3940,10098
380,"Italy",4,"Median","74",2029,6449,4217,10666
380,"Italy",4,"Median","75",2029,6790,4525,11315
380,"Italy",4,"Median","76",2029,7216,4916,12131
380,"Italy",4,"Median","77",2029,7796,5498,13294
380,"Italy",4,"Median","78",2029,8581,6283,14864
380,"Italy",4,"Median","79",2029,9601,7272,16873
380,"Italy",4,"Median","80",2029,10757,8436,19193
380,"Italy",4,"Median","81",2029,11770,9662,21433
380,"Italy",4,"Median","82",2029,12345,10630,22975
380,"Italy",4,"Median","83",2029,12207,10968,23175
380,"Italy",4,"Median","84",2029,12195,11484,23679
380,"Italy",4,"Median","85",2029,12607,12495,25102
380,"Italy",4,"Median","86",2029,12984,13575,26560
380,"Italy",4,"Median","87",2029,13875,15399,29274
380,"Italy",4,"Median","88",2029,14748,17384,32133
380,"Italy",4,"Median","89",2029,14771,18518,33289
380,"Italy",4,"Median","90",2029,14068,18961,33029
380,"Italy",4,"Median","91",2029,12358,17932,30291
380,"Italy",4,"Median","92",2029,10533,16521,27055
380,"Italy",4,"Median","93",2029,9097,15509,24606
380,"Italy",4,"Median","94",2029,7699,14364,22063
380,"Italy",4,"Median","95",2029,6178,12661,18839
380,"Italy",4,"Median","96",2029,4760,10728,15488
380,"Italy",4,"Median","97",2029,3623,9034,12657
380,"Italy",4,"Median","98",2029,2585,7150,9736
380,"Italy",4,"Median","99",2029,1737,5355,7092
380,"Italy",4,"Median","100",2029,586,1698,2284
380,"Italy",4,"Median","101",2029,467,1485,1952
380,"Italy",4,"Median","102",2029,373,1299,1672
380,"Italy",4,"Median","103",2029,297,1137,1434
380,"Italy",4,"Median","104",2029,237,994,1231
380,"Italy",4,"Median","105",2029,189,870,1059
380,"Italy",4,"Median","106",2029,151,761,912
380,"Italy",4,"Median","107",2029,121,666,787
380,"Italy",4,"Median","108",2029,96,582,678
380,"Italy",4,"Median","109",2029,77,510,587
380,"Italy",4,"Median","110",2029,61,446,507
380,"Italy",4,"Median","0",2030,369,312,681
380,"Italy",4,"Median","1",2030,34,29,63
380,"Italy",4,"Median","2",2030,14,11,25
380,"Italy",4,"Median","3",2030,13,10,23
380,"Italy",4,"Median","4",2030,12,10,21
380,"Italy",4,"Median","5",2030,10,9,19
380,"Italy",4,"Median","6",2030,9,8,17
380,"Italy",4,"Median","7",2030,10,7,17
380,"Italy",4,"Median","8",2030,11,8,18
380,"Italy",4,"Median","9",2030,12,8,20
380,"Italy",4,"Median","10",2030,13,9,22
380,"Italy",4,"Median","11",2030,13,9,22
380,"Italy",4,"Median","12",2030,14,10,24
380,"Italy",4,"Median","13",2030,18,12,30
380,"Italy",4,"Median","14",2030,24,15,38
380,"Italy",4,"Median","15",2030,32,17,50
380,"Italy",4,"Median","16",2030,44,20,64
380,"Italy",4,"Median","17",2030,59,23,82
380,"Italy",4,"Median","18",2030,74,26,100
380,"Italy",4,"Median","19",2030,84,28,113
380,"Italy",4,"Median","20",2030,92,32,124
380,"Italy",4,"Median","21",2030,100,37,137
380,"Italy",4,"Median","22",2030,105,36,141
380,"Italy",4,"Median","23",2030,106,35,141
380,"Italy",4,"Median","24",2030,109,39,147
380,"Italy",4,"Median","25",2030,111,44,156
380,"Italy",4,"Median","26",2030,112,45,157
380,"Italy",4,"Median","27",2030,110,42,152
380,"Italy",4,"Median","28",2030,108,42,149
380,"Italy",4,"Median","29",2030,109,43,153
380,"Italy",4,"Median","30",2030,116,45,161
380,"Italy",4,"Median","31",2030,125,48,173
380,"Italy",4,"Median","32",2030,132,54,185
380,"Italy",4,"Median","33",2030,136,59,195
380,"Italy",4,"Median","34",2030,141,65,206
380,"Italy",4,"Median","35",2030,148,73,221
380,"Italy",4,"Median","36",2030,158,84,242
380,"Italy",4,"Median","37",2030,174,99,273
380,"Italy",4,"Median","38",2030,193,115,308
380,"Italy",4,"Median","39",2030,217,127,344
380,"Italy",4,"Median","40",2030,242,139,381
380,"Italy",4,"Median","41",2030,268,155,423
380,"Italy",4,"Median","42",2030,285,169,454
380,"Italy",4,"Median","43",2030,302,185,487
380,"Italy",4,"Median","44",2030,345,211,556
380,"Italy",4,"Median","45",2030,397,240,637
380,"Italy",4,"Median","46",2030,450,275,725
380,"Italy",4,"Median","47",2030,507,315,821
380,"Italy",4,"Median","48",2030,572,359,931
380,"Italy",4,"Median","49",2030,645,401,1046
380,"Italy",4,"Median","50",2030,730,451,1181
380,"Italy",4,"Median","51",2030,838,518,1356
380,"Italy",4,"Median","52",2030,969,590,1559
380,"Italy",4,"Median","53",2030,1110,674,1784
380,"Italy",4,"Median","54",2030,1264,773,2037
380,"Italy",4,"Median","55",2030,1452,878,2329
380,"Italy",4,"Median","56",2030,1642,973,2615
380,"Italy",4,"Median","57",2030,1817,1069,2887
380,"Italy",4,"Median","58",2030,2000,1189,3190
380,"Italy",4,"Median","59",2030,2200,1315,3515
380,"Italy",4,"Median","60",2030,2412,1429,3841
380,"Italy",4,"Median","61",2030,2676,1559,4235
380,"Italy",4,"Median","62",2030,2943,1693,4636
380,"Italy",4,"Median","63",2030,3212,1851,5062
380,"Italy",4,"Median","64",2030,3524,2066,5590
380,"Italy",4,"Median","65",2030,3789,2261,6049
380,"Italy",4,"Median","66",2030,4055,2394,6448
380,"Italy",4,"Median","67",2030,4326,2509,6835
380,"Italy",4,"Median","68",2030,4485,2635,7120
380,"Italy",4,"Median","69",2030,4723,2841,7564
380,"Italy",4,"Median","70",2030,5070,3091,8161
380,"Italy",4,"Median","71",2030,5345,3312,8657
380,"Italy",4,"Median","72",2030,5607,3533,9140
380,"Italy",4,"Median","73",2030,6036,3851,9888
380,"Italy",4,"Median","74",2030,6557,4254,10811
380,"Italy",4,"Median","75",2030,6847,4557,11405
380,"Italy",4,"Median","76",2030,7192,4916,12108
380,"Italy",4,"Median","77",2030,7655,5400,13055
380,"Italy",4,"Median","78",2030,8313,6076,14389
380,"Italy",4,"Median","79",2030,9262,6979,16241
380,"Italy",4,"Median","80",2030,10373,8108,18482
380,"Italy",4,"Median","81",2030,11570,9471,21041
380,"Italy",4,"Median","82",2030,12586,10807,23393
380,"Italy",4,"Median","83",2030,13182,11778,24960
380,"Italy",4,"Median","84",2030,12988,12068,25056
380,"Italy",4,"Median","85",2030,12867,12573,25440
380,"Italy",4,"Median","86",2030,13116,13562,26678
380,"Italy",4,"Median","87",2030,13274,14558,27832
380,"Italy",4,"Median","88",2030,13999,16375,30374
380,"Italy",4,"Median","89",2030,14551,18134,32685
380,"Italy",4,"Median","90",2030,14145,18777,32922
380,"Italy",4,"Median","91",2030,13140,18755,31895
380,"Italy",4,"Median","92",2030,11267,17324,28591
380,"Italy",4,"Median","93",2030,9388,15681,25069
380,"Italy",4,"Median","94",2030,7857,14383,22239
380,"Italy",4,"Median","95",2030,6443,12944,19386
380,"Italy",4,"Median","96",2030,5003,11021,16024
380,"Italy",4,"Median","97",2030,3703,8982,12685
380,"Italy",4,"Median","98",2030,2695,7261,9956
380,"Italy",4,"Median","99",2030,1846,5513,7360
380,"Italy",4,"Median","100",2030,623,1761,2384
380,"Italy",4,"Median","101",2030,498,1540,2038
380,"Italy",4,"Median","102",2030,398,1347,1745
380,"Italy",4,"Median","103",2030,318,1178,1496
380,"Italy",4,"Median","104",2030,254,1030,1284
380,"Italy",4,"Median","105",2030,203,901,1104
380,"Italy",4,"Median","106",2030,162,788,950
380,"Italy",4,"Median","107",2030,129,689,818
380,"Italy",4,"Median","108",2030,103,603,706
380,"Italy",4,"Median","109",2030,83,527,610
380,"Italy",4,"Median","110",2030,66,461,527
380,"Italy",4,"Median","0",2031,359,303,661
380,"Italy",4,"Median","1",2031,33,28,61
380,"Italy",4,"Median","2",2031,13,11,24
380,"Italy",4,"Median","3",2031,13,10,22
380,"Italy",4,"Median","4",2031,11,9,21
380,"Italy",4,"Median","5",2031,10,8,18
380,"Italy",4,"Median","6",2031,9,7,16
380,"Italy",4,"Median","7",2031,9,7,16
380,"Italy",4,"Median","8",2031,10,7,17
380,"Italy",4,"Median","9",2031,11,8,19
380,"Italy",4,"Median","10",2031,12,9,21
380,"Italy",4,"Median","11",2031,12,9,21
380,"Italy",4,"Median","12",2031,13,9,23
380,"Italy",4,"Median","13",2031,17,11,28
380,"Italy",4,"Median","14",2031,23,14,37
380,"Italy",4,"Median","15",2031,31,17,48
380,"Italy",4,"Median","16",2031,42,19,61
380,"Italy",4,"Median","17",2031,56,22,78
380,"Italy",4,"Median","18",2031,71,25,96
380,"Italy",4,"Median","19",2031,81,27,108
380,"Italy",4,"Median","20",2031,88,31,119
380,"Italy",4,"Median","21",2031,97,36,133
380,"Italy",4,"Median","22",2031,102,35,138
380,"Italy",4,"Median","23",2031,104,34,138
380,"Italy",4,"Median","24",2031,107,38,145
380,"Italy",4,"Median","25",2031,110,44,154
380,"Italy",4,"Median","26",2031,112,44,156
380,"Italy",4,"Median","27",2031,111,42,153
380,"Italy",4,"Median","28",2031,106,41,148
380,"Italy",4,"Median","29",2031,106,42,148
380,"Italy",4,"Median","30",2031,113,45,157
380,"Italy",4,"Median","31",2031,122,48,169
380,"Italy",4,"Median","32",2031,129,53,182
380,"Italy",4,"Median","33",2031,134,57,192
380,"Italy",4,"Median","34",2031,139,63,202
380,"Italy",4,"Median","35",2031,145,70,216
380,"Italy",4,"Median","36",2031,153,80,233
380,"Italy",4,"Median","37",2031,165,93,258
380,"Italy",4,"Median","38",2031,184,109,293
380,"Italy",4,"Median","39",2031,210,123,333
380,"Italy",4,"Median","40",2031,237,135,371
380,"Italy",4,"Median","41",2031,261,150,411
380,"Italy",4,"Median","42",2031,286,169,455
380,"Italy",4,"Median","43",2031,303,185,489
380,"Italy",4,"Median","44",2031,331,202,533
380,"Italy",4,"Median","45",2031,381,230,611
380,"Italy",4,"Median","46",2031,431,263,694
380,"Italy",4,"Median","47",2031,484,300,784
380,"Italy",4,"Median","48",2031,544,340,884
380,"Italy",4,"Median","49",2031,619,388,1007
380,"Italy",4,"Median","50",2031,704,435,1139
380,"Italy",4,"Median","51",2031,800,489,1289
380,"Italy",4,"Median","52",2031,914,556,1471
380,"Italy",4,"Median","53",2031,1048,635,1683
380,"Italy",4,"Median","54",2031,1194,728,1922
380,"Italy",4,"Median","55",2031,1381,831,2212
380,"Italy",4,"Median","56",2031,1589,940,2529
380,"Italy",4,"Median","57",2031,1775,1042,2817
380,"Italy",4,"Median","58",2031,1953,1150,3104
380,"Italy",4,"Median","59",2031,2159,1284,3443
380,"Italy",4,"Median","60",2031,2376,1410,3785
380,"Italy",4,"Median","61",2031,2599,1510,4109
380,"Italy",4,"Median","62",2031,2871,1648,4519
380,"Italy",4,"Median","63",2031,3169,1829,4998
380,"Italy",4,"Median","64",2031,3430,2012,5442
380,"Italy",4,"Median","65",2031,3730,2220,5949
380,"Italy",4,"Median","66",2031,4087,2400,6487
380,"Italy",4,"Median","67",2031,4377,2532,6909
380,"Italy",4,"Median","68",2031,4601,2686,7286
380,"Italy",4,"Median","69",2031,4748,2847,7595
380,"Italy",4,"Median","70",2031,5055,3090,8145
380,"Italy",4,"Median","71",2031,5479,3382,8861
380,"Italy",4,"Median","72",2031,5754,3609,9363
380,"Italy",4,"Median","73",2031,6020,3842,9862
380,"Italy",4,"Median","74",2031,6450,4173,10623
380,"Italy",4,"Median","75",2031,6988,4614,11601
380,"Italy",4,"Median","76",2031,7280,4969,12249
380,"Italy",4,"Median","77",2031,7661,5422,13082
380,"Italy",4,"Median","78",2031,8196,5991,14187
380,"Italy",4,"Median","79",2031,9012,6776,15788
380,"Italy",4,"Median","80",2031,10051,7814,17864
380,"Italy",4,"Median","81",2031,11209,9142,20350
380,"Italy",4,"Median","82",2031,12427,10637,23064
380,"Italy",4,"Median","83",2031,13499,12024,25523
380,"Italy",4,"Median","84",2031,14089,13012,27101
380,"Italy",4,"Median","85",2031,13765,13266,27031
380,"Italy",4,"Median","86",2031,13447,13701,27148
380,"Italy",4,"Median","87",2031,13467,14601,28068
380,"Italy",4,"Median","88",2031,13451,15542,28993
380,"Italy",4,"Median","89",2031,13867,17145,31012
380,"Italy",4,"Median","90",2031,13989,18453,32442
380,"Italy",4,"Median","91",2031,13264,18637,31901
380,"Italy",4,"Median","92",2031,12024,18178,30201
380,"Italy",4,"Median","93",2031,10081,16500,26581
380,"Italy",4,"Median","94",2031,8138,14590,22727
380,"Italy",4,"Median","95",2031,6598,13001,19598
380,"Italy",4,"Median","96",2031,5235,11301,16536
380,"Italy",4,"Median","97",2031,3904,9255,13159
380,"Italy",4,"Median","98",2031,2762,7238,10001
380,"Italy",4,"Median","99",2031,1930,5612,7542
380,"Italy",4,"Median","100",2031,660,1817,2477
380,"Italy",4,"Median","101",2031,529,1591,2120
380,"Italy",4,"Median","102",2031,424,1392,1816
380,"Italy",4,"Median","103",2031,339,1219,1558
380,"Italy",4,"Median","104",2031,272,1067,1339
380,"Italy",4,"Median","105",2031,218,934,1152
380,"Italy",4,"Median","106",2031,174,818,992
380,"Italy",4,"Median","107",2031,140,716,856
380,"Italy",4,"Median","108",2031,112,627,739
380,"Italy",4,"Median","109",2031,90,549,639
380,"Italy",4,"Median","110",2031,72,480,552
380,"Italy",4,"Median","0",2032,349,293,642
380,"Italy",4,"Median","1",2032,32,27,60
380,"Italy",4,"Median","2",2032,13,10,23
380,"Italy",4,"Median","3",2032,12,9,22
380,"Italy",4,"Median","4",2032,11,9,20
380,"Italy",4,"Median","5",2032,9,8,17
380,"Italy",4,"Median","6",2032,9,7,16
380,"Italy",4,"Median","7",2032,9,7,16
380,"Italy",4,"Median","8",2032,10,7,16
380,"Italy",4,"Median","9",2032,11,7,18
380,"Italy",4,"Median","10",2032,12,8,20
380,"Italy",4,"Median","11",2032,12,8,20
380,"Italy",4,"Median","12",2032,13,9,21
380,"Italy",4,"Median","13",2032,16,11,26
380,"Italy",4,"Median","14",2032,21,13,34
380,"Italy",4,"Median","15",2032,30,16,45
380,"Italy",4,"Median","16",2032,40,18,59
380,"Italy",4,"Median","17",2032,54,21,75
380,"Italy",4,"Median","18",2032,67,24,91
380,"Italy",4,"Median","19",2032,77,26,103
380,"Italy",4,"Median","20",2032,85,29,114
380,"Italy",4,"Median","21",2032,94,34,128
380,"Italy",4,"Median","22",2032,99,34,133
380,"Italy",4,"Median","23",2032,101,33,134
380,"Italy",4,"Median","24",2032,105,38,142
380,"Italy",4,"Median","25",2032,109,43,152
380,"Italy",4,"Median","26",2032,111,44,154
380,"Italy",4,"Median","27",2032,110,42,152
380,"Italy",4,"Median","28",2032,107,41,148
380,"Italy",4,"Median","29",2032,105,42,147
380,"Italy",4,"Median","30",2032,109,43,152
380,"Italy",4,"Median","31",2032,118,47,165
380,"Italy",4,"Median","32",2032,126,52,178
380,"Italy",4,"Median","33",2032,132,56,188
380,"Italy",4,"Median","34",2032,137,61,198
380,"Italy",4,"Median","35",2032,143,68,210
380,"Italy",4,"Median","36",2032,150,77,227
380,"Italy",4,"Median","37",2032,160,89,249
380,"Italy",4,"Median","38",2032,175,101,276
380,"Italy",4,"Median","39",2032,201,116,317
380,"Italy",4,"Median","40",2032,229,129,358
380,"Italy",4,"Median","41",2032,256,145,400
380,"Italy",4,"Median","42",2032,279,163,441
380,"Italy",4,"Median","43",2032,305,184,489
380,"Italy",4,"Median","44",2032,333,202,534
380,"Italy",4,"Median","45",2032,365,220,585
380,"Italy",4,"Median","46",2032,413,251,665
380,"Italy",4,"Median","47",2032,463,286,749
380,"Italy",4,"Median","48",2032,519,323,842
380,"Italy",4,"Median","49",2032,589,366,955
380,"Italy",4,"Median","50",2032,676,419,1095
380,"Italy",4,"Median","51",2032,772,470,1241
380,"Italy",4,"Median","52",2032,872,524,1396
380,"Italy",4,"Median","53",2032,989,596,1585
380,"Italy",4,"Median","54",2032,1127,683,1810
380,"Italy",4,"Median","55",2032,1304,781,2085
380,"Italy",4,"Median","56",2032,1512,887,2399
380,"Italy",4,"Median","57",2032,1718,1004,2722
380,"Italy",4,"Median","58",2032,1908,1118,3026
380,"Italy",4,"Median","59",2032,2108,1239,3347
380,"Italy",4,"Median","60",2032,2331,1372,3703
380,"Italy",4,"Median","61",2032,2560,1485,4045
380,"Italy",4,"Median","62",2032,2788,1590,4378
380,"Italy",4,"Median","63",2032,3092,1774,4866
380,"Italy",4,"Median","64",2032,3385,1982,5366
380,"Italy",4,"Median","65",2032,3629,2154,5784
380,"Italy",4,"Median","66",2032,4023,2349,6372
380,"Italy",4,"Median","67",2032,4411,2530,6941
380,"Italy",4,"Median","68",2032,4655,2701,7356
380,"Italy",4,"Median","69",2032,4870,2892,7762
380,"Italy",4,"Median","70",2032,5081,3086,8167
380,"Italy",4,"Median","71",2032,5464,3370,8834
380,"Italy",4,"Median","72",2032,5899,3673,9572
380,"Italy",4,"Median","73",2032,6179,3912,10091
380,"Italy",4,"Median","74",2032,6435,4149,10583
380,"Italy",4,"Median","75",2032,6876,4511,11386
380,"Italy",4,"Median","76",2032,7432,5013,12445
380,"Italy",4,"Median","77",2032,7759,5464,13223
380,"Italy",4,"Median","78",2032,8208,5998,14205
380,"Italy",4,"Median","79",2032,8893,6666,15559
380,"Italy",4,"Median","80",2032,9789,7569,17358
380,"Italy",4,"Median","81",2032,10874,8793,19667
380,"Italy",4,"Median","82",2032,12054,10249,22304
380,"Italy",4,"Median","83",2032,13348,11817,25165
380,"Italy",4,"Median","84",2032,14449,13267,27716
380,"Italy",4,"Median","85",2032,14957,14290,29247
380,"Italy",4,"Median","86",2032,14411,14447,28858
380,"Italy",4,"Median","87",2032,13832,14745,28577
380,"Italy",4,"Median","88",2032,13674,15586,29260
380,"Italy",4,"Median","89",2032,13351,16273,29624
380,"Italy",4,"Median","90",2032,13358,17446,30804
380,"Italy",4,"Median","91",2032,13145,18320,31465
380,"Italy",4,"Median","92",2032,12161,18069,30229
380,"Italy",4,"Median","93",2032,10782,17326,28108
380,"Italy",4,"Median","94",2032,8758,15364,24122
380,"Italy",4,"Median","95",2032,6848,13200,20049
380,"Italy",4,"Median","96",2032,5373,11364,16737
380,"Italy",4,"Median","97",2032,4093,9501,13594
380,"Italy",4,"Median","98",2032,2918,7467,10385
380,"Italy",4,"Median","99",2032,1982,5601,7583
380,"Italy",4,"Median","100",2032,686,1837,2523
380,"Italy",4,"Median","101",2032,553,1616,2169
380,"Italy",4,"Median","102",2032,446,1422,1868
380,"Italy",4,"Median","103",2032,360,1251,1611
380,"Italy",4,"Median","104",2032,290,1101,1391
380,"Italy",4,"Median","105",2032,234,968,1202
380,"Italy",4,"Median","106",2032,189,852,1041
380,"Italy",4,"Median","107",2032,152,749,901
380,"Italy",4,"Median","108",2032,123,659,782
380,"Italy",4,"Median","109",2032,99,580,679
380,"Italy",4,"Median","110",2032,80,510,590
380,"Italy",4,"Median","0",2033,339,284,623
380,"Italy",4,"Median","1",2033,31,27,58
380,"Italy",4,"Median","2",2033,12,10,22
380,"Italy",4,"Median","3",2033,12,9,21
380,"Italy",4,"Median","4",2033,11,9,19
380,"Italy",4,"Median","5",2033,9,8,17
380,"Italy",4,"Median","6",2033,8,7,15
380,"Italy",4,"Median","7",2033,9,6,15
380,"Italy",4,"Median","8",2033,9,7,16
380,"Italy",4,"Median","9",2033,10,7,17
380,"Italy",4,"Median","10",2033,11,8,19
380,"Italy",4,"Median","11",2033,12,8,20
380,"Italy",4,"Median","12",2033,12,9,21
380,"Italy",4,"Median","13",2033,15,10,25
380,"Italy",4,"Median","14",2033,20,12,32
380,"Italy",4,"Median","15",2033,28,15,43
380,"Italy",4,"Median","16",2033,39,17,56
380,"Italy",4,"Median","17",2033,52,20,72
380,"Italy",4,"Median","18",2033,65,23,87
380,"Italy",4,"Median","19",2033,74,25,98
380,"Italy",4,"Median","20",2033,81,28,109
380,"Italy",4,"Median","21",2033,90,33,122
380,"Italy",4,"Median","22",2033,95,33,128
380,"Italy",4,"Median","23",2033,98,32,130
380,"Italy",4,"Median","24",2033,102,36,139
380,"Italy",4,"Median","25",2033,106,42,149
380,"Italy",4,"Median","26",2033,109,43,152
380,"Italy",4,"Median","27",2033,109,41,150
380,"Italy",4,"Median","28",2033,106,41,147
380,"Italy",4,"Median","29",2033,105,42,147
380,"Italy",4,"Median","30",2033,108,43,151
380,"Italy",4,"Median","31",2033,114,46,160
380,"Italy",4,"Median","32",2033,122,51,173
380,"Italy",4,"Median","33",2033,128,55,184
380,"Italy",4,"Median","34",2033,134,60,194
380,"Italy",4,"Median","35",2033,141,66,206
380,"Italy",4,"Median","36",2033,147,75,222
380,"Italy",4,"Median","37",2033,157,85,242
380,"Italy",4,"Median","38",2033,169,97,266
380,"Italy",4,"Median","39",2033,190,108,298
380,"Italy",4,"Median","40",2033,218,122,340
380,"Italy",4,"Median","41",2033,247,139,386
380,"Italy",4,"Median","42",2033,273,157,429
380,"Italy",4,"Median","43",2033,297,177,474
380,"Italy",4,"Median","44",2033,334,201,535
380,"Italy",4,"Median","45",2033,366,220,586
380,"Italy",4,"Median","46",2033,396,241,636
380,"Italy",4,"Median","47",2033,443,273,716
380,"Italy",4,"Median","48",2033,496,308,804
380,"Italy",4,"Median","49",2033,561,348,909
380,"Italy",4,"Median","50",2033,642,396,1037
380,"Italy",4,"Median","51",2033,740,453,1192
380,"Italy",4,"Median","52",2033,840,503,1343
380,"Italy",4,"Median","53",2033,942,561,1504
380,"Italy",4,"Median","54",2033,1061,642,1704
380,"Italy",4,"Median","55",2033,1229,733,1962
380,"Italy",4,"Median","56",2033,1426,833,2259
380,"Italy",4,"Median","57",2033,1632,948,2580
380,"Italy",4,"Median","58",2033,1844,1076,2920
380,"Italy",4,"Median","59",2033,2056,1203,3259
380,"Italy",4,"Median","60",2033,2273,1323,3596
380,"Italy",4,"Median","61",2033,2507,1446,3953
380,"Italy",4,"Median","62",2033,2741,1564,4304
380,"Italy",4,"Median","63",2033,2998,1713,4711
380,"Italy",4,"Median","64",2033,3297,1922,5220
380,"Italy",4,"Median","65",2033,3575,2121,5696
380,"Italy",4,"Median","66",2033,3909,2279,6188
380,"Italy",4,"Median","67",2033,4335,2476,6811
380,"Italy",4,"Median","68",2033,4684,2698,7382
380,"Italy",4,"Median","69",2033,4919,2908,7827
380,"Italy",4,"Median","70",2033,5203,3135,8338
380,"Italy",4,"Median","71",2033,5486,3366,8852
380,"Italy",4,"Median","72",2033,5875,3660,9535
380,"Italy",4,"Median","73",2033,6326,3982,10308
380,"Italy",4,"Median","74",2033,6595,4225,10820
380,"Italy",4,"Median","75",2033,6850,4485,11335
380,"Italy",4,"Median","76",2033,7303,4903,12205
380,"Italy",4,"Median","77",2033,7912,5516,13428
380,"Italy",4,"Median","78",2033,8305,6048,14353
380,"Italy",4,"Median","79",2033,8900,6679,15578
380,"Italy",4,"Median","80",2033,9655,7453,17108
380,"Italy",4,"Median","81",2033,10590,8529,19119
380,"Italy",4,"Median","82",2033,11694,9872,21566
380,"Italy",4,"Median","83",2033,12949,11402,24352
380,"Italy",4,"Median","84",2033,14293,13059,27352
380,"Italy",4,"Median","85",2033,15348,14595,29943
380,"Italy",4,"Median","86",2033,15671,15591,31262
380,"Italy",4,"Median","87",2033,14839,15577,30416
380,"Italy",4,"Median","88",2033,14062,15772,29834
380,"Italy",4,"Median","89",2033,13590,16351,29941
380,"Italy",4,"Median","90",2033,12877,16592,29469
380,"Italy",4,"Median","91",2033,12569,17356,29925
380,"Italy",4,"Median","92",2033,12067,17797,29864
380,"Italy",4,"Median","93",2033,10923,17261,28184
380,"Italy",4,"Median","94",2033,9382,16169,25551
380,"Italy",4,"Median","95",2033,7383,13933,21316
380,"Italy",4,"Median","96",2033,5587,11565,17152
380,"Italy",4,"Median","97",2033,4209,9575,13784
380,"Italy",4,"Median","98",2033,3065,7681,10747
380,"Italy",4,"Median","99",2033,2097,5790,7887
380,"Italy",4,"Median","100",2033,695,1810,2505
380,"Italy",4,"Median","101",2033,567,1607,2174
380,"Italy",4,"Median","102",2033,462,1427,1889
380,"Italy",4,"Median","103",2033,376,1266,1642
380,"Italy",4,"Median","104",2033,307,1124,1431
380,"Italy",4,"Median","105",2033,250,998,1248
380,"Italy",4,"Median","106",2033,204,886,1090
380,"Italy",4,"Median","107",2033,166,787,953
380,"Italy",4,"Median","108",2033,135,699,834
380,"Italy",4,"Median","109",2033,110,620,730
380,"Italy",4,"Median","110",2033,90,551,641
380,"Italy",4,"Median","0",2034,331,277,608
380,"Italy",4,"Median","1",2034,31,26,56
380,"Italy",4,"Median","2",2034,12,10,22
380,"Italy",4,"Median","3",2034,12,9,20
380,"Italy",4,"Median","4",2034,10,8,19
380,"Italy",4,"Median","5",2034,9,8,16
380,"Italy",4,"Median","6",2034,8,7,15
380,"Italy",4,"Median","7",2034,8,6,15
380,"Italy",4,"Median","8",2034,9,6,15
380,"Italy",4,"Median","9",2034,10,7,17
380,"Italy",4,"Median","10",2034,11,7,18
380,"Italy",4,"Median","11",2034,11,8,19
380,"Italy",4,"Median","12",2034,12,8,20
380,"Italy",4,"Median","13",2034,14,10,24
380,"Italy",4,"Median","14",2034,19,12,30
380,"Italy",4,"Median","15",2034,26,14,40
380,"Italy",4,"Median","16",2034,36,16,53
380,"Italy",4,"Median","17",2034,50,19,69
380,"Italy",4,"Median","18",2034,62,22,84
380,"Italy",4,"Median","19",2034,71,24,94
380,"Italy",4,"Median","20",2034,77,27,104
380,"Italy",4,"Median","21",2034,86,31,117
380,"Italy",4,"Median","22",2034,91,31,123
380,"Italy",4,"Median","23",2034,94,31,125
380,"Italy",4,"Median","24",2034,99,35,134
380,"Italy",4,"Median","25",2034,104,41,145
380,"Italy",4,"Median","26",2034,107,42,149
380,"Italy",4,"Median","27",2034,107,41,148
380,"Italy",4,"Median","28",2034,105,40,145
380,"Italy",4,"Median","29",2034,104,42,146
380,"Italy",4,"Median","30",2034,108,43,151
380,"Italy",4,"Median","31",2034,113,46,159
380,"Italy",4,"Median","32",2034,118,50,168
380,"Italy",4,"Median","33",2034,124,55,179
380,"Italy",4,"Median","34",2034,130,59,190
380,"Italy",4,"Median","35",2034,138,65,202
380,"Italy",4,"Median","36",2034,145,73,218
380,"Italy",4,"Median","37",2034,154,83,236
380,"Italy",4,"Median","38",2034,166,94,259
380,"Italy",4,"Median","39",2034,184,104,288
380,"Italy",4,"Median","40",2034,206,115,321
380,"Italy",4,"Median","41",2034,235,132,367
380,"Italy",4,"Median","42",2034,263,152,415
380,"Italy",4,"Median","43",2034,290,172,462
380,"Italy",4,"Median","44",2034,325,194,519
380,"Italy",4,"Median","45",2034,368,219,587
380,"Italy",4,"Median","46",2034,397,241,638
380,"Italy",4,"Median","47",2034,424,262,686
380,"Italy",4,"Median","48",2034,475,295,770
380,"Italy",4,"Median","49",2034,536,333,868
380,"Italy",4,"Median","50",2034,612,377,989
380,"Italy",4,"Median","51",2034,702,429,1131
380,"Italy",4,"Median","52",2034,805,487,1292
380,"Italy",4,"Median","53",2034,907,541,1449
380,"Italy",4,"Median","54",2034,1011,607,1618
380,"Italy",4,"Median","55",2034,1158,691,1849
380,"Italy",4,"Median","56",2034,1343,785,2128
380,"Italy",4,"Median","57",2034,1539,893,2431
380,"Italy",4,"Median","58",2034,1752,1019,2771
380,"Italy",4,"Median","59",2034,1987,1162,3150
380,"Italy",4,"Median","60",2034,2216,1290,3506
380,"Italy",4,"Median","61",2034,2445,1398,3843
380,"Italy",4,"Median","62",2034,2685,1526,4211
380,"Italy",4,"Median","63",2034,2948,1690,4637
380,"Italy",4,"Median","64",2034,3198,1862,5060
380,"Italy",4,"Median","65",2034,3482,2064,5547
380,"Italy",4,"Median","66",2034,3850,2252,6103
380,"Italy",4,"Median","67",2034,4212,2410,6622
380,"Italy",4,"Median","68",2034,4603,2649,7252
380,"Italy",4,"Median","69",2034,4950,2915,7864
380,"Italy",4,"Median","70",2034,5256,3163,8419
380,"Italy",4,"Median","71",2034,5621,3432,9053
380,"Italy",4,"Median","72",2034,5899,3669,9569
380,"Italy",4,"Median","73",2034,6302,3983,10284
380,"Italy",4,"Median","74",2034,6754,4315,11069
380,"Italy",4,"Median","75",2034,7023,4584,11607
380,"Italy",4,"Median","76",2034,7278,4893,12171
380,"Italy",4,"Median","77",2034,7780,5415,13195
380,"Italy",4,"Median","78",2034,8476,6129,14605
380,"Italy",4,"Median","79",2034,9015,6763,15778
380,"Italy",4,"Median","80",2034,9674,7498,17172
380,"Italy",4,"Median","81",2034,10461,8434,18896
380,"Italy",4,"Median","82",2034,11406,9615,21021
380,"Italy",4,"Median","83",2034,12583,11028,23611
380,"Italy",4,"Median","84",2034,13891,12653,26544
380,"Italy",4,"Median","85",2034,15211,14425,29636
380,"Italy",4,"Median","86",2034,16114,15987,32101
380,"Italy",4,"Median","87",2034,16171,16877,33048
380,"Italy",4,"Median","88",2034,15120,16728,31848
380,"Italy",4,"Median","89",2034,14007,16608,30614
380,"Italy",4,"Median","90",2034,13136,16731,29867
380,"Italy",4,"Median","91",2034,12145,16565,28709
380,"Italy",4,"Median","92",2034,11564,16915,28478
380,"Italy",4,"Median","93",2034,10867,17060,27927
380,"Italy",4,"Median","94",2034,9528,16161,25689
380,"Italy",4,"Median","95",2034,7929,14708,22636
380,"Italy",4,"Median","96",2034,6039,12244,18283
380,"Italy",4,"Median","97",2034,4387,9772,14159
380,"Italy",4,"Median","98",2034,3158,7762,10920
380,"Italy",4,"Median","99",2034,2207,5971,8178
380,"Italy",4,"Median","100",2034,712,1804,2516
380,"Italy",4,"Median","101",2034,585,1614,2199
380,"Italy",4,"Median","102",2034,481,1443,1924
380,"Italy",4,"Median","103",2034,396,1291,1687
380,"Italy",4,"Median","104",2034,326,1155,1481
380,"Italy",4,"Median","105",2034,268,1033,1301
380,"Italy",4,"Median","106",2034,220,924,1144
380,"Italy",4,"Median","107",2034,181,826,1007
380,"Italy",4,"Median","108",2034,149,739,888
380,"Italy",4,"Median","109",2034,122,661,783
380,"Italy",4,"Median","110",2034,101,591,692
380,"Italy",4,"Median","0",2035,323,269,592
380,"Italy",4,"Median","1",2035,30,25,55
380,"Italy",4,"Median","2",2035,12,9,21
380,"Italy",4,"Median","3",2035,11,8,20
380,"Italy",4,"Median","4",2035,10,8,18
380,"Italy",4,"Median","5",2035,8,7,16
380,"Italy",4,"Median","6",2035,8,6,14
380,"Italy",4,"Median","7",2035,8,6,14
380,"Italy",4,"Median","8",2035,9,6,15
380,"Italy",4,"Median","9",2035,10,7,16
380,"Italy",4,"Median","10",2035,10,7,18
380,"Italy",4,"Median","11",2035,11,7,18
380,"Italy",4,"Median","12",2035,11,8,19
380,"Italy",4,"Median","13",2035,14,9,23
380,"Italy",4,"Median","14",2035,18,11,29
380,"Italy",4,"Median","15",2035,25,13,38
380,"Italy",4,"Median","16",2035,34,15,50
380,"Italy",4,"Median","17",2035,47,18,65
380,"Italy",4,"Median","18",2035,59,21,80
380,"Italy",4,"Median","19",2035,68,23,90
380,"Italy",4,"Median","20",2035,74,26,100
380,"Italy",4,"Median","21",2035,82,30,112
380,"Italy",4,"Median","22",2035,87,30,117
380,"Italy",4,"Median","23",2035,90,29,120
380,"Italy",4,"Median","24",2035,95,34,129
380,"Italy",4,"Median","25",2035,101,40,140
380,"Italy",4,"Median","26",2035,104,41,145
380,"Italy",4,"Median","27",2035,105,40,145
380,"Italy",4,"Median","28",2035,103,40,143
380,"Italy",4,"Median","29",2035,103,41,144
380,"Italy",4,"Median","30",2035,107,43,150
380,"Italy",4,"Median","31",2035,113,46,159
380,"Italy",4,"Median","32",2035,117,50,167
380,"Italy",4,"Median","33",2035,121,54,174
380,"Italy",4,"Median","34",2035,127,58,185
380,"Italy",4,"Median","35",2035,134,64,198
380,"Italy",4,"Median","36",2035,143,71,214
380,"Italy",4,"Median","37",2035,152,80,232
380,"Italy",4,"Median","38",2035,163,90,253
380,"Italy",4,"Median","39",2035,181,100,281
380,"Italy",4,"Median","40",2035,200,109,310
380,"Italy",4,"Median","41",2035,223,123,346
380,"Italy",4,"Median","42",2035,251,143,394
380,"Italy",4,"Median","43",2035,281,165,446
380,"Italy",4,"Median","44",2035,318,187,505
380,"Italy",4,"Median","45",2035,359,211,570
380,"Italy",4,"Median","46",2035,399,240,639
380,"Italy",4,"Median","47",2035,426,262,688
380,"Italy",4,"Median","48",2035,455,282,738
380,"Italy",4,"Median","49",2035,514,318,832
380,"Italy",4,"Median","50",2035,585,359,944
380,"Italy",4,"Median","51",2035,670,407,1078
380,"Italy",4,"Median","52",2035,766,459,1225
380,"Italy",4,"Median","53",2035,871,522,1393
380,"Italy",4,"Median","54",2035,976,583,1558
380,"Italy",4,"Median","55",2035,1105,651,1756
380,"Italy",4,"Median","56",2035,1268,738,2006
380,"Italy",4,"Median","57",2035,1452,838,2291
380,"Italy",4,"Median","58",2035,1654,957,2611
380,"Italy",4,"Median","59",2035,1891,1097,2988
380,"Italy",4,"Median","60",2035,2146,1242,3387
380,"Italy",4,"Median","61",2035,2388,1358,3747
380,"Italy",4,"Median","62",2035,2621,1471,4093
380,"Italy",4,"Median","63",2035,2892,1644,4536
380,"Italy",4,"Median","64",2035,3150,1831,4980
380,"Italy",4,"Median","65",2035,3382,1992,5374
380,"Italy",4,"Median","66",2035,3757,2184,5941
380,"Italy",4,"Median","67",2035,4155,2373,6529
380,"Italy",4,"Median","68",2035,4480,2570,7050
380,"Italy",4,"Median","69",2035,4872,2851,7724
380,"Italy",4,"Median","70",2035,5298,3159,8457
380,"Italy",4,"Median","71",2035,5690,3452,9141
380,"Italy",4,"Median","72",2035,6055,3729,9783
380,"Italy",4,"Median","73",2035,6340,3979,10319
380,"Italy",4,"Median","74",2035,6740,4302,11042
380,"Italy",4,"Median","75",2035,7206,4667,11872
380,"Italy",4,"Median","76",2035,7477,4984,12461
380,"Italy",4,"Median","77",2035,7772,5388,13160
380,"Italy",4,"Median","78",2035,8354,6000,14354
380,"Italy",4,"Median","79",2035,9224,6836,16060
380,"Italy",4,"Median","80",2035,9826,7574,17400
380,"Italy",4,"Median","81",2035,10512,8469,18981
380,"Italy",4,"Median","82",2035,11300,9492,20791
380,"Italy",4,"Median","83",2035,12308,10725,23033
380,"Italy",4,"Median","84",2035,13539,12222,25761
380,"Italy",4,"Median","85",2035,14828,13963,28791
380,"Italy",4,"Median","86",2035,16020,15790,31810
380,"Italy",4,"Median","87",2035,16679,17298,33976
380,"Italy",4,"Median","88",2035,16529,18121,34650
380,"Italy",4,"Median","89",2035,15107,17614,32721
380,"Italy",4,"Median","90",2035,13578,16994,30572
380,"Italy",4,"Median","91",2035,12425,16708,29133
380,"Italy",4,"Median","92",2035,11205,16149,27354
380,"Italy",4,"Median","93",2035,10444,16226,26671
380,"Italy",4,"Median","94",2035,9506,15986,25492
380,"Italy",4,"Median","95",2035,8074,14714,22788
380,"Italy",4,"Median","96",2035,6502,12940,19442
380,"Italy",4,"Median","97",2035,4754,10359,15113
380,"Italy",4,"Median","98",2035,3300,7931,11231
380,"Italy",4,"Median","99",2035,2280,6040,8320
380,"Italy",4,"Median","100",2035,736,1817,2553
380,"Italy",4,"Median","101",2035,609,1634,2243
380,"Italy",4,"Median","102",2035,504,1469,1973
380,"Italy",4,"Median","103",2035,417,1321,1738
380,"Italy",4,"Median","104",2035,345,1188,1533
380,"Italy",4,"Median","105",2035,286,1069,1355
380,"Italy",4,"Median","106",2035,236,961,1197
380,"Italy",4,"Median","107",2035,196,864,1060
380,"Italy",4,"Median","108",2035,162,777,939
380,"Italy",4,"Median","109",2035,134,699,833
380,"Italy",4,"Median","110",2035,111,629,740
380,"Italy",4,"Median","0",2036,316,263,579
380,"Italy",4,"Median","1",2036,29,25,54
380,"Italy",4,"Median","2",2036,12,9,21
380,"Italy",4,"Median","3",2036,11,8,19
380,"Italy",4,"Median","4",2036,10,8,18
380,"Italy",4,"Median","5",2036,8,7,15
380,"Italy",4,"Median","6",2036,8,6,14
380,"Italy",4,"Median","7",2036,8,6,14
380,"Italy",4,"Median","8",2036,9,6,14
380,"Italy",4,"Median","9",2036,9,6,16
380,"Italy",4,"Median","10",2036,10,7,17
380,"Italy",4,"Median","11",2036,10,7,17
380,"Italy",4,"Median","12",2036,11,8,18
380,"Italy",4,"Median","13",2036,13,9,22
380,"Italy",4,"Median","14",2036,18,11,28
380,"Italy",4,"Median","15",2036,24,13,37
380,"Italy",4,"Median","16",2036,32,15,47
380,"Italy",4,"Median","17",2036,44,17,61
380,"Italy",4,"Median","18",2036,56,20,76
380,"Italy",4,"Median","19",2036,65,22,87
380,"Italy",4,"Median","20",2036,71,25,96
380,"Italy",4,"Median","21",2036,79,29,108
380,"Italy",4,"Median","22",2036,83,29,112
380,"Italy",4,"Median","23",2036,86,28,114
380,"Italy",4,"Median","24",2036,91,32,124
380,"Italy",4,"Median","25",2036,97,38,135
380,"Italy",4,"Median","26",2036,101,40,141
380,"Italy",4,"Median","27",2036,102,39,141
380,"Italy",4,"Median","28",2036,101,39,140
380,"Italy",4,"Median","29",2036,102,41,142
380,"Italy",4,"Median","30",2036,106,42,149
380,"Italy",4,"Median","31",2036,113,45,158
380,"Italy",4,"Median","32",2036,117,50,167
380,"Italy",4,"Median","33",2036,119,53,173
380,"Italy",4,"Median","34",2036,123,57,180
380,"Italy",4,"Median","35",2036,131,63,194
380,"Italy",4,"Median","36",2036,139,70,209
380,"Italy",4,"Median","37",2036,149,79,228
380,"Italy",4,"Median","38",2036,161,88,249
380,"Italy",4,"Median","39",2036,177,97,274
380,"Italy",4,"Median","40",2036,197,106,302
380,"Italy",4,"Median","41",2036,217,118,335
380,"Italy",4,"Median","42",2036,238,134,372
380,"Italy",4,"Median","43",2036,268,156,424
380,"Italy",4,"Median","44",2036,308,181,488
380,"Italy",4,"Median","45",2036,351,204,556
380,"Italy",4,"Median","46",2036,389,231,621
380,"Italy",4,"Median","47",2036,429,261,690
380,"Italy",4,"Median","48",2036,458,283,740
380,"Italy",4,"Median","49",2036,493,305,798
380,"Italy",4,"Median","50",2036,561,344,906
380,"Italy",4,"Median","51",2036,641,389,1031
380,"Italy",4,"Median","52",2036,731,438,1169
380,"Italy",4,"Median","53",2036,829,494,1323
380,"Italy",4,"Median","54",2036,937,564,1500
380,"Italy",4,"Median","55",2036,1066,627,1693
380,"Italy",4,"Median","56",2036,1210,697,1907
380,"Italy",4,"Median","57",2036,1371,790,2161
380,"Italy",4,"Median","58",2036,1561,902,2463
380,"Italy",4,"Median","59",2036,1786,1034,2820
380,"Italy",4,"Median","60",2036,2041,1176,3217
380,"Italy",4,"Median","61",2036,2312,1312,3624
380,"Italy",4,"Median","62",2036,2560,1434,3994
380,"Italy",4,"Median","63",2036,2824,1590,4415
380,"Italy",4,"Median","64",2036,3091,1787,4878
380,"Italy",4,"Median","65",2036,3331,1965,5296
380,"Italy",4,"Median","66",2036,3649,2115,5764
380,"Italy",4,"Median","67",2036,4054,2309,6364
380,"Italy",4,"Median","68",2036,4420,2539,6959
380,"Italy",4,"Median","69",2036,4742,2775,7517
380,"Italy",4,"Median","70",2036,5216,3101,8317
380,"Italy",4,"Median","71",2036,5737,3461,9198
380,"Italy",4,"Median","72",2036,6130,3763,9893
380,"Italy",4,"Median","73",2036,6509,4058,10567
380,"Italy",4,"Median","74",2036,6783,4313,11096
380,"Italy",4,"Median","75",2036,7193,4669,11862
380,"Italy",4,"Median","76",2036,7674,5093,12767
380,"Italy",4,"Median","77",2036,7989,5510,13499
380,"Italy",4,"Median","78",2036,8351,5993,14344
380,"Italy",4,"Median","79",2036,9100,6720,15820
380,"Italy",4,"Median","80",2036,10064,7688,17752
380,"Italy",4,"Median","81",2036,10691,8592,19284
380,"Italy",4,"Median","82",2036,11370,9571,20941
380,"Italy",4,"Median","83",2036,12212,10631,22843
380,"Italy",4,"Median","84",2036,13264,11936,25200
380,"Italy",4,"Median","85",2036,14478,13543,28021
380,"Italy",4,"Median","86",2036,15645,15346,30991
380,"Italy",4,"Median","87",2036,16613,17152,33766
380,"Italy",4,"Median","88",2036,17083,18645,35729
380,"Italy",4,"Median","89",2036,16548,19152,35700
380,"Italy",4,"Median","90",2036,14675,18087,32762
380,"Italy",4,"Median","91",2036,12870,17030,29900
380,"Italy",4,"Median","92",2036,11487,16342,27828
380,"Italy",4,"Median","93",2036,10144,15546,25689
380,"Italy",4,"Median","94",2036,9156,15253,24410
380,"Italy",4,"Median","95",2036,8073,14601,22674
380,"Italy",4,"Median","96",2036,6636,12985,19621
380,"Italy",4,"Median","97",2036,5130,10978,16108
380,"Italy",4,"Median","98",2036,3584,8429,12013
380,"Italy",4,"Median","99",2036,2387,6187,8574
380,"Italy",4,"Median","100",2036,763,1845,2608
380,"Italy",4,"Median","101",2036,633,1663,2296
380,"Italy",4,"Median","102",2036,526,1499,2025
380,"Italy",4,"Median","103",2036,436,1351,1787
380,"Italy",4,"Median","104",2036,362,1218,1580
380,"Italy",4,"Median","105",2036,301,1097,1398
380,"Italy",4,"Median","106",2036,250,989,1239
380,"Italy",4,"Median","107",2036,207,891,1098
380,"Italy",4,"Median","108",2036,172,803,975
380,"Italy",4,"Median","109",2036,143,724,867
380,"Italy",4,"Median","110",2036,119,653,772
380,"Italy",4,"Median","0",2037,309,256,565
380,"Italy",4,"Median","1",2037,29,24,53
380,"Italy",4,"Median","2",2037,11,9,20
380,"Italy",4,"Median","3",2037,11,8,19
380,"Italy",4,"Median","4",2037,10,8,17
380,"Italy",4,"Median","5",2037,8,7,15
380,"Italy",4,"Median","6",2037,7,6,13
380,"Italy",4,"Median","7",2037,8,6,13
380,"Italy",4,"Median","8",2037,8,6,14
380,"Italy",4,"Median","9",2037,9,6,15
380,"Italy",4,"Median","10",2037,10,7,17
380,"Italy",4,"Median","11",2037,10,7,17
380,"Italy",4,"Median","12",2037,10,7,18
380,"Italy",4,"Median","13",2037,13,8,21
380,"Italy",4,"Median","14",2037,17,10,27
380,"Italy",4,"Median","15",2037,23,12,36
380,"Italy",4,"Median","16",2037,31,14,45
380,"Italy",4,"Median","17",2037,42,16,58
380,"Italy",4,"Median","18",2037,53,18,71
380,"Italy",4,"Median","19",2037,62,21,82
380,"Italy",4,"Median","20",2037,68,23,92
380,"Italy",4,"Median","21",2037,76,28,103
380,"Italy",4,"Median","22",2037,80,28,108
380,"Italy",4,"Median","23",2037,83,27,109
380,"Italy",4,"Median","24",2037,87,31,118
380,"Italy",4,"Median","25",2037,93,37,130
380,"Italy",4,"Median","26",2037,97,38,135
380,"Italy",4,"Median","27",2037,99,37,137
380,"Italy",4,"Median","28",2037,99,38,137
380,"Italy",4,"Median","29",2037,100,40,140
380,"Italy",4,"Median","30",2037,105,42,147
380,"Italy",4,"Median","31",2037,112,45,156
380,"Italy",4,"Median","32",2037,117,50,166
380,"Italy",4,"Median","33",2037,120,54,173
380,"Italy",4,"Median","34",2037,122,57,179
380,"Italy",4,"Median","35",2037,127,62,188
380,"Italy",4,"Median","36",2037,135,69,205
380,"Italy",4,"Median","37",2037,145,78,223
380,"Italy",4,"Median","38",2037,158,86,244
380,"Italy",4,"Median","39",2037,175,94,269
380,"Italy",4,"Median","40",2037,193,102,295
380,"Italy",4,"Median","41",2037,213,114,326
380,"Italy",4,"Median","42",2037,231,128,359
380,"Italy",4,"Median","43",2037,254,146,400
380,"Italy",4,"Median","44",2037,294,171,464
380,"Italy",4,"Median","45",2037,340,197,536
380,"Italy",4,"Median","46",2037,381,223,605
380,"Italy",4,"Median","47",2037,418,251,669
380,"Italy",4,"Median","48",2037,460,281,741
380,"Italy",4,"Median","49",2037,495,304,799
380,"Italy",4,"Median","50",2037,538,329,867
380,"Italy",4,"Median","51",2037,616,372,988
380,"Italy",4,"Median","52",2037,700,417,1117
380,"Italy",4,"Median","53",2037,791,469,1260
380,"Italy",4,"Median","54",2037,891,532,1423
380,"Italy",4,"Median","55",2037,1024,605,1628
380,"Italy",4,"Median","56",2037,1167,670,1837
380,"Italy",4,"Median","57",2037,1308,744,2052
380,"Italy",4,"Median","58",2037,1474,847,2321
380,"Italy",4,"Median","59",2037,1686,971,2656
380,"Italy",4,"Median","60",2037,1928,1104,3032
380,"Italy",4,"Median","61",2037,2200,1239,3438
380,"Italy",4,"Median","62",2037,2478,1380,3858
380,"Italy",4,"Median","63",2037,2759,1545,4304
380,"Italy",4,"Median","64",2037,3018,1723,4742
380,"Italy",4,"Median","65",2037,3268,1912,5180
380,"Italy",4,"Median","66",2037,3594,2079,5673
380,"Italy",4,"Median","67",2037,3938,2228,6166
380,"Italy",4,"Median","68",2037,4312,2462,6774
380,"Italy",4,"Median","69",2037,4678,2732,7410
380,"Italy",4,"Median","70",2037,5077,3008,8085
380,"Italy",4,"Median","71",2037,5650,3387,9036
380,"Italy",4,"Median","72",2037,6183,3760,9943
380,"Italy",4,"Median","73",2037,6592,4082,10674
380,"Italy",4,"Median","74",2037,6965,4384,11349
380,"Italy",4,"Median","75",2037,7241,4665,11907
380,"Italy",4,"Median","76",2037,7663,5078,12741
380,"Italy",4,"Median","77",2037,8205,5613,13817
380,"Italy",4,"Median","78",2037,8589,6112,14701
380,"Italy",4,"Median","79",2037,9105,6696,15801
380,"Italy",4,"Median","80",2037,9939,7539,17478
380,"Italy",4,"Median","81",2037,10965,8705,19669
380,"Italy",4,"Median","82",2037,11579,9693,21272
380,"Italy",4,"Median","83",2037,12305,10703,23008
380,"Italy",4,"Median","84",2037,13182,11816,24998
380,"Italy",4,"Median","85",2037,14208,13212,27420
380,"Italy",4,"Median","86",2037,15303,14874,30177
380,"Italy",4,"Median","87",2037,16256,16662,32917
380,"Italy",4,"Median","88",2037,17051,18486,35537
380,"Italy",4,"Median","89",2037,17136,19705,36841
380,"Italy",4,"Median","90",2037,16105,19667,35772
380,"Italy",4,"Median","91",2037,13938,18131,32069
380,"Italy",4,"Median","92",2037,11921,16661,28583
380,"Italy",4,"Median","93",2037,10422,15743,26165
380,"Italy",4,"Median","94",2037,8913,14626,23538
380,"Italy",4,"Median","95",2037,7793,13944,21737
380,"Italy",4,"Median","96",2037,6650,12899,19550
380,"Italy",4,"Median","97",2037,5247,11029,16276
380,"Italy",4,"Median","98",2037,3875,8944,12818
380,"Italy",4,"Median","99",2037,2596,6584,9181
380,"Italy",4,"Median","100",2037,804,1908,2712
380,"Italy",4,"Median","101",2037,666,1716,2382
380,"Italy",4,"Median","102",2037,552,1543,2095
380,"Italy",4,"Median","103",2037,458,1388,1846
380,"Italy",4,"Median","104",2037,379,1248,1627
380,"Italy",4,"Median","105",2037,314,1123,1437
380,"Italy",4,"Median","106",2037,261,1010,1271
380,"Italy",4,"Median","107",2037,216,908,1124
380,"Italy",4,"Median","108",2037,179,817,996
380,"Italy",4,"Median","109",2037,148,735,883
380,"Italy",4,"Median","110",2037,123,661,784
380,"Italy",4,"Median","0",2038,302,249,551
380,"Italy",4,"Median","1",2038,28,23,52
380,"Italy",4,"Median","2",2038,11,9,20
380,"Italy",4,"Median","3",2038,11,8,18
380,"Italy",4,"Median","4",2038,9,7,17
380,"Italy",4,"Median","5",2038,8,7,15
380,"Italy",4,"Median","6",2038,7,6,13
380,"Italy",4,"Median","7",2038,7,5,13
380,"Italy",4,"Median","8",2038,8,6,14
380,"Italy",4,"Median","9",2038,9,6,15
380,"Italy",4,"Median","10",2038,10,7,16
380,"Italy",4,"Median","11",2038,10,7,16
380,"Italy",4,"Median","12",2038,10,7,17
380,"Italy",4,"Median","13",2038,12,8,20
380,"Italy",4,"Median","14",2038,16,10,26
380,"Italy",4,"Median","15",2038,22,12,34
380,"Italy",4,"Median","16",2038,31,14,44
380,"Italy",4,"Median","17",2038,41,16,56
380,"Italy",4,"Median","18",2038,50,17,67
380,"Italy",4,"Median","19",2038,58,19,77
380,"Italy",4,"Median","20",2038,65,22,87
380,"Italy",4,"Median","21",2038,73,26,99
380,"Italy",4,"Median","22",2038,77,26,104
380,"Italy",4,"Median","23",2038,79,26,105
380,"Italy",4,"Median","24",2038,84,30,113
380,"Italy",4,"Median","25",2038,89,35,124
380,"Italy",4,"Median","26",2038,93,36,130
380,"Italy",4,"Median","27",2038,96,36,131
380,"Italy",4,"Median","28",2038,96,37,132
380,"Italy",4,"Median","29",2038,97,39,136
380,"Italy",4,"Median","30",2038,103,41,144
380,"Italy",4,"Median","31",2038,110,44,154
380,"Italy",4,"Median","32",2038,116,49,165
380,"Italy",4,"Median","33",2038,119,53,172
380,"Italy",4,"Median","34",2038,122,57,179
380,"Italy",4,"Median","35",2038,125,61,187
380,"Italy",4,"Median","36",2038,131,68,199
380,"Italy",4,"Median","37",2038,141,77,218
380,"Italy",4,"Median","38",2038,154,85,239
380,"Italy",4,"Median","39",2038,172,92,264
380,"Italy",4,"Median","40",2038,191,99,290
380,"Italy",4,"Median","41",2038,209,110,319
380,"Italy",4,"Median","42",2038,227,123,350
380,"Italy",4,"Median","43",2038,247,139,386
380,"Italy",4,"Median","44",2038,278,159,438
380,"Italy",4,"Median","45",2038,324,186,510
380,"Italy",4,"Median","46",2038,369,215,584
380,"Italy",4,"Median","47",2038,409,243,652
380,"Italy",4,"Median","48",2038,449,271,719
380,"Italy",4,"Median","49",2038,498,303,801
380,"Italy",4,"Median","50",2038,541,329,869
380,"Italy",4,"Median","51",2038,590,356,946
380,"Italy",4,"Median","52",2038,671,399,1070
380,"Italy",4,"Median","53",2038,757,447,1204
380,"Italy",4,"Median","54",2038,850,505,1356
380,"Italy",4,"Median","55",2038,973,570,1544
380,"Italy",4,"Median","56",2038,1121,645,1766
380,"Italy",4,"Median","57",2038,1262,715,1977
380,"Italy",4,"Median","58",2038,1406,798,2204
380,"Italy",4,"Median","59",2038,1591,912,2503
380,"Italy",4,"Median","60",2038,1820,1037,2857
380,"Italy",4,"Median","61",2038,2077,1163,3240
380,"Italy",4,"Median","62",2038,2357,1302,3659
380,"Italy",4,"Median","63",2038,2671,1487,4158
380,"Italy",4,"Median","64",2038,2949,1674,4622
380,"Italy",4,"Median","65",2038,3191,1843,5034
380,"Italy",4,"Median","66",2038,3526,2023,5549
380,"Italy",4,"Median","67",2038,3878,2190,6068
380,"Italy",4,"Median","68",2038,4188,2375,6563
380,"Italy",4,"Median","69",2038,4564,2649,7213
380,"Italy",4,"Median","70",2038,5009,2961,7970
380,"Italy",4,"Median","71",2038,5501,3286,8787
380,"Italy",4,"Median","72",2038,6089,3680,9769
380,"Italy",4,"Median","73",2038,6650,4079,10729
380,"Italy",4,"Median","74",2038,7055,4410,11465
380,"Italy",4,"Median","75",2038,7437,4742,12180
380,"Italy",4,"Median","76",2038,7717,5075,12792
380,"Italy",4,"Median","77",2038,8198,5599,13797
380,"Italy",4,"Median","78",2038,8827,6229,15056
380,"Italy",4,"Median","79",2038,9375,6834,16208
380,"Italy",4,"Median","80",2038,9954,7519,17473
380,"Italy",4,"Median","81",2038,10843,8547,19390
380,"Italy",4,"Median","82",2038,11891,9832,21724
380,"Italy",4,"Median","83",2038,12551,10855,23405
380,"Italy",4,"Median","84",2038,13303,11915,25218
380,"Italy",4,"Median","85",2038,14144,13102,27246
380,"Italy",4,"Median","86",2038,15046,14537,29582
380,"Italy",4,"Median","87",2038,15931,16180,32111
380,"Italy",4,"Median","88",2038,16718,17993,34711
380,"Italy",4,"Median","89",2038,17138,19575,36714
380,"Italy",4,"Median","90",2038,16710,20273,36984
380,"Italy",4,"Median","91",2038,15328,19755,35083
380,"Italy",4,"Median","92",2038,12936,17773,30709
380,"Italy",4,"Median","93",2038,10841,16088,26929
380,"Italy",4,"Median","94",2038,9177,14844,24021
380,"Italy",4,"Median","95",2038,7602,13401,21003
380,"Italy",4,"Median","96",2038,6433,12347,18781
380,"Italy",4,"Median","97",2038,5269,10981,16250
380,"Italy",4,"Median","98",2038,3971,9004,12974
380,"Italy",4,"Median","99",2038,2812,7000,9812
380,"Italy",4,"Median","100",2038,869,2028,2897
380,"Italy",4,"Median","101",2038,717,1814,2531
380,"Italy",4,"Median","102",2038,592,1623,2215
380,"Italy",4,"Median","103",2038,488,1452,1940
380,"Italy",4,"Median","104",2038,403,1299,1702
380,"Italy",4,"Median","105",2038,332,1162,1494
380,"Italy",4,"Median","106",2038,274,1039,1313
380,"Italy",4,"Median","107",2038,226,930,1156
380,"Italy",4,"Median","108",2038,187,832,1019
380,"Italy",4,"Median","109",2038,154,744,898
380,"Italy",4,"Median","110",2038,127,666,793
380,"Italy",4,"Median","0",2039,294,243,536
380,"Italy",4,"Median","1",2039,27,23,50
380,"Italy",4,"Median","2",2039,11,8,19
380,"Italy",4,"Median","3",2039,10,8,18
380,"Italy",4,"Median","4",2039,9,7,17
380,"Italy",4,"Median","5",2039,8,7,14
380,"Italy",4,"Median","6",2039,7,6,13
380,"Italy",4,"Median","7",2039,7,5,13
380,"Italy",4,"Median","8",2039,8,5,13
380,"Italy",4,"Median","9",2039,9,6,15
380,"Italy",4,"Median","10",2039,9,6,16
380,"Italy",4,"Median","11",2039,9,7,16
380,"Italy",4,"Median","12",2039,10,7,17
380,"Italy",4,"Median","13",2039,12,8,20
380,"Italy",4,"Median","14",2039,16,9,25
380,"Italy",4,"Median","15",2039,21,11,32
380,"Italy",4,"Median","16",2039,29,13,42
380,"Italy",4,"Median","17",2039,39,15,54
380,"Italy",4,"Median","18",2039,49,17,65
380,"Italy",4,"Median","19",2039,55,18,73
380,"Italy",4,"Median","20",2039,61,21,82
380,"Italy",4,"Median","21",2039,69,25,94
380,"Italy",4,"Median","22",2039,74,25,99
380,"Italy",4,"Median","23",2039,76,25,101
380,"Italy",4,"Median","24",2039,80,28,109
380,"Italy",4,"Median","25",2039,85,33,118
380,"Italy",4,"Median","26",2039,89,35,124
380,"Italy",4,"Median","27",2039,92,34,126
380,"Italy",4,"Median","28",2039,92,35,127
380,"Italy",4,"Median","29",2039,94,37,132
380,"Italy",4,"Median","30",2039,100,40,140
380,"Italy",4,"Median","31",2039,108,43,151
380,"Italy",4,"Median","32",2039,114,48,162
380,"Italy",4,"Median","33",2039,118,52,170
380,"Italy",4,"Median","34",2039,122,56,178
380,"Italy",4,"Median","35",2039,126,62,187
380,"Italy",4,"Median","36",2039,130,68,197
380,"Italy",4,"Median","37",2039,137,75,212
380,"Italy",4,"Median","38",2039,150,84,234
380,"Italy",4,"Median","39",2039,167,91,259
380,"Italy",4,"Median","40",2039,187,98,285
380,"Italy",4,"Median","41",2039,206,107,313
380,"Italy",4,"Median","42",2039,222,120,342
380,"Italy",4,"Median","43",2039,242,135,377
380,"Italy",4,"Median","44",2039,270,153,423
380,"Italy",4,"Median","45",2039,307,174,481
380,"Italy",4,"Median","46",2039,352,204,555
380,"Italy",4,"Median","47",2039,395,234,630
380,"Italy",4,"Median","48",2039,439,262,701
380,"Italy",4,"Median","49",2039,485,292,777
380,"Italy",4,"Median","50",2039,543,328,871
380,"Italy",4,"Median","51",2039,592,356,948
380,"Italy",4,"Median","52",2039,642,383,1025
380,"Italy",4,"Median","53",2039,725,429,1154
380,"Italy",4,"Median","54",2039,812,483,1295
380,"Italy",4,"Median","55",2039,928,544,1472
380,"Italy",4,"Median","56",2039,1064,611,1675
380,"Italy",4,"Median","57",2039,1210,691,1901
380,"Italy",4,"Median","58",2039,1355,769,2124
380,"Italy",4,"Median","59",2039,1516,862,2378
380,"Italy",4,"Median","60",2039,1715,977,2692
380,"Italy",4,"Median","61",2039,1958,1096,3053
380,"Italy",4,"Median","62",2039,2222,1227,3448
380,"Italy",4,"Median","63",2039,2537,1408,3945
380,"Italy",4,"Median","64",2039,2850,1617,4466
380,"Italy",4,"Median","65",2039,3111,1795,4907
380,"Italy",4,"Median","66",2039,3437,1956,5394
380,"Italy",4,"Median","67",2039,3798,2137,5935
380,"Italy",4,"Median","68",2039,4117,2342,6459
380,"Italy",4,"Median","69",2039,4425,2564,6989
380,"Italy",4,"Median","70",2039,4879,2880,7759
380,"Italy",4,"Median","71",2039,5420,3247,8666
380,"Italy",4,"Median","72",2039,5920,3583,9502
380,"Italy",4,"Median","73",2039,6540,4006,10546
380,"Italy",4,"Median","74",2039,7106,4422,11529
380,"Italy",4,"Median","75",2039,7522,4788,12310
380,"Italy",4,"Median","76",2039,7914,5177,13092
380,"Italy",4,"Median","77",2039,8246,5618,13864
380,"Italy",4,"Median","78",2039,8811,6238,15049
380,"Italy",4,"Median","79",2039,9627,6994,16621
380,"Italy",4,"Median","80",2039,10243,7706,17948
380,"Italy",4,"Median","81",2039,10858,8562,19419
380,"Italy",4,"Median","82",2039,11758,9695,21452
380,"Italy",4,"Median","83",2039,12890,11056,23946
380,"Italy",4,"Median","84",2039,13572,12133,25706
380,"Italy",4,"Median","85",2039,14281,13265,27546
380,"Italy",4,"Median","86",2039,14988,14474,29462
380,"Italy",4,"Median","87",2039,15676,15875,31552
380,"Italy",4,"Median","88",2039,16402,17542,33944
380,"Italy",4,"Median","89",2039,16823,19124,35947
380,"Italy",4,"Median","90",2039,16732,20211,36943
380,"Italy",4,"Median","91",2039,15925,20434,36359
380,"Italy",4,"Median","92",2039,14245,19428,33672
380,"Italy",4,"Median","93",2039,11784,17221,29005
380,"Italy",4,"Median","94",2039,9562,15218,24781
380,"Italy",4,"Median","95",2039,7841,13643,21485
380,"Italy",4,"Median","96",2039,6288,11903,18190
380,"Italy",4,"Median","97",2039,5106,10541,15647
380,"Italy",4,"Median","98",2039,3994,8988,12982
380,"Italy",4,"Median","99",2039,2887,7064,9951
380,"Italy",4,"Median","100",2039,952,2188,3140
380,"Italy",4,"Median","101",2039,781,1944,2725
380,"Italy",4,"Median","102",2039,641,1728,2369
380,"Italy",4,"Median","103",2039,525,1535,2060
380,"Italy",4,"Median","104",2039,431,1364,1795
380,"Italy",4,"Median","105",2039,353,1212,1565
380,"Italy",4,"Median","106",2039,290,1077,1367
380,"Italy",4,"Median","107",2039,238,957,1195
380,"Italy",4,"Median","108",2039,195,851,1046
380,"Italy",4,"Median","109",2039,160,756,916
380,"Italy",4,"Median","110",2039,131,672,803
380,"Italy",4,"Median","0",2040,285,235,520
380,"Italy",4,"Median","1",2040,27,22,49
380,"Italy",4,"Median","2",2040,10,8,19
380,"Italy",4,"Median","3",2040,10,7,18
380,"Italy",4,"Median","4",2040,9,7,16
380,"Italy",4,"Median","5",2040,7,6,14
380,"Italy",4,"Median","6",2040,7,6,12
380,"Italy",4,"Median","7",2040,7,5,12
380,"Italy",4,"Median","8",2040,8,5,13
380,"Italy",4,"Median","9",2040,8,6,14
380,"Italy",4,"Median","10",2040,9,6,15
380,"Italy",4,"Median","11",2040,9,6,15
380,"Italy",4,"Median","12",2040,10,7,16
380,"Italy",4,"Median","13",2040,12,8,19
380,"Italy",4,"Median","14",2040,15,9,24
380,"Italy",4,"Median","15",2040,21,11,31
380,"Italy",4,"Median","16",2040,28,12,40
380,"Italy",4,"Median","17",2040,37,14,52
380,"Italy",4,"Median","18",2040,47,16,63
380,"Italy",4,"Median","19",2040,53,18,71
380,"Italy",4,"Median","20",2040,58,20,78
380,"Italy",4,"Median","21",2040,65,23,88
380,"Italy",4,"Median","22",2040,70,24,94
380,"Italy",4,"Median","23",2040,73,24,97
380,"Italy",4,"Median","24",2040,77,27,105
380,"Italy",4,"Median","25",2040,82,32,114
380,"Italy",4,"Median","26",2040,85,33,119
380,"Italy",4,"Median","27",2040,87,33,120
380,"Italy",4,"Median","28",2040,88,34,122
380,"Italy",4,"Median","29",2040,90,36,126
380,"Italy",4,"Median","30",2040,97,38,135
380,"Italy",4,"Median","31",2040,105,42,147
380,"Italy",4,"Median","32",2040,112,47,159
380,"Italy",4,"Median","33",2040,116,52,168
380,"Italy",4,"Median","34",2040,120,56,176
380,"Italy",4,"Median","35",2040,125,61,186
380,"Italy",4,"Median","36",2040,130,68,198
380,"Italy",4,"Median","37",2040,135,75,210
380,"Italy",4,"Median","38",2040,145,82,227
380,"Italy",4,"Median","39",2040,163,90,253
380,"Italy",4,"Median","40",2040,182,96,278
380,"Italy",4,"Median","41",2040,202,105,307
380,"Italy",4,"Median","42",2040,220,116,336
380,"Italy",4,"Median","43",2040,237,130,367
380,"Italy",4,"Median","44",2040,265,147,412
380,"Italy",4,"Median","45",2040,298,166,464
380,"Italy",4,"Median","46",2040,333,190,523
380,"Italy",4,"Median","47",2040,377,221,598
380,"Italy",4,"Median","48",2040,423,252,676
380,"Italy",4,"Median","49",2040,474,282,756
380,"Italy",4,"Median","50",2040,529,316,844
380,"Italy",4,"Median","51",2040,594,355,949
380,"Italy",4,"Median","52",2040,645,382,1026
380,"Italy",4,"Median","53",2040,694,410,1104
380,"Italy",4,"Median","54",2040,778,462,1240
380,"Italy",4,"Median","55",2040,886,518,1404
380,"Italy",4,"Median","56",2040,1014,580,1595
380,"Italy",4,"Median","57",2040,1149,652,1801
380,"Italy",4,"Median","58",2040,1298,741,2040
380,"Italy",4,"Median","59",2040,1460,828,2288
380,"Italy",4,"Median","60",2040,1634,920,2554
380,"Italy",4,"Median","61",2040,1844,1029,2874
380,"Italy",4,"Median","62",2040,2093,1151,3245
380,"Italy",4,"Median","63",2040,2391,1322,3713
380,"Italy",4,"Median","64",2040,2707,1526,4233
380,"Italy",4,"Median","65",2040,3006,1728,4734
380,"Italy",4,"Median","66",2040,3352,1899,5251
380,"Italy",4,"Median","67",2040,3702,2060,5762
380,"Italy",4,"Median","68",2040,4032,2278,6310
380,"Italy",4,"Median","69",2040,4350,2519,6869
380,"Italy",4,"Median","70",2040,4730,2779,7508
380,"Italy",4,"Median","71",2040,5281,3148,8429
380,"Italy",4,"Median","72",2040,5833,3528,9361
380,"Italy",4,"Median","73",2040,6359,3887,10246
380,"Italy",4,"Median","74",2040,6990,4329,11318
380,"Italy",4,"Median","75",2040,7578,4785,12364
380,"Italy",4,"Median","76",2040,8007,5210,13217
380,"Italy",4,"Median","77",2040,8462,5714,14177
380,"Italy",4,"Median","78",2040,8868,6241,15110
380,"Italy",4,"Median","79",2040,9619,6986,16605
380,"Italy",4,"Median","80",2040,10530,7867,18397
380,"Italy",4,"Median","81",2040,11188,8757,19945
380,"Italy",4,"Median","82",2040,11791,9693,21485
380,"Italy",4,"Median","83",2040,12764,10884,23649
380,"Italy",4,"Median","84",2040,13963,12343,26306
380,"Italy",4,"Median","85",2040,14597,13495,28092
380,"Italy",4,"Median","86",2040,15164,14643,29807
380,"Italy",4,"Median","87",2040,15649,15799,31449
380,"Italy",4,"Median","88",2040,16176,17208,33384
380,"Italy",4,"Median","89",2040,16542,18643,35184
380,"Italy",4,"Median","90",2040,16458,19745,36203
380,"Italy",4,"Median","91",2040,15981,20376,36357
380,"Italy",4,"Median","92",2040,14830,20100,34931
380,"Italy",4,"Median","93",2040,13008,18837,31845
380,"Italy",4,"Median","94",2040,10419,16304,26723
380,"Italy",4,"Median","95",2040,8190,14001,22190
380,"Italy",4,"Median","96",2040,6501,12132,18633
380,"Italy",4,"Median","97",2040,5002,10174,15176
380,"Italy",4,"Median","98",2040,3879,8638,12517
380,"Italy",4,"Median","99",2040,2910,7061,9971
380,"Italy",4,"Median","100",2040,1017,2306,3323
380,"Italy",4,"Median","101",2040,832,2041,2873
380,"Italy",4,"Median","102",2040,680,1806,2486
380,"Italy",4,"Median","103",2040,556,1599,2155
380,"Italy",4,"Median","104",2040,454,1415,1869
380,"Italy",4,"Median","105",2040,371,1252,1623
380,"Italy",4,"Median","106",2040,304,1109,1413
380,"Italy",4,"Median","107",2040,248,981,1229
380,"Italy",4,"Median","108",2040,203,868,1071
380,"Italy",4,"Median","109",2040,166,769,935
380,"Italy",4,"Median","110",2040,136,680,816
380,"Italy",4,"Median","0",2041,277,227,504
380,"Italy",4,"Median","1",2041,26,22,48
380,"Italy",4,"Median","2",2041,10,8,18
380,"Italy",4,"Median","3",2041,10,7,17
380,"Italy",4,"Median","4",2041,9,7,16
380,"Italy",4,"Median","5",2041,7,6,14
380,"Italy",4,"Median","6",2041,7,5,12
380,"Italy",4,"Median","7",2041,7,5,12
380,"Italy",4,"Median","8",2041,8,5,13
380,"Italy",4,"Median","9",2041,8,6,14
380,"Italy",4,"Median","10",2041,9,6,15
380,"Italy",4,"Median","11",2041,9,6,15
380,"Italy",4,"Median","12",2041,9,6,16
380,"Italy",4,"Median","13",2041,11,7,19
380,"Italy",4,"Median","14",2041,15,9,24
380,"Italy",4,"Median","15",2041,20,10,30
380,"Italy",4,"Median","16",2041,27,12,39
380,"Italy",4,"Median","17",2041,36,14,50
380,"Italy",4,"Median","18",2041,45,15,60
380,"Italy",4,"Median","19",2041,52,17,69
380,"Italy",4,"Median","20",2041,56,19,75
380,"Italy",4,"Median","21",2041,62,22,84
380,"Italy",4,"Median","22",2041,66,22,89
380,"Italy",4,"Median","23",2041,70,22,92
380,"Italy",4,"Median","24",2041,74,26,100
380,"Italy",4,"Median","25",2041,79,31,109
380,"Italy",4,"Median","26",2041,82,32,114
380,"Italy",4,"Median","27",2041,84,31,115
380,"Italy",4,"Median","28",2041,84,32,116
380,"Italy",4,"Median","29",2041,87,34,121
380,"Italy",4,"Median","30",2041,93,37,130
380,"Italy",4,"Median","31",2041,102,41,142
380,"Italy",4,"Median","32",2041,109,46,155
380,"Italy",4,"Median","33",2041,114,50,165
380,"Italy",4,"Median","34",2041,119,55,174
380,"Italy",4,"Median","35",2041,124,60,184
380,"Italy",4,"Median","36",2041,130,67,197
380,"Italy",4,"Median","37",2041,136,75,211
380,"Italy",4,"Median","38",2041,144,82,226
380,"Italy",4,"Median","39",2041,158,88,246
380,"Italy",4,"Median","40",2041,177,95,272
380,"Italy",4,"Median","41",2041,197,104,301
380,"Italy",4,"Median","42",2041,216,114,329
380,"Italy",4,"Median","43",2041,234,127,361
380,"Italy",4,"Median","44",2041,260,142,402
380,"Italy",4,"Median","45",2041,292,160,452
380,"Italy",4,"Median","46",2041,323,181,505
380,"Italy",4,"Median","47",2041,357,207,564
380,"Italy",4,"Median","48",2041,404,238,642
380,"Italy",4,"Median","49",2041,458,271,730
380,"Italy",4,"Median","50",2041,517,305,822
380,"Italy",4,"Median","51",2041,580,341,921
380,"Italy",4,"Median","52",2041,648,380,1028
380,"Italy",4,"Median","53",2041,698,409,1107
380,"Italy",4,"Median","54",2041,746,442,1187
380,"Italy",4,"Median","55",2041,850,495,1346
380,"Italy",4,"Median","56",2041,971,553,1524
380,"Italy",4,"Median","57",2041,1097,620,1716
380,"Italy",4,"Median","58",2041,1235,699,1934
380,"Italy",4,"Median","59",2041,1402,798,2200
380,"Italy",4,"Median","60",2041,1576,884,2460
380,"Italy",4,"Median","61",2041,1760,969,2730
380,"Italy",4,"Median","62",2041,1975,1081,3057
380,"Italy",4,"Median","63",2041,2257,1241,3498
380,"Italy",4,"Median","64",2041,2556,1433,3989
380,"Italy",4,"Median","65",2041,2860,1630,4490
380,"Italy",4,"Median","66",2041,3244,1828,5072
380,"Italy",4,"Median","67",2041,3616,2000,5615
380,"Italy",4,"Median","68",2041,3937,2195,6132
380,"Italy",4,"Median","69",2041,4268,2450,6717
380,"Italy",4,"Median","70",2041,4658,2730,7388
380,"Italy",4,"Median","71",2041,5131,3038,8168
380,"Italy",4,"Median","72",2041,5694,3421,9115
380,"Italy",4,"Median","73",2041,6278,3828,10107
380,"Italy",4,"Median","74",2041,6810,4201,11011
380,"Italy",4,"Median","75",2041,7470,4685,12154
380,"Italy",4,"Median","76",2041,8084,5208,13291
380,"Italy",4,"Median","77",2041,8582,5753,14334
380,"Italy",4,"Median","78",2041,9123,6351,15474
380,"Italy",4,"Median","79",2041,9708,6995,16703
380,"Italy",4,"Median","80",2041,10549,7866,18415
380,"Italy",4,"Median","81",2041,11536,8952,20488
380,"Italy",4,"Median","82",2041,12185,9927,22112
380,"Italy",4,"Median","83",2041,12838,10898,23737
380,"Italy",4,"Median","84",2041,13869,12170,26038
380,"Italy",4,"Median","85",2041,15063,13751,28814
380,"Italy",4,"Median","86",2041,15548,14924,30472
380,"Italy",4,"Median","87",2041,15882,16014,31895
380,"Italy",4,"Median","88",2041,16200,17161,33361
380,"Italy",4,"Median","89",2041,16363,18324,34687
380,"Italy",4,"Median","90",2041,16231,19285,35516
380,"Italy",4,"Median","91",2041,15766,19946,35712
380,"Italy",4,"Median","92",2041,14924,20082,35006
380,"Italy",4,"Median","93",2041,13584,19533,33117
380,"Italy",4,"Median","94",2041,11534,17873,29407
380,"Italy",4,"Median","95",2041,8949,15032,23981
380,"Italy",4,"Median","96",2041,6809,12478,19287
380,"Italy",4,"Median","97",2041,5185,10392,15578
380,"Italy",4,"Median","98",2041,3810,8355,12164
380,"Italy",4,"Median","99",2041,2833,6799,9631
380,"Italy",4,"Median","100",2041,1057,2372,3429
380,"Italy",4,"Median","101",2041,864,2098,2962
380,"Italy",4,"Median","102",2041,706,1855,2561
380,"Italy",4,"Median","103",2041,577,1641,2218
380,"Italy",4,"Median","104",2041,472,1451,1923
380,"Italy",4,"Median","105",2041,386,1283,1669
380,"Italy",4,"Median","106",2041,315,1135,1450
380,"Italy",4,"Median","107",2041,258,1003,1261
380,"Italy",4,"Median","108",2041,211,887,1098
380,"Italy",4,"Median","109",2041,172,785,957
380,"Italy",4,"Median","110",2041,141,694,835
380,"Italy",4,"Median","0",2042,269,219,488
380,"Italy",4,"Median","1",2042,25,21,46
380,"Italy",4,"Median","2",2042,10,8,18
380,"Italy",4,"Median","3",2042,10,7,17
380,"Italy",4,"Median","4",2042,9,7,16
380,"Italy",4,"Median","5",2042,7,6,13
380,"Italy",4,"Median","6",2042,7,5,12
380,"Italy",4,"Median","7",2042,7,5,12
380,"Italy",4,"Median","8",2042,7,5,12
380,"Italy",4,"Median","9",2042,8,5,14
380,"Italy",4,"Median","10",2042,9,6,15
380,"Italy",4,"Median","11",2042,9,6,15
380,"Italy",4,"Median","12",2042,9,6,15
380,"Italy",4,"Median","13",2042,11,7,18
380,"Italy",4,"Median","14",2042,14,9,23
380,"Italy",4,"Median","15",2042,20,10,30
380,"Italy",4,"Median","16",2042,26,12,38
380,"Italy",4,"Median","17",2042,35,13,48
380,"Italy",4,"Median","18",2042,43,15,58
380,"Italy",4,"Median","19",2042,49,16,66
380,"Italy",4,"Median","20",2042,55,18,73
380,"Italy",4,"Median","21",2042,60,22,82
380,"Italy",4,"Median","22",2042,63,21,84
380,"Italy",4,"Median","23",2042,66,21,87
380,"Italy",4,"Median","24",2042,71,25,95
380,"Italy",4,"Median","25",2042,76,30,105
380,"Italy",4,"Median","26",2042,79,31,110
380,"Italy",4,"Median","27",2042,81,30,111
380,"Italy",4,"Median","28",2042,81,31,111
380,"Italy",4,"Median","29",2042,83,33,116
380,"Italy",4,"Median","30",2042,89,35,125
380,"Italy",4,"Median","31",2042,98,39,137
380,"Italy",4,"Median","32",2042,106,44,150
380,"Italy",4,"Median","33",2042,111,49,161
380,"Italy",4,"Median","34",2042,117,54,170
380,"Italy",4,"Median","35",2042,122,59,182
380,"Italy",4,"Median","36",2042,128,66,195
380,"Italy",4,"Median","37",2042,136,75,210
380,"Italy",4,"Median","38",2042,144,82,227
380,"Italy",4,"Median","39",2042,157,88,244
380,"Italy",4,"Median","40",2042,172,93,265
380,"Italy",4,"Median","41",2042,192,102,294
380,"Italy",4,"Median","42",2042,210,113,323
380,"Italy",4,"Median","43",2042,230,124,354
380,"Italy",4,"Median","44",2042,257,138,395
380,"Italy",4,"Median","45",2042,287,155,442
380,"Italy",4,"Median","46",2042,317,175,492
380,"Italy",4,"Median","47",2042,347,197,544
380,"Italy",4,"Median","48",2042,383,222,605
380,"Italy",4,"Median","49",2042,438,256,694
380,"Italy",4,"Median","50",2042,501,293,794
380,"Italy",4,"Median","51",2042,568,329,897
380,"Italy",4,"Median","52",2042,632,365,998
380,"Italy",4,"Median","53",2042,702,407,1109
380,"Italy",4,"Median","54",2042,750,440,1190
380,"Italy",4,"Median","55",2042,815,474,1289
380,"Italy",4,"Median","56",2042,932,529,1460
380,"Italy",4,"Median","57",2042,1050,591,1640
380,"Italy",4,"Median","58",2042,1179,664,1844
380,"Italy",4,"Median","59",2042,1334,753,2086
380,"Italy",4,"Median","60",2042,1514,852,2366
380,"Italy",4,"Median","61",2042,1699,931,2630
380,"Italy",4,"Median","62",2042,1885,1018,2903
380,"Italy",4,"Median","63",2042,2130,1166,3296
380,"Italy",4,"Median","64",2042,2413,1345,3758
380,"Italy",4,"Median","65",2042,2701,1530,4231
380,"Italy",4,"Median","66",2042,3087,1725,4812
380,"Italy",4,"Median","67",2042,3500,1924,5424
380,"Italy",4,"Median","68",2042,3846,2131,5977
380,"Italy",4,"Median","69",2042,4167,2360,6528
380,"Italy",4,"Median","70",2042,4570,2655,7225
380,"Italy",4,"Median","71",2042,5055,2986,8041
380,"Italy",4,"Median","72",2042,5534,3302,8835
380,"Italy",4,"Median","73",2042,6131,3713,9844
380,"Italy",4,"Median","74",2042,6725,4138,10863
380,"Italy",4,"Median","75",2042,7280,4547,11827
380,"Italy",4,"Median","76",2042,7970,5099,13069
380,"Italy",4,"Median","77",2042,8669,5754,14422
380,"Italy",4,"Median","78",2042,9258,6398,15655
380,"Italy",4,"Median","79",2042,9996,7125,17121
380,"Italy",4,"Median","80",2042,10657,7884,18542
380,"Italy",4,"Median","81",2042,11572,8963,20535
380,"Italy",4,"Median","82",2042,12581,10162,22743
380,"Italy",4,"Median","83",2042,13287,11177,24463
380,"Italy",4,"Median","84",2042,13971,12205,26176
380,"Italy",4,"Median","85",2042,14987,13581,28568
380,"Italy",4,"Median","86",2042,16073,15234,31307
380,"Italy",4,"Median","87",2042,16315,16352,32667
380,"Italy",4,"Median","88",2042,16474,17429,33903
380,"Italy",4,"Median","89",2042,16420,18311,34731
380,"Italy",4,"Median","90",2042,16087,18992,35078
380,"Italy",4,"Median","91",2042,15580,19522,35102
380,"Italy",4,"Median","92",2042,14752,19696,34448
380,"Italy",4,"Median","93",2042,13701,19560,33260
380,"Italy",4,"Median","94",2042,12071,18574,30644
380,"Italy",4,"Median","95",2042,9928,16516,26444
380,"Italy",4,"Median","96",2042,7457,13429,20886
380,"Italy",4,"Median","97",2042,5443,10713,16155
380,"Italy",4,"Median","98",2042,3957,8552,12509
380,"Italy",4,"Median","99",2042,2787,6590,9377
380,"Italy",4,"Median","100",2042,1053,2345,3398
380,"Italy",4,"Median","101",2042,865,2082,2947
380,"Italy",4,"Median","102",2042,711,1849,2560
380,"Italy",4,"Median","103",2042,584,1642,2226
380,"Italy",4,"Median","104",2042,480,1458,1938
380,"Italy",4,"Median","105",2042,395,1295,1690
380,"Italy",4,"Median","106",2042,324,1150,1474
380,"Italy",4,"Median","107",2042,267,1021,1288
380,"Italy",4,"Median","108",2042,219,907,1126
380,"Italy",4,"Median","109",2042,180,805,985
380,"Italy",4,"Median","110",2042,148,715,863
380,"Italy",4,"Median","0",2043,263,213,475
380,"Italy",4,"Median","1",2043,25,20,45
380,"Italy",4,"Median","2",2043,10,7,17
380,"Italy",4,"Median","3",2043,9,7,16
380,"Italy",4,"Median","4",2043,9,7,15
380,"Italy",4,"Median","5",2043,7,6,13
380,"Italy",4,"Median","6",2043,7,5,12
380,"Italy",4,"Median","7",2043,7,5,12
380,"Italy",4,"Median","8",2043,7,5,12
380,"Italy",4,"Median","9",2043,8,5,13
380,"Italy",4,"Median","10",2043,9,6,14
380,"Italy",4,"Median","11",2043,9,6,14
380,"Italy",4,"Median","12",2043,9,6,15
380,"Italy",4,"Median","13",2043,11,7,18
380,"Italy",4,"Median","14",2043,14,8,22
380,"Italy",4,"Median","15",2043,19,10,29
380,"Italy",4,"Median","16",2043,26,11,37
380,"Italy",4,"Median","17",2043,34,13,47
380,"Italy",4,"Median","18",2043,42,14,57
380,"Italy",4,"Median","19",2043,48,16,63
380,"Italy",4,"Median","20",2043,52,18,70
380,"Italy",4,"Median","21",2043,59,21,80
380,"Italy",4,"Median","22",2043,62,21,82
380,"Italy",4,"Median","23",2043,63,20,83
380,"Italy",4,"Median","24",2043,67,23,90
380,"Italy",4,"Median","25",2043,72,28,100
380,"Italy",4,"Median","26",2043,77,30,106
380,"Italy",4,"Median","27",2043,78,29,107
380,"Italy",4,"Median","28",2043,78,29,108
380,"Italy",4,"Median","29",2043,80,31,111
380,"Italy",4,"Median","30",2043,86,34,120
380,"Italy",4,"Median","31",2043,95,37,132
380,"Italy",4,"Median","32",2043,102,43,145
380,"Italy",4,"Median","33",2043,108,47,156
380,"Italy",4,"Median","34",2043,114,52,167
380,"Italy",4,"Median","35",2043,120,58,179
380,"Italy",4,"Median","36",2043,127,65,193
380,"Italy",4,"Median","37",2043,135,74,208
380,"Italy",4,"Median","38",2043,144,82,226
380,"Italy",4,"Median","39",2043,158,88,246
380,"Italy",4,"Median","40",2043,171,93,264
380,"Italy",4,"Median","41",2043,187,100,287
380,"Italy",4,"Median","42",2043,205,111,317
380,"Italy",4,"Median","43",2043,225,123,348
380,"Italy",4,"Median","44",2043,253,136,389
380,"Italy",4,"Median","45",2043,285,151,436
380,"Italy",4,"Median","46",2043,313,170,482
380,"Italy",4,"Median","47",2043,342,191,533
380,"Italy",4,"Median","48",2043,374,213,587
380,"Italy",4,"Median","49",2043,416,240,656
380,"Italy",4,"Median","50",2043,480,278,757
380,"Italy",4,"Median","51",2043,551,318,869
380,"Italy",4,"Median","52",2043,621,354,975
380,"Italy",4,"Median","53",2043,687,393,1080
380,"Italy",4,"Median","54",2043,757,440,1197
380,"Italy",4,"Median","55",2043,823,474,1297
380,"Italy",4,"Median","56",2043,896,507,1403
380,"Italy",4,"Median","57",2043,1011,566,1577
380,"Italy",4,"Median","58",2043,1132,635,1767
380,"Italy",4,"Median","59",2043,1278,718,1995
380,"Italy",4,"Median","60",2043,1445,807,2251
380,"Italy",4,"Median","61",2043,1637,900,2537
380,"Italy",4,"Median","62",2043,1825,981,2805
380,"Italy",4,"Median","63",2043,2040,1101,3141
380,"Italy",4,"Median","64",2043,2286,1268,3553
380,"Italy",4,"Median","65",2043,2558,1441,3999
380,"Italy",4,"Median","66",2043,2925,1625,4550
380,"Italy",4,"Median","67",2043,3341,1822,5163
380,"Italy",4,"Median","68",2043,3736,2057,5793
380,"Italy",4,"Median","69",2043,4084,2299,6384
380,"Italy",4,"Median","70",2043,4479,2567,7046
380,"Italy",4,"Median","71",2043,4979,2914,7893
380,"Italy",4,"Median","72",2043,5472,3256,8728
380,"Italy",4,"Median","73",2043,5980,3597,9576
380,"Italy",4,"Median","74",2043,6592,4027,10619
380,"Italy",4,"Median","75",2043,7216,4495,11711
380,"Italy",4,"Median","76",2043,7797,4968,12764
380,"Italy",4,"Median","77",2043,8581,5656,14237
380,"Italy",4,"Median","78",2043,9389,6424,15814
380,"Italy",4,"Median","79",2043,10186,7207,17393
380,"Italy",4,"Median","80",2043,11019,8064,19083
380,"Italy",4,"Median","81",2043,11742,9022,20764
380,"Italy",4,"Median","82",2043,12674,10217,22890
380,"Italy",4,"Median","83",2043,13775,11489,25264
380,"Italy",4,"Median","84",2043,14519,12569,27088
380,"Italy",4,"Median","85",2043,15160,13676,28836
380,"Italy",4,"Median","86",2043,16057,15107,31163
380,"Italy",4,"Median","87",2043,16933,16758,33691
380,"Italy",4,"Median","88",2043,16990,17867,34857
380,"Italy",4,"Median","89",2043,16759,18666,35426
380,"Italy",4,"Median","90",2043,16200,19045,35245
380,"Italy",4,"Median","91",2043,15495,19292,34787
380,"Italy",4,"Median","92",2043,14626,19340,33966
380,"Italy",4,"Median","93",2043,13588,19250,32839
380,"Italy",4,"Median","94",2043,12214,18660,30873
380,"Italy",4,"Median","95",2043,10422,17217,27639
380,"Italy",4,"Median","96",2043,8297,14799,23097
380,"Italy",4,"Median","97",2043,5977,11562,17539
380,"Italy",4,"Median","98",2043,4164,8839,13003
380,"Italy",4,"Median","99",2043,2902,6762,9664
380,"Italy",4,"Median","100",2043,1024,2254,3278
380,"Italy",4,"Median","101",2043,849,2018,2867
380,"Italy",4,"Median","102",2043,705,1807,2512
380,"Italy",4,"Median","103",2043,585,1618,2203
380,"Italy",4,"Median","104",2043,485,1449,1934
380,"Italy",4,"Median","105",2043,403,1297,1700
380,"Italy",4,"Median","106",2043,334,1162,1496
380,"Italy",4,"Median","107",2043,277,1040,1317
380,"Italy",4,"Median","108",2043,230,931,1161
380,"Italy",4,"Median","109",2043,191,834,1025
380,"Italy",4,"Median","110",2043,158,747,905
380,"Italy",4,"Median","0",2044,253,204,457
380,"Italy",4,"Median","1",2044,24,20,44
380,"Italy",4,"Median","2",2044,9,7,17
380,"Italy",4,"Median","3",2044,9,7,16
380,"Italy",4,"Median","4",2044,8,6,15
380,"Italy",4,"Median","5",2044,7,6,13
380,"Italy",4,"Median","6",2044,6,5,11
380,"Italy",4,"Median","7",2044,7,5,11
380,"Italy",4,"Median","8",2044,7,5,12
380,"Italy",4,"Median","9",2044,8,5,13
380,"Italy",4,"Median","10",2044,8,6,14
380,"Italy",4,"Median","11",2044,8,6,14
380,"Italy",4,"Median","12",2044,9,6,15
380,"Italy",4,"Median","13",2044,10,7,17
380,"Italy",4,"Median","14",2044,14,8,22
380,"Italy",4,"Median","15",2044,19,10,28
380,"Italy",4,"Median","16",2044,25,11,36
380,"Italy",4,"Median","17",2044,33,13,46
380,"Italy",4,"Median","18",2044,41,14,55
380,"Italy",4,"Median","19",2044,46,15,61
380,"Italy",4,"Median","20",2044,50,17,67
380,"Italy",4,"Median","21",2044,56,20,76
380,"Italy",4,"Median","22",2044,60,20,80
380,"Italy",4,"Median","23",2044,61,19,80
380,"Italy",4,"Median","24",2044,63,22,86
380,"Italy",4,"Median","25",2044,68,26,94
380,"Italy",4,"Median","26",2044,72,28,100
380,"Italy",4,"Median","27",2044,75,28,102
380,"Italy",4,"Median","28",2044,75,28,103
380,"Italy",4,"Median","29",2044,77,30,107
380,"Italy",4,"Median","30",2044,82,32,114
380,"Italy",4,"Median","31",2044,90,36,126
380,"Italy",4,"Median","32",2044,98,41,138
380,"Italy",4,"Median","33",2044,104,45,149
380,"Italy",4,"Median","34",2044,110,50,161
380,"Italy",4,"Median","35",2044,117,57,174
380,"Italy",4,"Median","36",2044,124,64,189
380,"Italy",4,"Median","37",2044,133,73,205
380,"Italy",4,"Median","38",2044,143,81,223
380,"Italy",4,"Median","39",2044,157,88,244
380,"Italy",4,"Median","40",2044,171,93,264
380,"Italy",4,"Median","41",2044,184,100,284
380,"Italy",4,"Median","42",2044,198,109,307
380,"Italy",4,"Median","43",2044,218,121,339
380,"Italy",4,"Median","44",2044,246,134,380
380,"Italy",4,"Median","45",2044,279,148,427
380,"Italy",4,"Median","46",2044,308,165,473
380,"Italy",4,"Median","47",2044,334,185,519
380,"Italy",4,"Median","48",2044,365,205,571
380,"Italy",4,"Median","49",2044,403,229,632
380,"Italy",4,"Median","50",2044,453,259,712
380,"Italy",4,"Median","51",2044,524,300,824
380,"Italy",4,"Median","52",2044,599,340,939
380,"Italy",4,"Median","53",2044,670,379,1050
380,"Italy",4,"Median","54",2044,736,423,1159
380,"Italy",4,"Median","55",2044,824,472,1296
380,"Italy",4,"Median","56",2044,898,506,1404
380,"Italy",4,"Median","57",2044,965,542,1507
380,"Italy",4,"Median","58",2044,1083,607,1690
380,"Italy",4,"Median","59",2044,1218,684,1902
380,"Italy",4,"Median","60",2044,1375,766,2141
380,"Italy",4,"Median","61",2044,1551,849,2401
380,"Italy",4,"Median","62",2044,1746,945,2690
380,"Italy",4,"Median","63",2044,1962,1057,3019
380,"Italy",4,"Median","64",2044,2174,1193,3367
380,"Italy",4,"Median","65",2044,2405,1353,3759
380,"Italy",4,"Median","66",2044,2751,1524,4276
380,"Italy",4,"Median","67",2044,3144,1709,4853
380,"Italy",4,"Median","68",2044,3541,1940,5481
380,"Italy",4,"Median","69",2044,3939,2212,6151
380,"Italy",4,"Median","70",2044,4359,2491,6850
380,"Italy",4,"Median","71",2044,4846,2808,7654
380,"Italy",4,"Median","72",2044,5352,3167,8519
380,"Italy",4,"Median","73",2044,5872,3535,9407
380,"Italy",4,"Median","74",2044,6385,3887,10272
380,"Italy",4,"Median","75",2044,7024,4360,11384
380,"Italy",4,"Median","76",2044,7676,4894,12570
380,"Italy",4,"Median","77",2044,8340,5492,13833
380,"Italy",4,"Median","78",2044,9236,6296,15532
380,"Italy",4,"Median","79",2044,10270,7218,17487
380,"Italy",4,"Median","80",2044,11166,8136,19302
380,"Italy",4,"Median","81",2044,12079,9209,21288
380,"Italy",4,"Median","82",2044,12798,10265,23063
380,"Italy",4,"Median","83",2044,13815,11531,25346
380,"Italy",4,"Median","84",2044,14993,12901,27894
380,"Italy",4,"Median","85",2044,15699,14068,29766
380,"Italy",4,"Median","86",2044,16192,15199,31391
380,"Italy",4,"Median","87",2044,16870,16607,33477
380,"Italy",4,"Median","88",2044,17594,18306,35900
380,"Italy",4,"Median","89",2044,17252,19132,36384
380,"Italy",4,"Median","90",2044,16507,19413,35920
380,"Italy",4,"Median","91",2044,15584,19349,34933
380,"Italy",4,"Median","92",2044,14530,19115,33645
380,"Italy",4,"Median","93",2044,13465,18915,32380
380,"Italy",4,"Median","94",2044,12109,18377,30486
380,"Italy",4,"Median","95",2044,10544,17312,27856
380,"Italy",4,"Median","96",2044,8711,15443,24155
380,"Italy",4,"Median","97",2044,6653,12757,19410
380,"Italy",4,"Median","98",2044,4575,9551,14127
380,"Italy",4,"Median","99",2044,3056,6997,10053
380,"Italy",4,"Median","100",2044,1006,2186,3192
380,"Italy",4,"Median","101",2044,843,1974,2817
380,"Italy",4,"Median","102",2044,707,1783,2490
380,"Italy",4,"Median","103",2044,593,1610,2203
380,"Italy",4,"Median","104",2044,497,1454,1951
380,"Italy",4,"Median","105",2044,416,1313,1729
380,"Italy",4,"Median","106",2044,349,1186,1535
380,"Italy",4,"Median","107",2044,293,1071,1364
380,"Italy",4,"Median","108",2044,245,967,1212
380,"Italy",4,"Median","109",2044,206,874,1080
380,"Italy",4,"Median","110",2044,172,789,961
380,"Italy",4,"Median","0",2045,244,196,440
380,"Italy",4,"Median","1",2045,23,19,42
380,"Italy",4,"Median","2",2045,9,7,16
380,"Italy",4,"Median","3",2045,9,6,15
380,"Italy",4,"Median","4",2045,8,6,14
380,"Italy",4,"Median","5",2045,7,6,12
380,"Italy",4,"Median","6",2045,6,5,11
380,"Italy",4,"Median","7",2045,6,5,11
380,"Italy",4,"Median","8",2045,7,5,12
380,"Italy",4,"Median","9",2045,8,5,13
380,"Italy",4,"Median","10",2045,8,6,14
380,"Italy",4,"Median","11",2045,8,6,14
380,"Italy",4,"Median","12",2045,8,6,14
380,"Italy",4,"Median","13",2045,10,7,17
380,"Italy",4,"Median","14",2045,13,8,21
380,"Italy",4,"Median","15",2045,18,9,27
380,"Italy",4,"Median","16",2045,24,11,35
380,"Italy",4,"Median","17",2045,32,12,45
380,"Italy",4,"Median","18",2045,40,14,53
380,"Italy",4,"Median","19",2045,45,15,60
380,"Italy",4,"Median","20",2045,49,16,65
380,"Italy",4,"Median","21",2045,54,19,73
380,"Italy",4,"Median","22",2045,57,19,76
380,"Italy",4,"Median","23",2045,59,19,78
380,"Italy",4,"Median","24",2045,62,21,83
380,"Italy",4,"Median","25",2045,65,25,90
380,"Italy",4,"Median","26",2045,68,26,95
380,"Italy",4,"Median","27",2045,71,26,97
380,"Italy",4,"Median","28",2045,72,27,99
380,"Italy",4,"Median","29",2045,74,29,102
380,"Italy",4,"Median","30",2045,79,31,110
380,"Italy",4,"Median","31",2045,86,34,120
380,"Italy",4,"Median","32",2045,93,39,132
380,"Italy",4,"Median","33",2045,100,44,143
380,"Italy",4,"Median","34",2045,106,48,154
380,"Italy",4,"Median","35",2045,114,55,168
380,"Italy",4,"Median","36",2045,122,62,184
380,"Italy",4,"Median","37",2045,130,71,201
380,"Italy",4,"Median","38",2045,141,79,220
380,"Italy",4,"Median","39",2045,155,86,242
380,"Italy",4,"Median","40",2045,171,92,263
380,"Italy",4,"Median","41",2045,185,100,285
380,"Italy",4,"Median","42",2045,197,108,305
380,"Italy",4,"Median","43",2045,212,119,330
380,"Italy",4,"Median","44",2045,240,132,372
380,"Italy",4,"Median","45",2045,272,146,418
380,"Italy",4,"Median","46",2045,303,161,464
380,"Italy",4,"Median","47",2045,331,179,510
380,"Italy",4,"Median","48",2045,359,198,557
380,"Italy",4,"Median","49",2045,396,221,616
380,"Italy",4,"Median","50",2045,440,247,688
380,"Italy",4,"Median","51",2045,497,280,777
380,"Italy",4,"Median","52",2045,572,322,893
380,"Italy",4,"Median","53",2045,648,365,1013
380,"Italy",4,"Median","54",2045,720,408,1129
380,"Italy",4,"Median","55",2045,804,454,1258
380,"Italy",4,"Median","56",2045,903,504,1407
380,"Italy",4,"Median","57",2045,971,540,1511
380,"Italy",4,"Median","58",2045,1038,581,1618
380,"Italy",4,"Median","59",2045,1169,653,1823
380,"Italy",4,"Median","60",2045,1315,730,2045
380,"Italy",4,"Median","61",2045,1481,807,2288
380,"Italy",4,"Median","62",2045,1660,891,2551
380,"Italy",4,"Median","63",2045,1883,1019,2902
380,"Italy",4,"Median","64",2045,2097,1146,3243
380,"Italy",4,"Median","65",2045,2296,1274,3569
380,"Italy",4,"Median","66",2045,2596,1432,4028
380,"Italy",4,"Median","67",2045,2967,1604,4571
380,"Italy",4,"Median","68",2045,3343,1821,5164
380,"Italy",4,"Median","69",2045,3747,2086,5833
380,"Italy",4,"Median","70",2045,4219,2396,6615
380,"Italy",4,"Median","71",2045,4735,2726,7461
380,"Italy",4,"Median","72",2045,5229,3052,8281
380,"Italy",4,"Median","73",2045,5766,3439,9204
380,"Italy",4,"Median","74",2045,6294,3821,10114
380,"Italy",4,"Median","75",2045,6830,4209,11038
380,"Italy",4,"Median","76",2045,7500,4747,12248
380,"Italy",4,"Median","77",2045,8245,5413,13658
380,"Italy",4,"Median","78",2045,9014,6117,15131
380,"Italy",4,"Median","79",2045,10146,7079,17225
380,"Italy",4,"Median","80",2045,11307,8155,19462
380,"Italy",4,"Median","81",2045,12296,9303,21599
380,"Italy",4,"Median","82",2045,13224,10490,23715
380,"Italy",4,"Median","83",2045,14013,11602,25615
380,"Italy",4,"Median","84",2045,15103,12969,28072
380,"Italy",4,"Median","85",2045,16283,14464,30747
380,"Italy",4,"Median","86",2045,16841,15663,32504
380,"Italy",4,"Median","87",2045,17086,16741,33827
380,"Italy",4,"Median","88",2045,17604,18178,35783
380,"Italy",4,"Median","89",2045,17938,19640,37579
380,"Italy",4,"Median","90",2045,17059,19936,36995
380,"Italy",4,"Median","91",2045,15941,19763,35704
380,"Italy",4,"Median","92",2045,14667,19209,33876
380,"Italy",4,"Median","93",2045,13427,18737,32165
380,"Italy",4,"Median","94",2045,12043,18097,30140
380,"Italy",4,"Median","95",2045,10490,17087,27577
380,"Italy",4,"Median","96",2045,8844,15564,24408
380,"Italy",4,"Median","97",2045,7007,13341,20348
380,"Italy",4,"Median","98",2045,5108,10560,15668
380,"Italy",4,"Median","99",2045,3367,7577,10943
380,"Italy",4,"Median","100",2045,1008,2151,3159
380,"Italy",4,"Median","101",2045,853,1957,2810
380,"Italy",4,"Median","102",2045,721,1782,2503
380,"Italy",4,"Median","103",2045,610,1621,2231
380,"Italy",4,"Median","104",2045,516,1476,1992
380,"Italy",4,"Median","105",2045,436,1343,1779
380,"Italy",4,"Median","106",2045,369,1223,1592
380,"Italy",4,"Median","107",2045,312,1113,1425
380,"Italy",4,"Median","108",2045,264,1013,1277
380,"Italy",4,"Median","109",2045,223,922,1145
380,"Italy",4,"Median","110",2045,189,839,1028
380,"Italy",4,"Median","0",2046,236,188,424
380,"Italy",4,"Median","1",2046,23,18,41
380,"Italy",4,"Median","2",2046,9,7,16
380,"Italy",4,"Median","3",2046,9,6,15
380,"Italy",4,"Median","4",2046,8,6,14
380,"Italy",4,"Median","5",2046,7,6,12
380,"Italy",4,"Median","6",2046,6,5,11
380,"Italy",4,"Median","7",2046,6,5,11
380,"Italy",4,"Median","8",2046,7,5,12
380,"Italy",4,"Median","9",2046,8,5,13
380,"Italy",4,"Median","10",2046,8,5,14
380,"Italy",4,"Median","11",2046,8,5,14
380,"Italy",4,"Median","12",2046,8,6,14
380,"Italy",4,"Median","13",2046,10,7,17
380,"Italy",4,"Median","14",2046,13,8,21
380,"Italy",4,"Median","15",2046,18,9,27
380,"Italy",4,"Median","16",2046,24,10,34
380,"Italy",4,"Median","17",2046,32,12,44
380,"Italy",4,"Median","18",2046,39,13,52
380,"Italy",4,"Median","19",2046,44,14,58
380,"Italy",4,"Median","20",2046,48,16,64
380,"Italy",4,"Median","21",2046,53,18,71
380,"Italy",4,"Median","22",2046,55,18,73
380,"Italy",4,"Median","23",2046,57,18,74
380,"Italy",4,"Median","24",2046,60,21,81
380,"Italy",4,"Median","25",2046,63,24,88
380,"Italy",4,"Median","26",2046,65,25,90
380,"Italy",4,"Median","27",2046,67,25,92
380,"Italy",4,"Median","28",2046,69,26,94
380,"Italy",4,"Median","29",2046,71,28,99
380,"Italy",4,"Median","30",2046,76,30,106
380,"Italy",4,"Median","31",2046,83,33,116
380,"Italy",4,"Median","32",2046,90,37,127
380,"Italy",4,"Median","33",2046,96,42,137
380,"Italy",4,"Median","34",2046,102,46,149
380,"Italy",4,"Median","35",2046,110,52,162
380,"Italy",4,"Median","36",2046,118,60,178
380,"Italy",4,"Median","37",2046,128,69,197
380,"Italy",4,"Median","38",2046,139,78,217
380,"Italy",4,"Median","39",2046,154,85,239
380,"Italy",4,"Median","40",2046,170,91,261
380,"Italy",4,"Median","41",2046,185,99,285
380,"Italy",4,"Median","42",2046,199,109,307
380,"Italy",4,"Median","43",2046,211,118,329
380,"Italy",4,"Median","44",2046,233,129,363
380,"Italy",4,"Median","45",2046,265,144,410
380,"Italy",4,"Median","46",2046,296,160,456
380,"Italy",4,"Median","47",2046,326,175,502
380,"Italy",4,"Median","48",2046,356,193,549
380,"Italy",4,"Median","49",2046,390,213,603
380,"Italy",4,"Median","50",2046,433,238,672
380,"Italy",4,"Median","51",2046,485,267,752
380,"Italy",4,"Median","52",2046,544,300,844
380,"Italy",4,"Median","53",2046,621,345,966
380,"Italy",4,"Median","54",2046,699,393,1092
380,"Italy",4,"Median","55",2046,790,438,1228
380,"Italy",4,"Median","56",2046,884,485,1368
380,"Italy",4,"Median","57",2046,979,538,1517
380,"Italy",4,"Median","58",2046,1047,579,1626
380,"Italy",4,"Median","59",2046,1124,625,1750
380,"Italy",4,"Median","60",2046,1267,698,1964
380,"Italy",4,"Median","61",2046,1422,769,2191
380,"Italy",4,"Median","62",2046,1590,846,2436
380,"Italy",4,"Median","63",2046,1798,961,2759
380,"Italy",4,"Median","64",2046,2021,1104,3125
380,"Italy",4,"Median","65",2046,2222,1223,3445
380,"Italy",4,"Median","66",2046,2486,1347,3834
380,"Italy",4,"Median","67",2046,2810,1506,4316
380,"Italy",4,"Median","68",2046,3167,1708,4875
380,"Italy",4,"Median","69",2046,3550,1957,5507
380,"Italy",4,"Median","70",2046,4028,2260,6288
380,"Italy",4,"Median","71",2046,4601,2623,7224
380,"Italy",4,"Median","72",2046,5127,2964,8091
380,"Italy",4,"Median","73",2046,5654,3314,8968
380,"Italy",4,"Median","74",2046,6202,3717,9920
380,"Italy",4,"Median","75",2046,6758,4137,10895
380,"Italy",4,"Median","76",2046,7321,4584,11904
380,"Italy",4,"Median","77",2046,8089,5254,13343
380,"Italy",4,"Median","78",2046,8947,6033,14980
380,"Italy",4,"Median","79",2046,9944,6885,16829
380,"Italy",4,"Median","80",2046,11218,8007,19225
380,"Italy",4,"Median","81",2046,12505,9338,21843
380,"Italy",4,"Median","82",2046,13518,10612,24131
380,"Italy",4,"Median","83",2046,14540,11874,26414
380,"Italy",4,"Median","84",2046,15383,13069,28452
380,"Italy",4,"Median","85",2046,16470,14564,31034
380,"Italy",4,"Median","86",2046,17539,16134,33672
380,"Italy",4,"Median","87",2046,17841,17284,35125
380,"Italy",4,"Median","88",2046,17900,18362,36262
380,"Italy",4,"Median","89",2046,18015,19542,37557
380,"Italy",4,"Median","90",2046,17800,20504,38304
380,"Italy",4,"Median","91",2046,16531,20337,36868
380,"Italy",4,"Median","92",2046,15052,19657,34709
380,"Italy",4,"Median","93",2046,13601,18873,32473
380,"Italy",4,"Median","94",2046,12047,17967,30014
380,"Italy",4,"Median","95",2046,10465,16864,27329
380,"Italy",4,"Median","96",2046,8825,15397,24222
380,"Italy",4,"Median","97",2046,7134,13475,20609
380,"Italy",4,"Median","98",2046,5393,11067,16460
380,"Italy",4,"Median","99",2046,3767,8394,12161
380,"Italy",4,"Median","100",2046,1056,2201,3257
380,"Italy",4,"Median","101",2046,897,2011,2908
380,"Italy",4,"Median","102",2046,762,1838,2600
380,"Italy",4,"Median","103",2046,647,1680,2327
380,"Italy",4,"Median","104",2046,549,1535,2084
380,"Italy",4,"Median","105",2046,466,1403,1869
380,"Italy",4,"Median","106",2046,396,1282,1678
380,"Italy",4,"Median","107",2046,336,1172,1508
380,"Italy",4,"Median","108",2046,285,1071,1356
380,"Italy",4,"Median","109",2046,242,979,1221
380,"Italy",4,"Median","110",2046,206,894,1100
380,"Italy",4,"Median","0",2047,227,180,407
380,"Italy",4,"Median","1",2047,22,18,39
380,"Italy",4,"Median","2",2047,9,6,15
380,"Italy",4,"Median","3",2047,8,6,14
380,"Italy",4,"Median","4",2047,8,6,14
380,"Italy",4,"Median","5",2047,6,5,12
380,"Italy",4,"Median","6",2047,6,5,11
380,"Italy",4,"Median","7",2047,6,4,11
380,"Italy",4,"Median","8",2047,7,5,11
380,"Italy",4,"Median","9",2047,7,5,12
380,"Italy",4,"Median","10",2047,8,5,13
380,"Italy",4,"Median","11",2047,8,5,13
380,"Italy",4,"Median","12",2047,8,6,14
380,"Italy",4,"Median","13",2047,10,6,16
380,"Italy",4,"Median","14",2047,13,8,20
380,"Italy",4,"Median","15",2047,17,9,26
380,"Italy",4,"Median","16",2047,23,10,34
380,"Italy",4,"Median","17",2047,31,12,43
380,"Italy",4,"Median","18",2047,38,13,51
380,"Italy",4,"Median","19",2047,43,14,57
380,"Italy",4,"Median","20",2047,47,15,62
380,"Italy",4,"Median","21",2047,51,18,69
380,"Italy",4,"Median","22",2047,54,18,71
380,"Italy",4,"Median","23",2047,55,17,72
380,"Italy",4,"Median","24",2047,58,20,77
380,"Italy",4,"Median","25",2047,62,23,85
380,"Italy",4,"Median","26",2047,64,24,88
380,"Italy",4,"Median","27",2047,64,23,88
380,"Italy",4,"Median","28",2047,65,24,89
380,"Italy",4,"Median","29",2047,68,26,94
380,"Italy",4,"Median","30",2047,73,28,102
380,"Italy",4,"Median","31",2047,80,31,111
380,"Italy",4,"Median","32",2047,87,36,122
380,"Italy",4,"Median","33",2047,92,40,131
380,"Italy",4,"Median","34",2047,98,44,142
380,"Italy",4,"Median","35",2047,105,50,156
380,"Italy",4,"Median","36",2047,114,58,171
380,"Italy",4,"Median","37",2047,124,67,191
380,"Italy",4,"Median","38",2047,136,76,211
380,"Italy",4,"Median","39",2047,151,83,235
380,"Italy",4,"Median","40",2047,168,90,258
380,"Italy",4,"Median","41",2047,184,98,282
380,"Italy",4,"Median","42",2047,198,108,306
380,"Italy",4,"Median","43",2047,212,119,330
380,"Italy",4,"Median","44",2047,231,129,360
380,"Italy",4,"Median","45",2047,258,141,399
380,"Italy",4,"Median","46",2047,288,157,446
380,"Italy",4,"Median","47",2047,318,174,492
380,"Italy",4,"Median","48",2047,350,189,538
380,"Italy",4,"Median","49",2047,386,207,593
380,"Italy",4,"Median","50",2047,426,231,656
380,"Italy",4,"Median","51",2047,476,258,733
380,"Italy",4,"Median","52",2047,529,286,815
380,"Italy",4,"Median","53",2047,588,322,910
380,"Italy",4,"Median","54",2047,667,371,1039
380,"Italy",4,"Median","55",2047,764,422,1186
380,"Italy",4,"Median","56",2047,865,468,1333
380,"Italy",4,"Median","57",2047,955,517,1473
380,"Italy",4,"Median","58",2047,1053,576,1630
380,"Italy",4,"Median","59",2047,1131,623,1754
380,"Italy",4,"Median","60",2047,1214,667,1881
380,"Italy",4,"Median","61",2047,1365,735,2099
380,"Italy",4,"Median","62",2047,1521,806,2327
380,"Italy",4,"Median","63",2047,1716,913,2629
380,"Italy",4,"Median","64",2047,1922,1042,2964
380,"Italy",4,"Median","65",2047,2133,1178,3312
380,"Italy",4,"Median","66",2047,2399,1294,3692
380,"Italy",4,"Median","67",2047,2681,1417,4098
380,"Italy",4,"Median","68",2047,2988,1604,4592
380,"Italy",4,"Median","69",2047,3351,1836,5187
380,"Italy",4,"Median","70",2047,3803,2120,5923
380,"Italy",4,"Median","71",2047,4378,2475,6853
380,"Italy",4,"Median","72",2047,4965,2852,7817
380,"Italy",4,"Median","73",2047,5526,3218,8744
380,"Italy",4,"Median","74",2047,6061,3583,9645
380,"Italy",4,"Median","75",2047,6637,4026,10663
380,"Italy",4,"Median","76",2047,7220,4507,11727
380,"Italy",4,"Median","77",2047,7872,5075,12947
380,"Italy",4,"Median","78",2047,8752,5858,14610
380,"Italy",4,"Median","79",2047,9845,6795,16640
380,"Italy",4,"Median","80",2047,10968,7794,18762
380,"Italy",4,"Median","81",2047,12382,9179,21561
380,"Italy",4,"Median","82",2047,13724,10665,24388
380,"Italy",4,"Median","83",2047,14839,12028,26867
380,"Italy",4,"Median","84",2047,15940,13395,29335
380,"Italy",4,"Median","85",2047,16757,14700,31458
380,"Italy",4,"Median","86",2047,17725,16273,33999
380,"Italy",4,"Median","87",2047,18570,17836,36405
380,"Italy",4,"Median","88",2047,18686,18995,37681
380,"Italy",4,"Median","89",2047,18315,19778,38093
380,"Italy",4,"Median","90",2047,17875,20439,38314
380,"Italy",4,"Median","91",2047,17252,20957,38210
380,"Italy",4,"Median","92",2047,15613,20266,35879
380,"Italy",4,"Median","93",2047,13966,19356,33322
380,"Italy",4,"Median","94",2047,12212,18136,30348
380,"Italy",4,"Median","95",2047,10478,16779,27256
380,"Italy",4,"Median","96",2047,8812,15231,24043
380,"Italy",4,"Median","97",2047,7126,13360,20485
380,"Italy",4,"Median","98",2047,5496,11201,16698
380,"Italy",4,"Median","99",2047,3982,8814,12796
380,"Italy",4,"Median","100",2047,1149,2350,3499
380,"Italy",4,"Median","101",2047,976,2147,3123
380,"Italy",4,"Median","102",2047,828,1963,2791
380,"Italy",4,"Median","103",2047,703,1794,2497
380,"Italy",4,"Median","104",2047,597,1640,2237
380,"Italy",4,"Median","105",2047,507,1499,2006
380,"Italy",4,"Median","106",2047,431,1370,1801
380,"Italy",4,"Median","107",2047,366,1252,1618
380,"Italy",4,"Median","108",2047,311,1144,1455
380,"Italy",4,"Median","109",2047,264,1046,1310
380,"Italy",4,"Median","110",2047,224,956,1180
380,"Italy",4,"Median","0",2048,219,172,391
380,"Italy",4,"Median","1",2048,21,17,38
380,"Italy",4,"Median","2",2048,8,6,14
380,"Italy",4,"Median","3",2048,8,6,14
380,"Italy",4,"Median","4",2048,7,6,13
380,"Italy",4,"Median","5",2048,6,5,11
380,"Italy",4,"Median","6",2048,6,5,10
380,"Italy",4,"Median","7",2048,6,4,10
380,"Italy",4,"Median","8",2048,7,4,11
380,"Italy",4,"Median","9",2048,7,5,12
380,"Italy",4,"Median","10",2048,8,5,13
380,"Italy",4,"Median","11",2048,8,5,13
380,"Italy",4,"Median","12",2048,8,5,14
380,"Italy",4,"Median","13",2048,10,6,16
380,"Italy",4,"Median","14",2048,13,7,20
380,"Italy",4,"Median","15",2048,17,9,26
380,"Italy",4,"Median","16",2048,23,10,33
380,"Italy",4,"Median","17",2048,30,11,42
380,"Italy",4,"Median","18",2048,37,12,50
380,"Italy",4,"Median","19",2048,42,13,55
380,"Italy",4,"Median","20",2048,46,15,61
380,"Italy",4,"Median","21",2048,50,17,67
380,"Italy",4,"Median","22",2048,52,17,69
380,"Italy",4,"Median","23",2048,53,17,70
380,"Italy",4,"Median","24",2048,56,19,74
380,"Italy",4,"Median","25",2048,59,22,81
380,"Italy",4,"Median","26",2048,62,23,85
380,"Italy",4,"Median","27",2048,62,23,85
380,"Italy",4,"Median","28",2048,62,23,85
380,"Italy",4,"Median","29",2048,64,24,88
380,"Italy",4,"Median","30",2048,70,27,96
380,"Italy",4,"Median","31",2048,77,30,107
380,"Italy",4,"Median","32",2048,83,34,117
380,"Italy",4,"Median","33",2048,88,38,126
380,"Italy",4,"Median","34",2048,94,42,136
380,"Italy",4,"Median","35",2048,101,48,149
380,"Italy",4,"Median","36",2048,109,55,164
380,"Italy",4,"Median","37",2048,119,64,183
380,"Italy",4,"Median","38",2048,131,73,204
380,"Italy",4,"Median","39",2048,148,81,229
380,"Italy",4,"Median","40",2048,165,88,253
380,"Italy",4,"Median","41",2048,182,96,278
380,"Italy",4,"Median","42",2048,196,106,303
380,"Italy",4,"Median","43",2048,211,118,329
380,"Italy",4,"Median","44",2048,233,129,362
380,"Italy",4,"Median","45",2048,255,140,396
380,"Italy",4,"Median","46",2048,280,154,434
380,"Italy",4,"Median","47",2048,310,171,481
380,"Italy",4,"Median","48",2048,341,187,528
380,"Italy",4,"Median","49",2048,379,203,582
380,"Italy",4,"Median","50",2048,421,224,645
380,"Italy",4,"Median","51",2048,467,249,716
380,"Italy",4,"Median","52",2048,519,276,795
380,"Italy",4,"Median","53",2048,572,307,879
380,"Italy",4,"Median","54",2048,632,347,979
380,"Italy",4,"Median","55",2048,730,398,1128
380,"Italy",4,"Median","56",2048,837,450,1287
380,"Italy",4,"Median","57",2048,936,499,1435
380,"Italy",4,"Median","58",2048,1027,554,1582
380,"Italy",4,"Median","59",2048,1137,621,1758
380,"Italy",4,"Median","60",2048,1221,665,1886
380,"Italy",4,"Median","61",2048,1308,703,2011
380,"Italy",4,"Median","62",2048,1460,770,2230
380,"Italy",4,"Median","63",2048,1642,870,2512
380,"Italy",4,"Median","64",2048,1835,989,2825
380,"Italy",4,"Median","65",2048,2029,1111,3140
380,"Italy",4,"Median","66",2048,2303,1246,3549
380,"Italy",4,"Median","67",2048,2586,1360,3947
380,"Italy",4,"Median","68",2048,2851,1509,4360
380,"Italy",4,"Median","69",2048,3161,1723,4885
380,"Italy",4,"Median","70",2048,3589,1989,5578
380,"Italy",4,"Median","71",2048,4135,2323,6458
380,"Italy",4,"Median","72",2048,4726,2691,7416
380,"Italy",4,"Median","73",2048,5352,3097,8449
380,"Italy",4,"Median","74",2048,5925,3480,9405
380,"Italy",4,"Median","75",2048,6488,3881,10369
380,"Italy",4,"Median","76",2048,7093,4386,11479
380,"Italy",4,"Median","77",2048,7767,4992,12760
380,"Italy",4,"Median","78",2048,8522,5662,14184
380,"Italy",4,"Median","79",2048,9639,6604,16243
380,"Italy",4,"Median","80",2048,10868,7699,18568
380,"Italy",4,"Median","81",2048,12121,8946,21067
380,"Italy",4,"Median","82",2048,13605,10496,24101
380,"Italy",4,"Median","83",2048,15085,12103,27188
380,"Italy",4,"Median","84",2048,16293,13589,29882
380,"Italy",4,"Median","85",2048,17392,15091,32484
380,"Italy",4,"Median","86",2048,18067,16454,34521
380,"Italy",4,"Median","87",2048,18802,18022,36824
380,"Italy",4,"Median","88",2048,19488,19640,39128
380,"Italy",4,"Median","89",2048,19157,20499,39655
380,"Italy",4,"Median","90",2048,18207,20725,38932
380,"Italy",4,"Median","91",2048,17359,20932,38292
380,"Italy",4,"Median","92",2048,16324,20923,37247
380,"Italy",4,"Median","93",2048,14519,20000,34519
380,"Italy",4,"Median","94",2048,12567,18640,31206
380,"Italy",4,"Median","95",2048,10644,16974,27618
380,"Italy",4,"Median","96",2048,8842,15188,24030
380,"Italy",4,"Median","97",2048,7131,13245,20375
380,"Italy",4,"Median","98",2048,5501,11128,16629
380,"Italy",4,"Median","99",2048,4066,8939,13004
380,"Italy",4,"Median","100",2048,1248,2525,3773
380,"Italy",4,"Median","101",2048,1057,2303,3360
380,"Italy",4,"Median","102",2048,896,2101,2997
380,"Italy",4,"Median","103",2048,759,1916,2675
380,"Italy",4,"Median","104",2048,643,1747,2390
380,"Italy",4,"Median","105",2048,545,1593,2138
380,"Italy",4,"Median","106",2048,462,1453,1915
380,"Italy",4,"Median","107",2048,391,1325,1716
380,"Italy",4,"Median","108",2048,332,1209,1541
380,"Italy",4,"Median","109",2048,281,1102,1383
380,"Italy",4,"Median","110",2048,238,1005,1243
380,"Italy",4,"Median","0",2049,210,165,375
380,"Italy",4,"Median","1",2049,20,16,37
380,"Italy",4,"Median","2",2049,8,6,14
380,"Italy",4,"Median","3",2049,8,6,13
380,"Italy",4,"Median","4",2049,7,5,13
380,"Italy",4,"Median","5",2049,6,5,11
380,"Italy",4,"Median","6",2049,6,4,10
380,"Italy",4,"Median","7",2049,6,4,10
380,"Italy",4,"Median","8",2049,6,4,11
380,"Italy",4,"Median","9",2049,7,5,12
380,"Italy",4,"Median","10",2049,8,5,13
380,"Italy",4,"Median","11",2049,8,5,13
380,"Italy",4,"Median","12",2049,8,5,13
380,"Italy",4,"Median","13",2049,10,6,16
380,"Italy",4,"Median","14",2049,13,7,20
380,"Italy",4,"Median","15",2049,17,8,25
380,"Italy",4,"Median","16",2049,23,10,32
380,"Italy",4,"Median","17",2049,30,11,41
380,"Italy",4,"Median","18",2049,37,12,49
380,"Italy",4,"Median","19",2049,41,13,54
380,"Italy",4,"Median","20",2049,45,15,59
380,"Italy",4,"Median","21",2049,49,17,66
380,"Italy",4,"Median","22",2049,51,17,68
380,"Italy",4,"Median","23",2049,52,16,68
380,"Italy",4,"Median","24",2049,54,18,73
380,"Italy",4,"Median","25",2049,57,21,78
380,"Italy",4,"Median","26",2049,59,22,82
380,"Italy",4,"Median","27",2049,61,22,83
380,"Italy",4,"Median","28",2049,60,22,82
380,"Italy",4,"Median","29",2049,61,23,84
380,"Italy",4,"Median","30",2049,66,25,91
380,"Italy",4,"Median","31",2049,73,28,102
380,"Italy",4,"Median","32",2049,80,33,113
380,"Italy",4,"Median","33",2049,85,36,122
380,"Italy",4,"Median","34",2049,90,40,131
380,"Italy",4,"Median","35",2049,97,46,142
380,"Italy",4,"Median","36",2049,105,53,157
380,"Italy",4,"Median","37",2049,114,61,176
380,"Italy",4,"Median","38",2049,126,70,196
380,"Italy",4,"Median","39",2049,143,78,222
380,"Italy",4,"Median","40",2049,161,86,246
380,"Italy",4,"Median","41",2049,178,95,273
380,"Italy",4,"Median","42",2049,194,105,299
380,"Italy",4,"Median","43",2049,210,116,325
380,"Italy",4,"Median","44",2049,232,128,360
380,"Italy",4,"Median","45",2049,257,141,398
380,"Italy",4,"Median","46",2049,278,153,431
380,"Italy",4,"Median","47",2049,300,167,468
380,"Italy",4,"Median","48",2049,332,184,516
380,"Italy",4,"Median","49",2049,369,201,570
380,"Italy",4,"Median","50",2049,413,219,633
380,"Italy",4,"Median","51",2049,462,242,704
380,"Italy",4,"Median","52",2049,509,267,776
380,"Italy",4,"Median","53",2049,561,296,858
380,"Italy",4,"Median","54",2049,615,331,945
380,"Italy",4,"Median","55",2049,691,372,1063
380,"Italy",4,"Median","56",2049,799,425,1224
380,"Italy",4,"Median","57",2049,905,480,1386
380,"Italy",4,"Median","58",2049,1006,535,1541
380,"Italy",4,"Median","59",2049,1109,597,1706
380,"Italy",4,"Median","60",2049,1228,663,1890
380,"Italy",4,"Median","61",2049,1316,701,2016
380,"Italy",4,"Median","62",2049,1399,736,2135
380,"Italy",4,"Median","63",2049,1576,831,2407
380,"Italy",4,"Median","64",2049,1756,943,2699
380,"Italy",4,"Median","65",2049,1937,1055,2992
380,"Italy",4,"Median","66",2049,2190,1175,3366
380,"Italy",4,"Median","67",2049,2483,1310,3793
380,"Italy",4,"Median","68",2049,2750,1449,4199
380,"Italy",4,"Median","69",2049,3017,1621,4638
380,"Italy",4,"Median","70",2049,3387,1867,5254
380,"Italy",4,"Median","71",2049,3904,2179,6083
380,"Italy",4,"Median","72",2049,4464,2525,6989
380,"Italy",4,"Median","73",2049,5095,2923,8018
380,"Italy",4,"Median","74",2049,5740,3349,9089
380,"Italy",4,"Median","75",2049,6344,3769,10113
380,"Italy",4,"Median","76",2049,6935,4229,11164
380,"Italy",4,"Median","77",2049,7635,4861,12495
380,"Italy",4,"Median","78",2049,8414,5572,13986
380,"Italy",4,"Median","79",2049,9394,6388,15781
380,"Italy",4,"Median","80",2049,10651,7490,18141
380,"Italy",4,"Median","81",2049,12027,8849,20875
380,"Italy",4,"Median","82",2049,13335,10243,23579
380,"Italy",4,"Median","83",2049,14975,11929,26904
380,"Italy",4,"Median","84",2049,16588,13695,30283
380,"Italy",4,"Median","85",2049,17806,15335,33141
380,"Italy",4,"Median","86",2049,18784,16921,35706
380,"Italy",4,"Median","87",2049,19199,18256,37456
380,"Italy",4,"Median","88",2049,19770,19885,39655
380,"Italy",4,"Median","89",2049,20017,21236,41254
380,"Italy",4,"Median","90",2049,19080,21520,40600
380,"Italy",4,"Median","91",2049,17718,21267,38985
380,"Italy",4,"Median","92",2049,16457,20937,37394
380,"Italy",4,"Median","93",2049,15214,20694,35908
380,"Italy",4,"Median","94",2049,13092,19302,32395
380,"Italy",4,"Median","95",2049,10976,17484,28460
380,"Italy",4,"Median","96",2049,9002,15400,24402
380,"Italy",4,"Median","97",2049,7170,13236,20406
380,"Italy",4,"Median","98",2049,5516,11055,16571
380,"Italy",4,"Median","99",2049,4077,8898,12975
380,"Italy",4,"Median","100",2049,1336,2689,4025
380,"Italy",4,"Median","101",2049,1127,2444,3571
380,"Italy",4,"Median","102",2049,952,2221,3173
380,"Italy",4,"Median","103",2049,803,2018,2821
380,"Italy",4,"Median","104",2049,678,1833,2511
380,"Italy",4,"Median","105",2049,572,1666,2238
380,"Italy",4,"Median","106",2049,483,1514,1997
380,"Italy",4,"Median","107",2049,408,1375,1783
380,"Italy",4,"Median","108",2049,344,1250,1594
380,"Italy",4,"Median","109",2049,291,1136,1427
380,"Italy",4,"Median","110",2049,245,1032,1277
380,"Italy",4,"Median","0",2050,202,158,360
380,"Italy",4,"Median","1",2050,20,15,35
380,"Italy",4,"Median","2",2050,8,6,13
380,"Italy",4,"Median","3",2050,8,5,13
380,"Italy",4,"Median","4",2050,7,5,12
380,"Italy",4,"Median","5",2050,6,5,11
380,"Italy",4,"Median","6",2050,5,4,10
380,"Italy",4,"Median","7",2050,6,4,10
380,"Italy",4,"Median","8",2050,6,4,10
380,"Italy",4,"Median","9",2050,7,5,11
380,"Italy",4,"Median","10",2050,8,5,13
380,"Italy",4,"Median","11",2050,8,5,13
380,"Italy",4,"Median","12",2050,8,5,13
380,"Italy",4,"Median","13",2050,9,6,15
380,"Italy",4,"Median","14",2050,12,7,19
380,"Italy",4,"Median","15",2050,17,8,25
380,"Italy",4,"Median","16",2050,22,9,32
380,"Italy",4,"Median","17",2050,29,11,40
380,"Italy",4,"Median","18",2050,36,12,48
380,"Italy",4,"Median","19",2050,40,13,53
380,"Italy",4,"Median","20",2050,44,14,58
380,"Italy",4,"Median","21",2050,48,16,64
380,"Italy",4,"Median","22",2050,50,16,66
380,"Italy",4,"Median","23",2050,50,16,66
380,"Italy",4,"Median","24",2050,53,18,71
380,"Italy",4,"Median","25",2050,55,21,76
380,"Italy",4,"Median","26",2050,57,21,78
380,"Italy",4,"Median","27",2050,58,21,79
380,"Italy",4,"Median","28",2050,58,21,80
380,"Italy",4,"Median","29",2050,59,22,82
380,"Italy",4,"Median","30",2050,63,24,86
380,"Italy",4,"Median","31",2050,69,27,96
380,"Italy",4,"Median","32",2050,76,31,107
380,"Italy",4,"Median","33",2050,82,35,117
380,"Italy",4,"Median","34",2050,87,39,126
380,"Italy",4,"Median","35",2050,93,44,137
380,"Italy",4,"Median","36",2050,100,50,150
380,"Italy",4,"Median","37",2050,109,58,168
380,"Italy",4,"Median","38",2050,122,67,189
380,"Italy",4,"Median","39",2050,138,75,213
380,"Italy",4,"Median","40",2050,156,82,239
380,"Italy",4,"Median","41",2050,174,92,266
380,"Italy",4,"Median","42",2050,191,103,293
380,"Italy",4,"Median","43",2050,207,114,321
380,"Italy",4,"Median","44",2050,230,126,357
380,"Italy",4,"Median","45",2050,256,140,396
380,"Italy",4,"Median","46",2050,279,154,433
380,"Italy",4,"Median","47",2050,298,167,465
380,"Italy",4,"Median","48",2050,322,180,502
380,"Italy",4,"Median","49",2050,359,198,557
380,"Italy",4,"Median","50",2050,403,217,620
380,"Italy",4,"Median","51",2050,454,237,691
380,"Italy",4,"Median","52",2050,504,259,763
380,"Italy",4,"Median","53",2050,551,286,838
380,"Italy",4,"Median","54",2050,603,319,922
380,"Italy",4,"Median","55",2050,672,355,1027
380,"Italy",4,"Median","56",2050,757,397,1154
380,"Italy",4,"Median","57",2050,864,454,1318
380,"Italy",4,"Median","58",2050,973,515,1488
380,"Italy",4,"Median","59",2050,1087,576,1663
380,"Italy",4,"Median","60",2050,1198,637,1835
380,"Italy",4,"Median","61",2050,1323,698,2021
380,"Italy",4,"Median","62",2050,1407,734,2141
380,"Italy",4,"Median","63",2050,1510,795,2305
380,"Italy",4,"Median","64",2050,1686,901,2586
380,"Italy",4,"Median","65",2050,1853,1005,2858
380,"Italy",4,"Median","66",2050,2091,1116,3207
380,"Italy",4,"Median","67",2050,2361,1235,3597
380,"Italy",4,"Median","68",2050,2640,1395,4035
380,"Italy",4,"Median","69",2050,2910,1556,4466
380,"Italy",4,"Median","70",2050,3232,1756,4988
380,"Italy",4,"Median","71",2050,3685,2046,5731
380,"Italy",4,"Median","72",2050,4215,2369,6584
380,"Italy",4,"Median","73",2050,4814,2743,7557
380,"Italy",4,"Median","74",2050,5465,3160,8625
380,"Italy",4,"Median","75",2050,6147,3628,9775
380,"Italy",4,"Median","76",2050,6783,4107,10890
380,"Italy",4,"Median","77",2050,7469,4688,12157
380,"Italy",4,"Median","78",2050,8275,5428,13703
380,"Italy",4,"Median","79",2050,9282,6292,15575
380,"Italy",4,"Median","80",2050,10390,7251,17641
380,"Italy",4,"Median","81",2050,11801,8618,20419
380,"Italy",4,"Median","82",2050,13249,10144,23393
380,"Italy",4,"Median","83",2050,14699,11656,26355
380,"Italy",4,"Median","84",2050,16492,13517,30009
380,"Italy",4,"Median","85",2050,18158,15479,33638
380,"Italy",4,"Median","86",2050,19265,17224,36489
380,"Italy",4,"Median","87",2050,19998,18809,38807
380,"Italy",4,"Median","88",2050,20228,20183,40412
380,"Italy",4,"Median","89",2050,20346,21542,41889
380,"Italy",4,"Median","90",2050,19975,22336,42311
380,"Italy",4,"Median","91",2050,18604,22127,40731
380,"Italy",4,"Median","92",2050,16829,21311,38140
380,"Italy",4,"Median","93",2050,15371,20754,36125
380,"Italy",4,"Median","94",2050,13748,20015,33764
380,"Italy",4,"Median","95",2050,11460,18145,29605
380,"Italy",4,"Median","96",2050,9304,15898,25201
380,"Italy",4,"Median","97",2050,7315,13450,20766
380,"Italy",4,"Median","98",2050,5557,11071,16628
380,"Italy",4,"Median","99",2050,4096,8858,12953
380,"Italy",4,"Median","100",2050,1401,2812,4213
380,"Italy",4,"Median","101",2050,1178,2546,3724
380,"Italy",4,"Median","102",2050,991,2306,3297
380,"Italy",4,"Median","103",2050,833,2088,2921
380,"Italy",4,"Median","104",2050,701,1891,2592
380,"Italy",4,"Median","105",2050,590,1712,2302
380,"Italy",4,"Median","106",2050,496,1550,2046
380,"Italy",4,"Median","107",2050,417,1404,1821
380,"Italy",4,"Median","108",2050,351,1271,1622
380,"Italy",4,"Median","109",2050,295,1151,1446
380,"Italy",4,"Median","110",2050,248,1043,1291
380,"Italy",4,"Median","0",2051,195,151,345
380,"Italy",4,"Median","1",2051,19,15,34
380,"Italy",4,"Median","2",2051,7,5,13
380,"Italy",4,"Median","3",2051,7,5,12
380,"Italy",4,"Median","4",2051,7,5,12
380,"Italy",4,"Median","5",2051,6,5,10
380,"Italy",4,"Median","6",2051,5,4,9
380,"Italy",4,"Median","7",2051,6,4,9
380,"Italy",4,"Median","8",2051,6,4,10
380,"Italy",4,"Median","9",2051,7,4,11
380,"Italy",4,"Median","10",2051,7,5,12
380,"Italy",4,"Median","11",2051,7,5,12
380,"Italy",4,"Median","12",2051,8,5,13
380,"Italy",4,"Median","13",2051,9,6,15
380,"Italy",4,"Median","14",2051,12,7,19
380,"Italy",4,"Median","15",2051,16,8,24
380,"Italy",4,"Median","16",2051,22,9,31
380,"Italy",4,"Median","17",2051,29,11,39
380,"Italy",4,"Median","18",2051,35,12,47
380,"Italy",4,"Median","19",2051,39,12,52
380,"Italy",4,"Median","20",2051,43,14,56
380,"Italy",4,"Median","21",2051,47,16,63
380,"Italy",4,"Median","22",2051,49,16,64
380,"Italy",4,"Median","23",2051,49,15,64
380,"Italy",4,"Median","24",2051,51,17,69
380,"Italy",4,"Median","25",2051,54,20,74
380,"Italy",4,"Median","26",2051,56,21,77
380,"Italy",4,"Median","27",2051,56,20,76
380,"Italy",4,"Median","28",2051,56,20,76
380,"Italy",4,"Median","29",2051,58,22,79
380,"Italy",4,"Median","30",2051,61,23,84
380,"Italy",4,"Median","31",2051,66,25,91
380,"Italy",4,"Median","32",2051,72,29,101
380,"Italy",4,"Median","33",2051,78,33,111
380,"Italy",4,"Median","34",2051,84,37,121
380,"Italy",4,"Median","35",2051,89,42,131
380,"Italy",4,"Median","36",2051,97,48,145
380,"Italy",4,"Median","37",2051,105,56,160
380,"Italy",4,"Median","38",2051,116,64,180
380,"Italy",4,"Median","39",2051,133,72,204
380,"Italy",4,"Median","40",2051,150,79,229
380,"Italy",4,"Median","41",2051,169,89,258
380,"Italy",4,"Median","42",2051,186,100,286
380,"Italy",4,"Median","43",2051,203,112,315
380,"Italy",4,"Median","44",2051,227,125,352
380,"Italy",4,"Median","45",2051,254,138,392
380,"Italy",4,"Median","46",2051,278,153,431
380,"Italy",4,"Median","47",2051,300,167,467
380,"Italy",4,"Median","48",2051,319,179,499
380,"Italy",4,"Median","49",2051,349,194,542
380,"Italy",4,"Median","50",2051,392,214,606
380,"Italy",4,"Median","51",2051,442,235,677
380,"Italy",4,"Median","52",2051,495,254,749
380,"Italy",4,"Median","53",2051,546,278,823
380,"Italy",4,"Median","54",2051,592,308,901
380,"Italy",4,"Median","55",2051,660,342,1002
380,"Italy",4,"Median","56",2051,736,379,1115
380,"Italy",4,"Median","57",2051,819,424,1243
380,"Italy",4,"Median","58",2051,929,486,1416
380,"Italy",4,"Median","59",2051,1051,554,1605
380,"Italy",4,"Median","60",2051,1173,615,1788
380,"Italy",4,"Median","61",2051,1291,671,1962
380,"Italy",4,"Median","62",2051,1414,731,2145
380,"Italy",4,"Median","63",2051,1519,792,2311
380,"Italy",4,"Median","64",2051,1616,861,2477
380,"Italy",4,"Median","65",2051,1778,960,2738
380,"Italy",4,"Median","66",2051,2000,1063,3063
380,"Italy",4,"Median","67",2051,2254,1173,3427
380,"Italy",4,"Median","68",2051,2511,1315,3826
380,"Italy",4,"Median","69",2051,2793,1498,4291
380,"Italy",4,"Median","70",2051,3117,1685,4802
380,"Italy",4,"Median","71",2051,3517,1925,5443
380,"Italy",4,"Median","72",2051,3979,2225,6204
380,"Italy",4,"Median","73",2051,4546,2574,7120
380,"Italy",4,"Median","74",2051,5164,2966,8130
380,"Italy",4,"Median","75",2051,5853,3423,9277
380,"Italy",4,"Median","76",2051,6573,3954,10527
380,"Italy",4,"Median","77",2051,7308,4556,11864
380,"Italy",4,"Median","78",2051,8100,5238,13338
380,"Italy",4,"Median","79",2051,9137,6134,15271
380,"Italy",4,"Median","80",2051,10276,7148,17424
380,"Italy",4,"Median","81",2051,11526,8353,19879
380,"Italy",4,"Median","82",2051,13016,9892,22907
380,"Italy",4,"Median","83",2051,14622,11559,26181
380,"Italy",4,"Median","84",2051,16211,13228,29439
380,"Italy",4,"Median","85",2051,18082,15303,33384
380,"Italy",4,"Median","86",2051,19679,17416,37095
380,"Italy",4,"Median","87",2051,20547,19179,39726
380,"Italy",4,"Median","88",2051,21111,20835,41945
380,"Italy",4,"Median","89",2051,20858,21907,42765
380,"Italy",4,"Median","90",2051,20341,22699,43039
380,"Italy",4,"Median","91",2051,19515,23010,42525
380,"Italy",4,"Median","92",2051,17703,22214,39917
380,"Italy",4,"Median","93",2051,15754,21172,36925
380,"Italy",4,"Median","94",2051,13920,20116,34035
380,"Italy",4,"Median","95",2051,12060,18856,30915
380,"Italy",4,"Median","96",2051,9735,16536,26271
380,"Italy",4,"Median","97",2051,7576,13916,21492
380,"Italy",4,"Median","98",2051,5681,11274,16955
380,"Italy",4,"Median","99",2051,4134,8888,13022
380,"Italy",4,"Median","100",2051,1442,2880,4322
380,"Italy",4,"Median","101",2051,1211,2605,3816
380,"Italy",4,"Median","102",2051,1017,2356,3373
380,"Italy",4,"Median","103",2051,854,2131,2985
380,"Italy",4,"Median","104",2051,717,1927,2644
380,"Italy",4,"Median","105",2051,602,1743,2345
380,"Italy",4,"Median","106",2051,506,1576,2082
380,"Italy",4,"Median","107",2051,425,1425,1850
380,"Italy",4,"Median","108",2051,357,1289,1646
380,"Italy",4,"Median","109",2051,300,1166,1466
380,"Italy",4,"Median","110",2051,252,1055,1307
380,"Italy",4,"Median","0",2052,187,144,331
380,"Italy",4,"Median","1",2052,18,14,32
380,"Italy",4,"Median","2",2052,7,5,12
380,"Italy",4,"Median","3",2052,7,5,12
380,"Italy",4,"Median","4",2052,7,5,11
380,"Italy",4,"Median","5",2052,5,4,10
380,"Italy",4,"Median","6",2052,5,4,9
380,"Italy",4,"Median","7",2052,5,4,9
380,"Italy",4,"Median","8",2052,6,4,10
380,"Italy",4,"Median","9",2052,7,4,11
380,"Italy",4,"Median","10",2052,7,5,12
380,"Italy",4,"Median","11",2052,7,5,12
380,"Italy",4,"Median","12",2052,8,5,12
380,"Italy",4,"Median","13",2052,9,6,15
380,"Italy",4,"Median","14",2052,12,7,19
380,"Italy",4,"Median","15",2052,16,8,24
380,"Italy",4,"Median","16",2052,21,9,31
380,"Italy",4,"Median","17",2052,28,10,39
380,"Italy",4,"Median","18",2052,35,11,46
380,"Italy",4,"Median","19",2052,39,12,51
380,"Italy",4,"Median","20",2052,42,14,55
380,"Italy",4,"Median","21",2052,46,16,61
380,"Italy",4,"Median","22",2052,48,15,63
380,"Italy",4,"Median","23",2052,48,15,63
380,"Italy",4,"Median","24",2052,50,17,67
380,"Italy",4,"Median","25",2052,53,20,72
380,"Italy",4,"Median","26",2052,54,20,74
380,"Italy",4,"Median","27",2052,55,19,74
380,"Italy",4,"Median","28",2052,54,19,73
380,"Italy",4,"Median","29",2052,55,21,76
380,"Italy",4,"Median","30",2052,59,22,82
380,"Italy",4,"Median","31",2052,64,24,89
380,"Italy",4,"Median","32",2052,68,28,96
380,"Italy",4,"Median","33",2052,73,31,104
380,"Italy",4,"Median","34",2052,80,35,115
380,"Italy",4,"Median","35",2052,86,40,126
380,"Italy",4,"Median","36",2052,93,46,139
380,"Italy",4,"Median","37",2052,101,53,154
380,"Italy",4,"Median","38",2052,111,61,172
380,"Italy",4,"Median","39",2052,127,68,195
380,"Italy",4,"Median","40",2052,144,76,220
380,"Italy",4,"Median","41",2052,163,85,248
380,"Italy",4,"Median","42",2052,181,96,277
380,"Italy",4,"Median","43",2052,199,109,308
380,"Italy",4,"Median","44",2052,223,122,346
380,"Italy",4,"Median","45",2052,251,136,387
380,"Italy",4,"Median","46",2052,276,151,427
380,"Italy",4,"Median","47",2052,299,166,465
380,"Italy",4,"Median","48",2052,321,180,501
380,"Italy",4,"Median","49",2052,346,193,539
380,"Italy",4,"Median","50",2052,381,209,590
380,"Italy",4,"Median","51",2052,431,231,662
380,"Italy",4,"Median","52",2052,483,251,734
380,"Italy",4,"Median","53",2052,536,272,808
380,"Italy",4,"Median","54",2052,586,299,885
380,"Italy",4,"Median","55",2052,648,331,978
380,"Italy",4,"Median","56",2052,723,365,1088
380,"Italy",4,"Median","57",2052,796,404,1200
380,"Italy",4,"Median","58",2052,881,454,1335
380,"Italy",4,"Median","59",2052,1003,524,1527
380,"Italy",4,"Median","60",2052,1135,592,1727
380,"Italy",4,"Median","61",2052,1264,648,1912
380,"Italy",4,"Median","62",2052,1379,703,2082
380,"Italy",4,"Median","63",2052,1527,788,2316
380,"Italy",4,"Median","64",2052,1625,859,2483
380,"Italy",4,"Median","65",2052,1704,918,2622
380,"Italy",4,"Median","66",2052,1920,1015,2935
380,"Italy",4,"Median","67",2052,2156,1117,3273
380,"Italy",4,"Median","68",2052,2397,1248,3645
380,"Italy",4,"Median","69",2052,2656,1412,4068
380,"Italy",4,"Median","70",2052,2993,1622,4615
380,"Italy",4,"Median","71",2052,3394,1848,5242
380,"Italy",4,"Median","72",2052,3799,2093,5892
380,"Italy",4,"Median","73",2052,4293,2417,6710
380,"Italy",4,"Median","74",2052,4878,2783,7662
380,"Italy",4,"Median","75",2052,5532,3214,8746
380,"Italy",4,"Median","76",2052,6261,3732,9993
380,"Italy",4,"Median","77",2052,7087,4388,11474
380,"Italy",4,"Median","78",2052,7931,5092,13023
380,"Italy",4,"Median","79",2052,8952,5924,14876
380,"Italy",4,"Median","80",2052,10126,6975,17100
380,"Italy",4,"Median","81",2052,11415,8246,19661
380,"Italy",4,"Median","82",2052,12729,9600,22329
380,"Italy",4,"Median","83",2052,14386,11287,25672
380,"Italy",4,"Median","84",2052,16152,13137,29289
380,"Italy",4,"Median","85",2052,17804,15000,32803
380,"Italy",4,"Median","86",2052,19631,17248,36879
380,"Italy",4,"Median","87",2052,21028,19429,40457
380,"Italy",4,"Median","88",2052,21734,21288,43021
380,"Italy",4,"Median","89",2052,21811,22658,44469
380,"Italy",4,"Median","90",2052,20893,23126,44019
380,"Italy",4,"Median","91",2052,19912,23430,43342
380,"Italy",4,"Median","92",2052,18606,23144,41750
380,"Italy",4,"Median","93",2052,16609,22118,38727
380,"Italy",4,"Median","94",2052,14297,20566,34863
380,"Italy",4,"Median","95",2052,12236,18992,31228
380,"Italy",4,"Median","96",2052,10267,17223,27490
380,"Italy",4,"Median","97",2052,7944,14507,22451
380,"Italy",4,"Median","98",2052,5895,11688,17583
380,"Italy",4,"Median","99",2052,4235,9069,13304
380,"Italy",4,"Median","100",2052,1467,2912,4379
380,"Italy",4,"Median","101",2052,1233,2635,3868
380,"Italy",4,"Median","102",2052,1036,2385,3421
380,"Italy",4,"Median","103",2052,870,2159,3029
380,"Italy",4,"Median","104",2052,731,1954,2685
380,"Italy",4,"Median","105",2052,614,1768,2382
380,"Italy",4,"Median","106",2052,516,1600,2116
380,"Italy",4,"Median","107",2052,434,1449,1883
380,"Italy",4,"Median","108",2052,364,1311,1675
380,"Italy",4,"Median","109",2052,306,1187,1493
380,"Italy",4,"Median","110",2052,257,1074,1331
380,"Italy",4,"Median","0",2053,180,138,318
380,"Italy",4,"Median","1",2053,17,14,31
380,"Italy",4,"Median","2",2053,7,5,12
380,"Italy",4,"Median","3",2053,7,5,12
380,"Italy",4,"Median","4",2053,6,5,11
380,"Italy",4,"Median","5",2053,5,4,10
380,"Italy",4,"Median","6",2053,5,4,9
380,"Italy",4,"Median","7",2053,5,4,9
380,"Italy",4,"Median","8",2053,6,4,10
380,"Italy",4,"Median","9",2053,6,4,11
380,"Italy",4,"Median","10",2053,7,5,12
380,"Italy",4,"Median","11",2053,7,5,12
380,"Italy",4,"Median","12",2053,7,5,12
380,"Italy",4,"Median","13",2053,9,6,15
380,"Italy",4,"Median","14",2053,12,7,18
380,"Italy",4,"Median","15",2053,16,8,24
380,"Italy",4,"Median","16",2053,21,9,30
380,"Italy",4,"Median","17",2053,28,10,38
380,"Italy",4,"Median","18",2053,34,11,45
380,"Italy",4,"Median","19",2053,38,12,50
380,"Italy",4,"Median","20",2053,41,13,54
380,"Italy",4,"Median","21",2053,45,15,60
380,"Italy",4,"Median","22",2053,47,15,62
380,"Italy",4,"Median","23",2053,47,14,61
380,"Italy",4,"Median","24",2053,49,16,66
380,"Italy",4,"Median","25",2053,51,19,71
380,"Italy",4,"Median","26",2053,53,20,73
380,"Italy",4,"Median","27",2053,53,19,72
380,"Italy",4,"Median","28",2053,53,19,72
380,"Italy",4,"Median","29",2053,53,20,73
380,"Italy",4,"Median","30",2053,57,21,78
380,"Italy",4,"Median","31",2053,63,24,86
380,"Italy",4,"Median","32",2053,67,27,93
380,"Italy",4,"Median","33",2053,70,29,99
380,"Italy",4,"Median","34",2053,75,33,108
380,"Italy",4,"Median","35",2053,82,38,120
380,"Italy",4,"Median","36",2053,89,44,134
380,"Italy",4,"Median","37",2053,97,51,149
380,"Italy",4,"Median","38",2053,107,58,166
380,"Italy",4,"Median","39",2053,122,65,187
380,"Italy",4,"Median","40",2053,138,72,210
380,"Italy",4,"Median","41",2053,156,81,238
380,"Italy",4,"Median","42",2053,174,92,266
380,"Italy",4,"Median","43",2053,193,105,298
380,"Italy",4,"Median","44",2053,218,119,337
380,"Italy",4,"Median","45",2053,247,133,380
380,"Italy",4,"Median","46",2053,273,149,421
380,"Italy",4,"Median","47",2053,296,164,460
380,"Italy",4,"Median","48",2053,320,179,499
380,"Italy",4,"Median","49",2053,348,194,542
380,"Italy",4,"Median","50",2053,378,208,586
380,"Italy",4,"Median","51",2053,418,226,644
380,"Italy",4,"Median","52",2053,470,248,717
380,"Italy",4,"Median","53",2053,522,270,792
380,"Italy",4,"Median","54",2053,576,293,869
380,"Italy",4,"Median","55",2053,641,321,962
380,"Italy",4,"Median","56",2053,710,353,1063
380,"Italy",4,"Median","57",2053,782,390,1171
380,"Italy",4,"Median","58",2053,856,433,1290
380,"Italy",4,"Median","59",2053,951,489,1440
380,"Italy",4,"Median","60",2053,1084,559,1643
380,"Italy",4,"Median","61",2053,1223,623,1846
380,"Italy",4,"Median","62",2053,1351,678,2029
380,"Italy",4,"Median","63",2053,1490,758,2248
380,"Italy",4,"Median","64",2053,1634,855,2489
380,"Italy",4,"Median","65",2053,1714,915,2628
380,"Italy",4,"Median","66",2053,1840,971,2811
380,"Italy",4,"Median","67",2053,2069,1067,3136
380,"Italy",4,"Median","68",2053,2293,1189,3482
380,"Italy",4,"Median","69",2053,2536,1340,3876
380,"Italy",4,"Median","70",2053,2846,1529,4375
380,"Italy",4,"Median","71",2053,3260,1780,5040
380,"Italy",4,"Median","72",2053,3666,2010,5676
380,"Italy",4,"Median","73",2053,4099,2275,6374
380,"Italy",4,"Median","74",2053,4607,2614,7221
380,"Italy",4,"Median","75",2053,5228,3016,8244
380,"Italy",4,"Median","76",2053,5920,3504,9423
380,"Italy",4,"Median","77",2053,6754,4143,10897
380,"Italy",4,"Median","78",2053,7695,4907,12602
380,"Italy",4,"Median","79",2053,8772,5765,14537
380,"Italy",4,"Median","80",2053,9929,6743,16672
380,"Italy",4,"Median","81",2053,11261,8056,19318
380,"Italy",4,"Median","82",2053,12622,9488,22111
380,"Italy",4,"Median","83",2053,14088,10969,25057
380,"Italy",4,"Median","84",2053,15914,12847,28761
380,"Italy",4,"Median","85",2053,17767,14921,32688
380,"Italy",4,"Median","86",2053,19363,16936,36299
380,"Italy",4,"Median","87",2053,21015,19276,40291
380,"Italy",4,"Median","88",2053,22286,21607,43894
380,"Italy",4,"Median","89",2053,22498,23194,45692
380,"Italy",4,"Median","90",2053,21888,23963,45851
380,"Italy",4,"Median","91",2053,20493,23919,44412
380,"Italy",4,"Median","92",2053,19020,23609,42629
380,"Italy",4,"Median","93",2053,17494,23095,40589
380,"Italy",4,"Median","94",2053,15106,21531,36637
380,"Italy",4,"Median","95",2053,12595,19459,32054
380,"Italy",4,"Median","96",2053,10440,17386,27826
380,"Italy",4,"Median","97",2053,8396,15142,23538
380,"Italy",4,"Median","98",2053,6195,12210,18404
380,"Italy",4,"Median","99",2053,4403,9421,13824
380,"Italy",4,"Median","100",2053,1496,2948,4444
380,"Italy",4,"Median","101",2053,1258,2671,3929
380,"Italy",4,"Median","102",2053,1057,2420,3477
380,"Italy",4,"Median","103",2053,889,2192,3081
380,"Italy",4,"Median","104",2053,747,1986,2733
380,"Italy",4,"Median","105",2053,628,1800,2428
380,"Italy",4,"Median","106",2053,528,1631,2159
380,"Italy",4,"Median","107",2053,444,1477,1921
380,"Italy",4,"Median","108",2053,373,1339,1712
380,"Italy",4,"Median","109",2053,314,1213,1527
380,"Italy",4,"Median","110",2053,264,1099,1363
380,"Italy",4,"Median","0",2054,173,132,305
380,"Italy",4,"Median","1",2054,17,13,30
380,"Italy",4,"Median","2",2054,7,5,11
380,"Italy",4,"Median","3",2054,7,4,11
380,"Italy",4,"Median","4",2054,6,4,10
380,"Italy",4,"Median","5",2054,5,4,9
380,"Italy",4,"Median","6",2054,5,4,8
380,"Italy",4,"Median","7",2054,5,3,8
380,"Italy",4,"Median","8",2054,6,4,9
380,"Italy",4,"Median","9",2054,6,4,10
380,"Italy",4,"Median","10",2054,7,4,11
380,"Italy",4,"Median","11",2054,7,4,11
380,"Italy",4,"Median","12",2054,7,5,12
380,"Italy",4,"Median","13",2054,9,5,14
380,"Italy",4,"Median","14",2054,11,6,18
380,"Italy",4,"Median","15",2054,16,8,23
380,"Italy",4,"Median","16",2054,21,9,29
380,"Italy",4,"Median","17",2054,27,10,37
380,"Italy",4,"Median","18",2054,34,11,44
380,"Italy",4,"Median","19",2054,38,12,49
380,"Italy",4,"Median","20",2054,40,13,53
380,"Italy",4,"Median","21",2054,44,15,59
380,"Italy",4,"Median","22",2054,46,15,60
380,"Italy",4,"Median","23",2054,46,14,60
380,"Italy",4,"Median","24",2054,48,16,64
380,"Italy",4,"Median","25",2054,50,18,69
380,"Italy",4,"Median","26",2054,52,19,71
380,"Italy",4,"Median","27",2054,52,18,70
380,"Italy",4,"Median","28",2054,51,18,70
380,"Italy",4,"Median","29",2054,52,19,71
380,"Italy",4,"Median","30",2054,55,20,75
380,"Italy",4,"Median","31",2054,60,22,82
380,"Italy",4,"Median","32",2054,65,26,91
380,"Italy",4,"Median","33",2054,68,28,97
380,"Italy",4,"Median","34",2054,71,31,103
380,"Italy",4,"Median","35",2054,77,36,113
380,"Italy",4,"Median","36",2054,85,42,127
380,"Italy",4,"Median","37",2054,94,49,143
380,"Italy",4,"Median","38",2054,103,56,159
380,"Italy",4,"Median","39",2054,117,62,180
380,"Italy",4,"Median","40",2054,132,69,201
380,"Italy",4,"Median","41",2054,150,77,227
380,"Italy",4,"Median","42",2054,167,88,255
380,"Italy",4,"Median","43",2054,185,100,286
380,"Italy",4,"Median","44",2054,212,114,326
380,"Italy",4,"Median","45",2054,241,129,370
380,"Italy",4,"Median","46",2054,268,145,413
380,"Italy",4,"Median","47",2054,293,161,454
380,"Italy",4,"Median","48",2054,318,175,493
380,"Italy",4,"Median","49",2054,347,191,538
380,"Italy",4,"Median","50",2054,380,209,588
380,"Italy",4,"Median","51",2054,414,224,639
380,"Italy",4,"Median","52",2054,456,242,697
380,"Italy",4,"Median","53",2054,509,265,773
380,"Italy",4,"Median","54",2054,561,289,850
380,"Italy",4,"Median","55",2054,630,313,943
380,"Italy",4,"Median","56",2054,702,341,1044
380,"Italy",4,"Median","57",2054,767,376,1143
380,"Italy",4,"Median","58",2054,840,416,1256
380,"Italy",4,"Median","59",2054,925,465,1390
380,"Italy",4,"Median","60",2054,1027,520,1547
380,"Italy",4,"Median","61",2054,1168,587,1754
380,"Italy",4,"Median","62",2054,1306,650,1956
380,"Italy",4,"Median","63",2054,1459,729,2188
380,"Italy",4,"Median","64",2054,1594,819,2413
380,"Italy",4,"Median","65",2054,1723,907,2630
380,"Italy",4,"Median","66",2054,1850,964,2814
380,"Italy",4,"Median","67",2054,1983,1016,2999
380,"Italy",4,"Median","68",2054,2200,1131,3331
380,"Italy",4,"Median","69",2054,2425,1271,3697
380,"Italy",4,"Median","70",2054,2717,1446,4163
380,"Italy",4,"Median","71",2054,3101,1672,4773
380,"Italy",4,"Median","72",2054,3521,1929,5449
380,"Italy",4,"Median","73",2054,3956,2176,6133
380,"Italy",4,"Median","74",2054,4400,2451,6851
380,"Italy",4,"Median","75",2054,4937,2823,7760
380,"Italy",4,"Median","76",2054,5594,3277,8871
380,"Italy",4,"Median","77",2054,6388,3878,10266
380,"Italy",4,"Median","78",2054,7337,4619,11957
380,"Italy",4,"Median","79",2054,8518,5540,14058
380,"Italy",4,"Median","80",2054,9739,6545,16283
380,"Italy",4,"Median","81",2054,11056,7773,18829
380,"Italy",4,"Median","82",2054,12467,9253,21720
380,"Italy",4,"Median","83",2054,13987,10824,24812
380,"Italy",4,"Median","84",2054,15607,12470,28077
380,"Italy",4,"Median","85",2054,17532,14578,32110
380,"Italy",4,"Median","86",2054,19356,16835,36191
380,"Italy",4,"Median","87",2054,20764,18919,39684
380,"Italy",4,"Median","88",2054,22314,21435,43750
380,"Italy",4,"Median","89",2054,23113,23544,46656
380,"Italy",4,"Median","90",2054,22618,24534,47152
380,"Italy",4,"Median","91",2054,21510,24794,46304
380,"Italy",4,"Median","92",2054,19611,24112,43723
380,"Italy",4,"Median","93",2054,17921,23581,41503
380,"Italy",4,"Median","94",2054,15944,22505,38449
380,"Italy",4,"Median","95",2054,13336,20396,33732
380,"Italy",4,"Median","96",2054,10769,17839,28609
380,"Italy",4,"Median","97",2054,8555,15308,23863
380,"Italy",4,"Median","98",2054,6559,12763,19323
380,"Italy",4,"Median","99",2054,4635,9857,14492
380,"Italy",4,"Median","100",2054,1535,3005,4540
380,"Italy",4,"Median","101",2054,1292,2727,4019
380,"Italy",4,"Median","102",2054,1087,2474,3561
380,"Italy",4,"Median","103",2054,915,2244,3159
380,"Italy",4,"Median","104",2054,770,2036,2806
380,"Italy",4,"Median","105",2054,648,1847,2495
380,"Italy",4,"Median","106",2054,546,1676,2222
380,"Italy",4,"Median","107",2054,459,1520,1979
380,"Italy",4,"Median","108",2054,387,1379,1766
380,"Italy",4,"Median","109",2054,325,1251,1576
380,"Italy",4,"Median","110",2054,274,1135,1409
380,"Italy",4,"Median","0",2055,167,126,294
380,"Italy",4,"Median","1",2055,16,12,29
380,"Italy",4,"Median","2",2055,6,4,11
380,"Italy",4,"Median","3",2055,6,4,11
380,"Italy",4,"Median","4",2055,6,4,10
380,"Italy",4,"Median","5",2055,5,4,9
380,"Italy",4,"Median","6",2055,5,3,8
380,"Italy",4,"Median","7",2055,5,3,8
380,"Italy",4,"Median","8",2055,5,3,9
380,"Italy",4,"Median","9",2055,6,4,10
380,"Italy",4,"Median","10",2055,7,4,11
380,"Italy",4,"Median","11",2055,7,4,11
380,"Italy",4,"Median","12",2055,7,5,12
380,"Italy",4,"Median","13",2055,9,5,14
380,"Italy",4,"Median","14",2055,11,6,17
380,"Italy",4,"Median","15",2055,15,7,23
380,"Italy",4,"Median","16",2055,20,8,29
380,"Italy",4,"Median","17",2055,27,10,37
380,"Italy",4,"Median","18",2055,33,11,44
380,"Italy",4,"Median","19",2055,37,11,48
380,"Italy",4,"Median","20",2055,40,13,52
380,"Italy",4,"Median","21",2055,43,15,58
380,"Italy",4,"Median","22",2055,45,14,59
380,"Italy",4,"Median","23",2055,45,14,59
380,"Italy",4,"Median","24",2055,47,15,63
380,"Italy",4,"Median","25",2055,49,18,67
380,"Italy",4,"Median","26",2055,51,18,69
380,"Italy",4,"Median","27",2055,51,18,69
380,"Italy",4,"Median","28",2055,50,18,68
380,"Italy",4,"Median","29",2055,50,19,69
380,"Italy",4,"Median","30",2055,53,20,73
380,"Italy",4,"Median","31",2055,58,21,79
380,"Italy",4,"Median","32",2055,62,24,87
380,"Italy",4,"Median","33",2055,66,27,94
380,"Italy",4,"Median","34",2055,70,30,100
380,"Italy",4,"Median","35",2055,74,34,107
380,"Italy",4,"Median","36",2055,80,39,119
380,"Italy",4,"Median","37",2055,89,46,135
380,"Italy",4,"Median","38",2055,99,54,153
380,"Italy",4,"Median","39",2055,113,60,173
380,"Italy",4,"Median","40",2055,127,66,193
380,"Italy",4,"Median","41",2055,143,74,217
380,"Italy",4,"Median","42",2055,160,84,244
380,"Italy",4,"Median","43",2055,178,96,274
380,"Italy",4,"Median","44",2055,204,110,313
380,"Italy",4,"Median","45",2055,234,125,359
380,"Italy",4,"Median","46",2055,262,141,403
380,"Italy",4,"Median","47",2055,288,158,446
380,"Italy",4,"Median","48",2055,314,173,487
380,"Italy",4,"Median","49",2055,344,189,533
380,"Italy",4,"Median","50",2055,379,207,586
380,"Italy",4,"Median","51",2055,417,225,642
380,"Italy",4,"Median","52",2055,452,240,693
380,"Italy",4,"Median","53",2055,493,259,752
380,"Italy",4,"Median","54",2055,547,285,831
380,"Italy",4,"Median","55",2055,614,310,924
380,"Italy",4,"Median","56",2055,690,335,1024
380,"Italy",4,"Median","57",2055,759,364,1124
380,"Italy",4,"Median","58",2055,825,402,1228
380,"Italy",4,"Median","59",2055,908,448,1356
380,"Italy",4,"Median","60",2055,998,496,1495
380,"Italy",4,"Median","61",2055,1106,548,1654
380,"Italy",4,"Median","62",2055,1247,614,1860
380,"Italy",4,"Median","63",2055,1411,701,2113
380,"Italy",4,"Median","64",2055,1561,791,2352
380,"Italy",4,"Median","65",2055,1680,872,2553
380,"Italy",4,"Median","66",2055,1860,959,2819
380,"Italy",4,"Median","67",2055,1994,1012,3006
380,"Italy",4,"Median","68",2055,2108,1081,3189
380,"Italy",4,"Median","69",2055,2327,1214,3541
380,"Italy",4,"Median","70",2055,2599,1377,3975
380,"Italy",4,"Median","71",2055,2961,1587,4548
380,"Italy",4,"Median","72",2055,3350,1818,5168
380,"Italy",4,"Median","73",2055,3801,2096,5897
380,"Italy",4,"Median","74",2055,4247,2354,6601
380,"Italy",4,"Median","75",2055,4716,2657,7373
380,"Italy",4,"Median","76",2055,5285,3078,8364
380,"Italy",4,"Median","77",2055,6040,3641,9682
380,"Italy",4,"Median","78",2055,6944,4341,11285
380,"Italy",4,"Median","79",2055,8129,5238,13368
380,"Italy",4,"Median","80",2055,9465,6317,15782
380,"Italy",4,"Median","81",2055,10858,7580,18437
380,"Italy",4,"Median","82",2055,12256,8968,21223
380,"Italy",4,"Median","83",2055,13835,10603,24437
380,"Italy",4,"Median","84",2055,15519,12360,27879
380,"Italy",4,"Median","85",2055,17222,14212,31434
380,"Italy",4,"Median","86",2055,19133,16519,35653
380,"Italy",4,"Median","87",2055,20795,18888,39683
380,"Italy",4,"Median","88",2055,22092,21129,43221
380,"Italy",4,"Median","89",2055,23187,23451,46637
380,"Italy",4,"Median","90",2055,23280,24998,48278
380,"Italy",4,"Median","91",2055,22272,25480,47753
380,"Italy",4,"Median","92",2055,20624,25082,45706
380,"Italy",4,"Median","93",2055,18520,24175,42696
380,"Italy",4,"Median","94",2055,16368,23061,39429
380,"Italy",4,"Median","95",2055,14106,21393,35499
380,"Italy",4,"Median","96",2055,11427,18762,30190
380,"Italy",4,"Median","97",2055,8844,15758,24602
380,"Italy",4,"Median","98",2055,6697,12942,19639
380,"Italy",4,"Median","99",2055,4917,10332,15249
380,"Italy",4,"Median","100",2055,1590,3094,4684
380,"Italy",4,"Median","101",2055,1340,2811,4151
380,"Italy",4,"Median","102",2055,1129,2553,3682
380,"Italy",4,"Median","103",2055,952,2319,3271
380,"Italy",4,"Median","104",2055,802,2107,2909
380,"Italy",4,"Median","105",2055,676,1914,2590
380,"Italy",4,"Median","106",2055,569,1738,2307
380,"Italy",4,"Median","107",2055,480,1579,2059
380,"Italy",4,"Median","108",2055,404,1434,1838
380,"Italy",4,"Median","109",2055,341,1303,1644
380,"Italy",4,"Median","110",2055,287,1184,1471
380,"Italy",4,"Median","0",2056,162,122,284
380,"Italy",4,"Median","1",2056,16,12,28
380,"Italy",4,"Median","2",2056,6,4,10
380,"Italy",4,"Median","3",2056,6,4,10
380,"Italy",4,"Median","4",2056,6,4,10
380,"Italy",4,"Median","5",2056,5,4,8
380,"Italy",4,"Median","6",2056,4,3,8
380,"Italy",4,"Median","7",2056,5,3,8
380,"Italy",4,"Median","8",2056,5,3,9
380,"Italy",4,"Median","9",2056,6,4,10
380,"Italy",4,"Median","10",2056,6,4,11
380,"Italy",4,"Median","11",2056,7,4,11
380,"Italy",4,"Median","12",2056,7,4,11
380,"Italy",4,"Median","13",2056,8,5,13
380,"Italy",4,"Median","14",2056,11,6,17
380,"Italy",4,"Median","15",2056,15,7,22
380,"Italy",4,"Median","16",2056,20,8,28
380,"Italy",4,"Median","17",2056,27,9,36
380,"Italy",4,"Median","18",2056,33,10,43
380,"Italy",4,"Median","19",2056,36,11,48
380,"Italy",4,"Median","20",2056,39,12,52
380,"Italy",4,"Median","21",2056,43,14,57
380,"Italy",4,"Median","22",2056,44,14,58
380,"Italy",4,"Median","23",2056,44,13,58
380,"Italy",4,"Median","24",2056,46,15,61
380,"Italy",4,"Median","25",2056,48,18,66
380,"Italy",4,"Median","26",2056,50,18,68
380,"Italy",4,"Median","27",2056,50,17,67
380,"Italy",4,"Median","28",2056,49,17,66
380,"Italy",4,"Median","29",2056,49,18,67
380,"Italy",4,"Median","30",2056,52,19,71
380,"Italy",4,"Median","31",2056,56,21,77
380,"Italy",4,"Median","32",2056,60,23,83
380,"Italy",4,"Median","33",2056,63,26,90
380,"Italy",4,"Median","34",2056,68,29,97
380,"Italy",4,"Median","35",2056,72,33,104
380,"Italy",4,"Median","36",2056,76,37,114
380,"Italy",4,"Median","37",2056,84,44,127
380,"Italy",4,"Median","38",2056,95,51,145
380,"Italy",4,"Median","39",2056,108,57,166
380,"Italy",4,"Median","40",2056,123,63,186
380,"Italy",4,"Median","41",2056,138,71,209
380,"Italy",4,"Median","42",2056,153,80,233
380,"Italy",4,"Median","43",2056,170,92,262
380,"Italy",4,"Median","44",2056,196,105,301
380,"Italy",4,"Median","45",2056,225,119,344
380,"Italy",4,"Median","46",2056,254,136,390
380,"Italy",4,"Median","47",2056,281,154,435
380,"Italy",4,"Median","48",2056,309,170,478
380,"Italy",4,"Median","49",2056,340,186,526
380,"Italy",4,"Median","50",2056,376,204,580
380,"Italy",4,"Median","51",2056,416,224,639
380,"Italy",4,"Median","52",2056,455,242,697
380,"Italy",4,"Median","53",2056,490,258,747
380,"Italy",4,"Median","54",2056,530,279,809
380,"Italy",4,"Median","55",2056,598,306,903
380,"Italy",4,"Median","56",2056,673,331,1004
380,"Italy",4,"Median","57",2056,746,357,1103
380,"Italy",4,"Median","58",2056,817,391,1207
380,"Italy",4,"Median","59",2056,891,433,1325
380,"Italy",4,"Median","60",2056,980,478,1458
380,"Italy",4,"Median","61",2056,1076,522,1598
380,"Italy",4,"Median","62",2056,1181,573,1754
380,"Italy",4,"Median","63",2056,1347,663,2010
380,"Italy",4,"Median","64",2056,1510,760,2271
380,"Italy",4,"Median","65",2056,1646,842,2487
380,"Italy",4,"Median","66",2056,1815,922,2737
380,"Italy",4,"Median","67",2056,2004,1007,3012
380,"Italy",4,"Median","68",2056,2120,1077,3197
380,"Italy",4,"Median","69",2056,2230,1160,3390
380,"Italy",4,"Median","70",2056,2493,1314,3808
380,"Italy",4,"Median","71",2056,2833,1512,4345
380,"Italy",4,"Median","72",2056,3199,1726,4926
380,"Italy",4,"Median","73",2056,3617,1977,5594
380,"Italy",4,"Median","74",2056,4081,2267,6348
380,"Italy",4,"Median","75",2056,4554,2552,7106
380,"Italy",4,"Median","76",2056,5050,2898,7948
380,"Italy",4,"Median","77",2056,5710,3423,9133
380,"Italy",4,"Median","78",2056,6570,4079,10649
380,"Italy",4,"Median","79",2056,7701,4927,12628
380,"Italy",4,"Median","80",2056,9043,5978,15021
380,"Italy",4,"Median","81",2056,10567,7325,17892
380,"Italy",4,"Median","82",2056,12051,8756,20807
380,"Italy",4,"Median","83",2056,13619,10290,23908
380,"Italy",4,"Median","84",2056,15373,12125,27498
380,"Italy",4,"Median","85",2056,17154,14109,31263
380,"Italy",4,"Median","86",2056,18828,16133,34961
380,"Italy",4,"Median","87",2056,20594,18567,39161
380,"Italy",4,"Median","88",2056,22169,21136,43304
380,"Italy",4,"Median","89",2056,23000,23160,46160
380,"Italy",4,"Median","90",2056,23398,24945,48343
380,"Italy",4,"Median","91",2056,22969,26014,48983
380,"Italy",4,"Median","92",2056,21395,25825,47219
380,"Italy",4,"Median","93",2056,19519,25204,44723
380,"Italy",4,"Median","94",2056,16952,23694,40645
380,"Italy",4,"Median","95",2056,14512,21969,36481
380,"Italy",4,"Median","96",2056,12114,19724,31838
380,"Italy",4,"Median","97",2056,9404,16610,26014
380,"Italy",4,"Median","98",2056,6937,13350,20288
380,"Italy",4,"Median","99",2056,5030,10498,15528
380,"Italy",4,"Median","100",2056,1659,3194,4853
380,"Italy",4,"Median","101",2056,1401,2908,4309
380,"Italy",4,"Median","102",2056,1183,2647,3830
380,"Italy",4,"Median","103",2056,999,2410,3409
380,"Italy",4,"Median","104",2056,843,2194,3037
380,"Italy",4,"Median","105",2056,712,1998,2710
380,"Italy",4,"Median","106",2056,601,1819,2420
380,"Italy",4,"Median","107",2056,508,1656,2164
380,"Italy",4,"Median","108",2056,429,1508,1937
380,"Italy",4,"Median","109",2056,362,1373,1735
380,"Italy",4,"Median","110",2056,306,1250,1556
380,"Italy",4,"Median","0",2057,157,117,275
380,"Italy",4,"Median","1",2057,15,12,27
380,"Italy",4,"Median","2",2057,6,4,10
380,"Italy",4,"Median","3",2057,6,4,10
380,"Italy",4,"Median","4",2057,5,4,9
380,"Italy",4,"Median","5",2057,5,4,8
380,"Italy",4,"Median","6",2057,4,3,7
380,"Italy",4,"Median","7",2057,5,3,8
380,"Italy",4,"Median","8",2057,5,3,8
380,"Italy",4,"Median","9",2057,6,4,9
380,"Italy",4,"Median","10",2057,6,4,10
380,"Italy",4,"Median","11",2057,6,4,10
380,"Italy",4,"Median","12",2057,7,4,11
380,"Italy",4,"Median","13",2057,8,5,13
380,"Italy",4,"Median","14",2057,11,6,17
380,"Italy",4,"Median","15",2057,15,7,22
380,"Italy",4,"Median","16",2057,20,8,28
380,"Italy",4,"Median","17",2057,26,9,35
380,"Italy",4,"Median","18",2057,32,10,42
380,"Italy",4,"Median","19",2057,36,11,47
380,"Italy",4,"Median","20",2057,39,12,51
380,"Italy",4,"Median","21",2057,42,14,56
380,"Italy",4,"Median","22",2057,43,14,57
380,"Italy",4,"Median","23",2057,44,13,57
380,"Italy",4,"Median","24",2057,45,15,60
380,"Italy",4,"Median","25",2057,47,17,64
380,"Italy",4,"Median","26",2057,49,18,66
380,"Italy",4,"Median","27",2057,49,17,65
380,"Italy",4,"Median","28",2057,48,17,65
380,"Italy",4,"Median","29",2057,48,18,66
380,"Italy",4,"Median","30",2057,51,19,69
380,"Italy",4,"Median","31",2057,55,20,75
380,"Italy",4,"Median","32",2057,59,23,81
380,"Italy",4,"Median","33",2057,61,25,86
380,"Italy",4,"Median","34",2057,65,28,93
380,"Italy",4,"Median","35",2057,70,32,102
380,"Italy",4,"Median","36",2057,74,36,110
380,"Italy",4,"Median","37",2057,80,41,121
380,"Italy",4,"Median","38",2057,89,48,137
380,"Italy",4,"Median","39",2057,103,54,158
380,"Italy",4,"Median","40",2057,118,61,179
380,"Italy",4,"Median","41",2057,133,68,201
380,"Italy",4,"Median","42",2057,148,77,225
380,"Italy",4,"Median","43",2057,164,87,251
380,"Italy",4,"Median","44",2057,188,100,288
380,"Italy",4,"Median","45",2057,217,115,331
380,"Italy",4,"Median","46",2057,245,130,375
380,"Italy",4,"Median","47",2057,273,148,421
380,"Italy",4,"Median","48",2057,302,165,467
380,"Italy",4,"Median","49",2057,335,183,517
380,"Italy",4,"Median","50",2057,372,201,573
380,"Italy",4,"Median","51",2057,413,220,634
380,"Italy",4,"Median","52",2057,455,240,694
380,"Italy",4,"Median","53",2057,493,259,752
380,"Italy",4,"Median","54",2057,527,277,804
380,"Italy",4,"Median","55",2057,581,299,880
380,"Italy",4,"Median","56",2057,656,326,982
380,"Italy",4,"Median","57",2057,729,353,1082
380,"Italy",4,"Median","58",2057,803,383,1186
380,"Italy",4,"Median","59",2057,884,421,1304
380,"Italy",4,"Median","60",2057,964,462,1426
380,"Italy",4,"Median","61",2057,1058,503,1561
380,"Italy",4,"Median","62",2057,1151,546,1697
380,"Italy",4,"Median","63",2057,1279,618,1898
380,"Italy",4,"Median","64",2057,1444,718,2163
380,"Italy",4,"Median","65",2057,1595,809,2404
380,"Italy",4,"Median","66",2057,1780,890,2670
380,"Italy",4,"Median","67",2057,1958,968,2927
380,"Italy",4,"Median","68",2057,2135,1072,3206
380,"Italy",4,"Median","69",2057,2246,1156,3402
380,"Italy",4,"Median","70",2057,2394,1256,3650
380,"Italy",4,"Median","71",2057,2724,1444,4168
380,"Italy",4,"Median","72",2057,3067,1644,4711
380,"Italy",4,"Median","73",2057,3461,1877,5338
380,"Italy",4,"Median","74",2057,3891,2138,6029
380,"Italy",4,"Median","75",2057,4384,2458,6842
380,"Italy",4,"Median","76",2057,4886,2783,7669
380,"Italy",4,"Median","77",2057,5469,3223,8692
380,"Italy",4,"Median","78",2057,6225,3836,10061
380,"Italy",4,"Median","79",2057,7305,4633,11938
380,"Italy",4,"Median","80",2057,8588,5628,14216
380,"Italy",4,"Median","81",2057,10123,6941,17064
380,"Italy",4,"Median","82",2057,11760,8472,20232
380,"Italy",4,"Median","83",2057,13429,10060,23488
380,"Italy",4,"Median","84",2057,15176,11784,26960
380,"Italy",4,"Median","85",2057,17040,13863,30903
380,"Italy",4,"Median","86",2057,18807,16044,34851
380,"Italy",4,"Median","87",2057,20323,18165,38488
380,"Italy",4,"Median","88",2057,22018,20817,42835
380,"Italy",4,"Median","89",2057,23144,23211,46355
380,"Italy",4,"Median","90",2057,23272,24680,47952
380,"Italy",4,"Median","91",2057,23148,26008,49156
380,"Italy",4,"Median","92",2057,22121,26413,48533
380,"Italy",4,"Median","93",2057,20305,26007,46312
380,"Italy",4,"Median","94",2057,17913,24754,42667
380,"Italy",4,"Median","95",2057,15069,22620,37689
380,"Italy",4,"Median","96",2057,12494,20300,32795
380,"Italy",4,"Median","97",2057,9994,17499,27493
380,"Italy",4,"Median","98",2057,7393,14101,21495
380,"Italy",4,"Median","99",2057,5222,10851,16073
380,"Italy",4,"Median","100",2057,1698,3232,4930
380,"Italy",4,"Median","101",2057,1441,2959,4400
380,"Italy",4,"Median","102",2057,1224,2709,3933
380,"Italy",4,"Median","103",2057,1039,2480,3519
380,"Italy",4,"Median","104",2057,882,2270,3152
380,"Italy",4,"Median","105",2057,748,2078,2826
380,"Italy",4,"Median","106",2057,635,1903,2538
380,"Italy",4,"Median","107",2057,539,1742,2281
380,"Italy",4,"Median","108",2057,458,1595,2053
380,"Italy",4,"Median","109",2057,389,1460,1849
380,"Italy",4,"Median","110",2057,330,1336,1666
380,"Italy",4,"Median","0",2058,153,113,266
380,"Italy",4,"Median","1",2058,15,11,26
380,"Italy",4,"Median","2",2058,6,4,10
380,"Italy",4,"Median","3",2058,6,4,9
380,"Italy",4,"Median","4",2058,5,4,9
380,"Italy",4,"Median","5",2058,4,3,8
380,"Italy",4,"Median","6",2058,4,3,7
380,"Italy",4,"Median","7",2058,4,3,7
380,"Italy",4,"Median","8",2058,5,3,8
380,"Italy",4,"Median","9",2058,5,3,9
380,"Italy",4,"Median","10",2058,6,4,10
380,"Italy",4,"Median","11",2058,6,4,10
380,"Italy",4,"Median","12",2058,6,4,10
380,"Italy",4,"Median","13",2058,8,5,13
380,"Italy",4,"Median","14",2058,10,6,16
380,"Italy",4,"Median","15",2058,14,7,21
380,"Italy",4,"Median","16",2058,19,8,27
380,"Italy",4,"Median","17",2058,26,9,35
380,"Italy",4,"Median","18",2058,31,10,41
380,"Italy",4,"Median","19",2058,35,11,46
380,"Italy",4,"Median","20",2058,38,12,50
380,"Italy",4,"Median","21",2058,41,14,55
380,"Italy",4,"Median","22",2058,43,13,56
380,"Italy",4,"Median","23",2058,43,13,56
380,"Italy",4,"Median","24",2058,45,14,59
380,"Italy",4,"Median","25",2058,46,17,63
380,"Italy",4,"Median","26",2058,48,17,65
380,"Italy",4,"Median","27",2058,48,16,64
380,"Italy",4,"Median","28",2058,47,16,63
380,"Italy",4,"Median","29",2058,47,17,64
380,"Italy",4,"Median","30",2058,50,18,68
380,"Italy",4,"Median","31",2058,54,20,73
380,"Italy",4,"Median","32",2058,57,22,79
380,"Italy",4,"Median","33",2058,60,24,84
380,"Italy",4,"Median","34",2058,63,27,89
380,"Italy",4,"Median","35",2058,67,30,97
380,"Italy",4,"Median","36",2058,73,35,107
380,"Italy",4,"Median","37",2058,78,40,118
380,"Italy",4,"Median","38",2058,85,45,130
380,"Italy",4,"Median","39",2058,98,51,148
380,"Italy",4,"Median","40",2058,113,57,170
380,"Italy",4,"Median","41",2058,128,65,193
380,"Italy",4,"Median","42",2058,142,74,216
380,"Italy",4,"Median","43",2058,158,84,242
380,"Italy",4,"Median","44",2058,180,95,275
380,"Italy",4,"Median","45",2058,208,109,316
380,"Italy",4,"Median","46",2058,236,125,360
380,"Italy",4,"Median","47",2058,263,141,405
380,"Italy",4,"Median","48",2058,294,159,452
380,"Italy",4,"Median","49",2058,327,177,505
380,"Italy",4,"Median","50",2058,366,197,563
380,"Italy",4,"Median","51",2058,409,217,626
380,"Italy",4,"Median","52",2058,452,235,687
380,"Italy",4,"Median","53",2058,493,256,749
380,"Italy",4,"Median","54",2058,531,278,809
380,"Italy",4,"Median","55",2058,577,297,874
380,"Italy",4,"Median","56",2058,637,318,956
380,"Italy",4,"Median","57",2058,711,347,1057
380,"Italy",4,"Median","58",2058,785,378,1162
380,"Italy",4,"Median","59",2058,869,411,1280
380,"Italy",4,"Median","60",2058,956,447,1403
380,"Italy",4,"Median","61",2058,1041,485,1526
380,"Italy",4,"Median","62",2058,1131,524,1655
380,"Italy",4,"Median","63",2058,1246,588,1834
380,"Italy",4,"Median","64",2058,1371,668,2039
380,"Italy",4,"Median","65",2058,1525,762,2286
380,"Italy",4,"Median","66",2058,1725,853,2578
380,"Italy",4,"Median","67",2058,1921,931,2852
380,"Italy",4,"Median","68",2058,2086,1026,3112
380,"Italy",4,"Median","69",2058,2262,1146,3407
380,"Italy",4,"Median","70",2058,2411,1247,3658
380,"Italy",4,"Median","71",2058,2616,1375,3991
380,"Italy",4,"Median","72",2058,2950,1565,4514
380,"Italy",4,"Median","73",2058,3319,1781,5100
380,"Italy",4,"Median","74",2058,3724,2023,5747
380,"Italy",4,"Median","75",2058,4181,2310,6491
380,"Italy",4,"Median","76",2058,4705,2672,7377
380,"Italy",4,"Median","77",2058,5293,3086,8379
380,"Italy",4,"Median","78",2058,5965,3601,9566
380,"Italy",4,"Median","79",2058,6926,4346,11272
380,"Italy",4,"Median","80",2058,8153,5280,13432
380,"Italy",4,"Median","81",2058,9624,6522,16146
380,"Italy",4,"Median","82",2058,11278,8014,19292
380,"Italy",4,"Median","83",2058,13120,9719,22839
380,"Italy",4,"Median","84",2058,14983,11507,26490
380,"Italy",4,"Median","85",2058,16846,13461,30306
380,"Italy",4,"Median","86",2058,18711,15754,34465
380,"Italy",4,"Median","87",2058,20333,18058,38390
380,"Italy",4,"Median","88",2058,21766,20366,42132
380,"Italy",4,"Median","89",2058,23025,22862,45887
380,"Italy",4,"Median","90",2058,23456,24738,48195
380,"Italy",4,"Median","91",2058,23063,25743,48806
380,"Italy",4,"Median","92",2058,22329,26417,48747
380,"Italy",4,"Median","93",2058,21035,26624,47659
380,"Italy",4,"Median","94",2058,18670,25568,44238
380,"Italy",4,"Median","95",2058,15953,23661,39614
380,"Italy",4,"Median","96",2058,12999,20932,33931
380,"Italy",4,"Median","97",2058,10327,18037,28363
380,"Italy",4,"Median","98",2058,7871,14878,22749
380,"Italy",4,"Median","99",2058,5574,11479,17053
380,"Italy",4,"Median","100",2058,1728,3255,4983
380,"Italy",4,"Median","101",2058,1477,3000,4477
380,"Italy",4,"Median","102",2058,1262,2765,4027
380,"Italy",4,"Median","103",2058,1078,2549,3627
380,"Italy",4,"Median","104",2058,922,2349,3271
380,"Italy",4,"Median","105",2058,788,2165,2953
380,"Italy",4,"Median","106",2058,673,1996,2669
380,"Italy",4,"Median","107",2058,575,1839,2414
380,"Italy",4,"Median","108",2058,492,1695,2187
380,"Italy",4,"Median","109",2058,420,1563,1983
380,"Italy",4,"Median","110",2058,359,1440,1799
380,"Italy",4,"Median","0",2059,149,109,257
380,"Italy",4,"Median","1",2059,14,11,25
380,"Italy",4,"Median","2",2059,6,4,9
380,"Italy",4,"Median","3",2059,6,4,9
380,"Italy",4,"Median","4",2059,5,4,9
380,"Italy",4,"Median","5",2059,4,3,8
380,"Italy",4,"Median","6",2059,4,3,7
380,"Italy",4,"Median","7",2059,4,3,7
380,"Italy",4,"Median","8",2059,5,3,8
380,"Italy",4,"Median","9",2059,5,3,9
380,"Italy",4,"Median","10",2059,6,4,9
380,"Italy",4,"Median","11",2059,6,4,10
380,"Italy",4,"Median","12",2059,6,4,10
380,"Italy",4,"Median","13",2059,8,5,12
380,"Italy",4,"Median","14",2059,10,6,16
380,"Italy",4,"Median","15",2059,14,7,20
380,"Italy",4,"Median","16",2059,19,8,26
380,"Italy",4,"Median","17",2059,25,9,34
380,"Italy",4,"Median","18",2059,31,10,40
380,"Italy",4,"Median","19",2059,35,10,45
380,"Italy",4,"Median","20",2059,37,12,49
380,"Italy",4,"Median","21",2059,41,13,54
380,"Italy",4,"Median","22",2059,42,13,55
380,"Italy",4,"Median","23",2059,42,12,55
380,"Italy",4,"Median","24",2059,44,14,58
380,"Italy",4,"Median","25",2059,46,16,62
380,"Italy",4,"Median","26",2059,47,17,63
380,"Italy",4,"Median","27",2059,47,16,63
380,"Italy",4,"Median","28",2059,46,16,62
380,"Italy",4,"Median","29",2059,46,17,63
380,"Italy",4,"Median","30",2059,49,17,66
380,"Italy",4,"Median","31",2059,52,19,71
380,"Italy",4,"Median","32",2059,56,21,77
380,"Italy",4,"Median","33",2059,58,24,82
380,"Italy",4,"Median","34",2059,61,26,87
380,"Italy",4,"Median","35",2059,64,29,93
380,"Italy",4,"Median","36",2059,69,33,102
380,"Italy",4,"Median","37",2059,76,39,115
380,"Italy",4,"Median","38",2059,83,44,126
380,"Italy",4,"Median","39",2059,93,48,141
380,"Italy",4,"Median","40",2059,106,54,160
380,"Italy",4,"Median","41",2059,122,61,183
380,"Italy",4,"Median","42",2059,137,71,208
380,"Italy",4,"Median","43",2059,152,80,232
380,"Italy",4,"Median","44",2059,173,91,265
380,"Italy",4,"Median","45",2059,199,104,303
380,"Italy",4,"Median","46",2059,226,119,344
380,"Italy",4,"Median","47",2059,253,135,389
380,"Italy",4,"Median","48",2059,282,152,434
380,"Italy",4,"Median","49",2059,318,171,488
380,"Italy",4,"Median","50",2059,358,191,549
380,"Italy",4,"Median","51",2059,402,213,614
380,"Italy",4,"Median","52",2059,446,232,679
380,"Italy",4,"Median","53",2059,489,252,741
380,"Italy",4,"Median","54",2059,530,276,805
380,"Italy",4,"Median","55",2059,581,298,879
380,"Italy",4,"Median","56",2059,633,317,949
380,"Italy",4,"Median","57",2059,689,340,1029
380,"Italy",4,"Median","58",2059,764,372,1136
380,"Italy",4,"Median","59",2059,848,407,1254
380,"Italy",4,"Median","60",2059,939,438,1377
380,"Italy",4,"Median","61",2059,1030,471,1501
380,"Italy",4,"Median","62",2059,1110,507,1617
380,"Italy",4,"Median","63",2059,1223,566,1789
380,"Italy",4,"Median","64",2059,1334,637,1971
380,"Italy",4,"Median","65",2059,1445,711,2155
380,"Italy",4,"Median","66",2059,1646,805,2452
380,"Italy",4,"Median","67",2059,1858,895,2753
380,"Italy",4,"Median","68",2059,2042,990,3032
380,"Italy",4,"Median","69",2059,2206,1101,3307
380,"Italy",4,"Median","70",2059,2423,1240,3664
380,"Italy",4,"Median","71",2059,2631,1370,4001
380,"Italy",4,"Median","72",2059,2828,1496,4323
380,"Italy",4,"Median","73",2059,3186,1701,4888
380,"Italy",4,"Median","74",2059,3565,1927,5492
380,"Italy",4,"Median","75",2059,3995,2194,6188
380,"Italy",4,"Median","76",2059,4480,2520,7000
380,"Italy",4,"Median","77",2059,5090,2975,8065
380,"Italy",4,"Median","78",2059,5767,3462,9229
380,"Italy",4,"Median","79",2059,6631,4098,10728
380,"Italy",4,"Median","80",2059,7724,4973,12697
380,"Italy",4,"Median","81",2059,9132,6146,15278
380,"Italy",4,"Median","82",2059,10719,7563,18282
380,"Italy",4,"Median","83",2059,12579,9233,21812
380,"Italy",4,"Median","84",2059,14638,11166,25804
380,"Italy",4,"Median","85",2059,16635,13201,29836
380,"Italy",4,"Median","86",2059,18504,15362,33866
380,"Italy",4,"Median","87",2059,20240,17806,38046
380,"Italy",4,"Median","88",2059,21794,20330,42124
380,"Italy",4,"Median","89",2059,22781,22455,45236
380,"Italy",4,"Median","90",2059,23356,24457,47813
380,"Italy",4,"Median","91",2059,23270,25899,49169
380,"Italy",4,"Median","92",2059,22270,26239,48509
380,"Italy",4,"Median","93",2059,21262,26728,47990
380,"Italy",4,"Median","94",2059,19367,26268,45635
380,"Italy",4,"Median","95",2059,16651,24523,41174
380,"Italy",4,"Median","96",2059,13784,21968,35752
380,"Italy",4,"Median","97",2059,10761,18658,29419
380,"Italy",4,"Median","98",2059,8145,15380,23526
380,"Italy",4,"Median","99",2059,5943,12145,18088
380,"Italy",4,"Median","100",2059,1775,3305,5080
380,"Italy",4,"Median","101",2059,1527,3067,4594
380,"Italy",4,"Median","102",2059,1315,2847,4162
380,"Italy",4,"Median","103",2059,1131,2642,3773
380,"Italy",4,"Median","104",2059,974,2452,3426
380,"Italy",4,"Median","105",2059,838,2276,3114
380,"Italy",4,"Median","106",2059,721,2112,2833
380,"Italy",4,"Median","107",2059,621,1960,2581
380,"Italy",4,"Median","108",2059,534,1820,2354
380,"Italy",4,"Median","109",2059,460,1689,2149
380,"Italy",4,"Median","110",2059,396,1567,1963
380,"Italy",4,"Median","0",2060,145,105,250
380,"Italy",4,"Median","1",2060,14,10,24
380,"Italy",4,"Median","2",2060,5,4,9
380,"Italy",4,"Median","3",2060,5,3,9
380,"Italy",4,"Median","4",2060,5,3,8
380,"Italy",4,"Median","5",2060,4,3,7
380,"Italy",4,"Median","6",2060,4,3,7
380,"Italy",4,"Median","7",2060,4,3,7
380,"Italy",4,"Median","8",2060,5,3,7
380,"Italy",4,"Median","9",2060,5,3,8
380,"Italy",4,"Median","10",2060,6,3,9
380,"Italy",4,"Median","11",2060,6,4,9
380,"Italy",4,"Median","12",2060,6,4,10
380,"Italy",4,"Median","13",2060,7,4,12
380,"Italy",4,"Median","14",2060,10,5,15
380,"Italy",4,"Median","15",2060,13,6,20
380,"Italy",4,"Median","16",2060,18,7,26
380,"Italy",4,"Median","17",2060,24,9,33
380,"Italy",4,"Median","18",2060,30,9,40
380,"Italy",4,"Median","19",2060,34,10,44
380,"Italy",4,"Median","20",2060,37,11,48
380,"Italy",4,"Median","21",2060,40,13,53
380,"Italy",4,"Median","22",2060,41,13,54
380,"Italy",4,"Median","23",2060,42,12,54
380,"Italy",4,"Median","24",2060,43,14,57
380,"Italy",4,"Median","25",2060,45,16,61
380,"Italy",4,"Median","26",2060,46,16,62
380,"Italy",4,"Median","27",2060,46,16,61
380,"Italy",4,"Median","28",2060,45,16,61
380,"Italy",4,"Median","29",2060,45,16,61
380,"Italy",4,"Median","30",2060,48,17,65
380,"Italy",4,"Median","31",2060,51,19,70
380,"Italy",4,"Median","32",2060,55,21,75
380,"Italy",4,"Median","33",2060,57,23,80
380,"Italy",4,"Median","34",2060,60,25,85
380,"Italy",4,"Median","35",2060,63,28,91
380,"Italy",4,"Median","36",2060,67,32,99
380,"Italy",4,"Median","37",2060,73,37,110
380,"Italy",4,"Median","38",2060,81,42,123
380,"Italy",4,"Median","39",2060,91,47,137
380,"Italy",4,"Median","40",2060,101,51,152
380,"Italy",4,"Median","41",2060,115,58,173
380,"Italy",4,"Median","42",2060,131,67,197
380,"Italy",4,"Median","43",2060,146,77,223
380,"Italy",4,"Median","44",2060,167,88,255
380,"Italy",4,"Median","45",2060,192,100,292
380,"Italy",4,"Median","46",2060,216,113,330
380,"Italy",4,"Median","47",2060,243,129,372
380,"Italy",4,"Median","48",2060,272,146,417
380,"Italy",4,"Median","49",2060,306,163,470
380,"Italy",4,"Median","50",2060,348,184,532
380,"Italy",4,"Median","51",2060,393,207,600
380,"Italy",4,"Median","52",2060,439,228,667
380,"Italy",4,"Median","53",2060,484,249,733
380,"Italy",4,"Median","54",2060,526,272,798
380,"Italy",4,"Median","55",2060,580,296,876
380,"Italy",4,"Median","56",2060,637,318,956
380,"Italy",4,"Median","57",2060,685,338,1023
380,"Italy",4,"Median","58",2060,743,364,1107
380,"Italy",4,"Median","59",2060,827,400,1227
380,"Italy",4,"Median","60",2060,917,434,1351
380,"Italy",4,"Median","61",2060,1013,461,1475
380,"Italy",4,"Median","62",2060,1101,492,1593
380,"Italy",4,"Median","63",2060,1203,548,1750
380,"Italy",4,"Median","64",2060,1311,614,1925
380,"Italy",4,"Median","65",2060,1407,677,2085
380,"Italy",4,"Median","66",2060,1563,751,2314
380,"Italy",4,"Median","67",2060,1776,845,2621
380,"Italy",4,"Median","68",2060,1979,952,2930
380,"Italy",4,"Median","69",2060,2163,1062,3225
380,"Italy",4,"Median","70",2060,2368,1192,3560
380,"Italy",4,"Median","71",2060,2650,1364,4013
380,"Italy",4,"Median","72",2060,2849,1491,4340
380,"Italy",4,"Median","73",2060,3060,1627,4687
380,"Italy",4,"Median","74",2060,3429,1841,5270
380,"Italy",4,"Median","75",2060,3832,2090,5922
380,"Italy",4,"Median","76",2060,4289,2393,6682
380,"Italy",4,"Median","77",2060,4857,2807,7665
380,"Italy",4,"Median","78",2060,5558,3339,8897
380,"Italy",4,"Median","79",2060,6426,3943,10369
380,"Italy",4,"Median","80",2060,7413,4694,12107
380,"Italy",4,"Median","81",2060,8676,5797,14473
380,"Italy",4,"Median","82",2060,10199,7136,17334
380,"Italy",4,"Median","83",2060,11988,8725,20714
380,"Italy",4,"Median","84",2060,14075,10623,24698
380,"Italy",4,"Median","85",2060,16298,12830,29128
380,"Italy",4,"Median","86",2060,18326,15091,33417
380,"Italy",4,"Median","87",2060,20074,17394,37468
380,"Italy",4,"Median","88",2060,21758,20085,41843
380,"Italy",4,"Median","89",2060,22873,22458,45331
380,"Italy",4,"Median","90",2060,23170,24065,47235
380,"Italy",4,"Median","91",2060,23232,25654,48886
380,"Italy",4,"Median","92",2060,22526,26446,48972
380,"Italy",4,"Median","93",2060,21264,26606,47870
380,"Italy",4,"Median","94",2060,19628,26426,46054
380,"Italy",4,"Median","95",2060,17318,25248,42565
380,"Italy",4,"Median","96",2060,14424,22820,37244
380,"Italy",4,"Median","97",2060,11438,19624,31063
380,"Italy",4,"Median","98",2060,8507,15943,24450
380,"Italy",4,"Median","99",2060,6163,12580,18743
380,"Italy",4,"Median","100",2060,1836,3375,5211
380,"Italy",4,"Median","101",2060,1591,3154,4745
380,"Italy",4,"Median","102",2060,1379,2947,4326
380,"Italy",4,"Median","103",2060,1195,2755,3950
380,"Italy",4,"Median","104",2060,1035,2574,3609
380,"Italy",4,"Median","105",2060,897,2406,3303
380,"Italy",4,"Median","106",2060,777,2248,3025
380,"Italy",4,"Median","107",2060,674,2101,2775
380,"Italy",4,"Median","108",2060,584,1964,2548
380,"Italy",4,"Median","109",2060,506,1835,2341
380,"Italy",4,"Median","110",2060,438,1715,2153
380,"Italy",4,"Median","0",2061,142,102,244
380,"Italy",4,"Median","1",2061,14,10,24
380,"Italy",4,"Median","2",2061,5,4,9
380,"Italy",4,"Median","3",2061,5,3,9
380,"Italy",4,"Median","4",2061,5,3,8
380,"Italy",4,"Median","5",2061,4,3,7
380,"Italy",4,"Median","6",2061,4,3,6
380,"Italy",4,"Median","7",2061,4,3,7
380,"Italy",4,"Median","8",2061,4,3,7
380,"Italy",4,"Median","9",2061,5,3,8
380,"Italy",4,"Median","10",2061,5,3,9
380,"Italy",4,"Median","11",2061,6,3,9
380,"Italy",4,"Median","12",2061,6,4,9
380,"Italy",4,"Median","13",2061,7,4,11
380,"Italy",4,"Median","14",2061,10,5,15
380,"Italy",4,"Median","15",2061,13,6,19
380,"Italy",4,"Median","16",2061,18,7,25
380,"Italy",4,"Median","17",2061,24,8,32
380,"Italy",4,"Median","18",2061,29,9,39
380,"Italy",4,"Median","19",2061,33,10,43
380,"Italy",4,"Median","20",2061,36,11,47
380,"Italy",4,"Median","21",2061,39,13,52
380,"Italy",4,"Median","22",2061,41,13,53
380,"Italy",4,"Median","23",2061,41,12,53
380,"Italy",4,"Median","24",2061,43,14,56
380,"Italy",4,"Median","25",2061,44,16,60
380,"Italy",4,"Median","26",2061,45,16,61
380,"Italy",4,"Median","27",2061,45,15,60
380,"Italy",4,"Median","28",2061,44,15,59
380,"Italy",4,"Median","29",2061,44,16,60
380,"Italy",4,"Median","30",2061,47,17,63
380,"Italy",4,"Median","31",2061,50,18,68
380,"Italy",4,"Median","32",2061,53,20,74
380,"Italy",4,"Median","33",2061,56,22,78
380,"Italy",4,"Median","34",2061,58,24,83
380,"Italy",4,"Median","35",2061,62,27,89
380,"Italy",4,"Median","36",2061,66,31,96
380,"Italy",4,"Median","37",2061,70,35,105
380,"Italy",4,"Median","38",2061,78,40,118
380,"Italy",4,"Median","39",2061,89,45,134
380,"Italy",4,"Median","40",2061,99,49,148
380,"Italy",4,"Median","41",2061,110,55,165
380,"Italy",4,"Median","42",2061,123,63,186
380,"Italy",4,"Median","43",2061,140,73,212
380,"Italy",4,"Median","44",2061,161,84,245
380,"Italy",4,"Median","45",2061,185,96,281
380,"Italy",4,"Median","46",2061,209,109,318
380,"Italy",4,"Median","47",2061,233,123,356
380,"Italy",4,"Median","48",2061,261,139,399
380,"Italy",4,"Median","49",2061,295,157,451
380,"Italy",4,"Median","50",2061,335,177,511
380,"Italy",4,"Median","51",2061,382,199,582
380,"Italy",4,"Median","52",2061,430,222,651
380,"Italy",4,"Median","53",2061,476,244,721
380,"Italy",4,"Median","54",2061,521,268,789
380,"Italy",4,"Median","55",2061,577,292,868
380,"Italy",4,"Median","56",2061,637,316,953
380,"Italy",4,"Median","57",2061,691,340,1030
380,"Italy",4,"Median","58",2061,738,362,1100
380,"Italy",4,"Median","59",2061,803,392,1195
380,"Italy",4,"Median","60",2061,894,427,1321
380,"Italy",4,"Median","61",2061,990,457,1446
380,"Italy",4,"Median","62",2061,1083,482,1565
380,"Italy",4,"Median","63",2061,1193,531,1724
380,"Italy",4,"Median","64",2061,1290,594,1883
380,"Italy",4,"Median","65",2061,1383,653,2036
380,"Italy",4,"Median","66",2061,1522,716,2239
380,"Italy",4,"Median","67",2061,1686,788,2474
380,"Italy",4,"Median","68",2061,1892,898,2790
380,"Italy",4,"Median","69",2061,2096,1020,3116
380,"Italy",4,"Median","70",2061,2322,1149,3472
380,"Italy",4,"Median","71",2061,2590,1311,3901
380,"Italy",4,"Median","72",2061,2870,1483,4353
380,"Italy",4,"Median","73",2061,3084,1621,4705
380,"Italy",4,"Median","74",2061,3294,1760,5054
380,"Italy",4,"Median","75",2061,3687,1996,5683
380,"Italy",4,"Median","76",2061,4115,2280,6395
380,"Italy",4,"Median","77",2061,4653,2667,7320
380,"Italy",4,"Median","78",2061,5307,3152,8459
380,"Italy",4,"Median","79",2061,6199,3805,10004
380,"Italy",4,"Median","80",2061,7190,4520,11711
380,"Italy",4,"Median","81",2061,8336,5477,13814
380,"Italy",4,"Median","82",2061,9700,6738,16438
380,"Italy",4,"Median","83",2061,11420,8243,19663
380,"Italy",4,"Median","84",2061,13431,10053,23484
380,"Italy",4,"Median","85",2061,15693,12225,27918
380,"Italy",4,"Median","86",2061,17982,14691,32673
380,"Italy",4,"Median","87",2061,19911,17117,37028
380,"Italy",4,"Median","88",2061,21616,19658,41273
380,"Italy",4,"Median","89",2061,22874,22228,45102
380,"Italy",4,"Median","90",2061,23302,24111,47412
380,"Italy",4,"Median","91",2061,23087,25291,48378
380,"Italy",4,"Median","92",2061,22526,26241,48768
380,"Italy",4,"Median","93",2061,21551,26874,48425
380,"Italy",4,"Median","94",2061,19667,26360,46027
380,"Italy",4,"Median","95",2061,17584,25454,43037
380,"Italy",4,"Median","96",2061,15031,23546,38577
380,"Italy",4,"Median","97",2061,11992,20429,32421
380,"Italy",4,"Median","98",2061,9059,16803,25862
380,"Italy",4,"Median","99",2061,6449,13066,19515
380,"Italy",4,"Median","100",2061,1883,3436,5319
380,"Italy",4,"Median","101",2061,1644,3233,4877
380,"Italy",4,"Median","102",2061,1435,3042,4477
380,"Italy",4,"Median","103",2061,1252,2862,4114
380,"Italy",4,"Median","104",2061,1093,2693,3786
380,"Italy",4,"Median","105",2061,954,2533,3487
380,"Italy",4,"Median","106",2061,832,2384,3216
380,"Italy",4,"Median","107",2061,726,2243,2969
380,"Italy",4,"Median","108",2061,634,2110,2744
380,"Italy",4,"Median","109",2061,553,1985,2538
380,"Italy",4,"Median","110",2061,483,1868,2351
380,"Italy",4,"Median","0",2062,138,99,237
380,"Italy",4,"Median","1",2062,13,10,23
380,"Italy",4,"Median","2",2062,5,3,9
380,"Italy",4,"Median","3",2062,5,3,8
380,"Italy",4,"Median","4",2062,5,3,8
380,"Italy",4,"Median","5",2062,4,3,7
380,"Italy",4,"Median","6",2062,4,3,6
380,"Italy",4,"Median","7",2062,4,2,6
380,"Italy",4,"Median","8",2062,4,3,7
380,"Italy",4,"Median","9",2062,5,3,8
380,"Italy",4,"Median","10",2062,5,3,8
380,"Italy",4,"Median","11",2062,5,3,9
380,"Italy",4,"Median","12",2062,6,3,9
380,"Italy",4,"Median","13",2062,7,4,11
380,"Italy",4,"Median","14",2062,9,5,14
380,"Italy",4,"Median","15",2062,13,6,19
380,"Italy",4,"Median","16",2062,17,7,24
380,"Italy",4,"Median","17",2062,23,8,31
380,"Italy",4,"Median","18",2062,29,9,38
380,"Italy",4,"Median","19",2062,32,10,42
380,"Italy",4,"Median","20",2062,35,11,46
380,"Italy",4,"Median","21",2062,38,13,51
380,"Italy",4,"Median","22",2062,40,12,52
380,"Italy",4,"Median","23",2062,40,12,52
380,"Italy",4,"Median","24",2062,42,13,55
380,"Italy",4,"Median","25",2062,44,15,59
380,"Italy",4,"Median","26",2062,45,16,60
380,"Italy",4,"Median","27",2062,44,15,59
380,"Italy",4,"Median","28",2062,43,15,58
380,"Italy",4,"Median","29",2062,44,15,59
380,"Italy",4,"Median","30",2062,46,16,62
380,"Italy",4,"Median","31",2062,49,18,67
380,"Italy",4,"Median","32",2062,52,20,72
380,"Italy",4,"Median","33",2062,55,22,76
380,"Italy",4,"Median","34",2062,57,24,81
380,"Italy",4,"Median","35",2062,60,26,86
380,"Italy",4,"Median","36",2062,64,30,94
380,"Italy",4,"Median","37",2062,69,34,103
380,"Italy",4,"Median","38",2062,75,38,113
380,"Italy",4,"Median","39",2062,85,43,128
380,"Italy",4,"Median","40",2062,96,48,144
380,"Italy",4,"Median","41",2062,107,53,160
380,"Italy",4,"Median","42",2062,117,59,177
380,"Italy",4,"Median","43",2062,131,68,200
380,"Italy",4,"Median","44",2062,153,79,233
380,"Italy",4,"Median","45",2062,178,92,270
380,"Italy",4,"Median","46",2062,201,105,305
380,"Italy",4,"Median","47",2062,224,118,343
380,"Italy",4,"Median","48",2062,250,132,382
380,"Italy",4,"Median","49",2062,282,149,431
380,"Italy",4,"Median","50",2062,322,169,491
380,"Italy",4,"Median","51",2062,368,191,559
380,"Italy",4,"Median","52",2062,417,214,631
380,"Italy",4,"Median","53",2062,465,238,703
380,"Italy",4,"Median","54",2062,512,263,775
380,"Italy",4,"Median","55",2062,570,288,858
380,"Italy",4,"Median","56",2062,632,311,943
380,"Italy",4,"Median","57",2062,689,337,1026
380,"Italy",4,"Median","58",2062,743,364,1107
380,"Italy",4,"Median","59",2062,797,390,1187
380,"Italy",4,"Median","60",2062,868,418,1286
380,"Italy",4,"Median","61",2062,964,450,1413
380,"Italy",4,"Median","62",2062,1056,477,1532
380,"Italy",4,"Median","63",2062,1171,521,1692
380,"Italy",4,"Median","64",2062,1277,576,1853
380,"Italy",4,"Median","65",2062,1358,631,1989
380,"Italy",4,"Median","66",2062,1494,690,2184
380,"Italy",4,"Median","67",2062,1639,751,2391
380,"Italy",4,"Median","68",2062,1792,838,2630
380,"Italy",4,"Median","69",2062,2000,963,2963
380,"Italy",4,"Median","70",2062,2246,1105,3351
380,"Italy",4,"Median","71",2062,2536,1264,3801
380,"Italy",4,"Median","72",2062,2800,1426,4226
380,"Italy",4,"Median","73",2062,3102,1613,4715
380,"Italy",4,"Median","74",2062,3314,1754,5068
380,"Italy",4,"Median","75",2062,3536,1909,5444
380,"Italy",4,"Median","76",2062,3952,2178,6131
380,"Italy",4,"Median","77",2062,4458,2542,7000
380,"Italy",4,"Median","78",2062,5077,2996,8073
380,"Italy",4,"Median","79",2062,5913,3595,9508
380,"Italy",4,"Median","80",2062,6930,4366,11296
380,"Italy",4,"Median","81",2062,8082,5281,13364
380,"Italy",4,"Median","82",2062,9317,6375,15691
380,"Italy",4,"Median","83",2062,10859,7794,18653
380,"Italy",4,"Median","84",2062,12794,9511,22305
380,"Italy",4,"Median","85",2062,14978,11587,26564
380,"Italy",4,"Median","86",2062,17320,14022,31342
380,"Italy",4,"Median","87",2062,19548,16692,36240
380,"Italy",4,"Median","88",2062,21457,19382,40839
380,"Italy",4,"Median","89",2062,22743,21795,44538
380,"Italy",4,"Median","90",2062,23321,23906,47228
380,"Italy",4,"Median","91",2062,23241,25387,48628
380,"Italy",4,"Median","92",2062,22408,25916,48324
380,"Italy",4,"Median","93",2062,21580,26723,48303
380,"Italy",4,"Median","94",2062,19959,26682,46641
380,"Italy",4,"Median","95",2062,17644,25444,43088
380,"Italy",4,"Median","96",2062,15285,23790,39075
380,"Italy",4,"Median","97",2062,12516,21124,33640
380,"Italy",4,"Median","98",2062,9511,17528,27040
380,"Italy",4,"Median","99",2062,6877,13799,20675
380,"Italy",4,"Median","100",2062,1930,3492,5422
380,"Italy",4,"Median","101",2062,1696,3308,5004
380,"Italy",4,"Median","102",2062,1491,3133,4624
380,"Italy",4,"Median","103",2062,1310,2967,4277
380,"Italy",4,"Median","104",2062,1151,2810,3961
380,"Italy",4,"Median","105",2062,1012,2662,3674
380,"Italy",4,"Median","106",2062,889,2521,3410
380,"Italy",4,"Median","107",2062,782,2388,3170
380,"Italy",4,"Median","108",2062,687,2262,2949
380,"Italy",4,"Median","109",2062,604,2142,2746
380,"Italy",4,"Median","110",2062,530,2029,2559
380,"Italy",4,"Median","0",2063,135,96,231
380,"Italy",4,"Median","1",2063,13,9,22
380,"Italy",4,"Median","2",2063,5,3,8
380,"Italy",4,"Median","3",2063,5,3,8
380,"Italy",4,"Median","4",2063,5,3,8
380,"Italy",4,"Median","5",2063,4,3,7
380,"Italy",4,"Median","6",2063,4,2,6
380,"Italy",4,"Median","7",2063,4,2,6
380,"Italy",4,"Median","8",2063,4,2,7
380,"Italy",4,"Median","9",2063,5,3,7
380,"Italy",4,"Median","10",2063,5,3,8
380,"Italy",4,"Median","11",2063,5,3,8
380,"Italy",4,"Median","12",2063,5,3,9
380,"Italy",4,"Median","13",2063,7,4,11
380,"Italy",4,"Median","14",2063,9,5,14
380,"Italy",4,"Median","15",2063,12,6,18
380,"Italy",4,"Median","16",2063,17,7,23
380,"Italy",4,"Median","17",2063,22,8,30
380,"Italy",4,"Median","18",2063,28,9,36
380,"Italy",4,"Median","19",2063,32,9,41
380,"Italy",4,"Median","20",2063,34,10,45
380,"Italy",4,"Median","21",2063,38,12,50
380,"Italy",4,"Median","22",2063,39,12,51
380,"Italy",4,"Median","23",2063,39,11,51
380,"Italy",4,"Median","24",2063,41,13,54
380,"Italy",4,"Median","25",2063,43,15,58
380,"Italy",4,"Median","26",2063,44,15,59
380,"Italy",4,"Median","27",2063,44,15,58
380,"Italy",4,"Median","28",2063,43,14,57
380,"Italy",4,"Median","29",2063,43,15,58
380,"Italy",4,"Median","30",2063,45,16,61
380,"Italy",4,"Median","31",2063,48,17,65
380,"Italy",4,"Median","32",2063,51,19,70
380,"Italy",4,"Median","33",2063,53,21,74
380,"Italy",4,"Median","34",2063,56,23,79
380,"Italy",4,"Median","35",2063,59,26,84
380,"Italy",4,"Median","36",2063,62,29,91
380,"Italy",4,"Median","37",2063,67,33,100
380,"Italy",4,"Median","38",2063,73,37,110
380,"Italy",4,"Median","39",2063,81,41,123
380,"Italy",4,"Median","40",2063,92,45,137
380,"Italy",4,"Median","41",2063,104,51,155
380,"Italy",4,"Median","42",2063,114,57,172
380,"Italy",4,"Median","43",2063,125,64,190
380,"Italy",4,"Median","44",2063,144,74,219
380,"Italy",4,"Median","45",2063,169,86,255
380,"Italy",4,"Median","46",2063,193,100,293
380,"Italy",4,"Median","47",2063,216,113,329
380,"Italy",4,"Median","48",2063,240,127,367
380,"Italy",4,"Median","49",2063,270,142,412
380,"Italy",4,"Median","50",2063,308,161,469
380,"Italy",4,"Median","51",2063,353,182,536
380,"Italy",4,"Median","52",2063,401,204,605
380,"Italy",4,"Median","53",2063,451,228,680
380,"Italy",4,"Median","54",2063,500,255,755
380,"Italy",4,"Median","55",2063,560,281,841
380,"Italy",4,"Median","56",2063,625,306,930
380,"Italy",4,"Median","57",2063,683,331,1014
380,"Italy",4,"Median","58",2063,741,360,1100
380,"Italy",4,"Median","59",2063,802,391,1193
380,"Italy",4,"Median","60",2063,861,415,1276
380,"Italy",4,"Median","61",2063,935,439,1374
380,"Italy",4,"Median","62",2063,1027,468,1495
380,"Italy",4,"Median","63",2063,1142,513,1655
380,"Italy",4,"Median","64",2063,1253,562,1816
380,"Italy",4,"Median","65",2063,1344,610,1954
380,"Italy",4,"Median","66",2063,1466,665,2131
380,"Italy",4,"Median","67",2063,1608,721,2329
380,"Italy",4,"Median","68",2063,1742,796,2538
380,"Italy",4,"Median","69",2063,1895,895,2790
380,"Italy",4,"Median","70",2063,2143,1039,3182
380,"Italy",4,"Median","71",2063,2454,1211,3665
380,"Italy",4,"Median","72",2063,2743,1370,4113
380,"Italy",4,"Median","73",2063,3027,1545,4572
380,"Italy",4,"Median","74",2063,3333,1739,5072
380,"Italy",4,"Median","75",2063,3558,1895,5453
380,"Italy",4,"Median","76",2063,3791,2075,5867
380,"Italy",4,"Median","77",2063,4284,2421,6705
380,"Italy",4,"Median","78",2063,4867,2847,7714
380,"Italy",4,"Median","79",2063,5661,3409,9069
380,"Italy",4,"Median","80",2063,6616,4115,10731
380,"Italy",4,"Median","81",2063,7798,5091,12889
380,"Italy",4,"Median","82",2063,9043,6135,15178
380,"Italy",4,"Median","83",2063,10443,7361,17804
380,"Italy",4,"Median","84",2063,12183,8981,21163
380,"Italy",4,"Median","85",2063,14289,10950,25239
380,"Italy",4,"Median","86",2063,16557,13280,29838
380,"Italy",4,"Median","87",2063,18861,15924,34785
380,"Italy",4,"Median","88",2063,21105,18898,40003
380,"Italy",4,"Median","89",2063,22617,21489,44106
380,"Italy",4,"Median","90",2063,23229,23442,46671
380,"Italy",4,"Median","91",2063,23305,25179,48484
380,"Italy",4,"Median","92",2063,22598,26023,48621
380,"Italy",4,"Median","93",2063,21512,26415,47927
380,"Italy",4,"Median","94",2063,20027,26557,46584
380,"Italy",4,"Median","95",2063,17943,25783,43727
380,"Italy",4,"Median","96",2063,15370,23814,39184
380,"Italy",4,"Median","97",2063,12754,21374,34128
380,"Italy",4,"Median","98",2063,9946,18151,28097
380,"Italy",4,"Median","99",2063,7234,14415,21649
380,"Italy",4,"Median","100",2063,2003,3576,5579
380,"Italy",4,"Median","101",2063,1770,3406,5176
380,"Italy",4,"Median","102",2063,1564,3245,4809
380,"Italy",4,"Median","103",2063,1381,3092,4473
380,"Italy",4,"Median","104",2063,1220,2946,4166
380,"Italy",4,"Median","105",2063,1078,2807,3885
380,"Italy",4,"Median","106",2063,953,2674,3627
380,"Italy",4,"Median","107",2063,842,2547,3389
380,"Italy",4,"Median","108",2063,744,2427,3171
380,"Italy",4,"Median","109",2063,657,2312,2969
380,"Italy",4,"Median","110",2063,580,2203,2783
380,"Italy",4,"Median","0",2064,132,93,225
380,"Italy",4,"Median","1",2064,13,9,22
380,"Italy",4,"Median","2",2064,5,3,8
380,"Italy",4,"Median","3",2064,5,3,8
380,"Italy",4,"Median","4",2064,4,3,7
380,"Italy",4,"Median","5",2064,4,3,6
380,"Italy",4,"Median","6",2064,3,2,6
380,"Italy",4,"Median","7",2064,4,2,6
380,"Italy",4,"Median","8",2064,4,2,6
380,"Italy",4,"Median","9",2064,4,3,7
380,"Italy",4,"Median","10",2064,5,3,8
380,"Italy",4,"Median","11",2064,5,3,8
380,"Italy",4,"Median","12",2064,5,3,8
380,"Italy",4,"Median","13",2064,6,4,10
380,"Italy",4,"Median","14",2064,9,5,13
380,"Italy",4,"Median","15",2064,12,5,17
380,"Italy",4,"Median","16",2064,16,6,22
380,"Italy",4,"Median","17",2064,22,7,29
380,"Italy",4,"Median","18",2064,27,8,35
380,"Italy",4,"Median","19",2064,31,9,40
380,"Italy",4,"Median","20",2064,33,10,43
380,"Italy",4,"Median","21",2064,37,12,48
380,"Italy",4,"Median","22",2064,38,12,50
380,"Italy",4,"Median","23",2064,38,11,50
380,"Italy",4,"Median","24",2064,40,13,53
380,"Italy",4,"Median","25",2064,42,15,57
380,"Italy",4,"Median","26",2064,43,15,58
380,"Italy",4,"Median","27",2064,43,14,57
380,"Italy",4,"Median","28",2064,42,14,56
380,"Italy",4,"Median","29",2064,42,15,57
380,"Italy",4,"Median","30",2064,44,15,59
380,"Italy",4,"Median","31",2064,47,17,64
380,"Italy",4,"Median","32",2064,50,19,69
380,"Italy",4,"Median","33",2064,52,20,73
380,"Italy",4,"Median","34",2064,54,22,77
380,"Italy",4,"Median","35",2064,57,25,82
380,"Italy",4,"Median","36",2064,61,28,89
380,"Italy",4,"Median","37",2064,65,32,97
380,"Italy",4,"Median","38",2064,71,36,107
380,"Italy",4,"Median","39",2064,80,40,119
380,"Italy",4,"Median","40",2064,89,43,132
380,"Italy",4,"Median","41",2064,100,48,148
380,"Italy",4,"Median","42",2064,111,55,167
380,"Italy",4,"Median","43",2064,122,62,184
380,"Italy",4,"Median","44",2064,138,70,208
380,"Italy",4,"Median","45",2064,159,81,240
380,"Italy",4,"Median","46",2064,184,94,278
380,"Italy",4,"Median","47",2064,208,108,316
380,"Italy",4,"Median","48",2064,231,121,352
380,"Italy",4,"Median","49",2064,260,136,396
380,"Italy",4,"Median","50",2064,295,153,448
380,"Italy",4,"Median","51",2064,338,173,511
380,"Italy",4,"Median","52",2064,386,195,580
380,"Italy",4,"Median","53",2064,434,218,652
380,"Italy",4,"Median","54",2064,485,245,730
380,"Italy",4,"Median","55",2064,547,273,819
380,"Italy",4,"Median","56",2064,613,299,912
380,"Italy",4,"Median","57",2064,675,325,1001
380,"Italy",4,"Median","58",2064,735,353,1088
380,"Italy",4,"Median","59",2064,800,386,1186
380,"Italy",4,"Median","60",2064,866,415,1281
380,"Italy",4,"Median","61",2064,928,435,1363
380,"Italy",4,"Median","62",2064,997,456,1453
380,"Italy",4,"Median","63",2064,1112,504,1615
380,"Italy",4,"Median","64",2064,1222,555,1777
380,"Italy",4,"Median","65",2064,1319,595,1915
380,"Italy",4,"Median","66",2064,1451,643,2094
380,"Italy",4,"Median","67",2064,1579,694,2273
380,"Italy",4,"Median","68",2064,1709,764,2473
380,"Italy",4,"Median","69",2064,1842,850,2691
380,"Italy",4,"Median","70",2064,2030,965,2995
380,"Italy",4,"Median","71",2064,2342,1139,3481
380,"Italy",4,"Median","72",2064,2653,1312,3966
380,"Italy",4,"Median","73",2064,2965,1485,4450
380,"Italy",4,"Median","74",2064,3253,1666,4919
380,"Italy",4,"Median","75",2064,3579,1879,5458
380,"Italy",4,"Median","76",2064,3815,2061,5877
380,"Italy",4,"Median","77",2064,4111,2307,6418
380,"Italy",4,"Median","78",2064,4679,2713,7392
380,"Italy",4,"Median","79",2064,5431,3241,8672
380,"Italy",4,"Median","80",2064,6339,3905,10244
380,"Italy",4,"Median","81",2064,7453,4805,12258
380,"Italy",4,"Median","82",2064,8735,5922,14657
380,"Italy",4,"Median","83",2064,10149,7095,17244
380,"Italy",4,"Median","84",2064,11732,8496,20228
380,"Italy",4,"Median","85",2064,13627,10358,23985
380,"Italy",4,"Median","86",2064,15822,12575,28397
380,"Italy",4,"Median","87",2064,18062,15112,33173
380,"Italy",4,"Median","88",2064,20401,18068,38469
380,"Italy",4,"Median","89",2064,22286,20997,43283
380,"Italy",4,"Median","90",2064,23142,23159,46301
380,"Italy",4,"Median","91",2064,23256,24744,48000
380,"Italy",4,"Median","92",2064,22700,25862,48563
380,"Italy",4,"Median","93",2064,21741,26590,48330
380,"Italy",4,"Median","94",2064,20005,26314,46319
380,"Italy",4,"Median","95",2064,18042,25725,43766
380,"Italy",4,"Median","96",2064,15665,24193,39857
380,"Italy",4,"Median","97",2064,12852,21448,34300
380,"Italy",4,"Median","98",2064,10155,18409,28564
380,"Italy",4,"Median","99",2064,7579,14962,22541
380,"Italy",4,"Median","100",2064,2087,3681,5768
380,"Italy",4,"Median","101",2064,1851,3523,5374
380,"Italy",4,"Median","102",2064,1642,3372,5014
380,"Italy",4,"Median","103",2064,1457,3227,4684
380,"Italy",4,"Median","104",2064,1292,3088,4380
380,"Italy",4,"Median","105",2064,1146,2956,4102
380,"Italy",4,"Median","106",2064,1017,2829,3846
380,"Italy",4,"Median","107",2064,902,2707,3609
380,"Italy",4,"Median","108",2064,800,2591,3391
380,"Italy",4,"Median","109",2064,710,2480,3190
380,"Italy",4,"Median","110",2064,629,2373,3002
380,"Italy",4,"Median","0",2065,130,91,221
380,"Italy",4,"Median","1",2065,12,9,21
380,"Italy",4,"Median","2",2065,5,3,8
380,"Italy",4,"Median","3",2065,5,3,8
380,"Italy",4,"Median","4",2065,4,3,7
380,"Italy",4,"Median","5",2065,4,3,6
380,"Italy",4,"Median","6",2065,3,2,6
380,"Italy",4,"Median","7",2065,4,2,6
380,"Italy",4,"Median","8",2065,4,2,6
380,"Italy",4,"Median","9",2065,4,3,7
380,"Italy",4,"Median","10",2065,5,3,8
380,"Italy",4,"Median","11",2065,5,3,8
380,"Italy",4,"Median","12",2065,5,3,8
380,"Italy",4,"Median","13",2065,6,4,10
380,"Italy",4,"Median","14",2065,8,4,13
380,"Italy",4,"Median","15",2065,11,5,17
380,"Italy",4,"Median","16",2065,16,6,22
380,"Italy",4,"Median","17",2065,21,7,28
380,"Italy",4,"Median","18",2065,26,8,34
380,"Italy",4,"Median","19",2065,30,9,39
380,"Italy",4,"Median","20",2065,33,10,42
380,"Italy",4,"Median","21",2065,36,11,47
380,"Italy",4,"Median","22",2065,37,11,49
380,"Italy",4,"Median","23",2065,38,11,48
380,"Italy",4,"Median","24",2065,39,12,52
380,"Italy",4,"Median","25",2065,41,14,56
380,"Italy",4,"Median","26",2065,42,15,57
380,"Italy",4,"Median","27",2065,42,14,56
380,"Italy",4,"Median","28",2065,41,14,55
380,"Italy",4,"Median","29",2065,42,14,56
380,"Italy",4,"Median","30",2065,43,15,59
380,"Italy",4,"Median","31",2065,47,16,63
380,"Italy",4,"Median","32",2065,49,18,68
380,"Italy",4,"Median","33",2065,51,20,71
380,"Italy",4,"Median","34",2065,54,22,75
380,"Italy",4,"Median","35",2065,56,24,80
380,"Italy",4,"Median","36",2065,60,27,87
380,"Italy",4,"Median","37",2065,64,31,95
380,"Italy",4,"Median","38",2065,70,35,105
380,"Italy",4,"Median","39",2065,78,39,116
380,"Italy",4,"Median","40",2065,87,42,129
380,"Italy",4,"Median","41",2065,96,46,143
380,"Italy",4,"Median","42",2065,107,53,160
380,"Italy",4,"Median","43",2065,119,60,179
380,"Italy",4,"Median","44",2065,135,68,202
380,"Italy",4,"Median","45",2065,152,77,229
380,"Italy",4,"Median","46",2065,174,88,262
380,"Italy",4,"Median","47",2065,198,102,300
380,"Italy",4,"Median","48",2065,223,116,339
380,"Italy",4,"Median","49",2065,251,130,382
380,"Italy",4,"Median","50",2065,285,147,432
380,"Italy",4,"Median","51",2065,325,165,490
380,"Italy",4,"Median","52",2065,370,186,556
380,"Italy",4,"Median","53",2065,419,209,628
380,"Italy",4,"Median","54",2065,468,234,703
380,"Italy",4,"Median","55",2065,532,263,795
380,"Italy",4,"Median","56",2065,601,291,892
380,"Italy",4,"Median","57",2065,666,319,985
380,"Italy",4,"Median","58",2065,729,349,1077
380,"Italy",4,"Median","59",2065,796,381,1177
380,"Italy",4,"Median","60",2065,867,412,1279
380,"Italy",4,"Median","61",2065,937,437,1374
380,"Italy",4,"Median","62",2065,992,454,1446
380,"Italy",4,"Median","63",2065,1082,493,1575
380,"Italy",4,"Median","64",2065,1194,546,1740
380,"Italy",4,"Median","65",2065,1291,589,1880
380,"Italy",4,"Median","66",2065,1430,629,2059
380,"Italy",4,"Median","67",2065,1568,674,2241
380,"Italy",4,"Median","68",2065,1684,738,2422
380,"Italy",4,"Median","69",2065,1813,818,2632
380,"Italy",4,"Median","70",2065,1981,919,2900
380,"Italy",4,"Median","71",2065,2228,1063,3290
380,"Italy",4,"Median","72",2065,2542,1239,3781
380,"Italy",4,"Median","73",2065,2879,1428,4307
380,"Italy",4,"Median","74",2065,3198,1607,4805
380,"Italy",4,"Median","75",2065,3506,1807,5313
380,"Italy",4,"Median","76",2065,3853,2051,5904
380,"Italy",4,"Median","77",2065,4154,2301,6455
380,"Italy",4,"Median","78",2065,4508,2596,7105
380,"Italy",4,"Median","79",2065,5243,3102,8345
380,"Italy",4,"Median","80",2065,6107,3730,9837
380,"Italy",4,"Median","81",2065,7173,4580,11753
380,"Italy",4,"Median","82",2065,8384,5614,13998
380,"Italy",4,"Median","83",2065,9845,6879,16724
380,"Italy",4,"Median","84",2065,11449,8225,19674
380,"Italy",4,"Median","85",2065,13176,9842,23018
380,"Italy",4,"Median","86",2065,15150,11946,27096
380,"Italy",4,"Median","87",2065,17327,14369,31697
380,"Italy",4,"Median","88",2065,19613,17219,36831
380,"Italy",4,"Median","89",2065,21623,20154,41777
380,"Italy",4,"Median","90",2065,22883,22714,45596
380,"Italy",4,"Median","91",2065,23249,24536,47785
380,"Italy",4,"Median","92",2065,22727,25504,48230
380,"Italy",4,"Median","93",2065,21913,26525,48438
380,"Italy",4,"Median","94",2065,20283,26582,46865
380,"Italy",4,"Median","95",2065,18078,25578,43655
380,"Italy",4,"Median","96",2065,15797,24220,40017
380,"Italy",4,"Median","97",2065,13134,21860,34994
380,"Italy",4,"Median","98",2065,10259,18528,28788
380,"Italy",4,"Median","99",2065,7756,15217,22973
380,"Italy",4,"Median","100",2065,2179,3797,5976
380,"Italy",4,"Median","101",2065,1939,3647,5586
380,"Italy",4,"Median","102",2065,1725,3503,5228
380,"Italy",4,"Median","103",2065,1534,3365,4899
380,"Italy",4,"Median","104",2065,1365,3232,4597
380,"Italy",4,"Median","105",2065,1214,3104,4318
380,"Italy",4,"Median","106",2065,1080,2981,4061
380,"Italy",4,"Median","107",2065,961,2864,3825
380,"Italy",4,"Median","108",2065,855,2750,3605
380,"Italy",4,"Median","109",2065,760,2642,3402
380,"Italy",4,"Median","110",2065,676,2537,3213
380,"Italy",4,"Median","0",2066,127,88,215
380,"Italy",4,"Median","1",2066,12,9,21
380,"Italy",4,"Median","2",2066,5,3,8
380,"Italy",4,"Median","3",2066,5,3,7
380,"Italy",4,"Median","4",2066,4,3,7
380,"Italy",4,"Median","5",2066,4,3,6
380,"Italy",4,"Median","6",2066,3,2,5
380,"Italy",4,"Median","7",2066,3,2,6
380,"Italy",4,"Median","8",2066,4,2,6
380,"Italy",4,"Median","9",2066,4,2,7
380,"Italy",4,"Median","10",2066,5,3,7
380,"Italy",4,"Median","11",2066,5,3,7
380,"Italy",4,"Median","12",2066,5,3,8
380,"Italy",4,"Median","13",2066,6,3,10
380,"Italy",4,"Median","14",2066,8,4,12
380,"Italy",4,"Median","15",2066,11,5,16
380,"Italy",4,"Median","16",2066,15,6,21
380,"Italy",4,"Median","17",2066,20,7,27
380,"Italy",4,"Median","18",2066,25,8,33
380,"Italy",4,"Median","19",2066,29,8,37
380,"Italy",4,"Median","20",2066,32,9,41
380,"Italy",4,"Median","21",2066,35,11,46
380,"Italy",4,"Median","22",2066,36,11,47
380,"Italy",4,"Median","23",2066,37,10,47
380,"Italy",4,"Median","24",2066,39,12,50
380,"Italy",4,"Median","25",2066,40,14,54
380,"Italy",4,"Median","26",2066,42,14,56
380,"Italy",4,"Median","27",2066,42,14,55
380,"Italy",4,"Median","28",2066,41,14,54
380,"Italy",4,"Median","29",2066,41,14,55
380,"Italy",4,"Median","30",2066,43,15,57
380,"Italy",4,"Median","31",2066,46,16,62
380,"Italy",4,"Median","32",2066,49,18,66
380,"Italy",4,"Median","33",2066,50,19,70
380,"Italy",4,"Median","34",2066,53,21,74
380,"Italy",4,"Median","35",2066,55,23,79
380,"Italy",4,"Median","36",2066,58,27,85
380,"Italy",4,"Median","37",2066,63,30,93
380,"Italy",4,"Median","38",2066,68,34,102
380,"Italy",4,"Median","39",2066,76,37,113
380,"Italy",4,"Median","40",2066,85,41,125
380,"Italy",4,"Median","41",2066,94,45,139
380,"Italy",4,"Median","42",2066,103,50,153
380,"Italy",4,"Median","43",2066,114,57,171
380,"Italy",4,"Median","44",2066,131,66,197
380,"Italy",4,"Median","45",2066,149,74,222
380,"Italy",4,"Median","46",2066,166,83,249
380,"Italy",4,"Median","47",2066,187,95,282
380,"Italy",4,"Median","48",2066,212,109,321
380,"Italy",4,"Median","49",2066,242,124,366
380,"Italy",4,"Median","50",2066,274,140,415
380,"Italy",4,"Median","51",2066,313,158,471
380,"Italy",4,"Median","52",2066,354,176,531
380,"Italy",4,"Median","53",2066,401,198,599
380,"Italy",4,"Median","54",2066,450,224,674
380,"Italy",4,"Median","55",2066,512,251,763
380,"Italy",4,"Median","56",2066,583,279,863
380,"Italy",4,"Median","57",2066,650,310,960
380,"Italy",4,"Median","58",2066,716,341,1057
380,"Italy",4,"Median","59",2066,787,374,1161
380,"Italy",4,"Median","60",2066,860,405,1264
380,"Italy",4,"Median","61",2066,934,432,1366
380,"Italy",4,"Median","62",2066,998,454,1452
380,"Italy",4,"Median","63",2066,1074,489,1562
380,"Italy",4,"Median","64",2066,1158,533,1691
380,"Italy",4,"Median","65",2066,1256,578,1834
380,"Italy",4,"Median","66",2066,1394,620,2014
380,"Italy",4,"Median","67",2066,1539,657,2196
380,"Italy",4,"Median","68",2066,1666,713,2379
380,"Italy",4,"Median","69",2066,1780,788,2567
380,"Italy",4,"Median","70",2066,1943,882,2825
380,"Italy",4,"Median","71",2066,2166,1009,3175
380,"Italy",4,"Median","72",2066,2409,1152,3561
380,"Italy",4,"Median","73",2066,2749,1343,4093
380,"Italy",4,"Median","74",2066,3095,1539,4634
380,"Italy",4,"Median","75",2066,3435,1737,5172
380,"Italy",4,"Median","76",2066,3761,1965,5727
380,"Italy",4,"Median","77",2066,4181,2283,6464
380,"Italy",4,"Median","78",2066,4542,2581,7123
380,"Italy",4,"Median","79",2066,5039,2961,7999
380,"Italy",4,"Median","80",2066,5881,3560,9442
380,"Italy",4,"Median","81",2066,6896,4366,11262
380,"Italy",4,"Median","82",2066,8053,5342,13394
380,"Italy",4,"Median","83",2066,9432,6510,15942
380,"Italy",4,"Median","84",2066,11089,7963,19053
380,"Italy",4,"Median","85",2066,12842,9518,22360
380,"Italy",4,"Median","86",2066,14635,11343,25977
380,"Italy",4,"Median","87",2066,16579,13645,30224
380,"Italy",4,"Median","88",2066,18807,16371,35178
380,"Italy",4,"Median","89",2066,20781,19206,39987
380,"Italy",4,"Median","90",2066,22196,21803,44000
380,"Italy",4,"Median","91",2066,22989,24072,47061
380,"Italy",4,"Median","92",2066,22721,25298,48019
380,"Italy",4,"Median","93",2066,21949,26180,48129
380,"Italy",4,"Median","94",2066,20456,26542,46998
380,"Italy",4,"Median","95",2066,18342,25867,44208
380,"Italy",4,"Median","96",2066,15843,24115,39958
380,"Italy",4,"Median","97",2066,13258,21915,35174
380,"Italy",4,"Median","98",2066,10496,18911,29407
380,"Italy",4,"Median","99",2066,7844,15338,23183
380,"Italy",4,"Median","100",2066,2240,3857,6097
380,"Italy",4,"Median","101",2066,2001,3723,5724
380,"Italy",4,"Median","102",2066,1787,3593,5380
380,"Italy",4,"Median","103",2066,1596,3468,5064
380,"Italy",4,"Median","104",2066,1426,3347,4773
380,"Italy",4,"Median","105",2066,1274,3231,4505
380,"Italy",4,"Median","106",2066,1138,3119,4257
380,"Italy",4,"Median","107",2066,1016,3010,4026
380,"Italy",4,"Median","108",2066,908,2905,3813
380,"Italy",4,"Median","109",2066,811,2804,3615
380,"Italy",4,"Median","110",2066,724,2707,3431
380,"Italy",4,"Median","0",2067,125,86,211
380,"Italy",4,"Median","1",2067,12,8,20
380,"Italy",4,"Median","2",2067,5,3,8
380,"Italy",4,"Median","3",2067,5,3,7
380,"Italy",4,"Median","4",2067,4,3,7
380,"Italy",4,"Median","5",2067,3,2,6
380,"Italy",4,"Median","6",2067,3,2,5
380,"Italy",4,"Median","7",2067,3,2,5
380,"Italy",4,"Median","8",2067,4,2,6
380,"Italy",4,"Median","9",2067,4,2,6
380,"Italy",4,"Median","10",2067,4,3,7
380,"Italy",4,"Median","11",2067,5,3,7
380,"Italy",4,"Median","12",2067,5,3,8
380,"Italy",4,"Median","13",2067,6,3,9
380,"Italy",4,"Median","14",2067,8,4,12
380,"Italy",4,"Median","15",2067,11,5,16
380,"Italy",4,"Median","16",2067,15,6,20
380,"Italy",4,"Median","17",2067,20,7,26
380,"Italy",4,"Median","18",2067,25,7,32
380,"Italy",4,"Median","19",2067,28,8,36
380,"Italy",4,"Median","20",2067,31,9,40
380,"Italy",4,"Median","21",2067,34,11,44
380,"Italy",4,"Median","22",2067,35,10,46
380,"Italy",4,"Median","23",2067,36,10,46
380,"Italy",4,"Median","24",2067,38,11,49
380,"Italy",4,"Median","25",2067,39,13,53
380,"Italy",4,"Median","26",2067,41,14,54
380,"Italy",4,"Median","27",2067,41,13,54
380,"Italy",4,"Median","28",2067,40,13,53
380,"Italy",4,"Median","29",2067,40,14,54
380,"Italy",4,"Median","30",2067,42,14,56
380,"Italy",4,"Median","31",2067,45,16,61
380,"Italy",4,"Median","32",2067,48,17,65
380,"Italy",4,"Median","33",2067,50,19,69
380,"Italy",4,"Median","34",2067,52,21,72
380,"Italy",4,"Median","35",2067,54,23,77
380,"Italy",4,"Median","36",2067,57,26,83
380,"Italy",4,"Median","37",2067,61,29,91
380,"Italy",4,"Median","38",2067,66,33,99
380,"Italy",4,"Median","39",2067,74,36,111
380,"Italy",4,"Median","40",2067,83,39,122
380,"Italy",4,"Median","41",2067,92,43,135
380,"Italy",4,"Median","42",2067,101,49,149
380,"Italy",4,"Median","43",2067,110,54,164
380,"Italy",4,"Median","44",2067,125,62,187
380,"Italy",4,"Median","45",2067,145,71,216
380,"Italy",4,"Median","46",2067,161,80,242
380,"Italy",4,"Median","47",2067,178,90,268
380,"Italy",4,"Median","48",2067,200,102,302
380,"Italy",4,"Median","49",2067,230,117,347
380,"Italy",4,"Median","50",2067,264,134,398
380,"Italy",4,"Median","51",2067,301,151,452
380,"Italy",4,"Median","52",2067,342,169,510
380,"Italy",4,"Median","53",2067,384,188,572
380,"Italy",4,"Median","54",2067,431,213,643
380,"Italy",4,"Median","55",2067,492,239,732
380,"Italy",4,"Median","56",2067,561,267,828
380,"Italy",4,"Median","57",2067,631,297,928
380,"Italy",4,"Median","58",2067,699,331,1030
380,"Italy",4,"Median","59",2067,773,366,1139
380,"Italy",4,"Median","60",2067,850,398,1248
380,"Italy",4,"Median","61",2067,927,424,1351
380,"Italy",4,"Median","62",2067,995,449,1444
380,"Italy",4,"Median","63",2067,1080,489,1569
380,"Italy",4,"Median","64",2067,1150,528,1678
380,"Italy",4,"Median","65",2067,1219,563,1782
380,"Italy",4,"Median","66",2067,1357,608,1965
380,"Italy",4,"Median","67",2067,1500,648,2148
380,"Italy",4,"Median","68",2067,1636,696,2331
380,"Italy",4,"Median","69",2067,1761,761,2522
380,"Italy",4,"Median","70",2067,1907,849,2756
380,"Italy",4,"Median","71",2067,2126,968,3094
380,"Italy",4,"Median","72",2067,2343,1094,3437
380,"Italy",4,"Median","73",2067,2606,1249,3855
380,"Italy",4,"Median","74",2067,2956,1448,4404
380,"Italy",4,"Median","75",2067,3325,1664,4989
380,"Italy",4,"Median","76",2067,3686,1890,5575
380,"Italy",4,"Median","77",2067,4084,2188,6272
380,"Italy",4,"Median","78",2067,4574,2562,7136
380,"Italy",4,"Median","79",2067,5080,2946,8026
380,"Italy",4,"Median","80",2067,5656,3402,9058
380,"Italy",4,"Median","81",2067,6649,4174,10822
380,"Italy",4,"Median","82",2067,7750,5099,12849
380,"Italy",4,"Median","83",2067,9071,6204,15274
380,"Italy",4,"Median","84",2067,10639,7549,18188
380,"Italy",4,"Median","85",2067,12458,9232,21690
380,"Italy",4,"Median","86",2067,14287,10990,25277
380,"Italy",4,"Median","87",2067,16043,12981,29024
380,"Italy",4,"Median","88",2067,18028,15579,33607
380,"Italy",4,"Median","89",2067,19964,18299,38262
380,"Italy",4,"Median","90",2067,21370,20820,42190
380,"Italy",4,"Median","91",2067,22342,23156,45498
380,"Italy",4,"Median","92",2067,22507,24869,47376
380,"Italy",4,"Median","93",2067,21990,26033,48023
380,"Italy",4,"Median","94",2067,20532,26259,46791
380,"Italy",4,"Median","95",2067,18536,25890,44427
380,"Italy",4,"Median","96",2067,16109,24449,40558
380,"Italy",4,"Median","97",2067,13325,21874,35199
380,"Italy",4,"Median","98",2067,10616,19004,29620
380,"Italy",4,"Median","99",2067,8040,15691,23732
380,"Italy",4,"Median","100",2067,2260,3853,6113
380,"Italy",4,"Median","101",2067,2031,3743,5774
380,"Italy",4,"Median","102",2067,1825,3636,5461
380,"Italy",4,"Median","103",2067,1639,3532,5171
380,"Italy",4,"Median","104",2067,1473,3432,4905
380,"Italy",4,"Median","105",2067,1323,3334,4657
380,"Italy",4,"Median","106",2067,1189,3239,4428
380,"Italy",4,"Median","107",2067,1068,3146,4214
380,"Italy",4,"Median","108",2067,960,3057,4017
380,"Italy",4,"Median","109",2067,862,2970,3832
380,"Italy",4,"Median","110",2067,775,2885,3660
380,"Italy",4,"Median","0",2068,123,84,206
380,"Italy",4,"Median","1",2068,12,8,20
380,"Italy",4,"Median","2",2068,4,3,7
380,"Italy",4,"Median","3",2068,4,3,7
380,"Italy",4,"Median","4",2068,4,3,7
380,"Italy",4,"Median","5",2068,3,2,6
380,"Italy",4,"Median","6",2068,3,2,5
380,"Italy",4,"Median","7",2068,3,2,5
380,"Italy",4,"Median","8",2068,4,2,6
380,"Italy",4,"Median","9",2068,4,2,6
380,"Italy",4,"Median","10",2068,4,3,7
380,"Italy",4,"Median","11",2068,4,3,7
380,"Italy",4,"Median","12",2068,5,3,7
380,"Italy",4,"Median","13",2068,6,3,9
380,"Italy",4,"Median","14",2068,7,4,11
380,"Italy",4,"Median","15",2068,10,5,15
380,"Italy",4,"Median","16",2068,14,5,19
380,"Italy",4,"Median","17",2068,19,6,25
380,"Italy",4,"Median","18",2068,24,7,31
380,"Italy",4,"Median","19",2068,27,8,35
380,"Italy",4,"Median","20",2068,30,9,38
380,"Italy",4,"Median","21",2068,33,10,43
380,"Italy",4,"Median","22",2068,34,10,44
380,"Italy",4,"Median","23",2068,35,10,45
380,"Italy",4,"Median","24",2068,37,11,48
380,"Italy",4,"Median","25",2068,39,13,52
380,"Italy",4,"Median","26",2068,40,13,53
380,"Italy",4,"Median","27",2068,40,13,53
380,"Italy",4,"Median","28",2068,39,13,52
380,"Italy",4,"Median","29",2068,39,13,53
380,"Italy",4,"Median","30",2068,41,14,55
380,"Italy",4,"Median","31",2068,44,15,60
380,"Italy",4,"Median","32",2068,47,17,64
380,"Italy",4,"Median","33",2068,49,19,67
380,"Italy",4,"Median","34",2068,51,20,71
380,"Italy",4,"Median","35",2068,53,22,75
380,"Italy",4,"Median","36",2068,56,25,81
380,"Italy",4,"Median","37",2068,60,29,89
380,"Italy",4,"Median","38",2068,65,32,97
380,"Italy",4,"Median","39",2068,73,35,108
380,"Italy",4,"Median","40",2068,81,38,119
380,"Italy",4,"Median","41",2068,90,42,132
380,"Italy",4,"Median","42",2068,98,47,145
380,"Italy",4,"Median","43",2068,107,53,160
380,"Italy",4,"Median","44",2068,121,60,180
380,"Italy",4,"Median","45",2068,138,68,206
380,"Italy",4,"Median","46",2068,157,78,235
380,"Italy",4,"Median","47",2068,173,87,261
380,"Italy",4,"Median","48",2068,191,97,288
380,"Italy",4,"Median","49",2068,217,110,326
380,"Italy",4,"Median","50",2068,251,126,377
380,"Italy",4,"Median","51",2068,290,145,435
380,"Italy",4,"Median","52",2068,329,162,491
380,"Italy",4,"Median","53",2068,370,181,551
380,"Italy",4,"Median","54",2068,412,203,615
380,"Italy",4,"Median","55",2068,471,228,699
380,"Italy",4,"Median","56",2068,539,256,795
380,"Italy",4,"Median","57",2068,607,285,891
380,"Italy",4,"Median","58",2068,678,318,997
380,"Italy",4,"Median","59",2068,755,356,1111
380,"Italy",4,"Median","60",2068,835,390,1225
380,"Italy",4,"Median","61",2068,916,418,1335
380,"Italy",4,"Median","62",2068,987,442,1429
380,"Italy",4,"Median","63",2068,1077,485,1563
380,"Italy",4,"Median","64",2068,1157,531,1687
380,"Italy",4,"Median","65",2068,1209,560,1769
380,"Italy",4,"Median","66",2068,1316,595,1912
380,"Italy",4,"Median","67",2068,1460,637,2098
380,"Italy",4,"Median","68",2068,1594,688,2282
380,"Italy",4,"Median","69",2068,1729,745,2474
380,"Italy",4,"Median","70",2068,1887,823,2711
380,"Italy",4,"Median","71",2068,2087,936,3023
380,"Italy",4,"Median","72",2068,2300,1053,3353
380,"Italy",4,"Median","73",2068,2535,1190,3725
380,"Italy",4,"Median","74",2068,2802,1351,4154
380,"Italy",4,"Median","75",2068,3176,1572,4747
380,"Italy",4,"Median","76",2068,3569,1817,5386
380,"Italy",4,"Median","77",2068,4005,2112,6117
380,"Italy",4,"Median","78",2068,4470,2466,6936
380,"Italy",4,"Median","79",2068,5120,2937,8058
380,"Italy",4,"Median","80",2068,5708,3400,9108
380,"Italy",4,"Median","81",2068,6402,4006,10408
380,"Italy",4,"Median","82",2068,7482,4896,12378
380,"Italy",4,"Median","83",2068,8742,5948,14689
380,"Italy",4,"Median","84",2068,10246,7226,17472
380,"Italy",4,"Median","85",2068,11971,8790,20761
380,"Italy",4,"Median","86",2068,13883,10706,24589
380,"Italy",4,"Median","87",2068,15690,12631,28321
380,"Italy",4,"Median","88",2068,17479,14884,32363
380,"Italy",4,"Median","89",2068,19173,17483,36656
380,"Italy",4,"Median","90",2068,20567,19910,40477
380,"Italy",4,"Median","91",2068,21551,22195,43746
380,"Italy",4,"Median","92",2068,21913,24006,45919
380,"Italy",4,"Median","93",2068,21830,25687,47517
380,"Italy",4,"Median","94",2068,20613,26204,46817
380,"Italy",4,"Median","95",2068,18644,25703,44347
380,"Italy",4,"Median","96",2068,16315,24554,40870
380,"Italy",4,"Median","97",2068,13577,22249,35826
380,"Italy",4,"Median","98",2068,10690,19025,29715
380,"Italy",4,"Median","99",2068,8148,15812,23960
380,"Italy",4,"Median","100",2068,2271,3841,6112
380,"Italy",4,"Median","101",2068,2053,3756,5809
380,"Italy",4,"Median","102",2068,1857,3673,5530
380,"Italy",4,"Median","103",2068,1679,3592,5271
380,"Italy",4,"Median","104",2068,1518,3513,5031
380,"Italy",4,"Median","105",2068,1373,3435,4808
380,"Italy",4,"Median","106",2068,1241,3359,4600
380,"Italy",4,"Median","107",2068,1122,3285,4407
380,"Italy",4,"Median","108",2068,1015,3212,4227
380,"Italy",4,"Median","109",2068,918,3141,4059
380,"Italy",4,"Median","110",2068,830,3072,3902
380,"Italy",4,"Median","0",2069,120,81,201
380,"Italy",4,"Median","1",2069,11,8,19
380,"Italy",4,"Median","2",2069,4,3,7
380,"Italy",4,"Median","3",2069,4,3,7
380,"Italy",4,"Median","4",2069,4,3,7
380,"Italy",4,"Median","5",2069,3,2,6
380,"Italy",4,"Median","6",2069,3,2,5
380,"Italy",4,"Median","7",2069,3,2,5
380,"Italy",4,"Median","8",2069,3,2,5
380,"Italy",4,"Median","9",2069,4,2,6
380,"Italy",4,"Median","10",2069,4,2,7
380,"Italy",4,"Median","11",2069,4,3,7
380,"Italy",4,"Median","12",2069,4,3,7
380,"Italy",4,"Median","13",2069,5,3,9
380,"Italy",4,"Median","14",2069,7,4,11
380,"Italy",4,"Median","15",2069,10,4,14
380,"Italy",4,"Median","16",2069,14,5,19
380,"Italy",4,"Median","17",2069,18,6,24
380,"Italy",4,"Median","18",2069,23,7,30
380,"Italy",4,"Median","19",2069,26,7,34
380,"Italy",4,"Median","20",2069,29,8,37
380,"Italy",4,"Median","21",2069,32,10,42
380,"Italy",4,"Median","22",2069,33,10,43
380,"Italy",4,"Median","23",2069,34,9,43
380,"Italy",4,"Median","24",2069,36,11,46
380,"Italy",4,"Median","25",2069,38,13,50
380,"Italy",4,"Median","26",2069,39,13,52
380,"Italy",4,"Median","27",2069,39,12,51
380,"Italy",4,"Median","28",2069,38,12,51
380,"Italy",4,"Median","29",2069,39,13,52
380,"Italy",4,"Median","30",2069,41,14,54
380,"Italy",4,"Median","31",2069,44,15,59
380,"Italy",4,"Median","32",2069,46,17,63
380,"Italy",4,"Median","33",2069,48,18,66
380,"Italy",4,"Median","34",2069,50,20,70
380,"Italy",4,"Median","35",2069,52,22,74
380,"Italy",4,"Median","36",2069,55,25,80
380,"Italy",4,"Median","37",2069,59,28,87
380,"Italy",4,"Median","38",2069,64,31,95
380,"Italy",4,"Median","39",2069,71,34,105
380,"Italy",4,"Median","40",2069,79,37,116
380,"Italy",4,"Median","41",2069,88,41,129
380,"Italy",4,"Median","42",2069,96,46,141
380,"Italy",4,"Median","43",2069,105,51,156
380,"Italy",4,"Median","44",2069,118,58,176
380,"Italy",4,"Median","45",2069,133,65,198
380,"Italy",4,"Median","46",2069,150,74,224
380,"Italy",4,"Median","47",2069,169,84,253
380,"Italy",4,"Median","48",2069,186,93,279
380,"Italy",4,"Median","49",2069,206,104,310
380,"Italy",4,"Median","50",2069,236,118,355
380,"Italy",4,"Median","51",2069,276,136,412
380,"Italy",4,"Median","52",2069,316,155,471
380,"Italy",4,"Median","53",2069,356,173,529
380,"Italy",4,"Median","54",2069,397,194,591
380,"Italy",4,"Median","55",2069,451,217,668
380,"Italy",4,"Median","56",2069,516,243,759
380,"Italy",4,"Median","57",2069,583,272,855
380,"Italy",4,"Median","58",2069,653,304,957
380,"Italy",4,"Median","59",2069,733,342,1075
380,"Italy",4,"Median","60",2069,815,378,1194
380,"Italy",4,"Median","61",2069,900,409,1309
380,"Italy",4,"Median","62",2069,976,434,1410
380,"Italy",4,"Median","63",2069,1068,477,1545
380,"Italy",4,"Median","64",2069,1154,524,1678
380,"Italy",4,"Median","65",2069,1216,561,1777
380,"Italy",4,"Median","66",2069,1306,590,1896
380,"Italy",4,"Median","67",2069,1416,621,2038
380,"Italy",4,"Median","68",2069,1552,675,2226
380,"Italy",4,"Median","69",2069,1685,734,2419
380,"Italy",4,"Median","70",2069,1852,803,2655
380,"Italy",4,"Median","71",2069,2065,904,2970
380,"Italy",4,"Median","72",2069,2258,1014,3272
380,"Italy",4,"Median","73",2069,2488,1142,3630
380,"Italy",4,"Median","74",2069,2726,1283,4009
380,"Italy",4,"Median","75",2069,3011,1461,4472
380,"Italy",4,"Median","76",2069,3409,1710,5119
380,"Italy",4,"Median","77",2069,3879,2025,5903
380,"Italy",4,"Median","78",2069,4385,2373,6758
380,"Italy",4,"Median","79",2069,5008,2819,7828
380,"Italy",4,"Median","80",2069,5758,3381,9139
380,"Italy",4,"Median","81",2069,6468,3996,10464
380,"Italy",4,"Median","82",2069,7213,4690,11903
380,"Italy",4,"Median","83",2069,8449,5701,14151
380,"Italy",4,"Median","84",2069,9888,6918,16806
380,"Italy",4,"Median","85",2069,11546,8404,19950
380,"Italy",4,"Median","86",2069,13362,10185,23547
380,"Italy",4,"Median","87",2069,15271,12298,27569
380,"Italy",4,"Median","88",2069,17125,14480,31605
380,"Italy",4,"Median","89",2069,18622,16701,35323
380,"Italy",4,"Median","90",2069,19787,19023,38809
380,"Italy",4,"Median","91",2069,20780,21230,42010
380,"Italy",4,"Median","92",2069,21175,23015,44190
380,"Italy",4,"Median","93",2069,21298,24815,46114
380,"Italy",4,"Median","94",2069,20504,25879,46383
380,"Italy",4,"Median","95",2069,18756,25676,44433
380,"Italy",4,"Median","96",2069,16445,24408,40853
380,"Italy",4,"Median","97",2069,13779,22376,36155
380,"Italy",4,"Median","98",2069,10914,19378,30292
380,"Italy",4,"Median","99",2069,8220,15853,24074
380,"Italy",4,"Median","100",2069,2261,3791,6052
380,"Italy",4,"Median","101",2069,2059,3735,5794
380,"Italy",4,"Median","102",2069,1876,3679,5555
380,"Italy",4,"Median","103",2069,1708,3624,5332
380,"Italy",4,"Median","104",2069,1556,3570,5126
380,"Italy",4,"Median","105",2069,1417,3517,4934
380,"Italy",4,"Median","106",2069,1290,3465,4755
380,"Italy",4,"Median","107",2069,1175,3413,4588
380,"Italy",4,"Median","108",2069,1070,3362,4432
380,"Italy",4,"Median","109",2069,975,3312,4287
380,"Italy",4,"Median","110",2069,888,3263,4151
380,"Italy",4,"Median","0",2070,118,79,197
380,"Italy",4,"Median","1",2070,11,8,19
380,"Italy",4,"Median","2",2070,4,3,7
380,"Italy",4,"Median","3",2070,4,3,7
380,"Italy",4,"Median","4",2070,4,3,6
380,"Italy",4,"Median","5",2070,3,2,5
380,"Italy",4,"Median","6",2070,3,2,5
380,"Italy",4,"Median","7",2070,3,2,5
380,"Italy",4,"Median","8",2070,3,2,5
380,"Italy",4,"Median","9",2070,4,2,6
380,"Italy",4,"Median","10",2070,4,2,7
380,"Italy",4,"Median","11",2070,4,2,7
380,"Italy",4,"Median","12",2070,4,3,7
380,"Italy",4,"Median","13",2070,5,3,8
380,"Italy",4,"Median","14",2070,7,4,11
380,"Italy",4,"Median","15",2070,10,4,14
380,"Italy",4,"Median","16",2070,13,5,18
380,"Italy",4,"Median","17",2070,18,6,24
380,"Italy",4,"Median","18",2070,22,6,29
380,"Italy",4,"Median","19",2070,25,7,32
380,"Italy",4,"Median","20",2070,28,8,36
380,"Italy",4,"Median","21",2070,31,9,40
380,"Italy",4,"Median","22",2070,32,9,42
380,"Italy",4,"Median","23",2070,33,9,42
380,"Italy",4,"Median","24",2070,35,10,45
380,"Italy",4,"Median","25",2070,36,12,49
380,"Italy",4,"Median","26",2070,38,13,50
380,"Italy",4,"Median","27",2070,38,12,50
380,"Italy",4,"Median","28",2070,37,12,49
380,"Italy",4,"Median","29",2070,38,13,50
380,"Italy",4,"Median","30",2070,40,13,53
380,"Italy",4,"Median","31",2070,43,15,57
380,"Italy",4,"Median","32",2070,45,16,62
380,"Italy",4,"Median","33",2070,47,18,65
380,"Italy",4,"Median","34",2070,49,19,68
380,"Italy",4,"Median","35",2070,51,21,73
380,"Italy",4,"Median","36",2070,54,24,78
380,"Italy",4,"Median","37",2070,58,27,85
380,"Italy",4,"Median","38",2070,62,30,93
380,"Italy",4,"Median","39",2070,70,33,103
380,"Italy",4,"Median","40",2070,77,36,113
380,"Italy",4,"Median","41",2070,86,40,125
380,"Italy",4,"Median","42",2070,93,44,138
380,"Italy",4,"Median","43",2070,102,50,152
380,"Italy",4,"Median","44",2070,115,56,171
380,"Italy",4,"Median","45",2070,130,63,193
380,"Italy",4,"Median","46",2070,145,70,215
380,"Italy",4,"Median","47",2070,161,80,241
380,"Italy",4,"Median","48",2070,181,90,271
380,"Italy",4,"Median","49",2070,201,100,301
380,"Italy",4,"Median","50",2070,225,112,337
380,"Italy",4,"Median","51",2070,259,127,387
380,"Italy",4,"Median","52",2070,301,145,446
380,"Italy",4,"Median","53",2070,342,165,507
380,"Italy",4,"Median","54",2070,382,186,568
380,"Italy",4,"Median","55",2070,435,207,642
380,"Italy",4,"Median","56",2070,494,231,725
380,"Italy",4,"Median","57",2070,558,258,816
380,"Italy",4,"Median","58",2070,627,290,917
380,"Italy",4,"Median","59",2070,705,326,1031
380,"Italy",4,"Median","60",2070,791,363,1155
380,"Italy",4,"Median","61",2070,879,397,1276
380,"Italy",4,"Median","62",2070,958,424,1382
380,"Italy",4,"Median","63",2070,1056,468,1524
380,"Italy",4,"Median","64",2070,1144,515,1659
380,"Italy",4,"Median","65",2070,1213,554,1767
380,"Italy",4,"Median","66",2070,1313,591,1904
380,"Italy",4,"Median","67",2070,1405,616,2021
380,"Italy",4,"Median","68",2070,1505,657,2162
380,"Italy",4,"Median","69",2070,1639,719,2359
380,"Italy",4,"Median","70",2070,1805,791,2596
380,"Italy",4,"Median","71",2070,2028,882,2910
380,"Italy",4,"Median","72",2070,2235,980,3215
380,"Italy",4,"Median","73",2070,2443,1100,3543
380,"Italy",4,"Median","74",2070,2675,1232,3907
380,"Italy",4,"Median","75",2070,2929,1387,4316
380,"Italy",4,"Median","76",2070,3233,1590,4822
380,"Italy",4,"Median","77",2070,3707,1906,5613
380,"Italy",4,"Median","78",2070,4249,2276,6525
380,"Italy",4,"Median","79",2070,4916,2716,7632
380,"Italy",4,"Median","80",2070,5637,3248,8884
380,"Italy",4,"Median","81",2070,6532,3979,10511
380,"Italy",4,"Median","82",2070,7296,4684,11980
380,"Italy",4,"Median","83",2070,8155,5470,13625
380,"Italy",4,"Median","84",2070,9570,6642,16212
380,"Italy",4,"Median","85",2070,11159,8060,19219
380,"Italy",4,"Median","86",2070,12908,9756,22664
380,"Italy",4,"Median","87",2070,14722,11722,26445
380,"Italy",4,"Median","88",2070,16699,14127,30826
380,"Italy",4,"Median","89",2070,18278,16282,34559
380,"Italy",4,"Median","90",2070,19252,18207,37459
380,"Italy",4,"Median","91",2070,20028,20326,40354
380,"Italy",4,"Median","92",2070,20453,22058,42511
380,"Italy",4,"Median","93",2070,20624,23848,44472
380,"Italy",4,"Median","94",2070,20045,25060,45105
380,"Italy",4,"Median","95",2070,18696,25418,44114
380,"Italy",4,"Median","96",2070,16579,24444,41023
380,"Italy",4,"Median","97",2070,13917,22297,36215
380,"Italy",4,"Median","98",2070,11098,19534,30632
380,"Italy",4,"Median","99",2070,8408,16185,24592
380,"Italy",4,"Median","100",2070,2239,3712,5951
380,"Italy",4,"Median","101",2070,2054,3686,5740
380,"Italy",4,"Median","102",2070,1884,3659,5543
380,"Italy",4,"Median","103",2070,1729,3633,5362
380,"Italy",4,"Median","104",2070,1586,3606,5192
380,"Italy",4,"Median","105",2070,1455,3580,5035
380,"Italy",4,"Median","106",2070,1334,3554,4888
380,"Italy",4,"Median","107",2070,1224,3529,4753
380,"Italy",4,"Median","108",2070,1123,3503,4626
380,"Italy",4,"Median","109",2070,1030,3478,4508
380,"Italy",4,"Median","110",2070,945,3453,4398
380,"Italy",4,"Median","0",2071,115,76,191
380,"Italy",4,"Median","1",2071,11,7,18
380,"Italy",4,"Median","2",2071,4,3,7
380,"Italy",4,"Median","3",2071,4,2,7
380,"Italy",4,"Median","4",2071,4,2,6
380,"Italy",4,"Median","5",2071,3,2,5
380,"Italy",4,"Median","6",2071,3,2,5
380,"Italy",4,"Median","7",2071,3,2,5
380,"Italy",4,"Median","8",2071,3,2,5
380,"Italy",4,"Median","9",2071,4,2,6
380,"Italy",4,"Median","10",2071,4,2,6
380,"Italy",4,"Median","11",2071,4,2,6
380,"Italy",4,"Median","12",2071,4,2,7
380,"Italy",4,"Median","13",2071,5,3,8
380,"Italy",4,"Median","14",2071,7,3,10
380,"Italy",4,"Median","15",2071,9,4,13
380,"Italy",4,"Median","16",2071,13,5,17
380,"Italy",4,"Median","17",2071,17,6,23
380,"Italy",4,"Median","18",2071,21,6,27
380,"Italy",4,"Median","19",2071,24,7,31
380,"Italy",4,"Median","20",2071,27,8,34
380,"Italy",4,"Median","21",2071,29,9,38
380,"Italy",4,"Median","22",2071,31,9,40
380,"Italy",4,"Median","23",2071,32,9,40
380,"Italy",4,"Median","24",2071,33,10,43
380,"Italy",4,"Median","25",2071,35,12,47
380,"Italy",4,"Median","26",2071,37,12,49
380,"Italy",4,"Median","27",2071,37,12,48
380,"Italy",4,"Median","28",2071,36,12,48
380,"Italy",4,"Median","29",2071,37,12,49
380,"Italy",4,"Median","30",2071,39,13,52
380,"Italy",4,"Median","31",2071,42,14,56
380,"Italy",4,"Median","32",2071,44,16,60
380,"Italy",4,"Median","33",2071,46,17,63
380,"Italy",4,"Median","34",2071,48,19,67
380,"Italy",4,"Median","35",2071,50,21,71
380,"Italy",4,"Median","36",2071,53,23,76
380,"Italy",4,"Median","37",2071,57,26,83
380,"Italy",4,"Median","38",2071,61,30,91
380,"Italy",4,"Median","39",2071,68,32,100
380,"Italy",4,"Median","40",2071,75,35,110
380,"Italy",4,"Median","41",2071,83,39,122
380,"Italy",4,"Median","42",2071,91,43,134
380,"Italy",4,"Median","43",2071,99,48,147
380,"Italy",4,"Median","44",2071,112,54,165
380,"Italy",4,"Median","45",2071,126,60,187
380,"Italy",4,"Median","46",2071,141,68,209
380,"Italy",4,"Median","47",2071,155,76,231
380,"Italy",4,"Median","48",2071,172,85,257
380,"Italy",4,"Median","49",2071,195,96,291
380,"Italy",4,"Median","50",2071,219,107,326
380,"Italy",4,"Median","51",2071,246,120,366
380,"Italy",4,"Median","52",2071,282,136,418
380,"Italy",4,"Median","53",2071,324,155,479
380,"Italy",4,"Median","54",2071,367,176,543
380,"Italy",4,"Median","55",2071,416,198,614
380,"Italy",4,"Median","56",2071,474,220,694
380,"Italy",4,"Median","57",2071,532,244,777
380,"Italy",4,"Median","58",2071,598,275,872
380,"Italy",4,"Median","59",2071,675,310,985
380,"Italy",4,"Median","60",2071,758,345,1104
380,"Italy",4,"Median","61",2071,850,379,1229
380,"Italy",4,"Median","62",2071,932,410,1342
380,"Italy",4,"Median","63",2071,1033,456,1489
380,"Italy",4,"Median","64",2071,1127,504,1631
380,"Italy",4,"Median","65",2071,1198,542,1740
380,"Italy",4,"Median","66",2071,1305,581,1886
380,"Italy",4,"Median","67",2071,1408,614,2021
380,"Italy",4,"Median","68",2071,1487,649,2136
380,"Italy",4,"Median","69",2071,1584,698,2282
380,"Italy",4,"Median","70",2071,1750,772,2522
380,"Italy",4,"Median","71",2071,1969,866,2835
380,"Italy",4,"Median","72",2071,2186,953,3138
380,"Italy",4,"Median","73",2071,2409,1059,3468
380,"Italy",4,"Median","74",2071,2618,1182,3799
380,"Italy",4,"Median","75",2071,2865,1327,4191
380,"Italy",4,"Median","76",2071,3133,1504,4637
380,"Italy",4,"Median","77",2071,3504,1766,5270
380,"Italy",4,"Median","78",2071,4048,2136,6184
380,"Italy",4,"Median","79",2071,4751,2597,7348
380,"Italy",4,"Median","80",2071,5519,3120,8640
380,"Italy",4,"Median","81",2071,6381,3815,10196
380,"Italy",4,"Median","82",2071,7353,4656,12009
380,"Italy",4,"Median","83",2071,8235,5455,13690
380,"Italy",4,"Median","84",2071,9225,6364,15589
380,"Italy",4,"Median","85",2071,10789,7731,18520
380,"Italy",4,"Median","86",2071,12465,9351,21816
380,"Italy",4,"Median","87",2071,14215,11225,25440
380,"Italy",4,"Median","88",2071,16096,13467,29563
380,"Italy",4,"Median","89",2071,17822,15888,33709
380,"Italy",4,"Median","90",2071,18897,17754,36651
380,"Italy",4,"Median","91",2071,19493,19465,38958
380,"Italy",4,"Median","92",2071,19719,21129,40849
380,"Italy",4,"Median","93",2071,19937,22882,42819
380,"Italy",4,"Median","94",2071,19428,24112,43540
380,"Italy",4,"Median","95",2071,18297,24647,42944
380,"Italy",4,"Median","96",2071,16546,24238,40784
380,"Italy",4,"Median","97",2071,14050,22369,36419
380,"Italy",4,"Median","98",2071,11224,19499,30724
380,"Italy",4,"Median","99",2071,8561,16344,24905
380,"Italy",4,"Median","100",2071,2235,3678,5913
380,"Italy",4,"Median","101",2071,2062,3672,5734
380,"Italy",4,"Median","102",2071,1902,3666,5568
380,"Italy",4,"Median","103",2071,1755,3661,5416
380,"Italy",4,"Median","104",2071,1619,3655,5274
380,"Italy",4,"Median","105",2071,1493,3650,5143
380,"Italy",4,"Median","106",2071,1378,3644,5022
380,"Italy",4,"Median","107",2071,1271,3639,4910
380,"Italy",4,"Median","108",2071,1172,3633,4805
380,"Italy",4,"Median","109",2071,1082,3627,4709
380,"Italy",4,"Median","110",2071,998,3622,4620
380,"Italy",4,"Median","0",2072,113,74,186
380,"Italy",4,"Median","1",2072,11,7,18
380,"Italy",4,"Median","2",2072,4,3,7
380,"Italy",4,"Median","3",2072,4,2,6
380,"Italy",4,"Median","4",2072,4,2,6
380,"Italy",4,"Median","5",2072,3,2,5
380,"Italy",4,"Median","6",2072,3,2,5
380,"Italy",4,"Median","7",2072,3,2,5
380,"Italy",4,"Median","8",2072,3,2,5
380,"Italy",4,"Median","9",2072,4,2,6
380,"Italy",4,"Median","10",2072,4,2,6
380,"Italy",4,"Median","11",2072,4,2,6
380,"Italy",4,"Median","12",2072,4,2,6
380,"Italy",4,"Median","13",2072,5,3,8
380,"Italy",4,"Median","14",2072,7,3,10
380,"Italy",4,"Median","15",2072,9,4,13
380,"Italy",4,"Median","16",2072,12,5,17
380,"Italy",4,"Median","17",2072,17,5,22
380,"Italy",4,"Median","18",2072,21,6,27
380,"Italy",4,"Median","19",2072,23,6,30
380,"Italy",4,"Median","20",2072,26,7,33
380,"Italy",4,"Median","21",2072,28,9,37
380,"Italy",4,"Median","22",2072,30,9,39
380,"Italy",4,"Median","23",2072,31,8,39
380,"Italy",4,"Median","24",2072,32,10,42
380,"Italy",4,"Median","25",2072,34,11,45
380,"Italy",4,"Median","26",2072,35,12,47
380,"Italy",4,"Median","27",2072,36,11,47
380,"Italy",4,"Median","28",2072,35,11,47
380,"Italy",4,"Median","29",2072,36,12,48
380,"Italy",4,"Median","30",2072,38,12,50
380,"Italy",4,"Median","31",2072,41,14,54
380,"Italy",4,"Median","32",2072,43,15,59
380,"Italy",4,"Median","33",2072,45,17,62
380,"Italy",4,"Median","34",2072,47,18,65
380,"Italy",4,"Median","35",2072,49,20,70
380,"Italy",4,"Median","36",2072,52,23,75
380,"Italy",4,"Median","37",2072,56,26,81
380,"Italy",4,"Median","38",2072,60,29,89
380,"Italy",4,"Median","39",2072,67,32,98
380,"Italy",4,"Median","40",2072,74,34,108
380,"Italy",4,"Median","41",2072,82,37,119
380,"Italy",4,"Median","42",2072,89,42,131
380,"Italy",4,"Median","43",2072,97,47,144
380,"Italy",4,"Median","44",2072,109,52,161
380,"Italy",4,"Median","45",2072,123,59,182
380,"Italy",4,"Median","46",2072,137,66,203
380,"Italy",4,"Median","47",2072,151,74,225
380,"Italy",4,"Median","48",2072,166,81,247
380,"Italy",4,"Median","49",2072,186,91,278
380,"Italy",4,"Median","50",2072,213,104,317
380,"Italy",4,"Median","51",2072,240,116,356
380,"Italy",4,"Median","52",2072,269,128,397
380,"Italy",4,"Median","53",2072,305,145,450
380,"Italy",4,"Median","54",2072,348,166,514
380,"Italy",4,"Median","55",2072,401,189,589
380,"Italy",4,"Median","56",2072,456,210,666
380,"Italy",4,"Median","57",2072,513,234,747
380,"Italy",4,"Median","58",2072,572,261,833
380,"Italy",4,"Median","59",2072,646,295,940
380,"Italy",4,"Median","60",2072,729,330,1059
380,"Italy",4,"Median","61",2072,817,362,1179
380,"Italy",4,"Median","62",2072,904,393,1298
380,"Italy",4,"Median","63",2072,1009,442,1451
380,"Italy",4,"Median","64",2072,1107,493,1599
380,"Italy",4,"Median","65",2072,1184,532,1716
380,"Italy",4,"Median","66",2072,1294,570,1864
380,"Italy",4,"Median","67",2072,1403,606,2009
380,"Italy",4,"Median","68",2072,1495,649,2144
380,"Italy",4,"Median","69",2072,1571,692,2262
380,"Italy",4,"Median","70",2072,1697,752,2449
380,"Italy",4,"Median","71",2072,1917,849,2766
380,"Italy",4,"Median","72",2072,2131,938,3070
380,"Italy",4,"Median","73",2072,2366,1033,3399
380,"Italy",4,"Median","74",2072,2591,1142,3733
380,"Italy",4,"Median","75",2072,2814,1278,4091
380,"Italy",4,"Median","76",2072,3077,1444,4521
380,"Italy",4,"Median","77",2072,3410,1678,5089
380,"Italy",4,"Median","78",2072,3843,1987,5830
380,"Italy",4,"Median","79",2072,4547,2449,6995
380,"Italy",4,"Median","80",2072,5357,2998,8356
380,"Italy",4,"Median","81",2072,6277,3683,9960
380,"Italy",4,"Median","82",2072,7216,4485,11701
380,"Italy",4,"Median","83",2072,8337,5446,13784
380,"Italy",4,"Median","84",2072,9357,6376,15733
380,"Italy",4,"Median","85",2072,10445,7443,17887
380,"Italy",4,"Median","86",2072,12104,9011,21115
380,"Italy",4,"Median","87",2072,13786,10807,24594
380,"Italy",4,"Median","88",2072,15608,12954,28562
380,"Italy",4,"Median","89",2072,17248,15210,32457
380,"Italy",4,"Median","90",2072,18496,17394,35889
380,"Italy",4,"Median","91",2072,19206,19057,38263
380,"Italy",4,"Median","92",2072,19261,20310,39571
380,"Italy",4,"Median","93",2072,19295,22008,41303
380,"Italy",4,"Median","94",2072,18848,23224,42073
380,"Italy",4,"Median","95",2072,17795,23804,41599
380,"Italy",4,"Median","96",2072,16248,23591,39839
380,"Italy",4,"Median","97",2072,14066,22259,36325
380,"Italy",4,"Median","98",2072,11364,19627,30991
380,"Italy",4,"Median","99",2072,8683,16366,25048
380,"Italy",4,"Median","100",2072,2246,3677,5923
380,"Italy",4,"Median","101",2072,2080,3685,5765
380,"Italy",4,"Median","102",2072,1927,3693,5620
380,"Italy",4,"Median","103",2072,1785,3700,5485
380,"Italy",4,"Median","104",2072,1654,3708,5362
380,"Italy",4,"Median","105",2072,1532,3716,5248
380,"Italy",4,"Median","106",2072,1419,3724,5143
380,"Italy",4,"Median","107",2072,1314,3732,5046
380,"Italy",4,"Median","108",2072,1218,3740,4958
380,"Italy",4,"Median","109",2072,1128,3748,4876
380,"Italy",4,"Median","110",2072,1045,3756,4801
380,"Italy",4,"Median","0",2073,110,72,182
380,"Italy",4,"Median","1",2073,11,7,18
380,"Italy",4,"Median","2",2073,4,2,7
380,"Italy",4,"Median","3",2073,4,2,6
380,"Italy",4,"Median","4",2073,4,2,6
380,"Italy",4,"Median","5",2073,3,2,5
380,"Italy",4,"Median","6",2073,3,2,5
380,"Italy",4,"Median","7",2073,3,2,5
380,"Italy",4,"Median","8",2073,3,2,5
380,"Italy",4,"Median","9",2073,4,2,5
380,"Italy",4,"Median","10",2073,4,2,6
380,"Italy",4,"Median","11",2073,4,2,6
380,"Italy",4,"Median","12",2073,4,2,6
380,"Italy",4,"Median","13",2073,5,3,8
380,"Italy",4,"Median","14",2073,6,3,10
380,"Italy",4,"Median","15",2073,9,4,13
380,"Italy",4,"Median","16",2073,12,4,16
380,"Italy",4,"Median","17",2073,16,5,21
380,"Italy",4,"Median","18",2073,20,6,26
380,"Italy",4,"Median","19",2073,23,6,29
380,"Italy",4,"Median","20",2073,25,7,32
380,"Italy",4,"Median","21",2073,28,8,36
380,"Italy",4,"Median","22",2073,29,8,37
380,"Italy",4,"Median","23",2073,30,8,37
380,"Italy",4,"Median","24",2073,31,9,40
380,"Italy",4,"Median","25",2073,33,11,44
380,"Italy",4,"Median","26",2073,34,11,45
380,"Italy",4,"Median","27",2073,35,11,45
380,"Italy",4,"Median","28",2073,34,11,45
380,"Italy",4,"Median","29",2073,35,11,46
380,"Italy",4,"Median","30",2073,37,12,49
380,"Italy",4,"Median","31",2073,40,13,53
380,"Italy",4,"Median","32",2073,42,15,57
380,"Italy",4,"Median","33",2073,44,16,61
380,"Italy",4,"Median","34",2073,46,18,64
380,"Italy",4,"Median","35",2073,49,20,68
380,"Italy",4,"Median","36",2073,51,22,74
380,"Italy",4,"Median","37",2073,55,25,80
380,"Italy",4,"Median","38",2073,59,28,87
380,"Italy",4,"Median","39",2073,66,31,96
380,"Italy",4,"Median","40",2073,73,33,106
380,"Italy",4,"Median","41",2073,80,36,116
380,"Italy",4,"Median","42",2073,87,41,128
380,"Italy",4,"Median","43",2073,95,45,140
380,"Italy",4,"Median","44",2073,107,51,157
380,"Italy",4,"Median","45",2073,120,57,177
380,"Italy",4,"Median","46",2073,134,64,198
380,"Italy",4,"Median","47",2073,147,71,218
380,"Italy",4,"Median","48",2073,162,79,241
380,"Italy",4,"Median","49",2073,179,87,266
380,"Italy",4,"Median","50",2073,203,98,302
380,"Italy",4,"Median","51",2073,234,112,345
380,"Italy",4,"Median","52",2073,262,123,385
380,"Italy",4,"Median","53",2073,291,137,428
380,"Italy",4,"Median","54",2073,328,155,483
380,"Italy",4,"Median","55",2073,381,177,558
380,"Italy",4,"Median","56",2073,439,200,640
380,"Italy",4,"Median","57",2073,493,224,717
380,"Italy",4,"Median","58",2073,552,250,801
380,"Italy",4,"Median","59",2073,618,280,898
380,"Italy",4,"Median","60",2073,697,313,1010
380,"Italy",4,"Median","61",2073,786,346,1131
380,"Italy",4,"Median","62",2073,869,375,1245
380,"Italy",4,"Median","63",2073,979,424,1403
380,"Italy",4,"Median","64",2073,1081,478,1558
380,"Italy",4,"Median","65",2073,1163,520,1682
380,"Italy",4,"Median","66",2073,1279,560,1839
380,"Italy",4,"Median","67",2073,1391,595,1986
380,"Italy",4,"Median","68",2073,1491,641,2131
380,"Italy",4,"Median","69",2073,1579,692,2271
380,"Italy",4,"Median","70",2073,1683,745,2428
380,"Italy",4,"Median","71",2073,1859,827,2687
380,"Italy",4,"Median","72",2073,2075,920,2995
380,"Italy",4,"Median","73",2073,2307,1018,3325
380,"Italy",4,"Median","74",2073,2545,1114,3659
380,"Italy",4,"Median","75",2073,2786,1235,4020
380,"Italy",4,"Median","76",2073,3022,1390,4413
380,"Italy",4,"Median","77",2073,3350,1612,4962
380,"Italy",4,"Median","78",2073,3742,1889,5632
380,"Italy",4,"Median","79",2073,4319,2281,6599
380,"Italy",4,"Median","80",2073,5131,2829,7960
380,"Italy",4,"Median","81",2073,6100,3544,9644
380,"Italy",4,"Median","82",2073,7106,4336,11442
380,"Italy",4,"Median","83",2073,8191,5254,13446
380,"Italy",4,"Median","84",2073,9485,6377,15862
380,"Italy",4,"Median","85",2073,10610,7469,18079
380,"Italy",4,"Median","86",2073,11737,8691,20428
380,"Italy",4,"Median","87",2073,13410,10434,23844
380,"Italy",4,"Median","88",2073,15165,12498,27663
380,"Italy",4,"Median","89",2073,16755,14660,31414
380,"Italy",4,"Median","90",2073,17931,16684,34615
380,"Italy",4,"Median","91",2073,18833,18709,37542
380,"Italy",4,"Median","92",2073,19011,19923,38934
380,"Italy",4,"Median","93",2073,18886,21206,40091
380,"Italy",4,"Median","94",2073,18279,22390,40668
380,"Italy",4,"Median","95",2073,17299,22982,40282
380,"Italy",4,"Median","96",2073,15836,22841,38677
380,"Italy",4,"Median","97",2073,13841,21717,35559
380,"Italy",4,"Median","98",2073,11400,19575,30976
380,"Italy",4,"Median","99",2073,8808,16510,25318
380,"Italy",4,"Median","100",2073,2261,3667,5928
380,"Italy",4,"Median","101",2073,2101,3688,5789
380,"Italy",4,"Median","102",2073,1953,3708,5661
380,"Italy",4,"Median","103",2073,1815,3728,5543
380,"Italy",4,"Median","104",2073,1687,3749,5436
380,"Italy",4,"Median","105",2073,1568,3769,5337
380,"Italy",4,"Median","106",2073,1457,3790,5247
380,"Italy",4,"Median","107",2073,1354,3811,5165
380,"Italy",4,"Median","108",2073,1258,3832,5090
380,"Italy",4,"Median","109",2073,1170,3853,5023
380,"Italy",4,"Median","110",2073,1087,3874,4961
380,"Italy",4,"Median","0",2074,108,69,177
380,"Italy",4,"Median","1",2074,10,7,17
380,"Italy",4,"Median","2",2074,4,2,6
380,"Italy",4,"Median","3",2074,4,2,6
380,"Italy",4,"Median","4",2074,4,2,6
380,"Italy",4,"Median","5",2074,3,2,5
380,"Italy",4,"Median","6",2074,3,2,4
380,"Italy",4,"Median","7",2074,3,2,4
380,"Italy",4,"Median","8",2074,3,2,5
380,"Italy",4,"Median","9",2074,3,2,5
380,"Italy",4,"Median","10",2074,4,2,6
380,"Italy",4,"Median","11",2074,4,2,6
380,"Italy",4,"Median","12",2074,4,2,6
380,"Italy",4,"Median","13",2074,5,3,7
380,"Italy",4,"Median","14",2074,6,3,9
380,"Italy",4,"Median","15",2074,9,4,12
380,"Italy",4,"Median","16",2074,12,4,16
380,"Italy",4,"Median","17",2074,16,5,20
380,"Italy",4,"Median","18",2074,19,5,25
380,"Italy",4,"Median","19",2074,22,6,28
380,"Italy",4,"Median","20",2074,24,7,31
380,"Italy",4,"Median","21",2074,27,8,34
380,"Italy",4,"Median","22",2074,28,8,36
380,"Italy",4,"Median","23",2074,29,8,36
380,"Italy",4,"Median","24",2074,30,9,39
380,"Italy",4,"Median","25",2074,32,10,42
380,"Italy",4,"Median","26",2074,33,11,44
380,"Italy",4,"Median","27",2074,34,10,44
380,"Italy",4,"Median","28",2074,33,10,44
380,"Italy",4,"Median","29",2074,34,11,45
380,"Italy",4,"Median","30",2074,36,12,48
380,"Italy",4,"Median","31",2074,39,13,52
380,"Italy",4,"Median","32",2074,41,14,56
380,"Italy",4,"Median","33",2074,43,16,59
380,"Italy",4,"Median","34",2074,45,17,63
380,"Italy",4,"Median","35",2074,48,19,67
380,"Italy",4,"Median","36",2074,50,22,72
380,"Italy",4,"Median","37",2074,54,25,78
380,"Italy",4,"Median","38",2074,58,27,85
380,"Italy",4,"Median","39",2074,64,30,94
380,"Italy",4,"Median","40",2074,71,32,103
380,"Italy",4,"Median","41",2074,79,35,114
380,"Italy",4,"Median","42",2074,85,39,125
380,"Italy",4,"Median","43",2074,93,44,137
380,"Italy",4,"Median","44",2074,104,49,153
380,"Italy",4,"Median","45",2074,118,55,173
380,"Italy",4,"Median","46",2074,131,62,192
380,"Italy",4,"Median","47",2074,144,69,212
380,"Italy",4,"Median","48",2074,158,76,234
380,"Italy",4,"Median","49",2074,175,84,259
380,"Italy",4,"Median","50",2074,196,93,289
380,"Italy",4,"Median","51",2074,223,105,329
380,"Italy",4,"Median","52",2074,255,119,374
380,"Italy",4,"Median","53",2074,283,131,415
380,"Italy",4,"Median","54",2074,312,146,459
380,"Italy",4,"Median","55",2074,359,165,524
380,"Italy",4,"Median","56",2074,417,188,605
380,"Italy",4,"Median","57",2074,475,212,687
380,"Italy",4,"Median","58",2074,530,238,768
380,"Italy",4,"Median","59",2074,596,267,863
380,"Italy",4,"Median","60",2074,668,296,964
380,"Italy",4,"Median","61",2074,752,327,1079
380,"Italy",4,"Median","62",2074,836,357,1192
380,"Italy",4,"Median","63",2074,942,403,1345
380,"Italy",4,"Median","64",2074,1049,457,1506
380,"Italy",4,"Median","65",2074,1135,502,1637
380,"Italy",4,"Median","66",2074,1256,545,1801
380,"Italy",4,"Median","67",2074,1375,582,1957
380,"Italy",4,"Median","68",2074,1478,626,2104
380,"Italy",4,"Median","69",2074,1574,680,2255
380,"Italy",4,"Median","70",2074,1692,742,2435
380,"Italy",4,"Median","71",2074,1845,817,2661
380,"Italy",4,"Median","72",2074,2012,893,2906
380,"Italy",4,"Median","73",2074,2246,995,3241
380,"Italy",4,"Median","74",2074,2482,1093,3575
380,"Italy",4,"Median","75",2074,2736,1200,3937
380,"Italy",4,"Median","76",2074,2993,1339,4332
380,"Italy",4,"Median","77",2074,3293,1547,4840
380,"Italy",4,"Median","78",2074,3678,1809,5487
380,"Italy",4,"Median","79",2074,4210,2163,6372
380,"Italy",4,"Median","80",2074,4878,2629,7507
380,"Italy",4,"Median","81",2074,5849,3338,9187
380,"Italy",4,"Median","82",2074,6914,4165,11079
380,"Italy",4,"Median","83",2074,8077,5072,13149
380,"Italy",4,"Median","84",2074,9332,6145,15477
380,"Italy",4,"Median","85",2074,10772,7464,18236
380,"Italy",4,"Median","86",2074,11943,8717,20660
380,"Italy",4,"Median","87",2074,13025,10061,23086
380,"Italy",4,"Median","88",2074,14778,12069,26847
380,"Italy",4,"Median","89",2074,16308,14147,30456
380,"Italy",4,"Median","90",2074,17449,16085,33534
380,"Italy",4,"Median","91",2074,18292,17955,36247
380,"Italy",4,"Median","92",2074,18674,19569,38243
380,"Italy",4,"Median","93",2074,18680,20826,39505
380,"Italy",4,"Median","94",2074,17928,21599,39527
380,"Italy",4,"Median","95",2074,16811,22187,38998
380,"Italy",4,"Median","96",2074,15428,22089,37516
380,"Italy",4,"Median","97",2074,13518,21063,34581
380,"Italy",4,"Median","98",2074,11240,19132,30372
380,"Italy",4,"Median","99",2074,8852,16496,25348
380,"Italy",4,"Median","100",2074,2287,3679,5966
380,"Italy",4,"Median","101",2074,2130,3707,5837
380,"Italy",4,"Median","102",2074,1983,3735,5718
380,"Italy",4,"Median","103",2074,1846,3763,5609
380,"Italy",4,"Median","104",2074,1719,3792,5511
380,"Italy",4,"Median","105",2074,1601,3821,5422
380,"Italy",4,"Median","106",2074,1491,3849,5340
380,"Italy",4,"Median","107",2074,1388,3879,5267
380,"Italy",4,"Median","108",2074,1293,3908,5201
380,"Italy",4,"Median","109",2074,1204,3937,5141
380,"Italy",4,"Median","110",2074,1121,3967,5088
380,"Italy",4,"Median","0",2075,105,67,172
380,"Italy",4,"Median","1",2075,10,7,17
380,"Italy",4,"Median","2",2075,4,2,6
380,"Italy",4,"Median","3",2075,4,2,6
380,"Italy",4,"Median","4",2075,3,2,6
380,"Italy",4,"Median","5",2075,3,2,5
380,"Italy",4,"Median","6",2075,3,2,4
380,"Italy",4,"Median","7",2075,3,2,4
380,"Italy",4,"Median","8",2075,3,2,5
380,"Italy",4,"Median","9",2075,3,2,5
380,"Italy",4,"Median","10",2075,4,2,6
380,"Italy",4,"Median","11",2075,4,2,6
380,"Italy",4,"Median","12",2075,4,2,6
380,"Italy",4,"Median","13",2075,5,2,7
380,"Italy",4,"Median","14",2075,6,3,9
380,"Italy",4,"Median","15",2075,8,4,12
380,"Italy",4,"Median","16",2075,11,4,15
380,"Italy",4,"Median","17",2075,15,5,20
380,"Italy",4,"Median","18",2075,19,5,24
380,"Italy",4,"Median","19",2075,21,6,27
380,"Italy",4,"Median","20",2075,23,6,30
380,"Italy",4,"Median","21",2075,26,8,33
380,"Italy",4,"Median","22",2075,27,7,35
380,"Italy",4,"Median","23",2075,28,7,35
380,"Italy",4,"Median","24",2075,29,8,37
380,"Italy",4,"Median","25",2075,31,10,41
380,"Italy",4,"Median","26",2075,32,10,42
380,"Italy",4,"Median","27",2075,32,10,42
380,"Italy",4,"Median","28",2075,32,10,42
380,"Italy",4,"Median","29",2075,33,11,43
380,"Italy",4,"Median","30",2075,35,11,46
380,"Italy",4,"Median","31",2075,38,12,50
380,"Italy",4,"Median","32",2075,40,14,54
380,"Italy",4,"Median","33",2075,42,15,58
380,"Italy",4,"Median","34",2075,44,17,61
380,"Italy",4,"Median","35",2075,47,19,65
380,"Italy",4,"Median","36",2075,50,21,70
380,"Italy",4,"Median","37",2075,53,24,77
380,"Italy",4,"Median","38",2075,57,27,84
380,"Italy",4,"Median","39",2075,63,29,93
380,"Italy",4,"Median","40",2075,70,31,101
380,"Italy",4,"Median","41",2075,77,34,112
380,"Italy",4,"Median","42",2075,84,38,122
380,"Italy",4,"Median","43",2075,91,43,134
380,"Italy",4,"Median","44",2075,102,48,150
380,"Italy",4,"Median","45",2075,115,53,168
380,"Italy",4,"Median","46",2075,128,60,187
380,"Italy",4,"Median","47",2075,140,66,207
380,"Italy",4,"Median","48",2075,154,73,227
380,"Italy",4,"Median","49",2075,171,81,252
380,"Italy",4,"Median","50",2075,191,90,281
380,"Italy",4,"Median","51",2075,215,100,315
380,"Italy",4,"Median","52",2075,244,112,356
380,"Italy",4,"Median","53",2075,276,126,402
380,"Italy",4,"Median","54",2075,304,140,445
380,"Italy",4,"Median","55",2075,342,156,497
380,"Italy",4,"Median","56",2075,393,175,568
380,"Italy",4,"Median","57",2075,451,199,650
380,"Italy",4,"Median","58",2075,511,226,736
380,"Italy",4,"Median","59",2075,573,254,827
380,"Italy",4,"Median","60",2075,643,282,926
380,"Italy",4,"Median","61",2075,720,310,1029
380,"Italy",4,"Median","62",2075,799,337,1136
380,"Italy",4,"Median","63",2075,905,384,1289
380,"Italy",4,"Median","64",2075,1009,434,1443
380,"Italy",4,"Median","65",2075,1101,480,1581
380,"Italy",4,"Median","66",2075,1226,527,1752
380,"Italy",4,"Median","67",2075,1350,566,1916
380,"Italy",4,"Median","68",2075,1461,613,2073
380,"Italy",4,"Median","69",2075,1560,665,2225
380,"Italy",4,"Median","70",2075,1687,730,2417
380,"Italy",4,"Median","71",2075,1855,814,2669
380,"Italy",4,"Median","72",2075,1997,882,2878
380,"Italy",4,"Median","73",2075,2179,966,3144
380,"Italy",4,"Median","74",2075,2416,1068,3485
380,"Italy",4,"Median","75",2075,2669,1178,3847
380,"Italy",4,"Median","76",2075,2940,1301,4242
380,"Italy",4,"Median","77",2075,3262,1490,4752
380,"Italy",4,"Median","78",2075,3617,1738,5354
380,"Italy",4,"Median","79",2075,4140,2072,6213
380,"Italy",4,"Median","80",2075,4759,2495,7254
380,"Italy",4,"Median","81",2075,5567,3106,8673
380,"Italy",4,"Median","82",2075,6637,3928,10565
380,"Italy",4,"Median","83",2075,7868,4879,12747
380,"Italy",4,"Median","84",2075,9214,5942,15156
380,"Italy",4,"Median","85",2075,10614,7206,17819
380,"Italy",4,"Median","86",2075,12144,8728,20872
380,"Italy",4,"Median","87",2075,13275,10113,23388
380,"Italy",4,"Median","88",2075,14380,11664,26043
380,"Italy",4,"Median","89",2075,15920,13692,29612
380,"Italy",4,"Median","90",2075,17013,15556,32569
380,"Italy",4,"Median","91",2075,17832,17351,35183
380,"Italy",4,"Median","92",2075,18169,18821,36990
380,"Italy",4,"Median","93",2075,18387,20510,38897
380,"Italy",4,"Median","94",2075,17767,21268,39035
380,"Italy",4,"Median","95",2075,16521,21461,37982
380,"Italy",4,"Median","96",2075,15023,21384,36407
380,"Italy",4,"Median","97",2075,13196,20426,33622
380,"Italy",4,"Median","98",2075,10998,18605,29603
380,"Italy",4,"Median","99",2075,8744,16164,24908
380,"Italy",4,"Median","100",2075,2316,3704,6020
380,"Italy",4,"Median","101",2075,2158,3735,5893
380,"Italy",4,"Median","102",2075,2011,3766,5777
380,"Italy",4,"Median","103",2075,1874,3798,5672
380,"Italy",4,"Median","104",2075,1746,3830,5576
380,"Italy",4,"Median","105",2075,1627,3862,5489
380,"Italy",4,"Median","106",2075,1516,3894,5410
380,"Italy",4,"Median","107",2075,1413,3927,5340
380,"Italy",4,"Median","108",2075,1317,3960,5277
380,"Italy",4,"Median","109",2075,1227,3993,5220
380,"Italy",4,"Median","110",2075,1143,4026,5169
380,"Italy",4,"Median","0",2076,103,64,167
380,"Italy",4,"Median","1",2076,10,6,16
380,"Italy",4,"Median","2",2076,4,2,6
380,"Italy",4,"Median","3",2076,4,2,6
380,"Italy",4,"Median","4",2076,3,2,6
380,"Italy",4,"Median","5",2076,3,2,5
380,"Italy",4,"Median","6",2076,3,2,4
380,"Italy",4,"Median","7",2076,3,2,4
380,"Italy",4,"Median","8",2076,3,2,5
380,"Italy",4,"Median","9",2076,3,2,5
380,"Italy",4,"Median","10",2076,4,2,6
380,"Italy",4,"Median","11",2076,4,2,6
380,"Italy",4,"Median","12",2076,4,2,6
380,"Italy",4,"Median","13",2076,5,2,7
380,"Italy",4,"Median","14",2076,6,3,9
380,"Italy",4,"Median","15",2076,8,3,12
380,"Italy",4,"Median","16",2076,11,4,15
380,"Italy",4,"Median","17",2076,15,5,19
380,"Italy",4,"Median","18",2076,18,5,23
380,"Italy",4,"Median","19",2076,21,6,26
380,"Italy",4,"Median","20",2076,23,6,29
380,"Italy",4,"Median","21",2076,25,7,32
380,"Italy",4,"Median","22",2076,26,7,33
380,"Italy",4,"Median","23",2076,27,7,34
380,"Italy",4,"Median","24",2076,28,8,36
380,"Italy",4,"Median","25",2076,30,9,39
380,"Italy",4,"Median","26",2076,31,10,41
380,"Italy",4,"Median","27",2076,31,9,41
380,"Italy",4,"Median","28",2076,31,10,41
380,"Italy",4,"Median","29",2076,32,10,42
380,"Italy",4,"Median","30",2076,34,11,45
380,"Italy",4,"Median","31",2076,37,12,49
380,"Italy",4,"Median","32",2076,39,13,53
380,"Italy",4,"Median","33",2076,41,15,56
380,"Italy",4,"Median","34",2076,43,16,59
380,"Italy",4,"Median","35",2076,46,18,64
380,"Italy",4,"Median","36",2076,49,20,69
380,"Italy",4,"Median","37",2076,52,23,75
380,"Italy",4,"Median","38",2076,56,26,82
380,"Italy",4,"Median","39",2076,62,28,91
380,"Italy",4,"Median","40",2076,69,31,100
380,"Italy",4,"Median","41",2076,76,34,109
380,"Italy",4,"Median","42",2076,82,37,120
380,"Italy",4,"Median","43",2076,89,41,131
380,"Italy",4,"Median","44",2076,100,46,146
380,"Italy",4,"Median","45",2076,113,52,164
380,"Italy",4,"Median","46",2076,125,58,183
380,"Italy",4,"Median","47",2076,137,64,202
380,"Italy",4,"Median","48",2076,150,71,222
380,"Italy",4,"Median","49",2076,167,78,245
380,"Italy",4,"Median","50",2076,186,87,274
380,"Italy",4,"Median","51",2076,210,97,307
380,"Italy",4,"Median","52",2076,234,107,341
380,"Italy",4,"Median","53",2076,264,120,383
380,"Italy",4,"Median","54",2076,296,136,432
380,"Italy",4,"Median","55",2076,333,150,483
380,"Italy",4,"Median","56",2076,374,166,540
380,"Italy",4,"Median","57",2076,425,186,611
380,"Italy",4,"Median","58",2076,485,213,698
380,"Italy",4,"Median","59",2076,552,242,794
380,"Italy",4,"Median","60",2076,619,270,889
380,"Italy",4,"Median","61",2076,693,296,990
380,"Italy",4,"Median","62",2076,765,320,1086
380,"Italy",4,"Median","63",2076,866,364,1230
380,"Italy",4,"Median","64",2076,970,415,1384
380,"Italy",4,"Median","65",2076,1059,458,1517
380,"Italy",4,"Median","66",2076,1190,505,1695
380,"Italy",4,"Median","67",2076,1318,549,1867
380,"Italy",4,"Median","68",2076,1434,598,2032
380,"Italy",4,"Median","69",2076,1542,653,2195
380,"Italy",4,"Median","70",2076,1672,716,2388
380,"Italy",4,"Median","71",2076,1850,804,2654
380,"Italy",4,"Median","72",2076,2008,882,2891
380,"Italy",4,"Median","73",2076,2163,957,3119
380,"Italy",4,"Median","74",2076,2345,1041,3386
380,"Italy",4,"Median","75",2076,2599,1155,3755
380,"Italy",4,"Median","76",2076,2869,1283,4151
380,"Italy",4,"Median","77",2076,3206,1455,4661
380,"Italy",4,"Median","78",2076,3585,1681,5266
380,"Italy",4,"Median","79",2076,4075,2000,6075
380,"Italy",4,"Median","80",2076,4685,2402,7087
380,"Italy",4,"Median","81",2076,5438,2963,8400
380,"Italy",4,"Median","82",2076,6325,3673,9998
380,"Italy",4,"Median","83",2076,7563,4624,12186
380,"Italy",4,"Median","84",2076,8989,5743,14732
380,"Italy",4,"Median","85",2076,10496,7000,17497
380,"Italy",4,"Median","86",2076,11986,8466,20451
380,"Italy",4,"Median","87",2076,13523,10171,23694
380,"Italy",4,"Median","88",2076,14684,11778,26462
380,"Italy",4,"Median","89",2076,15520,13288,28808
380,"Italy",4,"Median","90",2076,16638,15115,31753
380,"Italy",4,"Median","91",2076,17420,16847,34267
380,"Italy",4,"Median","92",2076,17745,18255,35999
380,"Italy",4,"Median","93",2076,17927,19806,37734
380,"Italy",4,"Median","94",2076,17525,21025,38551
380,"Italy",4,"Median","95",2076,16408,21211,37619
380,"Italy",4,"Median","96",2076,14797,20761,35558
380,"Italy",4,"Median","97",2076,12878,19844,32722
380,"Italy",4,"Median","98",2076,10758,18101,28859
380,"Italy",4,"Median","99",2076,8573,15768,24340
380,"Italy",4,"Median","100",2076,2329,3707,6036
380,"Italy",4,"Median","101",2076,2171,3740,5911
380,"Italy",4,"Median","102",2076,2023,3773,5796
380,"Italy",4,"Median","103",2076,1886,3806,5692
380,"Italy",4,"Median","104",2076,1758,3840,5598
380,"Italy",4,"Median","105",2076,1639,3874,5513
380,"Italy",4,"Median","106",2076,1528,3908,5436
380,"Italy",4,"Median","107",2076,1424,3942,5366
380,"Italy",4,"Median","108",2076,1328,3977,5305
380,"Italy",4,"Median","109",2076,1238,4012,5250
380,"Italy",4,"Median","110",2076,1154,4048,5202
380,"Italy",4,"Median","0",2077,100,62,162
380,"Italy",4,"Median","1",2077,10,6,16
380,"Italy",4,"Median","2",2077,4,2,6
380,"Italy",4,"Median","3",2077,4,2,6
380,"Italy",4,"Median","4",2077,3,2,5
380,"Italy",4,"Median","5",2077,3,2,5
380,"Italy",4,"Median","6",2077,3,2,4
380,"Italy",4,"Median","7",2077,3,2,4
380,"Italy",4,"Median","8",2077,3,2,4
380,"Italy",4,"Median","9",2077,3,2,5
380,"Italy",4,"Median","10",2077,4,2,5
380,"Italy",4,"Median","11",2077,4,2,5
380,"Italy",4,"Median","12",2077,4,2,6
380,"Italy",4,"Median","13",2077,4,2,7
380,"Italy",4,"Median","14",2077,6,3,9
380,"Italy",4,"Median","15",2077,8,3,11
380,"Italy",4,"Median","16",2077,11,4,14
380,"Italy",4,"Median","17",2077,14,4,19
380,"Italy",4,"Median","18",2077,18,5,23
380,"Italy",4,"Median","19",2077,20,5,25
380,"Italy",4,"Median","20",2077,22,6,28
380,"Italy",4,"Median","21",2077,24,7,31
380,"Italy",4,"Median","22",2077,25,7,32
380,"Italy",4,"Median","23",2077,26,7,32
380,"Italy",4,"Median","24",2077,27,8,35
380,"Italy",4,"Median","25",2077,29,9,38
380,"Italy",4,"Median","26",2077,30,9,39
380,"Italy",4,"Median","27",2077,30,9,39
380,"Italy",4,"Median","28",2077,30,9,39
380,"Italy",4,"Median","29",2077,31,10,40
380,"Italy",4,"Median","30",2077,33,10,43
380,"Italy",4,"Median","31",2077,36,11,47
380,"Italy",4,"Median","32",2077,38,13,51
380,"Italy",4,"Median","33",2077,40,14,54
380,"Italy",4,"Median","34",2077,42,16,58
380,"Italy",4,"Median","35",2077,44,17,62
380,"Italy",4,"Median","36",2077,47,20,67
380,"Italy",4,"Median","37",2077,51,23,73
380,"Italy",4,"Median","38",2077,55,25,80
380,"Italy",4,"Median","39",2077,61,28,89
380,"Italy",4,"Median","40",2077,68,30,97
380,"Italy",4,"Median","41",2077,74,33,107
380,"Italy",4,"Median","42",2077,81,36,117
380,"Italy",4,"Median","43",2077,88,40,128
380,"Italy",4,"Median","44",2077,98,45,143
380,"Italy",4,"Median","45",2077,110,50,160
380,"Italy",4,"Median","46",2077,122,56,178
380,"Italy",4,"Median","47",2077,134,62,196
380,"Italy",4,"Median","48",2077,146,69,215
380,"Italy",4,"Median","49",2077,162,76,238
380,"Italy",4,"Median","50",2077,181,84,265
380,"Italy",4,"Median","51",2077,204,94,297
380,"Italy",4,"Median","52",2077,228,103,332
380,"Italy",4,"Median","53",2077,253,114,367
380,"Italy",4,"Median","54",2077,282,128,410
380,"Italy",4,"Median","55",2077,323,144,467
380,"Italy",4,"Median","56",2077,363,159,522
380,"Italy",4,"Median","57",2077,403,175,579
380,"Italy",4,"Median","58",2077,455,198,654
380,"Italy",4,"Median","59",2077,522,227,750
380,"Italy",4,"Median","60",2077,593,257,850
380,"Italy",4,"Median","61",2077,665,282,947
380,"Italy",4,"Median","62",2077,734,305,1040
380,"Italy",4,"Median","63",2077,826,345,1171
380,"Italy",4,"Median","64",2077,924,392,1316
380,"Italy",4,"Median","65",2077,1014,435,1449
380,"Italy",4,"Median","66",2077,1140,480,1620
380,"Italy",4,"Median","67",2077,1274,524,1798
380,"Italy",4,"Median","68",2077,1395,578,1972
380,"Italy",4,"Median","69",2077,1508,635,2143
380,"Italy",4,"Median","70",2077,1646,700,2346
380,"Italy",4,"Median","71",2077,1828,786,2613
380,"Italy",4,"Median","72",2077,1995,868,2863
380,"Italy",4,"Median","73",2077,2167,954,3121
380,"Italy",4,"Median","74",2077,2319,1028,3346
380,"Italy",4,"Median","75",2077,2513,1122,3635
380,"Italy",4,"Median","76",2077,2784,1253,4037
380,"Italy",4,"Median","77",2077,3118,1429,4547
380,"Italy",4,"Median","78",2077,3512,1636,5148
380,"Italy",4,"Median","79",2077,4028,1929,5957
380,"Italy",4,"Median","80",2077,4598,2312,6910
380,"Italy",4,"Median","81",2077,5342,2846,8188
380,"Italy",4,"Median","82",2077,6165,3496,9661
380,"Italy",4,"Median","83",2077,7194,4316,11510
380,"Italy",4,"Median","84",2077,8628,5435,14062
380,"Italy",4,"Median","85",2077,10227,6759,16986
380,"Italy",4,"Median","86",2077,11842,8218,20060
380,"Italy",4,"Median","87",2077,13338,9861,23199
380,"Italy",4,"Median","88",2077,14953,11845,26798
380,"Italy",4,"Median","89",2077,15846,13419,29266
380,"Italy",4,"Median","90",2077,16219,14671,30890
380,"Italy",4,"Median","91",2077,17040,16376,33416
380,"Italy",4,"Median","92",2077,17338,17732,35069
380,"Italy",4,"Median","93",2077,17522,19230,36752
380,"Italy",4,"Median","94",2077,17101,20326,37428
380,"Italy",4,"Median","95",2077,16200,20996,37196
380,"Italy",4,"Median","96",2077,14713,20552,35265
380,"Italy",4,"Median","97",2077,12700,19298,31998
380,"Italy",4,"Median","98",2077,10512,17615,28127
380,"Italy",4,"Median","99",2077,8397,15367,23764
380,"Italy",4,"Median","100",2077,2315,3674,5989
380,"Italy",4,"Median","101",2077,2160,3710,5870
380,"Italy",4,"Median","102",2077,2016,3746,5762
380,"Italy",4,"Median","103",2077,1881,3782,5663
380,"Italy",4,"Median","104",2077,1755,3818,5573
380,"Italy",4,"Median","105",2077,1637,3855,5492
380,"Italy",4,"Median","106",2077,1527,3892,5419
380,"Italy",4,"Median","107",2077,1425,3930,5355
380,"Italy",4,"Median","108",2077,1330,3967,5297
380,"Italy",4,"Median","109",2077,1241,4006,5247
380,"Italy",4,"Median","110",2077,1157,4044,5201
380,"Italy",4,"Median","0",2078,97,60,157
380,"Italy",4,"Median","1",2078,9,6,15
380,"Italy",4,"Median","2",2078,4,2,6
380,"Italy",4,"Median","3",2078,4,2,6
380,"Italy",4,"Median","4",2078,3,2,5
380,"Italy",4,"Median","5",2078,3,2,5
380,"Italy",4,"Median","6",2078,3,2,4
380,"Italy",4,"Median","7",2078,3,1,4
380,"Italy",4,"Median","8",2078,3,2,4
380,"Italy",4,"Median","9",2078,3,2,5
380,"Italy",4,"Median","10",2078,3,2,5
380,"Italy",4,"Median","11",2078,3,2,5
380,"Italy",4,"Median","12",2078,4,2,6
380,"Italy",4,"Median","13",2078,4,2,7
380,"Italy",4,"Median","14",2078,6,3,8
380,"Italy",4,"Median","15",2078,8,3,11
380,"Italy",4,"Median","16",2078,10,4,14
380,"Italy",4,"Median","17",2078,14,4,18
380,"Italy",4,"Median","18",2078,17,5,22
380,"Italy",4,"Median","19",2078,19,5,25
380,"Italy",4,"Median","20",2078,21,6,27
380,"Italy",4,"Median","21",2078,23,7,30
380,"Italy",4,"Median","22",2078,25,7,31
380,"Italy",4,"Median","23",2078,25,6,31
380,"Italy",4,"Median","24",2078,26,7,34
380,"Italy",4,"Median","25",2078,28,9,36
380,"Italy",4,"Median","26",2078,29,9,38
380,"Italy",4,"Median","27",2078,29,9,38
380,"Italy",4,"Median","28",2078,29,9,38
380,"Italy",4,"Median","29",2078,30,9,39
380,"Italy",4,"Median","30",2078,32,10,41
380,"Italy",4,"Median","31",2078,34,11,45
380,"Italy",4,"Median","32",2078,37,12,49
380,"Italy",4,"Median","33",2078,39,14,53
380,"Italy",4,"Median","34",2078,41,15,56
380,"Italy",4,"Median","35",2078,43,17,60
380,"Italy",4,"Median","36",2078,46,19,65
380,"Italy",4,"Median","37",2078,50,22,71
380,"Italy",4,"Median","38",2078,54,25,78
380,"Italy",4,"Median","39",2078,60,27,87
380,"Italy",4,"Median","40",2078,66,29,96
380,"Italy",4,"Median","41",2078,73,32,105
380,"Italy",4,"Median","42",2078,80,35,115
380,"Italy",4,"Median","43",2078,86,39,126
380,"Italy",4,"Median","44",2078,96,44,140
380,"Italy",4,"Median","45",2078,108,49,157
380,"Italy",4,"Median","46",2078,120,55,174
380,"Italy",4,"Median","47",2078,131,61,192
380,"Italy",4,"Median","48",2078,143,67,210
380,"Italy",4,"Median","49",2078,159,74,232
380,"Italy",4,"Median","50",2078,177,82,259
380,"Italy",4,"Median","51",2078,199,91,289
380,"Italy",4,"Median","52",2078,222,100,322
380,"Italy",4,"Median","53",2078,247,110,358
380,"Italy",4,"Median","54",2078,272,122,394
380,"Italy",4,"Median","55",2078,309,137,445
380,"Italy",4,"Median","56",2078,354,154,507
380,"Italy",4,"Median","57",2078,393,169,562
380,"Italy",4,"Median","58",2078,434,187,621
380,"Italy",4,"Median","59",2078,492,213,705
380,"Italy",4,"Median","60",2078,564,241,806
380,"Italy",4,"Median","61",2078,640,269,909
380,"Italy",4,"Median","62",2078,706,292,998
380,"Italy",4,"Median","63",2078,796,330,1125
380,"Italy",4,"Median","64",2078,885,372,1257
380,"Italy",4,"Median","65",2078,970,413,1383
380,"Italy",4,"Median","66",2078,1095,458,1553
380,"Italy",4,"Median","67",2078,1225,500,1725
380,"Italy",4,"Median","68",2078,1353,554,1907
380,"Italy",4,"Median","69",2078,1472,615,2087
380,"Italy",4,"Median","70",2078,1616,683,2299
380,"Italy",4,"Median","71",2078,1807,771,2578
380,"Italy",4,"Median","72",2078,1979,851,2830
380,"Italy",4,"Median","73",2078,2162,942,3103
380,"Italy",4,"Median","74",2078,2333,1028,3361
380,"Italy",4,"Median","75",2078,2494,1111,3606
380,"Italy",4,"Median","76",2078,2702,1221,3923
380,"Italy",4,"Median","77",2078,3038,1402,4440
380,"Italy",4,"Median","78",2078,3430,1613,5043
380,"Italy",4,"Median","79",2078,3964,1886,5849
380,"Italy",4,"Median","80",2078,4565,2240,6806
380,"Italy",4,"Median","81",2078,5267,2752,8019
380,"Italy",4,"Median","82",2078,6083,3374,9458
380,"Italy",4,"Median","83",2078,7043,4127,11171
380,"Italy",4,"Median","84",2078,8243,5096,13339
380,"Italy",4,"Median","85",2078,9858,6425,16283
380,"Italy",4,"Median","86",2078,11588,7970,19559
380,"Italy",4,"Median","87",2078,13233,9615,22849
380,"Italy",4,"Median","88",2078,14811,11534,26345
380,"Italy",4,"Median","89",2078,16200,13551,29751
380,"Italy",4,"Median","90",2078,16622,14874,31497
380,"Italy",4,"Median","91",2078,16672,15958,32629
380,"Italy",4,"Median","92",2078,17019,17299,34318
380,"Italy",4,"Median","93",2078,17184,18753,35937
380,"Italy",4,"Median","94",2078,16773,19809,36583
380,"Italy",4,"Median","95",2078,15862,20372,36234
380,"Italy",4,"Median","96",2078,14575,20418,34993
380,"Italy",4,"Median","97",2078,12668,19170,31838
380,"Italy",4,"Median","98",2078,10397,17186,27583
380,"Italy",4,"Median","99",2078,8227,15001,23228
380,"Italy",4,"Median","100",2078,2312,3660,5972
380,"Italy",4,"Median","101",2078,2155,3691,5846
380,"Italy",4,"Median","102",2078,2008,3722,5730
380,"Italy",4,"Median","103",2078,1871,3754,5625
380,"Italy",4,"Median","104",2078,1743,3786,5529
380,"Italy",4,"Median","105",2078,1624,3818,5442
380,"Italy",4,"Median","106",2078,1513,3850,5363
380,"Italy",4,"Median","107",2078,1410,3883,5293
380,"Italy",4,"Median","108",2078,1314,3916,5230
380,"Italy",4,"Median","109",2078,1224,3949,5173
380,"Italy",4,"Median","110",2078,1141,3982,5123
380,"Italy",4,"Median","0",2079,95,58,152
380,"Italy",4,"Median","1",2079,9,6,15
380,"Italy",4,"Median","2",2079,4,2,6
380,"Italy",4,"Median","3",2079,4,2,5
380,"Italy",4,"Median","4",2079,3,2,5
380,"Italy",4,"Median","5",2079,3,2,4
380,"Italy",4,"Median","6",2079,2,2,4
380,"Italy",4,"Median","7",2079,3,1,4
380,"Italy",4,"Median","8",2079,3,1,4
380,"Italy",4,"Median","9",2079,3,2,5
380,"Italy",4,"Median","10",2079,3,2,5
380,"Italy",4,"Median","11",2079,3,2,5
380,"Italy",4,"Median","12",2079,4,2,5
380,"Italy",4,"Median","13",2079,4,2,6
380,"Italy",4,"Median","14",2079,6,3,8
380,"Italy",4,"Median","15",2079,8,3,11
380,"Italy",4,"Median","16",2079,10,4,14
380,"Italy",4,"Median","17",2079,14,4,18
380,"Italy",4,"Median","18",2079,17,5,21
380,"Italy",4,"Median","19",2079,19,5,24
380,"Italy",4,"Median","20",2079,21,6,26
380,"Italy",4,"Median","21",2079,23,6,29
380,"Italy",4,"Median","22",2079,24,6,30
380,"Italy",4,"Median","23",2079,24,6,30
380,"Italy",4,"Median","24",2079,25,7,32
380,"Italy",4,"Median","25",2079,27,8,35
380,"Italy",4,"Median","26",2079,28,9,37
380,"Italy",4,"Median","27",2079,28,8,37
380,"Italy",4,"Median","28",2079,28,8,37
380,"Italy",4,"Median","29",2079,29,9,38
380,"Italy",4,"Median","30",2079,31,9,40
380,"Italy",4,"Median","31",2079,33,10,44
380,"Italy",4,"Median","32",2079,36,12,48
380,"Italy",4,"Median","33",2079,38,13,51
380,"Italy",4,"Median","34",2079,40,14,54
380,"Italy",4,"Median","35",2079,42,16,58
380,"Italy",4,"Median","36",2079,45,18,64
380,"Italy",4,"Median","37",2079,48,21,70
380,"Italy",4,"Median","38",2079,53,24,76
380,"Italy",4,"Median","39",2079,59,26,85
380,"Italy",4,"Median","40",2079,65,28,93
380,"Italy",4,"Median","41",2079,72,31,103
380,"Italy",4,"Median","42",2079,78,34,113
380,"Italy",4,"Median","43",2079,85,38,123
380,"Italy",4,"Median","44",2079,95,43,137
380,"Italy",4,"Median","45",2079,106,48,154
380,"Italy",4,"Median","46",2079,117,53,170
380,"Italy",4,"Median","47",2079,128,59,187
380,"Italy",4,"Median","48",2079,140,65,205
380,"Italy",4,"Median","49",2079,155,71,226
380,"Italy",4,"Median","50",2079,173,79,252
380,"Italy",4,"Median","51",2079,194,88,282
380,"Italy",4,"Median","52",2079,217,96,313
380,"Italy",4,"Median","53",2079,241,106,347
380,"Italy",4,"Median","54",2079,266,118,383
380,"Italy",4,"Median","55",2079,297,130,427
380,"Italy",4,"Median","56",2079,338,145,483
380,"Italy",4,"Median","57",2079,383,163,545
380,"Italy",4,"Median","58",2079,423,180,602
380,"Italy",4,"Median","59",2079,469,200,669
380,"Italy",4,"Median","60",2079,531,225,756
380,"Italy",4,"Median","61",2079,608,252,860
380,"Italy",4,"Median","62",2079,680,277,957
380,"Italy",4,"Median","63",2079,765,314,1079
380,"Italy",4,"Median","64",2079,853,355,1208
380,"Italy",4,"Median","65",2079,929,391,1319
380,"Italy",4,"Median","66",2079,1047,433,1481
380,"Italy",4,"Median","67",2079,1177,475,1652
380,"Italy",4,"Median","68",2079,1301,526,1827
380,"Italy",4,"Median","69",2079,1428,587,2015
380,"Italy",4,"Median","70",2079,1577,660,2237
380,"Italy",4,"Median","71",2079,1774,750,2524
380,"Italy",4,"Median","72",2079,1956,833,2789
380,"Italy",4,"Median","73",2079,2144,921,3064
380,"Italy",4,"Median","74",2079,2326,1012,3338
380,"Italy",4,"Median","75",2079,2510,1108,3618
380,"Italy",4,"Median","76",2079,2682,1206,3888
380,"Italy",4,"Median","77",2079,2950,1362,4312
380,"Italy",4,"Median","78",2079,3344,1578,4922
380,"Italy",4,"Median","79",2079,3873,1855,5729
380,"Italy",4,"Median","80",2079,4496,2185,6681
380,"Italy",4,"Median","81",2079,5235,2662,7898
380,"Italy",4,"Median","82",2079,6005,3258,9263
380,"Italy",4,"Median","83",2079,6959,3978,10936
380,"Italy",4,"Median","84",2079,8081,4868,12949
380,"Italy",4,"Median","85",2079,9433,6019,15453
380,"Italy",4,"Median","86",2079,11188,7572,18760
380,"Italy",4,"Median","87",2079,12972,9322,22294
380,"Italy",4,"Median","88",2079,14721,11247,25969
380,"Italy",4,"Median","89",2079,16075,13198,29273
380,"Italy",4,"Median","90",2079,17022,15023,32045
380,"Italy",4,"Median","91",2079,17119,16187,33305
380,"Italy",4,"Median","92",2079,16680,16864,33544
380,"Italy",4,"Median","93",2079,16903,18316,35218
380,"Italy",4,"Median","94",2079,16483,19341,35824
380,"Italy",4,"Median","95",2079,15590,19881,35471
380,"Italy",4,"Median","96",2079,14301,19843,34145
380,"Italy",4,"Median","97",2079,12575,19077,31652
380,"Italy",4,"Median","98",2079,10391,17102,27493
380,"Italy",4,"Median","99",2079,8152,14661,22813
380,"Italy",4,"Median","100",2079,2313,3649,5962
380,"Italy",4,"Median","101",2079,2149,3672,5821
380,"Italy",4,"Median","102",2079,1997,3695,5692
380,"Italy",4,"Median","103",2079,1856,3719,5575
380,"Italy",4,"Median","104",2079,1725,3743,5468
380,"Italy",4,"Median","105",2079,1603,3767,5370
380,"Italy",4,"Median","106",2079,1490,3791,5281
380,"Italy",4,"Median","107",2079,1385,3815,5200
380,"Italy",4,"Median","108",2079,1287,3839,5126
380,"Italy",4,"Median","109",2079,1196,3864,5060
380,"Italy",4,"Median","110",2079,1111,3888,4999
380,"Italy",4,"Median","0",2080,92,55,147
380,"Italy",4,"Median","1",2080,9,5,14
380,"Italy",4,"Median","2",2080,3,2,5
380,"Italy",4,"Median","3",2080,3,2,5
380,"Italy",4,"Median","4",2080,3,2,5
380,"Italy",4,"Median","5",2080,3,2,4
380,"Italy",4,"Median","6",2080,2,1,4
380,"Italy",4,"Median","7",2080,3,1,4
380,"Italy",4,"Median","8",2080,3,1,4
380,"Italy",4,"Median","9",2080,3,2,5
380,"Italy",4,"Median","10",2080,3,2,5
380,"Italy",4,"Median","11",2080,3,2,5
380,"Italy",4,"Median","12",2080,3,2,5
380,"Italy",4,"Median","13",2080,4,2,6
380,"Italy",4,"Median","14",2080,5,3,8
380,"Italy",4,"Median","15",2080,7,3,10
380,"Italy",4,"Median","16",2080,10,3,13
380,"Italy",4,"Median","17",2080,13,4,17
380,"Italy",4,"Median","18",2080,16,4,21
380,"Italy",4,"Median","19",2080,19,5,23
380,"Italy",4,"Median","20",2080,20,5,25
380,"Italy",4,"Median","21",2080,22,6,28
380,"Italy",4,"Median","22",2080,23,6,29
380,"Italy",4,"Median","23",2080,24,6,29
380,"Italy",4,"Median","24",2080,25,7,31
380,"Italy",4,"Median","25",2080,26,8,34
380,"Italy",4,"Median","26",2080,27,8,35
380,"Italy",4,"Median","27",2080,27,8,35
380,"Italy",4,"Median","28",2080,27,8,35
380,"Italy",4,"Median","29",2080,28,8,36
380,"Italy",4,"Median","30",2080,30,9,39
380,"Italy",4,"Median","31",2080,32,10,42
380,"Italy",4,"Median","32",2080,35,11,46
380,"Italy",4,"Median","33",2080,37,13,49
380,"Italy",4,"Median","34",2080,39,14,53
380,"Italy",4,"Median","35",2080,41,16,57
380,"Italy",4,"Median","36",2080,44,18,62
380,"Italy",4,"Median","37",2080,47,20,68
380,"Italy",4,"Median","38",2080,51,23,74
380,"Italy",4,"Median","39",2080,57,25,83
380,"Italy",4,"Median","40",2080,64,27,91
380,"Italy",4,"Median","41",2080,71,30,101
380,"Italy",4,"Median","42",2080,77,34,110
380,"Italy",4,"Median","43",2080,83,37,121
380,"Italy",4,"Median","44",2080,93,42,135
380,"Italy",4,"Median","45",2080,105,46,151
380,"Italy",4,"Median","46",2080,115,52,167
380,"Italy",4,"Median","47",2080,126,57,183
380,"Italy",4,"Median","48",2080,138,63,200
380,"Italy",4,"Median","49",2080,152,69,221
380,"Italy",4,"Median","50",2080,169,76,246
380,"Italy",4,"Median","51",2080,190,85,275
380,"Italy",4,"Median","52",2080,212,93,305
380,"Italy",4,"Median","53",2080,235,103,337
380,"Italy",4,"Median","54",2080,259,114,372
380,"Italy",4,"Median","55",2080,290,126,416
380,"Italy",4,"Median","56",2080,326,138,463
380,"Italy",4,"Median","57",2080,366,154,519
380,"Italy",4,"Median","58",2080,411,173,585
380,"Italy",4,"Median","59",2080,457,192,649
380,"Italy",4,"Median","60",2080,506,212,718
380,"Italy",4,"Median","61",2080,573,235,808
380,"Italy",4,"Median","62",2080,646,260,906
380,"Italy",4,"Median","63",2080,737,298,1035
380,"Italy",4,"Median","64",2080,820,338,1158
380,"Italy",4,"Median","65",2080,895,372,1267
380,"Italy",4,"Median","66",2080,1003,410,1413
380,"Italy",4,"Median","67",2080,1125,449,1575
380,"Italy",4,"Median","68",2080,1250,500,1750
380,"Italy",4,"Median","69",2080,1373,558,1931
380,"Italy",4,"Median","70",2080,1530,630,2160
380,"Italy",4,"Median","71",2080,1732,724,2457
380,"Italy",4,"Median","72",2080,1921,810,2731
380,"Italy",4,"Median","73",2080,2120,901,3020
380,"Italy",4,"Median","74",2080,2308,989,3296
380,"Italy",4,"Median","75",2080,2504,1090,3594
380,"Italy",4,"Median","76",2080,2699,1202,3901
380,"Italy",4,"Median","77",2080,2930,1346,4275
380,"Italy",4,"Median","78",2080,3248,1534,4783
380,"Italy",4,"Median","79",2080,3779,1816,5596
380,"Italy",4,"Median","80",2080,4398,2151,6549
380,"Italy",4,"Median","81",2080,5162,2600,7762
380,"Italy",4,"Median","82",2080,5976,3156,9132
380,"Italy",4,"Median","83",2080,6877,3846,10724
380,"Italy",4,"Median","84",2080,7995,4699,12694
380,"Italy",4,"Median","85",2080,9262,5761,15023
380,"Italy",4,"Median","86",2080,10723,7109,17832
380,"Italy",4,"Median","87",2080,12544,8876,21420
380,"Italy",4,"Median","88",2080,14456,10931,25387
380,"Italy",4,"Median","89",2080,16006,12899,28904
380,"Italy",4,"Median","90",2080,16919,14663,31583
380,"Italy",4,"Median","91",2080,17561,16386,33947
380,"Italy",4,"Median","92",2080,17157,17144,34301
380,"Italy",4,"Median","93",2080,16600,17903,34503
380,"Italy",4,"Median","94",2080,16246,18938,35185
380,"Italy",4,"Median","95",2080,15351,19462,34813
380,"Italy",4,"Median","96",2080,14085,19419,33504
380,"Italy",4,"Median","97",2080,12364,18591,30955
380,"Italy",4,"Median","98",2080,10335,17063,27399
380,"Italy",4,"Median","99",2080,8163,14627,22790
380,"Italy",4,"Median","100",2080,2313,3606,5919
380,"Italy",4,"Median","101",2080,2145,3627,5772
380,"Italy",4,"Median","102",2080,1989,3647,5636
380,"Italy",4,"Median","103",2080,1844,3668,5512
380,"Italy",4,"Median","104",2080,1710,3689,5399
380,"Italy",4,"Median","105",2080,1586,3710,5296
380,"Italy",4,"Median","106",2080,1470,3731,5201
380,"Italy",4,"Median","107",2080,1363,3753,5116
380,"Italy",4,"Median","108",2080,1264,3774,5038
380,"Italy",4,"Median","109",2080,1172,3795,4967
380,"Italy",4,"Median","110",2080,1087,3817,4904
380,"Italy",4,"Median","0",2081,89,53,142
380,"Italy",4,"Median","1",2081,9,5,14
380,"Italy",4,"Median","2",2081,3,2,5
380,"Italy",4,"Median","3",2081,3,2,5
380,"Italy",4,"Median","4",2081,3,2,5
380,"Italy",4,"Median","5",2081,3,2,4
380,"Italy",4,"Median","6",2081,2,1,4
380,"Italy",4,"Median","7",2081,2,1,4
380,"Italy",4,"Median","8",2081,3,1,4
380,"Italy",4,"Median","9",2081,3,2,5
380,"Italy",4,"Median","10",2081,3,2,5
380,"Italy",4,"Median","11",2081,3,2,5
380,"Italy",4,"Median","12",2081,3,2,5
380,"Italy",4,"Median","13",2081,4,2,6
380,"Italy",4,"Median","14",2081,5,2,8
380,"Italy",4,"Median","15",2081,7,3,10
380,"Italy",4,"Median","16",2081,10,3,13
380,"Italy",4,"Median","17",2081,13,4,17
380,"Italy",4,"Median","18",2081,16,4,20
380,"Italy",4,"Median","19",2081,18,5,23
380,"Italy",4,"Median","20",2081,20,5,25
380,"Italy",4,"Median","21",2081,22,6,28
380,"Italy",4,"Median","22",2081,22,6,28
380,"Italy",4,"Median","23",2081,23,6,28
380,"Italy",4,"Median","24",2081,24,6,30
380,"Italy",4,"Median","25",2081,25,8,33
380,"Italy",4,"Median","26",2081,26,8,34
380,"Italy",4,"Median","27",2081,26,8,34
380,"Italy",4,"Median","28",2081,26,8,34
380,"Italy",4,"Median","29",2081,27,8,35
380,"Italy",4,"Median","30",2081,28,9,37
380,"Italy",4,"Median","31",2081,31,10,41
380,"Italy",4,"Median","32",2081,33,11,44
380,"Italy",4,"Median","33",2081,35,12,47
380,"Italy",4,"Median","34",2081,37,13,51
380,"Italy",4,"Median","35",2081,40,15,55
380,"Italy",4,"Median","36",2081,42,17,60
380,"Italy",4,"Median","37",2081,46,20,65
380,"Italy",4,"Median","38",2081,50,22,72
380,"Italy",4,"Median","39",2081,56,24,80
380,"Italy",4,"Median","40",2081,62,26,89
380,"Italy",4,"Median","41",2081,69,29,98
380,"Italy",4,"Median","42",2081,75,33,108
380,"Italy",4,"Median","43",2081,82,36,118
380,"Italy",4,"Median","44",2081,91,40,132
380,"Italy",4,"Median","45",2081,102,45,147
380,"Italy",4,"Median","46",2081,113,50,163
380,"Italy",4,"Median","47",2081,123,56,179
380,"Italy",4,"Median","48",2081,135,61,195
380,"Italy",4,"Median","49",2081,148,67,215
380,"Italy",4,"Median","50",2081,165,74,239
380,"Italy",4,"Median","51",2081,185,82,267
380,"Italy",4,"Median","52",2081,206,90,297
380,"Italy",4,"Median","53",2081,229,99,328
380,"Italy",4,"Median","54",2081,251,110,361
380,"Italy",4,"Median","55",2081,282,121,403
380,"Italy",4,"Median","56",2081,317,133,450
380,"Italy",4,"Median","57",2081,351,146,497
380,"Italy",4,"Median","58",2081,392,163,555
380,"Italy",4,"Median","59",2081,443,185,628
380,"Italy",4,"Median","60",2081,491,204,695
380,"Italy",4,"Median","61",2081,544,221,765
380,"Italy",4,"Median","62",2081,606,242,848
380,"Italy",4,"Median","63",2081,698,279,977
380,"Italy",4,"Median","64",2081,786,321,1108
380,"Italy",4,"Median","65",2081,857,354,1212
380,"Italy",4,"Median","66",2081,963,390,1353
380,"Italy",4,"Median","67",2081,1074,425,1498
380,"Italy",4,"Median","68",2081,1191,472,1663
380,"Italy",4,"Median","69",2081,1314,530,1844
380,"Italy",4,"Median","70",2081,1465,598,2063
380,"Italy",4,"Median","71",2081,1674,692,2366
380,"Italy",4,"Median","72",2081,1869,782,2651
380,"Italy",4,"Median","73",2081,2074,876,2950
380,"Italy",4,"Median","74",2081,2273,967,3240
380,"Italy",4,"Median","75",2081,2474,1066,3540
380,"Italy",4,"Median","76",2081,2683,1183,3865
380,"Italy",4,"Median","77",2081,2939,1342,4281
380,"Italy",4,"Median","78",2081,3216,1516,4732
380,"Italy",4,"Median","79",2081,3661,1767,5429
380,"Italy",4,"Median","80",2081,4279,2108,6388
380,"Italy",4,"Median","81",2081,5038,2564,7602
380,"Italy",4,"Median","82",2081,5880,3086,8967
380,"Italy",4,"Median","83",2081,6832,3732,10563
380,"Italy",4,"Median","84",2081,7890,4552,12442
380,"Italy",4,"Median","85",2081,9152,5572,14724
380,"Italy",4,"Median","86",2081,10518,6817,17336
380,"Italy",4,"Median","87",2081,12015,8350,20365
380,"Italy",4,"Median","88",2081,13976,10431,24407
380,"Italy",4,"Median","89",2081,15715,12563,28278
380,"Italy",4,"Median","90",2081,16846,14361,31206
380,"Italy",4,"Median","91",2081,17459,16029,33489
380,"Italy",4,"Median","92",2081,17605,17390,34995
380,"Italy",4,"Median","93",2081,17089,18248,35336
380,"Italy",4,"Median","94",2081,15969,18559,34527
380,"Italy",4,"Median","95",2081,15146,19106,34252
380,"Italy",4,"Median","96",2081,13886,19062,32948
380,"Italy",4,"Median","97",2081,12193,18243,30436
380,"Italy",4,"Median","98",2081,10175,16672,26847
380,"Italy",4,"Median","99",2081,8130,14631,22761
380,"Italy",4,"Median","100",2081,2325,3581,5906
380,"Italy",4,"Median","101",2081,2151,3599,5750
380,"Italy",4,"Median","102",2081,1989,3617,5606
380,"Italy",4,"Median","103",2081,1840,3636,5476
380,"Italy",4,"Median","104",2081,1703,3654,5357
380,"Italy",4,"Median","105",2081,1575,3673,5248
380,"Italy",4,"Median","106",2081,1457,3692,5149
380,"Italy",4,"Median","107",2081,1348,3711,5059
380,"Italy",4,"Median","108",2081,1247,3730,4977
380,"Italy",4,"Median","109",2081,1153,3749,4902
380,"Italy",4,"Median","110",2081,1067,3768,4835
380,"Italy",4,"Median","0",2082,87,51,138
380,"Italy",4,"Median","1",2082,8,5,13
380,"Italy",4,"Median","2",2082,3,2,5
380,"Italy",4,"Median","3",2082,3,2,5
380,"Italy",4,"Median","4",2082,3,2,5
380,"Italy",4,"Median","5",2082,2,2,4
380,"Italy",4,"Median","6",2082,2,1,4
380,"Italy",4,"Median","7",2082,2,1,4
380,"Italy",4,"Median","8",2082,3,1,4
380,"Italy",4,"Median","9",2082,3,1,4
380,"Italy",4,"Median","10",2082,3,2,5
380,"Italy",4,"Median","11",2082,3,2,5
380,"Italy",4,"Median","12",2082,3,2,5
380,"Italy",4,"Median","13",2082,4,2,6
380,"Italy",4,"Median","14",2082,5,2,8
380,"Italy",4,"Median","15",2082,7,3,10
380,"Italy",4,"Median","16",2082,10,3,13
380,"Italy",4,"Median","17",2082,13,4,16
380,"Italy",4,"Median","18",2082,16,4,20
380,"Italy",4,"Median","19",2082,18,4,22
380,"Italy",4,"Median","20",2082,19,5,24
380,"Italy",4,"Median","21",2082,21,6,27
380,"Italy",4,"Median","22",2082,22,6,28
380,"Italy",4,"Median","23",2082,22,5,28
380,"Italy",4,"Median","24",2082,23,6,30
380,"Italy",4,"Median","25",2082,25,7,32
380,"Italy",4,"Median","26",2082,25,8,33
380,"Italy",4,"Median","27",2082,26,7,33
380,"Italy",4,"Median","28",2082,25,7,33
380,"Italy",4,"Median","29",2082,26,8,34
380,"Italy",4,"Median","30",2082,28,8,36
380,"Italy",4,"Median","31",2082,30,9,39
380,"Italy",4,"Median","32",2082,32,10,43
380,"Italy",4,"Median","33",2082,34,12,46
380,"Italy",4,"Median","34",2082,36,13,49
380,"Italy",4,"Median","35",2082,38,14,53
380,"Italy",4,"Median","36",2082,41,16,58
380,"Italy",4,"Median","37",2082,45,19,63
380,"Italy",4,"Median","38",2082,49,21,70
380,"Italy",4,"Median","39",2082,55,24,78
380,"Italy",4,"Median","40",2082,61,26,86
380,"Italy",4,"Median","41",2082,67,28,96
380,"Italy",4,"Median","42",2082,74,32,105
380,"Italy",4,"Median","43",2082,80,35,115
380,"Italy",4,"Median","44",2082,90,39,129
380,"Italy",4,"Median","45",2082,101,44,145
380,"Italy",4,"Median","46",2082,111,49,160
380,"Italy",4,"Median","47",2082,121,54,175
380,"Italy",4,"Median","48",2082,132,59,191
380,"Italy",4,"Median","49",2082,146,65,211
380,"Italy",4,"Median","50",2082,162,72,234
380,"Italy",4,"Median","51",2082,181,79,261
380,"Italy",4,"Median","52",2082,202,87,289
380,"Italy",4,"Median","53",2082,223,96,319
380,"Italy",4,"Median","54",2082,246,106,352
380,"Italy",4,"Median","55",2082,275,117,392
380,"Italy",4,"Median","56",2082,309,128,437
380,"Italy",4,"Median","57",2082,343,141,484
380,"Italy",4,"Median","58",2082,377,155,532
380,"Italy",4,"Median","59",2082,423,175,598
380,"Italy",4,"Median","60",2082,478,196,674
380,"Italy",4,"Median","61",2082,530,213,742
380,"Italy",4,"Median","62",2082,577,228,805
380,"Italy",4,"Median","63",2082,657,261,918
380,"Italy",4,"Median","64",2082,748,301,1049
380,"Italy",4,"Median","65",2082,825,337,1161
380,"Italy",4,"Median","66",2082,926,372,1297
380,"Italy",4,"Median","67",2082,1034,405,1439
380,"Italy",4,"Median","68",2082,1140,447,1586
380,"Italy",4,"Median","69",2082,1256,501,1757
380,"Italy",4,"Median","70",2082,1408,568,1976
380,"Italy",4,"Median","71",2082,1610,657,2267
380,"Italy",4,"Median","72",2082,1813,747,2560
380,"Italy",4,"Median","73",2082,2025,846,2871
380,"Italy",4,"Median","74",2082,2233,941,3174
380,"Italy",4,"Median","75",2082,2447,1042,3489
380,"Italy",4,"Median","76",2082,2662,1156,3818
380,"Italy",4,"Median","77",2082,2933,1321,4254
380,"Italy",4,"Median","78",2082,3240,1513,4753
380,"Italy",4,"Median","79",2082,3641,1748,5389
380,"Italy",4,"Median","80",2082,4164,2054,6218
380,"Italy",4,"Median","81",2082,4925,2517,7442
380,"Italy",4,"Median","82",2082,5764,3048,8813
380,"Italy",4,"Median","83",2082,6752,3655,10407
380,"Italy",4,"Median","84",2082,7872,4424,12296
380,"Italy",4,"Median","85",2082,9071,5407,14478
380,"Italy",4,"Median","86",2082,10438,6607,17045
380,"Italy",4,"Median","87",2082,11836,8025,19860
380,"Italy",4,"Median","88",2082,13443,9836,23279
380,"Italy",4,"Median","89",2082,15253,12015,27268
380,"Italy",4,"Median","90",2082,16602,14017,30619
380,"Italy",4,"Median","91",2082,17447,15735,33182
380,"Italy",4,"Median","92",2082,17564,17048,34612
380,"Italy",4,"Median","93",2082,17599,18559,36157
380,"Italy",4,"Median","94",2082,16497,18965,35462
380,"Italy",4,"Median","95",2082,14937,18773,33710
380,"Italy",4,"Median","96",2082,13746,18766,32512
380,"Italy",4,"Median","97",2082,12058,17956,30015
380,"Italy",4,"Median","98",2082,10064,16403,26466
380,"Italy",4,"Median","99",2082,8026,14331,22357
380,"Italy",4,"Median","100",2082,2335,3571,5906
380,"Italy",4,"Median","101",2082,2157,3587,5744
380,"Italy",4,"Median","102",2082,1992,3604,5596
380,"Italy",4,"Median","103",2082,1840,3621,5461
380,"Italy",4,"Median","104",2082,1699,3638,5337
380,"Italy",4,"Median","105",2082,1569,3655,5224
380,"Italy",4,"Median","106",2082,1449,3672,5121
380,"Italy",4,"Median","107",2082,1339,3690,5029
380,"Italy",4,"Median","108",2082,1236,3707,4943
380,"Italy",4,"Median","109",2082,1142,3724,4866
380,"Italy",4,"Median","110",2082,1055,3742,4797
380,"Italy",4,"Median","0",2083,84,49,133
380,"Italy",4,"Median","1",2083,8,5,13
380,"Italy",4,"Median","2",2083,3,2,5
380,"Italy",4,"Median","3",2083,3,2,5
380,"Italy",4,"Median","4",2083,3,2,5
380,"Italy",4,"Median","5",2083,2,1,4
380,"Italy",4,"Median","6",2083,2,1,4
380,"Italy",4,"Median","7",2083,2,1,4
380,"Italy",4,"Median","8",2083,3,1,4
380,"Italy",4,"Median","9",2083,3,1,4
380,"Italy",4,"Median","10",2083,3,2,5
380,"Italy",4,"Median","11",2083,3,2,5
380,"Italy",4,"Median","12",2083,3,2,5
380,"Italy",4,"Median","13",2083,4,2,6
380,"Italy",4,"Median","14",2083,5,2,7
380,"Italy",4,"Median","15",2083,7,3,10
380,"Italy",4,"Median","16",2083,9,3,13
380,"Italy",4,"Median","17",2083,12,4,16
380,"Italy",4,"Median","18",2083,15,4,19
380,"Italy",4,"Median","19",2083,17,4,22
380,"Italy",4,"Median","20",2083,19,5,23
380,"Italy",4,"Median","21",2083,20,6,26
380,"Italy",4,"Median","22",2083,21,5,27
380,"Italy",4,"Median","23",2083,22,5,27
380,"Italy",4,"Median","24",2083,23,6,29
380,"Italy",4,"Median","25",2083,24,7,31
380,"Italy",4,"Median","26",2083,25,7,32
380,"Italy",4,"Median","27",2083,25,7,32
380,"Italy",4,"Median","28",2083,25,7,32
380,"Italy",4,"Median","29",2083,25,7,32
380,"Italy",4,"Median","30",2083,27,8,34
380,"Italy",4,"Median","31",2083,29,9,38
380,"Italy",4,"Median","32",2083,31,10,41
380,"Italy",4,"Median","33",2083,33,11,44
380,"Italy",4,"Median","34",2083,35,12,47
380,"Italy",4,"Median","35",2083,37,14,51
380,"Italy",4,"Median","36",2083,40,16,55
380,"Italy",4,"Median","37",2083,43,18,61
380,"Italy",4,"Median","38",2083,47,20,68
380,"Italy",4,"Median","39",2083,53,23,76
380,"Italy",4,"Median","40",2083,59,25,84
380,"Italy",4,"Median","41",2083,66,27,93
380,"Italy",4,"Median","42",2083,72,31,102
380,"Italy",4,"Median","43",2083,78,34,112
380,"Italy",4,"Median","44",2083,88,38,126
380,"Italy",4,"Median","45",2083,99,43,141
380,"Italy",4,"Median","46",2083,109,47,157
380,"Italy",4,"Median","47",2083,119,53,172
380,"Italy",4,"Median","48",2083,130,58,187
380,"Italy",4,"Median","49",2083,143,63,206
380,"Italy",4,"Median","50",2083,158,70,228
380,"Italy",4,"Median","51",2083,177,77,254
380,"Italy",4,"Median","52",2083,197,84,281
380,"Italy",4,"Median","53",2083,218,93,310
380,"Italy",4,"Median","54",2083,239,102,342
380,"Italy",4,"Median","55",2083,268,113,381
380,"Italy",4,"Median","56",2083,300,124,424
380,"Italy",4,"Median","57",2083,333,136,468
380,"Italy",4,"Median","58",2083,367,150,517
380,"Italy",4,"Median","59",2083,406,166,572
380,"Italy",4,"Median","60",2083,456,185,640
380,"Italy",4,"Median","61",2083,514,205,718
380,"Italy",4,"Median","62",2083,560,219,779
380,"Italy",4,"Median","63",2083,624,245,869
380,"Italy",4,"Median","64",2083,701,281,982
380,"Italy",4,"Median","65",2083,781,315,1096
380,"Italy",4,"Median","66",2083,887,353,1240
380,"Italy",4,"Median","67",2083,990,385,1376
380,"Italy",4,"Median","68",2083,1094,425,1519
380,"Italy",4,"Median","69",2083,1198,473,1671
380,"Italy",4,"Median","70",2083,1341,537,1877
380,"Italy",4,"Median","71",2083,1541,625,2166
380,"Italy",4,"Median","72",2083,1737,710,2447
380,"Italy",4,"Median","73",2083,1958,808,2766
380,"Italy",4,"Median","74",2083,2172,908,3081
380,"Italy",4,"Median","75",2083,2394,1014,3409
380,"Italy",4,"Median","76",2083,2623,1131,3754
380,"Italy",4,"Median","77",2083,2901,1292,4193
380,"Italy",4,"Median","78",2083,3223,1490,4713
380,"Italy",4,"Median","79",2083,3657,1746,5404
380,"Italy",4,"Median","80",2083,4130,2033,6163
380,"Italy",4,"Median","81",2083,4782,2455,7237
380,"Italy",4,"Median","82",2083,5624,2996,8620
380,"Italy",4,"Median","83",2083,6607,3616,10223
380,"Italy",4,"Median","84",2083,7769,4341,12110
380,"Italy",4,"Median","85",2083,9039,5265,14305
380,"Italy",4,"Median","86",2083,10337,6425,16761
380,"Italy",4,"Median","87",2083,11738,7793,19532
380,"Italy",4,"Median","88",2083,13238,9474,22712
380,"Italy",4,"Median","89",2083,14669,11355,26024
380,"Italy",4,"Median","90",2083,16112,13433,29546
380,"Italy",4,"Median","91",2083,17198,15392,32591
380,"Italy",4,"Median","92",2083,17555,16769,34325
380,"Italy",4,"Median","93",2083,17571,18241,35812
380,"Italy",4,"Median","94",2083,17003,19337,36340
380,"Italy",4,"Median","95",2083,15447,19235,34682
380,"Italy",4,"Median","96",2083,13574,18488,32062
380,"Italy",4,"Median","97",2083,11952,17726,29678
380,"Italy",4,"Median","98",2083,9966,16186,26152
380,"Italy",4,"Median","99",2083,7949,14136,22085
380,"Italy",4,"Median","100",2083,2316,3507,5823
380,"Italy",4,"Median","101",2083,2140,3531,5671
380,"Italy",4,"Median","102",2083,1979,3555,5534
380,"Italy",4,"Median","103",2083,1829,3579,5408
380,"Italy",4,"Median","104",2083,1691,3604,5295
380,"Italy",4,"Median","105",2083,1563,3628,5191
380,"Italy",4,"Median","106",2083,1445,3653,5098
380,"Italy",4,"Median","107",2083,1336,3678,5014
380,"Italy",4,"Median","108",2083,1235,3703,4938
380,"Italy",4,"Median","109",2083,1141,3729,4870
380,"Italy",4,"Median","110",2083,1055,3754,4809
380,"Italy",4,"Median","0",2084,82,47,128
380,"Italy",4,"Median","1",2084,8,5,13
380,"Italy",4,"Median","2",2084,3,2,5
380,"Italy",4,"Median","3",2084,3,2,5
380,"Italy",4,"Median","4",2084,3,2,4
380,"Italy",4,"Median","5",2084,2,1,4
380,"Italy",4,"Median","6",2084,2,1,3
380,"Italy",4,"Median","7",2084,2,1,3
380,"Italy",4,"Median","8",2084,2,1,4
380,"Italy",4,"Median","9",2084,3,1,4
380,"Italy",4,"Median","10",2084,3,2,5
380,"Italy",4,"Median","11",2084,3,2,5
380,"Italy",4,"Median","12",2084,3,2,5
380,"Italy",4,"Median","13",2084,4,2,6
380,"Italy",4,"Median","14",2084,5,2,7
380,"Italy",4,"Median","15",2084,7,3,9
380,"Italy",4,"Median","16",2084,9,3,12
380,"Italy",4,"Median","17",2084,12,3,16
380,"Italy",4,"Median","18",2084,15,4,19
380,"Italy",4,"Median","19",2084,17,4,21
380,"Italy",4,"Median","20",2084,18,5,23
380,"Italy",4,"Median","21",2084,20,5,25
380,"Italy",4,"Median","22",2084,21,5,26
380,"Italy",4,"Median","23",2084,21,5,26
380,"Italy",4,"Median","24",2084,22,6,28
380,"Italy",4,"Median","25",2084,23,7,30
380,"Italy",4,"Median","26",2084,24,7,31
380,"Italy",4,"Median","27",2084,24,7,31
380,"Italy",4,"Median","28",2084,24,7,30
380,"Italy",4,"Median","29",2084,24,7,31
380,"Italy",4,"Median","30",2084,26,8,33
380,"Italy",4,"Median","31",2084,28,8,36
380,"Italy",4,"Median","32",2084,30,9,39
380,"Italy",4,"Median","33",2084,32,10,42
380,"Italy",4,"Median","34",2084,34,12,45
380,"Italy",4,"Median","35",2084,36,13,49
380,"Italy",4,"Median","36",2084,38,15,53
380,"Italy",4,"Median","37",2084,41,17,59
380,"Italy",4,"Median","38",2084,46,19,65
380,"Italy",4,"Median","39",2084,51,22,73
380,"Italy",4,"Median","40",2084,57,24,81
380,"Italy",4,"Median","41",2084,64,26,90
380,"Italy",4,"Median","42",2084,70,29,99
380,"Italy",4,"Median","43",2084,76,33,109
380,"Italy",4,"Median","44",2084,86,37,122
380,"Italy",4,"Median","45",2084,97,41,138
380,"Italy",4,"Median","46",2084,107,46,153
380,"Italy",4,"Median","47",2084,117,51,168
380,"Italy",4,"Median","48",2084,127,56,183
380,"Italy",4,"Median","49",2084,140,61,201
380,"Italy",4,"Median","50",2084,155,67,222
380,"Italy",4,"Median","51",2084,173,74,247
380,"Italy",4,"Median","52",2084,193,81,274
380,"Italy",4,"Median","53",2084,212,89,302
380,"Italy",4,"Median","54",2084,233,98,331
380,"Italy",4,"Median","55",2084,261,108,369
380,"Italy",4,"Median","56",2084,292,119,411
380,"Italy",4,"Median","57",2084,323,130,453
380,"Italy",4,"Median","58",2084,356,143,500
380,"Italy",4,"Median","59",2084,395,159,554
380,"Italy",4,"Median","60",2084,437,174,611
380,"Italy",4,"Median","61",2084,489,192,681
380,"Italy",4,"Median","62",2084,543,209,752
380,"Italy",4,"Median","63",2084,605,234,839
380,"Italy",4,"Median","64",2084,666,262,928
380,"Italy",4,"Median","65",2084,732,292,1024
380,"Italy",4,"Median","66",2084,840,328,1168
380,"Italy",4,"Median","67",2084,949,363,1312
380,"Italy",4,"Median","68",2084,1047,402,1449
380,"Italy",4,"Median","69",2084,1149,447,1596
380,"Italy",4,"Median","70",2084,1278,503,1782
380,"Italy",4,"Median","71",2084,1469,586,2054
380,"Italy",4,"Median","72",2084,1663,669,2333
380,"Italy",4,"Median","73",2084,1876,762,2638
380,"Italy",4,"Median","74",2084,2100,862,2962
380,"Italy",4,"Median","75",2084,2330,972,3302
380,"Italy",4,"Median","76",2084,2567,1092,3659
380,"Italy",4,"Median","77",2084,2860,1255,4115
380,"Italy",4,"Median","78",2084,3189,1448,4636
380,"Italy",4,"Median","79",2084,3642,1709,5351
380,"Italy",4,"Median","80",2084,4152,2019,6172
380,"Italy",4,"Median","81",2084,4749,2419,7168
380,"Italy",4,"Median","82",2084,5467,2909,8376
380,"Italy",4,"Median","83",2084,6455,3539,9994
380,"Italy",4,"Median","84",2084,7614,4278,11892
380,"Italy",4,"Median","85",2084,8936,5149,14084
380,"Italy",4,"Median","86",2084,10319,6238,16558
380,"Italy",4,"Median","87",2084,11646,7560,19206
380,"Italy",4,"Median","88",2084,13156,9184,22341
380,"Italy",4,"Median","89",2084,14475,10920,25395
380,"Italy",4,"Median","90",2084,15526,12678,28203
380,"Italy",4,"Median","91",2084,16726,14738,31464
380,"Italy",4,"Median","92",2084,17339,16390,33730
380,"Italy",4,"Median","93",2084,17604,17943,35547
380,"Italy",4,"Median","94",2084,17015,19011,36026
380,"Italy",4,"Median","95",2084,15958,19621,35579
380,"Italy",4,"Median","96",2084,14072,18963,33035
380,"Italy",4,"Median","97",2084,11831,17484,29315
380,"Italy",4,"Median","98",2084,9901,16000,25901
380,"Italy",4,"Median","99",2084,7889,13971,21859
380,"Italy",4,"Median","100",2084,2272,3390,5662
380,"Italy",4,"Median","101",2084,2107,3431,5538
380,"Italy",4,"Median","102",2084,1955,3472,5427
380,"Italy",4,"Median","103",2084,1813,3514,5327
380,"Italy",4,"Median","104",2084,1682,3556,5238
380,"Italy",4,"Median","105",2084,1560,3599,5159
380,"Italy",4,"Median","106",2084,1447,3642,5089
380,"Italy",4,"Median","107",2084,1342,3686,5028
380,"Italy",4,"Median","108",2084,1245,3730,4975
380,"Italy",4,"Median","109",2084,1155,3775,4930
380,"Italy",4,"Median","110",2084,1071,3820,4891
380,"Italy",4,"Median","0",2085,80,45,125
380,"Italy",4,"Median","1",2085,8,4,12
380,"Italy",4,"Median","2",2085,3,2,5
380,"Italy",4,"Median","3",2085,3,2,4
380,"Italy",4,"Median","4",2085,3,2,4
380,"Italy",4,"Median","5",2085,2,1,4
380,"Italy",4,"Median","6",2085,2,1,3
380,"Italy",4,"Median","7",2085,2,1,3
380,"Italy",4,"Median","8",2085,2,1,4
380,"Italy",4,"Median","9",2085,3,1,4
380,"Italy",4,"Median","10",2085,3,1,4
380,"Italy",4,"Median","11",2085,3,1,4
380,"Italy",4,"Median","12",2085,3,2,5
380,"Italy",4,"Median","13",2085,4,2,6
380,"Italy",4,"Median","14",2085,5,2,7
380,"Italy",4,"Median","15",2085,7,3,9
380,"Italy",4,"Median","16",2085,9,3,12
380,"Italy",4,"Median","17",2085,12,3,15
380,"Italy",4,"Median","18",2085,15,4,18
380,"Italy",4,"Median","19",2085,16,4,21
380,"Italy",4,"Median","20",2085,18,4,22
380,"Italy",4,"Median","21",2085,19,5,25
380,"Italy",4,"Median","22",2085,20,5,25
380,"Italy",4,"Median","23",2085,20,5,25
380,"Italy",4,"Median","24",2085,21,6,27
380,"Italy",4,"Median","25",2085,22,6,29
380,"Italy",4,"Median","26",2085,23,7,30
380,"Italy",4,"Median","27",2085,23,6,30
380,"Italy",4,"Median","28",2085,23,6,30
380,"Italy",4,"Median","29",2085,23,7,30
380,"Italy",4,"Median","30",2085,25,7,32
380,"Italy",4,"Median","31",2085,27,8,35
380,"Italy",4,"Median","32",2085,29,9,38
380,"Italy",4,"Median","33",2085,31,10,41
380,"Italy",4,"Median","34",2085,32,11,43
380,"Italy",4,"Median","35",2085,35,12,47
380,"Italy",4,"Median","36",2085,37,14,51
380,"Italy",4,"Median","37",2085,40,16,57
380,"Italy",4,"Median","38",2085,44,19,63
380,"Italy",4,"Median","39",2085,50,21,70
380,"Italy",4,"Median","40",2085,56,23,78
380,"Italy",4,"Median","41",2085,62,25,87
380,"Italy",4,"Median","42",2085,68,28,96
380,"Italy",4,"Median","43",2085,75,32,106
380,"Italy",4,"Median","44",2085,84,36,119
380,"Italy",4,"Median","45",2085,95,40,134
380,"Italy",4,"Median","46",2085,105,45,149
380,"Italy",4,"Median","47",2085,115,49,164
380,"Italy",4,"Median","48",2085,125,54,179
380,"Italy",4,"Median","49",2085,138,59,197
380,"Italy",4,"Median","50",2085,153,65,218
380,"Italy",4,"Median","51",2085,170,72,242
380,"Italy",4,"Median","52",2085,189,79,268
380,"Italy",4,"Median","53",2085,208,87,295
380,"Italy",4,"Median","54",2085,228,95,324
380,"Italy",4,"Median","55",2085,255,105,360
380,"Italy",4,"Median","56",2085,286,115,400
380,"Italy",4,"Median","57",2085,316,126,442
380,"Italy",4,"Median","58",2085,348,138,486
380,"Italy",4,"Median","59",2085,385,153,538
380,"Italy",4,"Median","60",2085,427,168,595
380,"Italy",4,"Median","61",2085,471,182,653
380,"Italy",4,"Median","62",2085,519,197,716
380,"Italy",4,"Median","63",2085,589,225,814
380,"Italy",4,"Median","64",2085,649,252,900
380,"Italy",4,"Median","65",2085,698,274,972
380,"Italy",4,"Median","66",2085,791,306,1097
380,"Italy",4,"Median","67",2085,902,340,1242
380,"Italy",4,"Median","68",2085,1008,381,1389
380,"Italy",4,"Median","69",2085,1105,426,1530
380,"Italy",4,"Median","70",2085,1231,479,1711
380,"Italy",4,"Median","71",2085,1406,554,1960
380,"Italy",4,"Median","72",2085,1591,633,2223
380,"Italy",4,"Median","73",2085,1804,724,2528
380,"Italy",4,"Median","74",2085,2021,818,2839
380,"Italy",4,"Median","75",2085,2262,929,3191
380,"Italy",4,"Median","76",2085,2508,1055,3562
380,"Italy",4,"Median","77",2085,2810,1222,4033
380,"Italy",4,"Median","78",2085,3157,1417,4575
380,"Italy",4,"Median","79",2085,3619,1675,5294
380,"Italy",4,"Median","80",2085,4153,1993,6146
380,"Italy",4,"Median","81",2085,4797,2423,7220
380,"Italy",4,"Median","82",2085,5455,2889,8344
380,"Italy",4,"Median","83",2085,6304,3463,9767
380,"Italy",4,"Median","84",2085,7472,4219,11691
380,"Italy",4,"Median","85",2085,8796,5113,13909
380,"Italy",4,"Median","86",2085,10246,6146,16391
380,"Italy",4,"Median","87",2085,11676,7393,19069
380,"Italy",4,"Median","88",2085,13108,8972,22080
380,"Italy",4,"Median","89",2085,14443,10656,25099
380,"Italy",4,"Median","90",2085,15378,12267,27645
380,"Italy",4,"Median","91",2085,16178,13993,30170
380,"Italy",4,"Median","92",2085,16922,15781,32702
380,"Italy",4,"Median","93",2085,17452,17641,35094
380,"Italy",4,"Median","94",2085,17108,18802,35910
380,"Italy",4,"Median","95",2085,16025,19393,35417
380,"Italy",4,"Median","96",2085,14585,19444,34029
380,"Italy",4,"Median","97",2085,12304,18021,30326
380,"Italy",4,"Median","98",2085,9828,15853,25681
380,"Italy",4,"Median","99",2085,7859,13868,21727
380,"Italy",4,"Median","100",2085,2224,3267,5491
380,"Italy",4,"Median","101",2085,2071,3326,5397
380,"Italy",4,"Median","102",2085,1929,3386,5315
380,"Italy",4,"Median","103",2085,1797,3448,5245
380,"Italy",4,"Median","104",2085,1674,3510,5184
380,"Italy",4,"Median","105",2085,1559,3574,5133
380,"Italy",4,"Median","106",2085,1452,3639,5091
380,"Italy",4,"Median","107",2085,1352,3705,5057
380,"Italy",4,"Median","108",2085,1259,3772,5031
380,"Italy",4,"Median","109",2085,1173,3840,5013
380,"Italy",4,"Median","110",2085,1092,3910,5002
380,"Italy",4,"Median","0",2086,77,43,121
380,"Italy",4,"Median","1",2086,7,4,12
380,"Italy",4,"Median","2",2086,3,2,4
380,"Italy",4,"Median","3",2086,3,1,4
380,"Italy",4,"Median","4",2086,3,1,4
380,"Italy",4,"Median","5",2086,2,1,4
380,"Italy",4,"Median","6",2086,2,1,3
380,"Italy",4,"Median","7",2086,2,1,3
380,"Italy",4,"Median","8",2086,2,1,4
380,"Italy",4,"Median","9",2086,3,1,4
380,"Italy",4,"Median","10",2086,3,1,4
380,"Italy",4,"Median","11",2086,3,1,4
380,"Italy",4,"Median","12",2086,3,2,5
380,"Italy",4,"Median","13",2086,4,2,5
380,"Italy",4,"Median","14",2086,5,2,7
380,"Italy",4,"Median","15",2086,7,2,9
380,"Italy",4,"Median","16",2086,9,3,12
380,"Italy",4,"Median","17",2086,12,3,15
380,"Italy",4,"Median","18",2086,14,4,18
380,"Italy",4,"Median","19",2086,16,4,20
380,"Italy",4,"Median","20",2086,17,4,22
380,"Italy",4,"Median","21",2086,19,5,24
380,"Italy",4,"Median","22",2086,20,5,25
380,"Italy",4,"Median","23",2086,20,5,25
380,"Italy",4,"Median","24",2086,21,5,26
380,"Italy",4,"Median","25",2086,22,6,28
380,"Italy",4,"Median","26",2086,23,6,29
380,"Italy",4,"Median","27",2086,23,6,29
380,"Italy",4,"Median","28",2086,22,6,29
380,"Italy",4,"Median","29",2086,23,7,29
380,"Italy",4,"Median","30",2086,24,7,31
380,"Italy",4,"Median","31",2086,26,8,34
380,"Italy",4,"Median","32",2086,28,9,37
380,"Italy",4,"Median","33",2086,30,10,39
380,"Italy",4,"Median","34",2086,31,11,42
380,"Italy",4,"Median","35",2086,33,12,45
380,"Italy",4,"Median","36",2086,36,14,49
380,"Italy",4,"Median","37",2086,39,16,55
380,"Italy",4,"Median","38",2086,43,18,61
380,"Italy",4,"Median","39",2086,48,20,68
380,"Italy",4,"Median","40",2086,54,22,76
380,"Italy",4,"Median","41",2086,60,24,85
380,"Italy",4,"Median","42",2086,66,27,94
380,"Italy",4,"Median","43",2086,73,31,103
380,"Italy",4,"Median","44",2086,82,34,116
380,"Italy",4,"Median","45",2086,93,38,131
380,"Italy",4,"Median","46",2086,103,43,146
380,"Italy",4,"Median","47",2086,113,48,161
380,"Italy",4,"Median","48",2086,123,53,176
380,"Italy",4,"Median","49",2086,135,58,193
380,"Italy",4,"Median","50",2086,150,64,214
380,"Italy",4,"Median","51",2086,167,70,238
380,"Italy",4,"Median","52",2086,186,77,263
380,"Italy",4,"Median","53",2086,205,84,289
380,"Italy",4,"Median","54",2086,224,92,316
380,"Italy",4,"Median","55",2086,250,102,351
380,"Italy",4,"Median","56",2086,279,111,390
380,"Italy",4,"Median","57",2086,309,122,430
380,"Italy",4,"Median","58",2086,340,134,474
380,"Italy",4,"Median","59",2086,376,148,523
380,"Italy",4,"Median","60",2086,416,162,578
380,"Italy",4,"Median","61",2086,460,176,636
380,"Italy",4,"Median","62",2086,500,187,687
380,"Italy",4,"Median","63",2086,563,212,775
380,"Italy",4,"Median","64",2086,632,242,874
380,"Italy",4,"Median","65",2086,680,263,943
380,"Italy",4,"Median","66",2086,754,288,1041
380,"Italy",4,"Median","67",2086,849,317,1166
380,"Italy",4,"Median","68",2086,958,357,1315
380,"Italy",4,"Median","69",2086,1063,404,1467
380,"Italy",4,"Median","70",2086,1184,456,1640
380,"Italy",4,"Median","71",2086,1355,528,1882
380,"Italy",4,"Median","72",2086,1523,598,2121
380,"Italy",4,"Median","73",2086,1725,685,2410
380,"Italy",4,"Median","74",2086,1942,778,2720
380,"Italy",4,"Median","75",2086,2176,882,3058
380,"Italy",4,"Median","76",2086,2435,1008,3443
380,"Italy",4,"Median","77",2086,2747,1181,3928
380,"Italy",4,"Median","78",2086,3105,1381,4486
380,"Italy",4,"Median","79",2086,3586,1642,5228
380,"Italy",4,"Median","80",2086,4131,1955,6086
380,"Italy",4,"Median","81",2086,4804,2395,7199
380,"Italy",4,"Median","82",2086,5516,2898,8414
380,"Italy",4,"Median","83",2086,6297,3445,9742
380,"Italy",4,"Median","84",2086,7306,4136,11443
380,"Italy",4,"Median","85",2086,8645,5052,13697
380,"Italy",4,"Median","86",2086,10101,6115,16217
380,"Italy",4,"Median","87",2086,11611,7299,18911
380,"Italy",4,"Median","88",2086,13166,8795,21960
380,"Italy",4,"Median","89",2086,14415,10433,24848
380,"Italy",4,"Median","90",2086,15370,11996,27366
380,"Italy",4,"Median","91",2086,16052,13571,29623
380,"Italy",4,"Median","92",2086,16395,15015,31409
380,"Italy",4,"Median","93",2086,17066,17029,34096
380,"Italy",4,"Median","94",2086,16994,18534,35527
380,"Italy",4,"Median","95",2086,16143,19230,35373
380,"Italy",4,"Median","96",2086,14677,19270,33947
380,"Italy",4,"Median","97",2086,12778,18527,31306
380,"Italy",4,"Median","98",2086,10242,16383,26625
380,"Italy",4,"Median","99",2086,7816,13775,21591
380,"Italy",4,"Median","100",2086,2176,3145,5321
380,"Italy",4,"Median","101",2086,2036,3223,5259
380,"Italy",4,"Median","102",2086,1904,3302,5206
380,"Italy",4,"Median","103",2086,1782,3384,5166
380,"Italy",4,"Median","104",2086,1667,3467,5134
380,"Italy",4,"Median","105",2086,1560,3553,5113
380,"Italy",4,"Median","106",2086,1459,3640,5099
380,"Italy",4,"Median","107",2086,1365,3730,5095
380,"Italy",4,"Median","108",2086,1277,3822,5099
380,"Italy",4,"Median","109",2086,1195,3917,5112
380,"Italy",4,"Median","110",2086,1118,4013,5131
380,"Italy",4,"Median","0",2087,76,42,118
380,"Italy",4,"Median","1",2087,7,4,11
380,"Italy",4,"Median","2",2087,3,1,4
380,"Italy",4,"Median","3",2087,3,1,4
380,"Italy",4,"Median","4",2087,3,1,4
380,"Italy",4,"Median","5",2087,2,1,3
380,"Italy",4,"Median","6",2087,2,1,3
380,"Italy",4,"Median","7",2087,2,1,3
380,"Italy",4,"Median","8",2087,2,1,3
380,"Italy",4,"Median","9",2087,3,1,4
380,"Italy",4,"Median","10",2087,3,1,4
380,"Italy",4,"Median","11",2087,3,1,4
380,"Italy",4,"Median","12",2087,3,1,4
380,"Italy",4,"Median","13",2087,4,2,5
380,"Italy",4,"Median","14",2087,5,2,7
380,"Italy",4,"Median","15",2087,6,2,9
380,"Italy",4,"Median","16",2087,9,3,12
380,"Italy",4,"Median","17",2087,12,3,15
380,"Italy",4,"Median","18",2087,14,4,18
380,"Italy",4,"Median","19",2087,16,4,20
380,"Italy",4,"Median","20",2087,17,4,21
380,"Italy",4,"Median","21",2087,19,5,24
380,"Italy",4,"Median","22",2087,20,5,24
380,"Italy",4,"Median","23",2087,20,5,24
380,"Italy",4,"Median","24",2087,21,5,26
380,"Italy",4,"Median","25",2087,22,6,28
380,"Italy",4,"Median","26",2087,22,6,28
380,"Italy",4,"Median","27",2087,22,6,28
380,"Italy",4,"Median","28",2087,22,6,28
380,"Italy",4,"Median","29",2087,22,6,29
380,"Italy",4,"Median","30",2087,23,7,30
380,"Italy",4,"Median","31",2087,26,7,33
380,"Italy",4,"Median","32",2087,27,8,36
380,"Italy",4,"Median","33",2087,29,9,38
380,"Italy",4,"Median","34",2087,30,10,41
380,"Italy",4,"Median","35",2087,32,11,44
380,"Italy",4,"Median","36",2087,35,13,48
380,"Italy",4,"Median","37",2087,38,15,53
380,"Italy",4,"Median","38",2087,41,17,59
380,"Italy",4,"Median","39",2087,47,19,66
380,"Italy",4,"Median","40",2087,53,21,73
380,"Italy",4,"Median","41",2087,59,23,82
380,"Italy",4,"Median","42",2087,65,26,91
380,"Italy",4,"Median","43",2087,71,30,101
380,"Italy",4,"Median","44",2087,80,33,114
380,"Italy",4,"Median","45",2087,91,37,128
380,"Italy",4,"Median","46",2087,101,42,143
380,"Italy",4,"Median","47",2087,111,47,158
380,"Italy",4,"Median","48",2087,121,52,173
380,"Italy",4,"Median","49",2087,134,57,190
380,"Italy",4,"Median","50",2087,148,62,211
380,"Italy",4,"Median","51",2087,165,69,234
380,"Italy",4,"Median","52",2087,183,75,259
380,"Italy",4,"Median","53",2087,202,82,284
380,"Italy",4,"Median","54",2087,221,90,311
380,"Italy",4,"Median","55",2087,246,99,345
380,"Italy",4,"Median","56",2087,275,108,383
380,"Italy",4,"Median","57",2087,303,118,422
380,"Italy",4,"Median","58",2087,333,130,464
380,"Italy",4,"Median","59",2087,369,144,513
380,"Italy",4,"Median","60",2087,407,158,565
380,"Italy",4,"Median","61",2087,450,171,621
380,"Italy",4,"Median","62",2087,490,182,672
380,"Italy",4,"Median","63",2087,544,203,747
380,"Italy",4,"Median","64",2087,606,230,836
380,"Italy",4,"Median","65",2087,664,255,919
380,"Italy",4,"Median","66",2087,737,278,1015
380,"Italy",4,"Median","67",2087,812,300,1112
380,"Italy",4,"Median","68",2087,905,335,1240
380,"Italy",4,"Median","69",2087,1014,381,1395
380,"Italy",4,"Median","70",2087,1143,436,1579
380,"Italy",4,"Median","71",2087,1308,506,1814
380,"Italy",4,"Median","72",2087,1473,574,2047
380,"Italy",4,"Median","73",2087,1659,652,2311
380,"Italy",4,"Median","74",2087,1865,741,2606
380,"Italy",4,"Median","75",2087,2100,845,2945
380,"Italy",4,"Median","76",2087,2352,965,3317
380,"Italy",4,"Median","77",2087,2679,1137,3816
380,"Italy",4,"Median","78",2087,3048,1345,4393
380,"Italy",4,"Median","79",2087,3542,1613,5155
380,"Italy",4,"Median","80",2087,4111,1932,6043
380,"Italy",4,"Median","81",2087,4800,2368,7168
380,"Italy",4,"Median","82",2087,5547,2887,8435
380,"Italy",4,"Median","83",2087,6395,3482,9877
380,"Italy",4,"Median","84",2087,7329,4145,11474
380,"Italy",4,"Median","85",2087,8488,4989,13477
380,"Italy",4,"Median","86",2087,9967,6085,16053
380,"Italy",4,"Median","87",2087,11493,7312,18805
380,"Italy",4,"Median","88",2087,13143,8739,21882
380,"Italy",4,"Median","89",2087,14530,10289,24819
380,"Italy",4,"Median","90",2087,15393,11811,27204
380,"Italy",4,"Median","91",2087,16098,13343,29441
380,"Italy",4,"Median","92",2087,16319,14636,30955
380,"Italy",4,"Median","93",2087,16590,16288,32878
380,"Italy",4,"Median","94",2087,16670,17978,34648
380,"Italy",4,"Median","95",2087,16084,19044,35128
380,"Italy",4,"Median","96",2087,14829,19195,34024
380,"Italy",4,"Median","97",2087,12894,18440,31334
380,"Italy",4,"Median","98",2087,10663,16907,27570
380,"Italy",4,"Median","99",2087,8164,14287,22451
380,"Italy",4,"Median","100",2087,2124,3033,5157
380,"Italy",4,"Median","101",2087,1998,3128,5126
380,"Italy",4,"Median","102",2087,1879,3225,5104
380,"Italy",4,"Median","103",2087,1767,3326,5093
380,"Italy",4,"Median","104",2087,1661,3430,5091
380,"Italy",4,"Median","105",2087,1562,3537,5099
380,"Italy",4,"Median","106",2087,1469,3648,5117
380,"Italy",4,"Median","107",2087,1382,3761,5143
380,"Italy",4,"Median","108",2087,1299,3879,5178
380,"Italy",4,"Median","109",2087,1222,4000,5222
380,"Italy",4,"Median","110",2087,1149,4125,5274
380,"Italy",4,"Median","0",2088,74,40,114
380,"Italy",4,"Median","1",2088,7,4,11
380,"Italy",4,"Median","2",2088,3,1,4
380,"Italy",4,"Median","3",2088,3,1,4
380,"Italy",4,"Median","4",2088,3,1,4
380,"Italy",4,"Median","5",2088,2,1,3
380,"Italy",4,"Median","6",2088,2,1,3
380,"Italy",4,"Median","7",2088,2,1,3
380,"Italy",4,"Median","8",2088,2,1,3
380,"Italy",4,"Median","9",2088,3,1,4
380,"Italy",4,"Median","10",2088,3,1,4
380,"Italy",4,"Median","11",2088,3,1,4
380,"Italy",4,"Median","12",2088,3,1,4
380,"Italy",4,"Median","13",2088,4,2,5
380,"Italy",4,"Median","14",2088,5,2,7
380,"Italy",4,"Median","15",2088,6,2,9
380,"Italy",4,"Median","16",2088,9,3,11
380,"Italy",4,"Median","17",2088,11,3,14
380,"Italy",4,"Median","18",2088,14,3,17
380,"Italy",4,"Median","19",2088,16,4,19
380,"Italy",4,"Median","20",2088,17,4,21
380,"Italy",4,"Median","21",2088,18,5,23
380,"Italy",4,"Median","22",2088,19,5,24
380,"Italy",4,"Median","23",2088,19,4,24
380,"Italy",4,"Median","24",2088,20,5,25
380,"Italy",4,"Median","25",2088,21,6,27
380,"Italy",4,"Median","26",2088,22,6,28
380,"Italy",4,"Median","27",2088,22,6,27
380,"Italy",4,"Median","28",2088,21,6,27
380,"Italy",4,"Median","29",2088,22,6,28
380,"Italy",4,"Median","30",2088,23,6,29
380,"Italy",4,"Median","31",2088,25,7,32
380,"Italy",4,"Median","32",2088,27,8,34
380,"Italy",4,"Median","33",2088,28,9,37
380,"Italy",4,"Median","34",2088,29,10,39
380,"Italy",4,"Median","35",2088,31,11,42
380,"Italy",4,"Median","36",2088,34,12,46
380,"Italy",4,"Median","37",2088,36,14,51
380,"Italy",4,"Median","38",2088,40,16,56
380,"Italy",4,"Median","39",2088,45,18,63
380,"Italy",4,"Median","40",2088,51,20,71
380,"Italy",4,"Median","41",2088,57,22,79
380,"Italy",4,"Median","42",2088,63,25,88
380,"Italy",4,"Median","43",2088,69,28,97
380,"Italy",4,"Median","44",2088,78,32,110
380,"Italy",4,"Median","45",2088,88,36,124
380,"Italy",4,"Median","46",2088,99,40,139
380,"Italy",4,"Median","47",2088,108,45,153
380,"Italy",4,"Median","48",2088,119,50,168
380,"Italy",4,"Median","49",2088,131,55,186
380,"Italy",4,"Median","50",2088,146,60,206
380,"Italy",4,"Median","51",2088,163,67,229
380,"Italy",4,"Median","52",2088,180,73,253
380,"Italy",4,"Median","53",2088,198,80,278
380,"Italy",4,"Median","54",2088,217,87,304
380,"Italy",4,"Median","55",2088,241,96,337
380,"Italy",4,"Median","56",2088,269,104,374
380,"Italy",4,"Median","57",2088,297,114,411
380,"Italy",4,"Median","58",2088,326,125,451
380,"Italy",4,"Median","59",2088,360,138,498
380,"Italy",4,"Median","60",2088,398,151,549
380,"Italy",4,"Median","61",2088,439,164,603
380,"Italy",4,"Median","62",2088,477,174,651
380,"Italy",4,"Median","63",2088,532,195,726
380,"Italy",4,"Median","64",2088,583,217,800
380,"Italy",4,"Median","65",2088,635,239,874
380,"Italy",4,"Median","66",2088,717,266,983
380,"Italy",4,"Median","67",2088,791,286,1076
380,"Italy",4,"Median","68",2088,862,313,1175
380,"Italy",4,"Median","69",2088,954,352,1306
380,"Italy",4,"Median","70",2088,1086,405,1491
380,"Italy",4,"Median","71",2088,1258,477,1735
380,"Italy",4,"Median","72",2088,1417,542,1959
380,"Italy",4,"Median","73",2088,1598,617,2215
380,"Italy",4,"Median","74",2088,1787,695,2482
380,"Italy",4,"Median","75",2088,2009,793,2802
380,"Italy",4,"Median","76",2088,2261,910,3172
380,"Italy",4,"Median","77",2088,2578,1073,3651
380,"Italy",4,"Median","78",2088,2961,1277,4238
380,"Italy",4,"Median","79",2088,3466,1549,5015
380,"Italy",4,"Median","80",2088,4048,1873,5921
380,"Italy",4,"Median","81",2088,4764,2311,7076
380,"Italy",4,"Median","82",2088,5529,2822,8351
380,"Italy",4,"Median","83",2088,6417,3431,9848
380,"Italy",4,"Median","84",2088,7428,4148,11576
380,"Italy",4,"Median","85",2088,8500,4954,13454
380,"Italy",4,"Median","86",2088,9773,5958,15731
380,"Italy",4,"Median","87",2088,11328,7220,18548
380,"Italy",4,"Median","88",2088,12999,8696,21695
380,"Italy",4,"Median","89",2088,14496,10162,24658
380,"Italy",4,"Median","90",2088,15508,11583,27091
380,"Italy",4,"Median","91",2088,16117,13074,29191
380,"Italy",4,"Median","92",2088,16362,14326,30687
380,"Italy",4,"Median","93",2088,16517,15822,32340
380,"Italy",4,"Median","94",2088,16210,17146,33356
380,"Italy",4,"Median","95",2088,15785,18430,34215
380,"Italy",4,"Median","96",2088,14785,18979,33764
380,"Italy",4,"Median","97",2088,13038,18348,31386
380,"Italy",4,"Median","98",2088,10769,16816,27585
380,"Italy",4,"Median","99",2088,8508,14740,23248
380,"Italy",4,"Median","100",2088,2132,2992,5124
380,"Italy",4,"Median","101",2088,2010,3098,5108
380,"Italy",4,"Median","102",2088,1895,3209,5104
380,"Italy",4,"Median","103",2088,1786,3324,5110
380,"Italy",4,"Median","104",2088,1684,3442,5126
380,"Italy",4,"Median","105",2088,1588,3565,5153
380,"Italy",4,"Median","106",2088,1497,3692,5189
380,"Italy",4,"Median","107",2088,1411,3824,5235
380,"Italy",4,"Median","108",2088,1331,3961,5292
380,"Italy",4,"Median","109",2088,1255,4102,5357
380,"Italy",4,"Median","110",2088,1183,4248,5431
380,"Italy",4,"Median","0",2089,71,38,110
380,"Italy",4,"Median","1",2089,7,4,11
380,"Italy",4,"Median","2",2089,3,1,4
380,"Italy",4,"Median","3",2089,3,1,4
380,"Italy",4,"Median","4",2089,2,1,4
380,"Italy",4,"Median","5",2089,2,1,3
380,"Italy",4,"Median","6",2089,2,1,3
380,"Italy",4,"Median","7",2089,2,1,3
380,"Italy",4,"Median","8",2089,2,1,3
380,"Italy",4,"Median","9",2089,2,1,4
380,"Italy",4,"Median","10",2089,3,1,4
380,"Italy",4,"Median","11",2089,3,1,4
380,"Italy",4,"Median","12",2089,3,1,4
380,"Italy",4,"Median","13",2089,3,2,5
380,"Italy",4,"Median","14",2089,5,2,6
380,"Italy",4,"Median","15",2089,6,2,8
380,"Italy",4,"Median","16",2089,8,3,11
380,"Italy",4,"Median","17",2089,11,3,14
380,"Italy",4,"Median","18",2089,14,3,17
380,"Italy",4,"Median","19",2089,15,4,19
380,"Italy",4,"Median","20",2089,17,4,20
380,"Italy",4,"Median","21",2089,18,5,23
380,"Italy",4,"Median","22",2089,19,4,23
380,"Italy",4,"Median","23",2089,19,4,23
380,"Italy",4,"Median","24",2089,20,5,24
380,"Italy",4,"Median","25",2089,20,6,26
380,"Italy",4,"Median","26",2089,21,6,27
380,"Italy",4,"Median","27",2089,21,6,27
380,"Italy",4,"Median","28",2089,21,6,26
380,"Italy",4,"Median","29",2089,21,6,27
380,"Italy",4,"Median","30",2089,22,6,28
380,"Italy",4,"Median","31",2089,24,7,31
380,"Italy",4,"Median","32",2089,26,8,33
380,"Italy",4,"Median","33",2089,27,8,35
380,"Italy",4,"Median","34",2089,28,9,38
380,"Italy",4,"Median","35",2089,30,10,41
380,"Italy",4,"Median","36",2089,32,12,44
380,"Italy",4,"Median","37",2089,35,14,49
380,"Italy",4,"Median","38",2089,39,16,54
380,"Italy",4,"Median","39",2089,44,17,61
380,"Italy",4,"Median","40",2089,49,19,68
380,"Italy",4,"Median","41",2089,55,21,76
380,"Italy",4,"Median","42",2089,61,24,84
380,"Italy",4,"Median","43",2089,67,27,94
380,"Italy",4,"Median","44",2089,76,31,106
380,"Italy",4,"Median","45",2089,86,35,120
380,"Italy",4,"Median","46",2089,96,39,135
380,"Italy",4,"Median","47",2089,105,43,149
380,"Italy",4,"Median","48",2089,116,48,164
380,"Italy",4,"Median","49",2089,128,53,181
380,"Italy",4,"Median","50",2089,143,59,201
380,"Italy",4,"Median","51",2089,159,65,224
380,"Italy",4,"Median","52",2089,177,71,248
380,"Italy",4,"Median","53",2089,195,77,272
380,"Italy",4,"Median","54",2089,212,85,297
380,"Italy",4,"Median","55",2089,236,93,329
380,"Italy",4,"Median","56",2089,263,101,365
380,"Italy",4,"Median","57",2089,290,111,401
380,"Italy",4,"Median","58",2089,318,121,439
380,"Italy",4,"Median","59",2089,351,134,485
380,"Italy",4,"Median","60",2089,388,146,534
380,"Italy",4,"Median","61",2089,428,158,586
380,"Italy",4,"Median","62",2089,463,168,631
380,"Italy",4,"Median","63",2089,516,187,703
380,"Italy",4,"Median","64",2089,568,210,777
380,"Italy",4,"Median","65",2089,608,227,835
380,"Italy",4,"Median","66",2089,683,250,933
380,"Italy",4,"Median","67",2089,767,275,1041
380,"Italy",4,"Median","68",2089,836,300,1136
380,"Italy",4,"Median","69",2089,905,331,1236
380,"Italy",4,"Median","70",2089,1018,377,1395
380,"Italy",4,"Median","71",2089,1191,446,1638
380,"Italy",4,"Median","72",2089,1358,515,1873
380,"Italy",4,"Median","73",2089,1531,587,2118
380,"Italy",4,"Median","74",2089,1715,662,2377
380,"Italy",4,"Median","75",2089,1917,749,2667
380,"Italy",4,"Median","76",2089,2155,860,3016
380,"Italy",4,"Median","77",2089,2471,1020,3491
380,"Italy",4,"Median","78",2089,2841,1214,4055
380,"Italy",4,"Median","79",2089,3358,1483,4841
380,"Italy",4,"Median","80",2089,3951,1813,5764
380,"Italy",4,"Median","81",2089,4681,2259,6941
380,"Italy",4,"Median","82",2089,5477,2777,8254
380,"Italy",4,"Median","83",2089,6384,3380,9764
380,"Italy",4,"Median","84",2089,7443,4119,11562
380,"Italy",4,"Median","85",2089,8605,4994,13599
380,"Italy",4,"Median","86",2089,9778,5959,15737
380,"Italy",4,"Median","87",2089,11100,7119,18219
380,"Italy",4,"Median","88",2089,12808,8646,21454
380,"Italy",4,"Median","89",2089,14334,10176,24511
380,"Italy",4,"Median","90",2089,15470,11509,26978
380,"Italy",4,"Median","91",2089,16241,12897,29138
380,"Italy",4,"Median","92",2089,16384,14113,30497
380,"Italy",4,"Median","93",2089,16572,15577,32149
380,"Italy",4,"Median","94",2089,16152,16746,32897
380,"Italy",4,"Median","95",2089,15365,17669,33033
380,"Italy",4,"Median","96",2089,14528,18461,32988
380,"Italy",4,"Median","97",2089,13017,18228,31245
380,"Italy",4,"Median","98",2089,10904,16806,27710
380,"Italy",4,"Median","99",2089,8604,14722,23326
380,"Italy",4,"Median","100",2089,2185,3039,5224
380,"Italy",4,"Median","101",2089,2061,3150,5211
380,"Italy",4,"Median","102",2089,1943,3265,5208
380,"Italy",4,"Median","103",2089,1833,3384,5217
380,"Italy",4,"Median","104",2089,1729,3508,5237
380,"Italy",4,"Median","105",2089,1630,3636,5266
380,"Italy",4,"Median","106",2089,1538,3768,5306
380,"Italy",4,"Median","107",2089,1450,3906,5356
380,"Italy",4,"Median","108",2089,1368,4048,5416
380,"Italy",4,"Median","109",2089,1290,4196,5486
380,"Italy",4,"Median","110",2089,1216,4349,5565
380,"Italy",4,"Median","0",2090,69,37,106
380,"Italy",4,"Median","1",2090,7,4,10
380,"Italy",4,"Median","2",2090,3,1,4
380,"Italy",4,"Median","3",2090,3,1,4
380,"Italy",4,"Median","4",2090,2,1,4
380,"Italy",4,"Median","5",2090,2,1,3
380,"Italy",4,"Median","6",2090,2,1,3
380,"Italy",4,"Median","7",2090,2,1,3
380,"Italy",4,"Median","8",2090,2,1,3
380,"Italy",4,"Median","9",2090,2,1,3
380,"Italy",4,"Median","10",2090,3,1,4
380,"Italy",4,"Median","11",2090,3,1,4
380,"Italy",4,"Median","12",2090,3,1,4
380,"Italy",4,"Median","13",2090,3,2,5
380,"Italy",4,"Median","14",2090,4,2,6
380,"Italy",4,"Median","15",2090,6,2,8
380,"Italy",4,"Median","16",2090,8,2,11
380,"Italy",4,"Median","17",2090,11,3,14
380,"Italy",4,"Median","18",2090,13,3,17
380,"Italy",4,"Median","19",2090,15,3,18
380,"Italy",4,"Median","20",2090,16,4,20
380,"Italy",4,"Median","21",2090,18,4,22
380,"Italy",4,"Median","22",2090,18,4,23
380,"Italy",4,"Median","23",2090,18,4,23
380,"Italy",4,"Median","24",2090,19,5,24
380,"Italy",4,"Median","25",2090,20,5,25
380,"Italy",4,"Median","26",2090,21,6,26
380,"Italy",4,"Median","27",2090,21,5,26
380,"Italy",4,"Median","28",2090,20,5,26
380,"Italy",4,"Median","29",2090,20,6,26
380,"Italy",4,"Median","30",2090,22,6,27
380,"Italy",4,"Median","31",2090,23,6,30
380,"Italy",4,"Median","32",2090,25,7,32
380,"Italy",4,"Median","33",2090,26,8,34
380,"Italy",4,"Median","34",2090,27,9,36
380,"Italy",4,"Median","35",2090,29,10,39
380,"Italy",4,"Median","36",2090,31,11,43
380,"Italy",4,"Median","37",2090,34,13,47
380,"Italy",4,"Median","38",2090,37,15,52
380,"Italy",4,"Median","39",2090,42,17,59
380,"Italy",4,"Median","40",2090,47,18,65
380,"Italy",4,"Median","41",2090,53,20,73
380,"Italy",4,"Median","42",2090,58,23,81
380,"Italy",4,"Median","43",2090,64,26,90
380,"Italy",4,"Median","44",2090,73,29,102
380,"Italy",4,"Median","45",2090,83,33,116
380,"Italy",4,"Median","46",2090,93,37,130
380,"Italy",4,"Median","47",2090,102,42,144
380,"Italy",4,"Median","48",2090,112,46,159
380,"Italy",4,"Median","49",2090,125,51,176
380,"Italy",4,"Median","50",2090,139,57,196
380,"Italy",4,"Median","51",2090,156,63,219
380,"Italy",4,"Median","52",2090,173,69,242
380,"Italy",4,"Median","53",2090,191,75,266
380,"Italy",4,"Median","54",2090,208,83,291
380,"Italy",4,"Median","55",2090,231,90,322
380,"Italy",4,"Median","56",2090,258,98,356
380,"Italy",4,"Median","57",2090,284,107,391
380,"Italy",4,"Median","58",2090,311,118,428
380,"Italy",4,"Median","59",2090,342,129,472
380,"Italy",4,"Median","60",2090,378,142,519
380,"Italy",4,"Median","61",2090,416,153,569
380,"Italy",4,"Median","62",2090,451,162,613
380,"Italy",4,"Median","63",2090,501,181,682
380,"Italy",4,"Median","64",2090,551,202,753
380,"Italy",4,"Median","65",2090,592,219,811
380,"Italy",4,"Median","66",2090,655,238,893
380,"Italy",4,"Median","67",2090,730,259,989
380,"Italy",4,"Median","68",2090,811,288,1099
380,"Italy",4,"Median","69",2090,878,317,1195
380,"Italy",4,"Median","70",2090,966,354,1320
380,"Italy",4,"Median","71",2090,1117,416,1533
380,"Italy",4,"Median","72",2090,1286,482,1768
380,"Italy",4,"Median","73",2090,1468,557,2025
380,"Italy",4,"Median","74",2090,1643,630,2273
380,"Italy",4,"Median","75",2090,1841,714,2554
380,"Italy",4,"Median","76",2090,2057,813,2870
380,"Italy",4,"Median","77",2090,2356,965,3321
380,"Italy",4,"Median","78",2090,2724,1155,3879
380,"Italy",4,"Median","79",2090,3225,1411,4636
380,"Italy",4,"Median","80",2090,3832,1738,5569
380,"Italy",4,"Median","81",2090,4575,2191,6766
380,"Italy",4,"Median","82",2090,5389,2718,8107
380,"Italy",4,"Median","83",2090,6333,3331,9664
380,"Italy",4,"Median","84",2090,7417,4064,11481
380,"Italy",4,"Median","85",2090,8637,4968,13605
380,"Italy",4,"Median","86",2090,9917,6020,15937
380,"Italy",4,"Median","87",2090,11127,7136,18262
380,"Italy",4,"Median","88",2090,12577,8545,21122
380,"Italy",4,"Median","89",2090,14153,10141,24293
380,"Italy",4,"Median","90",2090,15327,11549,26876
380,"Italy",4,"Median","91",2090,16234,12842,29077
380,"Italy",4,"Median","92",2090,16542,13951,30493
380,"Italy",4,"Median","93",2090,16634,15385,32019
380,"Italy",4,"Median","94",2090,16243,16527,32770
380,"Italy",4,"Median","95",2090,15346,17300,32646
380,"Italy",4,"Median","96",2090,14175,17746,31922
380,"Italy",4,"Median","97",2090,12820,17778,30598
380,"Italy",4,"Median","98",2090,10911,16740,27651
380,"Italy",4,"Median","99",2090,8731,14750,23481
380,"Italy",4,"Median","100",2090,2237,3107,5344
380,"Italy",4,"Median","101",2090,2110,3217,5327
380,"Italy",4,"Median","102",2090,1990,3331,5321
380,"Italy",4,"Median","103",2090,1877,3449,5326
380,"Italy",4,"Median","104",2090,1770,3572,5342
380,"Italy",4,"Median","105",2090,1669,3698,5367
380,"Italy",4,"Median","106",2090,1575,3829,5404
380,"Italy",4,"Median","107",2090,1485,3965,5450
380,"Italy",4,"Median","108",2090,1401,4105,5506
380,"Italy",4,"Median","109",2090,1321,4250,5571
380,"Italy",4,"Median","110",2090,1246,4401,5647
380,"Italy",4,"Median","0",2091,68,35,103
380,"Italy",4,"Median","1",2091,6,4,10
380,"Italy",4,"Median","2",2091,3,1,4
380,"Italy",4,"Median","3",2091,2,1,4
380,"Italy",4,"Median","4",2091,2,1,3
380,"Italy",4,"Median","5",2091,2,1,3
380,"Italy",4,"Median","6",2091,2,1,3
380,"Italy",4,"Median","7",2091,2,1,3
380,"Italy",4,"Median","8",2091,2,1,3
380,"Italy",4,"Median","9",2091,2,1,3
380,"Italy",4,"Median","10",2091,3,1,4
380,"Italy",4,"Median","11",2091,3,1,4
380,"Italy",4,"Median","12",2091,3,1,4
380,"Italy",4,"Median","13",2091,3,1,5
380,"Italy",4,"Median","14",2091,4,2,6
380,"Italy",4,"Median","15",2091,6,2,8
380,"Italy",4,"Median","16",2091,8,2,10
380,"Italy",4,"Median","17",2091,11,3,13
380,"Italy",4,"Median","18",2091,13,3,16
380,"Italy",4,"Median","19",2091,15,3,18
380,"Italy",4,"Median","20",2091,16,4,19
380,"Italy",4,"Median","21",2091,17,4,22
380,"Italy",4,"Median","22",2091,18,4,22
380,"Italy",4,"Median","23",2091,18,4,22
380,"Italy",4,"Median","24",2091,19,5,23
380,"Italy",4,"Median","25",2091,20,5,25
380,"Italy",4,"Median","26",2091,20,5,25
380,"Italy",4,"Median","27",2091,20,5,25
380,"Italy",4,"Median","28",2091,20,5,25
380,"Italy",4,"Median","29",2091,20,5,25
380,"Italy",4,"Median","30",2091,21,6,27
380,"Italy",4,"Median","31",2091,23,6,29
380,"Italy",4,"Median","32",2091,24,7,31
380,"Italy",4,"Median","33",2091,25,8,33
380,"Italy",4,"Median","34",2091,27,8,35
380,"Italy",4,"Median","35",2091,28,9,38
380,"Italy",4,"Median","36",2091,30,11,41
380,"Italy",4,"Median","37",2091,33,12,45
380,"Italy",4,"Median","38",2091,36,14,50
380,"Italy",4,"Median","39",2091,40,16,56
380,"Italy",4,"Median","40",2091,45,17,63
380,"Italy",4,"Median","41",2091,51,19,70
380,"Italy",4,"Median","42",2091,56,22,78
380,"Italy",4,"Median","43",2091,62,25,87
380,"Italy",4,"Median","44",2091,70,28,98
380,"Italy",4,"Median","45",2091,80,32,112
380,"Italy",4,"Median","46",2091,90,36,126
380,"Italy",4,"Median","47",2091,99,40,139
380,"Italy",4,"Median","48",2091,109,44,154
380,"Italy",4,"Median","49",2091,121,49,170
380,"Italy",4,"Median","50",2091,136,54,190
380,"Italy",4,"Median","51",2091,152,60,212
380,"Italy",4,"Median","52",2091,169,66,236
380,"Italy",4,"Median","53",2091,187,73,259
380,"Italy",4,"Median","54",2091,204,80,284
380,"Italy",4,"Median","55",2091,227,87,314
380,"Italy",4,"Median","56",2091,253,95,348
380,"Italy",4,"Median","57",2091,278,104,381
380,"Italy",4,"Median","58",2091,304,113,417
380,"Italy",4,"Median","59",2091,335,125,459
380,"Italy",4,"Median","60",2091,368,136,505
380,"Italy",4,"Median","61",2091,406,147,552
380,"Italy",4,"Median","62",2091,439,155,595
380,"Italy",4,"Median","63",2091,488,173,662
380,"Italy",4,"Median","64",2091,535,193,729
380,"Italy",4,"Median","65",2091,574,209,784
380,"Italy",4,"Median","66",2091,637,228,865
380,"Italy",4,"Median","67",2091,700,244,944
380,"Italy",4,"Median","68",2091,771,270,1041
380,"Italy",4,"Median","69",2091,851,302,1154
380,"Italy",4,"Median","70",2091,937,337,1274
380,"Italy",4,"Median","71",2091,1060,388,1448
380,"Italy",4,"Median","72",2091,1206,445,1651
380,"Italy",4,"Median","73",2091,1390,517,1908
380,"Italy",4,"Median","74",2091,1576,593,2169
380,"Italy",4,"Median","75",2091,1764,674,2438
380,"Italy",4,"Median","76",2091,1975,769,2744
380,"Italy",4,"Median","77",2091,2249,906,3155
380,"Italy",4,"Median","78",2091,2599,1085,3684
380,"Italy",4,"Median","79",2091,3094,1334,4429
380,"Italy",4,"Median","80",2091,3683,1644,5326
380,"Italy",4,"Median","81",2091,4442,2089,6531
380,"Italy",4,"Median","82",2091,5272,2623,7895
380,"Italy",4,"Median","83",2091,6239,3246,9485
380,"Italy",4,"Median","84",2091,7368,3989,11357
380,"Italy",4,"Median","85",2091,8620,4884,13504
380,"Italy",4,"Median","86",2091,9970,5970,15940
380,"Italy",4,"Median","87",2091,11305,7189,18494
380,"Italy",4,"Median","88",2091,12632,8548,21179
380,"Italy",4,"Median","89",2091,13924,10004,23928
380,"Italy",4,"Median","90",2091,15160,11490,26651
380,"Italy",4,"Median","91",2091,16116,12873,28990
380,"Italy",4,"Median","92",2091,16567,13877,30444
380,"Italy",4,"Median","93",2091,16833,15205,32039
380,"Italy",4,"Median","94",2091,16341,16324,32665
380,"Italy",4,"Median","95",2091,15467,17082,32549
380,"Italy",4,"Median","96",2091,14191,17391,31583
380,"Italy",4,"Median","97",2091,12539,17109,29647
380,"Italy",4,"Median","98",2091,10770,16346,27115
380,"Italy",4,"Median","99",2091,8755,14713,23468
380,"Italy",4,"Median","100",2091,2292,3187,5479
380,"Italy",4,"Median","101",2091,2161,3293,5454
380,"Italy",4,"Median","102",2091,2037,3402,5439
380,"Italy",4,"Median","103",2091,1921,3515,5436
380,"Italy",4,"Median","104",2091,1811,3632,5443
380,"Italy",4,"Median","105",2091,1707,3753,5460
380,"Italy",4,"Median","106",2091,1610,3877,5487
380,"Italy",4,"Median","107",2091,1517,4006,5523
380,"Italy",4,"Median","108",2091,1431,4139,5570
380,"Italy",4,"Median","109",2091,1349,4277,5626
380,"Italy",4,"Median","110",2091,1272,4419,5691
380,"Italy",4,"Median","0",2092,66,34,100
380,"Italy",4,"Median","1",2092,6,3,10
380,"Italy",4,"Median","2",2092,2,1,4
380,"Italy",4,"Median","3",2092,2,1,4
380,"Italy",4,"Median","4",2092,2,1,3
380,"Italy",4,"Median","5",2092,2,1,3
380,"Italy",4,"Median","6",2092,2,1,3
380,"Italy",4,"Median","7",2092,2,1,3
380,"Italy",4,"Median","8",2092,2,1,3
380,"Italy",4,"Median","9",2092,2,1,3
380,"Italy",4,"Median","10",2092,2,1,4
380,"Italy",4,"Median","11",2092,2,1,4
380,"Italy",4,"Median","12",2092,3,1,4
380,"Italy",4,"Median","13",2092,3,1,5
380,"Italy",4,"Median","14",2092,4,2,6
380,"Italy",4,"Median","15",2092,6,2,8
380,"Italy",4,"Median","16",2092,8,2,10
380,"Italy",4,"Median","17",2092,10,3,13
380,"Italy",4,"Median","18",2092,13,3,16
380,"Italy",4,"Median","19",2092,14,3,17
380,"Italy",4,"Median","20",2092,15,4,19
380,"Italy",4,"Median","21",2092,17,4,21
380,"Italy",4,"Median","22",2092,18,4,22
380,"Italy",4,"Median","23",2092,18,4,21
380,"Italy",4,"Median","24",2092,18,4,23
380,"Italy",4,"Median","25",2092,19,5,24
380,"Italy",4,"Median","26",2092,20,5,25
380,"Italy",4,"Median","27",2092,20,5,25
380,"Italy",4,"Median","28",2092,19,5,24
380,"Italy",4,"Median","29",2092,19,5,25
380,"Italy",4,"Median","30",2092,20,5,26
380,"Italy",4,"Median","31",2092,22,6,28
380,"Italy",4,"Median","32",2092,24,7,30
380,"Italy",4,"Median","33",2092,25,7,32
380,"Italy",4,"Median","34",2092,26,8,34
380,"Italy",4,"Median","35",2092,27,9,36
380,"Italy",4,"Median","36",2092,29,10,40
380,"Italy",4,"Median","37",2092,32,12,43
380,"Italy",4,"Median","38",2092,35,13,48
380,"Italy",4,"Median","39",2092,39,15,54
380,"Italy",4,"Median","40",2092,44,16,60
380,"Italy",4,"Median","41",2092,49,18,68
380,"Italy",4,"Median","42",2092,54,21,75
380,"Italy",4,"Median","43",2092,60,23,83
380,"Italy",4,"Median","44",2092,68,27,95
380,"Italy",4,"Median","45",2092,78,30,108
380,"Italy",4,"Median","46",2092,87,34,121
380,"Italy",4,"Median","47",2092,96,38,135
380,"Italy",4,"Median","48",2092,106,43,149
380,"Italy",4,"Median","49",2092,118,47,165
380,"Italy",4,"Median","50",2092,132,52,185
380,"Italy",4,"Median","51",2092,149,58,207
380,"Italy",4,"Median","52",2092,166,64,230
380,"Italy",4,"Median","53",2092,183,70,254
380,"Italy",4,"Median","54",2092,201,77,278
380,"Italy",4,"Median","55",2092,223,85,308
380,"Italy",4,"Median","56",2092,248,92,341
380,"Italy",4,"Median","57",2092,273,100,373
380,"Italy",4,"Median","58",2092,299,110,408
380,"Italy",4,"Median","59",2092,328,121,449
380,"Italy",4,"Median","60",2092,361,132,493
380,"Italy",4,"Median","61",2092,397,142,539
380,"Italy",4,"Median","62",2092,429,150,579
380,"Italy",4,"Median","63",2092,477,167,644
380,"Italy",4,"Median","64",2092,523,186,710
380,"Italy",4,"Median","65",2092,560,201,761
380,"Italy",4,"Median","66",2092,620,218,839
380,"Italy",4,"Median","67",2092,683,235,918
380,"Italy",4,"Median","68",2092,742,255,997
380,"Italy",4,"Median","69",2092,813,284,1097
380,"Italy",4,"Median","70",2092,912,323,1234
380,"Italy",4,"Median","71",2092,1032,371,1403
380,"Italy",4,"Median","72",2092,1149,417,1566
380,"Italy",4,"Median","73",2092,1309,480,1789
380,"Italy",4,"Median","74",2092,1498,554,2051
380,"Italy",4,"Median","75",2092,1698,637,2335
380,"Italy",4,"Median","76",2092,1900,729,2629
380,"Italy",4,"Median","77",2092,2169,860,3029
380,"Italy",4,"Median","78",2092,2492,1023,3515
380,"Italy",4,"Median","79",2092,2965,1259,4225
380,"Italy",4,"Median","80",2092,3549,1562,5111
380,"Italy",4,"Median","81",2092,4289,1986,6275
380,"Italy",4,"Median","82",2092,5142,2513,7656
380,"Italy",4,"Median","83",2092,6131,3148,9279
380,"Italy",4,"Median","84",2092,7290,3907,11197
380,"Italy",4,"Median","85",2092,8600,4818,13419
380,"Italy",4,"Median","86",2092,9994,5899,15893
380,"Italy",4,"Median","87",2092,11413,7165,18579
380,"Italy",4,"Median","88",2092,12888,8654,21542
380,"Italy",4,"Median","89",2092,14040,10053,24093
380,"Italy",4,"Median","90",2092,14971,11385,26355
380,"Italy",4,"Median","91",2092,16000,12864,28864
380,"Italy",4,"Median","92",2092,16503,13967,30470
380,"Italy",4,"Median","93",2092,16920,15194,32114
380,"Italy",4,"Median","94",2092,16594,16203,32797
380,"Italy",4,"Median","95",2092,15613,16943,32556
380,"Italy",4,"Median","96",2092,14351,17244,31596
380,"Italy",4,"Median","97",2092,12592,16835,29427
380,"Italy",4,"Median","98",2092,10564,15791,26355
380,"Italy",4,"Median","99",2092,8665,14418,23084
380,"Italy",4,"Median","100",2092,2334,3274,5608
380,"Italy",4,"Median","101",2092,2200,3373,5573
380,"Italy",4,"Median","102",2092,2074,3475,5549
380,"Italy",4,"Median","103",2092,1955,3580,5535
380,"Italy",4,"Median","104",2092,1843,3688,5531
380,"Italy",4,"Median","105",2092,1738,3800,5538
380,"Italy",4,"Median","106",2092,1638,3915,5553
380,"Italy",4,"Median","107",2092,1544,4033,5577
380,"Italy",4,"Median","108",2092,1456,4155,5611
380,"Italy",4,"Median","109",2092,1372,4281,5653
380,"Italy",4,"Median","110",2092,1294,4410,5704
380,"Italy",4,"Median","0",2093,64,33,97
380,"Italy",4,"Median","1",2093,6,3,9
380,"Italy",4,"Median","2",2093,2,1,4
380,"Italy",4,"Median","3",2093,2,1,3
380,"Italy",4,"Median","4",2093,2,1,3
380,"Italy",4,"Median","5",2093,2,1,3
380,"Italy",4,"Median","6",2093,2,1,3
380,"Italy",4,"Median","7",2093,2,1,3
380,"Italy",4,"Median","8",2093,2,1,3
380,"Italy",4,"Median","9",2093,2,1,3
380,"Italy",4,"Median","10",2093,2,1,3
380,"Italy",4,"Median","11",2093,2,1,3
380,"Italy",4,"Median","12",2093,3,1,4
380,"Italy",4,"Median","13",2093,3,1,4
380,"Italy",4,"Median","14",2093,4,2,6
380,"Italy",4,"Median","15",2093,6,2,7
380,"Italy",4,"Median","16",2093,8,2,10
380,"Italy",4,"Median","17",2093,10,3,13
380,"Italy",4,"Median","18",2093,12,3,15
380,"Italy",4,"Median","19",2093,14,3,17
380,"Italy",4,"Median","20",2093,15,3,18
380,"Italy",4,"Median","21",2093,16,4,20
380,"Italy",4,"Median","22",2093,17,4,21
380,"Italy",4,"Median","23",2093,17,4,21
380,"Italy",4,"Median","24",2093,18,4,22
380,"Italy",4,"Median","25",2093,19,5,24
380,"Italy",4,"Median","26",2093,19,5,24
380,"Italy",4,"Median","27",2093,19,5,24
380,"Italy",4,"Median","28",2093,19,5,24
380,"Italy",4,"Median","29",2093,19,5,24
380,"Italy",4,"Median","30",2093,20,5,25
380,"Italy",4,"Median","31",2093,21,6,27
380,"Italy",4,"Median","32",2093,23,6,29
380,"Italy",4,"Median","33",2093,24,7,31
380,"Italy",4,"Median","34",2093,25,8,33
380,"Italy",4,"Median","35",2093,27,9,35
380,"Italy",4,"Median","36",2093,28,10,38
380,"Italy",4,"Median","37",2093,30,11,42
380,"Italy",4,"Median","38",2093,33,13,46
380,"Italy",4,"Median","39",2093,38,14,52
380,"Italy",4,"Median","40",2093,42,16,58
380,"Italy",4,"Median","41",2093,47,17,65
380,"Italy",4,"Median","42",2093,52,20,72
380,"Italy",4,"Median","43",2093,58,22,80
380,"Italy",4,"Median","44",2093,66,25,91
380,"Italy",4,"Median","45",2093,75,29,104
380,"Italy",4,"Median","46",2093,84,32,116
380,"Italy",4,"Median","47",2093,93,37,130
380,"Italy",4,"Median","48",2093,103,41,144
380,"Italy",4,"Median","49",2093,115,45,160
380,"Italy",4,"Median","50",2093,129,50,179
380,"Italy",4,"Median","51",2093,145,56,201
380,"Italy",4,"Median","52",2093,162,62,223
380,"Italy",4,"Median","53",2093,179,68,247
380,"Italy",4,"Median","54",2093,196,75,271
380,"Italy",4,"Median","55",2093,219,82,301
380,"Italy",4,"Median","56",2093,244,89,333
380,"Italy",4,"Median","57",2093,268,97,365
380,"Italy",4,"Median","58",2093,293,106,399
380,"Italy",4,"Median","59",2093,322,117,438
380,"Italy",4,"Median","60",2093,353,127,481
380,"Italy",4,"Median","61",2093,388,137,525
380,"Italy",4,"Median","62",2093,419,144,563
380,"Italy",4,"Median","63",2093,465,161,626
380,"Italy",4,"Median","64",2093,510,179,689
380,"Italy",4,"Median","65",2093,545,193,739
380,"Italy",4,"Median","66",2093,603,210,813
380,"Italy",4,"Median","67",2093,663,225,888
380,"Italy",4,"Median","68",2093,722,245,967
380,"Italy",4,"Median","69",2093,779,269,1048
380,"Italy",4,"Median","70",2093,868,303,1170
380,"Italy",4,"Median","71",2093,1001,355,1356
380,"Italy",4,"Median","72",2093,1115,398,1513
380,"Italy",4,"Median","73",2093,1242,450,1692
380,"Italy",4,"Median","74",2093,1405,514,1919
380,"Italy",4,"Median","75",2093,1608,594,2202
380,"Italy",4,"Median","76",2093,1822,689,2511
380,"Italy",4,"Median","77",2093,2080,816,2895
380,"Italy",4,"Median","78",2093,2395,972,3367
380,"Italy",4,"Median","79",2093,2835,1189,4024
380,"Italy",4,"Median","80",2093,3392,1475,4868
380,"Italy",4,"Median","81",2093,4125,1891,6015
380,"Italy",4,"Median","82",2093,4955,2393,7349
380,"Italy",4,"Median","83",2093,5969,3021,8990
380,"Italy",4,"Median","84",2093,7153,3796,10949
380,"Italy",4,"Median","85",2093,8499,4729,13227
380,"Italy",4,"Median","86",2093,9961,5832,15793
380,"Italy",4,"Median","87",2093,11432,7096,18528
380,"Italy",4,"Median","88",2093,13006,8647,21653
380,"Italy",4,"Median","89",2093,14321,10203,24524
380,"Italy",4,"Median","90",2093,15093,11466,26559
380,"Italy",4,"Median","91",2093,15801,12776,28577
380,"Italy",4,"Median","92",2093,16386,13986,30373
380,"Italy",4,"Median","93",2093,16866,15334,32201
380,"Italy",4,"Median","94",2093,16691,16234,32926
380,"Italy",4,"Median","95",2093,15869,16863,32733
380,"Italy",4,"Median","96",2093,14503,17155,31658
380,"Italy",4,"Median","97",2093,12750,16741,29491
380,"Italy",4,"Median","98",2093,10622,15581,26204
380,"Italy",4,"Median","99",2093,8511,13968,22479
380,"Italy",4,"Median","100",2093,2352,3338,5690
380,"Italy",4,"Median","101",2093,2218,3429,5647
380,"Italy",4,"Median","102",2093,2092,3522,5614
380,"Italy",4,"Median","103",2093,1972,3618,5590
380,"Italy",4,"Median","104",2093,1860,3717,5577
380,"Italy",4,"Median","105",2093,1754,3818,5572
380,"Italy",4,"Median","106",2093,1654,3922,5576
380,"Italy",4,"Median","107",2093,1559,4029,5588
380,"Italy",4,"Median","108",2093,1470,4139,5609
380,"Italy",4,"Median","109",2093,1386,4252,5638
380,"Italy",4,"Median","110",2093,1307,4368,5675
380,"Italy",4,"Median","0",2094,63,31,94
380,"Italy",4,"Median","1",2094,6,3,9
380,"Italy",4,"Median","2",2094,2,1,3
380,"Italy",4,"Median","3",2094,2,1,3
380,"Italy",4,"Median","4",2094,2,1,3
380,"Italy",4,"Median","5",2094,2,1,3
380,"Italy",4,"Median","6",2094,2,1,2
380,"Italy",4,"Median","7",2094,2,1,3
380,"Italy",4,"Median","8",2094,2,1,3
380,"Italy",4,"Median","9",2094,2,1,3
380,"Italy",4,"Median","10",2094,2,1,3
380,"Italy",4,"Median","11",2094,2,1,3
380,"Italy",4,"Median","12",2094,2,1,4
380,"Italy",4,"Median","13",2094,3,1,4
380,"Italy",4,"Median","14",2094,4,2,5
380,"Italy",4,"Median","15",2094,5,2,7
380,"Italy",4,"Median","16",2094,7,2,9
380,"Italy",4,"Median","17",2094,10,2,12
380,"Italy",4,"Median","18",2094,12,3,15
380,"Italy",4,"Median","19",2094,14,3,17
380,"Italy",4,"Median","20",2094,15,3,18
380,"Italy",4,"Median","21",2094,16,4,20
380,"Italy",4,"Median","22",2094,17,4,20
380,"Italy",4,"Median","23",2094,17,4,20
380,"Italy",4,"Median","24",2094,18,4,22
380,"Italy",4,"Median","25",2094,18,5,23
380,"Italy",4,"Median","26",2094,19,5,24
380,"Italy",4,"Median","27",2094,19,5,23
380,"Italy",4,"Median","28",2094,18,5,23
380,"Italy",4,"Median","29",2094,19,5,23
380,"Italy",4,"Median","30",2094,19,5,25
380,"Italy",4,"Median","31",2094,21,5,26
380,"Italy",4,"Median","32",2094,22,6,29
380,"Italy",4,"Median","33",2094,23,7,30
380,"Italy",4,"Median","34",2094,24,7,32
380,"Italy",4,"Median","35",2094,26,8,34
380,"Italy",4,"Median","36",2094,28,9,37
380,"Italy",4,"Median","37",2094,30,11,40
380,"Italy",4,"Median","38",2094,32,12,45
380,"Italy",4,"Median","39",2094,36,14,50
380,"Italy",4,"Median","40",2094,41,15,56
380,"Italy",4,"Median","41",2094,46,17,62
380,"Italy",4,"Median","42",2094,51,19,69
380,"Italy",4,"Median","43",2094,56,21,77
380,"Italy",4,"Median","44",2094,63,24,87
380,"Italy",4,"Median","45",2094,72,27,100
380,"Italy",4,"Median","46",2094,81,31,112
380,"Italy",4,"Median","47",2094,90,35,125
380,"Italy",4,"Median","48",2094,100,39,138
380,"Italy",4,"Median","49",2094,111,43,155
380,"Italy",4,"Median","50",2094,125,48,173
380,"Italy",4,"Median","51",2094,141,54,195
380,"Italy",4,"Median","52",2094,158,59,217
380,"Italy",4,"Median","53",2094,175,65,240
380,"Italy",4,"Median","54",2094,192,72,264
380,"Italy",4,"Median","55",2094,214,79,294
380,"Italy",4,"Median","56",2094,239,86,326
380,"Italy",4,"Median","57",2094,263,94,357
380,"Italy",4,"Median","58",2094,288,103,391
380,"Italy",4,"Median","59",2094,316,113,429
380,"Italy",4,"Median","60",2094,347,123,470
380,"Italy",4,"Median","61",2094,381,132,513
380,"Italy",4,"Median","62",2094,411,139,550
380,"Italy",4,"Median","63",2094,455,155,610
380,"Italy",4,"Median","64",2094,498,172,670
380,"Italy",4,"Median","65",2094,533,186,718
380,"Italy",4,"Median","66",2094,589,201,790
380,"Italy",4,"Median","67",2094,646,215,861
380,"Italy",4,"Median","68",2094,703,234,937
380,"Italy",4,"Median","69",2094,761,257,1018
380,"Italy",4,"Median","70",2094,835,285,1120
380,"Italy",4,"Median","71",2094,957,332,1288
380,"Italy",4,"Median","72",2094,1085,380,1465
380,"Italy",4,"Median","73",2094,1210,428,1638
380,"Italy",4,"Median","74",2094,1338,479,1818
380,"Italy",4,"Median","75",2094,1514,550,2064
380,"Italy",4,"Median","76",2094,1732,640,2373
380,"Italy",4,"Median","77",2094,2003,769,2772
380,"Italy",4,"Median","78",2094,2306,919,3225
380,"Italy",4,"Median","79",2094,2737,1126,3863
380,"Italy",4,"Median","80",2094,3257,1389,4647
380,"Italy",4,"Median","81",2094,3960,1783,5743
380,"Italy",4,"Median","82",2094,4786,2274,7060
380,"Italy",4,"Median","83",2094,5776,2873,8650
380,"Italy",4,"Median","84",2094,6994,3640,10633
380,"Italy",4,"Median","85",2094,8374,4591,12965
380,"Italy",4,"Median","86",2094,9885,5721,15606
380,"Italy",4,"Median","87",2094,11441,7014,18456
380,"Italy",4,"Median","88",2094,13081,8566,21646
380,"Italy",4,"Median","89",2094,14508,10198,24705
380,"Italy",4,"Median","90",2094,15451,11641,27092
380,"Italy",4,"Median","91",2094,15988,12877,28865
380,"Italy",4,"Median","92",2094,16237,13900,30137
380,"Italy",4,"Median","93",2094,16807,15378,32185
380,"Italy",4,"Median","94",2094,16695,16409,33105
380,"Italy",4,"Median","95",2094,16015,16925,32940
380,"Italy",4,"Median","96",2094,14789,17109,31899
380,"Italy",4,"Median","97",2094,12924,16690,29614
380,"Italy",4,"Median","98",2094,10786,15529,26315
380,"Italy",4,"Median","99",2094,8581,13813,22395
380,"Italy",4,"Median","100",2094,2350,3354,5704
380,"Italy",4,"Median","101",2094,2217,3439,5656
380,"Italy",4,"Median","102",2094,2092,3526,5618
380,"Italy",4,"Median","103",2094,1973,3615,5588
380,"Italy",4,"Median","104",2094,1862,3706,5568
380,"Italy",4,"Median","105",2094,1756,3800,5556
380,"Italy",4,"Median","106",2094,1657,3896,5553
380,"Italy",4,"Median","107",2094,1563,3994,5557
380,"Italy",4,"Median","108",2094,1475,4095,5570
380,"Italy",4,"Median","109",2094,1391,4199,5590
380,"Italy",4,"Median","110",2094,1312,4305,5617
380,"Italy",4,"Median","0",2095,61,30,92
380,"Italy",4,"Median","1",2095,6,3,9
380,"Italy",4,"Median","2",2095,2,1,3
380,"Italy",4,"Median","3",2095,2,1,3
380,"Italy",4,"Median","4",2095,2,1,3
380,"Italy",4,"Median","5",2095,2,1,3
380,"Italy",4,"Median","6",2095,2,1,2
380,"Italy",4,"Median","7",2095,2,1,2
380,"Italy",4,"Median","8",2095,2,1,3
380,"Italy",4,"Median","9",2095,2,1,3
380,"Italy",4,"Median","10",2095,2,1,3
380,"Italy",4,"Median","11",2095,2,1,3
380,"Italy",4,"Median","12",2095,2,1,3
380,"Italy",4,"Median","13",2095,3,1,4
380,"Italy",4,"Median","14",2095,4,1,5
380,"Italy",4,"Median","15",2095,5,2,7
380,"Italy",4,"Median","16",2095,7,2,9
380,"Italy",4,"Median","17",2095,9,2,12
380,"Italy",4,"Median","18",2095,12,3,14
380,"Italy",4,"Median","19",2095,13,3,16
380,"Italy",4,"Median","20",2095,14,3,17
380,"Italy",4,"Median","21",2095,16,4,19
380,"Italy",4,"Median","22",2095,16,4,20
380,"Italy",4,"Median","23",2095,16,3,20
380,"Italy",4,"Median","24",2095,17,4,21
380,"Italy",4,"Median","25",2095,18,5,22
380,"Italy",4,"Median","26",2095,18,5,23
380,"Italy",4,"Median","27",2095,18,4,23
380,"Italy",4,"Median","28",2095,18,4,22
380,"Italy",4,"Median","29",2095,18,5,23
380,"Italy",4,"Median","30",2095,19,5,24
380,"Italy",4,"Median","31",2095,20,5,26
380,"Italy",4,"Median","32",2095,22,6,28
380,"Italy",4,"Median","33",2095,23,7,29
380,"Italy",4,"Median","34",2095,24,7,31
380,"Italy",4,"Median","35",2095,25,8,33
380,"Italy",4,"Median","36",2095,27,9,36
380,"Italy",4,"Median","37",2095,29,10,39
380,"Italy",4,"Median","38",2095,31,12,43
380,"Italy",4,"Median","39",2095,35,13,48
380,"Italy",4,"Median","40",2095,39,14,54
380,"Italy",4,"Median","41",2095,44,16,60
380,"Italy",4,"Median","42",2095,49,18,66
380,"Italy",4,"Median","43",2095,54,20,74
380,"Italy",4,"Median","44",2095,61,23,84
380,"Italy",4,"Median","45",2095,70,26,95
380,"Italy",4,"Median","46",2095,78,29,108
380,"Italy",4,"Median","47",2095,87,33,120
380,"Italy",4,"Median","48",2095,96,37,133
380,"Italy",4,"Median","49",2095,108,41,149
380,"Italy",4,"Median","50",2095,121,46,167
380,"Italy",4,"Median","51",2095,137,51,188
380,"Italy",4,"Median","52",2095,153,57,210
380,"Italy",4,"Median","53",2095,170,62,233
380,"Italy",4,"Median","54",2095,187,69,256
380,"Italy",4,"Median","55",2095,209,76,285
380,"Italy",4,"Median","56",2095,234,83,317
380,"Italy",4,"Median","57",2095,258,91,349
380,"Italy",4,"Median","58",2095,282,99,381
380,"Italy",4,"Median","59",2095,310,109,419
380,"Italy",4,"Median","60",2095,340,118,459
380,"Italy",4,"Median","61",2095,373,127,500
380,"Italy",4,"Median","62",2095,402,134,535
380,"Italy",4,"Median","63",2095,445,149,593
380,"Italy",4,"Median","64",2095,486,165,652
380,"Italy",4,"Median","65",2095,519,178,697
380,"Italy",4,"Median","66",2095,573,193,766
380,"Italy",4,"Median","67",2095,629,206,835
380,"Italy",4,"Median","68",2095,683,224,907
380,"Italy",4,"Median","69",2095,738,245,983
380,"Italy",4,"Median","70",2095,812,273,1085
380,"Italy",4,"Median","71",2095,917,313,1230
380,"Italy",4,"Median","72",2095,1033,355,1388
380,"Italy",4,"Median","73",2095,1173,408,1582
380,"Italy",4,"Median","74",2095,1299,456,1755
380,"Italy",4,"Median","75",2095,1437,513,1950
380,"Italy",4,"Median","76",2095,1625,592,2217
380,"Italy",4,"Median","77",2095,1898,715,2612
380,"Italy",4,"Median","78",2095,2213,867,3080
380,"Italy",4,"Median","79",2095,2627,1066,3694
380,"Italy",4,"Median","80",2095,3136,1318,4454
380,"Italy",4,"Median","81",2095,3794,1682,5476
380,"Italy",4,"Median","82",2095,4585,2148,6734
380,"Italy",4,"Median","83",2095,5569,2735,8304
380,"Italy",4,"Median","84",2095,6758,3468,10226
380,"Italy",4,"Median","85",2095,8177,4412,12589
380,"Italy",4,"Median","86",2095,9731,5568,15299
380,"Italy",4,"Median","87",2095,11346,6898,18244
380,"Italy",4,"Median","88",2095,13086,8490,21576
380,"Italy",4,"Median","89",2095,14587,10128,24716
380,"Italy",4,"Median","90",2095,15650,11664,27314
380,"Italy",4,"Median","91",2095,16369,13108,29477
380,"Italy",4,"Median","92",2095,16431,14044,30475
380,"Italy",4,"Median","93",2095,16665,15330,31995
380,"Italy",4,"Median","94",2095,16648,16505,33153
380,"Italy",4,"Median","95",2095,16034,17160,33193
380,"Italy",4,"Median","96",2095,14942,17228,32170
380,"Italy",4,"Median","97",2095,13196,16699,29895
380,"Italy",4,"Median","98",2095,10948,15529,26476
380,"Italy",4,"Median","99",2095,8725,13808,22534
380,"Italy",4,"Median","100",2095,2354,3351,5705
380,"Italy",4,"Median","101",2095,2222,3433,5655
380,"Italy",4,"Median","102",2095,2097,3516,5613
380,"Italy",4,"Median","103",2095,1979,3601,5580
380,"Italy",4,"Median","104",2095,1868,3689,5557
380,"Italy",4,"Median","105",2095,1763,3778,5541
380,"Italy",4,"Median","106",2095,1664,3870,5534
380,"Italy",4,"Median","107",2095,1571,3964,5535
380,"Italy",4,"Median","108",2095,1483,4060,5543
380,"Italy",4,"Median","109",2095,1399,4159,5558
380,"Italy",4,"Median","110",2095,1321,4260,5581
380,"Italy",4,"Median","0",2096,60,29,89
380,"Italy",4,"Median","1",2096,6,3,9
380,"Italy",4,"Median","2",2096,2,1,3
380,"Italy",4,"Median","3",2096,2,1,3
380,"Italy",4,"Median","4",2096,2,1,3
380,"Italy",4,"Median","5",2096,2,1,3
380,"Italy",4,"Median","6",2096,2,1,2
380,"Italy",4,"Median","7",2096,2,1,2
380,"Italy",4,"Median","8",2096,2,1,3
380,"Italy",4,"Median","9",2096,2,1,3
380,"Italy",4,"Median","10",2096,2,1,3
380,"Italy",4,"Median","11",2096,2,1,3
380,"Italy",4,"Median","12",2096,2,1,3
380,"Italy",4,"Median","13",2096,3,1,4
380,"Italy",4,"Median","14",2096,4,1,5
380,"Italy",4,"Median","15",2096,5,2,7
380,"Italy",4,"Median","16",2096,7,2,9
380,"Italy",4,"Median","17",2096,9,2,11
380,"Italy",4,"Median","18",2096,11,3,14
380,"Italy",4,"Median","19",2096,13,3,16
380,"Italy",4,"Median","20",2096,14,3,17
380,"Italy",4,"Median","21",2096,15,4,19
380,"Italy",4,"Median","22",2096,16,3,19
380,"Italy",4,"Median","23",2096,16,3,19
380,"Italy",4,"Median","24",2096,17,4,21
380,"Italy",4,"Median","25",2096,18,4,22
380,"Italy",4,"Median","26",2096,18,5,23
380,"Italy",4,"Median","27",2096,18,4,22
380,"Italy",4,"Median","28",2096,18,4,22
380,"Italy",4,"Median","29",2096,18,4,22
380,"Italy",4,"Median","30",2096,19,5,23
380,"Italy",4,"Median","31",2096,20,5,25
380,"Italy",4,"Median","32",2096,21,6,27
380,"Italy",4,"Median","33",2096,22,6,28
380,"Italy",4,"Median","34",2096,23,7,30
380,"Italy",4,"Median","35",2096,24,8,32
380,"Italy",4,"Median","36",2096,26,9,35
380,"Italy",4,"Median","37",2096,28,10,38
380,"Italy",4,"Median","38",2096,30,11,42
380,"Italy",4,"Median","39",2096,34,12,47
380,"Italy",4,"Median","40",2096,38,14,52
380,"Italy",4,"Median","41",2096,43,15,58
380,"Italy",4,"Median","42",2096,47,17,64
380,"Italy",4,"Median","43",2096,52,19,71
380,"Italy",4,"Median","44",2096,59,22,81
380,"Italy",4,"Median","45",2096,67,25,92
380,"Italy",4,"Median","46",2096,76,28,104
380,"Italy",4,"Median","47",2096,84,32,116
380,"Italy",4,"Median","48",2096,93,35,128
380,"Italy",4,"Median","49",2096,104,39,143
380,"Italy",4,"Median","50",2096,117,44,161
380,"Italy",4,"Median","51",2096,133,49,182
380,"Italy",4,"Median","52",2096,149,54,204
380,"Italy",4,"Median","53",2096,166,60,226
380,"Italy",4,"Median","54",2096,183,67,249
380,"Italy",4,"Median","55",2096,205,74,278
380,"Italy",4,"Median","56",2096,229,81,310
380,"Italy",4,"Median","57",2096,253,88,341
380,"Italy",4,"Median","58",2096,277,96,374
380,"Italy",4,"Median","59",2096,305,106,411
380,"Italy",4,"Median","60",2096,335,115,450
380,"Italy",4,"Median","61",2096,367,124,491
380,"Italy",4,"Median","62",2096,395,130,525
380,"Italy",4,"Median","63",2096,436,144,581
380,"Italy",4,"Median","64",2096,477,160,637
380,"Italy",4,"Median","65",2096,508,172,680
380,"Italy",4,"Median","66",2096,560,186,747
380,"Italy",4,"Median","67",2096,615,199,814
380,"Italy",4,"Median","68",2096,667,216,883
380,"Italy",4,"Median","69",2096,719,236,956
380,"Italy",4,"Median","70",2096,790,263,1053
380,"Italy",4,"Median","71",2096,896,302,1197
380,"Italy",4,"Median","72",2096,994,338,1332
380,"Italy",4,"Median","73",2096,1121,385,1506
380,"Italy",4,"Median","74",2096,1264,438,1703
380,"Italy",4,"Median","75",2096,1400,492,1892
380,"Italy",4,"Median","76",2096,1549,557,2106
380,"Italy",4,"Median","77",2096,1788,666,2455
380,"Italy",4,"Median","78",2096,2106,812,2919
380,"Italy",4,"Median","79",2096,2534,1014,3548
380,"Italy",4,"Median","80",2096,3024,1258,4283
380,"Italy",4,"Median","81",2096,3670,1609,5279
380,"Italy",4,"Median","82",2096,4413,2044,6457
380,"Italy",4,"Median","83",2096,5360,2605,7964
380,"Italy",4,"Median","84",2096,6544,3328,9872
380,"Italy",4,"Median","85",2096,7936,4237,12173
380,"Italy",4,"Median","86",2096,9543,5391,14934
380,"Italy",4,"Median","87",2096,11216,6762,17978
380,"Italy",4,"Median","88",2096,13031,8409,21440
380,"Italy",4,"Median","89",2096,14651,10105,24756
380,"Italy",4,"Median","90",2096,15795,11655,27450
380,"Italy",4,"Median","91",2096,16641,13211,29852
380,"Italy",4,"Median","92",2096,16881,14375,31255
380,"Italy",4,"Median","93",2096,16927,15579,32505
380,"Italy",4,"Median","94",2096,16565,16543,33108
380,"Italy",4,"Median","95",2096,16042,17350,33392
380,"Italy",4,"Median","96",2096,15009,17556,32566
380,"Italy",4,"Median","97",2096,13374,16896,30269
380,"Italy",4,"Median","98",2096,11210,15607,26817
380,"Italy",4,"Median","99",2096,8880,13866,22746
380,"Italy",4,"Median","100",2096,2375,3345,5720
380,"Italy",4,"Median","101",2096,2242,3426,5668
380,"Italy",4,"Median","102",2096,2117,3509,5626
380,"Italy",4,"Median","103",2096,1998,3594,5592
380,"Italy",4,"Median","104",2096,1886,3681,5567
380,"Italy",4,"Median","105",2096,1781,3770,5551
380,"Italy",4,"Median","106",2096,1681,3861,5542
380,"Italy",4,"Median","107",2096,1587,3954,5541
380,"Italy",4,"Median","108",2096,1498,4050,5548
380,"Italy",4,"Median","109",2096,1414,4148,5562
380,"Italy",4,"Median","110",2096,1335,4248,5583
380,"Italy",4,"Median","0",2097,59,28,87
380,"Italy",4,"Median","1",2097,6,3,8
380,"Italy",4,"Median","2",2097,2,1,3
380,"Italy",4,"Median","3",2097,2,1,3
380,"Italy",4,"Median","4",2097,2,1,3
380,"Italy",4,"Median","5",2097,2,1,2
380,"Italy",4,"Median","6",2097,2,1,2
380,"Italy",4,"Median","7",2097,2,1,2
380,"Italy",4,"Median","8",2097,2,1,2
380,"Italy",4,"Median","9",2097,2,1,3
380,"Italy",4,"Median","10",2097,2,1,3
380,"Italy",4,"Median","11",2097,2,1,3
380,"Italy",4,"Median","12",2097,2,1,3
380,"Italy",4,"Median","13",2097,3,1,4
380,"Italy",4,"Median","14",2097,4,1,5
380,"Italy",4,"Median","15",2097,5,2,7
380,"Italy",4,"Median","16",2097,7,2,9
380,"Italy",4,"Median","17",2097,9,2,11
380,"Italy",4,"Median","18",2097,11,2,13
380,"Italy",4,"Median","19",2097,12,3,15
380,"Italy",4,"Median","20",2097,14,3,16
380,"Italy",4,"Median","21",2097,15,3,18
380,"Italy",4,"Median","22",2097,15,3,19
380,"Italy",4,"Median","23",2097,16,3,19
380,"Italy",4,"Median","24",2097,16,4,20
380,"Italy",4,"Median","25",2097,17,4,21
380,"Italy",4,"Median","26",2097,17,4,22
380,"Italy",4,"Median","27",2097,17,4,22
380,"Italy",4,"Median","28",2097,17,4,21
380,"Italy",4,"Median","29",2097,17,4,22
380,"Italy",4,"Median","30",2097,18,5,23
380,"Italy",4,"Median","31",2097,19,5,24
380,"Italy",4,"Median","32",2097,21,6,26
380,"Italy",4,"Median","33",2097,22,6,28
380,"Italy",4,"Median","34",2097,22,7,29
380,"Italy",4,"Median","35",2097,24,7,31
380,"Italy",4,"Median","36",2097,25,8,33
380,"Italy",4,"Median","37",2097,27,9,37
380,"Italy",4,"Median","38",2097,29,11,40
380,"Italy",4,"Median","39",2097,33,12,45
380,"Italy",4,"Median","40",2097,37,13,50
380,"Italy",4,"Median","41",2097,41,14,55
380,"Italy",4,"Median","42",2097,45,16,61
380,"Italy",4,"Median","43",2097,50,18,68
380,"Italy",4,"Median","44",2097,57,21,77
380,"Italy",4,"Median","45",2097,65,23,88
380,"Italy",4,"Median","46",2097,73,27,99
380,"Italy",4,"Median","47",2097,81,30,110
380,"Italy",4,"Median","48",2097,89,33,123
380,"Italy",4,"Median","49",2097,100,37,137
380,"Italy",4,"Median","50",2097,113,42,155
380,"Italy",4,"Median","51",2097,128,47,175
380,"Italy",4,"Median","52",2097,144,52,196
380,"Italy",4,"Median","53",2097,160,58,218
380,"Italy",4,"Median","54",2097,177,64,241
380,"Italy",4,"Median","55",2097,198,70,269
380,"Italy",4,"Median","56",2097,223,77,300
380,"Italy",4,"Median","57",2097,246,85,331
380,"Italy",4,"Median","58",2097,270,93,363
380,"Italy",4,"Median","59",2097,297,102,400
380,"Italy",4,"Median","60",2097,327,111,438
380,"Italy",4,"Median","61",2097,358,120,478
380,"Italy",4,"Median","62",2097,385,126,511
380,"Italy",4,"Median","63",2097,426,139,565
380,"Italy",4,"Median","64",2097,465,154,619
380,"Italy",4,"Median","65",2097,495,166,660
380,"Italy",4,"Median","66",2097,545,179,724
380,"Italy",4,"Median","67",2097,596,191,787
380,"Italy",4,"Median","68",2097,647,207,854
380,"Italy",4,"Median","69",2097,697,226,924
380,"Italy",4,"Median","70",2097,764,251,1015
380,"Italy",4,"Median","71",2097,866,288,1154
380,"Italy",4,"Median","72",2097,964,323,1287
380,"Italy",4,"Median","73",2097,1071,363,1434
380,"Italy",4,"Median","74",2097,1199,410,1609
380,"Italy",4,"Median","75",2097,1353,469,1822
380,"Italy",4,"Median","76",2097,1498,530,2027
380,"Italy",4,"Median","77",2097,1692,622,2314
380,"Italy",4,"Median","78",2097,1971,752,2723
380,"Italy",4,"Median","79",2097,2395,944,3340
380,"Italy",4,"Median","80",2097,2898,1189,4087
380,"Italy",4,"Median","81",2097,3519,1528,5048
380,"Italy",4,"Median","82",2097,4246,1945,6191
380,"Italy",4,"Median","83",2097,5133,2466,7599
380,"Italy",4,"Median","84",2097,6270,3156,9426
380,"Italy",4,"Median","85",2097,7654,4050,11705
380,"Italy",4,"Median","86",2097,9228,5160,14389
380,"Italy",4,"Median","87",2097,10965,6529,17494
380,"Italy",4,"Median","88",2097,12849,8225,21074
380,"Italy",4,"Median","89",2097,14556,9989,24545
380,"Italy",4,"Median","90",2097,15832,11608,27440
380,"Italy",4,"Median","91",2097,16768,13185,29953
380,"Italy",4,"Median","92",2097,17136,14471,31607
380,"Italy",4,"Median","93",2097,17376,15941,33317
380,"Italy",4,"Median","94",2097,16817,16810,33627
380,"Italy",4,"Median","95",2097,15959,17395,33354
380,"Italy",4,"Median","96",2097,15020,17763,32784
380,"Italy",4,"Median","97",2097,13440,17235,30674
380,"Italy",4,"Median","98",2097,11368,15808,27176
380,"Italy",4,"Median","99",2097,9100,13954,23054
380,"Italy",4,"Median","100",2097,2401,3324,5725
380,"Italy",4,"Median","101",2097,2268,3409,5677
380,"Italy",4,"Median","102",2097,2142,3496,5638
380,"Italy",4,"Median","103",2097,2023,3585,5608
380,"Italy",4,"Median","104",2097,1911,3677,5588
380,"Italy",4,"Median","105",2097,1805,3771,5576
380,"Italy",4,"Median","106",2097,1705,3867,5572
380,"Italy",4,"Median","107",2097,1611,3966,5577
380,"Italy",4,"Median","108",2097,1521,4067,5588
380,"Italy",4,"Median","109",2097,1437,4171,5608
380,"Italy",4,"Median","110",2097,1357,4277,5634
380,"Italy",4,"Median","0",2098,57,27,84
380,"Italy",4,"Median","1",2098,5,3,8
380,"Italy",4,"Median","2",2098,2,1,3
380,"Italy",4,"Median","3",2098,2,1,3
380,"Italy",4,"Median","4",2098,2,1,3
380,"Italy",4,"Median","5",2098,2,1,2
380,"Italy",4,"Median","6",2098,1,1,2
380,"Italy",4,"Median","7",2098,2,1,2
380,"Italy",4,"Median","8",2098,2,1,2
380,"Italy",4,"Median","9",2098,2,1,3
380,"Italy",4,"Median","10",2098,2,1,3
380,"Italy",4,"Median","11",2098,2,1,3
380,"Italy",4,"Median","12",2098,2,1,3
380,"Italy",4,"Median","13",2098,3,1,4
380,"Italy",4,"Median","14",2098,3,1,5
380,"Italy",4,"Median","15",2098,5,2,6
380,"Italy",4,"Median","16",2098,6,2,8
380,"Italy",4,"Median","17",2098,9,2,11
380,"Italy",4,"Median","18",2098,11,2,13
380,"Italy",4,"Median","19",2098,12,2,15
380,"Italy",4,"Median","20",2098,13,3,16
380,"Italy",4,"Median","21",2098,14,3,18
380,"Italy",4,"Median","22",2098,15,3,18
380,"Italy",4,"Median","23",2098,15,3,18
380,"Italy",4,"Median","24",2098,16,3,19
380,"Italy",4,"Median","25",2098,17,4,21
380,"Italy",4,"Median","26",2098,17,4,21
380,"Italy",4,"Median","27",2098,17,4,21
380,"Italy",4,"Median","28",2098,17,4,21
380,"Italy",4,"Median","29",2098,17,4,21
380,"Italy",4,"Median","30",2098,18,4,22
380,"Italy",4,"Median","31",2098,19,5,24
380,"Italy",4,"Median","32",2098,20,5,25
380,"Italy",4,"Median","33",2098,21,6,27
380,"Italy",4,"Median","34",2098,22,6,28
380,"Italy",4,"Median","35",2098,23,7,30
380,"Italy",4,"Median","36",2098,24,8,32
380,"Italy",4,"Median","37",2098,26,9,35
380,"Italy",4,"Median","38",2098,29,10,39
380,"Italy",4,"Median","39",2098,32,11,43
380,"Italy",4,"Median","40",2098,36,12,48
380,"Italy",4,"Median","41",2098,40,14,53
380,"Italy",4,"Median","42",2098,44,15,59
380,"Italy",4,"Median","43",2098,48,17,65
380,"Italy",4,"Median","44",2098,54,20,74
380,"Italy",4,"Median","45",2098,62,22,84
380,"Italy",4,"Median","46",2098,70,25,95
380,"Italy",4,"Median","47",2098,78,28,106
380,"Italy",4,"Median","48",2098,86,32,118
380,"Italy",4,"Median","49",2098,96,35,132
380,"Italy",4,"Median","50",2098,109,40,148
380,"Italy",4,"Median","51",2098,123,44,168
380,"Italy",4,"Median","52",2098,139,49,188
380,"Italy",4,"Median","53",2098,155,55,210
380,"Italy",4,"Median","54",2098,172,61,233
380,"Italy",4,"Median","55",2098,193,67,260
380,"Italy",4,"Median","56",2098,216,74,291
380,"Italy",4,"Median","57",2098,240,81,321
380,"Italy",4,"Median","58",2098,264,89,353
380,"Italy",4,"Median","59",2098,291,99,389
380,"Italy",4,"Median","60",2098,320,108,428
380,"Italy",4,"Median","61",2098,351,115,467
380,"Italy",4,"Median","62",2098,377,121,499
380,"Italy",4,"Median","63",2098,417,134,551
380,"Italy",4,"Median","64",2098,455,149,604
380,"Italy",4,"Median","65",2098,483,160,643
380,"Italy",4,"Median","66",2098,532,172,704
380,"Italy",4,"Median","67",2098,582,183,765
380,"Italy",4,"Median","68",2098,630,199,828
380,"Italy",4,"Median","69",2098,678,217,895
380,"Italy",4,"Median","70",2098,744,240,984
380,"Italy",4,"Median","71",2098,841,275,1116
380,"Italy",4,"Median","72",2098,935,308,1243
380,"Italy",4,"Median","73",2098,1042,347,1390
380,"Italy",4,"Median","74",2098,1150,386,1536
380,"Italy",4,"Median","75",2098,1288,439,1727
380,"Italy",4,"Median","76",2098,1453,505,1958
380,"Italy",4,"Median","77",2098,1643,592,2235
380,"Italy",4,"Median","78",2098,1873,702,2575
380,"Italy",4,"Median","79",2098,2251,875,3127
380,"Italy",4,"Median","80",2098,2752,1109,3861
380,"Italy",4,"Median","81",2098,3388,1447,4836
380,"Italy",4,"Median","82",2098,4090,1851,5941
380,"Italy",4,"Median","83",2098,4960,2352,7312
380,"Italy",4,"Median","84",2098,6032,2994,9025
380,"Italy",4,"Median","85",2098,7366,3849,11215
380,"Italy",4,"Median","86",2098,8941,4945,13885
380,"Italy",4,"Median","87",2098,10650,6265,16915
380,"Italy",4,"Median","88",2098,12617,7963,20579
380,"Italy",4,"Median","89",2098,14412,9795,24207
380,"Italy",4,"Median","90",2098,15791,11502,27293
380,"Italy",4,"Median","91",2098,16873,13165,30038
380,"Italy",4,"Median","92",2098,17329,14476,31805
380,"Italy",4,"Median","93",2098,17709,16095,33804
380,"Italy",4,"Median","94",2098,17328,17251,34579
380,"Italy",4,"Median","95",2098,16261,17729,33990
380,"Italy",4,"Median","96",2098,14997,17866,32863
380,"Italy",4,"Median","97",2098,13496,17493,30989
380,"Italy",4,"Median","98",2098,11460,16175,27636
380,"Italy",4,"Median","99",2098,9256,14177,23433
380,"Italy",4,"Median","100",2098,2444,3292,5736
380,"Italy",4,"Median","101",2098,2309,3385,5694
380,"Italy",4,"Median","102",2098,2182,3481,5663
380,"Italy",4,"Median","103",2098,2062,3580,5642
380,"Italy",4,"Median","104",2098,1949,3681,5630
380,"Italy",4,"Median","105",2098,1842,3786,5628
380,"Italy",4,"Median","106",2098,1741,3893,5634
380,"Italy",4,"Median","107",2098,1645,4003,5648
380,"Italy",4,"Median","108",2098,1555,4117,5672
380,"Italy",4,"Median","109",2098,1469,4233,5702
380,"Italy",4,"Median","110",2098,1388,4353,5741
380,"Italy",4,"Median","0",2099,56,26,82
380,"Italy",4,"Median","1",2099,5,3,8
380,"Italy",4,"Median","2",2099,2,1,3
380,"Italy",4,"Median","3",2099,2,1,3
380,"Italy",4,"Median","4",2099,2,1,3
380,"Italy",4,"Median","5",2099,2,1,2
380,"Italy",4,"Median","6",2099,1,1,2
380,"Italy",4,"Median","7",2099,1,1,2
380,"Italy",4,"Median","8",2099,2,1,2
380,"Italy",4,"Median","9",2099,2,1,3
380,"Italy",4,"Median","10",2099,2,1,3
380,"Italy",4,"Median","11",2099,2,1,3
380,"Italy",4,"Median","12",2099,2,1,3
380,"Italy",4,"Median","13",2099,3,1,4
380,"Italy",4,"Median","14",2099,3,1,5
380,"Italy",4,"Median","15",2099,5,1,6
380,"Italy",4,"Median","16",2099,6,2,8
380,"Italy",4,"Median","17",2099,8,2,10
380,"Italy",4,"Median","18",2099,10,2,13
380,"Italy",4,"Median","19",2099,12,2,14
380,"Italy",4,"Median","20",2099,13,3,15
380,"Italy",4,"Median","21",2099,14,3,17
380,"Italy",4,"Median","22",2099,15,3,18
380,"Italy",4,"Median","23",2099,15,3,18
380,"Italy",4,"Median","24",2099,15,3,19
380,"Italy",4,"Median","25",2099,16,4,20
380,"Italy",4,"Median","26",2099,17,4,21
380,"Italy",4,"Median","27",2099,17,4,20
380,"Italy",4,"Median","28",2099,16,4,20
380,"Italy",4,"Median","29",2099,16,4,20
380,"Italy",4,"Median","30",2099,17,4,21
380,"Italy",4,"Median","31",2099,19,5,23
380,"Italy",4,"Median","32",2099,20,5,25
380,"Italy",4,"Median","33",2099,21,6,26
380,"Italy",4,"Median","34",2099,21,6,27
380,"Italy",4,"Median","35",2099,22,7,29
380,"Italy",4,"Median","36",2099,24,8,31
380,"Italy",4,"Median","37",2099,26,9,34
380,"Italy",4,"Median","38",2099,28,10,37
380,"Italy",4,"Median","39",2099,31,11,42
380,"Italy",4,"Median","40",2099,35,12,46
380,"Italy",4,"Median","41",2099,38,13,51
380,"Italy",4,"Median","42",2099,42,15,57
380,"Italy",4,"Median","43",2099,46,16,63
380,"Italy",4,"Median","44",2099,53,18,71
380,"Italy",4,"Median","45",2099,60,21,81
380,"Italy",4,"Median","46",2099,67,24,91
380,"Italy",4,"Median","47",2099,75,27,101
380,"Italy",4,"Median","48",2099,83,30,113
380,"Italy",4,"Median","49",2099,93,33,126
380,"Italy",4,"Median","50",2099,105,37,142
380,"Italy",4,"Median","51",2099,119,42,161
380,"Italy",4,"Median","52",2099,134,47,180
380,"Italy",4,"Median","53",2099,150,52,202
380,"Italy",4,"Median","54",2099,166,58,224
380,"Italy",4,"Median","55",2099,187,64,251
380,"Italy",4,"Median","56",2099,210,70,281
380,"Italy",4,"Median","57",2099,233,77,310
380,"Italy",4,"Median","58",2099,257,85,342
380,"Italy",4,"Median","59",2099,284,94,378
380,"Italy",4,"Median","60",2099,313,103,416
380,"Italy",4,"Median","61",2099,344,111,455
380,"Italy",4,"Median","62",2099,370,116,486
380,"Italy",4,"Median","63",2099,409,129,538
380,"Italy",4,"Median","64",2099,445,143,588
380,"Italy",4,"Median","65",2099,473,153,626
380,"Italy",4,"Median","66",2099,520,165,685
380,"Italy",4,"Median","67",2099,568,175,743
380,"Italy",4,"Median","68",2099,614,189,803
380,"Italy",4,"Median","69",2099,660,206,867
380,"Italy",4,"Median","70",2099,724,228,952
380,"Italy",4,"Median","71",2099,819,262,1080
380,"Italy",4,"Median","72",2099,908,293,1201
380,"Italy",4,"Median","73",2099,1011,329,1340
380,"Italy",4,"Median","74",2099,1119,367,1486
380,"Italy",4,"Median","75",2099,1235,410,1646
380,"Italy",4,"Median","76",2099,1384,469,1853
380,"Italy",4,"Median","77",2099,1594,561,2155
380,"Italy",4,"Median","78",2099,1819,664,2484
380,"Italy",4,"Median","79",2099,2141,813,2954
380,"Italy",4,"Median","80",2099,2589,1022,3611
380,"Italy",4,"Median","81",2099,3222,1343,4565
380,"Italy",4,"Median","82",2099,3943,1745,5688
380,"Italy",4,"Median","83",2099,4785,2228,7013
380,"Italy",4,"Median","84",2099,5838,2845,8682
380,"Italy",4,"Median","85",2099,7098,3640,10738
380,"Italy",4,"Median","86",2099,8619,4687,13306
380,"Italy",4,"Median","87",2099,10337,5990,16327
380,"Italy",4,"Median","88",2099,12279,7629,19908
380,"Italy",4,"Median","89",2099,14179,9470,23649
380,"Italy",4,"Median","90",2099,15663,11265,26929
380,"Italy",4,"Median","91",2099,16862,13036,29898
380,"Italy",4,"Median","92",2099,17470,14444,31915
380,"Italy",4,"Median","93",2099,17949,16106,34056
380,"Italy",4,"Median","94",2099,17699,17428,35127
380,"Italy",4,"Median","95",2099,16793,18210,35003
380,"Italy",4,"Median","96",2099,15317,18235,33552
380,"Italy",4,"Median","97",2099,13506,17624,31130
380,"Italy",4,"Median","98",2099,11534,16447,27980
380,"Italy",4,"Median","99",2099,9351,14535,23886
380,"Italy",4,"Median","100",2099,2481,3249,5730
380,"Italy",4,"Median","101",2099,2348,3356,5704
380,"Italy",4,"Median","102",2099,2222,3466,5688
380,"Italy",4,"Median","103",2099,2102,3580,5682
380,"Italy",4,"Median","104",2099,1989,3698,5687
380,"Italy",4,"Median","105",2099,1882,3819,5701
380,"Italy",4,"Median","106",2099,1781,3945,5726
380,"Italy",4,"Median","107",2099,1685,4074,5759
380,"Italy",4,"Median","108",2099,1595,4208,5803
380,"Italy",4,"Median","109",2099,1509,4346,5855
380,"Italy",4,"Median","110",2099,1428,4489,5917
380,"Italy",4,"Median","0",2100,55,25,80
380,"Italy",4,"Median","1",2100,5,2,8
380,"Italy",4,"Median","2",2100,2,1,3
380,"Italy",4,"Median","3",2100,2,1,3
380,"Italy",4,"Median","4",2100,2,1,3
380,"Italy",4,"Median","5",2100,1,1,2
380,"Italy",4,"Median","6",2100,1,1,2
380,"Italy",4,"Median","7",2100,1,1,2
380,"Italy",4,"Median","8",2100,2,1,2
380,"Italy",4,"Median","9",2100,2,1,2
380,"Italy",4,"Median","10",2100,2,1,3
380,"Italy",4,"Median","11",2100,2,1,3
380,"Italy",4,"Median","12",2100,2,1,3
380,"Italy",4,"Median","13",2100,2,1,3
380,"Italy",4,"Median","14",2100,3,1,4
380,"Italy",4,"Median","15",2100,4,1,6
380,"Italy",4,"Median","16",2100,6,2,8
380,"Italy",4,"Median","17",2100,8,2,10
380,"Italy",4,"Median","18",2100,10,2,12
380,"Italy",4,"Median","19",2100,11,2,14
380,"Italy",4,"Median","20",2100,12,3,15
380,"Italy",4,"Median","21",2100,14,3,17
380,"Italy",4,"Median","22",2100,14,3,17
380,"Italy",4,"Median","23",2100,14,3,17
380,"Italy",4,"Median","24",2100,15,3,18
380,"Italy",4,"Median","25",2100,16,4,19
380,"Italy",4,"Median","26",2100,16,4,20
380,"Italy",4,"Median","27",2100,16,4,20
380,"Italy",4,"Median","28",2100,16,4,20
380,"Italy",4,"Median","29",2100,16,4,20
380,"Italy",4,"Median","30",2100,17,4,21
380,"Italy",4,"Median","31",2100,18,4,23
380,"Italy",4,"Median","32",2100,19,5,24
380,"Italy",4,"Median","33",2100,20,5,25
380,"Italy",4,"Median","34",2100,21,6,27
380,"Italy",4,"Median","35",2100,22,6,28
380,"Italy",4,"Median","36",2100,23,7,31
380,"Italy",4,"Median","37",2100,25,8,33
380,"Italy",4,"Median","38",2100,27,9,36
380,"Italy",4,"Median","39",2100,30,10,41
380,"Italy",4,"Median","40",2100,34,11,45
380,"Italy",4,"Median","41",2100,37,12,50
380,"Italy",4,"Median","42",2100,41,14,55
380,"Italy",4,"Median","43",2100,45,16,61
380,"Italy",4,"Median","44",2100,51,18,68
380,"Italy",4,"Median","45",2100,58,20,78
380,"Italy",4,"Median","46",2100,65,23,87
380,"Italy",4,"Median","47",2100,72,25,97
380,"Italy",4,"Median","48",2100,80,28,108
380,"Italy",4,"Median","49",2100,89,32,121
380,"Italy",4,"Median","50",2100,101,36,136
380,"Italy",4,"Median","51",2100,114,40,155
380,"Italy",4,"Median","52",2100,129,45,174
380,"Italy",4,"Median","53",2100,144,50,194
380,"Italy",4,"Median","54",2100,160,55,216
380,"Italy",4,"Median","55",2100,181,61,242
380,"Italy",4,"Median","56",2100,204,68,272
380,"Italy",4,"Median","57",2100,227,75,301
380,"Italy",4,"Median","58",2100,250,82,332
380,"Italy",4,"Median","59",2100,276,91,367
380,"Italy",4,"Median","60",2100,305,100,405
380,"Italy",4,"Median","61",2100,336,107,444
380,"Italy",4,"Median","62",2100,362,113,475
380,"Italy",4,"Median","63",2100,401,125,526
380,"Italy",4,"Median","64",2100,437,139,576
380,"Italy",4,"Median","65",2100,463,148,612
380,"Italy",4,"Median","66",2100,509,160,669
380,"Italy",4,"Median","67",2100,555,170,725
380,"Italy",4,"Median","68",2100,600,183,783
380,"Italy",4,"Median","69",2100,644,199,843
380,"Italy",4,"Median","70",2100,704,221,925
380,"Italy",4,"Median","71",2100,797,253,1049
380,"Italy",4,"Median","72",2100,884,283,1167
380,"Italy",4,"Median","73",2100,983,317,1299
380,"Italy",4,"Median","74",2100,1086,353,1439
380,"Italy",4,"Median","75",2100,1202,396,1598
380,"Italy",4,"Median","76",2100,1327,445,1772
380,"Italy",4,"Median","77",2100,1519,529,2048
380,"Italy",4,"Median","78",2100,1767,639,2406
380,"Italy",4,"Median","79",2100,2082,781,2863
380,"Italy",4,"Median","80",2100,2464,964,3428
380,"Italy",4,"Median","81",2100,3035,1257,4292
380,"Italy",4,"Median","82",2100,3754,1643,5397
380,"Italy",4,"Median","83",2100,4619,2130,6750
380,"Italy",4,"Median","84",2100,5640,2733,8373
380,"Italy",4,"Median","85",2100,6881,3505,10386
380,"Italy",4,"Median","86",2100,8320,4489,12809
380,"Italy",4,"Median","87",2100,9983,5747,15730
380,"Italy",4,"Median","88",2100,11941,7380,19321
380,"Italy",4,"Median","89",2100,13826,9171,22997
380,"Italy",4,"Median","90",2100,15438,11001,26440
380,"Italy",4,"Median","91",2100,16760,12891,29650
380,"Italy",4,"Median","92",2100,17492,14430,31922
380,"Italy",4,"Median","93",2100,18137,16216,34353
380,"Italy",4,"Median","94",2100,17980,17584,35564
380,"Italy",4,"Median","95",2100,17192,18540,35731
380,"Italy",4,"Median","96",2100,15855,18870,34725
380,"Italy",4,"Median","97",2100,13826,18111,31937
380,"Italy",4,"Median","98",2100,11568,16673,28241
380,"Italy",4,"Median","99",2100,9431,14863,24295
380,"Italy",4,"Median","100",2100,2498,3225,5723
380,"Italy",4,"Median","101",2100,2371,3347,5718
380,"Italy",4,"Median","102",2100,2250,3474,5724
380,"Italy",4,"Median","103",2100,2135,3606,5741
380,"Italy",4,"Median","104",2100,2026,3743,5769
380,"Italy",4,"Median","105",2100,1922,3885,5807
380,"Italy",4,"Median","106",2100,1824,4033,5857
380,"Italy",4,"Median","107",2100,1731,4186,5917
380,"Italy",4,"Median","108",2100,1642,4345,5987
380,"Italy",4,"Median","109",2100,1558,4510,6068
380,"Italy",4,"Median","110",2100,1479,4682,6161
