"LocID","Location","VarID","Variant","Age","Time","DeathMale","DeathFemale","DeathTotal"
470,"Malta",4,"Median","0",1950,363,295,658
470,"Malta",4,"Median","1",1950,19,18,36
470,"Malta",4,"Median","2",1950,14,12,26
470,"Malta",4,"Median","3",1950,10,8,18
470,"Malta",4,"Median","4",1950,7,6,13
470,"Malta",4,"Median","5",1950,5,4,9
470,"Malta",4,"Median","6",1950,4,3,7
470,"Malta",4,"Median","7",1950,3,2,5
470,"Malta",4,"Median","8",1950,2,2,4
470,"Malta",4,"Median","9",1950,2,1,3
470,"Malta",4,"Median","10",1950,2,1,3
470,"Malta",4,"Median","11",1950,2,1,3
470,"Malta",4,"Median","12",1950,2,1,3
470,"Malta",4,"Median","13",1950,2,1,3
470,"Malta",4,"Median","14",1950,2,1,3
470,"Malta",4,"Median","15",1950,2,1,3
470,"Malta",4,"Median","16",1950,2,1,3
470,"Malta",4,"Median","17",1950,2,1,3
470,"Malta",4,"Median","18",1950,2,1,3
470,"Malta",4,"Median","19",1950,2,1,4
470,"Malta",4,"Median","20",1950,2,2,4
470,"Malta",4,"Median","21",1950,2,2,4
470,"Malta",4,"Median","22",1950,2,2,4
470,"Malta",4,"Median","23",1950,2,2,4
470,"Malta",4,"Median","24",1950,2,2,5
470,"Malta",4,"Median","25",1950,3,2,5
470,"Malta",4,"Median","26",1950,3,2,5
470,"Malta",4,"Median","27",1950,3,2,5
470,"Malta",4,"Median","28",1950,3,2,5
470,"Malta",4,"Median","29",1950,3,3,6
470,"Malta",4,"Median","30",1950,3,3,6
470,"Malta",4,"Median","31",1950,3,3,6
470,"Malta",4,"Median","32",1950,3,4,6
470,"Malta",4,"Median","33",1950,3,4,7
470,"Malta",4,"Median","34",1950,3,4,7
470,"Malta",4,"Median","35",1950,3,4,8
470,"Malta",4,"Median","36",1950,3,5,8
470,"Malta",4,"Median","37",1950,3,5,8
470,"Malta",4,"Median","38",1950,4,5,8
470,"Malta",4,"Median","39",1950,4,5,9
470,"Malta",4,"Median","40",1950,4,5,9
470,"Malta",4,"Median","41",1950,5,5,10
470,"Malta",4,"Median","42",1950,5,6,11
470,"Malta",4,"Median","43",1950,6,6,12
470,"Malta",4,"Median","44",1950,7,7,14
470,"Malta",4,"Median","45",1950,8,7,15
470,"Malta",4,"Median","46",1950,9,8,17
470,"Malta",4,"Median","47",1950,10,9,19
470,"Malta",4,"Median","48",1950,11,9,20
470,"Malta",4,"Median","49",1950,12,10,21
470,"Malta",4,"Median","50",1950,12,10,23
470,"Malta",4,"Median","51",1950,13,11,24
470,"Malta",4,"Median","52",1950,14,11,25
470,"Malta",4,"Median","53",1950,15,12,27
470,"Malta",4,"Median","54",1950,17,13,30
470,"Malta",4,"Median","55",1950,19,15,34
470,"Malta",4,"Median","56",1950,21,17,38
470,"Malta",4,"Median","57",1950,23,20,43
470,"Malta",4,"Median","58",1950,26,22,48
470,"Malta",4,"Median","59",1950,28,25,53
470,"Malta",4,"Median","60",1950,30,26,56
470,"Malta",4,"Median","61",1950,31,27,57
470,"Malta",4,"Median","62",1950,31,27,58
470,"Malta",4,"Median","63",1950,32,27,58
470,"Malta",4,"Median","64",1950,32,27,59
470,"Malta",4,"Median","65",1950,33,27,60
470,"Malta",4,"Median","66",1950,35,27,62
470,"Malta",4,"Median","67",1950,37,28,65
470,"Malta",4,"Median","68",1950,39,30,69
470,"Malta",4,"Median","69",1950,41,32,73
470,"Malta",4,"Median","70",1950,42,34,76
470,"Malta",4,"Median","71",1950,44,36,79
470,"Malta",4,"Median","72",1950,45,38,82
470,"Malta",4,"Median","73",1950,46,40,85
470,"Malta",4,"Median","74",1950,48,43,91
470,"Malta",4,"Median","75",1950,52,47,98
470,"Malta",4,"Median","76",1950,56,50,106
470,"Malta",4,"Median","77",1950,61,53,114
470,"Malta",4,"Median","78",1950,63,57,120
470,"Malta",4,"Median","79",1950,62,60,122
470,"Malta",4,"Median","80",1950,59,59,117
470,"Malta",4,"Median","81",1950,54,56,110
470,"Malta",4,"Median","82",1950,49,52,101
470,"Malta",4,"Median","83",1950,43,47,90
470,"Malta",4,"Median","84",1950,37,41,78
470,"Malta",4,"Median","85",1950,30,35,65
470,"Malta",4,"Median","86",1950,24,29,53
470,"Malta",4,"Median","87",1950,19,23,42
470,"Malta",4,"Median","88",1950,14,18,32
470,"Malta",4,"Median","89",1950,11,14,24
470,"Malta",4,"Median","90",1950,7,10,17
470,"Malta",4,"Median","91",1950,5,7,12
470,"Malta",4,"Median","92",1950,3,5,8
470,"Malta",4,"Median","93",1950,2,3,5
470,"Malta",4,"Median","94",1950,1,2,3
470,"Malta",4,"Median","95",1950,1,1,1
470,"Malta",4,"Median","96",1950,0,0,1
470,"Malta",4,"Median","97",1950,0,0,0
470,"Malta",4,"Median","98",1950,0,0,0
470,"Malta",4,"Median","99",1950,0,0,0
470,"Malta",4,"Median","0",1951,348,282,630
470,"Malta",4,"Median","1",1951,17,16,33
470,"Malta",4,"Median","2",1951,13,11,24
470,"Malta",4,"Median","3",1951,9,8,17
470,"Malta",4,"Median","4",1951,7,5,12
470,"Malta",4,"Median","5",1951,5,4,9
470,"Malta",4,"Median","6",1951,4,3,7
470,"Malta",4,"Median","7",1951,3,2,5
470,"Malta",4,"Median","8",1951,2,2,4
470,"Malta",4,"Median","9",1951,2,1,3
470,"Malta",4,"Median","10",1951,2,1,3
470,"Malta",4,"Median","11",1951,2,1,3
470,"Malta",4,"Median","12",1951,2,1,3
470,"Malta",4,"Median","13",1951,2,1,3
470,"Malta",4,"Median","14",1951,2,1,3
470,"Malta",4,"Median","15",1951,2,1,3
470,"Malta",4,"Median","16",1951,2,1,3
470,"Malta",4,"Median","17",1951,2,1,3
470,"Malta",4,"Median","18",1951,2,1,3
470,"Malta",4,"Median","19",1951,2,1,4
470,"Malta",4,"Median","20",1951,2,2,4
470,"Malta",4,"Median","21",1951,2,2,4
470,"Malta",4,"Median","22",1951,2,2,4
470,"Malta",4,"Median","23",1951,2,2,4
470,"Malta",4,"Median","24",1951,2,2,5
470,"Malta",4,"Median","25",1951,2,2,5
470,"Malta",4,"Median","26",1951,3,2,5
470,"Malta",4,"Median","27",1951,3,2,5
470,"Malta",4,"Median","28",1951,3,2,5
470,"Malta",4,"Median","29",1951,3,3,6
470,"Malta",4,"Median","30",1951,3,3,6
470,"Malta",4,"Median","31",1951,3,3,6
470,"Malta",4,"Median","32",1951,3,4,7
470,"Malta",4,"Median","33",1951,3,4,7
470,"Malta",4,"Median","34",1951,3,4,7
470,"Malta",4,"Median","35",1951,3,4,7
470,"Malta",4,"Median","36",1951,3,5,8
470,"Malta",4,"Median","37",1951,3,5,8
470,"Malta",4,"Median","38",1951,3,5,8
470,"Malta",4,"Median","39",1951,4,5,9
470,"Malta",4,"Median","40",1951,4,5,9
470,"Malta",4,"Median","41",1951,5,5,10
470,"Malta",4,"Median","42",1951,5,6,11
470,"Malta",4,"Median","43",1951,6,6,12
470,"Malta",4,"Median","44",1951,7,7,14
470,"Malta",4,"Median","45",1951,8,8,16
470,"Malta",4,"Median","46",1951,9,8,17
470,"Malta",4,"Median","47",1951,10,9,19
470,"Malta",4,"Median","48",1951,11,9,20
470,"Malta",4,"Median","49",1951,12,10,21
470,"Malta",4,"Median","50",1951,12,10,23
470,"Malta",4,"Median","51",1951,13,10,24
470,"Malta",4,"Median","52",1951,14,11,25
470,"Malta",4,"Median","53",1951,15,12,27
470,"Malta",4,"Median","54",1951,17,13,30
470,"Malta",4,"Median","55",1951,18,15,33
470,"Malta",4,"Median","56",1951,21,17,38
470,"Malta",4,"Median","57",1951,23,20,43
470,"Malta",4,"Median","58",1951,26,22,48
470,"Malta",4,"Median","59",1951,28,25,53
470,"Malta",4,"Median","60",1951,30,27,57
470,"Malta",4,"Median","61",1951,31,28,59
470,"Malta",4,"Median","62",1951,32,28,60
470,"Malta",4,"Median","63",1951,32,27,59
470,"Malta",4,"Median","64",1951,32,27,59
470,"Malta",4,"Median","65",1951,33,27,60
470,"Malta",4,"Median","66",1951,34,28,62
470,"Malta",4,"Median","67",1951,36,29,65
470,"Malta",4,"Median","68",1951,39,30,69
470,"Malta",4,"Median","69",1951,41,32,73
470,"Malta",4,"Median","70",1951,43,34,77
470,"Malta",4,"Median","71",1951,43,36,79
470,"Malta",4,"Median","72",1951,44,38,82
470,"Malta",4,"Median","73",1951,45,39,84
470,"Malta",4,"Median","74",1951,46,41,87
470,"Malta",4,"Median","75",1951,47,44,91
470,"Malta",4,"Median","76",1951,51,47,98
470,"Malta",4,"Median","77",1951,55,50,104
470,"Malta",4,"Median","78",1951,58,52,110
470,"Malta",4,"Median","79",1951,59,55,115
470,"Malta",4,"Median","80",1951,57,57,114
470,"Malta",4,"Median","81",1951,53,54,107
470,"Malta",4,"Median","82",1951,47,50,98
470,"Malta",4,"Median","83",1951,41,45,87
470,"Malta",4,"Median","84",1951,35,40,75
470,"Malta",4,"Median","85",1951,29,34,63
470,"Malta",4,"Median","86",1951,23,28,51
470,"Malta",4,"Median","87",1951,17,22,39
470,"Malta",4,"Median","88",1951,13,17,29
470,"Malta",4,"Median","89",1951,9,12,22
470,"Malta",4,"Median","90",1951,6,9,15
470,"Malta",4,"Median","91",1951,4,6,10
470,"Malta",4,"Median","92",1951,3,4,7
470,"Malta",4,"Median","93",1951,2,2,4
470,"Malta",4,"Median","94",1951,1,1,2
470,"Malta",4,"Median","95",1951,1,1,1
470,"Malta",4,"Median","96",1951,0,0,1
470,"Malta",4,"Median","97",1951,0,0,0
470,"Malta",4,"Median","98",1951,0,0,0
470,"Malta",4,"Median","99",1951,0,0,0
470,"Malta",4,"Median","0",1952,342,296,639
470,"Malta",4,"Median","1",1952,15,17,32
470,"Malta",4,"Median","2",1952,11,11,22
470,"Malta",4,"Median","3",1952,8,8,17
470,"Malta",4,"Median","4",1952,6,6,12
470,"Malta",4,"Median","5",1952,5,4,9
470,"Malta",4,"Median","6",1952,4,3,7
470,"Malta",4,"Median","7",1952,3,2,5
470,"Malta",4,"Median","8",1952,3,2,4
470,"Malta",4,"Median","9",1952,2,1,4
470,"Malta",4,"Median","10",1952,2,1,3
470,"Malta",4,"Median","11",1952,2,1,3
470,"Malta",4,"Median","12",1952,2,1,3
470,"Malta",4,"Median","13",1952,2,1,3
470,"Malta",4,"Median","14",1952,2,1,3
470,"Malta",4,"Median","15",1952,2,1,3
470,"Malta",4,"Median","16",1952,2,1,4
470,"Malta",4,"Median","17",1952,3,1,4
470,"Malta",4,"Median","18",1952,3,1,4
470,"Malta",4,"Median","19",1952,2,1,4
470,"Malta",4,"Median","20",1952,2,2,4
470,"Malta",4,"Median","21",1952,2,2,4
470,"Malta",4,"Median","22",1952,2,2,4
470,"Malta",4,"Median","23",1952,2,2,4
470,"Malta",4,"Median","24",1952,2,2,4
470,"Malta",4,"Median","25",1952,2,2,5
470,"Malta",4,"Median","26",1952,3,2,5
470,"Malta",4,"Median","27",1952,3,3,5
470,"Malta",4,"Median","28",1952,3,3,6
470,"Malta",4,"Median","29",1952,3,3,6
470,"Malta",4,"Median","30",1952,3,3,6
470,"Malta",4,"Median","31",1952,3,4,7
470,"Malta",4,"Median","32",1952,3,4,7
470,"Malta",4,"Median","33",1952,3,4,7
470,"Malta",4,"Median","34",1952,3,4,7
470,"Malta",4,"Median","35",1952,3,4,7
470,"Malta",4,"Median","36",1952,3,4,7
470,"Malta",4,"Median","37",1952,3,4,7
470,"Malta",4,"Median","38",1952,3,4,8
470,"Malta",4,"Median","39",1952,4,4,8
470,"Malta",4,"Median","40",1952,4,4,9
470,"Malta",4,"Median","41",1952,5,5,10
470,"Malta",4,"Median","42",1952,6,5,11
470,"Malta",4,"Median","43",1952,7,6,12
470,"Malta",4,"Median","44",1952,8,6,14
470,"Malta",4,"Median","45",1952,9,7,16
470,"Malta",4,"Median","46",1952,9,8,18
470,"Malta",4,"Median","47",1952,10,9,19
470,"Malta",4,"Median","48",1952,11,9,20
470,"Malta",4,"Median","49",1952,12,10,21
470,"Malta",4,"Median","50",1952,13,10,23
470,"Malta",4,"Median","51",1952,14,11,24
470,"Malta",4,"Median","52",1952,15,11,26
470,"Malta",4,"Median","53",1952,16,12,27
470,"Malta",4,"Median","54",1952,17,12,30
470,"Malta",4,"Median","55",1952,19,14,32
470,"Malta",4,"Median","56",1952,20,16,36
470,"Malta",4,"Median","57",1952,23,18,41
470,"Malta",4,"Median","58",1952,25,21,46
470,"Malta",4,"Median","59",1952,28,24,52
470,"Malta",4,"Median","60",1952,31,26,57
470,"Malta",4,"Median","61",1952,33,28,61
470,"Malta",4,"Median","62",1952,34,29,63
470,"Malta",4,"Median","63",1952,34,29,63
470,"Malta",4,"Median","64",1952,33,29,62
470,"Malta",4,"Median","65",1952,33,28,61
470,"Malta",4,"Median","66",1952,33,29,62
470,"Malta",4,"Median","67",1952,34,30,64
470,"Malta",4,"Median","68",1952,36,31,67
470,"Malta",4,"Median","69",1952,39,33,71
470,"Malta",4,"Median","70",1952,41,35,76
470,"Malta",4,"Median","71",1952,42,36,78
470,"Malta",4,"Median","72",1952,43,38,80
470,"Malta",4,"Median","73",1952,43,39,83
470,"Malta",4,"Median","74",1952,44,41,85
470,"Malta",4,"Median","75",1952,45,42,87
470,"Malta",4,"Median","76",1952,46,45,91
470,"Malta",4,"Median","77",1952,49,48,97
470,"Malta",4,"Median","78",1952,52,50,102
470,"Malta",4,"Median","79",1952,55,51,106
470,"Malta",4,"Median","80",1952,56,54,109
470,"Malta",4,"Median","81",1952,53,54,107
470,"Malta",4,"Median","82",1952,48,51,99
470,"Malta",4,"Median","83",1952,42,46,88
470,"Malta",4,"Median","84",1952,36,41,76
470,"Malta",4,"Median","85",1952,29,35,64
470,"Malta",4,"Median","86",1952,23,29,52
470,"Malta",4,"Median","87",1952,18,23,41
470,"Malta",4,"Median","88",1952,13,17,30
470,"Malta",4,"Median","89",1952,9,13,22
470,"Malta",4,"Median","90",1952,7,9,16
470,"Malta",4,"Median","91",1952,4,6,10
470,"Malta",4,"Median","92",1952,2,4,7
470,"Malta",4,"Median","93",1952,2,2,4
470,"Malta",4,"Median","94",1952,1,1,2
470,"Malta",4,"Median","95",1952,0,0,1
470,"Malta",4,"Median","96",1952,0,0,1
470,"Malta",4,"Median","97",1952,0,0,0
470,"Malta",4,"Median","98",1952,0,0,0
470,"Malta",4,"Median","99",1952,0,0,0
470,"Malta",4,"Median","0",1953,337,275,613
470,"Malta",4,"Median","1",1953,15,14,29
470,"Malta",4,"Median","2",1953,11,9,20
470,"Malta",4,"Median","3",1953,8,7,15
470,"Malta",4,"Median","4",1953,6,5,11
470,"Malta",4,"Median","5",1953,5,4,8
470,"Malta",4,"Median","6",1953,4,3,7
470,"Malta",4,"Median","7",1953,3,2,5
470,"Malta",4,"Median","8",1953,3,2,4
470,"Malta",4,"Median","9",1953,2,2,4
470,"Malta",4,"Median","10",1953,2,1,3
470,"Malta",4,"Median","11",1953,2,1,3
470,"Malta",4,"Median","12",1953,2,1,3
470,"Malta",4,"Median","13",1953,2,1,3
470,"Malta",4,"Median","14",1953,2,1,3
470,"Malta",4,"Median","15",1953,2,1,3
470,"Malta",4,"Median","16",1953,2,1,3
470,"Malta",4,"Median","17",1953,2,1,4
470,"Malta",4,"Median","18",1953,2,1,4
470,"Malta",4,"Median","19",1953,2,1,4
470,"Malta",4,"Median","20",1953,2,2,4
470,"Malta",4,"Median","21",1953,2,2,4
470,"Malta",4,"Median","22",1953,2,2,4
470,"Malta",4,"Median","23",1953,2,2,4
470,"Malta",4,"Median","24",1953,2,2,4
470,"Malta",4,"Median","25",1953,2,2,4
470,"Malta",4,"Median","26",1953,3,2,5
470,"Malta",4,"Median","27",1953,3,2,5
470,"Malta",4,"Median","28",1953,3,2,5
470,"Malta",4,"Median","29",1953,3,3,6
470,"Malta",4,"Median","30",1953,3,3,6
470,"Malta",4,"Median","31",1953,3,3,7
470,"Malta",4,"Median","32",1953,3,4,7
470,"Malta",4,"Median","33",1953,3,4,7
470,"Malta",4,"Median","34",1953,3,4,7
470,"Malta",4,"Median","35",1953,3,4,7
470,"Malta",4,"Median","36",1953,3,5,8
470,"Malta",4,"Median","37",1953,3,5,8
470,"Malta",4,"Median","38",1953,3,5,8
470,"Malta",4,"Median","39",1953,4,5,8
470,"Malta",4,"Median","40",1953,4,5,9
470,"Malta",4,"Median","41",1953,5,5,10
470,"Malta",4,"Median","42",1953,5,5,11
470,"Malta",4,"Median","43",1953,6,6,12
470,"Malta",4,"Median","44",1953,7,7,14
470,"Malta",4,"Median","45",1953,8,7,16
470,"Malta",4,"Median","46",1953,9,8,18
470,"Malta",4,"Median","47",1953,10,9,19
470,"Malta",4,"Median","48",1953,11,10,21
470,"Malta",4,"Median","49",1953,12,10,22
470,"Malta",4,"Median","50",1953,13,10,23
470,"Malta",4,"Median","51",1953,13,11,24
470,"Malta",4,"Median","52",1953,14,11,25
470,"Malta",4,"Median","53",1953,15,12,27
470,"Malta",4,"Median","54",1953,17,13,29
470,"Malta",4,"Median","55",1953,18,14,32
470,"Malta",4,"Median","56",1953,20,16,36
470,"Malta",4,"Median","57",1953,22,19,41
470,"Malta",4,"Median","58",1953,25,22,47
470,"Malta",4,"Median","59",1953,28,25,53
470,"Malta",4,"Median","60",1953,31,29,60
470,"Malta",4,"Median","61",1953,33,32,65
470,"Malta",4,"Median","62",1953,35,33,67
470,"Malta",4,"Median","63",1953,35,32,67
470,"Malta",4,"Median","64",1953,34,31,65
470,"Malta",4,"Median","65",1953,34,29,63
470,"Malta",4,"Median","66",1953,34,28,62
470,"Malta",4,"Median","67",1953,35,29,64
470,"Malta",4,"Median","68",1953,38,30,68
470,"Malta",4,"Median","69",1953,40,33,73
470,"Malta",4,"Median","70",1953,43,35,78
470,"Malta",4,"Median","71",1953,45,37,81
470,"Malta",4,"Median","72",1953,45,38,84
470,"Malta",4,"Median","73",1953,45,40,86
470,"Malta",4,"Median","74",1953,46,42,87
470,"Malta",4,"Median","75",1953,46,43,89
470,"Malta",4,"Median","76",1953,46,44,91
470,"Malta",4,"Median","77",1953,47,47,94
470,"Malta",4,"Median","78",1953,49,49,99
470,"Malta",4,"Median","79",1953,52,50,102
470,"Malta",4,"Median","80",1953,53,51,104
470,"Malta",4,"Median","81",1953,53,52,105
470,"Malta",4,"Median","82",1953,49,51,101
470,"Malta",4,"Median","83",1953,44,48,91
470,"Malta",4,"Median","84",1953,37,42,79
470,"Malta",4,"Median","85",1953,31,36,67
470,"Malta",4,"Median","86",1953,25,31,55
470,"Malta",4,"Median","87",1953,19,24,43
470,"Malta",4,"Median","88",1953,14,19,33
470,"Malta",4,"Median","89",1953,10,14,24
470,"Malta",4,"Median","90",1953,7,10,16
470,"Malta",4,"Median","91",1953,4,7,11
470,"Malta",4,"Median","92",1953,3,4,7
470,"Malta",4,"Median","93",1953,1,3,4
470,"Malta",4,"Median","94",1953,1,1,2
470,"Malta",4,"Median","95",1953,0,1,1
470,"Malta",4,"Median","96",1953,0,0,0
470,"Malta",4,"Median","97",1953,0,0,0
470,"Malta",4,"Median","98",1953,0,0,0
470,"Malta",4,"Median","99",1953,0,0,0
470,"Malta",4,"Median","0",1954,317,260,577
470,"Malta",4,"Median","1",1954,15,13,28
470,"Malta",4,"Median","2",1954,11,10,20
470,"Malta",4,"Median","3",1954,8,7,15
470,"Malta",4,"Median","4",1954,6,5,11
470,"Malta",4,"Median","5",1954,5,4,9
470,"Malta",4,"Median","6",1954,4,3,7
470,"Malta",4,"Median","7",1954,3,2,5
470,"Malta",4,"Median","8",1954,3,2,4
470,"Malta",4,"Median","9",1954,2,1,4
470,"Malta",4,"Median","10",1954,2,1,3
470,"Malta",4,"Median","11",1954,2,1,3
470,"Malta",4,"Median","12",1954,2,1,3
470,"Malta",4,"Median","13",1954,2,1,3
470,"Malta",4,"Median","14",1954,2,1,3
470,"Malta",4,"Median","15",1954,3,1,4
470,"Malta",4,"Median","16",1954,3,1,5
470,"Malta",4,"Median","17",1954,3,2,5
470,"Malta",4,"Median","18",1954,3,2,5
470,"Malta",4,"Median","19",1954,3,2,5
470,"Malta",4,"Median","20",1954,3,2,4
470,"Malta",4,"Median","21",1954,2,2,4
470,"Malta",4,"Median","22",1954,2,2,4
470,"Malta",4,"Median","23",1954,2,2,4
470,"Malta",4,"Median","24",1954,2,2,4
470,"Malta",4,"Median","25",1954,2,2,4
470,"Malta",4,"Median","26",1954,3,2,5
470,"Malta",4,"Median","27",1954,3,3,6
470,"Malta",4,"Median","28",1954,3,3,6
470,"Malta",4,"Median","29",1954,3,3,7
470,"Malta",4,"Median","30",1954,3,3,7
470,"Malta",4,"Median","31",1954,3,4,7
470,"Malta",4,"Median","32",1954,3,4,7
470,"Malta",4,"Median","33",1954,3,4,7
470,"Malta",4,"Median","34",1954,3,4,6
470,"Malta",4,"Median","35",1954,3,3,6
470,"Malta",4,"Median","36",1954,3,3,6
470,"Malta",4,"Median","37",1954,3,3,6
470,"Malta",4,"Median","38",1954,3,4,7
470,"Malta",4,"Median","39",1954,4,4,7
470,"Malta",4,"Median","40",1954,4,4,9
470,"Malta",4,"Median","41",1954,5,5,10
470,"Malta",4,"Median","42",1954,6,5,12
470,"Malta",4,"Median","43",1954,7,6,13
470,"Malta",4,"Median","44",1954,8,7,15
470,"Malta",4,"Median","45",1954,9,8,16
470,"Malta",4,"Median","46",1954,9,9,18
470,"Malta",4,"Median","47",1954,10,9,19
470,"Malta",4,"Median","48",1954,11,10,21
470,"Malta",4,"Median","49",1954,12,11,22
470,"Malta",4,"Median","50",1954,13,11,24
470,"Malta",4,"Median","51",1954,15,11,26
470,"Malta",4,"Median","52",1954,16,11,27
470,"Malta",4,"Median","53",1954,17,11,29
470,"Malta",4,"Median","54",1954,18,11,30
470,"Malta",4,"Median","55",1954,19,12,30
470,"Malta",4,"Median","56",1954,20,12,32
470,"Malta",4,"Median","57",1954,21,14,35
470,"Malta",4,"Median","58",1954,23,16,39
470,"Malta",4,"Median","59",1954,26,19,45
470,"Malta",4,"Median","60",1954,30,23,53
470,"Malta",4,"Median","61",1954,34,28,61
470,"Malta",4,"Median","62",1954,36,31,68
470,"Malta",4,"Median","63",1954,37,33,70
470,"Malta",4,"Median","64",1954,36,33,69
470,"Malta",4,"Median","65",1954,35,31,66
470,"Malta",4,"Median","66",1954,33,30,63
470,"Malta",4,"Median","67",1954,32,29,61
470,"Malta",4,"Median","68",1954,33,29,62
470,"Malta",4,"Median","69",1954,34,30,64
470,"Malta",4,"Median","70",1954,36,32,68
470,"Malta",4,"Median","71",1954,37,33,70
470,"Malta",4,"Median","72",1954,39,35,73
470,"Malta",4,"Median","73",1954,39,37,76
470,"Malta",4,"Median","74",1954,40,39,78
470,"Malta",4,"Median","75",1954,41,40,81
470,"Malta",4,"Median","76",1954,41,41,83
470,"Malta",4,"Median","77",1954,41,43,84
470,"Malta",4,"Median","78",1954,42,45,87
470,"Malta",4,"Median","79",1954,44,46,90
470,"Malta",4,"Median","80",1954,46,47,92
470,"Malta",4,"Median","81",1954,46,47,93
470,"Malta",4,"Median","82",1954,45,47,92
470,"Malta",4,"Median","83",1954,41,45,87
470,"Malta",4,"Median","84",1954,36,41,77
470,"Malta",4,"Median","85",1954,30,36,65
470,"Malta",4,"Median","86",1954,24,30,54
470,"Malta",4,"Median","87",1954,19,25,43
470,"Malta",4,"Median","88",1954,14,19,33
470,"Malta",4,"Median","89",1954,10,14,24
470,"Malta",4,"Median","90",1954,7,10,17
470,"Malta",4,"Median","91",1954,4,7,12
470,"Malta",4,"Median","92",1954,3,5,7
470,"Malta",4,"Median","93",1954,1,3,4
470,"Malta",4,"Median","94",1954,1,2,3
470,"Malta",4,"Median","95",1954,0,1,2
470,"Malta",4,"Median","96",1954,0,0,1
470,"Malta",4,"Median","97",1954,0,0,0
470,"Malta",4,"Median","98",1954,0,0,0
470,"Malta",4,"Median","99",1954,0,0,0
470,"Malta",4,"Median","0",1955,259,198,457
470,"Malta",4,"Median","1",1955,9,10,19
470,"Malta",4,"Median","2",1955,7,7,15
470,"Malta",4,"Median","3",1955,6,6,12
470,"Malta",4,"Median","4",1955,5,4,10
470,"Malta",4,"Median","5",1955,4,3,8
470,"Malta",4,"Median","6",1955,4,3,6
470,"Malta",4,"Median","7",1955,3,2,5
470,"Malta",4,"Median","8",1955,3,2,4
470,"Malta",4,"Median","9",1955,2,1,3
470,"Malta",4,"Median","10",1955,2,1,3
470,"Malta",4,"Median","11",1955,2,1,3
470,"Malta",4,"Median","12",1955,2,1,3
470,"Malta",4,"Median","13",1955,2,1,3
470,"Malta",4,"Median","14",1955,2,1,3
470,"Malta",4,"Median","15",1955,2,1,3
470,"Malta",4,"Median","16",1955,3,1,4
470,"Malta",4,"Median","17",1955,3,2,5
470,"Malta",4,"Median","18",1955,3,2,5
470,"Malta",4,"Median","19",1955,3,2,5
470,"Malta",4,"Median","20",1955,2,2,4
470,"Malta",4,"Median","21",1955,2,2,4
470,"Malta",4,"Median","22",1955,2,2,3
470,"Malta",4,"Median","23",1955,2,2,3
470,"Malta",4,"Median","24",1955,2,2,3
470,"Malta",4,"Median","25",1955,2,2,4
470,"Malta",4,"Median","26",1955,2,2,4
470,"Malta",4,"Median","27",1955,2,2,5
470,"Malta",4,"Median","28",1955,3,3,5
470,"Malta",4,"Median","29",1955,3,3,6
470,"Malta",4,"Median","30",1955,3,3,6
470,"Malta",4,"Median","31",1955,3,4,7
470,"Malta",4,"Median","32",1955,3,4,7
470,"Malta",4,"Median","33",1955,3,4,7
470,"Malta",4,"Median","34",1955,3,4,7
470,"Malta",4,"Median","35",1955,3,4,7
470,"Malta",4,"Median","36",1955,3,4,6
470,"Malta",4,"Median","37",1955,3,4,6
470,"Malta",4,"Median","38",1955,3,4,7
470,"Malta",4,"Median","39",1955,4,4,7
470,"Malta",4,"Median","40",1955,4,4,8
470,"Malta",4,"Median","41",1955,5,4,9
470,"Malta",4,"Median","42",1955,6,5,11
470,"Malta",4,"Median","43",1955,7,5,12
470,"Malta",4,"Median","44",1955,8,6,14
470,"Malta",4,"Median","45",1955,8,7,16
470,"Malta",4,"Median","46",1955,9,8,17
470,"Malta",4,"Median","47",1955,10,9,19
470,"Malta",4,"Median","48",1955,11,10,20
470,"Malta",4,"Median","49",1955,12,10,22
470,"Malta",4,"Median","50",1955,13,10,24
470,"Malta",4,"Median","51",1955,14,10,25
470,"Malta",4,"Median","52",1955,16,11,26
470,"Malta",4,"Median","53",1955,17,11,28
470,"Malta",4,"Median","54",1955,17,12,29
470,"Malta",4,"Median","55",1955,18,12,31
470,"Malta",4,"Median","56",1955,19,14,33
470,"Malta",4,"Median","57",1955,20,15,36
470,"Malta",4,"Median","58",1955,23,18,40
470,"Malta",4,"Median","59",1955,26,21,47
470,"Malta",4,"Median","60",1955,30,25,54
470,"Malta",4,"Median","61",1955,34,28,62
470,"Malta",4,"Median","62",1955,37,31,68
470,"Malta",4,"Median","63",1955,38,33,71
470,"Malta",4,"Median","64",1955,37,34,71
470,"Malta",4,"Median","65",1955,35,33,68
470,"Malta",4,"Median","66",1955,33,32,65
470,"Malta",4,"Median","67",1955,32,31,63
470,"Malta",4,"Median","68",1955,33,31,63
470,"Malta",4,"Median","69",1955,34,31,65
470,"Malta",4,"Median","70",1955,36,33,69
470,"Malta",4,"Median","71",1955,37,34,71
470,"Malta",4,"Median","72",1955,39,36,74
470,"Malta",4,"Median","73",1955,40,37,78
470,"Malta",4,"Median","74",1955,41,39,80
470,"Malta",4,"Median","75",1955,41,41,82
470,"Malta",4,"Median","76",1955,42,42,84
470,"Malta",4,"Median","77",1955,42,43,84
470,"Malta",4,"Median","78",1955,41,43,85
470,"Malta",4,"Median","79",1955,41,44,86
470,"Malta",4,"Median","80",1955,43,45,88
470,"Malta",4,"Median","81",1955,43,45,88
470,"Malta",4,"Median","82",1955,43,44,86
470,"Malta",4,"Median","83",1955,41,43,84
470,"Malta",4,"Median","84",1955,37,41,78
470,"Malta",4,"Median","85",1955,31,36,68
470,"Malta",4,"Median","86",1955,26,31,56
470,"Malta",4,"Median","87",1955,20,26,46
470,"Malta",4,"Median","88",1955,15,21,36
470,"Malta",4,"Median","89",1955,11,16,27
470,"Malta",4,"Median","90",1955,8,12,19
470,"Malta",4,"Median","91",1955,5,8,13
470,"Malta",4,"Median","92",1955,3,6,9
470,"Malta",4,"Median","93",1955,2,4,6
470,"Malta",4,"Median","94",1955,1,2,3
470,"Malta",4,"Median","95",1955,0,2,2
470,"Malta",4,"Median","96",1955,0,1,1
470,"Malta",4,"Median","97",1955,0,0,0
470,"Malta",4,"Median","98",1955,0,0,0
470,"Malta",4,"Median","99",1955,0,0,0
470,"Malta",4,"Median","0",1956,232,182,414
470,"Malta",4,"Median","1",1956,10,10,20
470,"Malta",4,"Median","2",1956,8,7,15
470,"Malta",4,"Median","3",1956,6,5,11
470,"Malta",4,"Median","4",1956,5,4,9
470,"Malta",4,"Median","5",1956,4,3,7
470,"Malta",4,"Median","6",1956,3,2,5
470,"Malta",4,"Median","7",1956,3,2,4
470,"Malta",4,"Median","8",1956,2,1,4
470,"Malta",4,"Median","9",1956,2,1,3
470,"Malta",4,"Median","10",1956,2,1,3
470,"Malta",4,"Median","11",1956,2,1,3
470,"Malta",4,"Median","12",1956,2,1,3
470,"Malta",4,"Median","13",1956,2,1,3
470,"Malta",4,"Median","14",1956,2,1,3
470,"Malta",4,"Median","15",1956,2,1,3
470,"Malta",4,"Median","16",1956,2,1,4
470,"Malta",4,"Median","17",1956,3,1,4
470,"Malta",4,"Median","18",1956,3,2,4
470,"Malta",4,"Median","19",1956,3,2,4
470,"Malta",4,"Median","20",1956,3,2,4
470,"Malta",4,"Median","21",1956,2,2,4
470,"Malta",4,"Median","22",1956,2,2,4
470,"Malta",4,"Median","23",1956,2,2,3
470,"Malta",4,"Median","24",1956,2,2,3
470,"Malta",4,"Median","25",1956,2,2,4
470,"Malta",4,"Median","26",1956,2,2,4
470,"Malta",4,"Median","27",1956,2,2,4
470,"Malta",4,"Median","28",1956,2,3,5
470,"Malta",4,"Median","29",1956,3,3,5
470,"Malta",4,"Median","30",1956,3,3,6
470,"Malta",4,"Median","31",1956,3,3,6
470,"Malta",4,"Median","32",1956,3,4,7
470,"Malta",4,"Median","33",1956,3,4,7
470,"Malta",4,"Median","34",1956,3,4,7
470,"Malta",4,"Median","35",1956,3,4,7
470,"Malta",4,"Median","36",1956,3,4,7
470,"Malta",4,"Median","37",1956,3,4,7
470,"Malta",4,"Median","38",1956,3,4,7
470,"Malta",4,"Median","39",1956,3,4,8
470,"Malta",4,"Median","40",1956,4,4,8
470,"Malta",4,"Median","41",1956,5,4,9
470,"Malta",4,"Median","42",1956,6,4,10
470,"Malta",4,"Median","43",1956,7,5,11
470,"Malta",4,"Median","44",1956,7,5,13
470,"Malta",4,"Median","45",1956,8,6,14
470,"Malta",4,"Median","46",1956,9,7,16
470,"Malta",4,"Median","47",1956,9,9,18
470,"Malta",4,"Median","48",1956,10,10,20
470,"Malta",4,"Median","49",1956,11,10,22
470,"Malta",4,"Median","50",1956,13,11,24
470,"Malta",4,"Median","51",1956,14,11,25
470,"Malta",4,"Median","52",1956,15,11,26
470,"Malta",4,"Median","53",1956,16,11,27
470,"Malta",4,"Median","54",1956,17,12,29
470,"Malta",4,"Median","55",1956,18,13,31
470,"Malta",4,"Median","56",1956,19,14,33
470,"Malta",4,"Median","57",1956,21,16,37
470,"Malta",4,"Median","58",1956,23,18,41
470,"Malta",4,"Median","59",1956,26,21,48
470,"Malta",4,"Median","60",1956,30,25,55
470,"Malta",4,"Median","61",1956,33,29,62
470,"Malta",4,"Median","62",1956,36,32,68
470,"Malta",4,"Median","63",1956,38,34,72
470,"Malta",4,"Median","64",1956,38,35,73
470,"Malta",4,"Median","65",1956,36,35,71
470,"Malta",4,"Median","66",1956,35,33,68
470,"Malta",4,"Median","67",1956,34,32,66
470,"Malta",4,"Median","68",1956,34,31,65
470,"Malta",4,"Median","69",1956,35,32,67
470,"Malta",4,"Median","70",1956,37,33,70
470,"Malta",4,"Median","71",1956,38,35,73
470,"Malta",4,"Median","72",1956,39,36,75
470,"Malta",4,"Median","73",1956,41,38,79
470,"Malta",4,"Median","74",1956,42,39,82
470,"Malta",4,"Median","75",1956,43,41,84
470,"Malta",4,"Median","76",1956,43,42,85
470,"Malta",4,"Median","77",1956,43,43,86
470,"Malta",4,"Median","78",1956,42,43,85
470,"Malta",4,"Median","79",1956,41,43,84
470,"Malta",4,"Median","80",1956,40,44,84
470,"Malta",4,"Median","81",1956,41,44,84
470,"Malta",4,"Median","82",1956,40,42,82
470,"Malta",4,"Median","83",1956,39,40,79
470,"Malta",4,"Median","84",1956,37,39,75
470,"Malta",4,"Median","85",1956,33,36,69
470,"Malta",4,"Median","86",1956,27,31,59
470,"Malta",4,"Median","87",1956,22,26,48
470,"Malta",4,"Median","88",1956,17,22,39
470,"Malta",4,"Median","89",1956,12,18,30
470,"Malta",4,"Median","90",1956,9,13,22
470,"Malta",4,"Median","91",1956,6,10,16
470,"Malta",4,"Median","92",1956,4,7,11
470,"Malta",4,"Median","93",1956,3,5,8
470,"Malta",4,"Median","94",1956,2,3,5
470,"Malta",4,"Median","95",1956,1,2,3
470,"Malta",4,"Median","96",1956,0,1,2
470,"Malta",4,"Median","97",1956,0,1,1
470,"Malta",4,"Median","98",1956,0,1,1
470,"Malta",4,"Median","99",1956,0,0,0
470,"Malta",4,"Median","0",1957,189,143,333
470,"Malta",4,"Median","1",1957,8,9,16
470,"Malta",4,"Median","2",1957,6,6,12
470,"Malta",4,"Median","3",1957,5,5,9
470,"Malta",4,"Median","4",1957,4,3,7
470,"Malta",4,"Median","5",1957,3,3,6
470,"Malta",4,"Median","6",1957,3,2,5
470,"Malta",4,"Median","7",1957,2,2,4
470,"Malta",4,"Median","8",1957,2,1,3
470,"Malta",4,"Median","9",1957,2,1,3
470,"Malta",4,"Median","10",1957,2,1,3
470,"Malta",4,"Median","11",1957,2,1,3
470,"Malta",4,"Median","12",1957,2,1,3
470,"Malta",4,"Median","13",1957,2,1,3
470,"Malta",4,"Median","14",1957,2,1,3
470,"Malta",4,"Median","15",1957,2,1,3
470,"Malta",4,"Median","16",1957,2,1,3
470,"Malta",4,"Median","17",1957,2,1,3
470,"Malta",4,"Median","18",1957,2,1,3
470,"Malta",4,"Median","19",1957,2,1,3
470,"Malta",4,"Median","20",1957,2,1,4
470,"Malta",4,"Median","21",1957,2,1,4
470,"Malta",4,"Median","22",1957,2,1,4
470,"Malta",4,"Median","23",1957,2,1,4
470,"Malta",4,"Median","24",1957,2,2,4
470,"Malta",4,"Median","25",1957,2,2,4
470,"Malta",4,"Median","26",1957,2,2,4
470,"Malta",4,"Median","27",1957,2,3,5
470,"Malta",4,"Median","28",1957,2,3,5
470,"Malta",4,"Median","29",1957,2,3,5
470,"Malta",4,"Median","30",1957,2,3,6
470,"Malta",4,"Median","31",1957,3,3,6
470,"Malta",4,"Median","32",1957,3,3,6
470,"Malta",4,"Median","33",1957,3,3,6
470,"Malta",4,"Median","34",1957,3,3,6
470,"Malta",4,"Median","35",1957,3,3,7
470,"Malta",4,"Median","36",1957,3,4,7
470,"Malta",4,"Median","37",1957,4,4,7
470,"Malta",4,"Median","38",1957,4,4,8
470,"Malta",4,"Median","39",1957,4,4,8
470,"Malta",4,"Median","40",1957,4,4,8
470,"Malta",4,"Median","41",1957,5,4,9
470,"Malta",4,"Median","42",1957,5,4,10
470,"Malta",4,"Median","43",1957,6,4,11
470,"Malta",4,"Median","44",1957,7,5,12
470,"Malta",4,"Median","45",1957,8,6,13
470,"Malta",4,"Median","46",1957,9,7,15
470,"Malta",4,"Median","47",1957,10,8,17
470,"Malta",4,"Median","48",1957,11,9,19
470,"Malta",4,"Median","49",1957,12,10,21
470,"Malta",4,"Median","50",1957,13,10,23
470,"Malta",4,"Median","51",1957,14,11,25
470,"Malta",4,"Median","52",1957,15,12,27
470,"Malta",4,"Median","53",1957,16,12,28
470,"Malta",4,"Median","54",1957,17,13,29
470,"Malta",4,"Median","55",1957,18,14,32
470,"Malta",4,"Median","56",1957,20,15,35
470,"Malta",4,"Median","57",1957,22,17,39
470,"Malta",4,"Median","58",1957,24,19,43
470,"Malta",4,"Median","59",1957,26,22,48
470,"Malta",4,"Median","60",1957,29,25,54
470,"Malta",4,"Median","61",1957,32,28,60
470,"Malta",4,"Median","62",1957,34,31,64
470,"Malta",4,"Median","63",1957,35,33,67
470,"Malta",4,"Median","64",1957,36,34,69
470,"Malta",4,"Median","65",1957,36,34,70
470,"Malta",4,"Median","66",1957,35,34,69
470,"Malta",4,"Median","67",1957,35,33,68
470,"Malta",4,"Median","68",1957,35,33,68
470,"Malta",4,"Median","69",1957,36,33,69
470,"Malta",4,"Median","70",1957,38,34,72
470,"Malta",4,"Median","71",1957,39,35,75
470,"Malta",4,"Median","72",1957,41,37,78
470,"Malta",4,"Median","73",1957,42,39,81
470,"Malta",4,"Median","74",1957,43,40,84
470,"Malta",4,"Median","75",1957,44,42,86
470,"Malta",4,"Median","76",1957,44,43,87
470,"Malta",4,"Median","77",1957,44,44,87
470,"Malta",4,"Median","78",1957,43,43,86
470,"Malta",4,"Median","79",1957,41,43,84
470,"Malta",4,"Median","80",1957,40,42,81
470,"Malta",4,"Median","81",1957,39,41,80
470,"Malta",4,"Median","82",1957,38,41,79
470,"Malta",4,"Median","83",1957,37,38,75
470,"Malta",4,"Median","84",1957,35,36,71
470,"Malta",4,"Median","85",1957,32,34,66
470,"Malta",4,"Median","86",1957,29,31,59
470,"Malta",4,"Median","87",1957,24,27,50
470,"Malta",4,"Median","88",1957,19,22,41
470,"Malta",4,"Median","89",1957,14,18,33
470,"Malta",4,"Median","90",1957,10,15,25
470,"Malta",4,"Median","91",1957,7,11,18
470,"Malta",4,"Median","92",1957,5,8,13
470,"Malta",4,"Median","93",1957,3,6,10
470,"Malta",4,"Median","94",1957,2,4,7
470,"Malta",4,"Median","95",1957,1,3,4
470,"Malta",4,"Median","96",1957,1,2,3
470,"Malta",4,"Median","97",1957,0,2,2
470,"Malta",4,"Median","98",1957,0,1,1
470,"Malta",4,"Median","99",1957,0,1,1
470,"Malta",4,"Median","0",1958,185,137,321
470,"Malta",4,"Median","1",1958,7,7,15
470,"Malta",4,"Median","2",1958,6,5,10
470,"Malta",4,"Median","3",1958,4,3,8
470,"Malta",4,"Median","4",1958,4,2,6
470,"Malta",4,"Median","5",1958,3,2,5
470,"Malta",4,"Median","6",1958,2,1,4
470,"Malta",4,"Median","7",1958,2,1,3
470,"Malta",4,"Median","8",1958,2,1,3
470,"Malta",4,"Median","9",1958,2,1,3
470,"Malta",4,"Median","10",1958,2,1,3
470,"Malta",4,"Median","11",1958,2,1,3
470,"Malta",4,"Median","12",1958,2,1,3
470,"Malta",4,"Median","13",1958,2,1,3
470,"Malta",4,"Median","14",1958,2,1,3
470,"Malta",4,"Median","15",1958,2,1,2
470,"Malta",4,"Median","16",1958,2,1,2
470,"Malta",4,"Median","17",1958,2,1,3
470,"Malta",4,"Median","18",1958,2,1,3
470,"Malta",4,"Median","19",1958,2,1,3
470,"Malta",4,"Median","20",1958,2,1,4
470,"Malta",4,"Median","21",1958,2,1,4
470,"Malta",4,"Median","22",1958,3,2,4
470,"Malta",4,"Median","23",1958,2,2,4
470,"Malta",4,"Median","24",1958,2,2,4
470,"Malta",4,"Median","25",1958,2,2,4
470,"Malta",4,"Median","26",1958,2,2,4
470,"Malta",4,"Median","27",1958,2,3,4
470,"Malta",4,"Median","28",1958,2,3,5
470,"Malta",4,"Median","29",1958,2,3,5
470,"Malta",4,"Median","30",1958,2,3,5
470,"Malta",4,"Median","31",1958,3,3,6
470,"Malta",4,"Median","32",1958,3,3,6
470,"Malta",4,"Median","33",1958,3,3,6
470,"Malta",4,"Median","34",1958,3,3,6
470,"Malta",4,"Median","35",1958,3,3,7
470,"Malta",4,"Median","36",1958,3,3,7
470,"Malta",4,"Median","37",1958,3,3,7
470,"Malta",4,"Median","38",1958,4,3,7
470,"Malta",4,"Median","39",1958,4,3,7
470,"Malta",4,"Median","40",1958,4,3,8
470,"Malta",4,"Median","41",1958,5,4,8
470,"Malta",4,"Median","42",1958,5,4,9
470,"Malta",4,"Median","43",1958,6,4,10
470,"Malta",4,"Median","44",1958,6,5,11
470,"Malta",4,"Median","45",1958,7,5,12
470,"Malta",4,"Median","46",1958,8,6,14
470,"Malta",4,"Median","47",1958,9,7,16
470,"Malta",4,"Median","48",1958,10,8,18
470,"Malta",4,"Median","49",1958,12,9,21
470,"Malta",4,"Median","50",1958,13,10,23
470,"Malta",4,"Median","51",1958,14,11,25
470,"Malta",4,"Median","52",1958,15,11,27
470,"Malta",4,"Median","53",1958,16,12,28
470,"Malta",4,"Median","54",1958,17,12,29
470,"Malta",4,"Median","55",1958,18,13,31
470,"Malta",4,"Median","56",1958,19,15,34
470,"Malta",4,"Median","57",1958,21,16,38
470,"Malta",4,"Median","58",1958,24,18,42
470,"Malta",4,"Median","59",1958,26,21,47
470,"Malta",4,"Median","60",1958,29,23,52
470,"Malta",4,"Median","61",1958,32,26,57
470,"Malta",4,"Median","62",1958,34,29,63
470,"Malta",4,"Median","63",1958,35,31,66
470,"Malta",4,"Median","64",1958,36,32,67
470,"Malta",4,"Median","65",1958,36,33,69
470,"Malta",4,"Median","66",1958,36,33,69
470,"Malta",4,"Median","67",1958,36,34,69
470,"Malta",4,"Median","68",1958,36,34,71
470,"Malta",4,"Median","69",1958,37,35,72
470,"Malta",4,"Median","70",1958,39,35,75
470,"Malta",4,"Median","71",1958,40,37,77
470,"Malta",4,"Median","72",1958,41,38,80
470,"Malta",4,"Median","73",1958,43,40,83
470,"Malta",4,"Median","74",1958,44,42,85
470,"Malta",4,"Median","75",1958,45,43,88
470,"Malta",4,"Median","76",1958,45,44,89
470,"Malta",4,"Median","77",1958,44,44,88
470,"Malta",4,"Median","78",1958,43,44,87
470,"Malta",4,"Median","79",1958,42,43,85
470,"Malta",4,"Median","80",1958,40,42,82
470,"Malta",4,"Median","81",1958,37,40,77
470,"Malta",4,"Median","82",1958,36,39,75
470,"Malta",4,"Median","83",1958,35,38,72
470,"Malta",4,"Median","84",1958,33,34,67
470,"Malta",4,"Median","85",1958,30,32,61
470,"Malta",4,"Median","86",1958,27,29,56
470,"Malta",4,"Median","87",1958,24,26,50
470,"Malta",4,"Median","88",1958,20,22,42
470,"Malta",4,"Median","89",1958,16,19,34
470,"Malta",4,"Median","90",1958,12,16,28
470,"Malta",4,"Median","91",1958,8,13,21
470,"Malta",4,"Median","92",1958,6,10,16
470,"Malta",4,"Median","93",1958,4,8,12
470,"Malta",4,"Median","94",1958,3,6,9
470,"Malta",4,"Median","95",1958,2,5,6
470,"Malta",4,"Median","96",1958,1,3,4
470,"Malta",4,"Median","97",1958,1,2,3
470,"Malta",4,"Median","98",1958,0,2,2
470,"Malta",4,"Median","99",1958,0,1,1
470,"Malta",4,"Median","0",1959,171,131,302
470,"Malta",4,"Median","1",1959,8,6,14
470,"Malta",4,"Median","2",1959,6,4,10
470,"Malta",4,"Median","3",1959,4,3,7
470,"Malta",4,"Median","4",1959,3,2,5
470,"Malta",4,"Median","5",1959,2,2,4
470,"Malta",4,"Median","6",1959,2,1,3
470,"Malta",4,"Median","7",1959,2,1,3
470,"Malta",4,"Median","8",1959,2,1,3
470,"Malta",4,"Median","9",1959,2,1,3
470,"Malta",4,"Median","10",1959,2,1,3
470,"Malta",4,"Median","11",1959,2,1,3
470,"Malta",4,"Median","12",1959,2,1,3
470,"Malta",4,"Median","13",1959,2,1,3
470,"Malta",4,"Median","14",1959,2,1,3
470,"Malta",4,"Median","15",1959,2,1,3
470,"Malta",4,"Median","16",1959,2,1,2
470,"Malta",4,"Median","17",1959,2,1,2
470,"Malta",4,"Median","18",1959,2,1,2
470,"Malta",4,"Median","19",1959,2,1,3
470,"Malta",4,"Median","20",1959,2,1,3
470,"Malta",4,"Median","21",1959,2,1,4
470,"Malta",4,"Median","22",1959,3,1,4
470,"Malta",4,"Median","23",1959,3,2,4
470,"Malta",4,"Median","24",1959,3,2,4
470,"Malta",4,"Median","25",1959,3,2,4
470,"Malta",4,"Median","26",1959,2,2,4
470,"Malta",4,"Median","27",1959,2,2,4
470,"Malta",4,"Median","28",1959,2,2,4
470,"Malta",4,"Median","29",1959,2,2,4
470,"Malta",4,"Median","30",1959,2,2,5
470,"Malta",4,"Median","31",1959,3,2,5
470,"Malta",4,"Median","32",1959,3,3,5
470,"Malta",4,"Median","33",1959,3,3,6
470,"Malta",4,"Median","34",1959,3,3,6
470,"Malta",4,"Median","35",1959,3,3,6
470,"Malta",4,"Median","36",1959,4,3,7
470,"Malta",4,"Median","37",1959,4,3,7
470,"Malta",4,"Median","38",1959,4,3,7
470,"Malta",4,"Median","39",1959,4,3,7
470,"Malta",4,"Median","40",1959,4,3,7
470,"Malta",4,"Median","41",1959,4,3,8
470,"Malta",4,"Median","42",1959,5,3,8
470,"Malta",4,"Median","43",1959,5,4,9
470,"Malta",4,"Median","44",1959,6,4,10
470,"Malta",4,"Median","45",1959,7,5,11
470,"Malta",4,"Median","46",1959,8,5,13
470,"Malta",4,"Median","47",1959,9,6,15
470,"Malta",4,"Median","48",1959,10,7,17
470,"Malta",4,"Median","49",1959,11,8,20
470,"Malta",4,"Median","50",1959,13,9,22
470,"Malta",4,"Median","51",1959,14,10,24
470,"Malta",4,"Median","52",1959,15,11,26
470,"Malta",4,"Median","53",1959,16,12,28
470,"Malta",4,"Median","54",1959,17,12,30
470,"Malta",4,"Median","55",1959,18,13,31
470,"Malta",4,"Median","56",1959,20,14,34
470,"Malta",4,"Median","57",1959,22,16,38
470,"Malta",4,"Median","58",1959,24,18,42
470,"Malta",4,"Median","59",1959,26,20,46
470,"Malta",4,"Median","60",1959,29,22,51
470,"Malta",4,"Median","61",1959,31,24,55
470,"Malta",4,"Median","62",1959,33,26,59
470,"Malta",4,"Median","63",1959,34,28,63
470,"Malta",4,"Median","64",1959,35,30,65
470,"Malta",4,"Median","65",1959,36,31,67
470,"Malta",4,"Median","66",1959,37,32,69
470,"Malta",4,"Median","67",1959,37,33,70
470,"Malta",4,"Median","68",1959,38,34,72
470,"Malta",4,"Median","69",1959,39,35,73
470,"Malta",4,"Median","70",1959,40,35,75
470,"Malta",4,"Median","71",1959,40,36,76
470,"Malta",4,"Median","72",1959,41,37,78
470,"Malta",4,"Median","73",1959,42,39,81
470,"Malta",4,"Median","74",1959,44,41,84
470,"Malta",4,"Median","75",1959,44,42,86
470,"Malta",4,"Median","76",1959,45,43,88
470,"Malta",4,"Median","77",1959,45,43,88
470,"Malta",4,"Median","78",1959,44,43,87
470,"Malta",4,"Median","79",1959,42,42,84
470,"Malta",4,"Median","80",1959,40,41,81
470,"Malta",4,"Median","81",1959,37,39,76
470,"Malta",4,"Median","82",1959,34,36,70
470,"Malta",4,"Median","83",1959,31,35,66
470,"Malta",4,"Median","84",1959,30,33,62
470,"Malta",4,"Median","85",1959,27,29,56
470,"Malta",4,"Median","86",1959,24,26,49
470,"Malta",4,"Median","87",1959,21,23,44
470,"Malta",4,"Median","88",1959,18,20,38
470,"Malta",4,"Median","89",1959,14,16,31
470,"Malta",4,"Median","90",1959,11,13,24
470,"Malta",4,"Median","91",1959,8,11,18
470,"Malta",4,"Median","92",1959,5,8,13
470,"Malta",4,"Median","93",1959,3,6,9
470,"Malta",4,"Median","94",1959,2,4,6
470,"Malta",4,"Median","95",1959,1,3,4
470,"Malta",4,"Median","96",1959,1,2,3
470,"Malta",4,"Median","97",1959,1,1,2
470,"Malta",4,"Median","98",1959,0,1,1
470,"Malta",4,"Median","99",1959,0,1,1
470,"Malta",4,"Median","0",1960,164,130,294
470,"Malta",4,"Median","1",1960,9,5,13
470,"Malta",4,"Median","2",1960,6,4,9
470,"Malta",4,"Median","3",1960,4,3,7
470,"Malta",4,"Median","4",1960,2,3,5
470,"Malta",4,"Median","5",1960,2,2,4
470,"Malta",4,"Median","6",1960,1,2,3
470,"Malta",4,"Median","7",1960,1,1,3
470,"Malta",4,"Median","8",1960,1,1,3
470,"Malta",4,"Median","9",1960,2,1,3
470,"Malta",4,"Median","10",1960,2,1,3
470,"Malta",4,"Median","11",1960,2,1,3
470,"Malta",4,"Median","12",1960,2,1,3
470,"Malta",4,"Median","13",1960,2,1,3
470,"Malta",4,"Median","14",1960,2,1,3
470,"Malta",4,"Median","15",1960,2,1,3
470,"Malta",4,"Median","16",1960,2,1,3
470,"Malta",4,"Median","17",1960,2,1,3
470,"Malta",4,"Median","18",1960,2,1,3
470,"Malta",4,"Median","19",1960,2,1,3
470,"Malta",4,"Median","20",1960,2,1,3
470,"Malta",4,"Median","21",1960,2,1,3
470,"Malta",4,"Median","22",1960,3,1,4
470,"Malta",4,"Median","23",1960,3,1,4
470,"Malta",4,"Median","24",1960,3,1,4
470,"Malta",4,"Median","25",1960,3,2,4
470,"Malta",4,"Median","26",1960,2,2,4
470,"Malta",4,"Median","27",1960,2,2,4
470,"Malta",4,"Median","28",1960,2,2,5
470,"Malta",4,"Median","29",1960,2,2,5
470,"Malta",4,"Median","30",1960,2,2,5
470,"Malta",4,"Median","31",1960,3,2,5
470,"Malta",4,"Median","32",1960,3,2,5
470,"Malta",4,"Median","33",1960,3,2,6
470,"Malta",4,"Median","34",1960,3,3,6
470,"Malta",4,"Median","35",1960,3,3,6
470,"Malta",4,"Median","36",1960,3,3,6
470,"Malta",4,"Median","37",1960,4,3,7
470,"Malta",4,"Median","38",1960,4,3,7
470,"Malta",4,"Median","39",1960,4,4,7
470,"Malta",4,"Median","40",1960,4,4,8
470,"Malta",4,"Median","41",1960,4,4,8
470,"Malta",4,"Median","42",1960,5,4,8
470,"Malta",4,"Median","43",1960,5,4,9
470,"Malta",4,"Median","44",1960,6,4,10
470,"Malta",4,"Median","45",1960,6,5,11
470,"Malta",4,"Median","46",1960,7,5,13
470,"Malta",4,"Median","47",1960,8,6,14
470,"Malta",4,"Median","48",1960,10,7,16
470,"Malta",4,"Median","49",1960,11,8,19
470,"Malta",4,"Median","50",1960,12,9,21
470,"Malta",4,"Median","51",1960,13,10,24
470,"Malta",4,"Median","52",1960,14,12,26
470,"Malta",4,"Median","53",1960,16,13,29
470,"Malta",4,"Median","54",1960,17,14,31
470,"Malta",4,"Median","55",1960,19,15,34
470,"Malta",4,"Median","56",1960,21,16,36
470,"Malta",4,"Median","57",1960,23,17,39
470,"Malta",4,"Median","58",1960,25,18,43
470,"Malta",4,"Median","59",1960,26,20,47
470,"Malta",4,"Median","60",1960,28,22,51
470,"Malta",4,"Median","61",1960,30,25,54
470,"Malta",4,"Median","62",1960,31,27,58
470,"Malta",4,"Median","63",1960,32,29,61
470,"Malta",4,"Median","64",1960,33,31,64
470,"Malta",4,"Median","65",1960,34,33,67
470,"Malta",4,"Median","66",1960,35,34,69
470,"Malta",4,"Median","67",1960,37,35,72
470,"Malta",4,"Median","68",1960,38,36,74
470,"Malta",4,"Median","69",1960,39,37,76
470,"Malta",4,"Median","70",1960,40,38,78
470,"Malta",4,"Median","71",1960,40,39,79
470,"Malta",4,"Median","72",1960,41,39,80
470,"Malta",4,"Median","73",1960,42,41,83
470,"Malta",4,"Median","74",1960,43,43,85
470,"Malta",4,"Median","75",1960,44,44,88
470,"Malta",4,"Median","76",1960,44,45,89
470,"Malta",4,"Median","77",1960,45,46,91
470,"Malta",4,"Median","78",1960,44,46,90
470,"Malta",4,"Median","79",1960,42,45,87
470,"Malta",4,"Median","80",1960,40,44,84
470,"Malta",4,"Median","81",1960,37,42,78
470,"Malta",4,"Median","82",1960,33,39,72
470,"Malta",4,"Median","83",1960,30,36,65
470,"Malta",4,"Median","84",1960,27,33,60
470,"Malta",4,"Median","85",1960,24,30,54
470,"Malta",4,"Median","86",1960,21,26,47
470,"Malta",4,"Median","87",1960,18,22,40
470,"Malta",4,"Median","88",1960,15,19,35
470,"Malta",4,"Median","89",1960,13,16,29
470,"Malta",4,"Median","90",1960,10,12,22
470,"Malta",4,"Median","91",1960,7,9,16
470,"Malta",4,"Median","92",1960,4,7,12
470,"Malta",4,"Median","93",1960,3,5,8
470,"Malta",4,"Median","94",1960,2,4,5
470,"Malta",4,"Median","95",1960,1,2,3
470,"Malta",4,"Median","96",1960,1,2,2
470,"Malta",4,"Median","97",1960,0,1,1
470,"Malta",4,"Median","98",1960,0,1,1
470,"Malta",4,"Median","99",1960,0,0,1
470,"Malta",4,"Median","0",1961,148,112,260
470,"Malta",4,"Median","1",1961,7,4,11
470,"Malta",4,"Median","2",1961,5,4,9
470,"Malta",4,"Median","3",1961,3,3,7
470,"Malta",4,"Median","4",1961,2,3,5
470,"Malta",4,"Median","5",1961,2,2,4
470,"Malta",4,"Median","6",1961,2,2,3
470,"Malta",4,"Median","7",1961,1,1,3
470,"Malta",4,"Median","8",1961,1,1,3
470,"Malta",4,"Median","9",1961,1,1,3
470,"Malta",4,"Median","10",1961,2,1,3
470,"Malta",4,"Median","11",1961,2,1,3
470,"Malta",4,"Median","12",1961,2,1,3
470,"Malta",4,"Median","13",1961,2,1,3
470,"Malta",4,"Median","14",1961,2,1,3
470,"Malta",4,"Median","15",1961,2,1,3
470,"Malta",4,"Median","16",1961,2,1,3
470,"Malta",4,"Median","17",1961,2,1,3
470,"Malta",4,"Median","18",1961,2,1,3
470,"Malta",4,"Median","19",1961,2,1,3
470,"Malta",4,"Median","20",1961,2,1,3
470,"Malta",4,"Median","21",1961,2,1,3
470,"Malta",4,"Median","22",1961,2,1,3
470,"Malta",4,"Median","23",1961,3,1,4
470,"Malta",4,"Median","24",1961,3,1,4
470,"Malta",4,"Median","25",1961,3,1,4
470,"Malta",4,"Median","26",1961,3,2,4
470,"Malta",4,"Median","27",1961,2,2,5
470,"Malta",4,"Median","28",1961,2,2,5
470,"Malta",4,"Median","29",1961,2,2,5
470,"Malta",4,"Median","30",1961,2,2,5
470,"Malta",4,"Median","31",1961,3,2,5
470,"Malta",4,"Median","32",1961,3,2,5
470,"Malta",4,"Median","33",1961,3,2,5
470,"Malta",4,"Median","34",1961,3,2,5
470,"Malta",4,"Median","35",1961,3,2,6
470,"Malta",4,"Median","36",1961,3,3,6
470,"Malta",4,"Median","37",1961,4,3,6
470,"Malta",4,"Median","38",1961,4,3,7
470,"Malta",4,"Median","39",1961,4,3,7
470,"Malta",4,"Median","40",1961,4,3,7
470,"Malta",4,"Median","41",1961,4,4,8
470,"Malta",4,"Median","42",1961,5,4,8
470,"Malta",4,"Median","43",1961,5,4,9
470,"Malta",4,"Median","44",1961,6,5,10
470,"Malta",4,"Median","45",1961,7,5,12
470,"Malta",4,"Median","46",1961,8,6,13
470,"Malta",4,"Median","47",1961,9,6,15
470,"Malta",4,"Median","48",1961,10,7,17
470,"Malta",4,"Median","49",1961,11,8,19
470,"Malta",4,"Median","50",1961,13,9,21
470,"Malta",4,"Median","51",1961,14,10,23
470,"Malta",4,"Median","52",1961,15,11,26
470,"Malta",4,"Median","53",1961,16,12,28
470,"Malta",4,"Median","54",1961,18,14,32
470,"Malta",4,"Median","55",1961,20,15,35
470,"Malta",4,"Median","56",1961,21,17,38
470,"Malta",4,"Median","57",1961,23,18,41
470,"Malta",4,"Median","58",1961,25,19,44
470,"Malta",4,"Median","59",1961,27,21,48
470,"Malta",4,"Median","60",1961,29,22,51
470,"Malta",4,"Median","61",1961,30,24,54
470,"Malta",4,"Median","62",1961,32,26,57
470,"Malta",4,"Median","63",1961,33,28,61
470,"Malta",4,"Median","64",1961,34,30,64
470,"Malta",4,"Median","65",1961,36,32,68
470,"Malta",4,"Median","66",1961,37,34,71
470,"Malta",4,"Median","67",1961,38,36,74
470,"Malta",4,"Median","68",1961,40,38,78
470,"Malta",4,"Median","69",1961,42,40,81
470,"Malta",4,"Median","70",1961,42,41,83
470,"Malta",4,"Median","71",1961,43,42,85
470,"Malta",4,"Median","72",1961,43,42,86
470,"Malta",4,"Median","73",1961,44,43,87
470,"Malta",4,"Median","74",1961,45,45,89
470,"Malta",4,"Median","75",1961,46,46,92
470,"Malta",4,"Median","76",1961,46,48,94
470,"Malta",4,"Median","77",1961,46,48,95
470,"Malta",4,"Median","78",1961,46,49,95
470,"Malta",4,"Median","79",1961,45,48,93
470,"Malta",4,"Median","80",1961,42,47,89
470,"Malta",4,"Median","81",1961,39,45,84
470,"Malta",4,"Median","82",1961,35,41,77
470,"Malta",4,"Median","83",1961,31,38,69
470,"Malta",4,"Median","84",1961,27,34,60
470,"Malta",4,"Median","85",1961,23,30,53
470,"Malta",4,"Median","86",1961,20,27,47
470,"Malta",4,"Median","87",1961,17,22,39
470,"Malta",4,"Median","88",1961,14,18,32
470,"Malta",4,"Median","89",1961,11,15,26
470,"Malta",4,"Median","90",1961,9,12,21
470,"Malta",4,"Median","91",1961,6,9,15
470,"Malta",4,"Median","92",1961,4,6,11
470,"Malta",4,"Median","93",1961,3,5,7
470,"Malta",4,"Median","94",1961,2,3,5
470,"Malta",4,"Median","95",1961,1,2,3
470,"Malta",4,"Median","96",1961,1,1,2
470,"Malta",4,"Median","97",1961,0,1,1
470,"Malta",4,"Median","98",1961,0,1,1
470,"Malta",4,"Median","99",1961,0,0,0
470,"Malta",4,"Median","0",1962,141,111,252
470,"Malta",4,"Median","1",1962,6,4,10
470,"Malta",4,"Median","2",1962,4,3,7
470,"Malta",4,"Median","3",1962,3,3,6
470,"Malta",4,"Median","4",1962,3,2,5
470,"Malta",4,"Median","5",1962,2,2,4
470,"Malta",4,"Median","6",1962,2,1,3
470,"Malta",4,"Median","7",1962,1,1,3
470,"Malta",4,"Median","8",1962,1,1,2
470,"Malta",4,"Median","9",1962,1,1,2
470,"Malta",4,"Median","10",1962,1,1,2
470,"Malta",4,"Median","11",1962,1,1,2
470,"Malta",4,"Median","12",1962,1,1,2
470,"Malta",4,"Median","13",1962,2,1,3
470,"Malta",4,"Median","14",1962,2,1,3
470,"Malta",4,"Median","15",1962,2,1,3
470,"Malta",4,"Median","16",1962,2,1,3
470,"Malta",4,"Median","17",1962,2,1,3
470,"Malta",4,"Median","18",1962,2,1,3
470,"Malta",4,"Median","19",1962,2,1,3
470,"Malta",4,"Median","20",1962,2,1,3
470,"Malta",4,"Median","21",1962,2,1,3
470,"Malta",4,"Median","22",1962,2,1,3
470,"Malta",4,"Median","23",1962,2,1,3
470,"Malta",4,"Median","24",1962,2,1,3
470,"Malta",4,"Median","25",1962,2,1,4
470,"Malta",4,"Median","26",1962,2,2,4
470,"Malta",4,"Median","27",1962,2,2,4
470,"Malta",4,"Median","28",1962,2,2,4
470,"Malta",4,"Median","29",1962,2,2,5
470,"Malta",4,"Median","30",1962,2,2,5
470,"Malta",4,"Median","31",1962,2,2,5
470,"Malta",4,"Median","32",1962,3,2,5
470,"Malta",4,"Median","33",1962,3,2,5
470,"Malta",4,"Median","34",1962,3,2,5
470,"Malta",4,"Median","35",1962,3,3,5
470,"Malta",4,"Median","36",1962,3,3,6
470,"Malta",4,"Median","37",1962,3,3,6
470,"Malta",4,"Median","38",1962,3,3,6
470,"Malta",4,"Median","39",1962,3,3,7
470,"Malta",4,"Median","40",1962,4,3,7
470,"Malta",4,"Median","41",1962,4,4,7
470,"Malta",4,"Median","42",1962,4,4,8
470,"Malta",4,"Median","43",1962,5,4,9
470,"Malta",4,"Median","44",1962,6,4,10
470,"Malta",4,"Median","45",1962,6,5,11
470,"Malta",4,"Median","46",1962,7,5,12
470,"Malta",4,"Median","47",1962,8,6,14
470,"Malta",4,"Median","48",1962,9,6,15
470,"Malta",4,"Median","49",1962,10,7,17
470,"Malta",4,"Median","50",1962,11,8,18
470,"Malta",4,"Median","51",1962,12,8,20
470,"Malta",4,"Median","52",1962,13,9,22
470,"Malta",4,"Median","53",1962,15,11,25
470,"Malta",4,"Median","54",1962,16,12,28
470,"Malta",4,"Median","55",1962,18,14,32
470,"Malta",4,"Median","56",1962,20,16,36
470,"Malta",4,"Median","57",1962,22,17,40
470,"Malta",4,"Median","58",1962,24,19,43
470,"Malta",4,"Median","59",1962,26,20,46
470,"Malta",4,"Median","60",1962,27,22,49
470,"Malta",4,"Median","61",1962,29,23,52
470,"Malta",4,"Median","62",1962,30,25,55
470,"Malta",4,"Median","63",1962,31,26,58
470,"Malta",4,"Median","64",1962,33,28,61
470,"Malta",4,"Median","65",1962,34,30,64
470,"Malta",4,"Median","66",1962,35,32,68
470,"Malta",4,"Median","67",1962,37,34,71
470,"Malta",4,"Median","68",1962,38,36,74
470,"Malta",4,"Median","69",1962,39,38,77
470,"Malta",4,"Median","70",1962,40,39,79
470,"Malta",4,"Median","71",1962,41,40,80
470,"Malta",4,"Median","72",1962,41,41,82
470,"Malta",4,"Median","73",1962,42,41,83
470,"Malta",4,"Median","74",1962,42,42,85
470,"Malta",4,"Median","75",1962,43,43,86
470,"Malta",4,"Median","76",1962,44,45,88
470,"Malta",4,"Median","77",1962,44,46,90
470,"Malta",4,"Median","78",1962,43,46,90
470,"Malta",4,"Median","79",1962,43,46,89
470,"Malta",4,"Median","80",1962,41,45,86
470,"Malta",4,"Median","81",1962,38,43,81
470,"Malta",4,"Median","82",1962,34,41,75
470,"Malta",4,"Median","83",1962,30,37,67
470,"Malta",4,"Median","84",1962,26,33,59
470,"Malta",4,"Median","85",1962,22,28,50
470,"Malta",4,"Median","86",1962,18,25,43
470,"Malta",4,"Median","87",1962,15,21,36
470,"Malta",4,"Median","88",1962,12,17,29
470,"Malta",4,"Median","89",1962,9,13,22
470,"Malta",4,"Median","90",1962,7,11,18
470,"Malta",4,"Median","91",1962,5,8,14
470,"Malta",4,"Median","92",1962,4,6,10
470,"Malta",4,"Median","93",1962,2,4,6
470,"Malta",4,"Median","94",1962,1,2,4
470,"Malta",4,"Median","95",1962,1,1,2
470,"Malta",4,"Median","96",1962,0,1,1
470,"Malta",4,"Median","97",1962,0,1,1
470,"Malta",4,"Median","98",1962,0,0,0
470,"Malta",4,"Median","99",1962,0,0,0
470,"Malta",4,"Median","0",1963,123,98,221
470,"Malta",4,"Median","1",1963,6,4,10
470,"Malta",4,"Median","2",1963,4,3,7
470,"Malta",4,"Median","3",1963,3,3,6
470,"Malta",4,"Median","4",1963,2,2,5
470,"Malta",4,"Median","5",1963,2,2,4
470,"Malta",4,"Median","6",1963,1,2,3
470,"Malta",4,"Median","7",1963,1,1,2
470,"Malta",4,"Median","8",1963,1,1,2
470,"Malta",4,"Median","9",1963,1,1,2
470,"Malta",4,"Median","10",1963,1,1,2
470,"Malta",4,"Median","11",1963,1,1,2
470,"Malta",4,"Median","12",1963,1,1,2
470,"Malta",4,"Median","13",1963,2,1,3
470,"Malta",4,"Median","14",1963,2,1,3
470,"Malta",4,"Median","15",1963,2,1,4
470,"Malta",4,"Median","16",1963,3,1,4
470,"Malta",4,"Median","17",1963,3,1,4
470,"Malta",4,"Median","18",1963,3,1,4
470,"Malta",4,"Median","19",1963,2,1,3
470,"Malta",4,"Median","20",1963,2,1,3
470,"Malta",4,"Median","21",1963,2,1,2
470,"Malta",4,"Median","22",1963,2,1,2
470,"Malta",4,"Median","23",1963,2,1,2
470,"Malta",4,"Median","24",1963,2,1,2
470,"Malta",4,"Median","25",1963,2,1,3
470,"Malta",4,"Median","26",1963,2,1,3
470,"Malta",4,"Median","27",1963,2,2,4
470,"Malta",4,"Median","28",1963,2,2,4
470,"Malta",4,"Median","29",1963,2,2,5
470,"Malta",4,"Median","30",1963,2,2,5
470,"Malta",4,"Median","31",1963,2,2,5
470,"Malta",4,"Median","32",1963,2,2,5
470,"Malta",4,"Median","33",1963,2,3,5
470,"Malta",4,"Median","34",1963,2,3,5
470,"Malta",4,"Median","35",1963,3,3,5
470,"Malta",4,"Median","36",1963,3,3,6
470,"Malta",4,"Median","37",1963,3,3,6
470,"Malta",4,"Median","38",1963,3,3,7
470,"Malta",4,"Median","39",1963,4,3,7
470,"Malta",4,"Median","40",1963,4,4,8
470,"Malta",4,"Median","41",1963,4,4,8
470,"Malta",4,"Median","42",1963,5,4,8
470,"Malta",4,"Median","43",1963,5,4,9
470,"Malta",4,"Median","44",1963,6,4,10
470,"Malta",4,"Median","45",1963,6,5,11
470,"Malta",4,"Median","46",1963,7,5,12
470,"Malta",4,"Median","47",1963,8,5,13
470,"Malta",4,"Median","48",1963,8,6,14
470,"Malta",4,"Median","49",1963,9,6,15
470,"Malta",4,"Median","50",1963,10,7,17
470,"Malta",4,"Median","51",1963,11,8,19
470,"Malta",4,"Median","52",1963,12,9,21
470,"Malta",4,"Median","53",1963,14,10,24
470,"Malta",4,"Median","54",1963,16,12,28
470,"Malta",4,"Median","55",1963,19,14,33
470,"Malta",4,"Median","56",1963,21,16,38
470,"Malta",4,"Median","57",1963,24,19,42
470,"Malta",4,"Median","58",1963,26,20,46
470,"Malta",4,"Median","59",1963,27,21,48
470,"Malta",4,"Median","60",1963,28,22,50
470,"Malta",4,"Median","61",1963,29,23,52
470,"Malta",4,"Median","62",1963,30,24,54
470,"Malta",4,"Median","63",1963,31,26,57
470,"Malta",4,"Median","64",1963,33,28,60
470,"Malta",4,"Median","65",1963,35,30,65
470,"Malta",4,"Median","66",1963,36,33,69
470,"Malta",4,"Median","67",1963,38,35,73
470,"Malta",4,"Median","68",1963,39,37,76
470,"Malta",4,"Median","69",1963,39,39,78
470,"Malta",4,"Median","70",1963,40,39,79
470,"Malta",4,"Median","71",1963,41,41,82
470,"Malta",4,"Median","72",1963,42,42,84
470,"Malta",4,"Median","73",1963,43,43,86
470,"Malta",4,"Median","74",1963,44,44,87
470,"Malta",4,"Median","75",1963,44,45,89
470,"Malta",4,"Median","76",1963,44,46,90
470,"Malta",4,"Median","77",1963,45,47,92
470,"Malta",4,"Median","78",1963,45,48,92
470,"Malta",4,"Median","79",1963,44,47,91
470,"Malta",4,"Median","80",1963,42,47,89
470,"Malta",4,"Median","81",1963,40,45,85
470,"Malta",4,"Median","82",1963,37,42,79
470,"Malta",4,"Median","83",1963,32,39,72
470,"Malta",4,"Median","84",1963,28,35,63
470,"Malta",4,"Median","85",1963,23,30,54
470,"Malta",4,"Median","86",1963,19,26,44
470,"Malta",4,"Median","87",1963,15,21,36
470,"Malta",4,"Median","88",1963,12,17,29
470,"Malta",4,"Median","89",1963,9,13,22
470,"Malta",4,"Median","90",1963,7,10,16
470,"Malta",4,"Median","91",1963,5,8,12
470,"Malta",4,"Median","92",1963,3,5,9
470,"Malta",4,"Median","93",1963,2,4,6
470,"Malta",4,"Median","94",1963,1,2,4
470,"Malta",4,"Median","95",1963,1,1,2
470,"Malta",4,"Median","96",1963,0,1,1
470,"Malta",4,"Median","97",1963,0,0,1
470,"Malta",4,"Median","98",1963,0,0,0
470,"Malta",4,"Median","99",1963,0,0,0
470,"Malta",4,"Median","0",1964,120,93,213
470,"Malta",4,"Median","1",1964,5,4,9
470,"Malta",4,"Median","2",1964,4,3,7
470,"Malta",4,"Median","3",1964,3,2,5
470,"Malta",4,"Median","4",1964,2,2,4
470,"Malta",4,"Median","5",1964,2,1,3
470,"Malta",4,"Median","6",1964,2,1,3
470,"Malta",4,"Median","7",1964,1,1,2
470,"Malta",4,"Median","8",1964,1,1,2
470,"Malta",4,"Median","9",1964,1,1,2
470,"Malta",4,"Median","10",1964,1,1,2
470,"Malta",4,"Median","11",1964,1,1,2
470,"Malta",4,"Median","12",1964,1,1,2
470,"Malta",4,"Median","13",1964,1,1,2
470,"Malta",4,"Median","14",1964,2,1,2
470,"Malta",4,"Median","15",1964,2,1,3
470,"Malta",4,"Median","16",1964,2,1,3
470,"Malta",4,"Median","17",1964,3,1,4
470,"Malta",4,"Median","18",1964,3,1,4
470,"Malta",4,"Median","19",1964,3,1,4
470,"Malta",4,"Median","20",1964,2,1,3
470,"Malta",4,"Median","21",1964,2,1,3
470,"Malta",4,"Median","22",1964,2,1,2
470,"Malta",4,"Median","23",1964,1,1,2
470,"Malta",4,"Median","24",1964,1,1,2
470,"Malta",4,"Median","25",1964,1,1,2
470,"Malta",4,"Median","26",1964,1,1,3
470,"Malta",4,"Median","27",1964,1,2,3
470,"Malta",4,"Median","28",1964,2,2,4
470,"Malta",4,"Median","29",1964,2,2,4
470,"Malta",4,"Median","30",1964,2,2,4
470,"Malta",4,"Median","31",1964,2,2,4
470,"Malta",4,"Median","32",1964,2,2,4
470,"Malta",4,"Median","33",1964,2,2,4
470,"Malta",4,"Median","34",1964,2,3,5
470,"Malta",4,"Median","35",1964,2,3,5
470,"Malta",4,"Median","36",1964,3,3,6
470,"Malta",4,"Median","37",1964,3,3,6
470,"Malta",4,"Median","38",1964,3,3,7
470,"Malta",4,"Median","39",1964,4,4,7
470,"Malta",4,"Median","40",1964,4,4,8
470,"Malta",4,"Median","41",1964,4,4,8
470,"Malta",4,"Median","42",1964,5,4,9
470,"Malta",4,"Median","43",1964,5,4,9
470,"Malta",4,"Median","44",1964,6,4,10
470,"Malta",4,"Median","45",1964,6,4,11
470,"Malta",4,"Median","46",1964,7,5,12
470,"Malta",4,"Median","47",1964,8,5,13
470,"Malta",4,"Median","48",1964,8,5,14
470,"Malta",4,"Median","49",1964,9,6,15
470,"Malta",4,"Median","50",1964,10,6,16
470,"Malta",4,"Median","51",1964,11,7,18
470,"Malta",4,"Median","52",1964,12,9,21
470,"Malta",4,"Median","53",1964,14,10,24
470,"Malta",4,"Median","54",1964,16,12,28
470,"Malta",4,"Median","55",1964,19,14,33
470,"Malta",4,"Median","56",1964,22,16,38
470,"Malta",4,"Median","57",1964,25,18,43
470,"Malta",4,"Median","58",1964,27,20,47
470,"Malta",4,"Median","59",1964,28,21,49
470,"Malta",4,"Median","60",1964,29,22,51
470,"Malta",4,"Median","61",1964,29,23,52
470,"Malta",4,"Median","62",1964,30,23,53
470,"Malta",4,"Median","63",1964,30,25,55
470,"Malta",4,"Median","64",1964,32,26,58
470,"Malta",4,"Median","65",1964,34,28,63
470,"Malta",4,"Median","66",1964,36,31,67
470,"Malta",4,"Median","67",1964,38,34,72
470,"Malta",4,"Median","68",1964,40,36,76
470,"Malta",4,"Median","69",1964,41,38,79
470,"Malta",4,"Median","70",1964,41,40,81
470,"Malta",4,"Median","71",1964,43,42,85
470,"Malta",4,"Median","72",1964,45,44,88
470,"Malta",4,"Median","73",1964,46,45,91
470,"Malta",4,"Median","74",1964,47,46,92
470,"Malta",4,"Median","75",1964,47,46,93
470,"Malta",4,"Median","76",1964,47,47,94
470,"Malta",4,"Median","77",1964,47,48,95
470,"Malta",4,"Median","78",1964,47,48,95
470,"Malta",4,"Median","79",1964,46,49,95
470,"Malta",4,"Median","80",1964,45,48,92
470,"Malta",4,"Median","81",1964,43,46,89
470,"Malta",4,"Median","82",1964,40,44,84
470,"Malta",4,"Median","83",1964,36,41,77
470,"Malta",4,"Median","84",1964,31,38,69
470,"Malta",4,"Median","85",1964,26,33,59
470,"Malta",4,"Median","86",1964,21,28,49
470,"Malta",4,"Median","87",1964,16,23,39
470,"Malta",4,"Median","88",1964,12,18,31
470,"Malta",4,"Median","89",1964,9,14,23
470,"Malta",4,"Median","90",1964,6,10,16
470,"Malta",4,"Median","91",1964,4,7,11
470,"Malta",4,"Median","92",1964,3,5,8
470,"Malta",4,"Median","93",1964,2,4,6
470,"Malta",4,"Median","94",1964,1,2,4
470,"Malta",4,"Median","95",1964,1,1,2
470,"Malta",4,"Median","96",1964,0,1,1
470,"Malta",4,"Median","97",1964,0,0,1
470,"Malta",4,"Median","98",1964,0,0,0
470,"Malta",4,"Median","99",1964,0,0,0
470,"Malta",4,"Median","0",1965,107,77,184
470,"Malta",4,"Median","1",1965,4,5,9
470,"Malta",4,"Median","2",1965,3,3,6
470,"Malta",4,"Median","3",1965,3,2,5
470,"Malta",4,"Median","4",1965,2,1,4
470,"Malta",4,"Median","5",1965,2,1,3
470,"Malta",4,"Median","6",1965,2,1,2
470,"Malta",4,"Median","7",1965,1,1,2
470,"Malta",4,"Median","8",1965,1,1,2
470,"Malta",4,"Median","9",1965,1,1,2
470,"Malta",4,"Median","10",1965,1,1,2
470,"Malta",4,"Median","11",1965,1,1,2
470,"Malta",4,"Median","12",1965,1,1,2
470,"Malta",4,"Median","13",1965,1,1,2
470,"Malta",4,"Median","14",1965,1,1,2
470,"Malta",4,"Median","15",1965,2,1,3
470,"Malta",4,"Median","16",1965,2,1,3
470,"Malta",4,"Median","17",1965,3,1,4
470,"Malta",4,"Median","18",1965,3,1,4
470,"Malta",4,"Median","19",1965,3,1,4
470,"Malta",4,"Median","20",1965,3,1,4
470,"Malta",4,"Median","21",1965,2,1,3
470,"Malta",4,"Median","22",1965,2,1,3
470,"Malta",4,"Median","23",1965,1,1,2
470,"Malta",4,"Median","24",1965,1,1,2
470,"Malta",4,"Median","25",1965,1,1,2
470,"Malta",4,"Median","26",1965,1,1,2
470,"Malta",4,"Median","27",1965,1,1,2
470,"Malta",4,"Median","28",1965,1,2,3
470,"Malta",4,"Median","29",1965,1,2,3
470,"Malta",4,"Median","30",1965,1,2,3
470,"Malta",4,"Median","31",1965,2,2,4
470,"Malta",4,"Median","32",1965,2,2,4
470,"Malta",4,"Median","33",1965,2,2,4
470,"Malta",4,"Median","34",1965,2,2,5
470,"Malta",4,"Median","35",1965,2,3,5
470,"Malta",4,"Median","36",1965,3,3,6
470,"Malta",4,"Median","37",1965,3,3,6
470,"Malta",4,"Median","38",1965,3,3,7
470,"Malta",4,"Median","39",1965,4,4,7
470,"Malta",4,"Median","40",1965,4,4,8
470,"Malta",4,"Median","41",1965,5,4,9
470,"Malta",4,"Median","42",1965,5,4,9
470,"Malta",4,"Median","43",1965,6,4,10
470,"Malta",4,"Median","44",1965,6,4,10
470,"Malta",4,"Median","45",1965,7,5,11
470,"Malta",4,"Median","46",1965,7,5,12
470,"Malta",4,"Median","47",1965,8,5,13
470,"Malta",4,"Median","48",1965,8,5,13
470,"Malta",4,"Median","49",1965,9,6,14
470,"Malta",4,"Median","50",1965,9,6,16
470,"Malta",4,"Median","51",1965,10,7,17
470,"Malta",4,"Median","52",1965,12,8,20
470,"Malta",4,"Median","53",1965,14,9,23
470,"Malta",4,"Median","54",1965,16,11,27
470,"Malta",4,"Median","55",1965,19,13,32
470,"Malta",4,"Median","56",1965,21,15,37
470,"Malta",4,"Median","57",1965,24,17,41
470,"Malta",4,"Median","58",1965,26,19,46
470,"Malta",4,"Median","59",1965,28,21,49
470,"Malta",4,"Median","60",1965,29,22,51
470,"Malta",4,"Median","61",1965,30,23,53
470,"Malta",4,"Median","62",1965,31,24,55
470,"Malta",4,"Median","63",1965,32,25,57
470,"Malta",4,"Median","64",1965,33,27,60
470,"Malta",4,"Median","65",1965,35,29,64
470,"Malta",4,"Median","66",1965,37,31,68
470,"Malta",4,"Median","67",1965,38,35,73
470,"Malta",4,"Median","68",1965,39,37,77
470,"Malta",4,"Median","69",1965,40,40,80
470,"Malta",4,"Median","70",1965,41,42,82
470,"Malta",4,"Median","71",1965,42,44,87
470,"Malta",4,"Median","72",1965,44,47,91
470,"Malta",4,"Median","73",1965,46,48,94
470,"Malta",4,"Median","74",1965,47,49,96
470,"Malta",4,"Median","75",1965,47,50,97
470,"Malta",4,"Median","76",1965,48,50,98
470,"Malta",4,"Median","77",1965,48,51,98
470,"Malta",4,"Median","78",1965,47,51,98
470,"Malta",4,"Median","79",1965,47,51,98
470,"Malta",4,"Median","80",1965,45,51,96
470,"Malta",4,"Median","81",1965,43,49,93
470,"Malta",4,"Median","82",1965,41,47,89
470,"Malta",4,"Median","83",1965,38,45,83
470,"Malta",4,"Median","84",1965,34,41,75
470,"Malta",4,"Median","85",1965,29,37,66
470,"Malta",4,"Median","86",1965,24,32,56
470,"Malta",4,"Median","87",1965,19,26,45
470,"Malta",4,"Median","88",1965,14,21,35
470,"Malta",4,"Median","89",1965,10,16,26
470,"Malta",4,"Median","90",1965,7,11,18
470,"Malta",4,"Median","91",1965,4,7,12
470,"Malta",4,"Median","92",1965,3,5,8
470,"Malta",4,"Median","93",1965,2,3,5
470,"Malta",4,"Median","94",1965,1,2,3
470,"Malta",4,"Median","95",1965,1,1,2
470,"Malta",4,"Median","96",1965,0,1,1
470,"Malta",4,"Median","97",1965,0,0,1
470,"Malta",4,"Median","98",1965,0,0,0
470,"Malta",4,"Median","99",1965,0,0,0
470,"Malta",4,"Median","0",1966,96,73,170
470,"Malta",4,"Median","1",1966,5,4,9
470,"Malta",4,"Median","2",1966,3,3,6
470,"Malta",4,"Median","3",1966,3,2,4
470,"Malta",4,"Median","4",1966,2,1,3
470,"Malta",4,"Median","5",1966,2,1,3
470,"Malta",4,"Median","6",1966,1,1,2
470,"Malta",4,"Median","7",1966,1,1,2
470,"Malta",4,"Median","8",1966,1,1,2
470,"Malta",4,"Median","9",1966,1,1,2
470,"Malta",4,"Median","10",1966,1,1,2
470,"Malta",4,"Median","11",1966,1,1,2
470,"Malta",4,"Median","12",1966,1,1,2
470,"Malta",4,"Median","13",1966,1,1,2
470,"Malta",4,"Median","14",1966,1,1,2
470,"Malta",4,"Median","15",1966,2,1,3
470,"Malta",4,"Median","16",1966,2,1,3
470,"Malta",4,"Median","17",1966,2,1,3
470,"Malta",4,"Median","18",1966,3,1,3
470,"Malta",4,"Median","19",1966,3,1,3
470,"Malta",4,"Median","20",1966,2,1,3
470,"Malta",4,"Median","21",1966,2,1,3
470,"Malta",4,"Median","22",1966,2,1,3
470,"Malta",4,"Median","23",1966,1,1,2
470,"Malta",4,"Median","24",1966,1,1,2
470,"Malta",4,"Median","25",1966,1,1,2
470,"Malta",4,"Median","26",1966,1,1,2
470,"Malta",4,"Median","27",1966,1,1,2
470,"Malta",4,"Median","28",1966,1,1,2
470,"Malta",4,"Median","29",1966,1,1,2
470,"Malta",4,"Median","30",1966,1,2,3
470,"Malta",4,"Median","31",1966,1,2,3
470,"Malta",4,"Median","32",1966,2,2,4
470,"Malta",4,"Median","33",1966,2,2,4
470,"Malta",4,"Median","34",1966,2,2,4
470,"Malta",4,"Median","35",1966,2,2,5
470,"Malta",4,"Median","36",1966,2,3,5
470,"Malta",4,"Median","37",1966,3,3,6
470,"Malta",4,"Median","38",1966,3,3,6
470,"Malta",4,"Median","39",1966,4,3,7
470,"Malta",4,"Median","40",1966,4,4,8
470,"Malta",4,"Median","41",1966,4,4,8
470,"Malta",4,"Median","42",1966,5,4,9
470,"Malta",4,"Median","43",1966,6,4,10
470,"Malta",4,"Median","44",1966,6,4,11
470,"Malta",4,"Median","45",1966,7,5,11
470,"Malta",4,"Median","46",1966,7,5,12
470,"Malta",4,"Median","47",1966,8,5,13
470,"Malta",4,"Median","48",1966,8,5,13
470,"Malta",4,"Median","49",1966,9,6,14
470,"Malta",4,"Median","50",1966,9,6,15
470,"Malta",4,"Median","51",1966,10,7,17
470,"Malta",4,"Median","52",1966,11,8,19
470,"Malta",4,"Median","53",1966,13,9,22
470,"Malta",4,"Median","54",1966,15,10,26
470,"Malta",4,"Median","55",1966,18,12,30
470,"Malta",4,"Median","56",1966,21,14,35
470,"Malta",4,"Median","57",1966,23,16,40
470,"Malta",4,"Median","58",1966,26,19,44
470,"Malta",4,"Median","59",1966,28,21,49
470,"Malta",4,"Median","60",1966,30,23,52
470,"Malta",4,"Median","61",1966,31,24,55
470,"Malta",4,"Median","62",1966,32,25,57
470,"Malta",4,"Median","63",1966,33,27,59
470,"Malta",4,"Median","64",1966,34,28,62
470,"Malta",4,"Median","65",1966,35,29,64
470,"Malta",4,"Median","66",1966,36,31,67
470,"Malta",4,"Median","67",1966,38,33,71
470,"Malta",4,"Median","68",1966,39,35,74
470,"Malta",4,"Median","69",1966,40,37,77
470,"Malta",4,"Median","70",1966,41,40,80
470,"Malta",4,"Median","71",1966,43,43,85
470,"Malta",4,"Median","72",1966,45,45,90
470,"Malta",4,"Median","73",1966,46,48,94
470,"Malta",4,"Median","74",1966,48,49,97
470,"Malta",4,"Median","75",1966,48,50,98
470,"Malta",4,"Median","76",1966,49,50,99
470,"Malta",4,"Median","77",1966,49,51,99
470,"Malta",4,"Median","78",1966,48,51,99
470,"Malta",4,"Median","79",1966,48,51,98
470,"Malta",4,"Median","80",1966,46,50,97
470,"Malta",4,"Median","81",1966,45,49,94
470,"Malta",4,"Median","82",1966,42,48,90
470,"Malta",4,"Median","83",1966,40,46,85
470,"Malta",4,"Median","84",1966,36,43,79
470,"Malta",4,"Median","85",1966,32,39,71
470,"Malta",4,"Median","86",1966,27,35,62
470,"Malta",4,"Median","87",1966,22,30,51
470,"Malta",4,"Median","88",1966,17,24,40
470,"Malta",4,"Median","89",1966,12,18,30
470,"Malta",4,"Median","90",1966,8,13,21
470,"Malta",4,"Median","91",1966,5,9,14
470,"Malta",4,"Median","92",1966,3,5,8
470,"Malta",4,"Median","93",1966,2,3,5
470,"Malta",4,"Median","94",1966,1,2,3
470,"Malta",4,"Median","95",1966,1,1,2
470,"Malta",4,"Median","96",1966,0,1,1
470,"Malta",4,"Median","97",1966,0,0,0
470,"Malta",4,"Median","98",1966,0,0,0
470,"Malta",4,"Median","99",1966,0,0,0
470,"Malta",4,"Median","0",1967,90,65,155
470,"Malta",4,"Median","1",1967,4,4,9
470,"Malta",4,"Median","2",1967,3,3,6
470,"Malta",4,"Median","3",1967,2,2,4
470,"Malta",4,"Median","4",1967,2,1,3
470,"Malta",4,"Median","5",1967,1,1,2
470,"Malta",4,"Median","6",1967,1,1,2
470,"Malta",4,"Median","7",1967,1,1,2
470,"Malta",4,"Median","8",1967,1,1,1
470,"Malta",4,"Median","9",1967,1,1,1
470,"Malta",4,"Median","10",1967,1,1,1
470,"Malta",4,"Median","11",1967,1,1,2
470,"Malta",4,"Median","12",1967,1,1,2
470,"Malta",4,"Median","13",1967,1,1,2
470,"Malta",4,"Median","14",1967,2,1,2
470,"Malta",4,"Median","15",1967,2,1,3
470,"Malta",4,"Median","16",1967,2,1,3
470,"Malta",4,"Median","17",1967,3,1,4
470,"Malta",4,"Median","18",1967,3,1,4
470,"Malta",4,"Median","19",1967,3,1,4
470,"Malta",4,"Median","20",1967,3,1,4
470,"Malta",4,"Median","21",1967,2,1,3
470,"Malta",4,"Median","22",1967,2,1,3
470,"Malta",4,"Median","23",1967,2,1,3
470,"Malta",4,"Median","24",1967,1,1,2
470,"Malta",4,"Median","25",1967,1,1,2
470,"Malta",4,"Median","26",1967,1,1,2
470,"Malta",4,"Median","27",1967,1,1,2
470,"Malta",4,"Median","28",1967,1,1,2
470,"Malta",4,"Median","29",1967,1,1,2
470,"Malta",4,"Median","30",1967,1,2,3
470,"Malta",4,"Median","31",1967,1,2,3
470,"Malta",4,"Median","32",1967,2,2,4
470,"Malta",4,"Median","33",1967,2,2,4
470,"Malta",4,"Median","34",1967,2,2,5
470,"Malta",4,"Median","35",1967,2,2,5
470,"Malta",4,"Median","36",1967,3,2,5
470,"Malta",4,"Median","37",1967,3,2,5
470,"Malta",4,"Median","38",1967,3,3,6
470,"Malta",4,"Median","39",1967,3,3,6
470,"Malta",4,"Median","40",1967,4,3,7
470,"Malta",4,"Median","41",1967,4,4,8
470,"Malta",4,"Median","42",1967,5,4,9
470,"Malta",4,"Median","43",1967,5,4,10
470,"Malta",4,"Median","44",1967,6,5,11
470,"Malta",4,"Median","45",1967,7,5,11
470,"Malta",4,"Median","46",1967,7,5,12
470,"Malta",4,"Median","47",1967,8,5,13
470,"Malta",4,"Median","48",1967,8,5,13
470,"Malta",4,"Median","49",1967,8,5,14
470,"Malta",4,"Median","50",1967,9,6,15
470,"Malta",4,"Median","51",1967,10,6,16
470,"Malta",4,"Median","52",1967,11,7,18
470,"Malta",4,"Median","53",1967,12,8,21
470,"Malta",4,"Median","54",1967,15,10,24
470,"Malta",4,"Median","55",1967,17,11,29
470,"Malta",4,"Median","56",1967,20,13,34
470,"Malta",4,"Median","57",1967,24,16,39
470,"Malta",4,"Median","58",1967,26,18,44
470,"Malta",4,"Median","59",1967,29,20,49
470,"Malta",4,"Median","60",1967,30,23,53
470,"Malta",4,"Median","61",1967,32,25,56
470,"Malta",4,"Median","62",1967,33,27,59
470,"Malta",4,"Median","63",1967,34,28,62
470,"Malta",4,"Median","64",1967,35,29,64
470,"Malta",4,"Median","65",1967,36,30,66
470,"Malta",4,"Median","66",1967,38,31,69
470,"Malta",4,"Median","67",1967,39,32,71
470,"Malta",4,"Median","68",1967,40,34,74
470,"Malta",4,"Median","69",1967,42,37,78
470,"Malta",4,"Median","70",1967,43,40,82
470,"Malta",4,"Median","71",1967,45,44,88
470,"Malta",4,"Median","72",1967,47,47,94
470,"Malta",4,"Median","73",1967,49,50,98
470,"Malta",4,"Median","74",1967,50,52,102
470,"Malta",4,"Median","75",1967,51,53,103
470,"Malta",4,"Median","76",1967,51,53,104
470,"Malta",4,"Median","77",1967,51,53,104
470,"Malta",4,"Median","78",1967,50,53,103
470,"Malta",4,"Median","79",1967,49,53,102
470,"Malta",4,"Median","80",1967,48,52,100
470,"Malta",4,"Median","81",1967,47,51,98
470,"Malta",4,"Median","82",1967,44,50,94
470,"Malta",4,"Median","83",1967,42,48,89
470,"Malta",4,"Median","84",1967,39,45,84
470,"Malta",4,"Median","85",1967,35,42,78
470,"Malta",4,"Median","86",1967,31,38,70
470,"Malta",4,"Median","87",1967,26,34,60
470,"Malta",4,"Median","88",1967,21,29,49
470,"Malta",4,"Median","89",1967,15,23,38
470,"Malta",4,"Median","90",1967,11,17,27
470,"Malta",4,"Median","91",1967,7,11,18
470,"Malta",4,"Median","92",1967,4,7,11
470,"Malta",4,"Median","93",1967,2,3,5
470,"Malta",4,"Median","94",1967,1,2,3
470,"Malta",4,"Median","95",1967,1,1,2
470,"Malta",4,"Median","96",1967,0,1,1
470,"Malta",4,"Median","97",1967,0,0,0
470,"Malta",4,"Median","98",1967,0,0,0
470,"Malta",4,"Median","99",1967,0,0,0
470,"Malta",4,"Median","0",1968,84,61,145
470,"Malta",4,"Median","1",1968,3,4,7
470,"Malta",4,"Median","2",1968,3,2,5
470,"Malta",4,"Median","3",1968,2,2,4
470,"Malta",4,"Median","4",1968,2,1,3
470,"Malta",4,"Median","5",1968,1,1,2
470,"Malta",4,"Median","6",1968,1,1,2
470,"Malta",4,"Median","7",1968,1,1,2
470,"Malta",4,"Median","8",1968,1,1,2
470,"Malta",4,"Median","9",1968,1,1,2
470,"Malta",4,"Median","10",1968,1,1,2
470,"Malta",4,"Median","11",1968,1,1,2
470,"Malta",4,"Median","12",1968,1,1,2
470,"Malta",4,"Median","13",1968,1,1,2
470,"Malta",4,"Median","14",1968,2,1,3
470,"Malta",4,"Median","15",1968,2,1,3
470,"Malta",4,"Median","16",1968,2,1,3
470,"Malta",4,"Median","17",1968,2,1,3
470,"Malta",4,"Median","18",1968,3,1,4
470,"Malta",4,"Median","19",1968,3,1,4
470,"Malta",4,"Median","20",1968,3,1,4
470,"Malta",4,"Median","21",1968,3,1,4
470,"Malta",4,"Median","22",1968,2,1,3
470,"Malta",4,"Median","23",1968,2,1,3
470,"Malta",4,"Median","24",1968,2,1,3
470,"Malta",4,"Median","25",1968,2,1,2
470,"Malta",4,"Median","26",1968,1,0,2
470,"Malta",4,"Median","27",1968,1,0,2
470,"Malta",4,"Median","28",1968,1,1,2
470,"Malta",4,"Median","29",1968,1,1,2
470,"Malta",4,"Median","30",1968,1,1,2
470,"Malta",4,"Median","31",1968,2,1,3
470,"Malta",4,"Median","32",1968,2,2,3
470,"Malta",4,"Median","33",1968,2,2,4
470,"Malta",4,"Median","34",1968,2,2,4
470,"Malta",4,"Median","35",1968,2,2,5
470,"Malta",4,"Median","36",1968,3,2,5
470,"Malta",4,"Median","37",1968,3,2,5
470,"Malta",4,"Median","38",1968,3,2,5
470,"Malta",4,"Median","39",1968,3,2,6
470,"Malta",4,"Median","40",1968,4,3,7
470,"Malta",4,"Median","41",1968,4,4,8
470,"Malta",4,"Median","42",1968,5,4,9
470,"Malta",4,"Median","43",1968,5,5,10
470,"Malta",4,"Median","44",1968,6,5,11
470,"Malta",4,"Median","45",1968,7,5,12
470,"Malta",4,"Median","46",1968,7,5,13
470,"Malta",4,"Median","47",1968,8,5,13
470,"Malta",4,"Median","48",1968,9,5,14
470,"Malta",4,"Median","49",1968,9,5,14
470,"Malta",4,"Median","50",1968,9,6,15
470,"Malta",4,"Median","51",1968,10,6,16
470,"Malta",4,"Median","52",1968,11,7,17
470,"Malta",4,"Median","53",1968,12,8,20
470,"Malta",4,"Median","54",1968,14,9,23
470,"Malta",4,"Median","55",1968,16,10,27
470,"Malta",4,"Median","56",1968,20,12,32
470,"Malta",4,"Median","57",1968,23,14,37
470,"Malta",4,"Median","58",1968,26,17,43
470,"Malta",4,"Median","59",1968,28,19,48
470,"Malta",4,"Median","60",1968,30,22,53
470,"Malta",4,"Median","61",1968,32,25,57
470,"Malta",4,"Median","62",1968,33,28,61
470,"Malta",4,"Median","63",1968,35,30,64
470,"Malta",4,"Median","64",1968,36,31,67
470,"Malta",4,"Median","65",1968,38,32,70
470,"Malta",4,"Median","66",1968,39,32,71
470,"Malta",4,"Median","67",1968,41,32,73
470,"Malta",4,"Median","68",1968,42,33,75
470,"Malta",4,"Median","69",1968,43,35,78
470,"Malta",4,"Median","70",1968,44,39,82
470,"Malta",4,"Median","71",1968,46,43,89
470,"Malta",4,"Median","72",1968,48,47,95
470,"Malta",4,"Median","73",1968,50,50,100
470,"Malta",4,"Median","74",1968,51,53,104
470,"Malta",4,"Median","75",1968,52,54,106
470,"Malta",4,"Median","76",1968,52,55,106
470,"Malta",4,"Median","77",1968,51,55,106
470,"Malta",4,"Median","78",1968,51,54,105
470,"Malta",4,"Median","79",1968,50,53,103
470,"Malta",4,"Median","80",1968,49,53,101
470,"Malta",4,"Median","81",1968,47,51,98
470,"Malta",4,"Median","82",1968,45,50,95
470,"Malta",4,"Median","83",1968,42,48,91
470,"Malta",4,"Median","84",1968,40,46,86
470,"Malta",4,"Median","85",1968,37,44,80
470,"Malta",4,"Median","86",1968,33,40,74
470,"Malta",4,"Median","87",1968,29,37,66
470,"Malta",4,"Median","88",1968,25,32,57
470,"Malta",4,"Median","89",1968,19,27,46
470,"Malta",4,"Median","90",1968,14,21,35
470,"Malta",4,"Median","91",1968,9,15,24
470,"Malta",4,"Median","92",1968,6,10,15
470,"Malta",4,"Median","93",1968,3,5,8
470,"Malta",4,"Median","94",1968,1,2,3
470,"Malta",4,"Median","95",1968,0,1,1
470,"Malta",4,"Median","96",1968,0,1,1
470,"Malta",4,"Median","97",1968,0,0,0
470,"Malta",4,"Median","98",1968,0,0,0
470,"Malta",4,"Median","99",1968,0,0,0
470,"Malta",4,"Median","0",1969,83,59,142
470,"Malta",4,"Median","1",1969,2,3,5
470,"Malta",4,"Median","2",1969,2,2,4
470,"Malta",4,"Median","3",1969,2,2,3
470,"Malta",4,"Median","4",1969,1,1,3
470,"Malta",4,"Median","5",1969,1,1,2
470,"Malta",4,"Median","6",1969,1,1,2
470,"Malta",4,"Median","7",1969,1,1,2
470,"Malta",4,"Median","8",1969,1,1,2
470,"Malta",4,"Median","9",1969,1,1,2
470,"Malta",4,"Median","10",1969,1,1,2
470,"Malta",4,"Median","11",1969,1,1,2
470,"Malta",4,"Median","12",1969,1,1,2
470,"Malta",4,"Median","13",1969,1,1,2
470,"Malta",4,"Median","14",1969,2,1,3
470,"Malta",4,"Median","15",1969,2,1,3
470,"Malta",4,"Median","16",1969,2,1,3
470,"Malta",4,"Median","17",1969,3,1,4
470,"Malta",4,"Median","18",1969,3,1,4
470,"Malta",4,"Median","19",1969,3,1,4
470,"Malta",4,"Median","20",1969,3,1,4
470,"Malta",4,"Median","21",1969,3,1,4
470,"Malta",4,"Median","22",1969,3,1,4
470,"Malta",4,"Median","23",1969,3,1,3
470,"Malta",4,"Median","24",1969,2,1,3
470,"Malta",4,"Median","25",1969,2,1,3
470,"Malta",4,"Median","26",1969,2,1,3
470,"Malta",4,"Median","27",1969,2,1,2
470,"Malta",4,"Median","28",1969,1,1,2
470,"Malta",4,"Median","29",1969,1,1,2
470,"Malta",4,"Median","30",1969,1,1,2
470,"Malta",4,"Median","31",1969,1,1,3
470,"Malta",4,"Median","32",1969,1,2,3
470,"Malta",4,"Median","33",1969,2,2,3
470,"Malta",4,"Median","34",1969,2,2,4
470,"Malta",4,"Median","35",1969,2,2,4
470,"Malta",4,"Median","36",1969,3,2,4
470,"Malta",4,"Median","37",1969,3,2,5
470,"Malta",4,"Median","38",1969,3,2,5
470,"Malta",4,"Median","39",1969,3,2,6
470,"Malta",4,"Median","40",1969,3,3,6
470,"Malta",4,"Median","41",1969,4,4,7
470,"Malta",4,"Median","42",1969,4,4,9
470,"Malta",4,"Median","43",1969,5,5,10
470,"Malta",4,"Median","44",1969,6,5,11
470,"Malta",4,"Median","45",1969,7,5,12
470,"Malta",4,"Median","46",1969,8,5,13
470,"Malta",4,"Median","47",1969,8,5,14
470,"Malta",4,"Median","48",1969,9,5,14
470,"Malta",4,"Median","49",1969,10,5,15
470,"Malta",4,"Median","50",1969,10,6,16
470,"Malta",4,"Median","51",1969,10,6,17
470,"Malta",4,"Median","52",1969,11,7,18
470,"Malta",4,"Median","53",1969,12,8,20
470,"Malta",4,"Median","54",1969,13,9,22
470,"Malta",4,"Median","55",1969,16,10,26
470,"Malta",4,"Median","56",1969,18,12,30
470,"Malta",4,"Median","57",1969,22,14,35
470,"Malta",4,"Median","58",1969,25,16,40
470,"Malta",4,"Median","59",1969,27,18,46
470,"Malta",4,"Median","60",1969,30,21,51
470,"Malta",4,"Median","61",1969,32,24,56
470,"Malta",4,"Median","62",1969,34,27,61
470,"Malta",4,"Median","63",1969,36,30,66
470,"Malta",4,"Median","64",1969,38,32,70
470,"Malta",4,"Median","65",1969,40,34,73
470,"Malta",4,"Median","66",1969,41,34,75
470,"Malta",4,"Median","67",1969,42,34,76
470,"Malta",4,"Median","68",1969,42,35,77
470,"Malta",4,"Median","69",1969,43,36,79
470,"Malta",4,"Median","70",1969,44,38,82
470,"Malta",4,"Median","71",1969,46,41,87
470,"Malta",4,"Median","72",1969,48,46,93
470,"Malta",4,"Median","73",1969,50,50,100
470,"Malta",4,"Median","74",1969,51,53,105
470,"Malta",4,"Median","75",1969,52,56,108
470,"Malta",4,"Median","76",1969,52,57,109
470,"Malta",4,"Median","77",1969,52,57,108
470,"Malta",4,"Median","78",1969,51,56,106
470,"Malta",4,"Median","79",1969,49,55,104
470,"Malta",4,"Median","80",1969,48,53,101
470,"Malta",4,"Median","81",1969,46,51,97
470,"Malta",4,"Median","82",1969,43,49,92
470,"Malta",4,"Median","83",1969,40,47,87
470,"Malta",4,"Median","84",1969,37,44,81
470,"Malta",4,"Median","85",1969,34,41,75
470,"Malta",4,"Median","86",1969,30,38,68
470,"Malta",4,"Median","87",1969,26,34,61
470,"Malta",4,"Median","88",1969,22,30,52
470,"Malta",4,"Median","89",1969,18,25,43
470,"Malta",4,"Median","90",1969,13,20,34
470,"Malta",4,"Median","91",1969,9,15,24
470,"Malta",4,"Median","92",1969,6,10,16
470,"Malta",4,"Median","93",1969,3,6,9
470,"Malta",4,"Median","94",1969,2,3,5
470,"Malta",4,"Median","95",1969,1,1,2
470,"Malta",4,"Median","96",1969,0,1,1
470,"Malta",4,"Median","97",1969,0,0,0
470,"Malta",4,"Median","98",1969,0,0,0
470,"Malta",4,"Median","99",1969,0,0,0
470,"Malta",4,"Median","0",1970,77,59,136
470,"Malta",4,"Median","1",1970,2,2,4
470,"Malta",4,"Median","2",1970,2,2,3
470,"Malta",4,"Median","3",1970,1,1,3
470,"Malta",4,"Median","4",1970,1,1,2
470,"Malta",4,"Median","5",1970,1,1,2
470,"Malta",4,"Median","6",1970,1,1,2
470,"Malta",4,"Median","7",1970,1,1,2
470,"Malta",4,"Median","8",1970,1,1,2
470,"Malta",4,"Median","9",1970,1,1,2
470,"Malta",4,"Median","10",1970,1,1,2
470,"Malta",4,"Median","11",1970,1,1,2
470,"Malta",4,"Median","12",1970,1,1,2
470,"Malta",4,"Median","13",1970,1,1,2
470,"Malta",4,"Median","14",1970,1,1,3
470,"Malta",4,"Median","15",1970,2,1,3
470,"Malta",4,"Median","16",1970,2,1,3
470,"Malta",4,"Median","17",1970,2,1,4
470,"Malta",4,"Median","18",1970,3,1,4
470,"Malta",4,"Median","19",1970,3,1,4
470,"Malta",4,"Median","20",1970,3,1,4
470,"Malta",4,"Median","21",1970,3,1,4
470,"Malta",4,"Median","22",1970,3,1,3
470,"Malta",4,"Median","23",1970,3,1,3
470,"Malta",4,"Median","24",1970,3,1,3
470,"Malta",4,"Median","25",1970,3,1,3
470,"Malta",4,"Median","26",1970,2,1,3
470,"Malta",4,"Median","27",1970,2,1,3
470,"Malta",4,"Median","28",1970,2,1,3
470,"Malta",4,"Median","29",1970,2,1,3
470,"Malta",4,"Median","30",1970,1,1,3
470,"Malta",4,"Median","31",1970,1,1,3
470,"Malta",4,"Median","32",1970,2,2,3
470,"Malta",4,"Median","33",1970,2,2,4
470,"Malta",4,"Median","34",1970,2,2,4
470,"Malta",4,"Median","35",1970,2,2,4
470,"Malta",4,"Median","36",1970,3,2,5
470,"Malta",4,"Median","37",1970,3,2,5
470,"Malta",4,"Median","38",1970,3,2,5
470,"Malta",4,"Median","39",1970,3,2,6
470,"Malta",4,"Median","40",1970,3,3,6
470,"Malta",4,"Median","41",1970,3,3,7
470,"Malta",4,"Median","42",1970,4,4,7
470,"Malta",4,"Median","43",1970,4,4,8
470,"Malta",4,"Median","44",1970,5,5,10
470,"Malta",4,"Median","45",1970,6,5,11
470,"Malta",4,"Median","46",1970,7,5,12
470,"Malta",4,"Median","47",1970,8,5,13
470,"Malta",4,"Median","48",1970,9,5,14
470,"Malta",4,"Median","49",1970,10,6,16
470,"Malta",4,"Median","50",1970,11,6,17
470,"Malta",4,"Median","51",1970,12,6,18
470,"Malta",4,"Median","52",1970,12,7,19
470,"Malta",4,"Median","53",1970,13,8,21
470,"Malta",4,"Median","54",1970,14,9,23
470,"Malta",4,"Median","55",1970,16,10,26
470,"Malta",4,"Median","56",1970,18,11,29
470,"Malta",4,"Median","57",1970,21,13,34
470,"Malta",4,"Median","58",1970,23,15,38
470,"Malta",4,"Median","59",1970,26,18,44
470,"Malta",4,"Median","60",1970,29,20,49
470,"Malta",4,"Median","61",1970,32,23,55
470,"Malta",4,"Median","62",1970,34,27,61
470,"Malta",4,"Median","63",1970,37,29,66
470,"Malta",4,"Median","64",1970,39,32,71
470,"Malta",4,"Median","65",1970,41,33,74
470,"Malta",4,"Median","66",1970,42,34,76
470,"Malta",4,"Median","67",1970,43,34,77
470,"Malta",4,"Median","68",1970,44,34,77
470,"Malta",4,"Median","69",1970,44,35,79
470,"Malta",4,"Median","70",1970,45,37,82
470,"Malta",4,"Median","71",1970,47,39,86
470,"Malta",4,"Median","72",1970,49,43,92
470,"Malta",4,"Median","73",1970,51,47,98
470,"Malta",4,"Median","74",1970,53,51,104
470,"Malta",4,"Median","75",1970,54,55,108
470,"Malta",4,"Median","76",1970,54,57,111
470,"Malta",4,"Median","77",1970,53,57,111
470,"Malta",4,"Median","78",1970,52,56,108
470,"Malta",4,"Median","79",1970,50,55,105
470,"Malta",4,"Median","80",1970,48,52,100
470,"Malta",4,"Median","81",1970,45,50,95
470,"Malta",4,"Median","82",1970,42,47,90
470,"Malta",4,"Median","83",1970,39,45,84
470,"Malta",4,"Median","84",1970,35,42,77
470,"Malta",4,"Median","85",1970,32,38,70
470,"Malta",4,"Median","86",1970,28,35,63
470,"Malta",4,"Median","87",1970,24,31,55
470,"Malta",4,"Median","88",1970,20,27,47
470,"Malta",4,"Median","89",1970,16,23,39
470,"Malta",4,"Median","90",1970,13,18,31
470,"Malta",4,"Median","91",1970,9,14,23
470,"Malta",4,"Median","92",1970,6,10,16
470,"Malta",4,"Median","93",1970,3,6,10
470,"Malta",4,"Median","94",1970,2,4,5
470,"Malta",4,"Median","95",1970,1,2,2
470,"Malta",4,"Median","96",1970,0,1,1
470,"Malta",4,"Median","97",1970,0,0,0
470,"Malta",4,"Median","98",1970,0,0,0
470,"Malta",4,"Median","99",1970,0,0,0
470,"Malta",4,"Median","0",1971,81,57,137
470,"Malta",4,"Median","1",1971,1,2,3
470,"Malta",4,"Median","2",1971,1,2,3
470,"Malta",4,"Median","3",1971,1,1,3
470,"Malta",4,"Median","4",1971,1,1,2
470,"Malta",4,"Median","5",1971,1,1,2
470,"Malta",4,"Median","6",1971,1,1,2
470,"Malta",4,"Median","7",1971,1,1,2
470,"Malta",4,"Median","8",1971,1,1,2
470,"Malta",4,"Median","9",1971,1,1,2
470,"Malta",4,"Median","10",1971,1,1,2
470,"Malta",4,"Median","11",1971,1,1,2
470,"Malta",4,"Median","12",1971,1,1,2
470,"Malta",4,"Median","13",1971,1,1,2
470,"Malta",4,"Median","14",1971,1,1,2
470,"Malta",4,"Median","15",1971,2,1,3
470,"Malta",4,"Median","16",1971,2,1,4
470,"Malta",4,"Median","17",1971,3,1,4
470,"Malta",4,"Median","18",1971,3,1,4
470,"Malta",4,"Median","19",1971,3,1,5
470,"Malta",4,"Median","20",1971,3,1,4
470,"Malta",4,"Median","21",1971,3,1,4
470,"Malta",4,"Median","22",1971,3,1,4
470,"Malta",4,"Median","23",1971,3,1,4
470,"Malta",4,"Median","24",1971,3,1,4
470,"Malta",4,"Median","25",1971,3,1,4
470,"Malta",4,"Median","26",1971,3,1,4
470,"Malta",4,"Median","27",1971,3,1,3
470,"Malta",4,"Median","28",1971,2,1,3
470,"Malta",4,"Median","29",1971,2,1,3
470,"Malta",4,"Median","30",1971,2,1,3
470,"Malta",4,"Median","31",1971,2,1,3
470,"Malta",4,"Median","32",1971,2,1,3
470,"Malta",4,"Median","33",1971,2,2,4
470,"Malta",4,"Median","34",1971,2,2,4
470,"Malta",4,"Median","35",1971,3,2,5
470,"Malta",4,"Median","36",1971,4,2,6
470,"Malta",4,"Median","37",1971,4,2,6
470,"Malta",4,"Median","38",1971,4,2,6
470,"Malta",4,"Median","39",1971,4,3,6
470,"Malta",4,"Median","40",1971,4,3,7
470,"Malta",4,"Median","41",1971,4,3,7
470,"Malta",4,"Median","42",1971,4,4,7
470,"Malta",4,"Median","43",1971,4,4,8
470,"Malta",4,"Median","44",1971,5,4,9
470,"Malta",4,"Median","45",1971,6,5,10
470,"Malta",4,"Median","46",1971,7,5,12
470,"Malta",4,"Median","47",1971,8,5,13
470,"Malta",4,"Median","48",1971,10,5,15
470,"Malta",4,"Median","49",1971,11,5,16
470,"Malta",4,"Median","50",1971,12,6,18
470,"Malta",4,"Median","51",1971,13,7,19
470,"Malta",4,"Median","52",1971,13,8,21
470,"Malta",4,"Median","53",1971,14,8,23
470,"Malta",4,"Median","54",1971,15,9,24
470,"Malta",4,"Median","55",1971,17,10,27
470,"Malta",4,"Median","56",1971,19,11,30
470,"Malta",4,"Median","57",1971,21,13,34
470,"Malta",4,"Median","58",1971,24,14,39
470,"Malta",4,"Median","59",1971,27,17,44
470,"Malta",4,"Median","60",1971,31,20,50
470,"Malta",4,"Median","61",1971,34,23,56
470,"Malta",4,"Median","62",1971,36,26,62
470,"Malta",4,"Median","63",1971,39,29,68
470,"Malta",4,"Median","64",1971,42,31,73
470,"Malta",4,"Median","65",1971,44,33,77
470,"Malta",4,"Median","66",1971,45,34,79
470,"Malta",4,"Median","67",1971,47,35,82
470,"Malta",4,"Median","68",1971,48,35,83
470,"Malta",4,"Median","69",1971,49,36,85
470,"Malta",4,"Median","70",1971,50,38,88
470,"Malta",4,"Median","71",1971,51,40,91
470,"Malta",4,"Median","72",1971,53,43,96
470,"Malta",4,"Median","73",1971,55,47,102
470,"Malta",4,"Median","74",1971,57,51,108
470,"Malta",4,"Median","75",1971,58,55,113
470,"Malta",4,"Median","76",1971,58,58,116
470,"Malta",4,"Median","77",1971,58,59,117
470,"Malta",4,"Median","78",1971,56,59,115
470,"Malta",4,"Median","79",1971,54,57,111
470,"Malta",4,"Median","80",1971,51,55,106
470,"Malta",4,"Median","81",1971,47,52,99
470,"Malta",4,"Median","82",1971,44,48,92
470,"Malta",4,"Median","83",1971,40,45,85
470,"Malta",4,"Median","84",1971,36,41,77
470,"Malta",4,"Median","85",1971,32,37,69
470,"Malta",4,"Median","86",1971,27,34,61
470,"Malta",4,"Median","87",1971,23,30,53
470,"Malta",4,"Median","88",1971,19,26,45
470,"Malta",4,"Median","89",1971,15,22,37
470,"Malta",4,"Median","90",1971,12,18,30
470,"Malta",4,"Median","91",1971,9,14,22
470,"Malta",4,"Median","92",1971,6,10,15
470,"Malta",4,"Median","93",1971,3,7,10
470,"Malta",4,"Median","94",1971,2,4,6
470,"Malta",4,"Median","95",1971,1,2,3
470,"Malta",4,"Median","96",1971,0,1,1
470,"Malta",4,"Median","97",1971,0,0,0
470,"Malta",4,"Median","98",1971,0,0,0
470,"Malta",4,"Median","99",1971,0,0,0
470,"Malta",4,"Median","0",1972,73,56,129
470,"Malta",4,"Median","1",1972,1,1,2
470,"Malta",4,"Median","2",1972,1,1,2
470,"Malta",4,"Median","3",1972,1,1,2
470,"Malta",4,"Median","4",1972,1,1,2
470,"Malta",4,"Median","5",1972,1,1,2
470,"Malta",4,"Median","6",1972,1,1,2
470,"Malta",4,"Median","7",1972,1,1,2
470,"Malta",4,"Median","8",1972,1,1,2
470,"Malta",4,"Median","9",1972,1,1,2
470,"Malta",4,"Median","10",1972,1,1,2
470,"Malta",4,"Median","11",1972,1,1,2
470,"Malta",4,"Median","12",1972,1,1,2
470,"Malta",4,"Median","13",1972,1,1,2
470,"Malta",4,"Median","14",1972,1,1,2
470,"Malta",4,"Median","15",1972,2,1,3
470,"Malta",4,"Median","16",1972,2,1,3
470,"Malta",4,"Median","17",1972,3,1,4
470,"Malta",4,"Median","18",1972,3,1,4
470,"Malta",4,"Median","19",1972,3,1,4
470,"Malta",4,"Median","20",1972,3,1,4
470,"Malta",4,"Median","21",1972,3,1,4
470,"Malta",4,"Median","22",1972,3,1,4
470,"Malta",4,"Median","23",1972,3,1,4
470,"Malta",4,"Median","24",1972,3,1,4
470,"Malta",4,"Median","25",1972,3,1,4
470,"Malta",4,"Median","26",1972,3,1,4
470,"Malta",4,"Median","27",1972,3,1,4
470,"Malta",4,"Median","28",1972,2,1,3
470,"Malta",4,"Median","29",1972,2,1,3
470,"Malta",4,"Median","30",1972,2,1,3
470,"Malta",4,"Median","31",1972,2,1,3
470,"Malta",4,"Median","32",1972,2,1,3
470,"Malta",4,"Median","33",1972,2,1,3
470,"Malta",4,"Median","34",1972,2,1,3
470,"Malta",4,"Median","35",1972,3,2,4
470,"Malta",4,"Median","36",1972,3,2,5
470,"Malta",4,"Median","37",1972,3,2,6
470,"Malta",4,"Median","38",1972,4,3,6
470,"Malta",4,"Median","39",1972,4,3,7
470,"Malta",4,"Median","40",1972,4,3,7
470,"Malta",4,"Median","41",1972,4,3,7
470,"Malta",4,"Median","42",1972,4,3,7
470,"Malta",4,"Median","43",1972,4,4,8
470,"Malta",4,"Median","44",1972,5,4,9
470,"Malta",4,"Median","45",1972,6,4,10
470,"Malta",4,"Median","46",1972,7,4,11
470,"Malta",4,"Median","47",1972,8,5,13
470,"Malta",4,"Median","48",1972,10,5,15
470,"Malta",4,"Median","49",1972,11,6,17
470,"Malta",4,"Median","50",1972,12,7,19
470,"Malta",4,"Median","51",1972,13,7,21
470,"Malta",4,"Median","52",1972,14,8,22
470,"Malta",4,"Median","53",1972,15,9,23
470,"Malta",4,"Median","54",1972,15,9,25
470,"Malta",4,"Median","55",1972,16,10,26
470,"Malta",4,"Median","56",1972,17,10,28
470,"Malta",4,"Median","57",1972,19,11,30
470,"Malta",4,"Median","58",1972,21,13,34
470,"Malta",4,"Median","59",1972,24,15,39
470,"Malta",4,"Median","60",1972,27,18,46
470,"Malta",4,"Median","61",1972,31,21,52
470,"Malta",4,"Median","62",1972,34,25,59
470,"Malta",4,"Median","63",1972,37,27,64
470,"Malta",4,"Median","64",1972,40,30,69
470,"Malta",4,"Median","65",1972,42,31,73
470,"Malta",4,"Median","66",1972,43,32,76
470,"Malta",4,"Median","67",1972,45,34,78
470,"Malta",4,"Median","68",1972,46,35,81
470,"Malta",4,"Median","69",1972,48,37,84
470,"Malta",4,"Median","70",1972,49,39,88
470,"Malta",4,"Median","71",1972,50,40,90
470,"Malta",4,"Median","72",1972,51,42,92
470,"Malta",4,"Median","73",1972,52,45,97
470,"Malta",4,"Median","74",1972,54,48,102
470,"Malta",4,"Median","75",1972,55,53,108
470,"Malta",4,"Median","76",1972,56,56,112
470,"Malta",4,"Median","77",1972,56,59,114
470,"Malta",4,"Median","78",1972,54,59,114
470,"Malta",4,"Median","79",1972,52,58,110
470,"Malta",4,"Median","80",1972,49,55,104
470,"Malta",4,"Median","81",1972,45,52,97
470,"Malta",4,"Median","82",1972,41,48,89
470,"Malta",4,"Median","83",1972,37,44,81
470,"Malta",4,"Median","84",1972,33,40,73
470,"Malta",4,"Median","85",1972,29,36,65
470,"Malta",4,"Median","86",1972,24,32,56
470,"Malta",4,"Median","87",1972,20,28,48
470,"Malta",4,"Median","88",1972,16,24,40
470,"Malta",4,"Median","89",1972,13,20,33
470,"Malta",4,"Median","90",1972,10,16,26
470,"Malta",4,"Median","91",1972,8,13,20
470,"Malta",4,"Median","92",1972,5,9,14
470,"Malta",4,"Median","93",1972,3,6,9
470,"Malta",4,"Median","94",1972,2,4,6
470,"Malta",4,"Median","95",1972,1,2,3
470,"Malta",4,"Median","96",1972,0,1,1
470,"Malta",4,"Median","97",1972,0,0,1
470,"Malta",4,"Median","98",1972,0,0,0
470,"Malta",4,"Median","99",1972,0,0,0
470,"Malta",4,"Median","0",1973,66,56,122
470,"Malta",4,"Median","1",1973,1,1,2
470,"Malta",4,"Median","2",1973,1,1,2
470,"Malta",4,"Median","3",1973,1,1,2
470,"Malta",4,"Median","4",1973,1,1,2
470,"Malta",4,"Median","5",1973,1,1,2
470,"Malta",4,"Median","6",1973,1,1,2
470,"Malta",4,"Median","7",1973,1,1,2
470,"Malta",4,"Median","8",1973,1,1,2
470,"Malta",4,"Median","9",1973,1,1,2
470,"Malta",4,"Median","10",1973,1,1,2
470,"Malta",4,"Median","11",1973,1,1,1
470,"Malta",4,"Median","12",1973,1,1,1
470,"Malta",4,"Median","13",1973,1,1,2
470,"Malta",4,"Median","14",1973,1,1,2
470,"Malta",4,"Median","15",1973,1,1,2
470,"Malta",4,"Median","16",1973,2,1,3
470,"Malta",4,"Median","17",1973,2,1,3
470,"Malta",4,"Median","18",1973,2,1,3
470,"Malta",4,"Median","19",1973,3,1,4
470,"Malta",4,"Median","20",1973,3,1,4
470,"Malta",4,"Median","21",1973,3,1,4
470,"Malta",4,"Median","22",1973,3,1,4
470,"Malta",4,"Median","23",1973,3,1,4
470,"Malta",4,"Median","24",1973,2,1,4
470,"Malta",4,"Median","25",1973,2,1,4
470,"Malta",4,"Median","26",1973,2,2,4
470,"Malta",4,"Median","27",1973,2,2,4
470,"Malta",4,"Median","28",1973,2,1,4
470,"Malta",4,"Median","29",1973,2,1,3
470,"Malta",4,"Median","30",1973,2,1,3
470,"Malta",4,"Median","31",1973,2,1,3
470,"Malta",4,"Median","32",1973,2,1,3
470,"Malta",4,"Median","33",1973,2,1,3
470,"Malta",4,"Median","34",1973,2,1,3
470,"Malta",4,"Median","35",1973,2,2,4
470,"Malta",4,"Median","36",1973,2,2,5
470,"Malta",4,"Median","37",1973,3,3,5
470,"Malta",4,"Median","38",1973,3,3,6
470,"Malta",4,"Median","39",1973,3,3,6
470,"Malta",4,"Median","40",1973,3,3,7
470,"Malta",4,"Median","41",1973,4,3,7
470,"Malta",4,"Median","42",1973,4,3,7
470,"Malta",4,"Median","43",1973,4,3,7
470,"Malta",4,"Median","44",1973,5,4,8
470,"Malta",4,"Median","45",1973,5,4,9
470,"Malta",4,"Median","46",1973,6,5,11
470,"Malta",4,"Median","47",1973,7,5,12
470,"Malta",4,"Median","48",1973,9,6,14
470,"Malta",4,"Median","49",1973,10,6,17
470,"Malta",4,"Median","50",1973,12,7,19
470,"Malta",4,"Median","51",1973,13,7,21
470,"Malta",4,"Median","52",1973,15,8,23
470,"Malta",4,"Median","53",1973,16,8,24
470,"Malta",4,"Median","54",1973,16,9,25
470,"Malta",4,"Median","55",1973,17,9,26
470,"Malta",4,"Median","56",1973,17,10,27
470,"Malta",4,"Median","57",1973,18,11,29
470,"Malta",4,"Median","58",1973,20,13,33
470,"Malta",4,"Median","59",1973,22,15,37
470,"Malta",4,"Median","60",1973,25,18,43
470,"Malta",4,"Median","61",1973,29,20,49
470,"Malta",4,"Median","62",1973,32,23,55
470,"Malta",4,"Median","63",1973,35,25,60
470,"Malta",4,"Median","64",1973,37,27,64
470,"Malta",4,"Median","65",1973,39,29,68
470,"Malta",4,"Median","66",1973,41,31,71
470,"Malta",4,"Median","67",1973,42,33,75
470,"Malta",4,"Median","68",1973,43,35,78
470,"Malta",4,"Median","69",1973,45,38,82
470,"Malta",4,"Median","70",1973,46,40,86
470,"Malta",4,"Median","71",1973,47,41,88
470,"Malta",4,"Median","72",1973,48,42,90
470,"Malta",4,"Median","73",1973,49,44,93
470,"Malta",4,"Median","74",1973,50,47,97
470,"Malta",4,"Median","75",1973,51,50,102
470,"Malta",4,"Median","76",1973,52,54,106
470,"Malta",4,"Median","77",1973,52,57,109
470,"Malta",4,"Median","78",1973,51,59,110
470,"Malta",4,"Median","79",1973,50,59,108
470,"Malta",4,"Median","80",1973,47,57,103
470,"Malta",4,"Median","81",1973,43,53,96
470,"Malta",4,"Median","82",1973,39,49,87
470,"Malta",4,"Median","83",1973,34,44,79
470,"Malta",4,"Median","84",1973,30,40,70
470,"Malta",4,"Median","85",1973,26,35,61
470,"Malta",4,"Median","86",1973,22,31,53
470,"Malta",4,"Median","87",1973,18,27,45
470,"Malta",4,"Median","88",1973,14,22,37
470,"Malta",4,"Median","89",1973,11,19,30
470,"Malta",4,"Median","90",1973,8,15,23
470,"Malta",4,"Median","91",1973,6,12,18
470,"Malta",4,"Median","92",1973,4,9,13
470,"Malta",4,"Median","93",1973,3,6,9
470,"Malta",4,"Median","94",1973,2,4,5
470,"Malta",4,"Median","95",1973,1,2,3
470,"Malta",4,"Median","96",1973,0,1,2
470,"Malta",4,"Median","97",1973,0,1,1
470,"Malta",4,"Median","98",1973,0,0,0
470,"Malta",4,"Median","99",1973,0,0,0
470,"Malta",4,"Median","0",1974,63,49,112
470,"Malta",4,"Median","1",1974,1,1,2
470,"Malta",4,"Median","2",1974,1,1,2
470,"Malta",4,"Median","3",1974,1,1,2
470,"Malta",4,"Median","4",1974,1,1,2
470,"Malta",4,"Median","5",1974,1,1,2
470,"Malta",4,"Median","6",1974,1,1,2
470,"Malta",4,"Median","7",1974,1,1,2
470,"Malta",4,"Median","8",1974,1,1,2
470,"Malta",4,"Median","9",1974,1,1,2
470,"Malta",4,"Median","10",1974,1,1,1
470,"Malta",4,"Median","11",1974,1,1,1
470,"Malta",4,"Median","12",1974,1,1,1
470,"Malta",4,"Median","13",1974,1,1,2
470,"Malta",4,"Median","14",1974,1,1,2
470,"Malta",4,"Median","15",1974,1,1,2
470,"Malta",4,"Median","16",1974,1,1,2
470,"Malta",4,"Median","17",1974,2,1,3
470,"Malta",4,"Median","18",1974,2,1,3
470,"Malta",4,"Median","19",1974,2,1,3
470,"Malta",4,"Median","20",1974,3,1,4
470,"Malta",4,"Median","21",1974,3,1,4
470,"Malta",4,"Median","22",1974,2,1,4
470,"Malta",4,"Median","23",1974,2,1,4
470,"Malta",4,"Median","24",1974,2,1,4
470,"Malta",4,"Median","25",1974,2,2,4
470,"Malta",4,"Median","26",1974,2,2,4
470,"Malta",4,"Median","27",1974,2,1,3
470,"Malta",4,"Median","28",1974,2,1,3
470,"Malta",4,"Median","29",1974,2,1,3
470,"Malta",4,"Median","30",1974,2,1,3
470,"Malta",4,"Median","31",1974,2,1,3
470,"Malta",4,"Median","32",1974,2,1,3
470,"Malta",4,"Median","33",1974,2,1,3
470,"Malta",4,"Median","34",1974,2,1,3
470,"Malta",4,"Median","35",1974,2,2,4
470,"Malta",4,"Median","36",1974,2,2,4
470,"Malta",4,"Median","37",1974,3,3,5
470,"Malta",4,"Median","38",1974,3,3,6
470,"Malta",4,"Median","39",1974,3,3,7
470,"Malta",4,"Median","40",1974,3,3,7
470,"Malta",4,"Median","41",1974,4,3,7
470,"Malta",4,"Median","42",1974,4,3,7
470,"Malta",4,"Median","43",1974,4,3,7
470,"Malta",4,"Median","44",1974,5,3,8
470,"Malta",4,"Median","45",1974,5,4,9
470,"Malta",4,"Median","46",1974,6,4,10
470,"Malta",4,"Median","47",1974,7,5,12
470,"Malta",4,"Median","48",1974,8,6,14
470,"Malta",4,"Median","49",1974,10,7,17
470,"Malta",4,"Median","50",1974,12,7,19
470,"Malta",4,"Median","51",1974,14,7,21
470,"Malta",4,"Median","52",1974,15,7,22
470,"Malta",4,"Median","53",1974,16,8,24
470,"Malta",4,"Median","54",1974,16,8,24
470,"Malta",4,"Median","55",1974,16,9,25
470,"Malta",4,"Median","56",1974,16,10,26
470,"Malta",4,"Median","57",1974,16,12,28
470,"Malta",4,"Median","58",1974,17,13,31
470,"Malta",4,"Median","59",1974,19,15,35
470,"Malta",4,"Median","60",1974,22,18,40
470,"Malta",4,"Median","61",1974,26,20,45
470,"Malta",4,"Median","62",1974,30,22,51
470,"Malta",4,"Median","63",1974,33,23,56
470,"Malta",4,"Median","64",1974,36,25,61
470,"Malta",4,"Median","65",1974,37,27,64
470,"Malta",4,"Median","66",1974,39,29,68
470,"Malta",4,"Median","67",1974,40,32,72
470,"Malta",4,"Median","68",1974,41,35,76
470,"Malta",4,"Median","69",1974,42,38,80
470,"Malta",4,"Median","70",1974,43,42,85
470,"Malta",4,"Median","71",1974,44,43,87
470,"Malta",4,"Median","72",1974,44,44,89
470,"Malta",4,"Median","73",1974,45,45,90
470,"Malta",4,"Median","74",1974,46,47,93
470,"Malta",4,"Median","75",1974,47,50,97
470,"Malta",4,"Median","76",1974,48,53,101
470,"Malta",4,"Median","77",1974,48,56,104
470,"Malta",4,"Median","78",1974,48,58,106
470,"Malta",4,"Median","79",1974,46,59,106
470,"Malta",4,"Median","80",1974,44,58,102
470,"Malta",4,"Median","81",1974,40,55,96
470,"Malta",4,"Median","82",1974,36,51,87
470,"Malta",4,"Median","83",1974,32,46,78
470,"Malta",4,"Median","84",1974,28,41,69
470,"Malta",4,"Median","85",1974,24,36,60
470,"Malta",4,"Median","86",1974,20,31,51
470,"Malta",4,"Median","87",1974,16,27,43
470,"Malta",4,"Median","88",1974,13,22,35
470,"Malta",4,"Median","89",1974,10,18,28
470,"Malta",4,"Median","90",1974,7,14,22
470,"Malta",4,"Median","91",1974,5,11,16
470,"Malta",4,"Median","92",1974,4,8,12
470,"Malta",4,"Median","93",1974,2,6,8
470,"Malta",4,"Median","94",1974,1,4,5
470,"Malta",4,"Median","95",1974,1,2,3
470,"Malta",4,"Median","96",1974,0,1,2
470,"Malta",4,"Median","97",1974,0,1,1
470,"Malta",4,"Median","98",1974,0,0,0
470,"Malta",4,"Median","99",1974,0,0,0
470,"Malta",4,"Median","0",1975,64,49,113
470,"Malta",4,"Median","1",1975,2,1,3
470,"Malta",4,"Median","2",1975,2,1,3
470,"Malta",4,"Median","3",1975,1,1,2
470,"Malta",4,"Median","4",1975,1,1,2
470,"Malta",4,"Median","5",1975,1,1,2
470,"Malta",4,"Median","6",1975,1,1,1
470,"Malta",4,"Median","7",1975,1,1,1
470,"Malta",4,"Median","8",1975,1,1,1
470,"Malta",4,"Median","9",1975,1,1,1
470,"Malta",4,"Median","10",1975,0,1,1
470,"Malta",4,"Median","11",1975,0,1,1
470,"Malta",4,"Median","12",1975,1,1,1
470,"Malta",4,"Median","13",1975,1,1,1
470,"Malta",4,"Median","14",1975,1,1,2
470,"Malta",4,"Median","15",1975,1,1,2
470,"Malta",4,"Median","16",1975,2,1,3
470,"Malta",4,"Median","17",1975,2,1,3
470,"Malta",4,"Median","18",1975,3,1,3
470,"Malta",4,"Median","19",1975,3,1,4
470,"Malta",4,"Median","20",1975,3,1,4
470,"Malta",4,"Median","21",1975,3,1,4
470,"Malta",4,"Median","22",1975,2,1,3
470,"Malta",4,"Median","23",1975,2,1,3
470,"Malta",4,"Median","24",1975,2,1,4
470,"Malta",4,"Median","25",1975,2,1,4
470,"Malta",4,"Median","26",1975,2,2,4
470,"Malta",4,"Median","27",1975,2,1,4
470,"Malta",4,"Median","28",1975,2,1,3
470,"Malta",4,"Median","29",1975,2,1,3
470,"Malta",4,"Median","30",1975,2,1,3
470,"Malta",4,"Median","31",1975,2,1,3
470,"Malta",4,"Median","32",1975,2,1,3
470,"Malta",4,"Median","33",1975,2,1,3
470,"Malta",4,"Median","34",1975,2,1,3
470,"Malta",4,"Median","35",1975,2,2,3
470,"Malta",4,"Median","36",1975,2,2,4
470,"Malta",4,"Median","37",1975,2,2,5
470,"Malta",4,"Median","38",1975,3,3,5
470,"Malta",4,"Median","39",1975,3,3,6
470,"Malta",4,"Median","40",1975,4,3,6
470,"Malta",4,"Median","41",1975,4,3,7
470,"Malta",4,"Median","42",1975,5,3,7
470,"Malta",4,"Median","43",1975,5,3,8
470,"Malta",4,"Median","44",1975,5,3,8
470,"Malta",4,"Median","45",1975,6,4,9
470,"Malta",4,"Median","46",1975,6,4,10
470,"Malta",4,"Median","47",1975,7,5,12
470,"Malta",4,"Median","48",1975,8,6,14
470,"Malta",4,"Median","49",1975,10,7,17
470,"Malta",4,"Median","50",1975,12,7,19
470,"Malta",4,"Median","51",1975,14,7,21
470,"Malta",4,"Median","52",1975,15,8,23
470,"Malta",4,"Median","53",1975,16,8,24
470,"Malta",4,"Median","54",1975,17,8,25
470,"Malta",4,"Median","55",1975,17,9,25
470,"Malta",4,"Median","56",1975,17,10,26
470,"Malta",4,"Median","57",1975,17,11,28
470,"Malta",4,"Median","58",1975,18,12,30
470,"Malta",4,"Median","59",1975,20,14,34
470,"Malta",4,"Median","60",1975,23,16,39
470,"Malta",4,"Median","61",1975,26,19,44
470,"Malta",4,"Median","62",1975,30,21,50
470,"Malta",4,"Median","63",1975,33,23,56
470,"Malta",4,"Median","64",1975,36,25,60
470,"Malta",4,"Median","65",1975,38,27,64
470,"Malta",4,"Median","66",1975,39,29,68
470,"Malta",4,"Median","67",1975,40,32,72
470,"Malta",4,"Median","68",1975,42,35,77
470,"Malta",4,"Median","69",1975,43,39,82
470,"Malta",4,"Median","70",1975,45,42,87
470,"Malta",4,"Median","71",1975,46,45,91
470,"Malta",4,"Median","72",1975,47,47,93
470,"Malta",4,"Median","73",1975,47,48,95
470,"Malta",4,"Median","74",1975,48,49,97
470,"Malta",4,"Median","75",1975,48,50,99
470,"Malta",4,"Median","76",1975,49,53,102
470,"Malta",4,"Median","77",1975,50,56,105
470,"Malta",4,"Median","78",1975,49,58,108
470,"Malta",4,"Median","79",1975,48,60,108
470,"Malta",4,"Median","80",1975,46,60,106
470,"Malta",4,"Median","81",1975,42,58,100
470,"Malta",4,"Median","82",1975,38,54,92
470,"Malta",4,"Median","83",1975,33,49,82
470,"Malta",4,"Median","84",1975,29,44,72
470,"Malta",4,"Median","85",1975,24,38,62
470,"Malta",4,"Median","86",1975,20,33,53
470,"Malta",4,"Median","87",1975,16,27,44
470,"Malta",4,"Median","88",1975,13,23,35
470,"Malta",4,"Median","89",1975,10,18,28
470,"Malta",4,"Median","90",1975,7,15,22
470,"Malta",4,"Median","91",1975,5,11,16
470,"Malta",4,"Median","92",1975,3,8,11
470,"Malta",4,"Median","93",1975,2,6,8
470,"Malta",4,"Median","94",1975,1,4,5
470,"Malta",4,"Median","95",1975,1,2,3
470,"Malta",4,"Median","96",1975,0,1,2
470,"Malta",4,"Median","97",1975,0,1,1
470,"Malta",4,"Median","98",1975,0,0,0
470,"Malta",4,"Median","99",1975,0,0,0
470,"Malta",4,"Median","0",1976,56,46,102
470,"Malta",4,"Median","1",1976,2,1,3
470,"Malta",4,"Median","2",1976,2,1,2
470,"Malta",4,"Median","3",1976,1,1,2
470,"Malta",4,"Median","4",1976,1,1,2
470,"Malta",4,"Median","5",1976,1,1,2
470,"Malta",4,"Median","6",1976,1,1,1
470,"Malta",4,"Median","7",1976,1,1,1
470,"Malta",4,"Median","8",1976,1,1,1
470,"Malta",4,"Median","9",1976,1,1,1
470,"Malta",4,"Median","10",1976,1,0,1
470,"Malta",4,"Median","11",1976,1,0,1
470,"Malta",4,"Median","12",1976,1,1,1
470,"Malta",4,"Median","13",1976,1,1,1
470,"Malta",4,"Median","14",1976,1,1,2
470,"Malta",4,"Median","15",1976,2,1,2
470,"Malta",4,"Median","16",1976,2,1,3
470,"Malta",4,"Median","17",1976,2,1,3
470,"Malta",4,"Median","18",1976,2,1,4
470,"Malta",4,"Median","19",1976,2,1,4
470,"Malta",4,"Median","20",1976,2,1,4
470,"Malta",4,"Median","21",1976,2,1,3
470,"Malta",4,"Median","22",1976,2,1,3
470,"Malta",4,"Median","23",1976,2,1,3
470,"Malta",4,"Median","24",1976,2,1,3
470,"Malta",4,"Median","25",1976,2,1,4
470,"Malta",4,"Median","26",1976,3,1,4
470,"Malta",4,"Median","27",1976,3,1,4
470,"Malta",4,"Median","28",1976,3,1,4
470,"Malta",4,"Median","29",1976,3,1,4
470,"Malta",4,"Median","30",1976,3,1,4
470,"Malta",4,"Median","31",1976,2,1,4
470,"Malta",4,"Median","32",1976,2,1,4
470,"Malta",4,"Median","33",1976,2,2,3
470,"Malta",4,"Median","34",1976,2,2,3
470,"Malta",4,"Median","35",1976,1,2,3
470,"Malta",4,"Median","36",1976,1,2,3
470,"Malta",4,"Median","37",1976,2,2,4
470,"Malta",4,"Median","38",1976,2,2,4
470,"Malta",4,"Median","39",1976,3,2,5
470,"Malta",4,"Median","40",1976,3,2,6
470,"Malta",4,"Median","41",1976,4,2,7
470,"Malta",4,"Median","42",1976,5,3,8
470,"Malta",4,"Median","43",1976,6,3,9
470,"Malta",4,"Median","44",1976,6,3,9
470,"Malta",4,"Median","45",1976,6,4,10
470,"Malta",4,"Median","46",1976,6,4,11
470,"Malta",4,"Median","47",1976,7,5,12
470,"Malta",4,"Median","48",1976,8,6,14
470,"Malta",4,"Median","49",1976,9,7,16
470,"Malta",4,"Median","50",1976,11,7,18
470,"Malta",4,"Median","51",1976,14,7,21
470,"Malta",4,"Median","52",1976,16,8,24
470,"Malta",4,"Median","53",1976,18,8,26
470,"Malta",4,"Median","54",1976,18,9,28
470,"Malta",4,"Median","55",1976,18,10,29
470,"Malta",4,"Median","56",1976,18,11,29
470,"Malta",4,"Median","57",1976,18,12,30
470,"Malta",4,"Median","58",1976,18,14,32
470,"Malta",4,"Median","59",1976,19,15,34
470,"Malta",4,"Median","60",1976,21,16,37
470,"Malta",4,"Median","61",1976,23,17,41
470,"Malta",4,"Median","62",1976,26,19,45
470,"Malta",4,"Median","63",1976,30,21,50
470,"Malta",4,"Median","64",1976,33,23,55
470,"Malta",4,"Median","65",1976,36,25,61
470,"Malta",4,"Median","66",1976,38,28,66
470,"Malta",4,"Median","67",1976,40,32,71
470,"Malta",4,"Median","68",1976,42,36,77
470,"Malta",4,"Median","69",1976,43,40,83
470,"Malta",4,"Median","70",1976,44,44,89
470,"Malta",4,"Median","71",1976,46,48,94
470,"Malta",4,"Median","72",1976,47,51,98
470,"Malta",4,"Median","73",1976,48,53,101
470,"Malta",4,"Median","74",1976,49,53,102
470,"Malta",4,"Median","75",1976,49,54,103
470,"Malta",4,"Median","76",1976,49,55,104
470,"Malta",4,"Median","77",1976,49,57,106
470,"Malta",4,"Median","78",1976,49,59,108
470,"Malta",4,"Median","79",1976,48,61,109
470,"Malta",4,"Median","80",1976,46,62,108
470,"Malta",4,"Median","81",1976,43,61,104
470,"Malta",4,"Median","82",1976,39,58,96
470,"Malta",4,"Median","83",1976,34,53,87
470,"Malta",4,"Median","84",1976,29,47,76
470,"Malta",4,"Median","85",1976,25,41,66
470,"Malta",4,"Median","86",1976,20,35,55
470,"Malta",4,"Median","87",1976,16,29,45
470,"Malta",4,"Median","88",1976,13,24,36
470,"Malta",4,"Median","89",1976,9,19,28
470,"Malta",4,"Median","90",1976,7,15,22
470,"Malta",4,"Median","91",1976,5,11,16
470,"Malta",4,"Median","92",1976,3,8,11
470,"Malta",4,"Median","93",1976,2,6,8
470,"Malta",4,"Median","94",1976,1,4,5
470,"Malta",4,"Median","95",1976,1,2,3
470,"Malta",4,"Median","96",1976,0,1,2
470,"Malta",4,"Median","97",1976,0,1,1
470,"Malta",4,"Median","98",1976,0,0,0
470,"Malta",4,"Median","99",1976,0,0,0
470,"Malta",4,"Median","0",1977,57,41,99
470,"Malta",4,"Median","1",1977,2,1,3
470,"Malta",4,"Median","2",1977,2,1,3
470,"Malta",4,"Median","3",1977,1,1,2
470,"Malta",4,"Median","4",1977,1,1,2
470,"Malta",4,"Median","5",1977,1,1,2
470,"Malta",4,"Median","6",1977,1,1,1
470,"Malta",4,"Median","7",1977,1,1,1
470,"Malta",4,"Median","8",1977,0,0,1
470,"Malta",4,"Median","9",1977,0,0,1
470,"Malta",4,"Median","10",1977,0,0,1
470,"Malta",4,"Median","11",1977,1,0,1
470,"Malta",4,"Median","12",1977,1,0,1
470,"Malta",4,"Median","13",1977,1,0,1
470,"Malta",4,"Median","14",1977,1,1,2
470,"Malta",4,"Median","15",1977,1,1,2
470,"Malta",4,"Median","16",1977,2,1,3
470,"Malta",4,"Median","17",1977,2,1,3
470,"Malta",4,"Median","18",1977,2,1,3
470,"Malta",4,"Median","19",1977,2,1,3
470,"Malta",4,"Median","20",1977,2,1,3
470,"Malta",4,"Median","21",1977,2,1,3
470,"Malta",4,"Median","22",1977,2,1,3
470,"Malta",4,"Median","23",1977,2,1,3
470,"Malta",4,"Median","24",1977,2,1,3
470,"Malta",4,"Median","25",1977,2,1,3
470,"Malta",4,"Median","26",1977,3,1,4
470,"Malta",4,"Median","27",1977,3,1,4
470,"Malta",4,"Median","28",1977,3,1,4
470,"Malta",4,"Median","29",1977,3,2,5
470,"Malta",4,"Median","30",1977,3,2,4
470,"Malta",4,"Median","31",1977,3,2,4
470,"Malta",4,"Median","32",1977,2,2,4
470,"Malta",4,"Median","33",1977,2,2,4
470,"Malta",4,"Median","34",1977,2,2,4
470,"Malta",4,"Median","35",1977,2,2,4
470,"Malta",4,"Median","36",1977,2,2,4
470,"Malta",4,"Median","37",1977,2,2,4
470,"Malta",4,"Median","38",1977,2,2,4
470,"Malta",4,"Median","39",1977,3,2,5
470,"Malta",4,"Median","40",1977,3,2,6
470,"Malta",4,"Median","41",1977,4,2,6
470,"Malta",4,"Median","42",1977,5,2,7
470,"Malta",4,"Median","43",1977,6,3,8
470,"Malta",4,"Median","44",1977,6,3,9
470,"Malta",4,"Median","45",1977,6,4,9
470,"Malta",4,"Median","46",1977,6,4,10
470,"Malta",4,"Median","47",1977,6,5,11
470,"Malta",4,"Median","48",1977,7,6,13
470,"Malta",4,"Median","49",1977,9,6,15
470,"Malta",4,"Median","50",1977,11,7,17
470,"Malta",4,"Median","51",1977,13,7,20
470,"Malta",4,"Median","52",1977,15,8,23
470,"Malta",4,"Median","53",1977,17,8,26
470,"Malta",4,"Median","54",1977,19,9,28
470,"Malta",4,"Median","55",1977,19,11,30
470,"Malta",4,"Median","56",1977,19,12,31
470,"Malta",4,"Median","57",1977,19,13,32
470,"Malta",4,"Median","58",1977,19,14,33
470,"Malta",4,"Median","59",1977,20,15,35
470,"Malta",4,"Median","60",1977,21,16,37
470,"Malta",4,"Median","61",1977,24,17,40
470,"Malta",4,"Median","62",1977,26,18,44
470,"Malta",4,"Median","63",1977,29,19,48
470,"Malta",4,"Median","64",1977,32,22,54
470,"Malta",4,"Median","65",1977,35,25,60
470,"Malta",4,"Median","66",1977,38,28,66
470,"Malta",4,"Median","67",1977,40,32,72
470,"Malta",4,"Median","68",1977,42,36,78
470,"Malta",4,"Median","69",1977,44,41,84
470,"Malta",4,"Median","70",1977,45,45,90
470,"Malta",4,"Median","71",1977,47,49,96
470,"Malta",4,"Median","72",1977,49,53,102
470,"Malta",4,"Median","73",1977,51,56,106
470,"Malta",4,"Median","74",1977,51,57,108
470,"Malta",4,"Median","75",1977,52,57,109
470,"Malta",4,"Median","76",1977,52,58,109
470,"Malta",4,"Median","77",1977,51,58,110
470,"Malta",4,"Median","78",1977,51,59,110
470,"Malta",4,"Median","79",1977,50,61,111
470,"Malta",4,"Median","80",1977,48,62,110
470,"Malta",4,"Median","81",1977,45,62,107
470,"Malta",4,"Median","82",1977,41,60,101
470,"Malta",4,"Median","83",1977,36,56,92
470,"Malta",4,"Median","84",1977,31,51,82
470,"Malta",4,"Median","85",1977,26,44,70
470,"Malta",4,"Median","86",1977,21,37,59
470,"Malta",4,"Median","87",1977,17,31,48
470,"Malta",4,"Median","88",1977,13,25,38
470,"Malta",4,"Median","89",1977,10,20,30
470,"Malta",4,"Median","90",1977,7,15,22
470,"Malta",4,"Median","91",1977,5,12,16
470,"Malta",4,"Median","92",1977,3,8,12
470,"Malta",4,"Median","93",1977,2,6,8
470,"Malta",4,"Median","94",1977,1,4,5
470,"Malta",4,"Median","95",1977,1,2,3
470,"Malta",4,"Median","96",1977,0,1,2
470,"Malta",4,"Median","97",1977,0,1,1
470,"Malta",4,"Median","98",1977,0,0,0
470,"Malta",4,"Median","99",1977,0,0,0
470,"Malta",4,"Median","0",1978,56,35,92
470,"Malta",4,"Median","1",1978,2,1,4
470,"Malta",4,"Median","2",1978,2,1,3
470,"Malta",4,"Median","3",1978,1,1,2
470,"Malta",4,"Median","4",1978,1,1,2
470,"Malta",4,"Median","5",1978,1,1,2
470,"Malta",4,"Median","6",1978,1,1,1
470,"Malta",4,"Median","7",1978,1,1,1
470,"Malta",4,"Median","8",1978,1,0,1
470,"Malta",4,"Median","9",1978,1,0,1
470,"Malta",4,"Median","10",1978,1,0,1
470,"Malta",4,"Median","11",1978,1,0,1
470,"Malta",4,"Median","12",1978,1,0,1
470,"Malta",4,"Median","13",1978,1,0,1
470,"Malta",4,"Median","14",1978,1,1,2
470,"Malta",4,"Median","15",1978,2,1,2
470,"Malta",4,"Median","16",1978,2,1,3
470,"Malta",4,"Median","17",1978,2,1,3
470,"Malta",4,"Median","18",1978,3,1,4
470,"Malta",4,"Median","19",1978,3,1,4
470,"Malta",4,"Median","20",1978,2,1,4
470,"Malta",4,"Median","21",1978,2,1,3
470,"Malta",4,"Median","22",1978,2,1,3
470,"Malta",4,"Median","23",1978,2,1,3
470,"Malta",4,"Median","24",1978,2,1,3
470,"Malta",4,"Median","25",1978,2,1,3
470,"Malta",4,"Median","26",1978,3,1,4
470,"Malta",4,"Median","27",1978,3,1,4
470,"Malta",4,"Median","28",1978,3,1,4
470,"Malta",4,"Median","29",1978,3,1,4
470,"Malta",4,"Median","30",1978,3,1,4
470,"Malta",4,"Median","31",1978,3,2,4
470,"Malta",4,"Median","32",1978,2,2,4
470,"Malta",4,"Median","33",1978,2,2,4
470,"Malta",4,"Median","34",1978,2,2,4
470,"Malta",4,"Median","35",1978,2,2,4
470,"Malta",4,"Median","36",1978,2,2,4
470,"Malta",4,"Median","37",1978,2,2,4
470,"Malta",4,"Median","38",1978,2,2,4
470,"Malta",4,"Median","39",1978,3,2,5
470,"Malta",4,"Median","40",1978,3,2,5
470,"Malta",4,"Median","41",1978,4,2,7
470,"Malta",4,"Median","42",1978,5,3,8
470,"Malta",4,"Median","43",1978,6,3,9
470,"Malta",4,"Median","44",1978,6,4,10
470,"Malta",4,"Median","45",1978,6,4,11
470,"Malta",4,"Median","46",1978,7,5,11
470,"Malta",4,"Median","47",1978,7,5,12
470,"Malta",4,"Median","48",1978,8,6,14
470,"Malta",4,"Median","49",1978,9,6,15
470,"Malta",4,"Median","50",1978,11,6,17
470,"Malta",4,"Median","51",1978,13,7,20
470,"Malta",4,"Median","52",1978,15,7,23
470,"Malta",4,"Median","53",1978,17,8,26
470,"Malta",4,"Median","54",1978,19,9,28
470,"Malta",4,"Median","55",1978,19,11,30
470,"Malta",4,"Median","56",1978,19,12,31
470,"Malta",4,"Median","57",1978,19,13,32
470,"Malta",4,"Median","58",1978,19,15,34
470,"Malta",4,"Median","59",1978,20,15,35
470,"Malta",4,"Median","60",1978,21,16,37
470,"Malta",4,"Median","61",1978,23,17,40
470,"Malta",4,"Median","62",1978,26,18,44
470,"Malta",4,"Median","63",1978,29,20,48
470,"Malta",4,"Median","64",1978,32,22,54
470,"Malta",4,"Median","65",1978,35,25,59
470,"Malta",4,"Median","66",1978,37,28,66
470,"Malta",4,"Median","67",1978,40,32,72
470,"Malta",4,"Median","68",1978,42,36,78
470,"Malta",4,"Median","69",1978,44,40,84
470,"Malta",4,"Median","70",1978,46,44,90
470,"Malta",4,"Median","71",1978,48,49,97
470,"Malta",4,"Median","72",1978,51,53,104
470,"Malta",4,"Median","73",1978,52,57,109
470,"Malta",4,"Median","74",1978,54,59,113
470,"Malta",4,"Median","75",1978,54,60,114
470,"Malta",4,"Median","76",1978,54,60,114
470,"Malta",4,"Median","77",1978,53,60,114
470,"Malta",4,"Median","78",1978,53,60,113
470,"Malta",4,"Median","79",1978,51,61,112
470,"Malta",4,"Median","80",1978,49,61,111
470,"Malta",4,"Median","81",1978,47,61,108
470,"Malta",4,"Median","82",1978,43,60,103
470,"Malta",4,"Median","83",1978,39,57,96
470,"Malta",4,"Median","84",1978,33,53,86
470,"Malta",4,"Median","85",1978,28,47,75
470,"Malta",4,"Median","86",1978,23,40,62
470,"Malta",4,"Median","87",1978,18,33,51
470,"Malta",4,"Median","88",1978,14,27,41
470,"Malta",4,"Median","89",1978,10,21,31
470,"Malta",4,"Median","90",1978,7,16,23
470,"Malta",4,"Median","91",1978,5,12,17
470,"Malta",4,"Median","92",1978,3,8,12
470,"Malta",4,"Median","93",1978,2,6,8
470,"Malta",4,"Median","94",1978,1,4,5
470,"Malta",4,"Median","95",1978,1,2,3
470,"Malta",4,"Median","96",1978,0,1,2
470,"Malta",4,"Median","97",1978,0,1,1
470,"Malta",4,"Median","98",1978,0,0,1
470,"Malta",4,"Median","99",1978,0,0,0
470,"Malta",4,"Median","0",1979,54,34,87
470,"Malta",4,"Median","1",1979,2,2,4
470,"Malta",4,"Median","2",1979,2,1,3
470,"Malta",4,"Median","3",1979,1,1,2
470,"Malta",4,"Median","4",1979,1,1,2
470,"Malta",4,"Median","5",1979,1,1,1
470,"Malta",4,"Median","6",1979,1,0,1
470,"Malta",4,"Median","7",1979,1,0,1
470,"Malta",4,"Median","8",1979,0,0,1
470,"Malta",4,"Median","9",1979,0,0,1
470,"Malta",4,"Median","10",1979,0,0,1
470,"Malta",4,"Median","11",1979,0,0,1
470,"Malta",4,"Median","12",1979,1,0,1
470,"Malta",4,"Median","13",1979,1,0,1
470,"Malta",4,"Median","14",1979,1,0,2
470,"Malta",4,"Median","15",1979,1,1,2
470,"Malta",4,"Median","16",1979,2,1,3
470,"Malta",4,"Median","17",1979,2,1,3
470,"Malta",4,"Median","18",1979,3,1,4
470,"Malta",4,"Median","19",1979,3,1,4
470,"Malta",4,"Median","20",1979,2,1,4
470,"Malta",4,"Median","21",1979,2,1,4
470,"Malta",4,"Median","22",1979,2,1,3
470,"Malta",4,"Median","23",1979,2,1,3
470,"Malta",4,"Median","24",1979,2,1,3
470,"Malta",4,"Median","25",1979,2,1,3
470,"Malta",4,"Median","26",1979,2,1,3
470,"Malta",4,"Median","27",1979,3,1,4
470,"Malta",4,"Median","28",1979,3,1,4
470,"Malta",4,"Median","29",1979,3,1,5
470,"Malta",4,"Median","30",1979,4,2,5
470,"Malta",4,"Median","31",1979,4,2,5
470,"Malta",4,"Median","32",1979,3,2,5
470,"Malta",4,"Median","33",1979,3,2,5
470,"Malta",4,"Median","34",1979,2,2,4
470,"Malta",4,"Median","35",1979,2,2,4
470,"Malta",4,"Median","36",1979,2,2,4
470,"Malta",4,"Median","37",1979,2,2,4
470,"Malta",4,"Median","38",1979,2,2,4
470,"Malta",4,"Median","39",1979,2,2,4
470,"Malta",4,"Median","40",1979,3,2,5
470,"Malta",4,"Median","41",1979,4,3,6
470,"Malta",4,"Median","42",1979,5,3,8
470,"Malta",4,"Median","43",1979,5,4,9
470,"Malta",4,"Median","44",1979,6,4,10
470,"Malta",4,"Median","45",1979,6,4,11
470,"Malta",4,"Median","46",1979,6,5,11
470,"Malta",4,"Median","47",1979,7,5,12
470,"Malta",4,"Median","48",1979,7,6,13
470,"Malta",4,"Median","49",1979,8,6,14
470,"Malta",4,"Median","50",1979,10,6,16
470,"Malta",4,"Median","51",1979,12,7,19
470,"Malta",4,"Median","52",1979,15,8,22
470,"Malta",4,"Median","53",1979,17,9,26
470,"Malta",4,"Median","54",1979,19,10,29
470,"Malta",4,"Median","55",1979,20,11,31
470,"Malta",4,"Median","56",1979,20,13,33
470,"Malta",4,"Median","57",1979,20,14,34
470,"Malta",4,"Median","58",1979,20,15,35
470,"Malta",4,"Median","59",1979,21,16,36
470,"Malta",4,"Median","60",1979,21,16,38
470,"Malta",4,"Median","61",1979,23,17,40
470,"Malta",4,"Median","62",1979,24,18,42
470,"Malta",4,"Median","63",1979,26,20,46
470,"Malta",4,"Median","64",1979,29,22,50
470,"Malta",4,"Median","65",1979,32,24,56
470,"Malta",4,"Median","66",1979,35,27,62
470,"Malta",4,"Median","67",1979,38,30,68
470,"Malta",4,"Median","68",1979,41,34,75
470,"Malta",4,"Median","69",1979,45,38,83
470,"Malta",4,"Median","70",1979,48,42,90
470,"Malta",4,"Median","71",1979,51,47,98
470,"Malta",4,"Median","72",1979,54,52,106
470,"Malta",4,"Median","73",1979,57,56,113
470,"Malta",4,"Median","74",1979,58,60,118
470,"Malta",4,"Median","75",1979,59,62,121
470,"Malta",4,"Median","76",1979,58,63,121
470,"Malta",4,"Median","77",1979,57,62,119
470,"Malta",4,"Median","78",1979,56,62,117
470,"Malta",4,"Median","79",1979,54,61,115
470,"Malta",4,"Median","80",1979,52,61,113
470,"Malta",4,"Median","81",1979,49,61,110
470,"Malta",4,"Median","82",1979,46,60,105
470,"Malta",4,"Median","83",1979,41,58,99
470,"Malta",4,"Median","84",1979,36,54,90
470,"Malta",4,"Median","85",1979,30,49,79
470,"Malta",4,"Median","86",1979,24,43,67
470,"Malta",4,"Median","87",1979,19,35,55
470,"Malta",4,"Median","88",1979,15,29,43
470,"Malta",4,"Median","89",1979,11,23,34
470,"Malta",4,"Median","90",1979,8,17,25
470,"Malta",4,"Median","91",1979,5,12,18
470,"Malta",4,"Median","92",1979,3,9,12
470,"Malta",4,"Median","93",1979,2,6,8
470,"Malta",4,"Median","94",1979,1,4,5
470,"Malta",4,"Median","95",1979,1,2,3
470,"Malta",4,"Median","96",1979,0,1,2
470,"Malta",4,"Median","97",1979,0,1,1
470,"Malta",4,"Median","98",1979,0,0,1
470,"Malta",4,"Median","99",1979,0,0,0
470,"Malta",4,"Median","0",1980,50,35,86
470,"Malta",4,"Median","1",1980,3,1,4
470,"Malta",4,"Median","2",1980,2,1,3
470,"Malta",4,"Median","3",1980,1,1,3
470,"Malta",4,"Median","4",1980,1,1,2
470,"Malta",4,"Median","5",1980,1,1,2
470,"Malta",4,"Median","6",1980,1,1,1
470,"Malta",4,"Median","7",1980,0,1,1
470,"Malta",4,"Median","8",1980,0,0,1
470,"Malta",4,"Median","9",1980,0,0,1
470,"Malta",4,"Median","10",1980,0,0,1
470,"Malta",4,"Median","11",1980,0,0,1
470,"Malta",4,"Median","12",1980,1,0,1
470,"Malta",4,"Median","13",1980,1,0,1
470,"Malta",4,"Median","14",1980,1,0,1
470,"Malta",4,"Median","15",1980,1,0,2
470,"Malta",4,"Median","16",1980,2,1,2
470,"Malta",4,"Median","17",1980,2,1,3
470,"Malta",4,"Median","18",1980,2,1,3
470,"Malta",4,"Median","19",1980,2,1,4
470,"Malta",4,"Median","20",1980,2,1,4
470,"Malta",4,"Median","21",1980,2,1,4
470,"Malta",4,"Median","22",1980,2,1,3
470,"Malta",4,"Median","23",1980,2,1,3
470,"Malta",4,"Median","24",1980,2,1,3
470,"Malta",4,"Median","25",1980,2,1,3
470,"Malta",4,"Median","26",1980,2,1,3
470,"Malta",4,"Median","27",1980,2,1,4
470,"Malta",4,"Median","28",1980,3,2,4
470,"Malta",4,"Median","29",1980,3,2,5
470,"Malta",4,"Median","30",1980,3,2,5
470,"Malta",4,"Median","31",1980,4,2,6
470,"Malta",4,"Median","32",1980,4,2,6
470,"Malta",4,"Median","33",1980,3,2,5
470,"Malta",4,"Median","34",1980,3,2,5
470,"Malta",4,"Median","35",1980,2,2,4
470,"Malta",4,"Median","36",1980,2,2,4
470,"Malta",4,"Median","37",1980,2,2,4
470,"Malta",4,"Median","38",1980,2,2,4
470,"Malta",4,"Median","39",1980,2,2,4
470,"Malta",4,"Median","40",1980,3,3,5
470,"Malta",4,"Median","41",1980,3,3,6
470,"Malta",4,"Median","42",1980,4,3,7
470,"Malta",4,"Median","43",1980,5,4,9
470,"Malta",4,"Median","44",1980,6,4,10
470,"Malta",4,"Median","45",1980,6,4,11
470,"Malta",4,"Median","46",1980,7,4,11
470,"Malta",4,"Median","47",1980,7,5,12
470,"Malta",4,"Median","48",1980,8,5,13
470,"Malta",4,"Median","49",1980,9,5,14
470,"Malta",4,"Median","50",1980,10,6,16
470,"Malta",4,"Median","51",1980,12,7,19
470,"Malta",4,"Median","52",1980,14,8,22
470,"Malta",4,"Median","53",1980,16,9,25
470,"Malta",4,"Median","54",1980,18,11,29
470,"Malta",4,"Median","55",1980,20,12,32
470,"Malta",4,"Median","56",1980,21,14,35
470,"Malta",4,"Median","57",1980,22,15,37
470,"Malta",4,"Median","58",1980,22,16,38
470,"Malta",4,"Median","59",1980,22,16,39
470,"Malta",4,"Median","60",1980,23,17,39
470,"Malta",4,"Median","61",1980,23,17,40
470,"Malta",4,"Median","62",1980,24,18,42
470,"Malta",4,"Median","63",1980,25,19,45
470,"Malta",4,"Median","64",1980,27,21,48
470,"Malta",4,"Median","65",1980,30,24,54
470,"Malta",4,"Median","66",1980,33,26,60
470,"Malta",4,"Median","67",1980,37,30,67
470,"Malta",4,"Median","68",1980,41,34,76
470,"Malta",4,"Median","69",1980,46,39,84
470,"Malta",4,"Median","70",1980,50,43,93
470,"Malta",4,"Median","71",1980,54,48,102
470,"Malta",4,"Median","72",1980,57,53,111
470,"Malta",4,"Median","73",1980,60,59,119
470,"Malta",4,"Median","74",1980,62,63,125
470,"Malta",4,"Median","75",1980,63,66,129
470,"Malta",4,"Median","76",1980,62,68,130
470,"Malta",4,"Median","77",1980,61,68,129
470,"Malta",4,"Median","78",1980,59,67,126
470,"Malta",4,"Median","79",1980,57,66,123
470,"Malta",4,"Median","80",1980,54,64,119
470,"Malta",4,"Median","81",1980,51,63,115
470,"Malta",4,"Median","82",1980,48,62,110
470,"Malta",4,"Median","83",1980,44,60,104
470,"Malta",4,"Median","84",1980,39,57,96
470,"Malta",4,"Median","85",1980,33,53,86
470,"Malta",4,"Median","86",1980,27,47,74
470,"Malta",4,"Median","87",1980,21,40,61
470,"Malta",4,"Median","88",1980,16,32,48
470,"Malta",4,"Median","89",1980,12,26,37
470,"Malta",4,"Median","90",1980,8,20,28
470,"Malta",4,"Median","91",1980,6,14,20
470,"Malta",4,"Median","92",1980,4,10,14
470,"Malta",4,"Median","93",1980,2,6,8
470,"Malta",4,"Median","94",1980,1,4,5
470,"Malta",4,"Median","95",1980,1,2,3
470,"Malta",4,"Median","96",1980,0,1,2
470,"Malta",4,"Median","97",1980,0,1,1
470,"Malta",4,"Median","98",1980,0,0,1
470,"Malta",4,"Median","99",1980,0,0,0
470,"Malta",4,"Median","0",1981,50,32,82
470,"Malta",4,"Median","1",1981,3,2,5
470,"Malta",4,"Median","2",1981,2,1,3
470,"Malta",4,"Median","3",1981,1,1,3
470,"Malta",4,"Median","4",1981,1,1,2
470,"Malta",4,"Median","5",1981,1,1,2
470,"Malta",4,"Median","6",1981,1,1,1
470,"Malta",4,"Median","7",1981,0,0,1
470,"Malta",4,"Median","8",1981,0,0,1
470,"Malta",4,"Median","9",1981,0,0,1
470,"Malta",4,"Median","10",1981,0,0,1
470,"Malta",4,"Median","11",1981,0,0,1
470,"Malta",4,"Median","12",1981,0,0,1
470,"Malta",4,"Median","13",1981,1,0,1
470,"Malta",4,"Median","14",1981,1,0,1
470,"Malta",4,"Median","15",1981,1,1,1
470,"Malta",4,"Median","16",1981,1,1,2
470,"Malta",4,"Median","17",1981,1,1,3
470,"Malta",4,"Median","18",1981,2,1,3
470,"Malta",4,"Median","19",1981,2,1,3
470,"Malta",4,"Median","20",1981,2,1,3
470,"Malta",4,"Median","21",1981,2,1,3
470,"Malta",4,"Median","22",1981,2,1,3
470,"Malta",4,"Median","23",1981,2,1,3
470,"Malta",4,"Median","24",1981,2,1,3
470,"Malta",4,"Median","25",1981,2,1,3
470,"Malta",4,"Median","26",1981,2,1,3
470,"Malta",4,"Median","27",1981,2,2,4
470,"Malta",4,"Median","28",1981,2,2,4
470,"Malta",4,"Median","29",1981,2,2,4
470,"Malta",4,"Median","30",1981,3,2,5
470,"Malta",4,"Median","31",1981,3,2,5
470,"Malta",4,"Median","32",1981,3,2,5
470,"Malta",4,"Median","33",1981,3,2,5
470,"Malta",4,"Median","34",1981,3,2,5
470,"Malta",4,"Median","35",1981,3,2,5
470,"Malta",4,"Median","36",1981,3,2,5
470,"Malta",4,"Median","37",1981,3,2,4
470,"Malta",4,"Median","38",1981,3,2,5
470,"Malta",4,"Median","39",1981,3,2,5
470,"Malta",4,"Median","40",1981,3,3,6
470,"Malta",4,"Median","41",1981,3,3,7
470,"Malta",4,"Median","42",1981,4,4,8
470,"Malta",4,"Median","43",1981,4,4,9
470,"Malta",4,"Median","44",1981,5,5,10
470,"Malta",4,"Median","45",1981,6,5,10
470,"Malta",4,"Median","46",1981,6,5,11
470,"Malta",4,"Median","47",1981,7,5,12
470,"Malta",4,"Median","48",1981,8,5,13
470,"Malta",4,"Median","49",1981,9,5,15
470,"Malta",4,"Median","50",1981,11,6,17
470,"Malta",4,"Median","51",1981,12,7,19
470,"Malta",4,"Median","52",1981,14,8,22
470,"Malta",4,"Median","53",1981,16,9,25
470,"Malta",4,"Median","54",1981,18,10,27
470,"Malta",4,"Median","55",1981,20,11,30
470,"Malta",4,"Median","56",1981,21,12,33
470,"Malta",4,"Median","57",1981,23,13,36
470,"Malta",4,"Median","58",1981,24,14,38
470,"Malta",4,"Median","59",1981,25,16,41
470,"Malta",4,"Median","60",1981,26,17,43
470,"Malta",4,"Median","61",1981,26,18,44
470,"Malta",4,"Median","62",1981,27,19,46
470,"Malta",4,"Median","63",1981,28,21,48
470,"Malta",4,"Median","64",1981,29,22,51
470,"Malta",4,"Median","65",1981,30,24,54
470,"Malta",4,"Median","66",1981,33,26,59
470,"Malta",4,"Median","67",1981,36,29,65
470,"Malta",4,"Median","68",1981,40,33,72
470,"Malta",4,"Median","69",1981,44,37,81
470,"Malta",4,"Median","70",1981,49,41,90
470,"Malta",4,"Median","71",1981,53,45,99
470,"Malta",4,"Median","72",1981,57,50,107
470,"Malta",4,"Median","73",1981,61,55,116
470,"Malta",4,"Median","74",1981,63,60,124
470,"Malta",4,"Median","75",1981,65,64,129
470,"Malta",4,"Median","76",1981,65,67,132
470,"Malta",4,"Median","77",1981,64,69,133
470,"Malta",4,"Median","78",1981,62,69,131
470,"Malta",4,"Median","79",1981,59,68,127
470,"Malta",4,"Median","80",1981,56,66,122
470,"Malta",4,"Median","81",1981,53,64,117
470,"Malta",4,"Median","82",1981,50,62,112
470,"Malta",4,"Median","83",1981,46,60,106
470,"Malta",4,"Median","84",1981,41,57,98
470,"Malta",4,"Median","85",1981,35,53,89
470,"Malta",4,"Median","86",1981,29,48,78
470,"Malta",4,"Median","87",1981,23,42,65
470,"Malta",4,"Median","88",1981,17,35,52
470,"Malta",4,"Median","89",1981,13,27,40
470,"Malta",4,"Median","90",1981,9,21,30
470,"Malta",4,"Median","91",1981,6,16,22
470,"Malta",4,"Median","92",1981,4,11,16
470,"Malta",4,"Median","93",1981,3,7,10
470,"Malta",4,"Median","94",1981,1,4,5
470,"Malta",4,"Median","95",1981,1,2,3
470,"Malta",4,"Median","96",1981,0,1,2
470,"Malta",4,"Median","97",1981,0,1,1
470,"Malta",4,"Median","98",1981,0,0,0
470,"Malta",4,"Median","99",1981,0,0,0
470,"Malta",4,"Median","0",1982,49,34,83
470,"Malta",4,"Median","1",1982,3,2,5
470,"Malta",4,"Median","2",1982,2,1,4
470,"Malta",4,"Median","3",1982,2,1,3
470,"Malta",4,"Median","4",1982,1,1,2
470,"Malta",4,"Median","5",1982,1,1,2
470,"Malta",4,"Median","6",1982,1,1,1
470,"Malta",4,"Median","7",1982,0,1,1
470,"Malta",4,"Median","8",1982,0,0,1
470,"Malta",4,"Median","9",1982,0,0,1
470,"Malta",4,"Median","10",1982,0,0,1
470,"Malta",4,"Median","11",1982,0,0,1
470,"Malta",4,"Median","12",1982,0,0,1
470,"Malta",4,"Median","13",1982,0,0,1
470,"Malta",4,"Median","14",1982,1,0,1
470,"Malta",4,"Median","15",1982,1,0,1
470,"Malta",4,"Median","16",1982,1,1,2
470,"Malta",4,"Median","17",1982,1,1,2
470,"Malta",4,"Median","18",1982,2,1,3
470,"Malta",4,"Median","19",1982,2,1,3
470,"Malta",4,"Median","20",1982,2,1,4
470,"Malta",4,"Median","21",1982,3,1,4
470,"Malta",4,"Median","22",1982,3,1,4
470,"Malta",4,"Median","23",1982,2,1,3
470,"Malta",4,"Median","24",1982,2,1,3
470,"Malta",4,"Median","25",1982,2,1,3
470,"Malta",4,"Median","26",1982,2,1,3
470,"Malta",4,"Median","27",1982,2,1,3
470,"Malta",4,"Median","28",1982,2,2,3
470,"Malta",4,"Median","29",1982,2,2,4
470,"Malta",4,"Median","30",1982,2,2,4
470,"Malta",4,"Median","31",1982,3,2,5
470,"Malta",4,"Median","32",1982,3,2,5
470,"Malta",4,"Median","33",1982,3,2,5
470,"Malta",4,"Median","34",1982,3,2,5
470,"Malta",4,"Median","35",1982,3,2,5
470,"Malta",4,"Median","36",1982,3,2,5
470,"Malta",4,"Median","37",1982,3,2,5
470,"Malta",4,"Median","38",1982,2,2,5
470,"Malta",4,"Median","39",1982,2,2,5
470,"Malta",4,"Median","40",1982,3,3,5
470,"Malta",4,"Median","41",1982,3,3,6
470,"Malta",4,"Median","42",1982,3,4,7
470,"Malta",4,"Median","43",1982,4,4,8
470,"Malta",4,"Median","44",1982,5,4,9
470,"Malta",4,"Median","45",1982,5,4,10
470,"Malta",4,"Median","46",1982,6,5,11
470,"Malta",4,"Median","47",1982,7,5,12
470,"Malta",4,"Median","48",1982,8,5,13
470,"Malta",4,"Median","49",1982,9,6,15
470,"Malta",4,"Median","50",1982,10,6,17
470,"Malta",4,"Median","51",1982,12,7,19
470,"Malta",4,"Median","52",1982,13,8,21
470,"Malta",4,"Median","53",1982,14,9,24
470,"Malta",4,"Median","54",1982,16,10,26
470,"Malta",4,"Median","55",1982,18,11,29
470,"Malta",4,"Median","56",1982,20,12,32
470,"Malta",4,"Median","57",1982,22,13,35
470,"Malta",4,"Median","58",1982,24,14,38
470,"Malta",4,"Median","59",1982,25,16,41
470,"Malta",4,"Median","60",1982,26,17,43
470,"Malta",4,"Median","61",1982,26,19,45
470,"Malta",4,"Median","62",1982,27,20,46
470,"Malta",4,"Median","63",1982,27,21,48
470,"Malta",4,"Median","64",1982,27,22,49
470,"Malta",4,"Median","65",1982,28,23,51
470,"Malta",4,"Median","66",1982,30,25,55
470,"Malta",4,"Median","67",1982,32,28,60
470,"Malta",4,"Median","68",1982,36,31,67
470,"Malta",4,"Median","69",1982,40,35,75
470,"Malta",4,"Median","70",1982,44,40,83
470,"Malta",4,"Median","71",1982,48,44,92
470,"Malta",4,"Median","72",1982,51,48,100
470,"Malta",4,"Median","73",1982,55,53,108
470,"Malta",4,"Median","74",1982,58,58,116
470,"Malta",4,"Median","75",1982,60,63,123
470,"Malta",4,"Median","76",1982,61,67,127
470,"Malta",4,"Median","77",1982,60,69,129
470,"Malta",4,"Median","78",1982,59,70,129
470,"Malta",4,"Median","79",1982,56,70,126
470,"Malta",4,"Median","80",1982,53,68,121
470,"Malta",4,"Median","81",1982,50,65,116
470,"Malta",4,"Median","82",1982,47,63,110
470,"Malta",4,"Median","83",1982,43,60,103
470,"Malta",4,"Median","84",1982,39,57,96
470,"Malta",4,"Median","85",1982,34,53,88
470,"Malta",4,"Median","86",1982,29,49,78
470,"Malta",4,"Median","87",1982,24,43,67
470,"Malta",4,"Median","88",1982,18,37,55
470,"Malta",4,"Median","89",1982,13,30,43
470,"Malta",4,"Median","90",1982,9,23,32
470,"Malta",4,"Median","91",1982,6,17,24
470,"Malta",4,"Median","92",1982,4,13,17
470,"Malta",4,"Median","93",1982,3,9,12
470,"Malta",4,"Median","94",1982,2,5,7
470,"Malta",4,"Median","95",1982,1,3,3
470,"Malta",4,"Median","96",1982,0,1,2
470,"Malta",4,"Median","97",1982,0,1,1
470,"Malta",4,"Median","98",1982,0,0,0
470,"Malta",4,"Median","99",1982,0,0,0
470,"Malta",4,"Median","0",1983,46,32,79
470,"Malta",4,"Median","1",1983,3,1,5
470,"Malta",4,"Median","2",1983,2,1,3
470,"Malta",4,"Median","3",1983,1,1,2
470,"Malta",4,"Median","4",1983,1,1,2
470,"Malta",4,"Median","5",1983,1,1,2
470,"Malta",4,"Median","6",1983,0,1,1
470,"Malta",4,"Median","7",1983,0,1,1
470,"Malta",4,"Median","8",1983,0,0,1
470,"Malta",4,"Median","9",1983,0,0,1
470,"Malta",4,"Median","10",1983,0,0,1
470,"Malta",4,"Median","11",1983,0,0,1
470,"Malta",4,"Median","12",1983,0,0,1
470,"Malta",4,"Median","13",1983,0,0,1
470,"Malta",4,"Median","14",1983,1,0,1
470,"Malta",4,"Median","15",1983,1,0,1
470,"Malta",4,"Median","16",1983,1,1,1
470,"Malta",4,"Median","17",1983,1,1,2
470,"Malta",4,"Median","18",1983,1,1,2
470,"Malta",4,"Median","19",1983,2,1,3
470,"Malta",4,"Median","20",1983,2,1,3
470,"Malta",4,"Median","21",1983,2,1,3
470,"Malta",4,"Median","22",1983,3,1,3
470,"Malta",4,"Median","23",1983,3,1,3
470,"Malta",4,"Median","24",1983,2,1,3
470,"Malta",4,"Median","25",1983,2,1,3
470,"Malta",4,"Median","26",1983,2,1,3
470,"Malta",4,"Median","27",1983,2,1,3
470,"Malta",4,"Median","28",1983,2,2,3
470,"Malta",4,"Median","29",1983,2,2,4
470,"Malta",4,"Median","30",1983,2,2,4
470,"Malta",4,"Median","31",1983,2,2,5
470,"Malta",4,"Median","32",1983,3,2,5
470,"Malta",4,"Median","33",1983,3,2,6
470,"Malta",4,"Median","34",1983,4,2,6
470,"Malta",4,"Median","35",1983,4,2,6
470,"Malta",4,"Median","36",1983,3,2,6
470,"Malta",4,"Median","37",1983,3,2,5
470,"Malta",4,"Median","38",1983,3,2,5
470,"Malta",4,"Median","39",1983,2,2,5
470,"Malta",4,"Median","40",1983,2,3,5
470,"Malta",4,"Median","41",1983,2,3,5
470,"Malta",4,"Median","42",1983,2,3,6
470,"Malta",4,"Median","43",1983,3,4,6
470,"Malta",4,"Median","44",1983,3,4,7
470,"Malta",4,"Median","45",1983,4,4,8
470,"Malta",4,"Median","46",1983,6,4,9
470,"Malta",4,"Median","47",1983,7,4,11
470,"Malta",4,"Median","48",1983,9,4,13
470,"Malta",4,"Median","49",1983,10,5,15
470,"Malta",4,"Median","50",1983,11,6,16
470,"Malta",4,"Median","51",1983,11,7,18
470,"Malta",4,"Median","52",1983,12,8,20
470,"Malta",4,"Median","53",1983,13,9,23
470,"Malta",4,"Median","54",1983,15,10,25
470,"Malta",4,"Median","55",1983,17,11,28
470,"Malta",4,"Median","56",1983,20,12,31
470,"Malta",4,"Median","57",1983,22,13,35
470,"Malta",4,"Median","58",1983,25,14,39
470,"Malta",4,"Median","59",1983,27,15,42
470,"Malta",4,"Median","60",1983,29,16,45
470,"Malta",4,"Median","61",1983,29,18,47
470,"Malta",4,"Median","62",1983,29,19,47
470,"Malta",4,"Median","63",1983,28,19,47
470,"Malta",4,"Median","64",1983,28,20,48
470,"Malta",4,"Median","65",1983,28,22,50
470,"Malta",4,"Median","66",1983,30,23,53
470,"Malta",4,"Median","67",1983,32,26,58
470,"Malta",4,"Median","68",1983,36,29,65
470,"Malta",4,"Median","69",1983,40,33,73
470,"Malta",4,"Median","70",1983,44,37,82
470,"Malta",4,"Median","71",1983,48,41,90
470,"Malta",4,"Median","72",1983,52,46,98
470,"Malta",4,"Median","73",1983,56,51,107
470,"Malta",4,"Median","74",1983,59,55,114
470,"Malta",4,"Median","75",1983,62,60,122
470,"Malta",4,"Median","76",1983,63,64,127
470,"Malta",4,"Median","77",1983,63,68,130
470,"Malta",4,"Median","78",1983,61,69,131
470,"Malta",4,"Median","79",1983,59,70,129
470,"Malta",4,"Median","80",1983,56,69,124
470,"Malta",4,"Median","81",1983,52,66,118
470,"Malta",4,"Median","82",1983,49,63,112
470,"Malta",4,"Median","83",1983,45,60,105
470,"Malta",4,"Median","84",1983,41,57,97
470,"Malta",4,"Median","85",1983,36,53,89
470,"Malta",4,"Median","86",1983,31,48,80
470,"Malta",4,"Median","87",1983,26,43,70
470,"Malta",4,"Median","88",1983,21,38,58
470,"Malta",4,"Median","89",1983,15,32,47
470,"Malta",4,"Median","90",1983,11,25,36
470,"Malta",4,"Median","91",1983,7,19,26
470,"Malta",4,"Median","92",1983,5,14,19
470,"Malta",4,"Median","93",1983,3,10,13
470,"Malta",4,"Median","94",1983,2,7,9
470,"Malta",4,"Median","95",1983,1,4,5
470,"Malta",4,"Median","96",1983,0,2,2
470,"Malta",4,"Median","97",1983,0,1,1
470,"Malta",4,"Median","98",1983,0,0,0
470,"Malta",4,"Median","99",1983,0,0,0
470,"Malta",4,"Median","0",1984,43,33,76
470,"Malta",4,"Median","1",1984,3,1,4
470,"Malta",4,"Median","2",1984,2,1,3
470,"Malta",4,"Median","3",1984,2,1,3
470,"Malta",4,"Median","4",1984,1,1,2
470,"Malta",4,"Median","5",1984,1,1,2
470,"Malta",4,"Median","6",1984,1,1,2
470,"Malta",4,"Median","7",1984,1,1,1
470,"Malta",4,"Median","8",1984,1,0,1
470,"Malta",4,"Median","9",1984,1,0,1
470,"Malta",4,"Median","10",1984,1,0,1
470,"Malta",4,"Median","11",1984,1,0,1
470,"Malta",4,"Median","12",1984,1,0,1
470,"Malta",4,"Median","13",1984,1,0,1
470,"Malta",4,"Median","14",1984,1,0,1
470,"Malta",4,"Median","15",1984,1,1,1
470,"Malta",4,"Median","16",1984,1,1,1
470,"Malta",4,"Median","17",1984,1,1,2
470,"Malta",4,"Median","18",1984,1,1,2
470,"Malta",4,"Median","19",1984,1,1,2
470,"Malta",4,"Median","20",1984,2,1,3
470,"Malta",4,"Median","21",1984,2,1,3
470,"Malta",4,"Median","22",1984,2,1,3
470,"Malta",4,"Median","23",1984,3,1,3
470,"Malta",4,"Median","24",1984,3,1,3
470,"Malta",4,"Median","25",1984,2,1,3
470,"Malta",4,"Median","26",1984,2,1,3
470,"Malta",4,"Median","27",1984,2,1,3
470,"Malta",4,"Median","28",1984,2,2,3
470,"Malta",4,"Median","29",1984,2,2,4
470,"Malta",4,"Median","30",1984,2,2,4
470,"Malta",4,"Median","31",1984,2,2,4
470,"Malta",4,"Median","32",1984,2,2,4
470,"Malta",4,"Median","33",1984,2,2,5
470,"Malta",4,"Median","34",1984,3,2,5
470,"Malta",4,"Median","35",1984,3,2,5
470,"Malta",4,"Median","36",1984,4,2,6
470,"Malta",4,"Median","37",1984,3,2,6
470,"Malta",4,"Median","38",1984,3,2,5
470,"Malta",4,"Median","39",1984,3,2,5
470,"Malta",4,"Median","40",1984,3,3,5
470,"Malta",4,"Median","41",1984,2,3,5
470,"Malta",4,"Median","42",1984,2,3,5
470,"Malta",4,"Median","43",1984,3,3,6
470,"Malta",4,"Median","44",1984,3,3,7
470,"Malta",4,"Median","45",1984,4,4,8
470,"Malta",4,"Median","46",1984,6,4,9
470,"Malta",4,"Median","47",1984,7,4,11
470,"Malta",4,"Median","48",1984,9,4,13
470,"Malta",4,"Median","49",1984,10,5,15
470,"Malta",4,"Median","50",1984,10,6,16
470,"Malta",4,"Median","51",1984,11,6,17
470,"Malta",4,"Median","52",1984,11,7,19
470,"Malta",4,"Median","53",1984,12,8,21
470,"Malta",4,"Median","54",1984,14,9,23
470,"Malta",4,"Median","55",1984,16,10,26
470,"Malta",4,"Median","56",1984,19,11,30
470,"Malta",4,"Median","57",1984,22,12,34
470,"Malta",4,"Median","58",1984,25,14,39
470,"Malta",4,"Median","59",1984,28,15,43
470,"Malta",4,"Median","60",1984,29,17,46
470,"Malta",4,"Median","61",1984,30,18,48
470,"Malta",4,"Median","62",1984,30,19,49
470,"Malta",4,"Median","63",1984,29,19,49
470,"Malta",4,"Median","64",1984,29,20,49
470,"Malta",4,"Median","65",1984,29,21,50
470,"Malta",4,"Median","66",1984,30,22,52
470,"Malta",4,"Median","67",1984,32,24,56
470,"Malta",4,"Median","68",1984,35,27,62
470,"Malta",4,"Median","69",1984,39,31,70
470,"Malta",4,"Median","70",1984,42,36,78
470,"Malta",4,"Median","71",1984,46,40,86
470,"Malta",4,"Median","72",1984,50,45,95
470,"Malta",4,"Median","73",1984,54,49,103
470,"Malta",4,"Median","74",1984,57,54,111
470,"Malta",4,"Median","75",1984,60,58,119
470,"Malta",4,"Median","76",1984,62,63,125
470,"Malta",4,"Median","77",1984,63,66,129
470,"Malta",4,"Median","78",1984,62,69,130
470,"Malta",4,"Median","79",1984,60,69,129
470,"Malta",4,"Median","80",1984,57,69,126
470,"Malta",4,"Median","81",1984,53,67,120
470,"Malta",4,"Median","82",1984,49,64,113
470,"Malta",4,"Median","83",1984,45,61,106
470,"Malta",4,"Median","84",1984,41,57,98
470,"Malta",4,"Median","85",1984,37,53,90
470,"Malta",4,"Median","86",1984,33,49,81
470,"Malta",4,"Median","87",1984,28,44,72
470,"Malta",4,"Median","88",1984,23,39,61
470,"Malta",4,"Median","89",1984,17,33,50
470,"Malta",4,"Median","90",1984,13,27,40
470,"Malta",4,"Median","91",1984,9,21,30
470,"Malta",4,"Median","92",1984,6,16,22
470,"Malta",4,"Median","93",1984,4,12,15
470,"Malta",4,"Median","94",1984,2,8,11
470,"Malta",4,"Median","95",1984,2,5,7
470,"Malta",4,"Median","96",1984,1,3,4
470,"Malta",4,"Median","97",1984,0,1,1
470,"Malta",4,"Median","98",1984,0,0,1
470,"Malta",4,"Median","99",1984,0,0,0
470,"Malta",4,"Median","0",1985,38,27,65
470,"Malta",4,"Median","1",1985,2,1,4
470,"Malta",4,"Median","2",1985,2,1,3
470,"Malta",4,"Median","3",1985,2,1,3
470,"Malta",4,"Median","4",1985,1,1,2
470,"Malta",4,"Median","5",1985,1,1,2
470,"Malta",4,"Median","6",1985,1,0,1
470,"Malta",4,"Median","7",1985,1,0,1
470,"Malta",4,"Median","8",1985,1,0,1
470,"Malta",4,"Median","9",1985,1,0,1
470,"Malta",4,"Median","10",1985,1,0,1
470,"Malta",4,"Median","11",1985,1,0,1
470,"Malta",4,"Median","12",1985,1,0,1
470,"Malta",4,"Median","13",1985,1,0,1
470,"Malta",4,"Median","14",1985,1,0,1
470,"Malta",4,"Median","15",1985,1,0,1
470,"Malta",4,"Median","16",1985,1,1,1
470,"Malta",4,"Median","17",1985,1,1,2
470,"Malta",4,"Median","18",1985,1,1,2
470,"Malta",4,"Median","19",1985,1,1,2
470,"Malta",4,"Median","20",1985,2,1,3
470,"Malta",4,"Median","21",1985,2,1,3
470,"Malta",4,"Median","22",1985,3,1,4
470,"Malta",4,"Median","23",1985,3,1,4
470,"Malta",4,"Median","24",1985,3,1,4
470,"Malta",4,"Median","25",1985,3,1,4
470,"Malta",4,"Median","26",1985,3,1,4
470,"Malta",4,"Median","27",1985,2,1,4
470,"Malta",4,"Median","28",1985,2,1,3
470,"Malta",4,"Median","29",1985,2,1,3
470,"Malta",4,"Median","30",1985,2,2,3
470,"Malta",4,"Median","31",1985,2,2,4
470,"Malta",4,"Median","32",1985,2,2,4
470,"Malta",4,"Median","33",1985,2,2,4
470,"Malta",4,"Median","34",1985,3,2,5
470,"Malta",4,"Median","35",1985,3,2,5
470,"Malta",4,"Median","36",1985,4,2,6
470,"Malta",4,"Median","37",1985,4,2,6
470,"Malta",4,"Median","38",1985,4,2,6
470,"Malta",4,"Median","39",1985,3,2,6
470,"Malta",4,"Median","40",1985,3,2,5
470,"Malta",4,"Median","41",1985,3,3,5
470,"Malta",4,"Median","42",1985,3,3,6
470,"Malta",4,"Median","43",1985,3,3,6
470,"Malta",4,"Median","44",1985,3,3,7
470,"Malta",4,"Median","45",1985,4,4,8
470,"Malta",4,"Median","46",1985,5,4,9
470,"Malta",4,"Median","47",1985,7,4,11
470,"Malta",4,"Median","48",1985,8,5,13
470,"Malta",4,"Median","49",1985,9,5,14
470,"Malta",4,"Median","50",1985,10,6,16
470,"Malta",4,"Median","51",1985,11,6,17
470,"Malta",4,"Median","52",1985,11,7,18
470,"Malta",4,"Median","53",1985,12,7,20
470,"Malta",4,"Median","54",1985,14,8,22
470,"Malta",4,"Median","55",1985,15,9,24
470,"Malta",4,"Median","56",1985,18,10,28
470,"Malta",4,"Median","57",1985,20,11,32
470,"Malta",4,"Median","58",1985,23,13,36
470,"Malta",4,"Median","59",1985,26,14,40
470,"Malta",4,"Median","60",1985,29,16,45
470,"Malta",4,"Median","61",1985,31,18,48
470,"Malta",4,"Median","62",1985,32,19,51
470,"Malta",4,"Median","63",1985,32,20,52
470,"Malta",4,"Median","64",1985,32,20,52
470,"Malta",4,"Median","65",1985,32,20,53
470,"Malta",4,"Median","66",1985,32,21,53
470,"Malta",4,"Median","67",1985,33,22,56
470,"Malta",4,"Median","68",1985,35,25,59
470,"Malta",4,"Median","69",1985,37,28,65
470,"Malta",4,"Median","70",1985,40,32,72
470,"Malta",4,"Median","71",1985,43,36,79
470,"Malta",4,"Median","72",1985,46,40,86
470,"Malta",4,"Median","73",1985,50,44,94
470,"Malta",4,"Median","74",1985,54,49,102
470,"Malta",4,"Median","75",1985,57,53,110
470,"Malta",4,"Median","76",1985,60,57,117
470,"Malta",4,"Median","77",1985,62,60,122
470,"Malta",4,"Median","78",1985,62,63,125
470,"Malta",4,"Median","79",1985,60,64,124
470,"Malta",4,"Median","80",1985,57,64,121
470,"Malta",4,"Median","81",1985,53,63,116
470,"Malta",4,"Median","82",1985,49,61,110
470,"Malta",4,"Median","83",1985,45,58,103
470,"Malta",4,"Median","84",1985,41,54,95
470,"Malta",4,"Median","85",1985,37,50,88
470,"Malta",4,"Median","86",1985,33,46,79
470,"Malta",4,"Median","87",1985,29,42,71
470,"Malta",4,"Median","88",1985,24,37,61
470,"Malta",4,"Median","89",1985,20,32,52
470,"Malta",4,"Median","90",1985,15,27,42
470,"Malta",4,"Median","91",1985,11,22,33
470,"Malta",4,"Median","92",1985,7,17,24
470,"Malta",4,"Median","93",1985,4,13,17
470,"Malta",4,"Median","94",1985,3,10,12
470,"Malta",4,"Median","95",1985,2,7,9
470,"Malta",4,"Median","96",1985,1,4,6
470,"Malta",4,"Median","97",1985,1,2,3
470,"Malta",4,"Median","98",1985,0,1,1
470,"Malta",4,"Median","99",1985,0,0,0
470,"Malta",4,"Median","0",1986,30,26,56
470,"Malta",4,"Median","1",1986,2,1,3
470,"Malta",4,"Median","2",1986,2,1,3
470,"Malta",4,"Median","3",1986,1,1,3
470,"Malta",4,"Median","4",1986,1,1,2
470,"Malta",4,"Median","5",1986,1,1,2
470,"Malta",4,"Median","6",1986,1,1,2
470,"Malta",4,"Median","7",1986,1,1,1
470,"Malta",4,"Median","8",1986,1,0,1
470,"Malta",4,"Median","9",1986,1,0,1
470,"Malta",4,"Median","10",1986,1,0,1
470,"Malta",4,"Median","11",1986,1,0,1
470,"Malta",4,"Median","12",1986,1,0,1
470,"Malta",4,"Median","13",1986,1,0,1
470,"Malta",4,"Median","14",1986,1,0,1
470,"Malta",4,"Median","15",1986,1,0,1
470,"Malta",4,"Median","16",1986,1,0,1
470,"Malta",4,"Median","17",1986,1,0,1
470,"Malta",4,"Median","18",1986,1,0,2
470,"Malta",4,"Median","19",1986,2,0,2
470,"Malta",4,"Median","20",1986,2,1,3
470,"Malta",4,"Median","21",1986,3,1,3
470,"Malta",4,"Median","22",1986,3,1,4
470,"Malta",4,"Median","23",1986,3,1,4
470,"Malta",4,"Median","24",1986,3,1,4
470,"Malta",4,"Median","25",1986,3,1,4
470,"Malta",4,"Median","26",1986,2,1,3
470,"Malta",4,"Median","27",1986,2,1,3
470,"Malta",4,"Median","28",1986,2,1,3
470,"Malta",4,"Median","29",1986,2,1,3
470,"Malta",4,"Median","30",1986,2,1,3
470,"Malta",4,"Median","31",1986,2,1,3
470,"Malta",4,"Median","32",1986,2,2,4
470,"Malta",4,"Median","33",1986,2,2,4
470,"Malta",4,"Median","34",1986,2,2,4
470,"Malta",4,"Median","35",1986,3,2,5
470,"Malta",4,"Median","36",1986,3,2,6
470,"Malta",4,"Median","37",1986,3,2,6
470,"Malta",4,"Median","38",1986,3,3,6
470,"Malta",4,"Median","39",1986,3,3,6
470,"Malta",4,"Median","40",1986,3,2,6
470,"Malta",4,"Median","41",1986,3,2,5
470,"Malta",4,"Median","42",1986,3,2,5
470,"Malta",4,"Median","43",1986,3,2,6
470,"Malta",4,"Median","44",1986,4,3,6
470,"Malta",4,"Median","45",1986,4,3,7
470,"Malta",4,"Median","46",1986,5,3,9
470,"Malta",4,"Median","47",1986,6,4,10
470,"Malta",4,"Median","48",1986,7,4,12
470,"Malta",4,"Median","49",1986,8,5,13
470,"Malta",4,"Median","50",1986,9,5,14
470,"Malta",4,"Median","51",1986,9,6,15
470,"Malta",4,"Median","52",1986,10,6,16
470,"Malta",4,"Median","53",1986,10,7,18
470,"Malta",4,"Median","54",1986,12,8,20
470,"Malta",4,"Median","55",1986,13,9,22
470,"Malta",4,"Median","56",1986,16,10,25
470,"Malta",4,"Median","57",1986,18,11,29
470,"Malta",4,"Median","58",1986,21,12,33
470,"Malta",4,"Median","59",1986,24,14,37
470,"Malta",4,"Median","60",1986,26,15,42
470,"Malta",4,"Median","61",1986,29,17,46
470,"Malta",4,"Median","62",1986,31,18,49
470,"Malta",4,"Median","63",1986,32,19,52
470,"Malta",4,"Median","64",1986,33,20,53
470,"Malta",4,"Median","65",1986,33,21,54
470,"Malta",4,"Median","66",1986,33,22,55
470,"Malta",4,"Median","67",1986,33,23,56
470,"Malta",4,"Median","68",1986,34,24,58
470,"Malta",4,"Median","69",1986,35,26,62
470,"Malta",4,"Median","70",1986,38,30,67
470,"Malta",4,"Median","71",1986,41,33,74
470,"Malta",4,"Median","72",1986,44,37,81
470,"Malta",4,"Median","73",1986,48,41,89
470,"Malta",4,"Median","74",1986,51,46,97
470,"Malta",4,"Median","75",1986,55,50,105
470,"Malta",4,"Median","76",1986,58,54,112
470,"Malta",4,"Median","77",1986,60,57,117
470,"Malta",4,"Median","78",1986,61,60,121
470,"Malta",4,"Median","79",1986,61,61,122
470,"Malta",4,"Median","80",1986,58,61,119
470,"Malta",4,"Median","81",1986,53,60,114
470,"Malta",4,"Median","82",1986,49,59,107
470,"Malta",4,"Median","83",1986,44,56,100
470,"Malta",4,"Median","84",1986,40,53,93
470,"Malta",4,"Median","85",1986,36,50,86
470,"Malta",4,"Median","86",1986,33,46,78
470,"Malta",4,"Median","87",1986,29,41,70
470,"Malta",4,"Median","88",1986,25,37,62
470,"Malta",4,"Median","89",1986,21,32,53
470,"Malta",4,"Median","90",1986,17,27,44
470,"Malta",4,"Median","91",1986,12,23,35
470,"Malta",4,"Median","92",1986,9,18,27
470,"Malta",4,"Median","93",1986,5,14,20
470,"Malta",4,"Median","94",1986,3,11,14
470,"Malta",4,"Median","95",1986,2,8,10
470,"Malta",4,"Median","96",1986,1,6,7
470,"Malta",4,"Median","97",1986,1,3,5
470,"Malta",4,"Median","98",1986,0,2,2
470,"Malta",4,"Median","99",1986,0,1,1
470,"Malta",4,"Median","0",1987,30,25,55
470,"Malta",4,"Median","1",1987,1,1,2
470,"Malta",4,"Median","2",1987,1,1,2
470,"Malta",4,"Median","3",1987,1,1,2
470,"Malta",4,"Median","4",1987,1,1,2
470,"Malta",4,"Median","5",1987,1,1,2
470,"Malta",4,"Median","6",1987,1,0,1
470,"Malta",4,"Median","7",1987,1,0,1
470,"Malta",4,"Median","8",1987,1,0,1
470,"Malta",4,"Median","9",1987,1,0,1
470,"Malta",4,"Median","10",1987,0,0,1
470,"Malta",4,"Median","11",1987,0,0,1
470,"Malta",4,"Median","12",1987,0,0,1
470,"Malta",4,"Median","13",1987,0,0,1
470,"Malta",4,"Median","14",1987,1,0,1
470,"Malta",4,"Median","15",1987,1,0,1
470,"Malta",4,"Median","16",1987,1,0,1
470,"Malta",4,"Median","17",1987,1,0,1
470,"Malta",4,"Median","18",1987,1,0,2
470,"Malta",4,"Median","19",1987,2,0,2
470,"Malta",4,"Median","20",1987,2,1,3
470,"Malta",4,"Median","21",1987,2,1,3
470,"Malta",4,"Median","22",1987,2,1,3
470,"Malta",4,"Median","23",1987,3,1,3
470,"Malta",4,"Median","24",1987,2,1,3
470,"Malta",4,"Median","25",1987,2,1,3
470,"Malta",4,"Median","26",1987,2,1,3
470,"Malta",4,"Median","27",1987,2,1,3
470,"Malta",4,"Median","28",1987,2,1,3
470,"Malta",4,"Median","29",1987,2,1,3
470,"Malta",4,"Median","30",1987,2,1,3
470,"Malta",4,"Median","31",1987,2,1,3
470,"Malta",4,"Median","32",1987,2,1,3
470,"Malta",4,"Median","33",1987,2,1,3
470,"Malta",4,"Median","34",1987,2,2,4
470,"Malta",4,"Median","35",1987,2,2,4
470,"Malta",4,"Median","36",1987,3,2,5
470,"Malta",4,"Median","37",1987,3,2,5
470,"Malta",4,"Median","38",1987,3,3,6
470,"Malta",4,"Median","39",1987,3,3,6
470,"Malta",4,"Median","40",1987,3,3,6
470,"Malta",4,"Median","41",1987,4,3,6
470,"Malta",4,"Median","42",1987,4,3,6
470,"Malta",4,"Median","43",1987,4,3,7
470,"Malta",4,"Median","44",1987,4,3,7
470,"Malta",4,"Median","45",1987,4,3,7
470,"Malta",4,"Median","46",1987,5,3,8
470,"Malta",4,"Median","47",1987,6,3,9
470,"Malta",4,"Median","48",1987,7,4,10
470,"Malta",4,"Median","49",1987,7,4,11
470,"Malta",4,"Median","50",1987,8,4,12
470,"Malta",4,"Median","51",1987,8,5,13
470,"Malta",4,"Median","52",1987,9,5,14
470,"Malta",4,"Median","53",1987,10,6,16
470,"Malta",4,"Median","54",1987,11,7,18
470,"Malta",4,"Median","55",1987,12,8,20
470,"Malta",4,"Median","56",1987,14,9,23
470,"Malta",4,"Median","57",1987,16,11,26
470,"Malta",4,"Median","58",1987,18,12,30
470,"Malta",4,"Median","59",1987,20,13,34
470,"Malta",4,"Median","60",1987,23,15,38
470,"Malta",4,"Median","61",1987,26,17,42
470,"Malta",4,"Median","62",1987,28,18,46
470,"Malta",4,"Median","63",1987,30,19,49
470,"Malta",4,"Median","64",1987,31,20,52
470,"Malta",4,"Median","65",1987,32,21,53
470,"Malta",4,"Median","66",1987,32,22,54
470,"Malta",4,"Median","67",1987,32,23,55
470,"Malta",4,"Median","68",1987,32,23,55
470,"Malta",4,"Median","69",1987,32,25,57
470,"Malta",4,"Median","70",1987,33,27,61
470,"Malta",4,"Median","71",1987,36,31,66
470,"Malta",4,"Median","72",1987,39,34,73
470,"Malta",4,"Median","73",1987,42,38,80
470,"Malta",4,"Median","74",1987,45,42,88
470,"Malta",4,"Median","75",1987,49,46,95
470,"Malta",4,"Median","76",1987,51,50,102
470,"Malta",4,"Median","77",1987,54,54,108
470,"Malta",4,"Median","78",1987,56,57,112
470,"Malta",4,"Median","79",1987,56,59,115
470,"Malta",4,"Median","80",1987,54,60,114
470,"Malta",4,"Median","81",1987,51,59,110
470,"Malta",4,"Median","82",1987,47,57,104
470,"Malta",4,"Median","83",1987,42,55,97
470,"Malta",4,"Median","84",1987,37,52,89
470,"Malta",4,"Median","85",1987,33,48,81
470,"Malta",4,"Median","86",1987,29,44,73
470,"Malta",4,"Median","87",1987,25,40,65
470,"Malta",4,"Median","88",1987,22,35,57
470,"Malta",4,"Median","89",1987,18,31,49
470,"Malta",4,"Median","90",1987,15,26,41
470,"Malta",4,"Median","91",1987,11,21,33
470,"Malta",4,"Median","92",1987,8,17,25
470,"Malta",4,"Median","93",1987,5,13,19
470,"Malta",4,"Median","94",1987,3,10,13
470,"Malta",4,"Median","95",1987,2,7,9
470,"Malta",4,"Median","96",1987,1,5,6
470,"Malta",4,"Median","97",1987,1,3,4
470,"Malta",4,"Median","98",1987,1,2,3
470,"Malta",4,"Median","99",1987,0,1,1
470,"Malta",4,"Median","0",1988,27,24,51
470,"Malta",4,"Median","1",1988,1,2,2
470,"Malta",4,"Median","2",1988,1,1,2
470,"Malta",4,"Median","3",1988,1,1,2
470,"Malta",4,"Median","4",1988,1,0,2
470,"Malta",4,"Median","5",1988,1,0,2
470,"Malta",4,"Median","6",1988,1,0,1
470,"Malta",4,"Median","7",1988,1,0,1
470,"Malta",4,"Median","8",1988,1,0,1
470,"Malta",4,"Median","9",1988,1,0,1
470,"Malta",4,"Median","10",1988,0,0,1
470,"Malta",4,"Median","11",1988,0,0,1
470,"Malta",4,"Median","12",1988,0,0,1
470,"Malta",4,"Median","13",1988,0,0,1
470,"Malta",4,"Median","14",1988,0,0,1
470,"Malta",4,"Median","15",1988,1,0,1
470,"Malta",4,"Median","16",1988,1,0,1
470,"Malta",4,"Median","17",1988,1,0,1
470,"Malta",4,"Median","18",1988,2,0,2
470,"Malta",4,"Median","19",1988,2,0,2
470,"Malta",4,"Median","20",1988,2,0,2
470,"Malta",4,"Median","21",1988,2,0,3
470,"Malta",4,"Median","22",1988,2,1,3
470,"Malta",4,"Median","23",1988,2,1,3
470,"Malta",4,"Median","24",1988,2,1,3
470,"Malta",4,"Median","25",1988,2,1,3
470,"Malta",4,"Median","26",1988,2,1,3
470,"Malta",4,"Median","27",1988,2,1,3
470,"Malta",4,"Median","28",1988,2,1,3
470,"Malta",4,"Median","29",1988,2,1,3
470,"Malta",4,"Median","30",1988,2,1,3
470,"Malta",4,"Median","31",1988,2,1,3
470,"Malta",4,"Median","32",1988,2,1,3
470,"Malta",4,"Median","33",1988,2,1,3
470,"Malta",4,"Median","34",1988,2,1,3
470,"Malta",4,"Median","35",1988,2,2,4
470,"Malta",4,"Median","36",1988,3,2,5
470,"Malta",4,"Median","37",1988,3,2,5
470,"Malta",4,"Median","38",1988,3,3,6
470,"Malta",4,"Median","39",1988,4,3,7
470,"Malta",4,"Median","40",1988,4,3,7
470,"Malta",4,"Median","41",1988,4,3,7
470,"Malta",4,"Median","42",1988,4,3,7
470,"Malta",4,"Median","43",1988,4,3,7
470,"Malta",4,"Median","44",1988,4,3,7
470,"Malta",4,"Median","45",1988,4,3,7
470,"Malta",4,"Median","46",1988,5,3,7
470,"Malta",4,"Median","47",1988,5,3,8
470,"Malta",4,"Median","48",1988,6,3,10
470,"Malta",4,"Median","49",1988,7,4,11
470,"Malta",4,"Median","50",1988,8,4,12
470,"Malta",4,"Median","51",1988,8,5,13
470,"Malta",4,"Median","52",1988,9,6,15
470,"Malta",4,"Median","53",1988,9,7,16
470,"Malta",4,"Median","54",1988,10,7,18
470,"Malta",4,"Median","55",1988,11,8,20
470,"Malta",4,"Median","56",1988,13,9,22
470,"Malta",4,"Median","57",1988,14,10,24
470,"Malta",4,"Median","58",1988,16,11,27
470,"Malta",4,"Median","59",1988,18,13,31
470,"Malta",4,"Median","60",1988,21,14,35
470,"Malta",4,"Median","61",1988,24,16,40
470,"Malta",4,"Median","62",1988,27,18,45
470,"Malta",4,"Median","63",1988,30,20,50
470,"Malta",4,"Median","64",1988,32,21,53
470,"Malta",4,"Median","65",1988,33,22,55
470,"Malta",4,"Median","66",1988,33,23,56
470,"Malta",4,"Median","67",1988,33,23,56
470,"Malta",4,"Median","68",1988,32,24,56
470,"Malta",4,"Median","69",1988,31,24,55
470,"Malta",4,"Median","70",1988,31,26,57
470,"Malta",4,"Median","71",1988,32,28,60
470,"Malta",4,"Median","72",1988,35,31,66
470,"Malta",4,"Median","73",1988,38,35,73
470,"Malta",4,"Median","74",1988,42,39,80
470,"Malta",4,"Median","75",1988,45,43,88
470,"Malta",4,"Median","76",1988,48,46,95
470,"Malta",4,"Median","77",1988,51,50,101
470,"Malta",4,"Median","78",1988,53,53,106
470,"Malta",4,"Median","79",1988,54,56,110
470,"Malta",4,"Median","80",1988,53,58,111
470,"Malta",4,"Median","81",1988,51,57,109
470,"Malta",4,"Median","82",1988,47,56,103
470,"Malta",4,"Median","83",1988,43,54,96
470,"Malta",4,"Median","84",1988,37,51,88
470,"Malta",4,"Median","85",1988,32,47,79
470,"Malta",4,"Median","86",1988,28,43,71
470,"Malta",4,"Median","87",1988,24,39,63
470,"Malta",4,"Median","88",1988,21,34,55
470,"Malta",4,"Median","89",1988,17,30,47
470,"Malta",4,"Median","90",1988,14,25,39
470,"Malta",4,"Median","91",1988,11,21,32
470,"Malta",4,"Median","92",1988,8,17,25
470,"Malta",4,"Median","93",1988,6,13,18
470,"Malta",4,"Median","94",1988,4,9,13
470,"Malta",4,"Median","95",1988,2,7,9
470,"Malta",4,"Median","96",1988,1,5,6
470,"Malta",4,"Median","97",1988,1,3,4
470,"Malta",4,"Median","98",1988,0,2,3
470,"Malta",4,"Median","99",1988,0,1,2
470,"Malta",4,"Median","0",1989,28,22,51
470,"Malta",4,"Median","1",1989,1,2,2
470,"Malta",4,"Median","2",1989,1,1,2
470,"Malta",4,"Median","3",1989,1,1,2
470,"Malta",4,"Median","4",1989,1,0,1
470,"Malta",4,"Median","5",1989,1,0,1
470,"Malta",4,"Median","6",1989,1,0,1
470,"Malta",4,"Median","7",1989,1,0,1
470,"Malta",4,"Median","8",1989,0,0,1
470,"Malta",4,"Median","9",1989,0,0,1
470,"Malta",4,"Median","10",1989,0,0,1
470,"Malta",4,"Median","11",1989,0,0,1
470,"Malta",4,"Median","12",1989,0,0,1
470,"Malta",4,"Median","13",1989,0,0,1
470,"Malta",4,"Median","14",1989,0,0,1
470,"Malta",4,"Median","15",1989,1,0,1
470,"Malta",4,"Median","16",1989,1,0,1
470,"Malta",4,"Median","17",1989,1,0,2
470,"Malta",4,"Median","18",1989,2,0,2
470,"Malta",4,"Median","19",1989,2,0,3
470,"Malta",4,"Median","20",1989,2,0,3
470,"Malta",4,"Median","21",1989,2,0,3
470,"Malta",4,"Median","22",1989,2,0,3
470,"Malta",4,"Median","23",1989,2,1,3
470,"Malta",4,"Median","24",1989,2,1,3
470,"Malta",4,"Median","25",1989,2,1,3
470,"Malta",4,"Median","26",1989,2,1,3
470,"Malta",4,"Median","27",1989,2,1,3
470,"Malta",4,"Median","28",1989,2,1,3
470,"Malta",4,"Median","29",1989,2,1,3
470,"Malta",4,"Median","30",1989,2,1,3
470,"Malta",4,"Median","31",1989,2,1,3
470,"Malta",4,"Median","32",1989,2,1,3
470,"Malta",4,"Median","33",1989,2,1,4
470,"Malta",4,"Median","34",1989,2,2,4
470,"Malta",4,"Median","35",1989,2,2,4
470,"Malta",4,"Median","36",1989,2,2,4
470,"Malta",4,"Median","37",1989,3,2,5
470,"Malta",4,"Median","38",1989,3,3,6
470,"Malta",4,"Median","39",1989,3,3,6
470,"Malta",4,"Median","40",1989,4,3,7
470,"Malta",4,"Median","41",1989,4,4,8
470,"Malta",4,"Median","42",1989,4,4,8
470,"Malta",4,"Median","43",1989,5,3,8
470,"Malta",4,"Median","44",1989,5,3,8
470,"Malta",4,"Median","45",1989,5,3,8
470,"Malta",4,"Median","46",1989,5,3,7
470,"Malta",4,"Median","47",1989,5,3,7
470,"Malta",4,"Median","48",1989,5,3,8
470,"Malta",4,"Median","49",1989,6,4,10
470,"Malta",4,"Median","50",1989,7,4,12
470,"Malta",4,"Median","51",1989,8,5,13
470,"Malta",4,"Median","52",1989,9,6,15
470,"Malta",4,"Median","53",1989,10,7,17
470,"Malta",4,"Median","54",1989,11,7,18
470,"Malta",4,"Median","55",1989,11,8,19
470,"Malta",4,"Median","56",1989,12,9,21
470,"Malta",4,"Median","57",1989,13,10,23
470,"Malta",4,"Median","58",1989,15,11,26
470,"Malta",4,"Median","59",1989,17,12,29
470,"Malta",4,"Median","60",1989,20,14,34
470,"Malta",4,"Median","61",1989,23,16,39
470,"Malta",4,"Median","62",1989,27,18,45
470,"Malta",4,"Median","63",1989,30,20,50
470,"Malta",4,"Median","64",1989,32,22,54
470,"Malta",4,"Median","65",1989,32,23,55
470,"Malta",4,"Median","66",1989,32,23,55
470,"Malta",4,"Median","67",1989,32,24,56
470,"Malta",4,"Median","68",1989,33,25,57
470,"Malta",4,"Median","69",1989,32,25,57
470,"Malta",4,"Median","70",1989,32,26,58
470,"Malta",4,"Median","71",1989,32,27,59
470,"Malta",4,"Median","72",1989,34,29,63
470,"Malta",4,"Median","73",1989,36,32,69
470,"Malta",4,"Median","74",1989,40,36,76
470,"Malta",4,"Median","75",1989,44,40,84
470,"Malta",4,"Median","76",1989,47,44,91
470,"Malta",4,"Median","77",1989,50,48,98
470,"Malta",4,"Median","78",1989,52,52,103
470,"Malta",4,"Median","79",1989,53,54,108
470,"Malta",4,"Median","80",1989,54,56,110
470,"Malta",4,"Median","81",1989,52,57,110
470,"Malta",4,"Median","82",1989,50,56,106
470,"Malta",4,"Median","83",1989,45,54,99
470,"Malta",4,"Median","84",1989,40,51,91
470,"Malta",4,"Median","85",1989,34,48,82
470,"Malta",4,"Median","86",1989,29,44,73
470,"Malta",4,"Median","87",1989,24,39,64
470,"Malta",4,"Median","88",1989,21,35,55
470,"Malta",4,"Median","89",1989,17,30,47
470,"Malta",4,"Median","90",1989,14,26,40
470,"Malta",4,"Median","91",1989,11,21,32
470,"Malta",4,"Median","92",1989,8,17,25
470,"Malta",4,"Median","93",1989,6,13,19
470,"Malta",4,"Median","94",1989,4,10,13
470,"Malta",4,"Median","95",1989,2,7,9
470,"Malta",4,"Median","96",1989,1,5,6
470,"Malta",4,"Median","97",1989,1,4,4
470,"Malta",4,"Median","98",1989,0,2,3
470,"Malta",4,"Median","99",1989,0,1,2
470,"Malta",4,"Median","0",1990,30,23,53
470,"Malta",4,"Median","1",1990,1,2,3
470,"Malta",4,"Median","2",1990,1,1,2
470,"Malta",4,"Median","3",1990,1,1,1
470,"Malta",4,"Median","4",1990,1,0,1
470,"Malta",4,"Median","5",1990,1,0,1
470,"Malta",4,"Median","6",1990,1,0,1
470,"Malta",4,"Median","7",1990,1,0,1
470,"Malta",4,"Median","8",1990,0,0,1
470,"Malta",4,"Median","9",1990,0,0,1
470,"Malta",4,"Median","10",1990,0,0,1
470,"Malta",4,"Median","11",1990,0,0,1
470,"Malta",4,"Median","12",1990,0,1,1
470,"Malta",4,"Median","13",1990,0,0,1
470,"Malta",4,"Median","14",1990,0,0,1
470,"Malta",4,"Median","15",1990,1,0,1
470,"Malta",4,"Median","16",1990,1,0,1
470,"Malta",4,"Median","17",1990,2,0,2
470,"Malta",4,"Median","18",1990,2,0,2
470,"Malta",4,"Median","19",1990,3,0,3
470,"Malta",4,"Median","20",1990,3,0,3
470,"Malta",4,"Median","21",1990,2,0,3
470,"Malta",4,"Median","22",1990,2,1,3
470,"Malta",4,"Median","23",1990,2,1,3
470,"Malta",4,"Median","24",1990,2,1,3
470,"Malta",4,"Median","25",1990,2,1,2
470,"Malta",4,"Median","26",1990,2,1,2
470,"Malta",4,"Median","27",1990,2,0,3
470,"Malta",4,"Median","28",1990,2,1,3
470,"Malta",4,"Median","29",1990,2,1,3
470,"Malta",4,"Median","30",1990,2,1,3
470,"Malta",4,"Median","31",1990,3,1,4
470,"Malta",4,"Median","32",1990,3,1,4
470,"Malta",4,"Median","33",1990,3,1,4
470,"Malta",4,"Median","34",1990,3,2,4
470,"Malta",4,"Median","35",1990,3,2,4
470,"Malta",4,"Median","36",1990,3,2,5
470,"Malta",4,"Median","37",1990,3,2,5
470,"Malta",4,"Median","38",1990,3,3,5
470,"Malta",4,"Median","39",1990,3,3,6
470,"Malta",4,"Median","40",1990,4,3,7
470,"Malta",4,"Median","41",1990,4,4,8
470,"Malta",4,"Median","42",1990,5,4,9
470,"Malta",4,"Median","43",1990,5,4,9
470,"Malta",4,"Median","44",1990,5,4,9
470,"Malta",4,"Median","45",1990,6,3,9
470,"Malta",4,"Median","46",1990,5,3,9
470,"Malta",4,"Median","47",1990,5,3,8
470,"Malta",4,"Median","48",1990,5,3,8
470,"Malta",4,"Median","49",1990,6,4,9
470,"Malta",4,"Median","50",1990,7,4,11
470,"Malta",4,"Median","51",1990,8,5,13
470,"Malta",4,"Median","52",1990,9,7,15
470,"Malta",4,"Median","53",1990,10,8,17
470,"Malta",4,"Median","54",1990,11,8,19
470,"Malta",4,"Median","55",1990,11,9,20
470,"Malta",4,"Median","56",1990,12,9,21
470,"Malta",4,"Median","57",1990,13,10,24
470,"Malta",4,"Median","58",1990,15,11,26
470,"Malta",4,"Median","59",1990,17,12,30
470,"Malta",4,"Median","60",1990,20,14,34
470,"Malta",4,"Median","61",1990,23,15,38
470,"Malta",4,"Median","62",1990,26,17,43
470,"Malta",4,"Median","63",1990,29,19,48
470,"Malta",4,"Median","64",1990,31,20,52
470,"Malta",4,"Median","65",1990,33,21,54
470,"Malta",4,"Median","66",1990,33,22,56
470,"Malta",4,"Median","67",1990,33,23,56
470,"Malta",4,"Median","68",1990,34,25,59
470,"Malta",4,"Median","69",1990,35,27,62
470,"Malta",4,"Median","70",1990,35,28,64
470,"Malta",4,"Median","71",1990,34,29,63
470,"Malta",4,"Median","72",1990,35,30,64
470,"Malta",4,"Median","73",1990,36,32,68
470,"Malta",4,"Median","74",1990,39,35,74
470,"Malta",4,"Median","75",1990,43,39,82
470,"Malta",4,"Median","76",1990,46,43,90
470,"Malta",4,"Median","77",1990,50,47,97
470,"Malta",4,"Median","78",1990,52,50,102
470,"Malta",4,"Median","79",1990,53,54,107
470,"Malta",4,"Median","80",1990,54,56,110
470,"Malta",4,"Median","81",1990,54,58,111
470,"Malta",4,"Median","82",1990,52,58,110
470,"Malta",4,"Median","83",1990,48,56,104
470,"Malta",4,"Median","84",1990,43,53,96
470,"Malta",4,"Median","85",1990,38,50,87
470,"Malta",4,"Median","86",1990,32,45,77
470,"Malta",4,"Median","87",1990,26,41,67
470,"Malta",4,"Median","88",1990,21,36,57
470,"Malta",4,"Median","89",1990,17,31,49
470,"Malta",4,"Median","90",1990,14,27,41
470,"Malta",4,"Median","91",1990,11,22,33
470,"Malta",4,"Median","92",1990,9,18,27
470,"Malta",4,"Median","93",1990,6,14,20
470,"Malta",4,"Median","94",1990,4,10,14
470,"Malta",4,"Median","95",1990,3,7,10
470,"Malta",4,"Median","96",1990,2,5,6
470,"Malta",4,"Median","97",1990,1,3,4
470,"Malta",4,"Median","98",1990,0,3,3
470,"Malta",4,"Median","99",1990,0,2,2
470,"Malta",4,"Median","0",1991,32,20,52
470,"Malta",4,"Median","1",1991,1,1,2
470,"Malta",4,"Median","2",1991,1,1,2
470,"Malta",4,"Median","3",1991,1,0,1
470,"Malta",4,"Median","4",1991,1,0,1
470,"Malta",4,"Median","5",1991,1,0,1
470,"Malta",4,"Median","6",1991,1,0,1
470,"Malta",4,"Median","7",1991,1,0,1
470,"Malta",4,"Median","8",1991,0,0,1
470,"Malta",4,"Median","9",1991,0,0,1
470,"Malta",4,"Median","10",1991,0,0,1
470,"Malta",4,"Median","11",1991,0,0,1
470,"Malta",4,"Median","12",1991,0,1,1
470,"Malta",4,"Median","13",1991,0,0,1
470,"Malta",4,"Median","14",1991,0,0,1
470,"Malta",4,"Median","15",1991,1,0,1
470,"Malta",4,"Median","16",1991,1,0,1
470,"Malta",4,"Median","17",1991,2,0,2
470,"Malta",4,"Median","18",1991,2,0,2
470,"Malta",4,"Median","19",1991,2,0,3
470,"Malta",4,"Median","20",1991,2,0,3
470,"Malta",4,"Median","21",1991,2,1,3
470,"Malta",4,"Median","22",1991,2,1,3
470,"Malta",4,"Median","23",1991,2,1,2
470,"Malta",4,"Median","24",1991,1,1,2
470,"Malta",4,"Median","25",1991,1,1,2
470,"Malta",4,"Median","26",1991,2,1,2
470,"Malta",4,"Median","27",1991,2,1,2
470,"Malta",4,"Median","28",1991,2,1,3
470,"Malta",4,"Median","29",1991,2,1,3
470,"Malta",4,"Median","30",1991,3,1,3
470,"Malta",4,"Median","31",1991,3,1,4
470,"Malta",4,"Median","32",1991,3,1,4
470,"Malta",4,"Median","33",1991,3,1,4
470,"Malta",4,"Median","34",1991,3,1,4
470,"Malta",4,"Median","35",1991,3,2,4
470,"Malta",4,"Median","36",1991,2,2,4
470,"Malta",4,"Median","37",1991,2,2,5
470,"Malta",4,"Median","38",1991,2,3,5
470,"Malta",4,"Median","39",1991,3,3,6
470,"Malta",4,"Median","40",1991,3,3,7
470,"Malta",4,"Median","41",1991,4,4,8
470,"Malta",4,"Median","42",1991,5,4,9
470,"Malta",4,"Median","43",1991,5,4,9
470,"Malta",4,"Median","44",1991,6,4,10
470,"Malta",4,"Median","45",1991,6,4,9
470,"Malta",4,"Median","46",1991,6,3,9
470,"Malta",4,"Median","47",1991,6,3,9
470,"Malta",4,"Median","48",1991,5,3,8
470,"Malta",4,"Median","49",1991,5,3,8
470,"Malta",4,"Median","50",1991,6,4,10
470,"Malta",4,"Median","51",1991,8,5,12
470,"Malta",4,"Median","52",1991,9,6,15
470,"Malta",4,"Median","53",1991,10,7,17
470,"Malta",4,"Median","54",1991,11,8,19
470,"Malta",4,"Median","55",1991,12,9,21
470,"Malta",4,"Median","56",1991,12,10,22
470,"Malta",4,"Median","57",1991,13,10,24
470,"Malta",4,"Median","58",1991,15,12,27
470,"Malta",4,"Median","59",1991,17,13,30
470,"Malta",4,"Median","60",1991,19,14,33
470,"Malta",4,"Median","61",1991,22,15,37
470,"Malta",4,"Median","62",1991,24,16,40
470,"Malta",4,"Median","63",1991,27,17,44
470,"Malta",4,"Median","64",1991,30,19,48
470,"Malta",4,"Median","65",1991,31,20,52
470,"Malta",4,"Median","66",1991,33,22,54
470,"Malta",4,"Median","67",1991,33,23,56
470,"Malta",4,"Median","68",1991,34,24,58
470,"Malta",4,"Median","69",1991,36,27,63
470,"Malta",4,"Median","70",1991,38,29,67
470,"Malta",4,"Median","71",1991,38,30,67
470,"Malta",4,"Median","72",1991,37,30,67
470,"Malta",4,"Median","73",1991,37,31,68
470,"Malta",4,"Median","74",1991,38,33,71
470,"Malta",4,"Median","75",1991,41,36,77
470,"Malta",4,"Median","76",1991,44,40,85
470,"Malta",4,"Median","77",1991,48,44,93
470,"Malta",4,"Median","78",1991,51,48,99
470,"Malta",4,"Median","79",1991,53,51,103
470,"Malta",4,"Median","80",1991,53,54,107
470,"Malta",4,"Median","81",1991,53,55,109
470,"Malta",4,"Median","82",1991,52,56,108
470,"Malta",4,"Median","83",1991,49,56,105
470,"Malta",4,"Median","84",1991,46,53,98
470,"Malta",4,"Median","85",1991,40,49,90
470,"Malta",4,"Median","86",1991,34,46,80
470,"Malta",4,"Median","87",1991,28,41,69
470,"Malta",4,"Median","88",1991,23,36,59
470,"Malta",4,"Median","89",1991,18,31,49
470,"Malta",4,"Median","90",1991,14,27,41
470,"Malta",4,"Median","91",1991,11,22,34
470,"Malta",4,"Median","92",1991,9,18,27
470,"Malta",4,"Median","93",1991,7,14,21
470,"Malta",4,"Median","94",1991,4,11,15
470,"Malta",4,"Median","95",1991,3,8,11
470,"Malta",4,"Median","96",1991,2,5,7
470,"Malta",4,"Median","97",1991,1,3,4
470,"Malta",4,"Median","98",1991,0,2,3
470,"Malta",4,"Median","99",1991,0,2,2
470,"Malta",4,"Median","0",1992,31,20,51
470,"Malta",4,"Median","1",1992,1,1,3
470,"Malta",4,"Median","2",1992,1,1,2
470,"Malta",4,"Median","3",1992,1,0,2
470,"Malta",4,"Median","4",1992,1,0,1
470,"Malta",4,"Median","5",1992,1,0,1
470,"Malta",4,"Median","6",1992,1,0,1
470,"Malta",4,"Median","7",1992,1,0,1
470,"Malta",4,"Median","8",1992,0,0,1
470,"Malta",4,"Median","9",1992,0,0,1
470,"Malta",4,"Median","10",1992,0,0,1
470,"Malta",4,"Median","11",1992,0,1,1
470,"Malta",4,"Median","12",1992,0,1,1
470,"Malta",4,"Median","13",1992,0,1,1
470,"Malta",4,"Median","14",1992,0,0,1
470,"Malta",4,"Median","15",1992,1,0,1
470,"Malta",4,"Median","16",1992,1,0,1
470,"Malta",4,"Median","17",1992,1,0,2
470,"Malta",4,"Median","18",1992,2,0,2
470,"Malta",4,"Median","19",1992,2,0,2
470,"Malta",4,"Median","20",1992,2,0,3
470,"Malta",4,"Median","21",1992,2,0,3
470,"Malta",4,"Median","22",1992,2,1,3
470,"Malta",4,"Median","23",1992,2,1,3
470,"Malta",4,"Median","24",1992,2,1,3
470,"Malta",4,"Median","25",1992,2,1,2
470,"Malta",4,"Median","26",1992,2,1,3
470,"Malta",4,"Median","27",1992,2,0,3
470,"Malta",4,"Median","28",1992,2,0,3
470,"Malta",4,"Median","29",1992,2,0,3
470,"Malta",4,"Median","30",1992,3,1,3
470,"Malta",4,"Median","31",1992,3,1,3
470,"Malta",4,"Median","32",1992,3,1,4
470,"Malta",4,"Median","33",1992,3,1,4
470,"Malta",4,"Median","34",1992,3,1,4
470,"Malta",4,"Median","35",1992,3,2,4
470,"Malta",4,"Median","36",1992,3,2,4
470,"Malta",4,"Median","37",1992,3,2,5
470,"Malta",4,"Median","38",1992,3,2,5
470,"Malta",4,"Median","39",1992,3,3,6
470,"Malta",4,"Median","40",1992,3,3,7
470,"Malta",4,"Median","41",1992,4,4,8
470,"Malta",4,"Median","42",1992,4,4,8
470,"Malta",4,"Median","43",1992,5,4,9
470,"Malta",4,"Median","44",1992,5,4,9
470,"Malta",4,"Median","45",1992,5,4,9
470,"Malta",4,"Median","46",1992,6,4,9
470,"Malta",4,"Median","47",1992,6,4,10
470,"Malta",4,"Median","48",1992,6,3,10
470,"Malta",4,"Median","49",1992,5,3,9
470,"Malta",4,"Median","50",1992,6,4,9
470,"Malta",4,"Median","51",1992,7,5,11
470,"Malta",4,"Median","52",1992,8,6,14
470,"Malta",4,"Median","53",1992,9,7,16
470,"Malta",4,"Median","54",1992,10,8,18
470,"Malta",4,"Median","55",1992,11,9,21
470,"Malta",4,"Median","56",1992,12,10,22
470,"Malta",4,"Median","57",1992,13,10,23
470,"Malta",4,"Median","58",1992,15,11,26
470,"Malta",4,"Median","59",1992,17,12,29
470,"Malta",4,"Median","60",1992,19,13,32
470,"Malta",4,"Median","61",1992,21,14,36
470,"Malta",4,"Median","62",1992,24,15,39
470,"Malta",4,"Median","63",1992,26,16,42
470,"Malta",4,"Median","64",1992,28,18,46
470,"Malta",4,"Median","65",1992,30,20,50
470,"Malta",4,"Median","66",1992,32,22,54
470,"Malta",4,"Median","67",1992,33,25,58
470,"Malta",4,"Median","68",1992,34,26,61
470,"Malta",4,"Median","69",1992,35,28,63
470,"Malta",4,"Median","70",1992,38,31,69
470,"Malta",4,"Median","71",1992,40,33,73
470,"Malta",4,"Median","72",1992,40,33,74
470,"Malta",4,"Median","73",1992,39,33,72
470,"Malta",4,"Median","74",1992,39,34,72
470,"Malta",4,"Median","75",1992,40,35,75
470,"Malta",4,"Median","76",1992,42,39,81
470,"Malta",4,"Median","77",1992,46,43,89
470,"Malta",4,"Median","78",1992,49,47,97
470,"Malta",4,"Median","79",1992,52,50,102
470,"Malta",4,"Median","80",1992,53,53,106
470,"Malta",4,"Median","81",1992,52,56,108
470,"Malta",4,"Median","82",1992,52,57,109
470,"Malta",4,"Median","83",1992,50,57,107
470,"Malta",4,"Median","84",1992,46,56,103
470,"Malta",4,"Median","85",1992,42,52,94
470,"Malta",4,"Median","86",1992,37,48,85
470,"Malta",4,"Median","87",1992,31,44,75
470,"Malta",4,"Median","88",1992,25,39,63
470,"Malta",4,"Median","89",1992,19,33,52
470,"Malta",4,"Median","90",1992,15,28,43
470,"Malta",4,"Median","91",1992,11,23,35
470,"Malta",4,"Median","92",1992,9,19,28
470,"Malta",4,"Median","93",1992,7,16,23
470,"Malta",4,"Median","94",1992,5,12,17
470,"Malta",4,"Median","95",1992,3,9,12
470,"Malta",4,"Median","96",1992,2,6,8
470,"Malta",4,"Median","97",1992,1,4,5
470,"Malta",4,"Median","98",1992,1,2,3
470,"Malta",4,"Median","99",1992,0,1,2
470,"Malta",4,"Median","0",1993,30,18,48
470,"Malta",4,"Median","1",1993,2,1,3
470,"Malta",4,"Median","2",1993,1,1,2
470,"Malta",4,"Median","3",1993,1,0,1
470,"Malta",4,"Median","4",1993,1,0,1
470,"Malta",4,"Median","5",1993,1,0,1
470,"Malta",4,"Median","6",1993,0,0,1
470,"Malta",4,"Median","7",1993,0,0,1
470,"Malta",4,"Median","8",1993,0,0,0
470,"Malta",4,"Median","9",1993,0,0,0
470,"Malta",4,"Median","10",1993,0,0,1
470,"Malta",4,"Median","11",1993,0,0,1
470,"Malta",4,"Median","12",1993,0,0,1
470,"Malta",4,"Median","13",1993,0,0,1
470,"Malta",4,"Median","14",1993,1,0,1
470,"Malta",4,"Median","15",1993,1,0,1
470,"Malta",4,"Median","16",1993,1,0,2
470,"Malta",4,"Median","17",1993,2,0,2
470,"Malta",4,"Median","18",1993,2,0,3
470,"Malta",4,"Median","19",1993,2,0,3
470,"Malta",4,"Median","20",1993,2,1,3
470,"Malta",4,"Median","21",1993,2,1,3
470,"Malta",4,"Median","22",1993,2,1,3
470,"Malta",4,"Median","23",1993,2,1,3
470,"Malta",4,"Median","24",1993,2,1,2
470,"Malta",4,"Median","25",1993,2,1,2
470,"Malta",4,"Median","26",1993,2,0,3
470,"Malta",4,"Median","27",1993,2,0,3
470,"Malta",4,"Median","28",1993,2,0,3
470,"Malta",4,"Median","29",1993,3,1,3
470,"Malta",4,"Median","30",1993,3,1,3
470,"Malta",4,"Median","31",1993,3,1,4
470,"Malta",4,"Median","32",1993,3,1,4
470,"Malta",4,"Median","33",1993,3,1,4
470,"Malta",4,"Median","34",1993,3,1,4
470,"Malta",4,"Median","35",1993,3,1,4
470,"Malta",4,"Median","36",1993,3,2,4
470,"Malta",4,"Median","37",1993,3,2,5
470,"Malta",4,"Median","38",1993,3,2,5
470,"Malta",4,"Median","39",1993,3,2,6
470,"Malta",4,"Median","40",1993,3,3,6
470,"Malta",4,"Median","41",1993,4,3,7
470,"Malta",4,"Median","42",1993,4,4,8
470,"Malta",4,"Median","43",1993,5,4,9
470,"Malta",4,"Median","44",1993,6,4,10
470,"Malta",4,"Median","45",1993,6,4,11
470,"Malta",4,"Median","46",1993,6,4,11
470,"Malta",4,"Median","47",1993,7,4,11
470,"Malta",4,"Median","48",1993,7,4,11
470,"Malta",4,"Median","49",1993,7,4,11
470,"Malta",4,"Median","50",1993,6,4,10
470,"Malta",4,"Median","51",1993,6,4,10
470,"Malta",4,"Median","52",1993,7,5,12
470,"Malta",4,"Median","53",1993,8,6,14
470,"Malta",4,"Median","54",1993,10,7,17
470,"Malta",4,"Median","55",1993,11,8,19
470,"Malta",4,"Median","56",1993,13,9,22
470,"Malta",4,"Median","57",1993,14,10,25
470,"Malta",4,"Median","58",1993,15,11,26
470,"Malta",4,"Median","59",1993,17,12,29
470,"Malta",4,"Median","60",1993,19,13,32
470,"Malta",4,"Median","61",1993,20,14,34
470,"Malta",4,"Median","62",1993,22,15,37
470,"Malta",4,"Median","63",1993,24,16,39
470,"Malta",4,"Median","64",1993,25,17,42
470,"Malta",4,"Median","65",1993,27,19,46
470,"Malta",4,"Median","66",1993,30,21,51
470,"Malta",4,"Median","67",1993,32,24,56
470,"Malta",4,"Median","68",1993,35,27,62
470,"Malta",4,"Median","69",1993,37,29,66
470,"Malta",4,"Median","70",1993,38,30,69
470,"Malta",4,"Median","71",1993,42,34,76
470,"Malta",4,"Median","72",1993,45,37,82
470,"Malta",4,"Median","73",1993,45,37,81
470,"Malta",4,"Median","74",1993,42,36,78
470,"Malta",4,"Median","75",1993,41,36,77
470,"Malta",4,"Median","76",1993,41,38,79
470,"Malta",4,"Median","77",1993,43,42,85
470,"Malta",4,"Median","78",1993,47,46,93
470,"Malta",4,"Median","79",1993,50,50,100
470,"Malta",4,"Median","80",1993,52,53,104
470,"Malta",4,"Median","81",1993,52,54,106
470,"Malta",4,"Median","82",1993,50,57,107
470,"Malta",4,"Median","83",1993,50,58,107
470,"Malta",4,"Median","84",1993,47,57,105
470,"Malta",4,"Median","85",1993,43,56,99
470,"Malta",4,"Median","86",1993,39,50,89
470,"Malta",4,"Median","87",1993,33,45,78
470,"Malta",4,"Median","88",1993,27,41,68
470,"Malta",4,"Median","89",1993,21,36,57
470,"Malta",4,"Median","90",1993,16,30,46
470,"Malta",4,"Median","91",1993,12,24,36
470,"Malta",4,"Median","92",1993,9,20,29
470,"Malta",4,"Median","93",1993,7,17,23
470,"Malta",4,"Median","94",1993,5,13,18
470,"Malta",4,"Median","95",1993,4,10,14
470,"Malta",4,"Median","96",1993,2,7,10
470,"Malta",4,"Median","97",1993,1,5,6
470,"Malta",4,"Median","98",1993,1,3,3
470,"Malta",4,"Median","99",1993,0,1,2
470,"Malta",4,"Median","0",1994,27,20,47
470,"Malta",4,"Median","1",1994,2,1,3
470,"Malta",4,"Median","2",1994,2,1,2
470,"Malta",4,"Median","3",1994,1,1,2
470,"Malta",4,"Median","4",1994,1,0,1
470,"Malta",4,"Median","5",1994,1,0,1
470,"Malta",4,"Median","6",1994,1,0,1
470,"Malta",4,"Median","7",1994,0,0,1
470,"Malta",4,"Median","8",1994,0,0,1
470,"Malta",4,"Median","9",1994,0,0,1
470,"Malta",4,"Median","10",1994,0,0,0
470,"Malta",4,"Median","11",1994,0,0,1
470,"Malta",4,"Median","12",1994,0,0,1
470,"Malta",4,"Median","13",1994,0,0,1
470,"Malta",4,"Median","14",1994,1,0,1
470,"Malta",4,"Median","15",1994,1,0,1
470,"Malta",4,"Median","16",1994,1,0,2
470,"Malta",4,"Median","17",1994,2,1,2
470,"Malta",4,"Median","18",1994,2,1,3
470,"Malta",4,"Median","19",1994,2,1,3
470,"Malta",4,"Median","20",1994,2,1,3
470,"Malta",4,"Median","21",1994,2,1,3
470,"Malta",4,"Median","22",1994,2,1,3
470,"Malta",4,"Median","23",1994,2,1,2
470,"Malta",4,"Median","24",1994,2,1,2
470,"Malta",4,"Median","25",1994,2,1,3
470,"Malta",4,"Median","26",1994,2,1,3
470,"Malta",4,"Median","27",1994,2,1,3
470,"Malta",4,"Median","28",1994,2,1,3
470,"Malta",4,"Median","29",1994,3,1,3
470,"Malta",4,"Median","30",1994,3,1,3
470,"Malta",4,"Median","31",1994,3,1,4
470,"Malta",4,"Median","32",1994,3,1,4
470,"Malta",4,"Median","33",1994,3,1,4
470,"Malta",4,"Median","34",1994,3,1,4
470,"Malta",4,"Median","35",1994,3,1,5
470,"Malta",4,"Median","36",1994,3,2,5
470,"Malta",4,"Median","37",1994,4,2,5
470,"Malta",4,"Median","38",1994,4,2,6
470,"Malta",4,"Median","39",1994,4,2,6
470,"Malta",4,"Median","40",1994,4,3,6
470,"Malta",4,"Median","41",1994,4,3,7
470,"Malta",4,"Median","42",1994,4,3,7
470,"Malta",4,"Median","43",1994,4,4,8
470,"Malta",4,"Median","44",1994,5,4,9
470,"Malta",4,"Median","45",1994,6,4,10
470,"Malta",4,"Median","46",1994,7,4,11
470,"Malta",4,"Median","47",1994,7,4,11
470,"Malta",4,"Median","48",1994,7,4,12
470,"Malta",4,"Median","49",1994,8,5,12
470,"Malta",4,"Median","50",1994,7,5,12
470,"Malta",4,"Median","51",1994,6,4,10
470,"Malta",4,"Median","52",1994,6,4,10
470,"Malta",4,"Median","53",1994,7,5,12
470,"Malta",4,"Median","54",1994,8,7,15
470,"Malta",4,"Median","55",1994,10,8,18
470,"Malta",4,"Median","56",1994,12,9,21
470,"Malta",4,"Median","57",1994,14,10,24
470,"Malta",4,"Median","58",1994,16,11,27
470,"Malta",4,"Median","59",1994,17,12,28
470,"Malta",4,"Median","60",1994,18,12,31
470,"Malta",4,"Median","61",1994,20,14,33
470,"Malta",4,"Median","62",1994,21,15,36
470,"Malta",4,"Median","63",1994,23,16,39
470,"Malta",4,"Median","64",1994,25,17,42
470,"Malta",4,"Median","65",1994,27,18,45
470,"Malta",4,"Median","66",1994,30,20,50
470,"Malta",4,"Median","67",1994,33,24,57
470,"Malta",4,"Median","68",1994,36,27,63
470,"Malta",4,"Median","69",1994,39,30,69
470,"Malta",4,"Median","70",1994,40,31,71
470,"Malta",4,"Median","71",1994,41,33,75
470,"Malta",4,"Median","72",1994,45,37,83
470,"Malta",4,"Median","73",1994,49,40,90
470,"Malta",4,"Median","74",1994,48,40,88
470,"Malta",4,"Median","75",1994,45,38,84
470,"Malta",4,"Median","76",1994,43,38,81
470,"Malta",4,"Median","77",1994,43,40,82
470,"Malta",4,"Median","78",1994,44,43,87
470,"Malta",4,"Median","79",1994,48,47,95
470,"Malta",4,"Median","80",1994,51,51,102
470,"Malta",4,"Median","81",1994,52,53,106
470,"Malta",4,"Median","82",1994,52,55,106
470,"Malta",4,"Median","83",1994,49,57,106
470,"Malta",4,"Median","84",1994,48,57,105
470,"Malta",4,"Median","85",1994,45,56,101
470,"Malta",4,"Median","86",1994,40,54,94
470,"Malta",4,"Median","87",1994,36,47,82
470,"Malta",4,"Median","88",1994,30,42,72
470,"Malta",4,"Median","89",1994,24,38,62
470,"Malta",4,"Median","90",1994,19,32,50
470,"Malta",4,"Median","91",1994,14,26,39
470,"Malta",4,"Median","92",1994,10,21,30
470,"Malta",4,"Median","93",1994,7,17,24
470,"Malta",4,"Median","94",1994,5,14,19
470,"Malta",4,"Median","95",1994,4,11,15
470,"Malta",4,"Median","96",1994,3,9,11
470,"Malta",4,"Median","97",1994,2,6,8
470,"Malta",4,"Median","98",1994,1,4,5
470,"Malta",4,"Median","99",1994,0,2,2
470,"Malta",4,"Median","0",1995,34,15,48
470,"Malta",4,"Median","1",1995,3,1,4
470,"Malta",4,"Median","2",1995,2,0,2
470,"Malta",4,"Median","3",1995,0,0,1
470,"Malta",4,"Median","4",1995,1,0,2
470,"Malta",4,"Median","5",1995,0,0,0
470,"Malta",4,"Median","6",1995,0,1,1
470,"Malta",4,"Median","7",1995,0,1,1
470,"Malta",4,"Median","8",1995,1,1,2
470,"Malta",4,"Median","9",1995,0,1,1
470,"Malta",4,"Median","10",1995,0,0,0
470,"Malta",4,"Median","11",1995,2,1,3
470,"Malta",4,"Median","12",1995,0,1,1
470,"Malta",4,"Median","13",1995,2,1,3
470,"Malta",4,"Median","14",1995,0,1,1
470,"Malta",4,"Median","15",1995,1,1,2
470,"Malta",4,"Median","16",1995,2,1,3
470,"Malta",4,"Median","17",1995,2,1,3
470,"Malta",4,"Median","18",1995,3,1,4
470,"Malta",4,"Median","19",1995,5,2,7
470,"Malta",4,"Median","20",1995,4,1,5
470,"Malta",4,"Median","21",1995,0,1,1
470,"Malta",4,"Median","22",1995,2,1,3
470,"Malta",4,"Median","23",1995,2,1,3
470,"Malta",4,"Median","24",1995,1,0,1
470,"Malta",4,"Median","25",1995,1,0,1
470,"Malta",4,"Median","26",1995,6,2,8
470,"Malta",4,"Median","27",1995,0,1,1
470,"Malta",4,"Median","28",1995,4,0,4
470,"Malta",4,"Median","29",1995,3,1,4
470,"Malta",4,"Median","30",1995,6,1,7
470,"Malta",4,"Median","31",1995,0,0,1
470,"Malta",4,"Median","32",1995,2,0,2
470,"Malta",4,"Median","33",1995,4,2,6
470,"Malta",4,"Median","34",1995,1,1,2
470,"Malta",4,"Median","35",1995,5,0,5
470,"Malta",4,"Median","36",1995,1,1,2
470,"Malta",4,"Median","37",1995,4,1,5
470,"Malta",4,"Median","38",1995,1,1,2
470,"Malta",4,"Median","39",1995,7,2,9
470,"Malta",4,"Median","40",1995,2,1,3
470,"Malta",4,"Median","41",1995,1,3,4
470,"Malta",4,"Median","42",1995,5,2,7
470,"Malta",4,"Median","43",1995,5,4,9
470,"Malta",4,"Median","44",1995,6,3,9
470,"Malta",4,"Median","45",1995,7,3,10
470,"Malta",4,"Median","46",1995,13,6,19
470,"Malta",4,"Median","47",1995,5,1,6
470,"Malta",4,"Median","48",1995,7,9,16
470,"Malta",4,"Median","49",1995,11,5,16
470,"Malta",4,"Median","50",1995,13,6,19
470,"Malta",4,"Median","51",1995,9,9,18
470,"Malta",4,"Median","52",1995,5,2,7
470,"Malta",4,"Median","53",1995,7,5,13
470,"Malta",4,"Median","54",1995,8,7,15
470,"Malta",4,"Median","55",1995,15,9,24
470,"Malta",4,"Median","56",1995,9,7,16
470,"Malta",4,"Median","57",1995,14,7,21
470,"Malta",4,"Median","58",1995,13,11,25
470,"Malta",4,"Median","59",1995,21,9,30
470,"Malta",4,"Median","60",1995,13,8,21
470,"Malta",4,"Median","61",1995,20,11,31
470,"Malta",4,"Median","62",1995,23,10,33
470,"Malta",4,"Median","63",1995,22,22,44
470,"Malta",4,"Median","64",1995,19,15,35
470,"Malta",4,"Median","65",1995,33,24,57
470,"Malta",4,"Median","66",1995,27,15,42
470,"Malta",4,"Median","67",1995,29,27,55
470,"Malta",4,"Median","68",1995,33,23,57
470,"Malta",4,"Median","69",1995,33,26,59
470,"Malta",4,"Median","70",1995,41,35,76
470,"Malta",4,"Median","71",1995,42,36,78
470,"Malta",4,"Median","72",1995,43,37,80
470,"Malta",4,"Median","73",1995,47,41,88
470,"Malta",4,"Median","74",1995,51,45,95
470,"Malta",4,"Median","75",1995,49,43,93
470,"Malta",4,"Median","76",1995,46,41,86
470,"Malta",4,"Median","77",1995,42,40,83
470,"Malta",4,"Median","78",1995,41,41,83
470,"Malta",4,"Median","79",1995,42,44,87
470,"Malta",4,"Median","80",1995,46,49,95
470,"Malta",4,"Median","81",1995,49,52,101
470,"Malta",4,"Median","82",1995,50,54,104
470,"Malta",4,"Median","83",1995,49,54,103
470,"Malta",4,"Median","84",1995,45,57,102
470,"Malta",4,"Median","85",1995,44,56,100
470,"Malta",4,"Median","86",1995,41,55,95
470,"Malta",4,"Median","87",1995,35,52,87
470,"Malta",4,"Median","88",1995,31,43,74
470,"Malta",4,"Median","89",1995,26,38,63
470,"Malta",4,"Median","90",1995,20,34,54
470,"Malta",4,"Median","91",1995,15,28,43
470,"Malta",4,"Median","92",1995,11,22,33
470,"Malta",4,"Median","93",1995,7,17,25
470,"Malta",4,"Median","94",1995,5,14,19
470,"Malta",4,"Median","95",1995,4,11,16
470,"Malta",4,"Median","96",1995,3,10,13
470,"Malta",4,"Median","97",1995,2,7,10
470,"Malta",4,"Median","98",1995,2,5,7
470,"Malta",4,"Median","99",1995,1,3,4
470,"Malta",4,"Median","0",1996,33,32,65
470,"Malta",4,"Median","1",1996,2,4,6
470,"Malta",4,"Median","2",1996,2,0,2
470,"Malta",4,"Median","3",1996,1,0,1
470,"Malta",4,"Median","4",1996,0,0,1
470,"Malta",4,"Median","5",1996,1,0,1
470,"Malta",4,"Median","6",1996,0,1,1
470,"Malta",4,"Median","7",1996,0,1,1
470,"Malta",4,"Median","8",1996,0,1,1
470,"Malta",4,"Median","9",1996,1,1,2
470,"Malta",4,"Median","10",1996,0,0,0
470,"Malta",4,"Median","11",1996,0,1,1
470,"Malta",4,"Median","12",1996,1,1,2
470,"Malta",4,"Median","13",1996,0,1,1
470,"Malta",4,"Median","14",1996,1,1,2
470,"Malta",4,"Median","15",1996,0,1,1
470,"Malta",4,"Median","16",1996,0,2,2
470,"Malta",4,"Median","17",1996,3,1,4
470,"Malta",4,"Median","18",1996,2,1,3
470,"Malta",4,"Median","19",1996,2,0,3
470,"Malta",4,"Median","20",1996,3,0,3
470,"Malta",4,"Median","21",1996,1,0,2
470,"Malta",4,"Median","22",1996,3,1,4
470,"Malta",4,"Median","23",1996,1,1,2
470,"Malta",4,"Median","24",1996,0,1,1
470,"Malta",4,"Median","25",1996,4,0,4
470,"Malta",4,"Median","26",1996,5,1,6
470,"Malta",4,"Median","27",1996,0,0,1
470,"Malta",4,"Median","28",1996,0,1,1
470,"Malta",4,"Median","29",1996,2,2,4
470,"Malta",4,"Median","30",1996,2,3,5
470,"Malta",4,"Median","31",1996,2,1,3
470,"Malta",4,"Median","32",1996,0,0,1
470,"Malta",4,"Median","33",1996,6,1,7
470,"Malta",4,"Median","34",1996,4,0,5
470,"Malta",4,"Median","35",1996,6,2,8
470,"Malta",4,"Median","36",1996,2,1,3
470,"Malta",4,"Median","37",1996,3,2,5
470,"Malta",4,"Median","38",1996,4,3,7
470,"Malta",4,"Median","39",1996,8,3,11
470,"Malta",4,"Median","40",1996,3,3,6
470,"Malta",4,"Median","41",1996,4,5,9
470,"Malta",4,"Median","42",1996,5,1,6
470,"Malta",4,"Median","43",1996,1,2,3
470,"Malta",4,"Median","44",1996,4,2,6
470,"Malta",4,"Median","45",1996,4,5,9
470,"Malta",4,"Median","46",1996,4,4,8
470,"Malta",4,"Median","47",1996,3,2,5
470,"Malta",4,"Median","48",1996,6,3,9
470,"Malta",4,"Median","49",1996,12,7,19
470,"Malta",4,"Median","50",1996,4,5,9
470,"Malta",4,"Median","51",1996,7,6,13
470,"Malta",4,"Median","52",1996,11,9,20
470,"Malta",4,"Median","53",1996,4,3,7
470,"Malta",4,"Median","54",1996,6,3,10
470,"Malta",4,"Median","55",1996,7,6,13
470,"Malta",4,"Median","56",1996,5,9,14
470,"Malta",4,"Median","57",1996,6,7,13
470,"Malta",4,"Median","58",1996,13,10,23
470,"Malta",4,"Median","59",1996,25,7,33
470,"Malta",4,"Median","60",1996,18,14,31
470,"Malta",4,"Median","61",1996,20,14,35
470,"Malta",4,"Median","62",1996,23,13,37
470,"Malta",4,"Median","63",1996,24,9,33
470,"Malta",4,"Median","64",1996,26,17,44
470,"Malta",4,"Median","65",1996,26,24,50
470,"Malta",4,"Median","66",1996,48,21,69
470,"Malta",4,"Median","67",1996,31,23,54
470,"Malta",4,"Median","68",1996,37,28,65
470,"Malta",4,"Median","69",1996,40,28,68
470,"Malta",4,"Median","70",1996,59,32,91
470,"Malta",4,"Median","71",1996,63,35,98
470,"Malta",4,"Median","72",1996,64,37,100
470,"Malta",4,"Median","73",1996,63,38,101
470,"Malta",4,"Median","74",1996,68,43,111
470,"Malta",4,"Median","75",1996,72,47,119
470,"Malta",4,"Median","76",1996,68,46,114
470,"Malta",4,"Median","77",1996,59,43,102
470,"Malta",4,"Median","78",1996,53,42,95
470,"Malta",4,"Median","79",1996,50,43,93
470,"Malta",4,"Median","80",1996,49,46,96
470,"Malta",4,"Median","81",1996,54,51,104
470,"Malta",4,"Median","82",1996,57,54,111
470,"Malta",4,"Median","83",1996,57,55,112
470,"Malta",4,"Median","84",1996,55,55,110
470,"Malta",4,"Median","85",1996,49,57,106
470,"Malta",4,"Median","86",1996,48,55,103
470,"Malta",4,"Median","87",1996,43,54,97
470,"Malta",4,"Median","88",1996,37,50,87
470,"Malta",4,"Median","89",1996,32,40,72
470,"Malta",4,"Median","90",1996,26,34,60
470,"Malta",4,"Median","91",1996,20,30,51
470,"Malta",4,"Median","92",1996,15,24,39
470,"Malta",4,"Median","93",1996,10,18,29
470,"Malta",4,"Median","94",1996,7,14,21
470,"Malta",4,"Median","95",1996,5,11,16
470,"Malta",4,"Median","96",1996,4,10,14
470,"Malta",4,"Median","97",1996,3,8,11
470,"Malta",4,"Median","98",1996,2,6,9
470,"Malta",4,"Median","99",1996,2,4,6
470,"Malta",4,"Median","100",1996,0,1,1
470,"Malta",4,"Median","101",1996,0,1,1
470,"Malta",4,"Median","102",1996,0,1,1
470,"Malta",4,"Median","103",1996,0,0,0
470,"Malta",4,"Median","104",1996,0,0,0
470,"Malta",4,"Median","105",1996,0,0,0
470,"Malta",4,"Median","106",1996,0,0,0
470,"Malta",4,"Median","107",1996,0,0,0
470,"Malta",4,"Median","108",1996,0,0,0
470,"Malta",4,"Median","109",1996,0,0,0
470,"Malta",4,"Median","110",1996,0,0,0
470,"Malta",4,"Median","0",1997,16,17,33
470,"Malta",4,"Median","1",1997,5,1,6
470,"Malta",4,"Median","2",1997,1,1,2
470,"Malta",4,"Median","3",1997,1,2,3
470,"Malta",4,"Median","4",1997,1,0,1
470,"Malta",4,"Median","5",1997,0,4,4
470,"Malta",4,"Median","6",1997,0,1,1
470,"Malta",4,"Median","7",1997,0,1,1
470,"Malta",4,"Median","8",1997,0,1,1
470,"Malta",4,"Median","9",1997,0,1,1
470,"Malta",4,"Median","10",1997,0,0,0
470,"Malta",4,"Median","11",1997,3,1,4
470,"Malta",4,"Median","12",1997,0,1,1
470,"Malta",4,"Median","13",1997,0,1,1
470,"Malta",4,"Median","14",1997,1,1,2
470,"Malta",4,"Median","15",1997,0,3,3
470,"Malta",4,"Median","16",1997,0,1,1
470,"Malta",4,"Median","17",1997,1,1,2
470,"Malta",4,"Median","18",1997,1,1,2
470,"Malta",4,"Median","19",1997,3,0,4
470,"Malta",4,"Median","20",1997,2,0,2
470,"Malta",4,"Median","21",1997,6,1,7
470,"Malta",4,"Median","22",1997,2,1,3
470,"Malta",4,"Median","23",1997,1,1,2
470,"Malta",4,"Median","24",1997,1,1,2
470,"Malta",4,"Median","25",1997,1,0,1
470,"Malta",4,"Median","26",1997,2,0,2
470,"Malta",4,"Median","27",1997,0,0,1
470,"Malta",4,"Median","28",1997,1,0,1
470,"Malta",4,"Median","29",1997,4,1,5
470,"Malta",4,"Median","30",1997,2,2,4
470,"Malta",4,"Median","31",1997,4,2,6
470,"Malta",4,"Median","32",1997,2,2,4
470,"Malta",4,"Median","33",1997,2,0,3
470,"Malta",4,"Median","34",1997,2,2,4
470,"Malta",4,"Median","35",1997,6,1,7
470,"Malta",4,"Median","36",1997,2,3,5
470,"Malta",4,"Median","37",1997,3,1,4
470,"Malta",4,"Median","38",1997,4,1,5
470,"Malta",4,"Median","39",1997,3,2,5
470,"Malta",4,"Median","40",1997,4,2,6
470,"Malta",4,"Median","41",1997,3,1,4
470,"Malta",4,"Median","42",1997,2,3,5
470,"Malta",4,"Median","43",1997,5,1,6
470,"Malta",4,"Median","44",1997,5,6,11
470,"Malta",4,"Median","45",1997,6,3,9
470,"Malta",4,"Median","46",1997,6,4,10
470,"Malta",4,"Median","47",1997,6,1,7
470,"Malta",4,"Median","48",1997,8,4,12
470,"Malta",4,"Median","49",1997,6,8,14
470,"Malta",4,"Median","50",1997,11,6,17
470,"Malta",4,"Median","51",1997,10,9,19
470,"Malta",4,"Median","52",1997,13,8,21
470,"Malta",4,"Median","53",1997,14,10,24
470,"Malta",4,"Median","54",1997,12,7,19
470,"Malta",4,"Median","55",1997,10,4,14
470,"Malta",4,"Median","56",1997,7,4,11
470,"Malta",4,"Median","57",1997,18,9,27
470,"Malta",4,"Median","58",1997,9,8,17
470,"Malta",4,"Median","59",1997,13,13,27
470,"Malta",4,"Median","60",1997,14,13,27
470,"Malta",4,"Median","61",1997,21,5,26
470,"Malta",4,"Median","62",1997,11,15,26
470,"Malta",4,"Median","63",1997,21,11,32
470,"Malta",4,"Median","64",1997,15,13,28
470,"Malta",4,"Median","65",1997,28,19,47
470,"Malta",4,"Median","66",1997,27,26,54
470,"Malta",4,"Median","67",1997,33,18,52
470,"Malta",4,"Median","68",1997,41,21,61
470,"Malta",4,"Median","69",1997,34,21,55
470,"Malta",4,"Median","70",1997,47,36,83
470,"Malta",4,"Median","71",1997,51,39,90
470,"Malta",4,"Median","72",1997,54,42,96
470,"Malta",4,"Median","73",1997,54,43,98
470,"Malta",4,"Median","74",1997,54,44,98
470,"Malta",4,"Median","75",1997,60,48,108
470,"Malta",4,"Median","76",1997,64,51,115
470,"Malta",4,"Median","77",1997,61,48,110
470,"Malta",4,"Median","78",1997,54,44,99
470,"Malta",4,"Median","79",1997,49,43,92
470,"Malta",4,"Median","80",1997,46,43,89
470,"Malta",4,"Median","81",1997,46,45,92
470,"Malta",4,"Median","82",1997,49,49,98
470,"Malta",4,"Median","83",1997,52,52,103
470,"Malta",4,"Median","84",1997,51,52,103
470,"Malta",4,"Median","85",1997,48,52,100
470,"Malta",4,"Median","86",1997,42,53,95
470,"Malta",4,"Median","87",1997,40,51,91
470,"Malta",4,"Median","88",1997,36,48,84
470,"Malta",4,"Median","89",1997,29,44,74
470,"Malta",4,"Median","90",1997,25,35,60
470,"Malta",4,"Median","91",1997,20,29,49
470,"Malta",4,"Median","92",1997,15,25,40
470,"Malta",4,"Median","93",1997,10,20,30
470,"Malta",4,"Median","94",1997,7,15,21
470,"Malta",4,"Median","95",1997,5,11,15
470,"Malta",4,"Median","96",1997,3,8,11
470,"Malta",4,"Median","97",1997,2,7,9
470,"Malta",4,"Median","98",1997,2,6,7
470,"Malta",4,"Median","99",1997,1,4,5
470,"Malta",4,"Median","100",1997,0,1,1
470,"Malta",4,"Median","101",1997,0,1,1
470,"Malta",4,"Median","102",1997,0,1,1
470,"Malta",4,"Median","103",1997,0,1,1
470,"Malta",4,"Median","104",1997,0,0,0
470,"Malta",4,"Median","105",1997,0,0,0
470,"Malta",4,"Median","106",1997,0,0,0
470,"Malta",4,"Median","107",1997,0,0,0
470,"Malta",4,"Median","108",1997,0,0,0
470,"Malta",4,"Median","109",1997,0,0,0
470,"Malta",4,"Median","110",1997,0,0,0
470,"Malta",4,"Median","0",1998,18,16,34
470,"Malta",4,"Median","1",1998,4,1,5
470,"Malta",4,"Median","2",1998,3,0,3
470,"Malta",4,"Median","3",1998,0,0,1
470,"Malta",4,"Median","4",1998,0,0,0
470,"Malta",4,"Median","5",1998,0,0,0
470,"Malta",4,"Median","6",1998,2,1,3
470,"Malta",4,"Median","7",1998,0,1,1
470,"Malta",4,"Median","8",1998,0,1,1
470,"Malta",4,"Median","9",1998,0,1,1
470,"Malta",4,"Median","10",1998,1,0,1
470,"Malta",4,"Median","11",1998,0,1,1
470,"Malta",4,"Median","12",1998,0,1,1
470,"Malta",4,"Median","13",1998,0,1,1
470,"Malta",4,"Median","14",1998,0,1,1
470,"Malta",4,"Median","15",1998,0,1,1
470,"Malta",4,"Median","16",1998,4,2,6
470,"Malta",4,"Median","17",1998,1,1,2
470,"Malta",4,"Median","18",1998,1,2,3
470,"Malta",4,"Median","19",1998,5,1,6
470,"Malta",4,"Median","20",1998,3,1,4
470,"Malta",4,"Median","21",1998,3,1,4
470,"Malta",4,"Median","22",1998,2,1,3
470,"Malta",4,"Median","23",1998,1,1,2
470,"Malta",4,"Median","24",1998,2,1,3
470,"Malta",4,"Median","25",1998,3,0,3
470,"Malta",4,"Median","26",1998,1,0,1
470,"Malta",4,"Median","27",1998,3,0,4
470,"Malta",4,"Median","28",1998,1,0,1
470,"Malta",4,"Median","29",1998,2,0,2
470,"Malta",4,"Median","30",1998,0,1,1
470,"Malta",4,"Median","31",1998,1,0,1
470,"Malta",4,"Median","32",1998,1,0,1
470,"Malta",4,"Median","33",1998,3,1,4
470,"Malta",4,"Median","34",1998,1,2,3
470,"Malta",4,"Median","35",1998,2,0,2
470,"Malta",4,"Median","36",1998,3,1,4
470,"Malta",4,"Median","37",1998,7,1,8
470,"Malta",4,"Median","38",1998,3,1,4
470,"Malta",4,"Median","39",1998,8,2,10
470,"Malta",4,"Median","40",1998,2,3,5
470,"Malta",4,"Median","41",1998,2,3,5
470,"Malta",4,"Median","42",1998,3,2,5
470,"Malta",4,"Median","43",1998,3,3,6
470,"Malta",4,"Median","44",1998,5,5,10
470,"Malta",4,"Median","45",1998,9,5,14
470,"Malta",4,"Median","46",1998,4,3,7
470,"Malta",4,"Median","47",1998,5,2,7
470,"Malta",4,"Median","48",1998,7,6,13
470,"Malta",4,"Median","49",1998,11,3,14
470,"Malta",4,"Median","50",1998,12,4,16
470,"Malta",4,"Median","51",1998,7,3,10
470,"Malta",4,"Median","52",1998,9,5,14
470,"Malta",4,"Median","53",1998,17,6,23
470,"Malta",4,"Median","54",1998,16,6,22
470,"Malta",4,"Median","55",1998,13,3,16
470,"Malta",4,"Median","56",1998,7,3,11
470,"Malta",4,"Median","57",1998,8,6,15
470,"Malta",4,"Median","58",1998,18,9,27
470,"Malta",4,"Median","59",1998,15,7,22
470,"Malta",4,"Median","60",1998,16,11,28
470,"Malta",4,"Median","61",1998,11,20,31
470,"Malta",4,"Median","62",1998,33,14,47
470,"Malta",4,"Median","63",1998,9,17,26
470,"Malta",4,"Median","64",1998,23,23,45
470,"Malta",4,"Median","65",1998,40,19,59
470,"Malta",4,"Median","66",1998,29,15,44
470,"Malta",4,"Median","67",1998,30,13,44
470,"Malta",4,"Median","68",1998,39,27,66
470,"Malta",4,"Median","69",1998,41,28,69
470,"Malta",4,"Median","70",1998,28,33,60
470,"Malta",4,"Median","71",1998,30,37,67
470,"Malta",4,"Median","72",1998,35,39,74
470,"Malta",4,"Median","73",1998,40,42,81
470,"Malta",4,"Median","74",1998,43,43,86
470,"Malta",4,"Median","75",1998,47,43,90
470,"Malta",4,"Median","76",1998,55,47,103
470,"Malta",4,"Median","77",1998,63,50,113
470,"Malta",4,"Median","78",1998,63,47,110
470,"Malta",4,"Median","79",1998,58,43,101
470,"Malta",4,"Median","80",1998,53,42,94
470,"Malta",4,"Median","81",1998,49,42,91
470,"Malta",4,"Median","82",1998,48,44,92
470,"Malta",4,"Median","83",1998,51,47,98
470,"Malta",4,"Median","84",1998,52,49,101
470,"Malta",4,"Median","85",1998,50,49,99
470,"Malta",4,"Median","86",1998,46,48,94
470,"Malta",4,"Median","87",1998,40,48,88
470,"Malta",4,"Median","88",1998,37,45,82
470,"Malta",4,"Median","89",1998,32,43,74
470,"Malta",4,"Median","90",1998,25,38,64
470,"Malta",4,"Median","91",1998,21,29,50
470,"Malta",4,"Median","92",1998,16,24,40
470,"Malta",4,"Median","93",1998,11,20,32
470,"Malta",4,"Median","94",1998,8,15,23
470,"Malta",4,"Median","95",1998,5,11,16
470,"Malta",4,"Median","96",1998,3,8,11
470,"Malta",4,"Median","97",1998,2,6,8
470,"Malta",4,"Median","98",1998,1,5,6
470,"Malta",4,"Median","99",1998,1,4,5
470,"Malta",4,"Median","100",1998,0,1,1
470,"Malta",4,"Median","101",1998,0,1,1
470,"Malta",4,"Median","102",1998,0,1,1
470,"Malta",4,"Median","103",1998,0,1,1
470,"Malta",4,"Median","104",1998,0,1,1
470,"Malta",4,"Median","105",1998,0,0,0
470,"Malta",4,"Median","106",1998,0,0,0
470,"Malta",4,"Median","107",1998,0,0,0
470,"Malta",4,"Median","108",1998,0,0,0
470,"Malta",4,"Median","109",1998,0,0,0
470,"Malta",4,"Median","110",1998,0,0,0
470,"Malta",4,"Median","0",1999,17,17,34
470,"Malta",4,"Median","1",1999,2,1,3
470,"Malta",4,"Median","2",1999,1,1,2
470,"Malta",4,"Median","3",1999,0,0,0
470,"Malta",4,"Median","4",1999,0,1,1
470,"Malta",4,"Median","5",1999,1,0,1
470,"Malta",4,"Median","6",1999,0,1,1
470,"Malta",4,"Median","7",1999,0,1,1
470,"Malta",4,"Median","8",1999,0,1,1
470,"Malta",4,"Median","9",1999,0,2,2
470,"Malta",4,"Median","10",1999,0,0,0
470,"Malta",4,"Median","11",1999,0,1,1
470,"Malta",4,"Median","12",1999,1,1,2
470,"Malta",4,"Median","13",1999,0,1,1
470,"Malta",4,"Median","14",1999,2,1,3
470,"Malta",4,"Median","15",1999,1,1,2
470,"Malta",4,"Median","16",1999,0,1,1
470,"Malta",4,"Median","17",1999,0,1,1
470,"Malta",4,"Median","18",1999,1,1,2
470,"Malta",4,"Median","19",1999,0,4,4
470,"Malta",4,"Median","20",1999,2,1,3
470,"Malta",4,"Median","21",1999,1,1,2
470,"Malta",4,"Median","22",1999,0,1,1
470,"Malta",4,"Median","23",1999,2,1,3
470,"Malta",4,"Median","24",1999,1,1,2
470,"Malta",4,"Median","25",1999,4,1,5
470,"Malta",4,"Median","26",1999,3,2,5
470,"Malta",4,"Median","27",1999,3,0,4
470,"Malta",4,"Median","28",1999,3,2,5
470,"Malta",4,"Median","29",1999,3,0,4
470,"Malta",4,"Median","30",1999,5,0,5
470,"Malta",4,"Median","31",1999,1,0,1
470,"Malta",4,"Median","32",1999,1,0,1
470,"Malta",4,"Median","33",1999,2,2,4
470,"Malta",4,"Median","34",1999,1,0,1
470,"Malta",4,"Median","35",1999,1,0,1
470,"Malta",4,"Median","36",1999,4,2,6
470,"Malta",4,"Median","37",1999,4,1,5
470,"Malta",4,"Median","38",1999,1,1,2
470,"Malta",4,"Median","39",1999,4,2,6
470,"Malta",4,"Median","40",1999,5,3,8
470,"Malta",4,"Median","41",1999,3,4,7
470,"Malta",4,"Median","42",1999,6,4,10
470,"Malta",4,"Median","43",1999,7,3,10
470,"Malta",4,"Median","44",1999,2,2,4
470,"Malta",4,"Median","45",1999,9,2,11
470,"Malta",4,"Median","46",1999,5,3,8
470,"Malta",4,"Median","47",1999,7,6,13
470,"Malta",4,"Median","48",1999,11,6,17
470,"Malta",4,"Median","49",1999,12,6,18
470,"Malta",4,"Median","50",1999,9,7,16
470,"Malta",4,"Median","51",1999,7,1,8
470,"Malta",4,"Median","52",1999,10,8,18
470,"Malta",4,"Median","53",1999,15,11,26
470,"Malta",4,"Median","54",1999,12,9,21
470,"Malta",4,"Median","55",1999,9,11,20
470,"Malta",4,"Median","56",1999,15,8,23
470,"Malta",4,"Median","57",1999,13,3,16
470,"Malta",4,"Median","58",1999,15,10,25
470,"Malta",4,"Median","59",1999,11,9,20
470,"Malta",4,"Median","60",1999,16,11,28
470,"Malta",4,"Median","61",1999,27,14,41
470,"Malta",4,"Median","62",1999,20,13,34
470,"Malta",4,"Median","63",1999,30,18,48
470,"Malta",4,"Median","64",1999,28,16,44
470,"Malta",4,"Median","65",1999,31,17,48
470,"Malta",4,"Median","66",1999,34,15,49
470,"Malta",4,"Median","67",1999,29,25,55
470,"Malta",4,"Median","68",1999,38,23,61
470,"Malta",4,"Median","69",1999,44,29,73
470,"Malta",4,"Median","70",1999,31,29,60
470,"Malta",4,"Median","71",1999,34,32,66
470,"Malta",4,"Median","72",1999,38,37,75
470,"Malta",4,"Median","73",1999,42,39,82
470,"Malta",4,"Median","74",1999,47,43,90
470,"Malta",4,"Median","75",1999,49,45,94
470,"Malta",4,"Median","76",1999,51,46,97
470,"Malta",4,"Median","77",1999,57,51,108
470,"Malta",4,"Median","78",1999,62,54,117
470,"Malta",4,"Median","79",1999,60,52,112
470,"Malta",4,"Median","80",1999,54,48,101
470,"Malta",4,"Median","81",1999,48,46,94
470,"Malta",4,"Median","82",1999,44,46,90
470,"Malta",4,"Median","83",1999,43,48,90
470,"Malta",4,"Median","84",1999,44,50,94
470,"Malta",4,"Median","85",1999,44,52,96
470,"Malta",4,"Median","86",1999,42,51,93
470,"Malta",4,"Median","87",1999,38,49,87
470,"Malta",4,"Median","88",1999,32,49,81
470,"Malta",4,"Median","89",1999,29,45,74
470,"Malta",4,"Median","90",1999,24,42,66
470,"Malta",4,"Median","91",1999,19,37,55
470,"Malta",4,"Median","92",1999,15,27,42
470,"Malta",4,"Median","93",1999,11,22,33
470,"Malta",4,"Median","94",1999,8,18,25
470,"Malta",4,"Median","95",1999,5,13,18
470,"Malta",4,"Median","96",1999,3,10,12
470,"Malta",4,"Median","97",1999,2,7,9
470,"Malta",4,"Median","98",1999,1,5,6
470,"Malta",4,"Median","99",1999,1,3,4
470,"Malta",4,"Median","100",1999,0,2,2
470,"Malta",4,"Median","101",1999,0,1,1
470,"Malta",4,"Median","102",1999,0,1,1
470,"Malta",4,"Median","103",1999,0,1,1
470,"Malta",4,"Median","104",1999,0,1,1
470,"Malta",4,"Median","105",1999,0,0,0
470,"Malta",4,"Median","106",1999,0,0,0
470,"Malta",4,"Median","107",1999,0,0,0
470,"Malta",4,"Median","108",1999,0,0,0
470,"Malta",4,"Median","109",1999,0,0,0
470,"Malta",4,"Median","110",1999,0,0,0
470,"Malta",4,"Median","0",2000,12,12,24
470,"Malta",4,"Median","1",2000,2,2,4
470,"Malta",4,"Median","2",2000,1,0,1
470,"Malta",4,"Median","3",2000,1,1,2
470,"Malta",4,"Median","4",2000,0,0,0
470,"Malta",4,"Median","5",2000,0,1,1
470,"Malta",4,"Median","6",2000,1,1,2
470,"Malta",4,"Median","7",2000,0,1,1
470,"Malta",4,"Median","8",2000,0,1,1
470,"Malta",4,"Median","9",2000,0,1,1
470,"Malta",4,"Median","10",2000,0,0,0
470,"Malta",4,"Median","11",2000,0,1,1
470,"Malta",4,"Median","12",2000,0,1,1
470,"Malta",4,"Median","13",2000,1,1,2
470,"Malta",4,"Median","14",2000,0,1,1
470,"Malta",4,"Median","15",2000,1,1,2
470,"Malta",4,"Median","16",2000,1,1,2
470,"Malta",4,"Median","17",2000,2,1,3
470,"Malta",4,"Median","18",2000,1,1,2
470,"Malta",4,"Median","19",2000,2,1,3
470,"Malta",4,"Median","20",2000,1,0,1
470,"Malta",4,"Median","21",2000,1,0,1
470,"Malta",4,"Median","22",2000,2,1,3
470,"Malta",4,"Median","23",2000,2,1,3
470,"Malta",4,"Median","24",2000,1,1,2
470,"Malta",4,"Median","25",2000,3,0,3
470,"Malta",4,"Median","26",2000,0,1,1
470,"Malta",4,"Median","27",2000,4,1,5
470,"Malta",4,"Median","28",2000,0,1,1
470,"Malta",4,"Median","29",2000,2,0,2
470,"Malta",4,"Median","30",2000,0,0,0
470,"Malta",4,"Median","31",2000,0,1,1
470,"Malta",4,"Median","32",2000,1,3,4
470,"Malta",4,"Median","33",2000,2,1,3
470,"Malta",4,"Median","34",2000,0,0,1
470,"Malta",4,"Median","35",2000,3,1,4
470,"Malta",4,"Median","36",2000,3,2,5
470,"Malta",4,"Median","37",2000,3,2,5
470,"Malta",4,"Median","38",2000,2,1,3
470,"Malta",4,"Median","39",2000,3,2,5
470,"Malta",4,"Median","40",2000,2,2,4
470,"Malta",4,"Median","41",2000,2,1,3
470,"Malta",4,"Median","42",2000,5,3,8
470,"Malta",4,"Median","43",2000,3,2,5
470,"Malta",4,"Median","44",2000,2,1,3
470,"Malta",4,"Median","45",2000,5,4,9
470,"Malta",4,"Median","46",2000,4,5,9
470,"Malta",4,"Median","47",2000,5,3,8
470,"Malta",4,"Median","48",2000,6,3,9
470,"Malta",4,"Median","49",2000,7,6,13
470,"Malta",4,"Median","50",2000,15,7,23
470,"Malta",4,"Median","51",2000,8,7,15
470,"Malta",4,"Median","52",2000,10,17,27
470,"Malta",4,"Median","53",2000,11,13,24
470,"Malta",4,"Median","54",2000,13,6,19
470,"Malta",4,"Median","55",2000,14,12,26
470,"Malta",4,"Median","56",2000,23,6,29
470,"Malta",4,"Median","57",2000,9,8,17
470,"Malta",4,"Median","58",2000,6,13,19
470,"Malta",4,"Median","59",2000,18,12,30
470,"Malta",4,"Median","60",2000,14,9,23
470,"Malta",4,"Median","61",2000,15,9,25
470,"Malta",4,"Median","62",2000,22,14,36
470,"Malta",4,"Median","63",2000,19,17,37
470,"Malta",4,"Median","64",2000,21,15,36
470,"Malta",4,"Median","65",2000,24,11,35
470,"Malta",4,"Median","66",2000,35,25,60
470,"Malta",4,"Median","67",2000,41,22,62
470,"Malta",4,"Median","68",2000,40,23,63
470,"Malta",4,"Median","69",2000,38,31,68
470,"Malta",4,"Median","70",2000,51,22,73
470,"Malta",4,"Median","71",2000,54,23,77
470,"Malta",4,"Median","72",2000,59,27,86
470,"Malta",4,"Median","73",2000,63,32,96
470,"Malta",4,"Median","74",2000,67,36,103
470,"Malta",4,"Median","75",2000,70,41,110
470,"Malta",4,"Median","76",2000,68,44,112
470,"Malta",4,"Median","77",2000,67,46,112
470,"Malta",4,"Median","78",2000,71,52,123
470,"Malta",4,"Median","79",2000,75,55,130
470,"Malta",4,"Median","80",2000,69,53,122
470,"Malta",4,"Median","81",2000,61,49,110
470,"Malta",4,"Median","82",2000,54,46,100
470,"Malta",4,"Median","83",2000,49,46,95
470,"Malta",4,"Median","84",2000,47,47,94
470,"Malta",4,"Median","85",2000,47,49,96
470,"Malta",4,"Median","86",2000,46,50,96
470,"Malta",4,"Median","87",2000,43,49,91
470,"Malta",4,"Median","88",2000,37,46,84
470,"Malta",4,"Median","89",2000,31,45,76
470,"Malta",4,"Median","90",2000,27,41,68
470,"Malta",4,"Median","91",2000,22,37,59
470,"Malta",4,"Median","92",2000,16,32,48
470,"Malta",4,"Median","93",2000,12,23,36
470,"Malta",4,"Median","94",2000,9,18,27
470,"Malta",4,"Median","95",2000,6,14,20
470,"Malta",4,"Median","96",2000,4,10,14
470,"Malta",4,"Median","97",2000,2,7,9
470,"Malta",4,"Median","98",2000,1,6,7
470,"Malta",4,"Median","99",2000,1,4,4
470,"Malta",4,"Median","100",2000,0,2,2
470,"Malta",4,"Median","101",2000,0,1,1
470,"Malta",4,"Median","102",2000,0,1,1
470,"Malta",4,"Median","103",2000,0,1,1
470,"Malta",4,"Median","104",2000,0,1,1
470,"Malta",4,"Median","105",2000,0,0,0
470,"Malta",4,"Median","106",2000,0,0,0
470,"Malta",4,"Median","107",2000,0,0,0
470,"Malta",4,"Median","108",2000,0,0,0
470,"Malta",4,"Median","109",2000,0,0,0
470,"Malta",4,"Median","110",2000,0,0,0
470,"Malta",4,"Median","0",2001,10,5,15
470,"Malta",4,"Median","1",2001,3,1,4
470,"Malta",4,"Median","2",2001,3,0,3
470,"Malta",4,"Median","3",2001,1,1,2
470,"Malta",4,"Median","4",2001,0,2,2
470,"Malta",4,"Median","5",2001,0,0,0
470,"Malta",4,"Median","6",2001,0,1,1
470,"Malta",4,"Median","7",2001,0,1,1
470,"Malta",4,"Median","8",2001,2,1,3
470,"Malta",4,"Median","9",2001,0,1,1
470,"Malta",4,"Median","10",2001,0,0,0
470,"Malta",4,"Median","11",2001,0,1,1
470,"Malta",4,"Median","12",2001,1,1,2
470,"Malta",4,"Median","13",2001,0,1,1
470,"Malta",4,"Median","14",2001,0,1,1
470,"Malta",4,"Median","15",2001,0,0,0
470,"Malta",4,"Median","16",2001,0,1,1
470,"Malta",4,"Median","17",2001,2,1,3
470,"Malta",4,"Median","18",2001,2,1,3
470,"Malta",4,"Median","19",2001,2,1,3
470,"Malta",4,"Median","20",2001,3,2,5
470,"Malta",4,"Median","21",2001,0,1,1
470,"Malta",4,"Median","22",2001,1,1,2
470,"Malta",4,"Median","23",2001,2,1,3
470,"Malta",4,"Median","24",2001,4,1,5
470,"Malta",4,"Median","25",2001,1,0,1
470,"Malta",4,"Median","26",2001,4,0,4
470,"Malta",4,"Median","27",2001,2,0,3
470,"Malta",4,"Median","28",2001,3,0,4
470,"Malta",4,"Median","29",2001,2,1,3
470,"Malta",4,"Median","30",2001,4,1,5
470,"Malta",4,"Median","31",2001,1,0,1
470,"Malta",4,"Median","32",2001,1,1,2
470,"Malta",4,"Median","33",2001,3,0,4
470,"Malta",4,"Median","34",2001,2,0,3
470,"Malta",4,"Median","35",2001,3,1,4
470,"Malta",4,"Median","36",2001,3,0,4
470,"Malta",4,"Median","37",2001,2,1,3
470,"Malta",4,"Median","38",2001,3,1,4
470,"Malta",4,"Median","39",2001,2,1,3
470,"Malta",4,"Median","40",2001,2,2,4
470,"Malta",4,"Median","41",2001,5,1,6
470,"Malta",4,"Median","42",2001,3,1,4
470,"Malta",4,"Median","43",2001,0,4,4
470,"Malta",4,"Median","44",2001,6,2,8
470,"Malta",4,"Median","45",2001,2,2,4
470,"Malta",4,"Median","46",2001,5,4,9
470,"Malta",4,"Median","47",2001,12,8,20
470,"Malta",4,"Median","48",2001,10,8,18
470,"Malta",4,"Median","49",2001,6,5,11
470,"Malta",4,"Median","50",2001,8,8,16
470,"Malta",4,"Median","51",2001,5,10,15
470,"Malta",4,"Median","52",2001,6,6,12
470,"Malta",4,"Median","53",2001,12,5,17
470,"Malta",4,"Median","54",2001,21,6,27
470,"Malta",4,"Median","55",2001,14,5,19
470,"Malta",4,"Median","56",2001,12,20,33
470,"Malta",4,"Median","57",2001,23,9,32
470,"Malta",4,"Median","58",2001,16,8,24
470,"Malta",4,"Median","59",2001,10,7,17
470,"Malta",4,"Median","60",2001,11,8,20
470,"Malta",4,"Median","61",2001,12,8,20
470,"Malta",4,"Median","62",2001,14,14,29
470,"Malta",4,"Median","63",2001,16,9,25
470,"Malta",4,"Median","64",2001,17,14,32
470,"Malta",4,"Median","65",2001,30,13,44
470,"Malta",4,"Median","66",2001,35,20,54
470,"Malta",4,"Median","67",2001,35,20,55
470,"Malta",4,"Median","68",2001,34,23,56
470,"Malta",4,"Median","69",2001,31,21,52
470,"Malta",4,"Median","70",2001,39,32,70
470,"Malta",4,"Median","71",2001,40,33,74
470,"Malta",4,"Median","72",2001,42,34,76
470,"Malta",4,"Median","73",2001,46,37,83
470,"Malta",4,"Median","74",2001,51,41,91
470,"Malta",4,"Median","75",2001,55,43,97
470,"Malta",4,"Median","76",2001,58,45,104
470,"Malta",4,"Median","77",2001,58,46,104
470,"Malta",4,"Median","78",2001,58,46,104
470,"Malta",4,"Median","79",2001,63,51,113
470,"Malta",4,"Median","80",2001,65,52,118
470,"Malta",4,"Median","81",2001,61,50,110
470,"Malta",4,"Median","82",2001,53,45,99
470,"Malta",4,"Median","83",2001,47,43,90
470,"Malta",4,"Median","84",2001,42,42,84
470,"Malta",4,"Median","85",2001,39,43,82
470,"Malta",4,"Median","86",2001,38,44,82
470,"Malta",4,"Median","87",2001,37,44,81
470,"Malta",4,"Median","88",2001,33,43,76
470,"Malta",4,"Median","89",2001,28,40,68
470,"Malta",4,"Median","90",2001,23,38,61
470,"Malta",4,"Median","91",2001,20,34,54
470,"Malta",4,"Median","92",2001,15,30,45
470,"Malta",4,"Median","93",2001,11,25,36
470,"Malta",4,"Median","94",2001,8,18,26
470,"Malta",4,"Median","95",2001,5,14,19
470,"Malta",4,"Median","96",2001,3,11,14
470,"Malta",4,"Median","97",2001,2,7,9
470,"Malta",4,"Median","98",2001,1,5,6
470,"Malta",4,"Median","99",2001,1,5,5
470,"Malta",4,"Median","100",2001,0,2,2
470,"Malta",4,"Median","101",2001,0,1,1
470,"Malta",4,"Median","102",2001,0,1,1
470,"Malta",4,"Median","103",2001,0,1,1
470,"Malta",4,"Median","104",2001,0,1,1
470,"Malta",4,"Median","105",2001,0,0,0
470,"Malta",4,"Median","106",2001,0,0,0
470,"Malta",4,"Median","107",2001,0,0,0
470,"Malta",4,"Median","108",2001,0,0,0
470,"Malta",4,"Median","109",2001,0,0,0
470,"Malta",4,"Median","110",2001,0,0,0
470,"Malta",4,"Median","0",2002,11,10,22
470,"Malta",4,"Median","1",2002,1,1,2
470,"Malta",4,"Median","2",2002,3,0,3
470,"Malta",4,"Median","3",2002,0,0,0
470,"Malta",4,"Median","4",2002,1,0,1
470,"Malta",4,"Median","5",2002,1,0,1
470,"Malta",4,"Median","6",2002,0,1,1
470,"Malta",4,"Median","7",2002,0,1,1
470,"Malta",4,"Median","8",2002,0,1,1
470,"Malta",4,"Median","9",2002,1,1,2
470,"Malta",4,"Median","10",2002,1,0,1
470,"Malta",4,"Median","11",2002,0,1,1
470,"Malta",4,"Median","12",2002,1,1,2
470,"Malta",4,"Median","13",2002,1,1,2
470,"Malta",4,"Median","14",2002,0,1,1
470,"Malta",4,"Median","15",2002,0,1,1
470,"Malta",4,"Median","16",2002,0,1,1
470,"Malta",4,"Median","17",2002,0,1,1
470,"Malta",4,"Median","18",2002,1,1,2
470,"Malta",4,"Median","19",2002,6,1,7
470,"Malta",4,"Median","20",2002,3,0,3
470,"Malta",4,"Median","21",2002,2,1,3
470,"Malta",4,"Median","22",2002,1,1,2
470,"Malta",4,"Median","23",2002,3,1,4
470,"Malta",4,"Median","24",2002,2,1,3
470,"Malta",4,"Median","25",2002,1,1,2
470,"Malta",4,"Median","26",2002,2,2,4
470,"Malta",4,"Median","27",2002,5,2,7
470,"Malta",4,"Median","28",2002,3,1,4
470,"Malta",4,"Median","29",2002,3,0,4
470,"Malta",4,"Median","30",2002,0,1,1
470,"Malta",4,"Median","31",2002,2,2,4
470,"Malta",4,"Median","32",2002,0,2,2
470,"Malta",4,"Median","33",2002,1,1,2
470,"Malta",4,"Median","34",2002,3,0,4
470,"Malta",4,"Median","35",2002,0,0,0
470,"Malta",4,"Median","36",2002,2,2,4
470,"Malta",4,"Median","37",2002,4,0,5
470,"Malta",4,"Median","38",2002,0,3,3
470,"Malta",4,"Median","39",2002,0,3,3
470,"Malta",4,"Median","40",2002,4,1,5
470,"Malta",4,"Median","41",2002,2,1,3
470,"Malta",4,"Median","42",2002,2,3,5
470,"Malta",4,"Median","43",2002,3,4,7
470,"Malta",4,"Median","44",2002,6,1,7
470,"Malta",4,"Median","45",2002,3,2,5
470,"Malta",4,"Median","46",2002,8,5,13
470,"Malta",4,"Median","47",2002,8,5,13
470,"Malta",4,"Median","48",2002,7,2,9
470,"Malta",4,"Median","49",2002,8,9,17
470,"Malta",4,"Median","50",2002,11,5,16
470,"Malta",4,"Median","51",2002,10,4,14
470,"Malta",4,"Median","52",2002,10,4,14
470,"Malta",4,"Median","53",2002,11,9,21
470,"Malta",4,"Median","54",2002,13,7,20
470,"Malta",4,"Median","55",2002,14,6,20
470,"Malta",4,"Median","56",2002,12,13,25
470,"Malta",4,"Median","57",2002,26,13,39
470,"Malta",4,"Median","58",2002,17,11,28
470,"Malta",4,"Median","59",2002,16,13,29
470,"Malta",4,"Median","60",2002,11,5,16
470,"Malta",4,"Median","61",2002,18,7,25
470,"Malta",4,"Median","62",2002,11,13,24
470,"Malta",4,"Median","63",2002,17,14,32
470,"Malta",4,"Median","64",2002,18,22,40
470,"Malta",4,"Median","65",2002,36,14,50
470,"Malta",4,"Median","66",2002,25,19,44
470,"Malta",4,"Median","67",2002,32,25,57
470,"Malta",4,"Median","68",2002,47,19,66
470,"Malta",4,"Median","69",2002,35,17,51
470,"Malta",4,"Median","70",2002,46,32,78
470,"Malta",4,"Median","71",2002,47,35,82
470,"Malta",4,"Median","72",2002,48,37,85
470,"Malta",4,"Median","73",2002,50,37,87
470,"Malta",4,"Median","74",2002,53,41,94
470,"Malta",4,"Median","75",2002,57,46,103
470,"Malta",4,"Median","76",2002,61,48,109
470,"Malta",4,"Median","77",2002,64,52,116
470,"Malta",4,"Median","78",2002,62,54,116
470,"Malta",4,"Median","79",2002,61,53,115
470,"Malta",4,"Median","80",2002,66,58,124
470,"Malta",4,"Median","81",2002,68,60,128
470,"Malta",4,"Median","82",2002,62,56,118
470,"Malta",4,"Median","83",2002,54,51,105
470,"Malta",4,"Median","84",2002,47,48,95
470,"Malta",4,"Median","85",2002,42,46,88
470,"Malta",4,"Median","86",2002,38,47,84
470,"Malta",4,"Median","87",2002,36,47,83
470,"Malta",4,"Median","88",2002,34,46,80
470,"Malta",4,"Median","89",2002,30,44,74
470,"Malta",4,"Median","90",2002,25,41,66
470,"Malta",4,"Median","91",2002,20,38,58
470,"Malta",4,"Median","92",2002,16,34,50
470,"Malta",4,"Median","93",2002,12,29,41
470,"Malta",4,"Median","94",2002,8,24,32
470,"Malta",4,"Median","95",2002,6,16,22
470,"Malta",4,"Median","96",2002,4,12,16
470,"Malta",4,"Median","97",2002,2,9,11
470,"Malta",4,"Median","98",2002,1,6,7
470,"Malta",4,"Median","99",2002,1,4,5
470,"Malta",4,"Median","100",2002,1,2,3
470,"Malta",4,"Median","101",2002,0,2,2
470,"Malta",4,"Median","102",2002,0,1,1
470,"Malta",4,"Median","103",2002,0,1,1
470,"Malta",4,"Median","104",2002,0,1,1
470,"Malta",4,"Median","105",2002,0,1,1
470,"Malta",4,"Median","106",2002,0,1,1
470,"Malta",4,"Median","107",2002,0,0,0
470,"Malta",4,"Median","108",2002,0,0,0
470,"Malta",4,"Median","109",2002,0,0,0
470,"Malta",4,"Median","110",2002,0,0,0
470,"Malta",4,"Median","0",2003,18,6,24
470,"Malta",4,"Median","1",2003,1,0,1
470,"Malta",4,"Median","2",2003,0,0,1
470,"Malta",4,"Median","3",2003,0,0,0
470,"Malta",4,"Median","4",2003,0,0,0
470,"Malta",4,"Median","5",2003,0,1,1
470,"Malta",4,"Median","6",2003,0,1,1
470,"Malta",4,"Median","7",2003,0,1,1
470,"Malta",4,"Median","8",2003,1,1,2
470,"Malta",4,"Median","9",2003,0,1,1
470,"Malta",4,"Median","10",2003,0,0,0
470,"Malta",4,"Median","11",2003,0,1,1
470,"Malta",4,"Median","12",2003,0,1,1
470,"Malta",4,"Median","13",2003,0,1,1
470,"Malta",4,"Median","14",2003,1,1,2
470,"Malta",4,"Median","15",2003,0,0,0
470,"Malta",4,"Median","16",2003,2,1,3
470,"Malta",4,"Median","17",2003,1,1,2
470,"Malta",4,"Median","18",2003,4,1,5
470,"Malta",4,"Median","19",2003,0,1,1
470,"Malta",4,"Median","20",2003,1,1,2
470,"Malta",4,"Median","21",2003,1,1,2
470,"Malta",4,"Median","22",2003,1,1,2
470,"Malta",4,"Median","23",2003,4,1,5
470,"Malta",4,"Median","24",2003,2,2,4
470,"Malta",4,"Median","25",2003,4,2,6
470,"Malta",4,"Median","26",2003,1,0,1
470,"Malta",4,"Median","27",2003,2,1,3
470,"Malta",4,"Median","28",2003,1,3,4
470,"Malta",4,"Median","29",2003,4,1,5
470,"Malta",4,"Median","30",2003,4,1,5
470,"Malta",4,"Median","31",2003,0,3,3
470,"Malta",4,"Median","32",2003,0,0,1
470,"Malta",4,"Median","33",2003,2,3,5
470,"Malta",4,"Median","34",2003,1,1,2
470,"Malta",4,"Median","35",2003,1,1,2
470,"Malta",4,"Median","36",2003,2,4,6
470,"Malta",4,"Median","37",2003,3,3,6
470,"Malta",4,"Median","38",2003,2,1,3
470,"Malta",4,"Median","39",2003,3,4,7
470,"Malta",4,"Median","40",2003,4,1,5
470,"Malta",4,"Median","41",2003,3,1,4
470,"Malta",4,"Median","42",2003,3,4,7
470,"Malta",4,"Median","43",2003,10,1,11
470,"Malta",4,"Median","44",2003,5,3,8
470,"Malta",4,"Median","45",2003,4,2,6
470,"Malta",4,"Median","46",2003,6,2,8
470,"Malta",4,"Median","47",2003,3,5,8
470,"Malta",4,"Median","48",2003,10,3,13
470,"Malta",4,"Median","49",2003,14,4,18
470,"Malta",4,"Median","50",2003,11,7,18
470,"Malta",4,"Median","51",2003,8,5,13
470,"Malta",4,"Median","52",2003,9,8,17
470,"Malta",4,"Median","53",2003,13,5,18
470,"Malta",4,"Median","54",2003,10,7,17
470,"Malta",4,"Median","55",2003,19,12,32
470,"Malta",4,"Median","56",2003,14,6,20
470,"Malta",4,"Median","57",2003,15,13,29
470,"Malta",4,"Median","58",2003,15,9,24
470,"Malta",4,"Median","59",2003,20,16,36
470,"Malta",4,"Median","60",2003,10,13,23
470,"Malta",4,"Median","61",2003,15,11,25
470,"Malta",4,"Median","62",2003,17,19,35
470,"Malta",4,"Median","63",2003,21,12,33
470,"Malta",4,"Median","64",2003,20,15,35
470,"Malta",4,"Median","65",2003,27,8,36
470,"Malta",4,"Median","66",2003,37,19,57
470,"Malta",4,"Median","67",2003,38,23,62
470,"Malta",4,"Median","68",2003,33,24,57
470,"Malta",4,"Median","69",2003,29,28,57
470,"Malta",4,"Median","70",2003,44,28,72
470,"Malta",4,"Median","71",2003,47,32,79
470,"Malta",4,"Median","72",2003,48,36,84
470,"Malta",4,"Median","73",2003,50,37,87
470,"Malta",4,"Median","74",2003,52,38,89
470,"Malta",4,"Median","75",2003,55,41,96
470,"Malta",4,"Median","76",2003,59,46,105
470,"Malta",4,"Median","77",2003,63,48,111
470,"Malta",4,"Median","78",2003,66,52,118
470,"Malta",4,"Median","79",2003,63,54,117
470,"Malta",4,"Median","80",2003,62,53,115
470,"Malta",4,"Median","81",2003,66,58,123
470,"Malta",4,"Median","82",2003,67,58,125
470,"Malta",4,"Median","83",2003,60,54,114
470,"Malta",4,"Median","84",2003,52,49,102
470,"Malta",4,"Median","85",2003,45,46,91
470,"Malta",4,"Median","86",2003,40,44,83
470,"Malta",4,"Median","87",2003,35,43,78
470,"Malta",4,"Median","88",2003,33,43,76
470,"Malta",4,"Median","89",2003,30,42,71
470,"Malta",4,"Median","90",2003,25,39,64
470,"Malta",4,"Median","91",2003,21,36,56
470,"Malta",4,"Median","92",2003,16,33,49
470,"Malta",4,"Median","93",2003,13,28,41
470,"Malta",4,"Median","94",2003,9,24,33
470,"Malta",4,"Median","95",2003,6,19,25
470,"Malta",4,"Median","96",2003,4,13,17
470,"Malta",4,"Median","97",2003,2,9,11
470,"Malta",4,"Median","98",2003,1,6,8
470,"Malta",4,"Median","99",2003,1,4,5
470,"Malta",4,"Median","100",2003,0,2,2
470,"Malta",4,"Median","101",2003,0,2,2
470,"Malta",4,"Median","102",2003,0,1,1
470,"Malta",4,"Median","103",2003,0,1,1
470,"Malta",4,"Median","104",2003,0,1,1
470,"Malta",4,"Median","105",2003,0,1,1
470,"Malta",4,"Median","106",2003,0,0,0
470,"Malta",4,"Median","107",2003,0,0,0
470,"Malta",4,"Median","108",2003,0,0,0
470,"Malta",4,"Median","109",2003,0,0,0
470,"Malta",4,"Median","110",2003,0,0,0
470,"Malta",4,"Median","0",2004,13,9,22
470,"Malta",4,"Median","1",2004,3,0,3
470,"Malta",4,"Median","2",2004,1,3,4
470,"Malta",4,"Median","3",2004,0,1,1
470,"Malta",4,"Median","4",2004,0,1,1
470,"Malta",4,"Median","5",2004,0,0,0
470,"Malta",4,"Median","6",2004,0,1,1
470,"Malta",4,"Median","7",2004,0,1,1
470,"Malta",4,"Median","8",2004,0,1,1
470,"Malta",4,"Median","9",2004,1,1,2
470,"Malta",4,"Median","10",2004,0,0,0
470,"Malta",4,"Median","11",2004,0,1,1
470,"Malta",4,"Median","12",2004,0,1,1
470,"Malta",4,"Median","13",2004,2,1,3
470,"Malta",4,"Median","14",2004,0,2,2
470,"Malta",4,"Median","15",2004,0,1,1
470,"Malta",4,"Median","16",2004,1,1,2
470,"Malta",4,"Median","17",2004,1,1,2
470,"Malta",4,"Median","18",2004,4,2,6
470,"Malta",4,"Median","19",2004,1,0,2
470,"Malta",4,"Median","20",2004,4,0,4
470,"Malta",4,"Median","21",2004,1,3,4
470,"Malta",4,"Median","22",2004,4,1,5
470,"Malta",4,"Median","23",2004,0,1,1
470,"Malta",4,"Median","24",2004,2,2,4
470,"Malta",4,"Median","25",2004,1,0,1
470,"Malta",4,"Median","26",2004,1,2,3
470,"Malta",4,"Median","27",2004,4,1,5
470,"Malta",4,"Median","28",2004,4,0,5
470,"Malta",4,"Median","29",2004,0,0,1
470,"Malta",4,"Median","30",2004,0,1,1
470,"Malta",4,"Median","31",2004,0,1,1
470,"Malta",4,"Median","32",2004,1,1,2
470,"Malta",4,"Median","33",2004,2,1,3
470,"Malta",4,"Median","34",2004,2,1,3
470,"Malta",4,"Median","35",2004,1,1,2
470,"Malta",4,"Median","36",2004,2,1,3
470,"Malta",4,"Median","37",2004,1,0,1
470,"Malta",4,"Median","38",2004,2,0,3
470,"Malta",4,"Median","39",2004,5,1,6
470,"Malta",4,"Median","40",2004,3,2,5
470,"Malta",4,"Median","41",2004,8,1,9
470,"Malta",4,"Median","42",2004,2,1,3
470,"Malta",4,"Median","43",2004,2,3,5
470,"Malta",4,"Median","44",2004,3,3,6
470,"Malta",4,"Median","45",2004,2,2,4
470,"Malta",4,"Median","46",2004,4,4,8
470,"Malta",4,"Median","47",2004,2,3,5
470,"Malta",4,"Median","48",2004,5,6,11
470,"Malta",4,"Median","49",2004,8,5,13
470,"Malta",4,"Median","50",2004,5,4,9
470,"Malta",4,"Median","51",2004,12,6,18
470,"Malta",4,"Median","52",2004,9,5,14
470,"Malta",4,"Median","53",2004,15,9,24
470,"Malta",4,"Median","54",2004,10,7,17
470,"Malta",4,"Median","55",2004,14,12,27
470,"Malta",4,"Median","56",2004,17,16,33
470,"Malta",4,"Median","57",2004,19,12,31
470,"Malta",4,"Median","58",2004,19,13,33
470,"Malta",4,"Median","59",2004,15,14,30
470,"Malta",4,"Median","60",2004,16,12,28
470,"Malta",4,"Median","61",2004,17,9,26
470,"Malta",4,"Median","62",2004,14,9,22
470,"Malta",4,"Median","63",2004,17,11,28
470,"Malta",4,"Median","64",2004,23,8,31
470,"Malta",4,"Median","65",2004,30,12,42
470,"Malta",4,"Median","66",2004,20,21,41
470,"Malta",4,"Median","67",2004,33,22,55
470,"Malta",4,"Median","68",2004,42,25,67
470,"Malta",4,"Median","69",2004,38,32,70
470,"Malta",4,"Median","70",2004,46,24,70
470,"Malta",4,"Median","71",2004,39,30,69
470,"Malta",4,"Median","72",2004,47,31,78
470,"Malta",4,"Median","73",2004,42,40,83
470,"Malta",4,"Median","74",2004,49,43,92
470,"Malta",4,"Median","75",2004,47,39,87
470,"Malta",4,"Median","76",2004,51,43,94
470,"Malta",4,"Median","77",2004,55,49,104
470,"Malta",4,"Median","78",2004,59,51,111
470,"Malta",4,"Median","79",2004,62,56,118
470,"Malta",4,"Median","80",2004,60,57,117
470,"Malta",4,"Median","81",2004,58,56,115
470,"Malta",4,"Median","82",2004,62,61,123
470,"Malta",4,"Median","83",2004,62,61,123
470,"Malta",4,"Median","84",2004,55,56,111
470,"Malta",4,"Median","85",2004,48,51,99
470,"Malta",4,"Median","86",2004,41,48,89
470,"Malta",4,"Median","87",2004,36,45,81
470,"Malta",4,"Median","88",2004,31,43,75
470,"Malta",4,"Median","89",2004,28,42,70
470,"Malta",4,"Median","90",2004,25,40,65
470,"Malta",4,"Median","91",2004,21,37,58
470,"Malta",4,"Median","92",2004,17,33,50
470,"Malta",4,"Median","93",2004,13,30,43
470,"Malta",4,"Median","94",2004,10,25,35
470,"Malta",4,"Median","95",2004,7,21,28
470,"Malta",4,"Median","96",2004,4,16,20
470,"Malta",4,"Median","97",2004,3,11,13
470,"Malta",4,"Median","98",2004,2,7,9
470,"Malta",4,"Median","99",2004,1,5,5
470,"Malta",4,"Median","100",2004,0,2,2
470,"Malta",4,"Median","101",2004,0,2,2
470,"Malta",4,"Median","102",2004,0,1,1
470,"Malta",4,"Median","103",2004,0,1,1
470,"Malta",4,"Median","104",2004,0,1,1
470,"Malta",4,"Median","105",2004,0,1,1
470,"Malta",4,"Median","106",2004,0,1,1
470,"Malta",4,"Median","107",2004,0,0,0
470,"Malta",4,"Median","108",2004,0,0,0
470,"Malta",4,"Median","109",2004,0,0,0
470,"Malta",4,"Median","110",2004,0,0,0
470,"Malta",4,"Median","0",2005,13,8,22
470,"Malta",4,"Median","1",2005,2,2,4
470,"Malta",4,"Median","2",2005,0,1,1
470,"Malta",4,"Median","3",2005,0,1,1
470,"Malta",4,"Median","4",2005,0,0,0
470,"Malta",4,"Median","5",2005,0,1,1
470,"Malta",4,"Median","6",2005,0,1,1
470,"Malta",4,"Median","7",2005,0,1,1
470,"Malta",4,"Median","8",2005,0,1,1
470,"Malta",4,"Median","9",2005,0,1,1
470,"Malta",4,"Median","10",2005,0,0,0
470,"Malta",4,"Median","11",2005,0,1,1
470,"Malta",4,"Median","12",2005,0,1,1
470,"Malta",4,"Median","13",2005,0,1,1
470,"Malta",4,"Median","14",2005,2,1,3
470,"Malta",4,"Median","15",2005,1,0,1
470,"Malta",4,"Median","16",2005,2,1,3
470,"Malta",4,"Median","17",2005,1,1,2
470,"Malta",4,"Median","18",2005,4,1,5
470,"Malta",4,"Median","19",2005,0,1,1
470,"Malta",4,"Median","20",2005,1,1,2
470,"Malta",4,"Median","21",2005,3,1,4
470,"Malta",4,"Median","22",2005,2,1,3
470,"Malta",4,"Median","23",2005,1,1,2
470,"Malta",4,"Median","24",2005,2,1,3
470,"Malta",4,"Median","25",2005,1,0,1
470,"Malta",4,"Median","26",2005,2,0,2
470,"Malta",4,"Median","27",2005,0,1,1
470,"Malta",4,"Median","28",2005,3,1,4
470,"Malta",4,"Median","29",2005,2,0,3
470,"Malta",4,"Median","30",2005,4,1,5
470,"Malta",4,"Median","31",2005,3,0,4
470,"Malta",4,"Median","32",2005,2,0,3
470,"Malta",4,"Median","33",2005,3,0,4
470,"Malta",4,"Median","34",2005,1,2,3
470,"Malta",4,"Median","35",2005,3,1,4
470,"Malta",4,"Median","36",2005,0,1,1
470,"Malta",4,"Median","37",2005,3,2,5
470,"Malta",4,"Median","38",2005,0,1,1
470,"Malta",4,"Median","39",2005,2,0,3
470,"Malta",4,"Median","40",2005,1,2,3
470,"Malta",4,"Median","41",2005,5,2,7
470,"Malta",4,"Median","42",2005,2,4,6
470,"Malta",4,"Median","43",2005,1,2,3
470,"Malta",4,"Median","44",2005,4,4,8
470,"Malta",4,"Median","45",2005,2,2,4
470,"Malta",4,"Median","46",2005,4,3,7
470,"Malta",4,"Median","47",2005,7,5,12
470,"Malta",4,"Median","48",2005,5,8,13
470,"Malta",4,"Median","49",2005,5,5,10
470,"Malta",4,"Median","50",2005,6,6,12
470,"Malta",4,"Median","51",2005,9,7,16
470,"Malta",4,"Median","52",2005,11,10,21
470,"Malta",4,"Median","53",2005,11,10,21
470,"Malta",4,"Median","54",2005,12,7,19
470,"Malta",4,"Median","55",2005,20,6,26
470,"Malta",4,"Median","56",2005,17,12,30
470,"Malta",4,"Median","57",2005,23,8,31
470,"Malta",4,"Median","58",2005,14,9,23
470,"Malta",4,"Median","59",2005,19,13,32
470,"Malta",4,"Median","60",2005,17,17,34
470,"Malta",4,"Median","61",2005,29,21,49
470,"Malta",4,"Median","62",2005,25,13,38
470,"Malta",4,"Median","63",2005,17,11,27
470,"Malta",4,"Median","64",2005,19,17,36
470,"Malta",4,"Median","65",2005,24,13,37
470,"Malta",4,"Median","66",2005,28,17,46
470,"Malta",4,"Median","67",2005,24,15,39
470,"Malta",4,"Median","68",2005,27,18,46
470,"Malta",4,"Median","69",2005,46,24,71
470,"Malta",4,"Median","70",2005,42,28,70
470,"Malta",4,"Median","71",2005,41,23,64
470,"Malta",4,"Median","72",2005,33,35,68
470,"Malta",4,"Median","73",2005,56,40,95
470,"Malta",4,"Median","74",2005,57,28,85
470,"Malta",4,"Median","75",2005,48,42,90
470,"Malta",4,"Median","76",2005,51,42,93
470,"Malta",4,"Median","77",2005,54,46,100
470,"Malta",4,"Median","78",2005,57,51,108
470,"Malta",4,"Median","79",2005,61,53,114
470,"Malta",4,"Median","80",2005,64,57,121
470,"Malta",4,"Median","81",2005,60,58,117
470,"Malta",4,"Median","82",2005,57,56,113
470,"Malta",4,"Median","83",2005,60,60,120
470,"Malta",4,"Median","84",2005,58,59,117
470,"Malta",4,"Median","85",2005,51,53,105
470,"Malta",4,"Median","86",2005,45,48,93
470,"Malta",4,"Median","87",2005,38,44,82
470,"Malta",4,"Median","88",2005,33,41,73
470,"Malta",4,"Median","89",2005,28,38,66
470,"Malta",4,"Median","90",2005,24,36,61
470,"Malta",4,"Median","91",2005,21,34,55
470,"Malta",4,"Median","92",2005,17,31,48
470,"Malta",4,"Median","93",2005,13,27,40
470,"Malta",4,"Median","94",2005,10,24,34
470,"Malta",4,"Median","95",2005,8,20,27
470,"Malta",4,"Median","96",2005,5,16,21
470,"Malta",4,"Median","97",2005,3,12,15
470,"Malta",4,"Median","98",2005,2,8,9
470,"Malta",4,"Median","99",2005,1,5,6
470,"Malta",4,"Median","100",2005,0,2,2
470,"Malta",4,"Median","101",2005,0,1,1
470,"Malta",4,"Median","102",2005,0,1,1
470,"Malta",4,"Median","103",2005,0,1,1
470,"Malta",4,"Median","104",2005,0,1,1
470,"Malta",4,"Median","105",2005,0,1,1
470,"Malta",4,"Median","106",2005,0,0,0
470,"Malta",4,"Median","107",2005,0,0,0
470,"Malta",4,"Median","108",2005,0,0,0
470,"Malta",4,"Median","109",2005,0,0,0
470,"Malta",4,"Median","110",2005,0,0,0
470,"Malta",4,"Median","0",2006,10,4,14
470,"Malta",4,"Median","1",2006,0,1,1
470,"Malta",4,"Median","2",2006,0,2,2
470,"Malta",4,"Median","3",2006,1,0,1
470,"Malta",4,"Median","4",2006,0,0,0
470,"Malta",4,"Median","5",2006,0,0,0
470,"Malta",4,"Median","6",2006,0,1,1
470,"Malta",4,"Median","7",2006,0,1,1
470,"Malta",4,"Median","8",2006,0,1,1
470,"Malta",4,"Median","9",2006,0,1,1
470,"Malta",4,"Median","10",2006,0,0,0
470,"Malta",4,"Median","11",2006,0,1,1
470,"Malta",4,"Median","12",2006,1,1,2
470,"Malta",4,"Median","13",2006,2,1,3
470,"Malta",4,"Median","14",2006,0,1,1
470,"Malta",4,"Median","15",2006,0,1,1
470,"Malta",4,"Median","16",2006,1,1,2
470,"Malta",4,"Median","17",2006,2,1,3
470,"Malta",4,"Median","18",2006,2,1,3
470,"Malta",4,"Median","19",2006,2,1,3
470,"Malta",4,"Median","20",2006,5,0,5
470,"Malta",4,"Median","21",2006,2,0,3
470,"Malta",4,"Median","22",2006,0,1,1
470,"Malta",4,"Median","23",2006,2,1,3
470,"Malta",4,"Median","24",2006,3,1,4
470,"Malta",4,"Median","25",2006,4,0,4
470,"Malta",4,"Median","26",2006,0,0,1
470,"Malta",4,"Median","27",2006,0,1,1
470,"Malta",4,"Median","28",2006,1,0,2
470,"Malta",4,"Median","29",2006,1,0,2
470,"Malta",4,"Median","30",2006,3,0,3
470,"Malta",4,"Median","31",2006,4,1,5
470,"Malta",4,"Median","32",2006,2,0,3
470,"Malta",4,"Median","33",2006,1,2,3
470,"Malta",4,"Median","34",2006,1,3,4
470,"Malta",4,"Median","35",2006,5,0,5
470,"Malta",4,"Median","36",2006,0,1,1
470,"Malta",4,"Median","37",2006,1,0,1
470,"Malta",4,"Median","38",2006,6,2,8
470,"Malta",4,"Median","39",2006,1,0,1
470,"Malta",4,"Median","40",2006,2,1,3
470,"Malta",4,"Median","41",2006,3,2,5
470,"Malta",4,"Median","42",2006,5,3,8
470,"Malta",4,"Median","43",2006,4,4,8
470,"Malta",4,"Median","44",2006,11,4,15
470,"Malta",4,"Median","45",2006,5,4,9
470,"Malta",4,"Median","46",2006,4,6,10
470,"Malta",4,"Median","47",2006,7,5,12
470,"Malta",4,"Median","48",2006,5,7,12
470,"Malta",4,"Median","49",2006,10,7,17
470,"Malta",4,"Median","50",2006,15,6,21
470,"Malta",4,"Median","51",2006,12,3,15
470,"Malta",4,"Median","52",2006,15,5,20
470,"Malta",4,"Median","53",2006,9,5,14
470,"Malta",4,"Median","54",2006,13,4,17
470,"Malta",4,"Median","55",2006,13,13,26
470,"Malta",4,"Median","56",2006,14,8,22
470,"Malta",4,"Median","57",2006,20,9,29
470,"Malta",4,"Median","58",2006,22,12,34
470,"Malta",4,"Median","59",2006,19,19,38
470,"Malta",4,"Median","60",2006,26,19,45
470,"Malta",4,"Median","61",2006,27,19,46
470,"Malta",4,"Median","62",2006,20,8,28
470,"Malta",4,"Median","63",2006,22,13,35
470,"Malta",4,"Median","64",2006,20,16,35
470,"Malta",4,"Median","65",2006,22,22,45
470,"Malta",4,"Median","66",2006,33,13,46
470,"Malta",4,"Median","67",2006,31,12,44
470,"Malta",4,"Median","68",2006,34,23,58
470,"Malta",4,"Median","69",2006,37,32,70
470,"Malta",4,"Median","70",2006,43,22,65
470,"Malta",4,"Median","71",2006,55,26,80
470,"Malta",4,"Median","72",2006,41,28,69
470,"Malta",4,"Median","73",2006,51,37,88
470,"Malta",4,"Median","74",2006,46,45,92
470,"Malta",4,"Median","75",2006,50,43,93
470,"Malta",4,"Median","76",2006,52,44,96
470,"Malta",4,"Median","77",2006,54,44,98
470,"Malta",4,"Median","78",2006,57,48,105
470,"Malta",4,"Median","79",2006,59,53,112
470,"Malta",4,"Median","80",2006,63,55,118
470,"Malta",4,"Median","81",2006,65,58,123
470,"Malta",4,"Median","82",2006,60,59,118
470,"Malta",4,"Median","83",2006,57,56,113
470,"Malta",4,"Median","84",2006,59,59,118
470,"Malta",4,"Median","85",2006,56,57,113
470,"Malta",4,"Median","86",2006,49,51,99
470,"Malta",4,"Median","87",2006,42,46,88
470,"Malta",4,"Median","88",2006,36,41,78
470,"Malta",4,"Median","89",2006,31,38,68
470,"Malta",4,"Median","90",2006,26,34,60
470,"Malta",4,"Median","91",2006,22,32,53
470,"Malta",4,"Median","92",2006,18,29,47
470,"Malta",4,"Median","93",2006,14,26,40
470,"Malta",4,"Median","94",2006,11,23,33
470,"Malta",4,"Median","95",2006,8,19,27
470,"Malta",4,"Median","96",2006,6,15,22
470,"Malta",4,"Median","97",2006,4,12,16
470,"Malta",4,"Median","98",2006,2,9,11
470,"Malta",4,"Median","99",2006,1,6,7
470,"Malta",4,"Median","100",2006,0,2,2
470,"Malta",4,"Median","101",2006,0,1,1
470,"Malta",4,"Median","102",2006,0,1,1
470,"Malta",4,"Median","103",2006,0,1,1
470,"Malta",4,"Median","104",2006,0,1,1
470,"Malta",4,"Median","105",2006,0,1,1
470,"Malta",4,"Median","106",2006,0,1,1
470,"Malta",4,"Median","107",2006,0,0,0
470,"Malta",4,"Median","108",2006,0,0,0
470,"Malta",4,"Median","109",2006,0,0,0
470,"Malta",4,"Median","110",2006,0,0,0
470,"Malta",4,"Median","0",2007,9,17,26
470,"Malta",4,"Median","1",2007,0,0,0
470,"Malta",4,"Median","2",2007,1,0,1
470,"Malta",4,"Median","3",2007,0,0,0
470,"Malta",4,"Median","4",2007,0,0,0
470,"Malta",4,"Median","5",2007,0,1,1
470,"Malta",4,"Median","6",2007,0,1,1
470,"Malta",4,"Median","7",2007,0,1,1
470,"Malta",4,"Median","8",2007,0,1,1
470,"Malta",4,"Median","9",2007,1,1,2
470,"Malta",4,"Median","10",2007,1,1,2
470,"Malta",4,"Median","11",2007,0,1,1
470,"Malta",4,"Median","12",2007,1,1,2
470,"Malta",4,"Median","13",2007,1,1,2
470,"Malta",4,"Median","14",2007,0,1,1
470,"Malta",4,"Median","15",2007,0,0,0
470,"Malta",4,"Median","16",2007,1,1,2
470,"Malta",4,"Median","17",2007,2,1,3
470,"Malta",4,"Median","18",2007,3,1,4
470,"Malta",4,"Median","19",2007,1,0,2
470,"Malta",4,"Median","20",2007,1,0,1
470,"Malta",4,"Median","21",2007,2,1,3
470,"Malta",4,"Median","22",2007,8,1,9
470,"Malta",4,"Median","23",2007,3,1,4
470,"Malta",4,"Median","24",2007,2,1,3
470,"Malta",4,"Median","25",2007,5,0,5
470,"Malta",4,"Median","26",2007,2,0,2
470,"Malta",4,"Median","27",2007,1,1,2
470,"Malta",4,"Median","28",2007,0,0,1
470,"Malta",4,"Median","29",2007,5,1,6
470,"Malta",4,"Median","30",2007,0,2,2
470,"Malta",4,"Median","31",2007,2,1,3
470,"Malta",4,"Median","32",2007,3,0,4
470,"Malta",4,"Median","33",2007,4,0,5
470,"Malta",4,"Median","34",2007,6,1,7
470,"Malta",4,"Median","35",2007,2,1,3
470,"Malta",4,"Median","36",2007,1,3,4
470,"Malta",4,"Median","37",2007,3,1,4
470,"Malta",4,"Median","38",2007,2,4,6
470,"Malta",4,"Median","39",2007,2,1,3
470,"Malta",4,"Median","40",2007,4,1,5
470,"Malta",4,"Median","41",2007,3,1,4
470,"Malta",4,"Median","42",2007,7,4,11
470,"Malta",4,"Median","43",2007,4,2,6
470,"Malta",4,"Median","44",2007,7,3,10
470,"Malta",4,"Median","45",2007,3,5,8
470,"Malta",4,"Median","46",2007,4,4,8
470,"Malta",4,"Median","47",2007,2,4,6
470,"Malta",4,"Median","48",2007,4,4,8
470,"Malta",4,"Median","49",2007,6,2,8
470,"Malta",4,"Median","50",2007,9,4,13
470,"Malta",4,"Median","51",2007,12,7,19
470,"Malta",4,"Median","52",2007,12,8,20
470,"Malta",4,"Median","53",2007,11,8,19
470,"Malta",4,"Median","54",2007,14,5,19
470,"Malta",4,"Median","55",2007,9,12,21
470,"Malta",4,"Median","56",2007,13,11,24
470,"Malta",4,"Median","57",2007,17,9,26
470,"Malta",4,"Median","58",2007,22,14,37
470,"Malta",4,"Median","59",2007,21,19,40
470,"Malta",4,"Median","60",2007,23,13,36
470,"Malta",4,"Median","61",2007,33,21,54
470,"Malta",4,"Median","62",2007,35,16,51
470,"Malta",4,"Median","63",2007,23,17,40
470,"Malta",4,"Median","64",2007,15,10,25
470,"Malta",4,"Median","65",2007,23,11,33
470,"Malta",4,"Median","66",2007,32,11,43
470,"Malta",4,"Median","67",2007,26,16,42
470,"Malta",4,"Median","68",2007,41,20,62
470,"Malta",4,"Median","69",2007,30,21,52
470,"Malta",4,"Median","70",2007,38,31,70
470,"Malta",4,"Median","71",2007,44,34,78
470,"Malta",4,"Median","72",2007,48,34,81
470,"Malta",4,"Median","73",2007,53,28,81
470,"Malta",4,"Median","74",2007,35,47,82
470,"Malta",4,"Median","75",2007,50,42,92
470,"Malta",4,"Median","76",2007,50,45,95
470,"Malta",4,"Median","77",2007,52,45,97
470,"Malta",4,"Median","78",2007,53,45,99
470,"Malta",4,"Median","79",2007,56,49,105
470,"Malta",4,"Median","80",2007,58,54,112
470,"Malta",4,"Median","81",2007,61,55,116
470,"Malta",4,"Median","82",2007,63,58,121
470,"Malta",4,"Median","83",2007,57,58,115
470,"Malta",4,"Median","84",2007,53,55,108
470,"Malta",4,"Median","85",2007,54,57,111
470,"Malta",4,"Median","86",2007,51,54,105
470,"Malta",4,"Median","87",2007,44,48,91
470,"Malta",4,"Median","88",2007,37,43,80
470,"Malta",4,"Median","89",2007,31,38,69
470,"Malta",4,"Median","90",2007,26,34,60
470,"Malta",4,"Median","91",2007,21,31,53
470,"Malta",4,"Median","92",2007,18,28,46
470,"Malta",4,"Median","93",2007,14,26,40
470,"Malta",4,"Median","94",2007,11,22,34
470,"Malta",4,"Median","95",2007,8,19,27
470,"Malta",4,"Median","96",2007,6,16,22
470,"Malta",4,"Median","97",2007,4,12,17
470,"Malta",4,"Median","98",2007,3,9,12
470,"Malta",4,"Median","99",2007,2,7,8
470,"Malta",4,"Median","100",2007,1,2,3
470,"Malta",4,"Median","101",2007,0,2,2
470,"Malta",4,"Median","102",2007,0,1,1
470,"Malta",4,"Median","103",2007,0,1,1
470,"Malta",4,"Median","104",2007,0,1,1
470,"Malta",4,"Median","105",2007,0,1,1
470,"Malta",4,"Median","106",2007,0,1,1
470,"Malta",4,"Median","107",2007,0,1,1
470,"Malta",4,"Median","108",2007,0,0,0
470,"Malta",4,"Median","109",2007,0,0,0
470,"Malta",4,"Median","110",2007,0,0,0
470,"Malta",4,"Median","0",2008,23,13,36
470,"Malta",4,"Median","1",2008,3,0,3
470,"Malta",4,"Median","2",2008,1,1,2
470,"Malta",4,"Median","3",2008,1,0,1
470,"Malta",4,"Median","4",2008,0,0,0
470,"Malta",4,"Median","5",2008,0,0,0
470,"Malta",4,"Median","6",2008,0,0,1
470,"Malta",4,"Median","7",2008,0,1,1
470,"Malta",4,"Median","8",2008,0,1,1
470,"Malta",4,"Median","9",2008,0,1,1
470,"Malta",4,"Median","10",2008,0,0,0
470,"Malta",4,"Median","11",2008,1,1,2
470,"Malta",4,"Median","12",2008,0,1,1
470,"Malta",4,"Median","13",2008,0,1,1
470,"Malta",4,"Median","14",2008,1,1,2
470,"Malta",4,"Median","15",2008,0,0,0
470,"Malta",4,"Median","16",2008,2,1,3
470,"Malta",4,"Median","17",2008,0,1,1
470,"Malta",4,"Median","18",2008,1,1,2
470,"Malta",4,"Median","19",2008,0,1,1
470,"Malta",4,"Median","20",2008,1,0,1
470,"Malta",4,"Median","21",2008,1,2,3
470,"Malta",4,"Median","22",2008,2,1,3
470,"Malta",4,"Median","23",2008,1,1,2
470,"Malta",4,"Median","24",2008,1,1,2
470,"Malta",4,"Median","25",2008,2,0,2
470,"Malta",4,"Median","26",2008,2,2,4
470,"Malta",4,"Median","27",2008,6,1,7
470,"Malta",4,"Median","28",2008,3,0,4
470,"Malta",4,"Median","29",2008,0,3,3
470,"Malta",4,"Median","30",2008,4,0,4
470,"Malta",4,"Median","31",2008,3,1,4
470,"Malta",4,"Median","32",2008,3,1,4
470,"Malta",4,"Median","33",2008,5,1,6
470,"Malta",4,"Median","34",2008,1,0,1
470,"Malta",4,"Median","35",2008,2,2,4
470,"Malta",4,"Median","36",2008,3,2,5
470,"Malta",4,"Median","37",2008,2,1,3
470,"Malta",4,"Median","38",2008,4,1,5
470,"Malta",4,"Median","39",2008,3,0,4
470,"Malta",4,"Median","40",2008,5,1,6
470,"Malta",4,"Median","41",2008,4,1,5
470,"Malta",4,"Median","42",2008,0,3,3
470,"Malta",4,"Median","43",2008,5,1,6
470,"Malta",4,"Median","44",2008,8,1,9
470,"Malta",4,"Median","45",2008,5,4,9
470,"Malta",4,"Median","46",2008,8,3,11
470,"Malta",4,"Median","47",2008,10,7,17
470,"Malta",4,"Median","48",2008,6,6,12
470,"Malta",4,"Median","49",2008,9,1,10
470,"Malta",4,"Median","50",2008,11,8,19
470,"Malta",4,"Median","51",2008,16,6,22
470,"Malta",4,"Median","52",2008,14,5,19
470,"Malta",4,"Median","53",2008,8,5,13
470,"Malta",4,"Median","54",2008,10,6,16
470,"Malta",4,"Median","55",2008,14,7,21
470,"Malta",4,"Median","56",2008,13,11,24
470,"Malta",4,"Median","57",2008,17,7,24
470,"Malta",4,"Median","58",2008,24,10,34
470,"Malta",4,"Median","59",2008,29,18,48
470,"Malta",4,"Median","60",2008,31,13,44
470,"Malta",4,"Median","61",2008,35,20,55
470,"Malta",4,"Median","62",2008,24,18,42
470,"Malta",4,"Median","63",2008,43,20,63
470,"Malta",4,"Median","64",2008,30,21,50
470,"Malta",4,"Median","65",2008,26,11,37
470,"Malta",4,"Median","66",2008,19,12,30
470,"Malta",4,"Median","67",2008,18,16,35
470,"Malta",4,"Median","68",2008,33,23,56
470,"Malta",4,"Median","69",2008,45,29,75
470,"Malta",4,"Median","70",2008,39,25,64
470,"Malta",4,"Median","71",2008,32,38,71
470,"Malta",4,"Median","72",2008,44,25,69
470,"Malta",4,"Median","73",2008,45,36,80
470,"Malta",4,"Median","74",2008,36,40,76
470,"Malta",4,"Median","75",2008,50,44,94
470,"Malta",4,"Median","76",2008,51,48,98
470,"Malta",4,"Median","77",2008,51,50,102
470,"Malta",4,"Median","78",2008,52,51,103
470,"Malta",4,"Median","79",2008,53,50,103
470,"Malta",4,"Median","80",2008,55,54,109
470,"Malta",4,"Median","81",2008,57,58,115
470,"Malta",4,"Median","82",2008,59,59,118
470,"Malta",4,"Median","83",2008,59,62,121
470,"Malta",4,"Median","84",2008,53,60,114
470,"Malta",4,"Median","85",2008,49,57,106
470,"Malta",4,"Median","86",2008,49,57,106
470,"Malta",4,"Median","87",2008,45,54,99
470,"Malta",4,"Median","88",2008,38,47,85
470,"Malta",4,"Median","89",2008,31,41,73
470,"Malta",4,"Median","90",2008,26,36,62
470,"Malta",4,"Median","91",2008,21,32,54
470,"Malta",4,"Median","92",2008,17,29,46
470,"Malta",4,"Median","93",2008,14,26,40
470,"Malta",4,"Median","94",2008,11,23,34
470,"Malta",4,"Median","95",2008,8,20,28
470,"Malta",4,"Median","96",2008,6,16,22
470,"Malta",4,"Median","97",2008,4,13,17
470,"Malta",4,"Median","98",2008,3,10,13
470,"Malta",4,"Median","99",2008,2,7,9
470,"Malta",4,"Median","100",2008,1,2,3
470,"Malta",4,"Median","101",2008,0,2,2
470,"Malta",4,"Median","102",2008,0,2,2
470,"Malta",4,"Median","103",2008,0,1,1
470,"Malta",4,"Median","104",2008,0,1,1
470,"Malta",4,"Median","105",2008,0,1,1
470,"Malta",4,"Median","106",2008,0,1,1
470,"Malta",4,"Median","107",2008,0,1,1
470,"Malta",4,"Median","108",2008,0,1,1
470,"Malta",4,"Median","109",2008,0,0,0
470,"Malta",4,"Median","110",2008,0,0,0
470,"Malta",4,"Median","0",2009,11,11,23
470,"Malta",4,"Median","1",2009,0,1,1
470,"Malta",4,"Median","2",2009,1,0,1
470,"Malta",4,"Median","3",2009,0,1,1
470,"Malta",4,"Median","4",2009,0,0,0
470,"Malta",4,"Median","5",2009,0,0,0
470,"Malta",4,"Median","6",2009,1,0,2
470,"Malta",4,"Median","7",2009,0,1,1
470,"Malta",4,"Median","8",2009,0,1,1
470,"Malta",4,"Median","9",2009,0,1,1
470,"Malta",4,"Median","10",2009,0,1,1
470,"Malta",4,"Median","11",2009,0,1,1
470,"Malta",4,"Median","12",2009,0,1,1
470,"Malta",4,"Median","13",2009,1,1,2
470,"Malta",4,"Median","14",2009,1,1,2
470,"Malta",4,"Median","15",2009,1,0,1
470,"Malta",4,"Median","16",2009,2,1,3
470,"Malta",4,"Median","17",2009,0,1,1
470,"Malta",4,"Median","18",2009,1,1,2
470,"Malta",4,"Median","19",2009,2,1,3
470,"Malta",4,"Median","20",2009,5,2,7
470,"Malta",4,"Median","21",2009,0,0,1
470,"Malta",4,"Median","22",2009,1,1,2
470,"Malta",4,"Median","23",2009,0,1,1
470,"Malta",4,"Median","24",2009,5,2,7
470,"Malta",4,"Median","25",2009,4,1,5
470,"Malta",4,"Median","26",2009,2,2,4
470,"Malta",4,"Median","27",2009,2,3,5
470,"Malta",4,"Median","28",2009,3,1,4
470,"Malta",4,"Median","29",2009,4,3,7
470,"Malta",4,"Median","30",2009,4,0,4
470,"Malta",4,"Median","31",2009,1,1,2
470,"Malta",4,"Median","32",2009,4,2,6
470,"Malta",4,"Median","33",2009,2,2,4
470,"Malta",4,"Median","34",2009,1,0,1
470,"Malta",4,"Median","35",2009,3,2,5
470,"Malta",4,"Median","36",2009,3,2,5
470,"Malta",4,"Median","37",2009,7,0,8
470,"Malta",4,"Median","38",2009,2,0,3
470,"Malta",4,"Median","39",2009,1,0,1
470,"Malta",4,"Median","40",2009,4,2,6
470,"Malta",4,"Median","41",2009,1,1,2
470,"Malta",4,"Median","42",2009,2,2,4
470,"Malta",4,"Median","43",2009,4,2,6
470,"Malta",4,"Median","44",2009,1,2,3
470,"Malta",4,"Median","45",2009,6,1,7
470,"Malta",4,"Median","46",2009,4,3,7
470,"Malta",4,"Median","47",2009,5,4,9
470,"Malta",4,"Median","48",2009,5,3,8
470,"Malta",4,"Median","49",2009,3,7,10
470,"Malta",4,"Median","50",2009,7,8,15
470,"Malta",4,"Median","51",2009,15,7,22
470,"Malta",4,"Median","52",2009,4,5,9
470,"Malta",4,"Median","53",2009,12,8,20
470,"Malta",4,"Median","54",2009,10,6,16
470,"Malta",4,"Median","55",2009,10,9,19
470,"Malta",4,"Median","56",2009,18,4,22
470,"Malta",4,"Median","57",2009,13,12,25
470,"Malta",4,"Median","58",2009,22,11,33
470,"Malta",4,"Median","59",2009,21,10,31
470,"Malta",4,"Median","60",2009,28,14,43
470,"Malta",4,"Median","61",2009,23,14,37
470,"Malta",4,"Median","62",2009,26,16,42
470,"Malta",4,"Median","63",2009,25,21,46
470,"Malta",4,"Median","64",2009,36,25,61
470,"Malta",4,"Median","65",2009,38,21,58
470,"Malta",4,"Median","66",2009,24,14,38
470,"Malta",4,"Median","67",2009,27,12,38
470,"Malta",4,"Median","68",2009,29,15,45
470,"Malta",4,"Median","69",2009,32,25,57
470,"Malta",4,"Median","70",2009,49,18,68
470,"Malta",4,"Median","71",2009,39,25,64
470,"Malta",4,"Median","72",2009,22,24,46
470,"Malta",4,"Median","73",2009,47,32,79
470,"Malta",4,"Median","74",2009,45,34,78
470,"Malta",4,"Median","75",2009,50,40,90
470,"Malta",4,"Median","76",2009,53,45,97
470,"Malta",4,"Median","77",2009,54,48,102
470,"Malta",4,"Median","78",2009,54,51,105
470,"Malta",4,"Median","79",2009,55,51,106
470,"Malta",4,"Median","80",2009,56,50,106
470,"Malta",4,"Median","81",2009,57,54,111
470,"Malta",4,"Median","82",2009,59,58,117
470,"Malta",4,"Median","83",2009,61,59,120
470,"Malta",4,"Median","84",2009,60,61,121
470,"Malta",4,"Median","85",2009,54,59,113
470,"Malta",4,"Median","86",2009,49,55,103
470,"Malta",4,"Median","87",2009,47,55,102
470,"Malta",4,"Median","88",2009,43,51,94
470,"Malta",4,"Median","89",2009,36,44,80
470,"Malta",4,"Median","90",2009,29,38,67
470,"Malta",4,"Median","91",2009,23,33,57
470,"Malta",4,"Median","92",2009,19,30,48
470,"Malta",4,"Median","93",2009,15,26,42
470,"Malta",4,"Median","94",2009,12,24,36
470,"Malta",4,"Median","95",2009,9,21,30
470,"Malta",4,"Median","96",2009,7,18,24
470,"Malta",4,"Median","97",2009,4,14,19
470,"Malta",4,"Median","98",2009,3,11,14
470,"Malta",4,"Median","99",2009,2,8,10
470,"Malta",4,"Median","100",2009,1,3,4
470,"Malta",4,"Median","101",2009,1,2,3
470,"Malta",4,"Median","102",2009,0,2,2
470,"Malta",4,"Median","103",2009,0,2,2
470,"Malta",4,"Median","104",2009,0,1,1
470,"Malta",4,"Median","105",2009,0,1,1
470,"Malta",4,"Median","106",2009,0,1,1
470,"Malta",4,"Median","107",2009,0,1,1
470,"Malta",4,"Median","108",2009,0,1,1
470,"Malta",4,"Median","109",2009,0,1,1
470,"Malta",4,"Median","110",2009,0,0,0
470,"Malta",4,"Median","0",2010,13,9,22
470,"Malta",4,"Median","1",2010,0,2,2
470,"Malta",4,"Median","2",2010,1,0,1
470,"Malta",4,"Median","3",2010,0,0,0
470,"Malta",4,"Median","4",2010,1,0,1
470,"Malta",4,"Median","5",2010,0,0,0
470,"Malta",4,"Median","6",2010,0,0,1
470,"Malta",4,"Median","7",2010,0,0,1
470,"Malta",4,"Median","8",2010,0,0,0
470,"Malta",4,"Median","9",2010,0,0,1
470,"Malta",4,"Median","10",2010,1,2,3
470,"Malta",4,"Median","11",2010,0,0,1
470,"Malta",4,"Median","12",2010,0,0,1
470,"Malta",4,"Median","13",2010,0,1,1
470,"Malta",4,"Median","14",2010,1,0,2
470,"Malta",4,"Median","15",2010,2,0,2
470,"Malta",4,"Median","16",2010,1,0,2
470,"Malta",4,"Median","17",2010,0,1,1
470,"Malta",4,"Median","18",2010,0,1,1
470,"Malta",4,"Median","19",2010,2,0,3
470,"Malta",4,"Median","20",2010,3,1,4
470,"Malta",4,"Median","21",2010,2,1,3
470,"Malta",4,"Median","22",2010,2,1,3
470,"Malta",4,"Median","23",2010,1,2,3
470,"Malta",4,"Median","24",2010,1,1,2
470,"Malta",4,"Median","25",2010,1,0,1
470,"Malta",4,"Median","26",2010,1,1,2
470,"Malta",4,"Median","27",2010,2,1,3
470,"Malta",4,"Median","28",2010,2,1,3
470,"Malta",4,"Median","29",2010,0,0,1
470,"Malta",4,"Median","30",2010,4,0,4
470,"Malta",4,"Median","31",2010,5,0,6
470,"Malta",4,"Median","32",2010,2,1,3
470,"Malta",4,"Median","33",2010,2,1,3
470,"Malta",4,"Median","34",2010,4,1,5
470,"Malta",4,"Median","35",2010,3,0,3
470,"Malta",4,"Median","36",2010,4,2,6
470,"Malta",4,"Median","37",2010,1,0,2
470,"Malta",4,"Median","38",2010,5,1,6
470,"Malta",4,"Median","39",2010,1,0,1
470,"Malta",4,"Median","40",2010,6,2,8
470,"Malta",4,"Median","41",2010,7,2,9
470,"Malta",4,"Median","42",2010,3,2,5
470,"Malta",4,"Median","43",2010,3,2,5
470,"Malta",4,"Median","44",2010,4,1,5
470,"Malta",4,"Median","45",2010,3,3,6
470,"Malta",4,"Median","46",2010,4,1,5
470,"Malta",4,"Median","47",2010,3,1,4
470,"Malta",4,"Median","48",2010,10,6,16
470,"Malta",4,"Median","49",2010,6,9,15
470,"Malta",4,"Median","50",2010,6,8,14
470,"Malta",4,"Median","51",2010,13,6,19
470,"Malta",4,"Median","52",2010,11,2,13
470,"Malta",4,"Median","53",2010,14,5,19
470,"Malta",4,"Median","54",2010,7,9,16
470,"Malta",4,"Median","55",2010,10,9,19
470,"Malta",4,"Median","56",2010,11,3,14
470,"Malta",4,"Median","57",2010,21,6,27
470,"Malta",4,"Median","58",2010,18,9,27
470,"Malta",4,"Median","59",2010,21,12,33
470,"Malta",4,"Median","60",2010,25,11,36
470,"Malta",4,"Median","61",2010,15,18,33
470,"Malta",4,"Median","62",2010,32,20,52
470,"Malta",4,"Median","63",2010,39,23,62
470,"Malta",4,"Median","64",2010,29,20,49
470,"Malta",4,"Median","65",2010,31,29,60
470,"Malta",4,"Median","66",2010,39,22,61
470,"Malta",4,"Median","67",2010,22,13,35
470,"Malta",4,"Median","68",2010,20,10,30
470,"Malta",4,"Median","69",2010,26,16,43
470,"Malta",4,"Median","70",2010,40,19,59
470,"Malta",4,"Median","71",2010,25,39,65
470,"Malta",4,"Median","72",2010,34,26,60
470,"Malta",4,"Median","73",2010,48,28,76
470,"Malta",4,"Median","74",2010,43,33,75
470,"Malta",4,"Median","75",2010,42,39,81
470,"Malta",4,"Median","76",2010,44,42,87
470,"Malta",4,"Median","77",2010,46,46,92
470,"Malta",4,"Median","78",2010,46,50,96
470,"Malta",4,"Median","79",2010,46,52,97
470,"Malta",4,"Median","80",2010,46,51,97
470,"Malta",4,"Median","81",2010,46,50,96
470,"Malta",4,"Median","82",2010,47,52,99
470,"Malta",4,"Median","83",2010,48,55,104
470,"Malta",4,"Median","84",2010,49,56,104
470,"Malta",4,"Median","85",2010,47,57,104
470,"Malta",4,"Median","86",2010,42,54,96
470,"Malta",4,"Median","87",2010,37,49,86
470,"Malta",4,"Median","88",2010,35,48,82
470,"Malta",4,"Median","89",2010,31,43,74
470,"Malta",4,"Median","90",2010,25,37,62
470,"Malta",4,"Median","91",2010,20,31,52
470,"Malta",4,"Median","92",2010,16,27,43
470,"Malta",4,"Median","93",2010,13,24,36
470,"Malta",4,"Median","94",2010,10,21,31
470,"Malta",4,"Median","95",2010,8,19,27
470,"Malta",4,"Median","96",2010,6,16,22
470,"Malta",4,"Median","97",2010,4,13,18
470,"Malta",4,"Median","98",2010,3,11,13
470,"Malta",4,"Median","99",2010,2,8,9
470,"Malta",4,"Median","100",2010,1,3,4
470,"Malta",4,"Median","101",2010,1,2,3
470,"Malta",4,"Median","102",2010,0,2,2
470,"Malta",4,"Median","103",2010,0,2,2
470,"Malta",4,"Median","104",2010,0,1,1
470,"Malta",4,"Median","105",2010,0,1,1
470,"Malta",4,"Median","106",2010,0,1,1
470,"Malta",4,"Median","107",2010,0,1,1
470,"Malta",4,"Median","108",2010,0,1,1
470,"Malta",4,"Median","109",2010,0,1,1
470,"Malta",4,"Median","110",2010,0,1,1
470,"Malta",4,"Median","0",2011,14,14,28
470,"Malta",4,"Median","1",2011,0,1,1
470,"Malta",4,"Median","2",2011,0,1,1
470,"Malta",4,"Median","3",2011,0,1,1
470,"Malta",4,"Median","4",2011,0,0,0
470,"Malta",4,"Median","5",2011,1,1,2
470,"Malta",4,"Median","6",2011,0,0,1
470,"Malta",4,"Median","7",2011,0,0,1
470,"Malta",4,"Median","8",2011,0,0,0
470,"Malta",4,"Median","9",2011,0,0,0
470,"Malta",4,"Median","10",2011,0,0,0
470,"Malta",4,"Median","11",2011,0,0,1
470,"Malta",4,"Median","12",2011,0,0,1
470,"Malta",4,"Median","13",2011,0,0,1
470,"Malta",4,"Median","14",2011,0,1,1
470,"Malta",4,"Median","15",2011,3,0,3
470,"Malta",4,"Median","16",2011,0,1,1
470,"Malta",4,"Median","17",2011,1,0,2
470,"Malta",4,"Median","18",2011,2,1,3
470,"Malta",4,"Median","19",2011,3,0,4
470,"Malta",4,"Median","20",2011,1,0,1
470,"Malta",4,"Median","21",2011,1,1,2
470,"Malta",4,"Median","22",2011,2,1,3
470,"Malta",4,"Median","23",2011,3,1,4
470,"Malta",4,"Median","24",2011,0,1,1
470,"Malta",4,"Median","25",2011,3,1,4
470,"Malta",4,"Median","26",2011,3,2,5
470,"Malta",4,"Median","27",2011,1,1,2
470,"Malta",4,"Median","28",2011,1,5,6
470,"Malta",4,"Median","29",2011,3,1,4
470,"Malta",4,"Median","30",2011,2,1,3
470,"Malta",4,"Median","31",2011,1,3,4
470,"Malta",4,"Median","32",2011,2,1,3
470,"Malta",4,"Median","33",2011,2,1,3
470,"Malta",4,"Median","34",2011,4,1,5
470,"Malta",4,"Median","35",2011,5,1,6
470,"Malta",4,"Median","36",2011,2,1,3
470,"Malta",4,"Median","37",2011,3,1,4
470,"Malta",4,"Median","38",2011,4,2,6
470,"Malta",4,"Median","39",2011,0,4,4
470,"Malta",4,"Median","40",2011,1,1,2
470,"Malta",4,"Median","41",2011,1,2,3
470,"Malta",4,"Median","42",2011,2,1,3
470,"Malta",4,"Median","43",2011,6,3,9
470,"Malta",4,"Median","44",2011,5,5,10
470,"Malta",4,"Median","45",2011,7,2,9
470,"Malta",4,"Median","46",2011,3,3,6
470,"Malta",4,"Median","47",2011,9,5,14
470,"Malta",4,"Median","48",2011,5,3,8
470,"Malta",4,"Median","49",2011,6,2,8
470,"Malta",4,"Median","50",2011,6,9,15
470,"Malta",4,"Median","51",2011,6,3,9
470,"Malta",4,"Median","52",2011,7,7,14
470,"Malta",4,"Median","53",2011,16,4,20
470,"Malta",4,"Median","54",2011,17,8,25
470,"Malta",4,"Median","55",2011,11,14,25
470,"Malta",4,"Median","56",2011,14,8,22
470,"Malta",4,"Median","57",2011,15,9,24
470,"Malta",4,"Median","58",2011,18,7,25
470,"Malta",4,"Median","59",2011,14,8,22
470,"Malta",4,"Median","60",2011,20,6,26
470,"Malta",4,"Median","61",2011,31,18,49
470,"Malta",4,"Median","62",2011,29,15,44
470,"Malta",4,"Median","63",2011,28,22,50
470,"Malta",4,"Median","64",2011,39,17,56
470,"Malta",4,"Median","65",2011,37,27,64
470,"Malta",4,"Median","66",2011,38,21,59
470,"Malta",4,"Median","67",2011,26,24,49
470,"Malta",4,"Median","68",2011,33,15,48
470,"Malta",4,"Median","69",2011,31,20,51
470,"Malta",4,"Median","70",2011,23,13,36
470,"Malta",4,"Median","71",2011,39,23,62
470,"Malta",4,"Median","72",2011,57,21,78
470,"Malta",4,"Median","73",2011,59,34,93
470,"Malta",4,"Median","74",2011,28,32,60
470,"Malta",4,"Median","75",2011,54,39,93
470,"Malta",4,"Median","76",2011,53,41,93
470,"Malta",4,"Median","77",2011,55,45,100
470,"Malta",4,"Median","78",2011,57,49,106
470,"Malta",4,"Median","79",2011,56,53,109
470,"Malta",4,"Median","80",2011,56,55,111
470,"Malta",4,"Median","81",2011,57,54,110
470,"Malta",4,"Median","82",2011,56,53,108
470,"Malta",4,"Median","83",2011,57,55,112
470,"Malta",4,"Median","84",2011,58,58,116
470,"Malta",4,"Median","85",2011,58,58,116
470,"Malta",4,"Median","86",2011,54,59,114
470,"Malta",4,"Median","87",2011,48,55,104
470,"Malta",4,"Median","88",2011,42,50,92
470,"Malta",4,"Median","89",2011,38,47,85
470,"Malta",4,"Median","90",2011,34,42,76
470,"Malta",4,"Median","91",2011,27,36,63
470,"Malta",4,"Median","92",2011,21,30,51
470,"Malta",4,"Median","93",2011,16,25,41
470,"Malta",4,"Median","94",2011,13,22,35
470,"Malta",4,"Median","95",2011,10,20,30
470,"Malta",4,"Median","96",2011,8,18,26
470,"Malta",4,"Median","97",2011,6,15,21
470,"Malta",4,"Median","98",2011,4,12,16
470,"Malta",4,"Median","99",2011,2,9,12
470,"Malta",4,"Median","100",2011,1,3,4
470,"Malta",4,"Median","101",2011,1,3,4
470,"Malta",4,"Median","102",2011,0,2,2
470,"Malta",4,"Median","103",2011,0,2,2
470,"Malta",4,"Median","104",2011,0,2,2
470,"Malta",4,"Median","105",2011,0,1,1
470,"Malta",4,"Median","106",2011,0,1,1
470,"Malta",4,"Median","107",2011,0,1,1
470,"Malta",4,"Median","108",2011,0,1,1
470,"Malta",4,"Median","109",2011,0,1,1
470,"Malta",4,"Median","110",2011,0,1,1
470,"Malta",4,"Median","0",2012,11,11,22
470,"Malta",4,"Median","1",2012,1,0,1
470,"Malta",4,"Median","2",2012,0,0,1
470,"Malta",4,"Median","3",2012,0,1,1
470,"Malta",4,"Median","4",2012,0,1,1
470,"Malta",4,"Median","5",2012,0,0,0
470,"Malta",4,"Median","6",2012,0,0,1
470,"Malta",4,"Median","7",2012,0,0,1
470,"Malta",4,"Median","8",2012,0,0,0
470,"Malta",4,"Median","9",2012,1,0,1
470,"Malta",4,"Median","10",2012,0,0,0
470,"Malta",4,"Median","11",2012,0,0,0
470,"Malta",4,"Median","12",2012,0,1,1
470,"Malta",4,"Median","13",2012,0,0,1
470,"Malta",4,"Median","14",2012,1,1,2
470,"Malta",4,"Median","15",2012,0,0,0
470,"Malta",4,"Median","16",2012,0,0,1
470,"Malta",4,"Median","17",2012,0,2,2
470,"Malta",4,"Median","18",2012,1,0,2
470,"Malta",4,"Median","19",2012,0,0,1
470,"Malta",4,"Median","20",2012,1,0,1
470,"Malta",4,"Median","21",2012,1,0,2
470,"Malta",4,"Median","22",2012,2,1,3
470,"Malta",4,"Median","23",2012,2,1,3
470,"Malta",4,"Median","24",2012,1,1,2
470,"Malta",4,"Median","25",2012,0,0,0
470,"Malta",4,"Median","26",2012,3,1,4
470,"Malta",4,"Median","27",2012,3,2,5
470,"Malta",4,"Median","28",2012,0,1,1
470,"Malta",4,"Median","29",2012,1,1,2
470,"Malta",4,"Median","30",2012,3,0,3
470,"Malta",4,"Median","31",2012,2,2,4
470,"Malta",4,"Median","32",2012,5,2,7
470,"Malta",4,"Median","33",2012,2,4,6
470,"Malta",4,"Median","34",2012,5,1,6
470,"Malta",4,"Median","35",2012,4,0,4
470,"Malta",4,"Median","36",2012,3,1,4
470,"Malta",4,"Median","37",2012,0,1,1
470,"Malta",4,"Median","38",2012,4,3,7
470,"Malta",4,"Median","39",2012,4,2,6
470,"Malta",4,"Median","40",2012,1,2,3
470,"Malta",4,"Median","41",2012,7,2,9
470,"Malta",4,"Median","42",2012,3,3,6
470,"Malta",4,"Median","43",2012,2,3,5
470,"Malta",4,"Median","44",2012,9,2,11
470,"Malta",4,"Median","45",2012,8,1,9
470,"Malta",4,"Median","46",2012,9,3,12
470,"Malta",4,"Median","47",2012,2,3,5
470,"Malta",4,"Median","48",2012,5,4,9
470,"Malta",4,"Median","49",2012,5,2,7
470,"Malta",4,"Median","50",2012,11,11,22
470,"Malta",4,"Median","51",2012,7,5,12
470,"Malta",4,"Median","52",2012,9,5,14
470,"Malta",4,"Median","53",2012,10,8,18
470,"Malta",4,"Median","54",2012,11,13,24
470,"Malta",4,"Median","55",2012,10,7,17
470,"Malta",4,"Median","56",2012,25,7,32
470,"Malta",4,"Median","57",2012,14,5,19
470,"Malta",4,"Median","58",2012,15,9,24
470,"Malta",4,"Median","59",2012,25,13,38
470,"Malta",4,"Median","60",2012,16,10,26
470,"Malta",4,"Median","61",2012,29,19,48
470,"Malta",4,"Median","62",2012,29,24,53
470,"Malta",4,"Median","63",2012,36,13,49
470,"Malta",4,"Median","64",2012,32,30,63
470,"Malta",4,"Median","65",2012,33,27,60
470,"Malta",4,"Median","66",2012,43,23,66
470,"Malta",4,"Median","67",2012,29,18,47
470,"Malta",4,"Median","68",2012,32,17,49
470,"Malta",4,"Median","69",2012,42,17,59
470,"Malta",4,"Median","70",2012,29,20,49
470,"Malta",4,"Median","71",2012,29,19,49
470,"Malta",4,"Median","72",2012,43,40,83
470,"Malta",4,"Median","73",2012,36,21,57
470,"Malta",4,"Median","74",2012,47,33,80
470,"Malta",4,"Median","75",2012,54,41,95
470,"Malta",4,"Median","76",2012,55,44,99
470,"Malta",4,"Median","77",2012,53,46,99
470,"Malta",4,"Median","78",2012,55,50,105
470,"Malta",4,"Median","79",2012,57,54,111
470,"Malta",4,"Median","80",2012,55,58,113
470,"Malta",4,"Median","81",2012,55,59,114
470,"Malta",4,"Median","82",2012,55,58,112
470,"Malta",4,"Median","83",2012,53,56,109
470,"Malta",4,"Median","84",2012,53,58,111
470,"Malta",4,"Median","85",2012,55,60,114
470,"Malta",4,"Median","86",2012,53,59,112
470,"Malta",4,"Median","87",2012,49,59,108
470,"Malta",4,"Median","88",2012,43,54,97
470,"Malta",4,"Median","89",2012,36,48,84
470,"Malta",4,"Median","90",2012,32,43,75
470,"Malta",4,"Median","91",2012,28,38,65
470,"Malta",4,"Median","92",2012,22,31,53
470,"Malta",4,"Median","93",2012,16,26,42
470,"Malta",4,"Median","94",2012,12,21,34
470,"Malta",4,"Median","95",2012,10,19,28
470,"Malta",4,"Median","96",2012,8,17,25
470,"Malta",4,"Median","97",2012,7,15,22
470,"Malta",4,"Median","98",2012,5,13,18
470,"Malta",4,"Median","99",2012,3,10,13
470,"Malta",4,"Median","100",2012,1,4,5
470,"Malta",4,"Median","101",2012,1,3,4
470,"Malta",4,"Median","102",2012,0,3,3
470,"Malta",4,"Median","103",2012,0,2,2
470,"Malta",4,"Median","104",2012,0,2,2
470,"Malta",4,"Median","105",2012,0,2,2
470,"Malta",4,"Median","106",2012,0,1,1
470,"Malta",4,"Median","107",2012,0,1,1
470,"Malta",4,"Median","108",2012,0,1,1
470,"Malta",4,"Median","109",2012,0,1,1
470,"Malta",4,"Median","110",2012,0,1,1
470,"Malta",4,"Median","0",2013,14,13,27
470,"Malta",4,"Median","1",2013,1,1,2
470,"Malta",4,"Median","2",2013,0,0,1
470,"Malta",4,"Median","3",2013,0,0,0
470,"Malta",4,"Median","4",2013,0,0,0
470,"Malta",4,"Median","5",2013,0,0,0
470,"Malta",4,"Median","6",2013,0,0,1
470,"Malta",4,"Median","7",2013,0,0,1
470,"Malta",4,"Median","8",2013,0,0,0
470,"Malta",4,"Median","9",2013,0,0,0
470,"Malta",4,"Median","10",2013,0,0,0
470,"Malta",4,"Median","11",2013,0,0,0
470,"Malta",4,"Median","12",2013,0,0,0
470,"Malta",4,"Median","13",2013,0,0,0
470,"Malta",4,"Median","14",2013,1,0,1
470,"Malta",4,"Median","15",2013,1,2,3
470,"Malta",4,"Median","16",2013,0,0,0
470,"Malta",4,"Median","17",2013,0,0,1
470,"Malta",4,"Median","18",2013,2,0,2
470,"Malta",4,"Median","19",2013,0,0,1
470,"Malta",4,"Median","20",2013,2,1,3
470,"Malta",4,"Median","21",2013,2,0,2
470,"Malta",4,"Median","22",2013,3,1,4
470,"Malta",4,"Median","23",2013,1,2,3
470,"Malta",4,"Median","24",2013,2,1,3
470,"Malta",4,"Median","25",2013,0,1,1
470,"Malta",4,"Median","26",2013,2,0,2
470,"Malta",4,"Median","27",2013,4,1,5
470,"Malta",4,"Median","28",2013,0,0,1
470,"Malta",4,"Median","29",2013,0,0,1
470,"Malta",4,"Median","30",2013,1,0,1
470,"Malta",4,"Median","31",2013,0,1,1
470,"Malta",4,"Median","32",2013,1,2,3
470,"Malta",4,"Median","33",2013,2,1,3
470,"Malta",4,"Median","34",2013,3,1,4
470,"Malta",4,"Median","35",2013,2,0,2
470,"Malta",4,"Median","36",2013,1,1,2
470,"Malta",4,"Median","37",2013,4,1,5
470,"Malta",4,"Median","38",2013,4,1,5
470,"Malta",4,"Median","39",2013,4,1,5
470,"Malta",4,"Median","40",2013,2,1,3
470,"Malta",4,"Median","41",2013,1,1,2
470,"Malta",4,"Median","42",2013,1,1,2
470,"Malta",4,"Median","43",2013,6,4,10
470,"Malta",4,"Median","44",2013,4,1,5
470,"Malta",4,"Median","45",2013,5,1,6
470,"Malta",4,"Median","46",2013,5,5,10
470,"Malta",4,"Median","47",2013,4,3,7
470,"Malta",4,"Median","48",2013,7,1,8
470,"Malta",4,"Median","49",2013,7,4,11
470,"Malta",4,"Median","50",2013,8,2,10
470,"Malta",4,"Median","51",2013,8,9,17
470,"Malta",4,"Median","52",2013,6,4,10
470,"Malta",4,"Median","53",2013,10,5,15
470,"Malta",4,"Median","54",2013,12,6,18
470,"Malta",4,"Median","55",2013,15,5,20
470,"Malta",4,"Median","56",2013,16,9,25
470,"Malta",4,"Median","57",2013,13,6,19
470,"Malta",4,"Median","58",2013,14,14,28
470,"Malta",4,"Median","59",2013,18,7,25
470,"Malta",4,"Median","60",2013,13,7,20
470,"Malta",4,"Median","61",2013,27,16,43
470,"Malta",4,"Median","62",2013,34,11,45
470,"Malta",4,"Median","63",2013,35,15,50
470,"Malta",4,"Median","64",2013,27,20,47
470,"Malta",4,"Median","65",2013,32,19,51
470,"Malta",4,"Median","66",2013,33,21,54
470,"Malta",4,"Median","67",2013,37,13,50
470,"Malta",4,"Median","68",2013,40,32,72
470,"Malta",4,"Median","69",2013,59,20,79
470,"Malta",4,"Median","70",2013,30,16,46
470,"Malta",4,"Median","71",2013,33,15,48
470,"Malta",4,"Median","72",2013,31,23,54
470,"Malta",4,"Median","73",2013,33,24,57
470,"Malta",4,"Median","74",2013,47,34,81
470,"Malta",4,"Median","75",2013,52,37,89
470,"Malta",4,"Median","76",2013,56,40,96
470,"Malta",4,"Median","77",2013,58,43,100
470,"Malta",4,"Median","78",2013,56,45,100
470,"Malta",4,"Median","79",2013,57,48,105
470,"Malta",4,"Median","80",2013,58,53,111
470,"Malta",4,"Median","81",2013,57,56,113
470,"Malta",4,"Median","82",2013,56,57,113
470,"Malta",4,"Median","83",2013,55,55,110
470,"Malta",4,"Median","84",2013,53,53,106
470,"Malta",4,"Median","85",2013,53,55,108
470,"Malta",4,"Median","86",2013,54,57,110
470,"Malta",4,"Median","87",2013,52,55,107
470,"Malta",4,"Median","88",2013,47,56,102
470,"Malta",4,"Median","89",2013,40,50,90
470,"Malta",4,"Median","90",2013,33,42,75
470,"Malta",4,"Median","91",2013,27,36,64
470,"Malta",4,"Median","92",2013,22,31,53
470,"Malta",4,"Median","93",2013,17,26,43
470,"Malta",4,"Median","94",2013,13,22,35
470,"Malta",4,"Median","95",2013,11,20,30
470,"Malta",4,"Median","96",2013,9,18,27
470,"Malta",4,"Median","97",2013,8,16,24
470,"Malta",4,"Median","98",2013,6,14,20
470,"Malta",4,"Median","99",2013,4,12,16
470,"Malta",4,"Median","100",2013,1,4,5
470,"Malta",4,"Median","101",2013,1,4,5
470,"Malta",4,"Median","102",2013,1,3,4
470,"Malta",4,"Median","103",2013,1,3,4
470,"Malta",4,"Median","104",2013,0,2,2
470,"Malta",4,"Median","105",2013,0,2,2
470,"Malta",4,"Median","106",2013,0,2,2
470,"Malta",4,"Median","107",2013,0,2,2
470,"Malta",4,"Median","108",2013,0,1,1
470,"Malta",4,"Median","109",2013,0,1,1
470,"Malta",4,"Median","110",2013,0,1,1
470,"Malta",4,"Median","0",2014,11,10,21
470,"Malta",4,"Median","1",2014,1,0,1
470,"Malta",4,"Median","2",2014,0,1,1
470,"Malta",4,"Median","3",2014,0,0,0
470,"Malta",4,"Median","4",2014,0,0,0
470,"Malta",4,"Median","5",2014,0,0,0
470,"Malta",4,"Median","6",2014,0,0,1
470,"Malta",4,"Median","7",2014,0,0,1
470,"Malta",4,"Median","8",2014,1,0,1
470,"Malta",4,"Median","9",2014,0,0,0
470,"Malta",4,"Median","10",2014,0,0,0
470,"Malta",4,"Median","11",2014,1,0,1
470,"Malta",4,"Median","12",2014,0,0,0
470,"Malta",4,"Median","13",2014,1,0,1
470,"Malta",4,"Median","14",2014,1,1,2
470,"Malta",4,"Median","15",2014,0,1,1
470,"Malta",4,"Median","16",2014,0,0,0
470,"Malta",4,"Median","17",2014,0,0,0
470,"Malta",4,"Median","18",2014,1,1,2
470,"Malta",4,"Median","19",2014,3,0,3
470,"Malta",4,"Median","20",2014,0,0,0
470,"Malta",4,"Median","21",2014,1,0,1
470,"Malta",4,"Median","22",2014,1,1,2
470,"Malta",4,"Median","23",2014,2,1,3
470,"Malta",4,"Median","24",2014,2,1,3
470,"Malta",4,"Median","25",2014,0,2,2
470,"Malta",4,"Median","26",2014,0,0,1
470,"Malta",4,"Median","27",2014,1,1,1
470,"Malta",4,"Median","28",2014,1,1,2
470,"Malta",4,"Median","29",2014,3,0,3
470,"Malta",4,"Median","30",2014,6,2,8
470,"Malta",4,"Median","31",2014,4,1,5
470,"Malta",4,"Median","32",2014,2,1,3
470,"Malta",4,"Median","33",2014,2,1,2
470,"Malta",4,"Median","34",2014,3,1,3
470,"Malta",4,"Median","35",2014,2,0,2
470,"Malta",4,"Median","36",2014,2,1,3
470,"Malta",4,"Median","37",2014,4,1,5
470,"Malta",4,"Median","38",2014,3,1,4
470,"Malta",4,"Median","39",2014,4,1,5
470,"Malta",4,"Median","40",2014,2,2,4
470,"Malta",4,"Median","41",2014,8,4,12
470,"Malta",4,"Median","42",2014,4,3,7
470,"Malta",4,"Median","43",2014,4,2,6
470,"Malta",4,"Median","44",2014,2,3,5
470,"Malta",4,"Median","45",2014,4,0,4
470,"Malta",4,"Median","46",2014,4,2,6
470,"Malta",4,"Median","47",2014,4,5,9
470,"Malta",4,"Median","48",2014,5,5,10
470,"Malta",4,"Median","49",2014,4,2,6
470,"Malta",4,"Median","50",2014,7,2,9
470,"Malta",4,"Median","51",2014,8,2,10
470,"Malta",4,"Median","52",2014,13,3,16
470,"Malta",4,"Median","53",2014,10,2,12
470,"Malta",4,"Median","54",2014,14,4,18
470,"Malta",4,"Median","55",2014,9,7,16
470,"Malta",4,"Median","56",2014,17,9,26
470,"Malta",4,"Median","57",2014,15,8,23
470,"Malta",4,"Median","58",2014,21,14,35
470,"Malta",4,"Median","59",2014,21,14,35
470,"Malta",4,"Median","60",2014,20,12,32
470,"Malta",4,"Median","61",2014,16,16,32
470,"Malta",4,"Median","62",2014,19,19,38
470,"Malta",4,"Median","63",2014,29,14,43
470,"Malta",4,"Median","64",2014,28,20,48
470,"Malta",4,"Median","65",2014,38,26,64
470,"Malta",4,"Median","66",2014,30,25,55
470,"Malta",4,"Median","67",2014,53,17,70
470,"Malta",4,"Median","68",2014,35,27,62
470,"Malta",4,"Median","69",2014,39,27,66
470,"Malta",4,"Median","70",2014,37,22,59
470,"Malta",4,"Median","71",2014,40,22,62
470,"Malta",4,"Median","72",2014,40,23,63
470,"Malta",4,"Median","73",2014,36,30,66
470,"Malta",4,"Median","74",2014,47,30,77
470,"Malta",4,"Median","75",2014,48,36,85
470,"Malta",4,"Median","76",2014,51,40,92
470,"Malta",4,"Median","77",2014,55,44,98
470,"Malta",4,"Median","78",2014,56,46,102
470,"Malta",4,"Median","79",2014,53,47,100
470,"Malta",4,"Median","80",2014,53,49,103
470,"Malta",4,"Median","81",2014,54,54,108
470,"Malta",4,"Median","82",2014,51,56,107
470,"Malta",4,"Median","83",2014,50,56,106
470,"Malta",4,"Median","84",2014,48,54,101
470,"Malta",4,"Median","85",2014,45,50,95
470,"Malta",4,"Median","86",2014,44,51,96
470,"Malta",4,"Median","87",2014,44,52,96
470,"Malta",4,"Median","88",2014,42,49,91
470,"Malta",4,"Median","89",2014,37,49,85
470,"Malta",4,"Median","90",2014,30,43,73
470,"Malta",4,"Median","91",2014,24,33,57
470,"Malta",4,"Median","92",2014,18,27,45
470,"Malta",4,"Median","93",2014,13,22,35
470,"Malta",4,"Median","94",2014,10,18,28
470,"Malta",4,"Median","95",2014,8,17,25
470,"Malta",4,"Median","96",2014,8,16,24
470,"Malta",4,"Median","97",2014,7,15,23
470,"Malta",4,"Median","98",2014,6,14,20
470,"Malta",4,"Median","99",2014,5,12,17
470,"Malta",4,"Median","100",2014,1,4,5
470,"Malta",4,"Median","101",2014,1,4,5
470,"Malta",4,"Median","102",2014,1,3,4
470,"Malta",4,"Median","103",2014,1,3,4
470,"Malta",4,"Median","104",2014,1,2,3
470,"Malta",4,"Median","105",2014,1,2,3
470,"Malta",4,"Median","106",2014,0,2,2
470,"Malta",4,"Median","107",2014,0,2,2
470,"Malta",4,"Median","108",2014,0,1,1
470,"Malta",4,"Median","109",2014,0,1,1
470,"Malta",4,"Median","110",2014,0,1,1
470,"Malta",4,"Median","0",2015,15,9,24
470,"Malta",4,"Median","1",2015,1,0,1
470,"Malta",4,"Median","2",2015,1,1,2
470,"Malta",4,"Median","3",2015,1,0,1
470,"Malta",4,"Median","4",2015,0,0,0
470,"Malta",4,"Median","5",2015,0,1,1
470,"Malta",4,"Median","6",2015,0,1,1
470,"Malta",4,"Median","7",2015,0,0,1
470,"Malta",4,"Median","8",2015,0,0,0
470,"Malta",4,"Median","9",2015,0,0,0
470,"Malta",4,"Median","10",2015,0,0,0
470,"Malta",4,"Median","11",2015,1,1,2
470,"Malta",4,"Median","12",2015,0,0,0
470,"Malta",4,"Median","13",2015,0,0,0
470,"Malta",4,"Median","14",2015,1,0,1
470,"Malta",4,"Median","15",2015,0,1,1
470,"Malta",4,"Median","16",2015,0,0,0
470,"Malta",4,"Median","17",2015,3,0,3
470,"Malta",4,"Median","18",2015,0,0,1
470,"Malta",4,"Median","19",2015,1,1,2
470,"Malta",4,"Median","20",2015,0,0,0
470,"Malta",4,"Median","21",2015,1,0,1
470,"Malta",4,"Median","22",2015,3,2,5
470,"Malta",4,"Median","23",2015,0,3,3
470,"Malta",4,"Median","24",2015,0,1,1
470,"Malta",4,"Median","25",2015,1,0,1
470,"Malta",4,"Median","26",2015,1,1,2
470,"Malta",4,"Median","27",2015,2,2,4
470,"Malta",4,"Median","28",2015,2,2,4
470,"Malta",4,"Median","29",2015,2,0,2
470,"Malta",4,"Median","30",2015,3,1,4
470,"Malta",4,"Median","31",2015,3,1,4
470,"Malta",4,"Median","32",2015,1,1,2
470,"Malta",4,"Median","33",2015,5,1,5
470,"Malta",4,"Median","34",2015,3,1,3
470,"Malta",4,"Median","35",2015,3,0,3
470,"Malta",4,"Median","36",2015,2,1,3
470,"Malta",4,"Median","37",2015,2,2,4
470,"Malta",4,"Median","38",2015,5,3,8
470,"Malta",4,"Median","39",2015,2,1,3
470,"Malta",4,"Median","40",2015,2,2,4
470,"Malta",4,"Median","41",2015,2,1,3
470,"Malta",4,"Median","42",2015,3,1,4
470,"Malta",4,"Median","43",2015,1,2,3
470,"Malta",4,"Median","44",2015,3,2,5
470,"Malta",4,"Median","45",2015,4,2,6
470,"Malta",4,"Median","46",2015,6,2,8
470,"Malta",4,"Median","47",2015,2,1,3
470,"Malta",4,"Median","48",2015,3,4,7
470,"Malta",4,"Median","49",2015,10,1,11
470,"Malta",4,"Median","50",2015,2,7,9
470,"Malta",4,"Median","51",2015,9,4,13
470,"Malta",4,"Median","52",2015,9,4,13
470,"Malta",4,"Median","53",2015,16,7,23
470,"Malta",4,"Median","54",2015,8,5,13
470,"Malta",4,"Median","55",2015,13,9,22
470,"Malta",4,"Median","56",2015,15,8,23
470,"Malta",4,"Median","57",2015,17,14,31
470,"Malta",4,"Median","58",2015,19,9,28
470,"Malta",4,"Median","59",2015,20,15,35
470,"Malta",4,"Median","60",2015,23,11,34
470,"Malta",4,"Median","61",2015,26,11,37
470,"Malta",4,"Median","62",2015,27,8,35
470,"Malta",4,"Median","63",2015,29,15,44
470,"Malta",4,"Median","64",2015,35,20,55
470,"Malta",4,"Median","65",2015,32,21,53
470,"Malta",4,"Median","66",2015,34,28,62
470,"Malta",4,"Median","67",2015,43,29,72
470,"Malta",4,"Median","68",2015,42,21,63
470,"Malta",4,"Median","69",2015,49,30,79
470,"Malta",4,"Median","70",2015,52,40,92
470,"Malta",4,"Median","71",2015,32,37,69
470,"Malta",4,"Median","72",2015,27,17,44
470,"Malta",4,"Median","73",2015,24,18,42
470,"Malta",4,"Median","74",2015,39,20,59
470,"Malta",4,"Median","75",2015,46,34,80
470,"Malta",4,"Median","76",2015,52,38,90
470,"Malta",4,"Median","77",2015,54,42,97
470,"Malta",4,"Median","78",2015,58,45,103
470,"Malta",4,"Median","79",2015,59,48,106
470,"Malta",4,"Median","80",2015,56,48,104
470,"Malta",4,"Median","81",2015,55,51,106
470,"Malta",4,"Median","82",2015,55,55,109
470,"Malta",4,"Median","83",2015,52,57,109
470,"Malta",4,"Median","84",2015,51,57,108
470,"Malta",4,"Median","85",2015,48,54,102
470,"Malta",4,"Median","86",2015,44,50,94
470,"Malta",4,"Median","87",2015,43,50,93
470,"Malta",4,"Median","88",2015,43,49,92
470,"Malta",4,"Median","89",2015,40,46,86
470,"Malta",4,"Median","90",2015,33,40,73
470,"Malta",4,"Median","91",2015,25,33,59
470,"Malta",4,"Median","92",2015,20,28,48
470,"Malta",4,"Median","93",2015,15,24,39
470,"Malta",4,"Median","94",2015,12,21,33
470,"Malta",4,"Median","95",2015,10,19,29
470,"Malta",4,"Median","96",2015,9,18,27
470,"Malta",4,"Median","97",2015,8,17,25
470,"Malta",4,"Median","98",2015,7,15,22
470,"Malta",4,"Median","99",2015,5,13,18
470,"Malta",4,"Median","100",2015,2,5,7
470,"Malta",4,"Median","101",2015,1,4,5
470,"Malta",4,"Median","102",2015,1,4,5
470,"Malta",4,"Median","103",2015,1,3,4
470,"Malta",4,"Median","104",2015,1,3,4
470,"Malta",4,"Median","105",2015,1,3,4
470,"Malta",4,"Median","106",2015,0,2,2
470,"Malta",4,"Median","107",2015,0,2,2
470,"Malta",4,"Median","108",2015,0,2,2
470,"Malta",4,"Median","109",2015,0,2,2
470,"Malta",4,"Median","110",2015,0,1,1
470,"Malta",4,"Median","0",2016,19,13,32
470,"Malta",4,"Median","1",2016,1,1,2
470,"Malta",4,"Median","2",2016,0,0,1
470,"Malta",4,"Median","3",2016,0,0,0
470,"Malta",4,"Median","4",2016,0,0,0
470,"Malta",4,"Median","5",2016,1,0,1
470,"Malta",4,"Median","6",2016,0,1,1
470,"Malta",4,"Median","7",2016,0,1,1
470,"Malta",4,"Median","8",2016,0,0,1
470,"Malta",4,"Median","9",2016,0,0,0
470,"Malta",4,"Median","10",2016,0,0,0
470,"Malta",4,"Median","11",2016,0,0,0
470,"Malta",4,"Median","12",2016,0,1,1
470,"Malta",4,"Median","13",2016,0,0,0
470,"Malta",4,"Median","14",2016,0,0,0
470,"Malta",4,"Median","15",2016,0,0,0
470,"Malta",4,"Median","16",2016,0,2,2
470,"Malta",4,"Median","17",2016,1,1,2
470,"Malta",4,"Median","18",2016,3,0,3
470,"Malta",4,"Median","19",2016,0,1,1
470,"Malta",4,"Median","20",2016,1,1,2
470,"Malta",4,"Median","21",2016,1,0,1
470,"Malta",4,"Median","22",2016,1,1,2
470,"Malta",4,"Median","23",2016,0,1,1
470,"Malta",4,"Median","24",2016,0,1,1
470,"Malta",4,"Median","25",2016,2,0,2
470,"Malta",4,"Median","26",2016,2,0,2
470,"Malta",4,"Median","27",2016,2,1,3
470,"Malta",4,"Median","28",2016,2,1,2
470,"Malta",4,"Median","29",2016,2,1,2
470,"Malta",4,"Median","30",2016,0,0,0
470,"Malta",4,"Median","31",2016,1,1,2
470,"Malta",4,"Median","32",2016,2,1,3
470,"Malta",4,"Median","33",2016,1,4,5
470,"Malta",4,"Median","34",2016,2,1,3
470,"Malta",4,"Median","35",2016,3,2,5
470,"Malta",4,"Median","36",2016,6,1,7
470,"Malta",4,"Median","37",2016,3,4,7
470,"Malta",4,"Median","38",2016,4,5,9
470,"Malta",4,"Median","39",2016,4,3,7
470,"Malta",4,"Median","40",2016,9,1,10
470,"Malta",4,"Median","41",2016,3,3,6
470,"Malta",4,"Median","42",2016,2,1,3
470,"Malta",4,"Median","43",2016,2,2,4
470,"Malta",4,"Median","44",2016,1,1,2
470,"Malta",4,"Median","45",2016,6,6,12
470,"Malta",4,"Median","46",2016,5,1,6
470,"Malta",4,"Median","47",2016,6,4,10
470,"Malta",4,"Median","48",2016,4,7,11
470,"Malta",4,"Median","49",2016,6,2,8
470,"Malta",4,"Median","50",2016,14,4,18
470,"Malta",4,"Median","51",2016,9,5,14
470,"Malta",4,"Median","52",2016,9,4,13
470,"Malta",4,"Median","53",2016,12,5,17
470,"Malta",4,"Median","54",2016,17,7,24
470,"Malta",4,"Median","55",2016,13,14,27
470,"Malta",4,"Median","56",2016,24,16,40
470,"Malta",4,"Median","57",2016,11,8,19
470,"Malta",4,"Median","58",2016,17,9,26
470,"Malta",4,"Median","59",2016,16,4,20
470,"Malta",4,"Median","60",2016,19,10,29
470,"Malta",4,"Median","61",2016,22,10,32
470,"Malta",4,"Median","62",2016,18,16,34
470,"Malta",4,"Median","63",2016,14,12,26
470,"Malta",4,"Median","64",2016,37,19,56
470,"Malta",4,"Median","65",2016,26,17,43
470,"Malta",4,"Median","66",2016,40,25,65
470,"Malta",4,"Median","67",2016,37,28,65
470,"Malta",4,"Median","68",2016,43,31,74
470,"Malta",4,"Median","69",2016,35,24,59
470,"Malta",4,"Median","70",2016,59,33,92
470,"Malta",4,"Median","71",2016,46,33,79
470,"Malta",4,"Median","72",2016,47,39,86
470,"Malta",4,"Median","73",2016,34,24,58
470,"Malta",4,"Median","74",2016,27,25,52
470,"Malta",4,"Median","75",2016,38,31,69
470,"Malta",4,"Median","76",2016,45,37,82
470,"Malta",4,"Median","77",2016,50,42,92
470,"Malta",4,"Median","78",2016,52,46,98
470,"Malta",4,"Median","79",2016,56,50,105
470,"Malta",4,"Median","80",2016,56,52,108
470,"Malta",4,"Median","81",2016,53,52,105
470,"Malta",4,"Median","82",2016,51,54,106
470,"Malta",4,"Median","83",2016,51,58,109
470,"Malta",4,"Median","84",2016,48,60,108
470,"Malta",4,"Median","85",2016,46,60,106
470,"Malta",4,"Median","86",2016,43,56,99
470,"Malta",4,"Median","87",2016,39,51,90
470,"Malta",4,"Median","88",2016,37,49,87
470,"Malta",4,"Median","89",2016,36,48,84
470,"Malta",4,"Median","90",2016,31,42,73
470,"Malta",4,"Median","91",2016,24,36,60
470,"Malta",4,"Median","92",2016,19,31,50
470,"Malta",4,"Median","93",2016,15,26,42
470,"Malta",4,"Median","94",2016,12,23,35
470,"Malta",4,"Median","95",2016,11,21,32
470,"Malta",4,"Median","96",2016,10,19,29
470,"Malta",4,"Median","97",2016,8,18,26
470,"Malta",4,"Median","98",2016,7,16,23
470,"Malta",4,"Median","99",2016,6,14,19
470,"Malta",4,"Median","100",2016,2,5,7
470,"Malta",4,"Median","101",2016,1,5,6
470,"Malta",4,"Median","102",2016,1,4,5
470,"Malta",4,"Median","103",2016,1,4,5
470,"Malta",4,"Median","104",2016,1,3,4
470,"Malta",4,"Median","105",2016,1,3,4
470,"Malta",4,"Median","106",2016,1,3,4
470,"Malta",4,"Median","107",2016,0,2,2
470,"Malta",4,"Median","108",2016,0,2,2
470,"Malta",4,"Median","109",2016,0,2,2
470,"Malta",4,"Median","110",2016,0,2,2
470,"Malta",4,"Median","0",2017,18,9,27
470,"Malta",4,"Median","1",2017,2,1,3
470,"Malta",4,"Median","2",2017,0,1,1
470,"Malta",4,"Median","3",2017,0,0,0
470,"Malta",4,"Median","4",2017,1,0,1
470,"Malta",4,"Median","5",2017,0,0,0
470,"Malta",4,"Median","6",2017,0,1,1
470,"Malta",4,"Median","7",2017,0,1,1
470,"Malta",4,"Median","8",2017,0,1,1
470,"Malta",4,"Median","9",2017,0,0,1
470,"Malta",4,"Median","10",2017,0,0,0
470,"Malta",4,"Median","11",2017,0,0,0
470,"Malta",4,"Median","12",2017,0,1,1
470,"Malta",4,"Median","13",2017,0,0,0
470,"Malta",4,"Median","14",2017,0,0,0
470,"Malta",4,"Median","15",2017,0,1,1
470,"Malta",4,"Median","16",2017,0,0,0
470,"Malta",4,"Median","17",2017,2,0,2
470,"Malta",4,"Median","18",2017,0,0,0
470,"Malta",4,"Median","19",2017,0,1,1
470,"Malta",4,"Median","20",2017,2,0,2
470,"Malta",4,"Median","21",2017,3,0,3
470,"Malta",4,"Median","22",2017,1,1,2
470,"Malta",4,"Median","23",2017,3,1,4
470,"Malta",4,"Median","24",2017,2,1,3
470,"Malta",4,"Median","25",2017,1,0,1
470,"Malta",4,"Median","26",2017,2,0,2
470,"Malta",4,"Median","27",2017,1,1,2
470,"Malta",4,"Median","28",2017,4,1,5
470,"Malta",4,"Median","29",2017,1,1,2
470,"Malta",4,"Median","30",2017,1,2,3
470,"Malta",4,"Median","31",2017,1,1,1
470,"Malta",4,"Median","32",2017,5,1,6
470,"Malta",4,"Median","33",2017,1,2,3
470,"Malta",4,"Median","34",2017,5,1,5
470,"Malta",4,"Median","35",2017,1,2,3
470,"Malta",4,"Median","36",2017,3,2,5
470,"Malta",4,"Median","37",2017,1,1,2
470,"Malta",4,"Median","38",2017,5,2,7
470,"Malta",4,"Median","39",2017,5,1,5
470,"Malta",4,"Median","40",2017,2,3,5
470,"Malta",4,"Median","41",2017,2,1,3
470,"Malta",4,"Median","42",2017,9,1,9
470,"Malta",4,"Median","43",2017,3,4,7
470,"Malta",4,"Median","44",2017,3,1,4
470,"Malta",4,"Median","45",2017,8,4,12
470,"Malta",4,"Median","46",2017,4,2,6
470,"Malta",4,"Median","47",2017,3,1,4
470,"Malta",4,"Median","48",2017,3,5,8
470,"Malta",4,"Median","49",2017,4,4,8
470,"Malta",4,"Median","50",2017,5,8,13
470,"Malta",4,"Median","51",2017,5,6,11
470,"Malta",4,"Median","52",2017,8,9,17
470,"Malta",4,"Median","53",2017,13,4,17
470,"Malta",4,"Median","54",2017,8,7,15
470,"Malta",4,"Median","55",2017,9,13,22
470,"Malta",4,"Median","56",2017,15,8,23
470,"Malta",4,"Median","57",2017,15,9,24
470,"Malta",4,"Median","58",2017,15,11,26
470,"Malta",4,"Median","59",2017,21,13,34
470,"Malta",4,"Median","60",2017,24,16,40
470,"Malta",4,"Median","61",2017,16,14,30
470,"Malta",4,"Median","62",2017,23,9,32
470,"Malta",4,"Median","63",2017,28,17,45
470,"Malta",4,"Median","64",2017,37,17,54
470,"Malta",4,"Median","65",2017,39,21,60
470,"Malta",4,"Median","66",2017,38,22,60
470,"Malta",4,"Median","67",2017,47,19,66
470,"Malta",4,"Median","68",2017,45,20,65
470,"Malta",4,"Median","69",2017,39,26,65
470,"Malta",4,"Median","70",2017,46,33,79
470,"Malta",4,"Median","71",2017,49,26,75
470,"Malta",4,"Median","72",2017,72,46,118
470,"Malta",4,"Median","73",2017,41,38,79
470,"Malta",4,"Median","74",2017,32,22,54
470,"Malta",4,"Median","75",2017,38,27,65
470,"Malta",4,"Median","76",2017,44,32,76
470,"Malta",4,"Median","77",2017,51,38,89
470,"Malta",4,"Median","78",2017,56,42,98
470,"Malta",4,"Median","79",2017,59,46,105
470,"Malta",4,"Median","80",2017,62,49,111
470,"Malta",4,"Median","81",2017,62,51,112
470,"Malta",4,"Median","82",2017,57,51,108
470,"Malta",4,"Median","83",2017,55,51,106
470,"Malta",4,"Median","84",2017,53,54,108
470,"Malta",4,"Median","85",2017,50,55,105
470,"Malta",4,"Median","86",2017,47,55,101
470,"Malta",4,"Median","87",2017,42,51,93
470,"Malta",4,"Median","88",2017,38,45,83
470,"Malta",4,"Median","89",2017,35,43,78
470,"Malta",4,"Median","90",2017,30,39,69
470,"Malta",4,"Median","91",2017,24,32,56
470,"Malta",4,"Median","92",2017,21,27,48
470,"Malta",4,"Median","93",2017,18,22,40
470,"Malta",4,"Median","94",2017,15,19,34
470,"Malta",4,"Median","95",2017,13,18,31
470,"Malta",4,"Median","96",2017,11,18,29
470,"Malta",4,"Median","97",2017,9,17,26
470,"Malta",4,"Median","98",2017,7,16,23
470,"Malta",4,"Median","99",2017,6,14,20
470,"Malta",4,"Median","100",2017,2,5,7
470,"Malta",4,"Median","101",2017,2,5,7
470,"Malta",4,"Median","102",2017,1,4,5
470,"Malta",4,"Median","103",2017,1,4,5
470,"Malta",4,"Median","104",2017,1,4,5
470,"Malta",4,"Median","105",2017,1,3,4
470,"Malta",4,"Median","106",2017,1,3,4
470,"Malta",4,"Median","107",2017,1,3,4
470,"Malta",4,"Median","108",2017,0,2,2
470,"Malta",4,"Median","109",2017,0,2,2
470,"Malta",4,"Median","110",2017,0,2,2
470,"Malta",4,"Median","0",2018,15,9,24
470,"Malta",4,"Median","1",2018,1,0,1
470,"Malta",4,"Median","2",2018,2,1,3
470,"Malta",4,"Median","3",2018,0,0,0
470,"Malta",4,"Median","4",2018,0,0,0
470,"Malta",4,"Median","5",2018,0,0,0
470,"Malta",4,"Median","6",2018,0,1,1
470,"Malta",4,"Median","7",2018,0,1,1
470,"Malta",4,"Median","8",2018,0,1,1
470,"Malta",4,"Median","9",2018,0,0,1
470,"Malta",4,"Median","10",2018,0,0,0
470,"Malta",4,"Median","11",2018,0,0,0
470,"Malta",4,"Median","12",2018,0,0,0
470,"Malta",4,"Median","13",2018,0,0,0
470,"Malta",4,"Median","14",2018,0,0,0
470,"Malta",4,"Median","15",2018,0,0,0
470,"Malta",4,"Median","16",2018,0,0,0
470,"Malta",4,"Median","17",2018,0,0,0
470,"Malta",4,"Median","18",2018,1,0,1
470,"Malta",4,"Median","19",2018,1,0,1
470,"Malta",4,"Median","20",2018,1,0,1
470,"Malta",4,"Median","21",2018,2,0,2
470,"Malta",4,"Median","22",2018,0,1,1
470,"Malta",4,"Median","23",2018,1,1,2
470,"Malta",4,"Median","24",2018,2,1,3
470,"Malta",4,"Median","25",2018,2,2,4
470,"Malta",4,"Median","26",2018,3,0,3
470,"Malta",4,"Median","27",2018,2,1,3
470,"Malta",4,"Median","28",2018,3,1,3
470,"Malta",4,"Median","29",2018,3,1,4
470,"Malta",4,"Median","30",2018,1,2,3
470,"Malta",4,"Median","31",2018,4,1,5
470,"Malta",4,"Median","32",2018,1,1,2
470,"Malta",4,"Median","33",2018,3,3,6
470,"Malta",4,"Median","34",2018,1,3,4
470,"Malta",4,"Median","35",2018,6,4,10
470,"Malta",4,"Median","36",2018,4,1,5
470,"Malta",4,"Median","37",2018,3,4,7
470,"Malta",4,"Median","38",2018,4,2,6
470,"Malta",4,"Median","39",2018,0,1,1
470,"Malta",4,"Median","40",2018,3,1,4
470,"Malta",4,"Median","41",2018,2,4,6
470,"Malta",4,"Median","42",2018,2,4,6
470,"Malta",4,"Median","43",2018,7,6,13
470,"Malta",4,"Median","44",2018,2,2,4
470,"Malta",4,"Median","45",2018,6,1,7
470,"Malta",4,"Median","46",2018,2,1,3
470,"Malta",4,"Median","47",2018,3,2,5
470,"Malta",4,"Median","48",2018,3,5,8
470,"Malta",4,"Median","49",2018,8,6,14
470,"Malta",4,"Median","50",2018,12,4,16
470,"Malta",4,"Median","51",2018,12,7,19
470,"Malta",4,"Median","52",2018,8,6,14
470,"Malta",4,"Median","53",2018,12,4,16
470,"Malta",4,"Median","54",2018,9,7,16
470,"Malta",4,"Median","55",2018,17,8,25
470,"Malta",4,"Median","56",2018,17,7,24
470,"Malta",4,"Median","57",2018,12,12,24
470,"Malta",4,"Median","58",2018,14,14,28
470,"Malta",4,"Median","59",2018,20,9,29
470,"Malta",4,"Median","60",2018,19,15,34
470,"Malta",4,"Median","61",2018,28,13,41
470,"Malta",4,"Median","62",2018,20,21,41
470,"Malta",4,"Median","63",2018,31,22,53
470,"Malta",4,"Median","64",2018,31,10,41
470,"Malta",4,"Median","65",2018,29,17,46
470,"Malta",4,"Median","66",2018,30,21,51
470,"Malta",4,"Median","67",2018,43,21,64
470,"Malta",4,"Median","68",2018,45,18,63
470,"Malta",4,"Median","69",2018,45,30,75
470,"Malta",4,"Median","70",2018,58,21,79
470,"Malta",4,"Median","71",2018,51,41,92
470,"Malta",4,"Median","72",2018,58,34,92
470,"Malta",4,"Median","73",2018,68,45,113
470,"Malta",4,"Median","74",2018,58,31,89
470,"Malta",4,"Median","75",2018,47,33,80
470,"Malta",4,"Median","76",2018,42,30,73
470,"Malta",4,"Median","77",2018,48,37,85
470,"Malta",4,"Median","78",2018,55,43,98
470,"Malta",4,"Median","79",2018,61,48,109
470,"Malta",4,"Median","80",2018,64,52,115
470,"Malta",4,"Median","81",2018,67,54,121
470,"Malta",4,"Median","82",2018,66,56,122
470,"Malta",4,"Median","83",2018,61,56,117
470,"Malta",4,"Median","84",2018,57,57,114
470,"Malta",4,"Median","85",2018,55,59,114
470,"Malta",4,"Median","86",2018,51,59,110
470,"Malta",4,"Median","87",2018,47,58,105
470,"Malta",4,"Median","88",2018,41,54,95
470,"Malta",4,"Median","89",2018,36,47,83
470,"Malta",4,"Median","90",2018,32,41,72
470,"Malta",4,"Median","91",2018,26,36,61
470,"Malta",4,"Median","92",2018,22,30,52
470,"Malta",4,"Median","93",2018,19,25,44
470,"Malta",4,"Median","94",2018,16,22,38
470,"Malta",4,"Median","95",2018,14,20,34
470,"Malta",4,"Median","96",2018,12,20,31
470,"Malta",4,"Median","97",2018,9,19,28
470,"Malta",4,"Median","98",2018,7,17,24
470,"Malta",4,"Median","99",2018,5,15,20
470,"Malta",4,"Median","100",2018,2,6,8
470,"Malta",4,"Median","101",2018,2,6,8
470,"Malta",4,"Median","102",2018,1,5,6
470,"Malta",4,"Median","103",2018,1,5,6
470,"Malta",4,"Median","104",2018,1,4,5
470,"Malta",4,"Median","105",2018,1,4,5
470,"Malta",4,"Median","106",2018,1,3,4
470,"Malta",4,"Median","107",2018,1,3,4
470,"Malta",4,"Median","108",2018,0,3,3
470,"Malta",4,"Median","109",2018,0,2,2
470,"Malta",4,"Median","110",2018,0,2,2
470,"Malta",4,"Median","0",2019,9,19,28
470,"Malta",4,"Median","1",2019,3,0,3
470,"Malta",4,"Median","2",2019,1,1,2
470,"Malta",4,"Median","3",2019,1,0,1
470,"Malta",4,"Median","4",2019,1,0,1
470,"Malta",4,"Median","5",2019,0,0,0
470,"Malta",4,"Median","6",2019,0,1,1
470,"Malta",4,"Median","7",2019,2,1,3
470,"Malta",4,"Median","8",2019,0,1,1
470,"Malta",4,"Median","9",2019,0,0,1
470,"Malta",4,"Median","10",2019,0,2,2
470,"Malta",4,"Median","11",2019,0,0,0
470,"Malta",4,"Median","12",2019,0,0,0
470,"Malta",4,"Median","13",2019,0,1,1
470,"Malta",4,"Median","14",2019,1,0,1
470,"Malta",4,"Median","15",2019,0,1,1
470,"Malta",4,"Median","16",2019,0,0,0
470,"Malta",4,"Median","17",2019,0,0,0
470,"Malta",4,"Median","18",2019,0,0,0
470,"Malta",4,"Median","19",2019,1,1,2
470,"Malta",4,"Median","20",2019,0,0,0
470,"Malta",4,"Median","21",2019,1,0,1
470,"Malta",4,"Median","22",2019,0,1,1
470,"Malta",4,"Median","23",2019,0,1,1
470,"Malta",4,"Median","24",2019,1,1,2
470,"Malta",4,"Median","25",2019,1,0,1
470,"Malta",4,"Median","26",2019,2,1,3
470,"Malta",4,"Median","27",2019,2,1,3
470,"Malta",4,"Median","28",2019,1,1,2
470,"Malta",4,"Median","29",2019,1,3,4
470,"Malta",4,"Median","30",2019,2,0,2
470,"Malta",4,"Median","31",2019,1,1,2
470,"Malta",4,"Median","32",2019,2,1,3
470,"Malta",4,"Median","33",2019,4,6,10
470,"Malta",4,"Median","34",2019,6,1,6
470,"Malta",4,"Median","35",2019,0,2,2
470,"Malta",4,"Median","36",2019,2,1,3
470,"Malta",4,"Median","37",2019,1,2,3
470,"Malta",4,"Median","38",2019,2,1,3
470,"Malta",4,"Median","39",2019,3,1,4
470,"Malta",4,"Median","40",2019,4,2,6
470,"Malta",4,"Median","41",2019,5,5,10
470,"Malta",4,"Median","42",2019,3,1,4
470,"Malta",4,"Median","43",2019,6,4,10
470,"Malta",4,"Median","44",2019,2,1,3
470,"Malta",4,"Median","45",2019,5,2,7
470,"Malta",4,"Median","46",2019,8,2,10
470,"Malta",4,"Median","47",2019,3,5,8
470,"Malta",4,"Median","48",2019,9,3,12
470,"Malta",4,"Median","49",2019,5,10,15
470,"Malta",4,"Median","50",2019,4,6,10
470,"Malta",4,"Median","51",2019,4,6,10
470,"Malta",4,"Median","52",2019,3,4,7
470,"Malta",4,"Median","53",2019,5,9,14
470,"Malta",4,"Median","54",2019,14,2,16
470,"Malta",4,"Median","55",2019,11,6,17
470,"Malta",4,"Median","56",2019,16,6,22
470,"Malta",4,"Median","57",2019,14,7,21
470,"Malta",4,"Median","58",2019,15,13,28
470,"Malta",4,"Median","59",2019,17,13,30
470,"Malta",4,"Median","60",2019,21,8,29
470,"Malta",4,"Median","61",2019,15,13,28
470,"Malta",4,"Median","62",2019,24,9,33
470,"Malta",4,"Median","63",2019,25,14,39
470,"Malta",4,"Median","64",2019,32,15,47
470,"Malta",4,"Median","65",2019,30,17,47
470,"Malta",4,"Median","66",2019,36,24,60
470,"Malta",4,"Median","67",2019,28,18,46
470,"Malta",4,"Median","68",2019,42,18,60
470,"Malta",4,"Median","69",2019,59,32,91
470,"Malta",4,"Median","70",2019,53,43,96
470,"Malta",4,"Median","71",2019,61,30,91
470,"Malta",4,"Median","72",2019,53,29,82
470,"Malta",4,"Median","73",2019,56,37,93
470,"Malta",4,"Median","74",2019,62,47,109
470,"Malta",4,"Median","75",2019,66,44,110
470,"Malta",4,"Median","76",2019,51,35,86
470,"Malta",4,"Median","77",2019,46,33,78
470,"Malta",4,"Median","78",2019,53,39,92
470,"Malta",4,"Median","79",2019,61,46,107
470,"Malta",4,"Median","80",2019,67,52,118
470,"Malta",4,"Median","81",2019,70,56,125
470,"Malta",4,"Median","82",2019,72,58,131
470,"Malta",4,"Median","83",2019,73,61,134
470,"Malta",4,"Median","84",2019,66,61,127
470,"Malta",4,"Median","85",2019,62,62,124
470,"Malta",4,"Median","86",2019,60,64,124
470,"Malta",4,"Median","87",2019,54,63,117
470,"Malta",4,"Median","88",2019,49,61,111
470,"Malta",4,"Median","89",2019,43,57,99
470,"Malta",4,"Median","90",2019,35,49,84
470,"Malta",4,"Median","91",2019,31,41,72
470,"Malta",4,"Median","92",2019,27,35,62
470,"Malta",4,"Median","93",2019,23,29,52
470,"Malta",4,"Median","94",2019,20,25,45
470,"Malta",4,"Median","95",2019,16,23,39
470,"Malta",4,"Median","96",2019,13,22,35
470,"Malta",4,"Median","97",2019,10,21,31
470,"Malta",4,"Median","98",2019,8,19,26
470,"Malta",4,"Median","99",2019,5,16,21
470,"Malta",4,"Median","100",2019,2,8,10
470,"Malta",4,"Median","101",2019,2,7,9
470,"Malta",4,"Median","102",2019,1,6,7
470,"Malta",4,"Median","103",2019,1,6,7
470,"Malta",4,"Median","104",2019,1,5,6
470,"Malta",4,"Median","105",2019,1,4,5
470,"Malta",4,"Median","106",2019,1,4,5
470,"Malta",4,"Median","107",2019,0,4,4
470,"Malta",4,"Median","108",2019,0,3,3
470,"Malta",4,"Median","109",2019,0,3,3
470,"Malta",4,"Median","110",2019,0,2,2
470,"Malta",4,"Median","0",2020,8,9,17
470,"Malta",4,"Median","1",2020,1,1,2
470,"Malta",4,"Median","2",2020,0,0,1
470,"Malta",4,"Median","3",2020,0,0,0
470,"Malta",4,"Median","4",2020,0,0,0
470,"Malta",4,"Median","5",2020,1,0,1
470,"Malta",4,"Median","6",2020,0,1,1
470,"Malta",4,"Median","7",2020,0,1,1
470,"Malta",4,"Median","8",2020,0,1,1
470,"Malta",4,"Median","9",2020,1,1,2
470,"Malta",4,"Median","10",2020,1,0,1
470,"Malta",4,"Median","11",2020,0,0,1
470,"Malta",4,"Median","12",2020,0,0,0
470,"Malta",4,"Median","13",2020,1,1,2
470,"Malta",4,"Median","14",2020,0,0,0
470,"Malta",4,"Median","15",2020,0,1,1
470,"Malta",4,"Median","16",2020,0,0,0
470,"Malta",4,"Median","17",2020,0,0,0
470,"Malta",4,"Median","18",2020,0,0,0
470,"Malta",4,"Median","19",2020,2,2,4
470,"Malta",4,"Median","20",2020,1,1,2
470,"Malta",4,"Median","21",2020,0,1,1
470,"Malta",4,"Median","22",2020,2,1,3
470,"Malta",4,"Median","23",2020,3,1,4
470,"Malta",4,"Median","24",2020,2,1,3
470,"Malta",4,"Median","25",2020,4,0,4
470,"Malta",4,"Median","26",2020,2,1,2
470,"Malta",4,"Median","27",2020,1,1,2
470,"Malta",4,"Median","28",2020,1,1,2
470,"Malta",4,"Median","29",2020,1,1,2
470,"Malta",4,"Median","30",2020,2,0,2
470,"Malta",4,"Median","31",2020,2,1,3
470,"Malta",4,"Median","32",2020,6,1,7
470,"Malta",4,"Median","33",2020,2,2,4
470,"Malta",4,"Median","34",2020,2,2,4
470,"Malta",4,"Median","35",2020,5,4,9
470,"Malta",4,"Median","36",2020,3,1,4
470,"Malta",4,"Median","37",2020,2,2,4
470,"Malta",4,"Median","38",2020,2,1,3
470,"Malta",4,"Median","39",2020,6,2,8
470,"Malta",4,"Median","40",2020,1,2,3
470,"Malta",4,"Median","41",2020,6,2,8
470,"Malta",4,"Median","42",2020,6,3,9
470,"Malta",4,"Median","43",2020,4,2,6
470,"Malta",4,"Median","44",2020,7,3,10
470,"Malta",4,"Median","45",2020,8,4,12
470,"Malta",4,"Median","46",2020,4,5,9
470,"Malta",4,"Median","47",2020,9,4,13
470,"Malta",4,"Median","48",2020,10,3,13
470,"Malta",4,"Median","49",2020,10,4,14
470,"Malta",4,"Median","50",2020,11,4,15
470,"Malta",4,"Median","51",2020,8,3,11
470,"Malta",4,"Median","52",2020,7,2,9
470,"Malta",4,"Median","53",2020,5,10,15
470,"Malta",4,"Median","54",2020,8,4,12
470,"Malta",4,"Median","55",2020,18,10,28
470,"Malta",4,"Median","56",2020,11,11,22
470,"Malta",4,"Median","57",2020,16,8,24
470,"Malta",4,"Median","58",2020,29,7,36
470,"Malta",4,"Median","59",2020,24,5,29
470,"Malta",4,"Median","60",2020,22,11,33
470,"Malta",4,"Median","61",2020,21,18,39
470,"Malta",4,"Median","62",2020,22,18,40
470,"Malta",4,"Median","63",2020,33,22,55
470,"Malta",4,"Median","64",2020,28,14,42
470,"Malta",4,"Median","65",2020,24,19,43
470,"Malta",4,"Median","66",2020,28,17,45
470,"Malta",4,"Median","67",2020,47,22,69
470,"Malta",4,"Median","68",2020,41,18,59
470,"Malta",4,"Median","69",2020,46,23,69
470,"Malta",4,"Median","70",2020,62,29,91
470,"Malta",4,"Median","71",2020,55,37,92
470,"Malta",4,"Median","72",2020,65,41,106
470,"Malta",4,"Median","73",2020,79,37,116
470,"Malta",4,"Median","74",2020,61,48,109
470,"Malta",4,"Median","75",2020,68,52,120
470,"Malta",4,"Median","76",2020,65,51,117
470,"Malta",4,"Median","77",2020,51,41,92
470,"Malta",4,"Median","78",2020,46,39,85
470,"Malta",4,"Median","79",2020,54,47,100
470,"Malta",4,"Median","80",2020,63,55,118
470,"Malta",4,"Median","81",2020,70,61,131
470,"Malta",4,"Median","82",2020,73,66,139
470,"Malta",4,"Median","83",2020,76,69,146
470,"Malta",4,"Median","84",2020,77,72,149
470,"Malta",4,"Median","85",2020,71,72,142
470,"Malta",4,"Median","86",2020,67,72,139
470,"Malta",4,"Median","87",2020,64,74,138
470,"Malta",4,"Median","88",2020,58,73,130
470,"Malta",4,"Median","89",2020,53,70,123
470,"Malta",4,"Median","90",2020,46,62,108
470,"Malta",4,"Median","91",2020,39,52,92
470,"Malta",4,"Median","92",2020,34,45,79
470,"Malta",4,"Median","93",2020,29,38,67
470,"Malta",4,"Median","94",2020,24,33,57
470,"Malta",4,"Median","95",2020,19,29,49
470,"Malta",4,"Median","96",2020,15,27,42
470,"Malta",4,"Median","97",2020,11,24,35
470,"Malta",4,"Median","98",2020,8,20,28
470,"Malta",4,"Median","99",2020,4,17,21
470,"Malta",4,"Median","100",2020,2,9,11
470,"Malta",4,"Median","101",2020,2,8,10
470,"Malta",4,"Median","102",2020,1,7,8
470,"Malta",4,"Median","103",2020,1,6,7
470,"Malta",4,"Median","104",2020,1,5,6
470,"Malta",4,"Median","105",2020,1,5,6
470,"Malta",4,"Median","106",2020,0,4,4
470,"Malta",4,"Median","107",2020,0,4,4
470,"Malta",4,"Median","108",2020,0,3,3
470,"Malta",4,"Median","109",2020,0,3,3
470,"Malta",4,"Median","110",2020,0,2,2
470,"Malta",4,"Median","0",2021,6,11,17
470,"Malta",4,"Median","1",2021,0,1,1
470,"Malta",4,"Median","2",2021,0,0,1
470,"Malta",4,"Median","3",2021,0,0,0
470,"Malta",4,"Median","4",2021,0,0,0
470,"Malta",4,"Median","5",2021,0,1,1
470,"Malta",4,"Median","6",2021,0,1,1
470,"Malta",4,"Median","7",2021,1,1,2
470,"Malta",4,"Median","8",2021,0,1,1
470,"Malta",4,"Median","9",2021,0,1,1
470,"Malta",4,"Median","10",2021,0,0,0
470,"Malta",4,"Median","11",2021,0,0,1
470,"Malta",4,"Median","12",2021,1,0,1
470,"Malta",4,"Median","13",2021,0,1,1
470,"Malta",4,"Median","14",2021,2,0,2
470,"Malta",4,"Median","15",2021,0,1,1
470,"Malta",4,"Median","16",2021,0,0,0
470,"Malta",4,"Median","17",2021,0,0,0
470,"Malta",4,"Median","18",2021,1,0,1
470,"Malta",4,"Median","19",2021,2,1,3
470,"Malta",4,"Median","20",2021,4,0,4
470,"Malta",4,"Median","21",2021,3,0,4
470,"Malta",4,"Median","22",2021,0,1,1
470,"Malta",4,"Median","23",2021,1,1,2
470,"Malta",4,"Median","24",2021,0,1,1
470,"Malta",4,"Median","25",2021,2,0,2
470,"Malta",4,"Median","26",2021,0,0,1
470,"Malta",4,"Median","27",2021,2,1,3
470,"Malta",4,"Median","28",2021,0,1,1
470,"Malta",4,"Median","29",2021,0,1,1
470,"Malta",4,"Median","30",2021,3,1,4
470,"Malta",4,"Median","31",2021,4,1,5
470,"Malta",4,"Median","32",2021,1,1,2
470,"Malta",4,"Median","33",2021,1,3,4
470,"Malta",4,"Median","34",2021,2,1,3
470,"Malta",4,"Median","35",2021,0,3,3
470,"Malta",4,"Median","36",2021,3,2,5
470,"Malta",4,"Median","37",2021,3,1,4
470,"Malta",4,"Median","38",2021,3,2,5
470,"Malta",4,"Median","39",2021,5,1,6
470,"Malta",4,"Median","40",2021,9,2,11
470,"Malta",4,"Median","41",2021,3,2,5
470,"Malta",4,"Median","42",2021,7,5,12
470,"Malta",4,"Median","43",2021,2,1,3
470,"Malta",4,"Median","44",2021,9,3,12
470,"Malta",4,"Median","45",2021,7,1,8
470,"Malta",4,"Median","46",2021,10,4,14
470,"Malta",4,"Median","47",2021,10,5,15
470,"Malta",4,"Median","48",2021,7,2,9
470,"Malta",4,"Median","49",2021,3,9,12
470,"Malta",4,"Median","50",2021,8,5,13
470,"Malta",4,"Median","51",2021,5,3,8
470,"Malta",4,"Median","52",2021,5,1,6
470,"Malta",4,"Median","53",2021,12,4,16
470,"Malta",4,"Median","54",2021,17,10,27
470,"Malta",4,"Median","55",2021,16,7,23
470,"Malta",4,"Median","56",2021,21,6,27
470,"Malta",4,"Median","57",2021,11,8,19
470,"Malta",4,"Median","58",2021,23,5,28
470,"Malta",4,"Median","59",2021,18,12,30
470,"Malta",4,"Median","60",2021,21,13,34
470,"Malta",4,"Median","61",2021,17,17,34
470,"Malta",4,"Median","62",2021,25,14,39
470,"Malta",4,"Median","63",2021,41,31,72
470,"Malta",4,"Median","64",2021,32,13,45
470,"Malta",4,"Median","65",2021,31,15,46
470,"Malta",4,"Median","66",2021,37,16,53
470,"Malta",4,"Median","67",2021,31,19,50
470,"Malta",4,"Median","68",2021,36,30,66
470,"Malta",4,"Median","69",2021,47,34,81
470,"Malta",4,"Median","70",2021,39,33,72
470,"Malta",4,"Median","71",2021,55,37,92
470,"Malta",4,"Median","72",2021,64,32,96
470,"Malta",4,"Median","73",2021,75,40,115
470,"Malta",4,"Median","74",2021,79,66,144
470,"Malta",4,"Median","75",2021,80,68,148
470,"Malta",4,"Median","76",2021,87,72,158
470,"Malta",4,"Median","77",2021,80,68,148
470,"Malta",4,"Median","78",2021,60,54,113
470,"Malta",4,"Median","79",2021,54,50,104
470,"Malta",4,"Median","80",2021,59,58,117
470,"Malta",4,"Median","81",2021,66,66,132
470,"Malta",4,"Median","82",2021,70,72,142
470,"Malta",4,"Median","83",2021,71,76,147
470,"Malta",4,"Median","84",2021,71,77,149
470,"Malta",4,"Median","85",2021,69,78,146
470,"Malta",4,"Median","86",2021,62,75,137
470,"Malta",4,"Median","87",2021,57,74,130
470,"Malta",4,"Median","88",2021,52,74,126
470,"Malta",4,"Median","89",2021,45,68,114
470,"Malta",4,"Median","90",2021,39,61,100
470,"Malta",4,"Median","91",2021,31,52,83
470,"Malta",4,"Median","92",2021,25,42,67
470,"Malta",4,"Median","93",2021,20,35,55
470,"Malta",4,"Median","94",2021,17,30,47
470,"Malta",4,"Median","95",2021,14,27,41
470,"Malta",4,"Median","96",2021,12,24,37
470,"Malta",4,"Median","97",2021,10,22,32
470,"Malta",4,"Median","98",2021,8,19,27
470,"Malta",4,"Median","99",2021,6,16,21
470,"Malta",4,"Median","100",2021,2,8,10
470,"Malta",4,"Median","101",2021,1,7,8
470,"Malta",4,"Median","102",2021,1,6,7
470,"Malta",4,"Median","103",2021,1,5,6
470,"Malta",4,"Median","104",2021,1,4,5
470,"Malta",4,"Median","105",2021,1,4,5
470,"Malta",4,"Median","106",2021,0,3,3
470,"Malta",4,"Median","107",2021,0,3,3
470,"Malta",4,"Median","108",2021,0,2,2
470,"Malta",4,"Median","109",2021,0,2,2
470,"Malta",4,"Median","110",2021,0,2,2
470,"Malta",4,"Median","0",2022,9,19,28
470,"Malta",4,"Median","1",2022,3,0,3
470,"Malta",4,"Median","2",2022,1,1,2
470,"Malta",4,"Median","3",2022,1,1,2
470,"Malta",4,"Median","4",2022,1,1,2
470,"Malta",4,"Median","5",2022,0,0,0
470,"Malta",4,"Median","6",2022,0,1,1
470,"Malta",4,"Median","7",2022,2,1,3
470,"Malta",4,"Median","8",2022,0,1,1
470,"Malta",4,"Median","9",2022,0,0,1
470,"Malta",4,"Median","10",2022,0,1,1
470,"Malta",4,"Median","11",2022,0,0,0
470,"Malta",4,"Median","12",2022,0,0,0
470,"Malta",4,"Median","13",2022,0,0,1
470,"Malta",4,"Median","14",2022,1,0,1
470,"Malta",4,"Median","15",2022,0,0,1
470,"Malta",4,"Median","16",2022,0,0,0
470,"Malta",4,"Median","17",2022,0,0,0
470,"Malta",4,"Median","18",2022,0,0,0
470,"Malta",4,"Median","19",2022,1,0,2
470,"Malta",4,"Median","20",2022,1,0,1
470,"Malta",4,"Median","21",2022,2,0,2
470,"Malta",4,"Median","22",2022,1,1,2
470,"Malta",4,"Median","23",2022,1,1,2
470,"Malta",4,"Median","24",2022,2,0,2
470,"Malta",4,"Median","25",2022,1,0,1
470,"Malta",4,"Median","26",2022,2,1,2
470,"Malta",4,"Median","27",2022,2,0,2
470,"Malta",4,"Median","28",2022,1,0,1
470,"Malta",4,"Median","29",2022,1,2,3
470,"Malta",4,"Median","30",2022,2,0,2
470,"Malta",4,"Median","31",2022,1,1,2
470,"Malta",4,"Median","32",2022,2,1,4
470,"Malta",4,"Median","33",2022,5,7,12
470,"Malta",4,"Median","34",2022,7,1,8
470,"Malta",4,"Median","35",2022,1,2,3
470,"Malta",4,"Median","36",2022,3,1,4
470,"Malta",4,"Median","37",2022,2,2,4
470,"Malta",4,"Median","38",2022,3,1,5
470,"Malta",4,"Median","39",2022,5,1,6
470,"Malta",4,"Median","40",2022,6,3,9
470,"Malta",4,"Median","41",2022,8,6,14
470,"Malta",4,"Median","42",2022,5,2,7
470,"Malta",4,"Median","43",2022,8,5,13
470,"Malta",4,"Median","44",2022,4,1,5
470,"Malta",4,"Median","45",2022,7,2,10
470,"Malta",4,"Median","46",2022,11,2,13
470,"Malta",4,"Median","47",2022,5,5,10
470,"Malta",4,"Median","48",2022,11,3,14
470,"Malta",4,"Median","49",2022,7,11,19
470,"Malta",4,"Median","50",2022,6,7,13
470,"Malta",4,"Median","51",2022,7,6,13
470,"Malta",4,"Median","52",2022,6,4,10
470,"Malta",4,"Median","53",2022,8,9,17
470,"Malta",4,"Median","54",2022,16,2,19
470,"Malta",4,"Median","55",2022,13,5,19
470,"Malta",4,"Median","56",2022,18,5,23
470,"Malta",4,"Median","57",2022,16,6,22
470,"Malta",4,"Median","58",2022,17,12,28
470,"Malta",4,"Median","59",2022,19,13,32
470,"Malta",4,"Median","60",2022,24,10,34
470,"Malta",4,"Median","61",2022,17,16,33
470,"Malta",4,"Median","62",2022,25,13,38
470,"Malta",4,"Median","63",2022,26,18,44
470,"Malta",4,"Median","64",2022,34,18,52
470,"Malta",4,"Median","65",2022,33,19,52
470,"Malta",4,"Median","66",2022,39,25,64
470,"Malta",4,"Median","67",2022,30,18,48
470,"Malta",4,"Median","68",2022,41,18,59
470,"Malta",4,"Median","69",2022,57,31,88
470,"Malta",4,"Median","70",2022,53,42,95
470,"Malta",4,"Median","71",2022,64,31,95
470,"Malta",4,"Median","72",2022,60,32,92
470,"Malta",4,"Median","73",2022,65,43,108
470,"Malta",4,"Median","74",2022,72,58,129
470,"Malta",4,"Median","75",2022,82,59,142
470,"Malta",4,"Median","76",2022,83,62,145
470,"Malta",4,"Median","77",2022,89,65,154
470,"Malta",4,"Median","78",2022,83,61,145
470,"Malta",4,"Median","79",2022,64,48,112
470,"Malta",4,"Median","80",2022,59,45,104
470,"Malta",4,"Median","81",2022,67,51,118
470,"Malta",4,"Median","82",2022,74,58,133
470,"Malta",4,"Median","83",2022,78,64,142
470,"Malta",4,"Median","84",2022,78,68,146
470,"Malta",4,"Median","85",2022,77,69,146
470,"Malta",4,"Median","86",2022,72,70,142
470,"Malta",4,"Median","87",2022,65,68,133
470,"Malta",4,"Median","88",2022,59,67,126
470,"Malta",4,"Median","89",2022,54,67,121
470,"Malta",4,"Median","90",2022,47,63,110
470,"Malta",4,"Median","91",2022,40,57,97
470,"Malta",4,"Median","92",2022,32,48,80
470,"Malta",4,"Median","93",2022,25,39,64
470,"Malta",4,"Median","94",2022,20,33,53
470,"Malta",4,"Median","95",2022,16,28,45
470,"Malta",4,"Median","96",2022,14,25,39
470,"Malta",4,"Median","97",2022,12,23,34
470,"Malta",4,"Median","98",2022,9,21,30
470,"Malta",4,"Median","99",2022,7,18,25
470,"Malta",4,"Median","100",2022,2,9,11
470,"Malta",4,"Median","101",2022,2,8,10
470,"Malta",4,"Median","102",2022,2,7,9
470,"Malta",4,"Median","103",2022,1,6,7
470,"Malta",4,"Median","104",2022,1,5,6
470,"Malta",4,"Median","105",2022,1,5,6
470,"Malta",4,"Median","106",2022,1,4,5
470,"Malta",4,"Median","107",2022,1,3,4
470,"Malta",4,"Median","108",2022,0,3,3
470,"Malta",4,"Median","109",2022,0,3,3
470,"Malta",4,"Median","110",2022,0,2,2
470,"Malta",4,"Median","0",2023,8,18,26
470,"Malta",4,"Median","1",2023,3,0,3
470,"Malta",4,"Median","2",2023,1,1,2
470,"Malta",4,"Median","3",2023,1,0,1
470,"Malta",4,"Median","4",2023,1,0,1
470,"Malta",4,"Median","5",2023,0,0,0
470,"Malta",4,"Median","6",2023,0,1,1
470,"Malta",4,"Median","7",2023,2,1,3
470,"Malta",4,"Median","8",2023,0,1,1
470,"Malta",4,"Median","9",2023,0,0,0
470,"Malta",4,"Median","10",2023,0,1,1
470,"Malta",4,"Median","11",2023,0,1,1
470,"Malta",4,"Median","12",2023,0,0,0
470,"Malta",4,"Median","13",2023,0,1,1
470,"Malta",4,"Median","14",2023,1,0,2
470,"Malta",4,"Median","15",2023,0,1,1
470,"Malta",4,"Median","16",2023,0,0,0
470,"Malta",4,"Median","17",2023,0,0,0
470,"Malta",4,"Median","18",2023,0,0,0
470,"Malta",4,"Median","19",2023,1,1,1
470,"Malta",4,"Median","20",2023,0,0,0
470,"Malta",4,"Median","21",2023,1,0,1
470,"Malta",4,"Median","22",2023,0,1,1
470,"Malta",4,"Median","23",2023,0,1,1
470,"Malta",4,"Median","24",2023,1,1,1
470,"Malta",4,"Median","25",2023,1,0,1
470,"Malta",4,"Median","26",2023,2,1,2
470,"Malta",4,"Median","27",2023,2,1,2
470,"Malta",4,"Median","28",2023,1,1,1
470,"Malta",4,"Median","29",2023,1,2,3
470,"Malta",4,"Median","30",2023,2,0,2
470,"Malta",4,"Median","31",2023,1,1,2
470,"Malta",4,"Median","32",2023,2,1,3
470,"Malta",4,"Median","33",2023,5,7,12
470,"Malta",4,"Median","34",2023,7,1,7
470,"Malta",4,"Median","35",2023,0,2,3
470,"Malta",4,"Median","36",2023,2,1,3
470,"Malta",4,"Median","37",2023,1,2,3
470,"Malta",4,"Median","38",2023,2,1,3
470,"Malta",4,"Median","39",2023,4,1,4
470,"Malta",4,"Median","40",2023,5,2,7
470,"Malta",4,"Median","41",2023,6,6,12
470,"Malta",4,"Median","42",2023,3,1,4
470,"Malta",4,"Median","43",2023,7,4,11
470,"Malta",4,"Median","44",2023,2,1,3
470,"Malta",4,"Median","45",2023,6,2,8
470,"Malta",4,"Median","46",2023,10,2,12
470,"Malta",4,"Median","47",2023,3,6,9
470,"Malta",4,"Median","48",2023,11,3,14
470,"Malta",4,"Median","49",2023,6,12,18
470,"Malta",4,"Median","50",2023,5,7,11
470,"Malta",4,"Median","51",2023,5,7,11
470,"Malta",4,"Median","52",2023,3,4,8
470,"Malta",4,"Median","53",2023,5,9,14
470,"Malta",4,"Median","54",2023,14,2,16
470,"Malta",4,"Median","55",2023,11,6,16
470,"Malta",4,"Median","56",2023,15,5,20
470,"Malta",4,"Median","57",2023,12,6,18
470,"Malta",4,"Median","58",2023,13,11,24
470,"Malta",4,"Median","59",2023,16,11,27
470,"Malta",4,"Median","60",2023,20,7,27
470,"Malta",4,"Median","61",2023,15,12,26
470,"Malta",4,"Median","62",2023,23,9,32
470,"Malta",4,"Median","63",2023,25,14,39
470,"Malta",4,"Median","64",2023,32,15,47
470,"Malta",4,"Median","65",2023,31,17,48
470,"Malta",4,"Median","66",2023,38,24,62
470,"Malta",4,"Median","67",2023,29,18,47
470,"Malta",4,"Median","68",2023,41,17,57
470,"Malta",4,"Median","69",2023,54,29,83
470,"Malta",4,"Median","70",2023,47,38,84
470,"Malta",4,"Median","71",2023,53,26,79
470,"Malta",4,"Median","72",2023,49,26,74
470,"Malta",4,"Median","73",2023,56,35,91
470,"Malta",4,"Median","74",2023,65,48,113
470,"Malta",4,"Median","75",2023,79,51,130
470,"Malta",4,"Median","76",2023,84,56,139
470,"Malta",4,"Median","77",2023,86,58,144
470,"Malta",4,"Median","78",2023,92,62,154
470,"Malta",4,"Median","79",2023,85,59,144
470,"Malta",4,"Median","80",2023,64,47,111
470,"Malta",4,"Median","81",2023,57,44,102
470,"Malta",4,"Median","82",2023,63,51,114
470,"Malta",4,"Median","83",2023,70,59,129
470,"Malta",4,"Median","84",2023,74,65,138
470,"Malta",4,"Median","85",2023,74,68,143
470,"Malta",4,"Median","86",2023,74,69,143
470,"Malta",4,"Median","87",2023,70,70,140
470,"Malta",4,"Median","88",2023,62,68,130
470,"Malta",4,"Median","89",2023,56,66,122
470,"Malta",4,"Median","90",2023,50,66,116
470,"Malta",4,"Median","91",2023,43,60,103
470,"Malta",4,"Median","92",2023,36,53,89
470,"Malta",4,"Median","93",2023,28,44,72
470,"Malta",4,"Median","94",2023,21,36,57
470,"Malta",4,"Median","95",2023,16,29,46
470,"Malta",4,"Median","96",2023,13,24,38
470,"Malta",4,"Median","97",2023,11,21,32
470,"Malta",4,"Median","98",2023,9,19,27
470,"Malta",4,"Median","99",2023,7,16,23
470,"Malta",4,"Median","100",2023,3,9,12
470,"Malta",4,"Median","101",2023,2,8,10
470,"Malta",4,"Median","102",2023,2,7,9
470,"Malta",4,"Median","103",2023,1,6,7
470,"Malta",4,"Median","104",2023,1,5,6
470,"Malta",4,"Median","105",2023,1,4,5
470,"Malta",4,"Median","106",2023,1,3,4
470,"Malta",4,"Median","107",2023,1,3,4
470,"Malta",4,"Median","108",2023,0,2,2
470,"Malta",4,"Median","109",2023,0,2,2
470,"Malta",4,"Median","110",2023,0,2,2
470,"Malta",4,"Median","0",2024,9,10,19
470,"Malta",4,"Median","1",2024,1,0,1
470,"Malta",4,"Median","2",2024,0,1,1
470,"Malta",4,"Median","3",2024,0,0,1
470,"Malta",4,"Median","4",2024,0,0,0
470,"Malta",4,"Median","5",2024,0,0,0
470,"Malta",4,"Median","6",2024,0,1,1
470,"Malta",4,"Median","7",2024,0,1,1
470,"Malta",4,"Median","8",2024,0,1,1
470,"Malta",4,"Median","9",2024,0,0,0
470,"Malta",4,"Median","10",2024,0,0,0
470,"Malta",4,"Median","11",2024,0,0,1
470,"Malta",4,"Median","12",2024,0,1,1
470,"Malta",4,"Median","13",2024,0,1,1
470,"Malta",4,"Median","14",2024,1,1,1
470,"Malta",4,"Median","15",2024,0,1,1
470,"Malta",4,"Median","16",2024,0,1,1
470,"Malta",4,"Median","17",2024,0,0,1
470,"Malta",4,"Median","18",2024,1,0,1
470,"Malta",4,"Median","19",2024,1,1,1
470,"Malta",4,"Median","20",2024,1,0,1
470,"Malta",4,"Median","21",2024,1,0,1
470,"Malta",4,"Median","22",2024,1,1,2
470,"Malta",4,"Median","23",2024,1,1,2
470,"Malta",4,"Median","24",2024,1,1,1
470,"Malta",4,"Median","25",2024,1,0,1
470,"Malta",4,"Median","26",2024,1,0,2
470,"Malta",4,"Median","27",2024,2,1,3
470,"Malta",4,"Median","28",2024,1,1,2
470,"Malta",4,"Median","29",2024,1,1,2
470,"Malta",4,"Median","30",2024,2,1,3
470,"Malta",4,"Median","31",2024,3,1,4
470,"Malta",4,"Median","32",2024,3,2,4
470,"Malta",4,"Median","33",2024,3,3,6
470,"Malta",4,"Median","34",2024,4,2,6
470,"Malta",4,"Median","35",2024,4,1,5
470,"Malta",4,"Median","36",2024,3,2,5
470,"Malta",4,"Median","37",2024,3,2,5
470,"Malta",4,"Median","38",2024,4,2,7
470,"Malta",4,"Median","39",2024,4,2,6
470,"Malta",4,"Median","40",2024,4,2,6
470,"Malta",4,"Median","41",2024,5,3,8
470,"Malta",4,"Median","42",2024,5,3,8
470,"Malta",4,"Median","43",2024,4,3,8
470,"Malta",4,"Median","44",2024,6,3,8
470,"Malta",4,"Median","45",2024,7,2,10
470,"Malta",4,"Median","46",2024,7,3,10
470,"Malta",4,"Median","47",2024,6,4,10
470,"Malta",4,"Median","48",2024,6,5,11
470,"Malta",4,"Median","49",2024,8,6,14
470,"Malta",4,"Median","50",2024,9,6,15
470,"Malta",4,"Median","51",2024,8,5,13
470,"Malta",4,"Median","52",2024,8,5,13
470,"Malta",4,"Median","53",2024,10,5,15
470,"Malta",4,"Median","54",2024,11,6,17
470,"Malta",4,"Median","55",2024,13,7,19
470,"Malta",4,"Median","56",2024,13,7,20
470,"Malta",4,"Median","57",2024,13,8,20
470,"Malta",4,"Median","58",2024,14,8,22
470,"Malta",4,"Median","59",2024,17,9,26
470,"Malta",4,"Median","60",2024,18,10,28
470,"Malta",4,"Median","61",2024,19,13,31
470,"Malta",4,"Median","62",2024,23,15,38
470,"Malta",4,"Median","63",2024,27,16,43
470,"Malta",4,"Median","64",2024,29,17,46
470,"Malta",4,"Median","65",2024,30,20,49
470,"Malta",4,"Median","66",2024,32,21,52
470,"Malta",4,"Median","67",2024,34,19,53
470,"Malta",4,"Median","68",2024,40,21,61
470,"Malta",4,"Median","69",2024,44,25,69
470,"Malta",4,"Median","70",2024,44,28,72
470,"Malta",4,"Median","71",2024,47,30,77
470,"Malta",4,"Median","72",2024,51,33,84
470,"Malta",4,"Median","73",2024,55,37,93
470,"Malta",4,"Median","74",2024,63,44,107
470,"Malta",4,"Median","75",2024,74,53,128
470,"Malta",4,"Median","76",2024,82,62,143
470,"Malta",4,"Median","77",2024,85,66,151
470,"Malta",4,"Median","78",2024,87,68,156
470,"Malta",4,"Median","79",2024,94,73,167
470,"Malta",4,"Median","80",2024,86,68,154
470,"Malta",4,"Median","81",2024,64,54,118
470,"Malta",4,"Median","82",2024,58,51,108
470,"Malta",4,"Median","83",2024,63,58,121
470,"Malta",4,"Median","84",2024,69,66,135
470,"Malta",4,"Median","85",2024,72,72,144
470,"Malta",4,"Median","86",2024,72,76,148
470,"Malta",4,"Median","87",2024,71,76,147
470,"Malta",4,"Median","88",2024,66,76,142
470,"Malta",4,"Median","89",2024,58,72,130
470,"Malta",4,"Median","90",2024,51,70,121
470,"Malta",4,"Median","91",2024,45,69,114
470,"Malta",4,"Median","92",2024,38,62,100
470,"Malta",4,"Median","93",2024,31,54,85
470,"Malta",4,"Median","94",2024,24,44,68
470,"Malta",4,"Median","95",2024,18,35,53
470,"Malta",4,"Median","96",2024,14,28,42
470,"Malta",4,"Median","97",2024,11,23,34
470,"Malta",4,"Median","98",2024,8,20,28
470,"Malta",4,"Median","99",2024,7,17,24
470,"Malta",4,"Median","100",2024,3,10,13
470,"Malta",4,"Median","101",2024,2,8,10
470,"Malta",4,"Median","102",2024,2,7,9
470,"Malta",4,"Median","103",2024,1,6,7
470,"Malta",4,"Median","104",2024,1,5,6
470,"Malta",4,"Median","105",2024,1,4,5
470,"Malta",4,"Median","106",2024,1,4,5
470,"Malta",4,"Median","107",2024,1,3,4
470,"Malta",4,"Median","108",2024,0,3,3
470,"Malta",4,"Median","109",2024,0,2,2
470,"Malta",4,"Median","110",2024,0,2,2
470,"Malta",4,"Median","0",2025,9,10,19
470,"Malta",4,"Median","1",2025,1,0,1
470,"Malta",4,"Median","2",2025,0,1,1
470,"Malta",4,"Median","3",2025,0,0,1
470,"Malta",4,"Median","4",2025,0,0,0
470,"Malta",4,"Median","5",2025,0,0,0
470,"Malta",4,"Median","6",2025,0,0,1
470,"Malta",4,"Median","7",2025,0,1,1
470,"Malta",4,"Median","8",2025,0,1,1
470,"Malta",4,"Median","9",2025,0,0,0
470,"Malta",4,"Median","10",2025,0,0,0
470,"Malta",4,"Median","11",2025,0,0,1
470,"Malta",4,"Median","12",2025,0,1,1
470,"Malta",4,"Median","13",2025,0,1,1
470,"Malta",4,"Median","14",2025,1,1,1
470,"Malta",4,"Median","15",2025,0,1,1
470,"Malta",4,"Median","16",2025,0,1,1
470,"Malta",4,"Median","17",2025,0,0,1
470,"Malta",4,"Median","18",2025,1,0,1
470,"Malta",4,"Median","19",2025,1,1,1
470,"Malta",4,"Median","20",2025,1,0,1
470,"Malta",4,"Median","21",2025,1,0,1
470,"Malta",4,"Median","22",2025,1,1,2
470,"Malta",4,"Median","23",2025,1,1,2
470,"Malta",4,"Median","24",2025,1,1,1
470,"Malta",4,"Median","25",2025,1,0,1
470,"Malta",4,"Median","26",2025,1,0,2
470,"Malta",4,"Median","27",2025,2,1,2
470,"Malta",4,"Median","28",2025,1,1,2
470,"Malta",4,"Median","29",2025,1,1,2
470,"Malta",4,"Median","30",2025,2,1,3
470,"Malta",4,"Median","31",2025,2,1,3
470,"Malta",4,"Median","32",2025,3,2,4
470,"Malta",4,"Median","33",2025,3,3,6
470,"Malta",4,"Median","34",2025,4,2,6
470,"Malta",4,"Median","35",2025,4,1,5
470,"Malta",4,"Median","36",2025,3,2,5
470,"Malta",4,"Median","37",2025,3,2,5
470,"Malta",4,"Median","38",2025,4,2,7
470,"Malta",4,"Median","39",2025,4,2,6
470,"Malta",4,"Median","40",2025,4,2,6
470,"Malta",4,"Median","41",2025,5,3,8
470,"Malta",4,"Median","42",2025,5,3,8
470,"Malta",4,"Median","43",2025,5,3,8
470,"Malta",4,"Median","44",2025,6,3,8
470,"Malta",4,"Median","45",2025,7,3,10
470,"Malta",4,"Median","46",2025,7,3,11
470,"Malta",4,"Median","47",2025,6,4,10
470,"Malta",4,"Median","48",2025,6,5,11
470,"Malta",4,"Median","49",2025,8,6,14
470,"Malta",4,"Median","50",2025,9,6,15
470,"Malta",4,"Median","51",2025,8,5,13
470,"Malta",4,"Median","52",2025,8,5,13
470,"Malta",4,"Median","53",2025,10,5,15
470,"Malta",4,"Median","54",2025,11,6,18
470,"Malta",4,"Median","55",2025,13,7,19
470,"Malta",4,"Median","56",2025,14,7,20
470,"Malta",4,"Median","57",2025,13,8,21
470,"Malta",4,"Median","58",2025,13,8,21
470,"Malta",4,"Median","59",2025,16,9,25
470,"Malta",4,"Median","60",2025,17,10,27
470,"Malta",4,"Median","61",2025,18,12,30
470,"Malta",4,"Median","62",2025,22,14,36
470,"Malta",4,"Median","63",2025,26,15,41
470,"Malta",4,"Median","64",2025,29,17,45
470,"Malta",4,"Median","65",2025,30,19,49
470,"Malta",4,"Median","66",2025,31,21,51
470,"Malta",4,"Median","67",2025,33,19,52
470,"Malta",4,"Median","68",2025,39,21,61
470,"Malta",4,"Median","69",2025,44,26,70
470,"Malta",4,"Median","70",2025,45,28,74
470,"Malta",4,"Median","71",2025,47,30,77
470,"Malta",4,"Median","72",2025,49,33,82
470,"Malta",4,"Median","73",2025,52,36,88
470,"Malta",4,"Median","74",2025,60,42,102
470,"Malta",4,"Median","75",2025,72,52,124
470,"Malta",4,"Median","76",2025,80,59,139
470,"Malta",4,"Median","77",2025,86,66,152
470,"Malta",4,"Median","78",2025,90,71,161
470,"Malta",4,"Median","79",2025,93,74,166
470,"Malta",4,"Median","80",2025,98,77,176
470,"Malta",4,"Median","81",2025,90,73,163
470,"Malta",4,"Median","82",2025,66,58,124
470,"Malta",4,"Median","83",2025,59,54,113
470,"Malta",4,"Median","84",2025,64,61,125
470,"Malta",4,"Median","85",2025,70,69,139
470,"Malta",4,"Median","86",2025,72,75,147
470,"Malta",4,"Median","87",2025,71,78,149
470,"Malta",4,"Median","88",2025,69,78,147
470,"Malta",4,"Median","89",2025,64,77,141
470,"Malta",4,"Median","90",2025,55,73,128
470,"Malta",4,"Median","91",2025,48,70,117
470,"Malta",4,"Median","92",2025,41,67,109
470,"Malta",4,"Median","93",2025,34,60,94
470,"Malta",4,"Median","94",2025,27,51,79
470,"Malta",4,"Median","95",2025,20,41,62
470,"Malta",4,"Median","96",2025,15,32,47
470,"Malta",4,"Median","97",2025,11,25,36
470,"Malta",4,"Median","98",2025,8,20,29
470,"Malta",4,"Median","99",2025,7,17,23
470,"Malta",4,"Median","100",2025,3,10,13
470,"Malta",4,"Median","101",2025,3,9,12
470,"Malta",4,"Median","102",2025,2,7,9
470,"Malta",4,"Median","103",2025,2,6,8
470,"Malta",4,"Median","104",2025,1,5,6
470,"Malta",4,"Median","105",2025,1,4,5
470,"Malta",4,"Median","106",2025,1,4,5
470,"Malta",4,"Median","107",2025,1,3,4
470,"Malta",4,"Median","108",2025,0,3,3
470,"Malta",4,"Median","109",2025,0,2,2
470,"Malta",4,"Median","110",2025,0,2,2
470,"Malta",4,"Median","0",2026,9,10,19
470,"Malta",4,"Median","1",2026,1,0,1
470,"Malta",4,"Median","2",2026,0,1,1
470,"Malta",4,"Median","3",2026,0,0,1
470,"Malta",4,"Median","4",2026,0,0,0
470,"Malta",4,"Median","5",2026,0,0,0
470,"Malta",4,"Median","6",2026,0,0,1
470,"Malta",4,"Median","7",2026,0,1,1
470,"Malta",4,"Median","8",2026,0,1,1
470,"Malta",4,"Median","9",2026,0,0,0
470,"Malta",4,"Median","10",2026,0,0,0
470,"Malta",4,"Median","11",2026,0,0,1
470,"Malta",4,"Median","12",2026,0,1,1
470,"Malta",4,"Median","13",2026,0,1,1
470,"Malta",4,"Median","14",2026,1,1,1
470,"Malta",4,"Median","15",2026,0,1,1
470,"Malta",4,"Median","16",2026,0,1,1
470,"Malta",4,"Median","17",2026,0,0,1
470,"Malta",4,"Median","18",2026,1,1,1
470,"Malta",4,"Median","19",2026,1,1,1
470,"Malta",4,"Median","20",2026,1,0,1
470,"Malta",4,"Median","21",2026,1,0,1
470,"Malta",4,"Median","22",2026,1,1,2
470,"Malta",4,"Median","23",2026,1,1,2
470,"Malta",4,"Median","24",2026,1,1,1
470,"Malta",4,"Median","25",2026,1,0,1
470,"Malta",4,"Median","26",2026,1,0,2
470,"Malta",4,"Median","27",2026,1,1,2
470,"Malta",4,"Median","28",2026,1,1,2
470,"Malta",4,"Median","29",2026,1,1,2
470,"Malta",4,"Median","30",2026,2,1,3
470,"Malta",4,"Median","31",2026,2,1,3
470,"Malta",4,"Median","32",2026,2,1,4
470,"Malta",4,"Median","33",2026,3,3,6
470,"Malta",4,"Median","34",2026,4,2,6
470,"Malta",4,"Median","35",2026,4,1,5
470,"Malta",4,"Median","36",2026,3,2,5
470,"Malta",4,"Median","37",2026,3,2,5
470,"Malta",4,"Median","38",2026,5,2,7
470,"Malta",4,"Median","39",2026,5,2,6
470,"Malta",4,"Median","40",2026,4,2,7
470,"Malta",4,"Median","41",2026,5,3,8
470,"Malta",4,"Median","42",2026,5,3,8
470,"Malta",4,"Median","43",2026,5,3,8
470,"Malta",4,"Median","44",2026,6,3,9
470,"Malta",4,"Median","45",2026,7,3,10
470,"Malta",4,"Median","46",2026,7,3,11
470,"Malta",4,"Median","47",2026,6,4,10
470,"Malta",4,"Median","48",2026,6,5,11
470,"Malta",4,"Median","49",2026,8,6,14
470,"Malta",4,"Median","50",2026,9,6,16
470,"Malta",4,"Median","51",2026,8,5,14
470,"Malta",4,"Median","52",2026,8,5,13
470,"Malta",4,"Median","53",2026,10,6,16
470,"Malta",4,"Median","54",2026,12,7,18
470,"Malta",4,"Median","55",2026,13,7,20
470,"Malta",4,"Median","56",2026,14,7,21
470,"Malta",4,"Median","57",2026,13,8,21
470,"Malta",4,"Median","58",2026,13,8,22
470,"Malta",4,"Median","59",2026,16,8,24
470,"Malta",4,"Median","60",2026,16,10,26
470,"Malta",4,"Median","61",2026,17,12,29
470,"Malta",4,"Median","62",2026,21,13,34
470,"Malta",4,"Median","63",2026,25,15,39
470,"Malta",4,"Median","64",2026,28,16,44
470,"Malta",4,"Median","65",2026,29,19,48
470,"Malta",4,"Median","66",2026,30,20,51
470,"Malta",4,"Median","67",2026,32,19,51
470,"Malta",4,"Median","68",2026,38,21,60
470,"Malta",4,"Median","69",2026,44,26,70
470,"Malta",4,"Median","70",2026,46,29,74
470,"Malta",4,"Median","71",2026,48,31,79
470,"Malta",4,"Median","72",2026,50,33,82
470,"Malta",4,"Median","73",2026,51,35,86
470,"Malta",4,"Median","74",2026,56,40,97
470,"Malta",4,"Median","75",2026,68,50,118
470,"Malta",4,"Median","76",2026,78,57,135
470,"Malta",4,"Median","77",2026,84,63,147
470,"Malta",4,"Median","78",2026,91,71,162
470,"Malta",4,"Median","79",2026,96,77,173
470,"Malta",4,"Median","80",2026,97,79,176
470,"Malta",4,"Median","81",2026,103,83,186
470,"Malta",4,"Median","82",2026,93,78,171
470,"Malta",4,"Median","83",2026,68,61,130
470,"Malta",4,"Median","84",2026,60,57,117
470,"Malta",4,"Median","85",2026,65,64,129
470,"Malta",4,"Median","86",2026,70,72,142
470,"Malta",4,"Median","87",2026,71,78,149
470,"Malta",4,"Median","88",2026,70,80,150
470,"Malta",4,"Median","89",2026,67,79,146
470,"Malta",4,"Median","90",2026,61,77,138
470,"Malta",4,"Median","91",2026,51,72,124
470,"Malta",4,"Median","92",2026,44,68,112
470,"Malta",4,"Median","93",2026,37,65,102
470,"Malta",4,"Median","94",2026,30,57,87
470,"Malta",4,"Median","95",2026,24,48,72
470,"Malta",4,"Median","96",2026,17,38,55
470,"Malta",4,"Median","97",2026,12,29,41
470,"Malta",4,"Median","98",2026,9,22,31
470,"Malta",4,"Median","99",2026,6,18,24
470,"Malta",4,"Median","100",2026,3,10,13
470,"Malta",4,"Median","101",2026,3,9,12
470,"Malta",4,"Median","102",2026,2,7,9
470,"Malta",4,"Median","103",2026,2,6,8
470,"Malta",4,"Median","104",2026,1,5,6
470,"Malta",4,"Median","105",2026,1,4,5
470,"Malta",4,"Median","106",2026,1,4,5
470,"Malta",4,"Median","107",2026,1,3,4
470,"Malta",4,"Median","108",2026,0,3,3
470,"Malta",4,"Median","109",2026,0,2,2
470,"Malta",4,"Median","110",2026,0,2,2
470,"Malta",4,"Median","0",2027,9,9,18
470,"Malta",4,"Median","1",2027,1,0,1
470,"Malta",4,"Median","2",2027,0,1,1
470,"Malta",4,"Median","3",2027,0,0,1
470,"Malta",4,"Median","4",2027,0,0,0
470,"Malta",4,"Median","5",2027,0,0,0
470,"Malta",4,"Median","6",2027,0,0,1
470,"Malta",4,"Median","7",2027,0,1,1
470,"Malta",4,"Median","8",2027,0,1,1
470,"Malta",4,"Median","9",2027,0,0,0
470,"Malta",4,"Median","10",2027,0,0,0
470,"Malta",4,"Median","11",2027,0,0,1
470,"Malta",4,"Median","12",2027,0,1,1
470,"Malta",4,"Median","13",2027,0,1,1
470,"Malta",4,"Median","14",2027,1,1,1
470,"Malta",4,"Median","15",2027,0,1,1
470,"Malta",4,"Median","16",2027,0,1,1
470,"Malta",4,"Median","17",2027,0,0,1
470,"Malta",4,"Median","18",2027,1,1,1
470,"Malta",4,"Median","19",2027,1,1,1
470,"Malta",4,"Median","20",2027,1,0,1
470,"Malta",4,"Median","21",2027,1,0,1
470,"Malta",4,"Median","22",2027,1,1,2
470,"Malta",4,"Median","23",2027,1,1,2
470,"Malta",4,"Median","24",2027,1,1,1
470,"Malta",4,"Median","25",2027,1,0,1
470,"Malta",4,"Median","26",2027,1,0,2
470,"Malta",4,"Median","27",2027,1,1,2
470,"Malta",4,"Median","28",2027,1,1,2
470,"Malta",4,"Median","29",2027,1,1,2
470,"Malta",4,"Median","30",2027,2,1,3
470,"Malta",4,"Median","31",2027,2,1,3
470,"Malta",4,"Median","32",2027,2,1,4
470,"Malta",4,"Median","33",2027,3,2,5
470,"Malta",4,"Median","34",2027,4,2,6
470,"Malta",4,"Median","35",2027,4,1,5
470,"Malta",4,"Median","36",2027,3,2,5
470,"Malta",4,"Median","37",2027,3,2,5
470,"Malta",4,"Median","38",2027,5,2,7
470,"Malta",4,"Median","39",2027,5,2,7
470,"Malta",4,"Median","40",2027,4,2,7
470,"Malta",4,"Median","41",2027,5,3,8
470,"Malta",4,"Median","42",2027,5,3,8
470,"Malta",4,"Median","43",2027,5,3,8
470,"Malta",4,"Median","44",2027,6,3,9
470,"Malta",4,"Median","45",2027,7,3,10
470,"Malta",4,"Median","46",2027,7,3,11
470,"Malta",4,"Median","47",2027,6,4,11
470,"Malta",4,"Median","48",2027,6,5,11
470,"Malta",4,"Median","49",2027,8,6,14
470,"Malta",4,"Median","50",2027,9,6,16
470,"Malta",4,"Median","51",2027,8,5,14
470,"Malta",4,"Median","52",2027,9,5,14
470,"Malta",4,"Median","53",2027,10,6,16
470,"Malta",4,"Median","54",2027,12,7,18
470,"Malta",4,"Median","55",2027,13,7,20
470,"Malta",4,"Median","56",2027,14,7,21
470,"Malta",4,"Median","57",2027,13,7,21
470,"Malta",4,"Median","58",2027,14,8,22
470,"Malta",4,"Median","59",2027,16,9,24
470,"Malta",4,"Median","60",2027,16,9,25
470,"Malta",4,"Median","61",2027,16,11,27
470,"Malta",4,"Median","62",2027,20,13,33
470,"Malta",4,"Median","63",2027,24,14,37
470,"Malta",4,"Median","64",2027,26,15,42
470,"Malta",4,"Median","65",2027,29,18,47
470,"Malta",4,"Median","66",2027,30,20,50
470,"Malta",4,"Median","67",2027,32,19,51
470,"Malta",4,"Median","68",2027,37,21,58
470,"Malta",4,"Median","69",2027,43,26,68
470,"Malta",4,"Median","70",2027,45,29,74
470,"Malta",4,"Median","71",2027,48,31,79
470,"Malta",4,"Median","72",2027,51,33,84
470,"Malta",4,"Median","73",2027,51,35,86
470,"Malta",4,"Median","74",2027,55,39,94
470,"Malta",4,"Median","75",2027,65,48,112
470,"Malta",4,"Median","76",2027,74,55,129
470,"Malta",4,"Median","77",2027,82,61,144
470,"Malta",4,"Median","78",2027,90,68,158
470,"Malta",4,"Median","79",2027,97,77,174
470,"Malta",4,"Median","80",2027,101,82,183
470,"Malta",4,"Median","81",2027,102,84,187
470,"Malta",4,"Median","82",2027,107,88,196
470,"Malta",4,"Median","83",2027,96,83,179
470,"Malta",4,"Median","84",2027,70,65,135
470,"Malta",4,"Median","85",2027,61,59,121
470,"Malta",4,"Median","86",2027,65,67,132
470,"Malta",4,"Median","87",2027,69,75,144
470,"Malta",4,"Median","88",2027,70,80,150
470,"Malta",4,"Median","89",2027,68,82,149
470,"Malta",4,"Median","90",2027,64,80,143
470,"Malta",4,"Median","91",2027,57,77,134
470,"Malta",4,"Median","92",2027,47,71,118
470,"Malta",4,"Median","93",2027,40,66,106
470,"Malta",4,"Median","94",2027,33,62,95
470,"Malta",4,"Median","95",2027,26,54,80
470,"Malta",4,"Median","96",2027,20,44,64
470,"Malta",4,"Median","97",2027,14,34,49
470,"Malta",4,"Median","98",2027,10,26,35
470,"Malta",4,"Median","99",2027,7,19,26
470,"Malta",4,"Median","100",2027,3,10,13
470,"Malta",4,"Median","101",2027,3,9,12
470,"Malta",4,"Median","102",2027,2,7,9
470,"Malta",4,"Median","103",2027,2,6,8
470,"Malta",4,"Median","104",2027,1,5,6
470,"Malta",4,"Median","105",2027,1,5,6
470,"Malta",4,"Median","106",2027,1,4,5
470,"Malta",4,"Median","107",2027,1,3,4
470,"Malta",4,"Median","108",2027,0,3,3
470,"Malta",4,"Median","109",2027,0,3,3
470,"Malta",4,"Median","110",2027,0,2,2
470,"Malta",4,"Median","0",2028,8,9,17
470,"Malta",4,"Median","1",2028,1,0,1
470,"Malta",4,"Median","2",2028,0,1,1
470,"Malta",4,"Median","3",2028,0,0,1
470,"Malta",4,"Median","4",2028,0,0,0
470,"Malta",4,"Median","5",2028,0,0,0
470,"Malta",4,"Median","6",2028,0,0,1
470,"Malta",4,"Median","7",2028,0,1,1
470,"Malta",4,"Median","8",2028,0,0,1
470,"Malta",4,"Median","9",2028,0,0,0
470,"Malta",4,"Median","10",2028,0,0,0
470,"Malta",4,"Median","11",2028,0,0,1
470,"Malta",4,"Median","12",2028,0,1,1
470,"Malta",4,"Median","13",2028,0,1,1
470,"Malta",4,"Median","14",2028,1,0,1
470,"Malta",4,"Median","15",2028,0,1,1
470,"Malta",4,"Median","16",2028,0,1,1
470,"Malta",4,"Median","17",2028,0,0,1
470,"Malta",4,"Median","18",2028,1,1,1
470,"Malta",4,"Median","19",2028,1,1,1
470,"Malta",4,"Median","20",2028,1,0,1
470,"Malta",4,"Median","21",2028,1,0,1
470,"Malta",4,"Median","22",2028,1,1,2
470,"Malta",4,"Median","23",2028,1,1,2
470,"Malta",4,"Median","24",2028,1,1,1
470,"Malta",4,"Median","25",2028,1,0,1
470,"Malta",4,"Median","26",2028,1,0,1
470,"Malta",4,"Median","27",2028,1,1,2
470,"Malta",4,"Median","28",2028,1,1,2
470,"Malta",4,"Median","29",2028,1,1,2
470,"Malta",4,"Median","30",2028,2,1,2
470,"Malta",4,"Median","31",2028,2,1,3
470,"Malta",4,"Median","32",2028,2,1,3
470,"Malta",4,"Median","33",2028,3,2,5
470,"Malta",4,"Median","34",2028,3,2,5
470,"Malta",4,"Median","35",2028,3,1,5
470,"Malta",4,"Median","36",2028,3,2,4
470,"Malta",4,"Median","37",2028,3,2,5
470,"Malta",4,"Median","38",2028,5,2,7
470,"Malta",4,"Median","39",2028,5,2,7
470,"Malta",4,"Median","40",2028,5,2,7
470,"Malta",4,"Median","41",2028,5,3,8
470,"Malta",4,"Median","42",2028,5,3,8
470,"Malta",4,"Median","43",2028,5,3,8
470,"Malta",4,"Median","44",2028,6,3,9
470,"Malta",4,"Median","45",2028,8,3,10
470,"Malta",4,"Median","46",2028,7,4,11
470,"Malta",4,"Median","47",2028,6,4,10
470,"Malta",4,"Median","48",2028,7,5,11
470,"Malta",4,"Median","49",2028,8,6,14
470,"Malta",4,"Median","50",2028,9,6,16
470,"Malta",4,"Median","51",2028,8,5,14
470,"Malta",4,"Median","52",2028,9,5,14
470,"Malta",4,"Median","53",2028,11,6,17
470,"Malta",4,"Median","54",2028,12,7,18
470,"Malta",4,"Median","55",2028,13,7,21
470,"Malta",4,"Median","56",2028,14,7,22
470,"Malta",4,"Median","57",2028,14,8,21
470,"Malta",4,"Median","58",2028,14,8,22
470,"Malta",4,"Median","59",2028,16,8,24
470,"Malta",4,"Median","60",2028,16,9,25
470,"Malta",4,"Median","61",2028,16,11,26
470,"Malta",4,"Median","62",2028,19,12,31
470,"Malta",4,"Median","63",2028,23,13,36
470,"Malta",4,"Median","64",2028,25,15,40
470,"Malta",4,"Median","65",2028,27,17,45
470,"Malta",4,"Median","66",2028,29,19,48
470,"Malta",4,"Median","67",2028,32,18,50
470,"Malta",4,"Median","68",2028,37,21,58
470,"Malta",4,"Median","69",2028,41,25,67
470,"Malta",4,"Median","70",2028,44,29,73
470,"Malta",4,"Median","71",2028,48,31,79
470,"Malta",4,"Median","72",2028,52,33,85
470,"Malta",4,"Median","73",2028,53,35,88
470,"Malta",4,"Median","74",2028,55,39,94
470,"Malta",4,"Median","75",2028,63,47,109
470,"Malta",4,"Median","76",2028,70,53,123
470,"Malta",4,"Median","77",2028,78,59,137
470,"Malta",4,"Median","78",2028,88,66,154
470,"Malta",4,"Median","79",2028,96,74,170
470,"Malta",4,"Median","80",2028,103,82,185
470,"Malta",4,"Median","81",2028,106,88,194
470,"Malta",4,"Median","82",2028,107,90,197
470,"Malta",4,"Median","83",2028,111,94,205
470,"Malta",4,"Median","84",2028,99,87,186
470,"Malta",4,"Median","85",2028,71,68,139
470,"Malta",4,"Median","86",2028,62,62,124
470,"Malta",4,"Median","87",2028,65,69,134
470,"Malta",4,"Median","88",2028,68,77,145
470,"Malta",4,"Median","89",2028,68,81,150
470,"Malta",4,"Median","90",2028,65,82,147
470,"Malta",4,"Median","91",2028,60,79,139
470,"Malta",4,"Median","92",2028,53,76,128
470,"Malta",4,"Median","93",2028,43,69,112
470,"Malta",4,"Median","94",2028,35,63,98
470,"Malta",4,"Median","95",2028,29,58,87
470,"Malta",4,"Median","96",2028,22,49,72
470,"Malta",4,"Median","97",2028,16,40,57
470,"Malta",4,"Median","98",2028,11,30,42
470,"Malta",4,"Median","99",2028,8,22,30
470,"Malta",4,"Median","100",2028,3,10,13
470,"Malta",4,"Median","101",2028,3,9,12
470,"Malta",4,"Median","102",2028,2,8,10
470,"Malta",4,"Median","103",2028,2,7,9
470,"Malta",4,"Median","104",2028,1,6,7
470,"Malta",4,"Median","105",2028,1,5,6
470,"Malta",4,"Median","106",2028,1,4,5
470,"Malta",4,"Median","107",2028,1,4,5
470,"Malta",4,"Median","108",2028,1,3,4
470,"Malta",4,"Median","109",2028,0,3,3
470,"Malta",4,"Median","110",2028,0,2,2
470,"Malta",4,"Median","0",2029,8,9,17
470,"Malta",4,"Median","1",2029,1,0,1
470,"Malta",4,"Median","2",2029,0,1,1
470,"Malta",4,"Median","3",2029,0,0,1
470,"Malta",4,"Median","4",2029,0,0,0
470,"Malta",4,"Median","5",2029,0,0,0
470,"Malta",4,"Median","6",2029,0,0,1
470,"Malta",4,"Median","7",2029,0,1,1
470,"Malta",4,"Median","8",2029,0,0,1
470,"Malta",4,"Median","9",2029,0,0,0
470,"Malta",4,"Median","10",2029,0,0,0
470,"Malta",4,"Median","11",2029,0,0,1
470,"Malta",4,"Median","12",2029,0,1,1
470,"Malta",4,"Median","13",2029,0,1,1
470,"Malta",4,"Median","14",2029,1,0,1
470,"Malta",4,"Median","15",2029,0,1,1
470,"Malta",4,"Median","16",2029,0,1,1
470,"Malta",4,"Median","17",2029,0,0,1
470,"Malta",4,"Median","18",2029,1,1,1
470,"Malta",4,"Median","19",2029,1,1,1
470,"Malta",4,"Median","20",2029,1,0,1
470,"Malta",4,"Median","21",2029,1,0,1
470,"Malta",4,"Median","22",2029,1,1,2
470,"Malta",4,"Median","23",2029,1,1,2
470,"Malta",4,"Median","24",2029,1,1,1
470,"Malta",4,"Median","25",2029,1,0,1
470,"Malta",4,"Median","26",2029,1,0,1
470,"Malta",4,"Median","27",2029,1,1,2
470,"Malta",4,"Median","28",2029,1,1,2
470,"Malta",4,"Median","29",2029,1,1,2
470,"Malta",4,"Median","30",2029,2,1,2
470,"Malta",4,"Median","31",2029,2,1,3
470,"Malta",4,"Median","32",2029,2,1,3
470,"Malta",4,"Median","33",2029,3,2,5
470,"Malta",4,"Median","34",2029,3,2,5
470,"Malta",4,"Median","35",2029,3,1,4
470,"Malta",4,"Median","36",2029,3,1,4
470,"Malta",4,"Median","37",2029,3,2,5
470,"Malta",4,"Median","38",2029,4,2,7
470,"Malta",4,"Median","39",2029,5,2,7
470,"Malta",4,"Median","40",2029,5,2,7
470,"Malta",4,"Median","41",2029,5,3,8
470,"Malta",4,"Median","42",2029,5,3,8
470,"Malta",4,"Median","43",2029,5,3,8
470,"Malta",4,"Median","44",2029,6,3,9
470,"Malta",4,"Median","45",2029,8,3,10
470,"Malta",4,"Median","46",2029,8,4,11
470,"Malta",4,"Median","47",2029,7,4,11
470,"Malta",4,"Median","48",2029,7,5,11
470,"Malta",4,"Median","49",2029,8,6,14
470,"Malta",4,"Median","50",2029,9,6,16
470,"Malta",4,"Median","51",2029,8,5,14
470,"Malta",4,"Median","52",2029,9,5,14
470,"Malta",4,"Median","53",2029,11,6,17
470,"Malta",4,"Median","54",2029,12,7,19
470,"Malta",4,"Median","55",2029,14,7,21
470,"Malta",4,"Median","56",2029,14,7,22
470,"Malta",4,"Median","57",2029,14,8,22
470,"Malta",4,"Median","58",2029,14,8,22
470,"Malta",4,"Median","59",2029,16,8,24
470,"Malta",4,"Median","60",2029,16,9,25
470,"Malta",4,"Median","61",2029,16,11,27
470,"Malta",4,"Median","62",2029,19,12,30
470,"Malta",4,"Median","63",2029,22,13,34
470,"Malta",4,"Median","64",2029,24,14,38
470,"Malta",4,"Median","65",2029,26,16,42
470,"Malta",4,"Median","66",2029,28,18,46
470,"Malta",4,"Median","67",2029,31,17,49
470,"Malta",4,"Median","68",2029,37,20,57
470,"Malta",4,"Median","69",2029,41,25,66
470,"Malta",4,"Median","70",2029,43,28,71
470,"Malta",4,"Median","71",2029,47,31,78
470,"Malta",4,"Median","72",2029,51,33,85
470,"Malta",4,"Median","73",2029,53,35,89
470,"Malta",4,"Median","74",2029,57,40,96
470,"Malta",4,"Median","75",2029,63,46,110
470,"Malta",4,"Median","76",2029,68,51,120
470,"Malta",4,"Median","77",2029,74,56,131
470,"Malta",4,"Median","78",2029,84,64,148
470,"Malta",4,"Median","79",2029,94,72,166
470,"Malta",4,"Median","80",2029,101,79,180
470,"Malta",4,"Median","81",2029,108,88,196
470,"Malta",4,"Median","82",2029,111,94,205
470,"Malta",4,"Median","83",2029,111,96,206
470,"Malta",4,"Median","84",2029,114,99,213
470,"Malta",4,"Median","85",2029,101,92,193
470,"Malta",4,"Median","86",2029,72,71,143
470,"Malta",4,"Median","87",2029,62,64,126
470,"Malta",4,"Median","88",2029,64,71,136
470,"Malta",4,"Median","89",2029,67,78,145
470,"Malta",4,"Median","90",2029,65,82,148
470,"Malta",4,"Median","91",2029,61,82,143
470,"Malta",4,"Median","92",2029,56,78,134
470,"Malta",4,"Median","93",2029,48,74,121
470,"Malta",4,"Median","94",2029,38,66,104
470,"Malta",4,"Median","95",2029,31,59,90
470,"Malta",4,"Median","96",2029,24,54,78
470,"Malta",4,"Median","97",2029,18,45,63
470,"Malta",4,"Median","98",2029,13,36,49
470,"Malta",4,"Median","99",2029,9,26,35
470,"Malta",4,"Median","100",2029,3,10,13
470,"Malta",4,"Median","101",2029,3,9,12
470,"Malta",4,"Median","102",2029,2,8,10
470,"Malta",4,"Median","103",2029,2,7,9
470,"Malta",4,"Median","104",2029,1,6,7
470,"Malta",4,"Median","105",2029,1,6,7
470,"Malta",4,"Median","106",2029,1,5,6
470,"Malta",4,"Median","107",2029,1,4,5
470,"Malta",4,"Median","108",2029,1,4,5
470,"Malta",4,"Median","109",2029,0,3,3
470,"Malta",4,"Median","110",2029,0,3,3
470,"Malta",4,"Median","0",2030,8,8,16
470,"Malta",4,"Median","1",2030,1,0,1
470,"Malta",4,"Median","2",2030,0,1,1
470,"Malta",4,"Median","3",2030,0,0,1
470,"Malta",4,"Median","4",2030,0,0,0
470,"Malta",4,"Median","5",2030,0,0,0
470,"Malta",4,"Median","6",2030,0,0,1
470,"Malta",4,"Median","7",2030,0,0,1
470,"Malta",4,"Median","8",2030,0,0,1
470,"Malta",4,"Median","9",2030,0,0,0
470,"Malta",4,"Median","10",2030,0,0,0
470,"Malta",4,"Median","11",2030,0,0,1
470,"Malta",4,"Median","12",2030,0,1,1
470,"Malta",4,"Median","13",2030,0,1,1
470,"Malta",4,"Median","14",2030,1,0,1
470,"Malta",4,"Median","15",2030,0,1,1
470,"Malta",4,"Median","16",2030,0,1,1
470,"Malta",4,"Median","17",2030,0,0,1
470,"Malta",4,"Median","18",2030,1,1,1
470,"Malta",4,"Median","19",2030,1,1,1
470,"Malta",4,"Median","20",2030,1,0,1
470,"Malta",4,"Median","21",2030,1,0,1
470,"Malta",4,"Median","22",2030,1,1,2
470,"Malta",4,"Median","23",2030,1,1,2
470,"Malta",4,"Median","24",2030,1,1,1
470,"Malta",4,"Median","25",2030,1,0,1
470,"Malta",4,"Median","26",2030,1,0,1
470,"Malta",4,"Median","27",2030,1,1,2
470,"Malta",4,"Median","28",2030,1,1,1
470,"Malta",4,"Median","29",2030,1,1,1
470,"Malta",4,"Median","30",2030,1,1,2
470,"Malta",4,"Median","31",2030,2,1,2
470,"Malta",4,"Median","32",2030,2,1,3
470,"Malta",4,"Median","33",2030,2,2,4
470,"Malta",4,"Median","34",2030,3,2,5
470,"Malta",4,"Median","35",2030,3,1,4
470,"Malta",4,"Median","36",2030,3,1,4
470,"Malta",4,"Median","37",2030,3,2,5
470,"Malta",4,"Median","38",2030,4,2,6
470,"Malta",4,"Median","39",2030,4,2,7
470,"Malta",4,"Median","40",2030,4,2,7
470,"Malta",4,"Median","41",2030,6,3,9
470,"Malta",4,"Median","42",2030,5,3,9
470,"Malta",4,"Median","43",2030,5,3,8
470,"Malta",4,"Median","44",2030,6,3,9
470,"Malta",4,"Median","45",2030,8,3,10
470,"Malta",4,"Median","46",2030,8,4,11
470,"Malta",4,"Median","47",2030,7,4,11
470,"Malta",4,"Median","48",2030,7,5,12
470,"Malta",4,"Median","49",2030,8,6,14
470,"Malta",4,"Median","50",2030,10,6,16
470,"Malta",4,"Median","51",2030,8,6,14
470,"Malta",4,"Median","52",2030,9,5,14
470,"Malta",4,"Median","53",2030,11,6,17
470,"Malta",4,"Median","54",2030,12,7,20
470,"Malta",4,"Median","55",2030,14,7,22
470,"Malta",4,"Median","56",2030,15,8,22
470,"Malta",4,"Median","57",2030,14,8,22
470,"Malta",4,"Median","58",2030,14,8,23
470,"Malta",4,"Median","59",2030,17,9,25
470,"Malta",4,"Median","60",2030,16,9,25
470,"Malta",4,"Median","61",2030,16,11,26
470,"Malta",4,"Median","62",2030,19,12,31
470,"Malta",4,"Median","63",2030,21,12,33
470,"Malta",4,"Median","64",2030,23,13,36
470,"Malta",4,"Median","65",2030,25,16,41
470,"Malta",4,"Median","66",2030,27,17,44
470,"Malta",4,"Median","67",2030,30,17,46
470,"Malta",4,"Median","68",2030,36,19,55
470,"Malta",4,"Median","69",2030,41,24,65
470,"Malta",4,"Median","70",2030,43,28,71
470,"Malta",4,"Median","71",2030,46,31,76
470,"Malta",4,"Median","72",2030,50,33,83
470,"Malta",4,"Median","73",2030,53,36,89
470,"Malta",4,"Median","74",2030,58,40,97
470,"Malta",4,"Median","75",2030,65,47,112
470,"Malta",4,"Median","76",2030,69,51,120
470,"Malta",4,"Median","77",2030,72,55,127
470,"Malta",4,"Median","78",2030,80,61,141
470,"Malta",4,"Median","79",2030,90,69,159
470,"Malta",4,"Median","80",2030,99,77,176
470,"Malta",4,"Median","81",2030,107,85,192
470,"Malta",4,"Median","82",2030,113,94,208
470,"Malta",4,"Median","83",2030,116,100,216
470,"Malta",4,"Median","84",2030,114,101,215
470,"Malta",4,"Median","85",2030,117,105,221
470,"Malta",4,"Median","86",2030,102,96,198
470,"Malta",4,"Median","87",2030,72,74,146
470,"Malta",4,"Median","88",2030,61,66,128
470,"Malta",4,"Median","89",2030,63,73,136
470,"Malta",4,"Median","90",2030,64,79,143
470,"Malta",4,"Median","91",2030,62,82,144
470,"Malta",4,"Median","92",2030,57,81,138
470,"Malta",4,"Median","93",2030,51,76,127
470,"Malta",4,"Median","94",2030,43,70,113
470,"Malta",4,"Median","95",2030,33,62,95
470,"Malta",4,"Median","96",2030,26,55,81
470,"Malta",4,"Median","97",2030,20,49,69
470,"Malta",4,"Median","98",2030,15,40,55
470,"Malta",4,"Median","99",2030,10,31,41
470,"Malta",4,"Median","100",2030,4,10,14
470,"Malta",4,"Median","101",2030,3,9,12
470,"Malta",4,"Median","102",2030,2,8,10
470,"Malta",4,"Median","103",2030,2,8,10
470,"Malta",4,"Median","104",2030,2,7,9
470,"Malta",4,"Median","105",2030,1,6,7
470,"Malta",4,"Median","106",2030,1,6,7
470,"Malta",4,"Median","107",2030,1,5,6
470,"Malta",4,"Median","108",2030,1,5,6
470,"Malta",4,"Median","109",2030,1,4,5
470,"Malta",4,"Median","110",2030,0,4,4
470,"Malta",4,"Median","0",2031,7,8,15
470,"Malta",4,"Median","1",2031,1,0,1
470,"Malta",4,"Median","2",2031,0,1,1
470,"Malta",4,"Median","3",2031,0,0,1
470,"Malta",4,"Median","4",2031,0,0,0
470,"Malta",4,"Median","5",2031,0,0,0
470,"Malta",4,"Median","6",2031,0,0,1
470,"Malta",4,"Median","7",2031,0,0,1
470,"Malta",4,"Median","8",2031,0,0,1
470,"Malta",4,"Median","9",2031,0,0,0
470,"Malta",4,"Median","10",2031,0,0,0
470,"Malta",4,"Median","11",2031,0,0,1
470,"Malta",4,"Median","12",2031,0,0,1
470,"Malta",4,"Median","13",2031,0,1,1
470,"Malta",4,"Median","14",2031,1,0,1
470,"Malta",4,"Median","15",2031,0,1,1
470,"Malta",4,"Median","16",2031,0,1,1
470,"Malta",4,"Median","17",2031,0,0,1
470,"Malta",4,"Median","18",2031,1,0,1
470,"Malta",4,"Median","19",2031,1,1,1
470,"Malta",4,"Median","20",2031,1,0,1
470,"Malta",4,"Median","21",2031,1,0,1
470,"Malta",4,"Median","22",2031,1,1,2
470,"Malta",4,"Median","23",2031,1,1,2
470,"Malta",4,"Median","24",2031,1,1,1
470,"Malta",4,"Median","25",2031,1,0,1
470,"Malta",4,"Median","26",2031,1,0,1
470,"Malta",4,"Median","27",2031,1,1,2
470,"Malta",4,"Median","28",2031,1,1,1
470,"Malta",4,"Median","29",2031,1,1,1
470,"Malta",4,"Median","30",2031,1,1,2
470,"Malta",4,"Median","31",2031,2,1,2
470,"Malta",4,"Median","32",2031,2,1,3
470,"Malta",4,"Median","33",2031,2,2,4
470,"Malta",4,"Median","34",2031,3,1,4
470,"Malta",4,"Median","35",2031,3,1,4
470,"Malta",4,"Median","36",2031,2,1,4
470,"Malta",4,"Median","37",2031,3,2,5
470,"Malta",4,"Median","38",2031,4,2,6
470,"Malta",4,"Median","39",2031,4,2,6
470,"Malta",4,"Median","40",2031,4,2,7
470,"Malta",4,"Median","41",2031,5,3,9
470,"Malta",4,"Median","42",2031,5,4,9
470,"Malta",4,"Median","43",2031,5,3,8
470,"Malta",4,"Median","44",2031,6,3,9
470,"Malta",4,"Median","45",2031,8,3,10
470,"Malta",4,"Median","46",2031,7,3,11
470,"Malta",4,"Median","47",2031,7,4,11
470,"Malta",4,"Median","48",2031,7,5,12
470,"Malta",4,"Median","49",2031,9,6,15
470,"Malta",4,"Median","50",2031,10,6,16
470,"Malta",4,"Median","51",2031,9,6,14
470,"Malta",4,"Median","52",2031,9,5,15
470,"Malta",4,"Median","53",2031,11,6,17
470,"Malta",4,"Median","54",2031,12,7,20
470,"Malta",4,"Median","55",2031,14,8,22
470,"Malta",4,"Median","56",2031,15,8,23
470,"Malta",4,"Median","57",2031,14,8,22
470,"Malta",4,"Median","58",2031,14,9,23
470,"Malta",4,"Median","59",2031,17,9,26
470,"Malta",4,"Median","60",2031,16,9,26
470,"Malta",4,"Median","61",2031,16,10,27
470,"Malta",4,"Median","62",2031,19,12,31
470,"Malta",4,"Median","63",2031,21,12,33
470,"Malta",4,"Median","64",2031,22,13,35
470,"Malta",4,"Median","65",2031,24,15,39
470,"Malta",4,"Median","66",2031,26,17,42
470,"Malta",4,"Median","67",2031,28,16,44
470,"Malta",4,"Median","68",2031,34,19,53
470,"Malta",4,"Median","69",2031,40,23,63
470,"Malta",4,"Median","70",2031,43,27,70
470,"Malta",4,"Median","71",2031,46,30,76
470,"Malta",4,"Median","72",2031,49,33,81
470,"Malta",4,"Median","73",2031,52,35,87
470,"Malta",4,"Median","74",2031,57,40,98
470,"Malta",4,"Median","75",2031,66,47,113
470,"Malta",4,"Median","76",2031,71,52,123
470,"Malta",4,"Median","77",2031,73,55,128
470,"Malta",4,"Median","78",2031,78,60,137
470,"Malta",4,"Median","79",2031,85,66,151
470,"Malta",4,"Median","80",2031,95,74,169
470,"Malta",4,"Median","81",2031,105,83,188
470,"Malta",4,"Median","82",2031,112,91,203
470,"Malta",4,"Median","83",2031,118,101,218
470,"Malta",4,"Median","84",2031,119,106,225
470,"Malta",4,"Median","85",2031,116,107,223
470,"Malta",4,"Median","86",2031,118,109,228
470,"Malta",4,"Median","87",2031,103,100,202
470,"Malta",4,"Median","88",2031,72,76,148
470,"Malta",4,"Median","89",2031,60,68,128
470,"Malta",4,"Median","90",2031,60,74,134
470,"Malta",4,"Median","91",2031,61,79,140
470,"Malta",4,"Median","92",2031,58,81,139
470,"Malta",4,"Median","93",2031,52,79,131
470,"Malta",4,"Median","94",2031,45,73,118
470,"Malta",4,"Median","95",2031,37,66,104
470,"Malta",4,"Median","96",2031,29,58,86
470,"Malta",4,"Median","97",2031,22,50,72
470,"Malta",4,"Median","98",2031,16,44,60
470,"Malta",4,"Median","99",2031,12,35,46
470,"Malta",4,"Median","100",2031,4,11,15
470,"Malta",4,"Median","101",2031,3,10,13
470,"Malta",4,"Median","102",2031,3,9,12
470,"Malta",4,"Median","103",2031,2,8,10
470,"Malta",4,"Median","104",2031,2,8,10
470,"Malta",4,"Median","105",2031,2,7,9
470,"Malta",4,"Median","106",2031,1,7,8
470,"Malta",4,"Median","107",2031,1,6,7
470,"Malta",4,"Median","108",2031,1,5,6
470,"Malta",4,"Median","109",2031,1,5,6
470,"Malta",4,"Median","110",2031,1,5,6
470,"Malta",4,"Median","0",2032,7,8,15
470,"Malta",4,"Median","1",2032,1,0,1
470,"Malta",4,"Median","2",2032,0,0,1
470,"Malta",4,"Median","3",2032,0,0,1
470,"Malta",4,"Median","4",2032,0,0,0
470,"Malta",4,"Median","5",2032,0,0,0
470,"Malta",4,"Median","6",2032,0,0,1
470,"Malta",4,"Median","7",2032,0,0,1
470,"Malta",4,"Median","8",2032,0,0,1
470,"Malta",4,"Median","9",2032,0,0,0
470,"Malta",4,"Median","10",2032,0,0,0
470,"Malta",4,"Median","11",2032,0,0,1
470,"Malta",4,"Median","12",2032,0,0,1
470,"Malta",4,"Median","13",2032,0,0,1
470,"Malta",4,"Median","14",2032,1,0,1
470,"Malta",4,"Median","15",2032,0,1,1
470,"Malta",4,"Median","16",2032,0,1,1
470,"Malta",4,"Median","17",2032,0,0,1
470,"Malta",4,"Median","18",2032,1,0,1
470,"Malta",4,"Median","19",2032,1,1,1
470,"Malta",4,"Median","20",2032,1,0,1
470,"Malta",4,"Median","21",2032,1,0,1
470,"Malta",4,"Median","22",2032,1,1,2
470,"Malta",4,"Median","23",2032,1,1,2
470,"Malta",4,"Median","24",2032,1,1,1
470,"Malta",4,"Median","25",2032,1,0,1
470,"Malta",4,"Median","26",2032,1,0,1
470,"Malta",4,"Median","27",2032,1,1,2
470,"Malta",4,"Median","28",2032,1,1,1
470,"Malta",4,"Median","29",2032,1,1,1
470,"Malta",4,"Median","30",2032,1,1,2
470,"Malta",4,"Median","31",2032,1,1,2
470,"Malta",4,"Median","32",2032,2,1,2
470,"Malta",4,"Median","33",2032,2,2,3
470,"Malta",4,"Median","34",2032,2,1,4
470,"Malta",4,"Median","35",2032,3,1,4
470,"Malta",4,"Median","36",2032,2,1,4
470,"Malta",4,"Median","37",2032,3,2,4
470,"Malta",4,"Median","38",2032,4,2,6
470,"Malta",4,"Median","39",2032,4,2,6
470,"Malta",4,"Median","40",2032,4,2,6
470,"Malta",4,"Median","41",2032,5,3,8
470,"Malta",4,"Median","42",2032,5,4,9
470,"Malta",4,"Median","43",2032,5,3,8
470,"Malta",4,"Median","44",2032,6,3,9
470,"Malta",4,"Median","45",2032,8,3,10
470,"Malta",4,"Median","46",2032,8,3,11
470,"Malta",4,"Median","47",2032,7,4,11
470,"Malta",4,"Median","48",2032,7,5,12
470,"Malta",4,"Median","49",2032,9,6,15
470,"Malta",4,"Median","50",2032,10,7,16
470,"Malta",4,"Median","51",2032,9,6,14
470,"Malta",4,"Median","52",2032,9,5,15
470,"Malta",4,"Median","53",2032,11,6,17
470,"Malta",4,"Median","54",2032,13,7,20
470,"Malta",4,"Median","55",2032,14,8,22
470,"Malta",4,"Median","56",2032,16,8,24
470,"Malta",4,"Median","57",2032,15,8,23
470,"Malta",4,"Median","58",2032,15,9,23
470,"Malta",4,"Median","59",2032,17,9,26
470,"Malta",4,"Median","60",2032,17,10,27
470,"Malta",4,"Median","61",2032,17,11,27
470,"Malta",4,"Median","62",2032,19,12,31
470,"Malta",4,"Median","63",2032,21,12,33
470,"Malta",4,"Median","64",2032,22,13,36
470,"Malta",4,"Median","65",2032,23,15,38
470,"Malta",4,"Median","66",2032,25,16,40
470,"Malta",4,"Median","67",2032,27,15,43
470,"Malta",4,"Median","68",2032,33,18,50
470,"Malta",4,"Median","69",2032,38,22,61
470,"Malta",4,"Median","70",2032,41,26,67
470,"Malta",4,"Median","71",2032,46,29,75
470,"Malta",4,"Median","72",2032,49,32,81
470,"Malta",4,"Median","73",2032,50,35,86
470,"Malta",4,"Median","74",2032,56,40,96
470,"Malta",4,"Median","75",2032,66,48,114
470,"Malta",4,"Median","76",2032,72,52,124
470,"Malta",4,"Median","77",2032,76,56,131
470,"Malta",4,"Median","78",2032,79,60,138
470,"Malta",4,"Median","79",2032,83,65,148
470,"Malta",4,"Median","80",2032,90,71,162
470,"Malta",4,"Median","81",2032,100,80,181
470,"Malta",4,"Median","82",2032,110,89,199
470,"Malta",4,"Median","83",2032,117,97,214
470,"Malta",4,"Median","84",2032,122,107,228
470,"Malta",4,"Median","85",2032,122,112,234
470,"Malta",4,"Median","86",2032,119,112,230
470,"Malta",4,"Median","87",2032,119,114,233
470,"Malta",4,"Median","88",2032,102,103,205
470,"Malta",4,"Median","89",2032,70,78,148
470,"Malta",4,"Median","90",2032,58,69,127
470,"Malta",4,"Median","91",2032,58,74,131
470,"Malta",4,"Median","92",2032,57,78,135
470,"Malta",4,"Median","93",2032,53,79,132
470,"Malta",4,"Median","94",2032,47,76,122
470,"Malta",4,"Median","95",2032,40,69,109
470,"Malta",4,"Median","96",2032,32,62,94
470,"Malta",4,"Median","97",2032,24,53,77
470,"Malta",4,"Median","98",2032,18,45,62
470,"Malta",4,"Median","99",2032,13,38,51
470,"Malta",4,"Median","100",2032,4,12,16
470,"Malta",4,"Median","101",2032,4,11,15
470,"Malta",4,"Median","102",2032,3,10,13
470,"Malta",4,"Median","103",2032,3,9,12
470,"Malta",4,"Median","104",2032,2,9,11
470,"Malta",4,"Median","105",2032,2,8,10
470,"Malta",4,"Median","106",2032,2,8,10
470,"Malta",4,"Median","107",2032,1,7,8
470,"Malta",4,"Median","108",2032,1,7,8
470,"Malta",4,"Median","109",2032,1,6,7
470,"Malta",4,"Median","110",2032,1,6,7
470,"Malta",4,"Median","0",2033,7,7,14
470,"Malta",4,"Median","1",2033,1,0,1
470,"Malta",4,"Median","2",2033,0,0,1
470,"Malta",4,"Median","3",2033,0,0,1
470,"Malta",4,"Median","4",2033,0,0,0
470,"Malta",4,"Median","5",2033,0,0,0
470,"Malta",4,"Median","6",2033,0,0,1
470,"Malta",4,"Median","7",2033,0,0,1
470,"Malta",4,"Median","8",2033,0,0,1
470,"Malta",4,"Median","9",2033,0,0,0
470,"Malta",4,"Median","10",2033,0,0,0
470,"Malta",4,"Median","11",2033,0,0,0
470,"Malta",4,"Median","12",2033,0,0,1
470,"Malta",4,"Median","13",2033,0,0,1
470,"Malta",4,"Median","14",2033,0,0,1
470,"Malta",4,"Median","15",2033,0,1,1
470,"Malta",4,"Median","16",2033,0,1,1
470,"Malta",4,"Median","17",2033,0,0,1
470,"Malta",4,"Median","18",2033,1,0,1
470,"Malta",4,"Median","19",2033,1,1,1
470,"Malta",4,"Median","20",2033,1,0,1
470,"Malta",4,"Median","21",2033,1,0,1
470,"Malta",4,"Median","22",2033,1,1,2
470,"Malta",4,"Median","23",2033,1,1,2
470,"Malta",4,"Median","24",2033,1,1,1
470,"Malta",4,"Median","25",2033,1,0,1
470,"Malta",4,"Median","26",2033,1,0,1
470,"Malta",4,"Median","27",2033,1,1,2
470,"Malta",4,"Median","28",2033,1,1,1
470,"Malta",4,"Median","29",2033,1,1,1
470,"Malta",4,"Median","30",2033,1,1,2
470,"Malta",4,"Median","31",2033,1,1,2
470,"Malta",4,"Median","32",2033,1,1,2
470,"Malta",4,"Median","33",2033,2,1,3
470,"Malta",4,"Median","34",2033,2,1,3
470,"Malta",4,"Median","35",2033,2,1,3
470,"Malta",4,"Median","36",2033,2,1,3
470,"Malta",4,"Median","37",2033,2,2,4
470,"Malta",4,"Median","38",2033,4,2,5
470,"Malta",4,"Median","39",2033,4,2,6
470,"Malta",4,"Median","40",2033,4,2,6
470,"Malta",4,"Median","41",2033,5,3,8
470,"Malta",4,"Median","42",2033,5,3,8
470,"Malta",4,"Median","43",2033,5,3,8
470,"Malta",4,"Median","44",2033,6,3,9
470,"Malta",4,"Median","45",2033,8,3,10
470,"Malta",4,"Median","46",2033,8,4,11
470,"Malta",4,"Median","47",2033,7,4,11
470,"Malta",4,"Median","48",2033,7,5,12
470,"Malta",4,"Median","49",2033,9,6,15
470,"Malta",4,"Median","50",2033,10,7,17
470,"Malta",4,"Median","51",2033,9,6,14
470,"Malta",4,"Median","52",2033,9,5,15
470,"Malta",4,"Median","53",2033,11,6,17
470,"Malta",4,"Median","54",2033,13,7,20
470,"Malta",4,"Median","55",2033,15,8,22
470,"Malta",4,"Median","56",2033,16,8,24
470,"Malta",4,"Median","57",2033,15,9,24
470,"Malta",4,"Median","58",2033,16,9,24
470,"Malta",4,"Median","59",2033,17,9,26
470,"Malta",4,"Median","60",2033,17,10,27
470,"Malta",4,"Median","61",2033,17,11,28
470,"Malta",4,"Median","62",2033,20,12,32
470,"Malta",4,"Median","63",2033,21,12,34
470,"Malta",4,"Median","64",2033,23,13,35
470,"Malta",4,"Median","65",2033,23,15,38
470,"Malta",4,"Median","66",2033,24,15,39
470,"Malta",4,"Median","67",2033,26,15,41
470,"Malta",4,"Median","68",2033,32,17,49
470,"Malta",4,"Median","69",2033,37,21,58
470,"Malta",4,"Median","70",2033,40,25,65
470,"Malta",4,"Median","71",2033,44,28,73
470,"Malta",4,"Median","72",2033,49,31,80
470,"Malta",4,"Median","73",2033,51,35,85
470,"Malta",4,"Median","74",2033,55,40,94
470,"Malta",4,"Median","75",2033,65,47,112
470,"Malta",4,"Median","76",2033,72,53,125
470,"Malta",4,"Median","77",2033,77,56,133
470,"Malta",4,"Median","78",2033,81,60,142
470,"Malta",4,"Median","79",2033,84,65,149
470,"Malta",4,"Median","80",2033,88,70,158
470,"Malta",4,"Median","81",2033,96,77,172
470,"Malta",4,"Median","82",2033,106,86,192
470,"Malta",4,"Median","83",2033,115,95,210
470,"Malta",4,"Median","84",2033,121,103,224
470,"Malta",4,"Median","85",2033,125,113,238
470,"Malta",4,"Median","86",2033,125,117,242
470,"Malta",4,"Median","87",2033,120,117,236
470,"Malta",4,"Median","88",2033,119,118,236
470,"Malta",4,"Median","89",2033,100,106,206
470,"Malta",4,"Median","90",2033,68,79,147
470,"Malta",4,"Median","91",2033,55,69,124
470,"Malta",4,"Median","92",2033,54,73,127
470,"Malta",4,"Median","93",2033,52,76,129
470,"Malta",4,"Median","94",2033,48,76,124
470,"Malta",4,"Median","95",2033,41,72,113
470,"Malta",4,"Median","96",2033,34,64,99
470,"Malta",4,"Median","97",2033,27,56,83
470,"Malta",4,"Median","98",2033,20,47,67
470,"Malta",4,"Median","99",2033,14,39,53
470,"Malta",4,"Median","100",2033,5,13,18
470,"Malta",4,"Median","101",2033,4,12,16
470,"Malta",4,"Median","102",2033,3,11,14
470,"Malta",4,"Median","103",2033,3,11,14
470,"Malta",4,"Median","104",2033,2,10,12
470,"Malta",4,"Median","105",2033,2,9,11
470,"Malta",4,"Median","106",2033,2,9,11
470,"Malta",4,"Median","107",2033,2,8,10
470,"Malta",4,"Median","108",2033,1,8,9
470,"Malta",4,"Median","109",2033,1,7,8
470,"Malta",4,"Median","110",2033,1,7,8
470,"Malta",4,"Median","0",2034,6,7,13
470,"Malta",4,"Median","1",2034,1,0,1
470,"Malta",4,"Median","2",2034,0,0,1
470,"Malta",4,"Median","3",2034,0,0,1
470,"Malta",4,"Median","4",2034,0,0,0
470,"Malta",4,"Median","5",2034,0,0,0
470,"Malta",4,"Median","6",2034,0,0,0
470,"Malta",4,"Median","7",2034,0,0,1
470,"Malta",4,"Median","8",2034,0,0,1
470,"Malta",4,"Median","9",2034,0,0,0
470,"Malta",4,"Median","10",2034,0,0,0
470,"Malta",4,"Median","11",2034,0,0,0
470,"Malta",4,"Median","12",2034,0,0,1
470,"Malta",4,"Median","13",2034,0,0,1
470,"Malta",4,"Median","14",2034,0,0,1
470,"Malta",4,"Median","15",2034,0,1,1
470,"Malta",4,"Median","16",2034,0,1,1
470,"Malta",4,"Median","17",2034,0,0,1
470,"Malta",4,"Median","18",2034,1,0,1
470,"Malta",4,"Median","19",2034,1,1,1
470,"Malta",4,"Median","20",2034,1,0,1
470,"Malta",4,"Median","21",2034,1,0,1
470,"Malta",4,"Median","22",2034,1,1,2
470,"Malta",4,"Median","23",2034,1,1,2
470,"Malta",4,"Median","24",2034,1,1,1
470,"Malta",4,"Median","25",2034,1,0,1
470,"Malta",4,"Median","26",2034,1,0,1
470,"Malta",4,"Median","27",2034,1,1,2
470,"Malta",4,"Median","28",2034,1,1,1
470,"Malta",4,"Median","29",2034,1,1,1
470,"Malta",4,"Median","30",2034,1,1,2
470,"Malta",4,"Median","31",2034,1,1,2
470,"Malta",4,"Median","32",2034,1,1,2
470,"Malta",4,"Median","33",2034,2,1,3
470,"Malta",4,"Median","34",2034,2,1,3
470,"Malta",4,"Median","35",2034,2,1,3
470,"Malta",4,"Median","36",2034,2,1,3
470,"Malta",4,"Median","37",2034,2,1,4
470,"Malta",4,"Median","38",2034,3,2,5
470,"Malta",4,"Median","39",2034,4,2,5
470,"Malta",4,"Median","40",2034,4,2,6
470,"Malta",4,"Median","41",2034,5,3,8
470,"Malta",4,"Median","42",2034,5,3,8
470,"Malta",4,"Median","43",2034,5,3,8
470,"Malta",4,"Median","44",2034,6,3,9
470,"Malta",4,"Median","45",2034,8,3,11
470,"Malta",4,"Median","46",2034,8,4,11
470,"Malta",4,"Median","47",2034,7,4,11
470,"Malta",4,"Median","48",2034,7,5,12
470,"Malta",4,"Median","49",2034,9,6,15
470,"Malta",4,"Median","50",2034,10,6,16
470,"Malta",4,"Median","51",2034,9,6,15
470,"Malta",4,"Median","52",2034,10,5,15
470,"Malta",4,"Median","53",2034,11,6,17
470,"Malta",4,"Median","54",2034,13,7,20
470,"Malta",4,"Median","55",2034,15,8,22
470,"Malta",4,"Median","56",2034,16,8,24
470,"Malta",4,"Median","57",2034,15,9,24
470,"Malta",4,"Median","58",2034,16,9,25
470,"Malta",4,"Median","59",2034,18,9,27
470,"Malta",4,"Median","60",2034,17,10,27
470,"Malta",4,"Median","61",2034,17,11,28
470,"Malta",4,"Median","62",2034,20,12,32
470,"Malta",4,"Median","63",2034,22,12,35
470,"Malta",4,"Median","64",2034,23,13,36
470,"Malta",4,"Median","65",2034,23,15,38
470,"Malta",4,"Median","66",2034,24,16,40
470,"Malta",4,"Median","67",2034,25,14,40
470,"Malta",4,"Median","68",2034,30,16,46
470,"Malta",4,"Median","69",2034,35,20,56
470,"Malta",4,"Median","70",2034,38,24,62
470,"Malta",4,"Median","71",2034,42,27,69
470,"Malta",4,"Median","72",2034,47,30,78
470,"Malta",4,"Median","73",2034,51,33,84
470,"Malta",4,"Median","74",2034,55,39,94
470,"Malta",4,"Median","75",2034,63,47,110
470,"Malta",4,"Median","76",2034,71,52,123
470,"Malta",4,"Median","77",2034,77,56,133
470,"Malta",4,"Median","78",2034,83,61,143
470,"Malta",4,"Median","79",2034,87,66,153
470,"Malta",4,"Median","80",2034,90,70,159
470,"Malta",4,"Median","81",2034,94,75,169
470,"Malta",4,"Median","82",2034,101,82,183
470,"Malta",4,"Median","83",2034,111,92,202
470,"Malta",4,"Median","84",2034,119,100,220
470,"Malta",4,"Median","85",2034,124,109,233
470,"Malta",4,"Median","86",2034,128,118,246
470,"Malta",4,"Median","87",2034,126,122,248
470,"Malta",4,"Median","88",2034,119,121,240
470,"Malta",4,"Median","89",2034,117,121,238
470,"Malta",4,"Median","90",2034,98,107,205
470,"Malta",4,"Median","91",2034,65,79,144
470,"Malta",4,"Median","92",2034,52,68,120
470,"Malta",4,"Median","93",2034,50,71,121
470,"Malta",4,"Median","94",2034,47,73,121
470,"Malta",4,"Median","95",2034,42,72,114
470,"Malta",4,"Median","96",2034,36,67,102
470,"Malta",4,"Median","97",2034,29,59,88
470,"Malta",4,"Median","98",2034,22,51,73
470,"Malta",4,"Median","99",2034,15,41,57
470,"Malta",4,"Median","100",2034,5,15,20
470,"Malta",4,"Median","101",2034,4,14,18
470,"Malta",4,"Median","102",2034,4,13,17
470,"Malta",4,"Median","103",2034,3,12,15
470,"Malta",4,"Median","104",2034,3,11,14
470,"Malta",4,"Median","105",2034,2,10,12
470,"Malta",4,"Median","106",2034,2,9,11
470,"Malta",4,"Median","107",2034,2,9,11
470,"Malta",4,"Median","108",2034,1,8,9
470,"Malta",4,"Median","109",2034,1,7,8
470,"Malta",4,"Median","110",2034,1,7,8
470,"Malta",4,"Median","0",2035,6,7,13
470,"Malta",4,"Median","1",2035,1,0,1
470,"Malta",4,"Median","2",2035,0,0,1
470,"Malta",4,"Median","3",2035,0,0,1
470,"Malta",4,"Median","4",2035,0,0,0
470,"Malta",4,"Median","5",2035,0,0,0
470,"Malta",4,"Median","6",2035,0,0,0
470,"Malta",4,"Median","7",2035,0,0,1
470,"Malta",4,"Median","8",2035,0,0,1
470,"Malta",4,"Median","9",2035,0,0,0
470,"Malta",4,"Median","10",2035,0,0,0
470,"Malta",4,"Median","11",2035,0,0,0
470,"Malta",4,"Median","12",2035,0,0,0
470,"Malta",4,"Median","13",2035,0,0,1
470,"Malta",4,"Median","14",2035,0,0,1
470,"Malta",4,"Median","15",2035,0,0,1
470,"Malta",4,"Median","16",2035,0,0,1
470,"Malta",4,"Median","17",2035,0,0,1
470,"Malta",4,"Median","18",2035,1,0,1
470,"Malta",4,"Median","19",2035,1,1,1
470,"Malta",4,"Median","20",2035,1,0,1
470,"Malta",4,"Median","21",2035,1,0,1
470,"Malta",4,"Median","22",2035,1,1,2
470,"Malta",4,"Median","23",2035,1,1,2
470,"Malta",4,"Median","24",2035,1,1,1
470,"Malta",4,"Median","25",2035,1,0,1
470,"Malta",4,"Median","26",2035,1,0,1
470,"Malta",4,"Median","27",2035,1,1,2
470,"Malta",4,"Median","28",2035,1,1,1
470,"Malta",4,"Median","29",2035,1,1,1
470,"Malta",4,"Median","30",2035,1,1,2
470,"Malta",4,"Median","31",2035,1,1,2
470,"Malta",4,"Median","32",2035,1,1,2
470,"Malta",4,"Median","33",2035,2,1,3
470,"Malta",4,"Median","34",2035,2,1,3
470,"Malta",4,"Median","35",2035,2,1,3
470,"Malta",4,"Median","36",2035,2,1,3
470,"Malta",4,"Median","37",2035,2,1,3
470,"Malta",4,"Median","38",2035,3,1,5
470,"Malta",4,"Median","39",2035,4,1,5
470,"Malta",4,"Median","40",2035,4,2,5
470,"Malta",4,"Median","41",2035,5,3,7
470,"Malta",4,"Median","42",2035,5,3,8
470,"Malta",4,"Median","43",2035,5,3,8
470,"Malta",4,"Median","44",2035,6,3,9
470,"Malta",4,"Median","45",2035,8,3,10
470,"Malta",4,"Median","46",2035,8,4,11
470,"Malta",4,"Median","47",2035,7,4,11
470,"Malta",4,"Median","48",2035,7,5,12
470,"Malta",4,"Median","49",2035,9,6,15
470,"Malta",4,"Median","50",2035,10,6,16
470,"Malta",4,"Median","51",2035,9,6,15
470,"Malta",4,"Median","52",2035,10,5,15
470,"Malta",4,"Median","53",2035,11,6,18
470,"Malta",4,"Median","54",2035,13,7,20
470,"Malta",4,"Median","55",2035,15,8,23
470,"Malta",4,"Median","56",2035,16,8,24
470,"Malta",4,"Median","57",2035,15,8,24
470,"Malta",4,"Median","58",2035,16,9,25
470,"Malta",4,"Median","59",2035,18,9,28
470,"Malta",4,"Median","60",2035,18,10,28
470,"Malta",4,"Median","61",2035,17,11,29
470,"Malta",4,"Median","62",2035,20,13,33
470,"Malta",4,"Median","63",2035,23,13,35
470,"Malta",4,"Median","64",2035,23,13,37
470,"Malta",4,"Median","65",2035,24,14,38
470,"Malta",4,"Median","66",2035,24,15,39
470,"Malta",4,"Median","67",2035,25,14,40
470,"Malta",4,"Median","68",2035,29,16,45
470,"Malta",4,"Median","69",2035,34,19,53
470,"Malta",4,"Median","70",2035,37,23,60
470,"Malta",4,"Median","71",2035,41,26,66
470,"Malta",4,"Median","72",2035,45,29,74
470,"Malta",4,"Median","73",2035,49,32,82
470,"Malta",4,"Median","74",2035,55,38,93
470,"Malta",4,"Median","75",2035,63,46,109
470,"Malta",4,"Median","76",2035,69,52,121
470,"Malta",4,"Median","77",2035,75,56,131
470,"Malta",4,"Median","78",2035,83,61,144
470,"Malta",4,"Median","79",2035,89,66,155
470,"Malta",4,"Median","80",2035,93,71,163
470,"Malta",4,"Median","81",2035,95,75,170
470,"Malta",4,"Median","82",2035,99,80,180
470,"Malta",4,"Median","83",2035,106,88,194
470,"Malta",4,"Median","84",2035,115,97,212
470,"Malta",4,"Median","85",2035,123,106,229
470,"Malta",4,"Median","86",2035,127,114,241
470,"Malta",4,"Median","87",2035,129,123,252
470,"Malta",4,"Median","88",2035,126,126,252
470,"Malta",4,"Median","89",2035,118,124,242
470,"Malta",4,"Median","90",2035,114,123,236
470,"Malta",4,"Median","91",2035,93,108,201
470,"Malta",4,"Median","92",2035,61,79,140
470,"Malta",4,"Median","93",2035,48,67,115
470,"Malta",4,"Median","94",2035,45,69,114
470,"Malta",4,"Median","95",2035,42,70,112
470,"Malta",4,"Median","96",2035,36,67,104
470,"Malta",4,"Median","97",2035,30,61,91
470,"Malta",4,"Median","98",2035,24,53,76
470,"Malta",4,"Median","99",2035,18,44,62
470,"Malta",4,"Median","100",2035,6,17,23
470,"Malta",4,"Median","101",2035,5,16,21
470,"Malta",4,"Median","102",2035,4,14,18
470,"Malta",4,"Median","103",2035,4,13,17
470,"Malta",4,"Median","104",2035,3,12,15
470,"Malta",4,"Median","105",2035,2,11,13
470,"Malta",4,"Median","106",2035,2,10,12
470,"Malta",4,"Median","107",2035,2,9,11
470,"Malta",4,"Median","108",2035,1,8,9
470,"Malta",4,"Median","109",2035,1,7,8
470,"Malta",4,"Median","110",2035,1,7,8
470,"Malta",4,"Median","0",2036,6,7,12
470,"Malta",4,"Median","1",2036,1,0,1
470,"Malta",4,"Median","2",2036,0,0,1
470,"Malta",4,"Median","3",2036,0,0,1
470,"Malta",4,"Median","4",2036,0,0,0
470,"Malta",4,"Median","5",2036,0,0,0
470,"Malta",4,"Median","6",2036,0,0,0
470,"Malta",4,"Median","7",2036,0,0,1
470,"Malta",4,"Median","8",2036,0,0,1
470,"Malta",4,"Median","9",2036,0,0,0
470,"Malta",4,"Median","10",2036,0,0,0
470,"Malta",4,"Median","11",2036,0,0,0
470,"Malta",4,"Median","12",2036,0,0,0
470,"Malta",4,"Median","13",2036,0,0,1
470,"Malta",4,"Median","14",2036,0,0,1
470,"Malta",4,"Median","15",2036,0,0,1
470,"Malta",4,"Median","16",2036,0,0,1
470,"Malta",4,"Median","17",2036,0,0,1
470,"Malta",4,"Median","18",2036,1,0,1
470,"Malta",4,"Median","19",2036,1,1,1
470,"Malta",4,"Median","20",2036,1,0,1
470,"Malta",4,"Median","21",2036,1,0,1
470,"Malta",4,"Median","22",2036,1,1,2
470,"Malta",4,"Median","23",2036,1,1,2
470,"Malta",4,"Median","24",2036,1,1,1
470,"Malta",4,"Median","25",2036,1,0,1
470,"Malta",4,"Median","26",2036,1,0,1
470,"Malta",4,"Median","27",2036,1,1,2
470,"Malta",4,"Median","28",2036,1,1,2
470,"Malta",4,"Median","29",2036,1,1,1
470,"Malta",4,"Median","30",2036,1,1,2
470,"Malta",4,"Median","31",2036,1,1,2
470,"Malta",4,"Median","32",2036,1,1,2
470,"Malta",4,"Median","33",2036,2,1,3
470,"Malta",4,"Median","34",2036,2,1,3
470,"Malta",4,"Median","35",2036,2,1,3
470,"Malta",4,"Median","36",2036,2,1,2
470,"Malta",4,"Median","37",2036,2,1,3
470,"Malta",4,"Median","38",2036,3,1,4
470,"Malta",4,"Median","39",2036,3,1,5
470,"Malta",4,"Median","40",2036,3,2,5
470,"Malta",4,"Median","41",2036,4,2,7
470,"Malta",4,"Median","42",2036,4,3,7
470,"Malta",4,"Median","43",2036,4,3,8
470,"Malta",4,"Median","44",2036,6,3,9
470,"Malta",4,"Median","45",2036,8,3,10
470,"Malta",4,"Median","46",2036,8,4,11
470,"Malta",4,"Median","47",2036,7,4,11
470,"Malta",4,"Median","48",2036,7,5,12
470,"Malta",4,"Median","49",2036,9,6,15
470,"Malta",4,"Median","50",2036,10,6,16
470,"Malta",4,"Median","51",2036,9,6,15
470,"Malta",4,"Median","52",2036,10,5,15
470,"Malta",4,"Median","53",2036,12,6,18
470,"Malta",4,"Median","54",2036,13,7,20
470,"Malta",4,"Median","55",2036,15,8,22
470,"Malta",4,"Median","56",2036,16,8,24
470,"Malta",4,"Median","57",2036,15,9,24
470,"Malta",4,"Median","58",2036,16,9,25
470,"Malta",4,"Median","59",2036,18,9,28
470,"Malta",4,"Median","60",2036,18,10,29
470,"Malta",4,"Median","61",2036,18,12,30
470,"Malta",4,"Median","62",2036,20,13,33
470,"Malta",4,"Median","63",2036,23,13,36
470,"Malta",4,"Median","64",2036,24,13,38
470,"Malta",4,"Median","65",2036,24,15,39
470,"Malta",4,"Median","66",2036,25,15,40
470,"Malta",4,"Median","67",2036,26,14,40
470,"Malta",4,"Median","68",2036,29,16,45
470,"Malta",4,"Median","69",2036,33,19,52
470,"Malta",4,"Median","70",2036,35,22,57
470,"Malta",4,"Median","71",2036,39,25,64
470,"Malta",4,"Median","72",2036,44,28,71
470,"Malta",4,"Median","73",2036,47,31,78
470,"Malta",4,"Median","74",2036,53,37,90
470,"Malta",4,"Median","75",2036,63,45,108
470,"Malta",4,"Median","76",2036,69,51,120
470,"Malta",4,"Median","77",2036,73,56,129
470,"Malta",4,"Median","78",2036,81,61,142
470,"Malta",4,"Median","79",2036,89,67,156
470,"Malta",4,"Median","80",2036,95,71,166
470,"Malta",4,"Median","81",2036,99,76,175
470,"Malta",4,"Median","82",2036,101,81,182
470,"Malta",4,"Median","83",2036,104,86,190
470,"Malta",4,"Median","84",2036,110,93,203
470,"Malta",4,"Median","85",2036,119,103,222
470,"Malta",4,"Median","86",2036,126,112,238
470,"Malta",4,"Median","87",2036,129,119,248
470,"Malta",4,"Median","88",2036,130,128,257
470,"Malta",4,"Median","89",2036,125,130,254
470,"Malta",4,"Median","90",2036,115,126,241
470,"Malta",4,"Median","91",2036,109,123,233
470,"Malta",4,"Median","92",2036,88,107,195
470,"Malta",4,"Median","93",2036,57,77,134
470,"Malta",4,"Median","94",2036,44,65,108
470,"Malta",4,"Median","95",2036,40,65,105
470,"Malta",4,"Median","96",2036,36,65,102
470,"Malta",4,"Median","97",2036,31,62,93
470,"Malta",4,"Median","98",2036,25,55,80
470,"Malta",4,"Median","99",2036,19,46,65
470,"Malta",4,"Median","100",2036,7,20,27
470,"Malta",4,"Median","101",2036,6,18,24
470,"Malta",4,"Median","102",2036,5,16,21
470,"Malta",4,"Median","103",2036,4,14,18
470,"Malta",4,"Median","104",2036,3,13,16
470,"Malta",4,"Median","105",2036,3,11,14
470,"Malta",4,"Median","106",2036,2,10,12
470,"Malta",4,"Median","107",2036,2,9,11
470,"Malta",4,"Median","108",2036,1,8,9
470,"Malta",4,"Median","109",2036,1,7,8
470,"Malta",4,"Median","110",2036,1,7,8
470,"Malta",4,"Median","0",2037,6,6,12
470,"Malta",4,"Median","1",2037,1,0,1
470,"Malta",4,"Median","2",2037,0,0,1
470,"Malta",4,"Median","3",2037,0,0,1
470,"Malta",4,"Median","4",2037,0,0,0
470,"Malta",4,"Median","5",2037,0,0,0
470,"Malta",4,"Median","6",2037,0,0,0
470,"Malta",4,"Median","7",2037,0,0,1
470,"Malta",4,"Median","8",2037,0,0,1
470,"Malta",4,"Median","9",2037,0,0,0
470,"Malta",4,"Median","10",2037,0,0,0
470,"Malta",4,"Median","11",2037,0,0,0
470,"Malta",4,"Median","12",2037,0,0,0
470,"Malta",4,"Median","13",2037,0,0,1
470,"Malta",4,"Median","14",2037,0,0,1
470,"Malta",4,"Median","15",2037,0,0,1
470,"Malta",4,"Median","16",2037,0,0,1
470,"Malta",4,"Median","17",2037,0,0,1
470,"Malta",4,"Median","18",2037,1,0,1
470,"Malta",4,"Median","19",2037,1,1,1
470,"Malta",4,"Median","20",2037,1,0,1
470,"Malta",4,"Median","21",2037,1,0,1
470,"Malta",4,"Median","22",2037,1,1,2
470,"Malta",4,"Median","23",2037,1,1,2
470,"Malta",4,"Median","24",2037,1,1,1
470,"Malta",4,"Median","25",2037,1,0,1
470,"Malta",4,"Median","26",2037,1,0,1
470,"Malta",4,"Median","27",2037,1,1,2
470,"Malta",4,"Median","28",2037,1,1,2
470,"Malta",4,"Median","29",2037,1,1,1
470,"Malta",4,"Median","30",2037,1,1,2
470,"Malta",4,"Median","31",2037,1,1,2
470,"Malta",4,"Median","32",2037,1,1,2
470,"Malta",4,"Median","33",2037,2,1,3
470,"Malta",4,"Median","34",2037,2,1,3
470,"Malta",4,"Median","35",2037,2,1,2
470,"Malta",4,"Median","36",2037,1,1,2
470,"Malta",4,"Median","37",2037,2,1,3
470,"Malta",4,"Median","38",2037,3,1,4
470,"Malta",4,"Median","39",2037,3,1,4
470,"Malta",4,"Median","40",2037,3,1,5
470,"Malta",4,"Median","41",2037,4,2,6
470,"Malta",4,"Median","42",2037,4,3,7
470,"Malta",4,"Median","43",2037,4,3,7
470,"Malta",4,"Median","44",2037,6,3,8
470,"Malta",4,"Median","45",2037,7,3,10
470,"Malta",4,"Median","46",2037,7,4,11
470,"Malta",4,"Median","47",2037,7,4,11
470,"Malta",4,"Median","48",2037,7,5,12
470,"Malta",4,"Median","49",2037,9,6,15
470,"Malta",4,"Median","50",2037,10,6,16
470,"Malta",4,"Median","51",2037,9,6,15
470,"Malta",4,"Median","52",2037,10,5,15
470,"Malta",4,"Median","53",2037,12,6,18
470,"Malta",4,"Median","54",2037,13,7,21
470,"Malta",4,"Median","55",2037,15,8,23
470,"Malta",4,"Median","56",2037,16,8,24
470,"Malta",4,"Median","57",2037,16,9,24
470,"Malta",4,"Median","58",2037,16,9,25
470,"Malta",4,"Median","59",2037,19,9,28
470,"Malta",4,"Median","60",2037,18,10,29
470,"Malta",4,"Median","61",2037,19,12,30
470,"Malta",4,"Median","62",2037,22,13,35
470,"Malta",4,"Median","63",2037,23,13,36
470,"Malta",4,"Median","64",2037,24,14,38
470,"Malta",4,"Median","65",2037,25,15,40
470,"Malta",4,"Median","66",2037,25,15,41
470,"Malta",4,"Median","67",2037,26,14,40
470,"Malta",4,"Median","68",2037,30,16,45
470,"Malta",4,"Median","69",2037,33,19,52
470,"Malta",4,"Median","70",2037,34,21,55
470,"Malta",4,"Median","71",2037,37,24,61
470,"Malta",4,"Median","72",2037,42,27,69
470,"Malta",4,"Median","73",2037,45,30,75
470,"Malta",4,"Median","74",2037,51,35,86
470,"Malta",4,"Median","75",2037,62,43,105
470,"Malta",4,"Median","76",2037,69,49,119
470,"Malta",4,"Median","77",2037,74,55,129
470,"Malta",4,"Median","78",2037,79,61,140
470,"Malta",4,"Median","79",2037,87,67,154
470,"Malta",4,"Median","80",2037,95,72,167
470,"Malta",4,"Median","81",2037,101,77,178
470,"Malta",4,"Median","82",2037,105,82,187
470,"Malta",4,"Median","83",2037,106,86,192
470,"Malta",4,"Median","84",2037,108,92,200
470,"Malta",4,"Median","85",2037,114,99,213
470,"Malta",4,"Median","86",2037,122,109,230
470,"Malta",4,"Median","87",2037,128,117,245
470,"Malta",4,"Median","88",2037,130,124,253
470,"Malta",4,"Median","89",2037,128,131,260
470,"Malta",4,"Median","90",2037,122,132,254
470,"Malta",4,"Median","91",2037,111,127,238
470,"Malta",4,"Median","92",2037,103,123,226
470,"Malta",4,"Median","93",2037,82,105,187
470,"Malta",4,"Median","94",2037,52,75,126
470,"Malta",4,"Median","95",2037,39,61,100
470,"Malta",4,"Median","96",2037,35,62,96
470,"Malta",4,"Median","97",2037,31,60,91
470,"Malta",4,"Median","98",2037,25,56,81
470,"Malta",4,"Median","99",2037,20,48,68
470,"Malta",4,"Median","100",2037,8,22,30
470,"Malta",4,"Median","101",2037,7,20,27
470,"Malta",4,"Median","102",2037,5,18,23
470,"Malta",4,"Median","103",2037,4,16,20
470,"Malta",4,"Median","104",2037,4,14,18
470,"Malta",4,"Median","105",2037,3,12,15
470,"Malta",4,"Median","106",2037,2,11,13
470,"Malta",4,"Median","107",2037,2,10,12
470,"Malta",4,"Median","108",2037,1,8,9
470,"Malta",4,"Median","109",2037,1,7,8
470,"Malta",4,"Median","110",2037,1,7,8
470,"Malta",4,"Median","0",2038,6,6,12
470,"Malta",4,"Median","1",2038,1,0,1
470,"Malta",4,"Median","2",2038,0,0,1
470,"Malta",4,"Median","3",2038,0,0,0
470,"Malta",4,"Median","4",2038,0,0,0
470,"Malta",4,"Median","5",2038,0,0,0
470,"Malta",4,"Median","6",2038,0,0,0
470,"Malta",4,"Median","7",2038,0,0,1
470,"Malta",4,"Median","8",2038,0,0,1
470,"Malta",4,"Median","9",2038,0,0,0
470,"Malta",4,"Median","10",2038,0,0,0
470,"Malta",4,"Median","11",2038,0,0,0
470,"Malta",4,"Median","12",2038,0,0,0
470,"Malta",4,"Median","13",2038,0,0,1
470,"Malta",4,"Median","14",2038,0,0,1
470,"Malta",4,"Median","15",2038,0,0,1
470,"Malta",4,"Median","16",2038,0,0,1
470,"Malta",4,"Median","17",2038,0,0,1
470,"Malta",4,"Median","18",2038,1,0,1
470,"Malta",4,"Median","19",2038,1,1,1
470,"Malta",4,"Median","20",2038,1,0,1
470,"Malta",4,"Median","21",2038,1,0,1
470,"Malta",4,"Median","22",2038,1,1,2
470,"Malta",4,"Median","23",2038,1,1,2
470,"Malta",4,"Median","24",2038,1,1,1
470,"Malta",4,"Median","25",2038,1,0,1
470,"Malta",4,"Median","26",2038,1,0,1
470,"Malta",4,"Median","27",2038,1,1,2
470,"Malta",4,"Median","28",2038,1,1,1
470,"Malta",4,"Median","29",2038,1,1,1
470,"Malta",4,"Median","30",2038,1,1,2
470,"Malta",4,"Median","31",2038,1,1,2
470,"Malta",4,"Median","32",2038,1,1,2
470,"Malta",4,"Median","33",2038,1,1,3
470,"Malta",4,"Median","34",2038,2,1,3
470,"Malta",4,"Median","35",2038,2,1,2
470,"Malta",4,"Median","36",2038,1,1,2
470,"Malta",4,"Median","37",2038,2,1,3
470,"Malta",4,"Median","38",2038,2,1,4
470,"Malta",4,"Median","39",2038,3,1,4
470,"Malta",4,"Median","40",2038,3,1,4
470,"Malta",4,"Median","41",2038,4,2,6
470,"Malta",4,"Median","42",2038,4,2,6
470,"Malta",4,"Median","43",2038,4,3,7
470,"Malta",4,"Median","44",2038,5,2,8
470,"Malta",4,"Median","45",2038,7,3,10
470,"Malta",4,"Median","46",2038,7,4,11
470,"Malta",4,"Median","47",2038,7,4,11
470,"Malta",4,"Median","48",2038,7,5,12
470,"Malta",4,"Median","49",2038,9,6,15
470,"Malta",4,"Median","50",2038,10,7,17
470,"Malta",4,"Median","51",2038,9,6,15
470,"Malta",4,"Median","52",2038,10,5,15
470,"Malta",4,"Median","53",2038,12,6,18
470,"Malta",4,"Median","54",2038,13,7,21
470,"Malta",4,"Median","55",2038,15,8,23
470,"Malta",4,"Median","56",2038,16,8,24
470,"Malta",4,"Median","57",2038,16,9,24
470,"Malta",4,"Median","58",2038,16,9,25
470,"Malta",4,"Median","59",2038,19,9,28
470,"Malta",4,"Median","60",2038,19,10,29
470,"Malta",4,"Median","61",2038,19,12,30
470,"Malta",4,"Median","62",2038,22,13,35
470,"Malta",4,"Median","63",2038,24,13,38
470,"Malta",4,"Median","64",2038,25,14,38
470,"Malta",4,"Median","65",2038,25,15,41
470,"Malta",4,"Median","66",2038,26,16,42
470,"Malta",4,"Median","67",2038,27,14,41
470,"Malta",4,"Median","68",2038,30,16,46
470,"Malta",4,"Median","69",2038,33,19,52
470,"Malta",4,"Median","70",2038,34,22,56
470,"Malta",4,"Median","71",2038,36,23,59
470,"Malta",4,"Median","72",2038,40,25,65
470,"Malta",4,"Median","73",2038,44,29,72
470,"Malta",4,"Median","74",2038,49,33,83
470,"Malta",4,"Median","75",2038,59,41,100
470,"Malta",4,"Median","76",2038,67,48,115
470,"Malta",4,"Median","77",2038,74,53,127
470,"Malta",4,"Median","78",2038,80,60,140
470,"Malta",4,"Median","79",2038,86,66,152
470,"Malta",4,"Median","80",2038,93,72,165
470,"Malta",4,"Median","81",2038,101,78,179
470,"Malta",4,"Median","82",2038,107,83,190
470,"Malta",4,"Median","83",2038,110,88,198
470,"Malta",4,"Median","84",2038,110,92,203
470,"Malta",4,"Median","85",2038,112,97,209
470,"Malta",4,"Median","86",2038,117,104,221
470,"Malta",4,"Median","87",2038,124,114,237
470,"Malta",4,"Median","88",2038,129,121,250
470,"Malta",4,"Median","89",2038,129,127,256
470,"Malta",4,"Median","90",2038,126,134,260
470,"Malta",4,"Median","91",2038,117,134,251
470,"Malta",4,"Median","92",2038,105,126,231
470,"Malta",4,"Median","93",2038,96,121,217
470,"Malta",4,"Median","94",2038,75,102,177
470,"Malta",4,"Median","95",2038,46,71,117
470,"Malta",4,"Median","96",2038,34,58,92
470,"Malta",4,"Median","97",2038,30,57,86
470,"Malta",4,"Median","98",2038,26,54,80
470,"Malta",4,"Median","99",2038,20,49,69
470,"Malta",4,"Median","100",2038,9,25,34
470,"Malta",4,"Median","101",2038,8,22,30
470,"Malta",4,"Median","102",2038,6,19,25
470,"Malta",4,"Median","103",2038,5,17,22
470,"Malta",4,"Median","104",2038,4,15,19
470,"Malta",4,"Median","105",2038,3,13,16
470,"Malta",4,"Median","106",2038,2,11,13
470,"Malta",4,"Median","107",2038,2,10,12
470,"Malta",4,"Median","108",2038,2,9,11
470,"Malta",4,"Median","109",2038,1,7,8
470,"Malta",4,"Median","110",2038,1,7,8
470,"Malta",4,"Median","0",2039,5,6,11
470,"Malta",4,"Median","1",2039,1,0,1
470,"Malta",4,"Median","2",2039,0,0,1
470,"Malta",4,"Median","3",2039,0,0,0
470,"Malta",4,"Median","4",2039,0,0,0
470,"Malta",4,"Median","5",2039,0,0,0
470,"Malta",4,"Median","6",2039,0,0,0
470,"Malta",4,"Median","7",2039,0,0,1
470,"Malta",4,"Median","8",2039,0,0,0
470,"Malta",4,"Median","9",2039,0,0,0
470,"Malta",4,"Median","10",2039,0,0,0
470,"Malta",4,"Median","11",2039,0,0,0
470,"Malta",4,"Median","12",2039,0,0,0
470,"Malta",4,"Median","13",2039,0,0,1
470,"Malta",4,"Median","14",2039,0,0,1
470,"Malta",4,"Median","15",2039,0,0,1
470,"Malta",4,"Median","16",2039,0,0,1
470,"Malta",4,"Median","17",2039,0,0,1
470,"Malta",4,"Median","18",2039,1,0,1
470,"Malta",4,"Median","19",2039,1,1,1
470,"Malta",4,"Median","20",2039,1,0,1
470,"Malta",4,"Median","21",2039,1,0,1
470,"Malta",4,"Median","22",2039,1,1,2
470,"Malta",4,"Median","23",2039,1,1,2
470,"Malta",4,"Median","24",2039,1,1,1
470,"Malta",4,"Median","25",2039,1,0,1
470,"Malta",4,"Median","26",2039,1,0,1
470,"Malta",4,"Median","27",2039,1,1,2
470,"Malta",4,"Median","28",2039,1,1,1
470,"Malta",4,"Median","29",2039,1,1,1
470,"Malta",4,"Median","30",2039,1,1,2
470,"Malta",4,"Median","31",2039,1,1,2
470,"Malta",4,"Median","32",2039,1,1,2
470,"Malta",4,"Median","33",2039,2,1,3
470,"Malta",4,"Median","34",2039,2,1,3
470,"Malta",4,"Median","35",2039,2,1,2
470,"Malta",4,"Median","36",2039,1,1,2
470,"Malta",4,"Median","37",2039,1,1,2
470,"Malta",4,"Median","38",2039,2,1,3
470,"Malta",4,"Median","39",2039,2,1,3
470,"Malta",4,"Median","40",2039,3,1,4
470,"Malta",4,"Median","41",2039,3,2,5
470,"Malta",4,"Median","42",2039,4,2,6
470,"Malta",4,"Median","43",2039,4,2,6
470,"Malta",4,"Median","44",2039,5,2,7
470,"Malta",4,"Median","45",2039,7,2,9
470,"Malta",4,"Median","46",2039,7,3,10
470,"Malta",4,"Median","47",2039,7,4,11
470,"Malta",4,"Median","48",2039,7,5,12
470,"Malta",4,"Median","49",2039,9,6,15
470,"Malta",4,"Median","50",2039,10,7,17
470,"Malta",4,"Median","51",2039,9,6,15
470,"Malta",4,"Median","52",2039,10,5,15
470,"Malta",4,"Median","53",2039,12,6,18
470,"Malta",4,"Median","54",2039,13,7,20
470,"Malta",4,"Median","55",2039,15,8,23
470,"Malta",4,"Median","56",2039,17,8,25
470,"Malta",4,"Median","57",2039,16,9,24
470,"Malta",4,"Median","58",2039,16,9,25
470,"Malta",4,"Median","59",2039,19,9,28
470,"Malta",4,"Median","60",2039,19,10,29
470,"Malta",4,"Median","61",2039,19,12,31
470,"Malta",4,"Median","62",2039,22,13,35
470,"Malta",4,"Median","63",2039,25,14,38
470,"Malta",4,"Median","64",2039,26,14,40
470,"Malta",4,"Median","65",2039,26,16,41
470,"Malta",4,"Median","66",2039,26,16,42
470,"Malta",4,"Median","67",2039,28,15,43
470,"Malta",4,"Median","68",2039,31,16,47
470,"Malta",4,"Median","69",2039,34,19,52
470,"Malta",4,"Median","70",2039,34,21,56
470,"Malta",4,"Median","71",2039,37,23,60
470,"Malta",4,"Median","72",2039,39,25,64
470,"Malta",4,"Median","73",2039,42,27,69
470,"Malta",4,"Median","74",2039,48,32,80
470,"Malta",4,"Median","75",2039,57,39,96
470,"Malta",4,"Median","76",2039,65,46,111
470,"Malta",4,"Median","77",2039,72,51,124
470,"Malta",4,"Median","78",2039,80,58,138
470,"Malta",4,"Median","79",2039,86,66,152
470,"Malta",4,"Median","80",2039,91,71,163
470,"Malta",4,"Median","81",2039,100,78,177
470,"Malta",4,"Median","82",2039,108,84,192
470,"Malta",4,"Median","83",2039,113,89,201
470,"Malta",4,"Median","84",2039,115,94,209
470,"Malta",4,"Median","85",2039,114,98,212
470,"Malta",4,"Median","86",2039,115,102,218
470,"Malta",4,"Median","87",2039,119,109,228
470,"Malta",4,"Median","88",2039,125,118,243
470,"Malta",4,"Median","89",2039,128,125,253
470,"Malta",4,"Median","90",2039,126,130,256
470,"Malta",4,"Median","91",2039,122,135,257
470,"Malta",4,"Median","92",2039,112,133,245
470,"Malta",4,"Median","93",2039,98,125,222
470,"Malta",4,"Median","94",2039,88,117,205
470,"Malta",4,"Median","95",2039,67,97,164
470,"Malta",4,"Median","96",2039,40,67,107
470,"Malta",4,"Median","97",2039,29,53,82
470,"Malta",4,"Median","98",2039,24,51,76
470,"Malta",4,"Median","99",2039,20,48,68
470,"Malta",4,"Median","100",2039,10,26,36
470,"Malta",4,"Median","101",2039,8,23,31
470,"Malta",4,"Median","102",2039,6,20,26
470,"Malta",4,"Median","103",2039,5,18,23
470,"Malta",4,"Median","104",2039,4,15,19
470,"Malta",4,"Median","105",2039,3,13,16
470,"Malta",4,"Median","106",2039,3,12,15
470,"Malta",4,"Median","107",2039,2,10,12
470,"Malta",4,"Median","108",2039,2,9,11
470,"Malta",4,"Median","109",2039,1,8,9
470,"Malta",4,"Median","110",2039,1,7,8
470,"Malta",4,"Median","0",2040,5,6,11
470,"Malta",4,"Median","1",2040,1,0,1
470,"Malta",4,"Median","2",2040,0,0,1
470,"Malta",4,"Median","3",2040,0,0,0
470,"Malta",4,"Median","4",2040,0,0,0
470,"Malta",4,"Median","5",2040,0,0,0
470,"Malta",4,"Median","6",2040,0,0,0
470,"Malta",4,"Median","7",2040,0,0,0
470,"Malta",4,"Median","8",2040,0,0,0
470,"Malta",4,"Median","9",2040,0,0,0
470,"Malta",4,"Median","10",2040,0,0,0
470,"Malta",4,"Median","11",2040,0,0,0
470,"Malta",4,"Median","12",2040,0,0,0
470,"Malta",4,"Median","13",2040,0,0,1
470,"Malta",4,"Median","14",2040,0,0,1
470,"Malta",4,"Median","15",2040,0,0,1
470,"Malta",4,"Median","16",2040,0,0,1
470,"Malta",4,"Median","17",2040,0,0,1
470,"Malta",4,"Median","18",2040,1,0,1
470,"Malta",4,"Median","19",2040,1,0,1
470,"Malta",4,"Median","20",2040,1,0,1
470,"Malta",4,"Median","21",2040,1,0,1
470,"Malta",4,"Median","22",2040,1,1,2
470,"Malta",4,"Median","23",2040,1,1,2
470,"Malta",4,"Median","24",2040,1,1,1
470,"Malta",4,"Median","25",2040,1,0,1
470,"Malta",4,"Median","26",2040,1,0,1
470,"Malta",4,"Median","27",2040,1,1,2
470,"Malta",4,"Median","28",2040,1,1,2
470,"Malta",4,"Median","29",2040,1,1,1
470,"Malta",4,"Median","30",2040,1,1,2
470,"Malta",4,"Median","31",2040,1,1,2
470,"Malta",4,"Median","32",2040,1,1,2
470,"Malta",4,"Median","33",2040,1,1,3
470,"Malta",4,"Median","34",2040,2,1,3
470,"Malta",4,"Median","35",2040,2,1,2
470,"Malta",4,"Median","36",2040,1,1,2
470,"Malta",4,"Median","37",2040,1,1,2
470,"Malta",4,"Median","38",2040,2,1,3
470,"Malta",4,"Median","39",2040,2,1,3
470,"Malta",4,"Median","40",2040,2,1,4
470,"Malta",4,"Median","41",2040,3,2,5
470,"Malta",4,"Median","42",2040,3,2,5
470,"Malta",4,"Median","43",2040,3,2,6
470,"Malta",4,"Median","44",2040,5,2,7
470,"Malta",4,"Median","45",2040,6,2,8
470,"Malta",4,"Median","46",2040,7,3,10
470,"Malta",4,"Median","47",2040,6,4,10
470,"Malta",4,"Median","48",2040,7,5,11
470,"Malta",4,"Median","49",2040,9,6,15
470,"Malta",4,"Median","50",2040,10,7,17
470,"Malta",4,"Median","51",2040,9,6,15
470,"Malta",4,"Median","52",2040,10,6,16
470,"Malta",4,"Median","53",2040,12,6,18
470,"Malta",4,"Median","54",2040,13,7,20
470,"Malta",4,"Median","55",2040,15,8,23
470,"Malta",4,"Median","56",2040,17,8,24
470,"Malta",4,"Median","57",2040,16,9,25
470,"Malta",4,"Median","58",2040,16,9,26
470,"Malta",4,"Median","59",2040,19,9,28
470,"Malta",4,"Median","60",2040,19,10,29
470,"Malta",4,"Median","61",2040,19,12,31
470,"Malta",4,"Median","62",2040,22,13,35
470,"Malta",4,"Median","63",2040,25,14,38
470,"Malta",4,"Median","64",2040,26,14,41
470,"Malta",4,"Median","65",2040,27,16,43
470,"Malta",4,"Median","66",2040,27,16,43
470,"Malta",4,"Median","67",2040,28,15,43
470,"Malta",4,"Median","68",2040,32,17,48
470,"Malta",4,"Median","69",2040,35,19,54
470,"Malta",4,"Median","70",2040,35,21,56
470,"Malta",4,"Median","71",2040,37,23,60
470,"Malta",4,"Median","72",2040,39,25,64
470,"Malta",4,"Median","73",2040,41,26,67
470,"Malta",4,"Median","74",2040,46,31,76
470,"Malta",4,"Median","75",2040,55,38,93
470,"Malta",4,"Median","76",2040,62,44,106
470,"Malta",4,"Median","77",2040,69,50,119
470,"Malta",4,"Median","78",2040,78,56,134
470,"Malta",4,"Median","79",2040,86,63,150
470,"Malta",4,"Median","80",2040,92,71,163
470,"Malta",4,"Median","81",2040,98,77,175
470,"Malta",4,"Median","82",2040,106,84,190
470,"Malta",4,"Median","83",2040,113,90,203
470,"Malta",4,"Median","84",2040,118,95,212
470,"Malta",4,"Median","85",2040,119,99,219
470,"Malta",4,"Median","86",2040,118,103,221
470,"Malta",4,"Median","87",2040,118,107,225
470,"Malta",4,"Median","88",2040,120,114,234
470,"Malta",4,"Median","89",2040,124,122,246
470,"Malta",4,"Median","90",2040,126,128,254
470,"Malta",4,"Median","91",2040,122,131,254
470,"Malta",4,"Median","92",2040,116,135,251
470,"Malta",4,"Median","93",2040,104,131,235
470,"Malta",4,"Median","94",2040,89,121,210
470,"Malta",4,"Median","95",2040,79,112,190
470,"Malta",4,"Median","96",2040,59,92,150
470,"Malta",4,"Median","97",2040,35,62,96
470,"Malta",4,"Median","98",2040,24,48,72
470,"Malta",4,"Median","99",2040,20,45,65
470,"Malta",4,"Median","100",2040,10,27,37
470,"Malta",4,"Median","101",2040,8,23,31
470,"Malta",4,"Median","102",2040,7,21,28
470,"Malta",4,"Median","103",2040,5,18,23
470,"Malta",4,"Median","104",2040,4,16,20
470,"Malta",4,"Median","105",2040,3,14,17
470,"Malta",4,"Median","106",2040,3,12,15
470,"Malta",4,"Median","107",2040,2,11,13
470,"Malta",4,"Median","108",2040,2,9,11
470,"Malta",4,"Median","109",2040,1,8,9
470,"Malta",4,"Median","110",2040,1,7,8
470,"Malta",4,"Median","0",2041,5,6,11
470,"Malta",4,"Median","1",2041,1,0,1
470,"Malta",4,"Median","2",2041,0,0,1
470,"Malta",4,"Median","3",2041,0,0,0
470,"Malta",4,"Median","4",2041,0,0,0
470,"Malta",4,"Median","5",2041,0,0,0
470,"Malta",4,"Median","6",2041,0,0,0
470,"Malta",4,"Median","7",2041,0,0,0
470,"Malta",4,"Median","8",2041,0,0,0
470,"Malta",4,"Median","9",2041,0,0,0
470,"Malta",4,"Median","10",2041,0,0,0
470,"Malta",4,"Median","11",2041,0,0,0
470,"Malta",4,"Median","12",2041,0,0,0
470,"Malta",4,"Median","13",2041,0,0,1
470,"Malta",4,"Median","14",2041,0,0,1
470,"Malta",4,"Median","15",2041,0,0,1
470,"Malta",4,"Median","16",2041,0,0,1
470,"Malta",4,"Median","17",2041,0,0,1
470,"Malta",4,"Median","18",2041,1,0,1
470,"Malta",4,"Median","19",2041,1,0,1
470,"Malta",4,"Median","20",2041,1,0,1
470,"Malta",4,"Median","21",2041,1,0,1
470,"Malta",4,"Median","22",2041,1,1,1
470,"Malta",4,"Median","23",2041,1,1,2
470,"Malta",4,"Median","24",2041,1,1,1
470,"Malta",4,"Median","25",2041,1,0,1
470,"Malta",4,"Median","26",2041,1,0,1
470,"Malta",4,"Median","27",2041,1,1,2
470,"Malta",4,"Median","28",2041,1,1,1
470,"Malta",4,"Median","29",2041,1,1,1
470,"Malta",4,"Median","30",2041,1,1,2
470,"Malta",4,"Median","31",2041,1,1,2
470,"Malta",4,"Median","32",2041,1,1,2
470,"Malta",4,"Median","33",2041,2,1,3
470,"Malta",4,"Median","34",2041,2,1,3
470,"Malta",4,"Median","35",2041,2,1,2
470,"Malta",4,"Median","36",2041,1,1,2
470,"Malta",4,"Median","37",2041,1,1,2
470,"Malta",4,"Median","38",2041,2,1,3
470,"Malta",4,"Median","39",2041,2,1,3
470,"Malta",4,"Median","40",2041,2,1,3
470,"Malta",4,"Median","41",2041,3,2,4
470,"Malta",4,"Median","42",2041,3,2,5
470,"Malta",4,"Median","43",2041,3,2,5
470,"Malta",4,"Median","44",2041,4,2,6
470,"Malta",4,"Median","45",2041,6,2,8
470,"Malta",4,"Median","46",2041,6,3,9
470,"Malta",4,"Median","47",2041,6,4,9
470,"Malta",4,"Median","48",2041,6,5,11
470,"Malta",4,"Median","49",2041,9,6,14
470,"Malta",4,"Median","50",2041,10,7,16
470,"Malta",4,"Median","51",2041,9,6,15
470,"Malta",4,"Median","52",2041,10,6,16
470,"Malta",4,"Median","53",2041,12,6,18
470,"Malta",4,"Median","54",2041,13,7,20
470,"Malta",4,"Median","55",2041,15,8,23
470,"Malta",4,"Median","56",2041,16,8,24
470,"Malta",4,"Median","57",2041,16,9,25
470,"Malta",4,"Median","58",2041,17,9,26
470,"Malta",4,"Median","59",2041,19,10,29
470,"Malta",4,"Median","60",2041,19,10,29
470,"Malta",4,"Median","61",2041,19,12,31
470,"Malta",4,"Median","62",2041,22,13,36
470,"Malta",4,"Median","63",2041,25,14,39
470,"Malta",4,"Median","64",2041,26,14,41
470,"Malta",4,"Median","65",2041,27,16,44
470,"Malta",4,"Median","66",2041,28,17,45
470,"Malta",4,"Median","67",2041,28,15,44
470,"Malta",4,"Median","68",2041,32,17,49
470,"Malta",4,"Median","69",2041,36,20,55
470,"Malta",4,"Median","70",2041,36,22,58
470,"Malta",4,"Median","71",2041,38,23,60
470,"Malta",4,"Median","72",2041,40,25,64
470,"Malta",4,"Median","73",2041,41,27,68
470,"Malta",4,"Median","74",2041,44,30,74
470,"Malta",4,"Median","75",2041,52,36,89
470,"Malta",4,"Median","76",2041,60,42,103
470,"Malta",4,"Median","77",2041,67,47,114
470,"Malta",4,"Median","78",2041,75,54,129
470,"Malta",4,"Median","79",2041,85,61,146
470,"Malta",4,"Median","80",2041,92,68,161
470,"Malta",4,"Median","81",2041,99,77,175
470,"Malta",4,"Median","82",2041,104,84,188
470,"Malta",4,"Median","83",2041,112,90,202
470,"Malta",4,"Median","84",2041,119,96,215
470,"Malta",4,"Median","85",2041,122,101,223
470,"Malta",4,"Median","86",2041,123,105,228
470,"Malta",4,"Median","87",2041,121,108,229
470,"Malta",4,"Median","88",2041,119,112,231
470,"Malta",4,"Median","89",2041,120,118,238
470,"Malta",4,"Median","90",2041,122,125,247
470,"Malta",4,"Median","91",2041,122,130,252
470,"Malta",4,"Median","92",2041,117,132,248
470,"Malta",4,"Median","93",2041,108,134,242
470,"Malta",4,"Median","94",2041,95,128,223
470,"Malta",4,"Median","95",2041,80,116,196
470,"Malta",4,"Median","96",2041,69,106,175
470,"Malta",4,"Median","97",2041,50,85,135
470,"Malta",4,"Median","98",2041,29,56,85
470,"Malta",4,"Median","99",2041,19,43,62
470,"Malta",4,"Median","100",2041,10,25,35
470,"Malta",4,"Median","101",2041,8,22,30
470,"Malta",4,"Median","102",2041,7,20,27
470,"Malta",4,"Median","103",2041,5,18,23
470,"Malta",4,"Median","104",2041,4,16,20
470,"Malta",4,"Median","105",2041,4,14,18
470,"Malta",4,"Median","106",2041,3,13,16
470,"Malta",4,"Median","107",2041,2,11,13
470,"Malta",4,"Median","108",2041,2,10,12
470,"Malta",4,"Median","109",2041,2,9,11
470,"Malta",4,"Median","110",2041,1,8,9
470,"Malta",4,"Median","0",2042,5,6,11
470,"Malta",4,"Median","1",2042,1,0,1
470,"Malta",4,"Median","2",2042,0,0,1
470,"Malta",4,"Median","3",2042,0,0,0
470,"Malta",4,"Median","4",2042,0,0,0
470,"Malta",4,"Median","5",2042,0,0,0
470,"Malta",4,"Median","6",2042,0,0,0
470,"Malta",4,"Median","7",2042,0,0,0
470,"Malta",4,"Median","8",2042,0,0,0
470,"Malta",4,"Median","9",2042,0,0,0
470,"Malta",4,"Median","10",2042,0,0,0
470,"Malta",4,"Median","11",2042,0,0,0
470,"Malta",4,"Median","12",2042,0,0,0
470,"Malta",4,"Median","13",2042,0,0,1
470,"Malta",4,"Median","14",2042,0,0,1
470,"Malta",4,"Median","15",2042,0,0,1
470,"Malta",4,"Median","16",2042,0,0,0
470,"Malta",4,"Median","17",2042,0,0,1
470,"Malta",4,"Median","18",2042,1,0,1
470,"Malta",4,"Median","19",2042,1,0,1
470,"Malta",4,"Median","20",2042,1,0,1
470,"Malta",4,"Median","21",2042,1,0,1
470,"Malta",4,"Median","22",2042,1,1,1
470,"Malta",4,"Median","23",2042,1,1,1
470,"Malta",4,"Median","24",2042,1,1,1
470,"Malta",4,"Median","25",2042,1,0,1
470,"Malta",4,"Median","26",2042,1,0,1
470,"Malta",4,"Median","27",2042,1,1,2
470,"Malta",4,"Median","28",2042,1,1,1
470,"Malta",4,"Median","29",2042,1,1,1
470,"Malta",4,"Median","30",2042,1,1,2
470,"Malta",4,"Median","31",2042,1,1,2
470,"Malta",4,"Median","32",2042,1,1,2
470,"Malta",4,"Median","33",2042,1,1,3
470,"Malta",4,"Median","34",2042,2,1,3
470,"Malta",4,"Median","35",2042,2,1,2
470,"Malta",4,"Median","36",2042,1,1,2
470,"Malta",4,"Median","37",2042,1,1,2
470,"Malta",4,"Median","38",2042,2,1,3
470,"Malta",4,"Median","39",2042,2,1,3
470,"Malta",4,"Median","40",2042,2,1,3
470,"Malta",4,"Median","41",2042,3,1,4
470,"Malta",4,"Median","42",2042,3,2,4
470,"Malta",4,"Median","43",2042,3,2,5
470,"Malta",4,"Median","44",2042,4,2,6
470,"Malta",4,"Median","45",2042,5,2,7
470,"Malta",4,"Median","46",2042,6,3,8
470,"Malta",4,"Median","47",2042,6,3,9
470,"Malta",4,"Median","48",2042,6,4,10
470,"Malta",4,"Median","49",2042,8,6,14
470,"Malta",4,"Median","50",2042,10,6,16
470,"Malta",4,"Median","51",2042,9,6,15
470,"Malta",4,"Median","52",2042,10,6,16
470,"Malta",4,"Median","53",2042,12,6,19
470,"Malta",4,"Median","54",2042,13,7,21
470,"Malta",4,"Median","55",2042,15,8,23
470,"Malta",4,"Median","56",2042,16,8,24
470,"Malta",4,"Median","57",2042,16,9,24
470,"Malta",4,"Median","58",2042,17,9,26
470,"Malta",4,"Median","59",2042,20,10,29
470,"Malta",4,"Median","60",2042,19,11,30
470,"Malta",4,"Median","61",2042,19,12,31
470,"Malta",4,"Median","62",2042,23,13,36
470,"Malta",4,"Median","63",2042,25,14,39
470,"Malta",4,"Median","64",2042,27,14,41
470,"Malta",4,"Median","65",2042,27,16,44
470,"Malta",4,"Median","66",2042,28,17,46
470,"Malta",4,"Median","67",2042,30,16,46
470,"Malta",4,"Median","68",2042,33,17,50
470,"Malta",4,"Median","69",2042,36,20,56
470,"Malta",4,"Median","70",2042,37,22,59
470,"Malta",4,"Median","71",2042,39,23,62
470,"Malta",4,"Median","72",2042,40,24,65
470,"Malta",4,"Median","73",2042,42,26,68
470,"Malta",4,"Median","74",2042,45,30,75
470,"Malta",4,"Median","75",2042,51,35,86
470,"Malta",4,"Median","76",2042,58,40,98
470,"Malta",4,"Median","77",2042,65,46,110
470,"Malta",4,"Median","78",2042,72,51,124
470,"Malta",4,"Median","79",2042,81,59,140
470,"Malta",4,"Median","80",2042,91,66,157
470,"Malta",4,"Median","81",2042,99,74,173
470,"Malta",4,"Median","82",2042,105,83,188
470,"Malta",4,"Median","83",2042,110,90,199
470,"Malta",4,"Median","84",2042,117,96,213
470,"Malta",4,"Median","85",2042,123,102,226
470,"Malta",4,"Median","86",2042,126,106,233
470,"Malta",4,"Median","87",2042,126,110,236
470,"Malta",4,"Median","88",2042,122,113,235
470,"Malta",4,"Median","89",2042,119,116,235
470,"Malta",4,"Median","90",2042,118,120,239
470,"Malta",4,"Median","91",2042,119,127,245
470,"Malta",4,"Median","92",2042,117,130,246
470,"Malta",4,"Median","93",2042,109,130,239
470,"Malta",4,"Median","94",2042,99,130,229
470,"Malta",4,"Median","95",2042,86,123,208
470,"Malta",4,"Median","96",2042,71,110,180
470,"Malta",4,"Median","97",2042,60,98,158
470,"Malta",4,"Median","98",2042,42,77,119
470,"Malta",4,"Median","99",2042,23,50,73
470,"Malta",4,"Median","100",2042,9,22,31
470,"Malta",4,"Median","101",2042,7,20,27
470,"Malta",4,"Median","102",2042,6,19,25
470,"Malta",4,"Median","103",2042,5,17,22
470,"Malta",4,"Median","104",2042,5,16,21
470,"Malta",4,"Median","105",2042,4,15,19
470,"Malta",4,"Median","106",2042,3,14,17
470,"Malta",4,"Median","107",2042,3,13,16
470,"Malta",4,"Median","108",2042,2,12,14
470,"Malta",4,"Median","109",2042,2,11,13
470,"Malta",4,"Median","110",2042,2,10,12
470,"Malta",4,"Median","0",2043,5,6,11
470,"Malta",4,"Median","1",2043,1,0,1
470,"Malta",4,"Median","2",2043,0,0,1
470,"Malta",4,"Median","3",2043,0,0,0
470,"Malta",4,"Median","4",2043,0,0,0
470,"Malta",4,"Median","5",2043,0,0,0
470,"Malta",4,"Median","6",2043,0,0,0
470,"Malta",4,"Median","7",2043,0,0,0
470,"Malta",4,"Median","8",2043,0,0,0
470,"Malta",4,"Median","9",2043,0,0,0
470,"Malta",4,"Median","10",2043,0,0,0
470,"Malta",4,"Median","11",2043,0,0,0
470,"Malta",4,"Median","12",2043,0,0,0
470,"Malta",4,"Median","13",2043,0,0,1
470,"Malta",4,"Median","14",2043,0,0,1
470,"Malta",4,"Median","15",2043,0,0,1
470,"Malta",4,"Median","16",2043,0,0,0
470,"Malta",4,"Median","17",2043,0,0,1
470,"Malta",4,"Median","18",2043,1,0,1
470,"Malta",4,"Median","19",2043,1,0,1
470,"Malta",4,"Median","20",2043,1,0,1
470,"Malta",4,"Median","21",2043,1,0,1
470,"Malta",4,"Median","22",2043,1,1,1
470,"Malta",4,"Median","23",2043,1,1,1
470,"Malta",4,"Median","24",2043,1,1,1
470,"Malta",4,"Median","25",2043,1,0,1
470,"Malta",4,"Median","26",2043,1,0,1
470,"Malta",4,"Median","27",2043,1,1,2
470,"Malta",4,"Median","28",2043,1,1,1
470,"Malta",4,"Median","29",2043,1,1,1
470,"Malta",4,"Median","30",2043,1,1,2
470,"Malta",4,"Median","31",2043,1,1,2
470,"Malta",4,"Median","32",2043,1,1,2
470,"Malta",4,"Median","33",2043,1,1,3
470,"Malta",4,"Median","34",2043,2,1,3
470,"Malta",4,"Median","35",2043,2,1,2
470,"Malta",4,"Median","36",2043,1,1,2
470,"Malta",4,"Median","37",2043,1,1,2
470,"Malta",4,"Median","38",2043,2,1,3
470,"Malta",4,"Median","39",2043,2,1,3
470,"Malta",4,"Median","40",2043,2,1,3
470,"Malta",4,"Median","41",2043,2,1,4
470,"Malta",4,"Median","42",2043,2,2,4
470,"Malta",4,"Median","43",2043,2,2,4
470,"Malta",4,"Median","44",2043,3,2,5
470,"Malta",4,"Median","45",2043,5,2,6
470,"Malta",4,"Median","46",2043,5,2,8
470,"Malta",4,"Median","47",2043,5,3,8
470,"Malta",4,"Median","48",2043,6,4,9
470,"Malta",4,"Median","49",2043,8,5,13
470,"Malta",4,"Median","50",2043,9,6,15
470,"Malta",4,"Median","51",2043,9,6,14
470,"Malta",4,"Median","52",2043,10,6,15
470,"Malta",4,"Median","53",2043,12,6,18
470,"Malta",4,"Median","54",2043,14,8,21
470,"Malta",4,"Median","55",2043,16,8,23
470,"Malta",4,"Median","56",2043,16,8,24
470,"Malta",4,"Median","57",2043,16,8,24
470,"Malta",4,"Median","58",2043,17,9,26
470,"Malta",4,"Median","59",2043,19,9,29
470,"Malta",4,"Median","60",2043,20,11,30
470,"Malta",4,"Median","61",2043,19,12,31
470,"Malta",4,"Median","62",2043,22,13,36
470,"Malta",4,"Median","63",2043,25,14,39
470,"Malta",4,"Median","64",2043,27,15,41
470,"Malta",4,"Median","65",2043,28,16,44
470,"Malta",4,"Median","66",2043,29,17,46
470,"Malta",4,"Median","67",2043,30,16,46
470,"Malta",4,"Median","68",2043,34,17,52
470,"Malta",4,"Median","69",2043,36,20,57
470,"Malta",4,"Median","70",2043,37,22,60
470,"Malta",4,"Median","71",2043,40,24,64
470,"Malta",4,"Median","72",2043,42,25,67
470,"Malta",4,"Median","73",2043,42,26,68
470,"Malta",4,"Median","74",2043,45,30,75
470,"Malta",4,"Median","75",2043,51,36,87
470,"Malta",4,"Median","76",2043,56,39,95
470,"Malta",4,"Median","77",2043,62,43,105
470,"Malta",4,"Median","78",2043,70,50,120
470,"Malta",4,"Median","79",2043,78,56,135
470,"Malta",4,"Median","80",2043,87,64,151
470,"Malta",4,"Median","81",2043,97,72,169
470,"Malta",4,"Median","82",2043,106,80,186
470,"Malta",4,"Median","83",2043,111,89,200
470,"Malta",4,"Median","84",2043,115,96,211
470,"Malta",4,"Median","85",2043,122,102,224
470,"Malta",4,"Median","86",2043,128,108,236
470,"Malta",4,"Median","87",2043,130,112,241
470,"Malta",4,"Median","88",2043,128,115,243
470,"Malta",4,"Median","89",2043,122,117,239
470,"Malta",4,"Median","90",2043,118,119,236
470,"Malta",4,"Median","91",2043,115,122,237
470,"Malta",4,"Median","92",2043,114,127,241
470,"Malta",4,"Median","93",2043,110,128,238
470,"Malta",4,"Median","94",2043,101,127,227
470,"Malta",4,"Median","95",2043,90,125,214
470,"Malta",4,"Median","96",2043,76,116,192
470,"Malta",4,"Median","97",2043,61,102,163
470,"Malta",4,"Median","98",2043,50,89,139
470,"Malta",4,"Median","99",2043,34,69,103
470,"Malta",4,"Median","100",2043,8,20,28
470,"Malta",4,"Median","101",2043,7,19,26
470,"Malta",4,"Median","102",2043,7,18,25
470,"Malta",4,"Median","103",2043,6,17,23
470,"Malta",4,"Median","104",2043,5,16,21
470,"Malta",4,"Median","105",2043,4,15,19
470,"Malta",4,"Median","106",2043,4,15,19
470,"Malta",4,"Median","107",2043,3,14,17
470,"Malta",4,"Median","108",2043,3,13,16
470,"Malta",4,"Median","109",2043,3,13,16
470,"Malta",4,"Median","110",2043,2,12,14
470,"Malta",4,"Median","0",2044,5,5,11
470,"Malta",4,"Median","1",2044,1,0,1
470,"Malta",4,"Median","2",2044,0,0,1
470,"Malta",4,"Median","3",2044,0,0,0
470,"Malta",4,"Median","4",2044,0,0,0
470,"Malta",4,"Median","5",2044,0,0,0
470,"Malta",4,"Median","6",2044,0,0,0
470,"Malta",4,"Median","7",2044,0,0,0
470,"Malta",4,"Median","8",2044,0,0,0
470,"Malta",4,"Median","9",2044,0,0,0
470,"Malta",4,"Median","10",2044,0,0,0
470,"Malta",4,"Median","11",2044,0,0,0
470,"Malta",4,"Median","12",2044,0,0,0
470,"Malta",4,"Median","13",2044,0,0,1
470,"Malta",4,"Median","14",2044,0,0,1
470,"Malta",4,"Median","15",2044,0,0,1
470,"Malta",4,"Median","16",2044,0,0,0
470,"Malta",4,"Median","17",2044,0,0,1
470,"Malta",4,"Median","18",2044,1,0,1
470,"Malta",4,"Median","19",2044,1,0,1
470,"Malta",4,"Median","20",2044,1,0,1
470,"Malta",4,"Median","21",2044,1,0,1
470,"Malta",4,"Median","22",2044,1,1,1
470,"Malta",4,"Median","23",2044,1,1,1
470,"Malta",4,"Median","24",2044,1,1,1
470,"Malta",4,"Median","25",2044,1,0,1
470,"Malta",4,"Median","26",2044,1,0,1
470,"Malta",4,"Median","27",2044,1,1,2
470,"Malta",4,"Median","28",2044,1,1,1
470,"Malta",4,"Median","29",2044,1,1,1
470,"Malta",4,"Median","30",2044,1,1,2
470,"Malta",4,"Median","31",2044,1,1,2
470,"Malta",4,"Median","32",2044,1,1,2
470,"Malta",4,"Median","33",2044,1,1,3
470,"Malta",4,"Median","34",2044,2,1,3
470,"Malta",4,"Median","35",2044,2,1,2
470,"Malta",4,"Median","36",2044,1,1,2
470,"Malta",4,"Median","37",2044,1,1,2
470,"Malta",4,"Median","38",2044,2,1,3
470,"Malta",4,"Median","39",2044,2,1,3
470,"Malta",4,"Median","40",2044,2,1,3
470,"Malta",4,"Median","41",2044,2,1,4
470,"Malta",4,"Median","42",2044,2,2,4
470,"Malta",4,"Median","43",2044,2,2,4
470,"Malta",4,"Median","44",2044,3,2,5
470,"Malta",4,"Median","45",2044,4,2,6
470,"Malta",4,"Median","46",2044,5,2,7
470,"Malta",4,"Median","47",2044,5,3,8
470,"Malta",4,"Median","48",2044,5,4,9
470,"Malta",4,"Median","49",2044,7,5,12
470,"Malta",4,"Median","50",2044,9,6,14
470,"Malta",4,"Median","51",2044,8,5,14
470,"Malta",4,"Median","52",2044,10,5,15
470,"Malta",4,"Median","53",2044,12,6,18
470,"Malta",4,"Median","54",2044,13,8,21
470,"Malta",4,"Median","55",2044,16,8,24
470,"Malta",4,"Median","56",2044,17,8,25
470,"Malta",4,"Median","57",2044,16,9,25
470,"Malta",4,"Median","58",2044,17,9,26
470,"Malta",4,"Median","59",2044,19,9,29
470,"Malta",4,"Median","60",2044,19,10,30
470,"Malta",4,"Median","61",2044,20,12,32
470,"Malta",4,"Median","62",2044,23,14,36
470,"Malta",4,"Median","63",2044,25,14,39
470,"Malta",4,"Median","64",2044,27,15,42
470,"Malta",4,"Median","65",2044,28,16,44
470,"Malta",4,"Median","66",2044,29,17,46
470,"Malta",4,"Median","67",2044,30,16,46
470,"Malta",4,"Median","68",2044,35,18,53
470,"Malta",4,"Median","69",2044,38,21,59
470,"Malta",4,"Median","70",2044,38,23,61
470,"Malta",4,"Median","71",2044,40,24,64
470,"Malta",4,"Median","72",2044,43,26,69
470,"Malta",4,"Median","73",2044,44,27,71
470,"Malta",4,"Median","74",2044,46,30,76
470,"Malta",4,"Median","75",2044,52,35,87
470,"Malta",4,"Median","76",2044,57,40,97
470,"Malta",4,"Median","77",2044,60,42,103
470,"Malta",4,"Median","78",2044,67,48,115
470,"Malta",4,"Median","79",2044,76,55,131
470,"Malta",4,"Median","80",2044,84,61,145
470,"Malta",4,"Median","81",2044,93,69,163
470,"Malta",4,"Median","82",2044,104,78,182
470,"Malta",4,"Median","83",2044,112,86,198
470,"Malta",4,"Median","84",2044,117,96,212
470,"Malta",4,"Median","85",2044,120,102,222
470,"Malta",4,"Median","86",2044,127,108,235
470,"Malta",4,"Median","87",2044,131,114,245
470,"Malta",4,"Median","88",2044,132,117,249
470,"Malta",4,"Median","89",2044,128,119,248
470,"Malta",4,"Median","90",2044,121,120,241
470,"Malta",4,"Median","91",2044,115,121,235
470,"Malta",4,"Median","92",2044,110,123,233
470,"Malta",4,"Median","93",2044,107,126,233
470,"Malta",4,"Median","94",2044,101,125,227
470,"Malta",4,"Median","95",2044,91,122,213
470,"Malta",4,"Median","96",2044,80,119,198
470,"Malta",4,"Median","97",2044,66,108,174
470,"Malta",4,"Median","98",2044,51,93,144
470,"Malta",4,"Median","99",2044,40,79,120
470,"Malta",4,"Median","100",2044,10,21,31
470,"Malta",4,"Median","101",2044,9,20,29
470,"Malta",4,"Median","102",2044,8,19,27
470,"Malta",4,"Median","103",2044,7,19,26
470,"Malta",4,"Median","104",2044,6,18,24
470,"Malta",4,"Median","105",2044,5,17,22
470,"Malta",4,"Median","106",2044,5,17,22
470,"Malta",4,"Median","107",2044,4,16,20
470,"Malta",4,"Median","108",2044,4,15,19
470,"Malta",4,"Median","109",2044,3,15,18
470,"Malta",4,"Median","110",2044,3,14,17
470,"Malta",4,"Median","0",2045,5,5,10
470,"Malta",4,"Median","1",2045,0,0,1
470,"Malta",4,"Median","2",2045,0,0,1
470,"Malta",4,"Median","3",2045,0,0,0
470,"Malta",4,"Median","4",2045,0,0,0
470,"Malta",4,"Median","5",2045,0,0,0
470,"Malta",4,"Median","6",2045,0,0,0
470,"Malta",4,"Median","7",2045,0,0,0
470,"Malta",4,"Median","8",2045,0,0,0
470,"Malta",4,"Median","9",2045,0,0,0
470,"Malta",4,"Median","10",2045,0,0,0
470,"Malta",4,"Median","11",2045,0,0,0
470,"Malta",4,"Median","12",2045,0,0,0
470,"Malta",4,"Median","13",2045,0,0,0
470,"Malta",4,"Median","14",2045,0,0,1
470,"Malta",4,"Median","15",2045,0,0,1
470,"Malta",4,"Median","16",2045,0,0,0
470,"Malta",4,"Median","17",2045,0,0,1
470,"Malta",4,"Median","18",2045,1,0,1
470,"Malta",4,"Median","19",2045,1,0,1
470,"Malta",4,"Median","20",2045,1,0,1
470,"Malta",4,"Median","21",2045,1,0,1
470,"Malta",4,"Median","22",2045,1,1,1
470,"Malta",4,"Median","23",2045,1,1,1
470,"Malta",4,"Median","24",2045,1,1,1
470,"Malta",4,"Median","25",2045,1,0,1
470,"Malta",4,"Median","26",2045,1,0,1
470,"Malta",4,"Median","27",2045,1,1,2
470,"Malta",4,"Median","28",2045,1,1,1
470,"Malta",4,"Median","29",2045,1,1,1
470,"Malta",4,"Median","30",2045,1,1,2
470,"Malta",4,"Median","31",2045,1,1,2
470,"Malta",4,"Median","32",2045,1,1,2
470,"Malta",4,"Median","33",2045,1,1,3
470,"Malta",4,"Median","34",2045,2,1,3
470,"Malta",4,"Median","35",2045,2,1,2
470,"Malta",4,"Median","36",2045,1,1,2
470,"Malta",4,"Median","37",2045,1,1,2
470,"Malta",4,"Median","38",2045,2,1,3
470,"Malta",4,"Median","39",2045,2,1,3
470,"Malta",4,"Median","40",2045,2,1,3
470,"Malta",4,"Median","41",2045,2,1,4
470,"Malta",4,"Median","42",2045,2,2,4
470,"Malta",4,"Median","43",2045,2,2,4
470,"Malta",4,"Median","44",2045,3,1,4
470,"Malta",4,"Median","45",2045,4,1,5
470,"Malta",4,"Median","46",2045,4,2,6
470,"Malta",4,"Median","47",2045,4,3,7
470,"Malta",4,"Median","48",2045,5,3,8
470,"Malta",4,"Median","49",2045,7,4,11
470,"Malta",4,"Median","50",2045,8,5,13
470,"Malta",4,"Median","51",2045,8,5,13
470,"Malta",4,"Median","52",2045,9,5,14
470,"Malta",4,"Median","53",2045,11,6,17
470,"Malta",4,"Median","54",2045,13,7,21
470,"Malta",4,"Median","55",2045,15,8,24
470,"Malta",4,"Median","56",2045,17,8,25
470,"Malta",4,"Median","57",2045,16,9,25
470,"Malta",4,"Median","58",2045,17,9,26
470,"Malta",4,"Median","59",2045,19,9,29
470,"Malta",4,"Median","60",2045,19,10,30
470,"Malta",4,"Median","61",2045,20,12,32
470,"Malta",4,"Median","62",2045,23,14,37
470,"Malta",4,"Median","63",2045,26,14,40
470,"Malta",4,"Median","64",2045,27,14,41
470,"Malta",4,"Median","65",2045,28,16,45
470,"Malta",4,"Median","66",2045,29,17,46
470,"Malta",4,"Median","67",2045,31,16,47
470,"Malta",4,"Median","68",2045,35,18,53
470,"Malta",4,"Median","69",2045,39,21,60
470,"Malta",4,"Median","70",2045,40,23,63
470,"Malta",4,"Median","71",2045,41,25,66
470,"Malta",4,"Median","72",2045,43,26,69
470,"Malta",4,"Median","73",2045,45,28,73
470,"Malta",4,"Median","74",2045,48,31,78
470,"Malta",4,"Median","75",2045,53,35,88
470,"Malta",4,"Median","76",2045,57,39,97
470,"Malta",4,"Median","77",2045,61,43,104
470,"Malta",4,"Median","78",2045,65,46,112
470,"Malta",4,"Median","79",2045,73,52,125
470,"Malta",4,"Median","80",2045,82,59,141
470,"Malta",4,"Median","81",2045,90,66,157
470,"Malta",4,"Median","82",2045,100,75,175
470,"Malta",4,"Median","83",2045,110,84,194
470,"Malta",4,"Median","84",2045,118,93,210
470,"Malta",4,"Median","85",2045,122,102,224
470,"Malta",4,"Median","86",2045,125,108,233
470,"Malta",4,"Median","87",2045,130,114,244
470,"Malta",4,"Median","88",2045,134,119,253
470,"Malta",4,"Median","89",2045,132,121,254
470,"Malta",4,"Median","90",2045,127,123,250
470,"Malta",4,"Median","91",2045,118,122,240
470,"Malta",4,"Median","92",2045,110,121,232
470,"Malta",4,"Median","93",2045,104,122,226
470,"Malta",4,"Median","94",2045,99,123,222
470,"Malta",4,"Median","95",2045,92,121,212
470,"Malta",4,"Median","96",2045,81,116,197
470,"Malta",4,"Median","97",2045,69,111,180
470,"Malta",4,"Median","98",2045,55,99,154
470,"Malta",4,"Median","99",2045,42,83,125
470,"Malta",4,"Median","100",2045,11,23,34
470,"Malta",4,"Median","101",2045,10,23,33
470,"Malta",4,"Median","102",2045,9,22,31
470,"Malta",4,"Median","103",2045,8,21,29
470,"Malta",4,"Median","104",2045,7,20,27
470,"Malta",4,"Median","105",2045,6,20,26
470,"Malta",4,"Median","106",2045,6,19,25
470,"Malta",4,"Median","107",2045,5,18,23
470,"Malta",4,"Median","108",2045,5,18,23
470,"Malta",4,"Median","109",2045,4,17,21
470,"Malta",4,"Median","110",2045,4,17,21
470,"Malta",4,"Median","0",2046,5,5,10
470,"Malta",4,"Median","1",2046,0,0,1
470,"Malta",4,"Median","2",2046,0,0,1
470,"Malta",4,"Median","3",2046,0,0,0
470,"Malta",4,"Median","4",2046,0,0,0
470,"Malta",4,"Median","5",2046,0,0,0
470,"Malta",4,"Median","6",2046,0,0,0
470,"Malta",4,"Median","7",2046,0,0,0
470,"Malta",4,"Median","8",2046,0,0,0
470,"Malta",4,"Median","9",2046,0,0,0
470,"Malta",4,"Median","10",2046,0,0,0
470,"Malta",4,"Median","11",2046,0,0,0
470,"Malta",4,"Median","12",2046,0,0,0
470,"Malta",4,"Median","13",2046,0,0,0
470,"Malta",4,"Median","14",2046,0,0,1
470,"Malta",4,"Median","15",2046,0,0,1
470,"Malta",4,"Median","16",2046,0,0,0
470,"Malta",4,"Median","17",2046,0,0,1
470,"Malta",4,"Median","18",2046,1,0,1
470,"Malta",4,"Median","19",2046,1,0,1
470,"Malta",4,"Median","20",2046,1,0,1
470,"Malta",4,"Median","21",2046,1,0,1
470,"Malta",4,"Median","22",2046,1,1,1
470,"Malta",4,"Median","23",2046,1,1,1
470,"Malta",4,"Median","24",2046,1,0,1
470,"Malta",4,"Median","25",2046,1,0,1
470,"Malta",4,"Median","26",2046,1,0,1
470,"Malta",4,"Median","27",2046,1,1,2
470,"Malta",4,"Median","28",2046,1,1,1
470,"Malta",4,"Median","29",2046,1,1,1
470,"Malta",4,"Median","30",2046,1,1,2
470,"Malta",4,"Median","31",2046,1,1,2
470,"Malta",4,"Median","32",2046,1,1,2
470,"Malta",4,"Median","33",2046,1,1,3
470,"Malta",4,"Median","34",2046,2,1,3
470,"Malta",4,"Median","35",2046,2,1,2
470,"Malta",4,"Median","36",2046,1,1,2
470,"Malta",4,"Median","37",2046,1,1,2
470,"Malta",4,"Median","38",2046,2,1,3
470,"Malta",4,"Median","39",2046,2,1,3
470,"Malta",4,"Median","40",2046,2,1,3
470,"Malta",4,"Median","41",2046,2,1,4
470,"Malta",4,"Median","42",2046,2,2,4
470,"Malta",4,"Median","43",2046,2,2,4
470,"Malta",4,"Median","44",2046,3,1,4
470,"Malta",4,"Median","45",2046,4,1,5
470,"Malta",4,"Median","46",2046,4,2,6
470,"Malta",4,"Median","47",2046,4,2,6
470,"Malta",4,"Median","48",2046,4,3,7
470,"Malta",4,"Median","49",2046,6,4,10
470,"Malta",4,"Median","50",2046,8,5,12
470,"Malta",4,"Median","51",2046,7,4,12
470,"Malta",4,"Median","52",2046,9,5,13
470,"Malta",4,"Median","53",2046,11,6,17
470,"Malta",4,"Median","54",2046,13,7,20
470,"Malta",4,"Median","55",2046,15,8,23
470,"Malta",4,"Median","56",2046,17,8,25
470,"Malta",4,"Median","57",2046,16,9,25
470,"Malta",4,"Median","58",2046,17,9,26
470,"Malta",4,"Median","59",2046,19,9,29
470,"Malta",4,"Median","60",2046,19,10,30
470,"Malta",4,"Median","61",2046,20,12,31
470,"Malta",4,"Median","62",2046,23,13,36
470,"Malta",4,"Median","63",2046,26,14,40
470,"Malta",4,"Median","64",2046,27,15,42
470,"Malta",4,"Median","65",2046,28,16,44
470,"Malta",4,"Median","66",2046,30,17,47
470,"Malta",4,"Median","67",2046,31,16,47
470,"Malta",4,"Median","68",2046,35,18,53
470,"Malta",4,"Median","69",2046,39,21,60
470,"Malta",4,"Median","70",2046,41,24,65
470,"Malta",4,"Median","71",2046,43,25,68
470,"Malta",4,"Median","72",2046,44,27,71
470,"Malta",4,"Median","73",2046,45,28,73
470,"Malta",4,"Median","74",2046,49,31,80
470,"Malta",4,"Median","75",2046,55,36,91
470,"Malta",4,"Median","76",2046,58,39,97
470,"Malta",4,"Median","77",2046,62,42,104
470,"Malta",4,"Median","78",2046,66,47,113
470,"Malta",4,"Median","79",2046,71,51,122
470,"Malta",4,"Median","80",2046,78,56,135
470,"Malta",4,"Median","81",2046,88,64,152
470,"Malta",4,"Median","82",2046,97,72,168
470,"Malta",4,"Median","83",2046,106,81,187
470,"Malta",4,"Median","84",2046,116,90,206
470,"Malta",4,"Median","85",2046,123,99,222
470,"Malta",4,"Median","86",2046,127,108,235
470,"Malta",4,"Median","87",2046,128,114,243
470,"Malta",4,"Median","88",2046,133,120,252
470,"Malta",4,"Median","89",2046,134,124,258
470,"Malta",4,"Median","90",2046,131,125,256
470,"Malta",4,"Median","91",2046,125,125,249
470,"Malta",4,"Median","92",2046,114,123,237
470,"Malta",4,"Median","93",2046,104,121,225
470,"Malta",4,"Median","94",2046,97,119,216
470,"Malta",4,"Median","95",2046,90,119,208
470,"Malta",4,"Median","96",2046,82,115,197
470,"Malta",4,"Median","97",2046,70,108,179
470,"Malta",4,"Median","98",2046,58,101,159
470,"Malta",4,"Median","99",2046,45,88,133
470,"Malta",4,"Median","100",2046,13,26,39
470,"Malta",4,"Median","101",2046,12,25,37
470,"Malta",4,"Median","102",2046,10,24,34
470,"Malta",4,"Median","103",2046,9,23,32
470,"Malta",4,"Median","104",2046,8,23,31
470,"Malta",4,"Median","105",2046,7,22,29
470,"Malta",4,"Median","106",2046,7,21,28
470,"Malta",4,"Median","107",2046,6,21,27
470,"Malta",4,"Median","108",2046,5,20,25
470,"Malta",4,"Median","109",2046,5,19,24
470,"Malta",4,"Median","110",2046,4,19,23
470,"Malta",4,"Median","0",2047,5,5,10
470,"Malta",4,"Median","1",2047,0,0,1
470,"Malta",4,"Median","2",2047,0,0,1
470,"Malta",4,"Median","3",2047,0,0,0
470,"Malta",4,"Median","4",2047,0,0,0
470,"Malta",4,"Median","5",2047,0,0,0
470,"Malta",4,"Median","6",2047,0,0,0
470,"Malta",4,"Median","7",2047,0,0,0
470,"Malta",4,"Median","8",2047,0,0,0
470,"Malta",4,"Median","9",2047,0,0,0
470,"Malta",4,"Median","10",2047,0,0,0
470,"Malta",4,"Median","11",2047,0,0,0
470,"Malta",4,"Median","12",2047,0,0,0
470,"Malta",4,"Median","13",2047,0,0,0
470,"Malta",4,"Median","14",2047,0,0,1
470,"Malta",4,"Median","15",2047,0,0,0
470,"Malta",4,"Median","16",2047,0,0,0
470,"Malta",4,"Median","17",2047,0,0,1
470,"Malta",4,"Median","18",2047,1,0,1
470,"Malta",4,"Median","19",2047,1,0,1
470,"Malta",4,"Median","20",2047,1,0,1
470,"Malta",4,"Median","21",2047,1,0,1
470,"Malta",4,"Median","22",2047,1,1,1
470,"Malta",4,"Median","23",2047,1,1,1
470,"Malta",4,"Median","24",2047,1,0,1
470,"Malta",4,"Median","25",2047,1,0,1
470,"Malta",4,"Median","26",2047,1,0,1
470,"Malta",4,"Median","27",2047,1,1,1
470,"Malta",4,"Median","28",2047,1,1,1
470,"Malta",4,"Median","29",2047,1,1,1
470,"Malta",4,"Median","30",2047,1,1,2
470,"Malta",4,"Median","31",2047,1,1,2
470,"Malta",4,"Median","32",2047,1,1,2
470,"Malta",4,"Median","33",2047,1,1,3
470,"Malta",4,"Median","34",2047,2,1,3
470,"Malta",4,"Median","35",2047,2,1,2
470,"Malta",4,"Median","36",2047,1,1,2
470,"Malta",4,"Median","37",2047,1,1,2
470,"Malta",4,"Median","38",2047,2,1,3
470,"Malta",4,"Median","39",2047,2,1,3
470,"Malta",4,"Median","40",2047,2,1,3
470,"Malta",4,"Median","41",2047,2,1,4
470,"Malta",4,"Median","42",2047,2,2,4
470,"Malta",4,"Median","43",2047,2,2,4
470,"Malta",4,"Median","44",2047,3,1,4
470,"Malta",4,"Median","45",2047,3,1,5
470,"Malta",4,"Median","46",2047,4,2,5
470,"Malta",4,"Median","47",2047,3,2,6
470,"Malta",4,"Median","48",2047,4,3,7
470,"Malta",4,"Median","49",2047,6,4,9
470,"Malta",4,"Median","50",2047,7,4,11
470,"Malta",4,"Median","51",2047,7,4,11
470,"Malta",4,"Median","52",2047,8,4,12
470,"Malta",4,"Median","53",2047,10,5,15
470,"Malta",4,"Median","54",2047,12,7,19
470,"Malta",4,"Median","55",2047,15,8,22
470,"Malta",4,"Median","56",2047,16,8,24
470,"Malta",4,"Median","57",2047,16,9,25
470,"Malta",4,"Median","58",2047,17,10,27
470,"Malta",4,"Median","59",2047,20,10,29
470,"Malta",4,"Median","60",2047,19,10,30
470,"Malta",4,"Median","61",2047,20,12,31
470,"Malta",4,"Median","62",2047,23,13,36
470,"Malta",4,"Median","63",2047,26,14,40
470,"Malta",4,"Median","64",2047,28,15,43
470,"Malta",4,"Median","65",2047,29,17,45
470,"Malta",4,"Median","66",2047,29,17,46
470,"Malta",4,"Median","67",2047,31,16,48
470,"Malta",4,"Median","68",2047,35,18,54
470,"Malta",4,"Median","69",2047,39,21,61
470,"Malta",4,"Median","70",2047,41,24,65
470,"Malta",4,"Median","71",2047,44,26,70
470,"Malta",4,"Median","72",2047,46,27,74
470,"Malta",4,"Median","73",2047,46,29,75
470,"Malta",4,"Median","74",2047,49,32,81
470,"Malta",4,"Median","75",2047,57,37,93
470,"Malta",4,"Median","76",2047,60,40,100
470,"Malta",4,"Median","77",2047,63,42,105
470,"Malta",4,"Median","78",2047,67,46,114
470,"Malta",4,"Median","79",2047,72,52,124
470,"Malta",4,"Median","80",2047,77,55,132
470,"Malta",4,"Median","81",2047,84,61,146
470,"Malta",4,"Median","82",2047,94,70,164
470,"Malta",4,"Median","83",2047,103,77,180
470,"Malta",4,"Median","84",2047,112,87,199
470,"Malta",4,"Median","85",2047,121,96,217
470,"Malta",4,"Median","86",2047,128,105,233
470,"Malta",4,"Median","87",2047,130,114,244
470,"Malta",4,"Median","88",2047,131,120,251
470,"Malta",4,"Median","89",2047,134,124,258
470,"Malta",4,"Median","90",2047,134,127,261
470,"Malta",4,"Median","91",2047,129,128,256
470,"Malta",4,"Median","92",2047,120,126,246
470,"Malta",4,"Median","93",2047,108,122,230
470,"Malta",4,"Median","94",2047,97,118,215
470,"Malta",4,"Median","95",2047,88,115,203
470,"Malta",4,"Median","96",2047,80,113,194
470,"Malta",4,"Median","97",2047,71,108,179
470,"Malta",4,"Median","98",2047,59,99,159
470,"Malta",4,"Median","99",2047,48,91,138
470,"Malta",4,"Median","100",2047,15,29,44
470,"Malta",4,"Median","101",2047,13,28,41
470,"Malta",4,"Median","102",2047,12,27,39
470,"Malta",4,"Median","103",2047,10,26,36
470,"Malta",4,"Median","104",2047,9,25,34
470,"Malta",4,"Median","105",2047,8,24,32
470,"Malta",4,"Median","106",2047,8,23,31
470,"Malta",4,"Median","107",2047,7,22,29
470,"Malta",4,"Median","108",2047,6,22,28
470,"Malta",4,"Median","109",2047,5,21,26
470,"Malta",4,"Median","110",2047,5,20,25
470,"Malta",4,"Median","0",2048,5,5,10
470,"Malta",4,"Median","1",2048,0,0,1
470,"Malta",4,"Median","2",2048,0,0,1
470,"Malta",4,"Median","3",2048,0,0,0
470,"Malta",4,"Median","4",2048,0,0,0
470,"Malta",4,"Median","5",2048,0,0,0
470,"Malta",4,"Median","6",2048,0,0,0
470,"Malta",4,"Median","7",2048,0,0,0
470,"Malta",4,"Median","8",2048,0,0,0
470,"Malta",4,"Median","9",2048,0,0,0
470,"Malta",4,"Median","10",2048,0,0,0
470,"Malta",4,"Median","11",2048,0,0,0
470,"Malta",4,"Median","12",2048,0,0,0
470,"Malta",4,"Median","13",2048,0,0,0
470,"Malta",4,"Median","14",2048,0,0,1
470,"Malta",4,"Median","15",2048,0,0,0
470,"Malta",4,"Median","16",2048,0,0,0
470,"Malta",4,"Median","17",2048,0,0,1
470,"Malta",4,"Median","18",2048,0,0,1
470,"Malta",4,"Median","19",2048,1,0,1
470,"Malta",4,"Median","20",2048,1,0,1
470,"Malta",4,"Median","21",2048,1,0,1
470,"Malta",4,"Median","22",2048,1,1,1
470,"Malta",4,"Median","23",2048,1,1,1
470,"Malta",4,"Median","24",2048,1,0,1
470,"Malta",4,"Median","25",2048,1,0,1
470,"Malta",4,"Median","26",2048,1,0,1
470,"Malta",4,"Median","27",2048,1,1,1
470,"Malta",4,"Median","28",2048,1,1,1
470,"Malta",4,"Median","29",2048,1,1,1
470,"Malta",4,"Median","30",2048,1,1,2
470,"Malta",4,"Median","31",2048,1,1,2
470,"Malta",4,"Median","32",2048,1,1,2
470,"Malta",4,"Median","33",2048,1,1,3
470,"Malta",4,"Median","34",2048,2,1,3
470,"Malta",4,"Median","35",2048,2,1,2
470,"Malta",4,"Median","36",2048,1,1,2
470,"Malta",4,"Median","37",2048,1,1,2
470,"Malta",4,"Median","38",2048,2,1,3
470,"Malta",4,"Median","39",2048,2,1,3
470,"Malta",4,"Median","40",2048,2,1,3
470,"Malta",4,"Median","41",2048,2,1,4
470,"Malta",4,"Median","42",2048,2,2,4
470,"Malta",4,"Median","43",2048,2,2,4
470,"Malta",4,"Median","44",2048,3,1,4
470,"Malta",4,"Median","45",2048,3,1,5
470,"Malta",4,"Median","46",2048,3,2,5
470,"Malta",4,"Median","47",2048,3,2,5
470,"Malta",4,"Median","48",2048,4,3,6
470,"Malta",4,"Median","49",2048,5,3,8
470,"Malta",4,"Median","50",2048,6,4,10
470,"Malta",4,"Median","51",2048,6,4,10
470,"Malta",4,"Median","52",2048,8,4,12
470,"Malta",4,"Median","53",2048,10,5,14
470,"Malta",4,"Median","54",2048,12,6,18
470,"Malta",4,"Median","55",2048,14,7,21
470,"Malta",4,"Median","56",2048,16,8,24
470,"Malta",4,"Median","57",2048,16,9,24
470,"Malta",4,"Median","58",2048,17,10,26
470,"Malta",4,"Median","59",2048,20,10,30
470,"Malta",4,"Median","60",2048,20,11,30
470,"Malta",4,"Median","61",2048,20,12,31
470,"Malta",4,"Median","62",2048,23,13,36
470,"Malta",4,"Median","63",2048,26,14,40
470,"Malta",4,"Median","64",2048,28,15,42
470,"Malta",4,"Median","65",2048,29,17,46
470,"Malta",4,"Median","66",2048,30,18,47
470,"Malta",4,"Median","67",2048,31,16,47
470,"Malta",4,"Median","68",2048,36,18,54
470,"Malta",4,"Median","69",2048,40,21,61
470,"Malta",4,"Median","70",2048,41,24,65
470,"Malta",4,"Median","71",2048,44,26,70
470,"Malta",4,"Median","72",2048,47,28,75
470,"Malta",4,"Median","73",2048,49,29,78
470,"Malta",4,"Median","74",2048,50,32,83
470,"Malta",4,"Median","75",2048,57,38,94
470,"Malta",4,"Median","76",2048,62,41,103
470,"Malta",4,"Median","77",2048,65,43,109
470,"Malta",4,"Median","78",2048,69,46,114
470,"Malta",4,"Median","79",2048,73,51,124
470,"Malta",4,"Median","80",2048,77,56,134
470,"Malta",4,"Median","81",2048,82,60,142
470,"Malta",4,"Median","82",2048,90,67,157
470,"Malta",4,"Median","83",2048,100,75,175
470,"Malta",4,"Median","84",2048,108,83,192
470,"Malta",4,"Median","85",2048,117,93,210
470,"Malta",4,"Median","86",2048,126,102,228
470,"Malta",4,"Median","87",2048,132,111,243
470,"Malta",4,"Median","88",2048,133,120,253
470,"Malta",4,"Median","89",2048,132,125,257
470,"Malta",4,"Median","90",2048,133,128,261
470,"Malta",4,"Median","91",2048,131,130,262
470,"Malta",4,"Median","92",2048,124,129,253
470,"Malta",4,"Median","93",2048,114,126,240
470,"Malta",4,"Median","94",2048,100,120,221
470,"Malta",4,"Median","95",2048,88,114,203
470,"Malta",4,"Median","96",2048,79,110,189
470,"Malta",4,"Median","97",2048,70,106,176
470,"Malta",4,"Median","98",2048,60,99,159
470,"Malta",4,"Median","99",2048,49,89,138
470,"Malta",4,"Median","100",2048,16,32,48
470,"Malta",4,"Median","101",2048,14,31,45
470,"Malta",4,"Median","102",2048,13,29,42
470,"Malta",4,"Median","103",2048,11,28,39
470,"Malta",4,"Median","104",2048,10,27,37
470,"Malta",4,"Median","105",2048,9,26,35
470,"Malta",4,"Median","106",2048,8,25,33
470,"Malta",4,"Median","107",2048,7,24,31
470,"Malta",4,"Median","108",2048,7,23,30
470,"Malta",4,"Median","109",2048,6,22,28
470,"Malta",4,"Median","110",2048,5,21,26
470,"Malta",4,"Median","0",2049,5,5,10
470,"Malta",4,"Median","1",2049,0,0,1
470,"Malta",4,"Median","2",2049,0,0,1
470,"Malta",4,"Median","3",2049,0,0,0
470,"Malta",4,"Median","4",2049,0,0,0
470,"Malta",4,"Median","5",2049,0,0,0
470,"Malta",4,"Median","6",2049,0,0,0
470,"Malta",4,"Median","7",2049,0,0,0
470,"Malta",4,"Median","8",2049,0,0,0
470,"Malta",4,"Median","9",2049,0,0,0
470,"Malta",4,"Median","10",2049,0,0,0
470,"Malta",4,"Median","11",2049,0,0,0
470,"Malta",4,"Median","12",2049,0,0,0
470,"Malta",4,"Median","13",2049,0,0,0
470,"Malta",4,"Median","14",2049,0,0,1
470,"Malta",4,"Median","15",2049,0,0,0
470,"Malta",4,"Median","16",2049,0,0,0
470,"Malta",4,"Median","17",2049,0,0,1
470,"Malta",4,"Median","18",2049,0,0,1
470,"Malta",4,"Median","19",2049,1,0,1
470,"Malta",4,"Median","20",2049,1,0,1
470,"Malta",4,"Median","21",2049,1,0,1
470,"Malta",4,"Median","22",2049,1,0,1
470,"Malta",4,"Median","23",2049,1,1,1
470,"Malta",4,"Median","24",2049,1,0,1
470,"Malta",4,"Median","25",2049,1,0,1
470,"Malta",4,"Median","26",2049,1,0,1
470,"Malta",4,"Median","27",2049,1,0,1
470,"Malta",4,"Median","28",2049,1,1,1
470,"Malta",4,"Median","29",2049,1,1,1
470,"Malta",4,"Median","30",2049,1,1,2
470,"Malta",4,"Median","31",2049,1,1,2
470,"Malta",4,"Median","32",2049,1,1,2
470,"Malta",4,"Median","33",2049,1,1,3
470,"Malta",4,"Median","34",2049,2,1,3
470,"Malta",4,"Median","35",2049,2,1,2
470,"Malta",4,"Median","36",2049,1,1,2
470,"Malta",4,"Median","37",2049,1,1,2
470,"Malta",4,"Median","38",2049,2,1,3
470,"Malta",4,"Median","39",2049,2,1,3
470,"Malta",4,"Median","40",2049,2,1,3
470,"Malta",4,"Median","41",2049,2,1,4
470,"Malta",4,"Median","42",2049,2,2,4
470,"Malta",4,"Median","43",2049,2,2,4
470,"Malta",4,"Median","44",2049,3,1,4
470,"Malta",4,"Median","45",2049,3,1,5
470,"Malta",4,"Median","46",2049,3,2,5
470,"Malta",4,"Median","47",2049,3,2,5
470,"Malta",4,"Median","48",2049,3,2,6
470,"Malta",4,"Median","49",2049,5,3,8
470,"Malta",4,"Median","50",2049,6,4,9
470,"Malta",4,"Median","51",2049,6,3,9
470,"Malta",4,"Median","52",2049,7,4,11
470,"Malta",4,"Median","53",2049,9,4,14
470,"Malta",4,"Median","54",2049,11,6,17
470,"Malta",4,"Median","55",2049,13,7,20
470,"Malta",4,"Median","56",2049,15,7,23
470,"Malta",4,"Median","57",2049,15,8,24
470,"Malta",4,"Median","58",2049,16,9,26
470,"Malta",4,"Median","59",2049,19,10,29
470,"Malta",4,"Median","60",2049,20,11,31
470,"Malta",4,"Median","61",2049,20,12,32
470,"Malta",4,"Median","62",2049,23,13,36
470,"Malta",4,"Median","63",2049,26,14,40
470,"Malta",4,"Median","64",2049,28,14,42
470,"Malta",4,"Median","65",2049,29,16,45
470,"Malta",4,"Median","66",2049,31,18,48
470,"Malta",4,"Median","67",2049,32,17,48
470,"Malta",4,"Median","68",2049,36,18,54
470,"Malta",4,"Median","69",2049,40,21,62
470,"Malta",4,"Median","70",2049,41,24,65
470,"Malta",4,"Median","71",2049,44,26,70
470,"Malta",4,"Median","72",2049,47,28,75
470,"Malta",4,"Median","73",2049,50,30,80
470,"Malta",4,"Median","74",2049,53,33,86
470,"Malta",4,"Median","75",2049,58,38,96
470,"Malta",4,"Median","76",2049,63,42,105
470,"Malta",4,"Median","77",2049,67,44,112
470,"Malta",4,"Median","78",2049,71,48,119
470,"Malta",4,"Median","79",2049,75,50,125
470,"Malta",4,"Median","80",2049,79,55,134
470,"Malta",4,"Median","81",2049,83,61,145
470,"Malta",4,"Median","82",2049,88,65,154
470,"Malta",4,"Median","83",2049,96,72,168
470,"Malta",4,"Median","84",2049,106,81,187
470,"Malta",4,"Median","85",2049,114,89,203
470,"Malta",4,"Median","86",2049,122,99,221
470,"Malta",4,"Median","87",2049,130,108,238
470,"Malta",4,"Median","88",2049,135,116,251
470,"Malta",4,"Median","89",2049,135,125,259
470,"Malta",4,"Median","90",2049,132,129,261
470,"Malta",4,"Median","91",2049,131,131,262
470,"Malta",4,"Median","92",2049,127,132,259
470,"Malta",4,"Median","93",2049,118,128,247
470,"Malta",4,"Median","94",2049,106,123,230
470,"Malta",4,"Median","95",2049,91,116,208
470,"Malta",4,"Median","96",2049,79,110,189
470,"Malta",4,"Median","97",2049,69,104,172
470,"Malta",4,"Median","98",2049,60,98,157
470,"Malta",4,"Median","99",2049,50,89,138
470,"Malta",4,"Median","100",2049,17,34,51
470,"Malta",4,"Median","101",2049,15,33,48
470,"Malta",4,"Median","102",2049,14,31,45
470,"Malta",4,"Median","103",2049,12,30,42
470,"Malta",4,"Median","104",2049,11,29,40
470,"Malta",4,"Median","105",2049,10,28,38
470,"Malta",4,"Median","106",2049,9,26,35
470,"Malta",4,"Median","107",2049,8,25,33
470,"Malta",4,"Median","108",2049,7,24,31
470,"Malta",4,"Median","109",2049,6,23,29
470,"Malta",4,"Median","110",2049,6,22,28
470,"Malta",4,"Median","0",2050,5,5,10
470,"Malta",4,"Median","1",2050,0,0,1
470,"Malta",4,"Median","2",2050,0,0,1
470,"Malta",4,"Median","3",2050,0,0,0
470,"Malta",4,"Median","4",2050,0,0,0
470,"Malta",4,"Median","5",2050,0,0,0
470,"Malta",4,"Median","6",2050,0,0,0
470,"Malta",4,"Median","7",2050,0,0,0
470,"Malta",4,"Median","8",2050,0,0,0
470,"Malta",4,"Median","9",2050,0,0,0
470,"Malta",4,"Median","10",2050,0,0,0
470,"Malta",4,"Median","11",2050,0,0,0
470,"Malta",4,"Median","12",2050,0,0,0
470,"Malta",4,"Median","13",2050,0,0,0
470,"Malta",4,"Median","14",2050,0,0,0
470,"Malta",4,"Median","15",2050,0,0,0
470,"Malta",4,"Median","16",2050,0,0,0
470,"Malta",4,"Median","17",2050,0,0,1
470,"Malta",4,"Median","18",2050,0,0,1
470,"Malta",4,"Median","19",2050,1,0,1
470,"Malta",4,"Median","20",2050,1,0,1
470,"Malta",4,"Median","21",2050,1,0,1
470,"Malta",4,"Median","22",2050,1,0,1
470,"Malta",4,"Median","23",2050,1,1,1
470,"Malta",4,"Median","24",2050,1,0,1
470,"Malta",4,"Median","25",2050,1,0,1
470,"Malta",4,"Median","26",2050,1,0,1
470,"Malta",4,"Median","27",2050,1,0,1
470,"Malta",4,"Median","28",2050,1,1,1
470,"Malta",4,"Median","29",2050,1,0,1
470,"Malta",4,"Median","30",2050,1,1,2
470,"Malta",4,"Median","31",2050,1,1,2
470,"Malta",4,"Median","32",2050,1,1,2
470,"Malta",4,"Median","33",2050,1,1,2
470,"Malta",4,"Median","34",2050,2,1,3
470,"Malta",4,"Median","35",2050,2,1,2
470,"Malta",4,"Median","36",2050,1,1,2
470,"Malta",4,"Median","37",2050,1,1,2
470,"Malta",4,"Median","38",2050,2,1,3
470,"Malta",4,"Median","39",2050,2,1,3
470,"Malta",4,"Median","40",2050,2,1,3
470,"Malta",4,"Median","41",2050,2,1,4
470,"Malta",4,"Median","42",2050,2,2,4
470,"Malta",4,"Median","43",2050,2,1,4
470,"Malta",4,"Median","44",2050,3,1,4
470,"Malta",4,"Median","45",2050,3,1,5
470,"Malta",4,"Median","46",2050,3,2,5
470,"Malta",4,"Median","47",2050,3,2,5
470,"Malta",4,"Median","48",2050,3,2,5
470,"Malta",4,"Median","49",2050,4,3,7
470,"Malta",4,"Median","50",2050,5,3,9
470,"Malta",4,"Median","51",2050,5,3,8
470,"Malta",4,"Median","52",2050,6,3,10
470,"Malta",4,"Median","53",2050,8,4,12
470,"Malta",4,"Median","54",2050,10,5,15
470,"Malta",4,"Median","55",2050,12,6,18
470,"Malta",4,"Median","56",2050,14,7,21
470,"Malta",4,"Median","57",2050,15,8,23
470,"Malta",4,"Median","58",2050,16,9,25
470,"Malta",4,"Median","59",2050,19,10,29
470,"Malta",4,"Median","60",2050,19,11,30
470,"Malta",4,"Median","61",2050,20,13,33
470,"Malta",4,"Median","62",2050,23,14,37
470,"Malta",4,"Median","63",2050,26,14,40
470,"Malta",4,"Median","64",2050,28,14,42
470,"Malta",4,"Median","65",2050,29,16,45
470,"Malta",4,"Median","66",2050,30,17,48
470,"Malta",4,"Median","67",2050,33,17,49
470,"Malta",4,"Median","68",2050,36,19,55
470,"Malta",4,"Median","69",2050,40,21,61
470,"Malta",4,"Median","70",2050,42,24,66
470,"Malta",4,"Median","71",2050,45,26,71
470,"Malta",4,"Median","72",2050,48,28,76
470,"Malta",4,"Median","73",2050,50,30,80
470,"Malta",4,"Median","74",2050,54,34,88
470,"Malta",4,"Median","75",2050,61,39,100
470,"Malta",4,"Median","76",2050,64,42,106
470,"Malta",4,"Median","77",2050,68,45,113
470,"Malta",4,"Median","78",2050,73,49,122
470,"Malta",4,"Median","79",2050,77,52,129
470,"Malta",4,"Median","80",2050,80,55,135
470,"Malta",4,"Median","81",2050,85,60,145
470,"Malta",4,"Median","82",2050,90,67,156
470,"Malta",4,"Median","83",2050,94,70,165
470,"Malta",4,"Median","84",2050,102,77,179
470,"Malta",4,"Median","85",2050,111,86,198
470,"Malta",4,"Median","86",2050,119,94,213
470,"Malta",4,"Median","87",2050,126,105,231
470,"Malta",4,"Median","88",2050,134,113,247
470,"Malta",4,"Median","89",2050,137,121,258
470,"Malta",4,"Median","90",2050,135,129,263
470,"Malta",4,"Median","91",2050,130,132,262
470,"Malta",4,"Median","92",2050,127,133,260
470,"Malta",4,"Median","93",2050,121,131,252
470,"Malta",4,"Median","94",2050,110,126,237
470,"Malta",4,"Median","95",2050,97,120,217
470,"Malta",4,"Median","96",2050,82,112,194
470,"Malta",4,"Median","97",2050,69,103,172
470,"Malta",4,"Median","98",2050,59,95,154
470,"Malta",4,"Median","99",2050,49,88,137
470,"Malta",4,"Median","100",2050,18,36,54
470,"Malta",4,"Median","101",2050,16,34,50
470,"Malta",4,"Median","102",2050,15,33,48
470,"Malta",4,"Median","103",2050,13,31,44
470,"Malta",4,"Median","104",2050,12,30,42
470,"Malta",4,"Median","105",2050,10,29,39
470,"Malta",4,"Median","106",2050,9,27,36
470,"Malta",4,"Median","107",2050,8,26,34
470,"Malta",4,"Median","108",2050,7,25,32
470,"Malta",4,"Median","109",2050,7,24,31
470,"Malta",4,"Median","110",2050,6,23,29
470,"Malta",4,"Median","0",2051,5,5,10
470,"Malta",4,"Median","1",2051,0,0,1
470,"Malta",4,"Median","2",2051,0,0,1
470,"Malta",4,"Median","3",2051,0,0,0
470,"Malta",4,"Median","4",2051,0,0,0
470,"Malta",4,"Median","5",2051,0,0,0
470,"Malta",4,"Median","6",2051,0,0,0
470,"Malta",4,"Median","7",2051,0,0,0
470,"Malta",4,"Median","8",2051,0,0,0
470,"Malta",4,"Median","9",2051,0,0,0
470,"Malta",4,"Median","10",2051,0,0,0
470,"Malta",4,"Median","11",2051,0,0,0
470,"Malta",4,"Median","12",2051,0,0,0
470,"Malta",4,"Median","13",2051,0,0,0
470,"Malta",4,"Median","14",2051,0,0,0
470,"Malta",4,"Median","15",2051,0,0,0
470,"Malta",4,"Median","16",2051,0,0,0
470,"Malta",4,"Median","17",2051,0,0,1
470,"Malta",4,"Median","18",2051,0,0,1
470,"Malta",4,"Median","19",2051,1,0,1
470,"Malta",4,"Median","20",2051,1,0,1
470,"Malta",4,"Median","21",2051,1,0,1
470,"Malta",4,"Median","22",2051,1,0,1
470,"Malta",4,"Median","23",2051,1,1,1
470,"Malta",4,"Median","24",2051,1,0,1
470,"Malta",4,"Median","25",2051,1,0,1
470,"Malta",4,"Median","26",2051,1,0,1
470,"Malta",4,"Median","27",2051,1,0,1
470,"Malta",4,"Median","28",2051,1,0,1
470,"Malta",4,"Median","29",2051,1,0,1
470,"Malta",4,"Median","30",2051,1,1,2
470,"Malta",4,"Median","31",2051,1,1,2
470,"Malta",4,"Median","32",2051,1,1,2
470,"Malta",4,"Median","33",2051,1,1,2
470,"Malta",4,"Median","34",2051,2,1,2
470,"Malta",4,"Median","35",2051,2,1,2
470,"Malta",4,"Median","36",2051,1,1,2
470,"Malta",4,"Median","37",2051,1,1,2
470,"Malta",4,"Median","38",2051,2,1,3
470,"Malta",4,"Median","39",2051,2,1,3
470,"Malta",4,"Median","40",2051,2,1,3
470,"Malta",4,"Median","41",2051,2,1,4
470,"Malta",4,"Median","42",2051,2,2,4
470,"Malta",4,"Median","43",2051,2,1,4
470,"Malta",4,"Median","44",2051,3,1,4
470,"Malta",4,"Median","45",2051,3,1,4
470,"Malta",4,"Median","46",2051,3,2,5
470,"Malta",4,"Median","47",2051,3,2,5
470,"Malta",4,"Median","48",2051,3,2,5
470,"Malta",4,"Median","49",2051,4,3,7
470,"Malta",4,"Median","50",2051,5,3,8
470,"Malta",4,"Median","51",2051,5,3,8
470,"Malta",4,"Median","52",2051,6,3,9
470,"Malta",4,"Median","53",2051,7,4,11
470,"Malta",4,"Median","54",2051,9,5,14
470,"Malta",4,"Median","55",2051,12,6,17
470,"Malta",4,"Median","56",2051,13,6,20
470,"Malta",4,"Median","57",2051,14,7,21
470,"Malta",4,"Median","58",2051,15,8,24
470,"Malta",4,"Median","59",2051,19,9,28
470,"Malta",4,"Median","60",2051,19,10,30
470,"Malta",4,"Median","61",2051,20,12,32
470,"Malta",4,"Median","62",2051,24,14,38
470,"Malta",4,"Median","63",2051,26,14,40
470,"Malta",4,"Median","64",2051,28,14,42
470,"Malta",4,"Median","65",2051,29,16,45
470,"Malta",4,"Median","66",2051,30,17,47
470,"Malta",4,"Median","67",2051,32,16,49
470,"Malta",4,"Median","68",2051,37,19,56
470,"Malta",4,"Median","69",2051,41,22,63
470,"Malta",4,"Median","70",2051,42,24,66
470,"Malta",4,"Median","71",2051,46,26,72
470,"Malta",4,"Median","72",2051,48,28,76
470,"Malta",4,"Median","73",2051,50,30,80
470,"Malta",4,"Median","74",2051,54,34,88
470,"Malta",4,"Median","75",2051,62,40,102
470,"Malta",4,"Median","76",2051,68,43,111
470,"Malta",4,"Median","77",2051,69,46,115
470,"Malta",4,"Median","78",2051,74,50,123
470,"Malta",4,"Median","79",2051,80,54,133
470,"Malta",4,"Median","80",2051,83,57,140
470,"Malta",4,"Median","81",2051,87,60,147
470,"Malta",4,"Median","82",2051,91,66,157
470,"Malta",4,"Median","83",2051,95,72,168
470,"Malta",4,"Median","84",2051,100,76,175
470,"Malta",4,"Median","85",2051,107,83,190
470,"Malta",4,"Median","86",2051,116,92,208
470,"Malta",4,"Median","87",2051,123,100,223
470,"Malta",4,"Median","88",2051,130,110,239
470,"Malta",4,"Median","89",2051,136,118,254
470,"Malta",4,"Median","90",2051,137,125,262
470,"Malta",4,"Median","91",2051,133,132,265
470,"Malta",4,"Median","92",2051,126,133,260
470,"Malta",4,"Median","93",2051,121,133,254
470,"Malta",4,"Median","94",2051,113,130,243
470,"Malta",4,"Median","95",2051,101,123,224
470,"Malta",4,"Median","96",2051,88,115,203
470,"Malta",4,"Median","97",2051,72,105,178
470,"Malta",4,"Median","98",2051,59,95,154
470,"Malta",4,"Median","99",2051,48,86,134
470,"Malta",4,"Median","100",2051,19,37,56
470,"Malta",4,"Median","101",2051,17,35,52
470,"Malta",4,"Median","102",2051,15,34,49
470,"Malta",4,"Median","103",2051,14,32,46
470,"Malta",4,"Median","104",2051,12,31,43
470,"Malta",4,"Median","105",2051,11,30,41
470,"Malta",4,"Median","106",2051,10,28,38
470,"Malta",4,"Median","107",2051,9,27,36
470,"Malta",4,"Median","108",2051,8,26,34
470,"Malta",4,"Median","109",2051,7,25,32
470,"Malta",4,"Median","110",2051,6,24,30
470,"Malta",4,"Median","0",2052,5,5,9
470,"Malta",4,"Median","1",2052,0,0,1
470,"Malta",4,"Median","2",2052,0,0,1
470,"Malta",4,"Median","3",2052,0,0,0
470,"Malta",4,"Median","4",2052,0,0,0
470,"Malta",4,"Median","5",2052,0,0,0
470,"Malta",4,"Median","6",2052,0,0,0
470,"Malta",4,"Median","7",2052,0,0,0
470,"Malta",4,"Median","8",2052,0,0,0
470,"Malta",4,"Median","9",2052,0,0,0
470,"Malta",4,"Median","10",2052,0,0,0
470,"Malta",4,"Median","11",2052,0,0,0
470,"Malta",4,"Median","12",2052,0,0,0
470,"Malta",4,"Median","13",2052,0,0,0
470,"Malta",4,"Median","14",2052,0,0,0
470,"Malta",4,"Median","15",2052,0,0,0
470,"Malta",4,"Median","16",2052,0,0,0
470,"Malta",4,"Median","17",2052,0,0,0
470,"Malta",4,"Median","18",2052,0,0,1
470,"Malta",4,"Median","19",2052,0,0,1
470,"Malta",4,"Median","20",2052,1,0,1
470,"Malta",4,"Median","21",2052,1,0,1
470,"Malta",4,"Median","22",2052,1,0,1
470,"Malta",4,"Median","23",2052,1,1,1
470,"Malta",4,"Median","24",2052,1,0,1
470,"Malta",4,"Median","25",2052,1,0,1
470,"Malta",4,"Median","26",2052,1,0,1
470,"Malta",4,"Median","27",2052,1,0,1
470,"Malta",4,"Median","28",2052,1,0,1
470,"Malta",4,"Median","29",2052,1,0,1
470,"Malta",4,"Median","30",2052,1,0,1
470,"Malta",4,"Median","31",2052,1,0,2
470,"Malta",4,"Median","32",2052,1,1,2
470,"Malta",4,"Median","33",2052,1,1,2
470,"Malta",4,"Median","34",2052,1,1,2
470,"Malta",4,"Median","35",2052,1,1,2
470,"Malta",4,"Median","36",2052,1,1,2
470,"Malta",4,"Median","37",2052,1,1,2
470,"Malta",4,"Median","38",2052,2,1,3
470,"Malta",4,"Median","39",2052,2,1,3
470,"Malta",4,"Median","40",2052,2,1,3
470,"Malta",4,"Median","41",2052,2,1,4
470,"Malta",4,"Median","42",2052,2,2,4
470,"Malta",4,"Median","43",2052,2,2,4
470,"Malta",4,"Median","44",2052,3,1,4
470,"Malta",4,"Median","45",2052,3,1,4
470,"Malta",4,"Median","46",2052,3,2,5
470,"Malta",4,"Median","47",2052,3,2,5
470,"Malta",4,"Median","48",2052,3,2,5
470,"Malta",4,"Median","49",2052,4,3,7
470,"Malta",4,"Median","50",2052,5,3,7
470,"Malta",4,"Median","51",2052,4,3,7
470,"Malta",4,"Median","52",2052,5,3,8
470,"Malta",4,"Median","53",2052,7,3,10
470,"Malta",4,"Median","54",2052,8,4,13
470,"Malta",4,"Median","55",2052,11,5,16
470,"Malta",4,"Median","56",2052,13,6,18
470,"Malta",4,"Median","57",2052,13,7,20
470,"Malta",4,"Median","58",2052,14,8,22
470,"Malta",4,"Median","59",2052,18,9,27
470,"Malta",4,"Median","60",2052,19,10,29
470,"Malta",4,"Median","61",2052,20,12,31
470,"Malta",4,"Median","62",2052,23,14,37
470,"Malta",4,"Median","63",2052,27,14,41
470,"Malta",4,"Median","64",2052,28,15,43
470,"Malta",4,"Median","65",2052,29,16,45
470,"Malta",4,"Median","66",2052,30,17,47
470,"Malta",4,"Median","67",2052,32,16,49
470,"Malta",4,"Median","68",2052,37,18,55
470,"Malta",4,"Median","69",2052,42,22,64
470,"Malta",4,"Median","70",2052,43,25,67
470,"Malta",4,"Median","71",2052,45,26,71
470,"Malta",4,"Median","72",2052,49,28,77
470,"Malta",4,"Median","73",2052,51,30,81
470,"Malta",4,"Median","74",2052,55,34,89
470,"Malta",4,"Median","75",2052,63,40,103
470,"Malta",4,"Median","76",2052,69,45,114
470,"Malta",4,"Median","77",2052,73,47,120
470,"Malta",4,"Median","78",2052,75,51,126
470,"Malta",4,"Median","79",2052,80,55,135
470,"Malta",4,"Median","80",2052,86,58,145
470,"Malta",4,"Median","81",2052,90,62,152
470,"Malta",4,"Median","82",2052,93,65,158
470,"Malta",4,"Median","83",2052,97,71,168
470,"Malta",4,"Median","84",2052,101,78,179
470,"Malta",4,"Median","85",2052,105,81,186
470,"Malta",4,"Median","86",2052,112,88,200
470,"Malta",4,"Median","87",2052,121,98,218
470,"Malta",4,"Median","88",2052,126,105,232
470,"Malta",4,"Median","89",2052,132,115,246
470,"Malta",4,"Median","90",2052,136,122,258
470,"Malta",4,"Median","91",2052,135,129,264
470,"Malta",4,"Median","92",2052,129,134,263
470,"Malta",4,"Median","93",2052,121,134,254
470,"Malta",4,"Median","94",2052,114,131,245
470,"Malta",4,"Median","95",2052,104,126,230
470,"Malta",4,"Median","96",2052,92,118,210
470,"Malta",4,"Median","97",2052,77,109,186
470,"Malta",4,"Median","98",2052,62,97,159
470,"Malta",4,"Median","99",2052,49,86,135
470,"Malta",4,"Median","100",2052,19,37,56
470,"Malta",4,"Median","101",2052,17,35,52
470,"Malta",4,"Median","102",2052,15,34,49
470,"Malta",4,"Median","103",2052,14,33,47
470,"Malta",4,"Median","104",2052,12,31,43
470,"Malta",4,"Median","105",2052,11,30,41
470,"Malta",4,"Median","106",2052,10,29,39
470,"Malta",4,"Median","107",2052,9,28,37
470,"Malta",4,"Median","108",2052,8,27,35
470,"Malta",4,"Median","109",2052,7,26,33
470,"Malta",4,"Median","110",2052,6,25,31
470,"Malta",4,"Median","0",2053,5,5,9
470,"Malta",4,"Median","1",2053,0,0,1
470,"Malta",4,"Median","2",2053,0,0,1
470,"Malta",4,"Median","3",2053,0,0,0
470,"Malta",4,"Median","4",2053,0,0,0
470,"Malta",4,"Median","5",2053,0,0,0
470,"Malta",4,"Median","6",2053,0,0,0
470,"Malta",4,"Median","7",2053,0,0,0
470,"Malta",4,"Median","8",2053,0,0,0
470,"Malta",4,"Median","9",2053,0,0,0
470,"Malta",4,"Median","10",2053,0,0,0
470,"Malta",4,"Median","11",2053,0,0,0
470,"Malta",4,"Median","12",2053,0,0,0
470,"Malta",4,"Median","13",2053,0,0,0
470,"Malta",4,"Median","14",2053,0,0,0
470,"Malta",4,"Median","15",2053,0,0,0
470,"Malta",4,"Median","16",2053,0,0,0
470,"Malta",4,"Median","17",2053,0,0,0
470,"Malta",4,"Median","18",2053,0,0,1
470,"Malta",4,"Median","19",2053,0,0,1
470,"Malta",4,"Median","20",2053,1,0,1
470,"Malta",4,"Median","21",2053,1,0,1
470,"Malta",4,"Median","22",2053,1,0,1
470,"Malta",4,"Median","23",2053,1,0,1
470,"Malta",4,"Median","24",2053,1,0,1
470,"Malta",4,"Median","25",2053,1,0,1
470,"Malta",4,"Median","26",2053,1,0,1
470,"Malta",4,"Median","27",2053,1,0,1
470,"Malta",4,"Median","28",2053,1,0,1
470,"Malta",4,"Median","29",2053,1,0,1
470,"Malta",4,"Median","30",2053,1,0,1
470,"Malta",4,"Median","31",2053,1,0,2
470,"Malta",4,"Median","32",2053,1,1,2
470,"Malta",4,"Median","33",2053,1,1,2
470,"Malta",4,"Median","34",2053,1,1,2
470,"Malta",4,"Median","35",2053,1,1,2
470,"Malta",4,"Median","36",2053,1,1,2
470,"Malta",4,"Median","37",2053,1,1,2
470,"Malta",4,"Median","38",2053,2,1,3
470,"Malta",4,"Median","39",2053,2,1,3
470,"Malta",4,"Median","40",2053,2,1,3
470,"Malta",4,"Median","41",2053,2,1,4
470,"Malta",4,"Median","42",2053,2,2,4
470,"Malta",4,"Median","43",2053,2,1,4
470,"Malta",4,"Median","44",2053,3,1,4
470,"Malta",4,"Median","45",2053,3,1,4
470,"Malta",4,"Median","46",2053,3,2,5
470,"Malta",4,"Median","47",2053,3,2,5
470,"Malta",4,"Median","48",2053,3,2,5
470,"Malta",4,"Median","49",2053,4,3,7
470,"Malta",4,"Median","50",2053,4,3,7
470,"Malta",4,"Median","51",2053,4,3,7
470,"Malta",4,"Median","52",2053,5,3,8
470,"Malta",4,"Median","53",2053,6,3,9
470,"Malta",4,"Median","54",2053,7,4,11
470,"Malta",4,"Median","55",2053,10,5,14
470,"Malta",4,"Median","56",2053,11,5,17
470,"Malta",4,"Median","57",2053,12,6,18
470,"Malta",4,"Median","58",2053,13,7,21
470,"Malta",4,"Median","59",2053,17,8,25
470,"Malta",4,"Median","60",2053,18,10,28
470,"Malta",4,"Median","61",2053,19,11,31
470,"Malta",4,"Median","62",2053,23,13,36
470,"Malta",4,"Median","63",2053,26,14,41
470,"Malta",4,"Median","64",2053,29,15,44
470,"Malta",4,"Median","65",2053,30,17,46
470,"Malta",4,"Median","66",2053,30,17,47
470,"Malta",4,"Median","67",2053,32,16,49
470,"Malta",4,"Median","68",2053,37,18,55
470,"Malta",4,"Median","69",2053,42,22,63
470,"Malta",4,"Median","70",2053,44,25,69
470,"Malta",4,"Median","71",2053,46,27,73
470,"Malta",4,"Median","72",2053,49,28,77
470,"Malta",4,"Median","73",2053,52,30,82
470,"Malta",4,"Median","74",2053,56,34,90
470,"Malta",4,"Median","75",2053,63,40,103
470,"Malta",4,"Median","76",2053,69,45,114
470,"Malta",4,"Median","77",2053,75,49,123
470,"Malta",4,"Median","78",2053,80,52,132
470,"Malta",4,"Median","79",2053,82,56,138
470,"Malta",4,"Median","80",2053,87,60,147
470,"Malta",4,"Median","81",2053,93,64,157
470,"Malta",4,"Median","82",2053,97,68,165
470,"Malta",4,"Median","83",2053,100,71,170
470,"Malta",4,"Median","84",2053,104,77,180
470,"Malta",4,"Median","85",2053,107,83,190
470,"Malta",4,"Median","86",2053,110,87,197
470,"Malta",4,"Median","87",2053,117,94,210
470,"Malta",4,"Median","88",2053,124,103,227
470,"Malta",4,"Median","89",2053,129,110,239
470,"Malta",4,"Median","90",2053,132,119,251
470,"Malta",4,"Median","91",2053,135,126,261
470,"Malta",4,"Median","92",2053,132,131,263
470,"Malta",4,"Median","93",2053,124,134,258
470,"Malta",4,"Median","94",2053,114,132,246
470,"Malta",4,"Median","95",2053,105,128,232
470,"Malta",4,"Median","96",2053,94,122,216
470,"Malta",4,"Median","97",2053,81,112,193
470,"Malta",4,"Median","98",2053,66,101,167
470,"Malta",4,"Median","99",2053,52,88,140
470,"Malta",4,"Median","100",2053,19,36,55
470,"Malta",4,"Median","101",2053,17,35,52
470,"Malta",4,"Median","102",2053,15,34,49
470,"Malta",4,"Median","103",2053,14,33,47
470,"Malta",4,"Median","104",2053,13,31,44
470,"Malta",4,"Median","105",2053,11,30,41
470,"Malta",4,"Median","106",2053,10,30,40
470,"Malta",4,"Median","107",2053,9,29,38
470,"Malta",4,"Median","108",2053,8,28,36
470,"Malta",4,"Median","109",2053,8,27,35
470,"Malta",4,"Median","110",2053,7,26,33
470,"Malta",4,"Median","0",2054,4,5,9
470,"Malta",4,"Median","1",2054,0,0,1
470,"Malta",4,"Median","2",2054,0,0,1
470,"Malta",4,"Median","3",2054,0,0,0
470,"Malta",4,"Median","4",2054,0,0,0
470,"Malta",4,"Median","5",2054,0,0,0
470,"Malta",4,"Median","6",2054,0,0,0
470,"Malta",4,"Median","7",2054,0,0,0
470,"Malta",4,"Median","8",2054,0,0,0
470,"Malta",4,"Median","9",2054,0,0,0
470,"Malta",4,"Median","10",2054,0,0,0
470,"Malta",4,"Median","11",2054,0,0,0
470,"Malta",4,"Median","12",2054,0,0,0
470,"Malta",4,"Median","13",2054,0,0,0
470,"Malta",4,"Median","14",2054,0,0,0
470,"Malta",4,"Median","15",2054,0,0,0
470,"Malta",4,"Median","16",2054,0,0,0
470,"Malta",4,"Median","17",2054,0,0,0
470,"Malta",4,"Median","18",2054,0,0,1
470,"Malta",4,"Median","19",2054,0,0,1
470,"Malta",4,"Median","20",2054,1,0,1
470,"Malta",4,"Median","21",2054,1,0,1
470,"Malta",4,"Median","22",2054,1,0,1
470,"Malta",4,"Median","23",2054,1,0,1
470,"Malta",4,"Median","24",2054,1,0,1
470,"Malta",4,"Median","25",2054,1,0,1
470,"Malta",4,"Median","26",2054,1,0,1
470,"Malta",4,"Median","27",2054,1,0,1
470,"Malta",4,"Median","28",2054,1,0,1
470,"Malta",4,"Median","29",2054,1,0,1
470,"Malta",4,"Median","30",2054,1,0,1
470,"Malta",4,"Median","31",2054,1,0,1
470,"Malta",4,"Median","32",2054,1,1,2
470,"Malta",4,"Median","33",2054,1,1,2
470,"Malta",4,"Median","34",2054,1,1,2
470,"Malta",4,"Median","35",2054,1,1,2
470,"Malta",4,"Median","36",2054,1,1,2
470,"Malta",4,"Median","37",2054,1,1,2
470,"Malta",4,"Median","38",2054,2,1,3
470,"Malta",4,"Median","39",2054,2,1,3
470,"Malta",4,"Median","40",2054,2,1,3
470,"Malta",4,"Median","41",2054,2,1,3
470,"Malta",4,"Median","42",2054,2,2,4
470,"Malta",4,"Median","43",2054,2,1,4
470,"Malta",4,"Median","44",2054,3,1,4
470,"Malta",4,"Median","45",2054,3,1,4
470,"Malta",4,"Median","46",2054,3,2,5
470,"Malta",4,"Median","47",2054,3,2,5
470,"Malta",4,"Median","48",2054,3,2,5
470,"Malta",4,"Median","49",2054,4,3,6
470,"Malta",4,"Median","50",2054,4,3,7
470,"Malta",4,"Median","51",2054,4,3,7
470,"Malta",4,"Median","52",2054,5,2,7
470,"Malta",4,"Median","53",2054,6,3,9
470,"Malta",4,"Median","54",2054,7,4,11
470,"Malta",4,"Median","55",2054,9,4,13
470,"Malta",4,"Median","56",2054,10,5,15
470,"Malta",4,"Median","57",2054,11,6,17
470,"Malta",4,"Median","58",2054,13,7,19
470,"Malta",4,"Median","59",2054,16,7,23
470,"Malta",4,"Median","60",2054,17,9,26
470,"Malta",4,"Median","61",2054,18,11,29
470,"Malta",4,"Median","62",2054,22,13,35
470,"Malta",4,"Median","63",2054,26,14,40
470,"Malta",4,"Median","64",2054,28,15,43
470,"Malta",4,"Median","65",2054,30,17,47
470,"Malta",4,"Median","66",2054,31,18,49
470,"Malta",4,"Median","67",2054,33,16,49
470,"Malta",4,"Median","68",2054,37,18,55
470,"Malta",4,"Median","69",2054,42,21,63
470,"Malta",4,"Median","70",2054,44,24,68
470,"Malta",4,"Median","71",2054,47,27,74
470,"Malta",4,"Median","72",2054,50,29,79
470,"Malta",4,"Median","73",2054,52,30,82
470,"Malta",4,"Median","74",2054,57,34,91
470,"Malta",4,"Median","75",2054,64,41,105
470,"Malta",4,"Median","76",2054,70,45,115
470,"Malta",4,"Median","77",2054,75,49,124
470,"Malta",4,"Median","78",2054,82,53,135
470,"Malta",4,"Median","79",2054,88,57,145
470,"Malta",4,"Median","80",2054,89,61,150
470,"Malta",4,"Median","81",2054,94,65,160
470,"Malta",4,"Median","82",2054,101,70,170
470,"Malta",4,"Median","83",2054,104,73,177
470,"Malta",4,"Median","84",2054,106,76,182
470,"Malta",4,"Median","85",2054,109,82,191
470,"Malta",4,"Median","86",2054,112,89,201
470,"Malta",4,"Median","87",2054,115,92,207
470,"Malta",4,"Median","88",2054,120,99,219
470,"Malta",4,"Median","89",2054,127,108,234
470,"Malta",4,"Median","90",2054,129,115,244
470,"Malta",4,"Median","91",2054,131,123,254
470,"Malta",4,"Median","92",2054,131,128,260
470,"Malta",4,"Median","93",2054,127,131,258
470,"Malta",4,"Median","94",2054,117,133,250
470,"Malta",4,"Median","95",2054,105,129,234
470,"Malta",4,"Median","96",2054,95,123,218
470,"Malta",4,"Median","97",2054,84,115,199
470,"Malta",4,"Median","98",2054,70,104,173
470,"Malta",4,"Median","99",2054,55,91,146
470,"Malta",4,"Median","100",2054,19,35,54
470,"Malta",4,"Median","101",2054,17,34,51
470,"Malta",4,"Median","102",2054,16,33,49
470,"Malta",4,"Median","103",2054,14,33,47
470,"Malta",4,"Median","104",2054,13,32,45
470,"Malta",4,"Median","105",2054,12,31,43
470,"Malta",4,"Median","106",2054,11,30,41
470,"Malta",4,"Median","107",2054,10,30,40
470,"Malta",4,"Median","108",2054,9,29,38
470,"Malta",4,"Median","109",2054,8,28,36
470,"Malta",4,"Median","110",2054,7,27,34
470,"Malta",4,"Median","0",2055,4,4,9
470,"Malta",4,"Median","1",2055,0,0,1
470,"Malta",4,"Median","2",2055,0,0,1
470,"Malta",4,"Median","3",2055,0,0,0
470,"Malta",4,"Median","4",2055,0,0,0
470,"Malta",4,"Median","5",2055,0,0,0
470,"Malta",4,"Median","6",2055,0,0,0
470,"Malta",4,"Median","7",2055,0,0,0
470,"Malta",4,"Median","8",2055,0,0,0
470,"Malta",4,"Median","9",2055,0,0,0
470,"Malta",4,"Median","10",2055,0,0,0
470,"Malta",4,"Median","11",2055,0,0,0
470,"Malta",4,"Median","12",2055,0,0,0
470,"Malta",4,"Median","13",2055,0,0,0
470,"Malta",4,"Median","14",2055,0,0,0
470,"Malta",4,"Median","15",2055,0,0,0
470,"Malta",4,"Median","16",2055,0,0,0
470,"Malta",4,"Median","17",2055,0,0,0
470,"Malta",4,"Median","18",2055,0,0,1
470,"Malta",4,"Median","19",2055,0,0,1
470,"Malta",4,"Median","20",2055,1,0,1
470,"Malta",4,"Median","21",2055,1,0,1
470,"Malta",4,"Median","22",2055,1,0,1
470,"Malta",4,"Median","23",2055,1,0,1
470,"Malta",4,"Median","24",2055,1,0,1
470,"Malta",4,"Median","25",2055,1,0,1
470,"Malta",4,"Median","26",2055,1,0,1
470,"Malta",4,"Median","27",2055,1,0,1
470,"Malta",4,"Median","28",2055,1,0,1
470,"Malta",4,"Median","29",2055,1,0,1
470,"Malta",4,"Median","30",2055,1,0,1
470,"Malta",4,"Median","31",2055,1,0,1
470,"Malta",4,"Median","32",2055,1,1,2
470,"Malta",4,"Median","33",2055,1,1,2
470,"Malta",4,"Median","34",2055,1,1,2
470,"Malta",4,"Median","35",2055,1,1,2
470,"Malta",4,"Median","36",2055,1,1,2
470,"Malta",4,"Median","37",2055,1,1,2
470,"Malta",4,"Median","38",2055,2,1,3
470,"Malta",4,"Median","39",2055,2,1,3
470,"Malta",4,"Median","40",2055,2,1,3
470,"Malta",4,"Median","41",2055,2,1,3
470,"Malta",4,"Median","42",2055,2,1,4
470,"Malta",4,"Median","43",2055,2,1,4
470,"Malta",4,"Median","44",2055,3,1,4
470,"Malta",4,"Median","45",2055,3,1,4
470,"Malta",4,"Median","46",2055,3,2,5
470,"Malta",4,"Median","47",2055,3,2,5
470,"Malta",4,"Median","48",2055,3,2,5
470,"Malta",4,"Median","49",2055,4,3,6
470,"Malta",4,"Median","50",2055,4,3,7
470,"Malta",4,"Median","51",2055,4,3,7
470,"Malta",4,"Median","52",2055,4,2,7
470,"Malta",4,"Median","53",2055,5,3,8
470,"Malta",4,"Median","54",2055,6,4,10
470,"Malta",4,"Median","55",2055,8,4,12
470,"Malta",4,"Median","56",2055,9,4,14
470,"Malta",4,"Median","57",2055,10,5,15
470,"Malta",4,"Median","58",2055,12,6,18
470,"Malta",4,"Median","59",2055,15,7,21
470,"Malta",4,"Median","60",2055,16,8,24
470,"Malta",4,"Median","61",2055,17,10,27
470,"Malta",4,"Median","62",2055,21,12,34
470,"Malta",4,"Median","63",2055,25,13,38
470,"Malta",4,"Median","64",2055,28,15,42
470,"Malta",4,"Median","65",2055,29,17,46
470,"Malta",4,"Median","66",2055,31,18,49
470,"Malta",4,"Median","67",2055,33,17,50
470,"Malta",4,"Median","68",2055,37,18,55
470,"Malta",4,"Median","69",2055,42,21,63
470,"Malta",4,"Median","70",2055,44,24,68
470,"Malta",4,"Median","71",2055,47,26,74
470,"Malta",4,"Median","72",2055,51,29,80
470,"Malta",4,"Median","73",2055,53,31,84
470,"Malta",4,"Median","74",2055,57,34,91
470,"Malta",4,"Median","75",2055,65,41,106
470,"Malta",4,"Median","76",2055,71,45,116
470,"Malta",4,"Median","77",2055,76,48,125
470,"Malta",4,"Median","78",2055,82,53,136
470,"Malta",4,"Median","79",2055,89,59,148
470,"Malta",4,"Median","80",2055,95,62,157
470,"Malta",4,"Median","81",2055,97,66,163
470,"Malta",4,"Median","82",2055,102,71,173
470,"Malta",4,"Median","83",2055,108,76,183
470,"Malta",4,"Median","84",2055,110,79,190
470,"Malta",4,"Median","85",2055,112,82,194
470,"Malta",4,"Median","86",2055,115,88,203
470,"Malta",4,"Median","87",2055,117,95,211
470,"Malta",4,"Median","88",2055,118,97,216
470,"Malta",4,"Median","89",2055,123,104,226
470,"Malta",4,"Median","90",2055,127,112,240
470,"Malta",4,"Median","91",2055,129,118,247
470,"Malta",4,"Median","92",2055,128,125,253
470,"Malta",4,"Median","93",2055,126,129,255
470,"Malta",4,"Median","94",2055,120,130,250
470,"Malta",4,"Median","95",2055,108,130,238
470,"Malta",4,"Median","96",2055,95,125,220
470,"Malta",4,"Median","97",2055,84,117,202
470,"Malta",4,"Median","98",2055,72,107,179
470,"Malta",4,"Median","99",2055,58,94,152
470,"Malta",4,"Median","100",2055,19,34,53
470,"Malta",4,"Median","101",2055,18,34,52
470,"Malta",4,"Median","102",2055,16,33,49
470,"Malta",4,"Median","103",2055,15,33,48
470,"Malta",4,"Median","104",2055,14,32,46
470,"Malta",4,"Median","105",2055,12,32,44
470,"Malta",4,"Median","106",2055,11,31,42
470,"Malta",4,"Median","107",2055,10,31,41
470,"Malta",4,"Median","108",2055,10,30,40
470,"Malta",4,"Median","109",2055,9,30,39
470,"Malta",4,"Median","110",2055,8,29,37
470,"Malta",4,"Median","0",2056,4,4,9
470,"Malta",4,"Median","1",2056,0,0,1
470,"Malta",4,"Median","2",2056,0,0,1
470,"Malta",4,"Median","3",2056,0,0,0
470,"Malta",4,"Median","4",2056,0,0,0
470,"Malta",4,"Median","5",2056,0,0,0
470,"Malta",4,"Median","6",2056,0,0,0
470,"Malta",4,"Median","7",2056,0,0,0
470,"Malta",4,"Median","8",2056,0,0,0
470,"Malta",4,"Median","9",2056,0,0,0
470,"Malta",4,"Median","10",2056,0,0,0
470,"Malta",4,"Median","11",2056,0,0,0
470,"Malta",4,"Median","12",2056,0,0,0
470,"Malta",4,"Median","13",2056,0,0,0
470,"Malta",4,"Median","14",2056,0,0,0
470,"Malta",4,"Median","15",2056,0,0,0
470,"Malta",4,"Median","16",2056,0,0,0
470,"Malta",4,"Median","17",2056,0,0,0
470,"Malta",4,"Median","18",2056,0,0,1
470,"Malta",4,"Median","19",2056,0,0,1
470,"Malta",4,"Median","20",2056,1,0,1
470,"Malta",4,"Median","21",2056,1,0,1
470,"Malta",4,"Median","22",2056,1,0,1
470,"Malta",4,"Median","23",2056,1,0,1
470,"Malta",4,"Median","24",2056,1,0,1
470,"Malta",4,"Median","25",2056,1,0,1
470,"Malta",4,"Median","26",2056,1,0,1
470,"Malta",4,"Median","27",2056,1,0,1
470,"Malta",4,"Median","28",2056,1,0,1
470,"Malta",4,"Median","29",2056,1,0,1
470,"Malta",4,"Median","30",2056,1,0,1
470,"Malta",4,"Median","31",2056,1,0,1
470,"Malta",4,"Median","32",2056,1,1,2
470,"Malta",4,"Median","33",2056,1,1,2
470,"Malta",4,"Median","34",2056,1,1,2
470,"Malta",4,"Median","35",2056,1,1,2
470,"Malta",4,"Median","36",2056,1,1,2
470,"Malta",4,"Median","37",2056,1,1,2
470,"Malta",4,"Median","38",2056,2,1,3
470,"Malta",4,"Median","39",2056,2,1,3
470,"Malta",4,"Median","40",2056,2,1,3
470,"Malta",4,"Median","41",2056,2,1,3
470,"Malta",4,"Median","42",2056,2,1,3
470,"Malta",4,"Median","43",2056,2,1,3
470,"Malta",4,"Median","44",2056,3,1,4
470,"Malta",4,"Median","45",2056,3,1,4
470,"Malta",4,"Median","46",2056,3,2,5
470,"Malta",4,"Median","47",2056,3,2,5
470,"Malta",4,"Median","48",2056,3,2,5
470,"Malta",4,"Median","49",2056,4,3,6
470,"Malta",4,"Median","50",2056,4,3,7
470,"Malta",4,"Median","51",2056,4,3,7
470,"Malta",4,"Median","52",2056,4,3,7
470,"Malta",4,"Median","53",2056,5,3,8
470,"Malta",4,"Median","54",2056,6,3,9
470,"Malta",4,"Median","55",2056,7,4,11
470,"Malta",4,"Median","56",2056,8,4,13
470,"Malta",4,"Median","57",2056,9,5,14
470,"Malta",4,"Median","58",2056,10,5,16
470,"Malta",4,"Median","59",2056,13,6,20
470,"Malta",4,"Median","60",2056,15,7,22
470,"Malta",4,"Median","61",2056,16,9,25
470,"Malta",4,"Median","62",2056,20,11,31
470,"Malta",4,"Median","63",2056,24,13,37
470,"Malta",4,"Median","64",2056,27,14,41
470,"Malta",4,"Median","65",2056,29,16,45
470,"Malta",4,"Median","66",2056,31,18,49
470,"Malta",4,"Median","67",2056,33,17,51
470,"Malta",4,"Median","68",2056,38,19,57
470,"Malta",4,"Median","69",2056,42,22,63
470,"Malta",4,"Median","70",2056,44,24,68
470,"Malta",4,"Median","71",2056,47,26,73
470,"Malta",4,"Median","72",2056,51,29,80
470,"Malta",4,"Median","73",2056,54,31,86
470,"Malta",4,"Median","74",2056,58,35,93
470,"Malta",4,"Median","75",2056,65,40,106
470,"Malta",4,"Median","76",2056,72,45,118
470,"Malta",4,"Median","77",2056,77,49,126
470,"Malta",4,"Median","78",2056,83,53,137
470,"Malta",4,"Median","79",2056,90,59,149
470,"Malta",4,"Median","80",2056,97,64,161
470,"Malta",4,"Median","81",2056,103,68,171
470,"Malta",4,"Median","82",2056,104,73,177
470,"Malta",4,"Median","83",2056,109,77,186
470,"Malta",4,"Median","84",2056,115,82,196
470,"Malta",4,"Median","85",2056,117,85,202
470,"Malta",4,"Median","86",2056,118,87,205
470,"Malta",4,"Median","87",2056,120,93,213
470,"Malta",4,"Median","88",2056,121,100,221
470,"Malta",4,"Median","89",2056,121,102,223
470,"Malta",4,"Median","90",2056,124,108,232
470,"Malta",4,"Median","91",2056,127,116,243
470,"Malta",4,"Median","92",2056,126,120,246
470,"Malta",4,"Median","93",2056,124,126,249
470,"Malta",4,"Median","94",2056,120,128,248
470,"Malta",4,"Median","95",2056,111,127,238
470,"Malta",4,"Median","96",2056,99,126,225
470,"Malta",4,"Median","97",2056,85,119,204
470,"Malta",4,"Median","98",2056,73,109,182
470,"Malta",4,"Median","99",2056,60,97,158
470,"Malta",4,"Median","100",2056,20,34,54
470,"Malta",4,"Median","101",2056,18,34,52
470,"Malta",4,"Median","102",2056,17,33,50
470,"Malta",4,"Median","103",2056,15,33,48
470,"Malta",4,"Median","104",2056,14,33,47
470,"Malta",4,"Median","105",2056,13,32,45
470,"Malta",4,"Median","106",2056,12,32,44
470,"Malta",4,"Median","107",2056,11,32,43
470,"Malta",4,"Median","108",2056,10,32,42
470,"Malta",4,"Median","109",2056,10,31,41
470,"Malta",4,"Median","110",2056,9,31,40
470,"Malta",4,"Median","0",2057,4,4,8
470,"Malta",4,"Median","1",2057,0,0,1
470,"Malta",4,"Median","2",2057,0,0,1
470,"Malta",4,"Median","3",2057,0,0,0
470,"Malta",4,"Median","4",2057,0,0,0
470,"Malta",4,"Median","5",2057,0,0,0
470,"Malta",4,"Median","6",2057,0,0,0
470,"Malta",4,"Median","7",2057,0,0,0
470,"Malta",4,"Median","8",2057,0,0,0
470,"Malta",4,"Median","9",2057,0,0,0
470,"Malta",4,"Median","10",2057,0,0,0
470,"Malta",4,"Median","11",2057,0,0,0
470,"Malta",4,"Median","12",2057,0,0,0
470,"Malta",4,"Median","13",2057,0,0,0
470,"Malta",4,"Median","14",2057,0,0,0
470,"Malta",4,"Median","15",2057,0,0,0
470,"Malta",4,"Median","16",2057,0,0,0
470,"Malta",4,"Median","17",2057,0,0,0
470,"Malta",4,"Median","18",2057,0,0,1
470,"Malta",4,"Median","19",2057,0,0,1
470,"Malta",4,"Median","20",2057,1,0,1
470,"Malta",4,"Median","21",2057,1,0,1
470,"Malta",4,"Median","22",2057,1,0,1
470,"Malta",4,"Median","23",2057,1,0,1
470,"Malta",4,"Median","24",2057,1,0,1
470,"Malta",4,"Median","25",2057,1,0,1
470,"Malta",4,"Median","26",2057,1,0,1
470,"Malta",4,"Median","27",2057,1,0,1
470,"Malta",4,"Median","28",2057,1,0,1
470,"Malta",4,"Median","29",2057,1,0,1
470,"Malta",4,"Median","30",2057,1,0,1
470,"Malta",4,"Median","31",2057,1,0,1
470,"Malta",4,"Median","32",2057,1,1,2
470,"Malta",4,"Median","33",2057,1,1,2
470,"Malta",4,"Median","34",2057,1,1,2
470,"Malta",4,"Median","35",2057,1,1,2
470,"Malta",4,"Median","36",2057,1,1,2
470,"Malta",4,"Median","37",2057,1,1,2
470,"Malta",4,"Median","38",2057,2,1,3
470,"Malta",4,"Median","39",2057,2,1,3
470,"Malta",4,"Median","40",2057,2,1,3
470,"Malta",4,"Median","41",2057,2,1,3
470,"Malta",4,"Median","42",2057,2,1,3
470,"Malta",4,"Median","43",2057,2,1,3
470,"Malta",4,"Median","44",2057,3,1,4
470,"Malta",4,"Median","45",2057,3,1,4
470,"Malta",4,"Median","46",2057,3,2,5
470,"Malta",4,"Median","47",2057,3,2,5
470,"Malta",4,"Median","48",2057,3,2,5
470,"Malta",4,"Median","49",2057,4,3,6
470,"Malta",4,"Median","50",2057,4,3,7
470,"Malta",4,"Median","51",2057,4,3,6
470,"Malta",4,"Median","52",2057,4,2,7
470,"Malta",4,"Median","53",2057,5,3,8
470,"Malta",4,"Median","54",2057,6,3,9
470,"Malta",4,"Median","55",2057,7,3,10
470,"Malta",4,"Median","56",2057,8,4,12
470,"Malta",4,"Median","57",2057,8,4,13
470,"Malta",4,"Median","58",2057,9,5,14
470,"Malta",4,"Median","59",2057,12,6,18
470,"Malta",4,"Median","60",2057,14,7,20
470,"Malta",4,"Median","61",2057,15,8,24
470,"Malta",4,"Median","62",2057,19,10,29
470,"Malta",4,"Median","63",2057,23,12,34
470,"Malta",4,"Median","64",2057,26,13,39
470,"Malta",4,"Median","65",2057,28,16,44
470,"Malta",4,"Median","66",2057,30,17,48
470,"Malta",4,"Median","67",2057,33,17,50
470,"Malta",4,"Median","68",2057,38,19,58
470,"Malta",4,"Median","69",2057,42,22,65
470,"Malta",4,"Median","70",2057,44,24,68
470,"Malta",4,"Median","71",2057,47,26,73
470,"Malta",4,"Median","72",2057,51,28,79
470,"Malta",4,"Median","73",2057,54,31,85
470,"Malta",4,"Median","74",2057,59,36,95
470,"Malta",4,"Median","75",2057,66,42,108
470,"Malta",4,"Median","76",2057,72,45,117
470,"Malta",4,"Median","77",2057,78,49,128
470,"Malta",4,"Median","78",2057,84,54,138
470,"Malta",4,"Median","79",2057,91,59,150
470,"Malta",4,"Median","80",2057,97,64,162
470,"Malta",4,"Median","81",2057,105,70,175
470,"Malta",4,"Median","82",2057,111,74,186
470,"Malta",4,"Median","83",2057,112,79,191
470,"Malta",4,"Median","84",2057,116,84,200
470,"Malta",4,"Median","85",2057,121,88,209
470,"Malta",4,"Median","86",2057,123,91,214
470,"Malta",4,"Median","87",2057,123,93,216
470,"Malta",4,"Median","88",2057,124,99,223
470,"Malta",4,"Median","89",2057,124,105,228
470,"Malta",4,"Median","90",2057,122,106,228
470,"Malta",4,"Median","91",2057,123,111,235
470,"Malta",4,"Median","92",2057,124,118,243
470,"Malta",4,"Median","93",2057,122,121,243
470,"Malta",4,"Median","94",2057,117,125,242
470,"Malta",4,"Median","95",2057,111,125,236
470,"Malta",4,"Median","96",2057,101,124,225
470,"Malta",4,"Median","97",2057,88,120,208
470,"Malta",4,"Median","98",2057,74,111,184
470,"Malta",4,"Median","99",2057,61,99,161
470,"Malta",4,"Median","100",2057,20,34,54
470,"Malta",4,"Median","101",2057,19,34,53
470,"Malta",4,"Median","102",2057,17,34,51
470,"Malta",4,"Median","103",2057,16,34,50
470,"Malta",4,"Median","104",2057,15,33,48
470,"Malta",4,"Median","105",2057,14,33,47
470,"Malta",4,"Median","106",2057,13,33,46
470,"Malta",4,"Median","107",2057,12,33,45
470,"Malta",4,"Median","108",2057,11,33,44
470,"Malta",4,"Median","109",2057,10,33,43
470,"Malta",4,"Median","110",2057,10,33,43
470,"Malta",4,"Median","0",2058,4,4,8
470,"Malta",4,"Median","1",2058,0,0,1
470,"Malta",4,"Median","2",2058,0,0,1
470,"Malta",4,"Median","3",2058,0,0,0
470,"Malta",4,"Median","4",2058,0,0,0
470,"Malta",4,"Median","5",2058,0,0,0
470,"Malta",4,"Median","6",2058,0,0,0
470,"Malta",4,"Median","7",2058,0,0,0
470,"Malta",4,"Median","8",2058,0,0,0
470,"Malta",4,"Median","9",2058,0,0,0
470,"Malta",4,"Median","10",2058,0,0,0
470,"Malta",4,"Median","11",2058,0,0,0
470,"Malta",4,"Median","12",2058,0,0,0
470,"Malta",4,"Median","13",2058,0,0,0
470,"Malta",4,"Median","14",2058,0,0,0
470,"Malta",4,"Median","15",2058,0,0,0
470,"Malta",4,"Median","16",2058,0,0,0
470,"Malta",4,"Median","17",2058,0,0,0
470,"Malta",4,"Median","18",2058,0,0,1
470,"Malta",4,"Median","19",2058,0,0,1
470,"Malta",4,"Median","20",2058,1,0,1
470,"Malta",4,"Median","21",2058,1,0,1
470,"Malta",4,"Median","22",2058,1,0,1
470,"Malta",4,"Median","23",2058,1,0,1
470,"Malta",4,"Median","24",2058,1,0,1
470,"Malta",4,"Median","25",2058,1,0,1
470,"Malta",4,"Median","26",2058,1,0,1
470,"Malta",4,"Median","27",2058,1,0,1
470,"Malta",4,"Median","28",2058,1,0,1
470,"Malta",4,"Median","29",2058,1,0,1
470,"Malta",4,"Median","30",2058,1,0,1
470,"Malta",4,"Median","31",2058,1,0,1
470,"Malta",4,"Median","32",2058,1,1,2
470,"Malta",4,"Median","33",2058,1,1,2
470,"Malta",4,"Median","34",2058,1,1,2
470,"Malta",4,"Median","35",2058,1,1,2
470,"Malta",4,"Median","36",2058,1,1,2
470,"Malta",4,"Median","37",2058,1,1,2
470,"Malta",4,"Median","38",2058,2,1,2
470,"Malta",4,"Median","39",2058,2,1,3
470,"Malta",4,"Median","40",2058,2,1,3
470,"Malta",4,"Median","41",2058,2,1,3
470,"Malta",4,"Median","42",2058,2,1,3
470,"Malta",4,"Median","43",2058,2,1,3
470,"Malta",4,"Median","44",2058,2,1,4
470,"Malta",4,"Median","45",2058,3,1,4
470,"Malta",4,"Median","46",2058,3,2,5
470,"Malta",4,"Median","47",2058,3,2,5
470,"Malta",4,"Median","48",2058,3,2,5
470,"Malta",4,"Median","49",2058,4,3,6
470,"Malta",4,"Median","50",2058,4,3,7
470,"Malta",4,"Median","51",2058,4,2,6
470,"Malta",4,"Median","52",2058,4,2,7
470,"Malta",4,"Median","53",2058,5,3,8
470,"Malta",4,"Median","54",2058,6,3,9
470,"Malta",4,"Median","55",2058,7,3,10
470,"Malta",4,"Median","56",2058,7,4,11
470,"Malta",4,"Median","57",2058,8,4,12
470,"Malta",4,"Median","58",2058,8,5,13
470,"Malta",4,"Median","59",2058,11,5,16
470,"Malta",4,"Median","60",2058,12,6,18
470,"Malta",4,"Median","61",2058,14,8,21
470,"Malta",4,"Median","62",2058,18,9,27
470,"Malta",4,"Median","63",2058,21,11,32
470,"Malta",4,"Median","64",2058,24,12,36
470,"Malta",4,"Median","65",2058,27,15,42
470,"Malta",4,"Median","66",2058,30,17,46
470,"Malta",4,"Median","67",2058,33,17,49
470,"Malta",4,"Median","68",2058,38,19,57
470,"Malta",4,"Median","69",2058,43,23,66
470,"Malta",4,"Median","70",2058,45,25,69
470,"Malta",4,"Median","71",2058,47,26,74
470,"Malta",4,"Median","72",2058,51,28,79
470,"Malta",4,"Median","73",2058,54,31,85
470,"Malta",4,"Median","74",2058,59,35,94
470,"Malta",4,"Median","75",2058,68,42,110
470,"Malta",4,"Median","76",2058,73,46,120
470,"Malta",4,"Median","77",2058,78,49,127
470,"Malta",4,"Median","78",2058,86,54,140
470,"Malta",4,"Median","79",2058,92,60,152
470,"Malta",4,"Median","80",2058,99,64,163
470,"Malta",4,"Median","81",2058,106,71,176
470,"Malta",4,"Median","82",2058,113,77,190
470,"Malta",4,"Median","83",2058,119,81,200
470,"Malta",4,"Median","84",2058,119,85,204
470,"Malta",4,"Median","85",2058,123,90,213
470,"Malta",4,"Median","86",2058,128,94,222
470,"Malta",4,"Median","87",2058,129,97,226
470,"Malta",4,"Median","88",2058,128,98,226
470,"Malta",4,"Median","89",2058,127,104,231
470,"Malta",4,"Median","90",2058,125,109,234
470,"Malta",4,"Median","91",2058,122,110,232
470,"Malta",4,"Median","92",2058,121,114,235
470,"Malta",4,"Median","93",2058,120,119,239
470,"Malta",4,"Median","94",2058,115,121,236
470,"Malta",4,"Median","95",2058,109,123,231
470,"Malta",4,"Median","96",2058,102,122,224
470,"Malta",4,"Median","97",2058,91,118,209
470,"Malta",4,"Median","98",2058,76,112,188
470,"Malta",4,"Median","99",2058,62,101,163
470,"Malta",4,"Median","100",2058,20,35,55
470,"Malta",4,"Median","101",2058,19,35,54
470,"Malta",4,"Median","102",2058,18,35,53
470,"Malta",4,"Median","103",2058,17,34,51
470,"Malta",4,"Median","104",2058,15,34,49
470,"Malta",4,"Median","105",2058,14,34,48
470,"Malta",4,"Median","106",2058,13,34,47
470,"Malta",4,"Median","107",2058,12,34,46
470,"Malta",4,"Median","108",2058,12,34,46
470,"Malta",4,"Median","109",2058,11,34,45
470,"Malta",4,"Median","110",2058,10,34,44
470,"Malta",4,"Median","0",2059,4,4,8
470,"Malta",4,"Median","1",2059,0,0,1
470,"Malta",4,"Median","2",2059,0,0,1
470,"Malta",4,"Median","3",2059,0,0,0
470,"Malta",4,"Median","4",2059,0,0,0
470,"Malta",4,"Median","5",2059,0,0,0
470,"Malta",4,"Median","6",2059,0,0,0
470,"Malta",4,"Median","7",2059,0,0,0
470,"Malta",4,"Median","8",2059,0,0,0
470,"Malta",4,"Median","9",2059,0,0,0
470,"Malta",4,"Median","10",2059,0,0,0
470,"Malta",4,"Median","11",2059,0,0,0
470,"Malta",4,"Median","12",2059,0,0,0
470,"Malta",4,"Median","13",2059,0,0,0
470,"Malta",4,"Median","14",2059,0,0,0
470,"Malta",4,"Median","15",2059,0,0,0
470,"Malta",4,"Median","16",2059,0,0,0
470,"Malta",4,"Median","17",2059,0,0,0
470,"Malta",4,"Median","18",2059,0,0,1
470,"Malta",4,"Median","19",2059,0,0,1
470,"Malta",4,"Median","20",2059,0,0,1
470,"Malta",4,"Median","21",2059,1,0,1
470,"Malta",4,"Median","22",2059,1,0,1
470,"Malta",4,"Median","23",2059,1,0,1
470,"Malta",4,"Median","24",2059,1,0,1
470,"Malta",4,"Median","25",2059,1,0,1
470,"Malta",4,"Median","26",2059,1,0,1
470,"Malta",4,"Median","27",2059,1,0,1
470,"Malta",4,"Median","28",2059,1,0,1
470,"Malta",4,"Median","29",2059,1,0,1
470,"Malta",4,"Median","30",2059,1,0,1
470,"Malta",4,"Median","31",2059,1,0,1
470,"Malta",4,"Median","32",2059,1,1,1
470,"Malta",4,"Median","33",2059,1,1,2
470,"Malta",4,"Median","34",2059,1,1,2
470,"Malta",4,"Median","35",2059,1,1,2
470,"Malta",4,"Median","36",2059,1,1,2
470,"Malta",4,"Median","37",2059,1,1,2
470,"Malta",4,"Median","38",2059,2,1,2
470,"Malta",4,"Median","39",2059,2,1,2
470,"Malta",4,"Median","40",2059,2,1,3
470,"Malta",4,"Median","41",2059,2,1,3
470,"Malta",4,"Median","42",2059,2,1,3
470,"Malta",4,"Median","43",2059,2,1,3
470,"Malta",4,"Median","44",2059,2,1,4
470,"Malta",4,"Median","45",2059,3,1,4
470,"Malta",4,"Median","46",2059,3,2,5
470,"Malta",4,"Median","47",2059,3,2,5
470,"Malta",4,"Median","48",2059,3,2,5
470,"Malta",4,"Median","49",2059,4,3,6
470,"Malta",4,"Median","50",2059,4,3,7
470,"Malta",4,"Median","51",2059,4,2,6
470,"Malta",4,"Median","52",2059,4,2,7
470,"Malta",4,"Median","53",2059,5,3,8
470,"Malta",4,"Median","54",2059,6,3,9
470,"Malta",4,"Median","55",2059,7,3,10
470,"Malta",4,"Median","56",2059,7,4,11
470,"Malta",4,"Median","57",2059,7,4,11
470,"Malta",4,"Median","58",2059,8,4,12
470,"Malta",4,"Median","59",2059,10,5,15
470,"Malta",4,"Median","60",2059,11,6,16
470,"Malta",4,"Median","61",2059,12,7,19
470,"Malta",4,"Median","62",2059,16,8,25
470,"Malta",4,"Median","63",2059,20,10,30
470,"Malta",4,"Median","64",2059,23,11,34
470,"Malta",4,"Median","65",2059,25,14,39
470,"Malta",4,"Median","66",2059,28,16,44
470,"Malta",4,"Median","67",2059,32,16,48
470,"Malta",4,"Median","68",2059,37,18,56
470,"Malta",4,"Median","69",2059,42,23,65
470,"Malta",4,"Median","70",2059,45,26,71
470,"Malta",4,"Median","71",2059,48,27,75
470,"Malta",4,"Median","72",2059,51,28,80
470,"Malta",4,"Median","73",2059,54,31,85
470,"Malta",4,"Median","74",2059,59,35,94
470,"Malta",4,"Median","75",2059,68,41,109
470,"Malta",4,"Median","76",2059,76,47,122
470,"Malta",4,"Median","77",2059,80,51,130
470,"Malta",4,"Median","78",2059,86,54,140
470,"Malta",4,"Median","79",2059,94,60,154
470,"Malta",4,"Median","80",2059,100,65,165
470,"Malta",4,"Median","81",2059,107,70,178
470,"Malta",4,"Median","82",2059,114,77,191
470,"Malta",4,"Median","83",2059,122,84,205
470,"Malta",4,"Median","84",2059,127,88,215
470,"Malta",4,"Median","85",2059,127,92,218
470,"Malta",4,"Median","86",2059,130,96,226
470,"Malta",4,"Median","87",2059,134,100,234
470,"Malta",4,"Median","88",2059,133,103,236
470,"Malta",4,"Median","89",2059,131,104,234
470,"Malta",4,"Median","90",2059,129,108,237
470,"Malta",4,"Median","91",2059,125,113,238
470,"Malta",4,"Median","92",2059,120,112,232
470,"Malta",4,"Median","93",2059,117,115,232
470,"Malta",4,"Median","94",2059,114,119,233
470,"Malta",4,"Median","95",2059,107,119,226
470,"Malta",4,"Median","96",2059,100,119,220
470,"Malta",4,"Median","97",2059,91,116,208
470,"Malta",4,"Median","98",2059,79,110,189
470,"Malta",4,"Median","99",2059,64,103,167
470,"Malta",4,"Median","100",2059,21,36,57
470,"Malta",4,"Median","101",2059,20,36,56
470,"Malta",4,"Median","102",2059,18,35,53
470,"Malta",4,"Median","103",2059,17,35,52
470,"Malta",4,"Median","104",2059,16,35,51
470,"Malta",4,"Median","105",2059,15,35,50
470,"Malta",4,"Median","106",2059,14,35,49
470,"Malta",4,"Median","107",2059,13,35,48
470,"Malta",4,"Median","108",2059,12,35,47
470,"Malta",4,"Median","109",2059,11,35,46
470,"Malta",4,"Median","110",2059,11,35,46
470,"Malta",4,"Median","0",2060,4,4,8
470,"Malta",4,"Median","1",2060,0,0,1
470,"Malta",4,"Median","2",2060,0,0,1
470,"Malta",4,"Median","3",2060,0,0,0
470,"Malta",4,"Median","4",2060,0,0,0
470,"Malta",4,"Median","5",2060,0,0,0
470,"Malta",4,"Median","6",2060,0,0,0
470,"Malta",4,"Median","7",2060,0,0,0
470,"Malta",4,"Median","8",2060,0,0,0
470,"Malta",4,"Median","9",2060,0,0,0
470,"Malta",4,"Median","10",2060,0,0,0
470,"Malta",4,"Median","11",2060,0,0,0
470,"Malta",4,"Median","12",2060,0,0,0
470,"Malta",4,"Median","13",2060,0,0,0
470,"Malta",4,"Median","14",2060,0,0,0
470,"Malta",4,"Median","15",2060,0,0,0
470,"Malta",4,"Median","16",2060,0,0,0
470,"Malta",4,"Median","17",2060,0,0,0
470,"Malta",4,"Median","18",2060,0,0,1
470,"Malta",4,"Median","19",2060,0,0,1
470,"Malta",4,"Median","20",2060,0,0,1
470,"Malta",4,"Median","21",2060,1,0,1
470,"Malta",4,"Median","22",2060,1,0,1
470,"Malta",4,"Median","23",2060,1,0,1
470,"Malta",4,"Median","24",2060,1,0,1
470,"Malta",4,"Median","25",2060,1,0,1
470,"Malta",4,"Median","26",2060,1,0,1
470,"Malta",4,"Median","27",2060,1,0,1
470,"Malta",4,"Median","28",2060,1,0,1
470,"Malta",4,"Median","29",2060,1,0,1
470,"Malta",4,"Median","30",2060,1,0,1
470,"Malta",4,"Median","31",2060,1,0,1
470,"Malta",4,"Median","32",2060,1,1,1
470,"Malta",4,"Median","33",2060,1,1,2
470,"Malta",4,"Median","34",2060,1,1,2
470,"Malta",4,"Median","35",2060,1,0,2
470,"Malta",4,"Median","36",2060,1,1,2
470,"Malta",4,"Median","37",2060,1,1,2
470,"Malta",4,"Median","38",2060,2,1,2
470,"Malta",4,"Median","39",2060,2,1,2
470,"Malta",4,"Median","40",2060,2,1,2
470,"Malta",4,"Median","41",2060,2,1,3
470,"Malta",4,"Median","42",2060,2,1,3
470,"Malta",4,"Median","43",2060,2,1,3
470,"Malta",4,"Median","44",2060,2,1,4
470,"Malta",4,"Median","45",2060,3,1,4
470,"Malta",4,"Median","46",2060,3,1,4
470,"Malta",4,"Median","47",2060,3,2,4
470,"Malta",4,"Median","48",2060,3,2,5
470,"Malta",4,"Median","49",2060,4,3,6
470,"Malta",4,"Median","50",2060,4,3,7
470,"Malta",4,"Median","51",2060,4,3,6
470,"Malta",4,"Median","52",2060,4,2,7
470,"Malta",4,"Median","53",2060,5,3,8
470,"Malta",4,"Median","54",2060,6,3,9
470,"Malta",4,"Median","55",2060,6,3,10
470,"Malta",4,"Median","56",2060,7,4,11
470,"Malta",4,"Median","57",2060,7,4,11
470,"Malta",4,"Median","58",2060,7,4,11
470,"Malta",4,"Median","59",2060,9,5,14
470,"Malta",4,"Median","60",2060,10,5,15
470,"Malta",4,"Median","61",2060,11,6,17
470,"Malta",4,"Median","62",2060,14,8,22
470,"Malta",4,"Median","63",2060,18,9,27
470,"Malta",4,"Median","64",2060,21,10,32
470,"Malta",4,"Median","65",2060,24,12,36
470,"Malta",4,"Median","66",2060,27,14,41
470,"Malta",4,"Median","67",2060,30,15,46
470,"Malta",4,"Median","68",2060,36,18,54
470,"Malta",4,"Median","69",2060,42,22,63
470,"Malta",4,"Median","70",2060,44,25,70
470,"Malta",4,"Median","71",2060,49,28,77
470,"Malta",4,"Median","72",2060,52,29,81
470,"Malta",4,"Median","73",2060,54,31,85
470,"Malta",4,"Median","74",2060,59,34,94
470,"Malta",4,"Median","75",2060,68,41,109
470,"Malta",4,"Median","76",2060,75,46,121
470,"Malta",4,"Median","77",2060,82,51,133
470,"Malta",4,"Median","78",2060,87,56,143
470,"Malta",4,"Median","79",2060,94,60,154
470,"Malta",4,"Median","80",2060,102,65,168
470,"Malta",4,"Median","81",2060,109,72,180
470,"Malta",4,"Median","82",2060,116,77,193
470,"Malta",4,"Median","83",2060,123,84,207
470,"Malta",4,"Median","84",2060,130,91,221
470,"Malta",4,"Median","85",2060,135,94,229
470,"Malta",4,"Median","86",2060,134,98,232
470,"Malta",4,"Median","87",2060,136,103,239
470,"Malta",4,"Median","88",2060,139,106,245
470,"Malta",4,"Median","89",2060,137,108,245
470,"Malta",4,"Median","90",2060,133,108,241
470,"Malta",4,"Median","91",2060,129,112,241
470,"Malta",4,"Median","92",2060,123,116,239
470,"Malta",4,"Median","93",2060,116,114,230
470,"Malta",4,"Median","94",2060,112,115,226
470,"Malta",4,"Median","95",2060,107,117,223
470,"Malta",4,"Median","96",2060,99,116,215
470,"Malta",4,"Median","97",2060,90,114,204
470,"Malta",4,"Median","98",2060,79,109,189
470,"Malta",4,"Median","99",2060,67,101,168
470,"Malta",4,"Median","100",2060,22,37,59
470,"Malta",4,"Median","101",2060,20,37,57
470,"Malta",4,"Median","102",2060,19,37,56
470,"Malta",4,"Median","103",2060,18,37,55
470,"Malta",4,"Median","104",2060,17,36,53
470,"Malta",4,"Median","105",2060,15,36,51
470,"Malta",4,"Median","106",2060,14,36,50
470,"Malta",4,"Median","107",2060,13,36,49
470,"Malta",4,"Median","108",2060,12,36,48
470,"Malta",4,"Median","109",2060,12,35,47
470,"Malta",4,"Median","110",2060,11,35,46
470,"Malta",4,"Median","0",2061,4,4,8
470,"Malta",4,"Median","1",2061,0,0,1
470,"Malta",4,"Median","2",2061,0,0,0
470,"Malta",4,"Median","3",2061,0,0,0
470,"Malta",4,"Median","4",2061,0,0,0
470,"Malta",4,"Median","5",2061,0,0,0
470,"Malta",4,"Median","6",2061,0,0,0
470,"Malta",4,"Median","7",2061,0,0,0
470,"Malta",4,"Median","8",2061,0,0,0
470,"Malta",4,"Median","9",2061,0,0,0
470,"Malta",4,"Median","10",2061,0,0,0
470,"Malta",4,"Median","11",2061,0,0,0
470,"Malta",4,"Median","12",2061,0,0,0
470,"Malta",4,"Median","13",2061,0,0,0
470,"Malta",4,"Median","14",2061,0,0,0
470,"Malta",4,"Median","15",2061,0,0,0
470,"Malta",4,"Median","16",2061,0,0,0
470,"Malta",4,"Median","17",2061,0,0,0
470,"Malta",4,"Median","18",2061,0,0,1
470,"Malta",4,"Median","19",2061,0,0,1
470,"Malta",4,"Median","20",2061,0,0,1
470,"Malta",4,"Median","21",2061,1,0,1
470,"Malta",4,"Median","22",2061,1,0,1
470,"Malta",4,"Median","23",2061,1,0,1
470,"Malta",4,"Median","24",2061,0,0,1
470,"Malta",4,"Median","25",2061,1,0,1
470,"Malta",4,"Median","26",2061,1,0,1
470,"Malta",4,"Median","27",2061,1,0,1
470,"Malta",4,"Median","28",2061,1,0,1
470,"Malta",4,"Median","29",2061,1,0,1
470,"Malta",4,"Median","30",2061,1,0,1
470,"Malta",4,"Median","31",2061,1,0,1
470,"Malta",4,"Median","32",2061,1,1,1
470,"Malta",4,"Median","33",2061,1,1,2
470,"Malta",4,"Median","34",2061,1,1,2
470,"Malta",4,"Median","35",2061,1,0,2
470,"Malta",4,"Median","36",2061,1,1,2
470,"Malta",4,"Median","37",2061,1,1,2
470,"Malta",4,"Median","38",2061,1,1,2
470,"Malta",4,"Median","39",2061,2,1,2
470,"Malta",4,"Median","40",2061,2,1,2
470,"Malta",4,"Median","41",2061,2,1,3
470,"Malta",4,"Median","42",2061,2,1,3
470,"Malta",4,"Median","43",2061,2,1,3
470,"Malta",4,"Median","44",2061,2,1,4
470,"Malta",4,"Median","45",2061,3,1,4
470,"Malta",4,"Median","46",2061,3,1,4
470,"Malta",4,"Median","47",2061,3,2,4
470,"Malta",4,"Median","48",2061,3,2,5
470,"Malta",4,"Median","49",2061,4,3,6
470,"Malta",4,"Median","50",2061,4,3,7
470,"Malta",4,"Median","51",2061,4,2,6
470,"Malta",4,"Median","52",2061,4,2,7
470,"Malta",4,"Median","53",2061,5,3,8
470,"Malta",4,"Median","54",2061,6,3,9
470,"Malta",4,"Median","55",2061,6,3,10
470,"Malta",4,"Median","56",2061,7,3,10
470,"Malta",4,"Median","57",2061,7,4,11
470,"Malta",4,"Median","58",2061,7,4,11
470,"Malta",4,"Median","59",2061,9,4,13
470,"Malta",4,"Median","60",2061,9,5,14
470,"Malta",4,"Median","61",2061,10,6,16
470,"Malta",4,"Median","62",2061,13,7,20
470,"Malta",4,"Median","63",2061,16,8,24
470,"Malta",4,"Median","64",2061,20,9,29
470,"Malta",4,"Median","65",2061,23,12,34
470,"Malta",4,"Median","66",2061,25,13,38
470,"Malta",4,"Median","67",2061,29,14,42
470,"Malta",4,"Median","68",2061,35,17,52
470,"Malta",4,"Median","69",2061,41,21,62
470,"Malta",4,"Median","70",2061,44,24,68
470,"Malta",4,"Median","71",2061,48,28,76
470,"Malta",4,"Median","72",2061,53,30,83
470,"Malta",4,"Median","73",2061,55,32,87
470,"Malta",4,"Median","74",2061,59,35,94
470,"Malta",4,"Median","75",2061,68,40,109
470,"Malta",4,"Median","76",2061,76,45,121
470,"Malta",4,"Median","77",2061,82,50,132
470,"Malta",4,"Median","78",2061,90,56,146
470,"Malta",4,"Median","79",2061,96,62,158
470,"Malta",4,"Median","80",2061,102,65,168
470,"Malta",4,"Median","81",2061,111,72,183
470,"Malta",4,"Median","82",2061,118,79,197
470,"Malta",4,"Median","83",2061,125,84,209
470,"Malta",4,"Median","84",2061,132,91,223
470,"Malta",4,"Median","85",2061,138,98,236
470,"Malta",4,"Median","86",2061,143,101,244
470,"Malta",4,"Median","87",2061,140,105,245
470,"Malta",4,"Median","88",2061,141,109,251
470,"Malta",4,"Median","89",2061,143,112,255
470,"Malta",4,"Median","90",2061,139,113,253
470,"Malta",4,"Median","91",2061,133,112,246
470,"Malta",4,"Median","92",2061,127,115,242
470,"Malta",4,"Median","93",2061,120,118,237
470,"Malta",4,"Median","94",2061,111,114,225
470,"Malta",4,"Median","95",2061,104,113,218
470,"Malta",4,"Median","96",2061,99,114,213
470,"Malta",4,"Median","97",2061,89,111,200
470,"Malta",4,"Median","98",2061,79,108,186
470,"Malta",4,"Median","99",2061,67,100,168
470,"Malta",4,"Median","100",2061,23,39,62
470,"Malta",4,"Median","101",2061,22,38,60
470,"Malta",4,"Median","102",2061,20,38,58
470,"Malta",4,"Median","103",2061,19,38,57
470,"Malta",4,"Median","104",2061,17,37,54
470,"Malta",4,"Median","105",2061,16,37,53
470,"Malta",4,"Median","106",2061,15,37,52
470,"Malta",4,"Median","107",2061,14,36,50
470,"Malta",4,"Median","108",2061,13,36,49
470,"Malta",4,"Median","109",2061,12,35,47
470,"Malta",4,"Median","110",2061,11,35,46
470,"Malta",4,"Median","0",2062,4,4,7
470,"Malta",4,"Median","1",2062,0,0,1
470,"Malta",4,"Median","2",2062,0,0,0
470,"Malta",4,"Median","3",2062,0,0,0
470,"Malta",4,"Median","4",2062,0,0,0
470,"Malta",4,"Median","5",2062,0,0,0
470,"Malta",4,"Median","6",2062,0,0,0
470,"Malta",4,"Median","7",2062,0,0,0
470,"Malta",4,"Median","8",2062,0,0,0
470,"Malta",4,"Median","9",2062,0,0,0
470,"Malta",4,"Median","10",2062,0,0,0
470,"Malta",4,"Median","11",2062,0,0,0
470,"Malta",4,"Median","12",2062,0,0,0
470,"Malta",4,"Median","13",2062,0,0,0
470,"Malta",4,"Median","14",2062,0,0,0
470,"Malta",4,"Median","15",2062,0,0,0
470,"Malta",4,"Median","16",2062,0,0,0
470,"Malta",4,"Median","17",2062,0,0,0
470,"Malta",4,"Median","18",2062,0,0,1
470,"Malta",4,"Median","19",2062,0,0,1
470,"Malta",4,"Median","20",2062,0,0,1
470,"Malta",4,"Median","21",2062,1,0,1
470,"Malta",4,"Median","22",2062,1,0,1
470,"Malta",4,"Median","23",2062,1,0,1
470,"Malta",4,"Median","24",2062,0,0,1
470,"Malta",4,"Median","25",2062,1,0,1
470,"Malta",4,"Median","26",2062,1,0,1
470,"Malta",4,"Median","27",2062,1,0,1
470,"Malta",4,"Median","28",2062,1,0,1
470,"Malta",4,"Median","29",2062,1,0,1
470,"Malta",4,"Median","30",2062,1,0,1
470,"Malta",4,"Median","31",2062,1,0,1
470,"Malta",4,"Median","32",2062,1,1,1
470,"Malta",4,"Median","33",2062,1,1,2
470,"Malta",4,"Median","34",2062,1,1,2
470,"Malta",4,"Median","35",2062,1,0,2
470,"Malta",4,"Median","36",2062,1,1,2
470,"Malta",4,"Median","37",2062,1,1,2
470,"Malta",4,"Median","38",2062,1,1,2
470,"Malta",4,"Median","39",2062,1,1,2
470,"Malta",4,"Median","40",2062,2,1,2
470,"Malta",4,"Median","41",2062,2,1,3
470,"Malta",4,"Median","42",2062,2,1,3
470,"Malta",4,"Median","43",2062,2,1,3
470,"Malta",4,"Median","44",2062,2,1,3
470,"Malta",4,"Median","45",2062,3,1,4
470,"Malta",4,"Median","46",2062,3,1,4
470,"Malta",4,"Median","47",2062,3,2,4
470,"Malta",4,"Median","48",2062,3,2,5
470,"Malta",4,"Median","49",2062,4,2,6
470,"Malta",4,"Median","50",2062,4,3,7
470,"Malta",4,"Median","51",2062,4,2,6
470,"Malta",4,"Median","52",2062,4,2,7
470,"Malta",4,"Median","53",2062,5,3,8
470,"Malta",4,"Median","54",2062,6,3,9
470,"Malta",4,"Median","55",2062,6,3,10
470,"Malta",4,"Median","56",2062,7,3,10
470,"Malta",4,"Median","57",2062,7,4,10
470,"Malta",4,"Median","58",2062,7,4,11
470,"Malta",4,"Median","59",2062,8,4,12
470,"Malta",4,"Median","60",2062,9,5,13
470,"Malta",4,"Median","61",2062,9,6,15
470,"Malta",4,"Median","62",2062,12,7,19
470,"Malta",4,"Median","63",2062,14,7,22
470,"Malta",4,"Median","64",2062,17,9,26
470,"Malta",4,"Median","65",2062,21,10,31
470,"Malta",4,"Median","66",2062,24,12,36
470,"Malta",4,"Median","67",2062,27,13,40
470,"Malta",4,"Median","68",2062,33,16,48
470,"Malta",4,"Median","69",2062,39,20,59
470,"Malta",4,"Median","70",2062,43,23,66
470,"Malta",4,"Median","71",2062,47,27,74
470,"Malta",4,"Median","72",2062,52,30,82
470,"Malta",4,"Median","73",2062,56,33,89
470,"Malta",4,"Median","74",2062,61,36,97
470,"Malta",4,"Median","75",2062,68,41,109
470,"Malta",4,"Median","76",2062,76,45,121
470,"Malta",4,"Median","77",2062,82,50,132
470,"Malta",4,"Median","78",2062,90,55,145
470,"Malta",4,"Median","79",2062,99,62,161
470,"Malta",4,"Median","80",2062,104,68,172
470,"Malta",4,"Median","81",2062,112,72,183
470,"Malta",4,"Median","82",2062,121,79,200
470,"Malta",4,"Median","83",2062,127,86,213
470,"Malta",4,"Median","84",2062,134,91,225
470,"Malta",4,"Median","85",2062,140,98,238
470,"Malta",4,"Median","86",2062,147,105,251
470,"Malta",4,"Median","87",2062,150,108,259
470,"Malta",4,"Median","88",2062,146,112,258
470,"Malta",4,"Median","89",2062,146,115,261
470,"Malta",4,"Median","90",2062,146,117,263
470,"Malta",4,"Median","91",2062,140,118,258
470,"Malta",4,"Median","92",2062,132,115,247
470,"Malta",4,"Median","93",2062,124,117,241
470,"Malta",4,"Median","94",2062,114,118,232
470,"Malta",4,"Median","95",2062,104,112,216
470,"Malta",4,"Median","96",2062,97,111,208
470,"Malta",4,"Median","97",2062,89,110,199
470,"Malta",4,"Median","98",2062,78,105,183
470,"Malta",4,"Median","99",2062,67,99,166
470,"Malta",4,"Median","100",2062,25,41,66
470,"Malta",4,"Median","101",2062,23,40,63
470,"Malta",4,"Median","102",2062,21,39,60
470,"Malta",4,"Median","103",2062,19,39,58
470,"Malta",4,"Median","104",2062,18,38,56
470,"Malta",4,"Median","105",2062,16,37,53
470,"Malta",4,"Median","106",2062,15,37,52
470,"Malta",4,"Median","107",2062,14,36,50
470,"Malta",4,"Median","108",2062,13,36,49
470,"Malta",4,"Median","109",2062,12,35,47
470,"Malta",4,"Median","110",2062,11,34,45
470,"Malta",4,"Median","0",2063,4,4,7
470,"Malta",4,"Median","1",2063,0,0,1
470,"Malta",4,"Median","2",2063,0,0,0
470,"Malta",4,"Median","3",2063,0,0,0
470,"Malta",4,"Median","4",2063,0,0,0
470,"Malta",4,"Median","5",2063,0,0,0
470,"Malta",4,"Median","6",2063,0,0,0
470,"Malta",4,"Median","7",2063,0,0,0
470,"Malta",4,"Median","8",2063,0,0,0
470,"Malta",4,"Median","9",2063,0,0,0
470,"Malta",4,"Median","10",2063,0,0,0
470,"Malta",4,"Median","11",2063,0,0,0
470,"Malta",4,"Median","12",2063,0,0,0
470,"Malta",4,"Median","13",2063,0,0,0
470,"Malta",4,"Median","14",2063,0,0,0
470,"Malta",4,"Median","15",2063,0,0,0
470,"Malta",4,"Median","16",2063,0,0,0
470,"Malta",4,"Median","17",2063,0,0,0
470,"Malta",4,"Median","18",2063,0,0,1
470,"Malta",4,"Median","19",2063,0,0,1
470,"Malta",4,"Median","20",2063,0,0,1
470,"Malta",4,"Median","21",2063,1,0,1
470,"Malta",4,"Median","22",2063,1,0,1
470,"Malta",4,"Median","23",2063,0,0,1
470,"Malta",4,"Median","24",2063,0,0,1
470,"Malta",4,"Median","25",2063,0,0,1
470,"Malta",4,"Median","26",2063,1,0,1
470,"Malta",4,"Median","27",2063,1,0,1
470,"Malta",4,"Median","28",2063,1,0,1
470,"Malta",4,"Median","29",2063,1,0,1
470,"Malta",4,"Median","30",2063,1,0,1
470,"Malta",4,"Median","31",2063,1,0,1
470,"Malta",4,"Median","32",2063,1,0,1
470,"Malta",4,"Median","33",2063,1,1,2
470,"Malta",4,"Median","34",2063,1,1,2
470,"Malta",4,"Median","35",2063,1,0,2
470,"Malta",4,"Median","36",2063,1,1,2
470,"Malta",4,"Median","37",2063,1,1,2
470,"Malta",4,"Median","38",2063,1,1,2
470,"Malta",4,"Median","39",2063,1,1,2
470,"Malta",4,"Median","40",2063,1,1,2
470,"Malta",4,"Median","41",2063,2,1,3
470,"Malta",4,"Median","42",2063,2,1,3
470,"Malta",4,"Median","43",2063,2,1,3
470,"Malta",4,"Median","44",2063,2,1,3
470,"Malta",4,"Median","45",2063,3,1,4
470,"Malta",4,"Median","46",2063,3,1,4
470,"Malta",4,"Median","47",2063,3,2,4
470,"Malta",4,"Median","48",2063,3,2,5
470,"Malta",4,"Median","49",2063,4,2,6
470,"Malta",4,"Median","50",2063,4,3,7
470,"Malta",4,"Median","51",2063,4,2,6
470,"Malta",4,"Median","52",2063,4,2,7
470,"Malta",4,"Median","53",2063,5,3,8
470,"Malta",4,"Median","54",2063,6,3,9
470,"Malta",4,"Median","55",2063,6,3,10
470,"Malta",4,"Median","56",2063,7,3,10
470,"Malta",4,"Median","57",2063,7,4,10
470,"Malta",4,"Median","58",2063,7,4,11
470,"Malta",4,"Median","59",2063,8,4,12
470,"Malta",4,"Median","60",2063,8,4,13
470,"Malta",4,"Median","61",2063,9,5,14
470,"Malta",4,"Median","62",2063,11,6,17
470,"Malta",4,"Median","63",2063,13,7,20
470,"Malta",4,"Median","64",2063,16,8,23
470,"Malta",4,"Median","65",2063,18,10,28
470,"Malta",4,"Median","66",2063,22,11,33
470,"Malta",4,"Median","67",2063,25,12,37
470,"Malta",4,"Median","68",2063,31,14,45
470,"Malta",4,"Median","69",2063,36,18,55
470,"Malta",4,"Median","70",2063,41,22,63
470,"Malta",4,"Median","71",2063,46,26,72
470,"Malta",4,"Median","72",2063,51,29,80
470,"Malta",4,"Median","73",2063,55,32,88
470,"Malta",4,"Median","74",2063,61,37,98
470,"Malta",4,"Median","75",2063,70,42,112
470,"Malta",4,"Median","76",2063,76,46,122
470,"Malta",4,"Median","77",2063,82,49,132
470,"Malta",4,"Median","78",2063,90,55,145
470,"Malta",4,"Median","79",2063,99,61,160
470,"Malta",4,"Median","80",2063,108,68,176
470,"Malta",4,"Median","81",2063,114,74,188
470,"Malta",4,"Median","82",2063,121,79,200
470,"Malta",4,"Median","83",2063,130,86,216
470,"Malta",4,"Median","84",2063,136,93,229
470,"Malta",4,"Median","85",2063,143,98,241
470,"Malta",4,"Median","86",2063,148,106,254
470,"Malta",4,"Median","87",2063,154,112,266
470,"Malta",4,"Median","88",2063,157,115,272
470,"Malta",4,"Median","89",2063,151,118,269
470,"Malta",4,"Median","90",2063,148,121,269
470,"Malta",4,"Median","91",2063,147,122,268
470,"Malta",4,"Median","92",2063,139,121,260
470,"Malta",4,"Median","93",2063,128,117,246
470,"Malta",4,"Median","94",2063,119,117,236
470,"Malta",4,"Median","95",2063,107,116,224
470,"Malta",4,"Median","96",2063,96,110,207
470,"Malta",4,"Median","97",2063,87,107,194
470,"Malta",4,"Median","98",2063,78,104,182
470,"Malta",4,"Median","99",2063,67,96,163
470,"Malta",4,"Median","100",2063,26,43,69
470,"Malta",4,"Median","101",2063,24,42,66
470,"Malta",4,"Median","102",2063,22,41,63
470,"Malta",4,"Median","103",2063,20,40,60
470,"Malta",4,"Median","104",2063,18,39,57
470,"Malta",4,"Median","105",2063,17,38,55
470,"Malta",4,"Median","106",2063,15,37,52
470,"Malta",4,"Median","107",2063,14,36,50
470,"Malta",4,"Median","108",2063,13,35,48
470,"Malta",4,"Median","109",2063,12,34,46
470,"Malta",4,"Median","110",2063,11,33,44
470,"Malta",4,"Median","0",2064,4,3,7
470,"Malta",4,"Median","1",2064,0,0,1
470,"Malta",4,"Median","2",2064,0,0,0
470,"Malta",4,"Median","3",2064,0,0,0
470,"Malta",4,"Median","4",2064,0,0,0
470,"Malta",4,"Median","5",2064,0,0,0
470,"Malta",4,"Median","6",2064,0,0,0
470,"Malta",4,"Median","7",2064,0,0,0
470,"Malta",4,"Median","8",2064,0,0,0
470,"Malta",4,"Median","9",2064,0,0,0
470,"Malta",4,"Median","10",2064,0,0,0
470,"Malta",4,"Median","11",2064,0,0,0
470,"Malta",4,"Median","12",2064,0,0,0
470,"Malta",4,"Median","13",2064,0,0,0
470,"Malta",4,"Median","14",2064,0,0,0
470,"Malta",4,"Median","15",2064,0,0,0
470,"Malta",4,"Median","16",2064,0,0,0
470,"Malta",4,"Median","17",2064,0,0,0
470,"Malta",4,"Median","18",2064,0,0,1
470,"Malta",4,"Median","19",2064,0,0,1
470,"Malta",4,"Median","20",2064,0,0,1
470,"Malta",4,"Median","21",2064,1,0,1
470,"Malta",4,"Median","22",2064,1,0,1
470,"Malta",4,"Median","23",2064,0,0,1
470,"Malta",4,"Median","24",2064,0,0,1
470,"Malta",4,"Median","25",2064,0,0,1
470,"Malta",4,"Median","26",2064,1,0,1
470,"Malta",4,"Median","27",2064,1,0,1
470,"Malta",4,"Median","28",2064,1,0,1
470,"Malta",4,"Median","29",2064,1,0,1
470,"Malta",4,"Median","30",2064,1,0,1
470,"Malta",4,"Median","31",2064,1,0,1
470,"Malta",4,"Median","32",2064,1,0,1
470,"Malta",4,"Median","33",2064,1,1,2
470,"Malta",4,"Median","34",2064,1,1,2
470,"Malta",4,"Median","35",2064,1,0,2
470,"Malta",4,"Median","36",2064,1,1,1
470,"Malta",4,"Median","37",2064,1,1,2
470,"Malta",4,"Median","38",2064,1,1,2
470,"Malta",4,"Median","39",2064,1,1,2
470,"Malta",4,"Median","40",2064,1,1,2
470,"Malta",4,"Median","41",2064,2,1,3
470,"Malta",4,"Median","42",2064,2,1,3
470,"Malta",4,"Median","43",2064,2,1,3
470,"Malta",4,"Median","44",2064,2,1,3
470,"Malta",4,"Median","45",2064,3,1,4
470,"Malta",4,"Median","46",2064,3,1,4
470,"Malta",4,"Median","47",2064,3,2,4
470,"Malta",4,"Median","48",2064,3,2,5
470,"Malta",4,"Median","49",2064,4,2,6
470,"Malta",4,"Median","50",2064,4,2,6
470,"Malta",4,"Median","51",2064,4,2,6
470,"Malta",4,"Median","52",2064,4,2,7
470,"Malta",4,"Median","53",2064,5,3,7
470,"Malta",4,"Median","54",2064,5,3,9
470,"Malta",4,"Median","55",2064,6,3,10
470,"Malta",4,"Median","56",2064,7,3,10
470,"Malta",4,"Median","57",2064,7,4,10
470,"Malta",4,"Median","58",2064,7,4,11
470,"Malta",4,"Median","59",2064,8,4,12
470,"Malta",4,"Median","60",2064,8,5,13
470,"Malta",4,"Median","61",2064,9,5,14
470,"Malta",4,"Median","62",2064,10,6,16
470,"Malta",4,"Median","63",2064,12,6,19
470,"Malta",4,"Median","64",2064,14,7,22
470,"Malta",4,"Median","65",2064,16,9,25
470,"Malta",4,"Median","66",2064,19,10,29
470,"Malta",4,"Median","67",2064,23,11,34
470,"Malta",4,"Median","68",2064,29,13,42
470,"Malta",4,"Median","69",2064,34,17,51
470,"Malta",4,"Median","70",2064,38,20,59
470,"Malta",4,"Median","71",2064,44,24,69
470,"Malta",4,"Median","72",2064,50,28,78
470,"Malta",4,"Median","73",2064,54,31,86
470,"Malta",4,"Median","74",2064,61,37,97
470,"Malta",4,"Median","75",2064,71,43,114
470,"Malta",4,"Median","76",2064,78,47,125
470,"Malta",4,"Median","77",2064,83,50,133
470,"Malta",4,"Median","78",2064,91,55,145
470,"Malta",4,"Median","79",2064,99,61,160
470,"Malta",4,"Median","80",2064,108,67,175
470,"Malta",4,"Median","81",2064,118,75,193
470,"Malta",4,"Median","82",2064,124,82,205
470,"Malta",4,"Median","83",2064,131,86,217
470,"Malta",4,"Median","84",2064,140,93,233
470,"Malta",4,"Median","85",2064,145,101,246
470,"Malta",4,"Median","86",2064,152,106,257
470,"Malta",4,"Median","87",2064,156,113,269
470,"Malta",4,"Median","88",2064,161,120,280
470,"Malta",4,"Median","89",2064,162,122,283
470,"Malta",4,"Median","90",2064,154,124,278
470,"Malta",4,"Median","91",2064,150,126,275
470,"Malta",4,"Median","92",2064,146,125,271
470,"Malta",4,"Median","93",2064,135,123,259
470,"Malta",4,"Median","94",2064,123,118,241
470,"Malta",4,"Median","95",2064,111,116,227
470,"Malta",4,"Median","96",2064,100,114,214
470,"Malta",4,"Median","97",2064,87,106,194
470,"Malta",4,"Median","98",2064,77,101,178
470,"Malta",4,"Median","99",2064,67,96,162
470,"Malta",4,"Median","100",2064,27,44,71
470,"Malta",4,"Median","101",2064,25,43,68
470,"Malta",4,"Median","102",2064,22,41,63
470,"Malta",4,"Median","103",2064,20,40,60
470,"Malta",4,"Median","104",2064,19,39,58
470,"Malta",4,"Median","105",2064,17,38,55
470,"Malta",4,"Median","106",2064,15,37,52
470,"Malta",4,"Median","107",2064,14,36,50
470,"Malta",4,"Median","108",2064,13,35,48
470,"Malta",4,"Median","109",2064,12,33,45
470,"Malta",4,"Median","110",2064,10,33,43
470,"Malta",4,"Median","0",2065,4,3,7
470,"Malta",4,"Median","1",2065,0,0,1
470,"Malta",4,"Median","2",2065,0,0,0
470,"Malta",4,"Median","3",2065,0,0,0
470,"Malta",4,"Median","4",2065,0,0,0
470,"Malta",4,"Median","5",2065,0,0,0
470,"Malta",4,"Median","6",2065,0,0,0
470,"Malta",4,"Median","7",2065,0,0,0
470,"Malta",4,"Median","8",2065,0,0,0
470,"Malta",4,"Median","9",2065,0,0,0
470,"Malta",4,"Median","10",2065,0,0,0
470,"Malta",4,"Median","11",2065,0,0,0
470,"Malta",4,"Median","12",2065,0,0,0
470,"Malta",4,"Median","13",2065,0,0,0
470,"Malta",4,"Median","14",2065,0,0,0
470,"Malta",4,"Median","15",2065,0,0,0
470,"Malta",4,"Median","16",2065,0,0,0
470,"Malta",4,"Median","17",2065,0,0,0
470,"Malta",4,"Median","18",2065,0,0,1
470,"Malta",4,"Median","19",2065,0,0,1
470,"Malta",4,"Median","20",2065,0,0,1
470,"Malta",4,"Median","21",2065,1,0,1
470,"Malta",4,"Median","22",2065,1,0,1
470,"Malta",4,"Median","23",2065,0,0,1
470,"Malta",4,"Median","24",2065,0,0,1
470,"Malta",4,"Median","25",2065,0,0,1
470,"Malta",4,"Median","26",2065,1,0,1
470,"Malta",4,"Median","27",2065,1,0,1
470,"Malta",4,"Median","28",2065,1,0,1
470,"Malta",4,"Median","29",2065,1,0,1
470,"Malta",4,"Median","30",2065,1,0,1
470,"Malta",4,"Median","31",2065,1,0,1
470,"Malta",4,"Median","32",2065,1,0,1
470,"Malta",4,"Median","33",2065,1,1,2
470,"Malta",4,"Median","34",2065,1,1,2
470,"Malta",4,"Median","35",2065,1,0,1
470,"Malta",4,"Median","36",2065,1,0,1
470,"Malta",4,"Median","37",2065,1,1,2
470,"Malta",4,"Median","38",2065,1,1,2
470,"Malta",4,"Median","39",2065,1,1,2
470,"Malta",4,"Median","40",2065,1,1,2
470,"Malta",4,"Median","41",2065,2,1,3
470,"Malta",4,"Median","42",2065,2,1,3
470,"Malta",4,"Median","43",2065,2,1,3
470,"Malta",4,"Median","44",2065,2,1,3
470,"Malta",4,"Median","45",2065,3,1,4
470,"Malta",4,"Median","46",2065,3,1,4
470,"Malta",4,"Median","47",2065,3,2,4
470,"Malta",4,"Median","48",2065,3,2,5
470,"Malta",4,"Median","49",2065,3,2,6
470,"Malta",4,"Median","50",2065,4,3,6
470,"Malta",4,"Median","51",2065,4,2,6
470,"Malta",4,"Median","52",2065,4,2,6
470,"Malta",4,"Median","53",2065,5,3,8
470,"Malta",4,"Median","54",2065,5,3,8
470,"Malta",4,"Median","55",2065,6,3,9
470,"Malta",4,"Median","56",2065,7,3,10
470,"Malta",4,"Median","57",2065,7,4,10
470,"Malta",4,"Median","58",2065,7,4,11
470,"Malta",4,"Median","59",2065,8,4,12
470,"Malta",4,"Median","60",2065,8,4,13
470,"Malta",4,"Median","61",2065,8,5,14
470,"Malta",4,"Median","62",2065,10,6,16
470,"Malta",4,"Median","63",2065,12,6,18
470,"Malta",4,"Median","64",2065,13,7,20
470,"Malta",4,"Median","65",2065,15,8,23
470,"Malta",4,"Median","66",2065,17,9,27
470,"Malta",4,"Median","67",2065,21,10,31
470,"Malta",4,"Median","68",2065,26,12,38
470,"Malta",4,"Median","69",2065,32,15,48
470,"Malta",4,"Median","70",2065,36,19,55
470,"Malta",4,"Median","71",2065,42,22,64
470,"Malta",4,"Median","72",2065,48,27,75
470,"Malta",4,"Median","73",2065,53,30,84
470,"Malta",4,"Median","74",2065,60,35,95
470,"Malta",4,"Median","75",2065,70,43,113
470,"Malta",4,"Median","76",2065,79,49,127
470,"Malta",4,"Median","77",2065,85,52,136
470,"Malta",4,"Median","78",2065,91,55,146
470,"Malta",4,"Median","79",2065,100,61,160
470,"Malta",4,"Median","80",2065,108,67,175
470,"Malta",4,"Median","81",2065,118,74,192
470,"Malta",4,"Median","82",2065,128,82,211
470,"Malta",4,"Median","83",2065,134,89,223
470,"Malta",4,"Median","84",2065,140,94,234
470,"Malta",4,"Median","85",2065,149,101,250
470,"Malta",4,"Median","86",2065,154,108,263
470,"Malta",4,"Median","87",2065,160,113,273
470,"Malta",4,"Median","88",2065,163,120,284
470,"Malta",4,"Median","89",2065,166,126,293
470,"Malta",4,"Median","90",2065,165,128,293
470,"Malta",4,"Median","91",2065,155,129,284
470,"Malta",4,"Median","92",2065,149,130,278
470,"Malta",4,"Median","93",2065,142,128,270
470,"Malta",4,"Median","94",2065,130,124,254
470,"Malta",4,"Median","95",2065,116,117,233
470,"Malta",4,"Median","96",2065,104,114,218
470,"Malta",4,"Median","97",2065,91,110,201
470,"Malta",4,"Median","98",2065,77,100,178
470,"Malta",4,"Median","99",2065,66,93,159
470,"Malta",4,"Median","100",2065,28,45,73
470,"Malta",4,"Median","101",2065,26,43,69
470,"Malta",4,"Median","102",2065,23,42,65
470,"Malta",4,"Median","103",2065,21,40,61
470,"Malta",4,"Median","104",2065,19,39,58
470,"Malta",4,"Median","105",2065,17,38,55
470,"Malta",4,"Median","106",2065,15,36,51
470,"Malta",4,"Median","107",2065,14,35,49
470,"Malta",4,"Median","108",2065,13,34,47
470,"Malta",4,"Median","109",2065,11,33,44
470,"Malta",4,"Median","110",2065,10,32,42
470,"Malta",4,"Median","0",2066,3,3,7
470,"Malta",4,"Median","1",2066,0,0,1
470,"Malta",4,"Median","2",2066,0,0,0
470,"Malta",4,"Median","3",2066,0,0,0
470,"Malta",4,"Median","4",2066,0,0,0
470,"Malta",4,"Median","5",2066,0,0,0
470,"Malta",4,"Median","6",2066,0,0,0
470,"Malta",4,"Median","7",2066,0,0,0
470,"Malta",4,"Median","8",2066,0,0,0
470,"Malta",4,"Median","9",2066,0,0,0
470,"Malta",4,"Median","10",2066,0,0,0
470,"Malta",4,"Median","11",2066,0,0,0
470,"Malta",4,"Median","12",2066,0,0,0
470,"Malta",4,"Median","13",2066,0,0,0
470,"Malta",4,"Median","14",2066,0,0,0
470,"Malta",4,"Median","15",2066,0,0,0
470,"Malta",4,"Median","16",2066,0,0,0
470,"Malta",4,"Median","17",2066,0,0,0
470,"Malta",4,"Median","18",2066,0,0,1
470,"Malta",4,"Median","19",2066,0,0,1
470,"Malta",4,"Median","20",2066,0,0,1
470,"Malta",4,"Median","21",2066,0,0,1
470,"Malta",4,"Median","22",2066,0,0,1
470,"Malta",4,"Median","23",2066,0,0,1
470,"Malta",4,"Median","24",2066,0,0,1
470,"Malta",4,"Median","25",2066,0,0,1
470,"Malta",4,"Median","26",2066,1,0,1
470,"Malta",4,"Median","27",2066,1,0,1
470,"Malta",4,"Median","28",2066,1,0,1
470,"Malta",4,"Median","29",2066,1,0,1
470,"Malta",4,"Median","30",2066,1,0,1
470,"Malta",4,"Median","31",2066,1,0,1
470,"Malta",4,"Median","32",2066,1,0,1
470,"Malta",4,"Median","33",2066,1,1,2
470,"Malta",4,"Median","34",2066,1,1,2
470,"Malta",4,"Median","35",2066,1,0,1
470,"Malta",4,"Median","36",2066,1,0,1
470,"Malta",4,"Median","37",2066,1,1,2
470,"Malta",4,"Median","38",2066,1,1,2
470,"Malta",4,"Median","39",2066,1,1,2
470,"Malta",4,"Median","40",2066,1,1,2
470,"Malta",4,"Median","41",2066,2,1,3
470,"Malta",4,"Median","42",2066,2,1,3
470,"Malta",4,"Median","43",2066,2,1,3
470,"Malta",4,"Median","44",2066,2,1,3
470,"Malta",4,"Median","45",2066,3,1,4
470,"Malta",4,"Median","46",2066,3,1,4
470,"Malta",4,"Median","47",2066,2,2,4
470,"Malta",4,"Median","48",2066,3,2,5
470,"Malta",4,"Median","49",2066,3,2,6
470,"Malta",4,"Median","50",2066,4,3,6
470,"Malta",4,"Median","51",2066,4,2,6
470,"Malta",4,"Median","52",2066,4,2,6
470,"Malta",4,"Median","53",2066,5,2,7
470,"Malta",4,"Median","54",2066,5,3,8
470,"Malta",4,"Median","55",2066,6,3,9
470,"Malta",4,"Median","56",2066,7,3,10
470,"Malta",4,"Median","57",2066,7,4,10
470,"Malta",4,"Median","58",2066,7,4,11
470,"Malta",4,"Median","59",2066,8,4,12
470,"Malta",4,"Median","60",2066,8,4,13
470,"Malta",4,"Median","61",2066,8,5,13
470,"Malta",4,"Median","62",2066,10,6,16
470,"Malta",4,"Median","63",2066,11,6,17
470,"Malta",4,"Median","64",2066,13,6,19
470,"Malta",4,"Median","65",2066,14,8,22
470,"Malta",4,"Median","66",2066,16,9,25
470,"Malta",4,"Median","67",2066,19,9,28
470,"Malta",4,"Median","68",2066,24,11,35
470,"Malta",4,"Median","69",2066,30,14,44
470,"Malta",4,"Median","70",2066,34,17,51
470,"Malta",4,"Median","71",2066,39,21,60
470,"Malta",4,"Median","72",2066,45,24,70
470,"Malta",4,"Median","73",2066,51,29,80
470,"Malta",4,"Median","74",2066,59,34,93
470,"Malta",4,"Median","75",2066,69,42,111
470,"Malta",4,"Median","76",2066,78,48,126
470,"Malta",4,"Median","77",2066,86,53,139
470,"Malta",4,"Median","78",2066,93,57,150
470,"Malta",4,"Median","79",2066,100,61,162
470,"Malta",4,"Median","80",2066,109,67,176
470,"Malta",4,"Median","81",2066,118,74,192
470,"Malta",4,"Median","82",2066,128,81,209
470,"Malta",4,"Median","83",2066,138,90,229
470,"Malta",4,"Median","84",2066,144,97,241
470,"Malta",4,"Median","85",2066,150,101,251
470,"Malta",4,"Median","86",2066,159,109,268
470,"Malta",4,"Median","87",2066,163,116,279
470,"Malta",4,"Median","88",2066,167,121,288
470,"Malta",4,"Median","89",2066,169,128,297
470,"Malta",4,"Median","90",2066,170,133,303
470,"Malta",4,"Median","91",2066,167,133,300
470,"Malta",4,"Median","92",2066,155,133,288
470,"Malta",4,"Median","93",2066,146,132,278
470,"Malta",4,"Median","94",2066,137,129,266
470,"Malta",4,"Median","95",2066,123,123,246
470,"Malta",4,"Median","96",2066,108,115,223
470,"Malta",4,"Median","97",2066,95,110,205
470,"Malta",4,"Median","98",2066,80,105,185
470,"Malta",4,"Median","99",2066,66,93,159
470,"Malta",4,"Median","100",2066,29,45,74
470,"Malta",4,"Median","101",2066,26,44,70
470,"Malta",4,"Median","102",2066,23,42,65
470,"Malta",4,"Median","103",2066,21,41,62
470,"Malta",4,"Median","104",2066,19,39,58
470,"Malta",4,"Median","105",2066,17,38,55
470,"Malta",4,"Median","106",2066,15,36,51
470,"Malta",4,"Median","107",2066,14,35,49
470,"Malta",4,"Median","108",2066,13,33,46
470,"Malta",4,"Median","109",2066,11,32,43
470,"Malta",4,"Median","110",2066,10,31,41
470,"Malta",4,"Median","0",2067,3,3,7
470,"Malta",4,"Median","1",2067,0,0,1
470,"Malta",4,"Median","2",2067,0,0,0
470,"Malta",4,"Median","3",2067,0,0,0
470,"Malta",4,"Median","4",2067,0,0,0
470,"Malta",4,"Median","5",2067,0,0,0
470,"Malta",4,"Median","6",2067,0,0,0
470,"Malta",4,"Median","7",2067,0,0,0
470,"Malta",4,"Median","8",2067,0,0,0
470,"Malta",4,"Median","9",2067,0,0,0
470,"Malta",4,"Median","10",2067,0,0,0
470,"Malta",4,"Median","11",2067,0,0,0
470,"Malta",4,"Median","12",2067,0,0,0
470,"Malta",4,"Median","13",2067,0,0,0
470,"Malta",4,"Median","14",2067,0,0,0
470,"Malta",4,"Median","15",2067,0,0,0
470,"Malta",4,"Median","16",2067,0,0,0
470,"Malta",4,"Median","17",2067,0,0,0
470,"Malta",4,"Median","18",2067,0,0,1
470,"Malta",4,"Median","19",2067,0,0,1
470,"Malta",4,"Median","20",2067,0,0,1
470,"Malta",4,"Median","21",2067,0,0,1
470,"Malta",4,"Median","22",2067,0,0,1
470,"Malta",4,"Median","23",2067,0,0,1
470,"Malta",4,"Median","24",2067,0,0,1
470,"Malta",4,"Median","25",2067,0,0,1
470,"Malta",4,"Median","26",2067,1,0,1
470,"Malta",4,"Median","27",2067,1,0,1
470,"Malta",4,"Median","28",2067,1,0,1
470,"Malta",4,"Median","29",2067,0,0,1
470,"Malta",4,"Median","30",2067,1,0,1
470,"Malta",4,"Median","31",2067,1,0,1
470,"Malta",4,"Median","32",2067,1,0,1
470,"Malta",4,"Median","33",2067,1,1,1
470,"Malta",4,"Median","34",2067,1,1,2
470,"Malta",4,"Median","35",2067,1,0,1
470,"Malta",4,"Median","36",2067,1,0,1
470,"Malta",4,"Median","37",2067,1,1,2
470,"Malta",4,"Median","38",2067,1,1,2
470,"Malta",4,"Median","39",2067,1,1,2
470,"Malta",4,"Median","40",2067,1,1,2
470,"Malta",4,"Median","41",2067,2,1,3
470,"Malta",4,"Median","42",2067,2,1,3
470,"Malta",4,"Median","43",2067,2,1,3
470,"Malta",4,"Median","44",2067,2,1,3
470,"Malta",4,"Median","45",2067,2,1,3
470,"Malta",4,"Median","46",2067,3,1,4
470,"Malta",4,"Median","47",2067,2,1,4
470,"Malta",4,"Median","48",2067,3,2,4
470,"Malta",4,"Median","49",2067,3,2,6
470,"Malta",4,"Median","50",2067,4,2,6
470,"Malta",4,"Median","51",2067,4,2,6
470,"Malta",4,"Median","52",2067,4,2,6
470,"Malta",4,"Median","53",2067,5,2,7
470,"Malta",4,"Median","54",2067,5,3,8
470,"Malta",4,"Median","55",2067,6,3,9
470,"Malta",4,"Median","56",2067,7,3,10
470,"Malta",4,"Median","57",2067,6,4,10
470,"Malta",4,"Median","58",2067,7,4,11
470,"Malta",4,"Median","59",2067,8,4,12
470,"Malta",4,"Median","60",2067,8,4,12
470,"Malta",4,"Median","61",2067,8,5,13
470,"Malta",4,"Median","62",2067,10,6,15
470,"Malta",4,"Median","63",2067,11,6,17
470,"Malta",4,"Median","64",2067,12,6,18
470,"Malta",4,"Median","65",2067,13,7,20
470,"Malta",4,"Median","66",2067,15,8,23
470,"Malta",4,"Median","67",2067,17,9,26
470,"Malta",4,"Median","68",2067,21,10,31
470,"Malta",4,"Median","69",2067,27,13,39
470,"Malta",4,"Median","70",2067,31,16,47
470,"Malta",4,"Median","71",2067,37,19,56
470,"Malta",4,"Median","72",2067,43,22,65
470,"Malta",4,"Median","73",2067,48,26,75
470,"Malta",4,"Median","74",2067,56,33,89
470,"Malta",4,"Median","75",2067,68,40,108
470,"Malta",4,"Median","76",2067,77,47,123
470,"Malta",4,"Median","77",2067,85,53,138
470,"Malta",4,"Median","78",2067,94,59,153
470,"Malta",4,"Median","79",2067,102,63,166
470,"Malta",4,"Median","80",2067,109,67,177
470,"Malta",4,"Median","81",2067,119,73,193
470,"Malta",4,"Median","82",2067,129,81,210
470,"Malta",4,"Median","83",2067,139,89,227
470,"Malta",4,"Median","84",2067,149,98,247
470,"Malta",4,"Median","85",2067,153,105,258
470,"Malta",4,"Median","86",2067,159,109,269
470,"Malta",4,"Median","87",2067,168,117,284
470,"Malta",4,"Median","88",2067,170,124,294
470,"Malta",4,"Median","89",2067,173,128,301
470,"Malta",4,"Median","90",2067,173,134,307
470,"Malta",4,"Median","91",2067,172,139,311
470,"Malta",4,"Median","92",2067,166,138,304
470,"Malta",4,"Median","93",2067,152,136,287
470,"Malta",4,"Median","94",2067,140,133,274
470,"Malta",4,"Median","95",2067,129,128,257
470,"Malta",4,"Median","96",2067,115,121,236
470,"Malta",4,"Median","97",2067,99,111,210
470,"Malta",4,"Median","98",2067,84,105,188
470,"Malta",4,"Median","99",2067,69,97,166
470,"Malta",4,"Median","100",2067,29,45,74
470,"Malta",4,"Median","101",2067,26,44,70
470,"Malta",4,"Median","102",2067,23,42,65
470,"Malta",4,"Median","103",2067,21,40,61
470,"Malta",4,"Median","104",2067,19,39,58
470,"Malta",4,"Median","105",2067,17,37,54
470,"Malta",4,"Median","106",2067,16,36,52
470,"Malta",4,"Median","107",2067,14,35,49
470,"Malta",4,"Median","108",2067,13,33,46
470,"Malta",4,"Median","109",2067,11,32,43
470,"Malta",4,"Median","110",2067,10,31,41
470,"Malta",4,"Median","0",2068,3,3,6
470,"Malta",4,"Median","1",2068,0,0,1
470,"Malta",4,"Median","2",2068,0,0,0
470,"Malta",4,"Median","3",2068,0,0,0
470,"Malta",4,"Median","4",2068,0,0,0
470,"Malta",4,"Median","5",2068,0,0,0
470,"Malta",4,"Median","6",2068,0,0,0
470,"Malta",4,"Median","7",2068,0,0,0
470,"Malta",4,"Median","8",2068,0,0,0
470,"Malta",4,"Median","9",2068,0,0,0
470,"Malta",4,"Median","10",2068,0,0,0
470,"Malta",4,"Median","11",2068,0,0,0
470,"Malta",4,"Median","12",2068,0,0,0
470,"Malta",4,"Median","13",2068,0,0,0
470,"Malta",4,"Median","14",2068,0,0,0
470,"Malta",4,"Median","15",2068,0,0,0
470,"Malta",4,"Median","16",2068,0,0,0
470,"Malta",4,"Median","17",2068,0,0,0
470,"Malta",4,"Median","18",2068,0,0,1
470,"Malta",4,"Median","19",2068,0,0,1
470,"Malta",4,"Median","20",2068,0,0,1
470,"Malta",4,"Median","21",2068,0,0,1
470,"Malta",4,"Median","22",2068,0,0,1
470,"Malta",4,"Median","23",2068,0,0,1
470,"Malta",4,"Median","24",2068,0,0,1
470,"Malta",4,"Median","25",2068,0,0,1
470,"Malta",4,"Median","26",2068,1,0,1
470,"Malta",4,"Median","27",2068,1,0,1
470,"Malta",4,"Median","28",2068,1,0,1
470,"Malta",4,"Median","29",2068,0,0,1
470,"Malta",4,"Median","30",2068,1,0,1
470,"Malta",4,"Median","31",2068,1,0,1
470,"Malta",4,"Median","32",2068,1,0,1
470,"Malta",4,"Median","33",2068,1,1,1
470,"Malta",4,"Median","34",2068,1,1,1
470,"Malta",4,"Median","35",2068,1,0,1
470,"Malta",4,"Median","36",2068,1,0,1
470,"Malta",4,"Median","37",2068,1,1,1
470,"Malta",4,"Median","38",2068,1,1,2
470,"Malta",4,"Median","39",2068,1,1,2
470,"Malta",4,"Median","40",2068,1,1,2
470,"Malta",4,"Median","41",2068,2,1,2
470,"Malta",4,"Median","42",2068,2,1,3
470,"Malta",4,"Median","43",2068,2,1,3
470,"Malta",4,"Median","44",2068,2,1,3
470,"Malta",4,"Median","45",2068,2,1,3
470,"Malta",4,"Median","46",2068,2,1,4
470,"Malta",4,"Median","47",2068,2,1,4
470,"Malta",4,"Median","48",2068,2,2,4
470,"Malta",4,"Median","49",2068,3,2,5
470,"Malta",4,"Median","50",2068,4,2,6
470,"Malta",4,"Median","51",2068,4,2,6
470,"Malta",4,"Median","52",2068,4,2,6
470,"Malta",4,"Median","53",2068,5,2,7
470,"Malta",4,"Median","54",2068,5,3,8
470,"Malta",4,"Median","55",2068,6,3,9
470,"Malta",4,"Median","56",2068,7,3,10
470,"Malta",4,"Median","57",2068,6,4,10
470,"Malta",4,"Median","58",2068,7,4,10
470,"Malta",4,"Median","59",2068,8,4,12
470,"Malta",4,"Median","60",2068,8,4,12
470,"Malta",4,"Median","61",2068,8,5,13
470,"Malta",4,"Median","62",2068,10,5,15
470,"Malta",4,"Median","63",2068,11,6,17
470,"Malta",4,"Median","64",2068,12,6,18
470,"Malta",4,"Median","65",2068,13,7,20
470,"Malta",4,"Median","66",2068,14,7,21
470,"Malta",4,"Median","67",2068,16,8,24
470,"Malta",4,"Median","68",2068,19,10,29
470,"Malta",4,"Median","69",2068,24,12,36
470,"Malta",4,"Median","70",2068,28,14,42
470,"Malta",4,"Median","71",2068,34,17,51
470,"Malta",4,"Median","72",2068,40,21,61
470,"Malta",4,"Median","73",2068,45,24,70
470,"Malta",4,"Median","74",2068,53,30,83
470,"Malta",4,"Median","75",2068,65,38,103
470,"Malta",4,"Median","76",2068,75,45,120
470,"Malta",4,"Median","77",2068,84,51,135
470,"Malta",4,"Median","78",2068,94,58,152
470,"Malta",4,"Median","79",2068,104,65,170
470,"Malta",4,"Median","80",2068,112,70,182
470,"Malta",4,"Median","81",2068,120,74,194
470,"Malta",4,"Median","82",2068,130,81,211
470,"Malta",4,"Median","83",2068,140,89,228
470,"Malta",4,"Median","84",2068,149,97,246
470,"Malta",4,"Median","85",2068,159,106,266
470,"Malta",4,"Median","86",2068,164,113,277
470,"Malta",4,"Median","87",2068,169,117,286
470,"Malta",4,"Median","88",2068,176,125,301
470,"Malta",4,"Median","89",2068,177,131,308
470,"Malta",4,"Median","90",2068,178,135,313
470,"Malta",4,"Median","91",2068,176,140,316
470,"Malta",4,"Median","92",2068,172,144,316
470,"Malta",4,"Median","93",2068,164,141,305
470,"Malta",4,"Median","94",2068,146,137,284
470,"Malta",4,"Median","95",2068,133,133,266
470,"Malta",4,"Median","96",2068,121,126,248
470,"Malta",4,"Median","97",2068,105,118,223
470,"Malta",4,"Median","98",2068,88,106,194
470,"Malta",4,"Median","99",2068,72,97,170
470,"Malta",4,"Median","100",2068,29,46,75
470,"Malta",4,"Median","101",2068,26,44,70
470,"Malta",4,"Median","102",2068,24,42,66
470,"Malta",4,"Median","103",2068,22,41,63
470,"Malta",4,"Median","104",2068,20,39,59
470,"Malta",4,"Median","105",2068,18,38,56
470,"Malta",4,"Median","106",2068,16,36,52
470,"Malta",4,"Median","107",2068,14,35,49
470,"Malta",4,"Median","108",2068,13,34,47
470,"Malta",4,"Median","109",2068,12,32,44
470,"Malta",4,"Median","110",2068,11,31,42
470,"Malta",4,"Median","0",2069,3,3,6
470,"Malta",4,"Median","1",2069,0,0,1
470,"Malta",4,"Median","2",2069,0,0,0
470,"Malta",4,"Median","3",2069,0,0,0
470,"Malta",4,"Median","4",2069,0,0,0
470,"Malta",4,"Median","5",2069,0,0,0
470,"Malta",4,"Median","6",2069,0,0,0
470,"Malta",4,"Median","7",2069,0,0,0
470,"Malta",4,"Median","8",2069,0,0,0
470,"Malta",4,"Median","9",2069,0,0,0
470,"Malta",4,"Median","10",2069,0,0,0
470,"Malta",4,"Median","11",2069,0,0,0
470,"Malta",4,"Median","12",2069,0,0,0
470,"Malta",4,"Median","13",2069,0,0,0
470,"Malta",4,"Median","14",2069,0,0,0
470,"Malta",4,"Median","15",2069,0,0,0
470,"Malta",4,"Median","16",2069,0,0,0
470,"Malta",4,"Median","17",2069,0,0,0
470,"Malta",4,"Median","18",2069,0,0,1
470,"Malta",4,"Median","19",2069,0,0,1
470,"Malta",4,"Median","20",2069,0,0,1
470,"Malta",4,"Median","21",2069,0,0,1
470,"Malta",4,"Median","22",2069,0,0,1
470,"Malta",4,"Median","23",2069,0,0,1
470,"Malta",4,"Median","24",2069,0,0,1
470,"Malta",4,"Median","25",2069,0,0,1
470,"Malta",4,"Median","26",2069,1,0,1
470,"Malta",4,"Median","27",2069,1,0,1
470,"Malta",4,"Median","28",2069,1,0,1
470,"Malta",4,"Median","29",2069,0,0,1
470,"Malta",4,"Median","30",2069,1,0,1
470,"Malta",4,"Median","31",2069,1,0,1
470,"Malta",4,"Median","32",2069,1,0,1
470,"Malta",4,"Median","33",2069,1,1,1
470,"Malta",4,"Median","34",2069,1,1,1
470,"Malta",4,"Median","35",2069,1,0,1
470,"Malta",4,"Median","36",2069,1,0,1
470,"Malta",4,"Median","37",2069,1,1,1
470,"Malta",4,"Median","38",2069,1,1,2
470,"Malta",4,"Median","39",2069,1,1,2
470,"Malta",4,"Median","40",2069,1,1,2
470,"Malta",4,"Median","41",2069,2,1,2
470,"Malta",4,"Median","42",2069,2,1,3
470,"Malta",4,"Median","43",2069,2,1,3
470,"Malta",4,"Median","44",2069,2,1,3
470,"Malta",4,"Median","45",2069,2,1,3
470,"Malta",4,"Median","46",2069,2,1,4
470,"Malta",4,"Median","47",2069,2,1,4
470,"Malta",4,"Median","48",2069,2,2,4
470,"Malta",4,"Median","49",2069,3,2,5
470,"Malta",4,"Median","50",2069,4,2,6
470,"Malta",4,"Median","51",2069,4,2,6
470,"Malta",4,"Median","52",2069,4,2,6
470,"Malta",4,"Median","53",2069,5,2,7
470,"Malta",4,"Median","54",2069,5,3,8
470,"Malta",4,"Median","55",2069,6,3,9
470,"Malta",4,"Median","56",2069,6,3,10
470,"Malta",4,"Median","57",2069,6,4,10
470,"Malta",4,"Median","58",2069,7,4,10
470,"Malta",4,"Median","59",2069,8,4,12
470,"Malta",4,"Median","60",2069,8,4,12
470,"Malta",4,"Median","61",2069,8,5,13
470,"Malta",4,"Median","62",2069,10,5,15
470,"Malta",4,"Median","63",2069,11,6,17
470,"Malta",4,"Median","64",2069,12,6,18
470,"Malta",4,"Median","65",2069,13,7,20
470,"Malta",4,"Median","66",2069,14,7,21
470,"Malta",4,"Median","67",2069,15,7,22
470,"Malta",4,"Median","68",2069,18,9,27
470,"Malta",4,"Median","69",2069,22,11,33
470,"Malta",4,"Median","70",2069,25,13,38
470,"Malta",4,"Median","71",2069,30,16,46
470,"Malta",4,"Median","72",2069,37,19,56
470,"Malta",4,"Median","73",2069,43,22,65
470,"Malta",4,"Median","74",2069,50,27,77
470,"Malta",4,"Median","75",2069,61,35,96
470,"Malta",4,"Median","76",2069,72,43,115
470,"Malta",4,"Median","77",2069,82,49,132
470,"Malta",4,"Median","78",2069,93,57,149
470,"Malta",4,"Median","79",2069,103,65,168
470,"Malta",4,"Median","80",2069,114,72,186
470,"Malta",4,"Median","81",2069,123,77,200
470,"Malta",4,"Median","82",2069,131,82,213
470,"Malta",4,"Median","83",2069,141,89,229
470,"Malta",4,"Median","84",2069,150,96,247
470,"Malta",4,"Median","85",2069,160,105,264
470,"Malta",4,"Median","86",2069,170,115,285
470,"Malta",4,"Median","87",2069,173,122,295
470,"Malta",4,"Median","88",2069,177,125,302
470,"Malta",4,"Median","89",2069,183,132,315
470,"Malta",4,"Median","90",2069,182,139,320
470,"Malta",4,"Median","91",2069,181,141,322
470,"Malta",4,"Median","92",2069,176,145,321
470,"Malta",4,"Median","93",2069,169,147,316
470,"Malta",4,"Median","94",2069,158,142,301
470,"Malta",4,"Median","95",2069,139,137,275
470,"Malta",4,"Median","96",2069,125,131,256
470,"Malta",4,"Median","97",2069,111,123,234
470,"Malta",4,"Median","98",2069,94,112,206
470,"Malta",4,"Median","99",2069,76,99,175
470,"Malta",4,"Median","100",2069,29,45,74
470,"Malta",4,"Median","101",2069,27,44,71
470,"Malta",4,"Median","102",2069,24,42,66
470,"Malta",4,"Median","103",2069,22,41,63
470,"Malta",4,"Median","104",2069,20,39,59
470,"Malta",4,"Median","105",2069,18,38,56
470,"Malta",4,"Median","106",2069,17,37,54
470,"Malta",4,"Median","107",2069,15,35,50
470,"Malta",4,"Median","108",2069,14,34,48
470,"Malta",4,"Median","109",2069,12,33,45
470,"Malta",4,"Median","110",2069,11,32,43
470,"Malta",4,"Median","0",2070,3,3,6
470,"Malta",4,"Median","1",2070,0,0,1
470,"Malta",4,"Median","2",2070,0,0,0
470,"Malta",4,"Median","3",2070,0,0,0
470,"Malta",4,"Median","4",2070,0,0,0
470,"Malta",4,"Median","5",2070,0,0,0
470,"Malta",4,"Median","6",2070,0,0,0
470,"Malta",4,"Median","7",2070,0,0,0
470,"Malta",4,"Median","8",2070,0,0,0
470,"Malta",4,"Median","9",2070,0,0,0
470,"Malta",4,"Median","10",2070,0,0,0
470,"Malta",4,"Median","11",2070,0,0,0
470,"Malta",4,"Median","12",2070,0,0,0
470,"Malta",4,"Median","13",2070,0,0,0
470,"Malta",4,"Median","14",2070,0,0,0
470,"Malta",4,"Median","15",2070,0,0,0
470,"Malta",4,"Median","16",2070,0,0,0
470,"Malta",4,"Median","17",2070,0,0,0
470,"Malta",4,"Median","18",2070,0,0,1
470,"Malta",4,"Median","19",2070,0,0,1
470,"Malta",4,"Median","20",2070,0,0,1
470,"Malta",4,"Median","21",2070,0,0,1
470,"Malta",4,"Median","22",2070,0,0,1
470,"Malta",4,"Median","23",2070,0,0,1
470,"Malta",4,"Median","24",2070,0,0,1
470,"Malta",4,"Median","25",2070,0,0,1
470,"Malta",4,"Median","26",2070,1,0,1
470,"Malta",4,"Median","27",2070,1,0,1
470,"Malta",4,"Median","28",2070,0,0,1
470,"Malta",4,"Median","29",2070,0,0,1
470,"Malta",4,"Median","30",2070,1,0,1
470,"Malta",4,"Median","31",2070,1,0,1
470,"Malta",4,"Median","32",2070,1,0,1
470,"Malta",4,"Median","33",2070,1,1,1
470,"Malta",4,"Median","34",2070,1,0,1
470,"Malta",4,"Median","35",2070,1,0,1
470,"Malta",4,"Median","36",2070,1,0,1
470,"Malta",4,"Median","37",2070,1,1,1
470,"Malta",4,"Median","38",2070,1,1,2
470,"Malta",4,"Median","39",2070,1,1,2
470,"Malta",4,"Median","40",2070,1,1,2
470,"Malta",4,"Median","41",2070,1,1,2
470,"Malta",4,"Median","42",2070,1,1,2
470,"Malta",4,"Median","43",2070,1,1,2
470,"Malta",4,"Median","44",2070,2,1,3
470,"Malta",4,"Median","45",2070,2,1,3
470,"Malta",4,"Median","46",2070,2,1,3
470,"Malta",4,"Median","47",2070,2,1,4
470,"Malta",4,"Median","48",2070,2,2,4
470,"Malta",4,"Median","49",2070,3,2,5
470,"Malta",4,"Median","50",2070,3,2,6
470,"Malta",4,"Median","51",2070,3,2,5
470,"Malta",4,"Median","52",2070,4,2,6
470,"Malta",4,"Median","53",2070,5,2,7
470,"Malta",4,"Median","54",2070,5,3,8
470,"Malta",4,"Median","55",2070,6,3,9
470,"Malta",4,"Median","56",2070,6,3,9
470,"Malta",4,"Median","57",2070,6,3,10
470,"Malta",4,"Median","58",2070,7,4,10
470,"Malta",4,"Median","59",2070,8,4,11
470,"Malta",4,"Median","60",2070,8,4,12
470,"Malta",4,"Median","61",2070,8,5,13
470,"Malta",4,"Median","62",2070,10,5,15
470,"Malta",4,"Median","63",2070,11,6,17
470,"Malta",4,"Median","64",2070,12,6,18
470,"Malta",4,"Median","65",2070,13,7,19
470,"Malta",4,"Median","66",2070,13,8,21
470,"Malta",4,"Median","67",2070,15,7,22
470,"Malta",4,"Median","68",2070,17,8,25
470,"Malta",4,"Median","69",2070,20,10,31
470,"Malta",4,"Median","70",2070,23,13,36
470,"Malta",4,"Median","71",2070,27,15,42
470,"Malta",4,"Median","72",2070,33,17,50
470,"Malta",4,"Median","73",2070,39,20,60
470,"Malta",4,"Median","74",2070,47,25,73
470,"Malta",4,"Median","75",2070,57,32,90
470,"Malta",4,"Median","76",2070,68,39,107
470,"Malta",4,"Median","77",2070,79,47,126
470,"Malta",4,"Median","78",2070,91,55,145
470,"Malta",4,"Median","79",2070,102,63,165
470,"Malta",4,"Median","80",2070,113,72,184
470,"Malta",4,"Median","81",2070,125,80,204
470,"Malta",4,"Median","82",2070,134,85,219
470,"Malta",4,"Median","83",2070,142,90,231
470,"Malta",4,"Median","84",2070,152,97,248
470,"Malta",4,"Median","85",2070,161,105,266
470,"Malta",4,"Median","86",2070,171,113,284
470,"Malta",4,"Median","87",2070,180,123,303
470,"Malta",4,"Median","88",2070,182,130,312
470,"Malta",4,"Median","89",2070,184,133,317
470,"Malta",4,"Median","90",2070,188,140,328
470,"Malta",4,"Median","91",2070,184,145,330
470,"Malta",4,"Median","92",2070,181,146,327
470,"Malta",4,"Median","93",2070,173,149,322
470,"Malta",4,"Median","94",2070,164,149,313
470,"Malta",4,"Median","95",2070,150,142,292
470,"Malta",4,"Median","96",2070,131,135,266
470,"Malta",4,"Median","97",2070,115,128,243
470,"Malta",4,"Median","98",2070,99,117,217
470,"Malta",4,"Median","99",2070,81,105,186
470,"Malta",4,"Median","100",2070,30,45,75
470,"Malta",4,"Median","101",2070,27,44,71
470,"Malta",4,"Median","102",2070,25,42,67
470,"Malta",4,"Median","103",2070,23,41,64
470,"Malta",4,"Median","104",2070,21,40,61
470,"Malta",4,"Median","105",2070,19,39,58
470,"Malta",4,"Median","106",2070,17,37,54
470,"Malta",4,"Median","107",2070,16,36,52
470,"Malta",4,"Median","108",2070,14,35,49
470,"Malta",4,"Median","109",2070,13,34,47
470,"Malta",4,"Median","110",2070,12,33,45
470,"Malta",4,"Median","0",2071,3,3,6
470,"Malta",4,"Median","1",2071,0,0,1
470,"Malta",4,"Median","2",2071,0,0,0
470,"Malta",4,"Median","3",2071,0,0,0
470,"Malta",4,"Median","4",2071,0,0,0
470,"Malta",4,"Median","5",2071,0,0,0
470,"Malta",4,"Median","6",2071,0,0,0
470,"Malta",4,"Median","7",2071,0,0,0
470,"Malta",4,"Median","8",2071,0,0,0
470,"Malta",4,"Median","9",2071,0,0,0
470,"Malta",4,"Median","10",2071,0,0,0
470,"Malta",4,"Median","11",2071,0,0,0
470,"Malta",4,"Median","12",2071,0,0,0
470,"Malta",4,"Median","13",2071,0,0,0
470,"Malta",4,"Median","14",2071,0,0,0
470,"Malta",4,"Median","15",2071,0,0,0
470,"Malta",4,"Median","16",2071,0,0,0
470,"Malta",4,"Median","17",2071,0,0,0
470,"Malta",4,"Median","18",2071,0,0,1
470,"Malta",4,"Median","19",2071,0,0,1
470,"Malta",4,"Median","20",2071,0,0,1
470,"Malta",4,"Median","21",2071,0,0,1
470,"Malta",4,"Median","22",2071,0,0,1
470,"Malta",4,"Median","23",2071,0,0,1
470,"Malta",4,"Median","24",2071,0,0,1
470,"Malta",4,"Median","25",2071,0,0,1
470,"Malta",4,"Median","26",2071,1,0,1
470,"Malta",4,"Median","27",2071,1,0,1
470,"Malta",4,"Median","28",2071,0,0,1
470,"Malta",4,"Median","29",2071,0,0,1
470,"Malta",4,"Median","30",2071,1,0,1
470,"Malta",4,"Median","31",2071,1,0,1
470,"Malta",4,"Median","32",2071,1,0,1
470,"Malta",4,"Median","33",2071,1,1,1
470,"Malta",4,"Median","34",2071,1,0,1
470,"Malta",4,"Median","35",2071,1,0,1
470,"Malta",4,"Median","36",2071,1,0,1
470,"Malta",4,"Median","37",2071,1,1,1
470,"Malta",4,"Median","38",2071,1,1,2
470,"Malta",4,"Median","39",2071,1,1,2
470,"Malta",4,"Median","40",2071,1,1,2
470,"Malta",4,"Median","41",2071,1,1,2
470,"Malta",4,"Median","42",2071,1,1,2
470,"Malta",4,"Median","43",2071,1,1,2
470,"Malta",4,"Median","44",2071,2,1,3
470,"Malta",4,"Median","45",2071,2,1,3
470,"Malta",4,"Median","46",2071,2,1,3
470,"Malta",4,"Median","47",2071,2,1,3
470,"Malta",4,"Median","48",2071,2,2,4
470,"Malta",4,"Median","49",2071,3,2,5
470,"Malta",4,"Median","50",2071,3,2,6
470,"Malta",4,"Median","51",2071,3,2,5
470,"Malta",4,"Median","52",2071,4,2,6
470,"Malta",4,"Median","53",2071,4,2,7
470,"Malta",4,"Median","54",2071,5,3,8
470,"Malta",4,"Median","55",2071,6,3,9
470,"Malta",4,"Median","56",2071,6,3,9
470,"Malta",4,"Median","57",2071,6,3,9
470,"Malta",4,"Median","58",2071,7,4,10
470,"Malta",4,"Median","59",2071,8,4,11
470,"Malta",4,"Median","60",2071,8,4,12
470,"Malta",4,"Median","61",2071,8,5,13
470,"Malta",4,"Median","62",2071,10,5,15
470,"Malta",4,"Median","63",2071,11,6,17
470,"Malta",4,"Median","64",2071,12,6,18
470,"Malta",4,"Median","65",2071,13,7,19
470,"Malta",4,"Median","66",2071,13,7,21
470,"Malta",4,"Median","67",2071,14,7,22
470,"Malta",4,"Median","68",2071,17,8,25
470,"Malta",4,"Median","69",2071,19,9,29
470,"Malta",4,"Median","70",2071,21,12,33
470,"Malta",4,"Median","71",2071,25,14,39
470,"Malta",4,"Median","72",2071,29,16,45
470,"Malta",4,"Median","73",2071,35,19,54
470,"Malta",4,"Median","74",2071,43,23,66
470,"Malta",4,"Median","75",2071,54,30,84
470,"Malta",4,"Median","76",2071,64,36,100
470,"Malta",4,"Median","77",2071,74,43,117
470,"Malta",4,"Median","78",2071,87,52,139
470,"Malta",4,"Median","79",2071,100,61,161
470,"Malta",4,"Median","80",2071,111,69,181
470,"Malta",4,"Median","81",2071,124,79,203
470,"Malta",4,"Median","82",2071,136,88,224
470,"Malta",4,"Median","83",2071,145,93,238
470,"Malta",4,"Median","84",2071,153,98,251
470,"Malta",4,"Median","85",2071,163,105,267
470,"Malta",4,"Median","86",2071,172,113,285
470,"Malta",4,"Median","87",2071,181,122,302
470,"Malta",4,"Median","88",2071,189,132,321
470,"Malta",4,"Median","89",2071,189,139,328
470,"Malta",4,"Median","90",2071,189,141,330
470,"Malta",4,"Median","91",2071,191,147,338
470,"Malta",4,"Median","92",2071,185,151,336
470,"Malta",4,"Median","93",2071,178,150,329
470,"Malta",4,"Median","94",2071,168,151,319
470,"Malta",4,"Median","95",2071,156,149,305
470,"Malta",4,"Median","96",2071,142,141,283
470,"Malta",4,"Median","97",2071,120,132,253
470,"Malta",4,"Median","98",2071,103,122,225
470,"Malta",4,"Median","99",2071,86,110,196
470,"Malta",4,"Median","100",2071,31,45,76
470,"Malta",4,"Median","101",2071,28,44,72
470,"Malta",4,"Median","102",2071,26,43,69
470,"Malta",4,"Median","103",2071,24,42,66
470,"Malta",4,"Median","104",2071,22,41,63
470,"Malta",4,"Median","105",2071,20,39,59
470,"Malta",4,"Median","106",2071,18,38,56
470,"Malta",4,"Median","107",2071,17,37,54
470,"Malta",4,"Median","108",2071,15,36,51
470,"Malta",4,"Median","109",2071,14,35,49
470,"Malta",4,"Median","110",2071,13,35,48
470,"Malta",4,"Median","0",2072,3,3,6
470,"Malta",4,"Median","1",2072,0,0,1
470,"Malta",4,"Median","2",2072,0,0,0
470,"Malta",4,"Median","3",2072,0,0,0
470,"Malta",4,"Median","4",2072,0,0,0
470,"Malta",4,"Median","5",2072,0,0,0
470,"Malta",4,"Median","6",2072,0,0,0
470,"Malta",4,"Median","7",2072,0,0,0
470,"Malta",4,"Median","8",2072,0,0,0
470,"Malta",4,"Median","9",2072,0,0,0
470,"Malta",4,"Median","10",2072,0,0,0
470,"Malta",4,"Median","11",2072,0,0,0
470,"Malta",4,"Median","12",2072,0,0,0
470,"Malta",4,"Median","13",2072,0,0,0
470,"Malta",4,"Median","14",2072,0,0,0
470,"Malta",4,"Median","15",2072,0,0,0
470,"Malta",4,"Median","16",2072,0,0,0
470,"Malta",4,"Median","17",2072,0,0,0
470,"Malta",4,"Median","18",2072,0,0,0
470,"Malta",4,"Median","19",2072,0,0,1
470,"Malta",4,"Median","20",2072,0,0,1
470,"Malta",4,"Median","21",2072,0,0,1
470,"Malta",4,"Median","22",2072,0,0,1
470,"Malta",4,"Median","23",2072,0,0,1
470,"Malta",4,"Median","24",2072,0,0,1
470,"Malta",4,"Median","25",2072,0,0,1
470,"Malta",4,"Median","26",2072,1,0,1
470,"Malta",4,"Median","27",2072,1,0,1
470,"Malta",4,"Median","28",2072,0,0,1
470,"Malta",4,"Median","29",2072,0,0,1
470,"Malta",4,"Median","30",2072,1,0,1
470,"Malta",4,"Median","31",2072,1,0,1
470,"Malta",4,"Median","32",2072,1,0,1
470,"Malta",4,"Median","33",2072,1,1,1
470,"Malta",4,"Median","34",2072,1,0,1
470,"Malta",4,"Median","35",2072,1,0,1
470,"Malta",4,"Median","36",2072,1,0,1
470,"Malta",4,"Median","37",2072,1,1,1
470,"Malta",4,"Median","38",2072,1,1,2
470,"Malta",4,"Median","39",2072,1,1,2
470,"Malta",4,"Median","40",2072,1,1,2
470,"Malta",4,"Median","41",2072,1,1,2
470,"Malta",4,"Median","42",2072,1,1,2
470,"Malta",4,"Median","43",2072,1,1,2
470,"Malta",4,"Median","44",2072,2,1,3
470,"Malta",4,"Median","45",2072,2,1,3
470,"Malta",4,"Median","46",2072,2,1,3
470,"Malta",4,"Median","47",2072,2,1,3
470,"Malta",4,"Median","48",2072,2,1,4
470,"Malta",4,"Median","49",2072,3,2,5
470,"Malta",4,"Median","50",2072,3,2,5
470,"Malta",4,"Median","51",2072,3,2,5
470,"Malta",4,"Median","52",2072,4,2,5
470,"Malta",4,"Median","53",2072,4,2,7
470,"Malta",4,"Median","54",2072,5,3,8
470,"Malta",4,"Median","55",2072,6,3,9
470,"Malta",4,"Median","56",2072,6,3,9
470,"Malta",4,"Median","57",2072,6,3,9
470,"Malta",4,"Median","58",2072,6,3,10
470,"Malta",4,"Median","59",2072,7,4,11
470,"Malta",4,"Median","60",2072,8,4,12
470,"Malta",4,"Median","61",2072,8,5,13
470,"Malta",4,"Median","62",2072,9,5,15
470,"Malta",4,"Median","63",2072,11,6,17
470,"Malta",4,"Median","64",2072,12,6,18
470,"Malta",4,"Median","65",2072,12,7,19
470,"Malta",4,"Median","66",2072,13,7,20
470,"Malta",4,"Median","67",2072,14,7,21
470,"Malta",4,"Median","68",2072,16,8,25
470,"Malta",4,"Median","69",2072,19,9,28
470,"Malta",4,"Median","70",2072,20,11,31
470,"Malta",4,"Median","71",2072,23,13,36
470,"Malta",4,"Median","72",2072,27,15,42
470,"Malta",4,"Median","73",2072,31,17,49
470,"Malta",4,"Median","74",2072,39,21,60
470,"Malta",4,"Median","75",2072,50,27,77
470,"Malta",4,"Median","76",2072,61,33,94
470,"Malta",4,"Median","77",2072,70,39,110
470,"Malta",4,"Median","78",2072,82,48,130
470,"Malta",4,"Median","79",2072,96,58,154
470,"Malta",4,"Median","80",2072,110,67,176
470,"Malta",4,"Median","81",2072,122,77,199
470,"Malta",4,"Median","82",2072,135,87,222
470,"Malta",4,"Median","83",2072,148,96,244
470,"Malta",4,"Median","84",2072,157,102,258
470,"Malta",4,"Median","85",2072,164,106,270
470,"Malta",4,"Median","86",2072,174,113,287
470,"Malta",4,"Median","87",2072,182,122,304
470,"Malta",4,"Median","88",2072,190,130,320
470,"Malta",4,"Median","89",2072,197,140,338
470,"Malta",4,"Median","90",2072,195,146,342
470,"Malta",4,"Median","91",2072,193,148,340
470,"Malta",4,"Median","92",2072,192,152,344
470,"Malta",4,"Median","93",2072,183,155,337
470,"Malta",4,"Median","94",2072,173,152,326
470,"Malta",4,"Median","95",2072,160,151,311
470,"Malta",4,"Median","96",2072,147,148,295
470,"Malta",4,"Median","97",2072,131,138,269
470,"Malta",4,"Median","98",2072,108,127,234
470,"Malta",4,"Median","99",2072,89,115,204
470,"Malta",4,"Median","100",2072,32,46,78
470,"Malta",4,"Median","101",2072,30,45,75
470,"Malta",4,"Median","102",2072,27,44,71
470,"Malta",4,"Median","103",2072,25,43,68
470,"Malta",4,"Median","104",2072,23,42,65
470,"Malta",4,"Median","105",2072,21,41,62
470,"Malta",4,"Median","106",2072,19,40,59
470,"Malta",4,"Median","107",2072,18,39,57
470,"Malta",4,"Median","108",2072,16,38,54
470,"Malta",4,"Median","109",2072,15,37,52
470,"Malta",4,"Median","110",2072,14,36,50
470,"Malta",4,"Median","0",2073,3,3,6
470,"Malta",4,"Median","1",2073,0,0,0
470,"Malta",4,"Median","2",2073,0,0,0
470,"Malta",4,"Median","3",2073,0,0,0
470,"Malta",4,"Median","4",2073,0,0,0
470,"Malta",4,"Median","5",2073,0,0,0
470,"Malta",4,"Median","6",2073,0,0,0
470,"Malta",4,"Median","7",2073,0,0,0
470,"Malta",4,"Median","8",2073,0,0,0
470,"Malta",4,"Median","9",2073,0,0,0
470,"Malta",4,"Median","10",2073,0,0,0
470,"Malta",4,"Median","11",2073,0,0,0
470,"Malta",4,"Median","12",2073,0,0,0
470,"Malta",4,"Median","13",2073,0,0,0
470,"Malta",4,"Median","14",2073,0,0,0
470,"Malta",4,"Median","15",2073,0,0,0
470,"Malta",4,"Median","16",2073,0,0,0
470,"Malta",4,"Median","17",2073,0,0,0
470,"Malta",4,"Median","18",2073,0,0,0
470,"Malta",4,"Median","19",2073,0,0,1
470,"Malta",4,"Median","20",2073,0,0,1
470,"Malta",4,"Median","21",2073,0,0,1
470,"Malta",4,"Median","22",2073,0,0,1
470,"Malta",4,"Median","23",2073,0,0,1
470,"Malta",4,"Median","24",2073,0,0,1
470,"Malta",4,"Median","25",2073,0,0,1
470,"Malta",4,"Median","26",2073,1,0,1
470,"Malta",4,"Median","27",2073,1,0,1
470,"Malta",4,"Median","28",2073,0,0,1
470,"Malta",4,"Median","29",2073,0,0,1
470,"Malta",4,"Median","30",2073,1,0,1
470,"Malta",4,"Median","31",2073,1,0,1
470,"Malta",4,"Median","32",2073,1,0,1
470,"Malta",4,"Median","33",2073,1,1,1
470,"Malta",4,"Median","34",2073,1,0,1
470,"Malta",4,"Median","35",2073,1,0,1
470,"Malta",4,"Median","36",2073,1,0,1
470,"Malta",4,"Median","37",2073,1,0,1
470,"Malta",4,"Median","38",2073,1,1,2
470,"Malta",4,"Median","39",2073,1,1,2
470,"Malta",4,"Median","40",2073,1,1,2
470,"Malta",4,"Median","41",2073,1,1,2
470,"Malta",4,"Median","42",2073,1,1,2
470,"Malta",4,"Median","43",2073,1,1,2
470,"Malta",4,"Median","44",2073,2,1,3
470,"Malta",4,"Median","45",2073,2,1,3
470,"Malta",4,"Median","46",2073,2,1,3
470,"Malta",4,"Median","47",2073,2,1,3
470,"Malta",4,"Median","48",2073,2,1,4
470,"Malta",4,"Median","49",2073,3,2,4
470,"Malta",4,"Median","50",2073,3,2,5
470,"Malta",4,"Median","51",2073,3,2,5
470,"Malta",4,"Median","52",2073,3,2,5
470,"Malta",4,"Median","53",2073,4,2,6
470,"Malta",4,"Median","54",2073,5,3,7
470,"Malta",4,"Median","55",2073,6,3,8
470,"Malta",4,"Median","56",2073,6,3,9
470,"Malta",4,"Median","57",2073,6,3,9
470,"Malta",4,"Median","58",2073,6,3,10
470,"Malta",4,"Median","59",2073,7,4,11
470,"Malta",4,"Median","60",2073,8,4,12
470,"Malta",4,"Median","61",2073,8,5,13
470,"Malta",4,"Median","62",2073,9,5,15
470,"Malta",4,"Median","63",2073,10,6,16
470,"Malta",4,"Median","64",2073,12,6,18
470,"Malta",4,"Median","65",2073,12,7,19
470,"Malta",4,"Median","66",2073,13,7,20
470,"Malta",4,"Median","67",2073,14,7,21
470,"Malta",4,"Median","68",2073,16,8,24
470,"Malta",4,"Median","69",2073,18,10,28
470,"Malta",4,"Median","70",2073,20,11,30
470,"Malta",4,"Median","71",2073,22,12,34
470,"Malta",4,"Median","72",2073,25,14,39
470,"Malta",4,"Median","73",2073,29,16,45
470,"Malta",4,"Median","74",2073,35,20,54
470,"Malta",4,"Median","75",2073,45,25,69
470,"Malta",4,"Median","76",2073,56,30,86
470,"Malta",4,"Median","77",2073,66,37,103
470,"Malta",4,"Median","78",2073,77,44,121
470,"Malta",4,"Median","79",2073,91,53,144
470,"Malta",4,"Median","80",2073,105,64,169
470,"Malta",4,"Median","81",2073,120,74,194
470,"Malta",4,"Median","82",2073,134,85,218
470,"Malta",4,"Median","83",2073,147,96,242
470,"Malta",4,"Median","84",2073,160,105,265
470,"Malta",4,"Median","85",2073,168,110,279
470,"Malta",4,"Median","86",2073,175,115,290
470,"Malta",4,"Median","87",2073,185,122,307
470,"Malta",4,"Median","88",2073,192,130,323
470,"Malta",4,"Median","89",2073,199,139,337
470,"Malta",4,"Median","90",2073,203,149,352
470,"Malta",4,"Median","91",2073,199,154,353
470,"Malta",4,"Median","92",2073,194,153,348
470,"Malta",4,"Median","93",2073,190,157,346
470,"Malta",4,"Median","94",2073,178,157,335
470,"Malta",4,"Median","95",2073,166,153,318
470,"Malta",4,"Median","96",2073,151,150,302
470,"Malta",4,"Median","97",2073,136,145,281
470,"Malta",4,"Median","98",2073,118,132,250
470,"Malta",4,"Median","99",2073,94,119,213
470,"Malta",4,"Median","100",2073,33,47,80
470,"Malta",4,"Median","101",2073,31,46,77
470,"Malta",4,"Median","102",2073,28,45,73
470,"Malta",4,"Median","103",2073,26,44,70
470,"Malta",4,"Median","104",2073,24,43,67
470,"Malta",4,"Median","105",2073,22,42,64
470,"Malta",4,"Median","106",2073,21,41,62
470,"Malta",4,"Median","107",2073,19,40,59
470,"Malta",4,"Median","108",2073,18,40,58
470,"Malta",4,"Median","109",2073,16,39,55
470,"Malta",4,"Median","110",2073,15,38,53
470,"Malta",4,"Median","0",2074,3,3,6
470,"Malta",4,"Median","1",2074,0,0,0
470,"Malta",4,"Median","2",2074,0,0,0
470,"Malta",4,"Median","3",2074,0,0,0
470,"Malta",4,"Median","4",2074,0,0,0
470,"Malta",4,"Median","5",2074,0,0,0
470,"Malta",4,"Median","6",2074,0,0,0
470,"Malta",4,"Median","7",2074,0,0,0
470,"Malta",4,"Median","8",2074,0,0,0
470,"Malta",4,"Median","9",2074,0,0,0
470,"Malta",4,"Median","10",2074,0,0,0
470,"Malta",4,"Median","11",2074,0,0,0
470,"Malta",4,"Median","12",2074,0,0,0
470,"Malta",4,"Median","13",2074,0,0,0
470,"Malta",4,"Median","14",2074,0,0,0
470,"Malta",4,"Median","15",2074,0,0,0
470,"Malta",4,"Median","16",2074,0,0,0
470,"Malta",4,"Median","17",2074,0,0,0
470,"Malta",4,"Median","18",2074,0,0,0
470,"Malta",4,"Median","19",2074,0,0,1
470,"Malta",4,"Median","20",2074,0,0,1
470,"Malta",4,"Median","21",2074,0,0,1
470,"Malta",4,"Median","22",2074,0,0,1
470,"Malta",4,"Median","23",2074,0,0,1
470,"Malta",4,"Median","24",2074,0,0,1
470,"Malta",4,"Median","25",2074,0,0,1
470,"Malta",4,"Median","26",2074,1,0,1
470,"Malta",4,"Median","27",2074,1,0,1
470,"Malta",4,"Median","28",2074,0,0,1
470,"Malta",4,"Median","29",2074,0,0,1
470,"Malta",4,"Median","30",2074,1,0,1
470,"Malta",4,"Median","31",2074,1,0,1
470,"Malta",4,"Median","32",2074,1,0,1
470,"Malta",4,"Median","33",2074,1,1,1
470,"Malta",4,"Median","34",2074,1,0,1
470,"Malta",4,"Median","35",2074,1,0,1
470,"Malta",4,"Median","36",2074,1,0,1
470,"Malta",4,"Median","37",2074,1,0,1
470,"Malta",4,"Median","38",2074,1,1,1
470,"Malta",4,"Median","39",2074,1,0,2
470,"Malta",4,"Median","40",2074,1,1,2
470,"Malta",4,"Median","41",2074,1,1,2
470,"Malta",4,"Median","42",2074,1,1,2
470,"Malta",4,"Median","43",2074,1,1,2
470,"Malta",4,"Median","44",2074,2,1,2
470,"Malta",4,"Median","45",2074,2,1,3
470,"Malta",4,"Median","46",2074,2,1,3
470,"Malta",4,"Median","47",2074,2,1,3
470,"Malta",4,"Median","48",2074,2,1,4
470,"Malta",4,"Median","49",2074,3,2,4
470,"Malta",4,"Median","50",2074,3,2,5
470,"Malta",4,"Median","51",2074,3,2,5
470,"Malta",4,"Median","52",2074,3,2,5
470,"Malta",4,"Median","53",2074,4,2,6
470,"Malta",4,"Median","54",2074,5,2,7
470,"Malta",4,"Median","55",2074,5,3,8
470,"Malta",4,"Median","56",2074,6,3,9
470,"Malta",4,"Median","57",2074,6,3,9
470,"Malta",4,"Median","58",2074,6,3,10
470,"Malta",4,"Median","59",2074,7,4,11
470,"Malta",4,"Median","60",2074,8,4,11
470,"Malta",4,"Median","61",2074,8,4,12
470,"Malta",4,"Median","62",2074,9,5,15
470,"Malta",4,"Median","63",2074,10,6,16
470,"Malta",4,"Median","64",2074,11,6,17
470,"Malta",4,"Median","65",2074,12,7,19
470,"Malta",4,"Median","66",2074,13,7,20
470,"Malta",4,"Median","67",2074,14,7,21
470,"Malta",4,"Median","68",2074,16,8,24
470,"Malta",4,"Median","69",2074,18,9,28
470,"Malta",4,"Median","70",2074,19,11,30
470,"Malta",4,"Median","71",2074,21,12,33
470,"Malta",4,"Median","72",2074,24,13,37
470,"Malta",4,"Median","73",2074,27,15,42
470,"Malta",4,"Median","74",2074,32,19,51
470,"Malta",4,"Median","75",2074,40,23,63
470,"Malta",4,"Median","76",2074,50,28,78
470,"Malta",4,"Median","77",2074,61,33,94
470,"Malta",4,"Median","78",2074,73,41,114
470,"Malta",4,"Median","79",2074,86,49,134
470,"Malta",4,"Median","80",2074,99,59,158
470,"Malta",4,"Median","81",2074,116,71,187
470,"Malta",4,"Median","82",2074,132,82,214
470,"Malta",4,"Median","83",2074,145,93,238
470,"Malta",4,"Median","84",2074,158,105,263
470,"Malta",4,"Median","85",2074,172,114,286
470,"Malta",4,"Median","86",2074,180,120,300
470,"Malta",4,"Median","87",2074,187,124,311
470,"Malta",4,"Median","88",2074,195,131,326
470,"Malta",4,"Median","89",2074,201,139,340
470,"Malta",4,"Median","90",2074,205,147,352
470,"Malta",4,"Median","91",2074,208,156,364
470,"Malta",4,"Median","92",2074,200,160,361
470,"Malta",4,"Median","93",2074,192,158,351
470,"Malta",4,"Median","94",2074,185,159,344
470,"Malta",4,"Median","95",2074,170,158,328
470,"Malta",4,"Median","96",2074,157,153,310
470,"Malta",4,"Median","97",2074,140,148,288
470,"Malta",4,"Median","98",2074,123,139,262
470,"Malta",4,"Median","99",2074,103,125,227
470,"Malta",4,"Median","100",2074,35,48,83
470,"Malta",4,"Median","101",2074,32,47,79
470,"Malta",4,"Median","102",2074,30,46,76
470,"Malta",4,"Median","103",2074,28,46,74
470,"Malta",4,"Median","104",2074,26,45,71
470,"Malta",4,"Median","105",2074,24,44,68
470,"Malta",4,"Median","106",2074,22,43,65
470,"Malta",4,"Median","107",2074,20,43,63
470,"Malta",4,"Median","108",2074,19,42,61
470,"Malta",4,"Median","109",2074,18,41,59
470,"Malta",4,"Median","110",2074,16,41,57
470,"Malta",4,"Median","0",2075,3,3,6
470,"Malta",4,"Median","1",2075,0,0,0
470,"Malta",4,"Median","2",2075,0,0,0
470,"Malta",4,"Median","3",2075,0,0,0
470,"Malta",4,"Median","4",2075,0,0,0
470,"Malta",4,"Median","5",2075,0,0,0
470,"Malta",4,"Median","6",2075,0,0,0
470,"Malta",4,"Median","7",2075,0,0,0
470,"Malta",4,"Median","8",2075,0,0,0
470,"Malta",4,"Median","9",2075,0,0,0
470,"Malta",4,"Median","10",2075,0,0,0
470,"Malta",4,"Median","11",2075,0,0,0
470,"Malta",4,"Median","12",2075,0,0,0
470,"Malta",4,"Median","13",2075,0,0,0
470,"Malta",4,"Median","14",2075,0,0,0
470,"Malta",4,"Median","15",2075,0,0,0
470,"Malta",4,"Median","16",2075,0,0,0
470,"Malta",4,"Median","17",2075,0,0,0
470,"Malta",4,"Median","18",2075,0,0,0
470,"Malta",4,"Median","19",2075,0,0,1
470,"Malta",4,"Median","20",2075,0,0,1
470,"Malta",4,"Median","21",2075,0,0,1
470,"Malta",4,"Median","22",2075,0,0,1
470,"Malta",4,"Median","23",2075,0,0,1
470,"Malta",4,"Median","24",2075,0,0,1
470,"Malta",4,"Median","25",2075,0,0,1
470,"Malta",4,"Median","26",2075,1,0,1
470,"Malta",4,"Median","27",2075,1,0,1
470,"Malta",4,"Median","28",2075,0,0,1
470,"Malta",4,"Median","29",2075,0,0,1
470,"Malta",4,"Median","30",2075,1,0,1
470,"Malta",4,"Median","31",2075,1,0,1
470,"Malta",4,"Median","32",2075,1,0,1
470,"Malta",4,"Median","33",2075,1,0,1
470,"Malta",4,"Median","34",2075,1,0,1
470,"Malta",4,"Median","35",2075,1,0,1
470,"Malta",4,"Median","36",2075,1,0,1
470,"Malta",4,"Median","37",2075,1,0,1
470,"Malta",4,"Median","38",2075,1,0,1
470,"Malta",4,"Median","39",2075,1,0,2
470,"Malta",4,"Median","40",2075,1,1,2
470,"Malta",4,"Median","41",2075,1,1,2
470,"Malta",4,"Median","42",2075,1,1,2
470,"Malta",4,"Median","43",2075,1,1,2
470,"Malta",4,"Median","44",2075,2,1,2
470,"Malta",4,"Median","45",2075,2,1,3
470,"Malta",4,"Median","46",2075,2,1,3
470,"Malta",4,"Median","47",2075,2,1,3
470,"Malta",4,"Median","48",2075,2,1,3
470,"Malta",4,"Median","49",2075,3,2,4
470,"Malta",4,"Median","50",2075,3,2,5
470,"Malta",4,"Median","51",2075,3,2,5
470,"Malta",4,"Median","52",2075,3,2,5
470,"Malta",4,"Median","53",2075,4,2,6
470,"Malta",4,"Median","54",2075,4,2,7
470,"Malta",4,"Median","55",2075,5,3,8
470,"Malta",4,"Median","56",2075,6,3,8
470,"Malta",4,"Median","57",2075,6,3,9
470,"Malta",4,"Median","58",2075,6,3,10
470,"Malta",4,"Median","59",2075,7,4,11
470,"Malta",4,"Median","60",2075,7,4,11
470,"Malta",4,"Median","61",2075,8,4,12
470,"Malta",4,"Median","62",2075,9,5,14
470,"Malta",4,"Median","63",2075,10,5,16
470,"Malta",4,"Median","64",2075,11,6,17
470,"Malta",4,"Median","65",2075,12,7,19
470,"Malta",4,"Median","66",2075,13,7,20
470,"Malta",4,"Median","67",2075,14,7,21
470,"Malta",4,"Median","68",2075,16,8,24
470,"Malta",4,"Median","69",2075,18,9,27
470,"Malta",4,"Median","70",2075,19,11,30
470,"Malta",4,"Median","71",2075,21,12,33
470,"Malta",4,"Median","72",2075,23,13,36
470,"Malta",4,"Median","73",2075,26,14,39
470,"Malta",4,"Median","74",2075,30,17,47
470,"Malta",4,"Median","75",2075,37,22,58
470,"Malta",4,"Median","76",2075,45,26,70
470,"Malta",4,"Median","77",2075,55,31,85
470,"Malta",4,"Median","78",2075,67,37,104
470,"Malta",4,"Median","79",2075,81,45,126
470,"Malta",4,"Median","80",2075,94,54,148
470,"Malta",4,"Median","81",2075,109,65,174
470,"Malta",4,"Median","82",2075,127,78,205
470,"Malta",4,"Median","83",2075,143,90,233
470,"Malta",4,"Median","84",2075,157,102,259
470,"Malta",4,"Median","85",2075,171,114,285
470,"Malta",4,"Median","86",2075,184,124,308
470,"Malta",4,"Median","87",2075,192,129,321
470,"Malta",4,"Median","88",2075,197,133,330
470,"Malta",4,"Median","89",2075,204,140,344
470,"Malta",4,"Median","90",2075,208,148,356
470,"Malta",4,"Median","91",2075,210,155,365
470,"Malta",4,"Median","92",2075,210,163,373
470,"Malta",4,"Median","93",2075,199,165,365
470,"Malta",4,"Median","94",2075,188,161,349
470,"Malta",4,"Median","95",2075,177,160,338
470,"Malta",4,"Median","96",2075,162,158,320
470,"Malta",4,"Median","97",2075,146,150,296
470,"Malta",4,"Median","98",2075,127,142,269
470,"Malta",4,"Median","99",2075,107,131,239
470,"Malta",4,"Median","100",2075,37,49,86
470,"Malta",4,"Median","101",2075,34,49,83
470,"Malta",4,"Median","102",2075,32,48,80
470,"Malta",4,"Median","103",2075,29,47,76
470,"Malta",4,"Median","104",2075,27,47,74
470,"Malta",4,"Median","105",2075,25,46,71
470,"Malta",4,"Median","106",2075,24,46,70
470,"Malta",4,"Median","107",2075,22,45,67
470,"Malta",4,"Median","108",2075,20,44,64
470,"Malta",4,"Median","109",2075,19,44,63
470,"Malta",4,"Median","110",2075,18,43,61
470,"Malta",4,"Median","0",2076,3,3,6
470,"Malta",4,"Median","1",2076,0,0,0
470,"Malta",4,"Median","2",2076,0,0,0
470,"Malta",4,"Median","3",2076,0,0,0
470,"Malta",4,"Median","4",2076,0,0,0
470,"Malta",4,"Median","5",2076,0,0,0
470,"Malta",4,"Median","6",2076,0,0,0
470,"Malta",4,"Median","7",2076,0,0,0
470,"Malta",4,"Median","8",2076,0,0,0
470,"Malta",4,"Median","9",2076,0,0,0
470,"Malta",4,"Median","10",2076,0,0,0
470,"Malta",4,"Median","11",2076,0,0,0
470,"Malta",4,"Median","12",2076,0,0,0
470,"Malta",4,"Median","13",2076,0,0,0
470,"Malta",4,"Median","14",2076,0,0,0
470,"Malta",4,"Median","15",2076,0,0,0
470,"Malta",4,"Median","16",2076,0,0,0
470,"Malta",4,"Median","17",2076,0,0,0
470,"Malta",4,"Median","18",2076,0,0,0
470,"Malta",4,"Median","19",2076,0,0,1
470,"Malta",4,"Median","20",2076,0,0,1
470,"Malta",4,"Median","21",2076,0,0,1
470,"Malta",4,"Median","22",2076,0,0,1
470,"Malta",4,"Median","23",2076,0,0,1
470,"Malta",4,"Median","24",2076,0,0,1
470,"Malta",4,"Median","25",2076,0,0,1
470,"Malta",4,"Median","26",2076,1,0,1
470,"Malta",4,"Median","27",2076,1,0,1
470,"Malta",4,"Median","28",2076,0,0,1
470,"Malta",4,"Median","29",2076,0,0,1
470,"Malta",4,"Median","30",2076,1,0,1
470,"Malta",4,"Median","31",2076,1,0,1
470,"Malta",4,"Median","32",2076,1,0,1
470,"Malta",4,"Median","33",2076,1,0,1
470,"Malta",4,"Median","34",2076,1,0,1
470,"Malta",4,"Median","35",2076,1,0,1
470,"Malta",4,"Median","36",2076,1,0,1
470,"Malta",4,"Median","37",2076,1,0,1
470,"Malta",4,"Median","38",2076,1,0,1
470,"Malta",4,"Median","39",2076,1,0,1
470,"Malta",4,"Median","40",2076,1,1,2
470,"Malta",4,"Median","41",2076,1,1,2
470,"Malta",4,"Median","42",2076,1,1,2
470,"Malta",4,"Median","43",2076,1,1,2
470,"Malta",4,"Median","44",2076,2,1,2
470,"Malta",4,"Median","45",2076,2,1,3
470,"Malta",4,"Median","46",2076,2,1,3
470,"Malta",4,"Median","47",2076,2,1,3
470,"Malta",4,"Median","48",2076,2,1,3
470,"Malta",4,"Median","49",2076,3,2,4
470,"Malta",4,"Median","50",2076,3,2,5
470,"Malta",4,"Median","51",2076,3,2,5
470,"Malta",4,"Median","52",2076,3,2,5
470,"Malta",4,"Median","53",2076,4,2,6
470,"Malta",4,"Median","54",2076,4,2,7
470,"Malta",4,"Median","55",2076,5,3,8
470,"Malta",4,"Median","56",2076,5,3,8
470,"Malta",4,"Median","57",2076,6,3,9
470,"Malta",4,"Median","58",2076,6,3,9
470,"Malta",4,"Median","59",2076,7,3,11
470,"Malta",4,"Median","60",2076,7,4,11
470,"Malta",4,"Median","61",2076,8,4,12
470,"Malta",4,"Median","62",2076,9,5,14
470,"Malta",4,"Median","63",2076,10,5,15
470,"Malta",4,"Median","64",2076,11,6,17
470,"Malta",4,"Median","65",2076,12,7,18
470,"Malta",4,"Median","66",2076,13,7,20
470,"Malta",4,"Median","67",2076,14,7,21
470,"Malta",4,"Median","68",2076,16,8,24
470,"Malta",4,"Median","69",2076,18,9,27
470,"Malta",4,"Median","70",2076,19,10,30
470,"Malta",4,"Median","71",2076,21,12,33
470,"Malta",4,"Median","72",2076,23,13,36
470,"Malta",4,"Median","73",2076,25,14,39
470,"Malta",4,"Median","74",2076,28,16,44
470,"Malta",4,"Median","75",2076,34,20,55
470,"Malta",4,"Median","76",2076,41,24,65
470,"Malta",4,"Median","77",2076,49,28,77
470,"Malta",4,"Median","78",2076,61,34,95
470,"Malta",4,"Median","79",2076,74,41,116
470,"Malta",4,"Median","80",2076,89,50,139
470,"Malta",4,"Median","81",2076,103,60,163
470,"Malta",4,"Median","82",2076,120,72,192
470,"Malta",4,"Median","83",2076,138,86,224
470,"Malta",4,"Median","84",2076,155,99,254
470,"Malta",4,"Median","85",2076,169,111,280
470,"Malta",4,"Median","86",2076,183,124,307
470,"Malta",4,"Median","87",2076,196,134,330
470,"Malta",4,"Median","88",2076,203,139,342
470,"Malta",4,"Median","89",2076,206,143,349
470,"Malta",4,"Median","90",2076,211,149,360
470,"Malta",4,"Median","91",2076,213,156,369
470,"Malta",4,"Median","92",2076,212,162,374
470,"Malta",4,"Median","93",2076,209,169,377
470,"Malta",4,"Median","94",2076,195,169,364
470,"Malta",4,"Median","95",2076,181,162,343
470,"Malta",4,"Median","96",2076,169,161,330
470,"Malta",4,"Median","97",2076,151,155,306
470,"Malta",4,"Median","98",2076,132,145,277
470,"Malta",4,"Median","99",2076,111,134,246
470,"Malta",4,"Median","100",2076,39,51,90
470,"Malta",4,"Median","101",2076,36,51,87
470,"Malta",4,"Median","102",2076,33,50,83
470,"Malta",4,"Median","103",2076,31,50,81
470,"Malta",4,"Median","104",2076,29,49,78
470,"Malta",4,"Median","105",2076,27,48,75
470,"Malta",4,"Median","106",2076,25,48,73
470,"Malta",4,"Median","107",2076,24,47,71
470,"Malta",4,"Median","108",2076,22,47,69
470,"Malta",4,"Median","109",2076,21,46,67
470,"Malta",4,"Median","110",2076,19,46,65
470,"Malta",4,"Median","0",2077,3,3,5
470,"Malta",4,"Median","1",2077,0,0,0
470,"Malta",4,"Median","2",2077,0,0,0
470,"Malta",4,"Median","3",2077,0,0,0
470,"Malta",4,"Median","4",2077,0,0,0
470,"Malta",4,"Median","5",2077,0,0,0
470,"Malta",4,"Median","6",2077,0,0,0
470,"Malta",4,"Median","7",2077,0,0,0
470,"Malta",4,"Median","8",2077,0,0,0
470,"Malta",4,"Median","9",2077,0,0,0
470,"Malta",4,"Median","10",2077,0,0,0
470,"Malta",4,"Median","11",2077,0,0,0
470,"Malta",4,"Median","12",2077,0,0,0
470,"Malta",4,"Median","13",2077,0,0,0
470,"Malta",4,"Median","14",2077,0,0,0
470,"Malta",4,"Median","15",2077,0,0,0
470,"Malta",4,"Median","16",2077,0,0,0
470,"Malta",4,"Median","17",2077,0,0,0
470,"Malta",4,"Median","18",2077,0,0,0
470,"Malta",4,"Median","19",2077,0,0,1
470,"Malta",4,"Median","20",2077,0,0,1
470,"Malta",4,"Median","21",2077,0,0,1
470,"Malta",4,"Median","22",2077,0,0,1
470,"Malta",4,"Median","23",2077,0,0,1
470,"Malta",4,"Median","24",2077,0,0,1
470,"Malta",4,"Median","25",2077,0,0,1
470,"Malta",4,"Median","26",2077,0,0,1
470,"Malta",4,"Median","27",2077,1,0,1
470,"Malta",4,"Median","28",2077,0,0,1
470,"Malta",4,"Median","29",2077,0,0,1
470,"Malta",4,"Median","30",2077,1,0,1
470,"Malta",4,"Median","31",2077,1,0,1
470,"Malta",4,"Median","32",2077,1,0,1
470,"Malta",4,"Median","33",2077,1,0,1
470,"Malta",4,"Median","34",2077,1,0,1
470,"Malta",4,"Median","35",2077,1,0,1
470,"Malta",4,"Median","36",2077,1,0,1
470,"Malta",4,"Median","37",2077,1,0,1
470,"Malta",4,"Median","38",2077,1,0,1
470,"Malta",4,"Median","39",2077,1,0,1
470,"Malta",4,"Median","40",2077,1,1,2
470,"Malta",4,"Median","41",2077,1,1,2
470,"Malta",4,"Median","42",2077,1,1,2
470,"Malta",4,"Median","43",2077,1,1,2
470,"Malta",4,"Median","44",2077,1,1,2
470,"Malta",4,"Median","45",2077,2,1,3
470,"Malta",4,"Median","46",2077,2,1,3
470,"Malta",4,"Median","47",2077,2,1,3
470,"Malta",4,"Median","48",2077,2,1,3
470,"Malta",4,"Median","49",2077,2,2,4
470,"Malta",4,"Median","50",2077,3,2,5
470,"Malta",4,"Median","51",2077,3,2,4
470,"Malta",4,"Median","52",2077,3,2,5
470,"Malta",4,"Median","53",2077,4,2,6
470,"Malta",4,"Median","54",2077,4,2,6
470,"Malta",4,"Median","55",2077,5,2,7
470,"Malta",4,"Median","56",2077,5,3,8
470,"Malta",4,"Median","57",2077,5,3,8
470,"Malta",4,"Median","58",2077,6,3,9
470,"Malta",4,"Median","59",2077,7,3,10
470,"Malta",4,"Median","60",2077,7,4,11
470,"Malta",4,"Median","61",2077,8,4,12
470,"Malta",4,"Median","62",2077,9,5,14
470,"Malta",4,"Median","63",2077,10,5,15
470,"Malta",4,"Median","64",2077,11,6,17
470,"Malta",4,"Median","65",2077,12,7,19
470,"Malta",4,"Median","66",2077,13,7,20
470,"Malta",4,"Median","67",2077,14,7,21
470,"Malta",4,"Median","68",2077,16,8,24
470,"Malta",4,"Median","69",2077,18,9,27
470,"Malta",4,"Median","70",2077,19,10,29
470,"Malta",4,"Median","71",2077,21,11,32
470,"Malta",4,"Median","72",2077,23,13,36
470,"Malta",4,"Median","73",2077,25,14,39
470,"Malta",4,"Median","74",2077,28,16,43
470,"Malta",4,"Median","75",2077,32,18,51
470,"Malta",4,"Median","76",2077,38,23,61
470,"Malta",4,"Median","77",2077,45,27,72
470,"Malta",4,"Median","78",2077,54,32,86
470,"Malta",4,"Median","79",2077,67,38,105
470,"Malta",4,"Median","80",2077,82,46,127
470,"Malta",4,"Median","81",2077,98,56,154
470,"Malta",4,"Median","82",2077,113,66,180
470,"Malta",4,"Median","83",2077,130,80,210
470,"Malta",4,"Median","84",2077,150,94,244
470,"Malta",4,"Median","85",2077,167,107,275
470,"Malta",4,"Median","86",2077,182,120,302
470,"Malta",4,"Median","87",2077,195,134,329
470,"Malta",4,"Median","88",2077,207,144,352
470,"Malta",4,"Median","89",2077,213,149,361
470,"Malta",4,"Median","90",2077,214,152,365
470,"Malta",4,"Median","91",2077,216,157,373
470,"Malta",4,"Median","92",2077,215,163,378
470,"Malta",4,"Median","93",2077,211,167,378
470,"Malta",4,"Median","94",2077,204,172,376
470,"Malta",4,"Median","95",2077,187,170,357
470,"Malta",4,"Median","96",2077,172,163,335
470,"Malta",4,"Median","97",2077,157,158,316
470,"Malta",4,"Median","98",2077,136,150,287
470,"Malta",4,"Median","99",2077,116,137,253
470,"Malta",4,"Median","100",2077,40,53,93
470,"Malta",4,"Median","101",2077,38,52,90
470,"Malta",4,"Median","102",2077,35,52,87
470,"Malta",4,"Median","103",2077,33,52,85
470,"Malta",4,"Median","104",2077,31,51,82
470,"Malta",4,"Median","105",2077,29,51,80
470,"Malta",4,"Median","106",2077,27,50,77
470,"Malta",4,"Median","107",2077,25,50,75
470,"Malta",4,"Median","108",2077,24,49,73
470,"Malta",4,"Median","109",2077,22,49,71
470,"Malta",4,"Median","110",2077,21,48,69
470,"Malta",4,"Median","0",2078,3,3,5
470,"Malta",4,"Median","1",2078,0,0,0
470,"Malta",4,"Median","2",2078,0,0,0
470,"Malta",4,"Median","3",2078,0,0,0
470,"Malta",4,"Median","4",2078,0,0,0
470,"Malta",4,"Median","5",2078,0,0,0
470,"Malta",4,"Median","6",2078,0,0,0
470,"Malta",4,"Median","7",2078,0,0,0
470,"Malta",4,"Median","8",2078,0,0,0
470,"Malta",4,"Median","9",2078,0,0,0
470,"Malta",4,"Median","10",2078,0,0,0
470,"Malta",4,"Median","11",2078,0,0,0
470,"Malta",4,"Median","12",2078,0,0,0
470,"Malta",4,"Median","13",2078,0,0,0
470,"Malta",4,"Median","14",2078,0,0,0
470,"Malta",4,"Median","15",2078,0,0,0
470,"Malta",4,"Median","16",2078,0,0,0
470,"Malta",4,"Median","17",2078,0,0,0
470,"Malta",4,"Median","18",2078,0,0,0
470,"Malta",4,"Median","19",2078,0,0,1
470,"Malta",4,"Median","20",2078,0,0,1
470,"Malta",4,"Median","21",2078,0,0,1
470,"Malta",4,"Median","22",2078,0,0,1
470,"Malta",4,"Median","23",2078,0,0,1
470,"Malta",4,"Median","24",2078,0,0,1
470,"Malta",4,"Median","25",2078,0,0,1
470,"Malta",4,"Median","26",2078,0,0,1
470,"Malta",4,"Median","27",2078,1,0,1
470,"Malta",4,"Median","28",2078,0,0,1
470,"Malta",4,"Median","29",2078,0,0,1
470,"Malta",4,"Median","30",2078,1,0,1
470,"Malta",4,"Median","31",2078,1,0,1
470,"Malta",4,"Median","32",2078,1,0,1
470,"Malta",4,"Median","33",2078,1,0,1
470,"Malta",4,"Median","34",2078,1,0,1
470,"Malta",4,"Median","35",2078,1,0,1
470,"Malta",4,"Median","36",2078,1,0,1
470,"Malta",4,"Median","37",2078,1,0,1
470,"Malta",4,"Median","38",2078,1,0,1
470,"Malta",4,"Median","39",2078,1,0,1
470,"Malta",4,"Median","40",2078,1,0,1
470,"Malta",4,"Median","41",2078,1,1,2
470,"Malta",4,"Median","42",2078,1,1,2
470,"Malta",4,"Median","43",2078,1,1,2
470,"Malta",4,"Median","44",2078,1,1,2
470,"Malta",4,"Median","45",2078,2,1,2
470,"Malta",4,"Median","46",2078,2,1,3
470,"Malta",4,"Median","47",2078,2,1,3
470,"Malta",4,"Median","48",2078,2,1,3
470,"Malta",4,"Median","49",2078,2,2,4
470,"Malta",4,"Median","50",2078,3,2,4
470,"Malta",4,"Median","51",2078,3,2,4
470,"Malta",4,"Median","52",2078,3,2,5
470,"Malta",4,"Median","53",2078,4,2,5
470,"Malta",4,"Median","54",2078,4,2,6
470,"Malta",4,"Median","55",2078,5,2,7
470,"Malta",4,"Median","56",2078,5,2,8
470,"Malta",4,"Median","57",2078,5,3,8
470,"Malta",4,"Median","58",2078,6,3,9
470,"Malta",4,"Median","59",2078,7,3,10
470,"Malta",4,"Median","60",2078,7,4,11
470,"Malta",4,"Median","61",2078,7,4,12
470,"Malta",4,"Median","62",2078,9,5,14
470,"Malta",4,"Median","63",2078,10,5,15
470,"Malta",4,"Median","64",2078,11,5,16
470,"Malta",4,"Median","65",2078,12,6,18
470,"Malta",4,"Median","66",2078,13,7,20
470,"Malta",4,"Median","67",2078,14,7,21
470,"Malta",4,"Median","68",2078,16,8,23
470,"Malta",4,"Median","69",2078,18,9,27
470,"Malta",4,"Median","70",2078,19,10,30
470,"Malta",4,"Median","71",2078,21,11,32
470,"Malta",4,"Median","72",2078,23,12,35
470,"Malta",4,"Median","73",2078,24,14,38
470,"Malta",4,"Median","74",2078,27,16,43
470,"Malta",4,"Median","75",2078,32,18,50
470,"Malta",4,"Median","76",2078,36,21,57
470,"Malta",4,"Median","77",2078,42,25,67
470,"Malta",4,"Median","78",2078,50,30,80
470,"Malta",4,"Median","79",2078,60,35,95
470,"Malta",4,"Median","80",2078,74,42,116
470,"Malta",4,"Median","81",2078,90,51,141
470,"Malta",4,"Median","82",2078,107,62,169
470,"Malta",4,"Median","83",2078,123,73,197
470,"Malta",4,"Median","84",2078,141,87,229
470,"Malta",4,"Median","85",2078,162,103,264
470,"Malta",4,"Median","86",2078,180,117,297
470,"Malta",4,"Median","87",2078,194,130,324
470,"Malta",4,"Median","88",2078,207,144,351
470,"Malta",4,"Median","89",2078,218,155,372
470,"Malta",4,"Median","90",2078,221,158,379
470,"Malta",4,"Median","91",2078,220,160,380
470,"Malta",4,"Median","92",2078,219,164,383
470,"Malta",4,"Median","93",2078,215,169,383
470,"Malta",4,"Median","94",2078,207,171,378
470,"Malta",4,"Median","95",2078,197,174,371
470,"Malta",4,"Median","96",2078,179,171,350
470,"Malta",4,"Median","97",2078,161,161,322
470,"Malta",4,"Median","98",2078,143,153,296
470,"Malta",4,"Median","99",2078,120,142,263
470,"Malta",4,"Median","100",2078,42,55,97
470,"Malta",4,"Median","101",2078,40,55,95
470,"Malta",4,"Median","102",2078,37,54,91
470,"Malta",4,"Median","103",2078,35,54,89
470,"Malta",4,"Median","104",2078,33,53,86
470,"Malta",4,"Median","105",2078,31,53,84
470,"Malta",4,"Median","106",2078,29,52,81
470,"Malta",4,"Median","107",2078,27,52,79
470,"Malta",4,"Median","108",2078,25,52,77
470,"Malta",4,"Median","109",2078,24,51,75
470,"Malta",4,"Median","110",2078,22,51,73
470,"Malta",4,"Median","0",2079,3,2,5
470,"Malta",4,"Median","1",2079,0,0,0
470,"Malta",4,"Median","2",2079,0,0,0
470,"Malta",4,"Median","3",2079,0,0,0
470,"Malta",4,"Median","4",2079,0,0,0
470,"Malta",4,"Median","5",2079,0,0,0
470,"Malta",4,"Median","6",2079,0,0,0
470,"Malta",4,"Median","7",2079,0,0,0
470,"Malta",4,"Median","8",2079,0,0,0
470,"Malta",4,"Median","9",2079,0,0,0
470,"Malta",4,"Median","10",2079,0,0,0
470,"Malta",4,"Median","11",2079,0,0,0
470,"Malta",4,"Median","12",2079,0,0,0
470,"Malta",4,"Median","13",2079,0,0,0
470,"Malta",4,"Median","14",2079,0,0,0
470,"Malta",4,"Median","15",2079,0,0,0
470,"Malta",4,"Median","16",2079,0,0,0
470,"Malta",4,"Median","17",2079,0,0,0
470,"Malta",4,"Median","18",2079,0,0,0
470,"Malta",4,"Median","19",2079,0,0,0
470,"Malta",4,"Median","20",2079,0,0,1
470,"Malta",4,"Median","21",2079,0,0,1
470,"Malta",4,"Median","22",2079,0,0,1
470,"Malta",4,"Median","23",2079,0,0,1
470,"Malta",4,"Median","24",2079,0,0,1
470,"Malta",4,"Median","25",2079,0,0,1
470,"Malta",4,"Median","26",2079,0,0,1
470,"Malta",4,"Median","27",2079,1,0,1
470,"Malta",4,"Median","28",2079,0,0,1
470,"Malta",4,"Median","29",2079,0,0,1
470,"Malta",4,"Median","30",2079,1,0,1
470,"Malta",4,"Median","31",2079,1,0,1
470,"Malta",4,"Median","32",2079,1,0,1
470,"Malta",4,"Median","33",2079,1,0,1
470,"Malta",4,"Median","34",2079,1,0,1
470,"Malta",4,"Median","35",2079,1,0,1
470,"Malta",4,"Median","36",2079,1,0,1
470,"Malta",4,"Median","37",2079,1,0,1
470,"Malta",4,"Median","38",2079,1,0,1
470,"Malta",4,"Median","39",2079,1,0,1
470,"Malta",4,"Median","40",2079,1,0,1
470,"Malta",4,"Median","41",2079,1,1,2
470,"Malta",4,"Median","42",2079,1,1,2
470,"Malta",4,"Median","43",2079,1,1,2
470,"Malta",4,"Median","44",2079,1,1,2
470,"Malta",4,"Median","45",2079,2,1,2
470,"Malta",4,"Median","46",2079,2,1,3
470,"Malta",4,"Median","47",2079,2,1,3
470,"Malta",4,"Median","48",2079,2,1,3
470,"Malta",4,"Median","49",2079,2,1,4
470,"Malta",4,"Median","50",2079,3,2,4
470,"Malta",4,"Median","51",2079,3,2,4
470,"Malta",4,"Median","52",2079,3,2,5
470,"Malta",4,"Median","53",2079,4,2,5
470,"Malta",4,"Median","54",2079,4,2,6
470,"Malta",4,"Median","55",2079,5,2,7
470,"Malta",4,"Median","56",2079,5,2,7
470,"Malta",4,"Median","57",2079,5,3,8
470,"Malta",4,"Median","58",2079,5,3,8
470,"Malta",4,"Median","59",2079,6,3,9
470,"Malta",4,"Median","60",2079,7,3,10
470,"Malta",4,"Median","61",2079,7,4,11
470,"Malta",4,"Median","62",2079,9,5,13
470,"Malta",4,"Median","63",2079,10,5,15
470,"Malta",4,"Median","64",2079,11,5,16
470,"Malta",4,"Median","65",2079,12,6,18
470,"Malta",4,"Median","66",2079,12,7,19
470,"Malta",4,"Median","67",2079,14,7,21
470,"Malta",4,"Median","68",2079,15,8,23
470,"Malta",4,"Median","69",2079,17,9,26
470,"Malta",4,"Median","70",2079,19,10,30
470,"Malta",4,"Median","71",2079,21,11,32
470,"Malta",4,"Median","72",2079,23,12,35
470,"Malta",4,"Median","73",2079,24,14,38
470,"Malta",4,"Median","74",2079,27,16,43
470,"Malta",4,"Median","75",2079,31,19,50
470,"Malta",4,"Median","76",2079,35,21,56
470,"Malta",4,"Median","77",2079,40,23,63
470,"Malta",4,"Median","78",2079,47,28,75
470,"Malta",4,"Median","79",2079,55,33,89
470,"Malta",4,"Median","80",2079,66,39,105
470,"Malta",4,"Median","81",2079,81,47,128
470,"Malta",4,"Median","82",2079,99,56,155
470,"Malta",4,"Median","83",2079,117,68,185
470,"Malta",4,"Median","84",2079,134,80,214
470,"Malta",4,"Median","85",2079,153,95,248
470,"Malta",4,"Median","86",2079,174,112,286
470,"Malta",4,"Median","87",2079,192,126,318
470,"Malta",4,"Median","88",2079,206,140,346
470,"Malta",4,"Median","89",2079,217,154,372
470,"Malta",4,"Median","90",2079,226,165,391
470,"Malta",4,"Median","91",2079,227,167,394
470,"Malta",4,"Median","92",2079,223,168,391
470,"Malta",4,"Median","93",2079,219,170,389
470,"Malta",4,"Median","94",2079,211,173,384
470,"Malta",4,"Median","95",2079,200,173,373
470,"Malta",4,"Median","96",2079,189,175,364
470,"Malta",4,"Median","97",2079,168,169,337
470,"Malta",4,"Median","98",2079,146,156,303
470,"Malta",4,"Median","99",2079,126,146,272
470,"Malta",4,"Median","100",2079,44,58,102
470,"Malta",4,"Median","101",2079,41,57,98
470,"Malta",4,"Median","102",2079,39,57,96
470,"Malta",4,"Median","103",2079,36,56,92
470,"Malta",4,"Median","104",2079,34,56,90
470,"Malta",4,"Median","105",2079,32,55,87
470,"Malta",4,"Median","106",2079,30,55,85
470,"Malta",4,"Median","107",2079,28,54,82
470,"Malta",4,"Median","108",2079,27,54,81
470,"Malta",4,"Median","109",2079,25,53,78
470,"Malta",4,"Median","110",2079,24,53,77
470,"Malta",4,"Median","0",2080,3,2,5
470,"Malta",4,"Median","1",2080,0,0,0
470,"Malta",4,"Median","2",2080,0,0,0
470,"Malta",4,"Median","3",2080,0,0,0
470,"Malta",4,"Median","4",2080,0,0,0
470,"Malta",4,"Median","5",2080,0,0,0
470,"Malta",4,"Median","6",2080,0,0,0
470,"Malta",4,"Median","7",2080,0,0,0
470,"Malta",4,"Median","8",2080,0,0,0
470,"Malta",4,"Median","9",2080,0,0,0
470,"Malta",4,"Median","10",2080,0,0,0
470,"Malta",4,"Median","11",2080,0,0,0
470,"Malta",4,"Median","12",2080,0,0,0
470,"Malta",4,"Median","13",2080,0,0,0
470,"Malta",4,"Median","14",2080,0,0,0
470,"Malta",4,"Median","15",2080,0,0,0
470,"Malta",4,"Median","16",2080,0,0,0
470,"Malta",4,"Median","17",2080,0,0,0
470,"Malta",4,"Median","18",2080,0,0,0
470,"Malta",4,"Median","19",2080,0,0,0
470,"Malta",4,"Median","20",2080,0,0,0
470,"Malta",4,"Median","21",2080,0,0,1
470,"Malta",4,"Median","22",2080,0,0,1
470,"Malta",4,"Median","23",2080,0,0,1
470,"Malta",4,"Median","24",2080,0,0,1
470,"Malta",4,"Median","25",2080,0,0,1
470,"Malta",4,"Median","26",2080,0,0,1
470,"Malta",4,"Median","27",2080,1,0,1
470,"Malta",4,"Median","28",2080,0,0,1
470,"Malta",4,"Median","29",2080,0,0,1
470,"Malta",4,"Median","30",2080,1,0,1
470,"Malta",4,"Median","31",2080,1,0,1
470,"Malta",4,"Median","32",2080,1,0,1
470,"Malta",4,"Median","33",2080,1,0,1
470,"Malta",4,"Median","34",2080,1,0,1
470,"Malta",4,"Median","35",2080,1,0,1
470,"Malta",4,"Median","36",2080,1,0,1
470,"Malta",4,"Median","37",2080,1,0,1
470,"Malta",4,"Median","38",2080,1,0,1
470,"Malta",4,"Median","39",2080,1,0,1
470,"Malta",4,"Median","40",2080,1,0,1
470,"Malta",4,"Median","41",2080,1,1,2
470,"Malta",4,"Median","42",2080,1,1,2
470,"Malta",4,"Median","43",2080,1,1,2
470,"Malta",4,"Median","44",2080,1,1,2
470,"Malta",4,"Median","45",2080,2,1,2
470,"Malta",4,"Median","46",2080,2,1,2
470,"Malta",4,"Median","47",2080,2,1,3
470,"Malta",4,"Median","48",2080,2,1,3
470,"Malta",4,"Median","49",2080,2,1,4
470,"Malta",4,"Median","50",2080,3,2,4
470,"Malta",4,"Median","51",2080,3,1,4
470,"Malta",4,"Median","52",2080,3,2,4
470,"Malta",4,"Median","53",2080,3,2,5
470,"Malta",4,"Median","54",2080,4,2,6
470,"Malta",4,"Median","55",2080,4,2,7
470,"Malta",4,"Median","56",2080,5,2,7
470,"Malta",4,"Median","57",2080,5,3,7
470,"Malta",4,"Median","58",2080,5,3,8
470,"Malta",4,"Median","59",2080,6,3,9
470,"Malta",4,"Median","60",2080,6,3,10
470,"Malta",4,"Median","61",2080,7,4,11
470,"Malta",4,"Median","62",2080,8,5,13
470,"Malta",4,"Median","63",2080,10,5,15
470,"Malta",4,"Median","64",2080,11,5,16
470,"Malta",4,"Median","65",2080,11,6,18
470,"Malta",4,"Median","66",2080,12,6,19
470,"Malta",4,"Median","67",2080,13,7,20
470,"Malta",4,"Median","68",2080,16,8,23
470,"Malta",4,"Median","69",2080,17,9,26
470,"Malta",4,"Median","70",2080,18,10,29
470,"Malta",4,"Median","71",2080,21,12,32
470,"Malta",4,"Median","72",2080,23,12,35
470,"Malta",4,"Median","73",2080,24,13,38
470,"Malta",4,"Median","74",2080,27,15,42
470,"Malta",4,"Median","75",2080,31,18,49
470,"Malta",4,"Median","76",2080,35,21,56
470,"Malta",4,"Median","77",2080,39,23,62
470,"Malta",4,"Median","78",2080,44,25,69
470,"Malta",4,"Median","79",2080,52,31,83
470,"Malta",4,"Median","80",2080,61,37,98
470,"Malta",4,"Median","81",2080,73,43,116
470,"Malta",4,"Median","82",2080,89,52,141
470,"Malta",4,"Median","83",2080,108,62,170
470,"Malta",4,"Median","84",2080,127,75,201
470,"Malta",4,"Median","85",2080,144,87,232
470,"Malta",4,"Median","86",2080,164,103,267
470,"Malta",4,"Median","87",2080,186,121,306
470,"Malta",4,"Median","88",2080,203,136,340
470,"Malta",4,"Median","89",2080,216,150,366
470,"Malta",4,"Median","90",2080,226,164,390
470,"Malta",4,"Median","91",2080,233,174,407
470,"Malta",4,"Median","92",2080,230,175,406
470,"Malta",4,"Median","93",2080,223,174,397
470,"Malta",4,"Median","94",2080,215,174,390
470,"Malta",4,"Median","95",2080,204,175,378
470,"Malta",4,"Median","96",2080,192,174,366
470,"Malta",4,"Median","97",2080,177,173,350
470,"Malta",4,"Median","98",2080,153,164,317
470,"Malta",4,"Median","99",2080,130,148,278
470,"Malta",4,"Median","100",2080,46,60,106
470,"Malta",4,"Median","101",2080,43,59,102
470,"Malta",4,"Median","102",2080,41,59,100
470,"Malta",4,"Median","103",2080,38,58,96
470,"Malta",4,"Median","104",2080,36,58,94
470,"Malta",4,"Median","105",2080,34,57,91
470,"Malta",4,"Median","106",2080,32,57,89
470,"Malta",4,"Median","107",2080,30,56,86
470,"Malta",4,"Median","108",2080,29,56,85
470,"Malta",4,"Median","109",2080,27,55,82
470,"Malta",4,"Median","110",2080,25,55,80
470,"Malta",4,"Median","0",2081,3,2,5
470,"Malta",4,"Median","1",2081,0,0,0
470,"Malta",4,"Median","2",2081,0,0,0
470,"Malta",4,"Median","3",2081,0,0,0
470,"Malta",4,"Median","4",2081,0,0,0
470,"Malta",4,"Median","5",2081,0,0,0
470,"Malta",4,"Median","6",2081,0,0,0
470,"Malta",4,"Median","7",2081,0,0,0
470,"Malta",4,"Median","8",2081,0,0,0
470,"Malta",4,"Median","9",2081,0,0,0
470,"Malta",4,"Median","10",2081,0,0,0
470,"Malta",4,"Median","11",2081,0,0,0
470,"Malta",4,"Median","12",2081,0,0,0
470,"Malta",4,"Median","13",2081,0,0,0
470,"Malta",4,"Median","14",2081,0,0,0
470,"Malta",4,"Median","15",2081,0,0,0
470,"Malta",4,"Median","16",2081,0,0,0
470,"Malta",4,"Median","17",2081,0,0,0
470,"Malta",4,"Median","18",2081,0,0,0
470,"Malta",4,"Median","19",2081,0,0,0
470,"Malta",4,"Median","20",2081,0,0,0
470,"Malta",4,"Median","21",2081,0,0,1
470,"Malta",4,"Median","22",2081,0,0,1
470,"Malta",4,"Median","23",2081,0,0,1
470,"Malta",4,"Median","24",2081,0,0,1
470,"Malta",4,"Median","25",2081,0,0,1
470,"Malta",4,"Median","26",2081,0,0,1
470,"Malta",4,"Median","27",2081,0,0,1
470,"Malta",4,"Median","28",2081,0,0,1
470,"Malta",4,"Median","29",2081,0,0,1
470,"Malta",4,"Median","30",2081,1,0,1
470,"Malta",4,"Median","31",2081,1,0,1
470,"Malta",4,"Median","32",2081,1,0,1
470,"Malta",4,"Median","33",2081,1,0,1
470,"Malta",4,"Median","34",2081,1,0,1
470,"Malta",4,"Median","35",2081,1,0,1
470,"Malta",4,"Median","36",2081,1,0,1
470,"Malta",4,"Median","37",2081,1,0,1
470,"Malta",4,"Median","38",2081,1,0,1
470,"Malta",4,"Median","39",2081,1,0,1
470,"Malta",4,"Median","40",2081,1,0,1
470,"Malta",4,"Median","41",2081,1,1,2
470,"Malta",4,"Median","42",2081,1,1,2
470,"Malta",4,"Median","43",2081,1,1,2
470,"Malta",4,"Median","44",2081,1,1,2
470,"Malta",4,"Median","45",2081,2,1,2
470,"Malta",4,"Median","46",2081,2,1,2
470,"Malta",4,"Median","47",2081,2,1,2
470,"Malta",4,"Median","48",2081,2,1,3
470,"Malta",4,"Median","49",2081,2,1,3
470,"Malta",4,"Median","50",2081,3,2,4
470,"Malta",4,"Median","51",2081,2,1,4
470,"Malta",4,"Median","52",2081,3,1,4
470,"Malta",4,"Median","53",2081,3,2,5
470,"Malta",4,"Median","54",2081,4,2,6
470,"Malta",4,"Median","55",2081,4,2,6
470,"Malta",4,"Median","56",2081,5,2,7
470,"Malta",4,"Median","57",2081,5,2,7
470,"Malta",4,"Median","58",2081,5,3,8
470,"Malta",4,"Median","59",2081,6,3,9
470,"Malta",4,"Median","60",2081,6,3,10
470,"Malta",4,"Median","61",2081,7,4,10
470,"Malta",4,"Median","62",2081,8,4,12
470,"Malta",4,"Median","63",2081,9,5,14
470,"Malta",4,"Median","64",2081,11,5,16
470,"Malta",4,"Median","65",2081,11,6,17
470,"Malta",4,"Median","66",2081,12,6,19
470,"Malta",4,"Median","67",2081,13,6,20
470,"Malta",4,"Median","68",2081,15,7,23
470,"Malta",4,"Median","69",2081,17,9,26
470,"Malta",4,"Median","70",2081,18,10,28
470,"Malta",4,"Median","71",2081,20,11,31
470,"Malta",4,"Median","72",2081,23,13,35
470,"Malta",4,"Median","73",2081,25,13,38
470,"Malta",4,"Median","74",2081,27,15,42
470,"Malta",4,"Median","75",2081,31,18,49
470,"Malta",4,"Median","76",2081,35,21,55
470,"Malta",4,"Median","77",2081,38,23,61
470,"Malta",4,"Median","78",2081,43,25,69
470,"Malta",4,"Median","79",2081,49,28,77
470,"Malta",4,"Median","80",2081,57,34,92
470,"Malta",4,"Median","81",2081,67,41,108
470,"Malta",4,"Median","82",2081,80,48,128
470,"Malta",4,"Median","83",2081,97,57,154
470,"Malta",4,"Median","84",2081,117,68,185
470,"Malta",4,"Median","85",2081,137,81,219
470,"Malta",4,"Median","86",2081,156,95,251
470,"Malta",4,"Median","87",2081,176,112,288
470,"Malta",4,"Median","88",2081,197,131,328
470,"Malta",4,"Median","89",2081,214,146,361
470,"Malta",4,"Median","90",2081,225,160,386
470,"Malta",4,"Median","91",2081,233,174,407
470,"Malta",4,"Median","92",2081,237,183,420
470,"Malta",4,"Median","93",2081,231,182,413
470,"Malta",4,"Median","94",2081,220,179,398
470,"Malta",4,"Median","95",2081,209,177,385
470,"Malta",4,"Median","96",2081,196,177,373
470,"Malta",4,"Median","97",2081,180,173,353
470,"Malta",4,"Median","98",2081,162,169,330
470,"Malta",4,"Median","99",2081,136,157,293
470,"Malta",4,"Median","100",2081,47,61,108
470,"Malta",4,"Median","101",2081,44,61,105
470,"Malta",4,"Median","102",2081,42,60,102
470,"Malta",4,"Median","103",2081,40,60,100
470,"Malta",4,"Median","104",2081,38,60,98
470,"Malta",4,"Median","105",2081,36,60,96
470,"Malta",4,"Median","106",2081,34,59,93
470,"Malta",4,"Median","107",2081,32,59,91
470,"Malta",4,"Median","108",2081,30,59,89
470,"Malta",4,"Median","109",2081,29,58,87
470,"Malta",4,"Median","110",2081,27,58,85
470,"Malta",4,"Median","0",2082,3,2,5
470,"Malta",4,"Median","1",2082,0,0,0
470,"Malta",4,"Median","2",2082,0,0,0
470,"Malta",4,"Median","3",2082,0,0,0
470,"Malta",4,"Median","4",2082,0,0,0
470,"Malta",4,"Median","5",2082,0,0,0
470,"Malta",4,"Median","6",2082,0,0,0
470,"Malta",4,"Median","7",2082,0,0,0
470,"Malta",4,"Median","8",2082,0,0,0
470,"Malta",4,"Median","9",2082,0,0,0
470,"Malta",4,"Median","10",2082,0,0,0
470,"Malta",4,"Median","11",2082,0,0,0
470,"Malta",4,"Median","12",2082,0,0,0
470,"Malta",4,"Median","13",2082,0,0,0
470,"Malta",4,"Median","14",2082,0,0,0
470,"Malta",4,"Median","15",2082,0,0,0
470,"Malta",4,"Median","16",2082,0,0,0
470,"Malta",4,"Median","17",2082,0,0,0
470,"Malta",4,"Median","18",2082,0,0,0
470,"Malta",4,"Median","19",2082,0,0,0
470,"Malta",4,"Median","20",2082,0,0,0
470,"Malta",4,"Median","21",2082,0,0,1
470,"Malta",4,"Median","22",2082,0,0,1
470,"Malta",4,"Median","23",2082,0,0,1
470,"Malta",4,"Median","24",2082,0,0,1
470,"Malta",4,"Median","25",2082,0,0,1
470,"Malta",4,"Median","26",2082,0,0,1
470,"Malta",4,"Median","27",2082,0,0,1
470,"Malta",4,"Median","28",2082,0,0,1
470,"Malta",4,"Median","29",2082,0,0,1
470,"Malta",4,"Median","30",2082,1,0,1
470,"Malta",4,"Median","31",2082,1,0,1
470,"Malta",4,"Median","32",2082,1,0,1
470,"Malta",4,"Median","33",2082,1,0,1
470,"Malta",4,"Median","34",2082,1,0,1
470,"Malta",4,"Median","35",2082,1,0,1
470,"Malta",4,"Median","36",2082,1,0,1
470,"Malta",4,"Median","37",2082,1,0,1
470,"Malta",4,"Median","38",2082,1,0,1
470,"Malta",4,"Median","39",2082,1,0,1
470,"Malta",4,"Median","40",2082,1,0,1
470,"Malta",4,"Median","41",2082,1,1,2
470,"Malta",4,"Median","42",2082,1,1,2
470,"Malta",4,"Median","43",2082,1,1,2
470,"Malta",4,"Median","44",2082,1,1,2
470,"Malta",4,"Median","45",2082,2,1,2
470,"Malta",4,"Median","46",2082,2,1,2
470,"Malta",4,"Median","47",2082,2,1,2
470,"Malta",4,"Median","48",2082,2,1,3
470,"Malta",4,"Median","49",2082,2,1,3
470,"Malta",4,"Median","50",2082,2,1,4
470,"Malta",4,"Median","51",2082,2,1,4
470,"Malta",4,"Median","52",2082,3,1,4
470,"Malta",4,"Median","53",2082,3,2,5
470,"Malta",4,"Median","54",2082,4,2,6
470,"Malta",4,"Median","55",2082,4,2,6
470,"Malta",4,"Median","56",2082,5,2,7
470,"Malta",4,"Median","57",2082,5,2,7
470,"Malta",4,"Median","58",2082,5,3,7
470,"Malta",4,"Median","59",2082,6,3,8
470,"Malta",4,"Median","60",2082,6,3,9
470,"Malta",4,"Median","61",2082,7,4,10
470,"Malta",4,"Median","62",2082,8,4,12
470,"Malta",4,"Median","63",2082,9,5,14
470,"Malta",4,"Median","64",2082,10,5,15
470,"Malta",4,"Median","65",2082,11,6,17
470,"Malta",4,"Median","66",2082,12,6,19
470,"Malta",4,"Median","67",2082,13,6,20
470,"Malta",4,"Median","68",2082,15,7,22
470,"Malta",4,"Median","69",2082,17,9,26
470,"Malta",4,"Median","70",2082,18,10,29
470,"Malta",4,"Median","71",2082,20,11,31
470,"Malta",4,"Median","72",2082,22,12,34
470,"Malta",4,"Median","73",2082,24,14,38
470,"Malta",4,"Median","74",2082,27,15,42
470,"Malta",4,"Median","75",2082,31,18,49
470,"Malta",4,"Median","76",2082,35,20,55
470,"Malta",4,"Median","77",2082,38,23,61
470,"Malta",4,"Median","78",2082,43,26,68
470,"Malta",4,"Median","79",2082,48,28,76
470,"Malta",4,"Median","80",2082,54,31,85
470,"Malta",4,"Median","81",2082,63,38,101
470,"Malta",4,"Median","82",2082,74,46,120
470,"Malta",4,"Median","83",2082,87,53,140
470,"Malta",4,"Median","84",2082,106,63,169
470,"Malta",4,"Median","85",2082,127,75,201
470,"Malta",4,"Median","86",2082,148,89,237
470,"Malta",4,"Median","87",2082,167,103,270
470,"Malta",4,"Median","88",2082,187,121,308
470,"Malta",4,"Median","89",2082,208,140,348
470,"Malta",4,"Median","90",2082,224,156,380
470,"Malta",4,"Median","91",2082,233,170,403
470,"Malta",4,"Median","92",2082,237,183,420
470,"Malta",4,"Median","93",2082,238,190,428
470,"Malta",4,"Median","94",2082,228,187,415
470,"Malta",4,"Median","95",2082,213,181,394
470,"Malta",4,"Median","96",2082,201,179,380
470,"Malta",4,"Median","97",2082,185,176,360
470,"Malta",4,"Median","98",2082,165,169,334
470,"Malta",4,"Median","99",2082,144,161,305
470,"Malta",4,"Median","100",2082,48,62,110
470,"Malta",4,"Median","101",2082,46,62,108
470,"Malta",4,"Median","102",2082,44,62,106
470,"Malta",4,"Median","103",2082,42,62,104
470,"Malta",4,"Median","104",2082,40,62,102
470,"Malta",4,"Median","105",2082,38,62,100
470,"Malta",4,"Median","106",2082,36,62,98
470,"Malta",4,"Median","107",2082,34,62,96
470,"Malta",4,"Median","108",2082,32,62,94
470,"Malta",4,"Median","109",2082,31,62,93
470,"Malta",4,"Median","110",2082,29,62,91
470,"Malta",4,"Median","0",2083,3,2,5
470,"Malta",4,"Median","1",2083,0,0,0
470,"Malta",4,"Median","2",2083,0,0,0
470,"Malta",4,"Median","3",2083,0,0,0
470,"Malta",4,"Median","4",2083,0,0,0
470,"Malta",4,"Median","5",2083,0,0,0
470,"Malta",4,"Median","6",2083,0,0,0
470,"Malta",4,"Median","7",2083,0,0,0
470,"Malta",4,"Median","8",2083,0,0,0
470,"Malta",4,"Median","9",2083,0,0,0
470,"Malta",4,"Median","10",2083,0,0,0
470,"Malta",4,"Median","11",2083,0,0,0
470,"Malta",4,"Median","12",2083,0,0,0
470,"Malta",4,"Median","13",2083,0,0,0
470,"Malta",4,"Median","14",2083,0,0,0
470,"Malta",4,"Median","15",2083,0,0,0
470,"Malta",4,"Median","16",2083,0,0,0
470,"Malta",4,"Median","17",2083,0,0,0
470,"Malta",4,"Median","18",2083,0,0,0
470,"Malta",4,"Median","19",2083,0,0,0
470,"Malta",4,"Median","20",2083,0,0,0
470,"Malta",4,"Median","21",2083,0,0,1
470,"Malta",4,"Median","22",2083,0,0,1
470,"Malta",4,"Median","23",2083,0,0,1
470,"Malta",4,"Median","24",2083,0,0,1
470,"Malta",4,"Median","25",2083,0,0,1
470,"Malta",4,"Median","26",2083,0,0,1
470,"Malta",4,"Median","27",2083,0,0,1
470,"Malta",4,"Median","28",2083,0,0,1
470,"Malta",4,"Median","29",2083,0,0,1
470,"Malta",4,"Median","30",2083,1,0,1
470,"Malta",4,"Median","31",2083,1,0,1
470,"Malta",4,"Median","32",2083,1,0,1
470,"Malta",4,"Median","33",2083,1,0,1
470,"Malta",4,"Median","34",2083,1,0,1
470,"Malta",4,"Median","35",2083,1,0,1
470,"Malta",4,"Median","36",2083,1,0,1
470,"Malta",4,"Median","37",2083,1,0,1
470,"Malta",4,"Median","38",2083,1,0,1
470,"Malta",4,"Median","39",2083,1,0,1
470,"Malta",4,"Median","40",2083,1,0,1
470,"Malta",4,"Median","41",2083,1,1,2
470,"Malta",4,"Median","42",2083,1,1,2
470,"Malta",4,"Median","43",2083,1,1,2
470,"Malta",4,"Median","44",2083,1,1,2
470,"Malta",4,"Median","45",2083,1,1,2
470,"Malta",4,"Median","46",2083,2,1,2
470,"Malta",4,"Median","47",2083,1,1,2
470,"Malta",4,"Median","48",2083,2,1,3
470,"Malta",4,"Median","49",2083,2,1,3
470,"Malta",4,"Median","50",2083,2,1,4
470,"Malta",4,"Median","51",2083,2,1,4
470,"Malta",4,"Median","52",2083,3,1,4
470,"Malta",4,"Median","53",2083,3,2,5
470,"Malta",4,"Median","54",2083,4,2,5
470,"Malta",4,"Median","55",2083,4,2,6
470,"Malta",4,"Median","56",2083,4,2,7
470,"Malta",4,"Median","57",2083,5,2,7
470,"Malta",4,"Median","58",2083,5,2,7
470,"Malta",4,"Median","59",2083,6,3,8
470,"Malta",4,"Median","60",2083,6,3,9
470,"Malta",4,"Median","61",2083,6,3,10
470,"Malta",4,"Median","62",2083,8,4,12
470,"Malta",4,"Median","63",2083,9,4,13
470,"Malta",4,"Median","64",2083,10,5,15
470,"Malta",4,"Median","65",2083,11,6,17
470,"Malta",4,"Median","66",2083,12,6,18
470,"Malta",4,"Median","67",2083,13,6,20
470,"Malta",4,"Median","68",2083,15,7,22
470,"Malta",4,"Median","69",2083,17,8,25
470,"Malta",4,"Median","70",2083,18,10,28
470,"Malta",4,"Median","71",2083,20,11,31
470,"Malta",4,"Median","72",2083,22,12,34
470,"Malta",4,"Median","73",2083,24,13,37
470,"Malta",4,"Median","74",2083,27,16,43
470,"Malta",4,"Median","75",2083,31,18,49
470,"Malta",4,"Median","76",2083,35,20,55
470,"Malta",4,"Median","77",2083,38,22,61
470,"Malta",4,"Median","78",2083,42,25,68
470,"Malta",4,"Median","79",2083,47,29,76
470,"Malta",4,"Median","80",2083,53,32,84
470,"Malta",4,"Median","81",2083,60,35,95
470,"Malta",4,"Median","82",2083,69,43,112
470,"Malta",4,"Median","83",2083,81,51,131
470,"Malta",4,"Median","84",2083,95,58,153
470,"Malta",4,"Median","85",2083,114,69,183
470,"Malta",4,"Median","86",2083,137,81,218
470,"Malta",4,"Median","87",2083,159,96,255
470,"Malta",4,"Median","88",2083,178,112,289
470,"Malta",4,"Median","89",2083,197,130,327
470,"Malta",4,"Median","90",2083,217,150,367
470,"Malta",4,"Median","91",2083,231,166,397
470,"Malta",4,"Median","92",2083,237,179,416
470,"Malta",4,"Median","93",2083,238,191,429
470,"Malta",4,"Median","94",2083,235,196,431
470,"Malta",4,"Median","95",2083,222,190,412
470,"Malta",4,"Median","96",2083,206,184,389
470,"Malta",4,"Median","97",2083,190,178,368
470,"Malta",4,"Median","98",2083,170,172,341
470,"Malta",4,"Median","99",2083,147,162,309
470,"Malta",4,"Median","100",2083,50,63,113
470,"Malta",4,"Median","101",2083,47,63,110
470,"Malta",4,"Median","102",2083,45,64,109
470,"Malta",4,"Median","103",2083,43,64,107
470,"Malta",4,"Median","104",2083,42,64,106
470,"Malta",4,"Median","105",2083,40,65,105
470,"Malta",4,"Median","106",2083,38,65,103
470,"Malta",4,"Median","107",2083,36,65,101
470,"Malta",4,"Median","108",2083,35,66,101
470,"Malta",4,"Median","109",2083,33,66,99
470,"Malta",4,"Median","110",2083,32,66,98
470,"Malta",4,"Median","0",2084,3,2,5
470,"Malta",4,"Median","1",2084,0,0,0
470,"Malta",4,"Median","2",2084,0,0,0
470,"Malta",4,"Median","3",2084,0,0,0
470,"Malta",4,"Median","4",2084,0,0,0
470,"Malta",4,"Median","5",2084,0,0,0
470,"Malta",4,"Median","6",2084,0,0,0
470,"Malta",4,"Median","7",2084,0,0,0
470,"Malta",4,"Median","8",2084,0,0,0
470,"Malta",4,"Median","9",2084,0,0,0
470,"Malta",4,"Median","10",2084,0,0,0
470,"Malta",4,"Median","11",2084,0,0,0
470,"Malta",4,"Median","12",2084,0,0,0
470,"Malta",4,"Median","13",2084,0,0,0
470,"Malta",4,"Median","14",2084,0,0,0
470,"Malta",4,"Median","15",2084,0,0,0
470,"Malta",4,"Median","16",2084,0,0,0
470,"Malta",4,"Median","17",2084,0,0,0
470,"Malta",4,"Median","18",2084,0,0,0
470,"Malta",4,"Median","19",2084,0,0,0
470,"Malta",4,"Median","20",2084,0,0,0
470,"Malta",4,"Median","21",2084,0,0,1
470,"Malta",4,"Median","22",2084,0,0,1
470,"Malta",4,"Median","23",2084,0,0,1
470,"Malta",4,"Median","24",2084,0,0,1
470,"Malta",4,"Median","25",2084,0,0,1
470,"Malta",4,"Median","26",2084,0,0,1
470,"Malta",4,"Median","27",2084,0,0,1
470,"Malta",4,"Median","28",2084,0,0,1
470,"Malta",4,"Median","29",2084,0,0,1
470,"Malta",4,"Median","30",2084,1,0,1
470,"Malta",4,"Median","31",2084,1,0,1
470,"Malta",4,"Median","32",2084,1,0,1
470,"Malta",4,"Median","33",2084,1,0,1
470,"Malta",4,"Median","34",2084,1,0,1
470,"Malta",4,"Median","35",2084,1,0,1
470,"Malta",4,"Median","36",2084,1,0,1
470,"Malta",4,"Median","37",2084,1,0,1
470,"Malta",4,"Median","38",2084,1,0,1
470,"Malta",4,"Median","39",2084,1,0,1
470,"Malta",4,"Median","40",2084,1,0,1
470,"Malta",4,"Median","41",2084,1,1,2
470,"Malta",4,"Median","42",2084,1,1,2
470,"Malta",4,"Median","43",2084,1,1,2
470,"Malta",4,"Median","44",2084,1,1,2
470,"Malta",4,"Median","45",2084,1,1,2
470,"Malta",4,"Median","46",2084,1,1,2
470,"Malta",4,"Median","47",2084,1,1,2
470,"Malta",4,"Median","48",2084,2,1,2
470,"Malta",4,"Median","49",2084,2,1,3
470,"Malta",4,"Median","50",2084,2,1,4
470,"Malta",4,"Median","51",2084,2,1,4
470,"Malta",4,"Median","52",2084,3,1,4
470,"Malta",4,"Median","53",2084,3,1,4
470,"Malta",4,"Median","54",2084,3,2,5
470,"Malta",4,"Median","55",2084,4,2,6
470,"Malta",4,"Median","56",2084,4,2,6
470,"Malta",4,"Median","57",2084,4,2,7
470,"Malta",4,"Median","58",2084,5,2,7
470,"Malta",4,"Median","59",2084,5,3,8
470,"Malta",4,"Median","60",2084,6,3,9
470,"Malta",4,"Median","61",2084,6,3,9
470,"Malta",4,"Median","62",2084,7,4,11
470,"Malta",4,"Median","63",2084,9,4,13
470,"Malta",4,"Median","64",2084,9,5,14
470,"Malta",4,"Median","65",2084,10,5,16
470,"Malta",4,"Median","66",2084,11,6,18
470,"Malta",4,"Median","67",2084,13,6,19
470,"Malta",4,"Median","68",2084,15,7,22
470,"Malta",4,"Median","69",2084,17,8,25
470,"Malta",4,"Median","70",2084,18,9,27
470,"Malta",4,"Median","71",2084,20,11,30
470,"Malta",4,"Median","72",2084,22,12,34
470,"Malta",4,"Median","73",2084,23,13,37
470,"Malta",4,"Median","74",2084,26,15,41
470,"Malta",4,"Median","75",2084,31,18,49
470,"Malta",4,"Median","76",2084,35,20,55
470,"Malta",4,"Median","77",2084,38,22,60
470,"Malta",4,"Median","78",2084,42,25,67
470,"Malta",4,"Median","79",2084,47,28,75
470,"Malta",4,"Median","80",2084,52,32,84
470,"Malta",4,"Median","81",2084,58,35,93
470,"Malta",4,"Median","82",2084,66,39,105
470,"Malta",4,"Median","83",2084,76,47,123
470,"Malta",4,"Median","84",2084,88,56,143
470,"Malta",4,"Median","85",2084,103,64,167
470,"Malta",4,"Median","86",2084,124,75,198
470,"Malta",4,"Median","87",2084,147,88,235
470,"Malta",4,"Median","88",2084,169,104,273
470,"Malta",4,"Median","89",2084,187,120,307
470,"Malta",4,"Median","90",2084,206,139,345
470,"Malta",4,"Median","91",2084,224,159,384
470,"Malta",4,"Median","92",2084,236,175,410
470,"Malta",4,"Median","93",2084,239,186,425
470,"Malta",4,"Median","94",2084,236,196,432
470,"Malta",4,"Median","95",2084,229,199,428
470,"Malta",4,"Median","96",2084,214,193,407
470,"Malta",4,"Median","97",2084,194,183,377
470,"Malta",4,"Median","98",2084,174,174,349
470,"Malta",4,"Median","99",2084,152,164,316
470,"Malta",4,"Median","100",2084,50,62,112
470,"Malta",4,"Median","101",2084,48,63,111
470,"Malta",4,"Median","102",2084,47,64,111
470,"Malta",4,"Median","103",2084,45,65,110
470,"Malta",4,"Median","104",2084,43,66,109
470,"Malta",4,"Median","105",2084,42,67,109
470,"Malta",4,"Median","106",2084,40,68,108
470,"Malta",4,"Median","107",2084,39,69,108
470,"Malta",4,"Median","108",2084,38,70,108
470,"Malta",4,"Median","109",2084,36,71,107
470,"Malta",4,"Median","110",2084,35,72,107
470,"Malta",4,"Median","0",2085,3,2,5
470,"Malta",4,"Median","1",2085,0,0,0
470,"Malta",4,"Median","2",2085,0,0,0
470,"Malta",4,"Median","3",2085,0,0,0
470,"Malta",4,"Median","4",2085,0,0,0
470,"Malta",4,"Median","5",2085,0,0,0
470,"Malta",4,"Median","6",2085,0,0,0
470,"Malta",4,"Median","7",2085,0,0,0
470,"Malta",4,"Median","8",2085,0,0,0
470,"Malta",4,"Median","9",2085,0,0,0
470,"Malta",4,"Median","10",2085,0,0,0
470,"Malta",4,"Median","11",2085,0,0,0
470,"Malta",4,"Median","12",2085,0,0,0
470,"Malta",4,"Median","13",2085,0,0,0
470,"Malta",4,"Median","14",2085,0,0,0
470,"Malta",4,"Median","15",2085,0,0,0
470,"Malta",4,"Median","16",2085,0,0,0
470,"Malta",4,"Median","17",2085,0,0,0
470,"Malta",4,"Median","18",2085,0,0,0
470,"Malta",4,"Median","19",2085,0,0,0
470,"Malta",4,"Median","20",2085,0,0,0
470,"Malta",4,"Median","21",2085,0,0,0
470,"Malta",4,"Median","22",2085,0,0,1
470,"Malta",4,"Median","23",2085,0,0,1
470,"Malta",4,"Median","24",2085,0,0,1
470,"Malta",4,"Median","25",2085,0,0,1
470,"Malta",4,"Median","26",2085,0,0,1
470,"Malta",4,"Median","27",2085,0,0,1
470,"Malta",4,"Median","28",2085,0,0,1
470,"Malta",4,"Median","29",2085,0,0,1
470,"Malta",4,"Median","30",2085,1,0,1
470,"Malta",4,"Median","31",2085,1,0,1
470,"Malta",4,"Median","32",2085,1,0,1
470,"Malta",4,"Median","33",2085,1,0,1
470,"Malta",4,"Median","34",2085,1,0,1
470,"Malta",4,"Median","35",2085,1,0,1
470,"Malta",4,"Median","36",2085,1,0,1
470,"Malta",4,"Median","37",2085,1,0,1
470,"Malta",4,"Median","38",2085,1,0,1
470,"Malta",4,"Median","39",2085,1,0,1
470,"Malta",4,"Median","40",2085,1,0,1
470,"Malta",4,"Median","41",2085,1,1,2
470,"Malta",4,"Median","42",2085,1,1,2
470,"Malta",4,"Median","43",2085,1,1,2
470,"Malta",4,"Median","44",2085,1,1,2
470,"Malta",4,"Median","45",2085,1,1,2
470,"Malta",4,"Median","46",2085,1,1,2
470,"Malta",4,"Median","47",2085,1,1,2
470,"Malta",4,"Median","48",2085,1,1,2
470,"Malta",4,"Median","49",2085,2,1,3
470,"Malta",4,"Median","50",2085,2,1,3
470,"Malta",4,"Median","51",2085,2,1,3
470,"Malta",4,"Median","52",2085,2,1,4
470,"Malta",4,"Median","53",2085,3,1,4
470,"Malta",4,"Median","54",2085,3,2,5
470,"Malta",4,"Median","55",2085,4,2,6
470,"Malta",4,"Median","56",2085,4,2,6
470,"Malta",4,"Median","57",2085,4,2,6
470,"Malta",4,"Median","58",2085,5,2,7
470,"Malta",4,"Median","59",2085,5,3,8
470,"Malta",4,"Median","60",2085,6,3,8
470,"Malta",4,"Median","61",2085,6,3,9
470,"Malta",4,"Median","62",2085,7,4,11
470,"Malta",4,"Median","63",2085,8,4,12
470,"Malta",4,"Median","64",2085,9,4,14
470,"Malta",4,"Median","65",2085,10,5,15
470,"Malta",4,"Median","66",2085,11,6,17
470,"Malta",4,"Median","67",2085,12,6,18
470,"Malta",4,"Median","68",2085,15,7,22
470,"Malta",4,"Median","69",2085,17,8,25
470,"Malta",4,"Median","70",2085,18,9,27
470,"Malta",4,"Median","71",2085,20,10,30
470,"Malta",4,"Median","72",2085,22,11,33
470,"Malta",4,"Median","73",2085,24,13,37
470,"Malta",4,"Median","74",2085,26,15,41
470,"Malta",4,"Median","75",2085,30,18,48
470,"Malta",4,"Median","76",2085,35,20,55
470,"Malta",4,"Median","77",2085,38,22,61
470,"Malta",4,"Median","78",2085,42,24,67
470,"Malta",4,"Median","79",2085,47,28,75
470,"Malta",4,"Median","80",2085,52,32,83
470,"Malta",4,"Median","81",2085,57,36,93
470,"Malta",4,"Median","82",2085,64,39,103
470,"Malta",4,"Median","83",2085,72,43,115
470,"Malta",4,"Median","84",2085,83,52,134
470,"Malta",4,"Median","85",2085,95,61,156
470,"Malta",4,"Median","86",2085,111,70,181
470,"Malta",4,"Median","87",2085,133,81,214
470,"Malta",4,"Median","88",2085,156,95,252
470,"Malta",4,"Median","89",2085,179,112,291
470,"Malta",4,"Median","90",2085,196,128,324
470,"Malta",4,"Median","91",2085,213,148,361
470,"Malta",4,"Median","92",2085,229,168,397
470,"Malta",4,"Median","93",2085,237,182,420
470,"Malta",4,"Median","94",2085,237,192,429
470,"Malta",4,"Median","95",2085,230,200,430
470,"Malta",4,"Median","96",2085,221,202,424
470,"Malta",4,"Median","97",2085,203,193,396
470,"Malta",4,"Median","98",2085,179,180,359
470,"Malta",4,"Median","99",2085,156,168,324
470,"Malta",4,"Median","100",2085,50,59,109
470,"Malta",4,"Median","101",2085,49,61,110
470,"Malta",4,"Median","102",2085,47,63,110
470,"Malta",4,"Median","103",2085,46,65,111
470,"Malta",4,"Median","104",2085,45,67,112
470,"Malta",4,"Median","105",2085,44,69,113
470,"Malta",4,"Median","106",2085,43,71,114
470,"Malta",4,"Median","107",2085,42,73,115
470,"Malta",4,"Median","108",2085,41,75,116
470,"Malta",4,"Median","109",2085,40,77,117
470,"Malta",4,"Median","110",2085,39,80,119
470,"Malta",4,"Median","0",2086,3,2,5
470,"Malta",4,"Median","1",2086,0,0,0
470,"Malta",4,"Median","2",2086,0,0,0
470,"Malta",4,"Median","3",2086,0,0,0
470,"Malta",4,"Median","4",2086,0,0,0
470,"Malta",4,"Median","5",2086,0,0,0
470,"Malta",4,"Median","6",2086,0,0,0
470,"Malta",4,"Median","7",2086,0,0,0
470,"Malta",4,"Median","8",2086,0,0,0
470,"Malta",4,"Median","9",2086,0,0,0
470,"Malta",4,"Median","10",2086,0,0,0
470,"Malta",4,"Median","11",2086,0,0,0
470,"Malta",4,"Median","12",2086,0,0,0
470,"Malta",4,"Median","13",2086,0,0,0
470,"Malta",4,"Median","14",2086,0,0,0
470,"Malta",4,"Median","15",2086,0,0,0
470,"Malta",4,"Median","16",2086,0,0,0
470,"Malta",4,"Median","17",2086,0,0,0
470,"Malta",4,"Median","18",2086,0,0,0
470,"Malta",4,"Median","19",2086,0,0,0
470,"Malta",4,"Median","20",2086,0,0,0
470,"Malta",4,"Median","21",2086,0,0,0
470,"Malta",4,"Median","22",2086,0,0,1
470,"Malta",4,"Median","23",2086,0,0,1
470,"Malta",4,"Median","24",2086,0,0,1
470,"Malta",4,"Median","25",2086,0,0,1
470,"Malta",4,"Median","26",2086,0,0,1
470,"Malta",4,"Median","27",2086,0,0,1
470,"Malta",4,"Median","28",2086,0,0,1
470,"Malta",4,"Median","29",2086,0,0,1
470,"Malta",4,"Median","30",2086,0,0,1
470,"Malta",4,"Median","31",2086,1,0,1
470,"Malta",4,"Median","32",2086,1,0,1
470,"Malta",4,"Median","33",2086,1,0,1
470,"Malta",4,"Median","34",2086,1,0,1
470,"Malta",4,"Median","35",2086,1,0,1
470,"Malta",4,"Median","36",2086,1,0,1
470,"Malta",4,"Median","37",2086,1,0,1
470,"Malta",4,"Median","38",2086,1,0,1
470,"Malta",4,"Median","39",2086,1,0,1
470,"Malta",4,"Median","40",2086,1,0,1
470,"Malta",4,"Median","41",2086,1,1,2
470,"Malta",4,"Median","42",2086,1,1,2
470,"Malta",4,"Median","43",2086,1,1,2
470,"Malta",4,"Median","44",2086,1,1,2
470,"Malta",4,"Median","45",2086,1,1,2
470,"Malta",4,"Median","46",2086,1,1,2
470,"Malta",4,"Median","47",2086,1,1,2
470,"Malta",4,"Median","48",2086,1,1,2
470,"Malta",4,"Median","49",2086,2,1,3
470,"Malta",4,"Median","50",2086,2,1,3
470,"Malta",4,"Median","51",2086,2,1,3
470,"Malta",4,"Median","52",2086,2,1,4
470,"Malta",4,"Median","53",2086,3,1,4
470,"Malta",4,"Median","54",2086,3,2,5
470,"Malta",4,"Median","55",2086,4,2,5
470,"Malta",4,"Median","56",2086,4,2,6
470,"Malta",4,"Median","57",2086,4,2,6
470,"Malta",4,"Median","58",2086,4,2,7
470,"Malta",4,"Median","59",2086,5,2,8
470,"Malta",4,"Median","60",2086,5,3,8
470,"Malta",4,"Median","61",2086,6,3,9
470,"Malta",4,"Median","62",2086,7,4,10
470,"Malta",4,"Median","63",2086,8,4,12
470,"Malta",4,"Median","64",2086,9,4,13
470,"Malta",4,"Median","65",2086,10,5,15
470,"Malta",4,"Median","66",2086,11,6,16
470,"Malta",4,"Median","67",2086,12,6,18
470,"Malta",4,"Median","68",2086,14,7,21
470,"Malta",4,"Median","69",2086,16,8,24
470,"Malta",4,"Median","70",2086,18,9,27
470,"Malta",4,"Median","71",2086,19,10,30
470,"Malta",4,"Median","72",2086,21,11,33
470,"Malta",4,"Median","73",2086,23,13,36
470,"Malta",4,"Median","74",2086,26,15,41
470,"Malta",4,"Median","75",2086,30,18,47
470,"Malta",4,"Median","76",2086,33,20,53
470,"Malta",4,"Median","77",2086,38,23,61
470,"Malta",4,"Median","78",2086,43,25,67
470,"Malta",4,"Median","79",2086,47,27,75
470,"Malta",4,"Median","80",2086,52,31,83
470,"Malta",4,"Median","81",2086,57,35,93
470,"Malta",4,"Median","82",2086,63,40,103
470,"Malta",4,"Median","83",2086,70,43,114
470,"Malta",4,"Median","84",2086,78,47,126
470,"Malta",4,"Median","85",2086,90,57,146
470,"Malta",4,"Median","86",2086,103,67,169
470,"Malta",4,"Median","87",2086,119,76,195
470,"Malta",4,"Median","88",2086,141,88,230
470,"Malta",4,"Median","89",2086,165,103,268
470,"Malta",4,"Median","90",2086,187,120,307
470,"Malta",4,"Median","91",2086,203,137,340
470,"Malta",4,"Median","92",2086,218,156,374
470,"Malta",4,"Median","93",2086,231,175,407
470,"Malta",4,"Median","94",2086,236,188,424
470,"Malta",4,"Median","95",2086,231,196,427
470,"Malta",4,"Median","96",2086,223,204,427
470,"Malta",4,"Median","97",2086,210,203,412
470,"Malta",4,"Median","98",2086,187,190,377
470,"Malta",4,"Median","99",2086,161,173,334
470,"Malta",4,"Median","100",2086,49,56,105
470,"Malta",4,"Median","101",2086,49,59,108
470,"Malta",4,"Median","102",2086,48,62,110
470,"Malta",4,"Median","103",2086,47,65,112
470,"Malta",4,"Median","104",2086,47,67,114
470,"Malta",4,"Median","105",2086,46,71,117
470,"Malta",4,"Median","106",2086,45,74,119
470,"Malta",4,"Median","107",2086,45,77,122
470,"Malta",4,"Median","108",2086,44,81,125
470,"Malta",4,"Median","109",2086,44,84,128
470,"Malta",4,"Median","110",2086,43,88,131
470,"Malta",4,"Median","0",2087,3,2,5
470,"Malta",4,"Median","1",2087,0,0,0
470,"Malta",4,"Median","2",2087,0,0,0
470,"Malta",4,"Median","3",2087,0,0,0
470,"Malta",4,"Median","4",2087,0,0,0
470,"Malta",4,"Median","5",2087,0,0,0
470,"Malta",4,"Median","6",2087,0,0,0
470,"Malta",4,"Median","7",2087,0,0,0
470,"Malta",4,"Median","8",2087,0,0,0
470,"Malta",4,"Median","9",2087,0,0,0
470,"Malta",4,"Median","10",2087,0,0,0
470,"Malta",4,"Median","11",2087,0,0,0
470,"Malta",4,"Median","12",2087,0,0,0
470,"Malta",4,"Median","13",2087,0,0,0
470,"Malta",4,"Median","14",2087,0,0,0
470,"Malta",4,"Median","15",2087,0,0,0
470,"Malta",4,"Median","16",2087,0,0,0
470,"Malta",4,"Median","17",2087,0,0,0
470,"Malta",4,"Median","18",2087,0,0,0
470,"Malta",4,"Median","19",2087,0,0,0
470,"Malta",4,"Median","20",2087,0,0,0
470,"Malta",4,"Median","21",2087,0,0,0
470,"Malta",4,"Median","22",2087,0,0,1
470,"Malta",4,"Median","23",2087,0,0,1
470,"Malta",4,"Median","24",2087,0,0,1
470,"Malta",4,"Median","25",2087,0,0,1
470,"Malta",4,"Median","26",2087,0,0,1
470,"Malta",4,"Median","27",2087,0,0,1
470,"Malta",4,"Median","28",2087,0,0,1
470,"Malta",4,"Median","29",2087,0,0,1
470,"Malta",4,"Median","30",2087,0,0,1
470,"Malta",4,"Median","31",2087,1,0,1
470,"Malta",4,"Median","32",2087,1,0,1
470,"Malta",4,"Median","33",2087,1,0,1
470,"Malta",4,"Median","34",2087,1,0,1
470,"Malta",4,"Median","35",2087,1,0,1
470,"Malta",4,"Median","36",2087,1,0,1
470,"Malta",4,"Median","37",2087,1,0,1
470,"Malta",4,"Median","38",2087,1,0,1
470,"Malta",4,"Median","39",2087,1,0,1
470,"Malta",4,"Median","40",2087,1,0,1
470,"Malta",4,"Median","41",2087,1,1,2
470,"Malta",4,"Median","42",2087,1,1,2
470,"Malta",4,"Median","43",2087,1,1,2
470,"Malta",4,"Median","44",2087,1,1,2
470,"Malta",4,"Median","45",2087,1,1,2
470,"Malta",4,"Median","46",2087,1,1,2
470,"Malta",4,"Median","47",2087,1,1,2
470,"Malta",4,"Median","48",2087,1,1,2
470,"Malta",4,"Median","49",2087,2,1,3
470,"Malta",4,"Median","50",2087,2,1,3
470,"Malta",4,"Median","51",2087,2,1,3
470,"Malta",4,"Median","52",2087,2,1,3
470,"Malta",4,"Median","53",2087,3,1,4
470,"Malta",4,"Median","54",2087,3,2,5
470,"Malta",4,"Median","55",2087,4,2,5
470,"Malta",4,"Median","56",2087,4,2,6
470,"Malta",4,"Median","57",2087,4,2,6
470,"Malta",4,"Median","58",2087,4,2,6
470,"Malta",4,"Median","59",2087,5,2,7
470,"Malta",4,"Median","60",2087,5,3,8
470,"Malta",4,"Median","61",2087,6,3,9
470,"Malta",4,"Median","62",2087,7,3,10
470,"Malta",4,"Median","63",2087,8,4,11
470,"Malta",4,"Median","64",2087,9,4,13
470,"Malta",4,"Median","65",2087,9,5,14
470,"Malta",4,"Median","66",2087,10,5,16
470,"Malta",4,"Median","67",2087,12,6,17
470,"Malta",4,"Median","68",2087,14,6,20
470,"Malta",4,"Median","69",2087,16,8,24
470,"Malta",4,"Median","70",2087,17,9,26
470,"Malta",4,"Median","71",2087,19,10,30
470,"Malta",4,"Median","72",2087,21,11,33
470,"Malta",4,"Median","73",2087,23,12,35
470,"Malta",4,"Median","74",2087,26,14,40
470,"Malta",4,"Median","75",2087,30,17,48
470,"Malta",4,"Median","76",2087,33,20,53
470,"Malta",4,"Median","77",2087,37,22,59
470,"Malta",4,"Median","78",2087,43,25,68
470,"Malta",4,"Median","79",2087,47,28,75
470,"Malta",4,"Median","80",2087,52,31,83
470,"Malta",4,"Median","81",2087,58,35,92
470,"Malta",4,"Median","82",2087,63,39,103
470,"Malta",4,"Median","83",2087,69,44,114
470,"Malta",4,"Median","84",2087,77,48,124
470,"Malta",4,"Median","85",2087,85,52,137
470,"Malta",4,"Median","86",2087,97,62,159
470,"Malta",4,"Median","87",2087,111,72,183
470,"Malta",4,"Median","88",2087,127,82,209
470,"Malta",4,"Median","89",2087,150,95,245
470,"Malta",4,"Median","90",2087,173,110,284
470,"Malta",4,"Median","91",2087,194,128,322
470,"Malta",4,"Median","92",2087,208,145,353
470,"Malta",4,"Median","93",2087,220,163,384
470,"Malta",4,"Median","94",2087,230,181,411
470,"Malta",4,"Median","95",2087,230,192,423
470,"Malta",4,"Median","96",2087,224,200,424
470,"Malta",4,"Median","97",2087,212,204,416
470,"Malta",4,"Median","98",2087,194,199,393
470,"Malta",4,"Median","99",2087,168,183,351
470,"Malta",4,"Median","100",2087,48,53,101
470,"Malta",4,"Median","101",2087,48,57,105
470,"Malta",4,"Median","102",2087,48,60,108
470,"Malta",4,"Median","103",2087,48,64,112
470,"Malta",4,"Median","104",2087,48,68,116
470,"Malta",4,"Median","105",2087,48,72,120
470,"Malta",4,"Median","106",2087,48,77,125
470,"Malta",4,"Median","107",2087,48,82,130
470,"Malta",4,"Median","108",2087,48,87,135
470,"Malta",4,"Median","109",2087,48,92,140
470,"Malta",4,"Median","110",2087,48,98,146
470,"Malta",4,"Median","0",2088,3,2,5
470,"Malta",4,"Median","1",2088,0,0,0
470,"Malta",4,"Median","2",2088,0,0,0
470,"Malta",4,"Median","3",2088,0,0,0
470,"Malta",4,"Median","4",2088,0,0,0
470,"Malta",4,"Median","5",2088,0,0,0
470,"Malta",4,"Median","6",2088,0,0,0
470,"Malta",4,"Median","7",2088,0,0,0
470,"Malta",4,"Median","8",2088,0,0,0
470,"Malta",4,"Median","9",2088,0,0,0
470,"Malta",4,"Median","10",2088,0,0,0
470,"Malta",4,"Median","11",2088,0,0,0
470,"Malta",4,"Median","12",2088,0,0,0
470,"Malta",4,"Median","13",2088,0,0,0
470,"Malta",4,"Median","14",2088,0,0,0
470,"Malta",4,"Median","15",2088,0,0,0
470,"Malta",4,"Median","16",2088,0,0,0
470,"Malta",4,"Median","17",2088,0,0,0
470,"Malta",4,"Median","18",2088,0,0,0
470,"Malta",4,"Median","19",2088,0,0,0
470,"Malta",4,"Median","20",2088,0,0,0
470,"Malta",4,"Median","21",2088,0,0,0
470,"Malta",4,"Median","22",2088,0,0,1
470,"Malta",4,"Median","23",2088,0,0,1
470,"Malta",4,"Median","24",2088,0,0,1
470,"Malta",4,"Median","25",2088,0,0,1
470,"Malta",4,"Median","26",2088,0,0,1
470,"Malta",4,"Median","27",2088,0,0,1
470,"Malta",4,"Median","28",2088,0,0,1
470,"Malta",4,"Median","29",2088,0,0,1
470,"Malta",4,"Median","30",2088,0,0,1
470,"Malta",4,"Median","31",2088,1,0,1
470,"Malta",4,"Median","32",2088,1,0,1
470,"Malta",4,"Median","33",2088,1,0,1
470,"Malta",4,"Median","34",2088,1,0,1
470,"Malta",4,"Median","35",2088,1,0,1
470,"Malta",4,"Median","36",2088,1,0,1
470,"Malta",4,"Median","37",2088,1,0,1
470,"Malta",4,"Median","38",2088,1,0,1
470,"Malta",4,"Median","39",2088,1,0,1
470,"Malta",4,"Median","40",2088,1,0,1
470,"Malta",4,"Median","41",2088,1,1,1
470,"Malta",4,"Median","42",2088,1,1,2
470,"Malta",4,"Median","43",2088,1,1,2
470,"Malta",4,"Median","44",2088,1,1,2
470,"Malta",4,"Median","45",2088,1,1,2
470,"Malta",4,"Median","46",2088,1,1,2
470,"Malta",4,"Median","47",2088,1,1,2
470,"Malta",4,"Median","48",2088,1,1,2
470,"Malta",4,"Median","49",2088,2,1,3
470,"Malta",4,"Median","50",2088,2,1,3
470,"Malta",4,"Median","51",2088,2,1,3
470,"Malta",4,"Median","52",2088,2,1,3
470,"Malta",4,"Median","53",2088,3,1,4
470,"Malta",4,"Median","54",2088,3,1,4
470,"Malta",4,"Median","55",2088,3,2,5
470,"Malta",4,"Median","56",2088,4,2,5
470,"Malta",4,"Median","57",2088,4,2,6
470,"Malta",4,"Median","58",2088,4,2,6
470,"Malta",4,"Median","59",2088,5,2,7
470,"Malta",4,"Median","60",2088,5,3,8
470,"Malta",4,"Median","61",2088,6,3,8
470,"Malta",4,"Median","62",2088,7,3,10
470,"Malta",4,"Median","63",2088,8,4,11
470,"Malta",4,"Median","64",2088,8,4,12
470,"Malta",4,"Median","65",2088,9,5,14
470,"Malta",4,"Median","66",2088,10,5,15
470,"Malta",4,"Median","67",2088,11,5,17
470,"Malta",4,"Median","68",2088,13,6,19
470,"Malta",4,"Median","69",2088,15,8,23
470,"Malta",4,"Median","70",2088,17,9,26
470,"Malta",4,"Median","71",2088,19,10,29
470,"Malta",4,"Median","72",2088,21,11,33
470,"Malta",4,"Median","73",2088,23,12,35
470,"Malta",4,"Median","74",2088,26,14,39
470,"Malta",4,"Median","75",2088,30,17,46
470,"Malta",4,"Median","76",2088,34,20,53
470,"Malta",4,"Median","77",2088,37,22,59
470,"Malta",4,"Median","78",2088,41,25,66
470,"Malta",4,"Median","79",2088,47,28,76
470,"Malta",4,"Median","80",2088,52,31,83
470,"Malta",4,"Median","81",2088,58,34,92
470,"Malta",4,"Median","82",2088,64,39,102
470,"Malta",4,"Median","83",2088,69,44,113
470,"Malta",4,"Median","84",2088,76,49,124
470,"Malta",4,"Median","85",2088,83,52,136
470,"Malta",4,"Median","86",2088,92,57,149
470,"Malta",4,"Median","87",2088,104,68,172
470,"Malta",4,"Median","88",2088,118,79,197
470,"Malta",4,"Median","89",2088,135,89,224
470,"Malta",4,"Median","90",2088,157,102,259
470,"Malta",4,"Median","91",2088,180,118,298
470,"Malta",4,"Median","92",2088,199,135,335
470,"Malta",4,"Median","93",2088,211,151,362
470,"Malta",4,"Median","94",2088,220,169,389
470,"Malta",4,"Median","95",2088,225,186,411
470,"Malta",4,"Median","96",2088,225,196,421
470,"Malta",4,"Median","97",2088,214,201,415
470,"Malta",4,"Median","98",2088,197,201,398
470,"Malta",4,"Median","99",2088,175,192,368
470,"Malta",4,"Median","100",2088,47,51,98
470,"Malta",4,"Median","101",2088,47,55,102
470,"Malta",4,"Median","102",2088,48,59,107
470,"Malta",4,"Median","103",2088,49,64,113
470,"Malta",4,"Median","104",2088,49,69,118
470,"Malta",4,"Median","105",2088,50,74,124
470,"Malta",4,"Median","106",2088,51,80,131
470,"Malta",4,"Median","107",2088,51,86,137
470,"Malta",4,"Median","108",2088,52,93,145
470,"Malta",4,"Median","109",2088,53,100,153
470,"Malta",4,"Median","110",2088,53,108,161
470,"Malta",4,"Median","0",2089,3,2,5
470,"Malta",4,"Median","1",2089,0,0,0
470,"Malta",4,"Median","2",2089,0,0,0
470,"Malta",4,"Median","3",2089,0,0,0
470,"Malta",4,"Median","4",2089,0,0,0
470,"Malta",4,"Median","5",2089,0,0,0
470,"Malta",4,"Median","6",2089,0,0,0
470,"Malta",4,"Median","7",2089,0,0,0
470,"Malta",4,"Median","8",2089,0,0,0
470,"Malta",4,"Median","9",2089,0,0,0
470,"Malta",4,"Median","10",2089,0,0,0
470,"Malta",4,"Median","11",2089,0,0,0
470,"Malta",4,"Median","12",2089,0,0,0
470,"Malta",4,"Median","13",2089,0,0,0
470,"Malta",4,"Median","14",2089,0,0,0
470,"Malta",4,"Median","15",2089,0,0,0
470,"Malta",4,"Median","16",2089,0,0,0
470,"Malta",4,"Median","17",2089,0,0,0
470,"Malta",4,"Median","18",2089,0,0,0
470,"Malta",4,"Median","19",2089,0,0,0
470,"Malta",4,"Median","20",2089,0,0,0
470,"Malta",4,"Median","21",2089,0,0,0
470,"Malta",4,"Median","22",2089,0,0,1
470,"Malta",4,"Median","23",2089,0,0,1
470,"Malta",4,"Median","24",2089,0,0,1
470,"Malta",4,"Median","25",2089,0,0,0
470,"Malta",4,"Median","26",2089,0,0,1
470,"Malta",4,"Median","27",2089,0,0,1
470,"Malta",4,"Median","28",2089,0,0,1
470,"Malta",4,"Median","29",2089,0,0,1
470,"Malta",4,"Median","30",2089,0,0,1
470,"Malta",4,"Median","31",2089,0,0,1
470,"Malta",4,"Median","32",2089,1,0,1
470,"Malta",4,"Median","33",2089,1,0,1
470,"Malta",4,"Median","34",2089,1,0,1
470,"Malta",4,"Median","35",2089,1,0,1
470,"Malta",4,"Median","36",2089,1,0,1
470,"Malta",4,"Median","37",2089,1,0,1
470,"Malta",4,"Median","38",2089,1,0,1
470,"Malta",4,"Median","39",2089,1,0,1
470,"Malta",4,"Median","40",2089,1,0,1
470,"Malta",4,"Median","41",2089,1,1,1
470,"Malta",4,"Median","42",2089,1,1,2
470,"Malta",4,"Median","43",2089,1,1,2
470,"Malta",4,"Median","44",2089,1,1,2
470,"Malta",4,"Median","45",2089,1,1,2
470,"Malta",4,"Median","46",2089,1,1,2
470,"Malta",4,"Median","47",2089,1,1,2
470,"Malta",4,"Median","48",2089,1,1,2
470,"Malta",4,"Median","49",2089,2,1,3
470,"Malta",4,"Median","50",2089,2,1,3
470,"Malta",4,"Median","51",2089,2,1,3
470,"Malta",4,"Median","52",2089,2,1,3
470,"Malta",4,"Median","53",2089,3,1,4
470,"Malta",4,"Median","54",2089,3,1,4
470,"Malta",4,"Median","55",2089,3,2,5
470,"Malta",4,"Median","56",2089,4,2,5
470,"Malta",4,"Median","57",2089,4,2,6
470,"Malta",4,"Median","58",2089,4,2,6
470,"Malta",4,"Median","59",2089,5,2,7
470,"Malta",4,"Median","60",2089,5,2,7
470,"Malta",4,"Median","61",2089,5,3,8
470,"Malta",4,"Median","62",2089,6,3,10
470,"Malta",4,"Median","63",2089,7,4,11
470,"Malta",4,"Median","64",2089,8,4,12
470,"Malta",4,"Median","65",2089,9,4,13
470,"Malta",4,"Median","66",2089,10,5,15
470,"Malta",4,"Median","67",2089,11,5,16
470,"Malta",4,"Median","68",2089,13,6,19
470,"Malta",4,"Median","69",2089,15,7,22
470,"Malta",4,"Median","70",2089,16,8,25
470,"Malta",4,"Median","71",2089,18,10,28
470,"Malta",4,"Median","72",2089,21,11,32
470,"Malta",4,"Median","73",2089,23,12,35
470,"Malta",4,"Median","74",2089,25,14,39
470,"Malta",4,"Median","75",2089,29,16,45
470,"Malta",4,"Median","76",2089,33,19,52
470,"Malta",4,"Median","77",2089,37,22,59
470,"Malta",4,"Median","78",2089,41,25,66
470,"Malta",4,"Median","79",2089,46,28,73
470,"Malta",4,"Median","80",2089,52,32,84
470,"Malta",4,"Median","81",2089,58,35,93
470,"Malta",4,"Median","82",2089,64,38,102
470,"Malta",4,"Median","83",2089,70,43,113
470,"Malta",4,"Median","84",2089,76,48,124
470,"Malta",4,"Median","85",2089,82,53,136
470,"Malta",4,"Median","86",2089,90,57,147
470,"Malta",4,"Median","87",2089,99,62,161
470,"Malta",4,"Median","88",2089,112,73,185
470,"Malta",4,"Median","89",2089,125,85,210
470,"Malta",4,"Median","90",2089,142,95,237
470,"Malta",4,"Median","91",2089,163,109,272
470,"Malta",4,"Median","92",2089,185,124,309
470,"Malta",4,"Median","93",2089,202,142,343
470,"Malta",4,"Median","94",2089,210,157,367
470,"Malta",4,"Median","95",2089,215,173,388
470,"Malta",4,"Median","96",2089,220,189,409
470,"Malta",4,"Median","97",2089,214,197,411
470,"Malta",4,"Median","98",2089,199,198,397
470,"Malta",4,"Median","99",2089,178,194,372
470,"Malta",4,"Median","100",2089,46,50,96
470,"Malta",4,"Median","101",2089,47,55,102
470,"Malta",4,"Median","102",2089,48,60,108
470,"Malta",4,"Median","103",2089,49,65,114
470,"Malta",4,"Median","104",2089,51,71,122
470,"Malta",4,"Median","105",2089,52,77,129
470,"Malta",4,"Median","106",2089,54,84,138
470,"Malta",4,"Median","107",2089,55,91,146
470,"Malta",4,"Median","108",2089,57,99,156
470,"Malta",4,"Median","109",2089,58,108,166
470,"Malta",4,"Median","110",2089,60,117,177
470,"Malta",4,"Median","0",2090,3,2,5
470,"Malta",4,"Median","1",2090,0,0,0
470,"Malta",4,"Median","2",2090,0,0,0
470,"Malta",4,"Median","3",2090,0,0,0
470,"Malta",4,"Median","4",2090,0,0,0
470,"Malta",4,"Median","5",2090,0,0,0
470,"Malta",4,"Median","6",2090,0,0,0
470,"Malta",4,"Median","7",2090,0,0,0
470,"Malta",4,"Median","8",2090,0,0,0
470,"Malta",4,"Median","9",2090,0,0,0
470,"Malta",4,"Median","10",2090,0,0,0
470,"Malta",4,"Median","11",2090,0,0,0
470,"Malta",4,"Median","12",2090,0,0,0
470,"Malta",4,"Median","13",2090,0,0,0
470,"Malta",4,"Median","14",2090,0,0,0
470,"Malta",4,"Median","15",2090,0,0,0
470,"Malta",4,"Median","16",2090,0,0,0
470,"Malta",4,"Median","17",2090,0,0,0
470,"Malta",4,"Median","18",2090,0,0,0
470,"Malta",4,"Median","19",2090,0,0,0
470,"Malta",4,"Median","20",2090,0,0,0
470,"Malta",4,"Median","21",2090,0,0,0
470,"Malta",4,"Median","22",2090,0,0,1
470,"Malta",4,"Median","23",2090,0,0,1
470,"Malta",4,"Median","24",2090,0,0,1
470,"Malta",4,"Median","25",2090,0,0,0
470,"Malta",4,"Median","26",2090,0,0,1
470,"Malta",4,"Median","27",2090,0,0,1
470,"Malta",4,"Median","28",2090,0,0,1
470,"Malta",4,"Median","29",2090,0,0,1
470,"Malta",4,"Median","30",2090,0,0,1
470,"Malta",4,"Median","31",2090,0,0,1
470,"Malta",4,"Median","32",2090,0,0,1
470,"Malta",4,"Median","33",2090,1,0,1
470,"Malta",4,"Median","34",2090,1,0,1
470,"Malta",4,"Median","35",2090,1,0,1
470,"Malta",4,"Median","36",2090,1,0,1
470,"Malta",4,"Median","37",2090,1,0,1
470,"Malta",4,"Median","38",2090,1,0,1
470,"Malta",4,"Median","39",2090,1,0,1
470,"Malta",4,"Median","40",2090,1,0,1
470,"Malta",4,"Median","41",2090,1,1,1
470,"Malta",4,"Median","42",2090,1,1,1
470,"Malta",4,"Median","43",2090,1,1,1
470,"Malta",4,"Median","44",2090,1,1,2
470,"Malta",4,"Median","45",2090,1,1,2
470,"Malta",4,"Median","46",2090,1,1,2
470,"Malta",4,"Median","47",2090,1,1,2
470,"Malta",4,"Median","48",2090,1,1,2
470,"Malta",4,"Median","49",2090,2,1,3
470,"Malta",4,"Median","50",2090,2,1,3
470,"Malta",4,"Median","51",2090,2,1,3
470,"Malta",4,"Median","52",2090,2,1,3
470,"Malta",4,"Median","53",2090,2,1,4
470,"Malta",4,"Median","54",2090,3,1,4
470,"Malta",4,"Median","55",2090,3,1,5
470,"Malta",4,"Median","56",2090,3,2,5
470,"Malta",4,"Median","57",2090,4,2,5
470,"Malta",4,"Median","58",2090,4,2,6
470,"Malta",4,"Median","59",2090,4,2,7
470,"Malta",4,"Median","60",2090,5,2,7
470,"Malta",4,"Median","61",2090,5,3,8
470,"Malta",4,"Median","62",2090,6,3,9
470,"Malta",4,"Median","63",2090,7,3,11
470,"Malta",4,"Median","64",2090,8,4,12
470,"Malta",4,"Median","65",2090,9,4,13
470,"Malta",4,"Median","66",2090,9,5,14
470,"Malta",4,"Median","67",2090,11,5,15
470,"Malta",4,"Median","68",2090,12,6,18
470,"Malta",4,"Median","69",2090,14,7,21
470,"Malta",4,"Median","70",2090,16,8,24
470,"Malta",4,"Median","71",2090,18,9,27
470,"Malta",4,"Median","72",2090,20,11,31
470,"Malta",4,"Median","73",2090,22,12,35
470,"Malta",4,"Median","74",2090,25,14,39
470,"Malta",4,"Median","75",2090,29,16,45
470,"Malta",4,"Median","76",2090,33,18,51
470,"Malta",4,"Median","77",2090,37,21,57
470,"Malta",4,"Median","78",2090,41,24,66
470,"Malta",4,"Median","79",2090,46,28,73
470,"Malta",4,"Median","80",2090,50,31,81
470,"Malta",4,"Median","81",2090,58,35,93
470,"Malta",4,"Median","82",2090,64,39,103
470,"Malta",4,"Median","83",2090,70,42,112
470,"Malta",4,"Median","84",2090,76,47,124
470,"Malta",4,"Median","85",2090,82,53,135
470,"Malta",4,"Median","86",2090,89,58,148
470,"Malta",4,"Median","87",2090,97,62,160
470,"Malta",4,"Median","88",2090,106,67,173
470,"Malta",4,"Median","89",2090,118,79,198
470,"Malta",4,"Median","90",2090,132,91,223
470,"Malta",4,"Median","91",2090,147,102,249
470,"Malta",4,"Median","92",2090,168,115,283
470,"Malta",4,"Median","93",2090,188,131,318
470,"Malta",4,"Median","94",2090,202,147,349
470,"Malta",4,"Median","95",2090,206,161,367
470,"Malta",4,"Median","96",2090,210,177,387
470,"Malta",4,"Median","97",2090,210,191,401
470,"Malta",4,"Median","98",2090,199,195,394
470,"Malta",4,"Median","99",2090,180,192,372
470,"Malta",4,"Median","100",2090,45,51,96
470,"Malta",4,"Median","101",2090,46,55,101
470,"Malta",4,"Median","102",2090,48,61,109
470,"Malta",4,"Median","103",2090,50,66,116
470,"Malta",4,"Median","104",2090,52,73,125
470,"Malta",4,"Median","105",2090,54,79,133
470,"Malta",4,"Median","106",2090,56,87,143
470,"Malta",4,"Median","107",2090,58,95,153
470,"Malta",4,"Median","108",2090,61,104,165
470,"Malta",4,"Median","109",2090,63,114,177
470,"Malta",4,"Median","110",2090,66,124,190
470,"Malta",4,"Median","0",2091,2,2,4
470,"Malta",4,"Median","1",2091,0,0,0
470,"Malta",4,"Median","2",2091,0,0,0
470,"Malta",4,"Median","3",2091,0,0,0
470,"Malta",4,"Median","4",2091,0,0,0
470,"Malta",4,"Median","5",2091,0,0,0
470,"Malta",4,"Median","6",2091,0,0,0
470,"Malta",4,"Median","7",2091,0,0,0
470,"Malta",4,"Median","8",2091,0,0,0
470,"Malta",4,"Median","9",2091,0,0,0
470,"Malta",4,"Median","10",2091,0,0,0
470,"Malta",4,"Median","11",2091,0,0,0
470,"Malta",4,"Median","12",2091,0,0,0
470,"Malta",4,"Median","13",2091,0,0,0
470,"Malta",4,"Median","14",2091,0,0,0
470,"Malta",4,"Median","15",2091,0,0,0
470,"Malta",4,"Median","16",2091,0,0,0
470,"Malta",4,"Median","17",2091,0,0,0
470,"Malta",4,"Median","18",2091,0,0,0
470,"Malta",4,"Median","19",2091,0,0,0
470,"Malta",4,"Median","20",2091,0,0,0
470,"Malta",4,"Median","21",2091,0,0,0
470,"Malta",4,"Median","22",2091,0,0,0
470,"Malta",4,"Median","23",2091,0,0,1
470,"Malta",4,"Median","24",2091,0,0,0
470,"Malta",4,"Median","25",2091,0,0,0
470,"Malta",4,"Median","26",2091,0,0,1
470,"Malta",4,"Median","27",2091,0,0,1
470,"Malta",4,"Median","28",2091,0,0,1
470,"Malta",4,"Median","29",2091,0,0,1
470,"Malta",4,"Median","30",2091,0,0,1
470,"Malta",4,"Median","31",2091,0,0,1
470,"Malta",4,"Median","32",2091,0,0,1
470,"Malta",4,"Median","33",2091,1,0,1
470,"Malta",4,"Median","34",2091,1,0,1
470,"Malta",4,"Median","35",2091,1,0,1
470,"Malta",4,"Median","36",2091,1,0,1
470,"Malta",4,"Median","37",2091,1,0,1
470,"Malta",4,"Median","38",2091,1,0,1
470,"Malta",4,"Median","39",2091,1,0,1
470,"Malta",4,"Median","40",2091,1,0,1
470,"Malta",4,"Median","41",2091,1,0,1
470,"Malta",4,"Median","42",2091,1,1,1
470,"Malta",4,"Median","43",2091,1,1,1
470,"Malta",4,"Median","44",2091,1,1,2
470,"Malta",4,"Median","45",2091,1,1,2
470,"Malta",4,"Median","46",2091,1,1,2
470,"Malta",4,"Median","47",2091,1,1,2
470,"Malta",4,"Median","48",2091,1,1,2
470,"Malta",4,"Median","49",2091,2,1,3
470,"Malta",4,"Median","50",2091,2,1,3
470,"Malta",4,"Median","51",2091,2,1,3
470,"Malta",4,"Median","52",2091,2,1,3
470,"Malta",4,"Median","53",2091,2,1,4
470,"Malta",4,"Median","54",2091,3,1,4
470,"Malta",4,"Median","55",2091,3,1,4
470,"Malta",4,"Median","56",2091,3,2,5
470,"Malta",4,"Median","57",2091,3,2,5
470,"Malta",4,"Median","58",2091,4,2,6
470,"Malta",4,"Median","59",2091,4,2,6
470,"Malta",4,"Median","60",2091,5,2,7
470,"Malta",4,"Median","61",2091,5,3,8
470,"Malta",4,"Median","62",2091,6,3,9
470,"Malta",4,"Median","63",2091,7,3,10
470,"Malta",4,"Median","64",2091,8,4,11
470,"Malta",4,"Median","65",2091,8,4,13
470,"Malta",4,"Median","66",2091,9,5,14
470,"Malta",4,"Median","67",2091,10,5,15
470,"Malta",4,"Median","68",2091,12,6,18
470,"Malta",4,"Median","69",2091,14,7,20
470,"Malta",4,"Median","70",2091,15,8,23
470,"Malta",4,"Median","71",2091,17,9,26
470,"Malta",4,"Median","72",2091,19,10,30
470,"Malta",4,"Median","73",2091,22,12,34
470,"Malta",4,"Median","74",2091,25,14,39
470,"Malta",4,"Median","75",2091,29,16,45
470,"Malta",4,"Median","76",2091,33,18,51
470,"Malta",4,"Median","77",2091,36,20,56
470,"Malta",4,"Median","78",2091,41,23,64
470,"Malta",4,"Median","79",2091,46,27,74
470,"Malta",4,"Median","80",2091,50,31,81
470,"Malta",4,"Median","81",2091,56,35,91
470,"Malta",4,"Median","82",2091,64,40,103
470,"Malta",4,"Median","83",2091,70,43,113
470,"Malta",4,"Median","84",2091,76,47,123
470,"Malta",4,"Median","85",2091,83,52,135
470,"Malta",4,"Median","86",2091,89,58,147
470,"Malta",4,"Median","87",2091,96,64,160
470,"Malta",4,"Median","88",2091,104,68,172
470,"Malta",4,"Median","89",2091,113,73,185
470,"Malta",4,"Median","90",2091,125,85,210
470,"Malta",4,"Median","91",2091,137,98,235
470,"Malta",4,"Median","92",2091,152,108,260
470,"Malta",4,"Median","93",2091,171,121,292
470,"Malta",4,"Median","94",2091,188,136,323
470,"Malta",4,"Median","95",2091,198,151,349
470,"Malta",4,"Median","96",2091,202,165,367
470,"Malta",4,"Median","97",2091,201,179,380
470,"Malta",4,"Median","98",2091,196,189,385
470,"Malta",4,"Median","99",2091,181,189,370
470,"Malta",4,"Median","100",2091,44,51,95
470,"Malta",4,"Median","101",2091,46,56,102
470,"Malta",4,"Median","102",2091,48,62,110
470,"Malta",4,"Median","103",2091,51,68,119
470,"Malta",4,"Median","104",2091,53,74,127
470,"Malta",4,"Median","105",2091,56,82,138
470,"Malta",4,"Median","106",2091,58,90,148
470,"Malta",4,"Median","107",2091,61,98,159
470,"Malta",4,"Median","108",2091,64,108,172
470,"Malta",4,"Median","109",2091,67,119,186
470,"Malta",4,"Median","110",2091,71,130,201
470,"Malta",4,"Median","0",2092,2,2,4
470,"Malta",4,"Median","1",2092,0,0,0
470,"Malta",4,"Median","2",2092,0,0,0
470,"Malta",4,"Median","3",2092,0,0,0
470,"Malta",4,"Median","4",2092,0,0,0
470,"Malta",4,"Median","5",2092,0,0,0
470,"Malta",4,"Median","6",2092,0,0,0
470,"Malta",4,"Median","7",2092,0,0,0
470,"Malta",4,"Median","8",2092,0,0,0
470,"Malta",4,"Median","9",2092,0,0,0
470,"Malta",4,"Median","10",2092,0,0,0
470,"Malta",4,"Median","11",2092,0,0,0
470,"Malta",4,"Median","12",2092,0,0,0
470,"Malta",4,"Median","13",2092,0,0,0
470,"Malta",4,"Median","14",2092,0,0,0
470,"Malta",4,"Median","15",2092,0,0,0
470,"Malta",4,"Median","16",2092,0,0,0
470,"Malta",4,"Median","17",2092,0,0,0
470,"Malta",4,"Median","18",2092,0,0,0
470,"Malta",4,"Median","19",2092,0,0,0
470,"Malta",4,"Median","20",2092,0,0,0
470,"Malta",4,"Median","21",2092,0,0,0
470,"Malta",4,"Median","22",2092,0,0,0
470,"Malta",4,"Median","23",2092,0,0,0
470,"Malta",4,"Median","24",2092,0,0,0
470,"Malta",4,"Median","25",2092,0,0,0
470,"Malta",4,"Median","26",2092,0,0,1
470,"Malta",4,"Median","27",2092,0,0,1
470,"Malta",4,"Median","28",2092,0,0,1
470,"Malta",4,"Median","29",2092,0,0,1
470,"Malta",4,"Median","30",2092,0,0,1
470,"Malta",4,"Median","31",2092,0,0,1
470,"Malta",4,"Median","32",2092,0,0,1
470,"Malta",4,"Median","33",2092,1,0,1
470,"Malta",4,"Median","34",2092,1,0,1
470,"Malta",4,"Median","35",2092,1,0,1
470,"Malta",4,"Median","36",2092,1,0,1
470,"Malta",4,"Median","37",2092,1,0,1
470,"Malta",4,"Median","38",2092,1,0,1
470,"Malta",4,"Median","39",2092,1,0,1
470,"Malta",4,"Median","40",2092,1,0,1
470,"Malta",4,"Median","41",2092,1,0,1
470,"Malta",4,"Median","42",2092,1,1,1
470,"Malta",4,"Median","43",2092,1,1,1
470,"Malta",4,"Median","44",2092,1,1,2
470,"Malta",4,"Median","45",2092,1,1,2
470,"Malta",4,"Median","46",2092,1,1,2
470,"Malta",4,"Median","47",2092,1,1,2
470,"Malta",4,"Median","48",2092,1,1,2
470,"Malta",4,"Median","49",2092,2,1,3
470,"Malta",4,"Median","50",2092,2,1,3
470,"Malta",4,"Median","51",2092,2,1,3
470,"Malta",4,"Median","52",2092,2,1,3
470,"Malta",4,"Median","53",2092,2,1,3
470,"Malta",4,"Median","54",2092,3,1,4
470,"Malta",4,"Median","55",2092,3,1,4
470,"Malta",4,"Median","56",2092,3,1,5
470,"Malta",4,"Median","57",2092,3,2,5
470,"Malta",4,"Median","58",2092,4,2,5
470,"Malta",4,"Median","59",2092,4,2,6
470,"Malta",4,"Median","60",2092,4,2,7
470,"Malta",4,"Median","61",2092,5,3,7
470,"Malta",4,"Median","62",2092,6,3,9
470,"Malta",4,"Median","63",2092,7,3,10
470,"Malta",4,"Median","64",2092,7,4,11
470,"Malta",4,"Median","65",2092,8,4,12
470,"Malta",4,"Median","66",2092,9,5,14
470,"Malta",4,"Median","67",2092,10,5,15
470,"Malta",4,"Median","68",2092,12,5,17
470,"Malta",4,"Median","69",2092,13,6,20
470,"Malta",4,"Median","70",2092,15,8,22
470,"Malta",4,"Median","71",2092,17,9,25
470,"Malta",4,"Median","72",2092,19,10,28
470,"Malta",4,"Median","73",2092,21,11,32
470,"Malta",4,"Median","74",2092,24,13,37
470,"Malta",4,"Median","75",2092,28,16,44
470,"Malta",4,"Median","76",2092,33,18,51
470,"Malta",4,"Median","77",2092,36,20,56
470,"Malta",4,"Median","78",2092,40,23,63
470,"Malta",4,"Median","79",2092,45,26,71
470,"Malta",4,"Median","80",2092,51,31,82
470,"Malta",4,"Median","81",2092,56,35,91
470,"Malta",4,"Median","82",2092,62,39,101
470,"Malta",4,"Median","83",2092,70,44,114
470,"Malta",4,"Median","84",2092,77,47,124
470,"Malta",4,"Median","85",2092,83,51,134
470,"Malta",4,"Median","86",2092,90,57,147
470,"Malta",4,"Median","87",2092,96,63,159
470,"Malta",4,"Median","88",2092,103,69,172
470,"Malta",4,"Median","89",2092,111,73,184
470,"Malta",4,"Median","90",2092,119,78,197
470,"Malta",4,"Median","91",2092,130,91,221
470,"Malta",4,"Median","92",2092,142,103,245
470,"Malta",4,"Median","93",2092,155,113,268
470,"Malta",4,"Median","94",2092,171,126,297
470,"Malta",4,"Median","95",2092,185,139,324
470,"Malta",4,"Median","96",2092,195,155,349
470,"Malta",4,"Median","97",2092,194,166,360
470,"Malta",4,"Median","98",2092,188,177,365
470,"Malta",4,"Median","99",2092,178,183,362
470,"Malta",4,"Median","100",2092,44,52,96
470,"Malta",4,"Median","101",2092,47,57,104
470,"Malta",4,"Median","102",2092,49,63,112
470,"Malta",4,"Median","103",2092,52,69,121
470,"Malta",4,"Median","104",2092,54,76,130
470,"Malta",4,"Median","105",2092,57,83,140
470,"Malta",4,"Median","106",2092,60,92,152
470,"Malta",4,"Median","107",2092,64,101,165
470,"Malta",4,"Median","108",2092,67,111,178
470,"Malta",4,"Median","109",2092,70,122,192
470,"Malta",4,"Median","110",2092,74,134,208
470,"Malta",4,"Median","0",2093,2,2,4
470,"Malta",4,"Median","1",2093,0,0,0
470,"Malta",4,"Median","2",2093,0,0,0
470,"Malta",4,"Median","3",2093,0,0,0
470,"Malta",4,"Median","4",2093,0,0,0
470,"Malta",4,"Median","5",2093,0,0,0
470,"Malta",4,"Median","6",2093,0,0,0
470,"Malta",4,"Median","7",2093,0,0,0
470,"Malta",4,"Median","8",2093,0,0,0
470,"Malta",4,"Median","9",2093,0,0,0
470,"Malta",4,"Median","10",2093,0,0,0
470,"Malta",4,"Median","11",2093,0,0,0
470,"Malta",4,"Median","12",2093,0,0,0
470,"Malta",4,"Median","13",2093,0,0,0
470,"Malta",4,"Median","14",2093,0,0,0
470,"Malta",4,"Median","15",2093,0,0,0
470,"Malta",4,"Median","16",2093,0,0,0
470,"Malta",4,"Median","17",2093,0,0,0
470,"Malta",4,"Median","18",2093,0,0,0
470,"Malta",4,"Median","19",2093,0,0,0
470,"Malta",4,"Median","20",2093,0,0,0
470,"Malta",4,"Median","21",2093,0,0,0
470,"Malta",4,"Median","22",2093,0,0,0
470,"Malta",4,"Median","23",2093,0,0,0
470,"Malta",4,"Median","24",2093,0,0,0
470,"Malta",4,"Median","25",2093,0,0,0
470,"Malta",4,"Median","26",2093,0,0,1
470,"Malta",4,"Median","27",2093,0,0,1
470,"Malta",4,"Median","28",2093,0,0,1
470,"Malta",4,"Median","29",2093,0,0,1
470,"Malta",4,"Median","30",2093,0,0,1
470,"Malta",4,"Median","31",2093,0,0,1
470,"Malta",4,"Median","32",2093,0,0,1
470,"Malta",4,"Median","33",2093,1,0,1
470,"Malta",4,"Median","34",2093,1,0,1
470,"Malta",4,"Median","35",2093,1,0,1
470,"Malta",4,"Median","36",2093,1,0,1
470,"Malta",4,"Median","37",2093,1,0,1
470,"Malta",4,"Median","38",2093,1,0,1
470,"Malta",4,"Median","39",2093,1,0,1
470,"Malta",4,"Median","40",2093,1,0,1
470,"Malta",4,"Median","41",2093,1,0,1
470,"Malta",4,"Median","42",2093,1,1,1
470,"Malta",4,"Median","43",2093,1,1,1
470,"Malta",4,"Median","44",2093,1,0,2
470,"Malta",4,"Median","45",2093,1,1,2
470,"Malta",4,"Median","46",2093,1,1,2
470,"Malta",4,"Median","47",2093,1,1,2
470,"Malta",4,"Median","48",2093,1,1,2
470,"Malta",4,"Median","49",2093,2,1,3
470,"Malta",4,"Median","50",2093,2,1,3
470,"Malta",4,"Median","51",2093,2,1,3
470,"Malta",4,"Median","52",2093,2,1,3
470,"Malta",4,"Median","53",2093,2,1,3
470,"Malta",4,"Median","54",2093,3,1,4
470,"Malta",4,"Median","55",2093,3,1,4
470,"Malta",4,"Median","56",2093,3,1,5
470,"Malta",4,"Median","57",2093,3,2,5
470,"Malta",4,"Median","58",2093,3,2,5
470,"Malta",4,"Median","59",2093,4,2,6
470,"Malta",4,"Median","60",2093,4,2,6
470,"Malta",4,"Median","61",2093,5,2,7
470,"Malta",4,"Median","62",2093,6,3,8
470,"Malta",4,"Median","63",2093,6,3,9
470,"Malta",4,"Median","64",2093,7,3,11
470,"Malta",4,"Median","65",2093,8,4,12
470,"Malta",4,"Median","66",2093,9,4,13
470,"Malta",4,"Median","67",2093,10,5,14
470,"Malta",4,"Median","68",2093,11,5,17
470,"Malta",4,"Median","69",2093,13,6,19
470,"Malta",4,"Median","70",2093,14,7,21
470,"Malta",4,"Median","71",2093,16,8,24
470,"Malta",4,"Median","72",2093,18,10,28
470,"Malta",4,"Median","73",2093,20,11,31
470,"Malta",4,"Median","74",2093,23,13,36
470,"Malta",4,"Median","75",2093,27,16,43
470,"Malta",4,"Median","76",2093,32,18,50
470,"Malta",4,"Median","77",2093,36,21,57
470,"Malta",4,"Median","78",2093,40,23,63
470,"Malta",4,"Median","79",2093,45,25,70
470,"Malta",4,"Median","80",2093,50,29,79
470,"Malta",4,"Median","81",2093,57,34,91
470,"Malta",4,"Median","82",2093,62,39,101
470,"Malta",4,"Median","83",2093,68,43,111
470,"Malta",4,"Median","84",2093,77,48,125
470,"Malta",4,"Median","85",2093,84,52,136
470,"Malta",4,"Median","86",2093,90,56,146
470,"Malta",4,"Median","87",2093,97,62,159
470,"Malta",4,"Median","88",2093,103,68,172
470,"Malta",4,"Median","89",2093,110,75,185
470,"Malta",4,"Median","90",2093,117,79,196
470,"Malta",4,"Median","91",2093,124,84,208
470,"Malta",4,"Median","92",2093,134,97,231
470,"Malta",4,"Median","93",2093,144,109,253
470,"Malta",4,"Median","94",2093,155,118,273
470,"Malta",4,"Median","95",2093,169,129,298
470,"Malta",4,"Median","96",2093,182,143,325
470,"Malta",4,"Median","97",2093,187,156,343
470,"Malta",4,"Median","98",2093,181,165,346
470,"Malta",4,"Median","99",2093,171,172,344
470,"Malta",4,"Median","100",2093,45,54,99
470,"Malta",4,"Median","101",2093,48,59,107
470,"Malta",4,"Median","102",2093,50,65,115
470,"Malta",4,"Median","103",2093,53,71,124
470,"Malta",4,"Median","104",2093,55,78,133
470,"Malta",4,"Median","105",2093,58,85,143
470,"Malta",4,"Median","106",2093,61,93,154
470,"Malta",4,"Median","107",2093,65,102,167
470,"Malta",4,"Median","108",2093,68,112,180
470,"Malta",4,"Median","109",2093,72,122,194
470,"Malta",4,"Median","110",2093,76,134,210
470,"Malta",4,"Median","0",2094,2,2,4
470,"Malta",4,"Median","1",2094,0,0,0
470,"Malta",4,"Median","2",2094,0,0,0
470,"Malta",4,"Median","3",2094,0,0,0
470,"Malta",4,"Median","4",2094,0,0,0
470,"Malta",4,"Median","5",2094,0,0,0
470,"Malta",4,"Median","6",2094,0,0,0
470,"Malta",4,"Median","7",2094,0,0,0
470,"Malta",4,"Median","8",2094,0,0,0
470,"Malta",4,"Median","9",2094,0,0,0
470,"Malta",4,"Median","10",2094,0,0,0
470,"Malta",4,"Median","11",2094,0,0,0
470,"Malta",4,"Median","12",2094,0,0,0
470,"Malta",4,"Median","13",2094,0,0,0
470,"Malta",4,"Median","14",2094,0,0,0
470,"Malta",4,"Median","15",2094,0,0,0
470,"Malta",4,"Median","16",2094,0,0,0
470,"Malta",4,"Median","17",2094,0,0,0
470,"Malta",4,"Median","18",2094,0,0,0
470,"Malta",4,"Median","19",2094,0,0,0
470,"Malta",4,"Median","20",2094,0,0,0
470,"Malta",4,"Median","21",2094,0,0,0
470,"Malta",4,"Median","22",2094,0,0,0
470,"Malta",4,"Median","23",2094,0,0,0
470,"Malta",4,"Median","24",2094,0,0,0
470,"Malta",4,"Median","25",2094,0,0,0
470,"Malta",4,"Median","26",2094,0,0,0
470,"Malta",4,"Median","27",2094,0,0,1
470,"Malta",4,"Median","28",2094,0,0,1
470,"Malta",4,"Median","29",2094,0,0,1
470,"Malta",4,"Median","30",2094,0,0,1
470,"Malta",4,"Median","31",2094,0,0,1
470,"Malta",4,"Median","32",2094,0,0,1
470,"Malta",4,"Median","33",2094,0,0,1
470,"Malta",4,"Median","34",2094,1,0,1
470,"Malta",4,"Median","35",2094,1,0,1
470,"Malta",4,"Median","36",2094,1,0,1
470,"Malta",4,"Median","37",2094,1,0,1
470,"Malta",4,"Median","38",2094,1,0,1
470,"Malta",4,"Median","39",2094,1,0,1
470,"Malta",4,"Median","40",2094,1,0,1
470,"Malta",4,"Median","41",2094,1,0,1
470,"Malta",4,"Median","42",2094,1,1,1
470,"Malta",4,"Median","43",2094,1,1,1
470,"Malta",4,"Median","44",2094,1,0,2
470,"Malta",4,"Median","45",2094,1,0,2
470,"Malta",4,"Median","46",2094,1,1,2
470,"Malta",4,"Median","47",2094,1,1,2
470,"Malta",4,"Median","48",2094,1,1,2
470,"Malta",4,"Median","49",2094,2,1,2
470,"Malta",4,"Median","50",2094,2,1,3
470,"Malta",4,"Median","51",2094,2,1,3
470,"Malta",4,"Median","52",2094,2,1,3
470,"Malta",4,"Median","53",2094,2,1,3
470,"Malta",4,"Median","54",2094,2,1,4
470,"Malta",4,"Median","55",2094,3,1,4
470,"Malta",4,"Median","56",2094,3,1,4
470,"Malta",4,"Median","57",2094,3,1,5
470,"Malta",4,"Median","58",2094,3,2,5
470,"Malta",4,"Median","59",2094,4,2,6
470,"Malta",4,"Median","60",2094,4,2,6
470,"Malta",4,"Median","61",2094,4,2,7
470,"Malta",4,"Median","62",2094,5,3,8
470,"Malta",4,"Median","63",2094,6,3,9
470,"Malta",4,"Median","64",2094,7,3,10
470,"Malta",4,"Median","65",2094,8,4,12
470,"Malta",4,"Median","66",2094,9,4,13
470,"Malta",4,"Median","67",2094,10,4,14
470,"Malta",4,"Median","68",2094,11,5,16
470,"Malta",4,"Median","69",2094,13,6,19
470,"Malta",4,"Median","70",2094,14,7,21
470,"Malta",4,"Median","71",2094,16,8,24
470,"Malta",4,"Median","72",2094,18,9,27
470,"Malta",4,"Median","73",2094,20,11,30
470,"Malta",4,"Median","74",2094,22,12,34
470,"Malta",4,"Median","75",2094,27,15,41
470,"Malta",4,"Median","76",2094,31,18,48
470,"Malta",4,"Median","77",2094,35,20,55
470,"Malta",4,"Median","78",2094,40,23,63
470,"Malta",4,"Median","79",2094,45,26,70
470,"Malta",4,"Median","80",2094,50,28,78
470,"Malta",4,"Median","81",2094,56,33,88
470,"Malta",4,"Median","82",2094,63,38,101
470,"Malta",4,"Median","83",2094,68,43,111
470,"Malta",4,"Median","84",2094,74,48,122
470,"Malta",4,"Median","85",2094,84,53,137
470,"Malta",4,"Median","86",2094,91,57,148
470,"Malta",4,"Median","87",2094,97,61,159
470,"Malta",4,"Median","88",2094,104,68,172
470,"Malta",4,"Median","89",2094,110,74,184
470,"Malta",4,"Median","90",2094,116,80,196
470,"Malta",4,"Median","91",2094,122,84,207
470,"Malta",4,"Median","92",2094,128,89,217
470,"Malta",4,"Median","93",2094,137,102,239
470,"Malta",4,"Median","94",2094,145,113,258
470,"Malta",4,"Median","95",2094,153,122,275
470,"Malta",4,"Median","96",2094,166,133,299
470,"Malta",4,"Median","97",2094,175,145,320
470,"Malta",4,"Median","98",2094,175,156,331
470,"Malta",4,"Median","99",2094,166,161,327
470,"Malta",4,"Median","100",2094,46,56,102
470,"Malta",4,"Median","101",2094,49,61,110
470,"Malta",4,"Median","102",2094,51,67,118
470,"Malta",4,"Median","103",2094,54,72,126
470,"Malta",4,"Median","104",2094,56,79,135
470,"Malta",4,"Median","105",2094,59,86,145
470,"Malta",4,"Median","106",2094,62,93,155
470,"Malta",4,"Median","107",2094,65,102,167
470,"Malta",4,"Median","108",2094,68,111,179
470,"Malta",4,"Median","109",2094,72,120,192
470,"Malta",4,"Median","110",2094,75,131,206
470,"Malta",4,"Median","0",2095,2,2,4
470,"Malta",4,"Median","1",2095,0,0,0
470,"Malta",4,"Median","2",2095,0,0,0
470,"Malta",4,"Median","3",2095,0,0,0
470,"Malta",4,"Median","4",2095,0,0,0
470,"Malta",4,"Median","5",2095,0,0,0
470,"Malta",4,"Median","6",2095,0,0,0
470,"Malta",4,"Median","7",2095,0,0,0
470,"Malta",4,"Median","8",2095,0,0,0
470,"Malta",4,"Median","9",2095,0,0,0
470,"Malta",4,"Median","10",2095,0,0,0
470,"Malta",4,"Median","11",2095,0,0,0
470,"Malta",4,"Median","12",2095,0,0,0
470,"Malta",4,"Median","13",2095,0,0,0
470,"Malta",4,"Median","14",2095,0,0,0
470,"Malta",4,"Median","15",2095,0,0,0
470,"Malta",4,"Median","16",2095,0,0,0
470,"Malta",4,"Median","17",2095,0,0,0
470,"Malta",4,"Median","18",2095,0,0,0
470,"Malta",4,"Median","19",2095,0,0,0
470,"Malta",4,"Median","20",2095,0,0,0
470,"Malta",4,"Median","21",2095,0,0,0
470,"Malta",4,"Median","22",2095,0,0,0
470,"Malta",4,"Median","23",2095,0,0,0
470,"Malta",4,"Median","24",2095,0,0,0
470,"Malta",4,"Median","25",2095,0,0,0
470,"Malta",4,"Median","26",2095,0,0,0
470,"Malta",4,"Median","27",2095,0,0,1
470,"Malta",4,"Median","28",2095,0,0,1
470,"Malta",4,"Median","29",2095,0,0,1
470,"Malta",4,"Median","30",2095,0,0,1
470,"Malta",4,"Median","31",2095,0,0,1
470,"Malta",4,"Median","32",2095,0,0,1
470,"Malta",4,"Median","33",2095,0,0,1
470,"Malta",4,"Median","34",2095,1,0,1
470,"Malta",4,"Median","35",2095,1,0,1
470,"Malta",4,"Median","36",2095,1,0,1
470,"Malta",4,"Median","37",2095,1,0,1
470,"Malta",4,"Median","38",2095,1,0,1
470,"Malta",4,"Median","39",2095,1,0,1
470,"Malta",4,"Median","40",2095,1,0,1
470,"Malta",4,"Median","41",2095,1,0,1
470,"Malta",4,"Median","42",2095,1,1,1
470,"Malta",4,"Median","43",2095,1,1,1
470,"Malta",4,"Median","44",2095,1,0,1
470,"Malta",4,"Median","45",2095,1,0,2
470,"Malta",4,"Median","46",2095,1,1,2
470,"Malta",4,"Median","47",2095,1,1,2
470,"Malta",4,"Median","48",2095,1,1,2
470,"Malta",4,"Median","49",2095,2,1,2
470,"Malta",4,"Median","50",2095,2,1,3
470,"Malta",4,"Median","51",2095,2,1,3
470,"Malta",4,"Median","52",2095,2,1,3
470,"Malta",4,"Median","53",2095,2,1,3
470,"Malta",4,"Median","54",2095,2,1,4
470,"Malta",4,"Median","55",2095,3,1,4
470,"Malta",4,"Median","56",2095,3,1,4
470,"Malta",4,"Median","57",2095,3,1,4
470,"Malta",4,"Median","58",2095,3,2,5
470,"Malta",4,"Median","59",2095,4,2,5
470,"Malta",4,"Median","60",2095,4,2,6
470,"Malta",4,"Median","61",2095,4,2,6
470,"Malta",4,"Median","62",2095,5,3,8
470,"Malta",4,"Median","63",2095,6,3,9
470,"Malta",4,"Median","64",2095,7,3,10
470,"Malta",4,"Median","65",2095,7,4,11
470,"Malta",4,"Median","66",2095,8,4,12
470,"Malta",4,"Median","67",2095,9,4,14
470,"Malta",4,"Median","68",2095,11,5,16
470,"Malta",4,"Median","69",2095,12,6,18
470,"Malta",4,"Median","70",2095,14,7,20
470,"Malta",4,"Median","71",2095,15,8,23
470,"Malta",4,"Median","72",2095,17,9,26
470,"Malta",4,"Median","73",2095,19,10,29
470,"Malta",4,"Median","74",2095,22,12,34
470,"Malta",4,"Median","75",2095,26,14,40
470,"Malta",4,"Median","76",2095,30,17,46
470,"Malta",4,"Median","77",2095,34,20,54
470,"Malta",4,"Median","78",2095,39,23,62
470,"Malta",4,"Median","79",2095,45,26,71
470,"Malta",4,"Median","80",2095,50,29,78
470,"Malta",4,"Median","81",2095,55,32,87
470,"Malta",4,"Median","82",2095,62,37,98
470,"Malta",4,"Median","83",2095,69,43,112
470,"Malta",4,"Median","84",2095,75,48,122
470,"Malta",4,"Median","85",2095,81,52,134
470,"Malta",4,"Median","86",2095,91,58,149
470,"Malta",4,"Median","87",2095,99,62,161
470,"Malta",4,"Median","88",2095,105,67,172
470,"Malta",4,"Median","89",2095,111,73,185
470,"Malta",4,"Median","90",2095,116,80,196
470,"Malta",4,"Median","91",2095,121,86,208
470,"Malta",4,"Median","92",2095,126,90,216
470,"Malta",4,"Median","93",2095,131,94,225
470,"Malta",4,"Median","94",2095,138,107,244
470,"Malta",4,"Median","95",2095,143,117,260
470,"Malta",4,"Median","96",2095,151,125,276
470,"Malta",4,"Median","97",2095,160,135,295
470,"Malta",4,"Median","98",2095,164,145,309
470,"Malta",4,"Median","99",2095,160,152,313
470,"Malta",4,"Median","100",2095,48,59,107
470,"Malta",4,"Median","101",2095,50,64,114
470,"Malta",4,"Median","102",2095,52,68,120
470,"Malta",4,"Median","103",2095,55,74,129
470,"Malta",4,"Median","104",2095,57,80,137
470,"Malta",4,"Median","105",2095,59,86,145
470,"Malta",4,"Median","106",2095,62,93,155
470,"Malta",4,"Median","107",2095,64,100,164
470,"Malta",4,"Median","108",2095,67,108,175
470,"Malta",4,"Median","109",2095,70,116,186
470,"Malta",4,"Median","110",2095,72,125,197
470,"Malta",4,"Median","0",2096,2,2,4
470,"Malta",4,"Median","1",2096,0,0,0
470,"Malta",4,"Median","2",2096,0,0,0
470,"Malta",4,"Median","3",2096,0,0,0
470,"Malta",4,"Median","4",2096,0,0,0
470,"Malta",4,"Median","5",2096,0,0,0
470,"Malta",4,"Median","6",2096,0,0,0
470,"Malta",4,"Median","7",2096,0,0,0
470,"Malta",4,"Median","8",2096,0,0,0
470,"Malta",4,"Median","9",2096,0,0,0
470,"Malta",4,"Median","10",2096,0,0,0
470,"Malta",4,"Median","11",2096,0,0,0
470,"Malta",4,"Median","12",2096,0,0,0
470,"Malta",4,"Median","13",2096,0,0,0
470,"Malta",4,"Median","14",2096,0,0,0
470,"Malta",4,"Median","15",2096,0,0,0
470,"Malta",4,"Median","16",2096,0,0,0
470,"Malta",4,"Median","17",2096,0,0,0
470,"Malta",4,"Median","18",2096,0,0,0
470,"Malta",4,"Median","19",2096,0,0,0
470,"Malta",4,"Median","20",2096,0,0,0
470,"Malta",4,"Median","21",2096,0,0,0
470,"Malta",4,"Median","22",2096,0,0,0
470,"Malta",4,"Median","23",2096,0,0,0
470,"Malta",4,"Median","24",2096,0,0,0
470,"Malta",4,"Median","25",2096,0,0,0
470,"Malta",4,"Median","26",2096,0,0,0
470,"Malta",4,"Median","27",2096,0,0,1
470,"Malta",4,"Median","28",2096,0,0,0
470,"Malta",4,"Median","29",2096,0,0,0
470,"Malta",4,"Median","30",2096,0,0,1
470,"Malta",4,"Median","31",2096,0,0,1
470,"Malta",4,"Median","32",2096,0,0,1
470,"Malta",4,"Median","33",2096,0,0,1
470,"Malta",4,"Median","34",2096,1,0,1
470,"Malta",4,"Median","35",2096,1,0,1
470,"Malta",4,"Median","36",2096,0,0,1
470,"Malta",4,"Median","37",2096,1,0,1
470,"Malta",4,"Median","38",2096,1,0,1
470,"Malta",4,"Median","39",2096,1,0,1
470,"Malta",4,"Median","40",2096,1,0,1
470,"Malta",4,"Median","41",2096,1,0,1
470,"Malta",4,"Median","42",2096,1,0,1
470,"Malta",4,"Median","43",2096,1,1,1
470,"Malta",4,"Median","44",2096,1,0,1
470,"Malta",4,"Median","45",2096,1,0,2
470,"Malta",4,"Median","46",2096,1,1,2
470,"Malta",4,"Median","47",2096,1,1,2
470,"Malta",4,"Median","48",2096,1,1,2
470,"Malta",4,"Median","49",2096,2,1,2
470,"Malta",4,"Median","50",2096,2,1,3
470,"Malta",4,"Median","51",2096,2,1,3
470,"Malta",4,"Median","52",2096,2,1,3
470,"Malta",4,"Median","53",2096,2,1,3
470,"Malta",4,"Median","54",2096,2,1,4
470,"Malta",4,"Median","55",2096,3,1,4
470,"Malta",4,"Median","56",2096,3,1,4
470,"Malta",4,"Median","57",2096,3,1,4
470,"Malta",4,"Median","58",2096,3,2,5
470,"Malta",4,"Median","59",2096,4,2,5
470,"Malta",4,"Median","60",2096,4,2,6
470,"Malta",4,"Median","61",2096,4,2,6
470,"Malta",4,"Median","62",2096,5,2,7
470,"Malta",4,"Median","63",2096,6,3,8
470,"Malta",4,"Median","64",2096,6,3,9
470,"Malta",4,"Median","65",2096,7,3,11
470,"Malta",4,"Median","66",2096,8,4,12
470,"Malta",4,"Median","67",2096,9,4,13
470,"Malta",4,"Median","68",2096,10,5,15
470,"Malta",4,"Median","69",2096,12,6,18
470,"Malta",4,"Median","70",2096,13,7,20
470,"Malta",4,"Median","71",2096,15,8,22
470,"Malta",4,"Median","72",2096,17,9,25
470,"Malta",4,"Median","73",2096,18,10,28
470,"Malta",4,"Median","74",2096,21,11,33
470,"Malta",4,"Median","75",2096,25,14,39
470,"Malta",4,"Median","76",2096,29,16,45
470,"Malta",4,"Median","77",2096,33,19,52
470,"Malta",4,"Median","78",2096,38,22,60
470,"Malta",4,"Median","79",2096,44,25,69
470,"Malta",4,"Median","80",2096,50,29,79
470,"Malta",4,"Median","81",2096,55,32,87
470,"Malta",4,"Median","82",2096,61,36,97
470,"Malta",4,"Median","83",2096,68,41,109
470,"Malta",4,"Median","84",2096,76,47,123
470,"Malta",4,"Median","85",2096,81,52,134
470,"Malta",4,"Median","86",2096,88,57,146
470,"Malta",4,"Median","87",2096,99,64,162
470,"Malta",4,"Median","88",2096,106,68,174
470,"Malta",4,"Median","89",2096,112,72,184
470,"Malta",4,"Median","90",2096,118,79,197
470,"Malta",4,"Median","91",2096,122,86,208
470,"Malta",4,"Median","92",2096,126,92,218
470,"Malta",4,"Median","93",2096,129,95,224
470,"Malta",4,"Median","94",2096,132,98,230
470,"Malta",4,"Median","95",2096,136,110,246
470,"Malta",4,"Median","96",2096,141,121,262
470,"Malta",4,"Median","97",2096,146,127,273
470,"Malta",4,"Median","98",2096,151,135,286
470,"Malta",4,"Median","99",2096,151,142,292
470,"Malta",4,"Median","100",2096,51,61,112
470,"Malta",4,"Median","101",2096,53,65,118
470,"Malta",4,"Median","102",2096,54,70,124
470,"Malta",4,"Median","103",2096,56,74,130
470,"Malta",4,"Median","104",2096,57,80,137
470,"Malta",4,"Median","105",2096,59,85,144
470,"Malta",4,"Median","106",2096,61,91,152
470,"Malta",4,"Median","107",2096,63,97,160
470,"Malta",4,"Median","108",2096,64,104,168
470,"Malta",4,"Median","109",2096,66,111,177
470,"Malta",4,"Median","110",2096,68,118,186
470,"Malta",4,"Median","0",2097,2,2,4
470,"Malta",4,"Median","1",2097,0,0,0
470,"Malta",4,"Median","2",2097,0,0,0
470,"Malta",4,"Median","3",2097,0,0,0
470,"Malta",4,"Median","4",2097,0,0,0
470,"Malta",4,"Median","5",2097,0,0,0
470,"Malta",4,"Median","6",2097,0,0,0
470,"Malta",4,"Median","7",2097,0,0,0
470,"Malta",4,"Median","8",2097,0,0,0
470,"Malta",4,"Median","9",2097,0,0,0
470,"Malta",4,"Median","10",2097,0,0,0
470,"Malta",4,"Median","11",2097,0,0,0
470,"Malta",4,"Median","12",2097,0,0,0
470,"Malta",4,"Median","13",2097,0,0,0
470,"Malta",4,"Median","14",2097,0,0,0
470,"Malta",4,"Median","15",2097,0,0,0
470,"Malta",4,"Median","16",2097,0,0,0
470,"Malta",4,"Median","17",2097,0,0,0
470,"Malta",4,"Median","18",2097,0,0,0
470,"Malta",4,"Median","19",2097,0,0,0
470,"Malta",4,"Median","20",2097,0,0,0
470,"Malta",4,"Median","21",2097,0,0,0
470,"Malta",4,"Median","22",2097,0,0,0
470,"Malta",4,"Median","23",2097,0,0,0
470,"Malta",4,"Median","24",2097,0,0,0
470,"Malta",4,"Median","25",2097,0,0,0
470,"Malta",4,"Median","26",2097,0,0,0
470,"Malta",4,"Median","27",2097,0,0,1
470,"Malta",4,"Median","28",2097,0,0,0
470,"Malta",4,"Median","29",2097,0,0,0
470,"Malta",4,"Median","30",2097,0,0,1
470,"Malta",4,"Median","31",2097,0,0,1
470,"Malta",4,"Median","32",2097,0,0,1
470,"Malta",4,"Median","33",2097,0,0,1
470,"Malta",4,"Median","34",2097,1,0,1
470,"Malta",4,"Median","35",2097,1,0,1
470,"Malta",4,"Median","36",2097,0,0,1
470,"Malta",4,"Median","37",2097,1,0,1
470,"Malta",4,"Median","38",2097,1,0,1
470,"Malta",4,"Median","39",2097,1,0,1
470,"Malta",4,"Median","40",2097,1,0,1
470,"Malta",4,"Median","41",2097,1,0,1
470,"Malta",4,"Median","42",2097,1,0,1
470,"Malta",4,"Median","43",2097,1,0,1
470,"Malta",4,"Median","44",2097,1,0,1
470,"Malta",4,"Median","45",2097,1,0,2
470,"Malta",4,"Median","46",2097,1,1,2
470,"Malta",4,"Median","47",2097,1,1,2
470,"Malta",4,"Median","48",2097,1,1,2
470,"Malta",4,"Median","49",2097,1,1,2
470,"Malta",4,"Median","50",2097,2,1,3
470,"Malta",4,"Median","51",2097,2,1,3
470,"Malta",4,"Median","52",2097,2,1,3
470,"Malta",4,"Median","53",2097,2,1,3
470,"Malta",4,"Median","54",2097,2,1,3
470,"Malta",4,"Median","55",2097,3,1,4
470,"Malta",4,"Median","56",2097,3,1,4
470,"Malta",4,"Median","57",2097,3,1,4
470,"Malta",4,"Median","58",2097,3,1,4
470,"Malta",4,"Median","59",2097,4,2,5
470,"Malta",4,"Median","60",2097,4,2,5
470,"Malta",4,"Median","61",2097,4,2,6
470,"Malta",4,"Median","62",2097,5,2,7
470,"Malta",4,"Median","63",2097,6,3,8
470,"Malta",4,"Median","64",2097,6,3,9
470,"Malta",4,"Median","65",2097,7,3,10
470,"Malta",4,"Median","66",2097,8,4,11
470,"Malta",4,"Median","67",2097,9,4,13
470,"Malta",4,"Median","68",2097,10,5,15
470,"Malta",4,"Median","69",2097,12,6,17
470,"Malta",4,"Median","70",2097,13,7,19
470,"Malta",4,"Median","71",2097,15,7,22
470,"Malta",4,"Median","72",2097,16,8,25
470,"Malta",4,"Median","73",2097,18,9,27
470,"Malta",4,"Median","74",2097,20,11,32
470,"Malta",4,"Median","75",2097,24,13,37
470,"Malta",4,"Median","76",2097,28,16,44
470,"Malta",4,"Median","77",2097,32,18,50
470,"Malta",4,"Median","78",2097,37,21,58
470,"Malta",4,"Median","79",2097,43,25,67
470,"Malta",4,"Median","80",2097,49,28,77
470,"Malta",4,"Median","81",2097,55,33,88
470,"Malta",4,"Median","82",2097,61,36,97
470,"Malta",4,"Median","83",2097,67,40,107
470,"Malta",4,"Median","84",2097,74,45,120
470,"Malta",4,"Median","85",2097,83,52,135
470,"Malta",4,"Median","86",2097,89,57,146
470,"Malta",4,"Median","87",2097,96,63,159
470,"Malta",4,"Median","88",2097,106,70,176
470,"Malta",4,"Median","89",2097,113,74,187
470,"Malta",4,"Median","90",2097,118,78,197
470,"Malta",4,"Median","91",2097,123,85,209
470,"Malta",4,"Median","92",2097,126,92,218
470,"Malta",4,"Median","93",2097,129,97,226
470,"Malta",4,"Median","94",2097,130,99,230
470,"Malta",4,"Median","95",2097,131,101,232
470,"Malta",4,"Median","96",2097,135,114,249
470,"Malta",4,"Median","97",2097,137,123,260
470,"Malta",4,"Median","98",2097,137,127,265
470,"Malta",4,"Median","99",2097,139,133,271
470,"Malta",4,"Median","100",2097,53,62,115
470,"Malta",4,"Median","101",2097,54,66,120
470,"Malta",4,"Median","102",2097,55,70,125
470,"Malta",4,"Median","103",2097,56,74,130
470,"Malta",4,"Median","104",2097,57,79,136
470,"Malta",4,"Median","105",2097,58,83,141
470,"Malta",4,"Median","106",2097,59,88,147
470,"Malta",4,"Median","107",2097,60,94,154
470,"Malta",4,"Median","108",2097,61,99,160
470,"Malta",4,"Median","109",2097,62,105,167
470,"Malta",4,"Median","110",2097,63,111,174
470,"Malta",4,"Median","0",2098,2,2,4
470,"Malta",4,"Median","1",2098,0,0,0
470,"Malta",4,"Median","2",2098,0,0,0
470,"Malta",4,"Median","3",2098,0,0,0
470,"Malta",4,"Median","4",2098,0,0,0
470,"Malta",4,"Median","5",2098,0,0,0
470,"Malta",4,"Median","6",2098,0,0,0
470,"Malta",4,"Median","7",2098,0,0,0
470,"Malta",4,"Median","8",2098,0,0,0
470,"Malta",4,"Median","9",2098,0,0,0
470,"Malta",4,"Median","10",2098,0,0,0
470,"Malta",4,"Median","11",2098,0,0,0
470,"Malta",4,"Median","12",2098,0,0,0
470,"Malta",4,"Median","13",2098,0,0,0
470,"Malta",4,"Median","14",2098,0,0,0
470,"Malta",4,"Median","15",2098,0,0,0
470,"Malta",4,"Median","16",2098,0,0,0
470,"Malta",4,"Median","17",2098,0,0,0
470,"Malta",4,"Median","18",2098,0,0,0
470,"Malta",4,"Median","19",2098,0,0,0
470,"Malta",4,"Median","20",2098,0,0,0
470,"Malta",4,"Median","21",2098,0,0,0
470,"Malta",4,"Median","22",2098,0,0,0
470,"Malta",4,"Median","23",2098,0,0,0
470,"Malta",4,"Median","24",2098,0,0,0
470,"Malta",4,"Median","25",2098,0,0,0
470,"Malta",4,"Median","26",2098,0,0,0
470,"Malta",4,"Median","27",2098,0,0,0
470,"Malta",4,"Median","28",2098,0,0,0
470,"Malta",4,"Median","29",2098,0,0,0
470,"Malta",4,"Median","30",2098,0,0,1
470,"Malta",4,"Median","31",2098,0,0,1
470,"Malta",4,"Median","32",2098,0,0,1
470,"Malta",4,"Median","33",2098,0,0,1
470,"Malta",4,"Median","34",2098,0,0,1
470,"Malta",4,"Median","35",2098,0,0,1
470,"Malta",4,"Median","36",2098,0,0,1
470,"Malta",4,"Median","37",2098,0,0,1
470,"Malta",4,"Median","38",2098,1,0,1
470,"Malta",4,"Median","39",2098,1,0,1
470,"Malta",4,"Median","40",2098,1,0,1
470,"Malta",4,"Median","41",2098,1,0,1
470,"Malta",4,"Median","42",2098,1,0,1
470,"Malta",4,"Median","43",2098,1,0,1
470,"Malta",4,"Median","44",2098,1,0,1
470,"Malta",4,"Median","45",2098,1,0,2
470,"Malta",4,"Median","46",2098,1,1,2
470,"Malta",4,"Median","47",2098,1,1,2
470,"Malta",4,"Median","48",2098,1,1,2
470,"Malta",4,"Median","49",2098,1,1,2
470,"Malta",4,"Median","50",2098,2,1,3
470,"Malta",4,"Median","51",2098,2,1,3
470,"Malta",4,"Median","52",2098,2,1,3
470,"Malta",4,"Median","53",2098,2,1,3
470,"Malta",4,"Median","54",2098,2,1,3
470,"Malta",4,"Median","55",2098,3,1,4
470,"Malta",4,"Median","56",2098,3,1,4
470,"Malta",4,"Median","57",2098,3,1,4
470,"Malta",4,"Median","58",2098,3,1,4
470,"Malta",4,"Median","59",2098,3,2,5
470,"Malta",4,"Median","60",2098,4,2,5
470,"Malta",4,"Median","61",2098,4,2,6
470,"Malta",4,"Median","62",2098,5,2,7
470,"Malta",4,"Median","63",2098,5,2,8
470,"Malta",4,"Median","64",2098,6,3,9
470,"Malta",4,"Median","65",2098,7,3,10
470,"Malta",4,"Median","66",2098,7,4,11
470,"Malta",4,"Median","67",2098,8,4,12
470,"Malta",4,"Median","68",2098,10,4,14
470,"Malta",4,"Median","69",2098,11,5,17
470,"Malta",4,"Median","70",2098,12,6,19
470,"Malta",4,"Median","71",2098,14,7,21
470,"Malta",4,"Median","72",2098,16,8,24
470,"Malta",4,"Median","73",2098,18,9,27
470,"Malta",4,"Median","74",2098,20,11,31
470,"Malta",4,"Median","75",2098,23,13,36
470,"Malta",4,"Median","76",2098,27,15,42
470,"Malta",4,"Median","77",2098,31,17,49
470,"Malta",4,"Median","78",2098,35,20,55
470,"Malta",4,"Median","79",2098,41,24,65
470,"Malta",4,"Median","80",2098,47,28,75
470,"Malta",4,"Median","81",2098,54,32,86
470,"Malta",4,"Median","82",2098,61,37,98
470,"Malta",4,"Median","83",2098,67,40,108
470,"Malta",4,"Median","84",2098,74,44,118
470,"Malta",4,"Median","85",2098,81,50,131
470,"Malta",4,"Median","86",2098,90,57,147
470,"Malta",4,"Median","87",2098,96,63,159
470,"Malta",4,"Median","88",2098,103,69,172
470,"Malta",4,"Median","89",2098,113,76,189
470,"Malta",4,"Median","90",2098,120,80,200
470,"Malta",4,"Median","91",2098,124,84,208
470,"Malta",4,"Median","92",2098,128,91,219
470,"Malta",4,"Median","93",2098,129,97,226
470,"Malta",4,"Median","94",2098,130,102,232
470,"Malta",4,"Median","95",2098,129,103,232
470,"Malta",4,"Median","96",2098,129,105,234
470,"Malta",4,"Median","97",2098,131,116,246
470,"Malta",4,"Median","98",2098,129,123,252
470,"Malta",4,"Median","99",2098,127,125,252
470,"Malta",4,"Median","100",2098,55,63,118
470,"Malta",4,"Median","101",2098,55,67,122
470,"Malta",4,"Median","102",2098,56,70,126
470,"Malta",4,"Median","103",2098,56,73,129
470,"Malta",4,"Median","104",2098,56,77,133
470,"Malta",4,"Median","105",2098,56,81,137
470,"Malta",4,"Median","106",2098,57,85,142
470,"Malta",4,"Median","107",2098,57,90,147
470,"Malta",4,"Median","108",2098,57,94,151
470,"Malta",4,"Median","109",2098,58,99,157
470,"Malta",4,"Median","110",2098,58,104,162
470,"Malta",4,"Median","0",2099,2,2,4
470,"Malta",4,"Median","1",2099,0,0,0
470,"Malta",4,"Median","2",2099,0,0,0
470,"Malta",4,"Median","3",2099,0,0,0
470,"Malta",4,"Median","4",2099,0,0,0
470,"Malta",4,"Median","5",2099,0,0,0
470,"Malta",4,"Median","6",2099,0,0,0
470,"Malta",4,"Median","7",2099,0,0,0
470,"Malta",4,"Median","8",2099,0,0,0
470,"Malta",4,"Median","9",2099,0,0,0
470,"Malta",4,"Median","10",2099,0,0,0
470,"Malta",4,"Median","11",2099,0,0,0
470,"Malta",4,"Median","12",2099,0,0,0
470,"Malta",4,"Median","13",2099,0,0,0
470,"Malta",4,"Median","14",2099,0,0,0
470,"Malta",4,"Median","15",2099,0,0,0
470,"Malta",4,"Median","16",2099,0,0,0
470,"Malta",4,"Median","17",2099,0,0,0
470,"Malta",4,"Median","18",2099,0,0,0
470,"Malta",4,"Median","19",2099,0,0,0
470,"Malta",4,"Median","20",2099,0,0,0
470,"Malta",4,"Median","21",2099,0,0,0
470,"Malta",4,"Median","22",2099,0,0,0
470,"Malta",4,"Median","23",2099,0,0,0
470,"Malta",4,"Median","24",2099,0,0,0
470,"Malta",4,"Median","25",2099,0,0,0
470,"Malta",4,"Median","26",2099,0,0,0
470,"Malta",4,"Median","27",2099,0,0,0
470,"Malta",4,"Median","28",2099,0,0,0
470,"Malta",4,"Median","29",2099,0,0,0
470,"Malta",4,"Median","30",2099,0,0,1
470,"Malta",4,"Median","31",2099,0,0,1
470,"Malta",4,"Median","32",2099,0,0,1
470,"Malta",4,"Median","33",2099,0,0,1
470,"Malta",4,"Median","34",2099,0,0,1
470,"Malta",4,"Median","35",2099,0,0,1
470,"Malta",4,"Median","36",2099,0,0,1
470,"Malta",4,"Median","37",2099,0,0,1
470,"Malta",4,"Median","38",2099,1,0,1
470,"Malta",4,"Median","39",2099,1,0,1
470,"Malta",4,"Median","40",2099,1,0,1
470,"Malta",4,"Median","41",2099,1,0,1
470,"Malta",4,"Median","42",2099,1,0,1
470,"Malta",4,"Median","43",2099,1,0,1
470,"Malta",4,"Median","44",2099,1,0,1
470,"Malta",4,"Median","45",2099,1,0,2
470,"Malta",4,"Median","46",2099,1,1,2
470,"Malta",4,"Median","47",2099,1,1,2
470,"Malta",4,"Median","48",2099,1,1,2
470,"Malta",4,"Median","49",2099,1,1,2
470,"Malta",4,"Median","50",2099,2,1,3
470,"Malta",4,"Median","51",2099,2,1,2
470,"Malta",4,"Median","52",2099,2,1,3
470,"Malta",4,"Median","53",2099,2,1,3
470,"Malta",4,"Median","54",2099,2,1,3
470,"Malta",4,"Median","55",2099,3,1,4
470,"Malta",4,"Median","56",2099,3,1,4
470,"Malta",4,"Median","57",2099,3,1,4
470,"Malta",4,"Median","58",2099,3,1,4
470,"Malta",4,"Median","59",2099,3,1,5
470,"Malta",4,"Median","60",2099,4,2,5
470,"Malta",4,"Median","61",2099,4,2,6
470,"Malta",4,"Median","62",2099,4,2,7
470,"Malta",4,"Median","63",2099,5,2,7
470,"Malta",4,"Median","64",2099,6,3,8
470,"Malta",4,"Median","65",2099,6,3,9
470,"Malta",4,"Median","66",2099,7,3,11
470,"Malta",4,"Median","67",2099,8,4,12
470,"Malta",4,"Median","68",2099,9,4,14
470,"Malta",4,"Median","69",2099,11,5,16
470,"Malta",4,"Median","70",2099,12,6,18
470,"Malta",4,"Median","71",2099,14,7,21
470,"Malta",4,"Median","72",2099,15,8,23
470,"Malta",4,"Median","73",2099,17,9,26
470,"Malta",4,"Median","74",2099,20,10,30
470,"Malta",4,"Median","75",2099,23,12,35
470,"Malta",4,"Median","76",2099,26,14,41
470,"Malta",4,"Median","77",2099,30,17,47
470,"Malta",4,"Median","78",2099,35,20,54
470,"Malta",4,"Median","79",2099,40,23,62
470,"Malta",4,"Median","80",2099,46,26,72
470,"Malta",4,"Median","81",2099,52,31,84
470,"Malta",4,"Median","82",2099,60,36,96
470,"Malta",4,"Median","83",2099,67,41,108
470,"Malta",4,"Median","84",2099,74,45,118
470,"Malta",4,"Median","85",2099,81,49,129
470,"Malta",4,"Median","86",2099,88,55,143
470,"Malta",4,"Median","87",2099,97,63,160
470,"Malta",4,"Median","88",2099,103,69,172
470,"Malta",4,"Median","89",2099,110,74,185
470,"Malta",4,"Median","90",2099,120,82,202
470,"Malta",4,"Median","91",2099,126,86,212
470,"Malta",4,"Median","92",2099,129,90,219
470,"Malta",4,"Median","93",2099,131,96,227
470,"Malta",4,"Median","94",2099,131,102,232
470,"Malta",4,"Median","95",2099,129,106,235
470,"Malta",4,"Median","96",2099,128,107,235
470,"Malta",4,"Median","97",2099,125,107,232
470,"Malta",4,"Median","98",2099,124,116,240
470,"Malta",4,"Median","99",2099,119,121,240
470,"Malta",4,"Median","100",2099,55,64,119
470,"Malta",4,"Median","101",2099,55,67,122
470,"Malta",4,"Median","102",2099,55,69,124
470,"Malta",4,"Median","103",2099,54,72,126
470,"Malta",4,"Median","104",2099,54,75,129
470,"Malta",4,"Median","105",2099,54,79,133
470,"Malta",4,"Median","106",2099,54,82,136
470,"Malta",4,"Median","107",2099,54,85,139
470,"Malta",4,"Median","108",2099,54,89,143
470,"Malta",4,"Median","109",2099,54,93,147
470,"Malta",4,"Median","110",2099,53,97,150
470,"Malta",4,"Median","0",2100,2,2,4
470,"Malta",4,"Median","1",2100,0,0,0
470,"Malta",4,"Median","2",2100,0,0,0
470,"Malta",4,"Median","3",2100,0,0,0
470,"Malta",4,"Median","4",2100,0,0,0
470,"Malta",4,"Median","5",2100,0,0,0
470,"Malta",4,"Median","6",2100,0,0,0
470,"Malta",4,"Median","7",2100,0,0,0
470,"Malta",4,"Median","8",2100,0,0,0
470,"Malta",4,"Median","9",2100,0,0,0
470,"Malta",4,"Median","10",2100,0,0,0
470,"Malta",4,"Median","11",2100,0,0,0
470,"Malta",4,"Median","12",2100,0,0,0
470,"Malta",4,"Median","13",2100,0,0,0
470,"Malta",4,"Median","14",2100,0,0,0
470,"Malta",4,"Median","15",2100,0,0,0
470,"Malta",4,"Median","16",2100,0,0,0
470,"Malta",4,"Median","17",2100,0,0,0
470,"Malta",4,"Median","18",2100,0,0,0
470,"Malta",4,"Median","19",2100,0,0,0
470,"Malta",4,"Median","20",2100,0,0,0
470,"Malta",4,"Median","21",2100,0,0,0
470,"Malta",4,"Median","22",2100,0,0,0
470,"Malta",4,"Median","23",2100,0,0,0
470,"Malta",4,"Median","24",2100,0,0,0
470,"Malta",4,"Median","25",2100,0,0,0
470,"Malta",4,"Median","26",2100,0,0,0
470,"Malta",4,"Median","27",2100,0,0,0
470,"Malta",4,"Median","28",2100,0,0,0
470,"Malta",4,"Median","29",2100,0,0,0
470,"Malta",4,"Median","30",2100,0,0,1
470,"Malta",4,"Median","31",2100,0,0,1
470,"Malta",4,"Median","32",2100,0,0,1
470,"Malta",4,"Median","33",2100,0,0,1
470,"Malta",4,"Median","34",2100,0,0,1
470,"Malta",4,"Median","35",2100,0,0,1
470,"Malta",4,"Median","36",2100,0,0,1
470,"Malta",4,"Median","37",2100,0,0,1
470,"Malta",4,"Median","38",2100,1,0,1
470,"Malta",4,"Median","39",2100,1,0,1
470,"Malta",4,"Median","40",2100,1,0,1
470,"Malta",4,"Median","41",2100,1,0,1
470,"Malta",4,"Median","42",2100,1,0,1
470,"Malta",4,"Median","43",2100,1,0,1
470,"Malta",4,"Median","44",2100,1,0,1
470,"Malta",4,"Median","45",2100,1,0,1
470,"Malta",4,"Median","46",2100,1,1,2
470,"Malta",4,"Median","47",2100,1,1,2
470,"Malta",4,"Median","48",2100,1,1,2
470,"Malta",4,"Median","49",2100,1,1,2
470,"Malta",4,"Median","50",2100,2,1,2
470,"Malta",4,"Median","51",2100,2,1,2
470,"Malta",4,"Median","52",2100,2,1,3
470,"Malta",4,"Median","53",2100,2,1,3
470,"Malta",4,"Median","54",2100,2,1,3
470,"Malta",4,"Median","55",2100,3,1,4
470,"Malta",4,"Median","56",2100,3,1,4
470,"Malta",4,"Median","57",2100,3,1,4
470,"Malta",4,"Median","58",2100,3,1,4
470,"Malta",4,"Median","59",2100,3,1,5
470,"Malta",4,"Median","60",2100,3,2,5
470,"Malta",4,"Median","61",2100,4,2,5
470,"Malta",4,"Median","62",2100,4,2,6
470,"Malta",4,"Median","63",2100,5,2,7
470,"Malta",4,"Median","64",2100,6,3,8
470,"Malta",4,"Median","65",2100,6,3,9
470,"Malta",4,"Median","66",2100,7,3,10
470,"Malta",4,"Median","67",2100,8,3,11
470,"Malta",4,"Median","68",2100,9,4,13
470,"Malta",4,"Median","69",2100,10,5,15
470,"Malta",4,"Median","70",2100,12,6,17
470,"Malta",4,"Median","71",2100,13,7,20
470,"Malta",4,"Median","72",2100,15,8,23
470,"Malta",4,"Median","73",2100,17,9,26
470,"Malta",4,"Median","74",2100,19,10,29
470,"Malta",4,"Median","75",2100,22,12,34
470,"Malta",4,"Median","76",2100,26,14,40
470,"Malta",4,"Median","77",2100,29,16,45
470,"Malta",4,"Median","78",2100,34,19,52
470,"Malta",4,"Median","79",2100,39,22,61
470,"Malta",4,"Median","80",2100,44,25,69
470,"Malta",4,"Median","81",2100,51,30,80
470,"Malta",4,"Median","82",2100,58,35,93
470,"Malta",4,"Median","83",2100,66,40,106
470,"Malta",4,"Median","84",2100,74,45,119
470,"Malta",4,"Median","85",2100,81,49,130
470,"Malta",4,"Median","86",2100,88,53,141
470,"Malta",4,"Median","87",2100,96,60,156
470,"Malta",4,"Median","88",2100,105,68,173
470,"Malta",4,"Median","89",2100,111,75,185
470,"Malta",4,"Median","90",2100,117,81,197
470,"Malta",4,"Median","91",2100,126,88,214
470,"Malta",4,"Median","92",2100,131,92,223
470,"Malta",4,"Median","93",2100,132,95,228
470,"Malta",4,"Median","94",2100,133,101,234
470,"Malta",4,"Median","95",2100,130,105,236
470,"Malta",4,"Median","96",2100,128,110,238
470,"Malta",4,"Median","97",2100,125,109,234
470,"Malta",4,"Median","98",2100,119,108,227
470,"Malta",4,"Median","99",2100,114,115,229
470,"Malta",4,"Median","100",2100,53,64,117
470,"Malta",4,"Median","101",2100,53,66,119
470,"Malta",4,"Median","102",2100,53,68,121
470,"Malta",4,"Median","103",2100,52,71,123
470,"Malta",4,"Median","104",2100,52,73,125
470,"Malta",4,"Median","105",2100,52,76,128
470,"Malta",4,"Median","106",2100,52,79,131
470,"Malta",4,"Median","107",2100,51,82,133
470,"Malta",4,"Median","108",2100,51,85,136
470,"Malta",4,"Median","109",2100,51,88,139
470,"Malta",4,"Median","110",2100,50,91,141
