"LocID","Location","VarID","Variant","Age","Time","DeathMale","DeathFemale","DeathTotal"
56,"Belgium",4,"Median","0",1950,4392,3243,7634
56,"Belgium",4,"Median","1",1950,273,205,478
56,"Belgium",4,"Median","2",1950,153,107,259
56,"Belgium",4,"Median","3",1950,116,83,200
56,"Belgium",4,"Median","4",1950,70,55,125
56,"Belgium",4,"Median","5",1950,47,39,86
56,"Belgium",4,"Median","6",1950,43,29,72
56,"Belgium",4,"Median","7",1950,37,30,67
56,"Belgium",4,"Median","8",1950,25,18,43
56,"Belgium",4,"Median","9",1950,35,27,62
56,"Belgium",4,"Median","10",1950,42,28,69
56,"Belgium",4,"Median","11",1950,39,23,61
56,"Belgium",4,"Median","12",1950,28,27,55
56,"Belgium",4,"Median","13",1950,33,22,55
56,"Belgium",4,"Median","14",1950,58,33,92
56,"Belgium",4,"Median","15",1950,56,51,107
56,"Belgium",4,"Median","16",1950,73,29,102
56,"Belgium",4,"Median","17",1950,77,49,126
56,"Belgium",4,"Median","18",1950,80,48,127
56,"Belgium",4,"Median","19",1950,113,72,185
56,"Belgium",4,"Median","20",1950,117,65,182
56,"Belgium",4,"Median","21",1950,124,63,187
56,"Belgium",4,"Median","22",1950,135,76,212
56,"Belgium",4,"Median","23",1950,134,79,213
56,"Belgium",4,"Median","24",1950,133,105,239
56,"Belgium",4,"Median","25",1950,142,91,233
56,"Belgium",4,"Median","26",1950,177,101,278
56,"Belgium",4,"Median","27",1950,159,94,253
56,"Belgium",4,"Median","28",1950,172,106,278
56,"Belgium",4,"Median","29",1950,183,106,289
56,"Belgium",4,"Median","30",1950,137,94,232
56,"Belgium",4,"Median","31",1950,119,87,206
56,"Belgium",4,"Median","32",1950,96,60,155
56,"Belgium",4,"Median","33",1950,82,82,164
56,"Belgium",4,"Median","34",1950,187,96,283
56,"Belgium",4,"Median","35",1950,145,119,265
56,"Belgium",4,"Median","36",1950,192,131,322
56,"Belgium",4,"Median","37",1950,228,167,396
56,"Belgium",4,"Median","38",1950,229,153,382
56,"Belgium",4,"Median","39",1950,218,174,392
56,"Belgium",4,"Median","40",1950,256,174,429
56,"Belgium",4,"Median","41",1950,275,193,468
56,"Belgium",4,"Median","42",1950,296,194,491
56,"Belgium",4,"Median","43",1950,333,228,561
56,"Belgium",4,"Median","44",1950,386,213,599
56,"Belgium",4,"Median","45",1950,410,277,687
56,"Belgium",4,"Median","46",1950,454,273,727
56,"Belgium",4,"Median","47",1950,493,282,774
56,"Belgium",4,"Median","48",1950,570,344,914
56,"Belgium",4,"Median","49",1950,585,345,931
56,"Belgium",4,"Median","50",1950,618,349,967
56,"Belgium",4,"Median","51",1950,675,394,1069
56,"Belgium",4,"Median","52",1950,693,418,1111
56,"Belgium",4,"Median","53",1950,742,437,1179
56,"Belgium",4,"Median","54",1950,713,499,1212
56,"Belgium",4,"Median","55",1950,813,524,1337
56,"Belgium",4,"Median","56",1950,768,585,1353
56,"Belgium",4,"Median","57",1950,805,532,1337
56,"Belgium",4,"Median","58",1950,836,595,1431
56,"Belgium",4,"Median","59",1950,863,639,1502
56,"Belgium",4,"Median","60",1950,962,633,1595
56,"Belgium",4,"Median","61",1950,978,701,1679
56,"Belgium",4,"Median","62",1950,1044,761,1805
56,"Belgium",4,"Median","63",1950,1080,797,1877
56,"Belgium",4,"Median","64",1950,1148,869,2017
56,"Belgium",4,"Median","65",1950,1304,1015,2319
56,"Belgium",4,"Median","66",1950,1275,1029,2303
56,"Belgium",4,"Median","67",1950,1385,1088,2473
56,"Belgium",4,"Median","68",1950,1478,1153,2631
56,"Belgium",4,"Median","69",1950,1397,1238,2635
56,"Belgium",4,"Median","70",1950,1412,1296,2709
56,"Belgium",4,"Median","71",1950,1578,1397,2975
56,"Belgium",4,"Median","72",1950,1523,1492,3015
56,"Belgium",4,"Median","73",1950,1671,1543,3214
56,"Belgium",4,"Median","74",1950,1624,1638,3262
56,"Belgium",4,"Median","75",1950,1753,1668,3422
56,"Belgium",4,"Median","76",1950,1650,1678,3329
56,"Belgium",4,"Median","77",1950,1611,1709,3321
56,"Belgium",4,"Median","78",1950,1474,1652,3126
56,"Belgium",4,"Median","79",1950,1398,1484,2881
56,"Belgium",4,"Median","80",1950,1403,1560,2963
56,"Belgium",4,"Median","81",1950,1261,1437,2698
56,"Belgium",4,"Median","82",1950,1136,1386,2521
56,"Belgium",4,"Median","83",1950,1037,1282,2320
56,"Belgium",4,"Median","84",1950,957,1220,2176
56,"Belgium",4,"Median","85",1950,728,950,1678
56,"Belgium",4,"Median","86",1950,635,915,1549
56,"Belgium",4,"Median","87",1950,517,702,1220
56,"Belgium",4,"Median","88",1950,414,611,1025
56,"Belgium",4,"Median","89",1950,311,528,839
56,"Belgium",4,"Median","90",1950,201,441,642
56,"Belgium",4,"Median","91",1950,174,329,503
56,"Belgium",4,"Median","92",1950,127,239,366
56,"Belgium",4,"Median","93",1950,77,152,229
56,"Belgium",4,"Median","94",1950,47,107,154
56,"Belgium",4,"Median","95",1950,33,80,113
56,"Belgium",4,"Median","96",1950,24,57,81
56,"Belgium",4,"Median","97",1950,14,38,53
56,"Belgium",4,"Median","98",1950,6,25,31
56,"Belgium",4,"Median","99",1950,4,15,18
56,"Belgium",4,"Median","100",1950,1,4,5
56,"Belgium",4,"Median","101",1950,1,3,4
56,"Belgium",4,"Median","102",1950,0,2,2
56,"Belgium",4,"Median","103",1950,0,1,1
56,"Belgium",4,"Median","104",1950,0,1,1
56,"Belgium",4,"Median","105",1950,0,1,1
56,"Belgium",4,"Median","106",1950,0,0,0
56,"Belgium",4,"Median","107",1950,0,0,0
56,"Belgium",4,"Median","108",1950,0,0,0
56,"Belgium",4,"Median","109",1950,0,0,0
56,"Belgium",4,"Median","110",1950,0,0,0
56,"Belgium",4,"Median","0",1951,4076,2945,7021
56,"Belgium",4,"Median","1",1951,288,240,528
56,"Belgium",4,"Median","2",1951,142,93,236
56,"Belgium",4,"Median","3",1951,96,74,171
56,"Belgium",4,"Median","4",1951,82,68,149
56,"Belgium",4,"Median","5",1951,61,52,113
56,"Belgium",4,"Median","6",1951,51,33,85
56,"Belgium",4,"Median","7",1951,46,35,81
56,"Belgium",4,"Median","8",1951,35,32,67
56,"Belgium",4,"Median","9",1951,31,20,51
56,"Belgium",4,"Median","10",1951,30,29,59
56,"Belgium",4,"Median","11",1951,32,19,51
56,"Belgium",4,"Median","12",1951,36,26,61
56,"Belgium",4,"Median","13",1951,31,20,51
56,"Belgium",4,"Median","14",1951,42,30,72
56,"Belgium",4,"Median","15",1951,42,30,72
56,"Belgium",4,"Median","16",1951,56,30,85
56,"Belgium",4,"Median","17",1951,62,37,99
56,"Belgium",4,"Median","18",1951,68,39,107
56,"Belgium",4,"Median","19",1951,72,48,120
56,"Belgium",4,"Median","20",1951,104,63,167
56,"Belgium",4,"Median","21",1951,91,57,149
56,"Belgium",4,"Median","22",1951,103,64,167
56,"Belgium",4,"Median","23",1951,129,88,217
56,"Belgium",4,"Median","24",1951,122,79,202
56,"Belgium",4,"Median","25",1951,115,76,191
56,"Belgium",4,"Median","26",1951,121,81,202
56,"Belgium",4,"Median","27",1951,156,101,257
56,"Belgium",4,"Median","28",1951,124,62,186
56,"Belgium",4,"Median","29",1951,133,97,230
56,"Belgium",4,"Median","30",1951,147,83,230
56,"Belgium",4,"Median","31",1951,122,97,220
56,"Belgium",4,"Median","32",1951,108,90,198
56,"Belgium",4,"Median","33",1951,102,63,165
56,"Belgium",4,"Median","34",1951,93,66,158
56,"Belgium",4,"Median","35",1951,132,91,223
56,"Belgium",4,"Median","36",1951,140,104,244
56,"Belgium",4,"Median","37",1951,207,156,362
56,"Belgium",4,"Median","38",1951,219,149,369
56,"Belgium",4,"Median","39",1951,209,164,373
56,"Belgium",4,"Median","40",1951,245,161,406
56,"Belgium",4,"Median","41",1951,248,188,437
56,"Belgium",4,"Median","42",1951,291,182,473
56,"Belgium",4,"Median","43",1951,289,188,477
56,"Belgium",4,"Median","44",1951,364,245,608
56,"Belgium",4,"Median","45",1951,433,244,677
56,"Belgium",4,"Median","46",1951,423,258,681
56,"Belgium",4,"Median","47",1951,470,275,745
56,"Belgium",4,"Median","48",1951,518,300,818
56,"Belgium",4,"Median","49",1951,561,314,875
56,"Belgium",4,"Median","50",1951,620,384,1004
56,"Belgium",4,"Median","51",1951,670,367,1036
56,"Belgium",4,"Median","52",1951,728,419,1147
56,"Belgium",4,"Median","53",1951,740,450,1190
56,"Belgium",4,"Median","54",1951,785,472,1257
56,"Belgium",4,"Median","55",1951,818,510,1328
56,"Belgium",4,"Median","56",1951,809,542,1351
56,"Belgium",4,"Median","57",1951,852,544,1396
56,"Belgium",4,"Median","58",1951,850,554,1404
56,"Belgium",4,"Median","59",1951,914,606,1520
56,"Belgium",4,"Median","60",1951,961,667,1628
56,"Belgium",4,"Median","61",1951,1005,725,1731
56,"Belgium",4,"Median","62",1951,1075,739,1814
56,"Belgium",4,"Median","63",1951,1186,808,1993
56,"Belgium",4,"Median","64",1951,1116,825,1941
56,"Belgium",4,"Median","65",1951,1194,1018,2212
56,"Belgium",4,"Median","66",1951,1294,1078,2372
56,"Belgium",4,"Median","67",1951,1334,1130,2463
56,"Belgium",4,"Median","68",1951,1433,1186,2619
56,"Belgium",4,"Median","69",1951,1438,1271,2709
56,"Belgium",4,"Median","70",1951,1586,1355,2941
56,"Belgium",4,"Median","71",1951,1533,1428,2961
56,"Belgium",4,"Median","72",1951,1670,1524,3194
56,"Belgium",4,"Median","73",1951,1688,1556,3244
56,"Belgium",4,"Median","74",1951,1769,1686,3455
56,"Belgium",4,"Median","75",1951,1795,1825,3620
56,"Belgium",4,"Median","76",1951,1688,1747,3435
56,"Belgium",4,"Median","77",1951,1710,1773,3483
56,"Belgium",4,"Median","78",1951,1713,1860,3573
56,"Belgium",4,"Median","79",1951,1378,1619,2997
56,"Belgium",4,"Median","80",1951,1361,1559,2920
56,"Belgium",4,"Median","81",1951,1372,1610,2982
56,"Belgium",4,"Median","82",1951,1190,1400,2590
56,"Belgium",4,"Median","83",1951,1103,1379,2483
56,"Belgium",4,"Median","84",1951,961,1238,2199
56,"Belgium",4,"Median","85",1951,776,1139,1915
56,"Belgium",4,"Median","86",1951,699,987,1685
56,"Belgium",4,"Median","87",1951,610,825,1435
56,"Belgium",4,"Median","88",1951,444,665,1109
56,"Belgium",4,"Median","89",1951,341,537,878
56,"Belgium",4,"Median","90",1951,267,487,755
56,"Belgium",4,"Median","91",1951,202,365,568
56,"Belgium",4,"Median","92",1951,148,277,425
56,"Belgium",4,"Median","93",1951,96,182,278
56,"Belgium",4,"Median","94",1951,59,120,179
56,"Belgium",4,"Median","95",1951,36,82,118
56,"Belgium",4,"Median","96",1951,25,58,82
56,"Belgium",4,"Median","97",1951,17,40,57
56,"Belgium",4,"Median","98",1951,10,26,35
56,"Belgium",4,"Median","99",1951,4,16,20
56,"Belgium",4,"Median","100",1951,1,5,6
56,"Belgium",4,"Median","101",1951,1,4,5
56,"Belgium",4,"Median","102",1951,1,3,4
56,"Belgium",4,"Median","103",1951,0,2,2
56,"Belgium",4,"Median","104",1951,0,1,1
56,"Belgium",4,"Median","105",1951,0,1,1
56,"Belgium",4,"Median","106",1951,0,1,1
56,"Belgium",4,"Median","107",1951,0,0,0
56,"Belgium",4,"Median","108",1951,0,0,0
56,"Belgium",4,"Median","109",1951,0,0,0
56,"Belgium",4,"Median","110",1951,0,0,0
56,"Belgium",4,"Median","0",1952,3709,2797,6506
56,"Belgium",4,"Median","1",1952,227,200,428
56,"Belgium",4,"Median","2",1952,110,91,200
56,"Belgium",4,"Median","3",1952,89,77,166
56,"Belgium",4,"Median","4",1952,84,61,145
56,"Belgium",4,"Median","5",1952,60,36,96
56,"Belgium",4,"Median","6",1952,47,32,78
56,"Belgium",4,"Median","7",1952,39,31,70
56,"Belgium",4,"Median","8",1952,37,25,62
56,"Belgium",4,"Median","9",1952,31,18,49
56,"Belgium",4,"Median","10",1952,22,17,39
56,"Belgium",4,"Median","11",1952,18,17,35
56,"Belgium",4,"Median","12",1952,28,21,48
56,"Belgium",4,"Median","13",1952,29,23,51
56,"Belgium",4,"Median","14",1952,41,28,69
56,"Belgium",4,"Median","15",1952,32,32,64
56,"Belgium",4,"Median","16",1952,51,20,71
56,"Belgium",4,"Median","17",1952,66,26,92
56,"Belgium",4,"Median","18",1952,56,34,90
56,"Belgium",4,"Median","19",1952,75,41,116
56,"Belgium",4,"Median","20",1952,74,52,126
56,"Belgium",4,"Median","21",1952,70,56,126
56,"Belgium",4,"Median","22",1952,84,42,126
56,"Belgium",4,"Median","23",1952,99,47,146
56,"Belgium",4,"Median","24",1952,102,62,164
56,"Belgium",4,"Median","25",1952,88,71,159
56,"Belgium",4,"Median","26",1952,110,76,185
56,"Belgium",4,"Median","27",1952,131,56,188
56,"Belgium",4,"Median","28",1952,108,78,186
56,"Belgium",4,"Median","29",1952,99,93,192
56,"Belgium",4,"Median","30",1952,114,93,207
56,"Belgium",4,"Median","31",1952,109,85,194
56,"Belgium",4,"Median","32",1952,99,94,193
56,"Belgium",4,"Median","33",1952,90,69,159
56,"Belgium",4,"Median","34",1952,92,65,157
56,"Belgium",4,"Median","35",1952,101,60,161
56,"Belgium",4,"Median","36",1952,130,67,197
56,"Belgium",4,"Median","37",1952,133,100,233
56,"Belgium",4,"Median","38",1952,172,104,275
56,"Belgium",4,"Median","39",1952,204,130,335
56,"Belgium",4,"Median","40",1952,209,133,342
56,"Belgium",4,"Median","41",1952,243,173,416
56,"Belgium",4,"Median","42",1952,238,154,393
56,"Belgium",4,"Median","43",1952,278,171,448
56,"Belgium",4,"Median","44",1952,329,190,519
56,"Belgium",4,"Median","45",1952,349,214,563
56,"Belgium",4,"Median","46",1952,387,270,657
56,"Belgium",4,"Median","47",1952,444,267,710
56,"Belgium",4,"Median","48",1952,484,282,767
56,"Belgium",4,"Median","49",1952,544,320,864
56,"Belgium",4,"Median","50",1952,661,338,999
56,"Belgium",4,"Median","51",1952,651,382,1033
56,"Belgium",4,"Median","52",1952,612,369,981
56,"Belgium",4,"Median","53",1952,685,379,1064
56,"Belgium",4,"Median","54",1952,737,462,1199
56,"Belgium",4,"Median","55",1952,815,476,1291
56,"Belgium",4,"Median","56",1952,854,464,1319
56,"Belgium",4,"Median","57",1952,861,529,1389
56,"Belgium",4,"Median","58",1952,920,556,1476
56,"Belgium",4,"Median","59",1952,860,599,1459
56,"Belgium",4,"Median","60",1952,903,641,1544
56,"Belgium",4,"Median","61",1952,1034,670,1704
56,"Belgium",4,"Median","62",1952,1030,722,1752
56,"Belgium",4,"Median","63",1952,1030,811,1841
56,"Belgium",4,"Median","64",1952,1145,854,1999
56,"Belgium",4,"Median","65",1952,1191,882,2073
56,"Belgium",4,"Median","66",1952,1226,963,2189
56,"Belgium",4,"Median","67",1952,1277,980,2257
56,"Belgium",4,"Median","68",1952,1382,1093,2474
56,"Belgium",4,"Median","69",1952,1401,1190,2591
56,"Belgium",4,"Median","70",1952,1523,1320,2843
56,"Belgium",4,"Median","71",1952,1514,1359,2873
56,"Belgium",4,"Median","72",1952,1522,1492,3014
56,"Belgium",4,"Median","73",1952,1619,1533,3152
56,"Belgium",4,"Median","74",1952,1650,1500,3150
56,"Belgium",4,"Median","75",1952,1638,1597,3235
56,"Belgium",4,"Median","76",1952,1650,1723,3373
56,"Belgium",4,"Median","77",1952,1658,1690,3347
56,"Belgium",4,"Median","78",1952,1578,1641,3218
56,"Belgium",4,"Median","79",1952,1541,1670,3210
56,"Belgium",4,"Median","80",1952,1428,1550,2978
56,"Belgium",4,"Median","81",1952,1300,1483,2783
56,"Belgium",4,"Median","82",1952,1240,1427,2667
56,"Belgium",4,"Median","83",1952,1064,1280,2344
56,"Belgium",4,"Median","84",1952,887,1182,2069
56,"Belgium",4,"Median","85",1952,811,1143,1955
56,"Belgium",4,"Median","86",1952,738,942,1680
56,"Belgium",4,"Median","87",1952,550,764,1314
56,"Belgium",4,"Median","88",1952,437,650,1087
56,"Belgium",4,"Median","89",1952,392,541,933
56,"Belgium",4,"Median","90",1952,253,458,711
56,"Belgium",4,"Median","91",1952,208,345,553
56,"Belgium",4,"Median","92",1952,154,243,397
56,"Belgium",4,"Median","93",1952,91,186,277
56,"Belgium",4,"Median","94",1952,62,123,185
56,"Belgium",4,"Median","95",1952,39,78,117
56,"Belgium",4,"Median","96",1952,22,51,73
56,"Belgium",4,"Median","97",1952,14,35,49
56,"Belgium",4,"Median","98",1952,10,23,33
56,"Belgium",4,"Median","99",1952,5,14,20
56,"Belgium",4,"Median","100",1952,1,6,7
56,"Belgium",4,"Median","101",1952,1,4,5
56,"Belgium",4,"Median","102",1952,1,3,4
56,"Belgium",4,"Median","103",1952,0,2,2
56,"Belgium",4,"Median","104",1952,0,1,1
56,"Belgium",4,"Median","105",1952,0,1,1
56,"Belgium",4,"Median","106",1952,0,1,1
56,"Belgium",4,"Median","107",1952,0,0,0
56,"Belgium",4,"Median","108",1952,0,0,0
56,"Belgium",4,"Median","109",1952,0,0,0
56,"Belgium",4,"Median","110",1952,0,0,0
56,"Belgium",4,"Median","0",1953,3421,2615,6036
56,"Belgium",4,"Median","1",1953,224,181,405
56,"Belgium",4,"Median","2",1953,107,79,186
56,"Belgium",4,"Median","3",1953,67,58,125
56,"Belgium",4,"Median","4",1953,80,46,126
56,"Belgium",4,"Median","5",1953,57,26,83
56,"Belgium",4,"Median","6",1953,55,25,80
56,"Belgium",4,"Median","7",1953,40,26,65
56,"Belgium",4,"Median","8",1953,35,28,63
56,"Belgium",4,"Median","9",1953,21,24,44
56,"Belgium",4,"Median","10",1953,35,21,56
56,"Belgium",4,"Median","11",1953,13,21,34
56,"Belgium",4,"Median","12",1953,37,14,51
56,"Belgium",4,"Median","13",1953,27,15,42
56,"Belgium",4,"Median","14",1953,38,22,59
56,"Belgium",4,"Median","15",1953,39,22,61
56,"Belgium",4,"Median","16",1953,39,27,67
56,"Belgium",4,"Median","17",1953,53,18,71
56,"Belgium",4,"Median","18",1953,56,44,100
56,"Belgium",4,"Median","19",1953,73,23,96
56,"Belgium",4,"Median","20",1953,76,34,110
56,"Belgium",4,"Median","21",1953,73,47,120
56,"Belgium",4,"Median","22",1953,100,57,157
56,"Belgium",4,"Median","23",1953,103,59,162
56,"Belgium",4,"Median","24",1953,94,57,151
56,"Belgium",4,"Median","25",1953,92,47,138
56,"Belgium",4,"Median","26",1953,100,65,165
56,"Belgium",4,"Median","27",1953,113,66,179
56,"Belgium",4,"Median","28",1953,123,68,192
56,"Belgium",4,"Median","29",1953,116,66,183
56,"Belgium",4,"Median","30",1953,121,71,193
56,"Belgium",4,"Median","31",1953,96,73,169
56,"Belgium",4,"Median","32",1953,138,89,227
56,"Belgium",4,"Median","33",1953,106,77,183
56,"Belgium",4,"Median","34",1953,104,77,181
56,"Belgium",4,"Median","35",1953,79,43,122
56,"Belgium",4,"Median","36",1953,79,61,141
56,"Belgium",4,"Median","37",1953,119,97,216
56,"Belgium",4,"Median","38",1953,142,121,263
56,"Belgium",4,"Median","39",1953,200,121,320
56,"Belgium",4,"Median","40",1953,200,127,327
56,"Belgium",4,"Median","41",1953,195,130,325
56,"Belgium",4,"Median","42",1953,232,168,400
56,"Belgium",4,"Median","43",1953,302,168,470
56,"Belgium",4,"Median","44",1953,316,198,514
56,"Belgium",4,"Median","45",1953,334,235,568
56,"Belgium",4,"Median","46",1953,396,219,615
56,"Belgium",4,"Median","47",1953,454,242,696
56,"Belgium",4,"Median","48",1953,459,274,733
56,"Belgium",4,"Median","49",1953,529,312,841
56,"Belgium",4,"Median","50",1953,534,315,849
56,"Belgium",4,"Median","51",1953,660,342,1002
56,"Belgium",4,"Median","52",1953,696,366,1062
56,"Belgium",4,"Median","53",1953,684,395,1079
56,"Belgium",4,"Median","54",1953,766,420,1186
56,"Belgium",4,"Median","55",1953,858,467,1325
56,"Belgium",4,"Median","56",1953,839,494,1333
56,"Belgium",4,"Median","57",1953,934,517,1451
56,"Belgium",4,"Median","58",1953,916,538,1454
56,"Belgium",4,"Median","59",1953,919,591,1510
56,"Belgium",4,"Median","60",1953,950,608,1558
56,"Belgium",4,"Median","61",1953,1017,652,1669
56,"Belgium",4,"Median","62",1953,1027,749,1776
56,"Belgium",4,"Median","63",1953,1082,787,1869
56,"Belgium",4,"Median","64",1953,1157,847,2004
56,"Belgium",4,"Median","65",1953,1195,855,2050
56,"Belgium",4,"Median","66",1953,1216,1028,2244
56,"Belgium",4,"Median","67",1953,1351,1099,2450
56,"Belgium",4,"Median","68",1953,1344,1189,2533
56,"Belgium",4,"Median","69",1953,1437,1194,2630
56,"Belgium",4,"Median","70",1953,1563,1275,2838
56,"Belgium",4,"Median","71",1953,1548,1442,2990
56,"Belgium",4,"Median","72",1953,1527,1471,2998
56,"Belgium",4,"Median","73",1953,1565,1523,3088
56,"Belgium",4,"Median","74",1953,1634,1600,3234
56,"Belgium",4,"Median","75",1953,1691,1675,3365
56,"Belgium",4,"Median","76",1953,1733,1715,3448
56,"Belgium",4,"Median","77",1953,1727,1792,3519
56,"Belgium",4,"Median","78",1953,1663,1797,3461
56,"Belgium",4,"Median","79",1953,1618,1745,3363
56,"Belgium",4,"Median","80",1953,1551,1736,3286
56,"Belgium",4,"Median","81",1953,1296,1486,2782
56,"Belgium",4,"Median","82",1953,1240,1438,2678
56,"Belgium",4,"Median","83",1953,1215,1399,2614
56,"Belgium",4,"Median","84",1953,1012,1181,2193
56,"Belgium",4,"Median","85",1953,904,1129,2034
56,"Belgium",4,"Median","86",1953,765,1037,1802
56,"Belgium",4,"Median","87",1953,615,861,1476
56,"Belgium",4,"Median","88",1953,512,728,1240
56,"Belgium",4,"Median","89",1953,351,640,991
56,"Belgium",4,"Median","90",1953,285,427,712
56,"Belgium",4,"Median","91",1953,170,323,492
56,"Belgium",4,"Median","92",1953,140,243,383
56,"Belgium",4,"Median","93",1953,101,178,279
56,"Belgium",4,"Median","94",1953,67,143,210
56,"Belgium",4,"Median","95",1953,43,85,128
56,"Belgium",4,"Median","96",1953,24,53,77
56,"Belgium",4,"Median","97",1953,13,33,47
56,"Belgium",4,"Median","98",1953,8,22,30
56,"Belgium",4,"Median","99",1953,6,14,20
56,"Belgium",4,"Median","100",1953,2,6,8
56,"Belgium",4,"Median","101",1953,1,4,5
56,"Belgium",4,"Median","102",1953,1,3,4
56,"Belgium",4,"Median","103",1953,0,2,2
56,"Belgium",4,"Median","104",1953,0,1,1
56,"Belgium",4,"Median","105",1953,0,1,1
56,"Belgium",4,"Median","106",1953,0,1,1
56,"Belgium",4,"Median","107",1953,0,0,0
56,"Belgium",4,"Median","108",1953,0,0,0
56,"Belgium",4,"Median","109",1953,0,0,0
56,"Belgium",4,"Median","110",1953,0,0,0
56,"Belgium",4,"Median","0",1954,3481,2626,6107
56,"Belgium",4,"Median","1",1954,210,152,362
56,"Belgium",4,"Median","2",1954,103,96,199
56,"Belgium",4,"Median","3",1954,89,61,150
56,"Belgium",4,"Median","4",1954,79,43,122
56,"Belgium",4,"Median","5",1954,63,47,110
56,"Belgium",4,"Median","6",1954,62,33,95
56,"Belgium",4,"Median","7",1954,58,30,87
56,"Belgium",4,"Median","8",1954,38,34,71
56,"Belgium",4,"Median","9",1954,30,24,54
56,"Belgium",4,"Median","10",1954,29,13,42
56,"Belgium",4,"Median","11",1954,31,21,52
56,"Belgium",4,"Median","12",1954,24,25,49
56,"Belgium",4,"Median","13",1954,17,17,34
56,"Belgium",4,"Median","14",1954,36,21,57
56,"Belgium",4,"Median","15",1954,38,16,53
56,"Belgium",4,"Median","16",1954,46,18,64
56,"Belgium",4,"Median","17",1954,51,19,70
56,"Belgium",4,"Median","18",1954,57,33,90
56,"Belgium",4,"Median","19",1954,64,29,93
56,"Belgium",4,"Median","20",1954,76,33,109
56,"Belgium",4,"Median","21",1954,80,44,124
56,"Belgium",4,"Median","22",1954,104,43,147
56,"Belgium",4,"Median","23",1954,84,51,135
56,"Belgium",4,"Median","24",1954,90,59,149
56,"Belgium",4,"Median","25",1954,102,60,162
56,"Belgium",4,"Median","26",1954,99,60,159
56,"Belgium",4,"Median","27",1954,91,49,140
56,"Belgium",4,"Median","28",1954,106,72,178
56,"Belgium",4,"Median","29",1954,101,66,167
56,"Belgium",4,"Median","30",1954,103,84,186
56,"Belgium",4,"Median","31",1954,123,78,201
56,"Belgium",4,"Median","32",1954,121,92,213
56,"Belgium",4,"Median","33",1954,133,93,226
56,"Belgium",4,"Median","34",1954,118,88,206
56,"Belgium",4,"Median","35",1954,112,77,189
56,"Belgium",4,"Median","36",1954,71,53,124
56,"Belgium",4,"Median","37",1954,99,62,161
56,"Belgium",4,"Median","38",1954,133,77,211
56,"Belgium",4,"Median","39",1954,142,86,229
56,"Belgium",4,"Median","40",1954,202,138,340
56,"Belgium",4,"Median","41",1954,240,178,418
56,"Belgium",4,"Median","42",1954,241,178,419
56,"Belgium",4,"Median","43",1954,235,168,402
56,"Belgium",4,"Median","44",1954,260,188,448
56,"Belgium",4,"Median","45",1954,340,216,556
56,"Belgium",4,"Median","46",1954,361,227,588
56,"Belgium",4,"Median","47",1954,400,257,656
56,"Belgium",4,"Median","48",1954,470,283,753
56,"Belgium",4,"Median","49",1954,517,291,809
56,"Belgium",4,"Median","50",1954,570,323,893
56,"Belgium",4,"Median","51",1954,614,334,947
56,"Belgium",4,"Median","52",1954,684,389,1073
56,"Belgium",4,"Median","53",1954,698,388,1085
56,"Belgium",4,"Median","54",1954,741,456,1198
56,"Belgium",4,"Median","55",1954,792,463,1255
56,"Belgium",4,"Median","56",1954,837,461,1298
56,"Belgium",4,"Median","57",1954,889,550,1439
56,"Belgium",4,"Median","58",1954,931,548,1479
56,"Belgium",4,"Median","59",1954,952,604,1556
56,"Belgium",4,"Median","60",1954,1004,643,1647
56,"Belgium",4,"Median","61",1954,993,629,1622
56,"Belgium",4,"Median","62",1954,1012,745,1757
56,"Belgium",4,"Median","63",1954,1137,796,1933
56,"Belgium",4,"Median","64",1954,1064,797,1861
56,"Belgium",4,"Median","65",1954,1225,884,2109
56,"Belgium",4,"Median","66",1954,1194,947,2142
56,"Belgium",4,"Median","67",1954,1278,1041,2319
56,"Belgium",4,"Median","68",1954,1379,1132,2511
56,"Belgium",4,"Median","69",1954,1428,1215,2643
56,"Belgium",4,"Median","70",1954,1505,1254,2759
56,"Belgium",4,"Median","71",1954,1467,1400,2867
56,"Belgium",4,"Median","72",1954,1628,1428,3056
56,"Belgium",4,"Median","73",1954,1576,1489,3065
56,"Belgium",4,"Median","74",1954,1542,1516,3058
56,"Belgium",4,"Median","75",1954,1602,1585,3187
56,"Belgium",4,"Median","76",1954,1708,1751,3459
56,"Belgium",4,"Median","77",1954,1693,1745,3438
56,"Belgium",4,"Median","78",1954,1677,1811,3488
56,"Belgium",4,"Median","79",1954,1608,1751,3359
56,"Belgium",4,"Median","80",1954,1510,1691,3202
56,"Belgium",4,"Median","81",1954,1418,1607,3025
56,"Belgium",4,"Median","82",1954,1229,1502,2731
56,"Belgium",4,"Median","83",1954,1121,1397,2518
56,"Belgium",4,"Median","84",1954,1052,1242,2294
56,"Belgium",4,"Median","85",1954,860,1124,1984
56,"Belgium",4,"Median","86",1954,747,961,1709
56,"Belgium",4,"Median","87",1954,631,880,1510
56,"Belgium",4,"Median","88",1954,519,711,1230
56,"Belgium",4,"Median","89",1954,346,565,910
56,"Belgium",4,"Median","90",1954,308,448,756
56,"Belgium",4,"Median","91",1954,218,360,578
56,"Belgium",4,"Median","92",1954,111,263,374
56,"Belgium",4,"Median","93",1954,114,207,321
56,"Belgium",4,"Median","94",1954,64,148,212
56,"Belgium",4,"Median","95",1954,43,100,143
56,"Belgium",4,"Median","96",1954,27,62,90
56,"Belgium",4,"Median","97",1954,15,38,53
56,"Belgium",4,"Median","98",1954,8,23,31
56,"Belgium",4,"Median","99",1954,5,15,20
56,"Belgium",4,"Median","100",1954,2,7,9
56,"Belgium",4,"Median","101",1954,1,5,6
56,"Belgium",4,"Median","102",1954,1,3,4
56,"Belgium",4,"Median","103",1954,1,2,3
56,"Belgium",4,"Median","104",1954,0,1,1
56,"Belgium",4,"Median","105",1954,0,1,1
56,"Belgium",4,"Median","106",1954,0,1,1
56,"Belgium",4,"Median","107",1954,0,0,0
56,"Belgium",4,"Median","108",1954,0,0,0
56,"Belgium",4,"Median","109",1954,0,0,0
56,"Belgium",4,"Median","110",1954,0,0,0
56,"Belgium",4,"Median","0",1955,3501,2497,5998
56,"Belgium",4,"Median","1",1955,225,181,406
56,"Belgium",4,"Median","2",1955,119,89,208
56,"Belgium",4,"Median","3",1955,89,52,141
56,"Belgium",4,"Median","4",1955,86,46,132
56,"Belgium",4,"Median","5",1955,45,58,103
56,"Belgium",4,"Median","6",1955,48,41,88
56,"Belgium",4,"Median","7",1955,52,30,83
56,"Belgium",4,"Median","8",1955,53,29,82
56,"Belgium",4,"Median","9",1955,35,22,57
56,"Belgium",4,"Median","10",1955,27,23,50
56,"Belgium",4,"Median","11",1955,33,18,51
56,"Belgium",4,"Median","12",1955,20,19,39
56,"Belgium",4,"Median","13",1955,16,24,40
56,"Belgium",4,"Median","14",1955,34,21,55
56,"Belgium",4,"Median","15",1955,39,26,64
56,"Belgium",4,"Median","16",1955,46,35,81
56,"Belgium",4,"Median","17",1955,52,23,75
56,"Belgium",4,"Median","18",1955,58,27,85
56,"Belgium",4,"Median","19",1955,47,23,71
56,"Belgium",4,"Median","20",1955,62,28,90
56,"Belgium",4,"Median","21",1955,78,40,118
56,"Belgium",4,"Median","22",1955,91,45,137
56,"Belgium",4,"Median","23",1955,86,47,134
56,"Belgium",4,"Median","24",1955,102,60,162
56,"Belgium",4,"Median","25",1955,94,55,149
56,"Belgium",4,"Median","26",1955,91,52,143
56,"Belgium",4,"Median","27",1955,102,66,168
56,"Belgium",4,"Median","28",1955,121,56,177
56,"Belgium",4,"Median","29",1955,117,62,179
56,"Belgium",4,"Median","30",1955,105,64,169
56,"Belgium",4,"Median","31",1955,114,64,178
56,"Belgium",4,"Median","32",1955,100,81,181
56,"Belgium",4,"Median","33",1955,110,88,198
56,"Belgium",4,"Median","34",1955,146,97,243
56,"Belgium",4,"Median","35",1955,135,86,221
56,"Belgium",4,"Median","36",1955,95,94,189
56,"Belgium",4,"Median","37",1955,94,59,153
56,"Belgium",4,"Median","38",1955,106,75,181
56,"Belgium",4,"Median","39",1955,140,93,233
56,"Belgium",4,"Median","40",1955,171,104,275
56,"Belgium",4,"Median","41",1955,214,145,358
56,"Belgium",4,"Median","42",1955,225,172,397
56,"Belgium",4,"Median","43",1955,257,177,434
56,"Belgium",4,"Median","44",1955,300,167,466
56,"Belgium",4,"Median","45",1955,328,198,526
56,"Belgium",4,"Median","46",1955,411,208,619
56,"Belgium",4,"Median","47",1955,427,258,685
56,"Belgium",4,"Median","48",1955,450,260,710
56,"Belgium",4,"Median","49",1955,517,294,811
56,"Belgium",4,"Median","50",1955,561,319,880
56,"Belgium",4,"Median","51",1955,606,313,919
56,"Belgium",4,"Median","52",1955,698,358,1055
56,"Belgium",4,"Median","53",1955,701,395,1096
56,"Belgium",4,"Median","54",1955,775,433,1208
56,"Belgium",4,"Median","55",1955,806,477,1283
56,"Belgium",4,"Median","56",1955,879,480,1359
56,"Belgium",4,"Median","57",1955,920,569,1489
56,"Belgium",4,"Median","58",1955,949,549,1498
56,"Belgium",4,"Median","59",1955,974,598,1572
56,"Belgium",4,"Median","60",1955,1099,618,1717
56,"Belgium",4,"Median","61",1955,1078,651,1729
56,"Belgium",4,"Median","62",1955,1030,746,1775
56,"Belgium",4,"Median","63",1955,1062,727,1789
56,"Belgium",4,"Median","64",1955,1119,860,1979
56,"Belgium",4,"Median","65",1955,1232,925,2157
56,"Belgium",4,"Median","66",1955,1266,900,2166
56,"Belgium",4,"Median","67",1955,1341,1004,2345
56,"Belgium",4,"Median","68",1955,1329,1119,2447
56,"Belgium",4,"Median","69",1955,1431,1212,2643
56,"Belgium",4,"Median","70",1955,1502,1297,2799
56,"Belgium",4,"Median","71",1955,1576,1427,3003
56,"Belgium",4,"Median","72",1955,1609,1502,3111
56,"Belgium",4,"Median","73",1955,1692,1616,3308
56,"Belgium",4,"Median","74",1955,1692,1557,3250
56,"Belgium",4,"Median","75",1955,1634,1705,3339
56,"Belgium",4,"Median","76",1955,1736,1772,3509
56,"Belgium",4,"Median","77",1955,1739,1733,3472
56,"Belgium",4,"Median","78",1955,1781,1866,3646
56,"Belgium",4,"Median","79",1955,1711,1907,3619
56,"Belgium",4,"Median","80",1955,1592,1776,3368
56,"Belgium",4,"Median","81",1955,1509,1709,3218
56,"Belgium",4,"Median","82",1955,1464,1696,3160
56,"Belgium",4,"Median","83",1955,1212,1453,2666
56,"Belgium",4,"Median","84",1955,1095,1381,2476
56,"Belgium",4,"Median","85",1955,963,1261,2223
56,"Belgium",4,"Median","86",1955,791,1093,1884
56,"Belgium",4,"Median","87",1955,650,890,1540
56,"Belgium",4,"Median","88",1955,553,811,1364
56,"Belgium",4,"Median","89",1955,423,639,1062
56,"Belgium",4,"Median","90",1955,309,540,849
56,"Belgium",4,"Median","91",1955,233,395,628
56,"Belgium",4,"Median","92",1955,172,277,450
56,"Belgium",4,"Median","93",1955,119,227,346
56,"Belgium",4,"Median","94",1955,74,160,235
56,"Belgium",4,"Median","95",1955,48,113,161
56,"Belgium",4,"Median","96",1955,31,74,105
56,"Belgium",4,"Median","97",1955,19,45,64
56,"Belgium",4,"Median","98",1955,10,26,36
56,"Belgium",4,"Median","99",1955,5,15,21
56,"Belgium",4,"Median","100",1955,3,7,10
56,"Belgium",4,"Median","101",1955,2,5,7
56,"Belgium",4,"Median","102",1955,1,3,4
56,"Belgium",4,"Median","103",1955,1,2,3
56,"Belgium",4,"Median","104",1955,0,2,2
56,"Belgium",4,"Median","105",1955,0,1,1
56,"Belgium",4,"Median","106",1955,0,1,1
56,"Belgium",4,"Median","107",1955,0,0,0
56,"Belgium",4,"Median","108",1955,0,0,0
56,"Belgium",4,"Median","109",1955,0,0,0
56,"Belgium",4,"Median","110",1955,0,0,0
56,"Belgium",4,"Median","0",1956,3449,2426,5875
56,"Belgium",4,"Median","1",1956,175,180,355
56,"Belgium",4,"Median","2",1956,93,86,179
56,"Belgium",4,"Median","3",1956,71,59,130
56,"Belgium",4,"Median","4",1956,56,38,94
56,"Belgium",4,"Median","5",1956,50,44,95
56,"Belgium",4,"Median","6",1956,52,20,71
56,"Belgium",4,"Median","7",1956,32,33,65
56,"Belgium",4,"Median","8",1956,26,26,52
56,"Belgium",4,"Median","9",1956,40,23,63
56,"Belgium",4,"Median","10",1956,23,30,53
56,"Belgium",4,"Median","11",1956,31,18,49
56,"Belgium",4,"Median","12",1956,28,24,53
56,"Belgium",4,"Median","13",1956,35,16,51
56,"Belgium",4,"Median","14",1956,36,17,53
56,"Belgium",4,"Median","15",1956,30,15,45
56,"Belgium",4,"Median","16",1956,41,18,60
56,"Belgium",4,"Median","17",1956,54,26,80
56,"Belgium",4,"Median","18",1956,57,22,79
56,"Belgium",4,"Median","19",1956,59,33,92
56,"Belgium",4,"Median","20",1956,69,29,99
56,"Belgium",4,"Median","21",1956,79,30,109
56,"Belgium",4,"Median","22",1956,84,34,118
56,"Belgium",4,"Median","23",1956,113,25,138
56,"Belgium",4,"Median","24",1956,88,42,130
56,"Belgium",4,"Median","25",1956,103,46,149
56,"Belgium",4,"Median","26",1956,101,55,156
56,"Belgium",4,"Median","27",1956,105,51,156
56,"Belgium",4,"Median","28",1956,128,44,173
56,"Belgium",4,"Median","29",1956,96,57,153
56,"Belgium",4,"Median","30",1956,133,64,198
56,"Belgium",4,"Median","31",1956,123,66,189
56,"Belgium",4,"Median","32",1956,122,74,195
56,"Belgium",4,"Median","33",1956,118,73,192
56,"Belgium",4,"Median","34",1956,126,83,209
56,"Belgium",4,"Median","35",1956,153,113,266
56,"Belgium",4,"Median","36",1956,155,100,255
56,"Belgium",4,"Median","37",1956,100,78,178
56,"Belgium",4,"Median","38",1956,99,71,169
56,"Belgium",4,"Median","39",1956,100,69,169
56,"Belgium",4,"Median","40",1956,167,116,283
56,"Belgium",4,"Median","41",1956,191,116,307
56,"Belgium",4,"Median","42",1956,218,138,356
56,"Belgium",4,"Median","43",1956,271,149,421
56,"Belgium",4,"Median","44",1956,290,170,460
56,"Belgium",4,"Median","45",1956,313,169,482
56,"Belgium",4,"Median","46",1956,357,193,550
56,"Belgium",4,"Median","47",1956,425,205,629
56,"Belgium",4,"Median","48",1956,406,236,642
56,"Belgium",4,"Median","49",1956,462,297,759
56,"Belgium",4,"Median","50",1956,563,313,876
56,"Belgium",4,"Median","51",1956,559,315,874
56,"Belgium",4,"Median","52",1956,623,371,993
56,"Belgium",4,"Median","53",1956,716,387,1102
56,"Belgium",4,"Median","54",1956,757,434,1192
56,"Belgium",4,"Median","55",1956,842,438,1280
56,"Belgium",4,"Median","56",1956,862,498,1360
56,"Belgium",4,"Median","57",1956,967,543,1510
56,"Belgium",4,"Median","58",1956,999,569,1568
56,"Belgium",4,"Median","59",1956,1041,621,1662
56,"Belgium",4,"Median","60",1956,1046,659,1705
56,"Belgium",4,"Median","61",1956,1063,723,1786
56,"Belgium",4,"Median","62",1956,1083,751,1834
56,"Belgium",4,"Median","63",1956,1103,808,1911
56,"Belgium",4,"Median","64",1956,1211,815,2026
56,"Belgium",4,"Median","65",1956,1289,850,2138
56,"Belgium",4,"Median","66",1956,1301,950,2251
56,"Belgium",4,"Median","67",1956,1372,1073,2445
56,"Belgium",4,"Median","68",1956,1406,1141,2547
56,"Belgium",4,"Median","69",1956,1456,1175,2631
56,"Belgium",4,"Median","70",1956,1547,1323,2870
56,"Belgium",4,"Median","71",1956,1521,1400,2921
56,"Belgium",4,"Median","72",1956,1661,1459,3120
56,"Belgium",4,"Median","73",1956,1585,1604,3190
56,"Belgium",4,"Median","74",1956,1676,1675,3351
56,"Belgium",4,"Median","75",1956,1687,1718,3405
56,"Belgium",4,"Median","76",1956,1717,1724,3441
56,"Belgium",4,"Median","77",1956,1779,1784,3563
56,"Belgium",4,"Median","78",1956,1665,1810,3475
56,"Belgium",4,"Median","79",1956,1748,1859,3607
56,"Belgium",4,"Median","80",1956,1605,1878,3483
56,"Belgium",4,"Median","81",1956,1494,1751,3244
56,"Belgium",4,"Median","82",1956,1423,1581,3004
56,"Belgium",4,"Median","83",1956,1282,1659,2942
56,"Belgium",4,"Median","84",1956,1058,1353,2411
56,"Belgium",4,"Median","85",1956,925,1188,2113
56,"Belgium",4,"Median","86",1956,812,1158,1970
56,"Belgium",4,"Median","87",1956,696,913,1609
56,"Belgium",4,"Median","88",1956,531,797,1328
56,"Belgium",4,"Median","89",1956,442,685,1126
56,"Belgium",4,"Median","90",1956,322,540,862
56,"Belgium",4,"Median","91",1956,223,412,635
56,"Belgium",4,"Median","92",1956,170,307,476
56,"Belgium",4,"Median","93",1956,104,260,363
56,"Belgium",4,"Median","94",1956,74,154,228
56,"Belgium",4,"Median","95",1956,48,114,162
56,"Belgium",4,"Median","96",1956,29,79,108
56,"Belgium",4,"Median","97",1956,18,50,68
56,"Belgium",4,"Median","98",1956,11,29,40
56,"Belgium",4,"Median","99",1956,5,16,22
56,"Belgium",4,"Median","100",1956,2,7,9
56,"Belgium",4,"Median","101",1956,1,5,6
56,"Belgium",4,"Median","102",1956,1,3,4
56,"Belgium",4,"Median","103",1956,1,2,3
56,"Belgium",4,"Median","104",1956,0,2,2
56,"Belgium",4,"Median","105",1956,0,1,1
56,"Belgium",4,"Median","106",1956,0,1,1
56,"Belgium",4,"Median","107",1956,0,0,0
56,"Belgium",4,"Median","108",1956,0,0,0
56,"Belgium",4,"Median","109",1956,0,0,0
56,"Belgium",4,"Median","110",1956,0,0,0
56,"Belgium",4,"Median","0",1957,3149,2332,5481
56,"Belgium",4,"Median","1",1957,188,142,329
56,"Belgium",4,"Median","2",1957,88,64,152
56,"Belgium",4,"Median","3",1957,86,57,143
56,"Belgium",4,"Median","4",1957,76,41,116
56,"Belgium",4,"Median","5",1957,58,49,107
56,"Belgium",4,"Median","6",1957,55,35,90
56,"Belgium",4,"Median","7",1957,47,22,68
56,"Belgium",4,"Median","8",1957,40,32,72
56,"Belgium",4,"Median","9",1957,34,18,52
56,"Belgium",4,"Median","10",1957,31,22,53
56,"Belgium",4,"Median","11",1957,30,20,50
56,"Belgium",4,"Median","12",1957,35,22,57
56,"Belgium",4,"Median","13",1957,36,23,58
56,"Belgium",4,"Median","14",1957,47,19,66
56,"Belgium",4,"Median","15",1957,40,17,57
56,"Belgium",4,"Median","16",1957,28,29,57
56,"Belgium",4,"Median","17",1957,55,26,81
56,"Belgium",4,"Median","18",1957,60,30,90
56,"Belgium",4,"Median","19",1957,60,41,101
56,"Belgium",4,"Median","20",1957,71,39,110
56,"Belgium",4,"Median","21",1957,87,38,125
56,"Belgium",4,"Median","22",1957,86,34,120
56,"Belgium",4,"Median","23",1957,87,46,133
56,"Belgium",4,"Median","24",1957,102,51,153
56,"Belgium",4,"Median","25",1957,81,46,126
56,"Belgium",4,"Median","26",1957,100,53,153
56,"Belgium",4,"Median","27",1957,92,58,150
56,"Belgium",4,"Median","28",1957,97,51,148
56,"Belgium",4,"Median","29",1957,118,47,165
56,"Belgium",4,"Median","30",1957,111,52,163
56,"Belgium",4,"Median","31",1957,122,65,187
56,"Belgium",4,"Median","32",1957,124,56,180
56,"Belgium",4,"Median","33",1957,93,94,188
56,"Belgium",4,"Median","34",1957,142,88,230
56,"Belgium",4,"Median","35",1957,112,106,218
56,"Belgium",4,"Median","36",1957,139,100,239
56,"Belgium",4,"Median","37",1957,140,103,244
56,"Belgium",4,"Median","38",1957,127,86,213
56,"Belgium",4,"Median","39",1957,95,71,165
56,"Belgium",4,"Median","40",1957,115,74,189
56,"Belgium",4,"Median","41",1957,177,106,283
56,"Belgium",4,"Median","42",1957,204,139,343
56,"Belgium",4,"Median","43",1957,246,130,376
56,"Belgium",4,"Median","44",1957,267,177,444
56,"Belgium",4,"Median","45",1957,298,173,471
56,"Belgium",4,"Median","46",1957,331,200,531
56,"Belgium",4,"Median","47",1957,399,229,628
56,"Belgium",4,"Median","48",1957,430,235,665
56,"Belgium",4,"Median","49",1957,476,304,780
56,"Belgium",4,"Median","50",1957,509,317,825
56,"Belgium",4,"Median","51",1957,597,337,934
56,"Belgium",4,"Median","52",1957,635,359,994
56,"Belgium",4,"Median","53",1957,703,392,1096
56,"Belgium",4,"Median","54",1957,779,424,1203
56,"Belgium",4,"Median","55",1957,854,513,1367
56,"Belgium",4,"Median","56",1957,942,475,1417
56,"Belgium",4,"Median","57",1957,908,523,1431
56,"Belgium",4,"Median","58",1957,954,569,1523
56,"Belgium",4,"Median","59",1957,1031,629,1660
56,"Belgium",4,"Median","60",1957,1156,602,1758
56,"Belgium",4,"Median","61",1957,1124,713,1837
56,"Belgium",4,"Median","62",1957,1174,747,1921
56,"Belgium",4,"Median","63",1957,1141,783,1924
56,"Belgium",4,"Median","64",1957,1237,852,2088
56,"Belgium",4,"Median","65",1957,1229,907,2136
56,"Belgium",4,"Median","66",1957,1311,1009,2320
56,"Belgium",4,"Median","67",1957,1281,1041,2322
56,"Belgium",4,"Median","68",1957,1394,1132,2526
56,"Belgium",4,"Median","69",1957,1397,1157,2554
56,"Belgium",4,"Median","70",1957,1508,1305,2813
56,"Belgium",4,"Median","71",1957,1560,1378,2938
56,"Belgium",4,"Median","72",1957,1585,1526,3111
56,"Belgium",4,"Median","73",1957,1637,1520,3157
56,"Belgium",4,"Median","74",1957,1759,1670,3429
56,"Belgium",4,"Median","75",1957,1768,1620,3387
56,"Belgium",4,"Median","76",1957,1675,1744,3419
56,"Belgium",4,"Median","77",1957,1648,1758,3405
56,"Belgium",4,"Median","78",1957,1716,1798,3514
56,"Belgium",4,"Median","79",1957,1666,1784,3449
56,"Belgium",4,"Median","80",1957,1630,1776,3407
56,"Belgium",4,"Median","81",1957,1487,1694,3182
56,"Belgium",4,"Median","82",1957,1324,1617,2941
56,"Belgium",4,"Median","83",1957,1260,1591,2851
56,"Belgium",4,"Median","84",1957,1118,1405,2523
56,"Belgium",4,"Median","85",1957,868,1235,2103
56,"Belgium",4,"Median","86",1957,768,1081,1849
56,"Belgium",4,"Median","87",1957,703,980,1683
56,"Belgium",4,"Median","88",1957,518,781,1299
56,"Belgium",4,"Median","89",1957,405,623,1028
56,"Belgium",4,"Median","90",1957,365,505,870
56,"Belgium",4,"Median","91",1957,236,397,633
56,"Belgium",4,"Median","92",1957,151,320,470
56,"Belgium",4,"Median","93",1957,111,224,334
56,"Belgium",4,"Median","94",1957,71,158,230
56,"Belgium",4,"Median","95",1957,48,104,152
56,"Belgium",4,"Median","96",1957,30,73,103
56,"Belgium",4,"Median","97",1957,18,49,66
56,"Belgium",4,"Median","98",1957,11,30,40
56,"Belgium",4,"Median","99",1957,6,17,23
56,"Belgium",4,"Median","100",1957,2,6,8
56,"Belgium",4,"Median","101",1957,1,4,5
56,"Belgium",4,"Median","102",1957,1,3,4
56,"Belgium",4,"Median","103",1957,1,2,3
56,"Belgium",4,"Median","104",1957,0,1,1
56,"Belgium",4,"Median","105",1957,0,1,1
56,"Belgium",4,"Median","106",1957,0,1,1
56,"Belgium",4,"Median","107",1957,0,0,0
56,"Belgium",4,"Median","108",1957,0,0,0
56,"Belgium",4,"Median","109",1957,0,0,0
56,"Belgium",4,"Median","110",1957,0,0,0
56,"Belgium",4,"Median","0",1958,2792,2048,4839
56,"Belgium",4,"Median","1",1958,155,125,281
56,"Belgium",4,"Median","2",1958,96,62,158
56,"Belgium",4,"Median","3",1958,69,51,120
56,"Belgium",4,"Median","4",1958,55,57,112
56,"Belgium",4,"Median","5",1958,53,51,104
56,"Belgium",4,"Median","6",1958,45,37,82
56,"Belgium",4,"Median","7",1958,38,25,63
56,"Belgium",4,"Median","8",1958,32,34,66
56,"Belgium",4,"Median","9",1958,33,16,49
56,"Belgium",4,"Median","10",1958,32,20,52
56,"Belgium",4,"Median","11",1958,28,20,48
56,"Belgium",4,"Median","12",1958,27,23,50
56,"Belgium",4,"Median","13",1958,33,19,52
56,"Belgium",4,"Median","14",1958,30,28,58
56,"Belgium",4,"Median","15",1958,41,25,66
56,"Belgium",4,"Median","16",1958,39,25,64
56,"Belgium",4,"Median","17",1958,55,30,85
56,"Belgium",4,"Median","18",1958,64,32,96
56,"Belgium",4,"Median","19",1958,67,42,109
56,"Belgium",4,"Median","20",1958,68,31,99
56,"Belgium",4,"Median","21",1958,87,27,114
56,"Belgium",4,"Median","22",1958,77,40,118
56,"Belgium",4,"Median","23",1958,94,33,126
56,"Belgium",4,"Median","24",1958,87,39,126
56,"Belgium",4,"Median","25",1958,119,37,156
56,"Belgium",4,"Median","26",1958,89,55,144
56,"Belgium",4,"Median","27",1958,102,49,151
56,"Belgium",4,"Median","28",1958,91,43,135
56,"Belgium",4,"Median","29",1958,98,55,153
56,"Belgium",4,"Median","30",1958,101,55,156
56,"Belgium",4,"Median","31",1958,110,56,166
56,"Belgium",4,"Median","32",1958,97,78,175
56,"Belgium",4,"Median","33",1958,114,89,203
56,"Belgium",4,"Median","34",1958,120,80,200
56,"Belgium",4,"Median","35",1958,151,82,233
56,"Belgium",4,"Median","36",1958,128,93,221
56,"Belgium",4,"Median","37",1958,133,102,235
56,"Belgium",4,"Median","38",1958,140,106,246
56,"Belgium",4,"Median","39",1958,106,66,172
56,"Belgium",4,"Median","40",1958,102,72,173
56,"Belgium",4,"Median","41",1958,130,83,212
56,"Belgium",4,"Median","42",1958,174,104,278
56,"Belgium",4,"Median","43",1958,206,143,349
56,"Belgium",4,"Median","44",1958,225,164,388
56,"Belgium",4,"Median","45",1958,299,199,497
56,"Belgium",4,"Median","46",1958,323,203,526
56,"Belgium",4,"Median","47",1958,377,208,585
56,"Belgium",4,"Median","48",1958,372,226,598
56,"Belgium",4,"Median","49",1958,483,254,737
56,"Belgium",4,"Median","50",1958,509,288,796
56,"Belgium",4,"Median","51",1958,566,333,899
56,"Belgium",4,"Median","52",1958,645,349,994
56,"Belgium",4,"Median","53",1958,676,346,1022
56,"Belgium",4,"Median","54",1958,802,457,1259
56,"Belgium",4,"Median","55",1958,737,377,1114
56,"Belgium",4,"Median","56",1958,1004,556,1560
56,"Belgium",4,"Median","57",1958,977,479,1456
56,"Belgium",4,"Median","58",1958,968,559,1526
56,"Belgium",4,"Median","59",1958,1029,646,1675
56,"Belgium",4,"Median","60",1958,1045,628,1673
56,"Belgium",4,"Median","61",1958,1122,716,1838
56,"Belgium",4,"Median","62",1958,1131,718,1849
56,"Belgium",4,"Median","63",1958,1124,737,1861
56,"Belgium",4,"Median","64",1958,1149,833,1982
56,"Belgium",4,"Median","65",1958,1221,861,2082
56,"Belgium",4,"Median","66",1958,1294,864,2158
56,"Belgium",4,"Median","67",1958,1395,1038,2433
56,"Belgium",4,"Median","68",1958,1353,1076,2428
56,"Belgium",4,"Median","69",1958,1413,1082,2495
56,"Belgium",4,"Median","70",1958,1492,1328,2820
56,"Belgium",4,"Median","71",1958,1518,1370,2887
56,"Belgium",4,"Median","72",1958,1599,1449,3048
56,"Belgium",4,"Median","73",1958,1646,1477,3123
56,"Belgium",4,"Median","74",1958,1576,1595,3170
56,"Belgium",4,"Median","75",1958,1691,1693,3383
56,"Belgium",4,"Median","76",1958,1727,1800,3527
56,"Belgium",4,"Median","77",1958,1595,1661,3256
56,"Belgium",4,"Median","78",1958,1679,1803,3482
56,"Belgium",4,"Median","79",1958,1621,1754,3375
56,"Belgium",4,"Median","80",1958,1575,1809,3384
56,"Belgium",4,"Median","81",1958,1433,1796,3228
56,"Belgium",4,"Median","82",1958,1407,1648,3055
56,"Belgium",4,"Median","83",1958,1219,1598,2817
56,"Belgium",4,"Median","84",1958,1134,1475,2609
56,"Belgium",4,"Median","85",1958,1014,1352,2365
56,"Belgium",4,"Median","86",1958,841,1107,1948
56,"Belgium",4,"Median","87",1958,657,993,1650
56,"Belgium",4,"Median","88",1958,594,812,1406
56,"Belgium",4,"Median","89",1958,436,650,1086
56,"Belgium",4,"Median","90",1958,307,537,844
56,"Belgium",4,"Median","91",1958,260,402,662
56,"Belgium",4,"Median","92",1958,195,317,511
56,"Belgium",4,"Median","93",1958,134,236,370
56,"Belgium",4,"Median","94",1958,81,171,252
56,"Belgium",4,"Median","95",1958,52,109,161
56,"Belgium",4,"Median","96",1958,34,72,105
56,"Belgium",4,"Median","97",1958,20,48,69
56,"Belgium",4,"Median","98",1958,12,31,43
56,"Belgium",4,"Median","99",1958,7,19,25
56,"Belgium",4,"Median","100",1958,2,7,9
56,"Belgium",4,"Median","101",1958,2,5,7
56,"Belgium",4,"Median","102",1958,1,3,4
56,"Belgium",4,"Median","103",1958,1,2,3
56,"Belgium",4,"Median","104",1958,0,2,2
56,"Belgium",4,"Median","105",1958,0,1,1
56,"Belgium",4,"Median","106",1958,0,1,1
56,"Belgium",4,"Median","107",1958,0,1,1
56,"Belgium",4,"Median","108",1958,0,0,0
56,"Belgium",4,"Median","109",1958,0,0,0
56,"Belgium",4,"Median","110",1958,0,0,0
56,"Belgium",4,"Median","0",1959,2773,1985,4758
56,"Belgium",4,"Median","1",1959,166,147,313
56,"Belgium",4,"Median","2",1959,99,96,196
56,"Belgium",4,"Median","3",1959,87,65,152
56,"Belgium",4,"Median","4",1959,62,44,106
56,"Belgium",4,"Median","5",1959,54,49,103
56,"Belgium",4,"Median","6",1959,49,42,91
56,"Belgium",4,"Median","7",1959,45,19,64
56,"Belgium",4,"Median","8",1959,44,22,67
56,"Belgium",4,"Median","9",1959,27,25,52
56,"Belgium",4,"Median","10",1959,32,22,54
56,"Belgium",4,"Median","11",1959,39,19,58
56,"Belgium",4,"Median","12",1959,33,21,53
56,"Belgium",4,"Median","13",1959,35,27,62
56,"Belgium",4,"Median","14",1959,43,18,61
56,"Belgium",4,"Median","15",1959,56,23,79
56,"Belgium",4,"Median","16",1959,37,28,65
56,"Belgium",4,"Median","17",1959,57,28,85
56,"Belgium",4,"Median","18",1959,47,24,71
56,"Belgium",4,"Median","19",1959,64,25,88
56,"Belgium",4,"Median","20",1959,73,29,102
56,"Belgium",4,"Median","21",1959,71,34,105
56,"Belgium",4,"Median","22",1959,90,33,124
56,"Belgium",4,"Median","23",1959,94,32,126
56,"Belgium",4,"Median","24",1959,79,31,109
56,"Belgium",4,"Median","25",1959,102,49,151
56,"Belgium",4,"Median","26",1959,82,43,125
56,"Belgium",4,"Median","27",1959,95,45,140
56,"Belgium",4,"Median","28",1959,95,53,148
56,"Belgium",4,"Median","29",1959,100,50,150
56,"Belgium",4,"Median","30",1959,103,64,167
56,"Belgium",4,"Median","31",1959,115,61,176
56,"Belgium",4,"Median","32",1959,97,56,154
56,"Belgium",4,"Median","33",1959,108,72,180
56,"Belgium",4,"Median","34",1959,100,68,169
56,"Belgium",4,"Median","35",1959,127,94,221
56,"Belgium",4,"Median","36",1959,126,92,217
56,"Belgium",4,"Median","37",1959,133,95,228
56,"Belgium",4,"Median","38",1959,168,124,291
56,"Belgium",4,"Median","39",1959,140,107,248
56,"Belgium",4,"Median","40",1959,115,79,194
56,"Belgium",4,"Median","41",1959,102,78,179
56,"Belgium",4,"Median","42",1959,149,81,230
56,"Belgium",4,"Median","43",1959,193,107,300
56,"Belgium",4,"Median","44",1959,222,138,360
56,"Belgium",4,"Median","45",1959,304,185,489
56,"Belgium",4,"Median","46",1959,296,201,497
56,"Belgium",4,"Median","47",1959,353,225,578
56,"Belgium",4,"Median","48",1959,363,230,593
56,"Belgium",4,"Median","49",1959,431,249,680
56,"Belgium",4,"Median","50",1959,526,248,774
56,"Belgium",4,"Median","51",1959,578,304,882
56,"Belgium",4,"Median","52",1959,604,309,913
56,"Belgium",4,"Median","53",1959,637,337,975
56,"Belgium",4,"Median","54",1959,707,406,1114
56,"Belgium",4,"Median","55",1959,777,430,1206
56,"Belgium",4,"Median","56",1959,892,464,1355
56,"Belgium",4,"Median","57",1959,927,566,1493
56,"Belgium",4,"Median","58",1959,1002,546,1548
56,"Belgium",4,"Median","59",1959,1015,561,1576
56,"Belgium",4,"Median","60",1959,1110,632,1742
56,"Belgium",4,"Median","61",1959,1157,662,1819
56,"Belgium",4,"Median","62",1959,1154,703,1858
56,"Belgium",4,"Median","63",1959,1239,833,2072
56,"Belgium",4,"Median","64",1959,1188,819,2007
56,"Belgium",4,"Median","65",1959,1297,870,2167
56,"Belgium",4,"Median","66",1959,1206,910,2116
56,"Belgium",4,"Median","67",1959,1280,940,2220
56,"Belgium",4,"Median","68",1959,1298,1046,2344
56,"Belgium",4,"Median","69",1959,1345,1156,2501
56,"Belgium",4,"Median","70",1959,1409,1173,2583
56,"Belgium",4,"Median","71",1959,1390,1305,2695
56,"Belgium",4,"Median","72",1959,1554,1379,2933
56,"Belgium",4,"Median","73",1959,1528,1485,3013
56,"Belgium",4,"Median","74",1959,1559,1514,3073
56,"Belgium",4,"Median","75",1959,1631,1521,3152
56,"Belgium",4,"Median","76",1959,1645,1684,3328
56,"Belgium",4,"Median","77",1959,1624,1707,3331
56,"Belgium",4,"Median","78",1959,1577,1749,3326
56,"Belgium",4,"Median","79",1959,1540,1704,3244
56,"Belgium",4,"Median","80",1959,1509,1706,3215
56,"Belgium",4,"Median","81",1959,1518,1705,3223
56,"Belgium",4,"Median","82",1959,1407,1687,3094
56,"Belgium",4,"Median","83",1959,1357,1590,2947
56,"Belgium",4,"Median","84",1959,1070,1398,2469
56,"Belgium",4,"Median","85",1959,994,1274,2268
56,"Belgium",4,"Median","86",1959,796,1233,2029
56,"Belgium",4,"Median","87",1959,661,951,1611
56,"Belgium",4,"Median","88",1959,554,793,1346
56,"Belgium",4,"Median","89",1959,471,672,1143
56,"Belgium",4,"Median","90",1959,335,536,871
56,"Belgium",4,"Median","91",1959,267,416,683
56,"Belgium",4,"Median","92",1959,186,327,514
56,"Belgium",4,"Median","93",1959,143,236,379
56,"Belgium",4,"Median","94",1959,82,176,259
56,"Belgium",4,"Median","95",1959,56,119,175
56,"Belgium",4,"Median","96",1959,34,76,110
56,"Belgium",4,"Median","97",1959,21,48,70
56,"Belgium",4,"Median","98",1959,12,32,44
56,"Belgium",4,"Median","99",1959,7,20,27
56,"Belgium",4,"Median","100",1959,3,8,11
56,"Belgium",4,"Median","101",1959,2,5,7
56,"Belgium",4,"Median","102",1959,1,4,5
56,"Belgium",4,"Median","103",1959,1,2,3
56,"Belgium",4,"Median","104",1959,0,2,2
56,"Belgium",4,"Median","105",1959,0,1,1
56,"Belgium",4,"Median","106",1959,0,1,1
56,"Belgium",4,"Median","107",1959,0,1,1
56,"Belgium",4,"Median","108",1959,0,0,0
56,"Belgium",4,"Median","109",1959,0,0,0
56,"Belgium",4,"Median","110",1959,0,0,0
56,"Belgium",4,"Median","0",1960,2773,1974,4747
56,"Belgium",4,"Median","1",1960,162,119,281
56,"Belgium",4,"Median","2",1960,81,73,154
56,"Belgium",4,"Median","3",1960,60,52,112
56,"Belgium",4,"Median","4",1960,46,46,92
56,"Belgium",4,"Median","5",1960,55,23,77
56,"Belgium",4,"Median","6",1960,52,28,80
56,"Belgium",4,"Median","7",1960,44,39,82
56,"Belgium",4,"Median","8",1960,46,21,67
56,"Belgium",4,"Median","9",1960,27,18,45
56,"Belgium",4,"Median","10",1960,38,21,59
56,"Belgium",4,"Median","11",1960,27,27,54
56,"Belgium",4,"Median","12",1960,32,24,57
56,"Belgium",4,"Median","13",1960,32,17,49
56,"Belgium",4,"Median","14",1960,36,21,57
56,"Belgium",4,"Median","15",1960,49,22,72
56,"Belgium",4,"Median","16",1960,56,24,80
56,"Belgium",4,"Median","17",1960,47,17,64
56,"Belgium",4,"Median","18",1960,51,19,70
56,"Belgium",4,"Median","19",1960,59,29,87
56,"Belgium",4,"Median","20",1960,73,35,107
56,"Belgium",4,"Median","21",1960,117,37,153
56,"Belgium",4,"Median","22",1960,95,43,138
56,"Belgium",4,"Median","23",1960,96,34,130
56,"Belgium",4,"Median","24",1960,90,36,126
56,"Belgium",4,"Median","25",1960,93,37,130
56,"Belgium",4,"Median","26",1960,99,35,134
56,"Belgium",4,"Median","27",1960,95,48,143
56,"Belgium",4,"Median","28",1960,89,68,157
56,"Belgium",4,"Median","29",1960,107,39,146
56,"Belgium",4,"Median","30",1960,104,45,148
56,"Belgium",4,"Median","31",1960,116,57,173
56,"Belgium",4,"Median","32",1960,89,72,161
56,"Belgium",4,"Median","33",1960,119,66,185
56,"Belgium",4,"Median","34",1960,123,86,208
56,"Belgium",4,"Median","35",1960,114,66,181
56,"Belgium",4,"Median","36",1960,128,90,218
56,"Belgium",4,"Median","37",1960,141,99,240
56,"Belgium",4,"Median","38",1960,166,96,261
56,"Belgium",4,"Median","39",1960,182,108,290
56,"Belgium",4,"Median","40",1960,165,109,274
56,"Belgium",4,"Median","41",1960,133,92,225
56,"Belgium",4,"Median","42",1960,148,79,226
56,"Belgium",4,"Median","43",1960,163,86,249
56,"Belgium",4,"Median","44",1960,220,121,341
56,"Belgium",4,"Median","45",1960,258,148,406
56,"Belgium",4,"Median","46",1960,340,217,556
56,"Belgium",4,"Median","47",1960,401,194,595
56,"Belgium",4,"Median","48",1960,421,242,663
56,"Belgium",4,"Median","49",1960,444,241,684
56,"Belgium",4,"Median","50",1960,478,262,740
56,"Belgium",4,"Median","51",1960,572,292,864
56,"Belgium",4,"Median","52",1960,692,315,1007
56,"Belgium",4,"Median","53",1960,750,328,1077
56,"Belgium",4,"Median","54",1960,774,398,1172
56,"Belgium",4,"Median","55",1960,842,444,1286
56,"Belgium",4,"Median","56",1960,893,460,1353
56,"Belgium",4,"Median","57",1960,1077,560,1637
56,"Belgium",4,"Median","58",1960,1141,538,1679
56,"Belgium",4,"Median","59",1960,1222,606,1829
56,"Belgium",4,"Median","60",1960,1183,661,1844
56,"Belgium",4,"Median","61",1960,1262,735,1998
56,"Belgium",4,"Median","62",1960,1300,833,2133
56,"Belgium",4,"Median","63",1960,1383,807,2190
56,"Belgium",4,"Median","64",1960,1409,926,2335
56,"Belgium",4,"Median","65",1960,1389,930,2319
56,"Belgium",4,"Median","66",1960,1448,1061,2509
56,"Belgium",4,"Median","67",1960,1398,1052,2450
56,"Belgium",4,"Median","68",1960,1463,1176,2638
56,"Belgium",4,"Median","69",1960,1554,1214,2768
56,"Belgium",4,"Median","70",1960,1618,1288,2906
56,"Belgium",4,"Median","71",1960,1637,1469,3106
56,"Belgium",4,"Median","72",1960,1623,1529,3152
56,"Belgium",4,"Median","73",1960,1760,1658,3418
56,"Belgium",4,"Median","74",1960,1746,1685,3432
56,"Belgium",4,"Median","75",1960,1739,1763,3502
56,"Belgium",4,"Median","76",1960,1855,1920,3775
56,"Belgium",4,"Median","77",1960,1889,1944,3834
56,"Belgium",4,"Median","78",1960,1790,1945,3735
56,"Belgium",4,"Median","79",1960,1719,1946,3665
56,"Belgium",4,"Median","80",1960,1552,1911,3463
56,"Belgium",4,"Median","81",1960,1522,1848,3370
56,"Belgium",4,"Median","82",1960,1530,1780,3310
56,"Belgium",4,"Median","83",1960,1399,1679,3077
56,"Belgium",4,"Median","84",1960,1302,1629,2931
56,"Belgium",4,"Median","85",1960,1156,1486,2641
56,"Belgium",4,"Median","86",1960,913,1246,2159
56,"Belgium",4,"Median","87",1960,841,1181,2023
56,"Belgium",4,"Median","88",1960,601,912,1514
56,"Belgium",4,"Median","89",1960,505,741,1247
56,"Belgium",4,"Median","90",1960,404,629,1033
56,"Belgium",4,"Median","91",1960,297,514,811
56,"Belgium",4,"Median","92",1960,222,406,629
56,"Belgium",4,"Median","93",1960,154,286,440
56,"Belgium",4,"Median","94",1960,101,210,311
56,"Belgium",4,"Median","95",1960,65,147,212
56,"Belgium",4,"Median","96",1960,40,98,139
56,"Belgium",4,"Median","97",1960,24,61,84
56,"Belgium",4,"Median","98",1960,14,37,52
56,"Belgium",4,"Median","99",1960,8,24,32
56,"Belgium",4,"Median","100",1960,3,9,12
56,"Belgium",4,"Median","101",1960,2,7,9
56,"Belgium",4,"Median","102",1960,1,5,6
56,"Belgium",4,"Median","103",1960,1,3,4
56,"Belgium",4,"Median","104",1960,1,2,3
56,"Belgium",4,"Median","105",1960,0,1,1
56,"Belgium",4,"Median","106",1960,0,1,1
56,"Belgium",4,"Median","107",1960,0,1,1
56,"Belgium",4,"Median","108",1960,0,0,0
56,"Belgium",4,"Median","109",1960,0,0,0
56,"Belgium",4,"Median","110",1960,0,0,0
56,"Belgium",4,"Median","0",1961,2588,1862,4450
56,"Belgium",4,"Median","1",1961,136,126,262
56,"Belgium",4,"Median","2",1961,100,64,164
56,"Belgium",4,"Median","3",1961,57,37,94
56,"Belgium",4,"Median","4",1961,61,32,93
56,"Belgium",4,"Median","5",1961,44,38,82
56,"Belgium",4,"Median","6",1961,50,41,91
56,"Belgium",4,"Median","7",1961,41,19,60
56,"Belgium",4,"Median","8",1961,35,18,53
56,"Belgium",4,"Median","9",1961,28,29,57
56,"Belgium",4,"Median","10",1961,32,21,53
56,"Belgium",4,"Median","11",1961,28,19,47
56,"Belgium",4,"Median","12",1961,30,22,52
56,"Belgium",4,"Median","13",1961,36,20,56
56,"Belgium",4,"Median","14",1961,41,11,52
56,"Belgium",4,"Median","15",1961,44,16,59
56,"Belgium",4,"Median","16",1961,41,17,59
56,"Belgium",4,"Median","17",1961,50,29,79
56,"Belgium",4,"Median","18",1961,64,25,89
56,"Belgium",4,"Median","19",1961,64,21,85
56,"Belgium",4,"Median","20",1961,77,30,106
56,"Belgium",4,"Median","21",1961,88,28,115
56,"Belgium",4,"Median","22",1961,103,35,138
56,"Belgium",4,"Median","23",1961,93,39,132
56,"Belgium",4,"Median","24",1961,87,25,112
56,"Belgium",4,"Median","25",1961,90,38,128
56,"Belgium",4,"Median","26",1961,72,46,118
56,"Belgium",4,"Median","27",1961,86,46,132
56,"Belgium",4,"Median","28",1961,98,46,145
56,"Belgium",4,"Median","29",1961,111,50,161
56,"Belgium",4,"Median","30",1961,101,62,163
56,"Belgium",4,"Median","31",1961,131,38,169
56,"Belgium",4,"Median","32",1961,104,50,154
56,"Belgium",4,"Median","33",1961,117,72,189
56,"Belgium",4,"Median","34",1961,132,73,205
56,"Belgium",4,"Median","35",1961,132,84,215
56,"Belgium",4,"Median","36",1961,162,85,247
56,"Belgium",4,"Median","37",1961,154,98,251
56,"Belgium",4,"Median","38",1961,165,113,277
56,"Belgium",4,"Median","39",1961,198,106,304
56,"Belgium",4,"Median","40",1961,201,103,305
56,"Belgium",4,"Median","41",1961,172,125,298
56,"Belgium",4,"Median","42",1961,171,81,252
56,"Belgium",4,"Median","43",1961,122,87,209
56,"Belgium",4,"Median","44",1961,160,89,249
56,"Belgium",4,"Median","45",1961,240,123,363
56,"Belgium",4,"Median","46",1961,275,169,443
56,"Belgium",4,"Median","47",1961,345,217,561
56,"Belgium",4,"Median","48",1961,411,235,646
56,"Belgium",4,"Median","49",1961,413,218,631
56,"Belgium",4,"Median","50",1961,455,285,739
56,"Belgium",4,"Median","51",1961,596,279,875
56,"Belgium",4,"Median","52",1961,617,296,913
56,"Belgium",4,"Median","53",1961,614,340,954
56,"Belgium",4,"Median","54",1961,756,363,1118
56,"Belgium",4,"Median","55",1961,791,386,1177
56,"Belgium",4,"Median","56",1961,923,441,1364
56,"Belgium",4,"Median","57",1961,963,455,1418
56,"Belgium",4,"Median","58",1961,1028,549,1577
56,"Belgium",4,"Median","59",1961,1140,571,1711
56,"Belgium",4,"Median","60",1961,1245,644,1889
56,"Belgium",4,"Median","61",1961,1142,644,1786
56,"Belgium",4,"Median","62",1961,1235,769,2004
56,"Belgium",4,"Median","63",1961,1360,781,2141
56,"Belgium",4,"Median","64",1961,1365,877,2242
56,"Belgium",4,"Median","65",1961,1362,890,2252
56,"Belgium",4,"Median","66",1961,1411,967,2378
56,"Belgium",4,"Median","67",1961,1435,1040,2475
56,"Belgium",4,"Median","68",1961,1393,1102,2495
56,"Belgium",4,"Median","69",1961,1409,1190,2598
56,"Belgium",4,"Median","70",1961,1423,1247,2670
56,"Belgium",4,"Median","71",1961,1462,1366,2828
56,"Belgium",4,"Median","72",1961,1539,1403,2942
56,"Belgium",4,"Median","73",1961,1509,1468,2978
56,"Belgium",4,"Median","74",1961,1555,1536,3092
56,"Belgium",4,"Median","75",1961,1636,1672,3308
56,"Belgium",4,"Median","76",1961,1717,1708,3425
56,"Belgium",4,"Median","77",1961,1662,1822,3484
56,"Belgium",4,"Median","78",1961,1676,1815,3490
56,"Belgium",4,"Median","79",1961,1664,1840,3504
56,"Belgium",4,"Median","80",1961,1494,1813,3307
56,"Belgium",4,"Median","81",1961,1488,1728,3217
56,"Belgium",4,"Median","82",1961,1368,1581,2948
56,"Belgium",4,"Median","83",1961,1318,1655,2973
56,"Belgium",4,"Median","84",1961,1177,1514,2690
56,"Belgium",4,"Median","85",1961,1084,1364,2448
56,"Belgium",4,"Median","86",1961,905,1220,2125
56,"Belgium",4,"Median","87",1961,749,1081,1830
56,"Belgium",4,"Median","88",1961,604,928,1531
56,"Belgium",4,"Median","89",1961,495,679,1174
56,"Belgium",4,"Median","90",1961,348,565,914
56,"Belgium",4,"Median","91",1961,281,435,716
56,"Belgium",4,"Median","92",1961,193,336,529
56,"Belgium",4,"Median","93",1961,141,257,398
56,"Belgium",4,"Median","94",1961,111,189,299
56,"Belgium",4,"Median","95",1961,60,131,192
56,"Belgium",4,"Median","96",1961,39,88,127
56,"Belgium",4,"Median","97",1961,23,57,80
56,"Belgium",4,"Median","98",1961,13,34,47
56,"Belgium",4,"Median","99",1961,8,20,28
56,"Belgium",4,"Median","100",1961,3,8,11
56,"Belgium",4,"Median","101",1961,2,6,8
56,"Belgium",4,"Median","102",1961,1,4,5
56,"Belgium",4,"Median","103",1961,1,3,4
56,"Belgium",4,"Median","104",1961,1,2,3
56,"Belgium",4,"Median","105",1961,0,1,1
56,"Belgium",4,"Median","106",1961,0,1,1
56,"Belgium",4,"Median","107",1961,0,1,1
56,"Belgium",4,"Median","108",1961,0,0,0
56,"Belgium",4,"Median","109",1961,0,0,0
56,"Belgium",4,"Median","110",1961,0,0,0
56,"Belgium",4,"Median","0",1962,2387,1828,4215
56,"Belgium",4,"Median","1",1962,143,119,262
56,"Belgium",4,"Median","2",1962,76,71,147
56,"Belgium",4,"Median","3",1962,70,39,109
56,"Belgium",4,"Median","4",1962,60,38,97
56,"Belgium",4,"Median","5",1962,40,46,86
56,"Belgium",4,"Median","6",1962,45,42,87
56,"Belgium",4,"Median","7",1962,41,27,68
56,"Belgium",4,"Median","8",1962,31,29,60
56,"Belgium",4,"Median","9",1962,31,21,52
56,"Belgium",4,"Median","10",1962,36,28,64
56,"Belgium",4,"Median","11",1962,31,17,48
56,"Belgium",4,"Median","12",1962,31,20,51
56,"Belgium",4,"Median","13",1962,26,20,46
56,"Belgium",4,"Median","14",1962,49,22,71
56,"Belgium",4,"Median","15",1962,43,19,62
56,"Belgium",4,"Median","16",1962,57,22,79
56,"Belgium",4,"Median","17",1962,65,28,93
56,"Belgium",4,"Median","18",1962,81,26,107
56,"Belgium",4,"Median","19",1962,52,26,78
56,"Belgium",4,"Median","20",1962,65,33,97
56,"Belgium",4,"Median","21",1962,78,29,106
56,"Belgium",4,"Median","22",1962,94,39,133
56,"Belgium",4,"Median","23",1962,93,41,134
56,"Belgium",4,"Median","24",1962,101,33,134
56,"Belgium",4,"Median","25",1962,80,32,112
56,"Belgium",4,"Median","26",1962,73,28,102
56,"Belgium",4,"Median","27",1962,85,43,128
56,"Belgium",4,"Median","28",1962,92,38,130
56,"Belgium",4,"Median","29",1962,100,51,151
56,"Belgium",4,"Median","30",1962,107,50,157
56,"Belgium",4,"Median","31",1962,104,59,162
56,"Belgium",4,"Median","32",1962,112,61,173
56,"Belgium",4,"Median","33",1962,106,67,173
56,"Belgium",4,"Median","34",1962,134,74,208
56,"Belgium",4,"Median","35",1962,121,97,218
56,"Belgium",4,"Median","36",1962,152,94,246
56,"Belgium",4,"Median","37",1962,130,91,221
56,"Belgium",4,"Median","38",1962,165,100,265
56,"Belgium",4,"Median","39",1962,189,119,308
56,"Belgium",4,"Median","40",1962,187,118,305
56,"Belgium",4,"Median","41",1962,214,132,346
56,"Belgium",4,"Median","42",1962,213,115,328
56,"Belgium",4,"Median","43",1962,185,109,294
56,"Belgium",4,"Median","44",1962,158,100,258
56,"Belgium",4,"Median","45",1962,187,116,304
56,"Belgium",4,"Median","46",1962,245,134,379
56,"Belgium",4,"Median","47",1962,315,185,500
56,"Belgium",4,"Median","48",1962,406,223,628
56,"Belgium",4,"Median","49",1962,434,258,691
56,"Belgium",4,"Median","50",1962,480,253,733
56,"Belgium",4,"Median","51",1962,497,303,800
56,"Belgium",4,"Median","52",1962,550,327,877
56,"Belgium",4,"Median","53",1962,686,370,1057
56,"Belgium",4,"Median","54",1962,761,370,1132
56,"Belgium",4,"Median","55",1962,820,398,1217
56,"Belgium",4,"Median","56",1962,889,464,1353
56,"Belgium",4,"Median","57",1962,995,476,1470
56,"Belgium",4,"Median","58",1962,1099,549,1648
56,"Belgium",4,"Median","59",1962,1131,616,1747
56,"Belgium",4,"Median","60",1962,1237,646,1883
56,"Belgium",4,"Median","61",1962,1327,711,2038
56,"Belgium",4,"Median","62",1962,1374,727,2100
56,"Belgium",4,"Median","63",1962,1353,813,2166
56,"Belgium",4,"Median","64",1962,1502,919,2421
56,"Belgium",4,"Median","65",1962,1520,1001,2521
56,"Belgium",4,"Median","66",1962,1476,1013,2489
56,"Belgium",4,"Median","67",1962,1535,1131,2665
56,"Belgium",4,"Median","68",1962,1525,1174,2699
56,"Belgium",4,"Median","69",1962,1521,1233,2754
56,"Belgium",4,"Median","70",1962,1612,1282,2894
56,"Belgium",4,"Median","71",1962,1563,1410,2973
56,"Belgium",4,"Median","72",1962,1546,1478,3025
56,"Belgium",4,"Median","73",1962,1495,1522,3017
56,"Belgium",4,"Median","74",1962,1684,1623,3306
56,"Belgium",4,"Median","75",1962,1749,1759,3508
56,"Belgium",4,"Median","76",1962,1755,1782,3537
56,"Belgium",4,"Median","77",1962,1784,1991,3775
56,"Belgium",4,"Median","78",1962,1697,1974,3671
56,"Belgium",4,"Median","79",1962,1736,1975,3711
56,"Belgium",4,"Median","80",1962,1692,1932,3625
56,"Belgium",4,"Median","81",1962,1531,1831,3362
56,"Belgium",4,"Median","82",1962,1476,1744,3220
56,"Belgium",4,"Median","83",1962,1380,1628,3008
56,"Belgium",4,"Median","84",1962,1284,1648,2933
56,"Belgium",4,"Median","85",1962,1135,1502,2637
56,"Belgium",4,"Median","86",1962,1022,1376,2397
56,"Belgium",4,"Median","87",1962,866,1224,2090
56,"Belgium",4,"Median","88",1962,681,979,1660
56,"Belgium",4,"Median","89",1962,595,863,1458
56,"Belgium",4,"Median","90",1962,397,679,1076
56,"Belgium",4,"Median","91",1962,303,521,824
56,"Belgium",4,"Median","92",1962,232,395,627
56,"Belgium",4,"Median","93",1962,158,282,440
56,"Belgium",4,"Median","94",1962,108,215,323
56,"Belgium",4,"Median","95",1962,70,152,222
56,"Belgium",4,"Median","96",1962,42,104,146
56,"Belgium",4,"Median","97",1962,26,67,93
56,"Belgium",4,"Median","98",1962,15,42,57
56,"Belgium",4,"Median","99",1962,8,24,33
56,"Belgium",4,"Median","100",1962,4,10,14
56,"Belgium",4,"Median","101",1962,2,7,9
56,"Belgium",4,"Median","102",1962,1,5,6
56,"Belgium",4,"Median","103",1962,1,3,4
56,"Belgium",4,"Median","104",1962,1,2,3
56,"Belgium",4,"Median","105",1962,0,2,2
56,"Belgium",4,"Median","106",1962,0,1,1
56,"Belgium",4,"Median","107",1962,0,1,1
56,"Belgium",4,"Median","108",1962,0,1,1
56,"Belgium",4,"Median","109",1962,0,0,0
56,"Belgium",4,"Median","110",1962,0,0,0
56,"Belgium",4,"Median","0",1963,2469,1844,4313
56,"Belgium",4,"Median","1",1963,138,127,265
56,"Belgium",4,"Median","2",1963,89,57,146
56,"Belgium",4,"Median","3",1963,68,49,116
56,"Belgium",4,"Median","4",1963,73,33,106
56,"Belgium",4,"Median","5",1963,46,36,82
56,"Belgium",4,"Median","6",1963,37,27,64
56,"Belgium",4,"Median","7",1963,36,26,62
56,"Belgium",4,"Median","8",1963,35,22,57
56,"Belgium",4,"Median","9",1963,43,10,53
56,"Belgium",4,"Median","10",1963,39,23,62
56,"Belgium",4,"Median","11",1963,38,27,65
56,"Belgium",4,"Median","12",1963,33,21,54
56,"Belgium",4,"Median","13",1963,41,18,59
56,"Belgium",4,"Median","14",1963,38,23,61
56,"Belgium",4,"Median","15",1963,50,26,76
56,"Belgium",4,"Median","16",1963,58,23,82
56,"Belgium",4,"Median","17",1963,64,27,90
56,"Belgium",4,"Median","18",1963,73,22,96
56,"Belgium",4,"Median","19",1963,89,32,121
56,"Belgium",4,"Median","20",1963,101,25,126
56,"Belgium",4,"Median","21",1963,85,22,107
56,"Belgium",4,"Median","22",1963,84,21,105
56,"Belgium",4,"Median","23",1963,94,29,123
56,"Belgium",4,"Median","24",1963,71,30,101
56,"Belgium",4,"Median","25",1963,78,33,111
56,"Belgium",4,"Median","26",1963,83,31,114
56,"Belgium",4,"Median","27",1963,77,37,114
56,"Belgium",4,"Median","28",1963,84,53,137
56,"Belgium",4,"Median","29",1963,83,39,122
56,"Belgium",4,"Median","30",1963,102,51,153
56,"Belgium",4,"Median","31",1963,118,54,172
56,"Belgium",4,"Median","32",1963,112,63,175
56,"Belgium",4,"Median","33",1963,104,68,172
56,"Belgium",4,"Median","34",1963,120,74,194
56,"Belgium",4,"Median","35",1963,112,65,177
56,"Belgium",4,"Median","36",1963,131,80,211
56,"Belgium",4,"Median","37",1963,163,98,261
56,"Belgium",4,"Median","38",1963,167,113,280
56,"Belgium",4,"Median","39",1963,206,95,302
56,"Belgium",4,"Median","40",1963,189,147,336
56,"Belgium",4,"Median","41",1963,177,134,310
56,"Belgium",4,"Median","42",1963,240,161,401
56,"Belgium",4,"Median","43",1963,243,134,377
56,"Belgium",4,"Median","44",1963,189,117,306
56,"Belgium",4,"Median","45",1963,175,102,277
56,"Belgium",4,"Median","46",1963,190,127,317
56,"Belgium",4,"Median","47",1963,270,169,439
56,"Belgium",4,"Median","48",1963,333,207,540
56,"Belgium",4,"Median","49",1963,440,241,681
56,"Belgium",4,"Median","50",1963,517,250,767
56,"Belgium",4,"Median","51",1963,529,301,830
56,"Belgium",4,"Median","52",1963,587,319,906
56,"Belgium",4,"Median","53",1963,682,333,1015
56,"Belgium",4,"Median","54",1963,768,356,1124
56,"Belgium",4,"Median","55",1963,813,427,1240
56,"Belgium",4,"Median","56",1963,938,477,1415
56,"Belgium",4,"Median","57",1963,991,497,1488
56,"Belgium",4,"Median","58",1963,1064,512,1575
56,"Belgium",4,"Median","59",1963,1134,607,1741
56,"Belgium",4,"Median","60",1963,1277,654,1931
56,"Belgium",4,"Median","61",1963,1382,759,2141
56,"Belgium",4,"Median","62",1963,1513,745,2258
56,"Belgium",4,"Median","63",1963,1491,848,2339
56,"Belgium",4,"Median","64",1963,1442,903,2345
56,"Belgium",4,"Median","65",1963,1539,1011,2550
56,"Belgium",4,"Median","66",1963,1606,1066,2671
56,"Belgium",4,"Median","67",1963,1613,1140,2753
56,"Belgium",4,"Median","68",1963,1585,1219,2804
56,"Belgium",4,"Median","69",1963,1635,1352,2987
56,"Belgium",4,"Median","70",1963,1600,1333,2933
56,"Belgium",4,"Median","71",1963,1634,1393,3026
56,"Belgium",4,"Median","72",1963,1693,1538,3231
56,"Belgium",4,"Median","73",1963,1675,1685,3360
56,"Belgium",4,"Median","74",1963,1664,1720,3384
56,"Belgium",4,"Median","75",1963,1765,1758,3522
56,"Belgium",4,"Median","76",1963,1715,1816,3532
56,"Belgium",4,"Median","77",1963,1816,1950,3766
56,"Belgium",4,"Median","78",1963,1763,2007,3770
56,"Belgium",4,"Median","79",1963,1831,2001,3833
56,"Belgium",4,"Median","80",1963,1830,2036,3865
56,"Belgium",4,"Median","81",1963,1701,1976,3677
56,"Belgium",4,"Median","82",1963,1591,1921,3512
56,"Belgium",4,"Median","83",1963,1428,1837,3266
56,"Belgium",4,"Median","84",1963,1376,1681,3058
56,"Belgium",4,"Median","85",1963,1181,1663,2843
56,"Belgium",4,"Median","86",1963,1014,1396,2409
56,"Belgium",4,"Median","87",1963,907,1285,2193
56,"Belgium",4,"Median","88",1963,723,1063,1785
56,"Belgium",4,"Median","89",1963,577,887,1464
56,"Belgium",4,"Median","90",1963,492,710,1202
56,"Belgium",4,"Median","91",1963,360,598,958
56,"Belgium",4,"Median","92",1963,242,387,629
56,"Belgium",4,"Median","93",1963,161,304,466
56,"Belgium",4,"Median","94",1963,135,239,375
56,"Belgium",4,"Median","95",1963,81,158,239
56,"Belgium",4,"Median","96",1963,50,109,159
56,"Belgium",4,"Median","97",1963,29,72,101
56,"Belgium",4,"Median","98",1963,18,45,63
56,"Belgium",4,"Median","99",1963,10,27,37
56,"Belgium",4,"Median","100",1963,4,10,14
56,"Belgium",4,"Median","101",1963,3,7,10
56,"Belgium",4,"Median","102",1963,2,5,7
56,"Belgium",4,"Median","103",1963,1,3,4
56,"Belgium",4,"Median","104",1963,1,2,3
56,"Belgium",4,"Median","105",1963,0,2,2
56,"Belgium",4,"Median","106",1963,0,1,1
56,"Belgium",4,"Median","107",1963,0,1,1
56,"Belgium",4,"Median","108",1963,0,1,1
56,"Belgium",4,"Median","109",1963,0,0,0
56,"Belgium",4,"Median","110",1963,0,0,0
56,"Belgium",4,"Median","0",1964,2331,1712,4043
56,"Belgium",4,"Median","1",1964,124,102,226
56,"Belgium",4,"Median","2",1964,58,63,121
56,"Belgium",4,"Median","3",1964,57,42,99
56,"Belgium",4,"Median","4",1964,62,40,102
56,"Belgium",4,"Median","5",1964,48,38,86
56,"Belgium",4,"Median","6",1964,44,31,75
56,"Belgium",4,"Median","7",1964,35,34,70
56,"Belgium",4,"Median","8",1964,35,25,60
56,"Belgium",4,"Median","9",1964,31,21,51
56,"Belgium",4,"Median","10",1964,28,18,46
56,"Belgium",4,"Median","11",1964,28,15,43
56,"Belgium",4,"Median","12",1964,27,26,53
56,"Belgium",4,"Median","13",1964,34,14,48
56,"Belgium",4,"Median","14",1964,43,13,56
56,"Belgium",4,"Median","15",1964,55,21,76
56,"Belgium",4,"Median","16",1964,63,22,86
56,"Belgium",4,"Median","17",1964,79,34,113
56,"Belgium",4,"Median","18",1964,84,27,111
56,"Belgium",4,"Median","19",1964,91,39,130
56,"Belgium",4,"Median","20",1964,88,41,129
56,"Belgium",4,"Median","21",1964,94,33,127
56,"Belgium",4,"Median","22",1964,97,30,127
56,"Belgium",4,"Median","23",1964,91,28,119
56,"Belgium",4,"Median","24",1964,81,41,122
56,"Belgium",4,"Median","25",1964,88,42,131
56,"Belgium",4,"Median","26",1964,105,36,141
56,"Belgium",4,"Median","27",1964,85,36,121
56,"Belgium",4,"Median","28",1964,88,46,135
56,"Belgium",4,"Median","29",1964,88,44,132
56,"Belgium",4,"Median","30",1964,94,50,145
56,"Belgium",4,"Median","31",1964,111,56,167
56,"Belgium",4,"Median","32",1964,91,50,142
56,"Belgium",4,"Median","33",1964,123,61,183
56,"Belgium",4,"Median","34",1964,121,71,192
56,"Belgium",4,"Median","35",1964,112,77,189
56,"Belgium",4,"Median","36",1964,121,92,213
56,"Belgium",4,"Median","37",1964,159,96,256
56,"Belgium",4,"Median","38",1964,152,102,254
56,"Belgium",4,"Median","39",1964,202,108,310
56,"Belgium",4,"Median","40",1964,202,118,320
56,"Belgium",4,"Median","41",1964,201,127,329
56,"Belgium",4,"Median","42",1964,229,131,360
56,"Belgium",4,"Median","43",1964,267,162,428
56,"Belgium",4,"Median","44",1964,268,142,410
56,"Belgium",4,"Median","45",1964,219,126,345
56,"Belgium",4,"Median","46",1964,189,117,307
56,"Belgium",4,"Median","47",1964,223,111,334
56,"Belgium",4,"Median","48",1964,325,209,534
56,"Belgium",4,"Median","49",1964,406,228,634
56,"Belgium",4,"Median","50",1964,453,265,717
56,"Belgium",4,"Median","51",1964,524,303,827
56,"Belgium",4,"Median","52",1964,583,308,891
56,"Belgium",4,"Median","53",1964,599,325,924
56,"Belgium",4,"Median","54",1964,687,380,1067
56,"Belgium",4,"Median","55",1964,748,411,1159
56,"Belgium",4,"Median","56",1964,895,414,1309
56,"Belgium",4,"Median","57",1964,892,497,1389
56,"Belgium",4,"Median","58",1964,1019,479,1498
56,"Belgium",4,"Median","59",1964,1203,551,1755
56,"Belgium",4,"Median","60",1964,1179,612,1791
56,"Belgium",4,"Median","61",1964,1289,640,1929
56,"Belgium",4,"Median","62",1964,1370,715,2085
56,"Belgium",4,"Median","63",1964,1422,848,2270
56,"Belgium",4,"Median","64",1964,1512,833,2346
56,"Belgium",4,"Median","65",1964,1530,988,2518
56,"Belgium",4,"Median","66",1964,1622,1000,2622
56,"Belgium",4,"Median","67",1964,1559,1120,2679
56,"Belgium",4,"Median","68",1964,1602,1203,2805
56,"Belgium",4,"Median","69",1964,1642,1242,2884
56,"Belgium",4,"Median","70",1964,1615,1323,2938
56,"Belgium",4,"Median","71",1964,1619,1399,3018
56,"Belgium",4,"Median","72",1964,1607,1465,3072
56,"Belgium",4,"Median","73",1964,1619,1509,3128
56,"Belgium",4,"Median","74",1964,1619,1589,3208
56,"Belgium",4,"Median","75",1964,1624,1648,3273
56,"Belgium",4,"Median","76",1964,1716,1764,3480
56,"Belgium",4,"Median","77",1964,1592,1828,3420
56,"Belgium",4,"Median","78",1964,1558,1888,3447
56,"Belgium",4,"Median","79",1964,1633,1821,3454
56,"Belgium",4,"Median","80",1964,1483,1839,3322
56,"Belgium",4,"Median","81",1964,1549,1889,3438
56,"Belgium",4,"Median","82",1964,1421,1782,3202
56,"Belgium",4,"Median","83",1964,1278,1633,2911
56,"Belgium",4,"Median","84",1964,1156,1498,2654
56,"Belgium",4,"Median","85",1964,1047,1417,2464
56,"Belgium",4,"Median","86",1964,945,1326,2270
56,"Belgium",4,"Median","87",1964,845,1156,2001
56,"Belgium",4,"Median","88",1964,660,963,1623
56,"Belgium",4,"Median","89",1964,574,870,1444
56,"Belgium",4,"Median","90",1964,413,627,1040
56,"Belgium",4,"Median","91",1964,311,559,870
56,"Belgium",4,"Median","92",1964,214,400,614
56,"Belgium",4,"Median","93",1964,152,262,414
56,"Belgium",4,"Median","94",1964,102,214,316
56,"Belgium",4,"Median","95",1964,70,146,216
56,"Belgium",4,"Median","96",1964,45,99,144
56,"Belgium",4,"Median","97",1964,27,66,93
56,"Belgium",4,"Median","98",1964,15,42,58
56,"Belgium",4,"Median","99",1964,9,26,35
56,"Belgium",4,"Median","100",1964,3,10,13
56,"Belgium",4,"Median","101",1964,2,7,9
56,"Belgium",4,"Median","102",1964,1,5,6
56,"Belgium",4,"Median","103",1964,1,3,4
56,"Belgium",4,"Median","104",1964,1,2,3
56,"Belgium",4,"Median","105",1964,0,2,2
56,"Belgium",4,"Median","106",1964,0,1,1
56,"Belgium",4,"Median","107",1964,0,1,1
56,"Belgium",4,"Median","108",1964,0,1,1
56,"Belgium",4,"Median","109",1964,0,0,0
56,"Belgium",4,"Median","110",1964,0,0,0
56,"Belgium",4,"Median","0",1965,2031,1559,3590
56,"Belgium",4,"Median","1",1965,145,118,263
56,"Belgium",4,"Median","2",1965,81,52,133
56,"Belgium",4,"Median","3",1965,50,49,98
56,"Belgium",4,"Median","4",1965,67,34,101
56,"Belgium",4,"Median","5",1965,37,26,63
56,"Belgium",4,"Median","6",1965,49,27,76
56,"Belgium",4,"Median","7",1965,54,25,79
56,"Belgium",4,"Median","8",1965,36,35,71
56,"Belgium",4,"Median","9",1965,28,18,46
56,"Belgium",4,"Median","10",1965,23,25,48
56,"Belgium",4,"Median","11",1965,29,14,43
56,"Belgium",4,"Median","12",1965,30,27,57
56,"Belgium",4,"Median","13",1965,30,32,61
56,"Belgium",4,"Median","14",1965,42,32,74
56,"Belgium",4,"Median","15",1965,25,18,43
56,"Belgium",4,"Median","16",1965,63,31,93
56,"Belgium",4,"Median","17",1965,80,42,122
56,"Belgium",4,"Median","18",1965,88,28,116
56,"Belgium",4,"Median","19",1965,98,37,136
56,"Belgium",4,"Median","20",1965,95,36,131
56,"Belgium",4,"Median","21",1965,101,35,135
56,"Belgium",4,"Median","22",1965,81,32,113
56,"Belgium",4,"Median","23",1965,86,28,114
56,"Belgium",4,"Median","24",1965,67,36,104
56,"Belgium",4,"Median","25",1965,100,34,133
56,"Belgium",4,"Median","26",1965,90,45,135
56,"Belgium",4,"Median","27",1965,84,29,113
56,"Belgium",4,"Median","28",1965,73,43,116
56,"Belgium",4,"Median","29",1965,89,32,121
56,"Belgium",4,"Median","30",1965,78,45,122
56,"Belgium",4,"Median","31",1965,111,69,180
56,"Belgium",4,"Median","32",1965,118,58,176
56,"Belgium",4,"Median","33",1965,115,71,187
56,"Belgium",4,"Median","34",1965,133,67,200
56,"Belgium",4,"Median","35",1965,114,71,185
56,"Belgium",4,"Median","36",1965,164,74,238
56,"Belgium",4,"Median","37",1965,161,99,260
56,"Belgium",4,"Median","38",1965,138,90,228
56,"Belgium",4,"Median","39",1965,198,117,314
56,"Belgium",4,"Median","40",1965,189,98,288
56,"Belgium",4,"Median","41",1965,220,129,348
56,"Belgium",4,"Median","42",1965,264,143,407
56,"Belgium",4,"Median","43",1965,242,153,395
56,"Belgium",4,"Median","44",1965,279,165,444
56,"Belgium",4,"Median","45",1965,292,158,450
56,"Belgium",4,"Median","46",1965,252,156,408
56,"Belgium",4,"Median","47",1965,203,136,339
56,"Belgium",4,"Median","48",1965,247,145,392
56,"Belgium",4,"Median","49",1965,365,231,595
56,"Belgium",4,"Median","50",1965,406,229,636
56,"Belgium",4,"Median","51",1965,574,279,853
56,"Belgium",4,"Median","52",1965,575,335,911
56,"Belgium",4,"Median","53",1965,633,348,982
56,"Belgium",4,"Median","54",1965,727,355,1082
56,"Belgium",4,"Median","55",1965,820,386,1206
56,"Belgium",4,"Median","56",1965,885,422,1307
56,"Belgium",4,"Median","57",1965,962,462,1423
56,"Belgium",4,"Median","58",1965,1042,559,1601
56,"Belgium",4,"Median","59",1965,1195,584,1779
56,"Belgium",4,"Median","60",1965,1229,651,1880
56,"Belgium",4,"Median","61",1965,1280,724,2004
56,"Belgium",4,"Median","62",1965,1444,796,2240
56,"Belgium",4,"Median","63",1965,1538,854,2392
56,"Belgium",4,"Median","64",1965,1607,880,2486
56,"Belgium",4,"Median","65",1965,1580,1014,2594
56,"Belgium",4,"Median","66",1965,1609,1067,2675
56,"Belgium",4,"Median","67",1965,1709,1089,2797
56,"Belgium",4,"Median","68",1965,1773,1174,2947
56,"Belgium",4,"Median","69",1965,1710,1305,3015
56,"Belgium",4,"Median","70",1965,1702,1417,3120
56,"Belgium",4,"Median","71",1965,1687,1489,3176
56,"Belgium",4,"Median","72",1965,1687,1504,3191
56,"Belgium",4,"Median","73",1965,1715,1553,3268
56,"Belgium",4,"Median","74",1965,1763,1692,3456
56,"Belgium",4,"Median","75",1965,1726,1690,3416
56,"Belgium",4,"Median","76",1965,1776,1748,3524
56,"Belgium",4,"Median","77",1965,1804,1950,3754
56,"Belgium",4,"Median","78",1965,1751,1905,3656
56,"Belgium",4,"Median","79",1965,1768,2017,3784
56,"Belgium",4,"Median","80",1965,1649,1981,3630
56,"Belgium",4,"Median","81",1965,1508,1981,3489
56,"Belgium",4,"Median","82",1965,1492,1876,3369
56,"Belgium",4,"Median","83",1965,1393,1852,3245
56,"Belgium",4,"Median","84",1965,1281,1640,2921
56,"Belgium",4,"Median","85",1965,1100,1514,2613
56,"Belgium",4,"Median","86",1965,1006,1347,2352
56,"Belgium",4,"Median","87",1965,848,1219,2067
56,"Belgium",4,"Median","88",1965,639,1092,1731
56,"Belgium",4,"Median","89",1965,558,893,1451
56,"Belgium",4,"Median","90",1965,428,754,1182
56,"Belgium",4,"Median","91",1965,336,563,899
56,"Belgium",4,"Median","92",1965,249,485,734
56,"Belgium",4,"Median","93",1965,178,292,470
56,"Belgium",4,"Median","94",1965,132,237,368
56,"Belgium",4,"Median","95",1965,81,165,246
56,"Belgium",4,"Median","96",1965,52,112,163
56,"Belgium",4,"Median","97",1965,33,73,106
56,"Belgium",4,"Median","98",1965,19,47,66
56,"Belgium",4,"Median","99",1965,10,29,40
56,"Belgium",4,"Median","100",1965,4,12,16
56,"Belgium",4,"Median","101",1965,3,8,11
56,"Belgium",4,"Median","102",1965,2,6,8
56,"Belgium",4,"Median","103",1965,1,4,5
56,"Belgium",4,"Median","104",1965,1,3,4
56,"Belgium",4,"Median","105",1965,1,2,3
56,"Belgium",4,"Median","106",1965,0,1,1
56,"Belgium",4,"Median","107",1965,0,1,1
56,"Belgium",4,"Median","108",1965,0,1,1
56,"Belgium",4,"Median","109",1965,0,0,0
56,"Belgium",4,"Median","110",1965,0,0,0
56,"Belgium",4,"Median","0",1966,2065,1582,3647
56,"Belgium",4,"Median","1",1966,137,97,235
56,"Belgium",4,"Median","2",1966,78,57,135
56,"Belgium",4,"Median","3",1966,58,44,102
56,"Belgium",4,"Median","4",1966,64,47,111
56,"Belgium",4,"Median","5",1966,54,40,94
56,"Belgium",4,"Median","6",1966,47,26,72
56,"Belgium",4,"Median","7",1966,51,30,80
56,"Belgium",4,"Median","8",1966,45,22,68
56,"Belgium",4,"Median","9",1966,38,27,66
56,"Belgium",4,"Median","10",1966,33,16,49
56,"Belgium",4,"Median","11",1966,37,17,53
56,"Belgium",4,"Median","12",1966,33,19,53
56,"Belgium",4,"Median","13",1966,26,30,56
56,"Belgium",4,"Median","14",1966,51,17,68
56,"Belgium",4,"Median","15",1966,41,28,70
56,"Belgium",4,"Median","16",1966,64,21,84
56,"Belgium",4,"Median","17",1966,71,29,99
56,"Belgium",4,"Median","18",1966,92,35,127
56,"Belgium",4,"Median","19",1966,95,43,138
56,"Belgium",4,"Median","20",1966,98,33,131
56,"Belgium",4,"Median","21",1966,84,29,113
56,"Belgium",4,"Median","22",1966,83,36,119
56,"Belgium",4,"Median","23",1966,73,38,111
56,"Belgium",4,"Median","24",1966,77,26,103
56,"Belgium",4,"Median","25",1966,80,40,120
56,"Belgium",4,"Median","26",1966,80,40,120
56,"Belgium",4,"Median","27",1966,81,41,122
56,"Belgium",4,"Median","28",1966,95,44,139
56,"Belgium",4,"Median","29",1966,89,39,128
56,"Belgium",4,"Median","30",1966,80,50,130
56,"Belgium",4,"Median","31",1966,92,39,131
56,"Belgium",4,"Median","32",1966,87,38,126
56,"Belgium",4,"Median","33",1966,102,62,165
56,"Belgium",4,"Median","34",1966,118,68,186
56,"Belgium",4,"Median","35",1966,123,71,194
56,"Belgium",4,"Median","36",1966,128,82,209
56,"Belgium",4,"Median","37",1966,134,87,221
56,"Belgium",4,"Median","38",1966,182,97,279
56,"Belgium",4,"Median","39",1966,168,97,265
56,"Belgium",4,"Median","40",1966,154,119,273
56,"Belgium",4,"Median","41",1966,206,140,346
56,"Belgium",4,"Median","42",1966,240,128,367
56,"Belgium",4,"Median","43",1966,232,160,391
56,"Belgium",4,"Median","44",1966,255,191,446
56,"Belgium",4,"Median","45",1966,353,200,553
56,"Belgium",4,"Median","46",1966,305,199,504
56,"Belgium",4,"Median","47",1966,265,133,398
56,"Belgium",4,"Median","48",1966,224,144,368
56,"Belgium",4,"Median","49",1966,288,169,457
56,"Belgium",4,"Median","50",1966,368,215,583
56,"Belgium",4,"Median","51",1966,421,253,674
56,"Belgium",4,"Median","52",1966,525,304,830
56,"Belgium",4,"Median","53",1966,673,357,1030
56,"Belgium",4,"Median","54",1966,657,357,1014
56,"Belgium",4,"Median","55",1966,724,369,1093
56,"Belgium",4,"Median","56",1966,848,404,1251
56,"Belgium",4,"Median","57",1966,963,482,1445
56,"Belgium",4,"Median","58",1966,1028,500,1528
56,"Belgium",4,"Median","59",1966,1122,623,1746
56,"Belgium",4,"Median","60",1966,1250,644,1894
56,"Belgium",4,"Median","61",1966,1374,704,2078
56,"Belgium",4,"Median","62",1966,1354,766,2120
56,"Belgium",4,"Median","63",1966,1538,831,2369
56,"Belgium",4,"Median","64",1966,1670,900,2570
56,"Belgium",4,"Median","65",1966,1715,1005,2720
56,"Belgium",4,"Median","66",1966,1643,1062,2706
56,"Belgium",4,"Median","67",1966,1733,1141,2874
56,"Belgium",4,"Median","68",1966,1691,1222,2913
56,"Belgium",4,"Median","69",1966,1801,1369,3170
56,"Belgium",4,"Median","70",1966,1758,1378,3136
56,"Belgium",4,"Median","71",1966,1830,1412,3242
56,"Belgium",4,"Median","72",1966,1682,1604,3286
56,"Belgium",4,"Median","73",1966,1775,1564,3339
56,"Belgium",4,"Median","74",1966,1722,1708,3431
56,"Belgium",4,"Median","75",1966,1705,1760,3465
56,"Belgium",4,"Median","76",1966,1753,1821,3573
56,"Belgium",4,"Median","77",1966,1697,1935,3632
56,"Belgium",4,"Median","78",1966,1741,1902,3643
56,"Belgium",4,"Median","79",1966,1663,1942,3605
56,"Belgium",4,"Median","80",1966,1645,1971,3616
56,"Belgium",4,"Median","81",1966,1543,2011,3554
56,"Belgium",4,"Median","82",1966,1463,1800,3263
56,"Belgium",4,"Median","83",1966,1461,1908,3369
56,"Belgium",4,"Median","84",1966,1238,1829,3067
56,"Belgium",4,"Median","85",1966,1175,1577,2753
56,"Belgium",4,"Median","86",1966,968,1405,2373
56,"Belgium",4,"Median","87",1966,842,1227,2069
56,"Belgium",4,"Median","88",1966,720,1146,1866
56,"Belgium",4,"Median","89",1966,584,921,1505
56,"Belgium",4,"Median","90",1966,431,759,1190
56,"Belgium",4,"Median","91",1966,348,568,916
56,"Belgium",4,"Median","92",1966,252,490,742
56,"Belgium",4,"Median","93",1966,217,374,591
56,"Belgium",4,"Median","94",1966,116,274,390
56,"Belgium",4,"Median","95",1966,87,177,265
56,"Belgium",4,"Median","96",1966,54,124,178
56,"Belgium",4,"Median","97",1966,34,81,115
56,"Belgium",4,"Median","98",1966,21,52,72
56,"Belgium",4,"Median","99",1966,12,32,44
56,"Belgium",4,"Median","100",1966,4,13,17
56,"Belgium",4,"Median","101",1966,3,9,12
56,"Belgium",4,"Median","102",1966,2,6,8
56,"Belgium",4,"Median","103",1966,1,4,5
56,"Belgium",4,"Median","104",1966,1,3,4
56,"Belgium",4,"Median","105",1966,1,2,3
56,"Belgium",4,"Median","106",1966,0,2,2
56,"Belgium",4,"Median","107",1966,0,1,1
56,"Belgium",4,"Median","108",1966,0,1,1
56,"Belgium",4,"Median","109",1966,0,1,1
56,"Belgium",4,"Median","110",1966,0,0,0
56,"Belgium",4,"Median","0",1967,1919,1351,3270
56,"Belgium",4,"Median","1",1967,129,97,226
56,"Belgium",4,"Median","2",1967,59,57,116
56,"Belgium",4,"Median","3",1967,60,44,104
56,"Belgium",4,"Median","4",1967,43,45,88
56,"Belgium",4,"Median","5",1967,48,34,82
56,"Belgium",4,"Median","6",1967,40,27,67
56,"Belgium",4,"Median","7",1967,31,34,65
56,"Belgium",4,"Median","8",1967,31,29,60
56,"Belgium",4,"Median","9",1967,41,17,58
56,"Belgium",4,"Median","10",1967,26,22,48
56,"Belgium",4,"Median","11",1967,31,15,46
56,"Belgium",4,"Median","12",1967,35,13,48
56,"Belgium",4,"Median","13",1967,40,18,58
56,"Belgium",4,"Median","14",1967,35,23,58
56,"Belgium",4,"Median","15",1967,39,22,61
56,"Belgium",4,"Median","16",1967,48,27,75
56,"Belgium",4,"Median","17",1967,70,26,96
56,"Belgium",4,"Median","18",1967,99,36,135
56,"Belgium",4,"Median","19",1967,95,40,136
56,"Belgium",4,"Median","20",1967,105,36,141
56,"Belgium",4,"Median","21",1967,99,37,136
56,"Belgium",4,"Median","22",1967,86,40,127
56,"Belgium",4,"Median","23",1967,101,30,130
56,"Belgium",4,"Median","24",1967,71,35,106
56,"Belgium",4,"Median","25",1967,89,36,125
56,"Belgium",4,"Median","26",1967,79,31,110
56,"Belgium",4,"Median","27",1967,77,28,104
56,"Belgium",4,"Median","28",1967,74,38,112
56,"Belgium",4,"Median","29",1967,95,39,133
56,"Belgium",4,"Median","30",1967,78,46,124
56,"Belgium",4,"Median","31",1967,84,39,123
56,"Belgium",4,"Median","32",1967,85,49,134
56,"Belgium",4,"Median","33",1967,94,61,155
56,"Belgium",4,"Median","34",1967,116,65,181
56,"Belgium",4,"Median","35",1967,109,62,171
56,"Belgium",4,"Median","36",1967,135,77,212
56,"Belgium",4,"Median","37",1967,160,87,247
56,"Belgium",4,"Median","38",1967,118,97,215
56,"Belgium",4,"Median","39",1967,172,90,263
56,"Belgium",4,"Median","40",1967,195,106,301
56,"Belgium",4,"Median","41",1967,218,111,329
56,"Belgium",4,"Median","42",1967,221,136,357
56,"Belgium",4,"Median","43",1967,227,167,394
56,"Belgium",4,"Median","44",1967,277,171,448
56,"Belgium",4,"Median","45",1967,292,179,471
56,"Belgium",4,"Median","46",1967,343,235,578
56,"Belgium",4,"Median","47",1967,339,171,510
56,"Belgium",4,"Median","48",1967,270,175,445
56,"Belgium",4,"Median","49",1967,252,158,410
56,"Belgium",4,"Median","50",1967,302,171,473
56,"Belgium",4,"Median","51",1967,446,218,664
56,"Belgium",4,"Median","52",1967,487,270,757
56,"Belgium",4,"Median","53",1967,599,330,930
56,"Belgium",4,"Median","54",1967,714,345,1059
56,"Belgium",4,"Median","55",1967,764,394,1158
56,"Belgium",4,"Median","56",1967,799,420,1218
56,"Belgium",4,"Median","57",1967,920,425,1345
56,"Belgium",4,"Median","58",1967,1079,537,1616
56,"Belgium",4,"Median","59",1967,1158,555,1713
56,"Belgium",4,"Median","60",1967,1286,616,1902
56,"Belgium",4,"Median","61",1967,1285,678,1963
56,"Belgium",4,"Median","62",1967,1373,750,2123
56,"Belgium",4,"Median","63",1967,1521,800,2321
56,"Belgium",4,"Median","64",1967,1547,893,2440
56,"Belgium",4,"Median","65",1967,1717,1006,2723
56,"Belgium",4,"Median","66",1967,1757,1074,2832
56,"Belgium",4,"Median","67",1967,1742,1155,2897
56,"Belgium",4,"Median","68",1967,1741,1215,2956
56,"Belgium",4,"Median","69",1967,1831,1272,3103
56,"Belgium",4,"Median","70",1967,1860,1515,3375
56,"Belgium",4,"Median","71",1967,1835,1477,3312
56,"Belgium",4,"Median","72",1967,1809,1602,3412
56,"Belgium",4,"Median","73",1967,1729,1666,3395
56,"Belgium",4,"Median","74",1967,1796,1743,3539
56,"Belgium",4,"Median","75",1967,1733,1804,3537
56,"Belgium",4,"Median","76",1967,1720,1837,3558
56,"Belgium",4,"Median","77",1967,1681,1871,3553
56,"Belgium",4,"Median","78",1967,1708,1885,3593
56,"Belgium",4,"Median","79",1967,1676,1896,3572
56,"Belgium",4,"Median","80",1967,1634,1912,3545
56,"Belgium",4,"Median","81",1967,1532,1977,3509
56,"Belgium",4,"Median","82",1967,1430,1923,3354
56,"Belgium",4,"Median","83",1967,1369,1787,3156
56,"Belgium",4,"Median","84",1967,1327,1700,3027
56,"Belgium",4,"Median","85",1967,1189,1573,2762
56,"Belgium",4,"Median","86",1967,996,1416,2411
56,"Belgium",4,"Median","87",1967,827,1256,2083
56,"Belgium",4,"Median","88",1967,728,1054,1782
56,"Belgium",4,"Median","89",1967,564,938,1502
56,"Belgium",4,"Median","90",1967,486,805,1290
56,"Belgium",4,"Median","91",1967,365,642,1007
56,"Belgium",4,"Median","92",1967,256,470,726
56,"Belgium",4,"Median","93",1967,195,367,562
56,"Belgium",4,"Median","94",1967,130,248,378
56,"Belgium",4,"Median","95",1967,92,177,269
56,"Belgium",4,"Median","96",1967,60,119,179
56,"Belgium",4,"Median","97",1967,36,80,117
56,"Belgium",4,"Median","98",1967,22,51,73
56,"Belgium",4,"Median","99",1967,13,31,44
56,"Belgium",4,"Median","100",1967,5,13,18
56,"Belgium",4,"Median","101",1967,3,9,12
56,"Belgium",4,"Median","102",1967,2,6,8
56,"Belgium",4,"Median","103",1967,1,4,5
56,"Belgium",4,"Median","104",1967,1,3,4
56,"Belgium",4,"Median","105",1967,1,2,3
56,"Belgium",4,"Median","106",1967,0,1,1
56,"Belgium",4,"Median","107",1967,0,1,1
56,"Belgium",4,"Median","108",1967,0,1,1
56,"Belgium",4,"Median","109",1967,0,1,1
56,"Belgium",4,"Median","110",1967,0,0,0
56,"Belgium",4,"Median","0",1968,1753,1258,3011
56,"Belgium",4,"Median","1",1968,142,111,253
56,"Belgium",4,"Median","2",1968,77,52,129
56,"Belgium",4,"Median","3",1968,51,44,95
56,"Belgium",4,"Median","4",1968,52,42,94
56,"Belgium",4,"Median","5",1968,47,36,84
56,"Belgium",4,"Median","6",1968,45,29,74
56,"Belgium",4,"Median","7",1968,45,33,77
56,"Belgium",4,"Median","8",1968,37,31,69
56,"Belgium",4,"Median","9",1968,29,16,45
56,"Belgium",4,"Median","10",1968,33,19,52
56,"Belgium",4,"Median","11",1968,30,24,54
56,"Belgium",4,"Median","12",1968,32,30,62
56,"Belgium",4,"Median","13",1968,25,30,54
56,"Belgium",4,"Median","14",1968,37,28,65
56,"Belgium",4,"Median","15",1968,46,26,72
56,"Belgium",4,"Median","16",1968,68,21,89
56,"Belgium",4,"Median","17",1968,82,39,122
56,"Belgium",4,"Median","18",1968,105,34,139
56,"Belgium",4,"Median","19",1968,78,44,122
56,"Belgium",4,"Median","20",1968,85,37,122
56,"Belgium",4,"Median","21",1968,124,47,172
56,"Belgium",4,"Median","22",1968,99,38,137
56,"Belgium",4,"Median","23",1968,100,28,128
56,"Belgium",4,"Median","24",1968,91,45,136
56,"Belgium",4,"Median","25",1968,75,35,110
56,"Belgium",4,"Median","26",1968,78,29,107
56,"Belgium",4,"Median","27",1968,71,23,94
56,"Belgium",4,"Median","28",1968,79,38,117
56,"Belgium",4,"Median","29",1968,81,52,133
56,"Belgium",4,"Median","30",1968,95,34,129
56,"Belgium",4,"Median","31",1968,88,47,135
56,"Belgium",4,"Median","32",1968,86,54,141
56,"Belgium",4,"Median","33",1968,106,57,163
56,"Belgium",4,"Median","34",1968,97,71,168
56,"Belgium",4,"Median","35",1968,122,56,178
56,"Belgium",4,"Median","36",1968,129,81,210
56,"Belgium",4,"Median","37",1968,140,79,219
56,"Belgium",4,"Median","38",1968,130,96,225
56,"Belgium",4,"Median","39",1968,149,96,245
56,"Belgium",4,"Median","40",1968,161,101,262
56,"Belgium",4,"Median","41",1968,186,119,305
56,"Belgium",4,"Median","42",1968,238,135,374
56,"Belgium",4,"Median","43",1968,277,147,424
56,"Belgium",4,"Median","44",1968,259,169,428
56,"Belgium",4,"Median","45",1968,324,164,488
56,"Belgium",4,"Median","46",1968,343,188,531
56,"Belgium",4,"Median","47",1968,392,191,583
56,"Belgium",4,"Median","48",1968,375,190,565
56,"Belgium",4,"Median","49",1968,317,159,476
56,"Belgium",4,"Median","50",1968,298,175,473
56,"Belgium",4,"Median","51",1968,315,186,501
56,"Belgium",4,"Median","52",1968,449,263,712
56,"Belgium",4,"Median","53",1968,562,272,834
56,"Belgium",4,"Median","54",1968,702,390,1092
56,"Belgium",4,"Median","55",1968,837,406,1243
56,"Belgium",4,"Median","56",1968,821,431,1252
56,"Belgium",4,"Median","57",1968,951,486,1437
56,"Belgium",4,"Median","58",1968,981,543,1524
56,"Belgium",4,"Median","59",1968,1174,577,1751
56,"Belgium",4,"Median","60",1968,1257,648,1905
56,"Belgium",4,"Median","61",1968,1383,649,2032
56,"Belgium",4,"Median","62",1968,1384,749,2133
56,"Belgium",4,"Median","63",1968,1507,864,2371
56,"Belgium",4,"Median","64",1968,1638,866,2505
56,"Belgium",4,"Median","65",1968,1729,1008,2737
56,"Belgium",4,"Median","66",1968,1959,1105,3064
56,"Belgium",4,"Median","67",1968,1873,1148,3021
56,"Belgium",4,"Median","68",1968,1902,1267,3170
56,"Belgium",4,"Median","69",1968,1909,1375,3284
56,"Belgium",4,"Median","70",1968,1970,1483,3453
56,"Belgium",4,"Median","71",1968,2047,1586,3633
56,"Belgium",4,"Median","72",1968,1900,1695,3596
56,"Belgium",4,"Median","73",1968,1919,1761,3680
56,"Belgium",4,"Median","74",1968,1923,1863,3786
56,"Belgium",4,"Median","75",1968,1908,1944,3852
56,"Belgium",4,"Median","76",1968,1806,1930,3736
56,"Belgium",4,"Median","77",1968,1844,2095,3939
56,"Belgium",4,"Median","78",1968,1855,2153,4008
56,"Belgium",4,"Median","79",1968,1757,2020,3777
56,"Belgium",4,"Median","80",1968,1727,2068,3794
56,"Belgium",4,"Median","81",1968,1588,2031,3619
56,"Belgium",4,"Median","82",1968,1576,2110,3686
56,"Belgium",4,"Median","83",1968,1511,1965,3477
56,"Belgium",4,"Median","84",1968,1368,1876,3244
56,"Belgium",4,"Median","85",1968,1248,1754,3002
56,"Belgium",4,"Median","86",1968,1127,1648,2774
56,"Belgium",4,"Median","87",1968,924,1414,2338
56,"Belgium",4,"Median","88",1968,768,1264,2032
56,"Belgium",4,"Median","89",1968,684,1034,1718
56,"Belgium",4,"Median","90",1968,531,879,1410
56,"Belgium",4,"Median","91",1968,392,692,1084
56,"Belgium",4,"Median","92",1968,299,538,837
56,"Belgium",4,"Median","93",1968,228,415,642
56,"Belgium",4,"Median","94",1968,136,293,429
56,"Belgium",4,"Median","95",1968,101,213,314
56,"Belgium",4,"Median","96",1968,68,137,205
56,"Belgium",4,"Median","97",1968,43,89,132
56,"Belgium",4,"Median","98",1968,25,58,83
56,"Belgium",4,"Median","99",1968,15,35,50
56,"Belgium",4,"Median","100",1968,6,14,20
56,"Belgium",4,"Median","101",1968,4,10,14
56,"Belgium",4,"Median","102",1968,3,7,10
56,"Belgium",4,"Median","103",1968,2,5,7
56,"Belgium",4,"Median","104",1968,1,3,4
56,"Belgium",4,"Median","105",1968,1,2,3
56,"Belgium",4,"Median","106",1968,1,2,3
56,"Belgium",4,"Median","107",1968,0,1,1
56,"Belgium",4,"Median","108",1968,0,1,1
56,"Belgium",4,"Median","109",1968,0,1,1
56,"Belgium",4,"Median","110",1968,0,0,0
56,"Belgium",4,"Median","0",1969,1791,1192,2983
56,"Belgium",4,"Median","1",1969,124,98,222
56,"Belgium",4,"Median","2",1969,76,65,141
56,"Belgium",4,"Median","3",1969,70,45,115
56,"Belgium",4,"Median","4",1969,55,41,96
56,"Belgium",4,"Median","5",1969,45,33,77
56,"Belgium",4,"Median","6",1969,44,32,76
56,"Belgium",4,"Median","7",1969,41,20,60
56,"Belgium",4,"Median","8",1969,33,27,59
56,"Belgium",4,"Median","9",1969,38,22,60
56,"Belgium",4,"Median","10",1969,29,22,51
56,"Belgium",4,"Median","11",1969,43,29,72
56,"Belgium",4,"Median","12",1969,24,21,45
56,"Belgium",4,"Median","13",1969,47,25,72
56,"Belgium",4,"Median","14",1969,46,28,73
56,"Belgium",4,"Median","15",1969,48,26,74
56,"Belgium",4,"Median","16",1969,67,29,96
56,"Belgium",4,"Median","17",1969,77,29,106
56,"Belgium",4,"Median","18",1969,88,30,117
56,"Belgium",4,"Median","19",1969,123,38,161
56,"Belgium",4,"Median","20",1969,109,48,156
56,"Belgium",4,"Median","21",1969,112,24,136
56,"Belgium",4,"Median","22",1969,114,44,158
56,"Belgium",4,"Median","23",1969,94,33,127
56,"Belgium",4,"Median","24",1969,89,37,126
56,"Belgium",4,"Median","25",1969,71,44,115
56,"Belgium",4,"Median","26",1969,87,42,129
56,"Belgium",4,"Median","27",1969,82,40,122
56,"Belgium",4,"Median","28",1969,64,36,101
56,"Belgium",4,"Median","29",1969,90,49,139
56,"Belgium",4,"Median","30",1969,98,46,143
56,"Belgium",4,"Median","31",1969,97,47,144
56,"Belgium",4,"Median","32",1969,85,40,125
56,"Belgium",4,"Median","33",1969,98,50,149
56,"Belgium",4,"Median","34",1969,97,59,156
56,"Belgium",4,"Median","35",1969,97,58,155
56,"Belgium",4,"Median","36",1969,124,81,205
56,"Belgium",4,"Median","37",1969,144,64,209
56,"Belgium",4,"Median","38",1969,150,90,240
56,"Belgium",4,"Median","39",1969,176,108,284
56,"Belgium",4,"Median","40",1969,185,101,286
56,"Belgium",4,"Median","41",1969,189,97,285
56,"Belgium",4,"Median","42",1969,238,125,363
56,"Belgium",4,"Median","43",1969,231,152,383
56,"Belgium",4,"Median","44",1969,265,173,437
56,"Belgium",4,"Median","45",1969,333,192,525
56,"Belgium",4,"Median","46",1969,336,228,564
56,"Belgium",4,"Median","47",1969,393,209,602
56,"Belgium",4,"Median","48",1969,406,263,669
56,"Belgium",4,"Median","49",1969,378,247,625
56,"Belgium",4,"Median","50",1969,367,221,588
56,"Belgium",4,"Median","51",1969,312,170,482
56,"Belgium",4,"Median","52",1969,368,204,572
56,"Belgium",4,"Median","53",1969,550,277,827
56,"Belgium",4,"Median","54",1969,659,309,968
56,"Belgium",4,"Median","55",1969,789,407,1195
56,"Belgium",4,"Median","56",1969,835,426,1261
56,"Belgium",4,"Median","57",1969,871,463,1334
56,"Belgium",4,"Median","58",1969,975,498,1473
56,"Belgium",4,"Median","59",1969,1162,544,1705
56,"Belgium",4,"Median","60",1969,1217,594,1811
56,"Belgium",4,"Median","61",1969,1299,697,1996
56,"Belgium",4,"Median","62",1969,1447,765,2212
56,"Belgium",4,"Median","63",1969,1554,792,2345
56,"Belgium",4,"Median","64",1969,1612,874,2486
56,"Belgium",4,"Median","65",1969,1716,1007,2724
56,"Belgium",4,"Median","66",1969,1926,1084,3011
56,"Belgium",4,"Median","67",1969,1892,1232,3123
56,"Belgium",4,"Median","68",1969,1957,1330,3288
56,"Belgium",4,"Median","69",1969,1983,1372,3355
56,"Belgium",4,"Median","70",1969,2039,1518,3557
56,"Belgium",4,"Median","71",1969,2032,1604,3636
56,"Belgium",4,"Median","72",1969,2045,1709,3753
56,"Belgium",4,"Median","73",1969,1935,1785,3720
56,"Belgium",4,"Median","74",1969,1934,1876,3810
56,"Belgium",4,"Median","75",1969,1939,1905,3845
56,"Belgium",4,"Median","76",1969,1807,2031,3837
56,"Belgium",4,"Median","77",1969,1800,2053,3852
56,"Belgium",4,"Median","78",1969,1799,1988,3787
56,"Belgium",4,"Median","79",1969,1734,2021,3754
56,"Belgium",4,"Median","80",1969,1729,2023,3752
56,"Belgium",4,"Median","81",1969,1578,2006,3584
56,"Belgium",4,"Median","82",1969,1439,1966,3405
56,"Belgium",4,"Median","83",1969,1401,1963,3364
56,"Belgium",4,"Median","84",1969,1294,1775,3069
56,"Belgium",4,"Median","85",1969,1194,1748,2942
56,"Belgium",4,"Median","86",1969,1029,1532,2561
56,"Belgium",4,"Median","87",1969,922,1360,2282
56,"Belgium",4,"Median","88",1969,765,1152,1917
56,"Belgium",4,"Median","89",1969,606,1016,1622
56,"Belgium",4,"Median","90",1969,485,835,1319
56,"Belgium",4,"Median","91",1969,382,649,1031
56,"Belgium",4,"Median","92",1969,286,502,787
56,"Belgium",4,"Median","93",1969,199,416,614
56,"Belgium",4,"Median","94",1969,158,245,403
56,"Belgium",4,"Median","95",1969,96,202,298
56,"Belgium",4,"Median","96",1969,64,135,200
56,"Belgium",4,"Median","97",1969,42,84,126
56,"Belgium",4,"Median","98",1969,25,53,78
56,"Belgium",4,"Median","99",1969,14,33,48
56,"Belgium",4,"Median","100",1969,6,14,20
56,"Belgium",4,"Median","101",1969,4,9,13
56,"Belgium",4,"Median","102",1969,3,7,10
56,"Belgium",4,"Median","103",1969,2,5,7
56,"Belgium",4,"Median","104",1969,1,3,4
56,"Belgium",4,"Median","105",1969,1,2,3
56,"Belgium",4,"Median","106",1969,1,2,3
56,"Belgium",4,"Median","107",1969,0,1,1
56,"Belgium",4,"Median","108",1969,0,1,1
56,"Belgium",4,"Median","109",1969,0,1,1
56,"Belgium",4,"Median","110",1969,0,0,0
56,"Belgium",4,"Median","0",1970,1759,1234,2993
56,"Belgium",4,"Median","1",1970,119,84,203
56,"Belgium",4,"Median","2",1970,61,65,126
56,"Belgium",4,"Median","3",1970,57,37,94
56,"Belgium",4,"Median","4",1970,52,30,82
56,"Belgium",4,"Median","5",1970,47,35,82
56,"Belgium",4,"Median","6",1970,60,22,81
56,"Belgium",4,"Median","7",1970,39,26,65
56,"Belgium",4,"Median","8",1970,44,22,66
56,"Belgium",4,"Median","9",1970,31,25,56
56,"Belgium",4,"Median","10",1970,36,26,62
56,"Belgium",4,"Median","11",1970,28,18,46
56,"Belgium",4,"Median","12",1970,38,30,68
56,"Belgium",4,"Median","13",1970,40,19,59
56,"Belgium",4,"Median","14",1970,49,20,69
56,"Belgium",4,"Median","15",1970,41,22,63
56,"Belgium",4,"Median","16",1970,83,28,111
56,"Belgium",4,"Median","17",1970,82,24,106
56,"Belgium",4,"Median","18",1970,85,44,129
56,"Belgium",4,"Median","19",1970,114,31,146
56,"Belgium",4,"Median","20",1970,120,39,159
56,"Belgium",4,"Median","21",1970,101,37,138
56,"Belgium",4,"Median","22",1970,117,31,148
56,"Belgium",4,"Median","23",1970,85,36,121
56,"Belgium",4,"Median","24",1970,88,35,123
56,"Belgium",4,"Median","25",1970,67,49,116
56,"Belgium",4,"Median","26",1970,106,38,143
56,"Belgium",4,"Median","27",1970,74,37,111
56,"Belgium",4,"Median","28",1970,66,24,90
56,"Belgium",4,"Median","29",1970,81,35,116
56,"Belgium",4,"Median","30",1970,82,44,127
56,"Belgium",4,"Median","31",1970,75,49,124
56,"Belgium",4,"Median","32",1970,101,60,161
56,"Belgium",4,"Median","33",1970,99,56,155
56,"Belgium",4,"Median","34",1970,96,65,162
56,"Belgium",4,"Median","35",1970,126,67,193
56,"Belgium",4,"Median","36",1970,140,85,225
56,"Belgium",4,"Median","37",1970,150,76,226
56,"Belgium",4,"Median","38",1970,142,78,219
56,"Belgium",4,"Median","39",1970,162,118,280
56,"Belgium",4,"Median","40",1970,178,116,294
56,"Belgium",4,"Median","41",1970,203,133,336
56,"Belgium",4,"Median","42",1970,210,131,342
56,"Belgium",4,"Median","43",1970,230,127,357
56,"Belgium",4,"Median","44",1970,285,179,465
56,"Belgium",4,"Median","45",1970,316,179,495
56,"Belgium",4,"Median","46",1970,339,208,547
56,"Belgium",4,"Median","47",1970,344,207,551
56,"Belgium",4,"Median","48",1970,383,234,618
56,"Belgium",4,"Median","49",1970,448,287,735
56,"Belgium",4,"Median","50",1970,438,229,667
56,"Belgium",4,"Median","51",1970,380,192,572
56,"Belgium",4,"Median","52",1970,330,184,514
56,"Belgium",4,"Median","53",1970,386,202,588
56,"Belgium",4,"Median","54",1970,551,302,853
56,"Belgium",4,"Median","55",1970,648,337,985
56,"Belgium",4,"Median","56",1970,829,425,1254
56,"Belgium",4,"Median","57",1970,910,460,1369
56,"Belgium",4,"Median","58",1970,970,491,1461
56,"Belgium",4,"Median","59",1970,1067,567,1635
56,"Belgium",4,"Median","60",1970,1169,599,1768
56,"Belgium",4,"Median","61",1970,1275,659,1935
56,"Belgium",4,"Median","62",1970,1450,743,2193
56,"Belgium",4,"Median","63",1970,1475,839,2314
56,"Belgium",4,"Median","64",1970,1558,931,2490
56,"Belgium",4,"Median","65",1970,1734,1049,2783
56,"Belgium",4,"Median","66",1970,1745,1075,2819
56,"Belgium",4,"Median","67",1970,1842,1173,3016
56,"Belgium",4,"Median","68",1970,2005,1305,3310
56,"Belgium",4,"Median","69",1970,2079,1411,3489
56,"Belgium",4,"Median","70",1970,1917,1432,3349
56,"Belgium",4,"Median","71",1970,1984,1576,3560
56,"Belgium",4,"Median","72",1970,2042,1664,3706
56,"Belgium",4,"Median","73",1970,2012,1819,3831
56,"Belgium",4,"Median","74",1970,1967,1853,3821
56,"Belgium",4,"Median","75",1970,1974,1900,3874
56,"Belgium",4,"Median","76",1970,1808,1917,3725
56,"Belgium",4,"Median","77",1970,1784,2067,3851
56,"Belgium",4,"Median","78",1970,1710,2011,3721
56,"Belgium",4,"Median","79",1970,1662,2192,3854
56,"Belgium",4,"Median","80",1970,1555,2058,3612
56,"Belgium",4,"Median","81",1970,1514,2014,3528
56,"Belgium",4,"Median","82",1970,1474,1926,3400
56,"Belgium",4,"Median","83",1970,1263,1891,3154
56,"Belgium",4,"Median","84",1970,1226,1809,3035
56,"Belgium",4,"Median","85",1970,1139,1610,2748
56,"Belgium",4,"Median","86",1970,980,1461,2441
56,"Belgium",4,"Median","87",1970,888,1381,2270
56,"Belgium",4,"Median","88",1970,748,1175,1923
56,"Belgium",4,"Median","89",1970,636,997,1633
56,"Belgium",4,"Median","90",1970,492,806,1298
56,"Belgium",4,"Median","91",1970,373,665,1038
56,"Belgium",4,"Median","92",1970,296,536,833
56,"Belgium",4,"Median","93",1970,205,392,596
56,"Belgium",4,"Median","94",1970,150,276,426
56,"Belgium",4,"Median","95",1970,95,207,301
56,"Belgium",4,"Median","96",1970,64,145,209
56,"Belgium",4,"Median","97",1970,41,95,136
56,"Belgium",4,"Median","98",1970,26,57,83
56,"Belgium",4,"Median","99",1970,15,35,50
56,"Belgium",4,"Median","100",1970,6,14,20
56,"Belgium",4,"Median","101",1970,4,10,14
56,"Belgium",4,"Median","102",1970,3,7,10
56,"Belgium",4,"Median","103",1970,2,5,7
56,"Belgium",4,"Median","104",1970,1,4,5
56,"Belgium",4,"Median","105",1970,1,2,3
56,"Belgium",4,"Median","106",1970,1,2,3
56,"Belgium",4,"Median","107",1970,0,1,1
56,"Belgium",4,"Median","108",1970,0,1,1
56,"Belgium",4,"Median","109",1970,0,1,1
56,"Belgium",4,"Median","110",1970,0,0,0
56,"Belgium",4,"Median","0",1971,1675,1172,2847
56,"Belgium",4,"Median","1",1971,106,88,194
56,"Belgium",4,"Median","2",1971,78,55,133
56,"Belgium",4,"Median","3",1971,56,33,89
56,"Belgium",4,"Median","4",1971,58,38,96
56,"Belgium",4,"Median","5",1971,45,24,69
56,"Belgium",4,"Median","6",1971,45,24,69
56,"Belgium",4,"Median","7",1971,41,32,73
56,"Belgium",4,"Median","8",1971,28,31,59
56,"Belgium",4,"Median","9",1971,36,17,53
56,"Belgium",4,"Median","10",1971,35,17,52
56,"Belgium",4,"Median","11",1971,36,22,58
56,"Belgium",4,"Median","12",1971,41,19,60
56,"Belgium",4,"Median","13",1971,33,29,62
56,"Belgium",4,"Median","14",1971,42,16,58
56,"Belgium",4,"Median","15",1971,54,31,85
56,"Belgium",4,"Median","16",1971,63,36,99
56,"Belgium",4,"Median","17",1971,110,28,138
56,"Belgium",4,"Median","18",1971,106,30,136
56,"Belgium",4,"Median","19",1971,122,43,165
56,"Belgium",4,"Median","20",1971,113,38,151
56,"Belgium",4,"Median","21",1971,118,47,165
56,"Belgium",4,"Median","22",1971,99,51,150
56,"Belgium",4,"Median","23",1971,99,46,145
56,"Belgium",4,"Median","24",1971,101,34,135
56,"Belgium",4,"Median","25",1971,106,29,135
56,"Belgium",4,"Median","26",1971,81,32,113
56,"Belgium",4,"Median","27",1971,80,42,122
56,"Belgium",4,"Median","28",1971,89,41,130
56,"Belgium",4,"Median","29",1971,84,37,121
56,"Belgium",4,"Median","30",1971,66,40,106
56,"Belgium",4,"Median","31",1971,91,30,121
56,"Belgium",4,"Median","32",1971,109,60,169
56,"Belgium",4,"Median","33",1971,69,55,125
56,"Belgium",4,"Median","34",1971,94,46,140
56,"Belgium",4,"Median","35",1971,110,50,159
56,"Belgium",4,"Median","36",1971,102,77,179
56,"Belgium",4,"Median","37",1971,113,83,196
56,"Belgium",4,"Median","38",1971,134,80,214
56,"Belgium",4,"Median","39",1971,172,117,289
56,"Belgium",4,"Median","40",1971,203,97,300
56,"Belgium",4,"Median","41",1971,199,112,312
56,"Belgium",4,"Median","42",1971,224,140,364
56,"Belgium",4,"Median","43",1971,230,143,373
56,"Belgium",4,"Median","44",1971,265,155,420
56,"Belgium",4,"Median","45",1971,295,163,458
56,"Belgium",4,"Median","46",1971,330,171,502
56,"Belgium",4,"Median","47",1971,375,233,607
56,"Belgium",4,"Median","48",1971,386,224,611
56,"Belgium",4,"Median","49",1971,446,252,698
56,"Belgium",4,"Median","50",1971,487,309,797
56,"Belgium",4,"Median","51",1971,513,268,781
56,"Belgium",4,"Median","52",1971,400,210,610
56,"Belgium",4,"Median","53",1971,347,185,532
56,"Belgium",4,"Median","54",1971,431,239,670
56,"Belgium",4,"Median","55",1971,615,299,914
56,"Belgium",4,"Median","56",1971,713,343,1056
56,"Belgium",4,"Median","57",1971,899,434,1334
56,"Belgium",4,"Median","58",1971,966,507,1473
56,"Belgium",4,"Median","59",1971,999,534,1533
56,"Belgium",4,"Median","60",1971,1078,605,1683
56,"Belgium",4,"Median","61",1971,1217,617,1833
56,"Belgium",4,"Median","62",1971,1370,752,2123
56,"Belgium",4,"Median","63",1971,1598,813,2411
56,"Belgium",4,"Median","64",1971,1638,858,2497
56,"Belgium",4,"Median","65",1971,1655,937,2592
56,"Belgium",4,"Median","66",1971,1829,1075,2905
56,"Belgium",4,"Median","67",1971,1855,1139,2994
56,"Belgium",4,"Median","68",1971,1981,1229,3210
56,"Belgium",4,"Median","69",1971,2009,1388,3397
56,"Belgium",4,"Median","70",1971,2101,1540,3641
56,"Belgium",4,"Median","71",1971,2015,1552,3567
56,"Belgium",4,"Median","72",1971,2073,1686,3759
56,"Belgium",4,"Median","73",1971,2034,1774,3808
56,"Belgium",4,"Median","74",1971,2015,1878,3893
56,"Belgium",4,"Median","75",1971,1911,1929,3840
56,"Belgium",4,"Median","76",1971,1951,1963,3915
56,"Belgium",4,"Median","77",1971,1767,1945,3712
56,"Belgium",4,"Median","78",1971,1709,2099,3809
56,"Belgium",4,"Median","79",1971,1761,2114,3874
56,"Belgium",4,"Median","80",1971,1646,2115,3762
56,"Belgium",4,"Median","81",1971,1508,2092,3600
56,"Belgium",4,"Median","82",1971,1440,2020,3460
56,"Belgium",4,"Median","83",1971,1459,1977,3436
56,"Belgium",4,"Median","84",1971,1191,1734,2926
56,"Belgium",4,"Median","85",1971,1088,1704,2792
56,"Belgium",4,"Median","86",1971,997,1560,2557
56,"Belgium",4,"Median","87",1971,881,1409,2289
56,"Belgium",4,"Median","88",1971,778,1288,2066
56,"Belgium",4,"Median","89",1971,640,1056,1696
56,"Belgium",4,"Median","90",1971,526,829,1355
56,"Belgium",4,"Median","91",1971,392,687,1078
56,"Belgium",4,"Median","92",1971,286,529,815
56,"Belgium",4,"Median","93",1971,225,455,680
56,"Belgium",4,"Median","94",1971,167,308,475
56,"Belgium",4,"Median","95",1971,103,215,318
56,"Belgium",4,"Median","96",1971,66,152,219
56,"Belgium",4,"Median","97",1971,43,103,146
56,"Belgium",4,"Median","98",1971,27,65,92
56,"Belgium",4,"Median","99",1971,16,38,54
56,"Belgium",4,"Median","100",1971,6,15,21
56,"Belgium",4,"Median","101",1971,4,11,15
56,"Belgium",4,"Median","102",1971,3,7,10
56,"Belgium",4,"Median","103",1971,2,5,7
56,"Belgium",4,"Median","104",1971,1,4,5
56,"Belgium",4,"Median","105",1971,1,3,4
56,"Belgium",4,"Median","106",1971,1,2,3
56,"Belgium",4,"Median","107",1971,0,1,1
56,"Belgium",4,"Median","108",1971,0,1,1
56,"Belgium",4,"Median","109",1971,0,1,1
56,"Belgium",4,"Median","110",1971,0,0,0
56,"Belgium",4,"Median","0",1972,1441,1079,2520
56,"Belgium",4,"Median","1",1972,102,89,192
56,"Belgium",4,"Median","2",1972,80,56,136
56,"Belgium",4,"Median","3",1972,60,36,96
56,"Belgium",4,"Median","4",1972,40,38,78
56,"Belgium",4,"Median","5",1972,47,27,74
56,"Belgium",4,"Median","6",1972,28,22,50
56,"Belgium",4,"Median","7",1972,36,22,59
56,"Belgium",4,"Median","8",1972,33,24,57
56,"Belgium",4,"Median","9",1972,30,30,60
56,"Belgium",4,"Median","10",1972,27,15,43
56,"Belgium",4,"Median","11",1972,29,22,51
56,"Belgium",4,"Median","12",1972,39,20,59
56,"Belgium",4,"Median","13",1972,33,17,50
56,"Belgium",4,"Median","14",1972,38,26,64
56,"Belgium",4,"Median","15",1972,63,41,104
56,"Belgium",4,"Median","16",1972,58,26,84
56,"Belgium",4,"Median","17",1972,85,49,134
56,"Belgium",4,"Median","18",1972,101,54,155
56,"Belgium",4,"Median","19",1972,123,43,166
56,"Belgium",4,"Median","20",1972,128,51,179
56,"Belgium",4,"Median","21",1972,135,41,176
56,"Belgium",4,"Median","22",1972,124,24,148
56,"Belgium",4,"Median","23",1972,105,39,144
56,"Belgium",4,"Median","24",1972,103,38,141
56,"Belgium",4,"Median","25",1972,83,46,129
56,"Belgium",4,"Median","26",1972,96,42,138
56,"Belgium",4,"Median","27",1972,74,46,120
56,"Belgium",4,"Median","28",1972,77,43,120
56,"Belgium",4,"Median","29",1972,69,38,108
56,"Belgium",4,"Median","30",1972,99,32,131
56,"Belgium",4,"Median","31",1972,87,36,123
56,"Belgium",4,"Median","32",1972,88,46,133
56,"Belgium",4,"Median","33",1972,90,37,127
56,"Belgium",4,"Median","34",1972,118,51,169
56,"Belgium",4,"Median","35",1972,104,58,162
56,"Belgium",4,"Median","36",1972,110,68,178
56,"Belgium",4,"Median","37",1972,128,69,197
56,"Belgium",4,"Median","38",1972,144,74,218
56,"Belgium",4,"Median","39",1972,150,100,250
56,"Belgium",4,"Median","40",1972,180,109,289
56,"Belgium",4,"Median","41",1972,206,107,313
56,"Belgium",4,"Median","42",1972,236,136,372
56,"Belgium",4,"Median","43",1972,246,137,384
56,"Belgium",4,"Median","44",1972,276,170,447
56,"Belgium",4,"Median","45",1972,290,160,450
56,"Belgium",4,"Median","46",1972,326,183,509
56,"Belgium",4,"Median","47",1972,369,215,584
56,"Belgium",4,"Median","48",1972,414,213,627
56,"Belgium",4,"Median","49",1972,465,228,693
56,"Belgium",4,"Median","50",1972,529,277,806
56,"Belgium",4,"Median","51",1972,590,303,893
56,"Belgium",4,"Median","52",1972,567,305,872
56,"Belgium",4,"Median","53",1972,454,217,671
56,"Belgium",4,"Median","54",1972,374,203,577
56,"Belgium",4,"Median","55",1972,465,235,700
56,"Belgium",4,"Median","56",1972,625,314,939
56,"Belgium",4,"Median","57",1972,737,409,1146
56,"Belgium",4,"Median","58",1972,976,478,1454
56,"Belgium",4,"Median","59",1972,1045,577,1621
56,"Belgium",4,"Median","60",1972,1111,553,1664
56,"Belgium",4,"Median","61",1972,1183,638,1822
56,"Belgium",4,"Median","62",1972,1340,703,2043
56,"Belgium",4,"Median","63",1972,1409,791,2200
56,"Belgium",4,"Median","64",1972,1493,804,2297
56,"Belgium",4,"Median","65",1972,1587,907,2494
56,"Belgium",4,"Median","66",1972,1722,1050,2772
56,"Belgium",4,"Median","67",1972,1852,1113,2966
56,"Belgium",4,"Median","68",1972,1940,1196,3135
56,"Belgium",4,"Median","69",1972,1979,1322,3300
56,"Belgium",4,"Median","70",1972,2111,1438,3550
56,"Belgium",4,"Median","71",1972,2069,1528,3597
56,"Belgium",4,"Median","72",1972,2078,1651,3729
56,"Belgium",4,"Median","73",1972,1986,1757,3742
56,"Belgium",4,"Median","74",1972,2051,1789,3840
56,"Belgium",4,"Median","75",1972,1941,1897,3837
56,"Belgium",4,"Median","76",1972,2005,1902,3907
56,"Belgium",4,"Median","77",1972,1843,2001,3845
56,"Belgium",4,"Median","78",1972,1727,2050,3777
56,"Belgium",4,"Median","79",1972,1655,2148,3803
56,"Belgium",4,"Median","80",1972,1629,2065,3694
56,"Belgium",4,"Median","81",1972,1492,2000,3492
56,"Belgium",4,"Median","82",1972,1352,1983,3336
56,"Belgium",4,"Median","83",1972,1323,1903,3226
56,"Belgium",4,"Median","84",1972,1300,1815,3115
56,"Belgium",4,"Median","85",1972,1103,1634,2737
56,"Belgium",4,"Median","86",1972,995,1522,2518
56,"Belgium",4,"Median","87",1972,854,1334,2188
56,"Belgium",4,"Median","88",1972,750,1143,1894
56,"Belgium",4,"Median","89",1972,629,1060,1690
56,"Belgium",4,"Median","90",1972,509,889,1398
56,"Belgium",4,"Median","91",1972,408,676,1085
56,"Belgium",4,"Median","92",1972,279,562,841
56,"Belgium",4,"Median","93",1972,193,448,641
56,"Belgium",4,"Median","94",1972,153,330,483
56,"Belgium",4,"Median","95",1972,100,226,326
56,"Belgium",4,"Median","96",1972,64,155,220
56,"Belgium",4,"Median","97",1972,40,107,147
56,"Belgium",4,"Median","98",1972,25,70,95
56,"Belgium",4,"Median","99",1972,15,43,58
56,"Belgium",4,"Median","100",1972,6,16,22
56,"Belgium",4,"Median","101",1972,4,11,15
56,"Belgium",4,"Median","102",1972,3,8,11
56,"Belgium",4,"Median","103",1972,2,6,8
56,"Belgium",4,"Median","104",1972,1,4,5
56,"Belgium",4,"Median","105",1972,1,3,4
56,"Belgium",4,"Median","106",1972,1,2,3
56,"Belgium",4,"Median","107",1972,0,2,2
56,"Belgium",4,"Median","108",1972,0,1,1
56,"Belgium",4,"Median","109",1972,0,1,1
56,"Belgium",4,"Median","110",1972,0,1,1
56,"Belgium",4,"Median","0",1973,1261,957,2218
56,"Belgium",4,"Median","1",1973,79,66,145
56,"Belgium",4,"Median","2",1973,58,54,111
56,"Belgium",4,"Median","3",1973,61,39,100
56,"Belgium",4,"Median","4",1973,45,20,65
56,"Belgium",4,"Median","5",1973,28,20,48
56,"Belgium",4,"Median","6",1973,39,32,71
56,"Belgium",4,"Median","7",1973,48,29,77
56,"Belgium",4,"Median","8",1973,26,25,50
56,"Belgium",4,"Median","9",1973,41,28,69
56,"Belgium",4,"Median","10",1973,29,20,49
56,"Belgium",4,"Median","11",1973,29,14,43
56,"Belgium",4,"Median","12",1973,32,16,48
56,"Belgium",4,"Median","13",1973,38,17,55
56,"Belgium",4,"Median","14",1973,35,21,55
56,"Belgium",4,"Median","15",1973,56,30,86
56,"Belgium",4,"Median","16",1973,78,26,104
56,"Belgium",4,"Median","17",1973,84,34,118
56,"Belgium",4,"Median","18",1973,127,47,174
56,"Belgium",4,"Median","19",1973,135,40,175
56,"Belgium",4,"Median","20",1973,136,50,187
56,"Belgium",4,"Median","21",1973,102,47,149
56,"Belgium",4,"Median","22",1973,117,23,140
56,"Belgium",4,"Median","23",1973,117,34,151
56,"Belgium",4,"Median","24",1973,95,40,135
56,"Belgium",4,"Median","25",1973,111,49,160
56,"Belgium",4,"Median","26",1973,91,37,128
56,"Belgium",4,"Median","27",1973,96,30,126
56,"Belgium",4,"Median","28",1973,92,45,137
56,"Belgium",4,"Median","29",1973,81,40,121
56,"Belgium",4,"Median","30",1973,86,40,126
56,"Belgium",4,"Median","31",1973,72,45,117
56,"Belgium",4,"Median","32",1973,92,38,130
56,"Belgium",4,"Median","33",1973,102,59,161
56,"Belgium",4,"Median","34",1973,92,42,134
56,"Belgium",4,"Median","35",1973,124,55,179
56,"Belgium",4,"Median","36",1973,118,74,192
56,"Belgium",4,"Median","37",1973,116,68,183
56,"Belgium",4,"Median","38",1973,123,72,195
56,"Belgium",4,"Median","39",1973,148,87,236
56,"Belgium",4,"Median","40",1973,180,91,271
56,"Belgium",4,"Median","41",1973,194,112,305
56,"Belgium",4,"Median","42",1973,226,119,345
56,"Belgium",4,"Median","43",1973,249,112,361
56,"Belgium",4,"Median","44",1973,248,168,417
56,"Belgium",4,"Median","45",1973,292,149,440
56,"Belgium",4,"Median","46",1973,329,184,514
56,"Belgium",4,"Median","47",1973,353,205,558
56,"Belgium",4,"Median","48",1973,380,245,625
56,"Belgium",4,"Median","49",1973,443,247,690
56,"Belgium",4,"Median","50",1973,504,310,814
56,"Belgium",4,"Median","51",1973,536,305,841
56,"Belgium",4,"Median","52",1973,662,325,987
56,"Belgium",4,"Median","53",1973,563,303,866
56,"Belgium",4,"Median","54",1973,454,274,729
56,"Belgium",4,"Median","55",1973,424,206,630
56,"Belgium",4,"Median","56",1973,516,274,791
56,"Belgium",4,"Median","57",1973,632,330,962
56,"Belgium",4,"Median","58",1973,818,404,1221
56,"Belgium",4,"Median","59",1973,994,510,1504
56,"Belgium",4,"Median","60",1973,1078,576,1654
56,"Belgium",4,"Median","61",1973,1156,607,1763
56,"Belgium",4,"Median","62",1973,1220,665,1886
56,"Belgium",4,"Median","63",1973,1377,730,2108
56,"Belgium",4,"Median","64",1973,1495,807,2302
56,"Belgium",4,"Median","65",1973,1631,866,2498
56,"Belgium",4,"Median","66",1973,1806,963,2769
56,"Belgium",4,"Median","67",1973,1821,1097,2918
56,"Belgium",4,"Median","68",1973,1914,1179,3093
56,"Belgium",4,"Median","69",1973,1966,1319,3285
56,"Belgium",4,"Median","70",1973,2087,1461,3548
56,"Belgium",4,"Median","71",1973,2067,1498,3566
56,"Belgium",4,"Median","72",1973,2116,1668,3784
56,"Belgium",4,"Median","73",1973,2049,1711,3760
56,"Belgium",4,"Median","74",1973,2051,1881,3933
56,"Belgium",4,"Median","75",1973,2020,1981,4001
56,"Belgium",4,"Median","76",1973,2007,2059,4066
56,"Belgium",4,"Median","77",1973,1883,2020,3904
56,"Belgium",4,"Median","78",1973,1744,2128,3871
56,"Belgium",4,"Median","79",1973,1741,2242,3983
56,"Belgium",4,"Median","80",1973,1694,2186,3880
56,"Belgium",4,"Median","81",1973,1541,1985,3526
56,"Belgium",4,"Median","82",1973,1456,2021,3477
56,"Belgium",4,"Median","83",1973,1418,2001,3418
56,"Belgium",4,"Median","84",1973,1240,1862,3101
56,"Belgium",4,"Median","85",1973,1212,1754,2966
56,"Belgium",4,"Median","86",1973,1023,1544,2567
56,"Belgium",4,"Median","87",1973,899,1486,2385
56,"Belgium",4,"Median","88",1973,791,1249,2040
56,"Belgium",4,"Median","89",1973,595,1102,1698
56,"Belgium",4,"Median","90",1973,510,900,1410
56,"Belgium",4,"Median","91",1973,399,752,1151
56,"Belgium",4,"Median","92",1973,294,569,863
56,"Belgium",4,"Median","93",1973,229,409,638
56,"Belgium",4,"Median","94",1973,177,305,483
56,"Belgium",4,"Median","95",1973,103,224,328
56,"Belgium",4,"Median","96",1973,71,154,224
56,"Belgium",4,"Median","97",1973,44,101,145
56,"Belgium",4,"Median","98",1973,26,67,93
56,"Belgium",4,"Median","99",1973,16,42,58
56,"Belgium",4,"Median","100",1973,7,16,23
56,"Belgium",4,"Median","101",1973,4,11,15
56,"Belgium",4,"Median","102",1973,3,8,11
56,"Belgium",4,"Median","103",1973,2,6,8
56,"Belgium",4,"Median","104",1973,1,4,5
56,"Belgium",4,"Median","105",1973,1,3,4
56,"Belgium",4,"Median","106",1973,1,2,3
56,"Belgium",4,"Median","107",1973,0,1,1
56,"Belgium",4,"Median","108",1973,0,1,1
56,"Belgium",4,"Median","109",1973,0,1,1
56,"Belgium",4,"Median","110",1973,0,1,1
56,"Belgium",4,"Median","0",1974,1226,879,2105
56,"Belgium",4,"Median","1",1974,66,74,140
56,"Belgium",4,"Median","2",1974,69,42,111
56,"Belgium",4,"Median","3",1974,53,32,85
56,"Belgium",4,"Median","4",1974,41,32,73
56,"Belgium",4,"Median","5",1974,43,24,67
56,"Belgium",4,"Median","6",1974,25,20,45
56,"Belgium",4,"Median","7",1974,27,21,48
56,"Belgium",4,"Median","8",1974,36,18,54
56,"Belgium",4,"Median","9",1974,34,23,57
56,"Belgium",4,"Median","10",1974,39,20,60
56,"Belgium",4,"Median","11",1974,39,17,56
56,"Belgium",4,"Median","12",1974,32,26,58
56,"Belgium",4,"Median","13",1974,42,18,60
56,"Belgium",4,"Median","14",1974,39,18,57
56,"Belgium",4,"Median","15",1974,56,28,84
56,"Belgium",4,"Median","16",1974,64,35,99
56,"Belgium",4,"Median","17",1974,109,38,148
56,"Belgium",4,"Median","18",1974,111,41,152
56,"Belgium",4,"Median","19",1974,126,30,156
56,"Belgium",4,"Median","20",1974,119,35,154
56,"Belgium",4,"Median","21",1974,111,49,160
56,"Belgium",4,"Median","22",1974,118,43,161
56,"Belgium",4,"Median","23",1974,118,41,159
56,"Belgium",4,"Median","24",1974,121,37,158
56,"Belgium",4,"Median","25",1974,72,29,101
56,"Belgium",4,"Median","26",1974,101,49,150
56,"Belgium",4,"Median","27",1974,91,40,131
56,"Belgium",4,"Median","28",1974,68,33,100
56,"Belgium",4,"Median","29",1974,86,43,129
56,"Belgium",4,"Median","30",1974,88,47,135
56,"Belgium",4,"Median","31",1974,92,38,130
56,"Belgium",4,"Median","32",1974,62,41,103
56,"Belgium",4,"Median","33",1974,80,46,126
56,"Belgium",4,"Median","34",1974,111,45,156
56,"Belgium",4,"Median","35",1974,115,69,184
56,"Belgium",4,"Median","36",1974,86,55,141
56,"Belgium",4,"Median","37",1974,113,69,182
56,"Belgium",4,"Median","38",1974,121,66,187
56,"Belgium",4,"Median","39",1974,152,92,244
56,"Belgium",4,"Median","40",1974,174,113,287
56,"Belgium",4,"Median","41",1974,197,80,277
56,"Belgium",4,"Median","42",1974,180,131,311
56,"Belgium",4,"Median","43",1974,227,148,375
56,"Belgium",4,"Median","44",1974,226,143,369
56,"Belgium",4,"Median","45",1974,262,162,424
56,"Belgium",4,"Median","46",1974,321,159,480
56,"Belgium",4,"Median","47",1974,354,207,561
56,"Belgium",4,"Median","48",1974,354,242,596
56,"Belgium",4,"Median","49",1974,454,223,677
56,"Belgium",4,"Median","50",1974,477,282,758
56,"Belgium",4,"Median","51",1974,510,312,822
56,"Belgium",4,"Median","52",1974,515,310,825
56,"Belgium",4,"Median","53",1974,614,374,988
56,"Belgium",4,"Median","54",1974,585,329,914
56,"Belgium",4,"Median","55",1974,524,259,782
56,"Belgium",4,"Median","56",1974,444,224,668
56,"Belgium",4,"Median","57",1974,510,286,796
56,"Belgium",4,"Median","58",1974,720,358,1077
56,"Belgium",4,"Median","59",1974,828,440,1268
56,"Belgium",4,"Median","60",1974,1099,532,1631
56,"Belgium",4,"Median","61",1974,1207,573,1780
56,"Belgium",4,"Median","62",1974,1207,661,1868
56,"Belgium",4,"Median","63",1974,1357,670,2027
56,"Belgium",4,"Median","64",1974,1400,793,2193
56,"Belgium",4,"Median","65",1974,1588,867,2455
56,"Belgium",4,"Median","66",1974,1704,944,2648
56,"Belgium",4,"Median","67",1974,1714,1012,2726
56,"Belgium",4,"Median","68",1974,1825,1116,2941
56,"Belgium",4,"Median","69",1974,1936,1214,3150
56,"Belgium",4,"Median","70",1974,1988,1391,3380
56,"Belgium",4,"Median","71",1974,2096,1426,3522
56,"Belgium",4,"Median","72",1974,2159,1616,3775
56,"Belgium",4,"Median","73",1974,2109,1770,3878
56,"Belgium",4,"Median","74",1974,2063,1748,3811
56,"Belgium",4,"Median","75",1974,1930,1946,3876
56,"Belgium",4,"Median","76",1974,1949,2011,3960
56,"Belgium",4,"Median","77",1974,1942,2243,4185
56,"Belgium",4,"Median","78",1974,1788,2169,3957
56,"Belgium",4,"Median","79",1974,1736,2116,3852
56,"Belgium",4,"Median","80",1974,1688,2152,3839
56,"Belgium",4,"Median","81",1974,1558,2131,3688
56,"Belgium",4,"Median","82",1974,1367,2079,3446
56,"Belgium",4,"Median","83",1974,1301,1928,3230
56,"Belgium",4,"Median","84",1974,1170,1871,3040
56,"Belgium",4,"Median","85",1974,1140,1823,2963
56,"Belgium",4,"Median","86",1974,923,1616,2540
56,"Belgium",4,"Median","87",1974,892,1377,2269
56,"Belgium",4,"Median","88",1974,753,1235,1989
56,"Belgium",4,"Median","89",1974,622,1089,1711
56,"Belgium",4,"Median","90",1974,517,885,1402
56,"Belgium",4,"Median","91",1974,435,792,1227
56,"Belgium",4,"Median","92",1974,321,590,911
56,"Belgium",4,"Median","93",1974,217,427,644
56,"Belgium",4,"Median","94",1974,169,355,524
56,"Belgium",4,"Median","95",1974,107,235,342
56,"Belgium",4,"Median","96",1974,71,165,235
56,"Belgium",4,"Median","97",1974,47,109,156
56,"Belgium",4,"Median","98",1974,28,70,98
56,"Belgium",4,"Median","99",1974,17,45,61
56,"Belgium",4,"Median","100",1974,7,18,25
56,"Belgium",4,"Median","101",1974,5,13,18
56,"Belgium",4,"Median","102",1974,3,9,12
56,"Belgium",4,"Median","103",1974,2,6,8
56,"Belgium",4,"Median","104",1974,1,5,6
56,"Belgium",4,"Median","105",1974,1,3,4
56,"Belgium",4,"Median","106",1974,1,2,3
56,"Belgium",4,"Median","107",1974,0,2,2
56,"Belgium",4,"Median","108",1974,0,1,1
56,"Belgium",4,"Median","109",1974,0,1,1
56,"Belgium",4,"Median","110",1974,0,1,1
56,"Belgium",4,"Median","0",1975,1094,795,1889
56,"Belgium",4,"Median","1",1975,72,61,134
56,"Belgium",4,"Median","2",1975,62,38,100
56,"Belgium",4,"Median","3",1975,46,24,70
56,"Belgium",4,"Median","4",1975,48,28,76
56,"Belgium",4,"Median","5",1975,33,22,55
56,"Belgium",4,"Median","6",1975,37,11,48
56,"Belgium",4,"Median","7",1975,29,18,47
56,"Belgium",4,"Median","8",1975,31,16,47
56,"Belgium",4,"Median","9",1975,33,14,47
56,"Belgium",4,"Median","10",1975,27,17,44
56,"Belgium",4,"Median","11",1975,32,21,53
56,"Belgium",4,"Median","12",1975,31,13,44
56,"Belgium",4,"Median","13",1975,34,19,53
56,"Belgium",4,"Median","14",1975,37,19,56
56,"Belgium",4,"Median","15",1975,49,28,77
56,"Belgium",4,"Median","16",1975,65,26,91
56,"Belgium",4,"Median","17",1975,101,47,148
56,"Belgium",4,"Median","18",1975,130,40,170
56,"Belgium",4,"Median","19",1975,93,33,125
56,"Belgium",4,"Median","20",1975,121,41,161
56,"Belgium",4,"Median","21",1975,123,34,157
56,"Belgium",4,"Median","22",1975,123,35,158
56,"Belgium",4,"Median","23",1975,108,37,146
56,"Belgium",4,"Median","24",1975,97,38,136
56,"Belgium",4,"Median","25",1975,95,48,143
56,"Belgium",4,"Median","26",1975,87,29,116
56,"Belgium",4,"Median","27",1975,100,36,136
56,"Belgium",4,"Median","28",1975,85,51,136
56,"Belgium",4,"Median","29",1975,79,49,127
56,"Belgium",4,"Median","30",1975,95,48,143
56,"Belgium",4,"Median","31",1975,67,47,114
56,"Belgium",4,"Median","32",1975,90,44,135
56,"Belgium",4,"Median","33",1975,79,43,122
56,"Belgium",4,"Median","34",1975,101,45,146
56,"Belgium",4,"Median","35",1975,99,54,153
56,"Belgium",4,"Median","36",1975,105,70,175
56,"Belgium",4,"Median","37",1975,113,74,187
56,"Belgium",4,"Median","38",1975,120,74,194
56,"Belgium",4,"Median","39",1975,142,77,219
56,"Belgium",4,"Median","40",1975,136,110,246
56,"Belgium",4,"Median","41",1975,174,91,266
56,"Belgium",4,"Median","42",1975,216,114,331
56,"Belgium",4,"Median","43",1975,210,154,364
56,"Belgium",4,"Median","44",1975,259,149,408
56,"Belgium",4,"Median","45",1975,261,173,434
56,"Belgium",4,"Median","46",1975,297,170,467
56,"Belgium",4,"Median","47",1975,348,207,556
56,"Belgium",4,"Median","48",1975,336,235,572
56,"Belgium",4,"Median","49",1975,422,214,636
56,"Belgium",4,"Median","50",1975,459,259,717
56,"Belgium",4,"Median","51",1975,500,294,794
56,"Belgium",4,"Median","52",1975,553,307,859
56,"Belgium",4,"Median","53",1975,629,321,950
56,"Belgium",4,"Median","54",1975,689,398,1088
56,"Belgium",4,"Median","55",1975,688,371,1059
56,"Belgium",4,"Median","56",1975,550,297,847
56,"Belgium",4,"Median","57",1975,485,238,722
56,"Belgium",4,"Median","58",1975,590,318,908
56,"Belgium",4,"Median","59",1975,842,448,1291
56,"Belgium",4,"Median","60",1975,912,487,1399
56,"Belgium",4,"Median","61",1975,1182,579,1762
56,"Belgium",4,"Median","62",1975,1205,660,1865
56,"Belgium",4,"Median","63",1975,1308,669,1977
56,"Belgium",4,"Median","64",1975,1343,718,2061
56,"Belgium",4,"Median","65",1975,1526,839,2365
56,"Belgium",4,"Median","66",1975,1629,930,2559
56,"Belgium",4,"Median","67",1975,1801,1036,2837
56,"Belgium",4,"Median","68",1975,1894,1164,3058
56,"Belgium",4,"Median","69",1975,1925,1329,3254
56,"Belgium",4,"Median","70",1975,2092,1405,3497
56,"Belgium",4,"Median","71",1975,2051,1505,3557
56,"Belgium",4,"Median","72",1975,2159,1695,3854
56,"Belgium",4,"Median","73",1975,2255,1807,4062
56,"Belgium",4,"Median","74",1975,2230,1893,4123
56,"Belgium",4,"Median","75",1975,2105,1946,4051
56,"Belgium",4,"Median","76",1975,2090,2112,4202
56,"Belgium",4,"Median","77",1975,1998,2217,4215
56,"Belgium",4,"Median","78",1975,2010,2306,4316
56,"Belgium",4,"Median","79",1975,1873,2277,4149
56,"Belgium",4,"Median","80",1975,1818,2253,4071
56,"Belgium",4,"Median","81",1975,1646,2215,3861
56,"Belgium",4,"Median","82",1975,1467,2264,3731
56,"Belgium",4,"Median","83",1975,1378,2049,3427
56,"Belgium",4,"Median","84",1975,1291,2033,3325
56,"Belgium",4,"Median","85",1975,1112,1827,2939
56,"Belgium",4,"Median","86",1975,1073,1617,2690
56,"Belgium",4,"Median","87",1975,940,1440,2380
56,"Belgium",4,"Median","88",1975,726,1398,2123
56,"Belgium",4,"Median","89",1975,682,1101,1783
56,"Belgium",4,"Median","90",1975,491,944,1436
56,"Belgium",4,"Median","91",1975,442,782,1224
56,"Belgium",4,"Median","92",1975,317,594,911
56,"Belgium",4,"Median","93",1975,243,493,736
56,"Belgium",4,"Median","94",1975,203,367,570
56,"Belgium",4,"Median","95",1975,120,250,371
56,"Belgium",4,"Median","96",1975,78,173,250
56,"Belgium",4,"Median","97",1975,49,117,167
56,"Belgium",4,"Median","98",1975,32,75,107
56,"Belgium",4,"Median","99",1975,19,46,65
56,"Belgium",4,"Median","100",1975,7,19,26
56,"Belgium",4,"Median","101",1975,5,13,18
56,"Belgium",4,"Median","102",1975,3,10,13
56,"Belgium",4,"Median","103",1975,2,7,9
56,"Belgium",4,"Median","104",1975,2,5,7
56,"Belgium",4,"Median","105",1975,1,4,5
56,"Belgium",4,"Median","106",1975,1,3,4
56,"Belgium",4,"Median","107",1975,1,2,3
56,"Belgium",4,"Median","108",1975,0,1,1
56,"Belgium",4,"Median","109",1975,0,1,1
56,"Belgium",4,"Median","110",1975,0,1,1
56,"Belgium",4,"Median","0",1976,1070,771,1841
56,"Belgium",4,"Median","1",1976,70,63,133
56,"Belgium",4,"Median","2",1976,58,40,98
56,"Belgium",4,"Median","3",1976,40,32,72
56,"Belgium",4,"Median","4",1976,40,28,68
56,"Belgium",4,"Median","5",1976,34,25,58
56,"Belgium",4,"Median","6",1976,35,21,56
56,"Belgium",4,"Median","7",1976,27,24,51
56,"Belgium",4,"Median","8",1976,35,9,44
56,"Belgium",4,"Median","9",1976,26,14,41
56,"Belgium",4,"Median","10",1976,31,8,39
56,"Belgium",4,"Median","11",1976,21,13,34
56,"Belgium",4,"Median","12",1976,34,22,56
56,"Belgium",4,"Median","13",1976,30,19,49
56,"Belgium",4,"Median","14",1976,40,33,74
56,"Belgium",4,"Median","15",1976,57,35,92
56,"Belgium",4,"Median","16",1976,85,31,116
56,"Belgium",4,"Median","17",1976,96,31,127
56,"Belgium",4,"Median","18",1976,106,37,142
56,"Belgium",4,"Median","19",1976,124,41,166
56,"Belgium",4,"Median","20",1976,112,33,145
56,"Belgium",4,"Median","21",1976,126,49,176
56,"Belgium",4,"Median","22",1976,113,38,152
56,"Belgium",4,"Median","23",1976,101,39,140
56,"Belgium",4,"Median","24",1976,95,33,128
56,"Belgium",4,"Median","25",1976,94,36,130
56,"Belgium",4,"Median","26",1976,74,34,108
56,"Belgium",4,"Median","27",1976,74,50,123
56,"Belgium",4,"Median","28",1976,83,44,128
56,"Belgium",4,"Median","29",1976,94,50,144
56,"Belgium",4,"Median","30",1976,96,54,150
56,"Belgium",4,"Median","31",1976,104,51,154
56,"Belgium",4,"Median","32",1976,87,64,151
56,"Belgium",4,"Median","33",1976,110,51,161
56,"Belgium",4,"Median","34",1976,73,39,112
56,"Belgium",4,"Median","35",1976,83,55,138
56,"Belgium",4,"Median","36",1976,122,65,187
56,"Belgium",4,"Median","37",1976,118,48,166
56,"Belgium",4,"Median","38",1976,143,93,236
56,"Belgium",4,"Median","39",1976,145,93,238
56,"Belgium",4,"Median","40",1976,162,84,246
56,"Belgium",4,"Median","41",1976,147,91,237
56,"Belgium",4,"Median","42",1976,156,128,283
56,"Belgium",4,"Median","43",1976,210,141,351
56,"Belgium",4,"Median","44",1976,255,149,404
56,"Belgium",4,"Median","45",1976,319,145,464
56,"Belgium",4,"Median","46",1976,291,170,461
56,"Belgium",4,"Median","47",1976,313,181,494
56,"Belgium",4,"Median","48",1976,389,229,618
56,"Belgium",4,"Median","49",1976,406,260,667
56,"Belgium",4,"Median","50",1976,467,265,732
56,"Belgium",4,"Median","51",1976,511,301,812
56,"Belgium",4,"Median","52",1976,540,327,867
56,"Belgium",4,"Median","53",1976,606,310,915
56,"Belgium",4,"Median","54",1976,652,331,983
56,"Belgium",4,"Median","55",1976,798,400,1198
56,"Belgium",4,"Median","56",1976,760,374,1134
56,"Belgium",4,"Median","57",1976,596,280,876
56,"Belgium",4,"Median","58",1976,506,281,787
56,"Belgium",4,"Median","59",1976,646,342,988
56,"Belgium",4,"Median","60",1976,902,454,1356
56,"Belgium",4,"Median","61",1976,953,496,1449
56,"Belgium",4,"Median","62",1976,1238,603,1841
56,"Belgium",4,"Median","63",1976,1330,680,2010
56,"Belgium",4,"Median","64",1976,1471,678,2150
56,"Belgium",4,"Median","65",1976,1561,830,2391
56,"Belgium",4,"Median","66",1976,1688,896,2584
56,"Belgium",4,"Median","67",1976,1739,997,2736
56,"Belgium",4,"Median","68",1976,1837,1143,2980
56,"Belgium",4,"Median","69",1976,1950,1233,3183
56,"Belgium",4,"Median","70",1976,1983,1263,3246
56,"Belgium",4,"Median","71",1976,2070,1462,3531
56,"Belgium",4,"Median","72",1976,2028,1631,3659
56,"Belgium",4,"Median","73",1976,2139,1750,3889
56,"Belgium",4,"Median","74",1976,2223,2008,4231
56,"Belgium",4,"Median","75",1976,2144,2018,4162
56,"Belgium",4,"Median","76",1976,2075,2120,4195
56,"Belgium",4,"Median","77",1976,2032,2154,4186
56,"Belgium",4,"Median","78",1976,1993,2258,4252
56,"Belgium",4,"Median","79",1976,1952,2337,4289
56,"Belgium",4,"Median","80",1976,1828,2300,4128
56,"Belgium",4,"Median","81",1976,1684,2176,3860
56,"Belgium",4,"Median","82",1976,1488,2123,3611
56,"Belgium",4,"Median","83",1976,1405,2099,3504
56,"Belgium",4,"Median","84",1976,1230,1957,3187
56,"Belgium",4,"Median","85",1976,1181,1824,3005
56,"Belgium",4,"Median","86",1976,1011,1716,2727
56,"Belgium",4,"Median","87",1976,851,1512,2363
56,"Belgium",4,"Median","88",1976,762,1356,2118
56,"Belgium",4,"Median","89",1976,604,1164,1767
56,"Belgium",4,"Median","90",1976,564,1007,1571
56,"Belgium",4,"Median","91",1976,417,784,1201
56,"Belgium",4,"Median","92",1976,323,603,926
56,"Belgium",4,"Median","93",1976,261,532,793
56,"Belgium",4,"Median","94",1976,198,389,587
56,"Belgium",4,"Median","95",1976,125,274,398
56,"Belgium",4,"Median","96",1976,83,184,267
56,"Belgium",4,"Median","97",1976,51,123,174
56,"Belgium",4,"Median","98",1976,32,81,112
56,"Belgium",4,"Median","99",1976,20,50,70
56,"Belgium",4,"Median","100",1976,8,20,28
56,"Belgium",4,"Median","101",1976,5,14,19
56,"Belgium",4,"Median","102",1976,4,10,14
56,"Belgium",4,"Median","103",1976,2,7,9
56,"Belgium",4,"Median","104",1976,2,5,7
56,"Belgium",4,"Median","105",1976,1,4,5
56,"Belgium",4,"Median","106",1976,1,3,4
56,"Belgium",4,"Median","107",1976,1,2,3
56,"Belgium",4,"Median","108",1976,0,1,1
56,"Belgium",4,"Median","109",1976,0,1,1
56,"Belgium",4,"Median","110",1976,0,1,1
56,"Belgium",4,"Median","0",1977,960,686,1646
56,"Belgium",4,"Median","1",1977,65,55,120
56,"Belgium",4,"Median","2",1977,53,34,87
56,"Belgium",4,"Median","3",1977,29,31,60
56,"Belgium",4,"Median","4",1977,26,21,47
56,"Belgium",4,"Median","5",1977,34,24,58
56,"Belgium",4,"Median","6",1977,31,22,53
56,"Belgium",4,"Median","7",1977,24,22,46
56,"Belgium",4,"Median","8",1977,25,19,44
56,"Belgium",4,"Median","9",1977,26,21,47
56,"Belgium",4,"Median","10",1977,21,12,33
56,"Belgium",4,"Median","11",1977,26,14,40
56,"Belgium",4,"Median","12",1977,29,15,44
56,"Belgium",4,"Median","13",1977,33,17,50
56,"Belgium",4,"Median","14",1977,32,22,53
56,"Belgium",4,"Median","15",1977,55,28,83
56,"Belgium",4,"Median","16",1977,85,31,116
56,"Belgium",4,"Median","17",1977,86,43,129
56,"Belgium",4,"Median","18",1977,101,26,126
56,"Belgium",4,"Median","19",1977,129,60,189
56,"Belgium",4,"Median","20",1977,135,26,161
56,"Belgium",4,"Median","21",1977,133,51,184
56,"Belgium",4,"Median","22",1977,139,39,178
56,"Belgium",4,"Median","23",1977,113,33,146
56,"Belgium",4,"Median","24",1977,110,33,143
56,"Belgium",4,"Median","25",1977,86,54,140
56,"Belgium",4,"Median","26",1977,91,47,138
56,"Belgium",4,"Median","27",1977,97,30,127
56,"Belgium",4,"Median","28",1977,82,49,131
56,"Belgium",4,"Median","29",1977,90,46,136
56,"Belgium",4,"Median","30",1977,100,45,145
56,"Belgium",4,"Median","31",1977,102,59,161
56,"Belgium",4,"Median","32",1977,96,48,144
56,"Belgium",4,"Median","33",1977,96,51,148
56,"Belgium",4,"Median","34",1977,70,65,135
56,"Belgium",4,"Median","35",1977,80,46,126
56,"Belgium",4,"Median","36",1977,87,62,149
56,"Belgium",4,"Median","37",1977,107,78,184
56,"Belgium",4,"Median","38",1977,121,69,190
56,"Belgium",4,"Median","39",1977,138,96,235
56,"Belgium",4,"Median","40",1977,143,88,231
56,"Belgium",4,"Median","41",1977,172,104,276
56,"Belgium",4,"Median","42",1977,179,127,306
56,"Belgium",4,"Median","43",1977,210,118,328
56,"Belgium",4,"Median","44",1977,221,123,345
56,"Belgium",4,"Median","45",1977,258,163,421
56,"Belgium",4,"Median","46",1977,302,181,483
56,"Belgium",4,"Median","47",1977,314,186,500
56,"Belgium",4,"Median","48",1977,343,201,544
56,"Belgium",4,"Median","49",1977,419,218,637
56,"Belgium",4,"Median","50",1977,456,251,707
56,"Belgium",4,"Median","51",1977,518,300,818
56,"Belgium",4,"Median","52",1977,565,283,848
56,"Belgium",4,"Median","53",1977,666,320,987
56,"Belgium",4,"Median","54",1977,676,319,995
56,"Belgium",4,"Median","55",1977,687,394,1081
56,"Belgium",4,"Median","56",1977,805,419,1225
56,"Belgium",4,"Median","57",1977,778,398,1176
56,"Belgium",4,"Median","58",1977,641,323,964
56,"Belgium",4,"Median","59",1977,518,275,793
56,"Belgium",4,"Median","60",1977,656,347,1003
56,"Belgium",4,"Median","61",1977,878,435,1313
56,"Belgium",4,"Median","62",1977,1059,551,1609
56,"Belgium",4,"Median","63",1977,1246,638,1884
56,"Belgium",4,"Median","64",1977,1353,715,2067
56,"Belgium",4,"Median","65",1977,1480,756,2235
56,"Belgium",4,"Median","66",1977,1547,813,2360
56,"Belgium",4,"Median","67",1977,1704,935,2639
56,"Belgium",4,"Median","68",1977,1714,1017,2731
56,"Belgium",4,"Median","69",1977,1903,1174,3077
56,"Belgium",4,"Median","70",1977,1941,1318,3259
56,"Belgium",4,"Median","71",1977,1876,1413,3290
56,"Belgium",4,"Median","72",1977,2061,1515,3577
56,"Belgium",4,"Median","73",1977,2030,1611,3642
56,"Belgium",4,"Median","74",1977,2136,1860,3995
56,"Belgium",4,"Median","75",1977,2147,1960,4107
56,"Belgium",4,"Median","76",1977,2072,2072,4144
56,"Belgium",4,"Median","77",1977,1904,2024,3928
56,"Belgium",4,"Median","78",1977,1873,2130,4003
56,"Belgium",4,"Median","79",1977,1756,2094,3850
56,"Belgium",4,"Median","80",1977,1801,2217,4017
56,"Belgium",4,"Median","81",1977,1572,2104,3675
56,"Belgium",4,"Median","82",1977,1363,2107,3470
56,"Belgium",4,"Median","83",1977,1191,2040,3231
56,"Belgium",4,"Median","84",1977,1163,1920,3083
56,"Belgium",4,"Median","85",1977,1030,1779,2809
56,"Belgium",4,"Median","86",1977,920,1573,2492
56,"Belgium",4,"Median","87",1977,774,1377,2151
56,"Belgium",4,"Median","88",1977,733,1216,1949
56,"Belgium",4,"Median","89",1977,565,1077,1642
56,"Belgium",4,"Median","90",1977,494,842,1336
56,"Belgium",4,"Median","91",1977,367,725,1092
56,"Belgium",4,"Median","92",1977,255,583,838
56,"Belgium",4,"Median","93",1977,233,450,683
56,"Belgium",4,"Median","94",1977,161,336,497
56,"Belgium",4,"Median","95",1977,113,249,361
56,"Belgium",4,"Median","96",1977,74,171,246
56,"Belgium",4,"Median","97",1977,48,112,159
56,"Belgium",4,"Median","98",1977,29,72,101
56,"Belgium",4,"Median","99",1977,17,46,63
56,"Belgium",4,"Median","100",1977,7,18,25
56,"Belgium",4,"Median","101",1977,5,13,18
56,"Belgium",4,"Median","102",1977,3,9,12
56,"Belgium",4,"Median","103",1977,2,7,9
56,"Belgium",4,"Median","104",1977,2,5,7
56,"Belgium",4,"Median","105",1977,1,3,4
56,"Belgium",4,"Median","106",1977,1,3,4
56,"Belgium",4,"Median","107",1977,1,2,3
56,"Belgium",4,"Median","108",1977,0,1,1
56,"Belgium",4,"Median","109",1977,0,1,1
56,"Belgium",4,"Median","110",1977,0,1,1
56,"Belgium",4,"Median","0",1978,956,651,1607
56,"Belgium",4,"Median","1",1978,67,54,121
56,"Belgium",4,"Median","2",1978,39,26,65
56,"Belgium",4,"Median","3",1978,42,24,66
56,"Belgium",4,"Median","4",1978,25,23,48
56,"Belgium",4,"Median","5",1978,31,16,47
56,"Belgium",4,"Median","6",1978,32,28,60
56,"Belgium",4,"Median","7",1978,23,23,45
56,"Belgium",4,"Median","8",1978,35,17,52
56,"Belgium",4,"Median","9",1978,24,26,50
56,"Belgium",4,"Median","10",1978,22,17,39
56,"Belgium",4,"Median","11",1978,26,28,54
56,"Belgium",4,"Median","12",1978,33,17,50
56,"Belgium",4,"Median","13",1978,27,23,50
56,"Belgium",4,"Median","14",1978,28,30,58
56,"Belgium",4,"Median","15",1978,33,16,48
56,"Belgium",4,"Median","16",1978,69,28,97
56,"Belgium",4,"Median","17",1978,99,33,131
56,"Belgium",4,"Median","18",1978,139,45,184
56,"Belgium",4,"Median","19",1978,132,44,177
56,"Belgium",4,"Median","20",1978,134,52,186
56,"Belgium",4,"Median","21",1978,139,38,177
56,"Belgium",4,"Median","22",1978,131,32,163
56,"Belgium",4,"Median","23",1978,110,39,149
56,"Belgium",4,"Median","24",1978,101,37,138
56,"Belgium",4,"Median","25",1978,99,44,143
56,"Belgium",4,"Median","26",1978,113,42,154
56,"Belgium",4,"Median","27",1978,95,45,140
56,"Belgium",4,"Median","28",1978,94,50,144
56,"Belgium",4,"Median","29",1978,120,47,166
56,"Belgium",4,"Median","30",1978,110,66,177
56,"Belgium",4,"Median","31",1978,120,51,171
56,"Belgium",4,"Median","32",1978,116,50,166
56,"Belgium",4,"Median","33",1978,78,54,133
56,"Belgium",4,"Median","34",1978,99,54,154
56,"Belgium",4,"Median","35",1978,106,66,172
56,"Belgium",4,"Median","36",1978,75,60,135
56,"Belgium",4,"Median","37",1978,121,65,186
56,"Belgium",4,"Median","38",1978,99,71,171
56,"Belgium",4,"Median","39",1978,137,98,235
56,"Belgium",4,"Median","40",1978,138,104,242
56,"Belgium",4,"Median","41",1978,140,105,245
56,"Belgium",4,"Median","42",1978,202,98,301
56,"Belgium",4,"Median","43",1978,195,130,325
56,"Belgium",4,"Median","44",1978,200,148,348
56,"Belgium",4,"Median","45",1978,281,149,430
56,"Belgium",4,"Median","46",1978,307,171,478
56,"Belgium",4,"Median","47",1978,311,191,502
56,"Belgium",4,"Median","48",1978,352,201,553
56,"Belgium",4,"Median","49",1978,384,242,626
56,"Belgium",4,"Median","50",1978,437,256,693
56,"Belgium",4,"Median","51",1978,508,249,757
56,"Belgium",4,"Median","52",1978,590,273,863
56,"Belgium",4,"Median","53",1978,581,310,891
56,"Belgium",4,"Median","54",1978,676,327,1003
56,"Belgium",4,"Median","55",1978,735,347,1082
56,"Belgium",4,"Median","56",1978,790,393,1184
56,"Belgium",4,"Median","57",1978,906,442,1348
56,"Belgium",4,"Median","58",1978,881,457,1337
56,"Belgium",4,"Median","59",1978,678,360,1039
56,"Belgium",4,"Median","60",1978,641,307,947
56,"Belgium",4,"Median","61",1978,702,347,1049
56,"Belgium",4,"Median","62",1978,941,531,1473
56,"Belgium",4,"Median","63",1978,1065,551,1616
56,"Belgium",4,"Median","64",1978,1362,712,2074
56,"Belgium",4,"Median","65",1978,1456,739,2195
56,"Belgium",4,"Median","66",1978,1479,858,2338
56,"Belgium",4,"Median","67",1978,1590,898,2487
56,"Belgium",4,"Median","68",1978,1633,1041,2674
56,"Belgium",4,"Median","69",1978,1837,1180,3016
56,"Belgium",4,"Median","70",1978,2003,1269,3272
56,"Belgium",4,"Median","71",1978,2026,1379,3404
56,"Belgium",4,"Median","72",1978,2109,1378,3487
56,"Belgium",4,"Median","73",1978,2095,1678,3773
56,"Belgium",4,"Median","74",1978,2146,1737,3883
56,"Belgium",4,"Median","75",1978,2114,1950,4064
56,"Belgium",4,"Median","76",1978,2061,1986,4047
56,"Belgium",4,"Median","77",1978,2069,2070,4139
56,"Belgium",4,"Median","78",1978,1928,2231,4159
56,"Belgium",4,"Median","79",1978,1942,2238,4180
56,"Belgium",4,"Median","80",1978,1828,2289,4117
56,"Belgium",4,"Median","81",1978,1649,2387,4036
56,"Belgium",4,"Median","82",1978,1457,2155,3611
56,"Belgium",4,"Median","83",1978,1359,2197,3556
56,"Belgium",4,"Median","84",1978,1173,1997,3170
56,"Belgium",4,"Median","85",1978,1107,1880,2986
56,"Belgium",4,"Median","86",1978,911,1707,2618
56,"Belgium",4,"Median","87",1978,852,1544,2396
56,"Belgium",4,"Median","88",1978,776,1391,2168
56,"Belgium",4,"Median","89",1978,649,1165,1814
56,"Belgium",4,"Median","90",1978,498,1022,1520
56,"Belgium",4,"Median","91",1978,393,792,1185
56,"Belgium",4,"Median","92",1978,308,649,958
56,"Belgium",4,"Median","93",1978,203,491,694
56,"Belgium",4,"Median","94",1978,163,372,535
56,"Belgium",4,"Median","95",1978,119,286,404
56,"Belgium",4,"Median","96",1978,81,200,281
56,"Belgium",4,"Median","97",1978,52,133,185
56,"Belgium",4,"Median","98",1978,32,84,116
56,"Belgium",4,"Median","99",1978,19,52,71
56,"Belgium",4,"Median","100",1978,7,21,28
56,"Belgium",4,"Median","101",1978,5,15,20
56,"Belgium",4,"Median","102",1978,4,11,15
56,"Belgium",4,"Median","103",1978,3,8,11
56,"Belgium",4,"Median","104",1978,2,6,8
56,"Belgium",4,"Median","105",1978,1,4,5
56,"Belgium",4,"Median","106",1978,1,3,4
56,"Belgium",4,"Median","107",1978,1,2,3
56,"Belgium",4,"Median","108",1978,0,2,2
56,"Belgium",4,"Median","109",1978,0,1,1
56,"Belgium",4,"Median","110",1978,0,1,1
56,"Belgium",4,"Median","0",1979,849,664,1513
56,"Belgium",4,"Median","1",1979,66,74,139
56,"Belgium",4,"Median","2",1979,29,42,71
56,"Belgium",4,"Median","3",1979,28,25,53
56,"Belgium",4,"Median","4",1979,22,32,54
56,"Belgium",4,"Median","5",1979,24,17,41
56,"Belgium",4,"Median","6",1979,26,24,49
56,"Belgium",4,"Median","7",1979,24,19,43
56,"Belgium",4,"Median","8",1979,23,17,40
56,"Belgium",4,"Median","9",1979,21,23,44
56,"Belgium",4,"Median","10",1979,27,17,44
56,"Belgium",4,"Median","11",1979,22,10,32
56,"Belgium",4,"Median","12",1979,22,18,40
56,"Belgium",4,"Median","13",1979,24,18,42
56,"Belgium",4,"Median","14",1979,31,26,57
56,"Belgium",4,"Median","15",1979,44,29,73
56,"Belgium",4,"Median","16",1979,64,35,99
56,"Belgium",4,"Median","17",1979,96,41,138
56,"Belgium",4,"Median","18",1979,124,47,171
56,"Belgium",4,"Median","19",1979,126,34,161
56,"Belgium",4,"Median","20",1979,134,39,173
56,"Belgium",4,"Median","21",1979,133,51,183
56,"Belgium",4,"Median","22",1979,96,34,130
56,"Belgium",4,"Median","23",1979,108,58,166
56,"Belgium",4,"Median","24",1979,96,49,145
56,"Belgium",4,"Median","25",1979,89,54,143
56,"Belgium",4,"Median","26",1979,103,38,142
56,"Belgium",4,"Median","27",1979,98,40,138
56,"Belgium",4,"Median","28",1979,119,47,166
56,"Belgium",4,"Median","29",1979,97,44,141
56,"Belgium",4,"Median","30",1979,106,47,153
56,"Belgium",4,"Median","31",1979,95,41,136
56,"Belgium",4,"Median","32",1979,116,50,165
56,"Belgium",4,"Median","33",1979,103,59,162
56,"Belgium",4,"Median","34",1979,106,57,164
56,"Belgium",4,"Median","35",1979,104,59,162
56,"Belgium",4,"Median","36",1979,97,53,150
56,"Belgium",4,"Median","37",1979,107,68,175
56,"Belgium",4,"Median","38",1979,143,74,216
56,"Belgium",4,"Median","39",1979,161,64,226
56,"Belgium",4,"Median","40",1979,150,75,225
56,"Belgium",4,"Median","41",1979,169,103,272
56,"Belgium",4,"Median","42",1979,176,106,282
56,"Belgium",4,"Median","43",1979,189,120,309
56,"Belgium",4,"Median","44",1979,208,138,346
56,"Belgium",4,"Median","45",1979,257,158,414
56,"Belgium",4,"Median","46",1979,262,157,419
56,"Belgium",4,"Median","47",1979,330,169,499
56,"Belgium",4,"Median","48",1979,352,212,564
56,"Belgium",4,"Median","49",1979,407,221,628
56,"Belgium",4,"Median","50",1979,434,219,653
56,"Belgium",4,"Median","51",1979,473,250,722
56,"Belgium",4,"Median","52",1979,516,310,827
56,"Belgium",4,"Median","53",1979,607,331,939
56,"Belgium",4,"Median","54",1979,602,323,925
56,"Belgium",4,"Median","55",1979,659,380,1039
56,"Belgium",4,"Median","56",1979,727,347,1074
56,"Belgium",4,"Median","57",1979,830,418,1249
56,"Belgium",4,"Median","58",1979,952,508,1459
56,"Belgium",4,"Median","59",1979,884,398,1282
56,"Belgium",4,"Median","60",1979,767,373,1140
56,"Belgium",4,"Median","61",1979,637,278,915
56,"Belgium",4,"Median","62",1979,728,348,1076
56,"Belgium",4,"Median","63",1979,1019,478,1498
56,"Belgium",4,"Median","64",1979,1144,613,1757
56,"Belgium",4,"Median","65",1979,1317,692,2009
56,"Belgium",4,"Median","66",1979,1534,749,2283
56,"Belgium",4,"Median","67",1979,1512,848,2360
56,"Belgium",4,"Median","68",1979,1594,949,2542
56,"Belgium",4,"Median","69",1979,1717,1107,2824
56,"Belgium",4,"Median","70",1979,1876,1210,3086
56,"Belgium",4,"Median","71",1979,1955,1341,3296
56,"Belgium",4,"Median","72",1979,1941,1441,3383
56,"Belgium",4,"Median","73",1979,1980,1526,3506
56,"Belgium",4,"Median","74",1979,2037,1750,3787
56,"Belgium",4,"Median","75",1979,2112,1792,3904
56,"Belgium",4,"Median","76",1979,2044,1982,4026
56,"Belgium",4,"Median","77",1979,2102,2096,4198
56,"Belgium",4,"Median","78",1979,2028,2188,4216
56,"Belgium",4,"Median","79",1979,1839,2077,3916
56,"Belgium",4,"Median","80",1979,1840,2188,4029
56,"Belgium",4,"Median","81",1979,1634,2263,3897
56,"Belgium",4,"Median","82",1979,1565,2201,3766
56,"Belgium",4,"Median","83",1979,1364,2165,3528
56,"Belgium",4,"Median","84",1979,1288,1945,3233
56,"Belgium",4,"Median","85",1979,1095,1850,2946
56,"Belgium",4,"Median","86",1979,937,1649,2586
56,"Belgium",4,"Median","87",1979,832,1538,2370
56,"Belgium",4,"Median","88",1979,679,1300,1978
56,"Belgium",4,"Median","89",1979,591,1116,1707
56,"Belgium",4,"Median","90",1979,507,916,1423
56,"Belgium",4,"Median","91",1979,366,760,1126
56,"Belgium",4,"Median","92",1979,332,673,1005
56,"Belgium",4,"Median","93",1979,225,450,676
56,"Belgium",4,"Median","94",1979,155,382,537
56,"Belgium",4,"Median","95",1979,124,278,402
56,"Belgium",4,"Median","96",1979,84,199,283
56,"Belgium",4,"Median","97",1979,56,135,191
56,"Belgium",4,"Median","98",1979,35,87,122
56,"Belgium",4,"Median","99",1979,21,53,74
56,"Belgium",4,"Median","100",1979,8,21,29
56,"Belgium",4,"Median","101",1979,6,15,21
56,"Belgium",4,"Median","102",1979,4,11,15
56,"Belgium",4,"Median","103",1979,3,8,11
56,"Belgium",4,"Median","104",1979,2,6,8
56,"Belgium",4,"Median","105",1979,1,4,5
56,"Belgium",4,"Median","106",1979,1,3,4
56,"Belgium",4,"Median","107",1979,1,2,3
56,"Belgium",4,"Median","108",1979,0,2,2
56,"Belgium",4,"Median","109",1979,0,1,1
56,"Belgium",4,"Median","110",1979,0,1,1
56,"Belgium",4,"Median","0",1980,866,636,1501
56,"Belgium",4,"Median","1",1980,59,72,131
56,"Belgium",4,"Median","2",1980,55,33,88
56,"Belgium",4,"Median","3",1980,20,21,41
56,"Belgium",4,"Median","4",1980,24,28,52
56,"Belgium",4,"Median","5",1980,28,21,49
56,"Belgium",4,"Median","6",1980,25,7,32
56,"Belgium",4,"Median","7",1980,36,18,54
56,"Belgium",4,"Median","8",1980,25,17,42
56,"Belgium",4,"Median","9",1980,15,15,30
56,"Belgium",4,"Median","10",1980,14,13,27
56,"Belgium",4,"Median","11",1980,24,15,39
56,"Belgium",4,"Median","12",1980,20,14,34
56,"Belgium",4,"Median","13",1980,25,28,53
56,"Belgium",4,"Median","14",1980,25,21,46
56,"Belgium",4,"Median","15",1980,42,28,70
56,"Belgium",4,"Median","16",1980,63,22,85
56,"Belgium",4,"Median","17",1980,94,26,120
56,"Belgium",4,"Median","18",1980,120,44,164
56,"Belgium",4,"Median","19",1980,138,38,176
56,"Belgium",4,"Median","20",1980,120,56,176
56,"Belgium",4,"Median","21",1980,134,38,171
56,"Belgium",4,"Median","22",1980,125,46,171
56,"Belgium",4,"Median","23",1980,118,33,152
56,"Belgium",4,"Median","24",1980,107,31,137
56,"Belgium",4,"Median","25",1980,104,41,145
56,"Belgium",4,"Median","26",1980,105,41,146
56,"Belgium",4,"Median","27",1980,114,43,157
56,"Belgium",4,"Median","28",1980,104,43,148
56,"Belgium",4,"Median","29",1980,100,48,148
56,"Belgium",4,"Median","30",1980,109,40,149
56,"Belgium",4,"Median","31",1980,112,50,161
56,"Belgium",4,"Median","32",1980,112,61,173
56,"Belgium",4,"Median","33",1980,125,70,195
56,"Belgium",4,"Median","34",1980,87,68,154
56,"Belgium",4,"Median","35",1980,117,56,173
56,"Belgium",4,"Median","36",1980,118,76,194
56,"Belgium",4,"Median","37",1980,108,74,182
56,"Belgium",4,"Median","38",1980,109,69,178
56,"Belgium",4,"Median","39",1980,118,70,187
56,"Belgium",4,"Median","40",1980,141,86,227
56,"Belgium",4,"Median","41",1980,161,99,260
56,"Belgium",4,"Median","42",1980,177,108,286
56,"Belgium",4,"Median","43",1980,210,118,328
56,"Belgium",4,"Median","44",1980,232,133,365
56,"Belgium",4,"Median","45",1980,217,127,345
56,"Belgium",4,"Median","46",1980,257,126,383
56,"Belgium",4,"Median","47",1980,287,177,465
56,"Belgium",4,"Median","48",1980,359,206,565
56,"Belgium",4,"Median","49",1980,396,209,604
56,"Belgium",4,"Median","50",1980,454,216,670
56,"Belgium",4,"Median","51",1980,476,283,760
56,"Belgium",4,"Median","52",1980,520,258,778
56,"Belgium",4,"Median","53",1980,560,298,859
56,"Belgium",4,"Median","54",1980,641,293,935
56,"Belgium",4,"Median","55",1980,667,357,1024
56,"Belgium",4,"Median","56",1980,782,396,1178
56,"Belgium",4,"Median","57",1980,805,379,1184
56,"Belgium",4,"Median","58",1980,899,467,1365
56,"Belgium",4,"Median","59",1980,978,469,1447
56,"Belgium",4,"Median","60",1980,985,478,1463
56,"Belgium",4,"Median","61",1980,788,368,1156
56,"Belgium",4,"Median","62",1980,701,315,1016
56,"Belgium",4,"Median","63",1980,781,399,1180
56,"Belgium",4,"Median","64",1980,1104,552,1656
56,"Belgium",4,"Median","65",1980,1208,660,1868
56,"Belgium",4,"Median","66",1980,1422,871,2293
56,"Belgium",4,"Median","67",1980,1557,892,2450
56,"Belgium",4,"Median","68",1980,1716,988,2704
56,"Belgium",4,"Median","69",1980,1680,1028,2708
56,"Belgium",4,"Median","70",1980,1840,1094,2935
56,"Belgium",4,"Median","71",1980,1830,1279,3109
56,"Belgium",4,"Median","72",1980,2020,1486,3506
56,"Belgium",4,"Median","73",1980,2033,1581,3614
56,"Belgium",4,"Median","74",1980,2032,1640,3672
56,"Belgium",4,"Median","75",1980,2092,1801,3893
56,"Belgium",4,"Median","76",1980,2133,1995,4127
56,"Belgium",4,"Median","77",1980,2048,2029,4077
56,"Belgium",4,"Median","78",1980,2093,2189,4282
56,"Belgium",4,"Median","79",1980,1958,2198,4157
56,"Belgium",4,"Median","80",1980,1834,2269,4104
56,"Belgium",4,"Median","81",1980,1680,2280,3960
56,"Belgium",4,"Median","82",1980,1614,2265,3879
56,"Belgium",4,"Median","83",1980,1427,2260,3687
56,"Belgium",4,"Median","84",1980,1274,2059,3333
56,"Belgium",4,"Median","85",1980,1114,1919,3033
56,"Belgium",4,"Median","86",1980,1022,1739,2761
56,"Belgium",4,"Median","87",1980,876,1668,2544
56,"Belgium",4,"Median","88",1980,698,1378,2076
56,"Belgium",4,"Median","89",1980,663,1251,1914
56,"Belgium",4,"Median","90",1980,511,1012,1523
56,"Belgium",4,"Median","91",1980,404,806,1210
56,"Belgium",4,"Median","92",1980,308,662,970
56,"Belgium",4,"Median","93",1980,252,546,799
56,"Belgium",4,"Median","94",1980,167,384,551
56,"Belgium",4,"Median","95",1980,130,290,420
56,"Belgium",4,"Median","96",1980,92,214,306
56,"Belgium",4,"Median","97",1980,61,148,209
56,"Belgium",4,"Median","98",1980,39,97,136
56,"Belgium",4,"Median","99",1980,24,61,84
56,"Belgium",4,"Median","100",1980,9,22,31
56,"Belgium",4,"Median","101",1980,6,17,23
56,"Belgium",4,"Median","102",1980,4,12,16
56,"Belgium",4,"Median","103",1980,3,9,12
56,"Belgium",4,"Median","104",1980,2,7,9
56,"Belgium",4,"Median","105",1980,2,5,7
56,"Belgium",4,"Median","106",1980,1,4,5
56,"Belgium",4,"Median","107",1980,1,3,4
56,"Belgium",4,"Median","108",1980,1,2,3
56,"Belgium",4,"Median","109",1980,0,1,1
56,"Belgium",4,"Median","110",1980,0,1,1
56,"Belgium",4,"Median","0",1981,851,558,1408
56,"Belgium",4,"Median","1",1981,52,61,113
56,"Belgium",4,"Median","2",1981,36,28,64
56,"Belgium",4,"Median","3",1981,36,26,62
56,"Belgium",4,"Median","4",1981,26,23,49
56,"Belgium",4,"Median","5",1981,15,23,38
56,"Belgium",4,"Median","6",1981,21,16,37
56,"Belgium",4,"Median","7",1981,22,17,39
56,"Belgium",4,"Median","8",1981,21,7,28
56,"Belgium",4,"Median","9",1981,26,15,41
56,"Belgium",4,"Median","10",1981,22,21,42
56,"Belgium",4,"Median","11",1981,19,13,32
56,"Belgium",4,"Median","12",1981,25,8,34
56,"Belgium",4,"Median","13",1981,21,16,37
56,"Belgium",4,"Median","14",1981,28,17,45
56,"Belgium",4,"Median","15",1981,34,20,54
56,"Belgium",4,"Median","16",1981,60,25,84
56,"Belgium",4,"Median","17",1981,79,34,113
56,"Belgium",4,"Median","18",1981,104,34,138
56,"Belgium",4,"Median","19",1981,133,31,164
56,"Belgium",4,"Median","20",1981,147,33,179
56,"Belgium",4,"Median","21",1981,135,43,179
56,"Belgium",4,"Median","22",1981,86,30,115
56,"Belgium",4,"Median","23",1981,120,46,166
56,"Belgium",4,"Median","24",1981,111,44,155
56,"Belgium",4,"Median","25",1981,108,38,145
56,"Belgium",4,"Median","26",1981,85,39,124
56,"Belgium",4,"Median","27",1981,94,32,126
56,"Belgium",4,"Median","28",1981,107,46,153
56,"Belgium",4,"Median","29",1981,103,46,149
56,"Belgium",4,"Median","30",1981,103,49,152
56,"Belgium",4,"Median","31",1981,95,62,157
56,"Belgium",4,"Median","32",1981,95,65,159
56,"Belgium",4,"Median","33",1981,115,61,177
56,"Belgium",4,"Median","34",1981,112,59,171
56,"Belgium",4,"Median","35",1981,130,72,202
56,"Belgium",4,"Median","36",1981,124,54,178
56,"Belgium",4,"Median","37",1981,109,69,178
56,"Belgium",4,"Median","38",1981,118,62,181
56,"Belgium",4,"Median","39",1981,108,60,168
56,"Belgium",4,"Median","40",1981,123,76,199
56,"Belgium",4,"Median","41",1981,163,75,238
56,"Belgium",4,"Median","42",1981,180,81,261
56,"Belgium",4,"Median","43",1981,189,119,309
56,"Belgium",4,"Median","44",1981,183,120,303
56,"Belgium",4,"Median","45",1981,231,119,350
56,"Belgium",4,"Median","46",1981,247,154,401
56,"Belgium",4,"Median","47",1981,269,168,436
56,"Belgium",4,"Median","48",1981,338,176,514
56,"Belgium",4,"Median","49",1981,385,209,594
56,"Belgium",4,"Median","50",1981,429,220,649
56,"Belgium",4,"Median","51",1981,458,270,728
56,"Belgium",4,"Median","52",1981,485,276,762
56,"Belgium",4,"Median","53",1981,539,268,807
56,"Belgium",4,"Median","54",1981,570,296,866
56,"Belgium",4,"Median","55",1981,667,354,1022
56,"Belgium",4,"Median","56",1981,734,358,1092
56,"Belgium",4,"Median","57",1981,849,417,1267
56,"Belgium",4,"Median","58",1981,853,442,1295
56,"Belgium",4,"Median","59",1981,901,478,1379
56,"Belgium",4,"Median","60",1981,1016,533,1549
56,"Belgium",4,"Median","61",1981,1038,490,1528
56,"Belgium",4,"Median","62",1981,835,428,1263
56,"Belgium",4,"Median","63",1981,639,376,1015
56,"Belgium",4,"Median","64",1981,813,461,1274
56,"Belgium",4,"Median","65",1981,1108,572,1680
56,"Belgium",4,"Median","66",1981,1203,706,1909
56,"Belgium",4,"Median","67",1981,1483,871,2353
56,"Belgium",4,"Median","68",1981,1675,998,2673
56,"Belgium",4,"Median","69",1981,1713,1020,2733
56,"Belgium",4,"Median","70",1981,1788,1041,2830
56,"Belgium",4,"Median","71",1981,1818,1294,3112
56,"Belgium",4,"Median","72",1981,1952,1375,3327
56,"Belgium",4,"Median","73",1981,1992,1473,3465
56,"Belgium",4,"Median","74",1981,1965,1592,3558
56,"Belgium",4,"Median","75",1981,2015,1800,3814
56,"Belgium",4,"Median","76",1981,2099,1866,3965
56,"Belgium",4,"Median","77",1981,2093,2037,4131
56,"Belgium",4,"Median","78",1981,2068,2185,4252
56,"Belgium",4,"Median","79",1981,2061,2239,4301
56,"Belgium",4,"Median","80",1981,1833,2304,4137
56,"Belgium",4,"Median","81",1981,1753,2284,4037
56,"Belgium",4,"Median","82",1981,1613,2225,3838
56,"Belgium",4,"Median","83",1981,1420,2250,3669
56,"Belgium",4,"Median","84",1981,1346,2119,3465
56,"Belgium",4,"Median","85",1981,1200,2068,3268
56,"Belgium",4,"Median","86",1981,1040,1761,2801
56,"Belgium",4,"Median","87",1981,883,1650,2532
56,"Belgium",4,"Median","88",1981,714,1432,2147
56,"Belgium",4,"Median","89",1981,625,1255,1879
56,"Belgium",4,"Median","90",1981,529,1059,1588
56,"Belgium",4,"Median","91",1981,392,824,1216
56,"Belgium",4,"Median","92",1981,311,691,1002
56,"Belgium",4,"Median","93",1981,242,576,818
56,"Belgium",4,"Median","94",1981,159,382,541
56,"Belgium",4,"Median","95",1981,116,290,406
56,"Belgium",4,"Median","96",1981,87,211,298
56,"Belgium",4,"Median","97",1981,60,151,210
56,"Belgium",4,"Median","98",1981,38,101,139
56,"Belgium",4,"Median","99",1981,24,64,88
56,"Belgium",4,"Median","100",1981,9,24,33
56,"Belgium",4,"Median","101",1981,6,18,24
56,"Belgium",4,"Median","102",1981,5,13,18
56,"Belgium",4,"Median","103",1981,3,9,12
56,"Belgium",4,"Median","104",1981,2,7,9
56,"Belgium",4,"Median","105",1981,2,5,7
56,"Belgium",4,"Median","106",1981,1,4,5
56,"Belgium",4,"Median","107",1981,1,3,4
56,"Belgium",4,"Median","108",1981,1,2,3
56,"Belgium",4,"Median","109",1981,0,1,1
56,"Belgium",4,"Median","110",1981,0,1,1
56,"Belgium",4,"Median","0",1982,758,572,1330
56,"Belgium",4,"Median","1",1982,63,40,103
56,"Belgium",4,"Median","2",1982,32,28,60
56,"Belgium",4,"Median","3",1982,29,24,53
56,"Belgium",4,"Median","4",1982,20,19,39
56,"Belgium",4,"Median","5",1982,24,14,38
56,"Belgium",4,"Median","6",1982,19,19,38
56,"Belgium",4,"Median","7",1982,23,11,34
56,"Belgium",4,"Median","8",1982,12,15,27
56,"Belgium",4,"Median","9",1982,20,15,34
56,"Belgium",4,"Median","10",1982,17,12,29
56,"Belgium",4,"Median","11",1982,16,14,30
56,"Belgium",4,"Median","12",1982,21,14,35
56,"Belgium",4,"Median","13",1982,34,17,51
56,"Belgium",4,"Median","14",1982,29,19,48
56,"Belgium",4,"Median","15",1982,34,20,54
56,"Belgium",4,"Median","16",1982,50,28,78
56,"Belgium",4,"Median","17",1982,73,19,92
56,"Belgium",4,"Median","18",1982,99,35,133
56,"Belgium",4,"Median","19",1982,114,41,156
56,"Belgium",4,"Median","20",1982,128,39,167
56,"Belgium",4,"Median","21",1982,112,33,145
56,"Belgium",4,"Median","22",1982,118,40,158
56,"Belgium",4,"Median","23",1982,107,26,133
56,"Belgium",4,"Median","24",1982,107,45,152
56,"Belgium",4,"Median","25",1982,88,39,127
56,"Belgium",4,"Median","26",1982,95,37,132
56,"Belgium",4,"Median","27",1982,95,44,139
56,"Belgium",4,"Median","28",1982,114,58,172
56,"Belgium",4,"Median","29",1982,97,47,144
56,"Belgium",4,"Median","30",1982,103,46,149
56,"Belgium",4,"Median","31",1982,96,60,156
56,"Belgium",4,"Median","32",1982,85,41,126
56,"Belgium",4,"Median","33",1982,111,47,158
56,"Belgium",4,"Median","34",1982,109,61,169
56,"Belgium",4,"Median","35",1982,117,65,181
56,"Belgium",4,"Median","36",1982,118,50,168
56,"Belgium",4,"Median","37",1982,132,80,212
56,"Belgium",4,"Median","38",1982,121,64,185
56,"Belgium",4,"Median","39",1982,130,84,215
56,"Belgium",4,"Median","40",1982,130,72,202
56,"Belgium",4,"Median","41",1982,119,78,197
56,"Belgium",4,"Median","42",1982,157,107,264
56,"Belgium",4,"Median","43",1982,189,113,302
56,"Belgium",4,"Median","44",1982,192,119,311
56,"Belgium",4,"Median","45",1982,222,118,340
56,"Belgium",4,"Median","46",1982,244,136,380
56,"Belgium",4,"Median","47",1982,279,155,434
56,"Belgium",4,"Median","48",1982,288,180,468
56,"Belgium",4,"Median","49",1982,342,170,512
56,"Belgium",4,"Median","50",1982,422,239,660
56,"Belgium",4,"Median","51",1982,471,263,734
56,"Belgium",4,"Median","52",1982,492,274,766
56,"Belgium",4,"Median","53",1982,542,297,839
56,"Belgium",4,"Median","54",1982,592,312,904
56,"Belgium",4,"Median","55",1982,665,370,1034
56,"Belgium",4,"Median","56",1982,721,380,1101
56,"Belgium",4,"Median","57",1982,785,380,1165
56,"Belgium",4,"Median","58",1982,912,447,1359
56,"Belgium",4,"Median","59",1982,965,453,1419
56,"Belgium",4,"Median","60",1982,953,506,1459
56,"Belgium",4,"Median","61",1982,1107,559,1666
56,"Belgium",4,"Median","62",1982,1098,528,1625
56,"Belgium",4,"Median","63",1982,887,459,1346
56,"Belgium",4,"Median","64",1982,722,405,1126
56,"Belgium",4,"Median","65",1982,849,426,1276
56,"Belgium",4,"Median","66",1982,1123,612,1735
56,"Belgium",4,"Median","67",1982,1323,759,2082
56,"Belgium",4,"Median","68",1982,1527,920,2447
56,"Belgium",4,"Median","69",1982,1716,1037,2753
56,"Belgium",4,"Median","70",1982,1751,1106,2857
56,"Belgium",4,"Median","71",1982,1763,1187,2949
56,"Belgium",4,"Median","72",1982,1870,1319,3189
56,"Belgium",4,"Median","73",1982,1937,1439,3376
56,"Belgium",4,"Median","74",1982,2083,1613,3697
56,"Belgium",4,"Median","75",1982,1949,1754,3703
56,"Belgium",4,"Median","76",1982,2035,1944,3979
56,"Belgium",4,"Median","77",1982,2067,2025,4092
56,"Belgium",4,"Median","78",1982,1995,2118,4113
56,"Belgium",4,"Median","79",1982,1919,2190,4109
56,"Belgium",4,"Median","80",1982,1857,2357,4213
56,"Belgium",4,"Median","81",1982,1764,2389,4153
56,"Belgium",4,"Median","82",1982,1626,2336,3963
56,"Belgium",4,"Median","83",1982,1446,2255,3701
56,"Belgium",4,"Median","84",1982,1331,2122,3453
56,"Belgium",4,"Median","85",1982,1269,2089,3358
56,"Belgium",4,"Median","86",1982,1028,1992,3021
56,"Belgium",4,"Median","87",1982,844,1694,2539
56,"Belgium",4,"Median","88",1982,750,1529,2278
56,"Belgium",4,"Median","89",1982,600,1370,1970
56,"Belgium",4,"Median","90",1982,510,1101,1611
56,"Belgium",4,"Median","91",1982,400,898,1298
56,"Belgium",4,"Median","92",1982,298,709,1006
56,"Belgium",4,"Median","93",1982,247,531,779
56,"Belgium",4,"Median","94",1982,190,437,627
56,"Belgium",4,"Median","95",1982,126,307,432
56,"Belgium",4,"Median","96",1982,85,214,299
56,"Belgium",4,"Median","97",1982,61,151,212
56,"Belgium",4,"Median","98",1982,41,104,145
56,"Belgium",4,"Median","99",1982,26,67,93
56,"Belgium",4,"Median","100",1982,10,26,36
56,"Belgium",4,"Median","101",1982,7,19,26
56,"Belgium",4,"Median","102",1982,5,14,19
56,"Belgium",4,"Median","103",1982,4,10,14
56,"Belgium",4,"Median","104",1982,3,7,10
56,"Belgium",4,"Median","105",1982,2,5,7
56,"Belgium",4,"Median","106",1982,1,4,5
56,"Belgium",4,"Median","107",1982,1,3,4
56,"Belgium",4,"Median","108",1982,1,2,3
56,"Belgium",4,"Median","109",1982,1,2,3
56,"Belgium",4,"Median","110",1982,0,1,1
56,"Belgium",4,"Median","0",1983,717,508,1224
56,"Belgium",4,"Median","1",1983,59,33,92
56,"Belgium",4,"Median","2",1983,39,28,67
56,"Belgium",4,"Median","3",1983,34,20,54
56,"Belgium",4,"Median","4",1983,28,23,52
56,"Belgium",4,"Median","5",1983,28,14,42
56,"Belgium",4,"Median","6",1983,18,11,29
56,"Belgium",4,"Median","7",1983,18,13,31
56,"Belgium",4,"Median","8",1983,18,14,32
56,"Belgium",4,"Median","9",1983,21,15,36
56,"Belgium",4,"Median","10",1983,15,22,37
56,"Belgium",4,"Median","11",1983,22,20,42
56,"Belgium",4,"Median","12",1983,20,9,29
56,"Belgium",4,"Median","13",1983,33,12,45
56,"Belgium",4,"Median","14",1983,25,12,37
56,"Belgium",4,"Median","15",1983,21,22,43
56,"Belgium",4,"Median","16",1983,41,29,70
56,"Belgium",4,"Median","17",1983,69,33,102
56,"Belgium",4,"Median","18",1983,98,34,132
56,"Belgium",4,"Median","19",1983,103,30,133
56,"Belgium",4,"Median","20",1983,114,36,150
56,"Belgium",4,"Median","21",1983,111,31,142
56,"Belgium",4,"Median","22",1983,92,40,132
56,"Belgium",4,"Median","23",1983,87,43,130
56,"Belgium",4,"Median","24",1983,104,35,138
56,"Belgium",4,"Median","25",1983,95,43,138
56,"Belgium",4,"Median","26",1983,92,29,121
56,"Belgium",4,"Median","27",1983,109,38,147
56,"Belgium",4,"Median","28",1983,111,36,147
56,"Belgium",4,"Median","29",1983,102,36,138
56,"Belgium",4,"Median","30",1983,111,49,159
56,"Belgium",4,"Median","31",1983,119,55,174
56,"Belgium",4,"Median","32",1983,120,52,172
56,"Belgium",4,"Median","33",1983,137,55,192
56,"Belgium",4,"Median","34",1983,131,68,199
56,"Belgium",4,"Median","35",1983,115,80,195
56,"Belgium",4,"Median","36",1983,125,74,199
56,"Belgium",4,"Median","37",1983,137,63,200
56,"Belgium",4,"Median","38",1983,114,91,204
56,"Belgium",4,"Median","39",1983,142,86,228
56,"Belgium",4,"Median","40",1983,157,71,228
56,"Belgium",4,"Median","41",1983,146,93,239
56,"Belgium",4,"Median","42",1983,144,101,245
56,"Belgium",4,"Median","43",1983,184,124,308
56,"Belgium",4,"Median","44",1983,199,128,326
56,"Belgium",4,"Median","45",1983,228,137,365
56,"Belgium",4,"Median","46",1983,260,166,426
56,"Belgium",4,"Median","47",1983,276,136,412
56,"Belgium",4,"Median","48",1983,287,174,461
56,"Belgium",4,"Median","49",1983,334,192,526
56,"Belgium",4,"Median","50",1983,383,222,605
56,"Belgium",4,"Median","51",1983,469,229,698
56,"Belgium",4,"Median","52",1983,496,282,779
56,"Belgium",4,"Median","53",1983,517,308,825
56,"Belgium",4,"Median","54",1983,573,295,867
56,"Belgium",4,"Median","55",1983,645,327,972
56,"Belgium",4,"Median","56",1983,700,343,1042
56,"Belgium",4,"Median","57",1983,781,373,1155
56,"Belgium",4,"Median","58",1983,863,426,1289
56,"Belgium",4,"Median","59",1983,917,467,1384
56,"Belgium",4,"Median","60",1983,1017,489,1506
56,"Belgium",4,"Median","61",1983,1042,559,1601
56,"Belgium",4,"Median","62",1983,1133,597,1731
56,"Belgium",4,"Median","63",1983,1106,553,1659
56,"Belgium",4,"Median","64",1983,906,513,1419
56,"Belgium",4,"Median","65",1983,752,428,1180
56,"Belgium",4,"Median","66",1983,877,504,1380
56,"Belgium",4,"Median","67",1983,1185,674,1858
56,"Belgium",4,"Median","68",1983,1340,819,2159
56,"Belgium",4,"Median","69",1983,1558,1036,2594
56,"Belgium",4,"Median","70",1983,1763,1092,2854
56,"Belgium",4,"Median","71",1983,1813,1163,2976
56,"Belgium",4,"Median","72",1983,1862,1337,3199
56,"Belgium",4,"Median","73",1983,1990,1462,3452
56,"Belgium",4,"Median","74",1983,2092,1642,3734
56,"Belgium",4,"Median","75",1983,1991,1759,3750
56,"Belgium",4,"Median","76",1983,2069,1906,3975
56,"Belgium",4,"Median","77",1983,2034,2035,4070
56,"Belgium",4,"Median","78",1983,2139,2170,4308
56,"Belgium",4,"Median","79",1983,1945,2329,4274
56,"Belgium",4,"Median","80",1983,1960,2386,4346
56,"Belgium",4,"Median","81",1983,1924,2472,4395
56,"Belgium",4,"Median","82",1983,1721,2480,4201
56,"Belgium",4,"Median","83",1983,1599,2377,3975
56,"Belgium",4,"Median","84",1983,1392,2295,3687
56,"Belgium",4,"Median","85",1983,1308,2235,3542
56,"Belgium",4,"Median","86",1983,1109,2179,3288
56,"Belgium",4,"Median","87",1983,983,1915,2899
56,"Belgium",4,"Median","88",1983,791,1706,2497
56,"Belgium",4,"Median","89",1983,641,1394,2035
56,"Belgium",4,"Median","90",1983,609,1184,1793
56,"Belgium",4,"Median","91",1983,436,905,1341
56,"Belgium",4,"Median","92",1983,338,763,1101
56,"Belgium",4,"Median","93",1983,286,623,909
56,"Belgium",4,"Median","94",1983,155,469,624
56,"Belgium",4,"Median","95",1983,139,343,483
56,"Belgium",4,"Median","96",1983,93,238,331
56,"Belgium",4,"Median","97",1983,61,161,222
56,"Belgium",4,"Median","98",1983,43,110,152
56,"Belgium",4,"Median","99",1983,28,73,101
56,"Belgium",4,"Median","100",1983,11,29,40
56,"Belgium",4,"Median","101",1983,8,21,29
56,"Belgium",4,"Median","102",1983,6,16,22
56,"Belgium",4,"Median","103",1983,4,11,15
56,"Belgium",4,"Median","104",1983,3,8,11
56,"Belgium",4,"Median","105",1983,2,6,8
56,"Belgium",4,"Median","106",1983,1,5,6
56,"Belgium",4,"Median","107",1983,1,3,4
56,"Belgium",4,"Median","108",1983,1,2,3
56,"Belgium",4,"Median","109",1983,1,2,3
56,"Belgium",4,"Median","110",1983,0,1,1
56,"Belgium",4,"Median","0",1984,698,454,1152
56,"Belgium",4,"Median","1",1984,46,46,92
56,"Belgium",4,"Median","2",1984,29,32,61
56,"Belgium",4,"Median","3",1984,38,14,52
56,"Belgium",4,"Median","4",1984,32,14,46
56,"Belgium",4,"Median","5",1984,23,11,34
56,"Belgium",4,"Median","6",1984,12,14,25
56,"Belgium",4,"Median","7",1984,25,15,40
56,"Belgium",4,"Median","8",1984,12,9,21
56,"Belgium",4,"Median","9",1984,15,10,25
56,"Belgium",4,"Median","10",1984,10,14,24
56,"Belgium",4,"Median","11",1984,19,13,32
56,"Belgium",4,"Median","12",1984,18,10,28
56,"Belgium",4,"Median","13",1984,24,22,46
56,"Belgium",4,"Median","14",1984,23,13,36
56,"Belgium",4,"Median","15",1984,34,19,53
56,"Belgium",4,"Median","16",1984,51,24,75
56,"Belgium",4,"Median","17",1984,67,24,91
56,"Belgium",4,"Median","18",1984,74,38,112
56,"Belgium",4,"Median","19",1984,83,32,115
56,"Belgium",4,"Median","20",1984,107,28,135
56,"Belgium",4,"Median","21",1984,122,27,149
56,"Belgium",4,"Median","22",1984,104,37,141
56,"Belgium",4,"Median","23",1984,102,42,145
56,"Belgium",4,"Median","24",1984,106,29,135
56,"Belgium",4,"Median","25",1984,99,36,136
56,"Belgium",4,"Median","26",1984,84,37,121
56,"Belgium",4,"Median","27",1984,103,45,148
56,"Belgium",4,"Median","28",1984,98,38,136
56,"Belgium",4,"Median","29",1984,102,36,138
56,"Belgium",4,"Median","30",1984,96,47,144
56,"Belgium",4,"Median","31",1984,122,49,171
56,"Belgium",4,"Median","32",1984,102,45,147
56,"Belgium",4,"Median","33",1984,127,58,185
56,"Belgium",4,"Median","34",1984,134,57,190
56,"Belgium",4,"Median","35",1984,127,69,196
56,"Belgium",4,"Median","36",1984,118,70,187
56,"Belgium",4,"Median","37",1984,149,67,216
56,"Belgium",4,"Median","38",1984,132,73,205
56,"Belgium",4,"Median","39",1984,151,73,225
56,"Belgium",4,"Median","40",1984,155,76,231
56,"Belgium",4,"Median","41",1984,149,84,234
56,"Belgium",4,"Median","42",1984,147,100,247
56,"Belgium",4,"Median","43",1984,140,106,246
56,"Belgium",4,"Median","44",1984,164,110,274
56,"Belgium",4,"Median","45",1984,208,131,339
56,"Belgium",4,"Median","46",1984,258,147,405
56,"Belgium",4,"Median","47",1984,251,150,400
56,"Belgium",4,"Median","48",1984,310,185,496
56,"Belgium",4,"Median","49",1984,324,166,490
56,"Belgium",4,"Median","50",1984,357,182,540
56,"Belgium",4,"Median","51",1984,432,212,644
56,"Belgium",4,"Median","52",1984,425,237,662
56,"Belgium",4,"Median","53",1984,515,273,788
56,"Belgium",4,"Median","54",1984,563,269,832
56,"Belgium",4,"Median","55",1984,635,324,959
56,"Belgium",4,"Median","56",1984,687,329,1016
56,"Belgium",4,"Median","57",1984,759,381,1139
56,"Belgium",4,"Median","58",1984,814,386,1201
56,"Belgium",4,"Median","59",1984,821,488,1309
56,"Belgium",4,"Median","60",1984,983,467,1451
56,"Belgium",4,"Median","61",1984,1020,505,1525
56,"Belgium",4,"Median","62",1984,1152,566,1718
56,"Belgium",4,"Median","63",1984,1257,650,1907
56,"Belgium",4,"Median","64",1984,1148,629,1776
56,"Belgium",4,"Median","65",1984,945,484,1429
56,"Belgium",4,"Median","66",1984,819,440,1259
56,"Belgium",4,"Median","67",1984,929,494,1423
56,"Belgium",4,"Median","68",1984,1290,714,2004
56,"Belgium",4,"Median","69",1984,1391,837,2229
56,"Belgium",4,"Median","70",1984,1703,1003,2706
56,"Belgium",4,"Median","71",1984,1826,1206,3032
56,"Belgium",4,"Median","72",1984,1864,1301,3165
56,"Belgium",4,"Median","73",1984,1903,1357,3260
56,"Belgium",4,"Median","74",1984,1985,1465,3450
56,"Belgium",4,"Median","75",1984,1998,1632,3631
56,"Belgium",4,"Median","76",1984,1955,1844,3799
56,"Belgium",4,"Median","77",1984,2054,1950,4004
56,"Belgium",4,"Median","78",1984,1983,2065,4048
56,"Belgium",4,"Median","79",1984,2015,2094,4108
56,"Belgium",4,"Median","80",1984,1936,2282,4217
56,"Belgium",4,"Median","81",1984,1748,2440,4188
56,"Belgium",4,"Median","82",1984,1741,2359,4100
56,"Belgium",4,"Median","83",1984,1534,2362,3897
56,"Belgium",4,"Median","84",1984,1378,2280,3658
56,"Belgium",4,"Median","85",1984,1169,2131,3300
56,"Belgium",4,"Median","86",1984,1057,1987,3043
56,"Belgium",4,"Median","87",1984,996,1898,2894
56,"Belgium",4,"Median","88",1984,814,1631,2446
56,"Belgium",4,"Median","89",1984,630,1356,1987
56,"Belgium",4,"Median","90",1984,521,1247,1768
56,"Belgium",4,"Median","91",1984,452,994,1446
56,"Belgium",4,"Median","92",1984,324,745,1069
56,"Belgium",4,"Median","93",1984,237,588,826
56,"Belgium",4,"Median","94",1984,164,504,668
56,"Belgium",4,"Median","95",1984,134,359,493
56,"Belgium",4,"Median","96",1984,95,256,350
56,"Belgium",4,"Median","97",1984,62,173,234
56,"Belgium",4,"Median","98",1984,39,114,153
56,"Belgium",4,"Median","99",1984,27,75,102
56,"Belgium",4,"Median","100",1984,11,31,42
56,"Belgium",4,"Median","101",1984,8,23,31
56,"Belgium",4,"Median","102",1984,6,17,23
56,"Belgium",4,"Median","103",1984,4,12,16
56,"Belgium",4,"Median","104",1984,3,9,12
56,"Belgium",4,"Median","105",1984,2,7,9
56,"Belgium",4,"Median","106",1984,2,5,7
56,"Belgium",4,"Median","107",1984,1,4,5
56,"Belgium",4,"Median","108",1984,1,3,4
56,"Belgium",4,"Median","109",1984,1,2,3
56,"Belgium",4,"Median","110",1984,0,1,1
56,"Belgium",4,"Median","0",1985,642,471,1113
56,"Belgium",4,"Median","1",1985,46,40,86
56,"Belgium",4,"Median","2",1985,27,18,45
56,"Belgium",4,"Median","3",1985,22,17,39
56,"Belgium",4,"Median","4",1985,22,13,35
56,"Belgium",4,"Median","5",1985,22,15,37
56,"Belgium",4,"Median","6",1985,18,12,30
56,"Belgium",4,"Median","7",1985,14,13,27
56,"Belgium",4,"Median","8",1985,20,17,37
56,"Belgium",4,"Median","9",1985,19,9,28
56,"Belgium",4,"Median","10",1985,12,15,27
56,"Belgium",4,"Median","11",1985,15,10,25
56,"Belgium",4,"Median","12",1985,13,11,24
56,"Belgium",4,"Median","13",1985,24,10,34
56,"Belgium",4,"Median","14",1985,31,21,52
56,"Belgium",4,"Median","15",1985,30,22,53
56,"Belgium",4,"Median","16",1985,44,20,64
56,"Belgium",4,"Median","17",1985,55,26,81
56,"Belgium",4,"Median","18",1985,86,31,117
56,"Belgium",4,"Median","19",1985,92,29,121
56,"Belgium",4,"Median","20",1985,122,31,153
56,"Belgium",4,"Median","21",1985,85,26,111
56,"Belgium",4,"Median","22",1985,121,28,149
56,"Belgium",4,"Median","23",1985,101,37,138
56,"Belgium",4,"Median","24",1985,110,29,139
56,"Belgium",4,"Median","25",1985,107,56,163
56,"Belgium",4,"Median","26",1985,100,27,127
56,"Belgium",4,"Median","27",1985,98,46,145
56,"Belgium",4,"Median","28",1985,80,45,125
56,"Belgium",4,"Median","29",1985,99,41,140
56,"Belgium",4,"Median","30",1985,110,37,146
56,"Belgium",4,"Median","31",1985,118,41,159
56,"Belgium",4,"Median","32",1985,91,47,137
56,"Belgium",4,"Median","33",1985,110,64,174
56,"Belgium",4,"Median","34",1985,109,51,161
56,"Belgium",4,"Median","35",1985,119,61,180
56,"Belgium",4,"Median","36",1985,131,63,194
56,"Belgium",4,"Median","37",1985,136,70,206
56,"Belgium",4,"Median","38",1985,145,71,216
56,"Belgium",4,"Median","39",1985,138,94,233
56,"Belgium",4,"Median","40",1985,158,101,259
56,"Belgium",4,"Median","41",1985,164,92,256
56,"Belgium",4,"Median","42",1985,190,88,278
56,"Belgium",4,"Median","43",1985,169,98,267
56,"Belgium",4,"Median","44",1985,166,113,279
56,"Belgium",4,"Median","45",1985,196,136,332
56,"Belgium",4,"Median","46",1985,230,176,406
56,"Belgium",4,"Median","47",1985,262,151,414
56,"Belgium",4,"Median","48",1985,251,168,419
56,"Belgium",4,"Median","49",1985,294,163,457
56,"Belgium",4,"Median","50",1985,350,188,538
56,"Belgium",4,"Median","51",1985,353,183,537
56,"Belgium",4,"Median","52",1985,464,222,686
56,"Belgium",4,"Median","53",1985,494,260,754
56,"Belgium",4,"Median","54",1985,560,304,864
56,"Belgium",4,"Median","55",1985,618,297,916
56,"Belgium",4,"Median","56",1985,652,302,954
56,"Belgium",4,"Median","57",1985,707,352,1058
56,"Belgium",4,"Median","58",1985,789,393,1182
56,"Belgium",4,"Median","59",1985,904,406,1311
56,"Belgium",4,"Median","60",1985,981,488,1469
56,"Belgium",4,"Median","61",1985,1107,547,1655
56,"Belgium",4,"Median","62",1985,1180,534,1715
56,"Belgium",4,"Median","63",1985,1187,598,1785
56,"Belgium",4,"Median","64",1985,1359,657,2016
56,"Belgium",4,"Median","65",1985,1255,650,1906
56,"Belgium",4,"Median","66",1985,1063,535,1598
56,"Belgium",4,"Median","67",1985,814,429,1242
56,"Belgium",4,"Median","68",1985,1043,558,1601
56,"Belgium",4,"Median","69",1985,1387,768,2155
56,"Belgium",4,"Median","70",1985,1434,922,2357
56,"Belgium",4,"Median","71",1985,1770,1129,2899
56,"Belgium",4,"Median","72",1985,1895,1286,3181
56,"Belgium",4,"Median","73",1985,1852,1335,3187
56,"Belgium",4,"Median","74",1985,1884,1494,3378
56,"Belgium",4,"Median","75",1985,2014,1635,3650
56,"Belgium",4,"Median","76",1985,2025,1776,3801
56,"Belgium",4,"Median","77",1985,2126,2034,4160
56,"Belgium",4,"Median","78",1985,2026,2067,4093
56,"Belgium",4,"Median","79",1985,1999,2089,4088
56,"Belgium",4,"Median","80",1985,1919,2263,4182
56,"Belgium",4,"Median","81",1985,1804,2321,4125
56,"Belgium",4,"Median","82",1985,1690,2398,4088
56,"Belgium",4,"Median","83",1985,1642,2394,4036
56,"Belgium",4,"Median","84",1985,1443,2385,3827
56,"Belgium",4,"Median","85",1985,1278,2234,3511
56,"Belgium",4,"Median","86",1985,1130,2050,3180
56,"Belgium",4,"Median","87",1985,985,1892,2877
56,"Belgium",4,"Median","88",1985,814,1770,2585
56,"Belgium",4,"Median","89",1985,646,1506,2153
56,"Belgium",4,"Median","90",1985,593,1275,1868
56,"Belgium",4,"Median","91",1985,430,1034,1464
56,"Belgium",4,"Median","92",1985,342,900,1242
56,"Belgium",4,"Median","93",1985,245,662,906
56,"Belgium",4,"Median","94",1985,197,549,746
56,"Belgium",4,"Median","95",1985,135,390,525
56,"Belgium",4,"Median","96",1985,100,288,388
56,"Belgium",4,"Median","97",1985,69,200,268
56,"Belgium",4,"Median","98",1985,43,131,174
56,"Belgium",4,"Median","99",1985,27,83,110
56,"Belgium",4,"Median","100",1985,12,34,46
56,"Belgium",4,"Median","101",1985,9,25,34
56,"Belgium",4,"Median","102",1985,6,19,25
56,"Belgium",4,"Median","103",1985,4,14,18
56,"Belgium",4,"Median","104",1985,3,10,13
56,"Belgium",4,"Median","105",1985,2,8,10
56,"Belgium",4,"Median","106",1985,2,6,8
56,"Belgium",4,"Median","107",1985,1,4,5
56,"Belgium",4,"Median","108",1985,1,3,4
56,"Belgium",4,"Median","109",1985,1,2,3
56,"Belgium",4,"Median","110",1985,0,2,2
56,"Belgium",4,"Median","0",1986,706,429,1135
56,"Belgium",4,"Median","1",1986,40,34,74
56,"Belgium",4,"Median","2",1986,25,17,42
56,"Belgium",4,"Median","3",1986,17,19,36
56,"Belgium",4,"Median","4",1986,11,17,28
56,"Belgium",4,"Median","5",1986,19,12,31
56,"Belgium",4,"Median","6",1986,19,4,23
56,"Belgium",4,"Median","7",1986,14,10,24
56,"Belgium",4,"Median","8",1986,29,15,44
56,"Belgium",4,"Median","9",1986,16,18,34
56,"Belgium",4,"Median","10",1986,16,8,24
56,"Belgium",4,"Median","11",1986,16,8,24
56,"Belgium",4,"Median","12",1986,17,8,25
56,"Belgium",4,"Median","13",1986,23,12,35
56,"Belgium",4,"Median","14",1986,18,14,32
56,"Belgium",4,"Median","15",1986,15,18,33
56,"Belgium",4,"Median","16",1986,42,19,61
56,"Belgium",4,"Median","17",1986,61,24,85
56,"Belgium",4,"Median","18",1986,78,29,107
56,"Belgium",4,"Median","19",1986,114,25,139
56,"Belgium",4,"Median","20",1986,109,29,138
56,"Belgium",4,"Median","21",1986,100,36,136
56,"Belgium",4,"Median","22",1986,111,35,146
56,"Belgium",4,"Median","23",1986,102,27,130
56,"Belgium",4,"Median","24",1986,87,48,135
56,"Belgium",4,"Median","25",1986,104,39,143
56,"Belgium",4,"Median","26",1986,85,34,119
56,"Belgium",4,"Median","27",1986,108,28,137
56,"Belgium",4,"Median","28",1986,94,41,135
56,"Belgium",4,"Median","29",1986,109,38,147
56,"Belgium",4,"Median","30",1986,96,38,134
56,"Belgium",4,"Median","31",1986,91,61,152
56,"Belgium",4,"Median","32",1986,104,43,147
56,"Belgium",4,"Median","33",1986,106,59,165
56,"Belgium",4,"Median","34",1986,117,59,176
56,"Belgium",4,"Median","35",1986,122,62,184
56,"Belgium",4,"Median","36",1986,134,57,190
56,"Belgium",4,"Median","37",1986,113,77,190
56,"Belgium",4,"Median","38",1986,164,103,268
56,"Belgium",4,"Median","39",1986,179,104,283
56,"Belgium",4,"Median","40",1986,137,98,235
56,"Belgium",4,"Median","41",1986,174,95,270
56,"Belgium",4,"Median","42",1986,188,106,294
56,"Belgium",4,"Median","43",1986,193,116,309
56,"Belgium",4,"Median","44",1986,175,99,274
56,"Belgium",4,"Median","45",1986,184,124,308
56,"Belgium",4,"Median","46",1986,220,118,338
56,"Belgium",4,"Median","47",1986,251,157,407
56,"Belgium",4,"Median","48",1986,270,139,409
56,"Belgium",4,"Median","49",1986,325,175,500
56,"Belgium",4,"Median","50",1986,335,193,528
56,"Belgium",4,"Median","51",1986,313,184,497
56,"Belgium",4,"Median","52",1986,379,225,604
56,"Belgium",4,"Median","53",1986,478,229,708
56,"Belgium",4,"Median","54",1986,481,255,736
56,"Belgium",4,"Median","55",1986,616,315,932
56,"Belgium",4,"Median","56",1986,634,359,992
56,"Belgium",4,"Median","57",1986,720,349,1069
56,"Belgium",4,"Median","58",1986,734,412,1145
56,"Belgium",4,"Median","59",1986,815,414,1230
56,"Belgium",4,"Median","60",1986,933,489,1422
56,"Belgium",4,"Median","61",1986,990,511,1501
56,"Belgium",4,"Median","62",1986,1083,541,1624
56,"Belgium",4,"Median","63",1986,1203,628,1832
56,"Belgium",4,"Median","64",1986,1245,632,1876
56,"Belgium",4,"Median","65",1986,1411,714,2125
56,"Belgium",4,"Median","66",1986,1301,755,2055
56,"Belgium",4,"Median","67",1986,1016,574,1590
56,"Belgium",4,"Median","68",1986,851,535,1387
56,"Belgium",4,"Median","69",1986,1046,620,1666
56,"Belgium",4,"Median","70",1986,1408,847,2255
56,"Belgium",4,"Median","71",1986,1516,958,2474
56,"Belgium",4,"Median","72",1986,1703,1256,2960
56,"Belgium",4,"Median","73",1986,1924,1369,3293
56,"Belgium",4,"Median","74",1986,1858,1428,3286
56,"Belgium",4,"Median","75",1986,1997,1576,3572
56,"Belgium",4,"Median","76",1986,2021,1718,3739
56,"Belgium",4,"Median","77",1986,1956,1919,3874
56,"Belgium",4,"Median","78",1986,1976,2071,4047
56,"Belgium",4,"Median","79",1986,1965,2128,4093
56,"Belgium",4,"Median","80",1986,1920,2364,4284
56,"Belgium",4,"Median","81",1986,1851,2312,4163
56,"Belgium",4,"Median","82",1986,1754,2438,4192
56,"Belgium",4,"Median","83",1986,1673,2430,4103
56,"Belgium",4,"Median","84",1986,1526,2510,4036
56,"Belgium",4,"Median","85",1986,1370,2309,3679
56,"Belgium",4,"Median","86",1986,1151,2219,3370
56,"Belgium",4,"Median","87",1986,1004,1938,2942
56,"Belgium",4,"Median","88",1986,909,1758,2666
56,"Belgium",4,"Median","89",1986,746,1624,2370
56,"Belgium",4,"Median","90",1986,563,1346,1909
56,"Belgium",4,"Median","91",1986,502,1086,1588
56,"Belgium",4,"Median","92",1986,341,960,1300
56,"Belgium",4,"Median","93",1986,273,688,961
56,"Belgium",4,"Median","94",1986,185,527,712
56,"Belgium",4,"Median","95",1986,139,398,537
56,"Belgium",4,"Median","96",1986,98,286,383
56,"Belgium",4,"Median","97",1986,70,204,273
56,"Belgium",4,"Median","98",1986,47,136,183
56,"Belgium",4,"Median","99",1986,29,86,114
56,"Belgium",4,"Median","100",1986,12,34,46
56,"Belgium",4,"Median","101",1986,9,25,34
56,"Belgium",4,"Median","102",1986,6,19,25
56,"Belgium",4,"Median","103",1986,5,14,19
56,"Belgium",4,"Median","104",1986,3,10,13
56,"Belgium",4,"Median","105",1986,2,8,10
56,"Belgium",4,"Median","106",1986,2,6,8
56,"Belgium",4,"Median","107",1986,1,4,5
56,"Belgium",4,"Median","108",1986,1,3,4
56,"Belgium",4,"Median","109",1986,1,2,3
56,"Belgium",4,"Median","110",1986,0,2,2
56,"Belgium",4,"Median","0",1987,663,466,1129
56,"Belgium",4,"Median","1",1987,34,31,64
56,"Belgium",4,"Median","2",1987,22,20,42
56,"Belgium",4,"Median","3",1987,31,21,52
56,"Belgium",4,"Median","4",1987,19,11,30
56,"Belgium",4,"Median","5",1987,14,14,28
56,"Belgium",4,"Median","6",1987,17,11,28
56,"Belgium",4,"Median","7",1987,13,5,18
56,"Belgium",4,"Median","8",1987,15,11,26
56,"Belgium",4,"Median","9",1987,23,14,37
56,"Belgium",4,"Median","10",1987,13,12,25
56,"Belgium",4,"Median","11",1987,16,6,22
56,"Belgium",4,"Median","12",1987,11,16,27
56,"Belgium",4,"Median","13",1987,20,10,30
56,"Belgium",4,"Median","14",1987,27,12,39
56,"Belgium",4,"Median","15",1987,17,18,35
56,"Belgium",4,"Median","16",1987,40,15,55
56,"Belgium",4,"Median","17",1987,56,26,83
56,"Belgium",4,"Median","18",1987,76,28,104
56,"Belgium",4,"Median","19",1987,96,31,127
56,"Belgium",4,"Median","20",1987,84,30,114
56,"Belgium",4,"Median","21",1987,102,37,139
56,"Belgium",4,"Median","22",1987,116,26,142
56,"Belgium",4,"Median","23",1987,101,31,132
56,"Belgium",4,"Median","24",1987,107,45,151
56,"Belgium",4,"Median","25",1987,92,33,125
56,"Belgium",4,"Median","26",1987,91,45,136
56,"Belgium",4,"Median","27",1987,94,44,138
56,"Belgium",4,"Median","28",1987,97,45,142
56,"Belgium",4,"Median","29",1987,99,52,151
56,"Belgium",4,"Median","30",1987,112,48,160
56,"Belgium",4,"Median","31",1987,101,46,147
56,"Belgium",4,"Median","32",1987,122,45,167
56,"Belgium",4,"Median","33",1987,115,62,177
56,"Belgium",4,"Median","34",1987,111,62,173
56,"Belgium",4,"Median","35",1987,129,69,198
56,"Belgium",4,"Median","36",1987,123,68,191
56,"Belgium",4,"Median","37",1987,144,69,213
56,"Belgium",4,"Median","38",1987,145,79,224
56,"Belgium",4,"Median","39",1987,150,81,231
56,"Belgium",4,"Median","40",1987,155,102,257
56,"Belgium",4,"Median","41",1987,160,97,256
56,"Belgium",4,"Median","42",1987,199,84,282
56,"Belgium",4,"Median","43",1987,178,97,275
56,"Belgium",4,"Median","44",1987,172,87,259
56,"Belgium",4,"Median","45",1987,164,90,255
56,"Belgium",4,"Median","46",1987,188,110,299
56,"Belgium",4,"Median","47",1987,236,137,373
56,"Belgium",4,"Median","48",1987,278,197,475
56,"Belgium",4,"Median","49",1987,317,188,505
56,"Belgium",4,"Median","50",1987,277,177,454
56,"Belgium",4,"Median","51",1987,329,194,522
56,"Belgium",4,"Median","52",1987,398,192,589
56,"Belgium",4,"Median","53",1987,457,226,683
56,"Belgium",4,"Median","54",1987,492,257,749
56,"Belgium",4,"Median","55",1987,566,265,831
56,"Belgium",4,"Median","56",1987,680,306,986
56,"Belgium",4,"Median","57",1987,694,338,1032
56,"Belgium",4,"Median","58",1987,743,373,1115
56,"Belgium",4,"Median","59",1987,789,428,1217
56,"Belgium",4,"Median","60",1987,835,399,1234
56,"Belgium",4,"Median","61",1987,947,455,1402
56,"Belgium",4,"Median","62",1987,1070,529,1599
56,"Belgium",4,"Median","63",1987,1164,561,1725
56,"Belgium",4,"Median","64",1987,1157,592,1750
56,"Belgium",4,"Median","65",1987,1256,678,1933
56,"Belgium",4,"Median","66",1987,1414,733,2147
56,"Belgium",4,"Median","67",1987,1347,730,2077
56,"Belgium",4,"Median","68",1987,1037,596,1633
56,"Belgium",4,"Median","69",1987,873,500,1373
56,"Belgium",4,"Median","70",1987,1084,658,1742
56,"Belgium",4,"Median","71",1987,1329,829,2158
56,"Belgium",4,"Median","72",1987,1497,1015,2512
56,"Belgium",4,"Median","73",1987,1696,1285,2981
56,"Belgium",4,"Median","74",1987,1782,1423,3205
56,"Belgium",4,"Median","75",1987,1899,1428,3327
56,"Belgium",4,"Median","76",1987,1861,1578,3439
56,"Belgium",4,"Median","77",1987,1897,1735,3632
56,"Belgium",4,"Median","78",1987,1835,1866,3701
56,"Belgium",4,"Median","79",1987,1830,2055,3885
56,"Belgium",4,"Median","80",1987,1891,2204,4095
56,"Belgium",4,"Median","81",1987,1670,2203,3874
56,"Belgium",4,"Median","82",1987,1575,2305,3880
56,"Belgium",4,"Median","83",1987,1515,2315,3830
56,"Belgium",4,"Median","84",1987,1429,2299,3728
56,"Belgium",4,"Median","85",1987,1241,2213,3453
56,"Belgium",4,"Median","86",1987,1120,2170,3290
56,"Belgium",4,"Median","87",1987,940,1870,2810
56,"Belgium",4,"Median","88",1987,824,1578,2402
56,"Belgium",4,"Median","89",1987,686,1544,2230
56,"Belgium",4,"Median","90",1987,539,1319,1858
56,"Belgium",4,"Median","91",1987,448,1090,1539
56,"Belgium",4,"Median","92",1987,316,865,1181
56,"Belgium",4,"Median","93",1987,229,626,854
56,"Belgium",4,"Median","94",1987,176,528,704
56,"Belgium",4,"Median","95",1987,130,387,516
56,"Belgium",4,"Median","96",1987,89,275,364
56,"Belgium",4,"Median","97",1987,61,191,252
56,"Belgium",4,"Median","98",1987,42,132,175
56,"Belgium",4,"Median","99",1987,28,85,113
56,"Belgium",4,"Median","100",1987,12,34,46
56,"Belgium",4,"Median","101",1987,8,25,33
56,"Belgium",4,"Median","102",1987,6,18,24
56,"Belgium",4,"Median","103",1987,4,14,18
56,"Belgium",4,"Median","104",1987,3,10,13
56,"Belgium",4,"Median","105",1987,2,7,9
56,"Belgium",4,"Median","106",1987,2,5,7
56,"Belgium",4,"Median","107",1987,1,4,5
56,"Belgium",4,"Median","108",1987,1,3,4
56,"Belgium",4,"Median","109",1987,1,2,3
56,"Belgium",4,"Median","110",1987,0,2,2
56,"Belgium",4,"Median","0",1988,615,468,1083
56,"Belgium",4,"Median","1",1988,41,34,75
56,"Belgium",4,"Median","2",1988,28,26,54
56,"Belgium",4,"Median","3",1988,23,14,37
56,"Belgium",4,"Median","4",1988,23,7,30
56,"Belgium",4,"Median","5",1988,12,6,18
56,"Belgium",4,"Median","6",1988,17,11,28
56,"Belgium",4,"Median","7",1988,14,9,23
56,"Belgium",4,"Median","8",1988,10,3,13
56,"Belgium",4,"Median","9",1988,17,11,28
56,"Belgium",4,"Median","10",1988,11,7,18
56,"Belgium",4,"Median","11",1988,17,11,28
56,"Belgium",4,"Median","12",1988,15,12,28
56,"Belgium",4,"Median","13",1988,14,7,21
56,"Belgium",4,"Median","14",1988,17,13,30
56,"Belgium",4,"Median","15",1988,21,16,37
56,"Belgium",4,"Median","16",1988,42,20,62
56,"Belgium",4,"Median","17",1988,67,16,83
56,"Belgium",4,"Median","18",1988,83,28,111
56,"Belgium",4,"Median","19",1988,105,24,129
56,"Belgium",4,"Median","20",1988,93,29,122
56,"Belgium",4,"Median","21",1988,109,41,150
56,"Belgium",4,"Median","22",1988,107,37,144
56,"Belgium",4,"Median","23",1988,98,44,142
56,"Belgium",4,"Median","24",1988,115,38,153
56,"Belgium",4,"Median","25",1988,94,38,132
56,"Belgium",4,"Median","26",1988,78,42,120
56,"Belgium",4,"Median","27",1988,93,38,130
56,"Belgium",4,"Median","28",1988,76,41,117
56,"Belgium",4,"Median","29",1988,98,42,140
56,"Belgium",4,"Median","30",1988,104,39,144
56,"Belgium",4,"Median","31",1988,85,34,119
56,"Belgium",4,"Median","32",1988,115,58,173
56,"Belgium",4,"Median","33",1988,115,49,164
56,"Belgium",4,"Median","34",1988,112,69,181
56,"Belgium",4,"Median","35",1988,107,68,175
56,"Belgium",4,"Median","36",1988,125,64,189
56,"Belgium",4,"Median","37",1988,134,67,201
56,"Belgium",4,"Median","38",1988,122,59,181
56,"Belgium",4,"Median","39",1988,168,90,258
56,"Belgium",4,"Median","40",1988,165,99,264
56,"Belgium",4,"Median","41",1988,172,105,277
56,"Belgium",4,"Median","42",1988,183,128,311
56,"Belgium",4,"Median","43",1988,201,115,316
56,"Belgium",4,"Median","44",1988,195,117,312
56,"Belgium",4,"Median","45",1988,173,98,271
56,"Belgium",4,"Median","46",1988,192,101,293
56,"Belgium",4,"Median","47",1988,201,130,331
56,"Belgium",4,"Median","48",1988,242,139,381
56,"Belgium",4,"Median","49",1988,287,153,440
56,"Belgium",4,"Median","50",1988,307,173,480
56,"Belgium",4,"Median","51",1988,336,194,530
56,"Belgium",4,"Median","52",1988,365,196,561
56,"Belgium",4,"Median","53",1988,381,257,638
56,"Belgium",4,"Median","54",1988,444,231,674
56,"Belgium",4,"Median","55",1988,572,277,849
56,"Belgium",4,"Median","56",1988,589,296,885
56,"Belgium",4,"Median","57",1988,640,318,958
56,"Belgium",4,"Median","58",1988,705,357,1063
56,"Belgium",4,"Median","59",1988,789,365,1155
56,"Belgium",4,"Median","60",1988,794,409,1202
56,"Belgium",4,"Median","61",1988,1012,420,1432
56,"Belgium",4,"Median","62",1988,1013,516,1529
56,"Belgium",4,"Median","63",1988,1054,530,1584
56,"Belgium",4,"Median","64",1988,1224,592,1815
56,"Belgium",4,"Median","65",1988,1213,625,1838
56,"Belgium",4,"Median","66",1988,1285,713,1998
56,"Belgium",4,"Median","67",1988,1513,792,2305
56,"Belgium",4,"Median","68",1988,1288,785,2074
56,"Belgium",4,"Median","69",1988,1104,625,1730
56,"Belgium",4,"Median","70",1988,904,566,1470
56,"Belgium",4,"Median","71",1988,1095,670,1765
56,"Belgium",4,"Median","72",1988,1427,924,2351
56,"Belgium",4,"Median","73",1988,1552,1108,2660
56,"Belgium",4,"Median","74",1988,1807,1286,3093
56,"Belgium",4,"Median","75",1988,1883,1512,3395
56,"Belgium",4,"Median","76",1988,1782,1572,3355
56,"Belgium",4,"Median","77",1988,1886,1716,3602
56,"Belgium",4,"Median","78",1988,1874,1848,3722
56,"Belgium",4,"Median","79",1988,1904,1996,3900
56,"Belgium",4,"Median","80",1988,1712,2103,3815
56,"Belgium",4,"Median","81",1988,1780,2192,3972
56,"Belgium",4,"Median","82",1988,1602,2188,3789
56,"Belgium",4,"Median","83",1988,1542,2265,3807
56,"Belgium",4,"Median","84",1988,1395,2245,3640
56,"Belgium",4,"Median","85",1988,1295,2252,3547
56,"Belgium",4,"Median","86",1988,1155,2034,3189
56,"Belgium",4,"Median","87",1988,1041,1941,2982
56,"Belgium",4,"Median","88",1988,800,1740,2541
56,"Belgium",4,"Median","89",1988,670,1568,2238
56,"Belgium",4,"Median","90",1988,568,1347,1915
56,"Belgium",4,"Median","91",1988,495,1149,1644
56,"Belgium",4,"Median","92",1988,372,935,1307
56,"Belgium",4,"Median","93",1988,284,700,985
56,"Belgium",4,"Median","94",1988,202,562,764
56,"Belgium",4,"Median","95",1988,145,422,567
56,"Belgium",4,"Median","96",1988,104,305,410
56,"Belgium",4,"Median","97",1988,70,211,282
56,"Belgium",4,"Median","98",1988,47,143,190
56,"Belgium",4,"Median","99",1988,32,96,128
56,"Belgium",4,"Median","100",1988,14,37,51
56,"Belgium",4,"Median","101",1988,10,28,38
56,"Belgium",4,"Median","102",1988,7,21,28
56,"Belgium",4,"Median","103",1988,5,15,20
56,"Belgium",4,"Median","104",1988,4,12,16
56,"Belgium",4,"Median","105",1988,3,9,12
56,"Belgium",4,"Median","106",1988,2,6,8
56,"Belgium",4,"Median","107",1988,1,5,6
56,"Belgium",4,"Median","108",1988,1,4,5
56,"Belgium",4,"Median","109",1988,1,3,4
56,"Belgium",4,"Median","110",1988,1,2,3
56,"Belgium",4,"Median","0",1989,626,408,1034
56,"Belgium",4,"Median","1",1989,51,29,80
56,"Belgium",4,"Median","2",1989,16,14,29
56,"Belgium",4,"Median","3",1989,14,20,34
56,"Belgium",4,"Median","4",1989,14,14,28
56,"Belgium",4,"Median","5",1989,15,14,29
56,"Belgium",4,"Median","6",1989,10,10,20
56,"Belgium",4,"Median","7",1989,22,9,31
56,"Belgium",4,"Median","8",1989,9,7,16
56,"Belgium",4,"Median","9",1989,10,15,25
56,"Belgium",4,"Median","10",1989,13,7,20
56,"Belgium",4,"Median","11",1989,10,5,15
56,"Belgium",4,"Median","12",1989,13,13,26
56,"Belgium",4,"Median","13",1989,22,10,32
56,"Belgium",4,"Median","14",1989,16,19,35
56,"Belgium",4,"Median","15",1989,21,10,31
56,"Belgium",4,"Median","16",1989,48,19,67
56,"Belgium",4,"Median","17",1989,65,34,99
56,"Belgium",4,"Median","18",1989,93,24,117
56,"Belgium",4,"Median","19",1989,97,29,126
56,"Belgium",4,"Median","20",1989,102,34,136
56,"Belgium",4,"Median","21",1989,108,34,142
56,"Belgium",4,"Median","22",1989,83,29,112
56,"Belgium",4,"Median","23",1989,100,34,134
56,"Belgium",4,"Median","24",1989,119,43,163
56,"Belgium",4,"Median","25",1989,102,31,133
56,"Belgium",4,"Median","26",1989,97,37,134
56,"Belgium",4,"Median","27",1989,87,39,127
56,"Belgium",4,"Median","28",1989,101,44,145
56,"Belgium",4,"Median","29",1989,73,40,113
56,"Belgium",4,"Median","30",1989,101,51,152
56,"Belgium",4,"Median","31",1989,103,45,148
56,"Belgium",4,"Median","32",1989,121,54,175
56,"Belgium",4,"Median","33",1989,107,64,171
56,"Belgium",4,"Median","34",1989,114,56,170
56,"Belgium",4,"Median","35",1989,151,62,212
56,"Belgium",4,"Median","36",1989,116,58,174
56,"Belgium",4,"Median","37",1989,119,75,194
56,"Belgium",4,"Median","38",1989,134,75,210
56,"Belgium",4,"Median","39",1989,127,87,214
56,"Belgium",4,"Median","40",1989,148,114,261
56,"Belgium",4,"Median","41",1989,178,97,275
56,"Belgium",4,"Median","42",1989,194,108,302
56,"Belgium",4,"Median","43",1989,159,107,266
56,"Belgium",4,"Median","44",1989,215,110,326
56,"Belgium",4,"Median","45",1989,214,119,333
56,"Belgium",4,"Median","46",1989,181,102,283
56,"Belgium",4,"Median","47",1989,207,114,321
56,"Belgium",4,"Median","48",1989,208,129,336
56,"Belgium",4,"Median","49",1989,275,172,447
56,"Belgium",4,"Median","50",1989,275,193,468
56,"Belgium",4,"Median","51",1989,323,188,511
56,"Belgium",4,"Median","52",1989,364,212,576
56,"Belgium",4,"Median","53",1989,378,172,550
56,"Belgium",4,"Median","54",1989,431,219,650
56,"Belgium",4,"Median","55",1989,470,284,754
56,"Belgium",4,"Median","56",1989,540,308,848
56,"Belgium",4,"Median","57",1989,646,350,996
56,"Belgium",4,"Median","58",1989,732,351,1083
56,"Belgium",4,"Median","59",1989,781,375,1156
56,"Belgium",4,"Median","60",1989,858,423,1281
56,"Belgium",4,"Median","61",1989,890,421,1311
56,"Belgium",4,"Median","62",1989,930,456,1386
56,"Belgium",4,"Median","63",1989,1043,578,1622
56,"Belgium",4,"Median","64",1989,1087,599,1686
56,"Belgium",4,"Median","65",1989,1311,675,1986
56,"Belgium",4,"Median","66",1989,1350,721,2071
56,"Belgium",4,"Median","67",1989,1343,760,2102
56,"Belgium",4,"Median","68",1989,1468,870,2338
56,"Belgium",4,"Median","69",1989,1432,807,2239
56,"Belgium",4,"Median","70",1989,1123,702,1825
56,"Belgium",4,"Median","71",1989,911,559,1469
56,"Belgium",4,"Median","72",1989,1150,752,1901
56,"Belgium",4,"Median","73",1989,1442,966,2408
56,"Belgium",4,"Median","74",1989,1606,1147,2753
56,"Belgium",4,"Median","75",1989,1921,1409,3330
56,"Belgium",4,"Median","76",1989,1889,1582,3471
56,"Belgium",4,"Median","77",1989,1938,1718,3656
56,"Belgium",4,"Median","78",1989,1895,1849,3745
56,"Belgium",4,"Median","79",1989,1894,2001,3895
56,"Belgium",4,"Median","80",1989,1760,2238,3998
56,"Belgium",4,"Median","81",1989,1831,2221,4052
56,"Belgium",4,"Median","82",1989,1690,2288,3978
56,"Belgium",4,"Median","83",1989,1636,2338,3973
56,"Belgium",4,"Median","84",1989,1534,2394,3927
56,"Belgium",4,"Median","85",1989,1392,2296,3688
56,"Belgium",4,"Median","86",1989,1267,2256,3523
56,"Belgium",4,"Median","87",1989,1110,2095,3205
56,"Belgium",4,"Median","88",1989,901,1948,2848
56,"Belgium",4,"Median","89",1989,759,1745,2505
56,"Belgium",4,"Median","90",1989,616,1552,2168
56,"Belgium",4,"Median","91",1989,507,1207,1714
56,"Belgium",4,"Median","92",1989,410,1073,1483
56,"Belgium",4,"Median","93",1989,305,845,1150
56,"Belgium",4,"Median","94",1989,254,688,941
56,"Belgium",4,"Median","95",1989,163,497,660
56,"Belgium",4,"Median","96",1989,115,362,477
56,"Belgium",4,"Median","97",1989,81,254,335
56,"Belgium",4,"Median","98",1989,53,170,223
56,"Belgium",4,"Median","99",1989,34,111,146
56,"Belgium",4,"Median","100",1989,15,44,59
56,"Belgium",4,"Median","101",1989,11,33,44
56,"Belgium",4,"Median","102",1989,8,25,33
56,"Belgium",4,"Median","103",1989,6,19,25
56,"Belgium",4,"Median","104",1989,4,14,18
56,"Belgium",4,"Median","105",1989,3,10,13
56,"Belgium",4,"Median","106",1989,2,8,10
56,"Belgium",4,"Median","107",1989,2,6,8
56,"Belgium",4,"Median","108",1989,1,4,5
56,"Belgium",4,"Median","109",1989,1,3,4
56,"Belgium",4,"Median","110",1989,1,2,3
56,"Belgium",4,"Median","0",1990,582,408,990
56,"Belgium",4,"Median","1",1990,46,37,83
56,"Belgium",4,"Median","2",1990,29,20,48
56,"Belgium",4,"Median","3",1990,18,15,33
56,"Belgium",4,"Median","4",1990,24,14,38
56,"Belgium",4,"Median","5",1990,17,19,36
56,"Belgium",4,"Median","6",1990,12,9,21
56,"Belgium",4,"Median","7",1990,17,11,28
56,"Belgium",4,"Median","8",1990,15,13,28
56,"Belgium",4,"Median","9",1990,11,12,23
56,"Belgium",4,"Median","10",1990,17,8,25
56,"Belgium",4,"Median","11",1990,8,12,20
56,"Belgium",4,"Median","12",1990,17,11,27
56,"Belgium",4,"Median","13",1990,13,6,19
56,"Belgium",4,"Median","14",1990,12,16,29
56,"Belgium",4,"Median","15",1990,21,12,33
56,"Belgium",4,"Median","16",1990,40,20,61
56,"Belgium",4,"Median","17",1990,51,17,67
56,"Belgium",4,"Median","18",1990,73,19,92
56,"Belgium",4,"Median","19",1990,115,31,146
56,"Belgium",4,"Median","20",1990,110,26,136
56,"Belgium",4,"Median","21",1990,75,33,108
56,"Belgium",4,"Median","22",1990,102,36,139
56,"Belgium",4,"Median","23",1990,109,35,144
56,"Belgium",4,"Median","24",1990,93,41,134
56,"Belgium",4,"Median","25",1990,96,39,135
56,"Belgium",4,"Median","26",1990,107,24,131
56,"Belgium",4,"Median","27",1990,98,39,136
56,"Belgium",4,"Median","28",1990,103,31,134
56,"Belgium",4,"Median","29",1990,103,40,144
56,"Belgium",4,"Median","30",1990,120,44,164
56,"Belgium",4,"Median","31",1990,115,45,159
56,"Belgium",4,"Median","32",1990,114,50,164
56,"Belgium",4,"Median","33",1990,96,48,144
56,"Belgium",4,"Median","34",1990,97,58,155
56,"Belgium",4,"Median","35",1990,117,71,188
56,"Belgium",4,"Median","36",1990,125,68,193
56,"Belgium",4,"Median","37",1990,127,63,190
56,"Belgium",4,"Median","38",1990,119,91,210
56,"Belgium",4,"Median","39",1990,136,101,237
56,"Belgium",4,"Median","40",1990,158,107,265
56,"Belgium",4,"Median","41",1990,145,104,248
56,"Belgium",4,"Median","42",1990,194,128,322
56,"Belgium",4,"Median","43",1990,211,131,342
56,"Belgium",4,"Median","44",1990,241,119,360
56,"Belgium",4,"Median","45",1990,200,130,330
56,"Belgium",4,"Median","46",1990,240,123,362
56,"Belgium",4,"Median","47",1990,207,122,329
56,"Belgium",4,"Median","48",1990,235,131,366
56,"Belgium",4,"Median","49",1990,247,154,401
56,"Belgium",4,"Median","50",1990,284,153,437
56,"Belgium",4,"Median","51",1990,321,181,502
56,"Belgium",4,"Median","52",1990,374,183,557
56,"Belgium",4,"Median","53",1990,367,182,549
56,"Belgium",4,"Median","54",1990,378,240,618
56,"Belgium",4,"Median","55",1990,418,257,675
56,"Belgium",4,"Median","56",1990,512,265,777
56,"Belgium",4,"Median","57",1990,581,303,884
56,"Belgium",4,"Median","58",1990,681,332,1013
56,"Belgium",4,"Median","59",1990,775,388,1164
56,"Belgium",4,"Median","60",1990,805,378,1183
56,"Belgium",4,"Median","61",1990,845,437,1281
56,"Belgium",4,"Median","62",1990,945,430,1374
56,"Belgium",4,"Median","63",1990,973,517,1490
56,"Belgium",4,"Median","64",1990,1097,545,1642
56,"Belgium",4,"Median","65",1990,1179,608,1786
56,"Belgium",4,"Median","66",1990,1251,667,1917
56,"Belgium",4,"Median","67",1990,1355,706,2061
56,"Belgium",4,"Median","68",1990,1423,807,2230
56,"Belgium",4,"Median","69",1990,1639,871,2510
56,"Belgium",4,"Median","70",1990,1465,839,2305
56,"Belgium",4,"Median","71",1990,1157,758,1915
56,"Belgium",4,"Median","72",1990,893,625,1518
56,"Belgium",4,"Median","73",1990,1082,763,1845
56,"Belgium",4,"Median","74",1990,1380,1000,2380
56,"Belgium",4,"Median","75",1990,1490,1232,2722
56,"Belgium",4,"Median","76",1990,1945,1518,3463
56,"Belgium",4,"Median","77",1990,1864,1678,3543
56,"Belgium",4,"Median","78",1990,1798,1765,3564
56,"Belgium",4,"Median","79",1990,1849,1926,3775
56,"Belgium",4,"Median","80",1990,1856,2059,3916
56,"Belgium",4,"Median","81",1990,1791,2052,3843
56,"Belgium",4,"Median","82",1990,1718,2193,3911
56,"Belgium",4,"Median","83",1990,1608,2259,3866
56,"Belgium",4,"Median","84",1990,1464,2302,3766
56,"Belgium",4,"Median","85",1990,1416,2201,3616
56,"Belgium",4,"Median","86",1990,1198,2225,3424
56,"Belgium",4,"Median","87",1990,1041,2050,3091
56,"Belgium",4,"Median","88",1990,916,1960,2875
56,"Belgium",4,"Median","89",1990,768,1734,2503
56,"Belgium",4,"Median","90",1990,636,1548,2184
56,"Belgium",4,"Median","91",1990,501,1291,1792
56,"Belgium",4,"Median","92",1990,379,1070,1450
56,"Belgium",4,"Median","93",1990,333,824,1157
56,"Belgium",4,"Median","94",1990,209,633,843
56,"Belgium",4,"Median","95",1990,157,493,650
56,"Belgium",4,"Median","96",1990,109,360,468
56,"Belgium",4,"Median","97",1990,75,253,328
56,"Belgium",4,"Median","98",1990,51,171,222
56,"Belgium",4,"Median","99",1990,32,111,143
56,"Belgium",4,"Median","100",1990,14,44,58
56,"Belgium",4,"Median","101",1990,10,33,43
56,"Belgium",4,"Median","102",1990,7,25,32
56,"Belgium",4,"Median","103",1990,5,18,23
56,"Belgium",4,"Median","104",1990,4,14,18
56,"Belgium",4,"Median","105",1990,3,10,13
56,"Belgium",4,"Median","106",1990,2,8,10
56,"Belgium",4,"Median","107",1990,1,6,7
56,"Belgium",4,"Median","108",1990,1,4,5
56,"Belgium",4,"Median","109",1990,1,3,4
56,"Belgium",4,"Median","110",1990,1,2,3
56,"Belgium",4,"Median","0",1991,599,446,1045
56,"Belgium",4,"Median","1",1991,29,32,61
56,"Belgium",4,"Median","2",1991,28,13,41
56,"Belgium",4,"Median","3",1991,17,16,33
56,"Belgium",4,"Median","4",1991,16,14,30
56,"Belgium",4,"Median","5",1991,12,9,21
56,"Belgium",4,"Median","6",1991,14,14,28
56,"Belgium",4,"Median","7",1991,11,4,15
56,"Belgium",4,"Median","8",1991,17,5,22
56,"Belgium",4,"Median","9",1991,9,10,19
56,"Belgium",4,"Median","10",1991,15,11,26
56,"Belgium",4,"Median","11",1991,9,10,19
56,"Belgium",4,"Median","12",1991,9,10,19
56,"Belgium",4,"Median","13",1991,11,9,20
56,"Belgium",4,"Median","14",1991,32,8,40
56,"Belgium",4,"Median","15",1991,22,14,36
56,"Belgium",4,"Median","16",1991,43,17,60
56,"Belgium",4,"Median","17",1991,58,25,84
56,"Belgium",4,"Median","18",1991,72,23,94
56,"Belgium",4,"Median","19",1991,85,33,118
56,"Belgium",4,"Median","20",1991,77,31,108
56,"Belgium",4,"Median","21",1991,106,26,132
56,"Belgium",4,"Median","22",1991,107,35,142
56,"Belgium",4,"Median","23",1991,104,27,131
56,"Belgium",4,"Median","24",1991,90,38,128
56,"Belgium",4,"Median","25",1991,116,21,137
56,"Belgium",4,"Median","26",1991,110,37,147
56,"Belgium",4,"Median","27",1991,107,44,151
56,"Belgium",4,"Median","28",1991,105,38,142
56,"Belgium",4,"Median","29",1991,108,37,145
56,"Belgium",4,"Median","30",1991,107,63,170
56,"Belgium",4,"Median","31",1991,90,36,126
56,"Belgium",4,"Median","32",1991,110,53,162
56,"Belgium",4,"Median","33",1991,106,56,163
56,"Belgium",4,"Median","34",1991,131,64,196
56,"Belgium",4,"Median","35",1991,136,52,188
56,"Belgium",4,"Median","36",1991,118,70,188
56,"Belgium",4,"Median","37",1991,143,54,197
56,"Belgium",4,"Median","38",1991,136,71,207
56,"Belgium",4,"Median","39",1991,142,70,212
56,"Belgium",4,"Median","40",1991,173,104,277
56,"Belgium",4,"Median","41",1991,149,108,258
56,"Belgium",4,"Median","42",1991,190,118,307
56,"Belgium",4,"Median","43",1991,187,100,287
56,"Belgium",4,"Median","44",1991,203,139,343
56,"Belgium",4,"Median","45",1991,241,125,366
56,"Belgium",4,"Median","46",1991,223,146,369
56,"Belgium",4,"Median","47",1991,227,135,362
56,"Belgium",4,"Median","48",1991,261,126,388
56,"Belgium",4,"Median","49",1991,238,148,386
56,"Belgium",4,"Median","50",1991,259,135,395
56,"Belgium",4,"Median","51",1991,285,156,442
56,"Belgium",4,"Median","52",1991,352,200,552
56,"Belgium",4,"Median","53",1991,373,205,578
56,"Belgium",4,"Median","54",1991,389,195,585
56,"Belgium",4,"Median","55",1991,435,243,678
56,"Belgium",4,"Median","56",1991,506,250,755
56,"Belgium",4,"Median","57",1991,580,260,841
56,"Belgium",4,"Median","58",1991,646,325,971
56,"Belgium",4,"Median","59",1991,737,363,1100
56,"Belgium",4,"Median","60",1991,829,455,1284
56,"Belgium",4,"Median","61",1991,834,423,1258
56,"Belgium",4,"Median","62",1991,953,430,1383
56,"Belgium",4,"Median","63",1991,926,482,1408
56,"Belgium",4,"Median","64",1991,1080,569,1649
56,"Belgium",4,"Median","65",1991,1160,612,1772
56,"Belgium",4,"Median","66",1991,1268,637,1905
56,"Belgium",4,"Median","67",1991,1358,703,2062
56,"Belgium",4,"Median","68",1991,1392,808,2200
56,"Belgium",4,"Median","69",1991,1526,859,2385
56,"Belgium",4,"Median","70",1991,1605,1003,2608
56,"Belgium",4,"Median","71",1991,1444,942,2386
56,"Belgium",4,"Median","72",1991,1235,816,2051
56,"Belgium",4,"Median","73",1991,927,732,1659
56,"Belgium",4,"Median","74",1991,1145,863,2009
56,"Belgium",4,"Median","75",1991,1482,1148,2630
56,"Belgium",4,"Median","76",1991,1546,1265,2812
56,"Belgium",4,"Median","77",1991,1894,1539,3433
56,"Belgium",4,"Median","78",1991,1856,1722,3577
56,"Belgium",4,"Median","79",1991,1789,1949,3737
56,"Belgium",4,"Median","80",1991,1693,2059,3752
56,"Belgium",4,"Median","81",1991,1754,2060,3814
56,"Belgium",4,"Median","82",1991,1712,2274,3987
56,"Belgium",4,"Median","83",1991,1624,2256,3880
56,"Belgium",4,"Median","84",1991,1463,2312,3776
56,"Belgium",4,"Median","85",1991,1388,2291,3679
56,"Belgium",4,"Median","86",1991,1204,2095,3299
56,"Belgium",4,"Median","87",1991,1097,2042,3138
56,"Belgium",4,"Median","88",1991,968,2021,2989
56,"Belgium",4,"Median","89",1991,750,1798,2548
56,"Belgium",4,"Median","90",1991,674,1564,2239
56,"Belgium",4,"Median","91",1991,551,1383,1934
56,"Belgium",4,"Median","92",1991,406,1110,1516
56,"Belgium",4,"Median","93",1991,283,900,1183
56,"Belgium",4,"Median","94",1991,238,684,921
56,"Belgium",4,"Median","95",1991,169,534,704
56,"Belgium",4,"Median","96",1991,116,387,503
56,"Belgium",4,"Median","97",1991,78,274,352
56,"Belgium",4,"Median","98",1991,52,187,239
56,"Belgium",4,"Median","99",1991,34,122,157
56,"Belgium",4,"Median","100",1991,15,47,62
56,"Belgium",4,"Median","101",1991,11,36,47
56,"Belgium",4,"Median","102",1991,8,27,35
56,"Belgium",4,"Median","103",1991,6,20,26
56,"Belgium",4,"Median","104",1991,4,15,19
56,"Belgium",4,"Median","105",1991,3,11,14
56,"Belgium",4,"Median","106",1991,2,9,11
56,"Belgium",4,"Median","107",1991,1,7,8
56,"Belgium",4,"Median","108",1991,1,5,6
56,"Belgium",4,"Median","109",1991,1,4,5
56,"Belgium",4,"Median","110",1991,1,3,4
56,"Belgium",4,"Median","0",1992,581,428,1009
56,"Belgium",4,"Median","1",1992,33,30,63
56,"Belgium",4,"Median","2",1992,33,18,51
56,"Belgium",4,"Median","3",1992,18,15,33
56,"Belgium",4,"Median","4",1992,16,8,24
56,"Belgium",4,"Median","5",1992,12,9,21
56,"Belgium",4,"Median","6",1992,17,5,22
56,"Belgium",4,"Median","7",1992,16,12,28
56,"Belgium",4,"Median","8",1992,16,8,24
56,"Belgium",4,"Median","9",1992,22,9,31
56,"Belgium",4,"Median","10",1992,16,5,21
56,"Belgium",4,"Median","11",1992,14,9,23
56,"Belgium",4,"Median","12",1992,16,6,22
56,"Belgium",4,"Median","13",1992,17,10,27
56,"Belgium",4,"Median","14",1992,17,13,30
56,"Belgium",4,"Median","15",1992,27,14,41
56,"Belgium",4,"Median","16",1992,29,14,43
56,"Belgium",4,"Median","17",1992,60,26,86
56,"Belgium",4,"Median","18",1992,53,31,84
56,"Belgium",4,"Median","19",1992,82,20,101
56,"Belgium",4,"Median","20",1992,76,41,117
56,"Belgium",4,"Median","21",1992,83,24,107
56,"Belgium",4,"Median","22",1992,94,32,127
56,"Belgium",4,"Median","23",1992,98,28,126
56,"Belgium",4,"Median","24",1992,97,30,127
56,"Belgium",4,"Median","25",1992,82,29,111
56,"Belgium",4,"Median","26",1992,103,40,142
56,"Belgium",4,"Median","27",1992,88,24,112
56,"Belgium",4,"Median","28",1992,104,24,128
56,"Belgium",4,"Median","29",1992,96,39,134
56,"Belgium",4,"Median","30",1992,119,47,165
56,"Belgium",4,"Median","31",1992,109,46,155
56,"Belgium",4,"Median","32",1992,115,59,174
56,"Belgium",4,"Median","33",1992,120,44,164
56,"Belgium",4,"Median","34",1992,121,69,190
56,"Belgium",4,"Median","35",1992,112,60,172
56,"Belgium",4,"Median","36",1992,124,57,181
56,"Belgium",4,"Median","37",1992,137,88,225
56,"Belgium",4,"Median","38",1992,151,90,242
56,"Belgium",4,"Median","39",1992,138,82,219
56,"Belgium",4,"Median","40",1992,147,95,242
56,"Belgium",4,"Median","41",1992,162,97,259
56,"Belgium",4,"Median","42",1992,199,108,307
56,"Belgium",4,"Median","43",1992,213,122,335
56,"Belgium",4,"Median","44",1992,221,133,354
56,"Belgium",4,"Median","45",1992,268,132,399
56,"Belgium",4,"Median","46",1992,252,144,396
56,"Belgium",4,"Median","47",1992,250,136,386
56,"Belgium",4,"Median","48",1992,281,151,432
56,"Belgium",4,"Median","49",1992,276,157,433
56,"Belgium",4,"Median","50",1992,257,119,376
56,"Belgium",4,"Median","51",1992,263,156,419
56,"Belgium",4,"Median","52",1992,348,179,527
56,"Belgium",4,"Median","53",1992,386,236,622
56,"Belgium",4,"Median","54",1992,424,216,641
56,"Belgium",4,"Median","55",1992,419,217,636
56,"Belgium",4,"Median","56",1992,468,276,744
56,"Belgium",4,"Median","57",1992,509,282,792
56,"Belgium",4,"Median","58",1992,589,332,920
56,"Belgium",4,"Median","59",1992,647,335,982
56,"Belgium",4,"Median","60",1992,793,382,1175
56,"Belgium",4,"Median","61",1992,900,406,1305
56,"Belgium",4,"Median","62",1992,934,494,1428
56,"Belgium",4,"Median","63",1992,947,494,1441
56,"Belgium",4,"Median","64",1992,1084,536,1621
56,"Belgium",4,"Median","65",1992,1174,590,1764
56,"Belgium",4,"Median","66",1992,1231,637,1868
56,"Belgium",4,"Median","67",1992,1306,709,2016
56,"Belgium",4,"Median","68",1992,1356,754,2110
56,"Belgium",4,"Median","69",1992,1530,864,2394
56,"Belgium",4,"Median","70",1992,1551,943,2494
56,"Belgium",4,"Median","71",1992,1674,1052,2726
56,"Belgium",4,"Median","72",1992,1540,1055,2594
56,"Belgium",4,"Median","73",1992,1243,817,2060
56,"Belgium",4,"Median","74",1992,979,725,1704
56,"Belgium",4,"Median","75",1992,1141,838,1979
56,"Belgium",4,"Median","76",1992,1546,1295,2841
56,"Belgium",4,"Median","77",1992,1626,1357,2984
56,"Belgium",4,"Median","78",1992,1888,1714,3602
56,"Belgium",4,"Median","79",1992,1854,1828,3682
56,"Belgium",4,"Median","80",1992,1806,2013,3819
56,"Belgium",4,"Median","81",1992,1791,2043,3835
56,"Belgium",4,"Median","82",1992,1660,2194,3855
56,"Belgium",4,"Median","83",1992,1578,2233,3811
56,"Belgium",4,"Median","84",1992,1541,2283,3824
56,"Belgium",4,"Median","85",1992,1427,2221,3647
56,"Belgium",4,"Median","86",1992,1228,2235,3463
56,"Belgium",4,"Median","87",1992,1093,2080,3173
56,"Belgium",4,"Median","88",1992,905,1999,2904
56,"Belgium",4,"Median","89",1992,860,1847,2707
56,"Belgium",4,"Median","90",1992,717,1621,2338
56,"Belgium",4,"Median","91",1992,560,1397,1957
56,"Belgium",4,"Median","92",1992,432,1177,1608
56,"Belgium",4,"Median","93",1992,328,932,1260
56,"Belgium",4,"Median","94",1992,223,749,972
56,"Belgium",4,"Median","95",1992,179,568,748
56,"Belgium",4,"Median","96",1992,125,418,544
56,"Belgium",4,"Median","97",1992,83,294,377
56,"Belgium",4,"Median","98",1992,55,201,255
56,"Belgium",4,"Median","99",1992,35,132,167
56,"Belgium",4,"Median","100",1992,16,50,66
56,"Belgium",4,"Median","101",1992,11,38,49
56,"Belgium",4,"Median","102",1992,8,29,37
56,"Belgium",4,"Median","103",1992,6,22,28
56,"Belgium",4,"Median","104",1992,4,17,21
56,"Belgium",4,"Median","105",1992,3,13,16
56,"Belgium",4,"Median","106",1992,2,10,12
56,"Belgium",4,"Median","107",1992,2,7,9
56,"Belgium",4,"Median","108",1992,1,5,6
56,"Belgium",4,"Median","109",1992,1,4,5
56,"Belgium",4,"Median","110",1992,1,3,4
56,"Belgium",4,"Median","0",1993,577,380,957
56,"Belgium",4,"Median","1",1993,34,25,59
56,"Belgium",4,"Median","2",1993,28,15,42
56,"Belgium",4,"Median","3",1993,26,10,36
56,"Belgium",4,"Median","4",1993,15,9,24
56,"Belgium",4,"Median","5",1993,10,6,16
56,"Belgium",4,"Median","6",1993,9,13,22
56,"Belgium",4,"Median","7",1993,10,11,21
56,"Belgium",4,"Median","8",1993,16,11,27
56,"Belgium",4,"Median","9",1993,6,6,12
56,"Belgium",4,"Median","10",1993,8,5,13
56,"Belgium",4,"Median","11",1993,13,9,22
56,"Belgium",4,"Median","12",1993,9,14,23
56,"Belgium",4,"Median","13",1993,15,9,24
56,"Belgium",4,"Median","14",1993,19,11,30
56,"Belgium",4,"Median","15",1993,28,17,45
56,"Belgium",4,"Median","16",1993,35,19,54
56,"Belgium",4,"Median","17",1993,38,20,58
56,"Belgium",4,"Median","18",1993,67,16,83
56,"Belgium",4,"Median","19",1993,100,30,130
56,"Belgium",4,"Median","20",1993,83,19,102
56,"Belgium",4,"Median","21",1993,103,34,137
56,"Belgium",4,"Median","22",1993,89,37,126
56,"Belgium",4,"Median","23",1993,93,23,117
56,"Belgium",4,"Median","24",1993,100,35,135
56,"Belgium",4,"Median","25",1993,103,29,132
56,"Belgium",4,"Median","26",1993,88,39,127
56,"Belgium",4,"Median","27",1993,93,48,141
56,"Belgium",4,"Median","28",1993,114,30,144
56,"Belgium",4,"Median","29",1993,100,39,138
56,"Belgium",4,"Median","30",1993,104,39,143
56,"Belgium",4,"Median","31",1993,99,40,139
56,"Belgium",4,"Median","32",1993,100,36,135
56,"Belgium",4,"Median","33",1993,143,52,195
56,"Belgium",4,"Median","34",1993,112,46,157
56,"Belgium",4,"Median","35",1993,132,63,195
56,"Belgium",4,"Median","36",1993,139,61,200
56,"Belgium",4,"Median","37",1993,136,73,209
56,"Belgium",4,"Median","38",1993,147,63,210
56,"Belgium",4,"Median","39",1993,144,93,237
56,"Belgium",4,"Median","40",1993,180,102,282
56,"Belgium",4,"Median","41",1993,186,101,287
56,"Belgium",4,"Median","42",1993,204,131,336
56,"Belgium",4,"Median","43",1993,188,105,293
56,"Belgium",4,"Median","44",1993,214,126,340
56,"Belgium",4,"Median","45",1993,268,132,400
56,"Belgium",4,"Median","46",1993,289,144,433
56,"Belgium",4,"Median","47",1993,257,146,404
56,"Belgium",4,"Median","48",1993,288,150,438
56,"Belgium",4,"Median","49",1993,307,158,465
56,"Belgium",4,"Median","50",1993,273,155,428
56,"Belgium",4,"Median","51",1993,266,158,424
56,"Belgium",4,"Median","52",1993,299,175,474
56,"Belgium",4,"Median","53",1993,377,191,568
56,"Belgium",4,"Median","54",1993,368,219,587
56,"Belgium",4,"Median","55",1993,429,265,694
56,"Belgium",4,"Median","56",1993,480,215,695
56,"Belgium",4,"Median","57",1993,503,258,761
56,"Belgium",4,"Median","58",1993,597,280,877
56,"Belgium",4,"Median","59",1993,650,350,1000
56,"Belgium",4,"Median","60",1993,729,348,1076
56,"Belgium",4,"Median","61",1993,791,403,1194
56,"Belgium",4,"Median","62",1993,923,424,1347
56,"Belgium",4,"Median","63",1993,975,477,1452
56,"Belgium",4,"Median","64",1993,1006,523,1529
56,"Belgium",4,"Median","65",1993,1154,550,1704
56,"Belgium",4,"Median","66",1993,1214,692,1906
56,"Belgium",4,"Median","67",1993,1331,683,2014
56,"Belgium",4,"Median","68",1993,1440,751,2191
56,"Belgium",4,"Median","69",1993,1429,865,2295
56,"Belgium",4,"Median","70",1993,1525,908,2432
56,"Belgium",4,"Median","71",1993,1653,1009,2662
56,"Belgium",4,"Median","72",1993,1848,1149,2998
56,"Belgium",4,"Median","73",1993,1642,1075,2717
56,"Belgium",4,"Median","74",1993,1280,977,2257
56,"Belgium",4,"Median","75",1993,1108,823,1932
56,"Belgium",4,"Median","76",1993,1198,938,2136
56,"Belgium",4,"Median","77",1993,1589,1284,2873
56,"Belgium",4,"Median","78",1993,1744,1455,3199
56,"Belgium",4,"Median","79",1993,1908,1892,3800
56,"Belgium",4,"Median","80",1993,1916,2075,3991
56,"Belgium",4,"Median","81",1993,1764,2070,3834
56,"Belgium",4,"Median","82",1993,1753,2296,4049
56,"Belgium",4,"Median","83",1993,1631,2363,3994
56,"Belgium",4,"Median","84",1993,1602,2334,3936
56,"Belgium",4,"Median","85",1993,1457,2370,3827
56,"Belgium",4,"Median","86",1993,1305,2433,3738
56,"Belgium",4,"Median","87",1993,1171,2293,3464
56,"Belgium",4,"Median","88",1993,1001,2089,3090
56,"Belgium",4,"Median","89",1993,880,1936,2816
56,"Belgium",4,"Median","90",1993,740,1742,2481
56,"Belgium",4,"Median","91",1993,613,1550,2162
56,"Belgium",4,"Median","92",1993,454,1368,1822
56,"Belgium",4,"Median","93",1993,340,1075,1415
56,"Belgium",4,"Median","94",1993,282,825,1107
56,"Belgium",4,"Median","95",1993,199,627,827
56,"Belgium",4,"Median","96",1993,142,470,611
56,"Belgium",4,"Median","97",1993,96,334,430
56,"Belgium",4,"Median","98",1993,62,226,288
56,"Belgium",4,"Median","99",1993,40,148,188
56,"Belgium",4,"Median","100",1993,17,56,73
56,"Belgium",4,"Median","101",1993,13,43,56
56,"Belgium",4,"Median","102",1993,9,32,41
56,"Belgium",4,"Median","103",1993,7,25,32
56,"Belgium",4,"Median","104",1993,5,19,24
56,"Belgium",4,"Median","105",1993,3,14,17
56,"Belgium",4,"Median","106",1993,3,11,14
56,"Belgium",4,"Median","107",1993,2,8,10
56,"Belgium",4,"Median","108",1993,1,6,7
56,"Belgium",4,"Median","109",1993,1,5,6
56,"Belgium",4,"Median","110",1993,1,4,5
56,"Belgium",4,"Median","0",1994,505,365,870
56,"Belgium",4,"Median","1",1994,46,23,69
56,"Belgium",4,"Median","2",1994,26,20,45
56,"Belgium",4,"Median","3",1994,15,8,23
56,"Belgium",4,"Median","4",1994,15,7,23
56,"Belgium",4,"Median","5",1994,8,5,13
56,"Belgium",4,"Median","6",1994,9,10,19
56,"Belgium",4,"Median","7",1994,13,7,20
56,"Belgium",4,"Median","8",1994,8,10,18
56,"Belgium",4,"Median","9",1994,10,8,18
56,"Belgium",4,"Median","10",1994,11,4,15
56,"Belgium",4,"Median","11",1994,11,9,20
56,"Belgium",4,"Median","12",1994,10,12,22
56,"Belgium",4,"Median","13",1994,18,7,25
56,"Belgium",4,"Median","14",1994,20,15,35
56,"Belgium",4,"Median","15",1994,20,15,35
56,"Belgium",4,"Median","16",1994,39,16,55
56,"Belgium",4,"Median","17",1994,46,19,65
56,"Belgium",4,"Median","18",1994,70,27,97
56,"Belgium",4,"Median","19",1994,87,29,115
56,"Belgium",4,"Median","20",1994,87,22,109
56,"Belgium",4,"Median","21",1994,113,26,139
56,"Belgium",4,"Median","22",1994,99,21,120
56,"Belgium",4,"Median","23",1994,109,30,139
56,"Belgium",4,"Median","24",1994,96,36,132
56,"Belgium",4,"Median","25",1994,100,28,128
56,"Belgium",4,"Median","26",1994,85,25,110
56,"Belgium",4,"Median","27",1994,99,39,138
56,"Belgium",4,"Median","28",1994,80,42,123
56,"Belgium",4,"Median","29",1994,56,40,95
56,"Belgium",4,"Median","30",1994,106,46,152
56,"Belgium",4,"Median","31",1994,90,49,140
56,"Belgium",4,"Median","32",1994,113,41,155
56,"Belgium",4,"Median","33",1994,115,50,165
56,"Belgium",4,"Median","34",1994,115,50,165
56,"Belgium",4,"Median","35",1994,135,73,209
56,"Belgium",4,"Median","36",1994,138,57,195
56,"Belgium",4,"Median","37",1994,136,69,205
56,"Belgium",4,"Median","38",1994,135,95,230
56,"Belgium",4,"Median","39",1994,170,77,247
56,"Belgium",4,"Median","40",1994,184,99,283
56,"Belgium",4,"Median","41",1994,174,115,289
56,"Belgium",4,"Median","42",1994,189,104,293
56,"Belgium",4,"Median","43",1994,214,108,322
56,"Belgium",4,"Median","44",1994,232,137,369
56,"Belgium",4,"Median","45",1994,234,137,372
56,"Belgium",4,"Median","46",1994,267,146,413
56,"Belgium",4,"Median","47",1994,303,135,439
56,"Belgium",4,"Median","48",1994,279,166,445
56,"Belgium",4,"Median","49",1994,304,172,475
56,"Belgium",4,"Median","50",1994,317,197,514
56,"Belgium",4,"Median","51",1994,329,171,500
56,"Belgium",4,"Median","52",1994,270,181,451
56,"Belgium",4,"Median","53",1994,374,188,562
56,"Belgium",4,"Median","54",1994,384,207,590
56,"Belgium",4,"Median","55",1994,441,249,690
56,"Belgium",4,"Median","56",1994,455,264,719
56,"Belgium",4,"Median","57",1994,510,266,775
56,"Belgium",4,"Median","58",1994,545,285,830
56,"Belgium",4,"Median","59",1994,661,330,990
56,"Belgium",4,"Median","60",1994,706,344,1050
56,"Belgium",4,"Median","61",1994,752,396,1148
56,"Belgium",4,"Median","62",1994,886,435,1320
56,"Belgium",4,"Median","63",1994,938,466,1404
56,"Belgium",4,"Median","64",1994,956,544,1499
56,"Belgium",4,"Median","65",1994,1106,592,1698
56,"Belgium",4,"Median","66",1994,1172,629,1801
56,"Belgium",4,"Median","67",1994,1227,662,1889
56,"Belgium",4,"Median","68",1994,1313,723,2036
56,"Belgium",4,"Median","69",1994,1398,850,2248
56,"Belgium",4,"Median","70",1994,1568,945,2514
56,"Belgium",4,"Median","71",1994,1702,990,2692
56,"Belgium",4,"Median","72",1994,1731,1111,2842
56,"Belgium",4,"Median","73",1994,1775,1145,2920
56,"Belgium",4,"Median","74",1994,1587,1225,2811
56,"Belgium",4,"Median","75",1994,1297,998,2295
56,"Belgium",4,"Median","76",1994,1050,870,1919
56,"Belgium",4,"Median","77",1994,1159,953,2112
56,"Belgium",4,"Median","78",1994,1493,1267,2760
56,"Belgium",4,"Median","79",1994,1565,1479,3044
56,"Belgium",4,"Median","80",1994,1820,1917,3736
56,"Belgium",4,"Median","81",1994,1846,2021,3866
56,"Belgium",4,"Median","82",1994,1714,2128,3842
56,"Belgium",4,"Median","83",1994,1559,2154,3714
56,"Belgium",4,"Median","84",1994,1488,2275,3763
56,"Belgium",4,"Median","85",1994,1439,2338,3777
56,"Belgium",4,"Median","86",1994,1275,2324,3599
56,"Belgium",4,"Median","87",1994,1185,2221,3406
56,"Belgium",4,"Median","88",1994,969,2094,3063
56,"Belgium",4,"Median","89",1994,817,1916,2733
56,"Belgium",4,"Median","90",1994,732,1698,2430
56,"Belgium",4,"Median","91",1994,549,1530,2080
56,"Belgium",4,"Median","92",1994,454,1275,1729
56,"Belgium",4,"Median","93",1994,359,1129,1488
56,"Belgium",4,"Median","94",1994,249,817,1065
56,"Belgium",4,"Median","95",1994,190,628,818
56,"Belgium",4,"Median","96",1994,134,462,597
56,"Belgium",4,"Median","97",1994,93,334,427
56,"Belgium",4,"Median","98",1994,61,229,290
56,"Belgium",4,"Median","99",1994,38,149,187
56,"Belgium",4,"Median","100",1994,16,56,72
56,"Belgium",4,"Median","101",1994,12,43,55
56,"Belgium",4,"Median","102",1994,8,33,41
56,"Belgium",4,"Median","103",1994,6,25,31
56,"Belgium",4,"Median","104",1994,4,19,23
56,"Belgium",4,"Median","105",1994,3,14,17
56,"Belgium",4,"Median","106",1994,2,11,13
56,"Belgium",4,"Median","107",1994,2,8,10
56,"Belgium",4,"Median","108",1994,1,6,7
56,"Belgium",4,"Median","109",1994,1,5,6
56,"Belgium",4,"Median","110",1994,1,4,5
56,"Belgium",4,"Median","0",1995,433,263,696
56,"Belgium",4,"Median","1",1995,41,29,70
56,"Belgium",4,"Median","2",1995,29,21,50
56,"Belgium",4,"Median","3",1995,15,13,28
56,"Belgium",4,"Median","4",1995,18,7,25
56,"Belgium",4,"Median","5",1995,13,11,24
56,"Belgium",4,"Median","6",1995,8,5,13
56,"Belgium",4,"Median","7",1995,10,8,18
56,"Belgium",4,"Median","8",1995,6,10,16
56,"Belgium",4,"Median","9",1995,9,9,18
56,"Belgium",4,"Median","10",1995,9,13,22
56,"Belgium",4,"Median","11",1995,13,9,22
56,"Belgium",4,"Median","12",1995,13,12,25
56,"Belgium",4,"Median","13",1995,20,11,31
56,"Belgium",4,"Median","14",1995,20,12,32
56,"Belgium",4,"Median","15",1995,25,18,43
56,"Belgium",4,"Median","16",1995,28,16,44
56,"Belgium",4,"Median","17",1995,41,20,61
56,"Belgium",4,"Median","18",1995,59,23,82
56,"Belgium",4,"Median","19",1995,74,28,102
56,"Belgium",4,"Median","20",1995,77,29,106
56,"Belgium",4,"Median","21",1995,82,20,103
56,"Belgium",4,"Median","22",1995,76,29,105
56,"Belgium",4,"Median","23",1995,101,23,124
56,"Belgium",4,"Median","24",1995,73,41,114
56,"Belgium",4,"Median","25",1995,83,20,103
56,"Belgium",4,"Median","26",1995,89,32,121
56,"Belgium",4,"Median","27",1995,105,31,136
56,"Belgium",4,"Median","28",1995,104,29,133
56,"Belgium",4,"Median","29",1995,96,36,133
56,"Belgium",4,"Median","30",1995,89,34,123
56,"Belgium",4,"Median","31",1995,103,42,145
56,"Belgium",4,"Median","32",1995,123,67,190
56,"Belgium",4,"Median","33",1995,101,43,144
56,"Belgium",4,"Median","34",1995,128,66,194
56,"Belgium",4,"Median","35",1995,141,75,217
56,"Belgium",4,"Median","36",1995,147,61,208
56,"Belgium",4,"Median","37",1995,127,62,188
56,"Belgium",4,"Median","38",1995,172,70,242
56,"Belgium",4,"Median","39",1995,138,90,228
56,"Belgium",4,"Median","40",1995,178,86,264
56,"Belgium",4,"Median","41",1995,196,85,281
56,"Belgium",4,"Median","42",1995,184,117,302
56,"Belgium",4,"Median","43",1995,203,146,349
56,"Belgium",4,"Median","44",1995,209,137,346
56,"Belgium",4,"Median","45",1995,209,149,358
56,"Belgium",4,"Median","46",1995,280,162,443
56,"Belgium",4,"Median","47",1995,289,164,452
56,"Belgium",4,"Median","48",1995,340,170,510
56,"Belgium",4,"Median","49",1995,347,157,504
56,"Belgium",4,"Median","50",1995,323,194,517
56,"Belgium",4,"Median","51",1995,359,176,535
56,"Belgium",4,"Median","52",1995,372,157,529
56,"Belgium",4,"Median","53",1995,354,150,504
56,"Belgium",4,"Median","54",1995,365,187,552
56,"Belgium",4,"Median","55",1995,439,226,665
56,"Belgium",4,"Median","56",1995,478,255,733
56,"Belgium",4,"Median","57",1995,493,277,770
56,"Belgium",4,"Median","58",1995,596,278,874
56,"Belgium",4,"Median","59",1995,596,325,922
56,"Belgium",4,"Median","60",1995,657,324,981
56,"Belgium",4,"Median","61",1995,690,413,1103
56,"Belgium",4,"Median","62",1995,838,435,1273
56,"Belgium",4,"Median","63",1995,967,500,1467
56,"Belgium",4,"Median","64",1995,1087,542,1628
56,"Belgium",4,"Median","65",1995,1116,600,1716
56,"Belgium",4,"Median","66",1995,1180,626,1807
56,"Belgium",4,"Median","67",1995,1296,624,1921
56,"Belgium",4,"Median","68",1995,1308,734,2042
56,"Belgium",4,"Median","69",1995,1374,838,2212
56,"Belgium",4,"Median","70",1995,1531,844,2375
56,"Belgium",4,"Median","71",1995,1657,1002,2659
56,"Belgium",4,"Median","72",1995,1757,1112,2870
56,"Belgium",4,"Median","73",1995,1794,1181,2975
56,"Belgium",4,"Median","74",1995,1808,1357,3165
56,"Belgium",4,"Median","75",1995,1754,1309,3063
56,"Belgium",4,"Median","76",1995,1357,1035,2392
56,"Belgium",4,"Median","77",1995,1083,924,2007
56,"Belgium",4,"Median","78",1995,1186,1085,2271
56,"Belgium",4,"Median","79",1995,1526,1496,3022
56,"Belgium",4,"Median","80",1995,1644,1601,3245
56,"Belgium",4,"Median","81",1995,1810,1935,3746
56,"Belgium",4,"Median","82",1995,1760,2162,3921
56,"Belgium",4,"Median","83",1995,1697,2251,3948
56,"Belgium",4,"Median","84",1995,1575,2239,3814
56,"Belgium",4,"Median","85",1995,1441,2302,3743
56,"Belgium",4,"Median","86",1995,1286,2167,3453
56,"Belgium",4,"Median","87",1995,1200,2256,3456
56,"Belgium",4,"Median","88",1995,1052,2159,3211
56,"Belgium",4,"Median","89",1995,819,2023,2842
56,"Belgium",4,"Median","90",1995,719,1761,2480
56,"Belgium",4,"Median","91",1995,586,1645,2231
56,"Belgium",4,"Median","92",1995,443,1312,1756
56,"Belgium",4,"Median","93",1995,340,1108,1448
56,"Belgium",4,"Median","94",1995,282,927,1209
56,"Belgium",4,"Median","95",1995,195,691,886
56,"Belgium",4,"Median","96",1995,139,504,644
56,"Belgium",4,"Median","97",1995,96,360,456
56,"Belgium",4,"Median","98",1995,64,251,316
56,"Belgium",4,"Median","99",1995,41,166,208
56,"Belgium",4,"Median","100",1995,17,61,78
56,"Belgium",4,"Median","101",1995,12,47,59
56,"Belgium",4,"Median","102",1995,9,36,45
56,"Belgium",4,"Median","103",1995,7,28,35
56,"Belgium",4,"Median","104",1995,5,21,26
56,"Belgium",4,"Median","105",1995,3,16,19
56,"Belgium",4,"Median","106",1995,3,13,16
56,"Belgium",4,"Median","107",1995,2,10,12
56,"Belgium",4,"Median","108",1995,1,7,8
56,"Belgium",4,"Median","109",1995,1,6,7
56,"Belgium",4,"Median","110",1995,1,4,5
56,"Belgium",4,"Median","0",1996,362,256,619
56,"Belgium",4,"Median","1",1996,28,29,57
56,"Belgium",4,"Median","2",1996,13,12,25
56,"Belgium",4,"Median","3",1996,17,11,28
56,"Belgium",4,"Median","4",1996,13,9,22
56,"Belgium",4,"Median","5",1996,13,5,18
56,"Belgium",4,"Median","6",1996,13,7,19
56,"Belgium",4,"Median","7",1996,8,7,15
56,"Belgium",4,"Median","8",1996,14,5,18
56,"Belgium",4,"Median","9",1996,11,5,16
56,"Belgium",4,"Median","10",1996,12,18,30
56,"Belgium",4,"Median","11",1996,14,8,22
56,"Belgium",4,"Median","12",1996,13,5,18
56,"Belgium",4,"Median","13",1996,15,12,27
56,"Belgium",4,"Median","14",1996,16,7,23
56,"Belgium",4,"Median","15",1996,24,12,36
56,"Belgium",4,"Median","16",1996,37,23,60
56,"Belgium",4,"Median","17",1996,51,17,68
56,"Belgium",4,"Median","18",1996,59,24,83
56,"Belgium",4,"Median","19",1996,59,26,85
56,"Belgium",4,"Median","20",1996,69,21,90
56,"Belgium",4,"Median","21",1996,79,27,106
56,"Belgium",4,"Median","22",1996,98,15,113
56,"Belgium",4,"Median","23",1996,83,22,105
56,"Belgium",4,"Median","24",1996,102,31,133
56,"Belgium",4,"Median","25",1996,76,30,106
56,"Belgium",4,"Median","26",1996,74,29,103
56,"Belgium",4,"Median","27",1996,81,39,120
56,"Belgium",4,"Median","28",1996,99,41,139
56,"Belgium",4,"Median","29",1996,89,37,126
56,"Belgium",4,"Median","30",1996,103,27,130
56,"Belgium",4,"Median","31",1996,108,35,143
56,"Belgium",4,"Median","32",1996,97,57,154
56,"Belgium",4,"Median","33",1996,118,47,165
56,"Belgium",4,"Median","34",1996,103,67,170
56,"Belgium",4,"Median","35",1996,95,61,156
56,"Belgium",4,"Median","36",1996,130,55,186
56,"Belgium",4,"Median","37",1996,142,66,207
56,"Belgium",4,"Median","38",1996,132,72,204
56,"Belgium",4,"Median","39",1996,183,102,286
56,"Belgium",4,"Median","40",1996,161,95,256
56,"Belgium",4,"Median","41",1996,181,95,276
56,"Belgium",4,"Median","42",1996,192,121,314
56,"Belgium",4,"Median","43",1996,245,112,357
56,"Belgium",4,"Median","44",1996,217,127,344
56,"Belgium",4,"Median","45",1996,279,127,406
56,"Belgium",4,"Median","46",1996,201,172,373
56,"Belgium",4,"Median","47",1996,295,158,453
56,"Belgium",4,"Median","48",1996,278,192,470
56,"Belgium",4,"Median","49",1996,388,188,576
56,"Belgium",4,"Median","50",1996,317,199,516
56,"Belgium",4,"Median","51",1996,341,200,541
56,"Belgium",4,"Median","52",1996,393,192,585
56,"Belgium",4,"Median","53",1996,386,174,560
56,"Belgium",4,"Median","54",1996,358,185,543
56,"Belgium",4,"Median","55",1996,363,200,563
56,"Belgium",4,"Median","56",1996,454,235,689
56,"Belgium",4,"Median","57",1996,504,259,763
56,"Belgium",4,"Median","58",1996,524,268,793
56,"Belgium",4,"Median","59",1996,567,309,876
56,"Belgium",4,"Median","60",1996,625,314,939
56,"Belgium",4,"Median","61",1996,714,339,1053
56,"Belgium",4,"Median","62",1996,777,403,1180
56,"Belgium",4,"Median","63",1996,887,393,1279
56,"Belgium",4,"Median","64",1996,965,471,1436
56,"Belgium",4,"Median","65",1996,1097,570,1666
56,"Belgium",4,"Median","66",1996,1153,609,1762
56,"Belgium",4,"Median","67",1996,1152,624,1775
56,"Belgium",4,"Median","68",1996,1306,673,1979
56,"Belgium",4,"Median","69",1996,1350,779,2128
56,"Belgium",4,"Median","70",1996,1522,855,2376
56,"Belgium",4,"Median","71",1996,1620,927,2546
56,"Belgium",4,"Median","72",1996,1673,1087,2760
56,"Belgium",4,"Median","73",1996,1783,1143,2926
56,"Belgium",4,"Median","74",1996,1863,1241,3105
56,"Belgium",4,"Median","75",1996,1951,1422,3373
56,"Belgium",4,"Median","76",1996,1691,1378,3069
56,"Belgium",4,"Median","77",1996,1325,1075,2400
56,"Belgium",4,"Median","78",1996,1116,924,2040
56,"Belgium",4,"Median","79",1996,1227,1124,2351
56,"Belgium",4,"Median","80",1996,1533,1583,3116
56,"Belgium",4,"Median","81",1996,1581,1831,3412
56,"Belgium",4,"Median","82",1996,1757,2120,3877
56,"Belgium",4,"Median","83",1996,1720,2256,3976
56,"Belgium",4,"Median","84",1996,1561,2336,3897
56,"Belgium",4,"Median","85",1996,1454,2284,3738
56,"Belgium",4,"Median","86",1996,1374,2230,3604
56,"Belgium",4,"Median","87",1996,1141,2376,3517
56,"Belgium",4,"Median","88",1996,1031,2268,3299
56,"Belgium",4,"Median","89",1996,921,2049,2970
56,"Belgium",4,"Median","90",1996,760,1814,2575
56,"Belgium",4,"Median","91",1996,597,1654,2251
56,"Belgium",4,"Median","92",1996,549,1460,2008
56,"Belgium",4,"Median","93",1996,370,1133,1504
56,"Belgium",4,"Median","94",1996,322,1010,1332
56,"Belgium",4,"Median","95",1996,216,750,965
56,"Belgium",4,"Median","96",1996,156,551,706
56,"Belgium",4,"Median","97",1996,108,388,496
56,"Belgium",4,"Median","98",1996,73,267,339
56,"Belgium",4,"Median","99",1996,47,180,227
56,"Belgium",4,"Median","100",1996,19,66,85
56,"Belgium",4,"Median","101",1996,14,51,65
56,"Belgium",4,"Median","102",1996,10,39,49
56,"Belgium",4,"Median","103",1996,8,30,38
56,"Belgium",4,"Median","104",1996,6,23,29
56,"Belgium",4,"Median","105",1996,4,18,22
56,"Belgium",4,"Median","106",1996,3,14,17
56,"Belgium",4,"Median","107",1996,2,11,13
56,"Belgium",4,"Median","108",1996,2,8,10
56,"Belgium",4,"Median","109",1996,1,6,7
56,"Belgium",4,"Median","110",1996,1,5,6
56,"Belgium",4,"Median","0",1997,356,287,643
56,"Belgium",4,"Median","1",1997,19,25,44
56,"Belgium",4,"Median","2",1997,23,13,36
56,"Belgium",4,"Median","3",1997,18,10,28
56,"Belgium",4,"Median","4",1997,11,5,16
56,"Belgium",4,"Median","5",1997,22,11,33
56,"Belgium",4,"Median","6",1997,10,7,17
56,"Belgium",4,"Median","7",1997,11,9,20
56,"Belgium",4,"Median","8",1997,7,5,12
56,"Belgium",4,"Median","9",1997,9,6,15
56,"Belgium",4,"Median","10",1997,11,7,18
56,"Belgium",4,"Median","11",1997,9,4,13
56,"Belgium",4,"Median","12",1997,4,13,17
56,"Belgium",4,"Median","13",1997,8,6,14
56,"Belgium",4,"Median","14",1997,13,9,22
56,"Belgium",4,"Median","15",1997,17,11,28
56,"Belgium",4,"Median","16",1997,33,21,54
56,"Belgium",4,"Median","17",1997,38,21,59
56,"Belgium",4,"Median","18",1997,63,23,86
56,"Belgium",4,"Median","19",1997,58,28,86
56,"Belgium",4,"Median","20",1997,65,12,77
56,"Belgium",4,"Median","21",1997,63,20,83
56,"Belgium",4,"Median","22",1997,84,26,109
56,"Belgium",4,"Median","23",1997,82,22,104
56,"Belgium",4,"Median","24",1997,85,33,118
56,"Belgium",4,"Median","25",1997,92,27,119
56,"Belgium",4,"Median","26",1997,86,19,105
56,"Belgium",4,"Median","27",1997,107,29,136
56,"Belgium",4,"Median","28",1997,85,37,122
56,"Belgium",4,"Median","29",1997,78,30,107
56,"Belgium",4,"Median","30",1997,92,39,131
56,"Belgium",4,"Median","31",1997,85,41,126
56,"Belgium",4,"Median","32",1997,97,51,148
56,"Belgium",4,"Median","33",1997,107,37,145
56,"Belgium",4,"Median","34",1997,107,61,167
56,"Belgium",4,"Median","35",1997,120,55,175
56,"Belgium",4,"Median","36",1997,124,69,193
56,"Belgium",4,"Median","37",1997,146,74,220
56,"Belgium",4,"Median","38",1997,151,77,229
56,"Belgium",4,"Median","39",1997,157,78,235
56,"Belgium",4,"Median","40",1997,159,70,229
56,"Belgium",4,"Median","41",1997,188,87,275
56,"Belgium",4,"Median","42",1997,192,122,314
56,"Belgium",4,"Median","43",1997,198,121,320
56,"Belgium",4,"Median","44",1997,241,124,365
56,"Belgium",4,"Median","45",1997,234,137,371
56,"Belgium",4,"Median","46",1997,255,153,407
56,"Belgium",4,"Median","47",1997,293,168,461
56,"Belgium",4,"Median","48",1997,269,178,447
56,"Belgium",4,"Median","49",1997,313,176,488
56,"Belgium",4,"Median","50",1997,353,199,552
56,"Belgium",4,"Median","51",1997,332,236,569
56,"Belgium",4,"Median","52",1997,374,215,589
56,"Belgium",4,"Median","53",1997,413,203,616
56,"Belgium",4,"Median","54",1997,411,218,629
56,"Belgium",4,"Median","55",1997,399,202,601
56,"Belgium",4,"Median","56",1997,403,209,612
56,"Belgium",4,"Median","57",1997,506,260,766
56,"Belgium",4,"Median","58",1997,532,280,812
56,"Belgium",4,"Median","59",1997,599,313,913
56,"Belgium",4,"Median","60",1997,595,321,917
56,"Belgium",4,"Median","61",1997,645,358,1003
56,"Belgium",4,"Median","62",1997,743,374,1117
56,"Belgium",4,"Median","63",1997,807,398,1206
56,"Belgium",4,"Median","64",1997,904,456,1360
56,"Belgium",4,"Median","65",1997,1021,511,1533
56,"Belgium",4,"Median","66",1997,1146,595,1741
56,"Belgium",4,"Median","67",1997,1188,659,1846
56,"Belgium",4,"Median","68",1997,1234,688,1921
56,"Belgium",4,"Median","69",1997,1360,762,2122
56,"Belgium",4,"Median","70",1997,1450,817,2267
56,"Belgium",4,"Median","71",1997,1651,886,2537
56,"Belgium",4,"Median","72",1997,1686,1012,2698
56,"Belgium",4,"Median","73",1997,1696,1123,2820
56,"Belgium",4,"Median","74",1997,1744,1177,2921
56,"Belgium",4,"Median","75",1997,1806,1378,3184
56,"Belgium",4,"Median","76",1997,1874,1522,3396
56,"Belgium",4,"Median","77",1997,1727,1426,3153
56,"Belgium",4,"Median","78",1997,1312,1184,2495
56,"Belgium",4,"Median","79",1997,1047,1069,2115
56,"Belgium",4,"Median","80",1997,1244,1225,2469
56,"Belgium",4,"Median","81",1997,1498,1653,3151
56,"Belgium",4,"Median","82",1997,1581,1918,3500
56,"Belgium",4,"Median","83",1997,1697,2272,3969
56,"Belgium",4,"Median","84",1997,1625,2376,4001
56,"Belgium",4,"Median","85",1997,1467,2378,3844
56,"Belgium",4,"Median","86",1997,1323,2250,3573
56,"Belgium",4,"Median","87",1997,1251,2327,3577
56,"Belgium",4,"Median","88",1997,1078,2161,3238
56,"Belgium",4,"Median","89",1997,911,2068,2979
56,"Belgium",4,"Median","90",1997,758,1925,2683
56,"Belgium",4,"Median","91",1997,638,1672,2309
56,"Belgium",4,"Median","92",1997,504,1460,1964
56,"Belgium",4,"Median","93",1997,418,1214,1632
56,"Belgium",4,"Median","94",1997,294,973,1267
56,"Belgium",4,"Median","95",1997,214,775,989
56,"Belgium",4,"Median","96",1997,152,579,731
56,"Belgium",4,"Median","97",1997,106,411,517
56,"Belgium",4,"Median","98",1997,71,279,350
56,"Belgium",4,"Median","99",1997,46,185,231
56,"Belgium",4,"Median","100",1997,19,69,88
56,"Belgium",4,"Median","101",1997,14,53,67
56,"Belgium",4,"Median","102",1997,10,41,51
56,"Belgium",4,"Median","103",1997,7,32,39
56,"Belgium",4,"Median","104",1997,5,25,30
56,"Belgium",4,"Median","105",1997,4,19,23
56,"Belgium",4,"Median","106",1997,3,15,18
56,"Belgium",4,"Median","107",1997,2,11,13
56,"Belgium",4,"Median","108",1997,2,9,11
56,"Belgium",4,"Median","109",1997,1,7,8
56,"Belgium",4,"Median","110",1997,1,5,6
56,"Belgium",4,"Median","0",1998,325,263,587
56,"Belgium",4,"Median","1",1998,29,24,53
56,"Belgium",4,"Median","2",1998,13,20,33
56,"Belgium",4,"Median","3",1998,20,8,28
56,"Belgium",4,"Median","4",1998,13,15,28
56,"Belgium",4,"Median","5",1998,16,12,28
56,"Belgium",4,"Median","6",1998,10,13,23
56,"Belgium",4,"Median","7",1998,7,7,14
56,"Belgium",4,"Median","8",1998,11,10,21
56,"Belgium",4,"Median","9",1998,6,12,18
56,"Belgium",4,"Median","10",1998,7,5,12
56,"Belgium",4,"Median","11",1998,8,13,21
56,"Belgium",4,"Median","12",1998,12,8,20
56,"Belgium",4,"Median","13",1998,15,10,25
56,"Belgium",4,"Median","14",1998,12,11,23
56,"Belgium",4,"Median","15",1998,21,13,34
56,"Belgium",4,"Median","16",1998,39,12,51
56,"Belgium",4,"Median","17",1998,41,13,54
56,"Belgium",4,"Median","18",1998,60,15,74
56,"Belgium",4,"Median","19",1998,75,25,100
56,"Belgium",4,"Median","20",1998,79,22,101
56,"Belgium",4,"Median","21",1998,70,20,90
56,"Belgium",4,"Median","22",1998,67,18,85
56,"Belgium",4,"Median","23",1998,69,21,90
56,"Belgium",4,"Median","24",1998,98,29,127
56,"Belgium",4,"Median","25",1998,85,20,105
56,"Belgium",4,"Median","26",1998,77,31,108
56,"Belgium",4,"Median","27",1998,72,32,104
56,"Belgium",4,"Median","28",1998,74,32,106
56,"Belgium",4,"Median","29",1998,93,20,113
56,"Belgium",4,"Median","30",1998,90,32,122
56,"Belgium",4,"Median","31",1998,93,47,140
56,"Belgium",4,"Median","32",1998,97,42,139
56,"Belgium",4,"Median","33",1998,88,38,125
56,"Belgium",4,"Median","34",1998,94,58,151
56,"Belgium",4,"Median","35",1998,128,59,187
56,"Belgium",4,"Median","36",1998,103,70,173
56,"Belgium",4,"Median","37",1998,107,67,174
56,"Belgium",4,"Median","38",1998,116,75,191
56,"Belgium",4,"Median","39",1998,144,84,229
56,"Belgium",4,"Median","40",1998,175,96,271
56,"Belgium",4,"Median","41",1998,168,110,278
56,"Belgium",4,"Median","42",1998,182,112,295
56,"Belgium",4,"Median","43",1998,192,121,314
56,"Belgium",4,"Median","44",1998,204,139,343
56,"Belgium",4,"Median","45",1998,226,143,370
56,"Belgium",4,"Median","46",1998,282,136,418
56,"Belgium",4,"Median","47",1998,268,175,443
56,"Belgium",4,"Median","48",1998,296,165,460
56,"Belgium",4,"Median","49",1998,334,199,532
56,"Belgium",4,"Median","50",1998,377,236,614
56,"Belgium",4,"Median","51",1998,404,235,638
56,"Belgium",4,"Median","52",1998,394,230,623
56,"Belgium",4,"Median","53",1998,388,228,616
56,"Belgium",4,"Median","54",1998,397,207,604
56,"Belgium",4,"Median","55",1998,414,208,623
56,"Belgium",4,"Median","56",1998,396,210,606
56,"Belgium",4,"Median","57",1998,464,232,696
56,"Belgium",4,"Median","58",1998,525,285,810
56,"Belgium",4,"Median","59",1998,597,315,912
56,"Belgium",4,"Median","60",1998,664,310,974
56,"Belgium",4,"Median","61",1998,660,345,1004
56,"Belgium",4,"Median","62",1998,764,325,1089
56,"Belgium",4,"Median","63",1998,760,448,1208
56,"Belgium",4,"Median","64",1998,862,465,1326
56,"Belgium",4,"Median","65",1998,997,482,1479
56,"Belgium",4,"Median","66",1998,1149,623,1771
56,"Belgium",4,"Median","67",1998,1185,662,1847
56,"Belgium",4,"Median","68",1998,1345,667,2012
56,"Belgium",4,"Median","69",1998,1359,785,2144
56,"Belgium",4,"Median","70",1998,1492,842,2334
56,"Belgium",4,"Median","71",1998,1511,862,2373
56,"Belgium",4,"Median","72",1998,1651,999,2650
56,"Belgium",4,"Median","73",1998,1717,1145,2861
56,"Belgium",4,"Median","74",1998,1842,1237,3079
56,"Belgium",4,"Median","75",1998,1830,1372,3202
56,"Belgium",4,"Median","76",1998,1894,1475,3368
56,"Belgium",4,"Median","77",1998,1999,1714,3712
56,"Belgium",4,"Median","78",1998,1743,1591,3334
56,"Belgium",4,"Median","79",1998,1370,1274,2643
56,"Belgium",4,"Median","80",1998,1020,1127,2147
56,"Belgium",4,"Median","81",1998,1216,1324,2539
56,"Belgium",4,"Median","82",1998,1496,1711,3207
56,"Belgium",4,"Median","83",1998,1490,2006,3496
56,"Belgium",4,"Median","84",1998,1693,2322,4016
56,"Belgium",4,"Median","85",1998,1493,2356,3849
56,"Belgium",4,"Median","86",1998,1306,2453,3759
56,"Belgium",4,"Median","87",1998,1227,2244,3471
56,"Belgium",4,"Median","88",1998,1071,2252,3323
56,"Belgium",4,"Median","89",1998,946,2124,3071
56,"Belgium",4,"Median","90",1998,731,1892,2623
56,"Belgium",4,"Median","91",1998,627,1776,2403
56,"Belgium",4,"Median","92",1998,526,1484,2010
56,"Belgium",4,"Median","93",1998,356,1249,1605
56,"Belgium",4,"Median","94",1998,291,983,1273
56,"Belgium",4,"Median","95",1998,209,794,1003
56,"Belgium",4,"Median","96",1998,147,607,754
56,"Belgium",4,"Median","97",1998,101,438,539
56,"Belgium",4,"Median","98",1998,68,300,368
56,"Belgium",4,"Median","99",1998,44,197,241
56,"Belgium",4,"Median","100",1998,18,72,90
56,"Belgium",4,"Median","101",1998,13,56,69
56,"Belgium",4,"Median","102",1998,10,43,53
56,"Belgium",4,"Median","103",1998,7,34,41
56,"Belgium",4,"Median","104",1998,5,26,31
56,"Belgium",4,"Median","105",1998,4,21,25
56,"Belgium",4,"Median","106",1998,3,16,19
56,"Belgium",4,"Median","107",1998,2,12,14
56,"Belgium",4,"Median","108",1998,1,10,11
56,"Belgium",4,"Median","109",1998,1,8,9
56,"Belgium",4,"Median","110",1998,1,6,7
56,"Belgium",4,"Median","0",1999,324,231,555
56,"Belgium",4,"Median","1",1999,27,22,49
56,"Belgium",4,"Median","2",1999,16,6,22
56,"Belgium",4,"Median","3",1999,22,10,32
56,"Belgium",4,"Median","4",1999,14,10,25
56,"Belgium",4,"Median","5",1999,16,7,23
56,"Belgium",4,"Median","6",1999,9,10,19
56,"Belgium",4,"Median","7",1999,10,11,21
56,"Belgium",4,"Median","8",1999,7,6,13
56,"Belgium",4,"Median","9",1999,14,5,19
56,"Belgium",4,"Median","10",1999,6,5,11
56,"Belgium",4,"Median","11",1999,6,8,14
56,"Belgium",4,"Median","12",1999,12,15,27
56,"Belgium",4,"Median","13",1999,13,6,19
56,"Belgium",4,"Median","14",1999,15,13,28
56,"Belgium",4,"Median","15",1999,27,10,37
56,"Belgium",4,"Median","16",1999,27,15,42
56,"Belgium",4,"Median","17",1999,50,20,70
56,"Belgium",4,"Median","18",1999,54,19,73
56,"Belgium",4,"Median","19",1999,72,22,94
56,"Belgium",4,"Median","20",1999,72,22,94
56,"Belgium",4,"Median","21",1999,73,24,96
56,"Belgium",4,"Median","22",1999,85,30,115
56,"Belgium",4,"Median","23",1999,75,30,105
56,"Belgium",4,"Median","24",1999,60,20,80
56,"Belgium",4,"Median","25",1999,78,18,96
56,"Belgium",4,"Median","26",1999,90,20,110
56,"Belgium",4,"Median","27",1999,84,39,123
56,"Belgium",4,"Median","28",1999,66,20,86
56,"Belgium",4,"Median","29",1999,85,33,118
56,"Belgium",4,"Median","30",1999,82,32,114
56,"Belgium",4,"Median","31",1999,103,29,132
56,"Belgium",4,"Median","32",1999,87,31,118
56,"Belgium",4,"Median","33",1999,95,42,137
56,"Belgium",4,"Median","34",1999,115,48,163
56,"Belgium",4,"Median","35",1999,109,63,172
56,"Belgium",4,"Median","36",1999,110,58,167
56,"Belgium",4,"Median","37",1999,131,68,198
56,"Belgium",4,"Median","38",1999,136,63,198
56,"Belgium",4,"Median","39",1999,172,88,260
56,"Belgium",4,"Median","40",1999,157,80,237
56,"Belgium",4,"Median","41",1999,169,103,273
56,"Belgium",4,"Median","42",1999,154,135,289
56,"Belgium",4,"Median","43",1999,212,129,341
56,"Belgium",4,"Median","44",1999,220,110,331
56,"Belgium",4,"Median","45",1999,235,133,368
56,"Belgium",4,"Median","46",1999,262,149,411
56,"Belgium",4,"Median","47",1999,300,147,447
56,"Belgium",4,"Median","48",1999,295,162,457
56,"Belgium",4,"Median","49",1999,344,187,531
56,"Belgium",4,"Median","50",1999,373,200,573
56,"Belgium",4,"Median","51",1999,422,240,662
56,"Belgium",4,"Median","52",1999,418,230,648
56,"Belgium",4,"Median","53",1999,439,210,649
56,"Belgium",4,"Median","54",1999,429,194,623
56,"Belgium",4,"Median","55",1999,461,232,693
56,"Belgium",4,"Median","56",1999,488,241,729
56,"Belgium",4,"Median","57",1999,468,225,693
56,"Belgium",4,"Median","58",1999,482,222,704
56,"Belgium",4,"Median","59",1999,571,278,849
56,"Belgium",4,"Median","60",1999,617,334,951
56,"Belgium",4,"Median","61",1999,684,342,1026
56,"Belgium",4,"Median","62",1999,700,364,1064
56,"Belgium",4,"Median","63",1999,795,419,1214
56,"Belgium",4,"Median","64",1999,887,412,1299
56,"Belgium",4,"Median","65",1999,939,474,1413
56,"Belgium",4,"Median","66",1999,1053,538,1591
56,"Belgium",4,"Median","67",1999,1198,607,1806
56,"Belgium",4,"Median","68",1999,1256,664,1921
56,"Belgium",4,"Median","69",1999,1360,781,2141
56,"Belgium",4,"Median","70",1999,1384,802,2186
56,"Belgium",4,"Median","71",1999,1472,863,2336
56,"Belgium",4,"Median","72",1999,1538,949,2487
56,"Belgium",4,"Median","73",1999,1706,1097,2803
56,"Belgium",4,"Median","74",1999,1721,1180,2901
56,"Belgium",4,"Median","75",1999,1839,1315,3155
56,"Belgium",4,"Median","76",1999,1884,1433,3317
56,"Belgium",4,"Median","77",1999,1930,1553,3483
56,"Belgium",4,"Median","78",1999,2022,1790,3812
56,"Belgium",4,"Median","79",1999,1750,1695,3446
56,"Belgium",4,"Median","80",1999,1356,1337,2693
56,"Belgium",4,"Median","81",1999,1068,1188,2256
56,"Belgium",4,"Median","82",1999,1173,1428,2601
56,"Belgium",4,"Median","83",1999,1462,1893,3355
56,"Belgium",4,"Median","84",1999,1442,2060,3501
56,"Belgium",4,"Median","85",1999,1555,2419,3974
56,"Belgium",4,"Median","86",1999,1513,2329,3842
56,"Belgium",4,"Median","87",1999,1186,2378,3563
56,"Belgium",4,"Median","88",1999,1049,2174,3223
56,"Belgium",4,"Median","89",1999,915,2186,3101
56,"Belgium",4,"Median","90",1999,822,2029,2852
56,"Belgium",4,"Median","91",1999,697,1773,2470
56,"Belgium",4,"Median","92",1999,533,1580,2113
56,"Belgium",4,"Median","93",1999,388,1363,1751
56,"Belgium",4,"Median","94",1999,323,1106,1428
56,"Belgium",4,"Median","95",1999,230,882,1112
56,"Belgium",4,"Median","96",1999,160,671,831
56,"Belgium",4,"Median","97",1999,109,498,607
56,"Belgium",4,"Median","98",1999,73,349,421
56,"Belgium",4,"Median","99",1999,48,231,278
56,"Belgium",4,"Median","100",1999,20,80,100
56,"Belgium",4,"Median","101",1999,14,63,77
56,"Belgium",4,"Median","102",1999,11,50,61
56,"Belgium",4,"Median","103",1999,8,39,47
56,"Belgium",4,"Median","104",1999,6,31,37
56,"Belgium",4,"Median","105",1999,4,25,29
56,"Belgium",4,"Median","106",1999,3,19,22
56,"Belgium",4,"Median","107",1999,2,15,17
56,"Belgium",4,"Median","108",1999,2,12,14
56,"Belgium",4,"Median","109",1999,1,10,11
56,"Belgium",4,"Median","110",1999,1,8,9
56,"Belgium",4,"Median","0",2000,309,251,560
56,"Belgium",4,"Median","1",2000,30,20,50
56,"Belgium",4,"Median","2",2000,26,11,37
56,"Belgium",4,"Median","3",2000,18,14,32
56,"Belgium",4,"Median","4",2000,11,9,20
56,"Belgium",4,"Median","5",2000,5,3,8
56,"Belgium",4,"Median","6",2000,7,5,12
56,"Belgium",4,"Median","7",2000,9,6,15
56,"Belgium",4,"Median","8",2000,7,8,15
56,"Belgium",4,"Median","9",2000,8,4,12
56,"Belgium",4,"Median","10",2000,6,8,14
56,"Belgium",4,"Median","11",2000,8,3,11
56,"Belgium",4,"Median","12",2000,10,12,22
56,"Belgium",4,"Median","13",2000,17,11,28
56,"Belgium",4,"Median","14",2000,14,12,26
56,"Belgium",4,"Median","15",2000,22,16,38
56,"Belgium",4,"Median","16",2000,35,13,48
56,"Belgium",4,"Median","17",2000,33,19,52
56,"Belgium",4,"Median","18",2000,67,27,94
56,"Belgium",4,"Median","19",2000,78,21,99
56,"Belgium",4,"Median","20",2000,80,20,100
56,"Belgium",4,"Median","21",2000,88,30,118
56,"Belgium",4,"Median","22",2000,81,27,107
56,"Belgium",4,"Median","23",2000,74,26,100
56,"Belgium",4,"Median","24",2000,92,33,125
56,"Belgium",4,"Median","25",2000,88,21,109
56,"Belgium",4,"Median","26",2000,75,28,103
56,"Belgium",4,"Median","27",2000,82,34,116
56,"Belgium",4,"Median","28",2000,78,27,105
56,"Belgium",4,"Median","29",2000,76,24,100
56,"Belgium",4,"Median","30",2000,89,30,119
56,"Belgium",4,"Median","31",2000,94,41,135
56,"Belgium",4,"Median","32",2000,93,39,132
56,"Belgium",4,"Median","33",2000,109,51,160
56,"Belgium",4,"Median","34",2000,108,53,161
56,"Belgium",4,"Median","35",2000,96,59,155
56,"Belgium",4,"Median","36",2000,127,58,185
56,"Belgium",4,"Median","37",2000,147,58,205
56,"Belgium",4,"Median","38",2000,152,79,230
56,"Belgium",4,"Median","39",2000,131,87,219
56,"Belgium",4,"Median","40",2000,151,83,234
56,"Belgium",4,"Median","41",2000,188,114,302
56,"Belgium",4,"Median","42",2000,187,102,289
56,"Belgium",4,"Median","43",2000,197,103,300
56,"Belgium",4,"Median","44",2000,209,132,341
56,"Belgium",4,"Median","45",2000,241,141,381
56,"Belgium",4,"Median","46",2000,237,133,370
56,"Belgium",4,"Median","47",2000,311,173,483
56,"Belgium",4,"Median","48",2000,283,154,437
56,"Belgium",4,"Median","49",2000,341,196,537
56,"Belgium",4,"Median","50",2000,359,206,564
56,"Belgium",4,"Median","51",2000,357,211,568
56,"Belgium",4,"Median","52",2000,409,213,623
56,"Belgium",4,"Median","53",2000,496,233,729
56,"Belgium",4,"Median","54",2000,462,224,686
56,"Belgium",4,"Median","55",2000,488,265,752
56,"Belgium",4,"Median","56",2000,487,277,764
56,"Belgium",4,"Median","57",2000,487,224,711
56,"Belgium",4,"Median","58",2000,474,238,712
56,"Belgium",4,"Median","59",2000,509,257,766
56,"Belgium",4,"Median","60",2000,589,312,900
56,"Belgium",4,"Median","61",2000,637,374,1011
56,"Belgium",4,"Median","62",2000,691,377,1068
56,"Belgium",4,"Median","63",2000,740,375,1115
56,"Belgium",4,"Median","64",2000,787,431,1218
56,"Belgium",4,"Median","65",2000,930,469,1399
56,"Belgium",4,"Median","66",2000,983,500,1484
56,"Belgium",4,"Median","67",2000,1084,511,1595
56,"Belgium",4,"Median","68",2000,1243,652,1895
56,"Belgium",4,"Median","69",2000,1373,761,2134
56,"Belgium",4,"Median","70",2000,1441,786,2227
56,"Belgium",4,"Median","71",2000,1481,888,2368
56,"Belgium",4,"Median","72",2000,1535,946,2481
56,"Belgium",4,"Median","73",2000,1608,1089,2697
56,"Belgium",4,"Median","74",2000,1742,1170,2912
56,"Belgium",4,"Median","75",2000,1784,1352,3136
56,"Belgium",4,"Median","76",2000,1952,1396,3348
56,"Belgium",4,"Median","77",2000,1886,1477,3362
56,"Belgium",4,"Median","78",2000,1942,1721,3663
56,"Belgium",4,"Median","79",2000,1985,1850,3836
56,"Belgium",4,"Median","80",2000,1887,1822,3709
56,"Belgium",4,"Median","81",2000,1336,1462,2798
56,"Belgium",4,"Median","82",2000,986,1297,2282
56,"Belgium",4,"Median","83",2000,1104,1403,2507
56,"Belgium",4,"Median","84",2000,1394,1901,3294
56,"Belgium",4,"Median","85",2000,1415,2144,3559
56,"Belgium",4,"Median","86",2000,1394,2434,3828
56,"Belgium",4,"Median","87",2000,1306,2432,3738
56,"Belgium",4,"Median","88",2000,1144,2263,3407
56,"Belgium",4,"Median","89",2000,965,2158,3122
56,"Belgium",4,"Median","90",2000,863,2091,2955
56,"Belgium",4,"Median","91",2000,650,1850,2500
56,"Belgium",4,"Median","92",2000,549,1617,2166
56,"Belgium",4,"Median","93",2000,416,1354,1770
56,"Belgium",4,"Median","94",2000,328,1090,1417
56,"Belgium",4,"Median","95",2000,244,904,1149
56,"Belgium",4,"Median","96",2000,172,691,863
56,"Belgium",4,"Median","97",2000,116,507,623
56,"Belgium",4,"Median","98",2000,77,363,439
56,"Belgium",4,"Median","99",2000,50,244,294
56,"Belgium",4,"Median","100",2000,21,84,105
56,"Belgium",4,"Median","101",2000,15,67,82
56,"Belgium",4,"Median","102",2000,11,53,64
56,"Belgium",4,"Median","103",2000,8,42,50
56,"Belgium",4,"Median","104",2000,6,33,39
56,"Belgium",4,"Median","105",2000,4,26,30
56,"Belgium",4,"Median","106",2000,3,21,24
56,"Belgium",4,"Median","107",2000,2,16,18
56,"Belgium",4,"Median","108",2000,2,13,15
56,"Belgium",4,"Median","109",2000,1,10,11
56,"Belgium",4,"Median","110",2000,1,8,9
56,"Belgium",4,"Median","0",2001,297,222,519
56,"Belgium",4,"Median","1",2001,23,28,51
56,"Belgium",4,"Median","2",2001,23,19,42
56,"Belgium",4,"Median","3",2001,19,8,27
56,"Belgium",4,"Median","4",2001,14,10,23
56,"Belgium",4,"Median","5",2001,10,9,19
56,"Belgium",4,"Median","6",2001,12,7,19
56,"Belgium",4,"Median","7",2001,11,16,27
56,"Belgium",4,"Median","8",2001,15,6,21
56,"Belgium",4,"Median","9",2001,7,6,13
56,"Belgium",4,"Median","10",2001,11,7,18
56,"Belgium",4,"Median","11",2001,8,8,16
56,"Belgium",4,"Median","12",2001,5,9,14
56,"Belgium",4,"Median","13",2001,12,10,22
56,"Belgium",4,"Median","14",2001,22,7,29
56,"Belgium",4,"Median","15",2001,25,12,37
56,"Belgium",4,"Median","16",2001,43,20,63
56,"Belgium",4,"Median","17",2001,41,18,59
56,"Belgium",4,"Median","18",2001,46,22,68
56,"Belgium",4,"Median","19",2001,66,23,89
56,"Belgium",4,"Median","20",2001,72,21,93
56,"Belgium",4,"Median","21",2001,69,29,98
56,"Belgium",4,"Median","22",2001,89,21,110
56,"Belgium",4,"Median","23",2001,78,18,96
56,"Belgium",4,"Median","24",2001,70,21,91
56,"Belgium",4,"Median","25",2001,95,16,111
56,"Belgium",4,"Median","26",2001,66,26,92
56,"Belgium",4,"Median","27",2001,68,36,104
56,"Belgium",4,"Median","28",2001,86,29,115
56,"Belgium",4,"Median","29",2001,78,25,102
56,"Belgium",4,"Median","30",2001,90,38,128
56,"Belgium",4,"Median","31",2001,76,30,105
56,"Belgium",4,"Median","32",2001,92,40,132
56,"Belgium",4,"Median","33",2001,91,35,127
56,"Belgium",4,"Median","34",2001,109,46,155
56,"Belgium",4,"Median","35",2001,104,66,170
56,"Belgium",4,"Median","36",2001,104,65,169
56,"Belgium",4,"Median","37",2001,126,72,198
56,"Belgium",4,"Median","38",2001,136,57,192
56,"Belgium",4,"Median","39",2001,130,78,208
56,"Belgium",4,"Median","40",2001,155,90,245
56,"Belgium",4,"Median","41",2001,195,85,280
56,"Belgium",4,"Median","42",2001,213,107,320
56,"Belgium",4,"Median","43",2001,210,114,324
56,"Belgium",4,"Median","44",2001,220,132,352
56,"Belgium",4,"Median","45",2001,267,137,404
56,"Belgium",4,"Median","46",2001,269,146,415
56,"Belgium",4,"Median","47",2001,286,170,457
56,"Belgium",4,"Median","48",2001,345,157,502
56,"Belgium",4,"Median","49",2001,327,168,495
56,"Belgium",4,"Median","50",2001,361,190,551
56,"Belgium",4,"Median","51",2001,386,219,605
56,"Belgium",4,"Median","52",2001,402,216,618
56,"Belgium",4,"Median","53",2001,447,260,707
56,"Belgium",4,"Median","54",2001,462,253,715
56,"Belgium",4,"Median","55",2001,506,259,766
56,"Belgium",4,"Median","56",2001,486,269,755
56,"Belgium",4,"Median","57",2001,522,285,808
56,"Belgium",4,"Median","58",2001,487,244,731
56,"Belgium",4,"Median","59",2001,486,256,742
56,"Belgium",4,"Median","60",2001,522,275,797
56,"Belgium",4,"Median","61",2001,593,303,897
56,"Belgium",4,"Median","62",2001,728,374,1102
56,"Belgium",4,"Median","63",2001,698,361,1059
56,"Belgium",4,"Median","64",2001,866,399,1265
56,"Belgium",4,"Median","65",2001,861,410,1270
56,"Belgium",4,"Median","66",2001,903,541,1444
56,"Belgium",4,"Median","67",2001,1003,566,1569
56,"Belgium",4,"Median","68",2001,1180,628,1808
56,"Belgium",4,"Median","69",2001,1251,708,1959
56,"Belgium",4,"Median","70",2001,1374,785,2159
56,"Belgium",4,"Median","71",2001,1409,866,2275
56,"Belgium",4,"Median","72",2001,1476,943,2418
56,"Belgium",4,"Median","73",2001,1517,1001,2518
56,"Belgium",4,"Median","74",2001,1568,1130,2698
56,"Belgium",4,"Median","75",2001,1628,1232,2860
56,"Belgium",4,"Median","76",2001,1847,1412,3259
56,"Belgium",4,"Median","77",2001,1894,1570,3464
56,"Belgium",4,"Median","78",2001,1926,1589,3515
56,"Belgium",4,"Median","79",2001,1937,1823,3760
56,"Belgium",4,"Median","80",2001,1933,2054,3987
56,"Belgium",4,"Median","81",2001,1797,1870,3667
56,"Belgium",4,"Median","82",2001,1295,1511,2806
56,"Belgium",4,"Median","83",2001,992,1310,2302
56,"Belgium",4,"Median","84",2001,1070,1450,2519
56,"Belgium",4,"Median","85",2001,1278,1883,3161
56,"Belgium",4,"Median","86",2001,1278,2008,3285
56,"Belgium",4,"Median","87",2001,1339,2375,3714
56,"Belgium",4,"Median","88",2001,1173,2336,3508
56,"Belgium",4,"Median","89",2001,1053,2189,3243
56,"Belgium",4,"Median","90",2001,852,2075,2927
56,"Belgium",4,"Median","91",2001,675,1832,2507
56,"Belgium",4,"Median","92",2001,563,1586,2149
56,"Belgium",4,"Median","93",2001,438,1374,1812
56,"Belgium",4,"Median","94",2001,345,1163,1508
56,"Belgium",4,"Median","95",2001,248,918,1165
56,"Belgium",4,"Median","96",2001,180,717,898
56,"Belgium",4,"Median","97",2001,123,530,653
56,"Belgium",4,"Median","98",2001,80,376,456
56,"Belgium",4,"Median","99",2001,51,259,310
56,"Belgium",4,"Median","100",2001,21,89,110
56,"Belgium",4,"Median","101",2001,15,71,86
56,"Belgium",4,"Median","102",2001,11,57,68
56,"Belgium",4,"Median","103",2001,8,45,53
56,"Belgium",4,"Median","104",2001,6,36,42
56,"Belgium",4,"Median","105",2001,4,29,33
56,"Belgium",4,"Median","106",2001,3,23,26
56,"Belgium",4,"Median","107",2001,2,18,20
56,"Belgium",4,"Median","108",2001,2,14,16
56,"Belgium",4,"Median","109",2001,1,12,13
56,"Belgium",4,"Median","110",2001,1,9,10
56,"Belgium",4,"Median","0",2002,288,204,492
56,"Belgium",4,"Median","1",2002,30,23,53
56,"Belgium",4,"Median","2",2002,16,11,27
56,"Belgium",4,"Median","3",2002,19,8,27
56,"Belgium",4,"Median","4",2002,9,11,20
56,"Belgium",4,"Median","5",2002,13,11,24
56,"Belgium",4,"Median","6",2002,9,3,12
56,"Belgium",4,"Median","7",2002,7,7,14
56,"Belgium",4,"Median","8",2002,15,5,20
56,"Belgium",4,"Median","9",2002,9,8,17
56,"Belgium",4,"Median","10",2002,7,5,12
56,"Belgium",4,"Median","11",2002,9,5,14
56,"Belgium",4,"Median","12",2002,7,13,20
56,"Belgium",4,"Median","13",2002,16,10,26
56,"Belgium",4,"Median","14",2002,7,9,16
56,"Belgium",4,"Median","15",2002,13,11,24
56,"Belgium",4,"Median","16",2002,36,9,45
56,"Belgium",4,"Median","17",2002,35,8,43
56,"Belgium",4,"Median","18",2002,57,24,81
56,"Belgium",4,"Median","19",2002,59,30,89
56,"Belgium",4,"Median","20",2002,65,13,78
56,"Belgium",4,"Median","21",2002,55,20,74
56,"Belgium",4,"Median","22",2002,81,22,103
56,"Belgium",4,"Median","23",2002,71,24,95
56,"Belgium",4,"Median","24",2002,73,23,96
56,"Belgium",4,"Median","25",2002,66,29,95
56,"Belgium",4,"Median","26",2002,59,28,87
56,"Belgium",4,"Median","27",2002,77,23,100
56,"Belgium",4,"Median","28",2002,77,23,100
56,"Belgium",4,"Median","29",2002,80,34,114
56,"Belgium",4,"Median","30",2002,70,24,94
56,"Belgium",4,"Median","31",2002,98,33,131
56,"Belgium",4,"Median","32",2002,71,38,109
56,"Belgium",4,"Median","33",2002,72,35,107
56,"Belgium",4,"Median","34",2002,93,59,153
56,"Belgium",4,"Median","35",2002,97,51,148
56,"Belgium",4,"Median","36",2002,104,58,162
56,"Belgium",4,"Median","37",2002,125,55,179
56,"Belgium",4,"Median","38",2002,140,63,203
56,"Belgium",4,"Median","39",2002,143,83,227
56,"Belgium",4,"Median","40",2002,156,80,236
56,"Belgium",4,"Median","41",2002,146,94,240
56,"Belgium",4,"Median","42",2002,188,93,281
56,"Belgium",4,"Median","43",2002,203,118,321
56,"Belgium",4,"Median","44",2002,211,109,320
56,"Belgium",4,"Median","45",2002,263,114,376
56,"Belgium",4,"Median","46",2002,271,147,419
56,"Belgium",4,"Median","47",2002,293,163,456
56,"Belgium",4,"Median","48",2002,310,159,469
56,"Belgium",4,"Median","49",2002,325,193,518
56,"Belgium",4,"Median","50",2002,361,195,556
56,"Belgium",4,"Median","51",2002,391,205,596
56,"Belgium",4,"Median","52",2002,401,254,655
56,"Belgium",4,"Median","53",2002,424,239,664
56,"Belgium",4,"Median","54",2002,485,279,764
56,"Belgium",4,"Median","55",2002,514,302,816
56,"Belgium",4,"Median","56",2002,551,281,832
56,"Belgium",4,"Median","57",2002,521,286,807
56,"Belgium",4,"Median","58",2002,549,268,817
56,"Belgium",4,"Median","59",2002,539,270,810
56,"Belgium",4,"Median","60",2002,521,263,785
56,"Belgium",4,"Median","61",2002,592,331,923
56,"Belgium",4,"Median","62",2002,689,340,1029
56,"Belgium",4,"Median","63",2002,706,402,1108
56,"Belgium",4,"Median","64",2002,787,431,1218
56,"Belgium",4,"Median","65",2002,859,452,1311
56,"Belgium",4,"Median","66",2002,941,510,1451
56,"Belgium",4,"Median","67",2002,965,519,1484
56,"Belgium",4,"Median","68",2002,1111,599,1710
56,"Belgium",4,"Median","69",2002,1260,718,1978
56,"Belgium",4,"Median","70",2002,1349,754,2102
56,"Belgium",4,"Median","71",2002,1377,856,2233
56,"Belgium",4,"Median","72",2002,1494,909,2403
56,"Belgium",4,"Median","73",2002,1545,977,2522
56,"Belgium",4,"Median","74",2002,1628,1124,2752
56,"Belgium",4,"Median","75",2002,1783,1193,2975
56,"Belgium",4,"Median","76",2002,1836,1394,3230
56,"Belgium",4,"Median","77",2002,1951,1581,3533
56,"Belgium",4,"Median","78",2002,2012,1639,3652
56,"Belgium",4,"Median","79",2002,1946,1768,3714
56,"Belgium",4,"Median","80",2002,2040,1936,3976
56,"Belgium",4,"Median","81",2002,2004,2199,4204
56,"Belgium",4,"Median","82",2002,1818,2095,3913
56,"Belgium",4,"Median","83",2002,1278,1680,2957
56,"Belgium",4,"Median","84",2002,957,1398,2355
56,"Belgium",4,"Median","85",2002,982,1512,2494
56,"Belgium",4,"Median","86",2002,1221,1973,3194
56,"Belgium",4,"Median","87",2002,1191,2178,3369
56,"Belgium",4,"Median","88",2002,1206,2418,3624
56,"Belgium",4,"Median","89",2002,1102,2269,3370
56,"Belgium",4,"Median","90",2002,931,2067,2998
56,"Belgium",4,"Median","91",2002,721,1970,2691
56,"Belgium",4,"Median","92",2002,578,1712,2290
56,"Belgium",4,"Median","93",2002,451,1518,1970
56,"Belgium",4,"Median","94",2002,368,1247,1615
56,"Belgium",4,"Median","95",2002,255,1009,1264
56,"Belgium",4,"Median","96",2002,186,774,960
56,"Belgium",4,"Median","97",2002,131,585,716
56,"Belgium",4,"Median","98",2002,86,417,504
56,"Belgium",4,"Median","99",2002,54,285,339
56,"Belgium",4,"Median","100",2002,22,99,121
56,"Belgium",4,"Median","101",2002,16,79,95
56,"Belgium",4,"Median","102",2002,12,64,76
56,"Belgium",4,"Median","103",2002,9,51,60
56,"Belgium",4,"Median","104",2002,6,41,47
56,"Belgium",4,"Median","105",2002,5,33,38
56,"Belgium",4,"Median","106",2002,3,26,29
56,"Belgium",4,"Median","107",2002,3,21,24
56,"Belgium",4,"Median","108",2002,2,17,19
56,"Belgium",4,"Median","109",2002,1,14,15
56,"Belgium",4,"Median","110",2002,1,11,12
56,"Belgium",4,"Median","0",2003,272,195,466
56,"Belgium",4,"Median","1",2003,25,27,52
56,"Belgium",4,"Median","2",2003,16,17,33
56,"Belgium",4,"Median","3",2003,13,9,22
56,"Belgium",4,"Median","4",2003,7,9,16
56,"Belgium",4,"Median","5",2003,10,6,16
56,"Belgium",4,"Median","6",2003,9,8,17
56,"Belgium",4,"Median","7",2003,5,4,9
56,"Belgium",4,"Median","8",2003,4,3,7
56,"Belgium",4,"Median","9",2003,5,4,9
56,"Belgium",4,"Median","10",2003,6,2,8
56,"Belgium",4,"Median","11",2003,6,7,13
56,"Belgium",4,"Median","12",2003,13,5,18
56,"Belgium",4,"Median","13",2003,11,14,25
56,"Belgium",4,"Median","14",2003,20,7,27
56,"Belgium",4,"Median","15",2003,20,5,25
56,"Belgium",4,"Median","16",2003,17,14,31
56,"Belgium",4,"Median","17",2003,37,9,46
56,"Belgium",4,"Median","18",2003,53,21,74
56,"Belgium",4,"Median","19",2003,58,19,77
56,"Belgium",4,"Median","20",2003,66,22,88
56,"Belgium",4,"Median","21",2003,80,20,100
56,"Belgium",4,"Median","22",2003,86,18,104
56,"Belgium",4,"Median","23",2003,54,29,83
56,"Belgium",4,"Median","24",2003,49,23,72
56,"Belgium",4,"Median","25",2003,87,27,114
56,"Belgium",4,"Median","26",2003,67,27,94
56,"Belgium",4,"Median","27",2003,70,19,89
56,"Belgium",4,"Median","28",2003,73,29,102
56,"Belgium",4,"Median","29",2003,61,30,91
56,"Belgium",4,"Median","30",2003,65,37,102
56,"Belgium",4,"Median","31",2003,78,24,102
56,"Belgium",4,"Median","32",2003,78,31,108
56,"Belgium",4,"Median","33",2003,65,35,100
56,"Belgium",4,"Median","34",2003,85,39,124
56,"Belgium",4,"Median","35",2003,110,38,148
56,"Belgium",4,"Median","36",2003,102,53,155
56,"Belgium",4,"Median","37",2003,112,59,170
56,"Belgium",4,"Median","38",2003,135,57,192
56,"Belgium",4,"Median","39",2003,138,67,205
56,"Belgium",4,"Median","40",2003,150,76,227
56,"Belgium",4,"Median","41",2003,149,81,230
56,"Belgium",4,"Median","42",2003,185,101,286
56,"Belgium",4,"Median","43",2003,203,110,313
56,"Belgium",4,"Median","44",2003,200,113,312
56,"Belgium",4,"Median","45",2003,223,148,371
56,"Belgium",4,"Median","46",2003,254,134,388
56,"Belgium",4,"Median","47",2003,298,157,455
56,"Belgium",4,"Median","48",2003,290,168,458
56,"Belgium",4,"Median","49",2003,350,161,511
56,"Belgium",4,"Median","50",2003,396,198,595
56,"Belgium",4,"Median","51",2003,377,225,602
56,"Belgium",4,"Median","52",2003,382,232,614
56,"Belgium",4,"Median","53",2003,450,214,664
56,"Belgium",4,"Median","54",2003,432,252,685
56,"Belgium",4,"Median","55",2003,522,289,812
56,"Belgium",4,"Median","56",2003,584,292,876
56,"Belgium",4,"Median","57",2003,591,282,873
56,"Belgium",4,"Median","58",2003,571,320,891
56,"Belgium",4,"Median","59",2003,553,323,877
56,"Belgium",4,"Median","60",2003,589,326,915
56,"Belgium",4,"Median","61",2003,551,322,873
56,"Belgium",4,"Median","62",2003,588,302,891
56,"Belgium",4,"Median","63",2003,693,374,1067
56,"Belgium",4,"Median","64",2003,751,435,1186
56,"Belgium",4,"Median","65",2003,817,444,1261
56,"Belgium",4,"Median","66",2003,850,463,1312
56,"Belgium",4,"Median","67",2003,946,553,1498
56,"Belgium",4,"Median","68",2003,1081,616,1697
56,"Belgium",4,"Median","69",2003,1115,622,1738
56,"Belgium",4,"Median","70",2003,1288,764,2053
56,"Belgium",4,"Median","71",2003,1389,831,2220
56,"Belgium",4,"Median","72",2003,1508,919,2428
56,"Belgium",4,"Median","73",2003,1565,1061,2626
56,"Belgium",4,"Median","74",2003,1623,1104,2727
56,"Belgium",4,"Median","75",2003,1664,1203,2867
56,"Belgium",4,"Median","76",2003,1831,1417,3248
56,"Belgium",4,"Median","77",2003,1916,1508,3424
56,"Belgium",4,"Median","78",2003,1909,1778,3687
56,"Belgium",4,"Median","79",2003,2010,1812,3822
56,"Belgium",4,"Median","80",2003,2034,2036,4070
56,"Belgium",4,"Median","81",2003,2022,2213,4234
56,"Belgium",4,"Median","82",2003,2034,2337,4370
56,"Belgium",4,"Median","83",2003,1833,2271,4103
56,"Belgium",4,"Median","84",2003,1254,1785,3039
56,"Belgium",4,"Median","85",2003,912,1430,2342
56,"Belgium",4,"Median","86",2003,1004,1661,2665
56,"Belgium",4,"Median","87",2003,1177,2064,3241
56,"Belgium",4,"Median","88",2003,1035,2118,3153
56,"Belgium",4,"Median","89",2003,1085,2318,3404
56,"Belgium",4,"Median","90",2003,1025,2207,3233
56,"Belgium",4,"Median","91",2003,738,2017,2755
56,"Belgium",4,"Median","92",2003,660,1725,2386
56,"Belgium",4,"Median","93",2003,494,1506,2000
56,"Belgium",4,"Median","94",2003,395,1298,1693
56,"Belgium",4,"Median","95",2003,271,1057,1328
56,"Belgium",4,"Median","96",2003,195,814,1009
56,"Belgium",4,"Median","97",2003,137,602,739
56,"Belgium",4,"Median","98",2003,93,437,531
56,"Belgium",4,"Median","99",2003,59,300,359
56,"Belgium",4,"Median","100",2003,23,104,127
56,"Belgium",4,"Median","101",2003,17,84,101
56,"Belgium",4,"Median","102",2003,12,67,79
56,"Belgium",4,"Median","103",2003,9,54,63
56,"Belgium",4,"Median","104",2003,7,43,50
56,"Belgium",4,"Median","105",2003,5,35,40
56,"Belgium",4,"Median","106",2003,4,28,32
56,"Belgium",4,"Median","107",2003,3,23,26
56,"Belgium",4,"Median","108",2003,2,18,20
56,"Belgium",4,"Median","109",2003,1,15,16
56,"Belgium",4,"Median","110",2003,1,12,13
56,"Belgium",4,"Median","0",2004,242,202,444
56,"Belgium",4,"Median","1",2004,17,19,36
56,"Belgium",4,"Median","2",2004,14,14,28
56,"Belgium",4,"Median","3",2004,12,6,18
56,"Belgium",4,"Median","4",2004,11,6,17
56,"Belgium",4,"Median","5",2004,2,5,7
56,"Belgium",4,"Median","6",2004,4,7,11
56,"Belgium",4,"Median","7",2004,10,1,11
56,"Belgium",4,"Median","8",2004,9,8,17
56,"Belgium",4,"Median","9",2004,5,4,9
56,"Belgium",4,"Median","10",2004,3,5,8
56,"Belgium",4,"Median","11",2004,5,5,10
56,"Belgium",4,"Median","12",2004,10,5,15
56,"Belgium",4,"Median","13",2004,6,8,14
56,"Belgium",4,"Median","14",2004,13,12,25
56,"Belgium",4,"Median","15",2004,21,7,28
56,"Belgium",4,"Median","16",2004,27,14,41
56,"Belgium",4,"Median","17",2004,32,15,47
56,"Belgium",4,"Median","18",2004,46,19,65
56,"Belgium",4,"Median","19",2004,61,11,71
56,"Belgium",4,"Median","20",2004,71,11,82
56,"Belgium",4,"Median","21",2004,62,13,75
56,"Belgium",4,"Median","22",2004,68,20,88
56,"Belgium",4,"Median","23",2004,67,30,98
56,"Belgium",4,"Median","24",2004,66,15,81
56,"Belgium",4,"Median","25",2004,70,27,97
56,"Belgium",4,"Median","26",2004,58,22,80
56,"Belgium",4,"Median","27",2004,83,23,106
56,"Belgium",4,"Median","28",2004,56,13,69
56,"Belgium",4,"Median","29",2004,72,31,103
56,"Belgium",4,"Median","30",2004,64,27,91
56,"Belgium",4,"Median","31",2004,84,28,112
56,"Belgium",4,"Median","32",2004,76,38,114
56,"Belgium",4,"Median","33",2004,76,32,108
56,"Belgium",4,"Median","34",2004,82,32,114
56,"Belgium",4,"Median","35",2004,85,49,134
56,"Belgium",4,"Median","36",2004,72,41,113
56,"Belgium",4,"Median","37",2004,81,65,146
56,"Belgium",4,"Median","38",2004,98,61,159
56,"Belgium",4,"Median","39",2004,142,82,224
56,"Belgium",4,"Median","40",2004,148,78,225
56,"Belgium",4,"Median","41",2004,154,80,234
56,"Belgium",4,"Median","42",2004,188,97,285
56,"Belgium",4,"Median","43",2004,182,95,276
56,"Belgium",4,"Median","44",2004,210,118,328
56,"Belgium",4,"Median","45",2004,219,111,331
56,"Belgium",4,"Median","46",2004,242,137,379
56,"Belgium",4,"Median","47",2004,271,134,405
56,"Belgium",4,"Median","48",2004,295,167,462
56,"Belgium",4,"Median","49",2004,323,190,513
56,"Belgium",4,"Median","50",2004,321,200,521
56,"Belgium",4,"Median","51",2004,404,209,613
56,"Belgium",4,"Median","52",2004,369,241,610
56,"Belgium",4,"Median","53",2004,422,244,667
56,"Belgium",4,"Median","54",2004,480,265,745
56,"Belgium",4,"Median","55",2004,467,265,733
56,"Belgium",4,"Median","56",2004,533,285,818
56,"Belgium",4,"Median","57",2004,591,300,891
56,"Belgium",4,"Median","58",2004,565,288,853
56,"Belgium",4,"Median","59",2004,562,297,859
56,"Belgium",4,"Median","60",2004,600,331,931
56,"Belgium",4,"Median","61",2004,599,322,921
56,"Belgium",4,"Median","62",2004,555,279,834
56,"Belgium",4,"Median","63",2004,632,299,932
56,"Belgium",4,"Median","64",2004,765,370,1135
56,"Belgium",4,"Median","65",2004,796,444,1241
56,"Belgium",4,"Median","66",2004,896,441,1337
56,"Belgium",4,"Median","67",2004,829,512,1340
56,"Belgium",4,"Median","68",2004,965,513,1478
56,"Belgium",4,"Median","69",2004,1045,594,1639
56,"Belgium",4,"Median","70",2004,1144,629,1773
56,"Belgium",4,"Median","71",2004,1249,778,2027
56,"Belgium",4,"Median","72",2004,1387,894,2281
56,"Belgium",4,"Median","73",2004,1588,995,2583
56,"Belgium",4,"Median","74",2004,1603,1031,2634
56,"Belgium",4,"Median","75",2004,1725,1130,2855
56,"Belgium",4,"Median","76",2004,1674,1330,3004
56,"Belgium",4,"Median","77",2004,1791,1416,3208
56,"Belgium",4,"Median","78",2004,1854,1584,3438
56,"Belgium",4,"Median","79",2004,1969,1723,3692
56,"Belgium",4,"Median","80",2004,1953,1896,3849
56,"Belgium",4,"Median","81",2004,1982,2051,4032
56,"Belgium",4,"Median","82",2004,1903,2229,4133
56,"Belgium",4,"Median","83",2004,1874,2421,4296
56,"Belgium",4,"Median","84",2004,1661,2158,3819
56,"Belgium",4,"Median","85",2004,1202,1601,2804
56,"Belgium",4,"Median","86",2004,832,1402,2234
56,"Belgium",4,"Median","87",2004,882,1529,2411
56,"Belgium",4,"Median","88",2004,1003,1801,2804
56,"Belgium",4,"Median","89",2004,923,1993,2917
56,"Belgium",4,"Median","90",2004,918,2078,2997
56,"Belgium",4,"Median","91",2004,769,1885,2653
56,"Belgium",4,"Median","92",2004,631,1676,2307
56,"Belgium",4,"Median","93",2004,472,1442,1913
56,"Belgium",4,"Median","94",2004,342,1176,1518
56,"Belgium",4,"Median","95",2004,255,983,1237
56,"Belgium",4,"Median","96",2004,177,786,964
56,"Belgium",4,"Median","97",2004,123,585,708
56,"Belgium",4,"Median","98",2004,83,417,500
56,"Belgium",4,"Median","99",2004,54,292,347
56,"Belgium",4,"Median","100",2004,21,102,123
56,"Belgium",4,"Median","101",2004,16,82,98
56,"Belgium",4,"Median","102",2004,11,66,77
56,"Belgium",4,"Median","103",2004,8,53,61
56,"Belgium",4,"Median","104",2004,6,43,49
56,"Belgium",4,"Median","105",2004,4,35,39
56,"Belgium",4,"Median","106",2004,3,28,31
56,"Belgium",4,"Median","107",2004,2,23,25
56,"Belgium",4,"Median","108",2004,2,18,20
56,"Belgium",4,"Median","109",2004,1,15,16
56,"Belgium",4,"Median","110",2004,1,12,13
56,"Belgium",4,"Median","0",2005,247,195,442
56,"Belgium",4,"Median","1",2005,33,14,47
56,"Belgium",4,"Median","2",2005,16,18,34
56,"Belgium",4,"Median","3",2005,16,11,27
56,"Belgium",4,"Median","4",2005,5,7,12
56,"Belgium",4,"Median","5",2005,6,11,17
56,"Belgium",4,"Median","6",2005,5,5,10
56,"Belgium",4,"Median","7",2005,9,7,16
56,"Belgium",4,"Median","8",2005,11,11,22
56,"Belgium",4,"Median","9",2005,9,3,12
56,"Belgium",4,"Median","10",2005,3,4,7
56,"Belgium",4,"Median","11",2005,10,4,14
56,"Belgium",4,"Median","12",2005,15,5,20
56,"Belgium",4,"Median","13",2005,8,7,15
56,"Belgium",4,"Median","14",2005,15,9,24
56,"Belgium",4,"Median","15",2005,16,5,21
56,"Belgium",4,"Median","16",2005,28,10,38
56,"Belgium",4,"Median","17",2005,22,14,36
56,"Belgium",4,"Median","18",2005,41,15,56
56,"Belgium",4,"Median","19",2005,58,20,78
56,"Belgium",4,"Median","20",2005,56,16,72
56,"Belgium",4,"Median","21",2005,51,14,65
56,"Belgium",4,"Median","22",2005,55,14,69
56,"Belgium",4,"Median","23",2005,60,13,73
56,"Belgium",4,"Median","24",2005,54,18,72
56,"Belgium",4,"Median","25",2005,63,14,77
56,"Belgium",4,"Median","26",2005,62,21,83
56,"Belgium",4,"Median","27",2005,61,15,76
56,"Belgium",4,"Median","28",2005,66,23,89
56,"Belgium",4,"Median","29",2005,60,27,87
56,"Belgium",4,"Median","30",2005,72,26,99
56,"Belgium",4,"Median","31",2005,56,31,87
56,"Belgium",4,"Median","32",2005,73,39,113
56,"Belgium",4,"Median","33",2005,69,38,107
56,"Belgium",4,"Median","34",2005,79,39,118
56,"Belgium",4,"Median","35",2005,86,39,125
56,"Belgium",4,"Median","36",2005,94,50,144
56,"Belgium",4,"Median","37",2005,96,63,160
56,"Belgium",4,"Median","38",2005,94,56,150
56,"Belgium",4,"Median","39",2005,119,64,183
56,"Belgium",4,"Median","40",2005,173,82,255
56,"Belgium",4,"Median","41",2005,157,89,246
56,"Belgium",4,"Median","42",2005,150,100,250
56,"Belgium",4,"Median","43",2005,178,91,269
56,"Belgium",4,"Median","44",2005,215,123,338
56,"Belgium",4,"Median","45",2005,234,128,362
56,"Belgium",4,"Median","46",2005,239,156,395
56,"Belgium",4,"Median","47",2005,277,139,416
56,"Belgium",4,"Median","48",2005,291,165,455
56,"Belgium",4,"Median","49",2005,298,180,478
56,"Belgium",4,"Median","50",2005,347,206,553
56,"Belgium",4,"Median","51",2005,335,213,549
56,"Belgium",4,"Median","52",2005,372,238,611
56,"Belgium",4,"Median","53",2005,397,246,643
56,"Belgium",4,"Median","54",2005,457,248,705
56,"Belgium",4,"Median","55",2005,505,263,769
56,"Belgium",4,"Median","56",2005,543,276,819
56,"Belgium",4,"Median","57",2005,547,313,859
56,"Belgium",4,"Median","58",2005,660,296,956
56,"Belgium",4,"Median","59",2005,648,318,965
56,"Belgium",4,"Median","60",2005,627,333,960
56,"Belgium",4,"Median","61",2005,658,354,1012
56,"Belgium",4,"Median","62",2005,659,326,986
56,"Belgium",4,"Median","63",2005,618,324,942
56,"Belgium",4,"Median","64",2005,650,375,1025
56,"Belgium",4,"Median","65",2005,755,417,1171
56,"Belgium",4,"Median","66",2005,839,461,1300
56,"Belgium",4,"Median","67",2005,932,489,1420
56,"Belgium",4,"Median","68",2005,940,568,1508
56,"Belgium",4,"Median","69",2005,1029,611,1640
56,"Belgium",4,"Median","70",2005,1113,678,1791
56,"Belgium",4,"Median","71",2005,1233,760,1993
56,"Belgium",4,"Median","72",2005,1453,787,2240
56,"Belgium",4,"Median","73",2005,1457,998,2455
56,"Belgium",4,"Median","74",2005,1597,1081,2678
56,"Belgium",4,"Median","75",2005,1589,1206,2795
56,"Belgium",4,"Median","76",2005,1654,1205,2859
56,"Belgium",4,"Median","77",2005,1746,1317,3063
56,"Belgium",4,"Median","78",2005,1812,1531,3343
56,"Belgium",4,"Median","79",2005,1959,1696,3655
56,"Belgium",4,"Median","80",2005,1965,1862,3828
56,"Belgium",4,"Median","81",2005,1963,2078,4041
56,"Belgium",4,"Median","82",2005,1884,2177,4061
56,"Belgium",4,"Median","83",2005,1895,2332,4227
56,"Belgium",4,"Median","84",2005,1985,2455,4440
56,"Belgium",4,"Median","85",2005,1547,2292,3839
56,"Belgium",4,"Median","86",2005,1179,1758,2937
56,"Belgium",4,"Median","87",2005,827,1470,2298
56,"Belgium",4,"Median","88",2005,782,1479,2261
56,"Belgium",4,"Median","89",2005,851,1886,2737
56,"Belgium",4,"Median","90",2005,838,1851,2689
56,"Belgium",4,"Median","91",2005,812,2033,2845
56,"Belgium",4,"Median","92",2005,657,1701,2358
56,"Belgium",4,"Median","93",2005,526,1499,2026
56,"Belgium",4,"Median","94",2005,347,1193,1540
56,"Belgium",4,"Median","95",2005,278,1006,1285
56,"Belgium",4,"Median","96",2005,191,793,985
56,"Belgium",4,"Median","97",2005,129,611,740
56,"Belgium",4,"Median","98",2005,86,437,524
56,"Belgium",4,"Median","99",2005,56,300,356
56,"Belgium",4,"Median","100",2005,22,105,127
56,"Belgium",4,"Median","101",2005,16,85,101
56,"Belgium",4,"Median","102",2005,12,69,81
56,"Belgium",4,"Median","103",2005,9,56,65
56,"Belgium",4,"Median","104",2005,6,45,51
56,"Belgium",4,"Median","105",2005,5,37,42
56,"Belgium",4,"Median","106",2005,3,30,33
56,"Belgium",4,"Median","107",2005,3,24,27
56,"Belgium",4,"Median","108",2005,2,20,22
56,"Belgium",4,"Median","109",2005,1,16,17
56,"Belgium",4,"Median","110",2005,1,13,14
56,"Belgium",4,"Median","0",2006,270,221,491
56,"Belgium",4,"Median","1",2006,27,20,47
56,"Belgium",4,"Median","2",2006,19,10,29
56,"Belgium",4,"Median","3",2006,8,13,21
56,"Belgium",4,"Median","4",2006,8,4,12
56,"Belgium",4,"Median","5",2006,6,6,12
56,"Belgium",4,"Median","6",2006,10,6,16
56,"Belgium",4,"Median","7",2006,9,6,15
56,"Belgium",4,"Median","8",2006,7,8,15
56,"Belgium",4,"Median","9",2006,4,2,5
56,"Belgium",4,"Median","10",2006,4,2,6
56,"Belgium",4,"Median","11",2006,10,4,14
56,"Belgium",4,"Median","12",2006,10,7,17
56,"Belgium",4,"Median","13",2006,10,9,19
56,"Belgium",4,"Median","14",2006,7,10,17
56,"Belgium",4,"Median","15",2006,13,10,23
56,"Belgium",4,"Median","16",2006,22,12,34
56,"Belgium",4,"Median","17",2006,21,12,33
56,"Belgium",4,"Median","18",2006,47,15,61
56,"Belgium",4,"Median","19",2006,44,27,71
56,"Belgium",4,"Median","20",2006,54,14,68
56,"Belgium",4,"Median","21",2006,56,12,68
56,"Belgium",4,"Median","22",2006,66,12,77
56,"Belgium",4,"Median","23",2006,59,13,71
56,"Belgium",4,"Median","24",2006,50,20,69
56,"Belgium",4,"Median","25",2006,73,21,95
56,"Belgium",4,"Median","26",2006,63,23,86
56,"Belgium",4,"Median","27",2006,64,19,83
56,"Belgium",4,"Median","28",2006,57,22,79
56,"Belgium",4,"Median","29",2006,48,32,79
56,"Belgium",4,"Median","30",2006,56,27,82
56,"Belgium",4,"Median","31",2006,62,31,93
56,"Belgium",4,"Median","32",2006,81,46,127
56,"Belgium",4,"Median","33",2006,89,29,118
56,"Belgium",4,"Median","34",2006,91,31,122
56,"Belgium",4,"Median","35",2006,89,42,131
56,"Belgium",4,"Median","36",2006,90,45,135
56,"Belgium",4,"Median","37",2006,119,57,176
56,"Belgium",4,"Median","38",2006,104,56,159
56,"Belgium",4,"Median","39",2006,129,65,194
56,"Belgium",4,"Median","40",2006,123,73,195
56,"Belgium",4,"Median","41",2006,145,72,216
56,"Belgium",4,"Median","42",2006,166,92,258
56,"Belgium",4,"Median","43",2006,180,95,275
56,"Belgium",4,"Median","44",2006,210,121,331
56,"Belgium",4,"Median","45",2006,257,118,375
56,"Belgium",4,"Median","46",2006,222,136,358
56,"Belgium",4,"Median","47",2006,268,163,431
56,"Belgium",4,"Median","48",2006,289,173,462
56,"Belgium",4,"Median","49",2006,294,158,452
56,"Belgium",4,"Median","50",2006,323,210,533
56,"Belgium",4,"Median","51",2006,335,211,546
56,"Belgium",4,"Median","52",2006,362,212,574
56,"Belgium",4,"Median","53",2006,427,246,673
56,"Belgium",4,"Median","54",2006,440,245,685
56,"Belgium",4,"Median","55",2006,484,279,763
56,"Belgium",4,"Median","56",2006,463,256,719
56,"Belgium",4,"Median","57",2006,512,306,818
56,"Belgium",4,"Median","58",2006,600,343,943
56,"Belgium",4,"Median","59",2006,699,312,1011
56,"Belgium",4,"Median","60",2006,696,351,1047
56,"Belgium",4,"Median","61",2006,634,346,979
56,"Belgium",4,"Median","62",2006,720,377,1097
56,"Belgium",4,"Median","63",2006,665,336,1001
56,"Belgium",4,"Median","64",2006,627,318,945
56,"Belgium",4,"Median","65",2006,691,414,1105
56,"Belgium",4,"Median","66",2006,827,414,1240
56,"Belgium",4,"Median","67",2006,871,485,1356
56,"Belgium",4,"Median","68",2006,911,553,1464
56,"Belgium",4,"Median","69",2006,989,554,1543
56,"Belgium",4,"Median","70",2006,1031,650,1681
56,"Belgium",4,"Median","71",2006,1187,648,1834
56,"Belgium",4,"Median","72",2006,1232,780,2012
56,"Belgium",4,"Median","73",2006,1364,880,2245
56,"Belgium",4,"Median","74",2006,1491,1008,2499
56,"Belgium",4,"Median","75",2006,1623,1174,2797
56,"Belgium",4,"Median","76",2006,1701,1220,2921
56,"Belgium",4,"Median","77",2006,1683,1317,3000
56,"Belgium",4,"Median","78",2006,1795,1502,3297
56,"Belgium",4,"Median","79",2006,1831,1689,3520
56,"Belgium",4,"Median","80",2006,1938,1808,3746
56,"Belgium",4,"Median","81",2006,1893,1938,3830
56,"Belgium",4,"Median","82",2006,1965,2155,4121
56,"Belgium",4,"Median","83",2006,1879,2290,4170
56,"Belgium",4,"Median","84",2006,1847,2366,4214
56,"Belgium",4,"Median","85",2006,1823,2521,4344
56,"Belgium",4,"Median","86",2006,1445,2323,3768
56,"Belgium",4,"Median","87",2006,985,1743,2729
56,"Belgium",4,"Median","88",2006,743,1332,2074
56,"Belgium",4,"Median","89",2006,665,1485,2150
56,"Belgium",4,"Median","90",2006,759,1602,2361
56,"Belgium",4,"Median","91",2006,739,1630,2369
56,"Belgium",4,"Median","92",2006,693,1693,2386
56,"Belgium",4,"Median","93",2006,493,1508,2001
56,"Belgium",4,"Median","94",2006,359,1228,1588
56,"Belgium",4,"Median","95",2006,278,998,1276
56,"Belgium",4,"Median","96",2006,199,786,985
56,"Belgium",4,"Median","97",2006,132,599,732
56,"Belgium",4,"Median","98",2006,86,446,532
56,"Belgium",4,"Median","99",2006,56,308,363
56,"Belgium",4,"Median","100",2006,22,101,123
56,"Belgium",4,"Median","101",2006,16,84,100
56,"Belgium",4,"Median","102",2006,12,69,81
56,"Belgium",4,"Median","103",2006,9,57,66
56,"Belgium",4,"Median","104",2006,7,47,54
56,"Belgium",4,"Median","105",2006,5,39,44
56,"Belgium",4,"Median","106",2006,4,32,36
56,"Belgium",4,"Median","107",2006,3,27,30
56,"Belgium",4,"Median","108",2006,2,22,24
56,"Belgium",4,"Median","109",2006,1,18,19
56,"Belgium",4,"Median","110",2006,1,15,16
56,"Belgium",4,"Median","0",2007,294,205,499
56,"Belgium",4,"Median","1",2007,27,23,50
56,"Belgium",4,"Median","2",2007,17,12,29
56,"Belgium",4,"Median","3",2007,13,7,20
56,"Belgium",4,"Median","4",2007,7,2,9
56,"Belgium",4,"Median","5",2007,9,2,11
56,"Belgium",4,"Median","6",2007,5,5,10
56,"Belgium",4,"Median","7",2007,5,6,11
56,"Belgium",4,"Median","8",2007,6,5,11
56,"Belgium",4,"Median","9",2007,5,6,11
56,"Belgium",4,"Median","10",2007,6,5,11
56,"Belgium",4,"Median","11",2007,8,5,13
56,"Belgium",4,"Median","12",2007,9,12,21
56,"Belgium",4,"Median","13",2007,12,8,20
56,"Belgium",4,"Median","14",2007,13,10,23
56,"Belgium",4,"Median","15",2007,20,7,27
56,"Belgium",4,"Median","16",2007,27,17,43
56,"Belgium",4,"Median","17",2007,33,11,44
56,"Belgium",4,"Median","18",2007,35,21,56
56,"Belgium",4,"Median","19",2007,61,22,82
56,"Belgium",4,"Median","20",2007,61,19,80
56,"Belgium",4,"Median","21",2007,60,15,75
56,"Belgium",4,"Median","22",2007,70,18,88
56,"Belgium",4,"Median","23",2007,62,21,83
56,"Belgium",4,"Median","24",2007,46,19,64
56,"Belgium",4,"Median","25",2007,54,20,74
56,"Belgium",4,"Median","26",2007,57,26,82
56,"Belgium",4,"Median","27",2007,64,17,81
56,"Belgium",4,"Median","28",2007,57,16,73
56,"Belgium",4,"Median","29",2007,53,31,84
56,"Belgium",4,"Median","30",2007,73,26,99
56,"Belgium",4,"Median","31",2007,69,27,96
56,"Belgium",4,"Median","32",2007,75,41,115
56,"Belgium",4,"Median","33",2007,63,34,96
56,"Belgium",4,"Median","34",2007,87,34,120
56,"Belgium",4,"Median","35",2007,81,42,123
56,"Belgium",4,"Median","36",2007,84,43,127
56,"Belgium",4,"Median","37",2007,94,66,160
56,"Belgium",4,"Median","38",2007,100,58,158
56,"Belgium",4,"Median","39",2007,126,78,203
56,"Belgium",4,"Median","40",2007,136,62,197
56,"Belgium",4,"Median","41",2007,139,85,224
56,"Belgium",4,"Median","42",2007,147,108,254
56,"Belgium",4,"Median","43",2007,160,94,254
56,"Belgium",4,"Median","44",2007,197,123,319
56,"Belgium",4,"Median","45",2007,197,133,330
56,"Belgium",4,"Median","46",2007,232,162,394
56,"Belgium",4,"Median","47",2007,224,156,380
56,"Belgium",4,"Median","48",2007,278,163,441
56,"Belgium",4,"Median","49",2007,316,181,496
56,"Belgium",4,"Median","50",2007,320,207,527
56,"Belgium",4,"Median","51",2007,367,214,581
56,"Belgium",4,"Median","52",2007,434,230,664
56,"Belgium",4,"Median","53",2007,390,272,662
56,"Belgium",4,"Median","54",2007,453,263,716
56,"Belgium",4,"Median","55",2007,477,255,732
56,"Belgium",4,"Median","56",2007,490,284,774
56,"Belgium",4,"Median","57",2007,565,300,866
56,"Belgium",4,"Median","58",2007,576,335,911
56,"Belgium",4,"Median","59",2007,626,343,969
56,"Belgium",4,"Median","60",2007,704,339,1043
56,"Belgium",4,"Median","61",2007,677,379,1056
56,"Belgium",4,"Median","62",2007,681,378,1059
56,"Belgium",4,"Median","63",2007,706,392,1098
56,"Belgium",4,"Median","64",2007,706,386,1092
56,"Belgium",4,"Median","65",2007,670,354,1024
56,"Belgium",4,"Median","66",2007,726,383,1109
56,"Belgium",4,"Median","67",2007,839,446,1285
56,"Belgium",4,"Median","68",2007,939,576,1516
56,"Belgium",4,"Median","69",2007,1005,541,1546
56,"Belgium",4,"Median","70",2007,1053,657,1711
56,"Belgium",4,"Median","71",2007,1083,697,1780
56,"Belgium",4,"Median","72",2007,1153,766,1919
56,"Belgium",4,"Median","73",2007,1272,867,2139
56,"Belgium",4,"Median","74",2007,1479,989,2467
56,"Belgium",4,"Median","75",2007,1622,1141,2763
56,"Belgium",4,"Median","76",2007,1704,1247,2951
56,"Belgium",4,"Median","77",2007,1723,1363,3086
56,"Belgium",4,"Median","78",2007,1735,1454,3189
56,"Belgium",4,"Median","79",2007,1742,1586,3328
56,"Belgium",4,"Median","80",2007,1822,1734,3555
56,"Belgium",4,"Median","81",2007,1873,1881,3754
56,"Belgium",4,"Median","82",2007,1916,2045,3961
56,"Belgium",4,"Median","83",2007,1909,2302,4210
56,"Belgium",4,"Median","84",2007,1877,2324,4200
56,"Belgium",4,"Median","85",2007,1764,2429,4193
56,"Belgium",4,"Median","86",2007,1793,2650,4443
56,"Belgium",4,"Median","87",2007,1386,2344,3730
56,"Belgium",4,"Median","88",2007,900,1705,2606
56,"Belgium",4,"Median","89",2007,633,1297,1929
56,"Belgium",4,"Median","90",2007,590,1334,1924
56,"Belgium",4,"Median","91",2007,656,1494,2149
56,"Belgium",4,"Median","92",2007,585,1547,2132
56,"Belgium",4,"Median","93",2007,565,1554,2119
56,"Belgium",4,"Median","94",2007,384,1279,1663
56,"Belgium",4,"Median","95",2007,286,1045,1332
56,"Belgium",4,"Median","96",2007,206,817,1023
56,"Belgium",4,"Median","97",2007,143,622,765
56,"Belgium",4,"Median","98",2007,92,458,550
56,"Belgium",4,"Median","99",2007,58,329,386
56,"Belgium",4,"Median","100",2007,21,101,122
56,"Belgium",4,"Median","101",2007,16,85,101
56,"Belgium",4,"Median","102",2007,12,72,84
56,"Belgium",4,"Median","103",2007,9,61,70
56,"Belgium",4,"Median","104",2007,7,52,59
56,"Belgium",4,"Median","105",2007,5,44,49
56,"Belgium",4,"Median","106",2007,4,37,41
56,"Belgium",4,"Median","107",2007,3,31,34
56,"Belgium",4,"Median","108",2007,2,26,28
56,"Belgium",4,"Median","109",2007,2,22,24
56,"Belgium",4,"Median","110",2007,1,19,20
56,"Belgium",4,"Median","0",2008,269,209,478
56,"Belgium",4,"Median","1",2008,15,18,33
56,"Belgium",4,"Median","2",2008,16,12,28
56,"Belgium",4,"Median","3",2008,16,4,20
56,"Belgium",4,"Median","4",2008,5,6,11
56,"Belgium",4,"Median","5",2008,9,5,14
56,"Belgium",4,"Median","6",2008,4,5,9
56,"Belgium",4,"Median","7",2008,9,4,13
56,"Belgium",4,"Median","8",2008,5,8,13
56,"Belgium",4,"Median","9",2008,7,2,9
56,"Belgium",4,"Median","10",2008,3,5,8
56,"Belgium",4,"Median","11",2008,7,5,12
56,"Belgium",4,"Median","12",2008,6,7,13
56,"Belgium",4,"Median","13",2008,12,4,16
56,"Belgium",4,"Median","14",2008,9,6,15
56,"Belgium",4,"Median","15",2008,12,11,23
56,"Belgium",4,"Median","16",2008,23,20,43
56,"Belgium",4,"Median","17",2008,36,11,47
56,"Belgium",4,"Median","18",2008,44,18,62
56,"Belgium",4,"Median","19",2008,49,24,73
56,"Belgium",4,"Median","20",2008,51,10,61
56,"Belgium",4,"Median","21",2008,46,16,62
56,"Belgium",4,"Median","22",2008,53,16,69
56,"Belgium",4,"Median","23",2008,62,15,76
56,"Belgium",4,"Median","24",2008,54,20,74
56,"Belgium",4,"Median","25",2008,54,18,71
56,"Belgium",4,"Median","26",2008,55,30,85
56,"Belgium",4,"Median","27",2008,64,25,88
56,"Belgium",4,"Median","28",2008,63,21,83
56,"Belgium",4,"Median","29",2008,71,35,106
56,"Belgium",4,"Median","30",2008,63,22,85
56,"Belgium",4,"Median","31",2008,59,22,80
56,"Belgium",4,"Median","32",2008,64,24,88
56,"Belgium",4,"Median","33",2008,68,33,101
56,"Belgium",4,"Median","34",2008,85,24,109
56,"Belgium",4,"Median","35",2008,78,35,113
56,"Belgium",4,"Median","36",2008,89,38,127
56,"Belgium",4,"Median","37",2008,91,45,136
56,"Belgium",4,"Median","38",2008,122,71,194
56,"Belgium",4,"Median","39",2008,120,69,189
56,"Belgium",4,"Median","40",2008,123,73,197
56,"Belgium",4,"Median","41",2008,127,78,205
56,"Belgium",4,"Median","42",2008,145,83,227
56,"Belgium",4,"Median","43",2008,190,108,298
56,"Belgium",4,"Median","44",2008,213,114,327
56,"Belgium",4,"Median","45",2008,215,111,326
56,"Belgium",4,"Median","46",2008,227,125,352
56,"Belgium",4,"Median","47",2008,264,141,406
56,"Belgium",4,"Median","48",2008,253,193,446
56,"Belgium",4,"Median","49",2008,339,192,532
56,"Belgium",4,"Median","50",2008,340,195,535
56,"Belgium",4,"Median","51",2008,389,210,599
56,"Belgium",4,"Median","52",2008,415,239,654
56,"Belgium",4,"Median","53",2008,442,250,692
56,"Belgium",4,"Median","54",2008,449,247,697
56,"Belgium",4,"Median","55",2008,466,311,777
56,"Belgium",4,"Median","56",2008,584,287,871
56,"Belgium",4,"Median","57",2008,576,304,880
56,"Belgium",4,"Median","58",2008,590,322,912
56,"Belgium",4,"Median","59",2008,673,356,1028
56,"Belgium",4,"Median","60",2008,713,379,1091
56,"Belgium",4,"Median","61",2008,764,404,1168
56,"Belgium",4,"Median","62",2008,774,387,1161
56,"Belgium",4,"Median","63",2008,783,402,1185
56,"Belgium",4,"Median","64",2008,783,397,1180
56,"Belgium",4,"Median","65",2008,753,374,1127
56,"Belgium",4,"Median","66",2008,744,392,1136
56,"Belgium",4,"Median","67",2008,730,490,1221
56,"Belgium",4,"Median","68",2008,890,501,1390
56,"Belgium",4,"Median","69",2008,999,589,1588
56,"Belgium",4,"Median","70",2008,988,625,1612
56,"Belgium",4,"Median","71",2008,1094,689,1783
56,"Belgium",4,"Median","72",2008,1124,737,1860
56,"Belgium",4,"Median","73",2008,1312,846,2159
56,"Belgium",4,"Median","74",2008,1375,840,2215
56,"Belgium",4,"Median","75",2008,1495,1084,2579
56,"Belgium",4,"Median","76",2008,1621,1225,2847
56,"Belgium",4,"Median","77",2008,1701,1371,3072
56,"Belgium",4,"Median","78",2008,1837,1479,3315
56,"Belgium",4,"Median","79",2008,1865,1584,3449
56,"Belgium",4,"Median","80",2008,1876,1759,3635
56,"Belgium",4,"Median","81",2008,1853,1926,3779
56,"Belgium",4,"Median","82",2008,1961,2110,4072
56,"Belgium",4,"Median","83",2008,1941,2250,4191
56,"Belgium",4,"Median","84",2008,1925,2404,4329
56,"Belgium",4,"Median","85",2008,1860,2507,4367
56,"Belgium",4,"Median","86",2008,1758,2613,4372
56,"Belgium",4,"Median","87",2008,1632,2701,4333
56,"Belgium",4,"Median","88",2008,1333,2230,3563
56,"Belgium",4,"Median","89",2008,868,1709,2576
56,"Belgium",4,"Median","90",2008,609,1269,1879
56,"Belgium",4,"Median","91",2008,540,1278,1818
56,"Belgium",4,"Median","92",2008,548,1372,1921
56,"Belgium",4,"Median","93",2008,516,1383,1899
56,"Belgium",4,"Median","94",2008,448,1439,1887
56,"Belgium",4,"Median","95",2008,317,1123,1440
56,"Belgium",4,"Median","96",2008,223,878,1101
56,"Belgium",4,"Median","97",2008,155,663,819
56,"Belgium",4,"Median","98",2008,104,487,591
56,"Belgium",4,"Median","99",2008,64,346,410
56,"Belgium",4,"Median","100",2008,21,101,122
56,"Belgium",4,"Median","101",2008,17,88,105
56,"Belgium",4,"Median","102",2008,13,76,89
56,"Belgium",4,"Median","103",2008,10,66,76
56,"Belgium",4,"Median","104",2008,8,57,65
56,"Belgium",4,"Median","105",2008,6,49,55
56,"Belgium",4,"Median","106",2008,5,43,48
56,"Belgium",4,"Median","107",2008,4,37,41
56,"Belgium",4,"Median","108",2008,3,32,35
56,"Belgium",4,"Median","109",2008,2,28,30
56,"Belgium",4,"Median","110",2008,2,24,26
56,"Belgium",4,"Median","0",2009,247,190,437
56,"Belgium",4,"Median","1",2009,32,25,56
56,"Belgium",4,"Median","2",2009,14,11,25
56,"Belgium",4,"Median","3",2009,13,7,20
56,"Belgium",4,"Median","4",2009,11,5,16
56,"Belgium",4,"Median","5",2009,6,5,11
56,"Belgium",4,"Median","6",2009,5,7,12
56,"Belgium",4,"Median","7",2009,4,10,14
56,"Belgium",4,"Median","8",2009,2,5,7
56,"Belgium",4,"Median","9",2009,5,6,11
56,"Belgium",4,"Median","10",2009,6,7,13
56,"Belgium",4,"Median","11",2009,10,3,13
56,"Belgium",4,"Median","12",2009,7,7,14
56,"Belgium",4,"Median","13",2009,12,4,16
56,"Belgium",4,"Median","14",2009,7,6,13
56,"Belgium",4,"Median","15",2009,11,12,23
56,"Belgium",4,"Median","16",2009,15,17,32
56,"Belgium",4,"Median","17",2009,26,6,31
56,"Belgium",4,"Median","18",2009,36,23,59
56,"Belgium",4,"Median","19",2009,46,16,62
56,"Belgium",4,"Median","20",2009,43,13,56
56,"Belgium",4,"Median","21",2009,64,19,82
56,"Belgium",4,"Median","22",2009,54,26,80
56,"Belgium",4,"Median","23",2009,46,17,63
56,"Belgium",4,"Median","24",2009,50,16,66
56,"Belgium",4,"Median","25",2009,45,18,63
56,"Belgium",4,"Median","26",2009,58,19,77
56,"Belgium",4,"Median","27",2009,50,17,66
56,"Belgium",4,"Median","28",2009,67,32,99
56,"Belgium",4,"Median","29",2009,57,32,88
56,"Belgium",4,"Median","30",2009,64,35,99
56,"Belgium",4,"Median","31",2009,63,18,81
56,"Belgium",4,"Median","32",2009,57,34,91
56,"Belgium",4,"Median","33",2009,58,30,87
56,"Belgium",4,"Median","34",2009,71,39,110
56,"Belgium",4,"Median","35",2009,93,33,126
56,"Belgium",4,"Median","36",2009,78,32,110
56,"Belgium",4,"Median","37",2009,93,44,138
56,"Belgium",4,"Median","38",2009,112,69,181
56,"Belgium",4,"Median","39",2009,120,63,183
56,"Belgium",4,"Median","40",2009,111,73,184
56,"Belgium",4,"Median","41",2009,139,73,212
56,"Belgium",4,"Median","42",2009,143,100,243
56,"Belgium",4,"Median","43",2009,161,96,256
56,"Belgium",4,"Median","44",2009,192,109,301
56,"Belgium",4,"Median","45",2009,193,116,308
56,"Belgium",4,"Median","46",2009,242,118,360
56,"Belgium",4,"Median","47",2009,225,140,364
56,"Belgium",4,"Median","48",2009,270,205,474
56,"Belgium",4,"Median","49",2009,295,173,467
56,"Belgium",4,"Median","50",2009,360,185,546
56,"Belgium",4,"Median","51",2009,370,236,606
56,"Belgium",4,"Median","52",2009,408,237,645
56,"Belgium",4,"Median","53",2009,442,250,691
56,"Belgium",4,"Median","54",2009,476,267,743
56,"Belgium",4,"Median","55",2009,476,273,749
56,"Belgium",4,"Median","56",2009,505,309,814
56,"Belgium",4,"Median","57",2009,545,298,843
56,"Belgium",4,"Median","58",2009,629,347,976
56,"Belgium",4,"Median","59",2009,643,325,968
56,"Belgium",4,"Median","60",2009,675,374,1049
56,"Belgium",4,"Median","61",2009,744,400,1144
56,"Belgium",4,"Median","62",2009,770,426,1195
56,"Belgium",4,"Median","63",2009,758,431,1189
56,"Belgium",4,"Median","64",2009,796,414,1210
56,"Belgium",4,"Median","65",2009,788,490,1277
56,"Belgium",4,"Median","66",2009,800,446,1247
56,"Belgium",4,"Median","67",2009,712,420,1132
56,"Belgium",4,"Median","68",2009,782,470,1252
56,"Belgium",4,"Median","69",2009,953,585,1538
56,"Belgium",4,"Median","70",2009,1030,640,1670
56,"Belgium",4,"Median","71",2009,1110,692,1802
56,"Belgium",4,"Median","72",2009,1148,790,1938
56,"Belgium",4,"Median","73",2009,1238,744,1982
56,"Belgium",4,"Median","74",2009,1301,885,2186
56,"Belgium",4,"Median","75",2009,1419,995,2414
56,"Belgium",4,"Median","76",2009,1563,1148,2712
56,"Belgium",4,"Median","77",2009,1738,1266,3003
56,"Belgium",4,"Median","78",2009,1828,1442,3270
56,"Belgium",4,"Median","79",2009,1837,1627,3464
56,"Belgium",4,"Median","80",2009,1765,1755,3520
56,"Belgium",4,"Median","81",2009,1797,1866,3663
56,"Belgium",4,"Median","82",2009,1897,2045,3941
56,"Belgium",4,"Median","83",2009,1963,2238,4202
56,"Belgium",4,"Median","84",2009,1971,2369,4340
56,"Belgium",4,"Median","85",2009,1885,2526,4411
56,"Belgium",4,"Median","86",2009,1843,2638,4481
56,"Belgium",4,"Median","87",2009,1638,2581,4219
56,"Belgium",4,"Median","88",2009,1551,2599,4150
56,"Belgium",4,"Median","89",2009,1191,2142,3333
56,"Belgium",4,"Median","90",2009,773,1523,2296
56,"Belgium",4,"Median","91",2009,487,1190,1677
56,"Belgium",4,"Median","92",2009,488,1170,1658
56,"Belgium",4,"Median","93",2009,435,1273,1708
56,"Belgium",4,"Median","94",2009,410,1151,1560
56,"Belgium",4,"Median","95",2009,346,1140,1486
56,"Belgium",4,"Median","96",2009,235,889,1123
56,"Belgium",4,"Median","97",2009,159,670,830
56,"Belgium",4,"Median","98",2009,107,487,594
56,"Belgium",4,"Median","99",2009,69,344,413
56,"Belgium",4,"Median","100",2009,22,101,123
56,"Belgium",4,"Median","101",2009,17,88,105
56,"Belgium",4,"Median","102",2009,13,76,89
56,"Belgium",4,"Median","103",2009,11,66,77
56,"Belgium",4,"Median","104",2009,8,57,65
56,"Belgium",4,"Median","105",2009,6,50,56
56,"Belgium",4,"Median","106",2009,5,43,48
56,"Belgium",4,"Median","107",2009,4,37,41
56,"Belgium",4,"Median","108",2009,3,32,35
56,"Belgium",4,"Median","109",2009,2,28,30
56,"Belgium",4,"Median","110",2009,2,24,26
56,"Belgium",4,"Median","0",2010,276,189,465
56,"Belgium",4,"Median","1",2010,27,13,40
56,"Belgium",4,"Median","2",2010,15,6,21
56,"Belgium",4,"Median","3",2010,8,14,22
56,"Belgium",4,"Median","4",2010,15,7,22
56,"Belgium",4,"Median","5",2010,6,4,10
56,"Belgium",4,"Median","6",2010,12,4,16
56,"Belgium",4,"Median","7",2010,6,3,9
56,"Belgium",4,"Median","8",2010,4,3,7
56,"Belgium",4,"Median","9",2010,5,4,9
56,"Belgium",4,"Median","10",2010,7,8,14
56,"Belgium",4,"Median","11",2010,1,2,3
56,"Belgium",4,"Median","12",2010,8,6,14
56,"Belgium",4,"Median","13",2010,13,7,20
56,"Belgium",4,"Median","14",2010,14,3,17
56,"Belgium",4,"Median","15",2010,17,7,24
56,"Belgium",4,"Median","16",2010,18,7,25
56,"Belgium",4,"Median","17",2010,21,17,38
56,"Belgium",4,"Median","18",2010,40,11,51
56,"Belgium",4,"Median","19",2010,36,16,52
56,"Belgium",4,"Median","20",2010,39,18,57
56,"Belgium",4,"Median","21",2010,52,19,71
56,"Belgium",4,"Median","22",2010,58,19,76
56,"Belgium",4,"Median","23",2010,59,17,75
56,"Belgium",4,"Median","24",2010,51,26,77
56,"Belgium",4,"Median","25",2010,62,23,84
56,"Belgium",4,"Median","26",2010,70,19,88
56,"Belgium",4,"Median","27",2010,59,28,87
56,"Belgium",4,"Median","28",2010,57,27,85
56,"Belgium",4,"Median","29",2010,60,35,95
56,"Belgium",4,"Median","30",2010,63,22,85
56,"Belgium",4,"Median","31",2010,59,35,94
56,"Belgium",4,"Median","32",2010,75,31,105
56,"Belgium",4,"Median","33",2010,61,28,88
56,"Belgium",4,"Median","34",2010,68,34,102
56,"Belgium",4,"Median","35",2010,66,40,106
56,"Belgium",4,"Median","36",2010,97,44,141
56,"Belgium",4,"Median","37",2010,94,56,150
56,"Belgium",4,"Median","38",2010,101,63,164
56,"Belgium",4,"Median","39",2010,112,51,163
56,"Belgium",4,"Median","40",2010,107,65,172
56,"Belgium",4,"Median","41",2010,125,61,186
56,"Belgium",4,"Median","42",2010,121,88,209
56,"Belgium",4,"Median","43",2010,172,110,281
56,"Belgium",4,"Median","44",2010,167,104,271
56,"Belgium",4,"Median","45",2010,216,126,342
56,"Belgium",4,"Median","46",2010,243,147,390
56,"Belgium",4,"Median","47",2010,226,141,367
56,"Belgium",4,"Median","48",2010,263,165,428
56,"Belgium",4,"Median","49",2010,265,159,423
56,"Belgium",4,"Median","50",2010,320,204,524
56,"Belgium",4,"Median","51",2010,323,205,528
56,"Belgium",4,"Median","52",2010,409,228,636
56,"Belgium",4,"Median","53",2010,395,278,673
56,"Belgium",4,"Median","54",2010,439,247,686
56,"Belgium",4,"Median","55",2010,463,287,750
56,"Belgium",4,"Median","56",2010,512,244,756
56,"Belgium",4,"Median","57",2010,581,307,888
56,"Belgium",4,"Median","58",2010,557,337,894
56,"Belgium",4,"Median","59",2010,589,325,914
56,"Belgium",4,"Median","60",2010,720,355,1075
56,"Belgium",4,"Median","61",2010,705,409,1114
56,"Belgium",4,"Median","62",2010,782,439,1221
56,"Belgium",4,"Median","63",2010,830,488,1318
56,"Belgium",4,"Median","64",2010,820,462,1282
56,"Belgium",4,"Median","65",2010,800,477,1277
56,"Belgium",4,"Median","66",2010,818,497,1316
56,"Belgium",4,"Median","67",2010,802,486,1288
56,"Belgium",4,"Median","68",2010,759,461,1220
56,"Belgium",4,"Median","69",2010,923,519,1442
56,"Belgium",4,"Median","70",2010,984,570,1554
56,"Belgium",4,"Median","71",2010,1127,693,1820
56,"Belgium",4,"Median","72",2010,1218,713,1932
56,"Belgium",4,"Median","73",2010,1199,777,1976
56,"Belgium",4,"Median","74",2010,1228,853,2081
56,"Belgium",4,"Median","75",2010,1332,971,2303
56,"Belgium",4,"Median","76",2010,1527,1121,2648
56,"Belgium",4,"Median","77",2010,1576,1225,2801
56,"Belgium",4,"Median","78",2010,1831,1362,3192
56,"Belgium",4,"Median","79",2010,1905,1611,3516
56,"Belgium",4,"Median","80",2010,1819,1739,3558
56,"Belgium",4,"Median","81",2010,1892,1871,3763
56,"Belgium",4,"Median","82",2010,1935,1981,3915
56,"Belgium",4,"Median","83",2010,1973,2196,4169
56,"Belgium",4,"Median","84",2010,1870,2320,4190
56,"Belgium",4,"Median","85",2010,1930,2527,4458
56,"Belgium",4,"Median","86",2010,1829,2427,4256
56,"Belgium",4,"Median","87",2010,1685,2515,4201
56,"Belgium",4,"Median","88",2010,1540,2607,4147
56,"Belgium",4,"Median","89",2010,1383,2657,4040
56,"Belgium",4,"Median","90",2010,1042,2110,3152
56,"Belgium",4,"Median","91",2010,711,1555,2266
56,"Belgium",4,"Median","92",2010,440,1097,1537
56,"Belgium",4,"Median","93",2010,343,978,1321
56,"Belgium",4,"Median","94",2010,359,1047,1406
56,"Belgium",4,"Median","95",2010,319,1076,1394
56,"Belgium",4,"Median","96",2010,256,954,1210
56,"Belgium",4,"Median","97",2010,168,719,887
56,"Belgium",4,"Median","98",2010,110,523,633
56,"Belgium",4,"Median","99",2010,71,367,438
56,"Belgium",4,"Median","100",2010,24,113,137
56,"Belgium",4,"Median","101",2010,19,97,116
56,"Belgium",4,"Median","102",2010,14,83,97
56,"Belgium",4,"Median","103",2010,11,71,82
56,"Belgium",4,"Median","104",2010,8,61,69
56,"Belgium",4,"Median","105",2010,7,52,59
56,"Belgium",4,"Median","106",2010,5,45,50
56,"Belgium",4,"Median","107",2010,4,38,42
56,"Belgium",4,"Median","108",2010,3,33,36
56,"Belgium",4,"Median","109",2010,2,28,30
56,"Belgium",4,"Median","110",2010,2,24,26
56,"Belgium",4,"Median","0",2011,229,197,426
56,"Belgium",4,"Median","1",2011,30,19,49
56,"Belgium",4,"Median","2",2011,14,10,24
56,"Belgium",4,"Median","3",2011,22,8,30
56,"Belgium",4,"Median","4",2011,7,2,9
56,"Belgium",4,"Median","5",2011,5,8,13
56,"Belgium",4,"Median","6",2011,6,7,13
56,"Belgium",4,"Median","7",2011,7,6,13
56,"Belgium",4,"Median","8",2011,5,4,9
56,"Belgium",4,"Median","9",2011,14,7,21
56,"Belgium",4,"Median","10",2011,4,6,10
56,"Belgium",4,"Median","11",2011,11,2,13
56,"Belgium",4,"Median","12",2011,9,4,13
56,"Belgium",4,"Median","13",2011,3,5,8
56,"Belgium",4,"Median","14",2011,10,10,20
56,"Belgium",4,"Median","15",2011,16,6,22
56,"Belgium",4,"Median","16",2011,18,18,36
56,"Belgium",4,"Median","17",2011,21,10,31
56,"Belgium",4,"Median","18",2011,40,11,51
56,"Belgium",4,"Median","19",2011,44,21,64
56,"Belgium",4,"Median","20",2011,54,16,69
56,"Belgium",4,"Median","21",2011,53,16,68
56,"Belgium",4,"Median","22",2011,45,17,62
56,"Belgium",4,"Median","23",2011,40,22,62
56,"Belgium",4,"Median","24",2011,56,17,73
56,"Belgium",4,"Median","25",2011,49,26,75
56,"Belgium",4,"Median","26",2011,65,20,85
56,"Belgium",4,"Median","27",2011,55,17,71
56,"Belgium",4,"Median","28",2011,79,18,97
56,"Belgium",4,"Median","29",2011,67,31,98
56,"Belgium",4,"Median","30",2011,60,31,91
56,"Belgium",4,"Median","31",2011,63,27,90
56,"Belgium",4,"Median","32",2011,58,35,93
56,"Belgium",4,"Median","33",2011,77,33,110
56,"Belgium",4,"Median","34",2011,65,35,100
56,"Belgium",4,"Median","35",2011,61,36,97
56,"Belgium",4,"Median","36",2011,88,35,123
56,"Belgium",4,"Median","37",2011,87,51,138
56,"Belgium",4,"Median","38",2011,92,47,140
56,"Belgium",4,"Median","39",2011,108,50,158
56,"Belgium",4,"Median","40",2011,115,54,169
56,"Belgium",4,"Median","41",2011,136,69,205
56,"Belgium",4,"Median","42",2011,124,77,201
56,"Belgium",4,"Median","43",2011,170,85,256
56,"Belgium",4,"Median","44",2011,171,101,272
56,"Belgium",4,"Median","45",2011,182,110,292
56,"Belgium",4,"Median","46",2011,216,129,345
56,"Belgium",4,"Median","47",2011,212,154,366
56,"Belgium",4,"Median","48",2011,253,172,425
56,"Belgium",4,"Median","49",2011,261,195,456
56,"Belgium",4,"Median","50",2011,275,168,443
56,"Belgium",4,"Median","51",2011,324,231,555
56,"Belgium",4,"Median","52",2011,361,246,607
56,"Belgium",4,"Median","53",2011,436,236,673
56,"Belgium",4,"Median","54",2011,459,243,702
56,"Belgium",4,"Median","55",2011,447,315,762
56,"Belgium",4,"Median","56",2011,514,321,835
56,"Belgium",4,"Median","57",2011,566,329,895
56,"Belgium",4,"Median","58",2011,599,323,922
56,"Belgium",4,"Median","59",2011,632,377,1008
56,"Belgium",4,"Median","60",2011,683,392,1075
56,"Belgium",4,"Median","61",2011,727,382,1110
56,"Belgium",4,"Median","62",2011,786,435,1221
56,"Belgium",4,"Median","63",2011,795,470,1264
56,"Belgium",4,"Median","64",2011,850,486,1336
56,"Belgium",4,"Median","65",2011,868,472,1341
56,"Belgium",4,"Median","66",2011,864,464,1328
56,"Belgium",4,"Median","67",2011,835,512,1347
56,"Belgium",4,"Median","68",2011,863,483,1346
56,"Belgium",4,"Median","69",2011,765,468,1234
56,"Belgium",4,"Median","70",2011,875,544,1419
56,"Belgium",4,"Median","71",2011,1021,641,1662
56,"Belgium",4,"Median","72",2011,1134,761,1895
56,"Belgium",4,"Median","73",2011,1232,802,2033
56,"Belgium",4,"Median","74",2011,1255,800,2055
56,"Belgium",4,"Median","75",2011,1309,867,2177
56,"Belgium",4,"Median","76",2011,1414,1027,2441
56,"Belgium",4,"Median","77",2011,1496,1159,2655
56,"Belgium",4,"Median","78",2011,1706,1316,3021
56,"Belgium",4,"Median","79",2011,1809,1562,3371
56,"Belgium",4,"Median","80",2011,1891,1723,3614
56,"Belgium",4,"Median","81",2011,1799,1860,3659
56,"Belgium",4,"Median","82",2011,1913,1888,3801
56,"Belgium",4,"Median","83",2011,1904,2128,4032
56,"Belgium",4,"Median","84",2011,1827,2229,4056
56,"Belgium",4,"Median","85",2011,1865,2417,4281
56,"Belgium",4,"Median","86",2011,1785,2526,4311
56,"Belgium",4,"Median","87",2011,1665,2545,4210
56,"Belgium",4,"Median","88",2011,1498,2591,4089
56,"Belgium",4,"Median","89",2011,1355,2543,3898
56,"Belgium",4,"Median","90",2011,1218,2399,3617
56,"Belgium",4,"Median","91",2011,944,2000,2944
56,"Belgium",4,"Median","92",2011,551,1317,1867
56,"Belgium",4,"Median","93",2011,381,952,1333
56,"Belgium",4,"Median","94",2011,306,856,1162
56,"Belgium",4,"Median","95",2011,248,813,1061
56,"Belgium",4,"Median","96",2011,239,840,1079
56,"Belgium",4,"Median","97",2011,186,718,904
56,"Belgium",4,"Median","98",2011,118,521,638
56,"Belgium",4,"Median","99",2011,74,364,438
56,"Belgium",4,"Median","100",2011,28,122,150
56,"Belgium",4,"Median","101",2011,21,101,122
56,"Belgium",4,"Median","102",2011,16,85,101
56,"Belgium",4,"Median","103",2011,12,71,83
56,"Belgium",4,"Median","104",2011,9,59,68
56,"Belgium",4,"Median","105",2011,7,49,56
56,"Belgium",4,"Median","106",2011,5,41,46
56,"Belgium",4,"Median","107",2011,4,34,38
56,"Belgium",4,"Median","108",2011,3,29,32
56,"Belgium",4,"Median","109",2011,2,24,26
56,"Belgium",4,"Median","110",2011,2,20,22
56,"Belgium",4,"Median","0",2012,280,195,475
56,"Belgium",4,"Median","1",2012,28,16,44
56,"Belgium",4,"Median","2",2012,18,14,32
56,"Belgium",4,"Median","3",2012,6,8,14
56,"Belgium",4,"Median","4",2012,12,6,18
56,"Belgium",4,"Median","5",2012,4,2,6
56,"Belgium",4,"Median","6",2012,10,11,21
56,"Belgium",4,"Median","7",2012,11,4,15
56,"Belgium",4,"Median","8",2012,4,7,11
56,"Belgium",4,"Median","9",2012,5,7,12
56,"Belgium",4,"Median","10",2012,6,3,9
56,"Belgium",4,"Median","11",2012,16,13,29
56,"Belgium",4,"Median","12",2012,8,3,11
56,"Belgium",4,"Median","13",2012,4,3,7
56,"Belgium",4,"Median","14",2012,13,6,19
56,"Belgium",4,"Median","15",2012,15,8,23
56,"Belgium",4,"Median","16",2012,16,11,27
56,"Belgium",4,"Median","17",2012,26,9,35
56,"Belgium",4,"Median","18",2012,30,18,48
56,"Belgium",4,"Median","19",2012,42,16,58
56,"Belgium",4,"Median","20",2012,46,13,59
56,"Belgium",4,"Median","21",2012,37,24,61
56,"Belgium",4,"Median","22",2012,53,14,66
56,"Belgium",4,"Median","23",2012,40,19,59
56,"Belgium",4,"Median","24",2012,46,13,59
56,"Belgium",4,"Median","25",2012,58,20,78
56,"Belgium",4,"Median","26",2012,52,11,63
56,"Belgium",4,"Median","27",2012,48,17,65
56,"Belgium",4,"Median","28",2012,50,19,69
56,"Belgium",4,"Median","29",2012,52,16,67
56,"Belgium",4,"Median","30",2012,53,23,76
56,"Belgium",4,"Median","31",2012,75,24,98
56,"Belgium",4,"Median","32",2012,71,24,95
56,"Belgium",4,"Median","33",2012,66,49,115
56,"Belgium",4,"Median","34",2012,66,23,89
56,"Belgium",4,"Median","35",2012,69,30,98
56,"Belgium",4,"Median","36",2012,72,44,116
56,"Belgium",4,"Median","37",2012,88,42,130
56,"Belgium",4,"Median","38",2012,94,47,141
56,"Belgium",4,"Median","39",2012,108,54,162
56,"Belgium",4,"Median","40",2012,97,61,159
56,"Belgium",4,"Median","41",2012,137,68,204
56,"Belgium",4,"Median","42",2012,146,75,221
56,"Belgium",4,"Median","43",2012,167,80,247
56,"Belgium",4,"Median","44",2012,137,96,233
56,"Belgium",4,"Median","45",2012,196,99,296
56,"Belgium",4,"Median","46",2012,208,136,344
56,"Belgium",4,"Median","47",2012,235,133,368
56,"Belgium",4,"Median","48",2012,237,139,376
56,"Belgium",4,"Median","49",2012,252,165,417
56,"Belgium",4,"Median","50",2012,291,182,472
56,"Belgium",4,"Median","51",2012,370,233,604
56,"Belgium",4,"Median","52",2012,373,232,605
56,"Belgium",4,"Median","53",2012,412,255,667
56,"Belgium",4,"Median","54",2012,474,274,748
56,"Belgium",4,"Median","55",2012,488,254,742
56,"Belgium",4,"Median","56",2012,455,303,758
56,"Belgium",4,"Median","57",2012,597,331,928
56,"Belgium",4,"Median","58",2012,578,349,927
56,"Belgium",4,"Median","59",2012,664,376,1040
56,"Belgium",4,"Median","60",2012,669,366,1035
56,"Belgium",4,"Median","61",2012,724,385,1109
56,"Belgium",4,"Median","62",2012,785,403,1188
56,"Belgium",4,"Median","63",2012,828,457,1285
56,"Belgium",4,"Median","64",2012,883,473,1356
56,"Belgium",4,"Median","65",2012,897,511,1408
56,"Belgium",4,"Median","66",2012,937,512,1450
56,"Belgium",4,"Median","67",2012,883,529,1412
56,"Belgium",4,"Median","68",2012,906,551,1457
56,"Belgium",4,"Median","69",2012,930,516,1446
56,"Belgium",4,"Median","70",2012,901,572,1473
56,"Belgium",4,"Median","71",2012,963,604,1567
56,"Belgium",4,"Median","72",2012,1085,705,1790
56,"Belgium",4,"Median","73",2012,1304,824,2128
56,"Belgium",4,"Median","74",2012,1290,867,2158
56,"Belgium",4,"Median","75",2012,1354,873,2228
56,"Belgium",4,"Median","76",2012,1430,1009,2439
56,"Belgium",4,"Median","77",2012,1556,1195,2751
56,"Belgium",4,"Median","78",2012,1687,1234,2921
56,"Belgium",4,"Median","79",2012,1732,1456,3189
56,"Belgium",4,"Median","80",2012,1999,1768,3767
56,"Belgium",4,"Median","81",2012,1934,1909,3843
56,"Belgium",4,"Median","82",2012,2009,2006,4015
56,"Belgium",4,"Median","83",2012,1913,2124,4037
56,"Belgium",4,"Median","84",2012,1937,2294,4231
56,"Belgium",4,"Median","85",2012,1926,2455,4381
56,"Belgium",4,"Median","86",2012,1915,2638,4554
56,"Belgium",4,"Median","87",2012,1812,2683,4495
56,"Belgium",4,"Median","88",2012,1707,2797,4504
56,"Belgium",4,"Median","89",2012,1506,2704,4211
56,"Belgium",4,"Median","90",2012,1295,2589,3884
56,"Belgium",4,"Median","91",2012,1102,2453,3555
56,"Belgium",4,"Median","92",2012,870,1938,2809
56,"Belgium",4,"Median","93",2012,557,1259,1816
56,"Belgium",4,"Median","94",2012,320,910,1229
56,"Belgium",4,"Median","95",2012,251,785,1035
56,"Belgium",4,"Median","96",2012,204,721,925
56,"Belgium",4,"Median","97",2012,189,720,910
56,"Belgium",4,"Median","98",2012,141,592,734
56,"Belgium",4,"Median","99",2012,86,413,499
56,"Belgium",4,"Median","100",2012,33,146,179
56,"Belgium",4,"Median","101",2012,24,119,143
56,"Belgium",4,"Median","102",2012,18,97,115
56,"Belgium",4,"Median","103",2012,13,80,93
56,"Belgium",4,"Median","104",2012,10,65,75
56,"Belgium",4,"Median","105",2012,7,53,60
56,"Belgium",4,"Median","106",2012,5,43,48
56,"Belgium",4,"Median","107",2012,4,36,40
56,"Belgium",4,"Median","108",2012,3,29,32
56,"Belgium",4,"Median","109",2012,2,24,26
56,"Belgium",4,"Median","110",2012,2,19,21
56,"Belgium",4,"Median","0",2013,245,185,430
56,"Belgium",4,"Median","1",2013,31,23,54
56,"Belgium",4,"Median","2",2013,13,8,20
56,"Belgium",4,"Median","3",2013,10,7,17
56,"Belgium",4,"Median","4",2013,9,10,19
56,"Belgium",4,"Median","5",2013,7,5,12
56,"Belgium",4,"Median","6",2013,7,11,18
56,"Belgium",4,"Median","7",2013,5,4,9
56,"Belgium",4,"Median","8",2013,7,2,9
56,"Belgium",4,"Median","9",2013,5,4,9
56,"Belgium",4,"Median","10",2013,5,3,8
56,"Belgium",4,"Median","11",2013,5,1,6
56,"Belgium",4,"Median","12",2013,4,3,7
56,"Belgium",4,"Median","13",2013,6,4,11
56,"Belgium",4,"Median","14",2013,10,7,17
56,"Belgium",4,"Median","15",2013,12,2,14
56,"Belgium",4,"Median","16",2013,9,12,21
56,"Belgium",4,"Median","17",2013,21,14,35
56,"Belgium",4,"Median","18",2013,27,18,45
56,"Belgium",4,"Median","19",2013,39,12,51
56,"Belgium",4,"Median","20",2013,47,15,62
56,"Belgium",4,"Median","21",2013,48,15,63
56,"Belgium",4,"Median","22",2013,48,17,65
56,"Belgium",4,"Median","23",2013,41,16,57
56,"Belgium",4,"Median","24",2013,41,14,55
56,"Belgium",4,"Median","25",2013,51,22,73
56,"Belgium",4,"Median","26",2013,53,27,80
56,"Belgium",4,"Median","27",2013,44,20,64
56,"Belgium",4,"Median","28",2013,56,18,74
56,"Belgium",4,"Median","29",2013,67,26,93
56,"Belgium",4,"Median","30",2013,56,37,94
56,"Belgium",4,"Median","31",2013,54,21,75
56,"Belgium",4,"Median","32",2013,51,26,77
56,"Belgium",4,"Median","33",2013,61,29,90
56,"Belgium",4,"Median","34",2013,66,15,81
56,"Belgium",4,"Median","35",2013,86,40,126
56,"Belgium",4,"Median","36",2013,76,35,111
56,"Belgium",4,"Median","37",2013,71,50,121
56,"Belgium",4,"Median","38",2013,88,53,141
56,"Belgium",4,"Median","39",2013,85,81,166
56,"Belgium",4,"Median","40",2013,135,66,201
56,"Belgium",4,"Median","41",2013,103,59,162
56,"Belgium",4,"Median","42",2013,120,77,197
56,"Belgium",4,"Median","43",2013,163,79,241
56,"Belgium",4,"Median","44",2013,153,108,261
56,"Belgium",4,"Median","45",2013,170,103,273
56,"Belgium",4,"Median","46",2013,192,140,332
56,"Belgium",4,"Median","47",2013,198,133,332
56,"Belgium",4,"Median","48",2013,250,141,391
56,"Belgium",4,"Median","49",2013,275,173,448
56,"Belgium",4,"Median","50",2013,276,205,481
56,"Belgium",4,"Median","51",2013,303,191,494
56,"Belgium",4,"Median","52",2013,365,214,578
56,"Belgium",4,"Median","53",2013,376,240,615
56,"Belgium",4,"Median","54",2013,464,272,736
56,"Belgium",4,"Median","55",2013,471,277,749
56,"Belgium",4,"Median","56",2013,490,314,804
56,"Belgium",4,"Median","57",2013,561,357,919
56,"Belgium",4,"Median","58",2013,586,338,924
56,"Belgium",4,"Median","59",2013,597,371,968
56,"Belgium",4,"Median","60",2013,715,350,1065
56,"Belgium",4,"Median","61",2013,725,421,1145
56,"Belgium",4,"Median","62",2013,740,469,1209
56,"Belgium",4,"Median","63",2013,765,404,1168
56,"Belgium",4,"Median","64",2013,840,471,1311
56,"Belgium",4,"Median","65",2013,941,540,1481
56,"Belgium",4,"Median","66",2013,1021,545,1566
56,"Belgium",4,"Median","67",2013,937,600,1537
56,"Belgium",4,"Median","68",2013,955,535,1490
56,"Belgium",4,"Median","69",2013,976,562,1538
56,"Belgium",4,"Median","70",2013,983,558,1541
56,"Belgium",4,"Median","71",2013,943,570,1512
56,"Belgium",4,"Median","72",2013,1003,635,1637
56,"Belgium",4,"Median","73",2013,1197,749,1946
56,"Belgium",4,"Median","74",2013,1336,903,2239
56,"Belgium",4,"Median","75",2013,1375,892,2267
56,"Belgium",4,"Median","76",2013,1472,1058,2529
56,"Belgium",4,"Median","77",2013,1533,1119,2653
56,"Belgium",4,"Median","78",2013,1619,1250,2869
56,"Belgium",4,"Median","79",2013,1724,1397,3121
56,"Belgium",4,"Median","80",2013,1821,1599,3420
56,"Belgium",4,"Median","81",2013,1963,1856,3819
56,"Belgium",4,"Median","82",2013,1993,2030,4023
56,"Belgium",4,"Median","83",2013,1979,2210,4189
56,"Belgium",4,"Median","84",2013,1954,2293,4248
56,"Belgium",4,"Median","85",2013,1956,2360,4316
56,"Belgium",4,"Median","86",2013,1900,2568,4467
56,"Belgium",4,"Median","87",2013,1848,2681,4529
56,"Belgium",4,"Median","88",2013,1703,2742,4444
56,"Belgium",4,"Median","89",2013,1583,2726,4309
56,"Belgium",4,"Median","90",2013,1358,2563,3921
56,"Belgium",4,"Median","91",2013,1142,2392,3534
56,"Belgium",4,"Median","92",2013,1020,2177,3197
56,"Belgium",4,"Median","93",2013,715,1652,2368
56,"Belgium",4,"Median","94",2013,395,1145,1540
56,"Belgium",4,"Median","95",2013,256,781,1037
56,"Belgium",4,"Median","96",2013,187,637,824
56,"Belgium",4,"Median","97",2013,146,565,711
56,"Belgium",4,"Median","98",2013,130,543,673
56,"Belgium",4,"Median","99",2013,94,429,523
56,"Belgium",4,"Median","100",2013,36,159,195
56,"Belgium",4,"Median","101",2013,26,128,154
56,"Belgium",4,"Median","102",2013,19,102,121
56,"Belgium",4,"Median","103",2013,13,82,95
56,"Belgium",4,"Median","104",2013,10,66,76
56,"Belgium",4,"Median","105",2013,7,53,60
56,"Belgium",4,"Median","106",2013,5,42,47
56,"Belgium",4,"Median","107",2013,4,34,38
56,"Belgium",4,"Median","108",2013,3,27,30
56,"Belgium",4,"Median","109",2013,2,22,24
56,"Belgium",4,"Median","110",2013,1,17,18
56,"Belgium",4,"Median","0",2014,244,174,417
56,"Belgium",4,"Median","1",2014,25,22,46
56,"Belgium",4,"Median","2",2014,13,6,19
56,"Belgium",4,"Median","3",2014,9,4,13
56,"Belgium",4,"Median","4",2014,5,5,10
56,"Belgium",4,"Median","5",2014,6,2,8
56,"Belgium",4,"Median","6",2014,4,7,11
56,"Belgium",4,"Median","7",2014,2,4,6
56,"Belgium",4,"Median","8",2014,4,3,7
56,"Belgium",4,"Median","9",2014,9,3,12
56,"Belgium",4,"Median","10",2014,4,5,9
56,"Belgium",4,"Median","11",2014,11,4,15
56,"Belgium",4,"Median","12",2014,4,9,13
56,"Belgium",4,"Median","13",2014,3,3,6
56,"Belgium",4,"Median","14",2014,18,4,22
56,"Belgium",4,"Median","15",2014,16,7,23
56,"Belgium",4,"Median","16",2014,10,17,27
56,"Belgium",4,"Median","17",2014,30,9,38
56,"Belgium",4,"Median","18",2014,35,7,42
56,"Belgium",4,"Median","19",2014,36,11,47
56,"Belgium",4,"Median","20",2014,33,15,47
56,"Belgium",4,"Median","21",2014,40,15,55
56,"Belgium",4,"Median","22",2014,53,11,65
56,"Belgium",4,"Median","23",2014,57,9,66
56,"Belgium",4,"Median","24",2014,46,17,63
56,"Belgium",4,"Median","25",2014,51,15,66
56,"Belgium",4,"Median","26",2014,45,18,63
56,"Belgium",4,"Median","27",2014,50,23,73
56,"Belgium",4,"Median","28",2014,41,22,63
56,"Belgium",4,"Median","29",2014,48,17,65
56,"Belgium",4,"Median","30",2014,56,16,71
56,"Belgium",4,"Median","31",2014,69,26,95
56,"Belgium",4,"Median","32",2014,47,24,71
56,"Belgium",4,"Median","33",2014,78,24,102
56,"Belgium",4,"Median","34",2014,71,38,108
56,"Belgium",4,"Median","35",2014,67,31,98
56,"Belgium",4,"Median","36",2014,67,49,115
56,"Belgium",4,"Median","37",2014,82,41,123
56,"Belgium",4,"Median","38",2014,67,54,121
56,"Belgium",4,"Median","39",2014,83,53,136
56,"Belgium",4,"Median","40",2014,93,74,167
56,"Belgium",4,"Median","41",2014,107,81,188
56,"Belgium",4,"Median","42",2014,120,69,189
56,"Belgium",4,"Median","43",2014,142,95,237
56,"Belgium",4,"Median","44",2014,160,89,249
56,"Belgium",4,"Median","45",2014,169,96,265
56,"Belgium",4,"Median","46",2014,173,114,287
56,"Belgium",4,"Median","47",2014,230,129,359
56,"Belgium",4,"Median","48",2014,203,145,348
56,"Belgium",4,"Median","49",2014,238,161,398
56,"Belgium",4,"Median","50",2014,287,198,485
56,"Belgium",4,"Median","51",2014,304,200,504
56,"Belgium",4,"Median","52",2014,323,208,531
56,"Belgium",4,"Median","53",2014,350,225,575
56,"Belgium",4,"Median","54",2014,433,237,671
56,"Belgium",4,"Median","55",2014,483,257,740
56,"Belgium",4,"Median","56",2014,518,302,820
56,"Belgium",4,"Median","57",2014,554,285,838
56,"Belgium",4,"Median","58",2014,558,322,880
56,"Belgium",4,"Median","59",2014,610,323,933
56,"Belgium",4,"Median","60",2014,630,366,997
56,"Belgium",4,"Median","61",2014,681,354,1035
56,"Belgium",4,"Median","62",2014,716,438,1154
56,"Belgium",4,"Median","63",2014,702,428,1129
56,"Belgium",4,"Median","64",2014,789,448,1237
56,"Belgium",4,"Median","65",2014,872,511,1383
56,"Belgium",4,"Median","66",2014,1004,554,1559
56,"Belgium",4,"Median","67",2014,994,566,1560
56,"Belgium",4,"Median","68",2014,991,578,1569
56,"Belgium",4,"Median","69",2014,1004,581,1585
56,"Belgium",4,"Median","70",2014,1039,665,1705
56,"Belgium",4,"Median","71",2014,999,553,1552
56,"Belgium",4,"Median","72",2014,948,608,1556
56,"Belgium",4,"Median","73",2014,990,645,1635
56,"Belgium",4,"Median","74",2014,1099,766,1865
56,"Belgium",4,"Median","75",2014,1237,937,2175
56,"Belgium",4,"Median","76",2014,1376,906,2282
56,"Belgium",4,"Median","77",2014,1400,1004,2405
56,"Belgium",4,"Median","78",2014,1461,1216,2677
56,"Belgium",4,"Median","79",2014,1587,1313,2899
56,"Belgium",4,"Median","80",2014,1696,1472,3168
56,"Belgium",4,"Median","81",2014,1790,1723,3513
56,"Belgium",4,"Median","82",2014,1937,1883,3820
56,"Belgium",4,"Median","83",2014,1982,2098,4080
56,"Belgium",4,"Median","84",2014,1889,2169,4058
56,"Belgium",4,"Median","85",2014,1840,2281,4121
56,"Belgium",4,"Median","86",2014,1858,2384,4242
56,"Belgium",4,"Median","87",2014,1757,2401,4158
56,"Belgium",4,"Median","88",2014,1568,2558,4126
56,"Belgium",4,"Median","89",2014,1472,2554,4026
56,"Belgium",4,"Median","90",2014,1347,2400,3747
56,"Belgium",4,"Median","91",2014,1149,2307,3457
56,"Belgium",4,"Median","92",2014,922,2137,3059
56,"Belgium",4,"Median","93",2014,803,1902,2705
56,"Belgium",4,"Median","94",2014,528,1441,1970
56,"Belgium",4,"Median","95",2014,293,903,1196
56,"Belgium",4,"Median","96",2014,181,617,799
56,"Belgium",4,"Median","97",2014,128,487,615
56,"Belgium",4,"Median","98",2014,97,416,512
56,"Belgium",4,"Median","99",2014,83,385,468
56,"Belgium",4,"Median","100",2014,39,172,211
56,"Belgium",4,"Median","101",2014,27,135,162
56,"Belgium",4,"Median","102",2014,19,106,125
56,"Belgium",4,"Median","103",2014,14,84,98
56,"Belgium",4,"Median","104",2014,10,66,76
56,"Belgium",4,"Median","105",2014,7,52,59
56,"Belgium",4,"Median","106",2014,5,41,46
56,"Belgium",4,"Median","107",2014,3,32,35
56,"Belgium",4,"Median","108",2014,2,25,27
56,"Belgium",4,"Median","109",2014,2,20,22
56,"Belgium",4,"Median","110",2014,1,16,17
56,"Belgium",4,"Median","0",2015,223,172,395
56,"Belgium",4,"Median","1",2015,18,21,39
56,"Belgium",4,"Median","2",2015,12,11,23
56,"Belgium",4,"Median","3",2015,3,8,10
56,"Belgium",4,"Median","4",2015,9,4,13
56,"Belgium",4,"Median","5",2015,12,5,17
56,"Belgium",4,"Median","6",2015,9,3,12
56,"Belgium",4,"Median","7",2015,6,6,12
56,"Belgium",4,"Median","8",2015,2,6,8
56,"Belgium",4,"Median","9",2015,2,7,9
56,"Belgium",4,"Median","10",2015,4,4,8
56,"Belgium",4,"Median","11",2015,8,4,12
56,"Belgium",4,"Median","12",2015,6,7,13
56,"Belgium",4,"Median","13",2015,4,6,10
56,"Belgium",4,"Median","14",2015,6,9,15
56,"Belgium",4,"Median","15",2015,9,9,18
56,"Belgium",4,"Median","16",2015,18,11,29
56,"Belgium",4,"Median","17",2015,15,8,23
56,"Belgium",4,"Median","18",2015,25,11,36
56,"Belgium",4,"Median","19",2015,26,11,37
56,"Belgium",4,"Median","20",2015,37,12,49
56,"Belgium",4,"Median","21",2015,36,11,47
56,"Belgium",4,"Median","22",2015,45,16,60
56,"Belgium",4,"Median","23",2015,46,13,59
56,"Belgium",4,"Median","24",2015,55,26,81
56,"Belgium",4,"Median","25",2015,43,15,59
56,"Belgium",4,"Median","26",2015,39,16,55
56,"Belgium",4,"Median","27",2015,42,21,63
56,"Belgium",4,"Median","28",2015,41,21,62
56,"Belgium",4,"Median","29",2015,50,20,70
56,"Belgium",4,"Median","30",2015,57,29,86
56,"Belgium",4,"Median","31",2015,52,26,77
56,"Belgium",4,"Median","32",2015,71,25,95
56,"Belgium",4,"Median","33",2015,56,27,83
56,"Belgium",4,"Median","34",2015,58,40,98
56,"Belgium",4,"Median","35",2015,62,33,95
56,"Belgium",4,"Median","36",2015,97,44,141
56,"Belgium",4,"Median","37",2015,73,41,114
56,"Belgium",4,"Median","38",2015,77,43,120
56,"Belgium",4,"Median","39",2015,93,44,137
56,"Belgium",4,"Median","40",2015,89,53,141
56,"Belgium",4,"Median","41",2015,86,74,160
56,"Belgium",4,"Median","42",2015,113,69,182
56,"Belgium",4,"Median","43",2015,146,77,223
56,"Belgium",4,"Median","44",2015,164,92,256
56,"Belgium",4,"Median","45",2015,193,100,293
56,"Belgium",4,"Median","46",2015,162,110,272
56,"Belgium",4,"Median","47",2015,200,129,329
56,"Belgium",4,"Median","48",2015,214,130,344
56,"Belgium",4,"Median","49",2015,236,184,421
56,"Belgium",4,"Median","50",2015,257,159,416
56,"Belgium",4,"Median","51",2015,312,206,518
56,"Belgium",4,"Median","52",2015,327,202,528
56,"Belgium",4,"Median","53",2015,398,232,629
56,"Belgium",4,"Median","54",2015,369,234,603
56,"Belgium",4,"Median","55",2015,452,267,719
56,"Belgium",4,"Median","56",2015,507,293,799
56,"Belgium",4,"Median","57",2015,540,314,855
56,"Belgium",4,"Median","58",2015,571,379,950
56,"Belgium",4,"Median","59",2015,646,374,1020
56,"Belgium",4,"Median","60",2015,675,389,1065
56,"Belgium",4,"Median","61",2015,677,442,1119
56,"Belgium",4,"Median","62",2015,800,452,1252
56,"Belgium",4,"Median","63",2015,758,487,1245
56,"Belgium",4,"Median","64",2015,816,507,1324
56,"Belgium",4,"Median","65",2015,865,527,1392
56,"Belgium",4,"Median","66",2015,939,520,1459
56,"Belgium",4,"Median","67",2015,998,554,1552
56,"Belgium",4,"Median","68",2015,1073,647,1720
56,"Belgium",4,"Median","69",2015,1068,595,1663
56,"Belgium",4,"Median","70",2015,1005,635,1640
56,"Belgium",4,"Median","71",2015,1034,652,1685
56,"Belgium",4,"Median","72",2015,1047,647,1695
56,"Belgium",4,"Median","73",2015,1005,654,1659
56,"Belgium",4,"Median","74",2015,1099,787,1886
56,"Belgium",4,"Median","75",2015,1239,862,2101
56,"Belgium",4,"Median","76",2015,1416,1040,2456
56,"Belgium",4,"Median","77",2015,1532,1098,2630
56,"Belgium",4,"Median","78",2015,1525,1154,2680
56,"Belgium",4,"Median","79",2015,1660,1427,3086
56,"Belgium",4,"Median","80",2015,1775,1494,3269
56,"Belgium",4,"Median","81",2015,1775,1725,3499
56,"Belgium",4,"Median","82",2015,1925,1866,3791
56,"Belgium",4,"Median","83",2015,2052,2228,4280
56,"Belgium",4,"Median","84",2015,2039,2357,4396
56,"Belgium",4,"Median","85",2015,1930,2449,4379
56,"Belgium",4,"Median","86",2015,1925,2530,4456
56,"Belgium",4,"Median","87",2015,1809,2560,4369
56,"Belgium",4,"Median","88",2015,1674,2764,4438
56,"Belgium",4,"Median","89",2015,1594,2714,4308
56,"Belgium",4,"Median","90",2015,1394,2673,4068
56,"Belgium",4,"Median","91",2015,1259,2558,3818
56,"Belgium",4,"Median","92",2015,1026,2270,3297
56,"Belgium",4,"Median","93",2015,897,2097,2994
56,"Belgium",4,"Median","94",2015,734,1912,2646
56,"Belgium",4,"Median","95",2015,454,1363,1817
56,"Belgium",4,"Median","96",2015,247,821,1068
56,"Belgium",4,"Median","97",2015,148,542,690
56,"Belgium",4,"Median","98",2015,101,410,512
56,"Belgium",4,"Median","99",2015,74,337,410
56,"Belgium",4,"Median","100",2015,45,194,239
56,"Belgium",4,"Median","101",2015,32,150,182
56,"Belgium",4,"Median","102",2015,22,117,139
56,"Belgium",4,"Median","103",2015,16,91,107
56,"Belgium",4,"Median","104",2015,11,70,81
56,"Belgium",4,"Median","105",2015,8,55,63
56,"Belgium",4,"Median","106",2015,5,42,47
56,"Belgium",4,"Median","107",2015,4,33,37
56,"Belgium",4,"Median","108",2015,3,26,29
56,"Belgium",4,"Median","109",2015,2,20,22
56,"Belgium",4,"Median","110",2015,1,15,16
56,"Belgium",4,"Median","0",2016,244,138,382
56,"Belgium",4,"Median","1",2016,10,15,25
56,"Belgium",4,"Median","2",2016,9,7,16
56,"Belgium",4,"Median","3",2016,3,13,17
56,"Belgium",4,"Median","4",2016,10,10,20
56,"Belgium",4,"Median","5",2016,6,8,14
56,"Belgium",4,"Median","6",2016,9,3,12
56,"Belgium",4,"Median","7",2016,9,5,14
56,"Belgium",4,"Median","8",2016,11,6,17
56,"Belgium",4,"Median","9",2016,6,1,7
56,"Belgium",4,"Median","10",2016,6,2,8
56,"Belgium",4,"Median","11",2016,5,4,9
56,"Belgium",4,"Median","12",2016,4,2,6
56,"Belgium",4,"Median","13",2016,7,2,9
56,"Belgium",4,"Median","14",2016,7,4,11
56,"Belgium",4,"Median","15",2016,8,3,11
56,"Belgium",4,"Median","16",2016,9,5,14
56,"Belgium",4,"Median","17",2016,13,13,26
56,"Belgium",4,"Median","18",2016,28,14,42
56,"Belgium",4,"Median","19",2016,42,16,57
56,"Belgium",4,"Median","20",2016,31,10,41
56,"Belgium",4,"Median","21",2016,38,19,57
56,"Belgium",4,"Median","22",2016,44,8,52
56,"Belgium",4,"Median","23",2016,50,15,65
56,"Belgium",4,"Median","24",2016,36,14,50
56,"Belgium",4,"Median","25",2016,54,15,68
56,"Belgium",4,"Median","26",2016,40,20,60
56,"Belgium",4,"Median","27",2016,46,19,65
56,"Belgium",4,"Median","28",2016,62,26,88
56,"Belgium",4,"Median","29",2016,43,31,74
56,"Belgium",4,"Median","30",2016,62,27,89
56,"Belgium",4,"Median","31",2016,59,21,80
56,"Belgium",4,"Median","32",2016,63,35,98
56,"Belgium",4,"Median","33",2016,65,29,94
56,"Belgium",4,"Median","34",2016,64,31,95
56,"Belgium",4,"Median","35",2016,71,41,112
56,"Belgium",4,"Median","36",2016,74,37,111
56,"Belgium",4,"Median","37",2016,90,45,135
56,"Belgium",4,"Median","38",2016,72,37,109
56,"Belgium",4,"Median","39",2016,92,41,133
56,"Belgium",4,"Median","40",2016,92,43,135
56,"Belgium",4,"Median","41",2016,97,66,163
56,"Belgium",4,"Median","42",2016,113,56,169
56,"Belgium",4,"Median","43",2016,135,79,214
56,"Belgium",4,"Median","44",2016,190,79,269
56,"Belgium",4,"Median","45",2016,156,112,268
56,"Belgium",4,"Median","46",2016,187,112,299
56,"Belgium",4,"Median","47",2016,180,112,292
56,"Belgium",4,"Median","48",2016,189,120,309
56,"Belgium",4,"Median","49",2016,239,171,410
56,"Belgium",4,"Median","50",2016,275,177,452
56,"Belgium",4,"Median","51",2016,288,167,455
56,"Belgium",4,"Median","52",2016,336,217,553
56,"Belgium",4,"Median","53",2016,339,214,553
56,"Belgium",4,"Median","54",2016,381,270,652
56,"Belgium",4,"Median","55",2016,407,236,642
56,"Belgium",4,"Median","56",2016,452,291,743
56,"Belgium",4,"Median","57",2016,530,298,828
56,"Belgium",4,"Median","58",2016,546,328,874
56,"Belgium",4,"Median","59",2016,589,332,921
56,"Belgium",4,"Median","60",2016,673,389,1062
56,"Belgium",4,"Median","61",2016,707,414,1121
56,"Belgium",4,"Median","62",2016,749,453,1202
56,"Belgium",4,"Median","63",2016,743,440,1183
56,"Belgium",4,"Median","64",2016,819,478,1297
56,"Belgium",4,"Median","65",2016,867,499,1366
56,"Belgium",4,"Median","66",2016,943,526,1469
56,"Belgium",4,"Median","67",2016,966,546,1512
56,"Belgium",4,"Median","68",2016,1103,588,1690
56,"Belgium",4,"Median","69",2016,1104,663,1767
56,"Belgium",4,"Median","70",2016,1059,669,1728
56,"Belgium",4,"Median","71",2016,1060,663,1723
56,"Belgium",4,"Median","72",2016,1160,688,1848
56,"Belgium",4,"Median","73",2016,1109,695,1804
56,"Belgium",4,"Median","74",2016,1029,676,1705
56,"Belgium",4,"Median","75",2016,1144,775,1920
56,"Belgium",4,"Median","76",2016,1373,990,2363
56,"Belgium",4,"Median","77",2016,1470,1027,2496
56,"Belgium",4,"Median","78",2016,1548,1179,2727
56,"Belgium",4,"Median","79",2016,1589,1251,2839
56,"Belgium",4,"Median","80",2016,1657,1379,3036
56,"Belgium",4,"Median","81",2016,1716,1569,3285
56,"Belgium",4,"Median","82",2016,1881,1790,3671
56,"Belgium",4,"Median","83",2016,1929,1983,3912
56,"Belgium",4,"Median","84",2016,2015,2204,4219
56,"Belgium",4,"Median","85",2016,1998,2462,4461
56,"Belgium",4,"Median","86",2016,1963,2452,4415
56,"Belgium",4,"Median","87",2016,1811,2564,4375
56,"Belgium",4,"Median","88",2016,1682,2570,4253
56,"Belgium",4,"Median","89",2016,1556,2538,4094
56,"Belgium",4,"Median","90",2016,1390,2494,3884
56,"Belgium",4,"Median","91",2016,1254,2399,3653
56,"Belgium",4,"Median","92",2016,1071,2197,3268
56,"Belgium",4,"Median","93",2016,907,2022,2929
56,"Belgium",4,"Median","94",2016,697,1754,2451
56,"Belgium",4,"Median","95",2016,532,1468,2000
56,"Belgium",4,"Median","96",2016,337,1046,1383
56,"Belgium",4,"Median","97",2016,176,606,782
56,"Belgium",4,"Median","98",2016,102,383,485
56,"Belgium",4,"Median","99",2016,67,278,345
56,"Belgium",4,"Median","100",2016,40,163,203
56,"Belgium",4,"Median","101",2016,28,127,155
56,"Belgium",4,"Median","102",2016,20,99,119
56,"Belgium",4,"Median","103",2016,14,77,91
56,"Belgium",4,"Median","104",2016,10,60,70
56,"Belgium",4,"Median","105",2016,7,47,54
56,"Belgium",4,"Median","106",2016,5,37,42
56,"Belgium",4,"Median","107",2016,4,28,32
56,"Belgium",4,"Median","108",2016,2,22,24
56,"Belgium",4,"Median","109",2016,2,17,19
56,"Belgium",4,"Median","110",2016,1,13,14
56,"Belgium",4,"Median","0",2017,238,186,423
56,"Belgium",4,"Median","1",2017,17,17,34
56,"Belgium",4,"Median","2",2017,15,9,24
56,"Belgium",4,"Median","3",2017,9,2,11
56,"Belgium",4,"Median","4",2017,10,5,15
56,"Belgium",4,"Median","5",2017,6,7,13
56,"Belgium",4,"Median","6",2017,8,2,10
56,"Belgium",4,"Median","7",2017,4,3,7
56,"Belgium",4,"Median","8",2017,8,6,14
56,"Belgium",4,"Median","9",2017,10,6,16
56,"Belgium",4,"Median","10",2017,3,3,6
56,"Belgium",4,"Median","11",2017,8,6,14
56,"Belgium",4,"Median","12",2017,14,6,20
56,"Belgium",4,"Median","13",2017,9,4,13
56,"Belgium",4,"Median","14",2017,9,5,14
56,"Belgium",4,"Median","15",2017,10,4,14
56,"Belgium",4,"Median","16",2017,10,7,16
56,"Belgium",4,"Median","17",2017,15,14,29
56,"Belgium",4,"Median","18",2017,25,17,42
56,"Belgium",4,"Median","19",2017,37,11,48
56,"Belgium",4,"Median","20",2017,39,10,49
56,"Belgium",4,"Median","21",2017,32,12,44
56,"Belgium",4,"Median","22",2017,36,19,55
56,"Belgium",4,"Median","23",2017,37,17,54
56,"Belgium",4,"Median","24",2017,45,15,59
56,"Belgium",4,"Median","25",2017,46,12,58
56,"Belgium",4,"Median","26",2017,43,19,62
56,"Belgium",4,"Median","27",2017,54,20,74
56,"Belgium",4,"Median","28",2017,47,18,64
56,"Belgium",4,"Median","29",2017,43,20,62
56,"Belgium",4,"Median","30",2017,44,24,68
56,"Belgium",4,"Median","31",2017,54,32,86
56,"Belgium",4,"Median","32",2017,52,33,86
56,"Belgium",4,"Median","33",2017,58,25,83
56,"Belgium",4,"Median","34",2017,71,31,101
56,"Belgium",4,"Median","35",2017,64,45,109
56,"Belgium",4,"Median","36",2017,67,42,110
56,"Belgium",4,"Median","37",2017,88,47,135
56,"Belgium",4,"Median","38",2017,91,31,122
56,"Belgium",4,"Median","39",2017,97,55,152
56,"Belgium",4,"Median","40",2017,81,52,133
56,"Belgium",4,"Median","41",2017,92,50,142
56,"Belgium",4,"Median","42",2017,118,55,172
56,"Belgium",4,"Median","43",2017,122,59,181
56,"Belgium",4,"Median","44",2017,174,88,262
56,"Belgium",4,"Median","45",2017,137,93,229
56,"Belgium",4,"Median","46",2017,158,96,254
56,"Belgium",4,"Median","47",2017,202,135,337
56,"Belgium",4,"Median","48",2017,211,142,353
56,"Belgium",4,"Median","49",2017,230,142,372
56,"Belgium",4,"Median","50",2017,225,142,367
56,"Belgium",4,"Median","51",2017,302,158,461
56,"Belgium",4,"Median","52",2017,298,198,496
56,"Belgium",4,"Median","53",2017,338,213,551
56,"Belgium",4,"Median","54",2017,330,256,586
56,"Belgium",4,"Median","55",2017,411,241,652
56,"Belgium",4,"Median","56",2017,412,260,672
56,"Belgium",4,"Median","57",2017,519,325,843
56,"Belgium",4,"Median","58",2017,549,312,860
56,"Belgium",4,"Median","59",2017,595,304,899
56,"Belgium",4,"Median","60",2017,618,382,999
56,"Belgium",4,"Median","61",2017,730,367,1097
56,"Belgium",4,"Median","62",2017,742,502,1245
56,"Belgium",4,"Median","63",2017,750,436,1186
56,"Belgium",4,"Median","64",2017,760,481,1241
56,"Belgium",4,"Median","65",2017,835,520,1355
56,"Belgium",4,"Median","66",2017,921,518,1439
56,"Belgium",4,"Median","67",2017,986,548,1534
56,"Belgium",4,"Median","68",2017,1019,583,1601
56,"Belgium",4,"Median","69",2017,1135,681,1816
56,"Belgium",4,"Median","70",2017,1118,748,1866
56,"Belgium",4,"Median","71",2017,1088,730,1819
56,"Belgium",4,"Median","72",2017,1128,725,1853
56,"Belgium",4,"Median","73",2017,1197,821,2018
56,"Belgium",4,"Median","74",2017,1147,755,1902
56,"Belgium",4,"Median","75",2017,1109,740,1850
56,"Belgium",4,"Median","76",2017,1181,888,2069
56,"Belgium",4,"Median","77",2017,1410,1010,2419
56,"Belgium",4,"Median","78",2017,1492,1200,2692
56,"Belgium",4,"Median","79",2017,1637,1276,2912
56,"Belgium",4,"Median","80",2017,1639,1357,2996
56,"Belgium",4,"Median","81",2017,1729,1557,3285
56,"Belgium",4,"Median","82",2017,1814,1745,3560
56,"Belgium",4,"Median","83",2017,1877,1919,3796
56,"Belgium",4,"Median","84",2017,1967,2102,4069
56,"Belgium",4,"Median","85",2017,2161,2447,4608
56,"Belgium",4,"Median","86",2017,2036,2624,4660
56,"Belgium",4,"Median","87",2017,1899,2604,4503
56,"Belgium",4,"Median","88",2017,1785,2596,4380
56,"Belgium",4,"Median","89",2017,1589,2640,4229
56,"Belgium",4,"Median","90",2017,1513,2546,4059
56,"Belgium",4,"Median","91",2017,1370,2489,3859
56,"Belgium",4,"Median","92",2017,1151,2322,3473
56,"Belgium",4,"Median","93",2017,900,2051,2951
56,"Belgium",4,"Median","94",2017,755,1825,2580
56,"Belgium",4,"Median","95",2017,580,1522,2102
56,"Belgium",4,"Median","96",2017,423,1243,1666
56,"Belgium",4,"Median","97",2017,258,853,1111
56,"Belgium",4,"Median","98",2017,130,475,605
56,"Belgium",4,"Median","99",2017,72,288,360
56,"Belgium",4,"Median","100",2017,36,144,180
56,"Belgium",4,"Median","101",2017,26,114,140
56,"Belgium",4,"Median","102",2017,19,91,110
56,"Belgium",4,"Median","103",2017,14,72,86
56,"Belgium",4,"Median","104",2017,10,57,67
56,"Belgium",4,"Median","105",2017,7,46,53
56,"Belgium",4,"Median","106",2017,5,36,41
56,"Belgium",4,"Median","107",2017,4,29,33
56,"Belgium",4,"Median","108",2017,3,23,26
56,"Belgium",4,"Median","109",2017,2,18,20
56,"Belgium",4,"Median","110",2017,1,14,15
56,"Belgium",4,"Median","0",2018,249,189,438
56,"Belgium",4,"Median","1",2018,15,13,28
56,"Belgium",4,"Median","2",2018,16,8,24
56,"Belgium",4,"Median","3",2018,6,9,15
56,"Belgium",4,"Median","4",2018,5,7,12
56,"Belgium",4,"Median","5",2018,3,5,8
56,"Belgium",4,"Median","6",2018,11,6,17
56,"Belgium",4,"Median","7",2018,8,3,12
56,"Belgium",4,"Median","8",2018,3,6,9
56,"Belgium",4,"Median","9",2018,6,3,9
56,"Belgium",4,"Median","10",2018,7,2,9
56,"Belgium",4,"Median","11",2018,9,3,12
56,"Belgium",4,"Median","12",2018,5,3,8
56,"Belgium",4,"Median","13",2018,6,9,15
56,"Belgium",4,"Median","14",2018,8,3,11
56,"Belgium",4,"Median","15",2018,10,6,16
56,"Belgium",4,"Median","16",2018,12,8,20
56,"Belgium",4,"Median","17",2018,16,8,24
56,"Belgium",4,"Median","18",2018,13,11,24
56,"Belgium",4,"Median","19",2018,34,13,47
56,"Belgium",4,"Median","20",2018,43,5,48
56,"Belgium",4,"Median","21",2018,26,14,39
56,"Belgium",4,"Median","22",2018,41,15,56
56,"Belgium",4,"Median","23",2018,31,13,44
56,"Belgium",4,"Median","24",2018,46,18,63
56,"Belgium",4,"Median","25",2018,37,21,58
56,"Belgium",4,"Median","26",2018,49,14,63
56,"Belgium",4,"Median","27",2018,41,17,59
56,"Belgium",4,"Median","28",2018,46,17,63
56,"Belgium",4,"Median","29",2018,36,20,56
56,"Belgium",4,"Median","30",2018,60,17,77
56,"Belgium",4,"Median","31",2018,62,21,82
56,"Belgium",4,"Median","32",2018,56,30,86
56,"Belgium",4,"Median","33",2018,48,40,88
56,"Belgium",4,"Median","34",2018,53,34,87
56,"Belgium",4,"Median","35",2018,63,33,96
56,"Belgium",4,"Median","36",2018,77,47,124
56,"Belgium",4,"Median","37",2018,79,42,121
56,"Belgium",4,"Median","38",2018,87,35,121
56,"Belgium",4,"Median","39",2018,96,58,154
56,"Belgium",4,"Median","40",2018,89,56,145
56,"Belgium",4,"Median","41",2018,85,65,150
56,"Belgium",4,"Median","42",2018,118,64,182
56,"Belgium",4,"Median","43",2018,106,63,169
56,"Belgium",4,"Median","44",2018,126,94,220
56,"Belgium",4,"Median","45",2018,134,101,235
56,"Belgium",4,"Median","46",2018,160,120,280
56,"Belgium",4,"Median","47",2018,192,107,299
56,"Belgium",4,"Median","48",2018,213,121,334
56,"Belgium",4,"Median","49",2018,226,133,359
56,"Belgium",4,"Median","50",2018,222,165,387
56,"Belgium",4,"Median","51",2018,272,159,431
56,"Belgium",4,"Median","52",2018,284,170,454
56,"Belgium",4,"Median","53",2018,316,224,540
56,"Belgium",4,"Median","54",2018,394,221,615
56,"Belgium",4,"Median","55",2018,410,226,636
56,"Belgium",4,"Median","56",2018,443,262,705
56,"Belgium",4,"Median","57",2018,490,309,799
56,"Belgium",4,"Median","58",2018,527,309,837
56,"Belgium",4,"Median","59",2018,551,372,923
56,"Belgium",4,"Median","60",2018,609,369,977
56,"Belgium",4,"Median","61",2018,653,413,1066
56,"Belgium",4,"Median","62",2018,724,462,1186
56,"Belgium",4,"Median","63",2018,735,489,1224
56,"Belgium",4,"Median","64",2018,840,528,1368
56,"Belgium",4,"Median","65",2018,875,519,1394
56,"Belgium",4,"Median","66",2018,876,563,1438
56,"Belgium",4,"Median","67",2018,968,589,1556
56,"Belgium",4,"Median","68",2018,1042,568,1611
56,"Belgium",4,"Median","69",2018,1061,651,1712
56,"Belgium",4,"Median","70",2018,1174,712,1886
56,"Belgium",4,"Median","71",2018,1241,709,1950
56,"Belgium",4,"Median","72",2018,1191,759,1950
56,"Belgium",4,"Median","73",2018,1182,859,2041
56,"Belgium",4,"Median","74",2018,1231,842,2073
56,"Belgium",4,"Median","75",2018,1191,844,2035
56,"Belgium",4,"Median","76",2018,1136,791,1927
56,"Belgium",4,"Median","77",2018,1284,860,2145
56,"Belgium",4,"Median","78",2018,1433,1191,2624
56,"Belgium",4,"Median","79",2018,1632,1316,2947
56,"Belgium",4,"Median","80",2018,1690,1458,3148
56,"Belgium",4,"Median","81",2018,1779,1538,3317
56,"Belgium",4,"Median","82",2018,1816,1596,3412
56,"Belgium",4,"Median","83",2018,1837,1909,3746
56,"Belgium",4,"Median","84",2018,1987,2101,4088
56,"Belgium",4,"Median","85",2018,2012,2217,4229
56,"Belgium",4,"Median","86",2018,2095,2615,4710
56,"Belgium",4,"Median","87",2018,2035,2653,4688
56,"Belgium",4,"Median","88",2018,1915,2663,4578
56,"Belgium",4,"Median","89",2018,1643,2685,4329
56,"Belgium",4,"Median","90",2018,1457,2608,4064
56,"Belgium",4,"Median","91",2018,1281,2420,3701
56,"Belgium",4,"Median","92",2018,1161,2375,3535
56,"Belgium",4,"Median","93",2018,934,2128,3062
56,"Belgium",4,"Median","94",2018,741,1952,2693
56,"Belgium",4,"Median","95",2018,579,1612,2191
56,"Belgium",4,"Median","96",2018,433,1309,1742
56,"Belgium",4,"Median","97",2018,304,1032,1336
56,"Belgium",4,"Median","98",2018,179,682,860
56,"Belgium",4,"Median","99",2018,86,364,451
56,"Belgium",4,"Median","100",2018,32,127,159
56,"Belgium",4,"Median","101",2018,24,105,129
56,"Belgium",4,"Median","102",2018,18,86,104
56,"Belgium",4,"Median","103",2018,13,71,84
56,"Belgium",4,"Median","104",2018,10,58,68
56,"Belgium",4,"Median","105",2018,7,48,55
56,"Belgium",4,"Median","106",2018,5,39,44
56,"Belgium",4,"Median","107",2018,4,32,36
56,"Belgium",4,"Median","108",2018,3,26,29
56,"Belgium",4,"Median","109",2018,2,22,24
56,"Belgium",4,"Median","110",2018,2,18,20
56,"Belgium",4,"Median","0",2019,243,183,425
56,"Belgium",4,"Median","1",2019,16,14,30
56,"Belgium",4,"Median","2",2019,7,6,13
56,"Belgium",4,"Median","3",2019,9,6,15
56,"Belgium",4,"Median","4",2019,2,4,6
56,"Belgium",4,"Median","5",2019,5,6,11
56,"Belgium",4,"Median","6",2019,3,4,7
56,"Belgium",4,"Median","7",2019,2,5,7
56,"Belgium",4,"Median","8",2019,7,3,10
56,"Belgium",4,"Median","9",2019,6,3,10
56,"Belgium",4,"Median","10",2019,4,2,6
56,"Belgium",4,"Median","11",2019,9,4,13
56,"Belgium",4,"Median","12",2019,4,3,7
56,"Belgium",4,"Median","13",2019,11,8,19
56,"Belgium",4,"Median","14",2019,5,5,10
56,"Belgium",4,"Median","15",2019,13,11,24
56,"Belgium",4,"Median","16",2019,10,9,19
56,"Belgium",4,"Median","17",2019,19,6,25
56,"Belgium",4,"Median","18",2019,29,16,45
56,"Belgium",4,"Median","19",2019,22,9,31
56,"Belgium",4,"Median","20",2019,22,12,34
56,"Belgium",4,"Median","21",2019,43,14,57
56,"Belgium",4,"Median","22",2019,29,13,42
56,"Belgium",4,"Median","23",2019,33,13,46
56,"Belgium",4,"Median","24",2019,32,16,48
56,"Belgium",4,"Median","25",2019,28,15,42
56,"Belgium",4,"Median","26",2019,50,15,65
56,"Belgium",4,"Median","27",2019,45,14,59
56,"Belgium",4,"Median","28",2019,48,18,66
56,"Belgium",4,"Median","29",2019,53,18,71
56,"Belgium",4,"Median","30",2019,59,25,83
56,"Belgium",4,"Median","31",2019,53,23,76
56,"Belgium",4,"Median","32",2019,47,29,76
56,"Belgium",4,"Median","33",2019,56,30,86
56,"Belgium",4,"Median","34",2019,62,20,81
56,"Belgium",4,"Median","35",2019,53,39,92
56,"Belgium",4,"Median","36",2019,72,25,97
56,"Belgium",4,"Median","37",2019,78,36,115
56,"Belgium",4,"Median","38",2019,74,47,121
56,"Belgium",4,"Median","39",2019,101,46,148
56,"Belgium",4,"Median","40",2019,94,57,151
56,"Belgium",4,"Median","41",2019,94,52,146
56,"Belgium",4,"Median","42",2019,116,67,183
56,"Belgium",4,"Median","43",2019,107,66,173
56,"Belgium",4,"Median","44",2019,135,65,200
56,"Belgium",4,"Median","45",2019,159,87,246
56,"Belgium",4,"Median","46",2019,151,96,247
56,"Belgium",4,"Median","47",2019,190,100,291
56,"Belgium",4,"Median","48",2019,188,113,301
56,"Belgium",4,"Median","49",2019,218,143,361
56,"Belgium",4,"Median","50",2019,230,139,369
56,"Belgium",4,"Median","51",2019,273,157,430
56,"Belgium",4,"Median","52",2019,273,192,466
56,"Belgium",4,"Median","53",2019,317,212,529
56,"Belgium",4,"Median","54",2019,371,228,599
56,"Belgium",4,"Median","55",2019,389,245,634
56,"Belgium",4,"Median","56",2019,405,270,675
56,"Belgium",4,"Median","57",2019,443,284,727
56,"Belgium",4,"Median","58",2019,494,308,802
56,"Belgium",4,"Median","59",2019,520,311,831
56,"Belgium",4,"Median","60",2019,592,354,946
56,"Belgium",4,"Median","61",2019,613,423,1035
56,"Belgium",4,"Median","62",2019,704,447,1152
56,"Belgium",4,"Median","63",2019,747,469,1216
56,"Belgium",4,"Median","64",2019,813,490,1303
56,"Belgium",4,"Median","65",2019,861,524,1384
56,"Belgium",4,"Median","66",2019,862,532,1394
56,"Belgium",4,"Median","67",2019,944,590,1533
56,"Belgium",4,"Median","68",2019,920,562,1482
56,"Belgium",4,"Median","69",2019,1049,645,1694
56,"Belgium",4,"Median","70",2019,1140,703,1843
56,"Belgium",4,"Median","71",2019,1130,835,1965
56,"Belgium",4,"Median","72",2019,1342,795,2137
56,"Belgium",4,"Median","73",2019,1277,835,2112
56,"Belgium",4,"Median","74",2019,1269,888,2157
56,"Belgium",4,"Median","75",2019,1312,853,2165
56,"Belgium",4,"Median","76",2019,1250,830,2080
56,"Belgium",4,"Median","77",2019,1220,930,2150
56,"Belgium",4,"Median","78",2019,1263,986,2249
56,"Belgium",4,"Median","79",2019,1452,1211,2663
56,"Belgium",4,"Median","80",2019,1618,1416,3034
56,"Belgium",4,"Median","81",2019,1706,1487,3193
56,"Belgium",4,"Median","82",2019,1797,1560,3357
56,"Belgium",4,"Median","83",2019,1759,1877,3636
56,"Belgium",4,"Median","84",2019,1816,1929,3745
56,"Belgium",4,"Median","85",2019,1925,2162,4087
56,"Belgium",4,"Median","86",2019,1960,2387,4346
56,"Belgium",4,"Median","87",2019,2023,2595,4618
56,"Belgium",4,"Median","88",2019,1937,2780,4717
56,"Belgium",4,"Median","89",2019,1746,2663,4409
56,"Belgium",4,"Median","90",2019,1570,2606,4175
56,"Belgium",4,"Median","91",2019,1293,2522,3815
56,"Belgium",4,"Median","92",2019,1099,2216,3315
56,"Belgium",4,"Median","93",2019,960,2063,3024
56,"Belgium",4,"Median","94",2019,790,1853,2642
56,"Belgium",4,"Median","95",2019,606,1583,2189
56,"Belgium",4,"Median","96",2019,452,1289,1741
56,"Belgium",4,"Median","97",2019,327,1006,1332
56,"Belgium",4,"Median","98",2019,222,761,982
56,"Belgium",4,"Median","99",2019,126,482,607
56,"Belgium",4,"Median","100",2019,32,118,150
56,"Belgium",4,"Median","101",2019,25,99,124
56,"Belgium",4,"Median","102",2019,19,83,102
56,"Belgium",4,"Median","103",2019,15,69,84
56,"Belgium",4,"Median","104",2019,11,58,69
56,"Belgium",4,"Median","105",2019,9,49,58
56,"Belgium",4,"Median","106",2019,7,41,48
56,"Belgium",4,"Median","107",2019,5,34,39
56,"Belgium",4,"Median","108",2019,4,29,33
56,"Belgium",4,"Median","109",2019,3,24,27
56,"Belgium",4,"Median","110",2019,2,20,22
56,"Belgium",4,"Median","0",2020,196,174,369
56,"Belgium",4,"Median","1",2020,10,11,21
56,"Belgium",4,"Median","2",2020,4,8,12
56,"Belgium",4,"Median","3",2020,6,8,14
56,"Belgium",4,"Median","4",2020,7,2,9
56,"Belgium",4,"Median","5",2020,10,6,16
56,"Belgium",4,"Median","6",2020,7,2,9
56,"Belgium",4,"Median","7",2020,7,3,10
56,"Belgium",4,"Median","8",2020,2,3,5
56,"Belgium",4,"Median","9",2020,5,4,9
56,"Belgium",4,"Median","10",2020,1,4,5
56,"Belgium",4,"Median","11",2020,4,5,9
56,"Belgium",4,"Median","12",2020,8,11,20
56,"Belgium",4,"Median","13",2020,6,11,17
56,"Belgium",4,"Median","14",2020,7,7,14
56,"Belgium",4,"Median","15",2020,4,10,14
56,"Belgium",4,"Median","16",2020,9,10,19
56,"Belgium",4,"Median","17",2020,15,12,27
56,"Belgium",4,"Median","18",2020,21,9,30
56,"Belgium",4,"Median","19",2020,30,9,39
56,"Belgium",4,"Median","20",2020,35,10,45
56,"Belgium",4,"Median","21",2020,30,7,37
56,"Belgium",4,"Median","22",2020,40,6,46
56,"Belgium",4,"Median","23",2020,36,15,51
56,"Belgium",4,"Median","24",2020,29,16,44
56,"Belgium",4,"Median","25",2020,28,14,42
56,"Belgium",4,"Median","26",2020,52,11,63
56,"Belgium",4,"Median","27",2020,39,23,62
56,"Belgium",4,"Median","28",2020,37,16,53
56,"Belgium",4,"Median","29",2020,52,13,65
56,"Belgium",4,"Median","30",2020,48,18,66
56,"Belgium",4,"Median","31",2020,57,28,85
56,"Belgium",4,"Median","32",2020,73,26,98
56,"Belgium",4,"Median","33",2020,51,24,74
56,"Belgium",4,"Median","34",2020,63,33,96
56,"Belgium",4,"Median","35",2020,77,25,102
56,"Belgium",4,"Median","36",2020,70,37,107
56,"Belgium",4,"Median","37",2020,80,41,121
56,"Belgium",4,"Median","38",2020,80,42,122
56,"Belgium",4,"Median","39",2020,91,54,144
56,"Belgium",4,"Median","40",2020,99,55,154
56,"Belgium",4,"Median","41",2020,94,68,162
56,"Belgium",4,"Median","42",2020,107,64,171
56,"Belgium",4,"Median","43",2020,127,84,211
56,"Belgium",4,"Median","44",2020,116,67,183
56,"Belgium",4,"Median","45",2020,151,74,225
56,"Belgium",4,"Median","46",2020,171,85,256
56,"Belgium",4,"Median","47",2020,180,111,291
56,"Belgium",4,"Median","48",2020,199,125,324
56,"Belgium",4,"Median","49",2020,233,154,387
56,"Belgium",4,"Median","50",2020,240,166,405
56,"Belgium",4,"Median","51",2020,261,165,426
56,"Belgium",4,"Median","52",2020,296,180,476
56,"Belgium",4,"Median","53",2020,355,191,546
56,"Belgium",4,"Median","54",2020,379,213,592
56,"Belgium",4,"Median","55",2020,398,273,671
56,"Belgium",4,"Median","56",2020,435,277,712
56,"Belgium",4,"Median","57",2020,524,291,816
56,"Belgium",4,"Median","58",2020,578,306,884
56,"Belgium",4,"Median","59",2020,606,318,924
56,"Belgium",4,"Median","60",2020,655,362,1017
56,"Belgium",4,"Median","61",2020,682,383,1064
56,"Belgium",4,"Median","62",2020,784,434,1218
56,"Belgium",4,"Median","63",2020,801,512,1313
56,"Belgium",4,"Median","64",2020,881,536,1417
56,"Belgium",4,"Median","65",2020,912,549,1462
56,"Belgium",4,"Median","66",2020,977,572,1549
56,"Belgium",4,"Median","67",2020,1078,651,1729
56,"Belgium",4,"Median","68",2020,1163,644,1808
56,"Belgium",4,"Median","69",2020,1185,710,1895
56,"Belgium",4,"Median","70",2020,1261,749,2010
56,"Belgium",4,"Median","71",2020,1329,837,2166
56,"Belgium",4,"Median","72",2020,1475,948,2423
56,"Belgium",4,"Median","73",2020,1549,990,2539
56,"Belgium",4,"Median","74",2020,1556,1025,2582
56,"Belgium",4,"Median","75",2020,1520,1053,2573
56,"Belgium",4,"Median","76",2020,1562,1098,2660
56,"Belgium",4,"Median","77",2020,1545,1085,2630
56,"Belgium",4,"Median","78",2020,1434,1192,2626
56,"Belgium",4,"Median","79",2020,1582,1239,2821
56,"Belgium",4,"Median","80",2020,1866,1564,3430
56,"Belgium",4,"Median","81",2020,2065,1763,3828
56,"Belgium",4,"Median","82",2020,2130,2054,4184
56,"Belgium",4,"Median","83",2020,2169,2151,4320
56,"Belgium",4,"Median","84",2020,2251,2296,4546
56,"Belgium",4,"Median","85",2020,2250,2470,4720
56,"Belgium",4,"Median","86",2020,2291,2747,5038
56,"Belgium",4,"Median","87",2020,2336,3016,5353
56,"Belgium",4,"Median","88",2020,2357,3167,5524
56,"Belgium",4,"Median","89",2020,2048,3223,5270
56,"Belgium",4,"Median","90",2020,2009,3266,5275
56,"Belgium",4,"Median","91",2020,1716,2986,4702
56,"Belgium",4,"Median","92",2020,1439,2761,4200
56,"Belgium",4,"Median","93",2020,1168,2486,3654
56,"Belgium",4,"Median","94",2020,967,2244,3211
56,"Belgium",4,"Median","95",2020,755,1915,2670
56,"Belgium",4,"Median","96",2020,564,1570,2135
56,"Belgium",4,"Median","97",2020,404,1224,1628
56,"Belgium",4,"Median","98",2020,279,912,1192
56,"Belgium",4,"Median","99",2020,181,656,837
56,"Belgium",4,"Median","100",2020,46,156,202
56,"Belgium",4,"Median","101",2020,35,131,166
56,"Belgium",4,"Median","102",2020,27,111,138
56,"Belgium",4,"Median","103",2020,21,93,114
56,"Belgium",4,"Median","104",2020,16,78,94
56,"Belgium",4,"Median","105",2020,12,66,78
56,"Belgium",4,"Median","106",2020,10,56,66
56,"Belgium",4,"Median","107",2020,7,47,54
56,"Belgium",4,"Median","108",2020,6,39,45
56,"Belgium",4,"Median","109",2020,4,33,37
56,"Belgium",4,"Median","110",2020,3,28,31
56,"Belgium",4,"Median","0",2021,201,148,349
56,"Belgium",4,"Median","1",2021,19,15,34
56,"Belgium",4,"Median","2",2021,13,8,21
56,"Belgium",4,"Median","3",2021,9,12,21
56,"Belgium",4,"Median","4",2021,7,5,12
56,"Belgium",4,"Median","5",2021,7,3,10
56,"Belgium",4,"Median","6",2021,5,4,9
56,"Belgium",4,"Median","7",2021,5,3,8
56,"Belgium",4,"Median","8",2021,8,5,13
56,"Belgium",4,"Median","9",2021,5,4,9
56,"Belgium",4,"Median","10",2021,3,3,5
56,"Belgium",4,"Median","11",2021,6,7,13
56,"Belgium",4,"Median","12",2021,1,2,3
56,"Belgium",4,"Median","13",2021,5,6,11
56,"Belgium",4,"Median","14",2021,12,4,16
56,"Belgium",4,"Median","15",2021,10,8,18
56,"Belgium",4,"Median","16",2021,17,6,22
56,"Belgium",4,"Median","17",2021,17,7,24
56,"Belgium",4,"Median","18",2021,31,10,41
56,"Belgium",4,"Median","19",2021,30,10,40
56,"Belgium",4,"Median","20",2021,28,15,43
56,"Belgium",4,"Median","21",2021,39,12,50
56,"Belgium",4,"Median","22",2021,34,15,49
56,"Belgium",4,"Median","23",2021,23,15,37
56,"Belgium",4,"Median","24",2021,30,19,49
56,"Belgium",4,"Median","25",2021,37,9,46
56,"Belgium",4,"Median","26",2021,41,11,52
56,"Belgium",4,"Median","27",2021,44,21,65
56,"Belgium",4,"Median","28",2021,57,26,83
56,"Belgium",4,"Median","29",2021,48,20,68
56,"Belgium",4,"Median","30",2021,45,28,73
56,"Belgium",4,"Median","31",2021,55,20,75
56,"Belgium",4,"Median","32",2021,59,33,92
56,"Belgium",4,"Median","33",2021,62,29,91
56,"Belgium",4,"Median","34",2021,55,31,85
56,"Belgium",4,"Median","35",2021,81,35,116
56,"Belgium",4,"Median","36",2021,57,44,100
56,"Belgium",4,"Median","37",2021,77,36,113
56,"Belgium",4,"Median","38",2021,83,50,133
56,"Belgium",4,"Median","39",2021,85,61,146
56,"Belgium",4,"Median","40",2021,117,64,181
56,"Belgium",4,"Median","41",2021,103,59,162
56,"Belgium",4,"Median","42",2021,124,61,185
56,"Belgium",4,"Median","43",2021,129,82,210
56,"Belgium",4,"Median","44",2021,134,71,205
56,"Belgium",4,"Median","45",2021,153,87,240
56,"Belgium",4,"Median","46",2021,163,85,248
56,"Belgium",4,"Median","47",2021,143,109,252
56,"Belgium",4,"Median","48",2021,225,127,352
56,"Belgium",4,"Median","49",2021,198,152,350
56,"Belgium",4,"Median","50",2021,231,154,385
56,"Belgium",4,"Median","51",2021,275,153,428
56,"Belgium",4,"Median","52",2021,290,184,473
56,"Belgium",4,"Median","53",2021,305,183,488
56,"Belgium",4,"Median","54",2021,364,209,573
56,"Belgium",4,"Median","55",2021,414,223,637
56,"Belgium",4,"Median","56",2021,435,241,676
56,"Belgium",4,"Median","57",2021,482,284,766
56,"Belgium",4,"Median","58",2021,547,291,838
56,"Belgium",4,"Median","59",2021,569,323,892
56,"Belgium",4,"Median","60",2021,630,350,980
56,"Belgium",4,"Median","61",2021,709,384,1093
56,"Belgium",4,"Median","62",2021,714,456,1169
56,"Belgium",4,"Median","63",2021,770,464,1234
56,"Belgium",4,"Median","64",2021,828,491,1319
56,"Belgium",4,"Median","65",2021,895,550,1446
56,"Belgium",4,"Median","66",2021,1027,595,1622
56,"Belgium",4,"Median","67",2021,1013,613,1626
56,"Belgium",4,"Median","68",2021,1018,686,1704
56,"Belgium",4,"Median","69",2021,1095,717,1811
56,"Belgium",4,"Median","70",2021,1265,765,2030
56,"Belgium",4,"Median","71",2021,1266,804,2070
56,"Belgium",4,"Median","72",2021,1335,869,2204
56,"Belgium",4,"Median","73",2021,1430,915,2345
56,"Belgium",4,"Median","74",2021,1572,1004,2576
56,"Belgium",4,"Median","75",2021,1547,1027,2573
56,"Belgium",4,"Median","76",2021,1480,1052,2532
56,"Belgium",4,"Median","77",2021,1476,1115,2590
56,"Belgium",4,"Median","78",2021,1532,1083,2615
56,"Belgium",4,"Median","79",2021,1410,1059,2468
56,"Belgium",4,"Median","80",2021,1506,1281,2787
56,"Belgium",4,"Median","81",2021,1699,1486,3185
56,"Belgium",4,"Median","82",2021,1974,1644,3618
56,"Belgium",4,"Median","83",2021,1916,1842,3757
56,"Belgium",4,"Median","84",2021,1955,1960,3915
56,"Belgium",4,"Median","85",2021,1933,2062,3995
56,"Belgium",4,"Median","86",2021,1989,2206,4196
56,"Belgium",4,"Median","87",2021,1971,2300,4271
56,"Belgium",4,"Median","88",2021,1876,2419,4295
56,"Belgium",4,"Median","89",2021,1878,2666,4543
56,"Belgium",4,"Median","90",2021,1688,2536,4225
56,"Belgium",4,"Median","91",2021,1484,2533,4017
56,"Belgium",4,"Median","92",2021,1181,2159,3340
56,"Belgium",4,"Median","93",2021,1008,1938,2946
56,"Belgium",4,"Median","94",2021,826,1751,2577
56,"Belgium",4,"Median","95",2021,627,1509,2137
56,"Belgium",4,"Median","96",2021,479,1243,1722
56,"Belgium",4,"Median","97",2021,345,982,1327
56,"Belgium",4,"Median","98",2021,238,738,977
56,"Belgium",4,"Median","99",2021,159,530,688
56,"Belgium",4,"Median","100",2021,47,149,196
56,"Belgium",4,"Median","101",2021,37,125,162
56,"Belgium",4,"Median","102",2021,28,106,134
56,"Belgium",4,"Median","103",2021,22,89,111
56,"Belgium",4,"Median","104",2021,17,75,92
56,"Belgium",4,"Median","105",2021,13,63,76
56,"Belgium",4,"Median","106",2021,10,53,63
56,"Belgium",4,"Median","107",2021,8,45,53
56,"Belgium",4,"Median","108",2021,6,38,44
56,"Belgium",4,"Median","109",2021,5,32,37
56,"Belgium",4,"Median","110",2021,4,27,31
56,"Belgium",4,"Median","0",2022,224,170,394
56,"Belgium",4,"Median","1",2022,19,18,37
56,"Belgium",4,"Median","2",2022,12,12,24
56,"Belgium",4,"Median","3",2022,14,12,25
56,"Belgium",4,"Median","4",2022,7,8,16
56,"Belgium",4,"Median","5",2022,9,8,17
56,"Belgium",4,"Median","6",2022,5,5,10
56,"Belgium",4,"Median","7",2022,4,5,9
56,"Belgium",4,"Median","8",2022,8,3,11
56,"Belgium",4,"Median","9",2022,7,4,11
56,"Belgium",4,"Median","10",2022,5,2,7
56,"Belgium",4,"Median","11",2022,9,4,14
56,"Belgium",4,"Median","12",2022,5,4,8
56,"Belgium",4,"Median","13",2022,12,8,20
56,"Belgium",4,"Median","14",2022,9,5,14
56,"Belgium",4,"Median","15",2022,18,11,30
56,"Belgium",4,"Median","16",2022,17,9,26
56,"Belgium",4,"Median","17",2022,26,6,32
56,"Belgium",4,"Median","18",2022,34,15,49
56,"Belgium",4,"Median","19",2022,25,10,35
56,"Belgium",4,"Median","20",2022,24,14,38
56,"Belgium",4,"Median","21",2022,42,17,59
56,"Belgium",4,"Median","22",2022,28,16,44
56,"Belgium",4,"Median","23",2022,33,16,48
56,"Belgium",4,"Median","24",2022,34,19,53
56,"Belgium",4,"Median","25",2022,33,16,49
56,"Belgium",4,"Median","26",2022,56,16,72
56,"Belgium",4,"Median","27",2022,51,14,65
56,"Belgium",4,"Median","28",2022,54,18,72
56,"Belgium",4,"Median","29",2022,59,19,78
56,"Belgium",4,"Median","30",2022,63,26,89
56,"Belgium",4,"Median","31",2022,56,26,81
56,"Belgium",4,"Median","32",2022,49,31,80
56,"Belgium",4,"Median","33",2022,57,34,91
56,"Belgium",4,"Median","34",2022,64,25,89
56,"Belgium",4,"Median","35",2022,56,46,102
56,"Belgium",4,"Median","36",2022,74,34,108
56,"Belgium",4,"Median","37",2022,80,45,124
56,"Belgium",4,"Median","38",2022,78,54,132
56,"Belgium",4,"Median","39",2022,113,53,166
56,"Belgium",4,"Median","40",2022,115,63,178
56,"Belgium",4,"Median","41",2022,123,58,182
56,"Belgium",4,"Median","42",2022,150,74,223
56,"Belgium",4,"Median","43",2022,140,74,214
56,"Belgium",4,"Median","44",2022,165,73,239
56,"Belgium",4,"Median","45",2022,181,92,273
56,"Belgium",4,"Median","46",2022,169,98,266
56,"Belgium",4,"Median","47",2022,202,100,302
56,"Belgium",4,"Median","48",2022,202,111,313
56,"Belgium",4,"Median","49",2022,233,139,372
56,"Belgium",4,"Median","50",2022,250,137,387
56,"Belgium",4,"Median","51",2022,297,155,451
56,"Belgium",4,"Median","52",2022,292,184,476
56,"Belgium",4,"Median","53",2022,321,196,517
56,"Belgium",4,"Median","54",2022,364,207,571
56,"Belgium",4,"Median","55",2022,382,224,605
56,"Belgium",4,"Median","56",2022,408,257,665
56,"Belgium",4,"Median","57",2022,460,282,742
56,"Belgium",4,"Median","58",2022,512,308,821
56,"Belgium",4,"Median","59",2022,529,307,835
56,"Belgium",4,"Median","60",2022,598,350,948
56,"Belgium",4,"Median","61",2022,625,426,1051
56,"Belgium",4,"Median","62",2022,726,456,1182
56,"Belgium",4,"Median","63",2022,779,487,1266
56,"Belgium",4,"Median","64",2022,859,529,1389
56,"Belgium",4,"Median","65",2022,926,595,1521
56,"Belgium",4,"Median","66",2022,947,636,1583
56,"Belgium",4,"Median","67",2022,1060,716,1776
56,"Belgium",4,"Median","68",2022,1073,691,1764
56,"Belgium",4,"Median","69",2022,1239,771,2010
56,"Belgium",4,"Median","70",2022,1346,812,2158
56,"Belgium",4,"Median","71",2022,1356,928,2283
56,"Belgium",4,"Median","72",2022,1586,903,2489
56,"Belgium",4,"Median","73",2022,1641,1009,2650
56,"Belgium",4,"Median","74",2022,1754,1151,2905
56,"Belgium",4,"Median","75",2022,1828,1137,2964
56,"Belgium",4,"Median","76",2022,1731,1110,2842
56,"Belgium",4,"Median","77",2022,1703,1235,2938
56,"Belgium",4,"Median","78",2022,1711,1243,2954
56,"Belgium",4,"Median","79",2022,1651,1256,2907
56,"Belgium",4,"Median","80",2022,1563,1240,2803
56,"Belgium",4,"Median","81",2022,1647,1332,2979
56,"Belgium",4,"Median","82",2022,1929,1584,3512
56,"Belgium",4,"Median","83",2022,2016,1975,3991
56,"Belgium",4,"Median","84",2022,2058,1954,4012
56,"Belgium",4,"Median","85",2022,2085,2082,4167
56,"Belgium",4,"Median","86",2022,2056,2216,4273
56,"Belgium",4,"Median","87",2022,2098,2382,4480
56,"Belgium",4,"Median","88",2022,2029,2584,4613
56,"Belgium",4,"Median","89",2022,1914,2602,4515
56,"Belgium",4,"Median","90",2022,1845,2723,4568
56,"Belgium",4,"Median","91",2022,1607,2743,4350
56,"Belgium",4,"Median","92",2022,1373,2395,3769
56,"Belgium",4,"Median","93",2022,1161,2156,3317
56,"Belgium",4,"Median","94",2022,937,1912,2849
56,"Belgium",4,"Median","95",2022,719,1646,2365
56,"Belgium",4,"Median","96",2022,548,1386,1934
56,"Belgium",4,"Median","97",2022,406,1104,1511
56,"Belgium",4,"Median","98",2022,284,842,1126
56,"Belgium",4,"Median","99",2022,190,609,799
56,"Belgium",4,"Median","100",2022,62,180,242
56,"Belgium",4,"Median","101",2022,48,153,201
56,"Belgium",4,"Median","102",2022,38,130,168
56,"Belgium",4,"Median","103",2022,29,110,139
56,"Belgium",4,"Median","104",2022,23,93,116
56,"Belgium",4,"Median","105",2022,18,79,97
56,"Belgium",4,"Median","106",2022,14,67,81
56,"Belgium",4,"Median","107",2022,11,57,68
56,"Belgium",4,"Median","108",2022,8,48,56
56,"Belgium",4,"Median","109",2022,7,41,48
56,"Belgium",4,"Median","110",2022,5,35,40
56,"Belgium",4,"Median","0",2023,197,148,345
56,"Belgium",4,"Median","1",2023,15,13,29
56,"Belgium",4,"Median","2",2023,7,7,14
56,"Belgium",4,"Median","3",2023,9,6,15
56,"Belgium",4,"Median","4",2023,3,4,7
56,"Belgium",4,"Median","5",2023,5,5,11
56,"Belgium",4,"Median","6",2023,3,4,7
56,"Belgium",4,"Median","7",2023,2,4,7
56,"Belgium",4,"Median","8",2023,6,3,9
56,"Belgium",4,"Median","9",2023,6,3,9
56,"Belgium",4,"Median","10",2023,4,2,6
56,"Belgium",4,"Median","11",2023,9,4,12
56,"Belgium",4,"Median","12",2023,4,3,7
56,"Belgium",4,"Median","13",2023,10,8,18
56,"Belgium",4,"Median","14",2023,6,5,11
56,"Belgium",4,"Median","15",2023,14,11,25
56,"Belgium",4,"Median","16",2023,11,8,20
56,"Belgium",4,"Median","17",2023,20,6,26
56,"Belgium",4,"Median","18",2023,28,15,43
56,"Belgium",4,"Median","19",2023,21,8,29
56,"Belgium",4,"Median","20",2023,20,11,31
56,"Belgium",4,"Median","21",2023,38,14,52
56,"Belgium",4,"Median","22",2023,26,13,39
56,"Belgium",4,"Median","23",2023,30,12,42
56,"Belgium",4,"Median","24",2023,30,15,45
56,"Belgium",4,"Median","25",2023,26,14,40
56,"Belgium",4,"Median","26",2023,47,14,61
56,"Belgium",4,"Median","27",2023,42,13,54
56,"Belgium",4,"Median","28",2023,45,16,61
56,"Belgium",4,"Median","29",2023,50,17,67
56,"Belgium",4,"Median","30",2023,57,24,81
56,"Belgium",4,"Median","31",2023,52,23,76
56,"Belgium",4,"Median","32",2023,47,29,76
56,"Belgium",4,"Median","33",2023,55,31,86
56,"Belgium",4,"Median","34",2023,61,21,82
56,"Belgium",4,"Median","35",2023,52,40,92
56,"Belgium",4,"Median","36",2023,70,27,97
56,"Belgium",4,"Median","37",2023,75,37,112
56,"Belgium",4,"Median","38",2023,69,46,115
56,"Belgium",4,"Median","39",2023,98,46,144
56,"Belgium",4,"Median","40",2023,94,55,150
56,"Belgium",4,"Median","41",2023,98,51,150
56,"Belgium",4,"Median","42",2023,124,68,192
56,"Belgium",4,"Median","43",2023,116,69,185
56,"Belgium",4,"Median","44",2023,142,67,209
56,"Belgium",4,"Median","45",2023,157,86,242
56,"Belgium",4,"Median","46",2023,145,91,235
56,"Belgium",4,"Median","47",2023,174,91,265
56,"Belgium",4,"Median","48",2023,170,100,271
56,"Belgium",4,"Median","49",2023,201,128,329
56,"Belgium",4,"Median","50",2023,218,128,346
56,"Belgium",4,"Median","51",2023,265,150,415
56,"Belgium",4,"Median","52",2023,265,182,447
56,"Belgium",4,"Median","53",2023,298,194,493
56,"Belgium",4,"Median","54",2023,341,205,546
56,"Belgium",4,"Median","55",2023,356,219,575
56,"Belgium",4,"Median","56",2023,382,248,631
56,"Belgium",4,"Median","57",2023,436,273,708
56,"Belgium",4,"Median","58",2023,498,304,803
56,"Belgium",4,"Median","59",2023,528,310,839
56,"Belgium",4,"Median","60",2023,599,351,950
56,"Belgium",4,"Median","61",2023,624,426,1051
56,"Belgium",4,"Median","62",2023,725,456,1181
56,"Belgium",4,"Median","63",2023,778,482,1260
56,"Belgium",4,"Median","64",2023,852,514,1366
56,"Belgium",4,"Median","65",2023,903,554,1457
56,"Belgium",4,"Median","66",2023,904,571,1475
56,"Belgium",4,"Median","67",2023,993,639,1633
56,"Belgium",4,"Median","68",2023,979,610,1589
56,"Belgium",4,"Median","69",2023,1101,682,1783
56,"Belgium",4,"Median","70",2023,1183,721,1904
56,"Belgium",4,"Median","71",2023,1155,824,1978
56,"Belgium",4,"Median","72",2023,1336,782,2118
56,"Belgium",4,"Median","73",2023,1382,879,2261
56,"Belgium",4,"Median","74",2023,1500,1012,2513
56,"Belgium",4,"Median","75",2023,1573,1001,2574
56,"Belgium",4,"Median","76",2023,1622,1050,2672
56,"Belgium",4,"Median","77",2023,1625,1203,2828
56,"Belgium",4,"Median","78",2023,1528,1151,2679
56,"Belgium",4,"Median","79",2023,1577,1238,2815
56,"Belgium",4,"Median","80",2023,1533,1259,2792
56,"Belgium",4,"Median","81",2023,1450,1207,2656
56,"Belgium",4,"Median","82",2023,1586,1328,2914
56,"Belgium",4,"Median","83",2023,1739,1778,3517
56,"Belgium",4,"Median","84",2023,1886,1905,3791
56,"Belgium",4,"Median","85",2023,2004,2095,4099
56,"Belgium",4,"Median","86",2023,1991,2220,4211
56,"Belgium",4,"Median","87",2023,1998,2364,4362
56,"Belgium",4,"Median","88",2023,1938,2569,4507
56,"Belgium",4,"Median","89",2023,1840,2561,4402
56,"Belgium",4,"Median","90",2023,1765,2694,4459
56,"Belgium",4,"Median","91",2023,1537,2763,4300
56,"Belgium",4,"Median","92",2023,1379,2491,3871
56,"Belgium",4,"Median","93",2023,1193,2297,3489
56,"Belgium",4,"Median","94",2023,929,2009,2938
56,"Belgium",4,"Median","95",2023,715,1709,2424
56,"Belgium",4,"Median","96",2023,533,1419,1953
56,"Belgium",4,"Median","97",2023,389,1152,1542
56,"Belgium",4,"Median","98",2023,276,883,1158
56,"Belgium",4,"Median","99",2023,184,646,829
56,"Belgium",4,"Median","100",2023,62,197,259
56,"Belgium",4,"Median","101",2023,48,168,216
56,"Belgium",4,"Median","102",2023,37,143,180
56,"Belgium",4,"Median","103",2023,29,122,151
56,"Belgium",4,"Median","104",2023,23,104,127
56,"Belgium",4,"Median","105",2023,18,89,107
56,"Belgium",4,"Median","106",2023,14,76,90
56,"Belgium",4,"Median","107",2023,11,64,75
56,"Belgium",4,"Median","108",2023,8,55,63
56,"Belgium",4,"Median","109",2023,6,47,53
56,"Belgium",4,"Median","110",2023,5,40,45
56,"Belgium",4,"Median","0",2024,169,123,291
56,"Belgium",4,"Median","1",2024,17,15,32
56,"Belgium",4,"Median","2",2024,6,6,12
56,"Belgium",4,"Median","3",2024,5,5,10
56,"Belgium",4,"Median","4",2024,5,4,9
56,"Belgium",4,"Median","5",2024,5,4,9
56,"Belgium",4,"Median","6",2024,5,4,8
56,"Belgium",4,"Median","7",2024,5,3,8
56,"Belgium",4,"Median","8",2024,4,3,8
56,"Belgium",4,"Median","9",2024,4,3,7
56,"Belgium",4,"Median","10",2024,5,3,7
56,"Belgium",4,"Median","11",2024,5,3,8
56,"Belgium",4,"Median","12",2024,6,4,10
56,"Belgium",4,"Median","13",2024,6,5,11
56,"Belgium",4,"Median","14",2024,7,5,12
56,"Belgium",4,"Median","15",2024,8,6,14
56,"Belgium",4,"Median","16",2024,11,7,18
56,"Belgium",4,"Median","17",2024,15,10,25
56,"Belgium",4,"Median","18",2024,21,12,33
56,"Belgium",4,"Median","19",2024,27,10,37
56,"Belgium",4,"Median","20",2024,30,9,40
56,"Belgium",4,"Median","21",2024,31,11,41
56,"Belgium",4,"Median","22",2024,32,12,44
56,"Belgium",4,"Median","23",2024,35,13,48
56,"Belgium",4,"Median","24",2024,35,13,48
56,"Belgium",4,"Median","25",2024,35,13,49
56,"Belgium",4,"Median","26",2024,37,14,51
56,"Belgium",4,"Median","27",2024,39,15,55
56,"Belgium",4,"Median","28",2024,40,17,58
56,"Belgium",4,"Median","29",2024,43,19,62
56,"Belgium",4,"Median","30",2024,48,21,70
56,"Belgium",4,"Median","31",2024,54,24,79
56,"Belgium",4,"Median","32",2024,56,28,84
56,"Belgium",4,"Median","33",2024,55,30,85
56,"Belgium",4,"Median","34",2024,57,30,87
56,"Belgium",4,"Median","35",2024,62,34,96
56,"Belgium",4,"Median","36",2024,69,38,106
56,"Belgium",4,"Median","37",2024,74,37,111
56,"Belgium",4,"Median","38",2024,77,38,115
56,"Belgium",4,"Median","39",2024,80,43,123
56,"Belgium",4,"Median","40",2024,84,51,134
56,"Belgium",4,"Median","41",2024,90,56,146
56,"Belgium",4,"Median","42",2024,102,61,162
56,"Belgium",4,"Median","43",2024,122,67,189
56,"Belgium",4,"Median","44",2024,135,78,213
56,"Belgium",4,"Median","45",2024,140,89,229
56,"Belgium",4,"Median","46",2024,148,95,243
56,"Belgium",4,"Median","47",2024,159,100,259
56,"Belgium",4,"Median","48",2024,171,111,282
56,"Belgium",4,"Median","49",2024,189,125,314
56,"Belgium",4,"Median","50",2024,213,136,349
56,"Belgium",4,"Median","51",2024,239,148,387
56,"Belgium",4,"Median","52",2024,268,171,439
56,"Belgium",4,"Median","53",2024,299,196,495
56,"Belgium",4,"Median","54",2024,331,208,539
56,"Belgium",4,"Median","55",2024,364,223,587
56,"Belgium",4,"Median","56",2024,408,245,652
56,"Belgium",4,"Median","57",2024,462,275,736
56,"Belgium",4,"Median","58",2024,523,309,832
56,"Belgium",4,"Median","59",2024,587,343,930
56,"Belgium",4,"Median","60",2024,647,377,1023
56,"Belgium",4,"Median","61",2024,703,419,1122
56,"Belgium",4,"Median","62",2024,758,466,1224
56,"Belgium",4,"Median","63",2024,801,493,1294
56,"Belgium",4,"Median","64",2024,846,515,1361
56,"Belgium",4,"Median","65",2024,903,543,1446
56,"Belgium",4,"Median","66",2024,949,553,1501
56,"Belgium",4,"Median","67",2024,987,566,1553
56,"Belgium",4,"Median","68",2024,1027,600,1627
56,"Belgium",4,"Median","69",2024,1069,644,1713
56,"Belgium",4,"Median","70",2024,1100,679,1780
56,"Belgium",4,"Median","71",2024,1152,722,1874
56,"Belgium",4,"Median","72",2024,1218,772,1990
56,"Belgium",4,"Median","73",2024,1297,838,2135
56,"Belgium",4,"Median","74",2024,1380,911,2291
56,"Belgium",4,"Median","75",2024,1466,984,2451
56,"Belgium",4,"Median","76",2024,1573,1068,2641
56,"Belgium",4,"Median","77",2024,1671,1169,2840
56,"Belgium",4,"Median","78",2024,1626,1207,2834
56,"Belgium",4,"Median","79",2024,1580,1234,2814
56,"Belgium",4,"Median","80",2024,1644,1326,2970
56,"Belgium",4,"Median","81",2024,1608,1355,2963
56,"Belgium",4,"Median","82",2024,1529,1361,2890
56,"Belgium",4,"Median","83",2024,1613,1543,3156
56,"Belgium",4,"Median","84",2024,1842,1898,3741
56,"Belgium",4,"Median","85",2024,2020,2189,4209
56,"Belgium",4,"Median","86",2024,2083,2344,4427
56,"Belgium",4,"Median","87",2024,2030,2448,4478
56,"Belgium",4,"Median","88",2024,1942,2568,4511
56,"Belgium",4,"Median","89",2024,1869,2675,4544
56,"Belgium",4,"Median","90",2024,1768,2718,4486
56,"Belgium",4,"Median","91",2024,1624,2719,4343
56,"Belgium",4,"Median","92",2024,1467,2643,4110
56,"Belgium",4,"Median","93",2024,1280,2480,3760
56,"Belgium",4,"Median","94",2024,1022,2207,3230
56,"Belgium",4,"Median","95",2024,771,1859,2630
56,"Belgium",4,"Median","96",2024,577,1518,2095
56,"Belgium",4,"Median","97",2024,413,1208,1621
56,"Belgium",4,"Median","98",2024,290,944,1233
56,"Belgium",4,"Median","99",2024,196,692,889
56,"Belgium",4,"Median","100",2024,67,213,280
56,"Belgium",4,"Median","101",2024,52,183,235
56,"Belgium",4,"Median","102",2024,41,157,198
56,"Belgium",4,"Median","103",2024,32,135,167
56,"Belgium",4,"Median","104",2024,25,116,141
56,"Belgium",4,"Median","105",2024,19,99,118
56,"Belgium",4,"Median","106",2024,15,85,100
56,"Belgium",4,"Median","107",2024,12,73,85
56,"Belgium",4,"Median","108",2024,9,63,72
56,"Belgium",4,"Median","109",2024,7,54,61
56,"Belgium",4,"Median","110",2024,6,46,52
56,"Belgium",4,"Median","0",2025,163,120,282
56,"Belgium",4,"Median","1",2025,16,14,29
56,"Belgium",4,"Median","2",2025,5,5,11
56,"Belgium",4,"Median","3",2025,4,5,9
56,"Belgium",4,"Median","4",2025,4,4,9
56,"Belgium",4,"Median","5",2025,5,4,8
56,"Belgium",4,"Median","6",2025,5,3,8
56,"Belgium",4,"Median","7",2025,4,3,8
56,"Belgium",4,"Median","8",2025,4,3,7
56,"Belgium",4,"Median","9",2025,4,3,7
56,"Belgium",4,"Median","10",2025,4,2,7
56,"Belgium",4,"Median","11",2025,5,3,8
56,"Belgium",4,"Median","12",2025,6,4,10
56,"Belgium",4,"Median","13",2025,6,5,11
56,"Belgium",4,"Median","14",2025,7,5,12
56,"Belgium",4,"Median","15",2025,8,6,14
56,"Belgium",4,"Median","16",2025,11,7,18
56,"Belgium",4,"Median","17",2025,15,10,25
56,"Belgium",4,"Median","18",2025,21,12,33
56,"Belgium",4,"Median","19",2025,27,11,38
56,"Belgium",4,"Median","20",2025,31,10,40
56,"Belgium",4,"Median","21",2025,31,11,42
56,"Belgium",4,"Median","22",2025,32,12,44
56,"Belgium",4,"Median","23",2025,34,13,46
56,"Belgium",4,"Median","24",2025,35,13,48
56,"Belgium",4,"Median","25",2025,35,13,48
56,"Belgium",4,"Median","26",2025,36,14,50
56,"Belgium",4,"Median","27",2025,38,15,53
56,"Belgium",4,"Median","28",2025,39,17,56
56,"Belgium",4,"Median","29",2025,41,19,60
56,"Belgium",4,"Median","30",2025,46,20,67
56,"Belgium",4,"Median","31",2025,52,23,75
56,"Belgium",4,"Median","32",2025,53,27,81
56,"Belgium",4,"Median","33",2025,54,29,83
56,"Belgium",4,"Median","34",2025,56,30,86
56,"Belgium",4,"Median","35",2025,61,34,95
56,"Belgium",4,"Median","36",2025,68,37,105
56,"Belgium",4,"Median","37",2025,73,37,110
56,"Belgium",4,"Median","38",2025,77,38,114
56,"Belgium",4,"Median","39",2025,79,42,121
56,"Belgium",4,"Median","40",2025,82,50,131
56,"Belgium",4,"Median","41",2025,87,55,142
56,"Belgium",4,"Median","42",2025,98,59,157
56,"Belgium",4,"Median","43",2025,118,65,184
56,"Belgium",4,"Median","44",2025,132,77,209
56,"Belgium",4,"Median","45",2025,139,90,229
56,"Belgium",4,"Median","46",2025,147,95,242
56,"Belgium",4,"Median","47",2025,157,100,257
56,"Belgium",4,"Median","48",2025,170,111,281
56,"Belgium",4,"Median","49",2025,184,123,307
56,"Belgium",4,"Median","50",2025,203,131,334
56,"Belgium",4,"Median","51",2025,229,142,371
56,"Belgium",4,"Median","52",2025,258,164,422
56,"Belgium",4,"Median","53",2025,289,191,480
56,"Belgium",4,"Median","54",2025,324,206,530
56,"Belgium",4,"Median","55",2025,361,221,582
56,"Belgium",4,"Median","56",2025,400,242,642
56,"Belgium",4,"Median","57",2025,447,268,715
56,"Belgium",4,"Median","58",2025,503,298,800
56,"Belgium",4,"Median","59",2025,564,330,894
56,"Belgium",4,"Median","60",2025,635,370,1005
56,"Belgium",4,"Median","61",2025,705,422,1127
56,"Belgium",4,"Median","62",2025,757,464,1221
56,"Belgium",4,"Median","63",2025,796,490,1286
56,"Belgium",4,"Median","64",2025,839,511,1351
56,"Belgium",4,"Median","65",2025,902,542,1444
56,"Belgium",4,"Median","66",2025,953,560,1513
56,"Belgium",4,"Median","67",2025,994,569,1564
56,"Belgium",4,"Median","68",2025,1033,600,1634
56,"Belgium",4,"Median","69",2025,1070,646,1716
56,"Belgium",4,"Median","70",2025,1103,686,1789
56,"Belgium",4,"Median","71",2025,1148,725,1873
56,"Belgium",4,"Median","72",2025,1227,779,2007
56,"Belgium",4,"Median","73",2025,1300,836,2136
56,"Belgium",4,"Median","74",2025,1351,896,2247
56,"Belgium",4,"Median","75",2025,1435,966,2401
56,"Belgium",4,"Median","76",2025,1547,1046,2594
56,"Belgium",4,"Median","77",2025,1643,1156,2799
56,"Belgium",4,"Median","78",2025,1733,1279,3012
56,"Belgium",4,"Median","79",2025,1696,1319,3016
56,"Belgium",4,"Median","80",2025,1654,1345,2999
56,"Belgium",4,"Median","81",2025,1727,1449,3176
56,"Belgium",4,"Median","82",2025,1680,1483,3163
56,"Belgium",4,"Median","83",2025,1581,1492,3074
56,"Belgium",4,"Median","84",2025,1665,1688,3353
56,"Belgium",4,"Median","85",2025,1900,2052,3952
56,"Belgium",4,"Median","86",2025,2063,2342,4405
56,"Belgium",4,"Median","87",2025,2081,2482,4563
56,"Belgium",4,"Median","88",2025,1988,2563,4552
56,"Belgium",4,"Median","89",2025,1865,2634,4500
56,"Belgium",4,"Median","90",2025,1764,2675,4439
56,"Belgium",4,"Median","91",2025,1636,2654,4290
56,"Belgium",4,"Median","92",2025,1468,2596,4064
56,"Belgium",4,"Median","93",2025,1287,2469,3757
56,"Belgium",4,"Median","94",2025,1088,2266,3354
56,"Belgium",4,"Median","95",2025,840,1949,2789
56,"Belgium",4,"Median","96",2025,610,1569,2179
56,"Belgium",4,"Median","97",2025,441,1233,1674
56,"Belgium",4,"Median","98",2025,305,950,1254
56,"Belgium",4,"Median","99",2025,205,709,914
56,"Belgium",4,"Median","100",2025,72,220,292
56,"Belgium",4,"Median","101",2025,56,190,246
56,"Belgium",4,"Median","102",2025,44,164,208
56,"Belgium",4,"Median","103",2025,35,141,176
56,"Belgium",4,"Median","104",2025,27,122,149
56,"Belgium",4,"Median","105",2025,22,105,127
56,"Belgium",4,"Median","106",2025,17,91,108
56,"Belgium",4,"Median","107",2025,13,78,91
56,"Belgium",4,"Median","108",2025,10,68,78
56,"Belgium",4,"Median","109",2025,8,58,66
56,"Belgium",4,"Median","110",2025,6,50,56
56,"Belgium",4,"Median","0",2026,157,116,273
56,"Belgium",4,"Median","1",2026,15,13,28
56,"Belgium",4,"Median","2",2026,5,5,10
56,"Belgium",4,"Median","3",2026,4,4,8
56,"Belgium",4,"Median","4",2026,4,4,8
56,"Belgium",4,"Median","5",2026,4,4,8
56,"Belgium",4,"Median","6",2026,4,3,8
56,"Belgium",4,"Median","7",2026,4,3,7
56,"Belgium",4,"Median","8",2026,4,3,7
56,"Belgium",4,"Median","9",2026,4,3,7
56,"Belgium",4,"Median","10",2026,4,2,7
56,"Belgium",4,"Median","11",2026,5,3,8
56,"Belgium",4,"Median","12",2026,6,4,9
56,"Belgium",4,"Median","13",2026,6,4,10
56,"Belgium",4,"Median","14",2026,6,5,11
56,"Belgium",4,"Median","15",2026,8,5,13
56,"Belgium",4,"Median","16",2026,11,7,18
56,"Belgium",4,"Median","17",2026,15,10,25
56,"Belgium",4,"Median","18",2026,21,12,33
56,"Belgium",4,"Median","19",2026,27,11,38
56,"Belgium",4,"Median","20",2026,31,10,41
56,"Belgium",4,"Median","21",2026,31,11,42
56,"Belgium",4,"Median","22",2026,32,12,45
56,"Belgium",4,"Median","23",2026,34,12,46
56,"Belgium",4,"Median","24",2026,34,13,46
56,"Belgium",4,"Median","25",2026,34,13,47
56,"Belgium",4,"Median","26",2026,36,14,49
56,"Belgium",4,"Median","27",2026,37,14,52
56,"Belgium",4,"Median","28",2026,38,16,54
56,"Belgium",4,"Median","29",2026,40,18,59
56,"Belgium",4,"Median","30",2026,45,20,65
56,"Belgium",4,"Median","31",2026,50,22,72
56,"Belgium",4,"Median","32",2026,51,26,77
56,"Belgium",4,"Median","33",2026,52,28,80
56,"Belgium",4,"Median","34",2026,55,29,84
56,"Belgium",4,"Median","35",2026,60,33,94
56,"Belgium",4,"Median","36",2026,67,37,104
56,"Belgium",4,"Median","37",2026,72,37,109
56,"Belgium",4,"Median","38",2026,76,37,113
56,"Belgium",4,"Median","39",2026,78,42,120
56,"Belgium",4,"Median","40",2026,80,49,130
56,"Belgium",4,"Median","41",2026,85,54,139
56,"Belgium",4,"Median","42",2026,95,57,152
56,"Belgium",4,"Median","43",2026,114,63,177
56,"Belgium",4,"Median","44",2026,128,75,203
56,"Belgium",4,"Median","45",2026,137,89,225
56,"Belgium",4,"Median","46",2026,146,95,241
56,"Belgium",4,"Median","47",2026,156,100,256
56,"Belgium",4,"Median","48",2026,168,111,279
56,"Belgium",4,"Median","49",2026,182,123,305
56,"Belgium",4,"Median","50",2026,198,129,326
56,"Belgium",4,"Median","51",2026,219,137,356
56,"Belgium",4,"Median","52",2026,247,158,405
56,"Belgium",4,"Median","53",2026,278,183,461
56,"Belgium",4,"Median","54",2026,312,201,513
56,"Belgium",4,"Median","55",2026,353,219,572
56,"Belgium",4,"Median","56",2026,396,240,636
56,"Belgium",4,"Median","57",2026,438,265,703
56,"Belgium",4,"Median","58",2026,486,291,777
56,"Belgium",4,"Median","59",2026,543,317,860
56,"Belgium",4,"Median","60",2026,610,356,966
56,"Belgium",4,"Median","61",2026,693,414,1107
56,"Belgium",4,"Median","62",2026,760,468,1228
56,"Belgium",4,"Median","63",2026,795,489,1283
56,"Belgium",4,"Median","64",2026,833,508,1341
56,"Belgium",4,"Median","65",2026,894,538,1433
56,"Belgium",4,"Median","66",2026,952,558,1510
56,"Belgium",4,"Median","67",2026,999,577,1575
56,"Belgium",4,"Median","68",2026,1040,604,1644
56,"Belgium",4,"Median","69",2026,1076,645,1722
56,"Belgium",4,"Median","70",2026,1104,688,1791
56,"Belgium",4,"Median","71",2026,1150,732,1883
56,"Belgium",4,"Median","72",2026,1223,783,2006
56,"Belgium",4,"Median","73",2026,1310,844,2155
56,"Belgium",4,"Median","74",2026,1354,894,2249
56,"Belgium",4,"Median","75",2026,1404,951,2355
56,"Belgium",4,"Median","76",2026,1515,1027,2541
56,"Belgium",4,"Median","77",2026,1617,1134,2751
56,"Belgium",4,"Median","78",2026,1706,1265,2971
56,"Belgium",4,"Median","79",2026,1810,1398,3208
56,"Belgium",4,"Median","80",2026,1779,1439,3217
56,"Belgium",4,"Median","81",2026,1741,1471,3212
56,"Belgium",4,"Median","82",2026,1808,1588,3396
56,"Belgium",4,"Median","83",2026,1740,1628,3369
56,"Belgium",4,"Median","84",2026,1637,1635,3271
56,"Belgium",4,"Median","85",2026,1721,1827,3549
56,"Belgium",4,"Median","86",2026,1946,2199,4145
56,"Belgium",4,"Median","87",2026,2066,2485,4551
56,"Belgium",4,"Median","88",2026,2045,2604,4649
56,"Belgium",4,"Median","89",2026,1915,2634,4548
56,"Belgium",4,"Median","90",2026,1766,2639,4405
56,"Belgium",4,"Median","91",2026,1638,2617,4255
56,"Belgium",4,"Median","92",2026,1484,2540,4024
56,"Belgium",4,"Median","93",2026,1292,2431,3723
56,"Belgium",4,"Median","94",2026,1098,2261,3359
56,"Belgium",4,"Median","95",2026,897,2005,2902
56,"Belgium",4,"Median","96",2026,666,1648,2314
56,"Belgium",4,"Median","97",2026,467,1277,1744
56,"Belgium",4,"Median","98",2026,326,971,1297
56,"Belgium",4,"Median","99",2026,216,715,931
56,"Belgium",4,"Median","100",2026,74,224,298
56,"Belgium",4,"Median","101",2026,59,195,254
56,"Belgium",4,"Median","102",2026,47,169,216
56,"Belgium",4,"Median","103",2026,37,147,184
56,"Belgium",4,"Median","104",2026,29,127,156
56,"Belgium",4,"Median","105",2026,23,110,133
56,"Belgium",4,"Median","106",2026,19,96,115
56,"Belgium",4,"Median","107",2026,15,83,98
56,"Belgium",4,"Median","108",2026,12,72,84
56,"Belgium",4,"Median","109",2026,9,63,72
56,"Belgium",4,"Median","110",2026,7,54,61
56,"Belgium",4,"Median","0",2027,151,113,264
56,"Belgium",4,"Median","1",2027,15,13,28
56,"Belgium",4,"Median","2",2027,5,5,10
56,"Belgium",4,"Median","3",2027,4,4,8
56,"Belgium",4,"Median","4",2027,4,4,8
56,"Belgium",4,"Median","5",2027,4,4,8
56,"Belgium",4,"Median","6",2027,4,3,7
56,"Belgium",4,"Median","7",2027,4,3,7
56,"Belgium",4,"Median","8",2027,4,3,7
56,"Belgium",4,"Median","9",2027,4,3,6
56,"Belgium",4,"Median","10",2027,4,2,6
56,"Belgium",4,"Median","11",2027,5,3,7
56,"Belgium",4,"Median","12",2027,5,4,9
56,"Belgium",4,"Median","13",2027,6,4,10
56,"Belgium",4,"Median","14",2027,6,5,11
56,"Belgium",4,"Median","15",2027,8,5,13
56,"Belgium",4,"Median","16",2027,10,7,17
56,"Belgium",4,"Median","17",2027,15,10,24
56,"Belgium",4,"Median","18",2027,21,12,33
56,"Belgium",4,"Median","19",2027,27,11,38
56,"Belgium",4,"Median","20",2027,31,10,41
56,"Belgium",4,"Median","21",2027,31,11,43
56,"Belgium",4,"Median","22",2027,33,12,45
56,"Belgium",4,"Median","23",2027,34,13,47
56,"Belgium",4,"Median","24",2027,33,13,46
56,"Belgium",4,"Median","25",2027,33,13,46
56,"Belgium",4,"Median","26",2027,35,13,48
56,"Belgium",4,"Median","27",2027,37,14,51
56,"Belgium",4,"Median","28",2027,37,16,53
56,"Belgium",4,"Median","29",2027,39,18,57
56,"Belgium",4,"Median","30",2027,44,20,64
56,"Belgium",4,"Median","31",2027,48,22,70
56,"Belgium",4,"Median","32",2027,49,25,74
56,"Belgium",4,"Median","33",2027,49,26,76
56,"Belgium",4,"Median","34",2027,52,28,81
56,"Belgium",4,"Median","35",2027,59,33,92
56,"Belgium",4,"Median","36",2027,66,37,103
56,"Belgium",4,"Median","37",2027,71,37,108
56,"Belgium",4,"Median","38",2027,75,37,112
56,"Belgium",4,"Median","39",2027,77,42,119
56,"Belgium",4,"Median","40",2027,80,49,129
56,"Belgium",4,"Median","41",2027,83,54,137
56,"Belgium",4,"Median","42",2027,92,56,149
56,"Belgium",4,"Median","43",2027,110,62,172
56,"Belgium",4,"Median","44",2027,124,73,197
56,"Belgium",4,"Median","45",2027,133,86,219
56,"Belgium",4,"Median","46",2027,143,94,237
56,"Belgium",4,"Median","47",2027,155,100,255
56,"Belgium",4,"Median","48",2027,167,111,278
56,"Belgium",4,"Median","49",2027,180,124,304
56,"Belgium",4,"Median","50",2027,196,129,325
56,"Belgium",4,"Median","51",2027,213,135,348
56,"Belgium",4,"Median","52",2027,236,153,388
56,"Belgium",4,"Median","53",2027,266,176,442
56,"Belgium",4,"Median","54",2027,300,193,493
56,"Belgium",4,"Median","55",2027,341,214,554
56,"Belgium",4,"Median","56",2027,388,238,626
56,"Belgium",4,"Median","57",2027,434,263,697
56,"Belgium",4,"Median","58",2027,477,288,765
56,"Belgium",4,"Median","59",2027,525,310,835
56,"Belgium",4,"Median","60",2027,587,343,930
56,"Belgium",4,"Median","61",2027,666,399,1066
56,"Belgium",4,"Median","62",2027,747,460,1207
56,"Belgium",4,"Median","63",2027,797,493,1290
56,"Belgium",4,"Median","64",2027,832,507,1338
56,"Belgium",4,"Median","65",2027,888,535,1423
56,"Belgium",4,"Median","66",2027,943,555,1498
56,"Belgium",4,"Median","67",2027,997,576,1573
56,"Belgium",4,"Median","68",2027,1044,612,1656
56,"Belgium",4,"Median","69",2027,1083,650,1733
56,"Belgium",4,"Median","70",2027,1110,688,1798
56,"Belgium",4,"Median","71",2027,1151,735,1886
56,"Belgium",4,"Median","72",2027,1226,792,2018
56,"Belgium",4,"Median","73",2027,1307,850,2157
56,"Belgium",4,"Median","74",2027,1365,905,2270
56,"Belgium",4,"Median","75",2027,1408,950,2358
56,"Belgium",4,"Median","76",2027,1483,1012,2495
56,"Belgium",4,"Median","77",2027,1584,1115,2699
56,"Belgium",4,"Median","78",2027,1680,1243,2924
56,"Belgium",4,"Median","79",2027,1784,1386,3170
56,"Belgium",4,"Median","80",2027,1900,1528,3429
56,"Belgium",4,"Median","81",2027,1875,1578,3453
56,"Belgium",4,"Median","82",2027,1825,1616,3442
56,"Belgium",4,"Median","83",2027,1876,1748,3624
56,"Belgium",4,"Median","84",2027,1806,1789,3594
56,"Belgium",4,"Median","85",2027,1696,1774,3471
56,"Belgium",4,"Median","86",2027,1767,1964,3731
56,"Belgium",4,"Median","87",2027,1954,2339,4293
56,"Belgium",4,"Median","88",2027,2036,2614,4650
56,"Belgium",4,"Median","89",2027,1974,2683,4657
56,"Belgium",4,"Median","90",2027,1818,2646,4464
56,"Belgium",4,"Median","91",2027,1645,2589,4234
56,"Belgium",4,"Median","92",2027,1490,2512,4002
56,"Belgium",4,"Median","93",2027,1310,2384,3695
56,"Belgium",4,"Median","94",2027,1106,2232,3337
56,"Belgium",4,"Median","95",2027,908,2006,2914
56,"Belgium",4,"Median","96",2027,714,1699,2413
56,"Belgium",4,"Median","97",2027,512,1345,1857
56,"Belgium",4,"Median","98",2027,346,1008,1355
56,"Belgium",4,"Median","99",2027,232,733,965
56,"Belgium",4,"Median","100",2027,77,226,303
56,"Belgium",4,"Median","101",2027,62,197,259
56,"Belgium",4,"Median","102",2027,50,172,222
56,"Belgium",4,"Median","103",2027,40,150,190
56,"Belgium",4,"Median","104",2027,32,131,163
56,"Belgium",4,"Median","105",2027,25,115,140
56,"Belgium",4,"Median","106",2027,20,100,120
56,"Belgium",4,"Median","107",2027,16,87,103
56,"Belgium",4,"Median","108",2027,13,76,89
56,"Belgium",4,"Median","109",2027,10,67,77
56,"Belgium",4,"Median","110",2027,8,58,66
56,"Belgium",4,"Median","0",2028,145,110,255
56,"Belgium",4,"Median","1",2028,14,13,27
56,"Belgium",4,"Median","2",2028,5,5,9
56,"Belgium",4,"Median","3",2028,4,4,7
56,"Belgium",4,"Median","4",2028,3,3,7
56,"Belgium",4,"Median","5",2028,4,3,7
56,"Belgium",4,"Median","6",2028,4,3,7
56,"Belgium",4,"Median","7",2028,4,3,7
56,"Belgium",4,"Median","8",2028,3,3,6
56,"Belgium",4,"Median","9",2028,3,3,6
56,"Belgium",4,"Median","10",2028,4,2,6
56,"Belgium",4,"Median","11",2028,5,3,7
56,"Belgium",4,"Median","12",2028,5,3,9
56,"Belgium",4,"Median","13",2028,5,4,10
56,"Belgium",4,"Median","14",2028,6,4,10
56,"Belgium",4,"Median","15",2028,7,5,12
56,"Belgium",4,"Median","16",2028,10,7,17
56,"Belgium",4,"Median","17",2028,14,9,24
56,"Belgium",4,"Median","18",2028,20,12,32
56,"Belgium",4,"Median","19",2028,27,11,37
56,"Belgium",4,"Median","20",2028,31,10,41
56,"Belgium",4,"Median","21",2028,31,12,43
56,"Belgium",4,"Median","22",2028,33,13,45
56,"Belgium",4,"Median","23",2028,34,13,47
56,"Belgium",4,"Median","24",2028,34,13,46
56,"Belgium",4,"Median","25",2028,33,13,46
56,"Belgium",4,"Median","26",2028,34,13,47
56,"Belgium",4,"Median","27",2028,36,14,50
56,"Belgium",4,"Median","28",2028,37,15,52
56,"Belgium",4,"Median","29",2028,38,17,55
56,"Belgium",4,"Median","30",2028,43,19,62
56,"Belgium",4,"Median","31",2028,47,21,68
56,"Belgium",4,"Median","32",2028,47,24,72
56,"Belgium",4,"Median","33",2028,47,25,73
56,"Belgium",4,"Median","34",2028,50,27,76
56,"Belgium",4,"Median","35",2028,56,31,88
56,"Belgium",4,"Median","36",2028,65,36,101
56,"Belgium",4,"Median","37",2028,71,36,107
56,"Belgium",4,"Median","38",2028,74,37,111
56,"Belgium",4,"Median","39",2028,76,42,118
56,"Belgium",4,"Median","40",2028,79,49,127
56,"Belgium",4,"Median","41",2028,83,53,136
56,"Belgium",4,"Median","42",2028,91,56,147
56,"Belgium",4,"Median","43",2028,108,61,168
56,"Belgium",4,"Median","44",2028,120,71,191
56,"Belgium",4,"Median","45",2028,128,84,212
56,"Belgium",4,"Median","46",2028,139,92,230
56,"Belgium",4,"Median","47",2028,152,99,251
56,"Belgium",4,"Median","48",2028,166,111,277
56,"Belgium",4,"Median","49",2028,180,123,302
56,"Belgium",4,"Median","50",2028,194,129,323
56,"Belgium",4,"Median","51",2028,211,135,346
56,"Belgium",4,"Median","52",2028,229,150,379
56,"Belgium",4,"Median","53",2028,254,170,424
56,"Belgium",4,"Median","54",2028,288,185,473
56,"Belgium",4,"Median","55",2028,327,205,532
56,"Belgium",4,"Median","56",2028,374,232,606
56,"Belgium",4,"Median","57",2028,425,260,685
56,"Belgium",4,"Median","58",2028,472,285,757
56,"Belgium",4,"Median","59",2028,515,306,821
56,"Belgium",4,"Median","60",2028,568,334,902
56,"Belgium",4,"Median","61",2028,641,384,1025
56,"Belgium",4,"Median","62",2028,719,442,1161
56,"Belgium",4,"Median","63",2028,783,483,1266
56,"Belgium",4,"Median","64",2028,834,509,1343
56,"Belgium",4,"Median","65",2028,885,532,1417
56,"Belgium",4,"Median","66",2028,936,550,1486
56,"Belgium",4,"Median","67",2028,987,570,1557
56,"Belgium",4,"Median","68",2028,1042,609,1651
56,"Belgium",4,"Median","69",2028,1087,657,1744
56,"Belgium",4,"Median","70",2028,1116,691,1807
56,"Belgium",4,"Median","71",2028,1157,733,1890
56,"Belgium",4,"Median","72",2028,1227,792,2020
56,"Belgium",4,"Median","73",2028,1311,857,2168
56,"Belgium",4,"Median","74",2028,1362,907,2269
56,"Belgium",4,"Median","75",2028,1419,957,2376
56,"Belgium",4,"Median","76",2028,1487,1008,2495
56,"Belgium",4,"Median","77",2028,1552,1095,2648
56,"Belgium",4,"Median","78",2028,1648,1218,2866
56,"Belgium",4,"Median","79",2028,1759,1358,3117
56,"Belgium",4,"Median","80",2028,1875,1511,3386
56,"Belgium",4,"Median","81",2028,2007,1672,3679
56,"Belgium",4,"Median","82",2028,1970,1730,3700
56,"Belgium",4,"Median","83",2028,1898,1775,3673
56,"Belgium",4,"Median","84",2028,1951,1917,3868
56,"Belgium",4,"Median","85",2028,1876,1939,3815
56,"Belgium",4,"Median","86",2028,1746,1905,3652
56,"Belgium",4,"Median","87",2028,1779,2087,3866
56,"Belgium",4,"Median","88",2028,1931,2459,4390
56,"Belgium",4,"Median","89",2028,1971,2692,4663
56,"Belgium",4,"Median","90",2028,1880,2694,4574
56,"Belgium",4,"Median","91",2028,1699,2596,4294
56,"Belgium",4,"Median","92",2028,1502,2486,3988
56,"Belgium",4,"Median","93",2028,1320,2359,3679
56,"Belgium",4,"Median","94",2028,1125,2190,3315
56,"Belgium",4,"Median","95",2028,917,1982,2899
56,"Belgium",4,"Median","96",2028,725,1702,2427
56,"Belgium",4,"Median","97",2028,550,1388,1938
56,"Belgium",4,"Median","98",2028,381,1063,1444
56,"Belgium",4,"Median","99",2028,247,762,1009
56,"Belgium",4,"Median","100",2028,81,228,309
56,"Belgium",4,"Median","101",2028,65,200,265
56,"Belgium",4,"Median","102",2028,53,175,228
56,"Belgium",4,"Median","103",2028,42,154,196
56,"Belgium",4,"Median","104",2028,34,135,169
56,"Belgium",4,"Median","105",2028,27,118,145
56,"Belgium",4,"Median","106",2028,22,104,126
56,"Belgium",4,"Median","107",2028,18,91,109
56,"Belgium",4,"Median","108",2028,14,80,94
56,"Belgium",4,"Median","109",2028,12,70,82
56,"Belgium",4,"Median","110",2028,9,62,71
56,"Belgium",4,"Median","0",2029,140,107,248
56,"Belgium",4,"Median","1",2029,14,12,26
56,"Belgium",4,"Median","2",2029,4,5,9
56,"Belgium",4,"Median","3",2029,3,4,7
56,"Belgium",4,"Median","4",2029,3,3,7
56,"Belgium",4,"Median","5",2029,3,3,6
56,"Belgium",4,"Median","6",2029,4,3,7
56,"Belgium",4,"Median","7",2029,4,3,7
56,"Belgium",4,"Median","8",2029,3,3,6
56,"Belgium",4,"Median","9",2029,3,3,6
56,"Belgium",4,"Median","10",2029,4,2,6
56,"Belgium",4,"Median","11",2029,4,2,7
56,"Belgium",4,"Median","12",2029,5,3,8
56,"Belgium",4,"Median","13",2029,5,4,9
56,"Belgium",4,"Median","14",2029,6,4,10
56,"Belgium",4,"Median","15",2029,7,5,12
56,"Belgium",4,"Median","16",2029,10,6,16
56,"Belgium",4,"Median","17",2029,14,9,23
56,"Belgium",4,"Median","18",2029,20,11,31
56,"Belgium",4,"Median","19",2029,26,11,37
56,"Belgium",4,"Median","20",2029,30,10,40
56,"Belgium",4,"Median","21",2029,31,11,43
56,"Belgium",4,"Median","22",2029,33,13,46
56,"Belgium",4,"Median","23",2029,34,13,47
56,"Belgium",4,"Median","24",2029,34,13,47
56,"Belgium",4,"Median","25",2029,33,13,46
56,"Belgium",4,"Median","26",2029,34,13,47
56,"Belgium",4,"Median","27",2029,35,14,49
56,"Belgium",4,"Median","28",2029,36,15,51
56,"Belgium",4,"Median","29",2029,38,17,55
56,"Belgium",4,"Median","30",2029,41,18,60
56,"Belgium",4,"Median","31",2029,46,21,66
56,"Belgium",4,"Median","32",2029,46,24,70
56,"Belgium",4,"Median","33",2029,46,25,71
56,"Belgium",4,"Median","34",2029,48,26,73
56,"Belgium",4,"Median","35",2029,54,30,83
56,"Belgium",4,"Median","36",2029,62,35,97
56,"Belgium",4,"Median","37",2029,69,35,104
56,"Belgium",4,"Median","38",2029,73,36,109
56,"Belgium",4,"Median","39",2029,75,41,116
56,"Belgium",4,"Median","40",2029,78,48,126
56,"Belgium",4,"Median","41",2029,82,53,134
56,"Belgium",4,"Median","42",2029,90,55,146
56,"Belgium",4,"Median","43",2029,106,60,166
56,"Belgium",4,"Median","44",2029,117,70,187
56,"Belgium",4,"Median","45",2029,124,82,206
56,"Belgium",4,"Median","46",2029,134,89,223
56,"Belgium",4,"Median","47",2029,148,96,244
56,"Belgium",4,"Median","48",2029,163,110,273
56,"Belgium",4,"Median","49",2029,178,123,302
56,"Belgium",4,"Median","50",2029,193,129,322
56,"Belgium",4,"Median","51",2029,209,135,344
56,"Belgium",4,"Median","52",2029,227,150,377
56,"Belgium",4,"Median","53",2029,247,167,414
56,"Belgium",4,"Median","54",2029,275,179,454
56,"Belgium",4,"Median","55",2029,314,197,510
56,"Belgium",4,"Median","56",2029,360,223,582
56,"Belgium",4,"Median","57",2029,410,254,665
56,"Belgium",4,"Median","58",2029,463,283,746
56,"Belgium",4,"Median","59",2029,510,304,814
56,"Belgium",4,"Median","60",2029,557,331,888
56,"Belgium",4,"Median","61",2029,621,375,996
56,"Belgium",4,"Median","62",2029,692,426,1118
56,"Belgium",4,"Median","63",2029,753,466,1219
56,"Belgium",4,"Median","64",2029,818,500,1319
56,"Belgium",4,"Median","65",2029,887,536,1424
56,"Belgium",4,"Median","66",2029,933,548,1481
56,"Belgium",4,"Median","67",2029,979,566,1545
56,"Belgium",4,"Median","68",2029,1032,605,1636
56,"Belgium",4,"Median","69",2029,1084,656,1740
56,"Belgium",4,"Median","70",2029,1120,700,1820
56,"Belgium",4,"Median","71",2029,1164,738,1903
56,"Belgium",4,"Median","72",2029,1234,793,2027
56,"Belgium",4,"Median","73",2029,1313,861,2173
56,"Belgium",4,"Median","74",2029,1366,918,2284
56,"Belgium",4,"Median","75",2029,1415,963,2379
56,"Belgium",4,"Median","76",2029,1499,1020,2519
56,"Belgium",4,"Median","77",2029,1558,1095,2653
56,"Belgium",4,"Median","78",2029,1616,1202,2818
56,"Belgium",4,"Median","79",2029,1726,1337,3063
56,"Belgium",4,"Median","80",2029,1851,1487,3337
56,"Belgium",4,"Median","81",2029,1983,1661,3644
56,"Belgium",4,"Median","82",2029,2112,1842,3953
56,"Belgium",4,"Median","83",2029,2052,1908,3960
56,"Belgium",4,"Median","84",2029,1978,1955,3934
56,"Belgium",4,"Median","85",2029,2032,2087,4119
56,"Belgium",4,"Median","86",2029,1937,2091,4027
56,"Belgium",4,"Median","87",2029,1763,2033,3796
56,"Belgium",4,"Median","88",2029,1764,2204,3967
56,"Belgium",4,"Median","89",2029,1875,2542,4417
56,"Belgium",4,"Median","90",2029,1882,2714,4596
56,"Belgium",4,"Median","91",2029,1762,2654,4416
56,"Belgium",4,"Median","92",2029,1556,2502,4057
56,"Belgium",4,"Median","93",2029,1334,2343,3677
56,"Belgium",4,"Median","94",2029,1137,2175,3311
56,"Belgium",4,"Median","95",2029,936,1952,2888
56,"Belgium",4,"Median","96",2029,734,1687,2421
56,"Belgium",4,"Median","97",2029,560,1394,1955
56,"Belgium",4,"Median","98",2029,410,1100,1510
56,"Belgium",4,"Median","99",2029,272,805,1077
56,"Belgium",4,"Median","100",2029,85,233,318
56,"Belgium",4,"Median","101",2029,69,205,274
56,"Belgium",4,"Median","102",2029,56,180,236
56,"Belgium",4,"Median","103",2029,45,159,204
56,"Belgium",4,"Median","104",2029,37,140,177
56,"Belgium",4,"Median","105",2029,30,123,153
56,"Belgium",4,"Median","106",2029,24,108,132
56,"Belgium",4,"Median","107",2029,20,95,115
56,"Belgium",4,"Median","108",2029,16,84,100
56,"Belgium",4,"Median","109",2029,13,74,87
56,"Belgium",4,"Median","110",2029,10,65,75
56,"Belgium",4,"Median","0",2030,136,104,240
56,"Belgium",4,"Median","1",2030,13,12,25
56,"Belgium",4,"Median","2",2030,4,4,9
56,"Belgium",4,"Median","3",2030,3,4,7
56,"Belgium",4,"Median","4",2030,3,3,6
56,"Belgium",4,"Median","5",2030,3,3,6
56,"Belgium",4,"Median","6",2030,3,3,6
56,"Belgium",4,"Median","7",2030,3,3,6
56,"Belgium",4,"Median","8",2030,3,3,6
56,"Belgium",4,"Median","9",2030,3,3,6
56,"Belgium",4,"Median","10",2030,3,2,5
56,"Belgium",4,"Median","11",2030,4,2,7
56,"Belgium",4,"Median","12",2030,5,3,8
56,"Belgium",4,"Median","13",2030,5,4,9
56,"Belgium",4,"Median","14",2030,5,4,9
56,"Belgium",4,"Median","15",2030,7,5,12
56,"Belgium",4,"Median","16",2030,9,6,15
56,"Belgium",4,"Median","17",2030,13,9,22
56,"Belgium",4,"Median","18",2030,19,11,30
56,"Belgium",4,"Median","19",2030,25,10,36
56,"Belgium",4,"Median","20",2030,30,10,39
56,"Belgium",4,"Median","21",2030,31,11,42
56,"Belgium",4,"Median","22",2030,33,13,45
56,"Belgium",4,"Median","23",2030,34,13,48
56,"Belgium",4,"Median","24",2030,34,13,47
56,"Belgium",4,"Median","25",2030,33,13,47
56,"Belgium",4,"Median","26",2030,34,13,47
56,"Belgium",4,"Median","27",2030,35,14,49
56,"Belgium",4,"Median","28",2030,35,15,50
56,"Belgium",4,"Median","29",2030,37,17,54
56,"Belgium",4,"Median","30",2030,41,18,59
56,"Belgium",4,"Median","31",2030,45,20,65
56,"Belgium",4,"Median","32",2030,45,23,68
56,"Belgium",4,"Median","33",2030,45,24,69
56,"Belgium",4,"Median","34",2030,46,25,71
56,"Belgium",4,"Median","35",2030,51,29,80
56,"Belgium",4,"Median","36",2030,59,33,92
56,"Belgium",4,"Median","37",2030,66,34,100
56,"Belgium",4,"Median","38",2030,71,35,107
56,"Belgium",4,"Median","39",2030,74,41,115
56,"Belgium",4,"Median","40",2030,77,48,125
56,"Belgium",4,"Median","41",2030,81,52,133
56,"Belgium",4,"Median","42",2030,89,55,144
56,"Belgium",4,"Median","43",2030,105,60,165
56,"Belgium",4,"Median","44",2030,115,70,185
56,"Belgium",4,"Median","45",2030,121,81,201
56,"Belgium",4,"Median","46",2030,129,87,216
56,"Belgium",4,"Median","47",2030,142,94,236
56,"Belgium",4,"Median","48",2030,158,107,265
56,"Belgium",4,"Median","49",2030,175,122,297
56,"Belgium",4,"Median","50",2030,192,129,321
56,"Belgium",4,"Median","51",2030,208,134,342
56,"Belgium",4,"Median","52",2030,225,150,375
56,"Belgium",4,"Median","53",2030,245,167,413
56,"Belgium",4,"Median","54",2030,267,176,443
56,"Belgium",4,"Median","55",2030,300,190,490
56,"Belgium",4,"Median","56",2030,345,214,559
56,"Belgium",4,"Median","57",2030,395,244,638
56,"Belgium",4,"Median","58",2030,447,276,723
56,"Belgium",4,"Median","59",2030,500,301,801
56,"Belgium",4,"Median","60",2030,552,328,880
56,"Belgium",4,"Median","61",2030,609,371,980
56,"Belgium",4,"Median","62",2030,670,416,1086
56,"Belgium",4,"Median","63",2030,725,448,1173
56,"Belgium",4,"Median","64",2030,787,481,1268
56,"Belgium",4,"Median","65",2030,871,526,1397
56,"Belgium",4,"Median","66",2030,934,551,1486
56,"Belgium",4,"Median","67",2030,976,563,1539
56,"Belgium",4,"Median","68",2030,1022,600,1622
56,"Belgium",4,"Median","69",2030,1074,650,1724
56,"Belgium",4,"Median","70",2030,1117,697,1814
56,"Belgium",4,"Median","71",2030,1168,747,1915
56,"Belgium",4,"Median","72",2030,1242,797,2039
56,"Belgium",4,"Median","73",2030,1321,860,2181
56,"Belgium",4,"Median","74",2030,1368,920,2288
56,"Belgium",4,"Median","75",2030,1420,973,2393
56,"Belgium",4,"Median","76",2030,1496,1024,2520
56,"Belgium",4,"Median","77",2030,1572,1106,2677
56,"Belgium",4,"Median","78",2030,1623,1200,2823
56,"Belgium",4,"Median","79",2030,1695,1317,3012
56,"Belgium",4,"Median","80",2030,1818,1462,3280
56,"Belgium",4,"Median","81",2030,1961,1633,3594
56,"Belgium",4,"Median","82",2030,2091,1828,3918
56,"Belgium",4,"Median","83",2030,2204,2030,4233
56,"Belgium",4,"Median","84",2030,2144,2102,4246
56,"Belgium",4,"Median","85",2030,2065,2128,4194
56,"Belgium",4,"Median","86",2030,2103,2251,4354
56,"Belgium",4,"Median","87",2030,1960,2232,4192
56,"Belgium",4,"Median","88",2030,1753,2148,3901
56,"Belgium",4,"Median","89",2030,1717,2279,3996
56,"Belgium",4,"Median","90",2030,1795,2565,4360
56,"Belgium",4,"Median","91",2030,1769,2676,4445
56,"Belgium",4,"Median","92",2030,1619,2561,4179
56,"Belgium",4,"Median","93",2030,1386,2360,3747
56,"Belgium",4,"Median","94",2030,1152,2163,3315
56,"Belgium",4,"Median","95",2030,949,1941,2890
56,"Belgium",4,"Median","96",2030,752,1664,2415
56,"Belgium",4,"Median","97",2030,569,1384,1953
56,"Belgium",4,"Median","98",2030,419,1107,1526
56,"Belgium",4,"Median","99",2030,294,834,1129
56,"Belgium",4,"Median","100",2030,91,240,331
56,"Belgium",4,"Median","101",2030,74,212,286
56,"Belgium",4,"Median","102",2030,60,187,247
56,"Belgium",4,"Median","103",2030,49,165,214
56,"Belgium",4,"Median","104",2030,40,146,186
56,"Belgium",4,"Median","105",2030,33,129,162
56,"Belgium",4,"Median","106",2030,27,114,141
56,"Belgium",4,"Median","107",2030,22,100,122
56,"Belgium",4,"Median","108",2030,18,89,107
56,"Belgium",4,"Median","109",2030,15,78,93
56,"Belgium",4,"Median","110",2030,12,69,81
56,"Belgium",4,"Median","0",2031,132,102,234
56,"Belgium",4,"Median","1",2031,13,12,25
56,"Belgium",4,"Median","2",2031,4,4,8
56,"Belgium",4,"Median","3",2031,3,4,7
56,"Belgium",4,"Median","4",2031,3,3,6
56,"Belgium",4,"Median","5",2031,3,3,6
56,"Belgium",4,"Median","6",2031,3,3,6
56,"Belgium",4,"Median","7",2031,3,2,5
56,"Belgium",4,"Median","8",2031,3,3,6
56,"Belgium",4,"Median","9",2031,3,2,6
56,"Belgium",4,"Median","10",2031,3,2,5
56,"Belgium",4,"Median","11",2031,4,2,6
56,"Belgium",4,"Median","12",2031,5,3,8
56,"Belgium",4,"Median","13",2031,5,4,9
56,"Belgium",4,"Median","14",2031,5,4,9
56,"Belgium",4,"Median","15",2031,6,5,11
56,"Belgium",4,"Median","16",2031,9,6,15
56,"Belgium",4,"Median","17",2031,13,9,21
56,"Belgium",4,"Median","18",2031,18,11,29
56,"Belgium",4,"Median","19",2031,24,10,35
56,"Belgium",4,"Median","20",2031,29,9,39
56,"Belgium",4,"Median","21",2031,30,11,42
56,"Belgium",4,"Median","22",2031,32,13,45
56,"Belgium",4,"Median","23",2031,34,13,48
56,"Belgium",4,"Median","24",2031,34,13,47
56,"Belgium",4,"Median","25",2031,34,13,47
56,"Belgium",4,"Median","26",2031,35,13,48
56,"Belgium",4,"Median","27",2031,35,14,49
56,"Belgium",4,"Median","28",2031,35,15,50
56,"Belgium",4,"Median","29",2031,36,16,53
56,"Belgium",4,"Median","30",2031,40,18,58
56,"Belgium",4,"Median","31",2031,44,20,64
56,"Belgium",4,"Median","32",2031,44,22,66
56,"Belgium",4,"Median","33",2031,43,23,67
56,"Belgium",4,"Median","34",2031,45,25,70
56,"Belgium",4,"Median","35",2031,50,28,78
56,"Belgium",4,"Median","36",2031,57,31,88
56,"Belgium",4,"Median","37",2031,63,32,95
56,"Belgium",4,"Median","38",2031,68,34,102
56,"Belgium",4,"Median","39",2031,72,40,112
56,"Belgium",4,"Median","40",2031,76,47,123
56,"Belgium",4,"Median","41",2031,80,52,132
56,"Belgium",4,"Median","42",2031,88,55,143
56,"Belgium",4,"Median","43",2031,104,59,163
56,"Belgium",4,"Median","44",2031,114,69,183
56,"Belgium",4,"Median","45",2031,119,80,199
56,"Belgium",4,"Median","46",2031,126,85,212
56,"Belgium",4,"Median","47",2031,138,91,229
56,"Belgium",4,"Median","48",2031,152,104,256
56,"Belgium",4,"Median","49",2031,170,119,289
56,"Belgium",4,"Median","50",2031,188,128,316
56,"Belgium",4,"Median","51",2031,207,135,341
56,"Belgium",4,"Median","52",2031,224,150,374
56,"Belgium",4,"Median","53",2031,244,168,411
56,"Belgium",4,"Median","54",2031,266,176,442
56,"Belgium",4,"Median","55",2031,292,187,478
56,"Belgium",4,"Median","56",2031,330,207,536
56,"Belgium",4,"Median","57",2031,379,234,613
56,"Belgium",4,"Median","58",2031,430,265,695
56,"Belgium",4,"Median","59",2031,483,293,776
56,"Belgium",4,"Median","60",2031,542,325,867
56,"Belgium",4,"Median","61",2031,605,368,973
56,"Belgium",4,"Median","62",2031,659,412,1070
56,"Belgium",4,"Median","63",2031,703,437,1140
56,"Belgium",4,"Median","64",2031,758,463,1221
56,"Belgium",4,"Median","65",2031,838,506,1344
56,"Belgium",4,"Median","66",2031,918,540,1458
56,"Belgium",4,"Median","67",2031,978,567,1545
56,"Belgium",4,"Median","68",2031,1020,596,1617
56,"Belgium",4,"Median","69",2031,1066,644,1710
56,"Belgium",4,"Median","70",2031,1107,690,1798
56,"Belgium",4,"Median","71",2031,1167,744,1911
56,"Belgium",4,"Median","72",2031,1248,806,2055
56,"Belgium",4,"Median","73",2031,1332,865,2197
56,"Belgium",4,"Median","74",2031,1379,919,2299
56,"Belgium",4,"Median","75",2031,1425,975,2400
56,"Belgium",4,"Median","76",2031,1504,1034,2538
56,"Belgium",4,"Median","77",2031,1572,1111,2683
56,"Belgium",4,"Median","78",2031,1641,1212,2854
56,"Belgium",4,"Median","79",2031,1707,1316,3023
56,"Belgium",4,"Median","80",2031,1790,1441,3231
56,"Belgium",4,"Median","81",2031,1934,1607,3540
56,"Belgium",4,"Median","82",2031,2074,1799,3873
56,"Belgium",4,"Median","83",2031,2189,2016,4205
56,"Belgium",4,"Median","84",2031,2311,2239,4550
56,"Belgium",4,"Median","85",2031,2246,2291,4538
56,"Belgium",4,"Median","86",2031,2146,2300,4445
56,"Belgium",4,"Median","87",2031,2137,2406,4543
56,"Belgium",4,"Median","88",2031,1956,2363,4319
56,"Belgium",4,"Median","89",2031,1713,2226,3939
56,"Belgium",4,"Median","90",2031,1650,2304,3954
56,"Belgium",4,"Median","91",2031,1694,2534,4228
56,"Belgium",4,"Median","92",2031,1632,2587,4219
56,"Belgium",4,"Median","93",2031,1448,2421,3869
56,"Belgium",4,"Median","94",2031,1202,2184,3385
56,"Belgium",4,"Median","95",2031,966,1934,2900
56,"Belgium",4,"Median","96",2031,765,1657,2422
56,"Belgium",4,"Median","97",2031,585,1368,1952
56,"Belgium",4,"Median","98",2031,427,1100,1528
56,"Belgium",4,"Median","99",2031,302,841,1142
56,"Belgium",4,"Median","100",2031,96,243,339
56,"Belgium",4,"Median","101",2031,79,216,295
56,"Belgium",4,"Median","102",2031,65,192,257
56,"Belgium",4,"Median","103",2031,53,171,224
56,"Belgium",4,"Median","104",2031,44,152,196
56,"Belgium",4,"Median","105",2031,36,135,171
56,"Belgium",4,"Median","106",2031,30,120,150
56,"Belgium",4,"Median","107",2031,24,107,131
56,"Belgium",4,"Median","108",2031,20,95,115
56,"Belgium",4,"Median","109",2031,17,85,102
56,"Belgium",4,"Median","110",2031,14,75,89
56,"Belgium",4,"Median","0",2032,129,100,229
56,"Belgium",4,"Median","1",2032,13,12,24
56,"Belgium",4,"Median","2",2032,4,4,8
56,"Belgium",4,"Median","3",2032,3,3,6
56,"Belgium",4,"Median","4",2032,3,3,6
56,"Belgium",4,"Median","5",2032,3,3,6
56,"Belgium",4,"Median","6",2032,3,2,6
56,"Belgium",4,"Median","7",2032,3,2,5
56,"Belgium",4,"Median","8",2032,3,2,5
56,"Belgium",4,"Median","9",2032,3,2,5
56,"Belgium",4,"Median","10",2032,3,2,5
56,"Belgium",4,"Median","11",2032,4,2,6
56,"Belgium",4,"Median","12",2032,4,3,7
56,"Belgium",4,"Median","13",2032,5,4,8
56,"Belgium",4,"Median","14",2032,5,4,9
56,"Belgium",4,"Median","15",2032,6,4,11
56,"Belgium",4,"Median","16",2032,9,6,14
56,"Belgium",4,"Median","17",2032,12,8,21
56,"Belgium",4,"Median","18",2032,18,10,28
56,"Belgium",4,"Median","19",2032,24,10,33
56,"Belgium",4,"Median","20",2032,28,9,37
56,"Belgium",4,"Median","21",2032,30,11,41
56,"Belgium",4,"Median","22",2032,32,13,44
56,"Belgium",4,"Median","23",2032,34,13,47
56,"Belgium",4,"Median","24",2032,34,13,47
56,"Belgium",4,"Median","25",2032,34,13,47
56,"Belgium",4,"Median","26",2032,35,14,48
56,"Belgium",4,"Median","27",2032,36,14,50
56,"Belgium",4,"Median","28",2032,35,15,50
56,"Belgium",4,"Median","29",2032,36,16,52
56,"Belgium",4,"Median","30",2032,40,18,57
56,"Belgium",4,"Median","31",2032,44,19,63
56,"Belgium",4,"Median","32",2032,43,22,65
56,"Belgium",4,"Median","33",2032,42,23,65
56,"Belgium",4,"Median","34",2032,44,24,67
56,"Belgium",4,"Median","35",2032,49,27,76
56,"Belgium",4,"Median","36",2032,55,31,86
56,"Belgium",4,"Median","37",2032,60,31,91
56,"Belgium",4,"Median","38",2032,65,32,97
56,"Belgium",4,"Median","39",2032,69,38,108
56,"Belgium",4,"Median","40",2032,74,46,120
56,"Belgium",4,"Median","41",2032,79,51,130
56,"Belgium",4,"Median","42",2032,87,54,141
56,"Belgium",4,"Median","43",2032,103,59,162
56,"Belgium",4,"Median","44",2032,113,69,182
56,"Belgium",4,"Median","45",2032,118,79,198
56,"Belgium",4,"Median","46",2032,125,84,209
56,"Belgium",4,"Median","47",2032,135,90,224
56,"Belgium",4,"Median","48",2032,148,101,249
56,"Belgium",4,"Median","49",2032,164,115,279
56,"Belgium",4,"Median","50",2032,183,124,307
56,"Belgium",4,"Median","51",2032,203,133,336
56,"Belgium",4,"Median","52",2032,223,150,373
56,"Belgium",4,"Median","53",2032,243,167,410
56,"Belgium",4,"Median","54",2032,264,177,440
56,"Belgium",4,"Median","55",2032,290,187,477
56,"Belgium",4,"Median","56",2032,321,203,524
56,"Belgium",4,"Median","57",2032,363,226,589
56,"Belgium",4,"Median","58",2032,413,254,668
56,"Belgium",4,"Median","59",2032,465,282,747
56,"Belgium",4,"Median","60",2032,524,317,841
56,"Belgium",4,"Median","61",2032,594,365,959
56,"Belgium",4,"Median","62",2032,654,409,1063
56,"Belgium",4,"Median","63",2032,691,433,1123
56,"Belgium",4,"Median","64",2032,734,452,1186
56,"Belgium",4,"Median","65",2032,807,486,1293
56,"Belgium",4,"Median","66",2032,883,519,1402
56,"Belgium",4,"Median","67",2032,961,555,1516
56,"Belgium",4,"Median","68",2032,1023,599,1622
56,"Belgium",4,"Median","69",2032,1063,640,1704
56,"Belgium",4,"Median","70",2032,1099,684,1783
56,"Belgium",4,"Median","71",2032,1157,737,1893
56,"Belgium",4,"Median","72",2032,1247,803,2050
56,"Belgium",4,"Median","73",2032,1340,875,2215
56,"Belgium",4,"Median","74",2032,1391,925,2315
56,"Belgium",4,"Median","75",2032,1436,974,2410
56,"Belgium",4,"Median","76",2032,1509,1037,2546
56,"Belgium",4,"Median","77",2032,1581,1122,2704
56,"Belgium",4,"Median","78",2032,1643,1219,2862
56,"Belgium",4,"Median","79",2032,1728,1330,3058
56,"Belgium",4,"Median","80",2032,1805,1440,3245
56,"Belgium",4,"Median","81",2032,1907,1586,3492
56,"Belgium",4,"Median","82",2032,2049,1772,3821
56,"Belgium",4,"Median","83",2032,2175,1986,4162
56,"Belgium",4,"Median","84",2032,2300,2227,4527
56,"Belgium",4,"Median","85",2032,2426,2444,4871
56,"Belgium",4,"Median","86",2032,2340,2480,4820
56,"Belgium",4,"Median","87",2032,2185,2462,4647
56,"Belgium",4,"Median","88",2032,2138,2552,4690
56,"Belgium",4,"Median","89",2032,1916,2452,4369
56,"Belgium",4,"Median","90",2032,1651,2254,3905
56,"Belgium",4,"Median","91",2032,1562,2280,3842
56,"Belgium",4,"Median","92",2032,1567,2455,4022
56,"Belgium",4,"Median","93",2032,1464,2451,3914
56,"Belgium",4,"Median","94",2032,1259,2244,3503
56,"Belgium",4,"Median","95",2032,1011,1958,2968
56,"Belgium",4,"Median","96",2032,781,1655,2436
56,"Belgium",4,"Median","97",2032,596,1365,1961
56,"Belgium",4,"Median","98",2032,440,1090,1530
56,"Belgium",4,"Median","99",2032,308,838,1146
56,"Belgium",4,"Median","100",2032,99,245,344
56,"Belgium",4,"Median","101",2032,82,219,301
56,"Belgium",4,"Median","102",2032,68,196,264
56,"Belgium",4,"Median","103",2032,57,175,232
56,"Belgium",4,"Median","104",2032,47,157,204
56,"Belgium",4,"Median","105",2032,39,141,180
56,"Belgium",4,"Median","106",2032,32,126,158
56,"Belgium",4,"Median","107",2032,27,113,140
56,"Belgium",4,"Median","108",2032,22,101,123
56,"Belgium",4,"Median","109",2032,18,90,108
56,"Belgium",4,"Median","110",2032,15,81,96
56,"Belgium",4,"Median","0",2033,126,98,224
56,"Belgium",4,"Median","1",2033,12,11,24
56,"Belgium",4,"Median","2",2033,4,4,8
56,"Belgium",4,"Median","3",2033,3,3,6
56,"Belgium",4,"Median","4",2033,3,3,6
56,"Belgium",4,"Median","5",2033,3,3,6
56,"Belgium",4,"Median","6",2033,3,2,5
56,"Belgium",4,"Median","7",2033,3,2,5
56,"Belgium",4,"Median","8",2033,3,2,5
56,"Belgium",4,"Median","9",2033,3,2,5
56,"Belgium",4,"Median","10",2033,3,2,5
56,"Belgium",4,"Median","11",2033,4,2,6
56,"Belgium",4,"Median","12",2033,4,3,7
56,"Belgium",4,"Median","13",2033,4,3,8
56,"Belgium",4,"Median","14",2033,5,4,8
56,"Belgium",4,"Median","15",2033,6,4,10
56,"Belgium",4,"Median","16",2033,8,6,14
56,"Belgium",4,"Median","17",2033,12,8,20
56,"Belgium",4,"Median","18",2033,17,10,27
56,"Belgium",4,"Median","19",2033,23,9,32
56,"Belgium",4,"Median","20",2033,27,9,36
56,"Belgium",4,"Median","21",2033,29,11,39
56,"Belgium",4,"Median","22",2033,31,12,43
56,"Belgium",4,"Median","23",2033,34,13,46
56,"Belgium",4,"Median","24",2033,34,13,47
56,"Belgium",4,"Median","25",2033,34,13,47
56,"Belgium",4,"Median","26",2033,35,14,48
56,"Belgium",4,"Median","27",2033,36,14,50
56,"Belgium",4,"Median","28",2033,36,15,51
56,"Belgium",4,"Median","29",2033,36,17,53
56,"Belgium",4,"Median","30",2033,39,17,57
56,"Belgium",4,"Median","31",2033,43,19,62
56,"Belgium",4,"Median","32",2033,43,22,64
56,"Belgium",4,"Median","33",2033,42,22,64
56,"Belgium",4,"Median","34",2033,43,23,66
56,"Belgium",4,"Median","35",2033,47,26,74
56,"Belgium",4,"Median","36",2033,54,30,84
56,"Belgium",4,"Median","37",2033,59,30,89
56,"Belgium",4,"Median","38",2033,62,31,93
56,"Belgium",4,"Median","39",2033,66,36,102
56,"Belgium",4,"Median","40",2033,71,45,116
56,"Belgium",4,"Median","41",2033,77,50,127
56,"Belgium",4,"Median","42",2033,86,53,140
56,"Belgium",4,"Median","43",2033,102,58,160
56,"Belgium",4,"Median","44",2033,112,68,180
56,"Belgium",4,"Median","45",2033,117,79,196
56,"Belgium",4,"Median","46",2033,124,84,208
56,"Belgium",4,"Median","47",2033,133,89,222
56,"Belgium",4,"Median","48",2033,144,100,244
56,"Belgium",4,"Median","49",2033,159,112,271
56,"Belgium",4,"Median","50",2033,177,121,297
56,"Belgium",4,"Median","51",2033,197,130,327
56,"Belgium",4,"Median","52",2033,219,149,368
56,"Belgium",4,"Median","53",2033,242,167,409
56,"Belgium",4,"Median","54",2033,263,176,439
56,"Belgium",4,"Median","55",2033,288,187,475
56,"Belgium",4,"Median","56",2033,320,203,523
56,"Belgium",4,"Median","57",2033,354,222,576
56,"Belgium",4,"Median","58",2033,396,246,642
56,"Belgium",4,"Median","59",2033,447,270,718
56,"Belgium",4,"Median","60",2033,505,304,809
56,"Belgium",4,"Median","61",2033,575,356,931
56,"Belgium",4,"Median","62",2033,643,405,1048
56,"Belgium",4,"Median","63",2033,687,429,1116
56,"Belgium",4,"Median","64",2033,723,446,1169
56,"Belgium",4,"Median","65",2033,783,474,1257
56,"Belgium",4,"Median","66",2033,851,499,1350
56,"Belgium",4,"Median","67",2033,926,533,1459
56,"Belgium",4,"Median","68",2033,1006,587,1593
56,"Belgium",4,"Median","69",2033,1068,644,1711
56,"Belgium",4,"Median","70",2033,1098,680,1778
56,"Belgium",4,"Median","71",2033,1150,730,1880
56,"Belgium",4,"Median","72",2033,1239,795,2034
56,"Belgium",4,"Median","73",2033,1342,872,2214
56,"Belgium",4,"Median","74",2033,1402,935,2337
56,"Belgium",4,"Median","75",2033,1451,979,2431
56,"Belgium",4,"Median","76",2033,1525,1036,2561
56,"Belgium",4,"Median","77",2033,1591,1126,2717
56,"Belgium",4,"Median","78",2033,1657,1231,2888
56,"Belgium",4,"Median","79",2033,1735,1338,3073
56,"Belgium",4,"Median","80",2033,1833,1457,3290
56,"Belgium",4,"Median","81",2033,1929,1587,3516
56,"Belgium",4,"Median","82",2033,2027,1751,3778
56,"Belgium",4,"Median","83",2033,2155,1959,4114
56,"Belgium",4,"Median","84",2033,2294,2197,4492
56,"Belgium",4,"Median","85",2033,2424,2435,4859
56,"Belgium",4,"Median","86",2033,2537,2650,5186
56,"Belgium",4,"Median","87",2033,2391,2660,5051
56,"Belgium",4,"Median","88",2033,2195,2616,4811
56,"Belgium",4,"Median","89",2033,2102,2653,4755
56,"Belgium",4,"Median","90",2033,1853,2488,4341
56,"Belgium",4,"Median","91",2033,1568,2235,3803
56,"Belgium",4,"Median","92",2033,1450,2214,3664
56,"Belgium",4,"Median","93",2033,1410,2330,3741
56,"Belgium",4,"Median","94",2033,1277,2276,3554
56,"Belgium",4,"Median","95",2033,1062,2016,3079
56,"Belgium",4,"Median","96",2033,819,1678,2498
56,"Belgium",4,"Median","97",2033,610,1366,1977
56,"Belgium",4,"Median","98",2033,450,1090,1540
56,"Belgium",4,"Median","99",2033,318,831,1150
56,"Belgium",4,"Median","100",2033,104,250,354
56,"Belgium",4,"Median","101",2033,86,224,310
56,"Belgium",4,"Median","102",2033,72,200,272
56,"Belgium",4,"Median","103",2033,59,179,238
56,"Belgium",4,"Median","104",2033,49,160,209
56,"Belgium",4,"Median","105",2033,41,143,184
56,"Belgium",4,"Median","106",2033,34,128,162
56,"Belgium",4,"Median","107",2033,28,115,143
56,"Belgium",4,"Median","108",2033,23,102,125
56,"Belgium",4,"Median","109",2033,19,92,111
56,"Belgium",4,"Median","110",2033,16,82,98
56,"Belgium",4,"Median","0",2034,124,97,221
56,"Belgium",4,"Median","1",2034,12,11,24
56,"Belgium",4,"Median","2",2034,4,4,8
56,"Belgium",4,"Median","3",2034,3,3,6
56,"Belgium",4,"Median","4",2034,3,3,6
56,"Belgium",4,"Median","5",2034,3,3,6
56,"Belgium",4,"Median","6",2034,3,2,5
56,"Belgium",4,"Median","7",2034,3,2,5
56,"Belgium",4,"Median","8",2034,3,2,5
56,"Belgium",4,"Median","9",2034,2,2,5
56,"Belgium",4,"Median","10",2034,3,2,4
56,"Belgium",4,"Median","11",2034,3,2,5
56,"Belgium",4,"Median","12",2034,4,3,7
56,"Belgium",4,"Median","13",2034,4,3,8
56,"Belgium",4,"Median","14",2034,5,4,8
56,"Belgium",4,"Median","15",2034,6,4,10
56,"Belgium",4,"Median","16",2034,8,5,13
56,"Belgium",4,"Median","17",2034,12,8,19
56,"Belgium",4,"Median","18",2034,17,10,26
56,"Belgium",4,"Median","19",2034,22,9,31
56,"Belgium",4,"Median","20",2034,26,9,35
56,"Belgium",4,"Median","21",2034,28,10,38
56,"Belgium",4,"Median","22",2034,30,12,42
56,"Belgium",4,"Median","23",2034,33,13,45
56,"Belgium",4,"Median","24",2034,33,13,46
56,"Belgium",4,"Median","25",2034,34,13,47
56,"Belgium",4,"Median","26",2034,35,14,49
56,"Belgium",4,"Median","27",2034,36,14,50
56,"Belgium",4,"Median","28",2034,36,16,52
56,"Belgium",4,"Median","29",2034,37,17,54
56,"Belgium",4,"Median","30",2034,40,18,58
56,"Belgium",4,"Median","31",2034,43,19,62
56,"Belgium",4,"Median","32",2034,42,21,63
56,"Belgium",4,"Median","33",2034,41,22,63
56,"Belgium",4,"Median","34",2034,42,23,65
56,"Belgium",4,"Median","35",2034,46,26,72
56,"Belgium",4,"Median","36",2034,53,29,82
56,"Belgium",4,"Median","37",2034,57,30,87
56,"Belgium",4,"Median","38",2034,61,30,91
56,"Belgium",4,"Median","39",2034,64,35,98
56,"Belgium",4,"Median","40",2034,68,42,110
56,"Belgium",4,"Median","41",2034,74,48,122
56,"Belgium",4,"Median","42",2034,84,52,136
56,"Belgium",4,"Median","43",2034,101,58,159
56,"Belgium",4,"Median","44",2034,111,68,179
56,"Belgium",4,"Median","45",2034,116,78,195
56,"Belgium",4,"Median","46",2034,123,84,206
56,"Belgium",4,"Median","47",2034,132,88,220
56,"Belgium",4,"Median","48",2034,143,99,242
56,"Belgium",4,"Median","49",2034,155,111,266
56,"Belgium",4,"Median","50",2034,171,118,289
56,"Belgium",4,"Median","51",2034,190,126,317
56,"Belgium",4,"Median","52",2034,213,145,358
56,"Belgium",4,"Median","53",2034,238,166,404
56,"Belgium",4,"Median","54",2034,262,177,439
56,"Belgium",4,"Median","55",2034,287,187,474
56,"Belgium",4,"Median","56",2034,318,204,522
56,"Belgium",4,"Median","57",2034,352,223,576
56,"Belgium",4,"Median","58",2034,387,242,629
56,"Belgium",4,"Median","59",2034,429,262,691
56,"Belgium",4,"Median","60",2034,486,292,779
56,"Belgium",4,"Median","61",2034,555,342,897
56,"Belgium",4,"Median","62",2034,624,396,1019
56,"Belgium",4,"Median","63",2034,675,426,1101
56,"Belgium",4,"Median","64",2034,718,443,1161
56,"Belgium",4,"Median","65",2034,770,469,1240
56,"Belgium",4,"Median","66",2034,825,487,1312
56,"Belgium",4,"Median","67",2034,892,513,1405
56,"Belgium",4,"Median","68",2034,969,565,1533
56,"Belgium",4,"Median","69",2034,1050,631,1681
56,"Belgium",4,"Median","70",2034,1102,684,1786
56,"Belgium",4,"Median","71",2034,1149,727,1876
56,"Belgium",4,"Median","72",2034,1232,790,2022
56,"Belgium",4,"Median","73",2034,1334,865,2199
56,"Belgium",4,"Median","74",2034,1404,934,2338
56,"Belgium",4,"Median","75",2034,1463,993,2455
56,"Belgium",4,"Median","76",2034,1541,1043,2585
56,"Belgium",4,"Median","77",2034,1608,1127,2735
56,"Belgium",4,"Median","78",2034,1668,1238,2906
56,"Belgium",4,"Median","79",2034,1751,1355,3106
56,"Belgium",4,"Median","80",2034,1842,1469,3310
56,"Belgium",4,"Median","81",2034,1961,1609,3571
56,"Belgium",4,"Median","82",2034,2054,1757,3810
56,"Belgium",4,"Median","83",2034,2135,1940,4076
56,"Belgium",4,"Median","84",2034,2278,2173,4451
56,"Belgium",4,"Median","85",2034,2422,2410,4832
56,"Belgium",4,"Median","86",2034,2539,2648,5187
56,"Belgium",4,"Median","87",2034,2598,2850,5448
56,"Belgium",4,"Median","88",2034,2408,2835,5243
56,"Belgium",4,"Median","89",2034,2162,2728,4890
56,"Belgium",4,"Median","90",2034,2038,2699,4737
56,"Belgium",4,"Median","91",2034,1765,2474,4239
56,"Belgium",4,"Median","92",2034,1460,2177,3637
56,"Belgium",4,"Median","93",2034,1308,2107,3415
56,"Belgium",4,"Median","94",2034,1234,2170,3404
56,"Belgium",4,"Median","95",2034,1081,2051,3132
56,"Belgium",4,"Median","96",2034,863,1733,2596
56,"Belgium",4,"Median","97",2034,642,1389,2031
56,"Belgium",4,"Median","98",2034,462,1093,1556
56,"Belgium",4,"Median","99",2034,326,833,1160
56,"Belgium",4,"Median","100",2034,110,257,367
56,"Belgium",4,"Median","101",2034,91,229,320
56,"Belgium",4,"Median","102",2034,75,204,279
56,"Belgium",4,"Median","103",2034,62,182,244
56,"Belgium",4,"Median","104",2034,51,162,213
56,"Belgium",4,"Median","105",2034,42,144,186
56,"Belgium",4,"Median","106",2034,35,128,163
56,"Belgium",4,"Median","107",2034,29,114,143
56,"Belgium",4,"Median","108",2034,24,102,126
56,"Belgium",4,"Median","109",2034,20,90,110
56,"Belgium",4,"Median","110",2034,16,80,96
56,"Belgium",4,"Median","0",2035,122,96,217
56,"Belgium",4,"Median","1",2035,12,11,23
56,"Belgium",4,"Median","2",2035,4,4,8
56,"Belgium",4,"Median","3",2035,3,3,6
56,"Belgium",4,"Median","4",2035,3,3,6
56,"Belgium",4,"Median","5",2035,3,3,5
56,"Belgium",4,"Median","6",2035,3,2,5
56,"Belgium",4,"Median","7",2035,3,2,5
56,"Belgium",4,"Median","8",2035,2,2,5
56,"Belgium",4,"Median","9",2035,2,2,4
56,"Belgium",4,"Median","10",2035,3,2,4
56,"Belgium",4,"Median","11",2035,3,2,5
56,"Belgium",4,"Median","12",2035,4,3,6
56,"Belgium",4,"Median","13",2035,4,3,8
56,"Belgium",4,"Median","14",2035,5,3,8
56,"Belgium",4,"Median","15",2035,6,4,10
56,"Belgium",4,"Median","16",2035,8,5,13
56,"Belgium",4,"Median","17",2035,11,8,19
56,"Belgium",4,"Median","18",2035,16,9,26
56,"Belgium",4,"Median","19",2035,21,9,30
56,"Belgium",4,"Median","20",2035,25,8,34
56,"Belgium",4,"Median","21",2035,27,10,37
56,"Belgium",4,"Median","22",2035,29,12,41
56,"Belgium",4,"Median","23",2035,32,12,44
56,"Belgium",4,"Median","24",2035,33,13,45
56,"Belgium",4,"Median","25",2035,33,13,46
56,"Belgium",4,"Median","26",2035,35,14,48
56,"Belgium",4,"Median","27",2035,36,14,50
56,"Belgium",4,"Median","28",2035,36,16,52
56,"Belgium",4,"Median","29",2035,37,17,54
56,"Belgium",4,"Median","30",2035,40,18,58
56,"Belgium",4,"Median","31",2035,43,19,62
56,"Belgium",4,"Median","32",2035,42,21,63
56,"Belgium",4,"Median","33",2035,41,22,62
56,"Belgium",4,"Median","34",2035,42,22,64
56,"Belgium",4,"Median","35",2035,46,25,71
56,"Belgium",4,"Median","36",2035,51,28,79
56,"Belgium",4,"Median","37",2035,56,29,84
56,"Belgium",4,"Median","38",2035,59,30,89
56,"Belgium",4,"Median","39",2035,62,34,96
56,"Belgium",4,"Median","40",2035,65,40,106
56,"Belgium",4,"Median","41",2035,70,46,116
56,"Belgium",4,"Median","42",2035,81,50,131
56,"Belgium",4,"Median","43",2035,99,56,155
56,"Belgium",4,"Median","44",2035,110,67,177
56,"Belgium",4,"Median","45",2035,115,78,193
56,"Belgium",4,"Median","46",2035,122,83,205
56,"Belgium",4,"Median","47",2035,131,88,219
56,"Belgium",4,"Median","48",2035,142,98,240
56,"Belgium",4,"Median","49",2035,154,109,263
56,"Belgium",4,"Median","50",2035,168,116,283
56,"Belgium",4,"Median","51",2035,185,123,308
56,"Belgium",4,"Median","52",2035,206,141,347
56,"Belgium",4,"Median","53",2035,231,162,393
56,"Belgium",4,"Median","54",2035,258,175,432
56,"Belgium",4,"Median","55",2035,286,187,474
56,"Belgium",4,"Median","56",2035,317,203,520
56,"Belgium",4,"Median","57",2035,350,224,574
56,"Belgium",4,"Median","58",2035,385,242,628
56,"Belgium",4,"Median","59",2035,419,257,676
56,"Belgium",4,"Median","60",2035,466,283,749
56,"Belgium",4,"Median","61",2035,535,329,863
56,"Belgium",4,"Median","62",2035,602,380,982
56,"Belgium",4,"Median","63",2035,654,415,1070
56,"Belgium",4,"Median","64",2035,706,439,1145
56,"Belgium",4,"Median","65",2035,765,465,1230
56,"Belgium",4,"Median","66",2035,812,481,1293
56,"Belgium",4,"Median","67",2035,864,500,1364
56,"Belgium",4,"Median","68",2035,933,543,1476
56,"Belgium",4,"Median","69",2035,1011,606,1617
56,"Belgium",4,"Median","70",2035,1083,670,1753
56,"Belgium",4,"Median","71",2035,1153,730,1883
56,"Belgium",4,"Median","72",2035,1231,785,2016
56,"Belgium",4,"Median","73",2035,1327,858,2185
56,"Belgium",4,"Median","74",2035,1396,925,2320
56,"Belgium",4,"Median","75",2035,1465,989,2454
56,"Belgium",4,"Median","76",2035,1554,1055,2610
56,"Belgium",4,"Median","77",2035,1626,1133,2760
56,"Belgium",4,"Median","78",2035,1687,1237,2924
56,"Belgium",4,"Median","79",2035,1765,1360,3125
56,"Belgium",4,"Median","80",2035,1861,1486,3346
56,"Belgium",4,"Median","81",2035,1974,1621,3595
56,"Belgium",4,"Median","82",2035,2091,1780,3872
56,"Belgium",4,"Median","83",2035,2166,1946,4112
56,"Belgium",4,"Median","84",2035,2261,2152,4413
56,"Belgium",4,"Median","85",2035,2409,2383,4792
56,"Belgium",4,"Median","86",2035,2543,2620,5164
56,"Belgium",4,"Median","87",2035,2606,2848,5455
56,"Belgium",4,"Median","88",2035,2622,3039,5661
56,"Belgium",4,"Median","89",2035,2378,2957,5335
56,"Belgium",4,"Median","90",2035,2101,2777,4878
56,"Belgium",4,"Median","91",2035,1945,2687,4632
56,"Belgium",4,"Median","92",2035,1648,2412,4060
56,"Belgium",4,"Median","93",2035,1321,2074,3395
56,"Belgium",4,"Median","94",2035,1148,1965,3112
56,"Belgium",4,"Median","95",2035,1047,1958,3005
56,"Belgium",4,"Median","96",2035,880,1765,2646
56,"Belgium",4,"Median","97",2035,679,1436,2114
56,"Belgium",4,"Median","98",2035,487,1113,1600
56,"Belgium",4,"Median","99",2035,336,837,1173
56,"Belgium",4,"Median","100",2035,115,265,380
56,"Belgium",4,"Median","101",2035,95,234,329
56,"Belgium",4,"Median","102",2035,78,208,286
56,"Belgium",4,"Median","103",2035,64,184,248
56,"Belgium",4,"Median","104",2035,53,163,216
56,"Belgium",4,"Median","105",2035,44,144,188
56,"Belgium",4,"Median","106",2035,36,128,164
56,"Belgium",4,"Median","107",2035,30,113,143
56,"Belgium",4,"Median","108",2035,24,100,124
56,"Belgium",4,"Median","109",2035,20,89,109
56,"Belgium",4,"Median","110",2035,17,79,96
56,"Belgium",4,"Median","0",2036,120,94,214
56,"Belgium",4,"Median","1",2036,12,11,23
56,"Belgium",4,"Median","2",2036,4,4,7
56,"Belgium",4,"Median","3",2036,3,3,6
56,"Belgium",4,"Median","4",2036,3,3,6
56,"Belgium",4,"Median","5",2036,3,2,5
56,"Belgium",4,"Median","6",2036,3,2,5
56,"Belgium",4,"Median","7",2036,3,2,5
56,"Belgium",4,"Median","8",2036,2,2,5
56,"Belgium",4,"Median","9",2036,2,2,4
56,"Belgium",4,"Median","10",2036,3,2,4
56,"Belgium",4,"Median","11",2036,3,2,5
56,"Belgium",4,"Median","12",2036,3,2,6
56,"Belgium",4,"Median","13",2036,4,3,7
56,"Belgium",4,"Median","14",2036,4,3,8
56,"Belgium",4,"Median","15",2036,5,4,9
56,"Belgium",4,"Median","16",2036,7,5,12
56,"Belgium",4,"Median","17",2036,11,7,18
56,"Belgium",4,"Median","18",2036,16,9,25
56,"Belgium",4,"Median","19",2036,21,9,29
56,"Belgium",4,"Median","20",2036,25,8,33
56,"Belgium",4,"Median","21",2036,26,10,36
56,"Belgium",4,"Median","22",2036,28,11,40
56,"Belgium",4,"Median","23",2036,31,12,43
56,"Belgium",4,"Median","24",2036,32,12,44
56,"Belgium",4,"Median","25",2036,32,13,45
56,"Belgium",4,"Median","26",2036,34,13,47
56,"Belgium",4,"Median","27",2036,36,14,50
56,"Belgium",4,"Median","28",2036,36,16,52
56,"Belgium",4,"Median","29",2036,37,17,55
56,"Belgium",4,"Median","30",2036,41,18,59
56,"Belgium",4,"Median","31",2036,44,19,63
56,"Belgium",4,"Median","32",2036,42,21,64
56,"Belgium",4,"Median","33",2036,40,21,62
56,"Belgium",4,"Median","34",2036,41,22,63
56,"Belgium",4,"Median","35",2036,45,25,70
56,"Belgium",4,"Median","36",2036,51,28,79
56,"Belgium",4,"Median","37",2036,54,28,82
56,"Belgium",4,"Median","38",2036,58,29,86
56,"Belgium",4,"Median","39",2036,60,33,93
56,"Belgium",4,"Median","40",2036,63,40,103
56,"Belgium",4,"Median","41",2036,68,44,112
56,"Belgium",4,"Median","42",2036,77,48,125
56,"Belgium",4,"Median","43",2036,95,54,149
56,"Belgium",4,"Median","44",2036,108,65,173
56,"Belgium",4,"Median","45",2036,114,77,191
56,"Belgium",4,"Median","46",2036,121,82,203
56,"Belgium",4,"Median","47",2036,130,87,217
56,"Belgium",4,"Median","48",2036,141,97,238
56,"Belgium",4,"Median","49",2036,153,109,261
56,"Belgium",4,"Median","50",2036,166,114,280
56,"Belgium",4,"Median","51",2036,181,121,301
56,"Belgium",4,"Median","52",2036,200,137,337
56,"Belgium",4,"Median","53",2036,224,157,381
56,"Belgium",4,"Median","54",2036,251,170,421
56,"Belgium",4,"Median","55",2036,282,185,467
56,"Belgium",4,"Median","56",2036,316,204,520
56,"Belgium",4,"Median","57",2036,350,223,572
56,"Belgium",4,"Median","58",2036,383,243,626
56,"Belgium",4,"Median","59",2036,417,258,675
56,"Belgium",4,"Median","60",2036,455,278,733
56,"Belgium",4,"Median","61",2036,513,318,830
56,"Belgium",4,"Median","62",2036,580,365,945
56,"Belgium",4,"Median","63",2036,631,399,1030
56,"Belgium",4,"Median","64",2036,683,428,1111
56,"Belgium",4,"Median","65",2036,752,461,1212
56,"Belgium",4,"Median","66",2036,806,477,1282
56,"Belgium",4,"Median","67",2036,850,494,1343
56,"Belgium",4,"Median","68",2036,904,528,1432
56,"Belgium",4,"Median","69",2036,974,582,1556
56,"Belgium",4,"Median","70",2036,1042,643,1685
56,"Belgium",4,"Median","71",2036,1134,714,1848
56,"Belgium",4,"Median","72",2036,1236,788,2024
56,"Belgium",4,"Median","73",2036,1327,853,2179
56,"Belgium",4,"Median","74",2036,1388,917,2305
56,"Belgium",4,"Median","75",2036,1456,979,2435
56,"Belgium",4,"Median","76",2036,1556,1051,2608
56,"Belgium",4,"Median","77",2036,1641,1147,2787
56,"Belgium",4,"Median","78",2036,1707,1245,2952
56,"Belgium",4,"Median","79",2036,1786,1360,3147
56,"Belgium",4,"Median","80",2036,1877,1492,3369
56,"Belgium",4,"Median","81",2036,1997,1642,3638
56,"Belgium",4,"Median","82",2036,2107,1796,3903
56,"Belgium",4,"Median","83",2036,2209,1974,4183
56,"Belgium",4,"Median","84",2036,2298,2161,4459
56,"Belgium",4,"Median","85",2036,2396,2363,4759
56,"Belgium",4,"Median","86",2036,2535,2596,5131
56,"Belgium",4,"Median","87",2036,2616,2823,5439
56,"Belgium",4,"Median","88",2036,2637,3043,5679
56,"Belgium",4,"Median","89",2036,2595,3175,5769
56,"Belgium",4,"Median","90",2036,2316,3015,5331
56,"Belgium",4,"Median","91",2036,2011,2769,4780
56,"Belgium",4,"Median","92",2036,1821,2625,4446
56,"Belgium",4,"Median","93",2036,1495,2303,3797
56,"Belgium",4,"Median","94",2036,1162,1938,3100
56,"Belgium",4,"Median","95",2036,976,1777,2753
56,"Belgium",4,"Median","96",2036,855,1689,2544
56,"Belgium",4,"Median","97",2036,694,1465,2159
56,"Belgium",4,"Median","98",2036,516,1153,1669
56,"Belgium",4,"Median","99",2036,355,854,1209
56,"Belgium",4,"Median","100",2036,121,275,396
56,"Belgium",4,"Median","101",2036,99,242,341
56,"Belgium",4,"Median","102",2036,81,212,293
56,"Belgium",4,"Median","103",2036,67,186,253
56,"Belgium",4,"Median","104",2036,54,164,218
56,"Belgium",4,"Median","105",2036,45,144,189
56,"Belgium",4,"Median","106",2036,36,126,162
56,"Belgium",4,"Median","107",2036,30,111,141
56,"Belgium",4,"Median","108",2036,24,97,121
56,"Belgium",4,"Median","109",2036,20,86,106
56,"Belgium",4,"Median","110",2036,16,75,91
56,"Belgium",4,"Median","0",2037,118,93,211
56,"Belgium",4,"Median","1",2037,12,11,23
56,"Belgium",4,"Median","2",2037,4,4,7
56,"Belgium",4,"Median","3",2037,3,3,6
56,"Belgium",4,"Median","4",2037,3,3,5
56,"Belgium",4,"Median","5",2037,3,2,5
56,"Belgium",4,"Median","6",2037,3,2,5
56,"Belgium",4,"Median","7",2037,3,2,5
56,"Belgium",4,"Median","8",2037,2,2,4
56,"Belgium",4,"Median","9",2037,2,2,4
56,"Belgium",4,"Median","10",2037,3,1,4
56,"Belgium",4,"Median","11",2037,3,2,5
56,"Belgium",4,"Median","12",2037,3,2,6
56,"Belgium",4,"Median","13",2037,4,3,6
56,"Belgium",4,"Median","14",2037,4,3,7
56,"Belgium",4,"Median","15",2037,5,4,9
56,"Belgium",4,"Median","16",2037,7,5,12
56,"Belgium",4,"Median","17",2037,10,7,17
56,"Belgium",4,"Median","18",2037,15,9,24
56,"Belgium",4,"Median","19",2037,20,8,28
56,"Belgium",4,"Median","20",2037,24,8,32
56,"Belgium",4,"Median","21",2037,25,9,35
56,"Belgium",4,"Median","22",2037,28,11,38
56,"Belgium",4,"Median","23",2037,30,12,42
56,"Belgium",4,"Median","24",2037,31,12,43
56,"Belgium",4,"Median","25",2037,31,13,44
56,"Belgium",4,"Median","26",2037,33,13,46
56,"Belgium",4,"Median","27",2037,35,14,49
56,"Belgium",4,"Median","28",2037,36,15,52
56,"Belgium",4,"Median","29",2037,37,17,55
56,"Belgium",4,"Median","30",2037,41,18,59
56,"Belgium",4,"Median","31",2037,44,20,64
56,"Belgium",4,"Median","32",2037,43,22,65
56,"Belgium",4,"Median","33",2037,41,22,63
56,"Belgium",4,"Median","34",2037,41,22,62
56,"Belgium",4,"Median","35",2037,44,24,69
56,"Belgium",4,"Median","36",2037,50,27,78
56,"Belgium",4,"Median","37",2037,54,27,81
56,"Belgium",4,"Median","38",2037,56,28,84
56,"Belgium",4,"Median","39",2037,59,32,91
56,"Belgium",4,"Median","40",2037,62,39,100
56,"Belgium",4,"Median","41",2037,66,43,109
56,"Belgium",4,"Median","42",2037,74,45,119
56,"Belgium",4,"Median","43",2037,90,51,142
56,"Belgium",4,"Median","44",2037,103,63,166
56,"Belgium",4,"Median","45",2037,112,75,186
56,"Belgium",4,"Median","46",2037,119,81,201
56,"Belgium",4,"Median","47",2037,128,86,214
56,"Belgium",4,"Median","48",2037,139,96,236
56,"Belgium",4,"Median","49",2037,151,108,259
56,"Belgium",4,"Median","50",2037,164,113,278
56,"Belgium",4,"Median","51",2037,178,119,298
56,"Belgium",4,"Median","52",2037,195,134,330
56,"Belgium",4,"Median","53",2037,217,153,370
56,"Belgium",4,"Median","54",2037,242,165,407
56,"Belgium",4,"Median","55",2037,273,180,453
56,"Belgium",4,"Median","56",2037,310,201,512
56,"Belgium",4,"Median","57",2037,348,223,571
56,"Belgium",4,"Median","58",2037,382,241,623
56,"Belgium",4,"Median","59",2037,414,258,672
56,"Belgium",4,"Median","60",2037,452,278,730
56,"Belgium",4,"Median","61",2037,500,312,812
56,"Belgium",4,"Median","62",2037,555,353,908
56,"Belgium",4,"Median","63",2037,607,383,989
56,"Belgium",4,"Median","64",2037,658,410,1068
56,"Belgium",4,"Median","65",2037,726,448,1175
56,"Belgium",4,"Median","66",2037,790,471,1261
56,"Belgium",4,"Median","67",2037,842,488,1330
56,"Belgium",4,"Median","68",2037,887,520,1407
56,"Belgium",4,"Median","69",2037,942,566,1508
56,"Belgium",4,"Median","70",2037,1002,616,1618
56,"Belgium",4,"Median","71",2037,1089,684,1773
56,"Belgium",4,"Median","72",2037,1213,770,1983
56,"Belgium",4,"Median","73",2037,1330,855,2185
56,"Belgium",4,"Median","74",2037,1386,909,2295
56,"Belgium",4,"Median","75",2037,1446,969,2415
56,"Belgium",4,"Median","76",2037,1545,1039,2584
56,"Belgium",4,"Median","77",2037,1641,1141,2781
56,"Belgium",4,"Median","78",2037,1720,1257,2977
56,"Belgium",4,"Median","79",2037,1806,1367,3173
56,"Belgium",4,"Median","80",2037,1898,1491,3389
56,"Belgium",4,"Median","81",2037,2013,1648,3661
56,"Belgium",4,"Median","82",2037,2132,1817,3949
56,"Belgium",4,"Median","83",2037,2226,1989,4215
56,"Belgium",4,"Median","84",2037,2344,2192,4537
56,"Belgium",4,"Median","85",2037,2437,2373,4810
56,"Belgium",4,"Median","86",2037,2524,2575,5099
56,"Belgium",4,"Median","87",2037,2610,2798,5407
56,"Belgium",4,"Median","88",2037,2650,3018,5668
56,"Belgium",4,"Median","89",2037,2612,3181,5794
56,"Belgium",4,"Median","90",2037,2530,3240,5771
56,"Belgium",4,"Median","91",2037,2220,3011,5231
56,"Belgium",4,"Median","92",2037,1885,2709,4594
56,"Belgium",4,"Median","93",2037,1654,2509,4163
56,"Belgium",4,"Median","94",2037,1317,2155,3473
56,"Belgium",4,"Median","95",2037,991,1756,2746
56,"Belgium",4,"Median","96",2037,799,1534,2334
56,"Belgium",4,"Median","97",2037,675,1404,2079
56,"Belgium",4,"Median","98",2037,529,1179,1708
56,"Belgium",4,"Median","99",2037,377,886,1263
56,"Belgium",4,"Median","100",2037,131,290,421
56,"Belgium",4,"Median","101",2037,106,252,358
56,"Belgium",4,"Median","102",2037,86,219,305
56,"Belgium",4,"Median","103",2037,70,190,260
56,"Belgium",4,"Median","104",2037,56,165,221
56,"Belgium",4,"Median","105",2037,46,144,190
56,"Belgium",4,"Median","106",2037,37,125,162
56,"Belgium",4,"Median","107",2037,30,108,138
56,"Belgium",4,"Median","108",2037,24,94,118
56,"Belgium",4,"Median","109",2037,20,82,102
56,"Belgium",4,"Median","110",2037,16,71,87
56,"Belgium",4,"Median","0",2038,116,92,208
56,"Belgium",4,"Median","1",2038,12,11,22
56,"Belgium",4,"Median","2",2038,3,4,7
56,"Belgium",4,"Median","3",2038,3,3,6
56,"Belgium",4,"Median","4",2038,3,3,5
56,"Belgium",4,"Median","5",2038,3,2,5
56,"Belgium",4,"Median","6",2038,3,2,5
56,"Belgium",4,"Median","7",2038,3,2,5
56,"Belgium",4,"Median","8",2038,2,2,4
56,"Belgium",4,"Median","9",2038,2,2,4
56,"Belgium",4,"Median","10",2038,2,1,4
56,"Belgium",4,"Median","11",2038,3,2,5
56,"Belgium",4,"Median","12",2038,3,2,6
56,"Belgium",4,"Median","13",2038,4,3,6
56,"Belgium",4,"Median","14",2038,4,3,7
56,"Belgium",4,"Median","15",2038,5,3,8
56,"Belgium",4,"Median","16",2038,7,5,12
56,"Belgium",4,"Median","17",2038,10,7,17
56,"Belgium",4,"Median","18",2038,14,9,23
56,"Belgium",4,"Median","19",2038,19,8,27
56,"Belgium",4,"Median","20",2038,23,8,31
56,"Belgium",4,"Median","21",2038,24,9,34
56,"Belgium",4,"Median","22",2038,27,11,37
56,"Belgium",4,"Median","23",2038,29,11,40
56,"Belgium",4,"Median","24",2038,30,12,42
56,"Belgium",4,"Median","25",2038,30,12,42
56,"Belgium",4,"Median","26",2038,32,13,45
56,"Belgium",4,"Median","27",2038,34,14,48
56,"Belgium",4,"Median","28",2038,35,15,51
56,"Belgium",4,"Median","29",2038,37,17,54
56,"Belgium",4,"Median","30",2038,41,18,59
56,"Belgium",4,"Median","31",2038,44,20,64
56,"Belgium",4,"Median","32",2038,43,22,65
56,"Belgium",4,"Median","33",2038,41,22,63
56,"Belgium",4,"Median","34",2038,41,22,63
56,"Belgium",4,"Median","35",2038,44,24,68
56,"Belgium",4,"Median","36",2038,49,27,76
56,"Belgium",4,"Median","37",2038,53,27,80
56,"Belgium",4,"Median","38",2038,56,27,83
56,"Belgium",4,"Median","39",2038,57,31,88
56,"Belgium",4,"Median","40",2038,60,37,97
56,"Belgium",4,"Median","41",2038,64,42,106
56,"Belgium",4,"Median","42",2038,72,44,116
56,"Belgium",4,"Median","43",2038,87,49,136
56,"Belgium",4,"Median","44",2038,98,60,158
56,"Belgium",4,"Median","45",2038,107,72,179
56,"Belgium",4,"Median","46",2038,117,79,196
56,"Belgium",4,"Median","47",2038,127,85,212
56,"Belgium",4,"Median","48",2038,138,96,234
56,"Belgium",4,"Median","49",2038,150,107,257
56,"Belgium",4,"Median","50",2038,163,113,276
56,"Belgium",4,"Median","51",2038,177,119,296
56,"Belgium",4,"Median","52",2038,193,133,326
56,"Belgium",4,"Median","53",2038,212,150,362
56,"Belgium",4,"Median","54",2038,235,161,396
56,"Belgium",4,"Median","55",2038,264,175,439
56,"Belgium",4,"Median","56",2038,302,196,498
56,"Belgium",4,"Median","57",2038,342,221,564
56,"Belgium",4,"Median","58",2038,381,242,623
56,"Belgium",4,"Median","59",2038,413,257,670
56,"Belgium",4,"Median","60",2038,450,279,729
56,"Belgium",4,"Median","61",2038,498,313,811
56,"Belgium",4,"Median","62",2038,542,347,890
56,"Belgium",4,"Median","63",2038,582,370,952
56,"Belgium",4,"Median","64",2038,633,394,1027
56,"Belgium",4,"Median","65",2038,700,431,1131
56,"Belgium",4,"Median","66",2038,764,459,1224
56,"Belgium",4,"Median","67",2038,827,483,1310
56,"Belgium",4,"Median","68",2038,880,516,1396
56,"Belgium",4,"Median","69",2038,925,559,1485
56,"Belgium",4,"Median","70",2038,970,601,1571
56,"Belgium",4,"Median","71",2038,1049,658,1707
56,"Belgium",4,"Median","72",2038,1168,740,1908
56,"Belgium",4,"Median","73",2038,1308,839,2147
56,"Belgium",4,"Median","74",2038,1392,915,2307
56,"Belgium",4,"Median","75",2038,1446,964,2410
56,"Belgium",4,"Median","76",2038,1537,1032,2569
56,"Belgium",4,"Median","77",2038,1633,1132,2765
56,"Belgium",4,"Median","78",2038,1725,1256,2981
56,"Belgium",4,"Median","79",2038,1824,1387,3211
56,"Belgium",4,"Median","80",2038,1924,1504,3429
56,"Belgium",4,"Median","81",2038,2043,1654,3697
56,"Belgium",4,"Median","82",2038,2156,1832,3988
56,"Belgium",4,"Median","83",2038,2258,2022,4280
56,"Belgium",4,"Median","84",2038,2370,2220,4590
56,"Belgium",4,"Median","85",2038,2495,2418,4913
56,"Belgium",4,"Median","86",2038,2576,2598,5174
56,"Belgium",4,"Median","87",2038,2607,2787,5394
56,"Belgium",4,"Median","88",2038,2653,3004,5657
56,"Belgium",4,"Median","89",2038,2634,3168,5802
56,"Belgium",4,"Median","90",2038,2557,3260,5816
56,"Belgium",4,"Median","91",2038,2434,3248,5682
56,"Belgium",4,"Median","92",2038,2090,2957,5047
56,"Belgium",4,"Median","93",2038,1719,2599,4318
56,"Belgium",4,"Median","94",2038,1463,2357,3820
56,"Belgium",4,"Median","95",2038,1127,1959,3087
56,"Belgium",4,"Median","96",2038,813,1521,2335
56,"Belgium",4,"Median","97",2038,633,1280,1913
56,"Belgium",4,"Median","98",2038,516,1133,1649
56,"Belgium",4,"Median","99",2038,387,908,1295
56,"Belgium",4,"Median","100",2038,142,308,450
56,"Belgium",4,"Median","101",2038,114,265,379
56,"Belgium",4,"Median","102",2038,92,228,320
56,"Belgium",4,"Median","103",2038,73,196,269
56,"Belgium",4,"Median","104",2038,59,169,228
56,"Belgium",4,"Median","105",2038,47,145,192
56,"Belgium",4,"Median","106",2038,38,125,163
56,"Belgium",4,"Median","107",2038,30,107,137
56,"Belgium",4,"Median","108",2038,24,92,116
56,"Belgium",4,"Median","109",2038,20,79,99
56,"Belgium",4,"Median","110",2038,16,68,84
56,"Belgium",4,"Median","0",2039,114,90,205
56,"Belgium",4,"Median","1",2039,12,11,22
56,"Belgium",4,"Median","2",2039,3,4,7
56,"Belgium",4,"Median","3",2039,3,3,6
56,"Belgium",4,"Median","4",2039,3,3,5
56,"Belgium",4,"Median","5",2039,3,2,5
56,"Belgium",4,"Median","6",2039,3,2,5
56,"Belgium",4,"Median","7",2039,2,2,4
56,"Belgium",4,"Median","8",2039,2,2,4
56,"Belgium",4,"Median","9",2039,2,2,4
56,"Belgium",4,"Median","10",2039,2,1,4
56,"Belgium",4,"Median","11",2039,3,2,5
56,"Belgium",4,"Median","12",2039,3,2,6
56,"Belgium",4,"Median","13",2039,3,3,6
56,"Belgium",4,"Median","14",2039,4,3,6
56,"Belgium",4,"Median","15",2039,4,3,8
56,"Belgium",4,"Median","16",2039,6,4,11
56,"Belgium",4,"Median","17",2039,10,7,17
56,"Belgium",4,"Median","18",2039,14,8,23
56,"Belgium",4,"Median","19",2039,19,8,27
56,"Belgium",4,"Median","20",2039,22,7,30
56,"Belgium",4,"Median","21",2039,24,9,32
56,"Belgium",4,"Median","22",2039,26,10,36
56,"Belgium",4,"Median","23",2039,28,11,39
56,"Belgium",4,"Median","24",2039,29,11,40
56,"Belgium",4,"Median","25",2039,30,12,41
56,"Belgium",4,"Median","26",2039,31,12,44
56,"Belgium",4,"Median","27",2039,34,13,47
56,"Belgium",4,"Median","28",2039,35,15,50
56,"Belgium",4,"Median","29",2039,37,17,54
56,"Belgium",4,"Median","30",2039,41,18,59
56,"Belgium",4,"Median","31",2039,45,20,65
56,"Belgium",4,"Median","32",2039,44,22,66
56,"Belgium",4,"Median","33",2039,42,22,64
56,"Belgium",4,"Median","34",2039,42,22,64
56,"Belgium",4,"Median","35",2039,45,25,69
56,"Belgium",4,"Median","36",2039,49,27,76
56,"Belgium",4,"Median","37",2039,52,26,79
56,"Belgium",4,"Median","38",2039,55,27,82
56,"Belgium",4,"Median","39",2039,57,30,87
56,"Belgium",4,"Median","40",2039,59,36,95
56,"Belgium",4,"Median","41",2039,63,40,103
56,"Belgium",4,"Median","42",2039,70,43,114
56,"Belgium",4,"Median","43",2039,85,48,133
56,"Belgium",4,"Median","44",2039,95,57,152
56,"Belgium",4,"Median","45",2039,102,68,171
56,"Belgium",4,"Median","46",2039,112,76,188
56,"Belgium",4,"Median","47",2039,125,83,208
56,"Belgium",4,"Median","48",2039,137,94,231
56,"Belgium",4,"Median","49",2039,149,106,255
56,"Belgium",4,"Median","50",2039,162,112,273
56,"Belgium",4,"Median","51",2039,176,118,293
56,"Belgium",4,"Median","52",2039,192,132,324
56,"Belgium",4,"Median","53",2039,210,148,359
56,"Belgium",4,"Median","54",2039,230,158,388
56,"Belgium",4,"Median","55",2039,257,170,427
56,"Belgium",4,"Median","56",2039,293,190,483
56,"Belgium",4,"Median","57",2039,334,215,549
56,"Belgium",4,"Median","58",2039,375,240,615
56,"Belgium",4,"Median","59",2039,412,258,670
56,"Belgium",4,"Median","60",2039,450,277,727
56,"Belgium",4,"Median","61",2039,496,313,809
56,"Belgium",4,"Median","62",2039,541,348,889
56,"Belgium",4,"Median","63",2039,569,363,933
56,"Belgium",4,"Median","64",2039,608,380,988
56,"Belgium",4,"Median","65",2039,675,413,1087
56,"Belgium",4,"Median","66",2039,738,440,1178
56,"Belgium",4,"Median","67",2039,801,470,1271
56,"Belgium",4,"Median","68",2039,865,509,1374
56,"Belgium",4,"Median","69",2039,920,553,1472
56,"Belgium",4,"Median","70",2039,955,591,1546
56,"Belgium",4,"Median","71",2039,1018,639,1657
56,"Belgium",4,"Median","72",2039,1126,709,1836
56,"Belgium",4,"Median","73",2039,1263,804,2066
56,"Belgium",4,"Median","74",2039,1372,895,2266
56,"Belgium",4,"Median","75",2039,1455,967,2422
56,"Belgium",4,"Median","76",2039,1540,1024,2564
56,"Belgium",4,"Median","77",2039,1629,1120,2749
56,"Belgium",4,"Median","78",2039,1720,1242,2962
56,"Belgium",4,"Median","79",2039,1834,1381,3215
56,"Belgium",4,"Median","80",2039,1949,1522,3471
56,"Belgium",4,"Median","81",2039,2078,1665,3742
56,"Belgium",4,"Median","82",2039,2195,1834,4029
56,"Belgium",4,"Median","83",2039,2291,2034,4325
56,"Belgium",4,"Median","84",2039,2413,2252,4666
56,"Belgium",4,"Median","85",2039,2531,2445,4976
56,"Belgium",4,"Median","86",2039,2646,2643,5290
56,"Belgium",4,"Median","87",2039,2670,2809,5479
56,"Belgium",4,"Median","88",2039,2660,2991,5650
56,"Belgium",4,"Median","89",2039,2647,3151,5798
56,"Belgium",4,"Median","90",2039,2587,3245,5831
56,"Belgium",4,"Median","91",2039,2468,3267,5735
56,"Belgium",4,"Median","92",2039,2299,3191,5490
56,"Belgium",4,"Median","93",2039,1912,2838,4750
56,"Belgium",4,"Median","94",2039,1526,2442,3968
56,"Belgium",4,"Median","95",2039,1256,2144,3401
56,"Belgium",4,"Median","96",2039,928,1699,2628
56,"Belgium",4,"Median","97",2039,646,1270,1916
56,"Belgium",4,"Median","98",2039,485,1034,1519
56,"Belgium",4,"Median","99",2039,379,874,1253
56,"Belgium",4,"Median","100",2039,152,325,477
56,"Belgium",4,"Median","101",2039,121,277,398
56,"Belgium",4,"Median","102",2039,96,237,333
56,"Belgium",4,"Median","103",2039,77,202,279
56,"Belgium",4,"Median","104",2039,61,172,233
56,"Belgium",4,"Median","105",2039,49,147,196
56,"Belgium",4,"Median","106",2039,39,126,165
56,"Belgium",4,"Median","107",2039,31,107,138
56,"Belgium",4,"Median","108",2039,25,91,116
56,"Belgium",4,"Median","109",2039,20,78,98
56,"Belgium",4,"Median","110",2039,16,67,83
56,"Belgium",4,"Median","0",2040,112,89,202
56,"Belgium",4,"Median","1",2040,11,11,22
56,"Belgium",4,"Median","2",2040,3,4,7
56,"Belgium",4,"Median","3",2040,3,3,6
56,"Belgium",4,"Median","4",2040,3,3,5
56,"Belgium",4,"Median","5",2040,3,2,5
56,"Belgium",4,"Median","6",2040,3,2,5
56,"Belgium",4,"Median","7",2040,2,2,4
56,"Belgium",4,"Median","8",2040,2,2,4
56,"Belgium",4,"Median","9",2040,2,2,4
56,"Belgium",4,"Median","10",2040,2,1,4
56,"Belgium",4,"Median","11",2040,3,2,4
56,"Belgium",4,"Median","12",2040,3,2,5
56,"Belgium",4,"Median","13",2040,3,3,6
56,"Belgium",4,"Median","14",2040,4,3,6
56,"Belgium",4,"Median","15",2040,4,3,8
56,"Belgium",4,"Median","16",2040,6,4,10
56,"Belgium",4,"Median","17",2040,9,6,15
56,"Belgium",4,"Median","18",2040,14,8,22
56,"Belgium",4,"Median","19",2040,18,8,26
56,"Belgium",4,"Median","20",2040,21,7,29
56,"Belgium",4,"Median","21",2040,23,9,32
56,"Belgium",4,"Median","22",2040,25,10,35
56,"Belgium",4,"Median","23",2040,27,11,38
56,"Belgium",4,"Median","24",2040,28,11,39
56,"Belgium",4,"Median","25",2040,29,12,40
56,"Belgium",4,"Median","26",2040,31,12,43
56,"Belgium",4,"Median","27",2040,33,13,46
56,"Belgium",4,"Median","28",2040,34,15,49
56,"Belgium",4,"Median","29",2040,36,17,53
56,"Belgium",4,"Median","30",2040,40,18,58
56,"Belgium",4,"Median","31",2040,44,20,64
56,"Belgium",4,"Median","32",2040,44,22,66
56,"Belgium",4,"Median","33",2040,42,23,65
56,"Belgium",4,"Median","34",2040,42,23,65
56,"Belgium",4,"Median","35",2040,45,25,70
56,"Belgium",4,"Median","36",2040,50,27,77
56,"Belgium",4,"Median","37",2040,52,26,78
56,"Belgium",4,"Median","38",2040,54,26,80
56,"Belgium",4,"Median","39",2040,56,30,86
56,"Belgium",4,"Median","40",2040,58,36,94
56,"Belgium",4,"Median","41",2040,61,39,100
56,"Belgium",4,"Median","42",2040,68,42,110
56,"Belgium",4,"Median","43",2040,82,47,130
56,"Belgium",4,"Median","44",2040,92,56,148
56,"Belgium",4,"Median","45",2040,98,65,164
56,"Belgium",4,"Median","46",2040,107,72,179
56,"Belgium",4,"Median","47",2040,120,80,200
56,"Belgium",4,"Median","48",2040,134,92,226
56,"Belgium",4,"Median","49",2040,147,105,252
56,"Belgium",4,"Median","50",2040,160,111,271
56,"Belgium",4,"Median","51",2040,174,117,291
56,"Belgium",4,"Median","52",2040,190,131,322
56,"Belgium",4,"Median","53",2040,209,148,356
56,"Belgium",4,"Median","54",2040,228,156,384
56,"Belgium",4,"Median","55",2040,251,168,419
56,"Belgium",4,"Median","56",2040,284,186,470
56,"Belgium",4,"Median","57",2040,323,209,532
56,"Belgium",4,"Median","58",2040,365,234,599
56,"Belgium",4,"Median","59",2040,406,255,661
56,"Belgium",4,"Median","60",2040,448,279,727
56,"Belgium",4,"Median","61",2040,496,313,808
56,"Belgium",4,"Median","62",2040,538,349,887
56,"Belgium",4,"Median","63",2040,567,365,932
56,"Belgium",4,"Median","64",2040,593,374,968
56,"Belgium",4,"Median","65",2040,647,399,1046
56,"Belgium",4,"Median","66",2040,709,423,1132
56,"Belgium",4,"Median","67",2040,771,451,1222
56,"Belgium",4,"Median","68",2040,836,497,1333
56,"Belgium",4,"Median","69",2040,902,547,1450
56,"Belgium",4,"Median","70",2040,947,586,1533
56,"Belgium",4,"Median","71",2040,999,631,1631
56,"Belgium",4,"Median","72",2040,1091,691,1783
56,"Belgium",4,"Median","73",2040,1216,774,1990
56,"Belgium",4,"Median","74",2040,1322,860,2182
56,"Belgium",4,"Median","75",2040,1431,948,2379
56,"Belgium",4,"Median","76",2040,1547,1030,2578
56,"Belgium",4,"Median","77",2040,1629,1116,2745
56,"Belgium",4,"Median","78",2040,1714,1234,2948
56,"Belgium",4,"Median","79",2040,1828,1372,3199
56,"Belgium",4,"Median","80",2040,1958,1521,3479
56,"Belgium",4,"Median","81",2040,2104,1691,3795
56,"Belgium",4,"Median","82",2040,2231,1855,4086
56,"Belgium",4,"Median","83",2040,2332,2045,4377
56,"Belgium",4,"Median","84",2040,2449,2276,4725
56,"Belgium",4,"Median","85",2040,2578,2491,5069
56,"Belgium",4,"Median","86",2040,2686,2685,5371
56,"Belgium",4,"Median","87",2040,2744,2870,5615
56,"Belgium",4,"Median","88",2040,2727,3027,5753
56,"Belgium",4,"Median","89",2040,2656,3150,5805
56,"Belgium",4,"Median","90",2040,2602,3240,5842
56,"Belgium",4,"Median","91",2040,2500,3265,5766
56,"Belgium",4,"Median","92",2040,2335,3222,5557
56,"Belgium",4,"Median","93",2040,2107,3073,5180
56,"Belgium",4,"Median","94",2040,1700,2677,4376
56,"Belgium",4,"Median","95",2040,1312,2230,3543
56,"Belgium",4,"Median","96",2040,1037,1866,2902
56,"Belgium",4,"Median","97",2040,739,1423,2162
56,"Belgium",4,"Median","98",2040,496,1029,1526
56,"Belgium",4,"Median","99",2040,357,799,1156
56,"Belgium",4,"Median","100",2040,155,329,484
56,"Belgium",4,"Median","101",2040,123,280,403
56,"Belgium",4,"Median","102",2040,98,239,337
56,"Belgium",4,"Median","103",2040,78,203,281
56,"Belgium",4,"Median","104",2040,63,173,236
56,"Belgium",4,"Median","105",2040,50,147,197
56,"Belgium",4,"Median","106",2040,40,126,166
56,"Belgium",4,"Median","107",2040,32,107,139
56,"Belgium",4,"Median","108",2040,25,91,116
56,"Belgium",4,"Median","109",2040,20,78,98
56,"Belgium",4,"Median","110",2040,16,66,82
56,"Belgium",4,"Median","0",2041,111,88,198
56,"Belgium",4,"Median","1",2041,11,10,22
56,"Belgium",4,"Median","2",2041,3,4,7
56,"Belgium",4,"Median","3",2041,3,3,5
56,"Belgium",4,"Median","4",2041,3,3,5
56,"Belgium",4,"Median","5",2041,3,2,5
56,"Belgium",4,"Median","6",2041,3,2,5
56,"Belgium",4,"Median","7",2041,2,2,4
56,"Belgium",4,"Median","8",2041,2,2,4
56,"Belgium",4,"Median","9",2041,2,2,4
56,"Belgium",4,"Median","10",2041,2,1,4
56,"Belgium",4,"Median","11",2041,3,2,4
56,"Belgium",4,"Median","12",2041,3,2,5
56,"Belgium",4,"Median","13",2041,3,3,6
56,"Belgium",4,"Median","14",2041,3,3,6
56,"Belgium",4,"Median","15",2041,4,3,7
56,"Belgium",4,"Median","16",2041,6,4,10
56,"Belgium",4,"Median","17",2041,8,6,14
56,"Belgium",4,"Median","18",2041,13,8,20
56,"Belgium",4,"Median","19",2041,18,8,26
56,"Belgium",4,"Median","20",2041,21,7,28
56,"Belgium",4,"Median","21",2041,22,8,30
56,"Belgium",4,"Median","22",2041,24,10,34
56,"Belgium",4,"Median","23",2041,26,10,37
56,"Belgium",4,"Median","24",2041,27,11,38
56,"Belgium",4,"Median","25",2041,28,11,39
56,"Belgium",4,"Median","26",2041,30,12,41
56,"Belgium",4,"Median","27",2041,32,13,44
56,"Belgium",4,"Median","28",2041,33,14,47
56,"Belgium",4,"Median","29",2041,35,16,51
56,"Belgium",4,"Median","30",2041,39,18,57
56,"Belgium",4,"Median","31",2041,44,20,63
56,"Belgium",4,"Median","32",2041,44,22,66
56,"Belgium",4,"Median","33",2041,42,23,65
56,"Belgium",4,"Median","34",2041,42,23,65
56,"Belgium",4,"Median","35",2041,46,25,71
56,"Belgium",4,"Median","36",2041,51,27,78
56,"Belgium",4,"Median","37",2041,53,27,79
56,"Belgium",4,"Median","38",2041,54,26,80
56,"Belgium",4,"Median","39",2041,55,29,84
56,"Belgium",4,"Median","40",2041,58,35,93
56,"Belgium",4,"Median","41",2041,61,38,99
56,"Belgium",4,"Median","42",2041,67,40,107
56,"Belgium",4,"Median","43",2041,80,45,126
56,"Belgium",4,"Median","44",2041,90,54,145
56,"Belgium",4,"Median","45",2041,96,64,160
56,"Belgium",4,"Median","46",2041,103,69,172
56,"Belgium",4,"Median","47",2041,114,76,190
56,"Belgium",4,"Median","48",2041,129,89,217
56,"Belgium",4,"Median","49",2041,144,102,247
56,"Belgium",4,"Median","50",2041,159,109,268
56,"Belgium",4,"Median","51",2041,173,115,288
56,"Belgium",4,"Median","52",2041,189,130,319
56,"Belgium",4,"Median","53",2041,207,147,354
56,"Belgium",4,"Median","54",2041,226,155,382
56,"Belgium",4,"Median","55",2041,249,166,415
56,"Belgium",4,"Median","56",2041,278,182,461
56,"Belgium",4,"Median","57",2041,314,204,518
56,"Belgium",4,"Median","58",2041,353,227,580
56,"Belgium",4,"Median","59",2041,396,248,644
56,"Belgium",4,"Median","60",2041,442,275,717
56,"Belgium",4,"Median","61",2041,495,313,808
56,"Belgium",4,"Median","62",2041,539,347,886
56,"Belgium",4,"Median","63",2041,565,365,930
56,"Belgium",4,"Median","64",2041,592,375,966
56,"Belgium",4,"Median","65",2041,632,391,1023
56,"Belgium",4,"Median","66",2041,681,407,1088
56,"Belgium",4,"Median","67",2041,743,432,1175
56,"Belgium",4,"Median","68",2041,807,475,1282
56,"Belgium",4,"Median","69",2041,874,532,1405
56,"Belgium",4,"Median","70",2041,930,578,1508
56,"Belgium",4,"Median","71",2041,993,624,1616
56,"Belgium",4,"Median","72",2041,1074,681,1754
56,"Belgium",4,"Median","73",2041,1181,751,1932
56,"Belgium",4,"Median","74",2041,1276,825,2100
56,"Belgium",4,"Median","75",2041,1381,908,2289
56,"Belgium",4,"Median","76",2041,1525,1007,2532
56,"Belgium",4,"Median","77",2041,1641,1119,2760
56,"Belgium",4,"Median","78",2041,1719,1225,2944
56,"Belgium",4,"Median","79",2041,1825,1359,3184
56,"Belgium",4,"Median","80",2041,1956,1507,3462
56,"Belgium",4,"Median","81",2041,2119,1687,3806
56,"Belgium",4,"Median","82",2041,2266,1880,4146
56,"Belgium",4,"Median","83",2041,2377,2063,4440
56,"Belgium",4,"Median","84",2041,2500,2285,4785
56,"Belgium",4,"Median","85",2041,2624,2514,5138
56,"Belgium",4,"Median","86",2041,2745,2733,5478
56,"Belgium",4,"Median","87",2041,2795,2912,5707
56,"Belgium",4,"Median","88",2041,2813,3091,5904
56,"Belgium",4,"Median","89",2041,2732,3186,5917
56,"Belgium",4,"Median","90",2041,2619,3238,5857
56,"Belgium",4,"Median","91",2041,2523,3261,5784
56,"Belgium",4,"Median","92",2041,2373,3221,5594
56,"Belgium",4,"Median","93",2041,2146,3104,5250
56,"Belgium",4,"Median","94",2041,1879,2900,4779
56,"Belgium",4,"Median","95",2041,1467,2446,3914
56,"Belgium",4,"Median","96",2041,1086,1942,3028
56,"Belgium",4,"Median","97",2041,827,1564,2391
56,"Belgium",4,"Median","98",2041,569,1154,1724
56,"Belgium",4,"Median","99",2041,366,797,1163
56,"Belgium",4,"Median","100",2041,149,311,460
56,"Belgium",4,"Median","101",2041,120,267,387
56,"Belgium",4,"Median","102",2041,97,229,326
56,"Belgium",4,"Median","103",2041,78,197,275
56,"Belgium",4,"Median","104",2041,63,169,232
56,"Belgium",4,"Median","105",2041,50,145,195
56,"Belgium",4,"Median","106",2041,41,125,166
56,"Belgium",4,"Median","107",2041,33,107,140
56,"Belgium",4,"Median","108",2041,26,92,118
56,"Belgium",4,"Median","109",2041,21,79,100
56,"Belgium",4,"Median","110",2041,17,68,85
56,"Belgium",4,"Median","0",2042,109,86,195
56,"Belgium",4,"Median","1",2042,11,10,21
56,"Belgium",4,"Median","2",2042,3,4,7
56,"Belgium",4,"Median","3",2042,3,3,5
56,"Belgium",4,"Median","4",2042,2,3,5
56,"Belgium",4,"Median","5",2042,3,2,5
56,"Belgium",4,"Median","6",2042,3,2,5
56,"Belgium",4,"Median","7",2042,2,2,4
56,"Belgium",4,"Median","8",2042,2,2,4
56,"Belgium",4,"Median","9",2042,2,2,4
56,"Belgium",4,"Median","10",2042,2,1,4
56,"Belgium",4,"Median","11",2042,3,2,4
56,"Belgium",4,"Median","12",2042,3,2,5
56,"Belgium",4,"Median","13",2042,3,2,6
56,"Belgium",4,"Median","14",2042,3,3,6
56,"Belgium",4,"Median","15",2042,4,3,7
56,"Belgium",4,"Median","16",2042,6,4,10
56,"Belgium",4,"Median","17",2042,8,6,14
56,"Belgium",4,"Median","18",2042,12,7,19
56,"Belgium",4,"Median","19",2042,17,7,23
56,"Belgium",4,"Median","20",2042,21,7,28
56,"Belgium",4,"Median","21",2042,22,8,30
56,"Belgium",4,"Median","22",2042,23,9,33
56,"Belgium",4,"Median","23",2042,26,10,36
56,"Belgium",4,"Median","24",2042,26,10,37
56,"Belgium",4,"Median","25",2042,27,11,38
56,"Belgium",4,"Median","26",2042,29,11,40
56,"Belgium",4,"Median","27",2042,31,12,43
56,"Belgium",4,"Median","28",2042,32,14,46
56,"Belgium",4,"Median","29",2042,34,16,50
56,"Belgium",4,"Median","30",2042,38,17,56
56,"Belgium",4,"Median","31",2042,43,19,62
56,"Belgium",4,"Median","32",2042,43,22,65
56,"Belgium",4,"Median","33",2042,42,22,65
56,"Belgium",4,"Median","34",2042,42,23,65
56,"Belgium",4,"Median","35",2042,46,26,72
56,"Belgium",4,"Median","36",2042,51,28,79
56,"Belgium",4,"Median","37",2042,54,27,81
56,"Belgium",4,"Median","38",2042,54,26,81
56,"Belgium",4,"Median","39",2042,55,29,84
56,"Belgium",4,"Median","40",2042,57,34,91
56,"Belgium",4,"Median","41",2042,60,38,98
56,"Belgium",4,"Median","42",2042,66,40,106
56,"Belgium",4,"Median","43",2042,79,44,123
56,"Belgium",4,"Median","44",2042,88,53,141
56,"Belgium",4,"Median","45",2042,94,63,156
56,"Belgium",4,"Median","46",2042,100,68,168
56,"Belgium",4,"Median","47",2042,110,72,182
56,"Belgium",4,"Median","48",2042,123,84,207
56,"Belgium",4,"Median","49",2042,139,99,237
56,"Belgium",4,"Median","50",2042,156,107,262
56,"Belgium",4,"Median","51",2042,171,114,286
56,"Belgium",4,"Median","52",2042,188,129,317
56,"Belgium",4,"Median","53",2042,206,146,352
56,"Belgium",4,"Median","54",2042,225,155,379
56,"Belgium",4,"Median","55",2042,248,165,412
56,"Belgium",4,"Median","56",2042,276,181,456
56,"Belgium",4,"Median","57",2042,308,200,508
56,"Belgium",4,"Median","58",2042,344,221,565
56,"Belgium",4,"Median","59",2042,383,241,624
56,"Belgium",4,"Median","60",2042,431,269,699
56,"Belgium",4,"Median","61",2042,488,311,798
56,"Belgium",4,"Median","62",2042,538,349,887
56,"Belgium",4,"Median","63",2042,565,364,929
56,"Belgium",4,"Median","64",2042,589,376,965
56,"Belgium",4,"Median","65",2042,630,393,1023
56,"Belgium",4,"Median","66",2042,665,400,1065
56,"Belgium",4,"Median","67",2042,712,418,1130
56,"Belgium",4,"Median","68",2042,776,456,1233
56,"Belgium",4,"Median","69",2042,843,510,1353
56,"Belgium",4,"Median","70",2042,901,563,1464
56,"Belgium",4,"Median","71",2042,976,617,1593
56,"Belgium",4,"Median","72",2042,1067,675,1742
56,"Belgium",4,"Median","73",2042,1163,743,1906
56,"Belgium",4,"Median","74",2042,1239,804,2043
56,"Belgium",4,"Median","75",2042,1333,874,2207
56,"Belgium",4,"Median","76",2042,1472,968,2440
56,"Belgium",4,"Median","77",2042,1618,1098,2716
56,"Belgium",4,"Median","78",2042,1732,1234,2966
56,"Belgium",4,"Median","79",2042,1832,1354,3187
56,"Belgium",4,"Median","80",2042,1955,1499,3454
56,"Belgium",4,"Median","81",2042,2120,1678,3798
56,"Belgium",4,"Median","82",2042,2286,1884,4170
56,"Belgium",4,"Median","83",2042,2417,2100,4518
56,"Belgium",4,"Median","84",2042,2554,2315,4869
56,"Belgium",4,"Median","85",2042,2684,2535,5219
56,"Belgium",4,"Median","86",2042,2800,2769,5570
56,"Belgium",4,"Median","87",2042,2862,2977,5839
56,"Belgium",4,"Median","88",2042,2871,3149,6020
56,"Belgium",4,"Median","89",2042,2823,3267,6090
56,"Belgium",4,"Median","90",2042,2699,3288,5987
56,"Belgium",4,"Median","91",2042,2546,3271,5817
56,"Belgium",4,"Median","92",2042,2401,3229,5630
56,"Belgium",4,"Median","93",2042,2187,3114,5301
56,"Belgium",4,"Median","94",2042,1919,2941,4859
56,"Belgium",4,"Median","95",2042,1626,2660,4286
56,"Belgium",4,"Median","96",2042,1217,2137,3354
56,"Belgium",4,"Median","97",2042,868,1633,2501
56,"Belgium",4,"Median","98",2042,639,1272,1911
56,"Belgium",4,"Median","99",2042,420,896,1317
56,"Belgium",4,"Median","100",2042,143,291,434
56,"Belgium",4,"Median","101",2042,117,253,370
56,"Belgium",4,"Median","102",2042,96,220,316
56,"Belgium",4,"Median","103",2042,78,192,270
56,"Belgium",4,"Median","104",2042,64,167,231
56,"Belgium",4,"Median","105",2042,52,145,197
56,"Belgium",4,"Median","106",2042,42,126,168
56,"Belgium",4,"Median","107",2042,35,110,145
56,"Belgium",4,"Median","108",2042,28,96,124
56,"Belgium",4,"Median","109",2042,23,83,106
56,"Belgium",4,"Median","110",2042,19,72,91
56,"Belgium",4,"Median","0",2043,106,84,191
56,"Belgium",4,"Median","1",2043,11,10,21
56,"Belgium",4,"Median","2",2043,3,3,7
56,"Belgium",4,"Median","3",2043,2,3,5
56,"Belgium",4,"Median","4",2043,2,3,5
56,"Belgium",4,"Median","5",2043,3,2,5
56,"Belgium",4,"Median","6",2043,3,2,5
56,"Belgium",4,"Median","7",2043,2,2,4
56,"Belgium",4,"Median","8",2043,2,2,4
56,"Belgium",4,"Median","9",2043,2,2,4
56,"Belgium",4,"Median","10",2043,2,1,4
56,"Belgium",4,"Median","11",2043,3,2,4
56,"Belgium",4,"Median","12",2043,3,2,5
56,"Belgium",4,"Median","13",2043,3,2,6
56,"Belgium",4,"Median","14",2043,3,3,6
56,"Belgium",4,"Median","15",2043,4,3,7
56,"Belgium",4,"Median","16",2043,6,4,9
56,"Belgium",4,"Median","17",2043,8,6,14
56,"Belgium",4,"Median","18",2043,12,7,19
56,"Belgium",4,"Median","19",2043,15,6,22
56,"Belgium",4,"Median","20",2043,19,6,25
56,"Belgium",4,"Median","21",2043,21,8,29
56,"Belgium",4,"Median","22",2043,23,9,32
56,"Belgium",4,"Median","23",2043,25,10,35
56,"Belgium",4,"Median","24",2043,26,10,36
56,"Belgium",4,"Median","25",2043,26,11,37
56,"Belgium",4,"Median","26",2043,28,11,39
56,"Belgium",4,"Median","27",2043,30,12,42
56,"Belgium",4,"Median","28",2043,31,13,45
56,"Belgium",4,"Median","29",2043,33,15,49
56,"Belgium",4,"Median","30",2043,37,17,54
56,"Belgium",4,"Median","31",2043,42,19,61
56,"Belgium",4,"Median","32",2043,42,21,64
56,"Belgium",4,"Median","33",2043,41,22,64
56,"Belgium",4,"Median","34",2043,42,23,65
56,"Belgium",4,"Median","35",2043,46,26,72
56,"Belgium",4,"Median","36",2043,51,28,80
56,"Belgium",4,"Median","37",2043,54,27,82
56,"Belgium",4,"Median","38",2043,55,27,82
56,"Belgium",4,"Median","39",2043,55,30,85
56,"Belgium",4,"Median","40",2043,56,34,90
56,"Belgium",4,"Median","41",2043,59,37,96
56,"Belgium",4,"Median","42",2043,66,39,105
56,"Belgium",4,"Median","43",2043,78,43,121
56,"Belgium",4,"Median","44",2043,86,51,137
56,"Belgium",4,"Median","45",2043,91,60,152
56,"Belgium",4,"Median","46",2043,98,66,164
56,"Belgium",4,"Median","47",2043,107,71,178
56,"Belgium",4,"Median","48",2043,118,80,199
56,"Belgium",4,"Median","49",2043,132,93,226
56,"Belgium",4,"Median","50",2043,150,103,252
56,"Belgium",4,"Median","51",2043,168,111,279
56,"Belgium",4,"Median","52",2043,186,127,314
56,"Belgium",4,"Median","53",2043,204,144,348
56,"Belgium",4,"Median","54",2043,223,153,376
56,"Belgium",4,"Median","55",2043,246,164,409
56,"Belgium",4,"Median","56",2043,274,179,453
56,"Belgium",4,"Median","57",2043,305,198,503
56,"Belgium",4,"Median","58",2043,337,217,554
56,"Belgium",4,"Median","59",2043,373,235,608
56,"Belgium",4,"Median","60",2043,417,260,678
56,"Belgium",4,"Median","61",2043,476,302,778
56,"Belgium",4,"Median","62",2043,531,345,876
56,"Belgium",4,"Median","63",2043,564,365,929
56,"Belgium",4,"Median","64",2043,589,373,962
56,"Belgium",4,"Median","65",2043,627,392,1019
56,"Belgium",4,"Median","66",2043,662,400,1063
56,"Belgium",4,"Median","67",2043,696,409,1105
56,"Belgium",4,"Median","68",2043,745,439,1184
56,"Belgium",4,"Median","69",2043,811,488,1299
56,"Belgium",4,"Median","70",2043,868,538,1407
56,"Belgium",4,"Median","71",2043,945,599,1544
56,"Belgium",4,"Median","72",2043,1049,665,1714
56,"Belgium",4,"Median","73",2043,1156,734,1890
56,"Belgium",4,"Median","74",2043,1219,792,2011
56,"Belgium",4,"Median","75",2043,1294,849,2143
56,"Belgium",4,"Median","76",2043,1421,928,2349
56,"Belgium",4,"Median","77",2043,1563,1052,2614
56,"Belgium",4,"Median","78",2043,1709,1206,2915
56,"Belgium",4,"Median","79",2043,1848,1360,3207
56,"Belgium",4,"Median","80",2043,1964,1489,3454
56,"Belgium",4,"Median","81",2043,2122,1665,3787
56,"Belgium",4,"Median","82",2043,2290,1869,4159
56,"Belgium",4,"Median","83",2043,2442,2099,4541
56,"Belgium",4,"Median","84",2043,2601,2353,4954
56,"Belgium",4,"Median","85",2043,2746,2564,5310
56,"Belgium",4,"Median","86",2043,2870,2789,5659
56,"Belgium",4,"Median","87",2043,2925,3013,5938
56,"Belgium",4,"Median","88",2043,2946,3217,6163
56,"Belgium",4,"Median","89",2043,2887,3326,6213
56,"Belgium",4,"Median","90",2043,2796,3370,6166
56,"Belgium",4,"Median","91",2043,2630,3321,5951
56,"Belgium",4,"Median","92",2043,2428,3240,5668
56,"Belgium",4,"Median","93",2043,2217,3123,5340
56,"Belgium",4,"Median","94",2043,1959,2952,4911
56,"Belgium",4,"Median","95",2043,1664,2699,4364
56,"Belgium",4,"Median","96",2043,1351,2326,3677
56,"Belgium",4,"Median","97",2043,975,1799,2774
56,"Belgium",4,"Median","98",2043,672,1330,2002
56,"Belgium",4,"Median","99",2043,473,989,1462
56,"Belgium",4,"Median","100",2043,147,289,436
56,"Belgium",4,"Median","101",2043,121,254,375
56,"Belgium",4,"Median","102",2043,100,223,323
56,"Belgium",4,"Median","103",2043,82,196,278
56,"Belgium",4,"Median","104",2043,68,172,240
56,"Belgium",4,"Median","105",2043,56,151,207
56,"Belgium",4,"Median","106",2043,46,133,179
56,"Belgium",4,"Median","107",2043,38,117,155
56,"Belgium",4,"Median","108",2043,32,103,135
56,"Belgium",4,"Median","109",2043,26,90,116
56,"Belgium",4,"Median","110",2043,21,79,100
56,"Belgium",4,"Median","0",2044,104,82,186
56,"Belgium",4,"Median","1",2044,11,10,21
56,"Belgium",4,"Median","2",2044,3,3,7
56,"Belgium",4,"Median","3",2044,2,3,5
56,"Belgium",4,"Median","4",2044,2,2,5
56,"Belgium",4,"Median","5",2044,3,2,5
56,"Belgium",4,"Median","6",2044,3,2,5
56,"Belgium",4,"Median","7",2044,2,2,4
56,"Belgium",4,"Median","8",2044,2,2,4
56,"Belgium",4,"Median","9",2044,2,2,4
56,"Belgium",4,"Median","10",2044,2,1,3
56,"Belgium",4,"Median","11",2044,3,2,4
56,"Belgium",4,"Median","12",2044,3,2,5
56,"Belgium",4,"Median","13",2044,3,2,6
56,"Belgium",4,"Median","14",2044,3,2,6
56,"Belgium",4,"Median","15",2044,4,3,7
56,"Belgium",4,"Median","16",2044,5,4,9
56,"Belgium",4,"Median","17",2044,8,5,13
56,"Belgium",4,"Median","18",2044,11,7,18
56,"Belgium",4,"Median","19",2044,15,6,21
56,"Belgium",4,"Median","20",2044,18,6,24
56,"Belgium",4,"Median","21",2044,20,7,27
56,"Belgium",4,"Median","22",2044,23,9,32
56,"Belgium",4,"Median","23",2044,25,10,34
56,"Belgium",4,"Median","24",2044,25,10,35
56,"Belgium",4,"Median","25",2044,25,10,36
56,"Belgium",4,"Median","26",2044,27,11,38
56,"Belgium",4,"Median","27",2044,29,12,41
56,"Belgium",4,"Median","28",2044,30,13,43
56,"Belgium",4,"Median","29",2044,32,15,47
56,"Belgium",4,"Median","30",2044,37,16,53
56,"Belgium",4,"Median","31",2044,41,18,59
56,"Belgium",4,"Median","32",2044,41,21,62
56,"Belgium",4,"Median","33",2044,41,22,63
56,"Belgium",4,"Median","34",2044,42,22,64
56,"Belgium",4,"Median","35",2044,46,25,72
56,"Belgium",4,"Median","36",2044,52,28,80
56,"Belgium",4,"Median","37",2044,54,28,82
56,"Belgium",4,"Median","38",2044,56,27,83
56,"Belgium",4,"Median","39",2044,56,30,86
56,"Belgium",4,"Median","40",2044,57,34,92
56,"Belgium",4,"Median","41",2044,59,37,95
56,"Belgium",4,"Median","42",2044,64,38,103
56,"Belgium",4,"Median","43",2044,77,43,120
56,"Belgium",4,"Median","44",2044,85,50,136
56,"Belgium",4,"Median","45",2044,89,58,148
56,"Belgium",4,"Median","46",2044,96,64,159
56,"Belgium",4,"Median","47",2044,105,69,174
56,"Belgium",4,"Median","48",2044,115,79,194
56,"Belgium",4,"Median","49",2044,128,89,217
56,"Belgium",4,"Median","50",2044,143,97,240
56,"Belgium",4,"Median","51",2044,161,107,269
56,"Belgium",4,"Median","52",2044,182,124,307
56,"Belgium",4,"Median","53",2044,203,143,345
56,"Belgium",4,"Median","54",2044,222,151,373
56,"Belgium",4,"Median","55",2044,244,162,406
56,"Belgium",4,"Median","56",2044,272,178,450
56,"Belgium",4,"Median","57",2044,303,197,500
56,"Belgium",4,"Median","58",2044,334,215,549
56,"Belgium",4,"Median","59",2044,365,231,596
56,"Belgium",4,"Median","60",2044,406,254,660
56,"Belgium",4,"Median","61",2044,461,293,754
56,"Belgium",4,"Median","62",2044,518,336,854
56,"Belgium",4,"Median","63",2044,556,361,918
56,"Belgium",4,"Median","64",2044,588,374,962
56,"Belgium",4,"Median","65",2044,627,391,1017
56,"Belgium",4,"Median","66",2044,659,400,1059
56,"Belgium",4,"Median","67",2044,693,409,1102
56,"Belgium",4,"Median","68",2044,727,431,1158
56,"Belgium",4,"Median","69",2044,778,471,1248
56,"Belgium",4,"Median","70",2044,835,516,1351
56,"Belgium",4,"Median","71",2044,911,574,1484
56,"Belgium",4,"Median","72",2044,1015,647,1662
56,"Belgium",4,"Median","73",2044,1137,725,1862
56,"Belgium",4,"Median","74",2044,1212,783,1996
56,"Belgium",4,"Median","75",2044,1274,837,2112
56,"Belgium",4,"Median","76",2044,1380,903,2283
56,"Belgium",4,"Median","77",2044,1509,1010,2520
56,"Belgium",4,"Median","78",2044,1651,1158,2809
56,"Belgium",4,"Median","79",2044,1824,1333,3157
56,"Belgium",4,"Median","80",2044,1982,1499,3481
56,"Belgium",4,"Median","81",2044,2134,1660,3794
56,"Belgium",4,"Median","82",2044,2295,1860,4155
56,"Belgium",4,"Median","83",2044,2449,2089,4537
56,"Belgium",4,"Median","84",2044,2632,2359,4991
56,"Belgium",4,"Median","85",2044,2802,2614,5416
56,"Belgium",4,"Median","86",2044,2941,2831,5772
56,"Belgium",4,"Median","87",2044,3003,3044,6047
56,"Belgium",4,"Median","88",2044,3017,3267,6284
56,"Belgium",4,"Median","89",2044,2968,3408,6376
56,"Belgium",4,"Median","90",2044,2865,3441,6306
56,"Belgium",4,"Median","91",2044,2730,3415,6144
56,"Belgium",4,"Median","92",2044,2514,3300,5815
56,"Belgium",4,"Median","93",2044,2247,3143,5390
56,"Belgium",4,"Median","94",2044,1991,2969,4960
56,"Belgium",4,"Median","95",2044,1704,2718,4422
56,"Belgium",4,"Median","96",2044,1386,2366,3753
56,"Belgium",4,"Median","97",2044,1085,1962,3048
56,"Belgium",4,"Median","98",2044,756,1469,2225
56,"Belgium",4,"Median","99",2044,498,1036,1535
56,"Belgium",4,"Median","100",2044,156,299,455
56,"Belgium",4,"Median","101",2044,130,265,395
56,"Belgium",4,"Median","102",2044,108,234,342
56,"Belgium",4,"Median","103",2044,90,207,297
56,"Belgium",4,"Median","104",2044,75,183,258
56,"Belgium",4,"Median","105",2044,62,162,224
56,"Belgium",4,"Median","106",2044,51,143,194
56,"Belgium",4,"Median","107",2044,43,127,170
56,"Belgium",4,"Median","108",2044,36,112,148
56,"Belgium",4,"Median","109",2044,30,99,129
56,"Belgium",4,"Median","110",2044,25,88,113
56,"Belgium",4,"Median","0",2045,101,80,181
56,"Belgium",4,"Median","1",2045,11,10,20
56,"Belgium",4,"Median","2",2045,3,3,6
56,"Belgium",4,"Median","3",2045,2,3,5
56,"Belgium",4,"Median","4",2045,2,2,5
56,"Belgium",4,"Median","5",2045,2,2,5
56,"Belgium",4,"Median","6",2045,2,2,4
56,"Belgium",4,"Median","7",2045,2,2,4
56,"Belgium",4,"Median","8",2045,2,2,4
56,"Belgium",4,"Median","9",2045,2,2,4
56,"Belgium",4,"Median","10",2045,2,1,3
56,"Belgium",4,"Median","11",2045,3,1,4
56,"Belgium",4,"Median","12",2045,3,2,5
56,"Belgium",4,"Median","13",2045,3,2,5
56,"Belgium",4,"Median","14",2045,3,2,6
56,"Belgium",4,"Median","15",2045,4,3,7
56,"Belgium",4,"Median","16",2045,5,4,9
56,"Belgium",4,"Median","17",2045,8,5,13
56,"Belgium",4,"Median","18",2045,11,7,18
56,"Belgium",4,"Median","19",2045,15,6,21
56,"Belgium",4,"Median","20",2045,17,6,23
56,"Belgium",4,"Median","21",2045,18,7,25
56,"Belgium",4,"Median","22",2045,21,8,29
56,"Belgium",4,"Median","23",2045,24,9,34
56,"Belgium",4,"Median","24",2045,24,10,34
56,"Belgium",4,"Median","25",2045,25,10,35
56,"Belgium",4,"Median","26",2045,26,11,37
56,"Belgium",4,"Median","27",2045,28,11,39
56,"Belgium",4,"Median","28",2045,29,13,42
56,"Belgium",4,"Median","29",2045,31,15,46
56,"Belgium",4,"Median","30",2045,35,16,51
56,"Belgium",4,"Median","31",2045,40,18,58
56,"Belgium",4,"Median","32",2045,40,20,60
56,"Belgium",4,"Median","33",2045,40,21,61
56,"Belgium",4,"Median","34",2045,41,22,63
56,"Belgium",4,"Median","35",2045,45,25,71
56,"Belgium",4,"Median","36",2045,51,28,79
56,"Belgium",4,"Median","37",2045,55,28,82
56,"Belgium",4,"Median","38",2045,56,28,84
56,"Belgium",4,"Median","39",2045,57,31,87
56,"Belgium",4,"Median","40",2045,58,35,93
56,"Belgium",4,"Median","41",2045,59,37,97
56,"Belgium",4,"Median","42",2045,64,38,102
56,"Belgium",4,"Median","43",2045,76,42,117
56,"Belgium",4,"Median","44",2045,84,49,134
56,"Belgium",4,"Median","45",2045,89,58,146
56,"Belgium",4,"Median","46",2045,93,62,155
56,"Belgium",4,"Median","47",2045,102,67,169
56,"Belgium",4,"Median","48",2045,112,77,189
56,"Belgium",4,"Median","49",2045,124,87,211
56,"Belgium",4,"Median","50",2045,137,93,230
56,"Belgium",4,"Median","51",2045,154,102,255
56,"Belgium",4,"Median","52",2045,175,120,295
56,"Belgium",4,"Median","53",2045,198,139,337
56,"Belgium",4,"Median","54",2045,219,150,369
56,"Belgium",4,"Median","55",2045,242,161,402
56,"Belgium",4,"Median","56",2045,270,177,447
56,"Belgium",4,"Median","57",2045,301,196,496
56,"Belgium",4,"Median","58",2045,332,214,545
56,"Belgium",4,"Median","59",2045,362,229,590
56,"Belgium",4,"Median","60",2045,397,250,647
56,"Belgium",4,"Median","61",2045,448,286,734
56,"Belgium",4,"Median","62",2045,501,327,828
56,"Belgium",4,"Median","63",2045,542,352,894
56,"Belgium",4,"Median","64",2045,578,371,949
56,"Belgium",4,"Median","65",2045,624,392,1016
56,"Belgium",4,"Median","66",2045,657,398,1056
56,"Belgium",4,"Median","67",2045,688,409,1097
56,"Belgium",4,"Median","68",2045,722,431,1154
56,"Belgium",4,"Median","69",2045,758,461,1219
56,"Belgium",4,"Median","70",2045,799,497,1296
56,"Belgium",4,"Median","71",2045,874,549,1424
56,"Belgium",4,"Median","72",2045,977,620,1597
56,"Belgium",4,"Median","73",2045,1099,706,1805
56,"Belgium",4,"Median","74",2045,1190,774,1964
56,"Belgium",4,"Median","75",2045,1264,828,2093
56,"Belgium",4,"Median","76",2045,1357,891,2247
56,"Belgium",4,"Median","77",2045,1464,983,2447
56,"Belgium",4,"Median","78",2045,1592,1113,2706
56,"Belgium",4,"Median","79",2045,1761,1280,3041
56,"Belgium",4,"Median","80",2045,1955,1470,3425
56,"Belgium",4,"Median","81",2045,2153,1672,3824
56,"Belgium",4,"Median","82",2045,2307,1856,4162
56,"Belgium",4,"Median","83",2045,2453,2081,4534
56,"Belgium",4,"Median","84",2045,2640,2351,4990
56,"Belgium",4,"Median","85",2045,2836,2624,5460
56,"Belgium",4,"Median","86",2045,3003,2890,5893
56,"Belgium",4,"Median","87",2045,3080,3094,6174
56,"Belgium",4,"Median","88",2045,3100,3306,6407
56,"Belgium",4,"Median","89",2045,3043,3466,6509
56,"Belgium",4,"Median","90",2045,2949,3532,6481
56,"Belgium",4,"Median","91",2045,2801,3494,6295
56,"Belgium",4,"Median","92",2045,2614,3400,6014
56,"Belgium",4,"Median","93",2045,2331,3208,5539
56,"Belgium",4,"Median","94",2045,2022,2994,5016
56,"Belgium",4,"Median","95",2045,1735,2740,4475
56,"Belgium",4,"Median","96",2045,1422,2388,3809
56,"Belgium",4,"Median","97",2045,1116,2001,3116
56,"Belgium",4,"Median","98",2045,843,1606,2449
56,"Belgium",4,"Median","99",2045,562,1147,1709
56,"Belgium",4,"Median","100",2045,164,309,473
56,"Belgium",4,"Median","101",2045,137,275,412
56,"Belgium",4,"Median","102",2045,115,245,360
56,"Belgium",4,"Median","103",2045,96,218,314
56,"Belgium",4,"Median","104",2045,81,194,275
56,"Belgium",4,"Median","105",2045,68,173,241
56,"Belgium",4,"Median","106",2045,57,154,211
56,"Belgium",4,"Median","107",2045,48,137,185
56,"Belgium",4,"Median","108",2045,40,122,162
56,"Belgium",4,"Median","109",2045,33,109,142
56,"Belgium",4,"Median","110",2045,28,97,125
56,"Belgium",4,"Median","0",2046,99,78,177
56,"Belgium",4,"Median","1",2046,10,10,20
56,"Belgium",4,"Median","2",2046,3,3,6
56,"Belgium",4,"Median","3",2046,2,3,5
56,"Belgium",4,"Median","4",2046,2,2,5
56,"Belgium",4,"Median","5",2046,2,2,5
56,"Belgium",4,"Median","6",2046,2,2,4
56,"Belgium",4,"Median","7",2046,2,2,4
56,"Belgium",4,"Median","8",2046,2,2,4
56,"Belgium",4,"Median","9",2046,2,2,4
56,"Belgium",4,"Median","10",2046,2,1,3
56,"Belgium",4,"Median","11",2046,3,1,4
56,"Belgium",4,"Median","12",2046,3,2,5
56,"Belgium",4,"Median","13",2046,3,2,5
56,"Belgium",4,"Median","14",2046,3,2,6
56,"Belgium",4,"Median","15",2046,4,3,7
56,"Belgium",4,"Median","16",2046,5,4,9
56,"Belgium",4,"Median","17",2046,8,5,13
56,"Belgium",4,"Median","18",2046,11,7,18
56,"Belgium",4,"Median","19",2046,15,6,21
56,"Belgium",4,"Median","20",2046,17,6,23
56,"Belgium",4,"Median","21",2046,18,7,25
56,"Belgium",4,"Median","22",2046,20,8,28
56,"Belgium",4,"Median","23",2046,22,9,31
56,"Belgium",4,"Median","24",2046,24,10,34
56,"Belgium",4,"Median","25",2046,24,10,34
56,"Belgium",4,"Median","26",2046,26,10,36
56,"Belgium",4,"Median","27",2046,28,11,39
56,"Belgium",4,"Median","28",2046,29,12,41
56,"Belgium",4,"Median","29",2046,31,14,45
56,"Belgium",4,"Median","30",2046,34,16,50
56,"Belgium",4,"Median","31",2046,39,17,56
56,"Belgium",4,"Median","32",2046,39,20,59
56,"Belgium",4,"Median","33",2046,39,21,59
56,"Belgium",4,"Median","34",2046,40,22,61
56,"Belgium",4,"Median","35",2046,45,25,69
56,"Belgium",4,"Median","36",2046,51,28,79
56,"Belgium",4,"Median","37",2046,54,28,82
56,"Belgium",4,"Median","38",2046,57,28,84
56,"Belgium",4,"Median","39",2046,57,31,88
56,"Belgium",4,"Median","40",2046,59,36,94
56,"Belgium",4,"Median","41",2046,60,38,98
56,"Belgium",4,"Median","42",2046,65,39,104
56,"Belgium",4,"Median","43",2046,75,42,117
56,"Belgium",4,"Median","44",2046,83,48,131
56,"Belgium",4,"Median","45",2046,88,57,145
56,"Belgium",4,"Median","46",2046,93,61,154
56,"Belgium",4,"Median","47",2046,100,65,164
56,"Belgium",4,"Median","48",2046,110,74,184
56,"Belgium",4,"Median","49",2046,121,85,207
56,"Belgium",4,"Median","50",2046,134,91,225
56,"Belgium",4,"Median","51",2046,148,97,246
56,"Belgium",4,"Median","52",2046,167,114,281
56,"Belgium",4,"Median","53",2046,191,134,325
56,"Belgium",4,"Median","54",2046,215,147,362
56,"Belgium",4,"Median","55",2046,240,159,400
56,"Belgium",4,"Median","56",2046,269,175,444
56,"Belgium",4,"Median","57",2046,299,194,494
56,"Belgium",4,"Median","58",2046,330,213,543
56,"Belgium",4,"Median","59",2046,360,228,588
56,"Belgium",4,"Median","60",2046,395,247,642
56,"Belgium",4,"Median","61",2046,440,282,722
56,"Belgium",4,"Median","62",2046,488,319,808
56,"Belgium",4,"Median","63",2046,526,342,868
56,"Belgium",4,"Median","64",2046,565,361,926
56,"Belgium",4,"Median","65",2046,616,388,1004
56,"Belgium",4,"Median","66",2046,657,400,1057
56,"Belgium",4,"Median","67",2046,688,408,1096
56,"Belgium",4,"Median","68",2046,720,432,1151
56,"Belgium",4,"Median","69",2046,756,462,1218
56,"Belgium",4,"Median","70",2046,781,488,1270
56,"Belgium",4,"Median","71",2046,840,531,1370
56,"Belgium",4,"Median","72",2046,942,595,1537
56,"Belgium",4,"Median","73",2046,1062,677,1739
56,"Belgium",4,"Median","74",2046,1155,755,1910
56,"Belgium",4,"Median","75",2046,1246,820,2066
56,"Belgium",4,"Median","76",2046,1351,883,2234
56,"Belgium",4,"Median","77",2046,1445,972,2417
56,"Belgium",4,"Median","78",2046,1551,1086,2637
56,"Belgium",4,"Median","79",2046,1706,1233,2939
56,"Belgium",4,"Median","80",2046,1895,1415,3311
56,"Belgium",4,"Median","81",2046,2134,1644,3778
56,"Belgium",4,"Median","82",2046,2338,1874,4212
56,"Belgium",4,"Median","83",2046,2477,2081,4558
56,"Belgium",4,"Median","84",2046,2657,2348,5006
56,"Belgium",4,"Median","85",2046,2857,2623,5480
56,"Belgium",4,"Median","86",2046,3054,2910,5964
56,"Belgium",4,"Median","87",2046,3159,3168,6327
56,"Belgium",4,"Median","88",2046,3194,3371,6565
56,"Belgium",4,"Median","89",2046,3140,3517,6658
56,"Belgium",4,"Median","90",2046,3035,3603,6638
56,"Belgium",4,"Median","91",2046,2895,3596,6492
56,"Belgium",4,"Median","92",2046,2694,3489,6183
56,"Belgium",4,"Median","93",2046,2433,3314,5746
56,"Belgium",4,"Median","94",2046,2105,3064,5169
56,"Belgium",4,"Median","95",2046,1768,2771,4539
56,"Belgium",4,"Median","96",2046,1453,2413,3866
56,"Belgium",4,"Median","97",2046,1148,2024,3171
56,"Belgium",4,"Median","98",2046,870,1641,2511
56,"Belgium",4,"Median","99",2046,628,1257,1885
56,"Belgium",4,"Median","100",2046,178,331,509
56,"Belgium",4,"Median","101",2046,150,295,445
56,"Belgium",4,"Median","102",2046,126,264,390
56,"Belgium",4,"Median","103",2046,106,235,341
56,"Belgium",4,"Median","104",2046,89,210,299
56,"Belgium",4,"Median","105",2046,75,187,262
56,"Belgium",4,"Median","106",2046,63,167,230
56,"Belgium",4,"Median","107",2046,53,149,202
56,"Belgium",4,"Median","108",2046,45,133,178
56,"Belgium",4,"Median","109",2046,38,119,157
56,"Belgium",4,"Median","110",2046,32,106,138
56,"Belgium",4,"Median","0",2047,96,76,172
56,"Belgium",4,"Median","1",2047,10,9,19
56,"Belgium",4,"Median","2",2047,3,3,6
56,"Belgium",4,"Median","3",2047,2,3,5
56,"Belgium",4,"Median","4",2047,2,2,5
56,"Belgium",4,"Median","5",2047,2,2,5
56,"Belgium",4,"Median","6",2047,2,2,4
56,"Belgium",4,"Median","7",2047,2,2,4
56,"Belgium",4,"Median","8",2047,2,2,4
56,"Belgium",4,"Median","9",2047,2,2,4
56,"Belgium",4,"Median","10",2047,2,1,3
56,"Belgium",4,"Median","11",2047,3,1,4
56,"Belgium",4,"Median","12",2047,3,2,5
56,"Belgium",4,"Median","13",2047,3,2,5
56,"Belgium",4,"Median","14",2047,3,2,5
56,"Belgium",4,"Median","15",2047,4,3,7
56,"Belgium",4,"Median","16",2047,5,4,9
56,"Belgium",4,"Median","17",2047,8,5,13
56,"Belgium",4,"Median","18",2047,11,6,17
56,"Belgium",4,"Median","19",2047,14,6,20
56,"Belgium",4,"Median","20",2047,17,6,22
56,"Belgium",4,"Median","21",2047,18,7,24
56,"Belgium",4,"Median","22",2047,19,8,27
56,"Belgium",4,"Median","23",2047,21,8,29
56,"Belgium",4,"Median","24",2047,22,9,31
56,"Belgium",4,"Median","25",2047,24,10,34
56,"Belgium",4,"Median","26",2047,25,10,35
56,"Belgium",4,"Median","27",2047,27,11,37
56,"Belgium",4,"Median","28",2047,28,12,40
56,"Belgium",4,"Median","29",2047,30,14,43
56,"Belgium",4,"Median","30",2047,34,15,49
56,"Belgium",4,"Median","31",2047,38,17,55
56,"Belgium",4,"Median","32",2047,38,19,58
56,"Belgium",4,"Median","33",2047,38,20,58
56,"Belgium",4,"Median","34",2047,39,21,60
56,"Belgium",4,"Median","35",2047,44,24,68
56,"Belgium",4,"Median","36",2047,50,27,77
56,"Belgium",4,"Median","37",2047,54,27,81
56,"Belgium",4,"Median","38",2047,56,27,84
56,"Belgium",4,"Median","39",2047,58,31,88
56,"Belgium",4,"Median","40",2047,59,36,95
56,"Belgium",4,"Median","41",2047,61,39,100
56,"Belgium",4,"Median","42",2047,66,39,105
56,"Belgium",4,"Median","43",2047,77,42,119
56,"Belgium",4,"Median","44",2047,83,48,131
56,"Belgium",4,"Median","45",2047,86,55,142
56,"Belgium",4,"Median","46",2047,92,60,152
56,"Belgium",4,"Median","47",2047,99,64,163
56,"Belgium",4,"Median","48",2047,107,72,179
56,"Belgium",4,"Median","49",2047,118,82,201
56,"Belgium",4,"Median","50",2047,131,89,220
56,"Belgium",4,"Median","51",2047,145,95,240
56,"Belgium",4,"Median","52",2047,161,108,270
56,"Belgium",4,"Median","53",2047,183,127,309
56,"Belgium",4,"Median","54",2047,207,141,348
56,"Belgium",4,"Median","55",2047,236,155,391
56,"Belgium",4,"Median","56",2047,267,173,440
56,"Belgium",4,"Median","57",2047,297,192,490
56,"Belgium",4,"Median","58",2047,329,211,539
56,"Belgium",4,"Median","59",2047,358,226,584
56,"Belgium",4,"Median","60",2047,393,245,638
56,"Belgium",4,"Median","61",2047,437,279,715
56,"Belgium",4,"Median","62",2047,480,314,793
56,"Belgium",4,"Median","63",2047,512,334,846
56,"Belgium",4,"Median","64",2047,548,350,898
56,"Belgium",4,"Median","65",2047,601,377,978
56,"Belgium",4,"Median","66",2047,648,395,1042
56,"Belgium",4,"Median","67",2047,687,408,1095
56,"Belgium",4,"Median","68",2047,720,428,1148
56,"Belgium",4,"Median","69",2047,753,461,1214
56,"Belgium",4,"Median","70",2047,779,487,1266
56,"Belgium",4,"Median","71",2047,821,519,1340
56,"Belgium",4,"Median","72",2047,905,572,1477
56,"Belgium",4,"Median","73",2047,1025,648,1672
56,"Belgium",4,"Median","74",2047,1116,721,1838
56,"Belgium",4,"Median","75",2047,1209,796,2005
56,"Belgium",4,"Median","76",2047,1332,871,2202
56,"Belgium",4,"Median","77",2047,1440,960,2400
56,"Belgium",4,"Median","78",2047,1532,1070,2602
56,"Belgium",4,"Median","79",2047,1663,1199,2862
56,"Belgium",4,"Median","80",2047,1838,1360,3197
56,"Belgium",4,"Median","81",2047,2071,1579,3650
56,"Belgium",4,"Median","82",2047,2320,1839,4159
56,"Belgium",4,"Median","83",2047,2514,2097,4611
56,"Belgium",4,"Median","84",2047,2688,2345,5032
56,"Belgium",4,"Median","85",2047,2881,2616,5497
56,"Belgium",4,"Median","86",2047,3083,2905,5988
56,"Belgium",4,"Median","87",2047,3217,3187,6404
56,"Belgium",4,"Median","88",2047,3282,3449,6732
56,"Belgium",4,"Median","89",2047,3241,3584,6825
56,"Belgium",4,"Median","90",2047,3139,3654,6793
56,"Belgium",4,"Median","91",2047,2987,3668,6655
56,"Belgium",4,"Median","92",2047,2790,3592,6383
56,"Belgium",4,"Median","93",2047,2512,3402,5914
56,"Belgium",4,"Median","94",2047,2202,3167,5369
56,"Belgium",4,"Median","95",2047,1846,2838,4684
56,"Belgium",4,"Median","96",2047,1484,2442,3926
56,"Belgium",4,"Median","97",2047,1175,2047,3222
56,"Belgium",4,"Median","98",2047,897,1662,2558
56,"Belgium",4,"Median","99",2047,649,1286,1935
56,"Belgium",4,"Median","100",2047,199,361,560
56,"Belgium",4,"Median","101",2047,167,322,489
56,"Belgium",4,"Median","102",2047,140,287,427
56,"Belgium",4,"Median","103",2047,118,256,374
56,"Belgium",4,"Median","104",2047,99,229,328
56,"Belgium",4,"Median","105",2047,83,204,287
56,"Belgium",4,"Median","106",2047,70,182,252
56,"Belgium",4,"Median","107",2047,59,162,221
56,"Belgium",4,"Median","108",2047,49,145,194
56,"Belgium",4,"Median","109",2047,42,129,171
56,"Belgium",4,"Median","110",2047,35,115,150
56,"Belgium",4,"Median","0",2048,94,74,168
56,"Belgium",4,"Median","1",2048,10,9,19
56,"Belgium",4,"Median","2",2048,3,3,6
56,"Belgium",4,"Median","3",2048,2,3,5
56,"Belgium",4,"Median","4",2048,2,2,5
56,"Belgium",4,"Median","5",2048,2,2,4
56,"Belgium",4,"Median","6",2048,2,2,4
56,"Belgium",4,"Median","7",2048,2,2,4
56,"Belgium",4,"Median","8",2048,2,2,4
56,"Belgium",4,"Median","9",2048,2,2,4
56,"Belgium",4,"Median","10",2048,2,1,3
56,"Belgium",4,"Median","11",2048,2,1,4
56,"Belgium",4,"Median","12",2048,3,2,5
56,"Belgium",4,"Median","13",2048,3,2,5
56,"Belgium",4,"Median","14",2048,3,2,5
56,"Belgium",4,"Median","15",2048,4,3,6
56,"Belgium",4,"Median","16",2048,5,3,9
56,"Belgium",4,"Median","17",2048,7,5,12
56,"Belgium",4,"Median","18",2048,11,6,17
56,"Belgium",4,"Median","19",2048,14,6,20
56,"Belgium",4,"Median","20",2048,16,5,22
56,"Belgium",4,"Median","21",2048,17,7,24
56,"Belgium",4,"Median","22",2048,19,8,27
56,"Belgium",4,"Median","23",2048,21,8,29
56,"Belgium",4,"Median","24",2048,21,8,29
56,"Belgium",4,"Median","25",2048,22,9,31
56,"Belgium",4,"Median","26",2048,25,10,35
56,"Belgium",4,"Median","27",2048,26,10,37
56,"Belgium",4,"Median","28",2048,27,12,39
56,"Belgium",4,"Median","29",2048,29,13,42
56,"Belgium",4,"Median","30",2048,33,15,47
56,"Belgium",4,"Median","31",2048,37,16,53
56,"Belgium",4,"Median","32",2048,37,19,56
56,"Belgium",4,"Median","33",2048,37,20,56
56,"Belgium",4,"Median","34",2048,38,20,58
56,"Belgium",4,"Median","35",2048,42,23,66
56,"Belgium",4,"Median","36",2048,49,27,75
56,"Belgium",4,"Median","37",2048,53,27,80
56,"Belgium",4,"Median","38",2048,56,27,83
56,"Belgium",4,"Median","39",2048,57,31,88
56,"Belgium",4,"Median","40",2048,59,36,95
56,"Belgium",4,"Median","41",2048,61,39,100
56,"Belgium",4,"Median","42",2048,67,40,107
56,"Belgium",4,"Median","43",2048,78,43,121
56,"Belgium",4,"Median","44",2048,84,49,133
56,"Belgium",4,"Median","45",2048,86,55,141
56,"Belgium",4,"Median","46",2048,90,59,149
56,"Belgium",4,"Median","47",2048,98,63,161
56,"Belgium",4,"Median","48",2048,107,71,178
56,"Belgium",4,"Median","49",2048,116,80,195
56,"Belgium",4,"Median","50",2048,128,86,214
56,"Belgium",4,"Median","51",2048,141,93,234
56,"Belgium",4,"Median","52",2048,157,106,263
56,"Belgium",4,"Median","53",2048,176,122,298
56,"Belgium",4,"Median","54",2048,198,134,332
56,"Belgium",4,"Median","55",2048,227,149,376
56,"Belgium",4,"Median","56",2048,261,169,431
56,"Belgium",4,"Median","57",2048,295,191,486
56,"Belgium",4,"Median","58",2048,326,209,535
56,"Belgium",4,"Median","59",2048,356,224,581
56,"Belgium",4,"Median","60",2048,390,245,635
56,"Belgium",4,"Median","61",2048,435,277,712
56,"Belgium",4,"Median","62",2048,476,311,787
56,"Belgium",4,"Median","63",2048,502,328,831
56,"Belgium",4,"Median","64",2048,533,342,875
56,"Belgium",4,"Median","65",2048,582,366,948
56,"Belgium",4,"Median","66",2048,631,384,1015
56,"Belgium",4,"Median","67",2048,676,404,1080
56,"Belgium",4,"Median","68",2048,717,430,1147
56,"Belgium",4,"Median","69",2048,752,459,1211
56,"Belgium",4,"Median","70",2048,774,488,1262
56,"Belgium",4,"Median","71",2048,817,520,1337
56,"Belgium",4,"Median","72",2048,883,562,1445
56,"Belgium",4,"Median","73",2048,983,626,1609
56,"Belgium",4,"Median","74",2048,1075,693,1767
56,"Belgium",4,"Median","75",2048,1166,764,1930
56,"Belgium",4,"Median","76",2048,1290,849,2139
56,"Belgium",4,"Median","77",2048,1417,951,2367
56,"Belgium",4,"Median","78",2048,1524,1061,2585
56,"Belgium",4,"Median","79",2048,1640,1187,2827
56,"Belgium",4,"Median","80",2048,1789,1328,3117
56,"Belgium",4,"Median","81",2048,2007,1524,3530
56,"Belgium",4,"Median","82",2048,2251,1774,4025
56,"Belgium",4,"Median","83",2048,2493,2066,4559
56,"Belgium",4,"Median","84",2048,2727,2374,5101
56,"Belgium",4,"Median","85",2048,2914,2624,5538
56,"Belgium",4,"Median","86",2048,3109,2911,6020
56,"Belgium",4,"Median","87",2048,3249,3194,6443
56,"Belgium",4,"Median","88",2048,3346,3484,6830
56,"Belgium",4,"Median","89",2048,3333,3682,7015
56,"Belgium",4,"Median","90",2048,3242,3738,6980
56,"Belgium",4,"Median","91",2048,3091,3735,6827
56,"Belgium",4,"Median","92",2048,2882,3678,6560
56,"Belgium",4,"Median","93",2048,2605,3515,6120
56,"Belgium",4,"Median","94",2048,2277,3263,5540
56,"Belgium",4,"Median","95",2048,1933,2944,4877
56,"Belgium",4,"Median","96",2048,1551,2510,4061
56,"Belgium",4,"Median","97",2048,1202,2078,3280
56,"Belgium",4,"Median","98",2048,920,1686,2606
56,"Belgium",4,"Median","99",2048,671,1305,1976
56,"Belgium",4,"Median","100",2048,215,387,602
56,"Belgium",4,"Median","101",2048,181,345,526
56,"Belgium",4,"Median","102",2048,152,307,459
56,"Belgium",4,"Median","103",2048,128,274,402
56,"Belgium",4,"Median","104",2048,107,244,351
56,"Belgium",4,"Median","105",2048,90,217,307
56,"Belgium",4,"Median","106",2048,76,194,270
56,"Belgium",4,"Median","107",2048,64,173,237
56,"Belgium",4,"Median","108",2048,53,154,207
56,"Belgium",4,"Median","109",2048,45,137,182
56,"Belgium",4,"Median","110",2048,38,122,160
56,"Belgium",4,"Median","0",2049,91,72,163
56,"Belgium",4,"Median","1",2049,10,9,18
56,"Belgium",4,"Median","2",2049,3,3,6
56,"Belgium",4,"Median","3",2049,2,2,5
56,"Belgium",4,"Median","4",2049,2,2,4
56,"Belgium",4,"Median","5",2049,2,2,4
56,"Belgium",4,"Median","6",2049,2,2,4
56,"Belgium",4,"Median","7",2049,2,2,4
56,"Belgium",4,"Median","8",2049,2,2,4
56,"Belgium",4,"Median","9",2049,2,2,4
56,"Belgium",4,"Median","10",2049,2,1,3
56,"Belgium",4,"Median","11",2049,2,1,4
56,"Belgium",4,"Median","12",2049,3,2,5
56,"Belgium",4,"Median","13",2049,3,2,5
56,"Belgium",4,"Median","14",2049,3,2,5
56,"Belgium",4,"Median","15",2049,4,3,6
56,"Belgium",4,"Median","16",2049,5,3,8
56,"Belgium",4,"Median","17",2049,7,5,12
56,"Belgium",4,"Median","18",2049,10,6,17
56,"Belgium",4,"Median","19",2049,14,6,19
56,"Belgium",4,"Median","20",2049,16,5,22
56,"Belgium",4,"Median","21",2049,17,6,23
56,"Belgium",4,"Median","22",2049,19,7,26
56,"Belgium",4,"Median","23",2049,20,8,28
56,"Belgium",4,"Median","24",2049,21,8,29
56,"Belgium",4,"Median","25",2049,21,8,29
56,"Belgium",4,"Median","26",2049,23,9,32
56,"Belgium",4,"Median","27",2049,26,10,36
56,"Belgium",4,"Median","28",2049,27,12,38
56,"Belgium",4,"Median","29",2049,28,13,41
56,"Belgium",4,"Median","30",2049,32,14,46
56,"Belgium",4,"Median","31",2049,36,16,52
56,"Belgium",4,"Median","32",2049,36,18,54
56,"Belgium",4,"Median","33",2049,36,19,55
56,"Belgium",4,"Median","34",2049,37,20,57
56,"Belgium",4,"Median","35",2049,41,23,64
56,"Belgium",4,"Median","36",2049,47,26,73
56,"Belgium",4,"Median","37",2049,51,26,78
56,"Belgium",4,"Median","38",2049,55,27,81
56,"Belgium",4,"Median","39",2049,57,30,87
56,"Belgium",4,"Median","40",2049,59,36,95
56,"Belgium",4,"Median","41",2049,62,39,101
56,"Belgium",4,"Median","42",2049,67,40,107
56,"Belgium",4,"Median","43",2049,79,43,122
56,"Belgium",4,"Median","44",2049,85,50,135
56,"Belgium",4,"Median","45",2049,87,56,143
56,"Belgium",4,"Median","46",2049,90,58,148
56,"Belgium",4,"Median","47",2049,96,61,158
56,"Belgium",4,"Median","48",2049,106,70,175
56,"Belgium",4,"Median","49",2049,115,78,194
56,"Belgium",4,"Median","50",2049,125,83,208
56,"Belgium",4,"Median","51",2049,138,90,227
56,"Belgium",4,"Median","52",2049,154,104,257
56,"Belgium",4,"Median","53",2049,171,119,290
56,"Belgium",4,"Median","54",2049,191,128,319
56,"Belgium",4,"Median","55",2049,217,141,358
56,"Belgium",4,"Median","56",2049,251,163,414
56,"Belgium",4,"Median","57",2049,289,186,475
56,"Belgium",4,"Median","58",2049,324,207,530
56,"Belgium",4,"Median","59",2049,353,222,575
56,"Belgium",4,"Median","60",2049,388,242,630
56,"Belgium",4,"Median","61",2049,432,276,707
56,"Belgium",4,"Median","62",2049,474,309,782
56,"Belgium",4,"Median","63",2049,498,324,823
56,"Belgium",4,"Median","64",2049,522,336,857
56,"Belgium",4,"Median","65",2049,566,357,923
56,"Belgium",4,"Median","66",2049,610,372,983
56,"Belgium",4,"Median","67",2049,659,392,1050
56,"Belgium",4,"Median","68",2049,706,424,1129
56,"Belgium",4,"Median","69",2049,749,459,1208
56,"Belgium",4,"Median","70",2049,773,483,1256
56,"Belgium",4,"Median","71",2049,812,518,1330
56,"Belgium",4,"Median","72",2049,879,561,1440
56,"Belgium",4,"Median","73",2049,960,612,1572
56,"Belgium",4,"Median","74",2049,1031,667,1697
56,"Belgium",4,"Median","75",2049,1123,730,1853
56,"Belgium",4,"Median","76",2049,1245,811,2056
56,"Belgium",4,"Median","77",2049,1373,923,2296
56,"Belgium",4,"Median","78",2049,1500,1047,2547
56,"Belgium",4,"Median","79",2049,1633,1173,2806
56,"Belgium",4,"Median","80",2049,1766,1309,3075
56,"Belgium",4,"Median","81",2049,1956,1484,3440
56,"Belgium",4,"Median","82",2049,2183,1708,3891
56,"Belgium",4,"Median","83",2049,2421,1989,4410
56,"Belgium",4,"Median","84",2049,2708,2334,5043
56,"Belgium",4,"Median","85",2049,2961,2651,5613
56,"Belgium",4,"Median","86",2049,3150,2915,6066
56,"Belgium",4,"Median","87",2049,3282,3196,6479
56,"Belgium",4,"Median","88",2049,3385,3490,6875
56,"Belgium",4,"Median","89",2049,3403,3716,7120
56,"Belgium",4,"Median","90",2049,3340,3839,7179
56,"Belgium",4,"Median","91",2049,3200,3820,7021
56,"Belgium",4,"Median","92",2049,2990,3746,6736
56,"Belgium",4,"Median","93",2049,2697,3600,6296
56,"Belgium",4,"Median","94",2049,2367,3373,5740
56,"Belgium",4,"Median","95",2049,2004,3035,5040
56,"Belgium",4,"Median","96",2049,1628,2605,4234
56,"Belgium",4,"Median","97",2049,1259,2137,3397
56,"Belgium",4,"Median","98",2049,943,1714,2656
56,"Belgium",4,"Median","99",2049,689,1326,2015
56,"Belgium",4,"Median","100",2049,228,406,634
56,"Belgium",4,"Median","101",2049,192,361,553
56,"Belgium",4,"Median","102",2049,161,322,483
56,"Belgium",4,"Median","103",2049,135,287,422
56,"Belgium",4,"Median","104",2049,114,256,370
56,"Belgium",4,"Median","105",2049,96,228,324
56,"Belgium",4,"Median","106",2049,80,203,283
56,"Belgium",4,"Median","107",2049,67,181,248
56,"Belgium",4,"Median","108",2049,57,161,218
56,"Belgium",4,"Median","109",2049,48,143,191
56,"Belgium",4,"Median","110",2049,40,128,168
56,"Belgium",4,"Median","0",2050,88,69,158
56,"Belgium",4,"Median","1",2050,9,9,18
56,"Belgium",4,"Median","2",2050,3,3,6
56,"Belgium",4,"Median","3",2050,2,2,5
56,"Belgium",4,"Median","4",2050,2,2,4
56,"Belgium",4,"Median","5",2050,2,2,4
56,"Belgium",4,"Median","6",2050,2,2,4
56,"Belgium",4,"Median","7",2050,2,2,4
56,"Belgium",4,"Median","8",2050,2,2,4
56,"Belgium",4,"Median","9",2050,2,2,3
56,"Belgium",4,"Median","10",2050,2,1,3
56,"Belgium",4,"Median","11",2050,2,1,4
56,"Belgium",4,"Median","12",2050,3,2,5
56,"Belgium",4,"Median","13",2050,3,2,5
56,"Belgium",4,"Median","14",2050,3,2,5
56,"Belgium",4,"Median","15",2050,4,3,6
56,"Belgium",4,"Median","16",2050,5,3,8
56,"Belgium",4,"Median","17",2050,7,5,12
56,"Belgium",4,"Median","18",2050,10,6,16
56,"Belgium",4,"Median","19",2050,14,6,19
56,"Belgium",4,"Median","20",2050,16,5,21
56,"Belgium",4,"Median","21",2050,17,6,23
56,"Belgium",4,"Median","22",2050,18,7,25
56,"Belgium",4,"Median","23",2050,20,8,28
56,"Belgium",4,"Median","24",2050,20,8,28
56,"Belgium",4,"Median","25",2050,20,8,29
56,"Belgium",4,"Median","26",2050,22,9,30
56,"Belgium",4,"Median","27",2050,24,10,34
56,"Belgium",4,"Median","28",2050,26,11,38
56,"Belgium",4,"Median","29",2050,28,13,40
56,"Belgium",4,"Median","30",2050,31,14,45
56,"Belgium",4,"Median","31",2050,35,16,50
56,"Belgium",4,"Median","32",2050,35,18,53
56,"Belgium",4,"Median","33",2050,35,19,53
56,"Belgium",4,"Median","34",2050,36,19,55
56,"Belgium",4,"Median","35",2050,40,22,62
56,"Belgium",4,"Median","36",2050,46,25,71
56,"Belgium",4,"Median","37",2050,50,25,75
56,"Belgium",4,"Median","38",2050,53,26,79
56,"Belgium",4,"Median","39",2050,56,30,85
56,"Belgium",4,"Median","40",2050,58,35,94
56,"Belgium",4,"Median","41",2050,61,39,100
56,"Belgium",4,"Median","42",2050,67,40,108
56,"Belgium",4,"Median","43",2050,79,44,123
56,"Belgium",4,"Median","44",2050,86,50,137
56,"Belgium",4,"Median","45",2050,89,57,145
56,"Belgium",4,"Median","46",2050,91,59,150
56,"Belgium",4,"Median","47",2050,96,61,157
56,"Belgium",4,"Median","48",2050,104,68,172
56,"Belgium",4,"Median","49",2050,114,77,191
56,"Belgium",4,"Median","50",2050,124,82,206
56,"Belgium",4,"Median","51",2050,135,86,221
56,"Belgium",4,"Median","52",2050,150,100,249
56,"Belgium",4,"Median","53",2050,168,116,283
56,"Belgium",4,"Median","54",2050,186,125,310
56,"Belgium",4,"Median","55",2050,209,135,344
56,"Belgium",4,"Median","56",2050,240,154,394
56,"Belgium",4,"Median","57",2050,278,178,457
56,"Belgium",4,"Median","58",2050,317,201,518
56,"Belgium",4,"Median","59",2050,351,219,570
56,"Belgium",4,"Median","60",2050,385,239,624
56,"Belgium",4,"Median","61",2050,429,273,702
56,"Belgium",4,"Median","62",2050,470,307,777
56,"Belgium",4,"Median","63",2050,496,322,817
56,"Belgium",4,"Median","64",2050,518,331,849
56,"Belgium",4,"Median","65",2050,554,350,904
56,"Belgium",4,"Median","66",2050,593,362,956
56,"Belgium",4,"Median","67",2050,637,379,1016
56,"Belgium",4,"Median","68",2050,687,411,1098
56,"Belgium",4,"Median","69",2050,737,453,1189
56,"Belgium",4,"Median","70",2050,769,483,1252
56,"Belgium",4,"Median","71",2050,810,514,1324
56,"Belgium",4,"Median","72",2050,873,559,1432
56,"Belgium",4,"Median","73",2050,955,611,1566
56,"Belgium",4,"Median","74",2050,1006,652,1658
56,"Belgium",4,"Median","75",2050,1077,703,1780
56,"Belgium",4,"Median","76",2050,1198,776,1974
56,"Belgium",4,"Median","77",2050,1325,883,2208
56,"Belgium",4,"Median","78",2050,1455,1017,2472
56,"Belgium",4,"Median","79",2050,1609,1158,2767
56,"Belgium",4,"Median","80",2050,1760,1295,3055
56,"Belgium",4,"Median","81",2050,1933,1465,3398
56,"Belgium",4,"Median","82",2050,2130,1665,3795
56,"Belgium",4,"Median","83",2050,2351,1916,4267
56,"Belgium",4,"Median","84",2050,2635,2250,4885
56,"Belgium",4,"Median","85",2050,2946,2612,5558
56,"Belgium",4,"Median","86",2050,3207,2951,6159
56,"Belgium",4,"Median","87",2050,3332,3207,6539
56,"Belgium",4,"Median","88",2050,3428,3499,6927
56,"Belgium",4,"Median","89",2050,3451,3729,7180
56,"Belgium",4,"Median","90",2050,3418,3882,7300
56,"Belgium",4,"Median","91",2050,3304,3931,7236
56,"Belgium",4,"Median","92",2050,3103,3840,6943
56,"Belgium",4,"Median","93",2050,2804,3674,6479
56,"Belgium",4,"Median","94",2050,2456,3463,5919
56,"Belgium",4,"Median","95",2050,2089,3146,5234
56,"Belgium",4,"Median","96",2050,1692,2692,4384
56,"Belgium",4,"Median","97",2050,1325,2224,3549
56,"Belgium",4,"Median","98",2050,990,1767,2756
56,"Belgium",4,"Median","99",2050,708,1350,2059
56,"Belgium",4,"Median","100",2050,239,418,657
56,"Belgium",4,"Median","101",2050,201,373,574
56,"Belgium",4,"Median","102",2050,169,333,502
56,"Belgium",4,"Median","103",2050,142,297,439
56,"Belgium",4,"Median","104",2050,119,265,384
56,"Belgium",4,"Median","105",2050,100,236,336
56,"Belgium",4,"Median","106",2050,85,211,296
56,"Belgium",4,"Median","107",2050,71,188,259
56,"Belgium",4,"Median","108",2050,60,168,228
56,"Belgium",4,"Median","109",2050,50,150,200
56,"Belgium",4,"Median","110",2050,42,133,175
56,"Belgium",4,"Median","0",2051,86,67,153
56,"Belgium",4,"Median","1",2051,9,8,18
56,"Belgium",4,"Median","2",2051,3,3,5
56,"Belgium",4,"Median","3",2051,2,2,4
56,"Belgium",4,"Median","4",2051,2,2,4
56,"Belgium",4,"Median","5",2051,2,2,4
56,"Belgium",4,"Median","6",2051,2,2,4
56,"Belgium",4,"Median","7",2051,2,2,4
56,"Belgium",4,"Median","8",2051,2,2,4
56,"Belgium",4,"Median","9",2051,2,2,3
56,"Belgium",4,"Median","10",2051,2,1,3
56,"Belgium",4,"Median","11",2051,2,1,4
56,"Belgium",4,"Median","12",2051,3,2,5
56,"Belgium",4,"Median","13",2051,3,2,5
56,"Belgium",4,"Median","14",2051,3,2,5
56,"Belgium",4,"Median","15",2051,4,3,6
56,"Belgium",4,"Median","16",2051,5,3,8
56,"Belgium",4,"Median","17",2051,7,5,12
56,"Belgium",4,"Median","18",2051,10,6,16
56,"Belgium",4,"Median","19",2051,13,6,19
56,"Belgium",4,"Median","20",2051,16,5,21
56,"Belgium",4,"Median","21",2051,17,6,23
56,"Belgium",4,"Median","22",2051,18,7,25
56,"Belgium",4,"Median","23",2051,19,8,27
56,"Belgium",4,"Median","24",2051,20,8,28
56,"Belgium",4,"Median","25",2051,20,8,28
56,"Belgium",4,"Median","26",2051,21,8,30
56,"Belgium",4,"Median","27",2051,23,9,32
56,"Belgium",4,"Median","28",2051,24,10,35
56,"Belgium",4,"Median","29",2051,27,13,40
56,"Belgium",4,"Median","30",2051,30,14,44
56,"Belgium",4,"Median","31",2051,34,15,49
56,"Belgium",4,"Median","32",2051,34,17,52
56,"Belgium",4,"Median","33",2051,34,18,52
56,"Belgium",4,"Median","34",2051,35,19,54
56,"Belgium",4,"Median","35",2051,39,22,61
56,"Belgium",4,"Median","36",2051,45,25,70
56,"Belgium",4,"Median","37",2051,49,25,74
56,"Belgium",4,"Median","38",2051,52,25,77
56,"Belgium",4,"Median","39",2051,54,29,83
56,"Belgium",4,"Median","40",2051,57,35,92
56,"Belgium",4,"Median","41",2051,61,38,99
56,"Belgium",4,"Median","42",2051,67,40,107
56,"Belgium",4,"Median","43",2051,80,44,124
56,"Belgium",4,"Median","44",2051,87,51,138
56,"Belgium",4,"Median","45",2051,90,58,148
56,"Belgium",4,"Median","46",2051,93,60,153
56,"Belgium",4,"Median","47",2051,97,62,159
56,"Belgium",4,"Median","48",2051,103,68,171
56,"Belgium",4,"Median","49",2051,112,76,187
56,"Belgium",4,"Median","50",2051,123,81,203
56,"Belgium",4,"Median","51",2051,134,85,219
56,"Belgium",4,"Median","52",2051,147,97,243
56,"Belgium",4,"Median","53",2051,164,112,275
56,"Belgium",4,"Median","54",2051,182,122,304
56,"Belgium",4,"Median","55",2051,204,132,336
56,"Belgium",4,"Median","56",2051,232,147,379
56,"Belgium",4,"Median","57",2051,266,169,435
56,"Belgium",4,"Median","58",2051,305,194,500
56,"Belgium",4,"Median","59",2051,344,214,559
56,"Belgium",4,"Median","60",2051,383,237,620
56,"Belgium",4,"Median","61",2051,427,271,697
56,"Belgium",4,"Median","62",2051,469,305,773
56,"Belgium",4,"Median","63",2051,493,321,814
56,"Belgium",4,"Median","64",2051,515,330,845
56,"Belgium",4,"Median","65",2051,550,346,897
56,"Belgium",4,"Median","66",2051,582,356,938
56,"Belgium",4,"Median","67",2051,620,370,990
56,"Belgium",4,"Median","68",2051,665,399,1064
56,"Belgium",4,"Median","69",2051,718,440,1159
56,"Belgium",4,"Median","70",2051,758,478,1236
56,"Belgium",4,"Median","71",2051,808,515,1323
56,"Belgium",4,"Median","72",2051,873,556,1429
56,"Belgium",4,"Median","73",2051,951,612,1563
56,"Belgium",4,"Median","74",2051,1004,653,1657
56,"Belgium",4,"Median","75",2051,1053,690,1743
56,"Belgium",4,"Median","76",2051,1152,749,1901
56,"Belgium",4,"Median","77",2051,1279,848,2126
56,"Belgium",4,"Median","78",2051,1408,976,2384
56,"Belgium",4,"Median","79",2051,1564,1130,2694
56,"Belgium",4,"Median","80",2051,1738,1284,3022
56,"Belgium",4,"Median","81",2051,1931,1456,3388
56,"Belgium",4,"Median","82",2051,2112,1651,3763
56,"Belgium",4,"Median","83",2051,2301,1876,4177
56,"Belgium",4,"Median","84",2051,2567,2178,4745
56,"Belgium",4,"Median","85",2051,2875,2529,5404
56,"Belgium",4,"Median","86",2051,3201,2920,6121
56,"Belgium",4,"Median","87",2051,3403,3261,6664
56,"Belgium",4,"Median","88",2051,3491,3526,7017
56,"Belgium",4,"Median","89",2051,3504,3754,7259
56,"Belgium",4,"Median","90",2051,3476,3911,7387
56,"Belgium",4,"Median","91",2051,3392,3992,7384
56,"Belgium",4,"Median","92",2051,3214,3968,7181
56,"Belgium",4,"Median","93",2051,2919,3780,6699
56,"Belgium",4,"Median","94",2051,2562,3547,6109
56,"Belgium",4,"Median","95",2051,2174,3241,5414
56,"Belgium",4,"Median","96",2051,1768,2799,4567
56,"Belgium",4,"Median","97",2051,1381,2305,3686
56,"Belgium",4,"Median","98",2051,1044,1844,2888
56,"Belgium",4,"Median","99",2051,745,1396,2141
56,"Belgium",4,"Median","100",2051,246,427,673
56,"Belgium",4,"Median","101",2051,207,382,589
56,"Belgium",4,"Median","102",2051,175,341,516
56,"Belgium",4,"Median","103",2051,148,305,453
56,"Belgium",4,"Median","104",2051,125,273,398
56,"Belgium",4,"Median","105",2051,105,244,349
56,"Belgium",4,"Median","106",2051,89,219,308
56,"Belgium",4,"Median","107",2051,75,196,271
56,"Belgium",4,"Median","108",2051,63,175,238
56,"Belgium",4,"Median","109",2051,53,156,209
56,"Belgium",4,"Median","110",2051,45,140,185
56,"Belgium",4,"Median","0",2052,83,65,148
56,"Belgium",4,"Median","1",2052,9,8,17
56,"Belgium",4,"Median","2",2052,3,3,5
56,"Belgium",4,"Median","3",2052,2,2,4
56,"Belgium",4,"Median","4",2052,2,2,4
56,"Belgium",4,"Median","5",2052,2,2,4
56,"Belgium",4,"Median","6",2052,2,2,4
56,"Belgium",4,"Median","7",2052,2,2,4
56,"Belgium",4,"Median","8",2052,2,2,4
56,"Belgium",4,"Median","9",2052,2,2,3
56,"Belgium",4,"Median","10",2052,2,1,3
56,"Belgium",4,"Median","11",2052,2,1,4
56,"Belgium",4,"Median","12",2052,3,2,5
56,"Belgium",4,"Median","13",2052,3,2,5
56,"Belgium",4,"Median","14",2052,3,2,5
56,"Belgium",4,"Median","15",2052,4,3,6
56,"Belgium",4,"Median","16",2052,5,3,8
56,"Belgium",4,"Median","17",2052,7,5,12
56,"Belgium",4,"Median","18",2052,10,6,16
56,"Belgium",4,"Median","19",2052,13,5,19
56,"Belgium",4,"Median","20",2052,15,5,21
56,"Belgium",4,"Median","21",2052,16,6,22
56,"Belgium",4,"Median","22",2052,18,7,25
56,"Belgium",4,"Median","23",2052,19,7,27
56,"Belgium",4,"Median","24",2052,20,8,27
56,"Belgium",4,"Median","25",2052,20,8,28
56,"Belgium",4,"Median","26",2052,21,8,29
56,"Belgium",4,"Median","27",2052,22,9,31
56,"Belgium",4,"Median","28",2052,23,10,33
56,"Belgium",4,"Median","29",2052,25,12,37
56,"Belgium",4,"Median","30",2052,30,13,43
56,"Belgium",4,"Median","31",2052,33,15,48
56,"Belgium",4,"Median","32",2052,33,17,50
56,"Belgium",4,"Median","33",2052,33,18,51
56,"Belgium",4,"Median","34",2052,34,18,52
56,"Belgium",4,"Median","35",2052,38,21,59
56,"Belgium",4,"Median","36",2052,44,24,68
56,"Belgium",4,"Median","37",2052,48,24,72
56,"Belgium",4,"Median","38",2052,51,24,75
56,"Belgium",4,"Median","39",2052,53,28,81
56,"Belgium",4,"Median","40",2052,56,34,90
56,"Belgium",4,"Median","41",2052,60,38,97
56,"Belgium",4,"Median","42",2052,66,40,106
56,"Belgium",4,"Median","43",2052,80,43,123
56,"Belgium",4,"Median","44",2052,88,51,138
56,"Belgium",4,"Median","45",2052,90,58,149
56,"Belgium",4,"Median","46",2052,94,61,155
56,"Belgium",4,"Median","47",2052,99,63,162
56,"Belgium",4,"Median","48",2052,105,69,173
56,"Belgium",4,"Median","49",2052,112,75,187
56,"Belgium",4,"Median","50",2052,121,79,199
56,"Belgium",4,"Median","51",2052,133,84,217
56,"Belgium",4,"Median","52",2052,146,95,241
56,"Belgium",4,"Median","53",2052,160,108,268
56,"Belgium",4,"Median","54",2052,178,118,295
56,"Belgium",4,"Median","55",2052,199,129,328
56,"Belgium",4,"Median","56",2052,226,144,370
56,"Belgium",4,"Median","57",2052,257,162,419
56,"Belgium",4,"Median","58",2052,292,184,476
56,"Belgium",4,"Median","59",2052,332,206,538
56,"Belgium",4,"Median","60",2052,376,231,607
56,"Belgium",4,"Median","61",2052,424,268,692
56,"Belgium",4,"Median","62",2052,466,301,767
56,"Belgium",4,"Median","63",2052,491,318,809
56,"Belgium",4,"Median","64",2052,512,327,840
56,"Belgium",4,"Median","65",2052,548,343,891
56,"Belgium",4,"Median","66",2052,578,351,929
56,"Belgium",4,"Median","67",2052,608,362,970
56,"Belgium",4,"Median","68",2052,648,388,1035
56,"Belgium",4,"Median","69",2052,696,426,1122
56,"Belgium",4,"Median","70",2052,739,463,1202
56,"Belgium",4,"Median","71",2052,796,508,1304
56,"Belgium",4,"Median","72",2052,871,555,1427
56,"Belgium",4,"Median","73",2052,952,607,1559
56,"Belgium",4,"Median","74",2052,1000,652,1651
56,"Belgium",4,"Median","75",2052,1051,689,1739
56,"Belgium",4,"Median","76",2052,1127,733,1860
56,"Belgium",4,"Median","77",2052,1229,816,2045
56,"Belgium",4,"Median","78",2052,1359,934,2293
56,"Belgium",4,"Median","79",2052,1514,1081,2595
56,"Belgium",4,"Median","80",2052,1691,1249,2940
56,"Belgium",4,"Median","81",2052,1910,1440,3350
56,"Belgium",4,"Median","82",2052,2113,1637,3750
56,"Belgium",4,"Median","83",2052,2283,1857,4140
56,"Belgium",4,"Median","84",2052,2516,2129,4645
56,"Belgium",4,"Median","85",2052,2805,2444,5249
56,"Belgium",4,"Median","86",2052,3129,2824,5953
56,"Belgium",4,"Median","87",2052,3402,3222,6625
56,"Belgium",4,"Median","88",2052,3572,3583,7155
56,"Belgium",4,"Median","89",2052,3575,3781,7356
56,"Belgium",4,"Median","90",2052,3536,3936,7472
56,"Belgium",4,"Median","91",2052,3456,4021,7477
56,"Belgium",4,"Median","92",2052,3306,4029,7335
56,"Belgium",4,"Median","93",2052,3029,3907,6936
56,"Belgium",4,"Median","94",2052,2672,3652,6323
56,"Belgium",4,"Median","95",2052,2272,3323,5595
56,"Belgium",4,"Median","96",2052,1844,2886,4730
56,"Belgium",4,"Median","97",2052,1446,2399,3845
56,"Belgium",4,"Median","98",2052,1090,1913,3003
56,"Belgium",4,"Median","99",2052,788,1459,2246
56,"Belgium",4,"Median","100",2052,254,433,687
56,"Belgium",4,"Median","101",2052,215,389,604
56,"Belgium",4,"Median","102",2052,182,350,532
56,"Belgium",4,"Median","103",2052,154,314,468
56,"Belgium",4,"Median","104",2052,131,282,413
56,"Belgium",4,"Median","105",2052,111,253,364
56,"Belgium",4,"Median","106",2052,94,228,322
56,"Belgium",4,"Median","107",2052,79,204,283
56,"Belgium",4,"Median","108",2052,67,184,251
56,"Belgium",4,"Median","109",2052,57,165,222
56,"Belgium",4,"Median","110",2052,48,148,196
56,"Belgium",4,"Median","0",2053,81,63,144
56,"Belgium",4,"Median","1",2053,9,8,17
56,"Belgium",4,"Median","2",2053,3,3,5
56,"Belgium",4,"Median","3",2053,2,2,4
56,"Belgium",4,"Median","4",2053,2,2,4
56,"Belgium",4,"Median","5",2053,2,2,4
56,"Belgium",4,"Median","6",2053,2,2,4
56,"Belgium",4,"Median","7",2053,2,2,4
56,"Belgium",4,"Median","8",2053,2,2,4
56,"Belgium",4,"Median","9",2053,2,1,3
56,"Belgium",4,"Median","10",2053,2,1,3
56,"Belgium",4,"Median","11",2053,2,1,4
56,"Belgium",4,"Median","12",2053,3,2,5
56,"Belgium",4,"Median","13",2053,3,2,5
56,"Belgium",4,"Median","14",2053,3,2,5
56,"Belgium",4,"Median","15",2053,4,3,6
56,"Belgium",4,"Median","16",2053,5,3,8
56,"Belgium",4,"Median","17",2053,7,5,12
56,"Belgium",4,"Median","18",2053,10,6,16
56,"Belgium",4,"Median","19",2053,13,5,19
56,"Belgium",4,"Median","20",2053,15,5,20
56,"Belgium",4,"Median","21",2053,16,6,22
56,"Belgium",4,"Median","22",2053,17,7,24
56,"Belgium",4,"Median","23",2053,19,7,26
56,"Belgium",4,"Median","24",2053,19,7,27
56,"Belgium",4,"Median","25",2053,19,8,27
56,"Belgium",4,"Median","26",2053,21,8,29
56,"Belgium",4,"Median","27",2053,22,9,30
56,"Belgium",4,"Median","28",2053,23,10,32
56,"Belgium",4,"Median","29",2053,24,11,35
56,"Belgium",4,"Median","30",2053,28,12,40
56,"Belgium",4,"Median","31",2053,33,15,47
56,"Belgium",4,"Median","32",2053,33,17,49
56,"Belgium",4,"Median","33",2053,32,17,49
56,"Belgium",4,"Median","34",2053,33,18,51
56,"Belgium",4,"Median","35",2053,37,20,57
56,"Belgium",4,"Median","36",2053,43,23,66
56,"Belgium",4,"Median","37",2053,46,23,70
56,"Belgium",4,"Median","38",2053,49,24,73
56,"Belgium",4,"Median","39",2053,52,27,79
56,"Belgium",4,"Median","40",2053,54,33,87
56,"Belgium",4,"Median","41",2053,58,37,95
56,"Belgium",4,"Median","42",2053,65,39,104
56,"Belgium",4,"Median","43",2053,78,43,121
56,"Belgium",4,"Median","44",2053,87,50,138
56,"Belgium",4,"Median","45",2053,91,58,149
56,"Belgium",4,"Median","46",2053,95,62,156
56,"Belgium",4,"Median","47",2053,100,64,164
56,"Belgium",4,"Median","48",2053,107,70,176
56,"Belgium",4,"Median","49",2053,113,76,189
56,"Belgium",4,"Median","50",2053,120,78,199
56,"Belgium",4,"Median","51",2053,130,82,212
56,"Belgium",4,"Median","52",2053,144,94,238
56,"Belgium",4,"Median","53",2053,159,107,266
56,"Belgium",4,"Median","54",2053,174,114,287
56,"Belgium",4,"Median","55",2053,194,124,319
56,"Belgium",4,"Median","56",2053,221,141,362
56,"Belgium",4,"Median","57",2053,250,158,409
56,"Belgium",4,"Median","58",2053,282,176,458
56,"Belgium",4,"Median","59",2053,317,195,512
56,"Belgium",4,"Median","60",2053,361,223,584
56,"Belgium",4,"Median","61",2053,416,261,677
56,"Belgium",4,"Median","62",2053,463,299,761
56,"Belgium",4,"Median","63",2053,487,315,802
56,"Belgium",4,"Median","64",2053,509,324,834
56,"Belgium",4,"Median","65",2053,544,341,885
56,"Belgium",4,"Median","66",2053,574,349,922
56,"Belgium",4,"Median","67",2053,602,358,960
56,"Belgium",4,"Median","68",2053,633,380,1014
56,"Belgium",4,"Median","69",2053,676,415,1090
56,"Belgium",4,"Median","70",2053,714,448,1162
56,"Belgium",4,"Median","71",2053,775,493,1267
56,"Belgium",4,"Median","72",2053,857,548,1405
56,"Belgium",4,"Median","73",2053,948,607,1555
56,"Belgium",4,"Median","74",2053,998,647,1645
56,"Belgium",4,"Median","75",2053,1044,688,1732
56,"Belgium",4,"Median","76",2053,1122,733,1855
56,"Belgium",4,"Median","77",2053,1201,800,2000
56,"Belgium",4,"Median","78",2053,1304,901,2206
56,"Belgium",4,"Median","79",2053,1460,1037,2497
56,"Belgium",4,"Median","80",2053,1635,1198,2833
56,"Belgium",4,"Median","81",2053,1857,1405,3261
56,"Belgium",4,"Median","82",2053,2088,1623,3711
56,"Belgium",4,"Median","83",2053,2283,1846,4128
56,"Belgium",4,"Median","84",2053,2496,2113,4609
56,"Belgium",4,"Median","85",2053,2749,2396,5145
56,"Belgium",4,"Median","86",2053,3054,2737,5792
56,"Belgium",4,"Median","87",2053,3327,3125,6452
56,"Belgium",4,"Median","88",2053,3573,3552,7125
56,"Belgium",4,"Median","89",2053,3660,3852,7512
56,"Belgium",4,"Median","90",2053,3611,3974,7585
56,"Belgium",4,"Median","91",2053,3520,4058,7578
56,"Belgium",4,"Median","92",2053,3373,4071,7444
56,"Belgium",4,"Median","93",2053,3120,3979,7099
56,"Belgium",4,"Median","94",2053,2777,3785,6562
56,"Belgium",4,"Median","95",2053,2374,3431,5805
56,"Belgium",4,"Median","96",2053,1930,2967,4897
56,"Belgium",4,"Median","97",2053,1510,2480,3990
56,"Belgium",4,"Median","98",2053,1143,1996,3140
56,"Belgium",4,"Median","99",2053,824,1517,2341
56,"Belgium",4,"Median","100",2053,264,443,707
56,"Belgium",4,"Median","101",2053,224,399,623
56,"Belgium",4,"Median","102",2053,191,360,551
56,"Belgium",4,"Median","103",2053,162,325,487
56,"Belgium",4,"Median","104",2053,138,293,431
56,"Belgium",4,"Median","105",2053,117,264,381
56,"Belgium",4,"Median","106",2053,100,238,338
56,"Belgium",4,"Median","107",2053,85,215,300
56,"Belgium",4,"Median","108",2053,72,193,265
56,"Belgium",4,"Median","109",2053,61,174,235
56,"Belgium",4,"Median","110",2053,52,157,209
56,"Belgium",4,"Median","0",2054,79,61,140
56,"Belgium",4,"Median","1",2054,8,8,16
56,"Belgium",4,"Median","2",2054,2,3,5
56,"Belgium",4,"Median","3",2054,2,2,4
56,"Belgium",4,"Median","4",2054,2,2,4
56,"Belgium",4,"Median","5",2054,2,2,4
56,"Belgium",4,"Median","6",2054,2,2,4
56,"Belgium",4,"Median","7",2054,2,2,4
56,"Belgium",4,"Median","8",2054,2,2,3
56,"Belgium",4,"Median","9",2054,2,1,3
56,"Belgium",4,"Median","10",2054,2,1,3
56,"Belgium",4,"Median","11",2054,2,1,4
56,"Belgium",4,"Median","12",2054,3,2,5
56,"Belgium",4,"Median","13",2054,3,2,5
56,"Belgium",4,"Median","14",2054,3,2,5
56,"Belgium",4,"Median","15",2054,4,3,6
56,"Belgium",4,"Median","16",2054,5,3,8
56,"Belgium",4,"Median","17",2054,7,5,12
56,"Belgium",4,"Median","18",2054,10,6,16
56,"Belgium",4,"Median","19",2054,13,5,18
56,"Belgium",4,"Median","20",2054,15,5,20
56,"Belgium",4,"Median","21",2054,16,6,22
56,"Belgium",4,"Median","22",2054,17,7,24
56,"Belgium",4,"Median","23",2054,19,7,26
56,"Belgium",4,"Median","24",2054,19,7,26
56,"Belgium",4,"Median","25",2054,19,8,27
56,"Belgium",4,"Median","26",2054,20,8,28
56,"Belgium",4,"Median","27",2054,21,8,30
56,"Belgium",4,"Median","28",2054,22,9,32
56,"Belgium",4,"Median","29",2054,23,11,34
56,"Belgium",4,"Median","30",2054,26,12,38
56,"Belgium",4,"Median","31",2054,30,14,44
56,"Belgium",4,"Median","32",2054,32,16,49
56,"Belgium",4,"Median","33",2054,32,17,48
56,"Belgium",4,"Median","34",2054,32,17,49
56,"Belgium",4,"Median","35",2054,36,20,56
56,"Belgium",4,"Median","36",2054,41,23,64
56,"Belgium",4,"Median","37",2054,45,23,68
56,"Belgium",4,"Median","38",2054,48,23,71
56,"Belgium",4,"Median","39",2054,50,27,77
56,"Belgium",4,"Median","40",2054,53,32,85
56,"Belgium",4,"Median","41",2054,57,36,92
56,"Belgium",4,"Median","42",2054,63,38,101
56,"Belgium",4,"Median","43",2054,77,42,119
56,"Belgium",4,"Median","44",2054,86,50,136
56,"Belgium",4,"Median","45",2054,91,58,149
56,"Belgium",4,"Median","46",2054,95,61,157
56,"Belgium",4,"Median","47",2054,101,64,165
56,"Belgium",4,"Median","48",2054,108,71,179
56,"Belgium",4,"Median","49",2054,115,77,192
56,"Belgium",4,"Median","50",2054,122,79,201
56,"Belgium",4,"Median","51",2054,130,82,212
56,"Belgium",4,"Median","52",2054,142,92,233
56,"Belgium",4,"Median","53",2054,158,105,263
56,"Belgium",4,"Median","54",2054,173,112,285
56,"Belgium",4,"Median","55",2054,190,120,311
56,"Belgium",4,"Median","56",2054,216,136,351
56,"Belgium",4,"Median","57",2054,245,155,400
56,"Belgium",4,"Median","58",2054,275,172,447
56,"Belgium",4,"Median","59",2054,306,187,493
56,"Belgium",4,"Median","60",2054,346,211,557
56,"Belgium",4,"Median","61",2054,401,252,652
56,"Belgium",4,"Median","62",2054,454,292,746
56,"Belgium",4,"Median","63",2054,484,312,796
56,"Belgium",4,"Median","64",2054,506,321,827
56,"Belgium",4,"Median","65",2054,541,338,879
56,"Belgium",4,"Median","66",2054,570,346,916
56,"Belgium",4,"Median","67",2054,599,355,954
56,"Belgium",4,"Median","68",2054,628,375,1004
56,"Belgium",4,"Median","69",2054,662,407,1069
56,"Belgium",4,"Median","70",2054,695,436,1131
56,"Belgium",4,"Median","71",2054,750,477,1227
56,"Belgium",4,"Median","72",2054,835,532,1368
56,"Belgium",4,"Median","73",2054,935,600,1534
56,"Belgium",4,"Median","74",2054,996,648,1644
56,"Belgium",4,"Median","75",2054,1045,683,1728
56,"Belgium",4,"Median","76",2054,1117,732,1849
56,"Belgium",4,"Median","77",2054,1198,800,1998
56,"Belgium",4,"Median","78",2054,1277,884,2161
56,"Belgium",4,"Median","79",2054,1405,1001,2406
56,"Belgium",4,"Median","80",2054,1581,1150,2730
56,"Belgium",4,"Median","81",2054,1801,1349,3149
56,"Belgium",4,"Median","82",2054,2035,1585,3621
56,"Belgium",4,"Median","83",2054,2262,1832,4094
56,"Belgium",4,"Median","84",2054,2504,2103,4607
56,"Belgium",4,"Median","85",2054,2736,2381,5117
56,"Belgium",4,"Median","86",2054,3003,2688,5691
56,"Belgium",4,"Median","87",2054,3257,3034,6291
56,"Belgium",4,"Median","88",2054,3506,3451,6956
56,"Belgium",4,"Median","89",2054,3673,3825,7498
56,"Belgium",4,"Median","90",2054,3708,4057,7764
56,"Belgium",4,"Median","91",2054,3605,4106,7712
56,"Belgium",4,"Median","92",2054,3445,4118,7563
56,"Belgium",4,"Median","93",2054,3192,4028,7221
56,"Belgium",4,"Median","94",2054,2869,3862,6731
56,"Belgium",4,"Median","95",2054,2475,3564,6038
56,"Belgium",4,"Median","96",2054,2022,3070,5092
56,"Belgium",4,"Median","97",2054,1585,2555,4140
56,"Belgium",4,"Median","98",2054,1197,2068,3265
56,"Belgium",4,"Median","99",2054,866,1586,2452
56,"Belgium",4,"Median","100",2054,274,455,729
56,"Belgium",4,"Median","101",2054,234,412,646
56,"Belgium",4,"Median","102",2054,199,372,571
56,"Belgium",4,"Median","103",2054,170,337,507
56,"Belgium",4,"Median","104",2054,145,305,450
56,"Belgium",4,"Median","105",2054,124,276,400
56,"Belgium",4,"Median","106",2054,106,249,355
56,"Belgium",4,"Median","107",2054,90,226,316
56,"Belgium",4,"Median","108",2054,77,204,281
56,"Belgium",4,"Median","109",2054,66,185,251
56,"Belgium",4,"Median","110",2054,56,167,223
56,"Belgium",4,"Median","0",2055,76,59,135
56,"Belgium",4,"Median","1",2055,8,7,16
56,"Belgium",4,"Median","2",2055,2,2,5
56,"Belgium",4,"Median","3",2055,2,2,4
56,"Belgium",4,"Median","4",2055,2,2,4
56,"Belgium",4,"Median","5",2055,2,2,4
56,"Belgium",4,"Median","6",2055,2,2,4
56,"Belgium",4,"Median","7",2055,2,2,3
56,"Belgium",4,"Median","8",2055,2,2,3
56,"Belgium",4,"Median","9",2055,2,1,3
56,"Belgium",4,"Median","10",2055,2,1,3
56,"Belgium",4,"Median","11",2055,2,1,4
56,"Belgium",4,"Median","12",2055,3,2,4
56,"Belgium",4,"Median","13",2055,3,2,5
56,"Belgium",4,"Median","14",2055,3,2,5
56,"Belgium",4,"Median","15",2055,4,3,6
56,"Belgium",4,"Median","16",2055,5,3,8
56,"Belgium",4,"Median","17",2055,7,5,12
56,"Belgium",4,"Median","18",2055,10,6,16
56,"Belgium",4,"Median","19",2055,13,5,18
56,"Belgium",4,"Median","20",2055,15,5,20
56,"Belgium",4,"Median","21",2055,16,6,22
56,"Belgium",4,"Median","22",2055,17,7,24
56,"Belgium",4,"Median","23",2055,18,7,25
56,"Belgium",4,"Median","24",2055,19,7,26
56,"Belgium",4,"Median","25",2055,19,7,26
56,"Belgium",4,"Median","26",2055,20,8,28
56,"Belgium",4,"Median","27",2055,21,8,29
56,"Belgium",4,"Median","28",2055,22,9,31
56,"Belgium",4,"Median","29",2055,23,10,34
56,"Belgium",4,"Median","30",2055,26,11,37
56,"Belgium",4,"Median","31",2055,29,13,41
56,"Belgium",4,"Median","32",2055,30,15,45
56,"Belgium",4,"Median","33",2055,31,16,48
56,"Belgium",4,"Median","34",2055,32,17,49
56,"Belgium",4,"Median","35",2055,35,19,54
56,"Belgium",4,"Median","36",2055,40,22,62
56,"Belgium",4,"Median","37",2055,44,22,66
56,"Belgium",4,"Median","38",2055,47,22,69
56,"Belgium",4,"Median","39",2055,49,26,75
56,"Belgium",4,"Median","40",2055,52,31,83
56,"Belgium",4,"Median","41",2055,55,34,90
56,"Belgium",4,"Median","42",2055,62,37,98
56,"Belgium",4,"Median","43",2055,75,41,116
56,"Belgium",4,"Median","44",2055,85,49,134
56,"Belgium",4,"Median","45",2055,90,57,147
56,"Belgium",4,"Median","46",2055,95,61,156
56,"Belgium",4,"Median","47",2055,102,64,166
56,"Belgium",4,"Median","48",2055,109,71,180
56,"Belgium",4,"Median","49",2055,117,78,195
56,"Belgium",4,"Median","50",2055,124,80,205
56,"Belgium",4,"Median","51",2055,132,83,214
56,"Belgium",4,"Median","52",2055,141,91,233
56,"Belgium",4,"Median","53",2055,155,103,257
56,"Belgium",4,"Median","54",2055,171,110,281
56,"Belgium",4,"Median","55",2055,189,119,308
56,"Belgium",4,"Median","56",2055,211,131,342
56,"Belgium",4,"Median","57",2055,239,149,388
56,"Belgium",4,"Median","58",2055,269,168,437
56,"Belgium",4,"Median","59",2055,298,183,481
56,"Belgium",4,"Median","60",2055,334,202,536
56,"Belgium",4,"Median","61",2055,383,238,621
56,"Belgium",4,"Median","62",2055,438,280,718
56,"Belgium",4,"Median","63",2055,476,304,779
56,"Belgium",4,"Median","64",2055,503,317,820
56,"Belgium",4,"Median","65",2055,537,334,871
56,"Belgium",4,"Median","66",2055,567,342,909
56,"Belgium",4,"Median","67",2055,595,352,947
56,"Belgium",4,"Median","68",2055,625,372,996
56,"Belgium",4,"Median","69",2055,657,400,1057
56,"Belgium",4,"Median","70",2055,680,427,1107
56,"Belgium",4,"Median","71",2055,730,463,1193
56,"Belgium",4,"Median","72",2055,809,515,1323
56,"Belgium",4,"Median","73",2055,912,581,1493
56,"Belgium",4,"Median","74",2055,982,638,1621
56,"Belgium",4,"Median","75",2055,1043,682,1725
56,"Belgium",4,"Median","76",2055,1118,725,1843
56,"Belgium",4,"Median","77",2055,1194,797,1991
56,"Belgium",4,"Median","78",2055,1275,882,2158
56,"Belgium",4,"Median","79",2055,1377,980,2357
56,"Belgium",4,"Median","80",2055,1522,1108,2630
56,"Belgium",4,"Median","81",2055,1743,1293,3036
56,"Belgium",4,"Median","82",2055,1976,1521,3497
56,"Belgium",4,"Median","83",2055,2208,1787,3995
56,"Belgium",4,"Median","84",2055,2485,2087,4572
56,"Belgium",4,"Median","85",2055,2749,2370,5119
56,"Belgium",4,"Median","86",2055,2994,2672,5666
56,"Belgium",4,"Median","87",2055,3208,2980,6188
56,"Belgium",4,"Median","88",2055,3438,3352,6791
56,"Belgium",4,"Median","89",2055,3609,3718,7327
56,"Belgium",4,"Median","90",2055,3727,4031,7758
56,"Belgium",4,"Median","91",2055,3709,4196,7905
56,"Belgium",4,"Median","92",2055,3537,4171,7708
56,"Belgium",4,"Median","93",2055,3268,4079,7347
56,"Belgium",4,"Median","94",2055,2941,3916,6857
56,"Belgium",4,"Median","95",2055,2562,3643,6205
56,"Belgium",4,"Median","96",2055,2112,3194,5306
56,"Belgium",4,"Median","97",2055,1663,2648,4311
56,"Belgium",4,"Median","98",2055,1259,2134,3393
56,"Belgium",4,"Median","99",2055,908,1646,2554
56,"Belgium",4,"Median","100",2055,284,467,751
56,"Belgium",4,"Median","101",2055,243,424,667
56,"Belgium",4,"Median","102",2055,209,386,595
56,"Belgium",4,"Median","103",2055,179,350,529
56,"Belgium",4,"Median","104",2055,153,318,471
56,"Belgium",4,"Median","105",2055,131,289,420
56,"Belgium",4,"Median","106",2055,112,262,374
56,"Belgium",4,"Median","107",2055,96,238,334
56,"Belgium",4,"Median","108",2055,83,216,299
56,"Belgium",4,"Median","109",2055,71,197,268
56,"Belgium",4,"Median","110",2055,61,179,240
56,"Belgium",4,"Median","0",2056,74,57,131
56,"Belgium",4,"Median","1",2056,8,7,15
56,"Belgium",4,"Median","2",2056,2,2,5
56,"Belgium",4,"Median","3",2056,2,2,4
56,"Belgium",4,"Median","4",2056,2,2,4
56,"Belgium",4,"Median","5",2056,2,2,4
56,"Belgium",4,"Median","6",2056,2,2,4
56,"Belgium",4,"Median","7",2056,2,1,3
56,"Belgium",4,"Median","8",2056,2,2,3
56,"Belgium",4,"Median","9",2056,2,1,3
56,"Belgium",4,"Median","10",2056,2,1,3
56,"Belgium",4,"Median","11",2056,2,1,4
56,"Belgium",4,"Median","12",2056,3,2,4
56,"Belgium",4,"Median","13",2056,3,2,5
56,"Belgium",4,"Median","14",2056,3,2,5
56,"Belgium",4,"Median","15",2056,4,2,6
56,"Belgium",4,"Median","16",2056,5,3,8
56,"Belgium",4,"Median","17",2056,7,5,12
56,"Belgium",4,"Median","18",2056,10,6,16
56,"Belgium",4,"Median","19",2056,13,5,18
56,"Belgium",4,"Median","20",2056,15,5,20
56,"Belgium",4,"Median","21",2056,16,6,21
56,"Belgium",4,"Median","22",2056,17,7,24
56,"Belgium",4,"Median","23",2056,18,7,25
56,"Belgium",4,"Median","24",2056,18,7,26
56,"Belgium",4,"Median","25",2056,19,7,26
56,"Belgium",4,"Median","26",2056,20,8,27
56,"Belgium",4,"Median","27",2056,21,8,29
56,"Belgium",4,"Median","28",2056,21,9,30
56,"Belgium",4,"Median","29",2056,23,10,33
56,"Belgium",4,"Median","30",2056,25,11,37
56,"Belgium",4,"Median","31",2056,28,12,41
56,"Belgium",4,"Median","32",2056,28,14,42
56,"Belgium",4,"Median","33",2056,29,15,44
56,"Belgium",4,"Median","34",2056,31,17,48
56,"Belgium",4,"Median","35",2056,35,19,54
56,"Belgium",4,"Median","36",2056,39,21,61
56,"Belgium",4,"Median","37",2056,43,22,64
56,"Belgium",4,"Median","38",2056,45,22,67
56,"Belgium",4,"Median","39",2056,47,25,73
56,"Belgium",4,"Median","40",2056,50,30,81
56,"Belgium",4,"Median","41",2056,54,34,88
56,"Belgium",4,"Median","42",2056,60,36,96
56,"Belgium",4,"Median","43",2056,73,40,113
56,"Belgium",4,"Median","44",2056,83,48,130
56,"Belgium",4,"Median","45",2056,88,56,144
56,"Belgium",4,"Median","46",2056,94,60,154
56,"Belgium",4,"Median","47",2056,101,64,165
56,"Belgium",4,"Median","48",2056,109,71,181
56,"Belgium",4,"Median","49",2056,117,79,197
56,"Belgium",4,"Median","50",2056,126,82,208
56,"Belgium",4,"Median","51",2056,134,84,218
56,"Belgium",4,"Median","52",2056,144,92,236
56,"Belgium",4,"Median","53",2056,155,102,257
56,"Belgium",4,"Median","54",2056,168,108,276
56,"Belgium",4,"Median","55",2056,187,117,304
56,"Belgium",4,"Median","56",2056,210,129,340
56,"Belgium",4,"Median","57",2056,234,144,378
56,"Belgium",4,"Median","58",2056,263,162,425
56,"Belgium",4,"Median","59",2056,292,178,470
56,"Belgium",4,"Median","60",2056,326,197,523
56,"Belgium",4,"Median","61",2056,370,228,598
56,"Belgium",4,"Median","62",2056,419,266,685
56,"Belgium",4,"Median","63",2056,458,292,751
56,"Belgium",4,"Median","64",2056,493,310,803
56,"Belgium",4,"Median","65",2056,534,330,864
56,"Belgium",4,"Median","66",2056,563,339,902
56,"Belgium",4,"Median","67",2056,592,348,940
56,"Belgium",4,"Median","68",2056,620,369,989
56,"Belgium",4,"Median","69",2056,653,397,1050
56,"Belgium",4,"Median","70",2056,674,421,1095
56,"Belgium",4,"Median","71",2056,715,454,1169
56,"Belgium",4,"Median","72",2056,787,501,1287
56,"Belgium",4,"Median","73",2056,883,563,1446
56,"Belgium",4,"Median","74",2056,958,620,1578
56,"Belgium",4,"Median","75",2056,1028,673,1701
56,"Belgium",4,"Median","76",2056,1116,726,1842
56,"Belgium",4,"Median","77",2056,1195,792,1987
56,"Belgium",4,"Median","78",2056,1271,882,2153
56,"Belgium",4,"Median","79",2056,1375,981,2356
56,"Belgium",4,"Median","80",2056,1492,1088,2580
56,"Belgium",4,"Median","81",2056,1680,1250,2930
56,"Belgium",4,"Median","82",2056,1915,1463,3377
56,"Belgium",4,"Median","83",2056,2146,1719,3865
56,"Belgium",4,"Median","84",2056,2428,2043,4471
56,"Belgium",4,"Median","85",2056,2732,2359,5091
56,"Belgium",4,"Median","86",2056,3012,2668,5680
56,"Belgium",4,"Median","87",2056,3203,2971,6174
56,"Belgium",4,"Median","88",2056,3392,3303,6695
56,"Belgium",4,"Median","89",2056,3546,3623,7169
56,"Belgium",4,"Median","90",2056,3669,3930,7599
56,"Belgium",4,"Median","91",2056,3735,4181,7917
56,"Belgium",4,"Median","92",2056,3646,4275,7921
56,"Belgium",4,"Median","93",2056,3361,4144,7505
56,"Belgium",4,"Median","94",2056,3017,3977,6994
56,"Belgium",4,"Median","95",2056,2633,3705,6337
56,"Belgium",4,"Median","96",2056,2191,3273,5464
56,"Belgium",4,"Median","97",2056,1741,2762,4503
56,"Belgium",4,"Median","98",2056,1324,2217,3541
56,"Belgium",4,"Median","99",2056,957,1703,2660
56,"Belgium",4,"Median","100",2056,293,477,770
56,"Belgium",4,"Median","101",2056,252,435,687
56,"Belgium",4,"Median","102",2056,218,398,616
56,"Belgium",4,"Median","103",2056,188,363,551
56,"Belgium",4,"Median","104",2056,162,332,494
56,"Belgium",4,"Median","105",2056,139,303,442
56,"Belgium",4,"Median","106",2056,120,277,397
56,"Belgium",4,"Median","107",2056,104,253,357
56,"Belgium",4,"Median","108",2056,89,231,320
56,"Belgium",4,"Median","109",2056,77,211,288
56,"Belgium",4,"Median","110",2056,66,193,259
56,"Belgium",4,"Median","0",2057,72,56,128
56,"Belgium",4,"Median","1",2057,8,7,15
56,"Belgium",4,"Median","2",2057,2,2,5
56,"Belgium",4,"Median","3",2057,2,2,4
56,"Belgium",4,"Median","4",2057,2,2,4
56,"Belgium",4,"Median","5",2057,2,2,4
56,"Belgium",4,"Median","6",2057,2,2,3
56,"Belgium",4,"Median","7",2057,2,1,3
56,"Belgium",4,"Median","8",2057,2,1,3
56,"Belgium",4,"Median","9",2057,2,1,3
56,"Belgium",4,"Median","10",2057,2,1,3
56,"Belgium",4,"Median","11",2057,2,1,3
56,"Belgium",4,"Median","12",2057,3,2,4
56,"Belgium",4,"Median","13",2057,3,2,5
56,"Belgium",4,"Median","14",2057,3,2,5
56,"Belgium",4,"Median","15",2057,3,2,6
56,"Belgium",4,"Median","16",2057,5,3,8
56,"Belgium",4,"Median","17",2057,7,5,11
56,"Belgium",4,"Median","18",2057,10,6,16
56,"Belgium",4,"Median","19",2057,13,5,18
56,"Belgium",4,"Median","20",2057,15,5,20
56,"Belgium",4,"Median","21",2057,16,6,21
56,"Belgium",4,"Median","22",2057,17,7,23
56,"Belgium",4,"Median","23",2057,18,7,25
56,"Belgium",4,"Median","24",2057,18,7,25
56,"Belgium",4,"Median","25",2057,18,7,26
56,"Belgium",4,"Median","26",2057,19,7,27
56,"Belgium",4,"Median","27",2057,20,8,28
56,"Belgium",4,"Median","28",2057,21,9,30
56,"Belgium",4,"Median","29",2057,22,10,32
56,"Belgium",4,"Median","30",2057,25,11,36
56,"Belgium",4,"Median","31",2057,28,12,40
56,"Belgium",4,"Median","32",2057,28,14,42
56,"Belgium",4,"Median","33",2057,27,14,41
56,"Belgium",4,"Median","34",2057,29,15,44
56,"Belgium",4,"Median","35",2057,34,19,53
56,"Belgium",4,"Median","36",2057,39,21,60
56,"Belgium",4,"Median","37",2057,42,21,62
56,"Belgium",4,"Median","38",2057,44,21,66
56,"Belgium",4,"Median","39",2057,46,24,71
56,"Belgium",4,"Median","40",2057,49,29,78
56,"Belgium",4,"Median","41",2057,52,33,85
56,"Belgium",4,"Median","42",2057,59,35,94
56,"Belgium",4,"Median","43",2057,72,39,110
56,"Belgium",4,"Median","44",2057,80,46,127
56,"Belgium",4,"Median","45",2057,86,55,141
56,"Belgium",4,"Median","46",2057,92,59,151
56,"Belgium",4,"Median","47",2057,100,63,163
56,"Belgium",4,"Median","48",2057,109,71,180
56,"Belgium",4,"Median","49",2057,118,79,197
56,"Belgium",4,"Median","50",2057,127,83,209
56,"Belgium",4,"Median","51",2057,136,85,221
56,"Belgium",4,"Median","52",2057,146,94,240
56,"Belgium",4,"Median","53",2057,157,103,260
56,"Belgium",4,"Median","54",2057,168,107,275
56,"Belgium",4,"Median","55",2057,184,114,298
56,"Belgium",4,"Median","56",2057,208,127,336
56,"Belgium",4,"Median","57",2057,233,142,375
56,"Belgium",4,"Median","58",2057,257,157,414
56,"Belgium",4,"Median","59",2057,285,172,457
56,"Belgium",4,"Median","60",2057,319,193,512
56,"Belgium",4,"Median","61",2057,361,223,584
56,"Belgium",4,"Median","62",2057,405,255,660
56,"Belgium",4,"Median","63",2057,438,277,716
56,"Belgium",4,"Median","64",2057,475,298,773
56,"Belgium",4,"Median","65",2057,524,322,846
56,"Belgium",4,"Median","66",2057,559,335,894
56,"Belgium",4,"Median","67",2057,587,344,931
56,"Belgium",4,"Median","68",2057,617,365,982
56,"Belgium",4,"Median","69",2057,648,394,1042
56,"Belgium",4,"Median","70",2057,670,417,1087
56,"Belgium",4,"Median","71",2057,708,448,1156
56,"Belgium",4,"Median","72",2057,771,491,1261
56,"Belgium",4,"Median","73",2057,859,548,1407
56,"Belgium",4,"Median","74",2057,928,601,1528
56,"Belgium",4,"Median","75",2057,1002,654,1656
56,"Belgium",4,"Median","76",2057,1100,716,1816
56,"Belgium",4,"Median","77",2057,1193,793,1986
56,"Belgium",4,"Median","78",2057,1273,876,2149
56,"Belgium",4,"Median","79",2057,1372,981,2353
56,"Belgium",4,"Median","80",2057,1492,1090,2581
56,"Belgium",4,"Median","81",2057,1649,1228,2877
56,"Belgium",4,"Median","82",2057,1848,1415,3263
56,"Belgium",4,"Median","83",2057,2081,1655,3736
56,"Belgium",4,"Median","84",2057,2364,1968,4331
56,"Belgium",4,"Median","85",2057,2674,2312,4986
56,"Belgium",4,"Median","86",2057,2998,2660,5658
56,"Belgium",4,"Median","87",2057,3228,2971,6199
56,"Belgium",4,"Median","88",2057,3393,3299,6692
56,"Belgium",4,"Median","89",2057,3504,3575,7079
56,"Belgium",4,"Median","90",2057,3611,3835,7446
56,"Belgium",4,"Median","91",2057,3684,4084,7769
56,"Belgium",4,"Median","92",2057,3680,4269,7949
56,"Belgium",4,"Median","93",2057,3472,4255,7727
56,"Belgium",4,"Median","94",2057,3110,4049,7158
56,"Belgium",4,"Median","95",2057,2707,3770,6477
56,"Belgium",4,"Median","96",2057,2256,3336,5592
56,"Belgium",4,"Median","97",2057,1810,2836,4646
56,"Belgium",4,"Median","98",2057,1389,2317,3706
56,"Belgium",4,"Median","99",2057,1009,1773,2781
56,"Belgium",4,"Median","100",2057,301,482,783
56,"Belgium",4,"Median","101",2057,261,444,705
56,"Belgium",4,"Median","102",2057,227,408,635
56,"Belgium",4,"Median","103",2057,197,376,573
56,"Belgium",4,"Median","104",2057,171,346,517
56,"Belgium",4,"Median","105",2057,149,318,467
56,"Belgium",4,"Median","106",2057,129,292,421
56,"Belgium",4,"Median","107",2057,112,269,381
56,"Belgium",4,"Median","108",2057,97,248,345
56,"Belgium",4,"Median","109",2057,84,228,312
56,"Belgium",4,"Median","110",2057,73,210,283
56,"Belgium",4,"Median","0",2058,71,54,125
56,"Belgium",4,"Median","1",2058,8,7,14
56,"Belgium",4,"Median","2",2058,2,2,4
56,"Belgium",4,"Median","3",2058,2,2,4
56,"Belgium",4,"Median","4",2058,2,2,3
56,"Belgium",4,"Median","5",2058,2,2,3
56,"Belgium",4,"Median","6",2058,2,1,3
56,"Belgium",4,"Median","7",2058,2,1,3
56,"Belgium",4,"Median","8",2058,2,1,3
56,"Belgium",4,"Median","9",2058,2,1,3
56,"Belgium",4,"Median","10",2058,2,1,3
56,"Belgium",4,"Median","11",2058,2,1,3
56,"Belgium",4,"Median","12",2058,2,2,4
56,"Belgium",4,"Median","13",2058,3,2,5
56,"Belgium",4,"Median","14",2058,3,2,5
56,"Belgium",4,"Median","15",2058,3,2,6
56,"Belgium",4,"Median","16",2058,5,3,8
56,"Belgium",4,"Median","17",2058,7,5,11
56,"Belgium",4,"Median","18",2058,10,6,15
56,"Belgium",4,"Median","19",2058,13,5,18
56,"Belgium",4,"Median","20",2058,15,5,20
56,"Belgium",4,"Median","21",2058,15,6,21
56,"Belgium",4,"Median","22",2058,17,6,23
56,"Belgium",4,"Median","23",2058,18,7,25
56,"Belgium",4,"Median","24",2058,18,7,25
56,"Belgium",4,"Median","25",2058,18,7,25
56,"Belgium",4,"Median","26",2058,19,7,26
56,"Belgium",4,"Median","27",2058,20,8,28
56,"Belgium",4,"Median","28",2058,21,9,30
56,"Belgium",4,"Median","29",2058,22,10,32
56,"Belgium",4,"Median","30",2058,25,11,35
56,"Belgium",4,"Median","31",2058,27,12,39
56,"Belgium",4,"Median","32",2058,27,14,41
56,"Belgium",4,"Median","33",2058,27,14,41
56,"Belgium",4,"Median","34",2058,27,14,42
56,"Belgium",4,"Median","35",2058,32,17,49
56,"Belgium",4,"Median","36",2058,38,21,59
56,"Belgium",4,"Median","37",2058,41,20,61
56,"Belgium",4,"Median","38",2058,43,21,64
56,"Belgium",4,"Median","39",2058,45,24,69
56,"Belgium",4,"Median","40",2058,48,28,76
56,"Belgium",4,"Median","41",2058,51,32,83
56,"Belgium",4,"Median","42",2058,57,34,91
56,"Belgium",4,"Median","43",2058,70,38,108
56,"Belgium",4,"Median","44",2058,79,45,124
56,"Belgium",4,"Median","45",2058,84,53,137
56,"Belgium",4,"Median","46",2058,90,58,148
56,"Belgium",4,"Median","47",2058,98,62,160
56,"Belgium",4,"Median","48",2058,108,70,178
56,"Belgium",4,"Median","49",2058,118,78,196
56,"Belgium",4,"Median","50",2058,128,82,210
56,"Belgium",4,"Median","51",2058,137,86,223
56,"Belgium",4,"Median","52",2058,148,95,243
56,"Belgium",4,"Median","53",2058,160,105,265
56,"Belgium",4,"Median","54",2058,170,108,279
56,"Belgium",4,"Median","55",2058,184,113,297
56,"Belgium",4,"Median","56",2058,205,124,329
56,"Belgium",4,"Median","57",2058,231,140,371
56,"Belgium",4,"Median","58",2058,256,154,410
56,"Belgium",4,"Median","59",2058,279,166,446
56,"Belgium",4,"Median","60",2058,311,186,497
56,"Belgium",4,"Median","61",2058,354,218,571
56,"Belgium",4,"Median","62",2058,395,249,644
56,"Belgium",4,"Median","63",2058,424,265,688
56,"Belgium",4,"Median","64",2058,455,282,736
56,"Belgium",4,"Median","65",2058,504,309,814
56,"Belgium",4,"Median","66",2058,548,326,874
56,"Belgium",4,"Median","67",2058,583,340,923
56,"Belgium",4,"Median","68",2058,612,360,972
56,"Belgium",4,"Median","69",2058,644,389,1034
56,"Belgium",4,"Median","70",2058,665,413,1078
56,"Belgium",4,"Median","71",2058,704,443,1147
56,"Belgium",4,"Median","72",2058,764,483,1247
56,"Belgium",4,"Median","73",2058,842,536,1378
56,"Belgium",4,"Median","74",2058,903,583,1486
56,"Belgium",4,"Median","75",2058,971,632,1603
56,"Belgium",4,"Median","76",2058,1073,694,1767
56,"Belgium",4,"Median","77",2058,1177,781,1958
56,"Belgium",4,"Median","78",2058,1271,875,2147
56,"Belgium",4,"Median","79",2058,1374,974,2348
56,"Belgium",4,"Median","80",2058,1489,1088,2577
56,"Belgium",4,"Median","81",2058,1650,1229,2879
56,"Belgium",4,"Median","82",2058,1816,1390,3205
56,"Belgium",4,"Median","83",2058,2011,1600,3611
56,"Belgium",4,"Median","84",2058,2296,1894,4190
56,"Belgium",4,"Median","85",2058,2606,2227,4833
56,"Belgium",4,"Median","86",2058,2940,2608,5548
56,"Belgium",4,"Median","87",2058,3218,2963,6181
56,"Belgium",4,"Median","88",2058,3426,3301,6727
56,"Belgium",4,"Median","89",2058,3511,3573,7084
56,"Belgium",4,"Median","90",2058,3575,3788,7363
56,"Belgium",4,"Median","91",2058,3634,3990,7624
56,"Belgium",4,"Median","92",2058,3637,4176,7812
56,"Belgium",4,"Median","93",2058,3511,4255,7765
56,"Belgium",4,"Median","94",2058,3219,4163,7382
56,"Belgium",4,"Median","95",2058,2796,3845,6641
56,"Belgium",4,"Median","96",2058,2324,3400,5724
56,"Belgium",4,"Median","97",2058,1867,2895,4762
56,"Belgium",4,"Median","98",2058,1446,2384,3830
56,"Belgium",4,"Median","99",2058,1060,1856,2916
56,"Belgium",4,"Median","100",2058,310,489,799
56,"Belgium",4,"Median","101",2058,271,453,724
56,"Belgium",4,"Median","102",2058,237,419,656
56,"Belgium",4,"Median","103",2058,207,389,596
56,"Belgium",4,"Median","104",2058,181,360,541
56,"Belgium",4,"Median","105",2058,158,333,491
56,"Belgium",4,"Median","106",2058,139,309,448
56,"Belgium",4,"Median","107",2058,121,286,407
56,"Belgium",4,"Median","108",2058,106,265,371
56,"Belgium",4,"Median","109",2058,93,246,339
56,"Belgium",4,"Median","110",2058,81,228,309
56,"Belgium",4,"Median","0",2059,69,53,122
56,"Belgium",4,"Median","1",2059,7,7,14
56,"Belgium",4,"Median","2",2059,2,2,4
56,"Belgium",4,"Median","3",2059,2,2,3
56,"Belgium",4,"Median","4",2059,2,2,3
56,"Belgium",4,"Median","5",2059,2,2,3
56,"Belgium",4,"Median","6",2059,2,1,3
56,"Belgium",4,"Median","7",2059,2,1,3
56,"Belgium",4,"Median","8",2059,2,1,3
56,"Belgium",4,"Median","9",2059,2,1,3
56,"Belgium",4,"Median","10",2059,2,1,3
56,"Belgium",4,"Median","11",2059,2,1,3
56,"Belgium",4,"Median","12",2059,2,2,4
56,"Belgium",4,"Median","13",2059,3,2,5
56,"Belgium",4,"Median","14",2059,3,2,5
56,"Belgium",4,"Median","15",2059,3,2,6
56,"Belgium",4,"Median","16",2059,5,3,8
56,"Belgium",4,"Median","17",2059,7,4,11
56,"Belgium",4,"Median","18",2059,10,6,15
56,"Belgium",4,"Median","19",2059,13,5,18
56,"Belgium",4,"Median","20",2059,15,5,19
56,"Belgium",4,"Median","21",2059,15,6,21
56,"Belgium",4,"Median","22",2059,17,6,23
56,"Belgium",4,"Median","23",2059,18,7,25
56,"Belgium",4,"Median","24",2059,18,7,25
56,"Belgium",4,"Median","25",2059,18,7,25
56,"Belgium",4,"Median","26",2059,19,7,26
56,"Belgium",4,"Median","27",2059,20,8,28
56,"Belgium",4,"Median","28",2059,21,9,29
56,"Belgium",4,"Median","29",2059,22,10,31
56,"Belgium",4,"Median","30",2059,24,11,35
56,"Belgium",4,"Median","31",2059,27,12,39
56,"Belgium",4,"Median","32",2059,27,13,40
56,"Belgium",4,"Median","33",2059,26,14,40
56,"Belgium",4,"Median","34",2059,27,14,41
56,"Belgium",4,"Median","35",2059,30,16,46
56,"Belgium",4,"Median","36",2059,36,19,55
56,"Belgium",4,"Median","37",2059,40,20,61
56,"Belgium",4,"Median","38",2059,42,20,63
56,"Belgium",4,"Median","39",2059,44,23,67
56,"Belgium",4,"Median","40",2059,46,28,74
56,"Belgium",4,"Median","41",2059,50,31,80
56,"Belgium",4,"Median","42",2059,56,33,88
56,"Belgium",4,"Median","43",2059,68,37,104
56,"Belgium",4,"Median","44",2059,77,44,121
56,"Belgium",4,"Median","45",2059,82,52,133
56,"Belgium",4,"Median","46",2059,88,56,143
56,"Belgium",4,"Median","47",2059,96,60,156
56,"Belgium",4,"Median","48",2059,106,69,175
56,"Belgium",4,"Median","49",2059,116,78,194
56,"Belgium",4,"Median","50",2059,127,82,209
56,"Belgium",4,"Median","51",2059,138,86,224
56,"Belgium",4,"Median","52",2059,149,96,245
56,"Belgium",4,"Median","53",2059,162,107,268
56,"Belgium",4,"Median","54",2059,174,110,283
56,"Belgium",4,"Median","55",2059,187,115,301
56,"Belgium",4,"Median","56",2059,204,124,328
56,"Belgium",4,"Median","57",2059,227,137,364
56,"Belgium",4,"Median","58",2059,254,152,406
56,"Belgium",4,"Median","59",2059,278,164,442
56,"Belgium",4,"Median","60",2059,305,180,484
56,"Belgium",4,"Median","61",2059,345,210,555
56,"Belgium",4,"Median","62",2059,387,243,630
56,"Belgium",4,"Median","63",2059,413,259,672
56,"Belgium",4,"Median","64",2059,439,269,708
56,"Belgium",4,"Median","65",2059,482,292,775
56,"Belgium",4,"Median","66",2059,527,313,840
56,"Belgium",4,"Median","67",2059,571,331,902
56,"Belgium",4,"Median","68",2059,607,355,962
56,"Belgium",4,"Median","69",2059,639,384,1023
56,"Belgium",4,"Median","70",2059,661,407,1069
56,"Belgium",4,"Median","71",2059,699,438,1137
56,"Belgium",4,"Median","72",2059,759,478,1237
56,"Belgium",4,"Median","73",2059,835,528,1363
56,"Belgium",4,"Median","74",2059,885,571,1455
56,"Belgium",4,"Median","75",2059,944,614,1558
56,"Belgium",4,"Median","76",2059,1039,671,1710
56,"Belgium",4,"Median","77",2059,1148,757,1905
56,"Belgium",4,"Median","78",2059,1254,863,2117
56,"Belgium",4,"Median","79",2059,1373,973,2346
56,"Belgium",4,"Median","80",2059,1492,1080,2572
56,"Belgium",4,"Median","81",2059,1648,1229,2877
56,"Belgium",4,"Median","82",2059,1818,1392,3210
56,"Belgium",4,"Median","83",2059,1977,1573,3550
56,"Belgium",4,"Median","84",2059,2221,1834,4055
56,"Belgium",4,"Median","85",2059,2534,2146,4681
56,"Belgium",4,"Median","86",2059,2870,2516,5385
56,"Belgium",4,"Median","87",2059,3160,2909,6069
56,"Belgium",4,"Median","88",2059,3422,3298,6719
56,"Belgium",4,"Median","89",2059,3551,3581,7132
56,"Belgium",4,"Median","90",2059,3588,3792,7380
56,"Belgium",4,"Median","91",2059,3604,3948,7552
56,"Belgium",4,"Median","92",2059,3594,4088,7681
56,"Belgium",4,"Median","93",2059,3476,4169,7646
56,"Belgium",4,"Median","94",2059,3262,4171,7433
56,"Belgium",4,"Median","95",2059,2900,3963,6863
56,"Belgium",4,"Median","96",2059,2405,3475,5880
56,"Belgium",4,"Median","97",2059,1927,2957,4884
56,"Belgium",4,"Median","98",2059,1495,2439,3934
56,"Belgium",4,"Median","99",2059,1106,1913,3019
56,"Belgium",4,"Median","100",2059,319,500,819
56,"Belgium",4,"Median","101",2059,281,466,747
56,"Belgium",4,"Median","102",2059,247,434,681
56,"Belgium",4,"Median","103",2059,218,404,622
56,"Belgium",4,"Median","104",2059,192,376,568
56,"Belgium",4,"Median","105",2059,169,350,519
56,"Belgium",4,"Median","106",2059,148,326,474
56,"Belgium",4,"Median","107",2059,131,304,435
56,"Belgium",4,"Median","108",2059,115,283,398
56,"Belgium",4,"Median","109",2059,101,263,364
56,"Belgium",4,"Median","110",2059,89,245,334
56,"Belgium",4,"Median","0",2060,68,51,119
56,"Belgium",4,"Median","1",2060,7,6,14
56,"Belgium",4,"Median","2",2060,2,2,4
56,"Belgium",4,"Median","3",2060,2,2,3
56,"Belgium",4,"Median","4",2060,2,2,3
56,"Belgium",4,"Median","5",2060,2,1,3
56,"Belgium",4,"Median","6",2060,2,1,3
56,"Belgium",4,"Median","7",2060,2,1,3
56,"Belgium",4,"Median","8",2060,2,1,3
56,"Belgium",4,"Median","9",2060,2,1,3
56,"Belgium",4,"Median","10",2060,2,1,3
56,"Belgium",4,"Median","11",2060,2,1,3
56,"Belgium",4,"Median","12",2060,2,2,4
56,"Belgium",4,"Median","13",2060,3,2,4
56,"Belgium",4,"Median","14",2060,3,2,5
56,"Belgium",4,"Median","15",2060,3,2,6
56,"Belgium",4,"Median","16",2060,5,3,8
56,"Belgium",4,"Median","17",2060,7,4,11
56,"Belgium",4,"Median","18",2060,10,6,15
56,"Belgium",4,"Median","19",2060,13,5,18
56,"Belgium",4,"Median","20",2060,15,5,19
56,"Belgium",4,"Median","21",2060,15,6,21
56,"Belgium",4,"Median","22",2060,16,6,23
56,"Belgium",4,"Median","23",2060,18,7,24
56,"Belgium",4,"Median","24",2060,18,7,25
56,"Belgium",4,"Median","25",2060,18,7,25
56,"Belgium",4,"Median","26",2060,19,7,26
56,"Belgium",4,"Median","27",2060,20,8,27
56,"Belgium",4,"Median","28",2060,20,9,29
56,"Belgium",4,"Median","29",2060,21,10,31
56,"Belgium",4,"Median","30",2060,24,10,34
56,"Belgium",4,"Median","31",2060,26,12,38
56,"Belgium",4,"Median","32",2060,26,13,39
56,"Belgium",4,"Median","33",2060,26,13,39
56,"Belgium",4,"Median","34",2060,26,14,40
56,"Belgium",4,"Median","35",2060,29,16,45
56,"Belgium",4,"Median","36",2060,33,18,51
56,"Belgium",4,"Median","37",2060,38,19,56
56,"Belgium",4,"Median","38",2060,42,20,62
56,"Belgium",4,"Median","39",2060,43,23,66
56,"Belgium",4,"Median","40",2060,45,27,72
56,"Belgium",4,"Median","41",2060,48,30,78
56,"Belgium",4,"Median","42",2060,54,32,86
56,"Belgium",4,"Median","43",2060,66,36,102
56,"Belgium",4,"Median","44",2060,74,43,117
56,"Belgium",4,"Median","45",2060,80,50,130
56,"Belgium",4,"Median","46",2060,86,54,140
56,"Belgium",4,"Median","47",2060,93,58,152
56,"Belgium",4,"Median","48",2060,103,67,170
56,"Belgium",4,"Median","49",2060,114,76,190
56,"Belgium",4,"Median","50",2060,125,81,206
56,"Belgium",4,"Median","51",2060,137,85,222
56,"Belgium",4,"Median","52",2060,150,96,246
56,"Belgium",4,"Median","53",2060,163,107,270
56,"Belgium",4,"Median","54",2060,175,112,287
56,"Belgium",4,"Median","55",2060,190,116,306
56,"Belgium",4,"Median","56",2060,207,125,332
56,"Belgium",4,"Median","57",2060,226,136,362
56,"Belgium",4,"Median","58",2060,249,148,397
56,"Belgium",4,"Median","59",2060,275,161,436
56,"Belgium",4,"Median","60",2060,303,177,480
56,"Belgium",4,"Median","61",2060,338,203,540
56,"Belgium",4,"Median","62",2060,378,234,612
56,"Belgium",4,"Median","63",2060,404,252,656
56,"Belgium",4,"Median","64",2060,427,263,690
56,"Belgium",4,"Median","65",2060,465,279,744
56,"Belgium",4,"Median","66",2060,503,295,799
56,"Belgium",4,"Median","67",2060,549,317,866
56,"Belgium",4,"Median","68",2060,594,345,939
56,"Belgium",4,"Median","69",2060,633,378,1011
56,"Belgium",4,"Median","70",2060,654,402,1056
56,"Belgium",4,"Median","71",2060,693,433,1126
56,"Belgium",4,"Median","72",2060,752,473,1225
56,"Belgium",4,"Median","73",2060,829,522,1351
56,"Belgium",4,"Median","74",2060,876,562,1438
56,"Belgium",4,"Median","75",2060,923,600,1524
56,"Belgium",4,"Median","76",2060,1009,651,1661
56,"Belgium",4,"Median","77",2060,1110,732,1842
56,"Belgium",4,"Median","78",2060,1221,836,2058
56,"Belgium",4,"Median","79",2060,1353,960,2313
56,"Belgium",4,"Median","80",2060,1490,1080,2570
56,"Belgium",4,"Median","81",2060,1651,1221,2872
56,"Belgium",4,"Median","82",2060,1815,1393,3208
56,"Belgium",4,"Median","83",2060,1979,1577,3556
56,"Belgium",4,"Median","84",2060,2184,1805,3989
56,"Belgium",4,"Median","85",2060,2452,2082,4533
56,"Belgium",4,"Median","86",2060,2792,2429,5221
56,"Belgium",4,"Median","87",2060,3086,2811,5897
56,"Belgium",4,"Median","88",2060,3362,3244,6606
56,"Belgium",4,"Median","89",2060,3548,3584,7132
56,"Belgium",4,"Median","90",2060,3631,3808,7439
56,"Belgium",4,"Median","91",2060,3621,3961,7582
56,"Belgium",4,"Median","92",2060,3569,4054,7623
56,"Belgium",4,"Median","93",2060,3439,4090,7530
56,"Belgium",4,"Median","94",2060,3234,4097,7332
56,"Belgium",4,"Median","95",2060,2943,3980,6924
56,"Belgium",4,"Median","96",2060,2499,3589,6088
56,"Belgium",4,"Median","97",2060,1997,3028,5026
56,"Belgium",4,"Median","98",2060,1546,2497,4042
56,"Belgium",4,"Median","99",2060,1145,1961,3106
56,"Belgium",4,"Median","100",2060,330,512,842
56,"Belgium",4,"Median","101",2060,292,479,771
56,"Belgium",4,"Median","102",2060,258,448,706
56,"Belgium",4,"Median","103",2060,228,419,647
56,"Belgium",4,"Median","104",2060,202,392,594
56,"Belgium",4,"Median","105",2060,178,366,544
56,"Belgium",4,"Median","106",2060,158,342,500
56,"Belgium",4,"Median","107",2060,139,320,459
56,"Belgium",4,"Median","108",2060,123,299,422
56,"Belgium",4,"Median","109",2060,109,280,389
56,"Belgium",4,"Median","110",2060,96,262,358
56,"Belgium",4,"Median","0",2061,67,50,117
56,"Belgium",4,"Median","1",2061,7,6,13
56,"Belgium",4,"Median","2",2061,2,2,4
56,"Belgium",4,"Median","3",2061,2,2,3
56,"Belgium",4,"Median","4",2061,2,2,3
56,"Belgium",4,"Median","5",2061,2,1,3
56,"Belgium",4,"Median","6",2061,2,1,3
56,"Belgium",4,"Median","7",2061,2,1,3
56,"Belgium",4,"Median","8",2061,2,1,3
56,"Belgium",4,"Median","9",2061,2,1,3
56,"Belgium",4,"Median","10",2061,2,1,3
56,"Belgium",4,"Median","11",2061,2,1,3
56,"Belgium",4,"Median","12",2061,2,2,4
56,"Belgium",4,"Median","13",2061,3,2,4
56,"Belgium",4,"Median","14",2061,3,2,5
56,"Belgium",4,"Median","15",2061,3,2,6
56,"Belgium",4,"Median","16",2061,4,3,7
56,"Belgium",4,"Median","17",2061,7,4,11
56,"Belgium",4,"Median","18",2061,9,5,15
56,"Belgium",4,"Median","19",2061,12,5,17
56,"Belgium",4,"Median","20",2061,14,5,19
56,"Belgium",4,"Median","21",2061,15,6,21
56,"Belgium",4,"Median","22",2061,16,6,23
56,"Belgium",4,"Median","23",2061,18,7,24
56,"Belgium",4,"Median","24",2061,18,7,25
56,"Belgium",4,"Median","25",2061,18,7,25
56,"Belgium",4,"Median","26",2061,19,7,26
56,"Belgium",4,"Median","27",2061,20,8,27
56,"Belgium",4,"Median","28",2061,20,8,29
56,"Belgium",4,"Median","29",2061,21,9,31
56,"Belgium",4,"Median","30",2061,24,10,34
56,"Belgium",4,"Median","31",2061,26,11,37
56,"Belgium",4,"Median","32",2061,26,13,39
56,"Belgium",4,"Median","33",2061,25,13,39
56,"Belgium",4,"Median","34",2061,26,14,40
56,"Belgium",4,"Median","35",2061,29,16,45
56,"Belgium",4,"Median","36",2061,33,18,51
56,"Belgium",4,"Median","37",2061,35,17,53
56,"Belgium",4,"Median","38",2061,39,18,57
56,"Belgium",4,"Median","39",2061,43,22,65
56,"Belgium",4,"Median","40",2061,45,26,71
56,"Belgium",4,"Median","41",2061,47,29,76
56,"Belgium",4,"Median","42",2061,53,31,84
56,"Belgium",4,"Median","43",2061,64,35,99
56,"Belgium",4,"Median","44",2061,73,41,114
56,"Belgium",4,"Median","45",2061,78,49,126
56,"Belgium",4,"Median","46",2061,84,53,136
56,"Belgium",4,"Median","47",2061,91,57,148
56,"Belgium",4,"Median","48",2061,101,65,166
56,"Belgium",4,"Median","49",2061,112,74,186
56,"Belgium",4,"Median","50",2061,124,79,203
56,"Belgium",4,"Median","51",2061,136,84,220
56,"Belgium",4,"Median","52",2061,150,95,245
56,"Belgium",4,"Median","53",2061,164,107,272
56,"Belgium",4,"Median","54",2061,177,113,290
56,"Belgium",4,"Median","55",2061,192,119,311
56,"Belgium",4,"Median","56",2061,211,127,338
56,"Belgium",4,"Median","57",2061,230,138,368
56,"Belgium",4,"Median","58",2061,249,148,397
56,"Belgium",4,"Median","59",2061,271,158,429
56,"Belgium",4,"Median","60",2061,301,175,475
56,"Belgium",4,"Median","61",2061,337,200,537
56,"Belgium",4,"Median","62",2061,370,227,598
56,"Belgium",4,"Median","63",2061,395,244,639
56,"Belgium",4,"Median","64",2061,419,257,676
56,"Belgium",4,"Median","65",2061,454,274,727
56,"Belgium",4,"Median","66",2061,486,283,769
56,"Belgium",4,"Median","67",2061,525,301,826
56,"Belgium",4,"Median","68",2061,572,332,905
56,"Belgium",4,"Median","69",2061,621,369,990
56,"Belgium",4,"Median","70",2061,650,397,1048
56,"Belgium",4,"Median","71",2061,688,428,1116
56,"Belgium",4,"Median","72",2061,749,468,1218
56,"Belgium",4,"Median","73",2061,824,519,1344
56,"Belgium",4,"Median","74",2061,873,558,1430
56,"Belgium",4,"Median","75",2061,918,593,1511
56,"Belgium",4,"Median","76",2061,991,640,1631
56,"Belgium",4,"Median","77",2061,1083,714,1797
56,"Belgium",4,"Median","78",2061,1186,813,1999
56,"Belgium",4,"Median","79",2061,1324,935,2258
56,"Belgium",4,"Median","80",2061,1474,1071,2545
56,"Belgium",4,"Median","81",2061,1656,1227,2883
56,"Belgium",4,"Median","82",2061,1827,1391,3218
56,"Belgium",4,"Median","83",2061,1985,1585,3570
56,"Belgium",4,"Median","84",2061,2196,1819,4015
56,"Belgium",4,"Median","85",2061,2422,2058,4480
56,"Belgium",4,"Median","86",2061,2713,2366,5080
56,"Belgium",4,"Median","87",2061,3015,2726,5741
56,"Belgium",4,"Median","88",2061,3298,3149,6447
56,"Belgium",4,"Median","89",2061,3501,3540,7041
56,"Belgium",4,"Median","90",2061,3644,3826,7470
56,"Belgium",4,"Median","91",2061,3679,3994,7673
56,"Belgium",4,"Median","92",2061,3600,4083,7684
56,"Belgium",4,"Median","93",2061,3429,4072,7501
56,"Belgium",4,"Median","94",2061,3212,4034,7246
56,"Belgium",4,"Median","95",2061,2929,3924,6853
56,"Belgium",4,"Median","96",2061,2544,3617,6161
56,"Belgium",4,"Median","97",2061,2082,3138,5220
56,"Belgium",4,"Median","98",2061,1607,2565,4172
56,"Belgium",4,"Median","99",2061,1187,2014,3201
56,"Belgium",4,"Median","100",2061,340,525,865
56,"Belgium",4,"Median","101",2061,302,492,794
56,"Belgium",4,"Median","102",2061,268,462,730
56,"Belgium",4,"Median","103",2061,238,433,671
56,"Belgium",4,"Median","104",2061,212,406,618
56,"Belgium",4,"Median","105",2061,188,381,569
56,"Belgium",4,"Median","106",2061,167,357,524
56,"Belgium",4,"Median","107",2061,148,335,483
56,"Belgium",4,"Median","108",2061,131,314,445
56,"Belgium",4,"Median","109",2061,117,295,412
56,"Belgium",4,"Median","110",2061,104,277,381
56,"Belgium",4,"Median","0",2062,65,49,115
56,"Belgium",4,"Median","1",2062,7,6,13
56,"Belgium",4,"Median","2",2062,2,2,4
56,"Belgium",4,"Median","3",2062,2,2,3
56,"Belgium",4,"Median","4",2062,2,2,3
56,"Belgium",4,"Median","5",2062,2,1,3
56,"Belgium",4,"Median","6",2062,2,1,3
56,"Belgium",4,"Median","7",2062,2,1,3
56,"Belgium",4,"Median","8",2062,1,1,3
56,"Belgium",4,"Median","9",2062,1,1,3
56,"Belgium",4,"Median","10",2062,2,1,3
56,"Belgium",4,"Median","11",2062,2,1,3
56,"Belgium",4,"Median","12",2062,2,2,4
56,"Belgium",4,"Median","13",2062,2,2,4
56,"Belgium",4,"Median","14",2062,3,2,4
56,"Belgium",4,"Median","15",2062,3,2,5
56,"Belgium",4,"Median","16",2062,4,3,7
56,"Belgium",4,"Median","17",2062,6,4,11
56,"Belgium",4,"Median","18",2062,9,5,15
56,"Belgium",4,"Median","19",2062,12,5,17
56,"Belgium",4,"Median","20",2062,14,5,19
56,"Belgium",4,"Median","21",2062,15,5,21
56,"Belgium",4,"Median","22",2062,16,6,23
56,"Belgium",4,"Median","23",2062,18,7,24
56,"Belgium",4,"Median","24",2062,18,7,24
56,"Belgium",4,"Median","25",2062,18,7,24
56,"Belgium",4,"Median","26",2062,19,7,26
56,"Belgium",4,"Median","27",2062,19,7,27
56,"Belgium",4,"Median","28",2062,20,8,28
56,"Belgium",4,"Median","29",2062,21,9,30
56,"Belgium",4,"Median","30",2062,23,10,33
56,"Belgium",4,"Median","31",2062,26,11,37
56,"Belgium",4,"Median","32",2062,26,13,38
56,"Belgium",4,"Median","33",2062,25,13,38
56,"Belgium",4,"Median","34",2062,25,13,39
56,"Belgium",4,"Median","35",2062,28,15,44
56,"Belgium",4,"Median","36",2062,32,17,50
56,"Belgium",4,"Median","37",2062,35,17,52
56,"Belgium",4,"Median","38",2062,37,17,54
56,"Belgium",4,"Median","39",2062,40,21,60
56,"Belgium",4,"Median","40",2062,44,26,70
56,"Belgium",4,"Median","41",2062,46,29,75
56,"Belgium",4,"Median","42",2062,51,30,81
56,"Belgium",4,"Median","43",2062,63,34,96
56,"Belgium",4,"Median","44",2062,71,40,111
56,"Belgium",4,"Median","45",2062,76,47,123
56,"Belgium",4,"Median","46",2062,81,51,133
56,"Belgium",4,"Median","47",2062,89,55,144
56,"Belgium",4,"Median","48",2062,99,63,162
56,"Belgium",4,"Median","49",2062,109,72,181
56,"Belgium",4,"Median","50",2062,120,77,198
56,"Belgium",4,"Median","51",2062,133,83,216
56,"Belgium",4,"Median","52",2062,148,94,242
56,"Belgium",4,"Median","53",2062,164,107,270
56,"Belgium",4,"Median","54",2062,178,113,291
56,"Belgium",4,"Median","55",2062,194,120,313
56,"Belgium",4,"Median","56",2062,214,129,343
56,"Belgium",4,"Median","57",2062,234,140,374
56,"Belgium",4,"Median","58",2062,253,149,402
56,"Belgium",4,"Median","59",2062,270,157,427
56,"Belgium",4,"Median","60",2062,296,170,466
56,"Belgium",4,"Median","61",2062,334,197,531
56,"Belgium",4,"Median","62",2062,369,224,593
56,"Belgium",4,"Median","63",2062,387,236,623
56,"Belgium",4,"Median","64",2062,409,248,656
56,"Belgium",4,"Median","65",2062,444,266,711
56,"Belgium",4,"Median","66",2062,474,276,750
56,"Belgium",4,"Median","67",2062,506,287,793
56,"Belgium",4,"Median","68",2062,547,314,860
56,"Belgium",4,"Median","69",2062,597,354,951
56,"Belgium",4,"Median","70",2062,637,386,1023
56,"Belgium",4,"Median","71",2062,683,422,1104
56,"Belgium",4,"Median","72",2062,743,462,1204
56,"Belgium",4,"Median","73",2062,820,513,1333
56,"Belgium",4,"Median","74",2062,866,552,1419
56,"Belgium",4,"Median","75",2062,912,587,1499
56,"Belgium",4,"Median","76",2062,983,630,1613
56,"Belgium",4,"Median","77",2062,1061,698,1760
56,"Belgium",4,"Median","78",2062,1155,789,1945
56,"Belgium",4,"Median","79",2062,1284,905,2189
56,"Belgium",4,"Median","80",2062,1441,1039,2479
56,"Belgium",4,"Median","81",2062,1637,1213,2850
56,"Belgium",4,"Median","82",2062,1831,1394,3225
56,"Belgium",4,"Median","83",2062,1996,1579,3575
56,"Belgium",4,"Median","84",2062,2202,1825,4026
56,"Belgium",4,"Median","85",2062,2436,2070,4506
56,"Belgium",4,"Median","86",2062,2681,2336,5017
56,"Belgium",4,"Median","87",2062,2930,2652,5583
56,"Belgium",4,"Median","88",2062,3223,3051,6274
56,"Belgium",4,"Median","89",2062,3435,3433,6868
56,"Belgium",4,"Median","90",2062,3597,3777,7374
56,"Belgium",4,"Median","91",2062,3695,4011,7706
56,"Belgium",4,"Median","92",2062,3662,4117,7779
56,"Belgium",4,"Median","93",2062,3462,4102,7564
56,"Belgium",4,"Median","94",2062,3205,4018,7224
56,"Belgium",4,"Median","95",2062,2913,3867,6780
56,"Belgium",4,"Median","96",2062,2535,3568,6104
56,"Belgium",4,"Median","97",2062,2122,3165,5287
56,"Belgium",4,"Median","98",2062,1677,2661,4338
56,"Belgium",4,"Median","99",2062,1236,2071,3307
56,"Belgium",4,"Median","100",2062,350,536,886
56,"Belgium",4,"Median","101",2062,312,504,816
56,"Belgium",4,"Median","102",2062,278,474,752
56,"Belgium",4,"Median","103",2062,248,446,694
56,"Belgium",4,"Median","104",2062,221,420,641
56,"Belgium",4,"Median","105",2062,197,395,592
56,"Belgium",4,"Median","106",2062,176,372,548
56,"Belgium",4,"Median","107",2062,157,350,507
56,"Belgium",4,"Median","108",2062,140,329,469
56,"Belgium",4,"Median","109",2062,125,310,435
56,"Belgium",4,"Median","110",2062,111,291,402
56,"Belgium",4,"Median","0",2063,65,48,113
56,"Belgium",4,"Median","1",2063,7,6,13
56,"Belgium",4,"Median","2",2063,2,2,4
56,"Belgium",4,"Median","3",2063,2,2,3
56,"Belgium",4,"Median","4",2063,2,1,3
56,"Belgium",4,"Median","5",2063,2,1,3
56,"Belgium",4,"Median","6",2063,2,1,3
56,"Belgium",4,"Median","7",2063,2,1,3
56,"Belgium",4,"Median","8",2063,1,1,3
56,"Belgium",4,"Median","9",2063,1,1,3
56,"Belgium",4,"Median","10",2063,2,1,2
56,"Belgium",4,"Median","11",2063,2,1,3
56,"Belgium",4,"Median","12",2063,2,1,4
56,"Belgium",4,"Median","13",2063,2,2,4
56,"Belgium",4,"Median","14",2063,3,2,4
56,"Belgium",4,"Median","15",2063,3,2,5
56,"Belgium",4,"Median","16",2063,4,3,7
56,"Belgium",4,"Median","17",2063,6,4,10
56,"Belgium",4,"Median","18",2063,9,5,14
56,"Belgium",4,"Median","19",2063,12,5,17
56,"Belgium",4,"Median","20",2063,14,5,19
56,"Belgium",4,"Median","21",2063,15,5,20
56,"Belgium",4,"Median","22",2063,16,6,22
56,"Belgium",4,"Median","23",2063,17,7,24
56,"Belgium",4,"Median","24",2063,18,7,24
56,"Belgium",4,"Median","25",2063,18,7,24
56,"Belgium",4,"Median","26",2063,18,7,25
56,"Belgium",4,"Median","27",2063,19,7,27
56,"Belgium",4,"Median","28",2063,20,8,28
56,"Belgium",4,"Median","29",2063,21,9,30
56,"Belgium",4,"Median","30",2063,23,10,33
56,"Belgium",4,"Median","31",2063,25,11,37
56,"Belgium",4,"Median","32",2063,25,12,38
56,"Belgium",4,"Median","33",2063,25,13,37
56,"Belgium",4,"Median","34",2063,25,13,38
56,"Belgium",4,"Median","35",2063,28,15,43
56,"Belgium",4,"Median","36",2063,32,17,49
56,"Belgium",4,"Median","37",2063,34,17,51
56,"Belgium",4,"Median","38",2063,36,17,53
56,"Belgium",4,"Median","39",2063,37,19,56
56,"Belgium",4,"Median","40",2063,41,24,65
56,"Belgium",4,"Median","41",2063,46,28,74
56,"Belgium",4,"Median","42",2063,51,29,80
56,"Belgium",4,"Median","43",2063,61,33,93
56,"Belgium",4,"Median","44",2063,69,39,108
56,"Belgium",4,"Median","45",2063,73,46,119
56,"Belgium",4,"Median","46",2063,79,50,129
56,"Belgium",4,"Median","47",2063,87,54,140
56,"Belgium",4,"Median","48",2063,96,61,157
56,"Belgium",4,"Median","49",2063,106,70,176
56,"Belgium",4,"Median","50",2063,117,75,192
56,"Belgium",4,"Median","51",2063,130,80,211
56,"Belgium",4,"Median","52",2063,145,92,238
56,"Belgium",4,"Median","53",2063,162,105,267
56,"Belgium",4,"Median","54",2063,178,112,290
56,"Belgium",4,"Median","55",2063,195,119,314
56,"Belgium",4,"Median","56",2063,215,130,346
56,"Belgium",4,"Median","57",2063,237,142,379
56,"Belgium",4,"Median","58",2063,257,151,409
56,"Belgium",4,"Median","59",2063,274,159,433
56,"Belgium",4,"Median","60",2063,295,169,465
56,"Belgium",4,"Median","61",2063,328,192,521
56,"Belgium",4,"Median","62",2063,366,220,586
56,"Belgium",4,"Median","63",2063,385,232,618
56,"Belgium",4,"Median","64",2063,400,239,639
56,"Belgium",4,"Median","65",2063,433,257,690
56,"Belgium",4,"Median","66",2063,464,269,732
56,"Belgium",4,"Median","67",2063,493,279,773
56,"Belgium",4,"Median","68",2063,527,299,826
56,"Belgium",4,"Median","69",2063,571,334,904
56,"Belgium",4,"Median","70",2063,612,370,982
56,"Belgium",4,"Median","71",2063,669,410,1078
56,"Belgium",4,"Median","72",2063,737,455,1192
56,"Belgium",4,"Median","73",2063,813,505,1319
56,"Belgium",4,"Median","74",2063,861,545,1406
56,"Belgium",4,"Median","75",2063,906,581,1486
56,"Belgium",4,"Median","76",2063,977,623,1600
56,"Belgium",4,"Median","77",2063,1053,688,1741
56,"Belgium",4,"Median","78",2063,1133,772,1905
56,"Belgium",4,"Median","79",2063,1251,879,2130
56,"Belgium",4,"Median","80",2063,1398,1006,2404
56,"Belgium",4,"Median","81",2063,1602,1178,2779
56,"Belgium",4,"Median","82",2063,1812,1379,3191
56,"Belgium",4,"Median","83",2063,2002,1584,3586
56,"Belgium",4,"Median","84",2063,2217,1820,4037
56,"Belgium",4,"Median","85",2063,2445,2080,4524
56,"Belgium",4,"Median","86",2063,2700,2354,5054
56,"Belgium",4,"Median","87",2063,2899,2623,5522
56,"Belgium",4,"Median","88",2063,3139,2974,6112
56,"Belgium",4,"Median","89",2063,3363,3332,6695
56,"Belgium",4,"Median","90",2063,3535,3669,7205
56,"Belgium",4,"Median","91",2063,3654,3968,7622
56,"Belgium",4,"Median","92",2063,3684,4145,7829
56,"Belgium",4,"Median","93",2063,3528,4145,7673
56,"Belgium",4,"Median","94",2063,3243,4057,7300
56,"Belgium",4,"Median","95",2063,2913,3860,6774
56,"Belgium",4,"Median","96",2063,2526,3524,6050
56,"Belgium",4,"Median","97",2063,2119,3129,5248
56,"Belgium",4,"Median","98",2063,1713,2690,4403
56,"Belgium",4,"Median","99",2063,1292,2153,3445
56,"Belgium",4,"Median","100",2063,359,545,904
56,"Belgium",4,"Median","101",2063,322,515,837
56,"Belgium",4,"Median","102",2063,288,486,774
56,"Belgium",4,"Median","103",2063,258,459,717
56,"Belgium",4,"Median","104",2063,231,433,664
56,"Belgium",4,"Median","105",2063,207,409,616
56,"Belgium",4,"Median","106",2063,185,387,572
56,"Belgium",4,"Median","107",2063,166,365,531
56,"Belgium",4,"Median","108",2063,148,345,493
56,"Belgium",4,"Median","109",2063,133,325,458
56,"Belgium",4,"Median","110",2063,119,307,426
56,"Belgium",4,"Median","0",2064,64,47,111
56,"Belgium",4,"Median","1",2064,7,6,13
56,"Belgium",4,"Median","2",2064,2,2,4
56,"Belgium",4,"Median","3",2064,1,2,3
56,"Belgium",4,"Median","4",2064,2,1,3
56,"Belgium",4,"Median","5",2064,2,1,3
56,"Belgium",4,"Median","6",2064,2,1,3
56,"Belgium",4,"Median","7",2064,2,1,3
56,"Belgium",4,"Median","8",2064,1,1,3
56,"Belgium",4,"Median","9",2064,1,1,2
56,"Belgium",4,"Median","10",2064,2,1,2
56,"Belgium",4,"Median","11",2064,2,1,3
56,"Belgium",4,"Median","12",2064,2,1,4
56,"Belgium",4,"Median","13",2064,2,2,4
56,"Belgium",4,"Median","14",2064,2,2,4
56,"Belgium",4,"Median","15",2064,3,2,5
56,"Belgium",4,"Median","16",2064,4,3,7
56,"Belgium",4,"Median","17",2064,6,4,10
56,"Belgium",4,"Median","18",2064,9,5,14
56,"Belgium",4,"Median","19",2064,12,5,17
56,"Belgium",4,"Median","20",2064,14,4,18
56,"Belgium",4,"Median","21",2064,15,5,20
56,"Belgium",4,"Median","22",2064,16,6,22
56,"Belgium",4,"Median","23",2064,17,6,24
56,"Belgium",4,"Median","24",2064,17,7,24
56,"Belgium",4,"Median","25",2064,17,7,24
56,"Belgium",4,"Median","26",2064,18,7,25
56,"Belgium",4,"Median","27",2064,19,7,27
56,"Belgium",4,"Median","28",2064,20,8,28
56,"Belgium",4,"Median","29",2064,21,9,30
56,"Belgium",4,"Median","30",2064,23,10,33
56,"Belgium",4,"Median","31",2064,25,11,36
56,"Belgium",4,"Median","32",2064,25,12,37
56,"Belgium",4,"Median","33",2064,24,13,37
56,"Belgium",4,"Median","34",2064,25,13,38
56,"Belgium",4,"Median","35",2064,28,15,42
56,"Belgium",4,"Median","36",2064,31,17,48
56,"Belgium",4,"Median","37",2064,34,16,50
56,"Belgium",4,"Median","38",2064,35,17,52
56,"Belgium",4,"Median","39",2064,37,19,56
56,"Belgium",4,"Median","40",2064,38,23,61
56,"Belgium",4,"Median","41",2064,43,26,68
56,"Belgium",4,"Median","42",2064,50,29,79
56,"Belgium",4,"Median","43",2064,60,32,92
56,"Belgium",4,"Median","44",2064,67,38,105
56,"Belgium",4,"Median","45",2064,72,45,117
56,"Belgium",4,"Median","46",2064,77,49,125
56,"Belgium",4,"Median","47",2064,84,52,137
56,"Belgium",4,"Median","48",2064,93,60,153
56,"Belgium",4,"Median","49",2064,104,68,172
56,"Belgium",4,"Median","50",2064,115,73,188
56,"Belgium",4,"Median","51",2064,127,78,205
56,"Belgium",4,"Median","52",2064,142,90,232
56,"Belgium",4,"Median","53",2064,159,104,263
56,"Belgium",4,"Median","54",2064,176,111,286
56,"Belgium",4,"Median","55",2064,195,119,313
56,"Belgium",4,"Median","56",2064,217,130,347
56,"Belgium",4,"Median","57",2064,239,144,383
56,"Belgium",4,"Median","58",2064,261,155,415
56,"Belgium",4,"Median","59",2064,279,161,441
56,"Belgium",4,"Median","60",2064,300,172,472
56,"Belgium",4,"Median","61",2064,328,192,520
56,"Belgium",4,"Median","62",2064,360,216,575
56,"Belgium",4,"Median","63",2064,382,229,611
56,"Belgium",4,"Median","64",2064,398,236,634
56,"Belgium",4,"Median","65",2064,424,249,673
56,"Belgium",4,"Median","66",2064,452,260,712
56,"Belgium",4,"Median","67",2064,483,273,755
56,"Belgium",4,"Median","68",2064,513,292,806
56,"Belgium",4,"Median","69",2064,550,320,870
56,"Belgium",4,"Median","70",2064,584,350,935
56,"Belgium",4,"Median","71",2064,643,394,1037
56,"Belgium",4,"Median","72",2064,722,443,1165
56,"Belgium",4,"Median","73",2064,807,500,1307
56,"Belgium",4,"Median","74",2064,854,539,1394
56,"Belgium",4,"Median","75",2064,900,575,1475
56,"Belgium",4,"Median","76",2064,970,619,1589
56,"Belgium",4,"Median","77",2064,1047,683,1730
56,"Belgium",4,"Median","78",2064,1125,764,1888
56,"Belgium",4,"Median","79",2064,1228,864,2092
56,"Belgium",4,"Median","80",2064,1363,982,2345
56,"Belgium",4,"Median","81",2064,1556,1146,2702
56,"Belgium",4,"Median","82",2064,1775,1346,3120
56,"Belgium",4,"Median","83",2064,1984,1574,3557
56,"Belgium",4,"Median","84",2064,2227,1834,4062
56,"Belgium",4,"Median","85",2064,2465,2084,4549
56,"Belgium",4,"Median","86",2064,2715,2375,5090
56,"Belgium",4,"Median","87",2064,2925,2654,5579
56,"Belgium",4,"Median","88",2064,3111,2954,6065
56,"Belgium",4,"Median","89",2064,3280,3261,6541
56,"Belgium",4,"Median","90",2064,3467,3576,7043
56,"Belgium",4,"Median","91",2064,3598,3870,7469
56,"Belgium",4,"Median","92",2064,3651,4116,7767
56,"Belgium",4,"Median","93",2064,3557,4188,7744
56,"Belgium",4,"Median","94",2064,3312,4114,7426
56,"Belgium",4,"Median","95",2064,2954,3911,6865
56,"Belgium",4,"Median","96",2064,2532,3529,6061
56,"Belgium",4,"Median","97",2064,2115,3100,5215
56,"Belgium",4,"Median","98",2064,1714,2667,4381
56,"Belgium",4,"Median","99",2064,1322,2182,3505
56,"Belgium",4,"Median","100",2064,371,559,930
56,"Belgium",4,"Median","101",2064,334,530,864
56,"Belgium",4,"Median","102",2064,300,501,801
56,"Belgium",4,"Median","103",2064,269,475,744
56,"Belgium",4,"Median","104",2064,242,449,691
56,"Belgium",4,"Median","105",2064,217,425,642
56,"Belgium",4,"Median","106",2064,195,403,598
56,"Belgium",4,"Median","107",2064,175,381,556
56,"Belgium",4,"Median","108",2064,157,361,518
56,"Belgium",4,"Median","109",2064,141,342,483
56,"Belgium",4,"Median","110",2064,127,324,451
56,"Belgium",4,"Median","0",2065,63,47,109
56,"Belgium",4,"Median","1",2065,7,6,12
56,"Belgium",4,"Median","2",2065,2,2,4
56,"Belgium",4,"Median","3",2065,1,2,3
56,"Belgium",4,"Median","4",2065,1,1,3
56,"Belgium",4,"Median","5",2065,2,1,3
56,"Belgium",4,"Median","6",2065,2,1,3
56,"Belgium",4,"Median","7",2065,1,1,3
56,"Belgium",4,"Median","8",2065,1,1,3
56,"Belgium",4,"Median","9",2065,1,1,2
56,"Belgium",4,"Median","10",2065,1,1,2
56,"Belgium",4,"Median","11",2065,2,1,3
56,"Belgium",4,"Median","12",2065,2,1,4
56,"Belgium",4,"Median","13",2065,2,2,4
56,"Belgium",4,"Median","14",2065,2,2,4
56,"Belgium",4,"Median","15",2065,3,2,5
56,"Belgium",4,"Median","16",2065,4,3,7
56,"Belgium",4,"Median","17",2065,6,4,10
56,"Belgium",4,"Median","18",2065,9,5,14
56,"Belgium",4,"Median","19",2065,12,5,16
56,"Belgium",4,"Median","20",2065,14,4,18
56,"Belgium",4,"Median","21",2065,14,5,20
56,"Belgium",4,"Median","22",2065,16,6,22
56,"Belgium",4,"Median","23",2065,17,6,23
56,"Belgium",4,"Median","24",2065,17,7,24
56,"Belgium",4,"Median","25",2065,17,7,24
56,"Belgium",4,"Median","26",2065,18,7,25
56,"Belgium",4,"Median","27",2065,19,7,26
56,"Belgium",4,"Median","28",2065,20,8,28
56,"Belgium",4,"Median","29",2065,20,9,30
56,"Belgium",4,"Median","30",2065,23,10,32
56,"Belgium",4,"Median","31",2065,25,11,36
56,"Belgium",4,"Median","32",2065,25,12,37
56,"Belgium",4,"Median","33",2065,24,12,37
56,"Belgium",4,"Median","34",2065,24,13,37
56,"Belgium",4,"Median","35",2065,27,14,42
56,"Belgium",4,"Median","36",2065,31,16,47
56,"Belgium",4,"Median","37",2065,33,16,49
56,"Belgium",4,"Median","38",2065,35,16,51
56,"Belgium",4,"Median","39",2065,36,19,55
56,"Belgium",4,"Median","40",2065,38,22,60
56,"Belgium",4,"Median","41",2065,40,24,64
56,"Belgium",4,"Median","42",2065,46,27,73
56,"Belgium",4,"Median","43",2065,59,32,91
56,"Belgium",4,"Median","44",2065,66,37,103
56,"Belgium",4,"Median","45",2065,70,44,113
56,"Belgium",4,"Median","46",2065,75,47,122
56,"Belgium",4,"Median","47",2065,82,51,133
56,"Belgium",4,"Median","48",2065,91,58,149
56,"Belgium",4,"Median","49",2065,101,66,167
56,"Belgium",4,"Median","50",2065,112,71,183
56,"Belgium",4,"Median","51",2065,124,76,200
56,"Belgium",4,"Median","52",2065,138,87,225
56,"Belgium",4,"Median","53",2065,155,101,256
56,"Belgium",4,"Median","54",2065,173,109,281
56,"Belgium",4,"Median","55",2065,192,117,309
56,"Belgium",4,"Median","56",2065,216,129,346
56,"Belgium",4,"Median","57",2065,241,143,384
56,"Belgium",4,"Median","58",2065,263,156,418
56,"Belgium",4,"Median","59",2065,283,164,447
56,"Belgium",4,"Median","60",2065,305,174,479
56,"Belgium",4,"Median","61",2065,333,194,527
56,"Belgium",4,"Median","62",2065,359,214,574
56,"Belgium",4,"Median","63",2065,375,224,599
56,"Belgium",4,"Median","64",2065,395,232,627
56,"Belgium",4,"Median","65",2065,422,244,666
56,"Belgium",4,"Median","66",2065,442,250,693
56,"Belgium",4,"Median","67",2065,470,263,733
56,"Belgium",4,"Median","68",2065,502,284,786
56,"Belgium",4,"Median","69",2065,536,311,847
56,"Belgium",4,"Median","70",2065,563,334,897
56,"Belgium",4,"Median","71",2065,614,371,985
56,"Belgium",4,"Median","72",2065,694,425,1118
56,"Belgium",4,"Median","73",2065,790,486,1276
56,"Belgium",4,"Median","74",2065,847,532,1379
56,"Belgium",4,"Median","75",2065,893,567,1459
56,"Belgium",4,"Median","76",2065,964,610,1575
56,"Belgium",4,"Median","77",2065,1040,676,1716
56,"Belgium",4,"Median","78",2065,1119,755,1874
56,"Belgium",4,"Median","79",2065,1219,851,2071
56,"Belgium",4,"Median","80",2065,1338,962,2300
56,"Belgium",4,"Median","81",2065,1519,1116,2634
56,"Belgium",4,"Median","82",2065,1726,1306,3032
56,"Belgium",4,"Median","83",2065,1944,1531,3476
56,"Belgium",4,"Median","84",2065,2210,1819,4028
56,"Belgium",4,"Median","85",2065,2480,2096,4577
56,"Belgium",4,"Median","86",2065,2742,2376,5118
56,"Belgium",4,"Median","87",2065,2945,2675,5620
56,"Belgium",4,"Median","88",2065,3144,2986,6129
56,"Belgium",4,"Median","89",2065,3257,3236,6492
56,"Belgium",4,"Median","90",2065,3387,3497,6884
56,"Belgium",4,"Median","91",2065,3535,3770,7306
56,"Belgium",4,"Median","92",2065,3603,4015,7618
56,"Belgium",4,"Median","93",2065,3531,4159,7690
56,"Belgium",4,"Median","94",2065,3346,4158,7504
56,"Belgium",4,"Median","95",2065,3023,3969,6993
56,"Belgium",4,"Median","96",2065,2572,3579,6151
56,"Belgium",4,"Median","97",2065,2124,3108,5231
56,"Belgium",4,"Median","98",2065,1715,2645,4360
56,"Belgium",4,"Median","99",2065,1325,2167,3492
56,"Belgium",4,"Median","100",2065,381,569,950
56,"Belgium",4,"Median","101",2065,344,540,884
56,"Belgium",4,"Median","102",2065,310,513,823
56,"Belgium",4,"Median","103",2065,279,487,766
56,"Belgium",4,"Median","104",2065,251,462,713
56,"Belgium",4,"Median","105",2065,226,439,665
56,"Belgium",4,"Median","106",2065,204,417,621
56,"Belgium",4,"Median","107",2065,184,396,580
56,"Belgium",4,"Median","108",2065,166,376,542
56,"Belgium",4,"Median","109",2065,149,357,506
56,"Belgium",4,"Median","110",2065,134,339,473
56,"Belgium",4,"Median","0",2066,62,46,108
56,"Belgium",4,"Median","1",2066,7,6,12
56,"Belgium",4,"Median","2",2066,2,2,4
56,"Belgium",4,"Median","3",2066,1,2,3
56,"Belgium",4,"Median","4",2066,1,1,3
56,"Belgium",4,"Median","5",2066,2,1,3
56,"Belgium",4,"Median","6",2066,2,1,3
56,"Belgium",4,"Median","7",2066,1,1,3
56,"Belgium",4,"Median","8",2066,1,1,2
56,"Belgium",4,"Median","9",2066,1,1,2
56,"Belgium",4,"Median","10",2066,1,1,2
56,"Belgium",4,"Median","11",2066,2,1,3
56,"Belgium",4,"Median","12",2066,2,1,3
56,"Belgium",4,"Median","13",2066,2,2,4
56,"Belgium",4,"Median","14",2066,2,2,4
56,"Belgium",4,"Median","15",2066,3,2,5
56,"Belgium",4,"Median","16",2066,4,3,7
56,"Belgium",4,"Median","17",2066,6,4,10
56,"Belgium",4,"Median","18",2066,9,5,14
56,"Belgium",4,"Median","19",2066,11,5,16
56,"Belgium",4,"Median","20",2066,13,4,18
56,"Belgium",4,"Median","21",2066,14,5,19
56,"Belgium",4,"Median","22",2066,15,6,21
56,"Belgium",4,"Median","23",2066,17,6,23
56,"Belgium",4,"Median","24",2066,17,6,23
56,"Belgium",4,"Median","25",2066,17,7,24
56,"Belgium",4,"Median","26",2066,18,7,25
56,"Belgium",4,"Median","27",2066,19,7,26
56,"Belgium",4,"Median","28",2066,19,8,27
56,"Belgium",4,"Median","29",2066,20,9,29
56,"Belgium",4,"Median","30",2066,23,10,32
56,"Belgium",4,"Median","31",2066,25,11,36
56,"Belgium",4,"Median","32",2066,25,12,37
56,"Belgium",4,"Median","33",2066,24,12,36
56,"Belgium",4,"Median","34",2066,24,12,37
56,"Belgium",4,"Median","35",2066,27,14,41
56,"Belgium",4,"Median","36",2066,30,16,46
56,"Belgium",4,"Median","37",2066,33,16,48
56,"Belgium",4,"Median","38",2066,34,16,50
56,"Belgium",4,"Median","39",2066,35,18,54
56,"Belgium",4,"Median","40",2066,37,22,59
56,"Belgium",4,"Median","41",2066,39,24,63
56,"Belgium",4,"Median","42",2066,44,25,69
56,"Belgium",4,"Median","43",2066,55,29,84
56,"Belgium",4,"Median","44",2066,65,37,102
56,"Belgium",4,"Median","45",2066,69,43,111
56,"Belgium",4,"Median","46",2066,73,46,119
56,"Belgium",4,"Median","47",2066,80,49,129
56,"Belgium",4,"Median","48",2066,88,56,145
56,"Belgium",4,"Median","49",2066,98,64,162
56,"Belgium",4,"Median","50",2066,109,69,178
56,"Belgium",4,"Median","51",2066,121,74,195
56,"Belgium",4,"Median","52",2066,135,85,220
56,"Belgium",4,"Median","53",2066,151,98,249
56,"Belgium",4,"Median","54",2066,168,106,274
56,"Belgium",4,"Median","55",2066,189,115,304
56,"Belgium",4,"Median","56",2066,214,128,341
56,"Belgium",4,"Median","57",2066,240,142,382
56,"Belgium",4,"Median","58",2066,264,155,420
56,"Belgium",4,"Median","59",2066,285,165,450
56,"Belgium",4,"Median","60",2066,309,177,486
56,"Belgium",4,"Median","61",2066,339,197,535
56,"Belgium",4,"Median","62",2066,365,217,582
56,"Belgium",4,"Median","63",2066,375,222,597
56,"Belgium",4,"Median","64",2066,388,227,614
56,"Belgium",4,"Median","65",2066,418,240,658
56,"Belgium",4,"Median","66",2066,440,246,686
56,"Belgium",4,"Median","67",2066,460,253,713
56,"Belgium",4,"Median","68",2066,489,274,763
56,"Belgium",4,"Median","69",2066,524,303,826
56,"Belgium",4,"Median","70",2066,548,325,873
56,"Belgium",4,"Median","71",2066,591,354,945
56,"Belgium",4,"Median","72",2066,662,401,1063
56,"Belgium",4,"Median","73",2066,760,466,1226
56,"Belgium",4,"Median","74",2066,830,516,1347
56,"Belgium",4,"Median","75",2066,886,558,1444
56,"Belgium",4,"Median","76",2066,957,601,1558
56,"Belgium",4,"Median","77",2066,1034,667,1701
56,"Belgium",4,"Median","78",2066,1111,748,1860
56,"Belgium",4,"Median","79",2066,1214,843,2057
56,"Belgium",4,"Median","80",2066,1330,949,2278
56,"Belgium",4,"Median","81",2066,1493,1094,2587
56,"Belgium",4,"Median","82",2066,1686,1273,2959
56,"Belgium",4,"Median","83",2066,1893,1488,3381
56,"Belgium",4,"Median","84",2066,2169,1773,3941
56,"Belgium",4,"Median","85",2066,2464,2082,4546
56,"Belgium",4,"Median","86",2066,2763,2395,5158
56,"Belgium",4,"Median","87",2066,2979,2680,5660
56,"Belgium",4,"Median","88",2066,3171,3015,6187
56,"Belgium",4,"Median","89",2066,3296,3277,6573
56,"Belgium",4,"Median","90",2066,3369,3477,6846
56,"Belgium",4,"Median","91",2066,3461,3695,7156
56,"Belgium",4,"Median","92",2066,3547,3920,7468
56,"Belgium",4,"Median","93",2066,3492,4066,7557
56,"Belgium",4,"Median","94",2066,3329,4139,7468
56,"Belgium",4,"Median","95",2066,3061,4022,7083
56,"Belgium",4,"Median","96",2066,2638,3640,6278
56,"Belgium",4,"Median","97",2066,2162,3158,5320
56,"Belgium",4,"Median","98",2066,1725,2658,4383
56,"Belgium",4,"Median","99",2066,1328,2153,3482
56,"Belgium",4,"Median","100",2066,386,572,958
56,"Belgium",4,"Median","101",2066,349,545,894
56,"Belgium",4,"Median","102",2066,316,519,835
56,"Belgium",4,"Median","103",2066,285,494,779
56,"Belgium",4,"Median","104",2066,258,470,728
56,"Belgium",4,"Median","105",2066,233,448,681
56,"Belgium",4,"Median","106",2066,211,427,638
56,"Belgium",4,"Median","107",2066,191,406,597
56,"Belgium",4,"Median","108",2066,172,387,559
56,"Belgium",4,"Median","109",2066,156,368,524
56,"Belgium",4,"Median","110",2066,141,351,492
56,"Belgium",4,"Median","0",2067,62,45,107
56,"Belgium",4,"Median","1",2067,7,6,12
56,"Belgium",4,"Median","2",2067,2,2,4
56,"Belgium",4,"Median","3",2067,1,2,3
56,"Belgium",4,"Median","4",2067,1,1,3
56,"Belgium",4,"Median","5",2067,2,1,3
56,"Belgium",4,"Median","6",2067,2,1,3
56,"Belgium",4,"Median","7",2067,1,1,3
56,"Belgium",4,"Median","8",2067,1,1,2
56,"Belgium",4,"Median","9",2067,1,1,2
56,"Belgium",4,"Median","10",2067,1,1,2
56,"Belgium",4,"Median","11",2067,2,1,3
56,"Belgium",4,"Median","12",2067,2,1,3
56,"Belgium",4,"Median","13",2067,2,2,4
56,"Belgium",4,"Median","14",2067,2,2,4
56,"Belgium",4,"Median","15",2067,3,2,5
56,"Belgium",4,"Median","16",2067,4,3,6
56,"Belgium",4,"Median","17",2067,6,4,10
56,"Belgium",4,"Median","18",2067,8,5,13
56,"Belgium",4,"Median","19",2067,11,4,16
56,"Belgium",4,"Median","20",2067,13,4,17
56,"Belgium",4,"Median","21",2067,14,5,19
56,"Belgium",4,"Median","22",2067,15,6,21
56,"Belgium",4,"Median","23",2067,17,6,23
56,"Belgium",4,"Median","24",2067,17,6,23
56,"Belgium",4,"Median","25",2067,17,6,23
56,"Belgium",4,"Median","26",2067,18,7,25
56,"Belgium",4,"Median","27",2067,19,7,26
56,"Belgium",4,"Median","28",2067,19,8,27
56,"Belgium",4,"Median","29",2067,20,9,29
56,"Belgium",4,"Median","30",2067,22,10,32
56,"Belgium",4,"Median","31",2067,25,11,35
56,"Belgium",4,"Median","32",2067,25,12,36
56,"Belgium",4,"Median","33",2067,24,12,36
56,"Belgium",4,"Median","34",2067,24,12,36
56,"Belgium",4,"Median","35",2067,27,14,41
56,"Belgium",4,"Median","36",2067,30,16,46
56,"Belgium",4,"Median","37",2067,32,16,48
56,"Belgium",4,"Median","38",2067,34,16,49
56,"Belgium",4,"Median","39",2067,35,18,53
56,"Belgium",4,"Median","40",2067,37,21,58
56,"Belgium",4,"Median","41",2067,39,23,62
56,"Belgium",4,"Median","42",2067,43,25,68
56,"Belgium",4,"Median","43",2067,52,27,79
56,"Belgium",4,"Median","44",2067,61,34,94
56,"Belgium",4,"Median","45",2067,68,42,110
56,"Belgium",4,"Median","46",2067,72,45,117
56,"Belgium",4,"Median","47",2067,78,48,126
56,"Belgium",4,"Median","48",2067,86,55,141
56,"Belgium",4,"Median","49",2067,96,62,158
56,"Belgium",4,"Median","50",2067,106,67,173
56,"Belgium",4,"Median","51",2067,118,72,189
56,"Belgium",4,"Median","52",2067,132,82,214
56,"Belgium",4,"Median","53",2067,148,95,243
56,"Belgium",4,"Median","54",2067,164,103,267
56,"Belgium",4,"Median","55",2067,185,112,296
56,"Belgium",4,"Median","56",2067,210,125,336
56,"Belgium",4,"Median","57",2067,238,140,378
56,"Belgium",4,"Median","58",2067,264,154,418
56,"Belgium",4,"Median","59",2067,288,165,452
56,"Belgium",4,"Median","60",2067,312,179,490
56,"Belgium",4,"Median","61",2067,344,200,544
56,"Belgium",4,"Median","62",2067,372,220,592
56,"Belgium",4,"Median","63",2067,381,225,606
56,"Belgium",4,"Median","64",2067,388,225,612
56,"Belgium",4,"Median","65",2067,411,234,645
56,"Belgium",4,"Median","66",2067,436,242,678
56,"Belgium",4,"Median","67",2067,458,249,707
56,"Belgium",4,"Median","68",2067,479,264,743
56,"Belgium",4,"Median","69",2067,511,291,802
56,"Belgium",4,"Median","70",2067,537,316,852
56,"Belgium",4,"Median","71",2067,577,344,921
56,"Belgium",4,"Median","72",2067,639,382,1021
56,"Belgium",4,"Median","73",2067,728,439,1167
56,"Belgium",4,"Median","74",2067,800,495,1295
56,"Belgium",4,"Median","75",2067,869,542,1412
56,"Belgium",4,"Median","76",2067,951,593,1543
56,"Belgium",4,"Median","77",2067,1028,657,1685
56,"Belgium",4,"Median","78",2067,1108,738,1846
56,"Belgium",4,"Median","79",2067,1209,835,2044
56,"Belgium",4,"Median","80",2067,1327,939,2266
56,"Belgium",4,"Median","81",2067,1487,1080,2567
56,"Belgium",4,"Median","82",2067,1662,1249,2911
56,"Belgium",4,"Median","83",2067,1854,1451,3305
56,"Belgium",4,"Median","84",2067,2117,1725,3842
56,"Belgium",4,"Median","85",2067,2426,2032,4457
56,"Belgium",4,"Median","86",2067,2753,2382,5135
56,"Belgium",4,"Median","87",2067,3011,2706,5716
56,"Belgium",4,"Median","88",2067,3218,3027,6245
56,"Belgium",4,"Median","89",2067,3334,3314,6649
56,"Belgium",4,"Median","90",2067,3419,3527,6946
56,"Belgium",4,"Median","91",2067,3452,3681,7133
56,"Belgium",4,"Median","92",2067,3482,3850,7333
56,"Belgium",4,"Median","93",2067,3447,3978,7424
56,"Belgium",4,"Median","94",2067,3300,4055,7355
56,"Belgium",4,"Median","95",2067,3054,4013,7067
56,"Belgium",4,"Median","96",2067,2677,3696,6373
56,"Belgium",4,"Median","97",2067,2223,3219,5441
56,"Belgium",4,"Median","98",2067,1760,2707,4467
56,"Belgium",4,"Median","99",2067,1339,2168,3508
56,"Belgium",4,"Median","100",2067,389,572,961
56,"Belgium",4,"Median","101",2067,353,546,899
56,"Belgium",4,"Median","102",2067,320,521,841
56,"Belgium",4,"Median","103",2067,290,498,788
56,"Belgium",4,"Median","104",2067,263,475,738
56,"Belgium",4,"Median","105",2067,238,454,692
56,"Belgium",4,"Median","106",2067,216,433,649
56,"Belgium",4,"Median","107",2067,196,413,609
56,"Belgium",4,"Median","108",2067,177,395,572
56,"Belgium",4,"Median","109",2067,161,377,538
56,"Belgium",4,"Median","110",2067,146,360,506
56,"Belgium",4,"Median","0",2068,61,44,105
56,"Belgium",4,"Median","1",2068,6,6,12
56,"Belgium",4,"Median","2",2068,2,2,4
56,"Belgium",4,"Median","3",2068,1,1,3
56,"Belgium",4,"Median","4",2068,1,1,3
56,"Belgium",4,"Median","5",2068,2,1,3
56,"Belgium",4,"Median","6",2068,2,1,3
56,"Belgium",4,"Median","7",2068,1,1,2
56,"Belgium",4,"Median","8",2068,1,1,2
56,"Belgium",4,"Median","9",2068,1,1,2
56,"Belgium",4,"Median","10",2068,1,1,2
56,"Belgium",4,"Median","11",2068,2,1,3
56,"Belgium",4,"Median","12",2068,2,1,3
56,"Belgium",4,"Median","13",2068,2,2,4
56,"Belgium",4,"Median","14",2068,2,2,4
56,"Belgium",4,"Median","15",2068,3,2,5
56,"Belgium",4,"Median","16",2068,4,2,6
56,"Belgium",4,"Median","17",2068,6,4,9
56,"Belgium",4,"Median","18",2068,8,5,13
56,"Belgium",4,"Median","19",2068,11,4,15
56,"Belgium",4,"Median","20",2068,13,4,17
56,"Belgium",4,"Median","21",2068,14,5,19
56,"Belgium",4,"Median","22",2068,15,6,21
56,"Belgium",4,"Median","23",2068,16,6,22
56,"Belgium",4,"Median","24",2068,17,6,23
56,"Belgium",4,"Median","25",2068,17,6,23
56,"Belgium",4,"Median","26",2068,18,7,24
56,"Belgium",4,"Median","27",2068,19,7,26
56,"Belgium",4,"Median","28",2068,19,8,27
56,"Belgium",4,"Median","29",2068,20,9,29
56,"Belgium",4,"Median","30",2068,22,10,32
56,"Belgium",4,"Median","31",2068,25,11,35
56,"Belgium",4,"Median","32",2068,24,12,36
56,"Belgium",4,"Median","33",2068,24,12,36
56,"Belgium",4,"Median","34",2068,24,12,36
56,"Belgium",4,"Median","35",2068,26,14,40
56,"Belgium",4,"Median","36",2068,30,15,45
56,"Belgium",4,"Median","37",2068,32,15,47
56,"Belgium",4,"Median","38",2068,33,15,49
56,"Belgium",4,"Median","39",2068,34,17,52
56,"Belgium",4,"Median","40",2068,36,21,57
56,"Belgium",4,"Median","41",2068,38,23,61
56,"Belgium",4,"Median","42",2068,42,24,66
56,"Belgium",4,"Median","43",2068,51,27,78
56,"Belgium",4,"Median","44",2068,57,32,89
56,"Belgium",4,"Median","45",2068,63,39,102
56,"Belgium",4,"Median","46",2068,71,44,115
56,"Belgium",4,"Median","47",2068,77,47,124
56,"Belgium",4,"Median","48",2068,84,53,137
56,"Belgium",4,"Median","49",2068,93,61,154
56,"Belgium",4,"Median","50",2068,103,65,168
56,"Belgium",4,"Median","51",2068,115,70,184
56,"Belgium",4,"Median","52",2068,128,80,208
56,"Belgium",4,"Median","53",2068,144,92,236
56,"Belgium",4,"Median","54",2068,161,100,260
56,"Belgium",4,"Median","55",2068,180,108,288
56,"Belgium",4,"Median","56",2068,205,122,327
56,"Belgium",4,"Median","57",2068,233,138,371
56,"Belgium",4,"Median","58",2068,261,152,413
56,"Belgium",4,"Median","59",2068,287,163,450
56,"Belgium",4,"Median","60",2068,314,178,492
56,"Belgium",4,"Median","61",2068,346,202,548
56,"Belgium",4,"Median","62",2068,377,224,601
56,"Belgium",4,"Median","63",2068,388,228,616
56,"Belgium",4,"Median","64",2068,393,227,621
56,"Belgium",4,"Median","65",2068,410,233,643
56,"Belgium",4,"Median","66",2068,428,236,664
56,"Belgium",4,"Median","67",2068,453,244,698
56,"Belgium",4,"Median","68",2068,476,259,735
56,"Belgium",4,"Median","69",2068,499,280,780
56,"Belgium",4,"Median","70",2068,523,303,826
56,"Belgium",4,"Median","71",2068,563,335,898
56,"Belgium",4,"Median","72",2068,622,371,994
56,"Belgium",4,"Median","73",2068,701,419,1120
56,"Belgium",4,"Median","74",2068,764,467,1231
56,"Belgium",4,"Median","75",2068,836,519,1355
56,"Belgium",4,"Median","76",2068,931,575,1507
56,"Belgium",4,"Median","77",2068,1020,648,1668
56,"Belgium",4,"Median","78",2068,1099,728,1827
56,"Belgium",4,"Median","79",2068,1203,825,2028
56,"Belgium",4,"Median","80",2068,1320,931,2251
56,"Belgium",4,"Median","81",2068,1483,1071,2553
56,"Belgium",4,"Median","82",2068,1654,1234,2889
56,"Belgium",4,"Median","83",2068,1826,1426,3252
56,"Belgium",4,"Median","84",2068,2074,1685,3758
56,"Belgium",4,"Median","85",2068,2367,1980,4347
56,"Belgium",4,"Median","86",2068,2710,2329,5039
56,"Belgium",4,"Median","87",2068,3000,2695,5695
56,"Belgium",4,"Median","88",2068,3253,3061,6314
56,"Belgium",4,"Median","89",2068,3384,3333,6717
56,"Belgium",4,"Median","90",2068,3460,3574,7034
56,"Belgium",4,"Median","91",2068,3506,3742,7248
56,"Belgium",4,"Median","92",2068,3477,3844,7321
56,"Belgium",4,"Median","93",2068,3387,3915,7301
56,"Belgium",4,"Median","94",2068,3262,3976,7237
56,"Belgium",4,"Median","95",2068,3031,3941,6972
56,"Belgium",4,"Median","96",2068,2674,3696,6370
56,"Belgium",4,"Median","97",2068,2258,3276,5534
56,"Belgium",4,"Median","98",2068,1812,2765,4577
56,"Belgium",4,"Median","99",2068,1369,2213,3582
56,"Belgium",4,"Median","100",2068,392,574,966
56,"Belgium",4,"Median","101",2068,356,549,905
56,"Belgium",4,"Median","102",2068,323,525,848
56,"Belgium",4,"Median","103",2068,294,502,796
56,"Belgium",4,"Median","104",2068,267,480,747
56,"Belgium",4,"Median","105",2068,242,459,701
56,"Belgium",4,"Median","106",2068,220,438,658
56,"Belgium",4,"Median","107",2068,200,419,619
56,"Belgium",4,"Median","108",2068,181,401,582
56,"Belgium",4,"Median","109",2068,165,383,548
56,"Belgium",4,"Median","110",2068,150,366,516
56,"Belgium",4,"Median","0",2069,60,44,104
56,"Belgium",4,"Median","1",2069,6,5,12
56,"Belgium",4,"Median","2",2069,2,2,4
56,"Belgium",4,"Median","3",2069,1,1,3
56,"Belgium",4,"Median","4",2069,1,1,3
56,"Belgium",4,"Median","5",2069,1,1,3
56,"Belgium",4,"Median","6",2069,1,1,3
56,"Belgium",4,"Median","7",2069,1,1,2
56,"Belgium",4,"Median","8",2069,1,1,2
56,"Belgium",4,"Median","9",2069,1,1,2
56,"Belgium",4,"Median","10",2069,1,1,2
56,"Belgium",4,"Median","11",2069,2,1,3
56,"Belgium",4,"Median","12",2069,2,1,3
56,"Belgium",4,"Median","13",2069,2,1,4
56,"Belgium",4,"Median","14",2069,2,2,4
56,"Belgium",4,"Median","15",2069,3,2,5
56,"Belgium",4,"Median","16",2069,4,2,6
56,"Belgium",4,"Median","17",2069,6,4,9
56,"Belgium",4,"Median","18",2069,8,4,13
56,"Belgium",4,"Median","19",2069,11,4,15
56,"Belgium",4,"Median","20",2069,13,4,17
56,"Belgium",4,"Median","21",2069,13,5,18
56,"Belgium",4,"Median","22",2069,15,6,20
56,"Belgium",4,"Median","23",2069,16,6,22
56,"Belgium",4,"Median","24",2069,16,6,22
56,"Belgium",4,"Median","25",2069,16,6,23
56,"Belgium",4,"Median","26",2069,17,7,24
56,"Belgium",4,"Median","27",2069,18,7,25
56,"Belgium",4,"Median","28",2069,19,8,27
56,"Belgium",4,"Median","29",2069,20,9,29
56,"Belgium",4,"Median","30",2069,22,9,32
56,"Belgium",4,"Median","31",2069,24,10,35
56,"Belgium",4,"Median","32",2069,24,12,36
56,"Belgium",4,"Median","33",2069,23,12,35
56,"Belgium",4,"Median","34",2069,24,12,36
56,"Belgium",4,"Median","35",2069,26,14,40
56,"Belgium",4,"Median","36",2069,30,15,45
56,"Belgium",4,"Median","37",2069,31,15,47
56,"Belgium",4,"Median","38",2069,33,15,48
56,"Belgium",4,"Median","39",2069,34,17,51
56,"Belgium",4,"Median","40",2069,35,20,56
56,"Belgium",4,"Median","41",2069,37,22,60
56,"Belgium",4,"Median","42",2069,42,24,65
56,"Belgium",4,"Median","43",2069,50,26,76
56,"Belgium",4,"Median","44",2069,56,31,87
56,"Belgium",4,"Median","45",2069,59,36,96
56,"Belgium",4,"Median","46",2069,66,41,107
56,"Belgium",4,"Median","47",2069,76,46,122
56,"Belgium",4,"Median","48",2069,83,52,135
56,"Belgium",4,"Median","49",2069,90,59,149
56,"Belgium",4,"Median","50",2069,101,63,164
56,"Belgium",4,"Median","51",2069,111,67,179
56,"Belgium",4,"Median","52",2069,125,78,202
56,"Belgium",4,"Median","53",2069,140,90,230
56,"Belgium",4,"Median","54",2069,157,97,253
56,"Belgium",4,"Median","55",2069,176,105,281
56,"Belgium",4,"Median","56",2069,200,118,318
56,"Belgium",4,"Median","57",2069,228,134,362
56,"Belgium",4,"Median","58",2069,257,149,406
56,"Belgium",4,"Median","59",2069,283,162,445
56,"Belgium",4,"Median","60",2069,313,176,490
56,"Belgium",4,"Median","61",2069,349,201,550
56,"Belgium",4,"Median","62",2069,380,226,606
56,"Belgium",4,"Median","63",2069,393,232,625
56,"Belgium",4,"Median","64",2069,400,230,630
56,"Belgium",4,"Median","65",2069,416,235,651
56,"Belgium",4,"Median","66",2069,427,234,661
56,"Belgium",4,"Median","67",2069,445,238,683
56,"Belgium",4,"Median","68",2069,471,254,725
56,"Belgium",4,"Median","69",2069,496,275,772
56,"Belgium",4,"Median","70",2069,511,292,803
56,"Belgium",4,"Median","71",2069,549,322,870
56,"Belgium",4,"Median","72",2069,608,361,969
56,"Belgium",4,"Median","73",2069,683,408,1090
56,"Belgium",4,"Median","74",2069,737,445,1181
56,"Belgium",4,"Median","75",2069,798,490,1288
56,"Belgium",4,"Median","76",2069,896,551,1447
56,"Belgium",4,"Median","77",2069,1000,629,1629
56,"Belgium",4,"Median","78",2069,1091,718,1809
56,"Belgium",4,"Median","79",2069,1195,813,2008
56,"Belgium",4,"Median","80",2069,1314,920,2235
56,"Belgium",4,"Median","81",2069,1476,1063,2539
56,"Belgium",4,"Median","82",2069,1651,1225,2876
56,"Belgium",4,"Median","83",2069,1819,1410,3230
56,"Belgium",4,"Median","84",2069,2044,1658,3702
56,"Belgium",4,"Median","85",2069,2322,1937,4258
56,"Belgium",4,"Median","86",2069,2649,2273,4922
56,"Belgium",4,"Median","87",2069,2957,2639,5597
56,"Belgium",4,"Median","88",2069,3247,3055,6302
56,"Belgium",4,"Median","89",2069,3426,3377,6803
56,"Belgium",4,"Median","90",2069,3518,3601,7118
56,"Belgium",4,"Median","91",2069,3554,3799,7354
56,"Belgium",4,"Median","92",2069,3538,3916,7454
56,"Belgium",4,"Median","93",2069,3388,3916,7304
56,"Belgium",4,"Median","94",2069,3211,3922,7133
56,"Belgium",4,"Median","95",2069,3002,3873,6876
56,"Belgium",4,"Median","96",2069,2660,3637,6297
56,"Belgium",4,"Median","97",2069,2260,3283,5543
56,"Belgium",4,"Median","98",2069,1845,2820,4665
56,"Belgium",4,"Median","99",2069,1411,2266,3677
56,"Belgium",4,"Median","100",2069,399,582,981
56,"Belgium",4,"Median","101",2069,362,557,919
56,"Belgium",4,"Median","102",2069,329,532,861
56,"Belgium",4,"Median","103",2069,299,509,808
56,"Belgium",4,"Median","104",2069,272,487,759
56,"Belgium",4,"Median","105",2069,247,466,713
56,"Belgium",4,"Median","106",2069,224,445,669
56,"Belgium",4,"Median","107",2069,204,426,630
56,"Belgium",4,"Median","108",2069,185,407,592
56,"Belgium",4,"Median","109",2069,168,389,557
56,"Belgium",4,"Median","110",2069,153,372,525
56,"Belgium",4,"Median","0",2070,60,43,103
56,"Belgium",4,"Median","1",2070,6,5,12
56,"Belgium",4,"Median","2",2070,2,2,4
56,"Belgium",4,"Median","3",2070,1,1,3
56,"Belgium",4,"Median","4",2070,1,1,3
56,"Belgium",4,"Median","5",2070,1,1,3
56,"Belgium",4,"Median","6",2070,1,1,3
56,"Belgium",4,"Median","7",2070,1,1,2
56,"Belgium",4,"Median","8",2070,1,1,2
56,"Belgium",4,"Median","9",2070,1,1,2
56,"Belgium",4,"Median","10",2070,1,1,2
56,"Belgium",4,"Median","11",2070,2,1,2
56,"Belgium",4,"Median","12",2070,2,1,3
56,"Belgium",4,"Median","13",2070,2,1,3
56,"Belgium",4,"Median","14",2070,2,1,4
56,"Belgium",4,"Median","15",2070,3,2,4
56,"Belgium",4,"Median","16",2070,4,2,6
56,"Belgium",4,"Median","17",2070,5,3,9
56,"Belgium",4,"Median","18",2070,8,4,12
56,"Belgium",4,"Median","19",2070,10,4,15
56,"Belgium",4,"Median","20",2070,12,4,16
56,"Belgium",4,"Median","21",2070,13,5,18
56,"Belgium",4,"Median","22",2070,14,5,20
56,"Belgium",4,"Median","23",2070,16,6,21
56,"Belgium",4,"Median","24",2070,16,6,22
56,"Belgium",4,"Median","25",2070,16,6,22
56,"Belgium",4,"Median","26",2070,17,6,24
56,"Belgium",4,"Median","27",2070,18,7,25
56,"Belgium",4,"Median","28",2070,19,8,26
56,"Belgium",4,"Median","29",2070,20,9,28
56,"Belgium",4,"Median","30",2070,22,9,31
56,"Belgium",4,"Median","31",2070,24,10,35
56,"Belgium",4,"Median","32",2070,24,12,36
56,"Belgium",4,"Median","33",2070,23,12,35
56,"Belgium",4,"Median","34",2070,23,12,35
56,"Belgium",4,"Median","35",2070,26,13,39
56,"Belgium",4,"Median","36",2070,29,15,44
56,"Belgium",4,"Median","37",2070,31,15,46
56,"Belgium",4,"Median","38",2070,32,15,47
56,"Belgium",4,"Median","39",2070,33,17,50
56,"Belgium",4,"Median","40",2070,35,20,55
56,"Belgium",4,"Median","41",2070,37,22,59
56,"Belgium",4,"Median","42",2070,41,23,64
56,"Belgium",4,"Median","43",2070,49,26,75
56,"Belgium",4,"Median","44",2070,55,30,86
56,"Belgium",4,"Median","45",2070,58,36,94
56,"Belgium",4,"Median","46",2070,62,38,100
56,"Belgium",4,"Median","47",2070,70,43,113
56,"Belgium",4,"Median","48",2070,82,51,133
56,"Belgium",4,"Median","49",2070,89,58,147
56,"Belgium",4,"Median","50",2070,98,61,159
56,"Belgium",4,"Median","51",2070,109,66,174
56,"Belgium",4,"Median","52",2070,121,75,197
56,"Belgium",4,"Median","53",2070,136,87,223
56,"Belgium",4,"Median","54",2070,152,94,246
56,"Belgium",4,"Median","55",2070,171,102,274
56,"Belgium",4,"Median","56",2070,196,115,310
56,"Belgium",4,"Median","57",2070,222,130,352
56,"Belgium",4,"Median","58",2070,250,145,396
56,"Belgium",4,"Median","59",2070,278,159,437
56,"Belgium",4,"Median","60",2070,309,174,484
56,"Belgium",4,"Median","61",2070,348,199,547
56,"Belgium",4,"Median","62",2070,383,225,608
56,"Belgium",4,"Median","63",2070,396,234,630
56,"Belgium",4,"Median","64",2070,405,234,639
56,"Belgium",4,"Median","65",2070,423,238,661
56,"Belgium",4,"Median","66",2070,433,236,669
56,"Belgium",4,"Median","67",2070,443,236,679
56,"Belgium",4,"Median","68",2070,462,247,709
56,"Belgium",4,"Median","69",2070,491,270,761
56,"Belgium",4,"Median","70",2070,507,287,794
56,"Belgium",4,"Median","71",2070,536,310,846
56,"Belgium",4,"Median","72",2070,592,347,939
56,"Belgium",4,"Median","73",2070,667,396,1064
56,"Belgium",4,"Median","74",2070,717,433,1150
56,"Belgium",4,"Median","75",2070,769,467,1236
56,"Belgium",4,"Median","76",2070,855,520,1375
56,"Belgium",4,"Median","77",2070,962,603,1564
56,"Belgium",4,"Median","78",2070,1070,697,1767
56,"Belgium",4,"Median","79",2070,1187,802,1989
56,"Belgium",4,"Median","80",2070,1306,908,2214
56,"Belgium",4,"Median","81",2070,1472,1051,2523
56,"Belgium",4,"Median","82",2070,1645,1217,2862
56,"Belgium",4,"Median","83",2070,1817,1401,3218
56,"Belgium",4,"Median","84",2070,2040,1642,3682
56,"Belgium",4,"Median","85",2070,2292,1909,4201
56,"Belgium",4,"Median","86",2070,2602,2228,4829
56,"Belgium",4,"Median","87",2070,2895,2580,5475
56,"Belgium",4,"Median","88",2070,3206,2998,6204
56,"Belgium",4,"Median","89",2070,3425,3376,6801
56,"Belgium",4,"Median","90",2070,3568,3654,7222
56,"Belgium",4,"Median","91",2070,3620,3836,7456
56,"Belgium",4,"Median","92",2070,3595,3985,7579
56,"Belgium",4,"Median","93",2070,3454,3998,7452
56,"Belgium",4,"Median","94",2070,3219,3932,7151
56,"Belgium",4,"Median","95",2070,2962,3829,6792
56,"Belgium",4,"Median","96",2070,2639,3583,6222
56,"Belgium",4,"Median","97",2070,2253,3237,5490
56,"Belgium",4,"Median","98",2070,1850,2832,4683
56,"Belgium",4,"Median","99",2070,1440,2316,3756
56,"Belgium",4,"Median","100",2070,411,598,1009
56,"Belgium",4,"Median","101",2070,373,571,944
56,"Belgium",4,"Median","102",2070,338,545,883
56,"Belgium",4,"Median","103",2070,307,520,827
56,"Belgium",4,"Median","104",2070,278,497,775
56,"Belgium",4,"Median","105",2070,253,474,727
56,"Belgium",4,"Median","106",2070,229,453,682
56,"Belgium",4,"Median","107",2070,208,433,641
56,"Belgium",4,"Median","108",2070,188,413,601
56,"Belgium",4,"Median","109",2070,171,394,565
56,"Belgium",4,"Median","110",2070,155,377,532
56,"Belgium",4,"Median","0",2071,59,42,101
56,"Belgium",4,"Median","1",2071,6,5,12
56,"Belgium",4,"Median","2",2071,2,2,3
56,"Belgium",4,"Median","3",2071,1,1,3
56,"Belgium",4,"Median","4",2071,1,1,3
56,"Belgium",4,"Median","5",2071,1,1,3
56,"Belgium",4,"Median","6",2071,1,1,3
56,"Belgium",4,"Median","7",2071,1,1,2
56,"Belgium",4,"Median","8",2071,1,1,2
56,"Belgium",4,"Median","9",2071,1,1,2
56,"Belgium",4,"Median","10",2071,1,1,2
56,"Belgium",4,"Median","11",2071,2,1,2
56,"Belgium",4,"Median","12",2071,2,1,3
56,"Belgium",4,"Median","13",2071,2,1,3
56,"Belgium",4,"Median","14",2071,2,1,3
56,"Belgium",4,"Median","15",2071,3,2,4
56,"Belgium",4,"Median","16",2071,4,2,6
56,"Belgium",4,"Median","17",2071,5,3,9
56,"Belgium",4,"Median","18",2071,8,4,12
56,"Belgium",4,"Median","19",2071,10,4,14
56,"Belgium",4,"Median","20",2071,12,4,16
56,"Belgium",4,"Median","21",2071,13,5,17
56,"Belgium",4,"Median","22",2071,14,5,19
56,"Belgium",4,"Median","23",2071,15,6,21
56,"Belgium",4,"Median","24",2071,16,6,21
56,"Belgium",4,"Median","25",2071,16,6,22
56,"Belgium",4,"Median","26",2071,17,6,23
56,"Belgium",4,"Median","27",2071,18,7,25
56,"Belgium",4,"Median","28",2071,18,7,26
56,"Belgium",4,"Median","29",2071,20,8,28
56,"Belgium",4,"Median","30",2071,22,9,31
56,"Belgium",4,"Median","31",2071,24,10,34
56,"Belgium",4,"Median","32",2071,24,11,35
56,"Belgium",4,"Median","33",2071,23,12,35
56,"Belgium",4,"Median","34",2071,23,12,35
56,"Belgium",4,"Median","35",2071,26,13,39
56,"Belgium",4,"Median","36",2071,29,15,44
56,"Belgium",4,"Median","37",2071,31,15,45
56,"Belgium",4,"Median","38",2071,32,15,47
56,"Belgium",4,"Median","39",2071,33,17,50
56,"Belgium",4,"Median","40",2071,34,20,54
56,"Belgium",4,"Median","41",2071,36,22,58
56,"Belgium",4,"Median","42",2071,40,23,63
56,"Belgium",4,"Median","43",2071,48,25,74
56,"Belgium",4,"Median","44",2071,54,30,84
56,"Belgium",4,"Median","45",2071,57,35,92
56,"Belgium",4,"Median","46",2071,61,37,98
56,"Belgium",4,"Median","47",2071,66,40,106
56,"Belgium",4,"Median","48",2071,76,47,123
56,"Belgium",4,"Median","49",2071,88,56,144
56,"Belgium",4,"Median","50",2071,96,60,156
56,"Belgium",4,"Median","51",2071,105,63,169
56,"Belgium",4,"Median","52",2071,118,73,191
56,"Belgium",4,"Median","53",2071,132,84,217
56,"Belgium",4,"Median","54",2071,148,91,239
56,"Belgium",4,"Median","55",2071,166,99,265
56,"Belgium",4,"Median","56",2071,190,111,302
56,"Belgium",4,"Median","57",2071,217,126,342
56,"Belgium",4,"Median","58",2071,243,141,384
56,"Belgium",4,"Median","59",2071,271,154,425
56,"Belgium",4,"Median","60",2071,304,171,474
56,"Belgium",4,"Median","61",2071,343,197,540
56,"Belgium",4,"Median","62",2071,381,222,604
56,"Belgium",4,"Median","63",2071,398,232,630
56,"Belgium",4,"Median","64",2071,407,235,642
56,"Belgium",4,"Median","65",2071,427,241,668
56,"Belgium",4,"Median","66",2071,440,238,677
56,"Belgium",4,"Median","67",2071,449,237,686
56,"Belgium",4,"Median","68",2071,459,244,704
56,"Belgium",4,"Median","69",2071,481,262,742
56,"Belgium",4,"Median","70",2071,500,280,780
56,"Belgium",4,"Median","71",2071,531,302,834
56,"Belgium",4,"Median","72",2071,578,333,910
56,"Belgium",4,"Median","73",2071,649,379,1028
56,"Belgium",4,"Median","74",2071,699,419,1119
56,"Belgium",4,"Median","75",2071,747,452,1200
56,"Belgium",4,"Median","76",2071,823,493,1316
56,"Belgium",4,"Median","77",2071,917,566,1483
56,"Belgium",4,"Median","78",2071,1027,665,1693
56,"Belgium",4,"Median","79",2071,1161,777,1938
56,"Belgium",4,"Median","80",2071,1295,893,2188
56,"Belgium",4,"Median","81",2071,1461,1034,2495
56,"Belgium",4,"Median","82",2071,1639,1201,2840
56,"Belgium",4,"Median","83",2071,1810,1388,3198
56,"Belgium",4,"Median","84",2071,2037,1628,3665
56,"Belgium",4,"Median","85",2071,2287,1887,4174
56,"Belgium",4,"Median","86",2071,2569,2193,4762
56,"Belgium",4,"Median","87",2071,2844,2526,5370
56,"Belgium",4,"Median","88",2071,3141,2929,6069
56,"Belgium",4,"Median","89",2071,3384,3310,6695
56,"Belgium",4,"Median","90",2071,3569,3652,7222
56,"Belgium",4,"Median","91",2071,3675,3893,7568
56,"Belgium",4,"Median","92",2071,3665,4025,7690
56,"Belgium",4,"Median","93",2071,3513,4070,7584
56,"Belgium",4,"Median","94",2071,3286,4018,7304
56,"Belgium",4,"Median","95",2071,2974,3844,6818
56,"Belgium",4,"Median","96",2071,2608,3546,6154
56,"Belgium",4,"Median","97",2071,2239,3193,5432
56,"Belgium",4,"Median","98",2071,1847,2798,4645
56,"Belgium",4,"Median","99",2071,1446,2330,3776
56,"Belgium",4,"Median","100",2071,425,617,1042
56,"Belgium",4,"Median","101",2071,384,588,972
56,"Belgium",4,"Median","102",2071,348,560,908
56,"Belgium",4,"Median","103",2071,315,534,849
56,"Belgium",4,"Median","104",2071,285,508,793
56,"Belgium",4,"Median","105",2071,258,484,742
56,"Belgium",4,"Median","106",2071,234,462,696
56,"Belgium",4,"Median","107",2071,212,440,652
56,"Belgium",4,"Median","108",2071,192,419,611
56,"Belgium",4,"Median","109",2071,173,399,572
56,"Belgium",4,"Median","110",2071,157,380,537
56,"Belgium",4,"Median","0",2072,58,42,100
56,"Belgium",4,"Median","1",2072,6,5,11
56,"Belgium",4,"Median","2",2072,2,2,3
56,"Belgium",4,"Median","3",2072,1,1,3
56,"Belgium",4,"Median","4",2072,1,1,3
56,"Belgium",4,"Median","5",2072,1,1,3
56,"Belgium",4,"Median","6",2072,1,1,2
56,"Belgium",4,"Median","7",2072,1,1,2
56,"Belgium",4,"Median","8",2072,1,1,2
56,"Belgium",4,"Median","9",2072,1,1,2
56,"Belgium",4,"Median","10",2072,1,1,2
56,"Belgium",4,"Median","11",2072,2,1,2
56,"Belgium",4,"Median","12",2072,2,1,3
56,"Belgium",4,"Median","13",2072,2,1,3
56,"Belgium",4,"Median","14",2072,2,1,3
56,"Belgium",4,"Median","15",2072,3,2,4
56,"Belgium",4,"Median","16",2072,3,2,6
56,"Belgium",4,"Median","17",2072,5,3,8
56,"Belgium",4,"Median","18",2072,7,4,12
56,"Belgium",4,"Median","19",2072,10,4,14
56,"Belgium",4,"Median","20",2072,12,4,15
56,"Belgium",4,"Median","21",2072,13,4,17
56,"Belgium",4,"Median","22",2072,14,5,19
56,"Belgium",4,"Median","23",2072,15,5,21
56,"Belgium",4,"Median","24",2072,15,6,21
56,"Belgium",4,"Median","25",2072,16,6,21
56,"Belgium",4,"Median","26",2072,17,6,23
56,"Belgium",4,"Median","27",2072,18,7,24
56,"Belgium",4,"Median","28",2072,18,7,26
56,"Belgium",4,"Median","29",2072,19,8,28
56,"Belgium",4,"Median","30",2072,22,9,31
56,"Belgium",4,"Median","31",2072,24,10,34
56,"Belgium",4,"Median","32",2072,24,11,35
56,"Belgium",4,"Median","33",2072,23,12,35
56,"Belgium",4,"Median","34",2072,23,12,35
56,"Belgium",4,"Median","35",2072,26,13,39
56,"Belgium",4,"Median","36",2072,29,15,44
56,"Belgium",4,"Median","37",2072,31,15,45
56,"Belgium",4,"Median","38",2072,32,15,46
56,"Belgium",4,"Median","39",2072,33,16,49
56,"Belgium",4,"Median","40",2072,34,19,53
56,"Belgium",4,"Median","41",2072,36,21,57
56,"Belgium",4,"Median","42",2072,40,22,62
56,"Belgium",4,"Median","43",2072,48,25,72
56,"Belgium",4,"Median","44",2072,53,29,82
56,"Belgium",4,"Median","45",2072,56,34,90
56,"Belgium",4,"Median","46",2072,60,37,97
56,"Belgium",4,"Median","47",2072,65,39,104
56,"Belgium",4,"Median","48",2072,71,44,115
56,"Belgium",4,"Median","49",2072,82,52,134
56,"Belgium",4,"Median","50",2072,95,59,154
56,"Belgium",4,"Median","51",2072,104,62,166
56,"Belgium",4,"Median","52",2072,115,71,186
56,"Belgium",4,"Median","53",2072,129,82,211
56,"Belgium",4,"Median","54",2072,144,88,232
56,"Belgium",4,"Median","55",2072,162,96,258
56,"Belgium",4,"Median","56",2072,185,108,293
56,"Belgium",4,"Median","57",2072,212,122,334
56,"Belgium",4,"Median","58",2072,239,136,375
56,"Belgium",4,"Median","59",2072,265,149,414
56,"Belgium",4,"Median","60",2072,297,166,463
56,"Belgium",4,"Median","61",2072,338,193,531
56,"Belgium",4,"Median","62",2072,377,220,597
56,"Belgium",4,"Median","63",2072,398,230,628
56,"Belgium",4,"Median","64",2072,411,234,645
56,"Belgium",4,"Median","65",2072,431,243,674
56,"Belgium",4,"Median","66",2072,445,242,687
56,"Belgium",4,"Median","67",2072,457,240,697
56,"Belgium",4,"Median","68",2072,466,246,713
56,"Belgium",4,"Median","69",2072,480,259,739
56,"Belgium",4,"Median","70",2072,492,272,764
56,"Belgium",4,"Median","71",2072,526,297,823
56,"Belgium",4,"Median","72",2072,575,326,901
56,"Belgium",4,"Median","73",2072,636,365,1001
56,"Belgium",4,"Median","74",2072,683,403,1086
56,"Belgium",4,"Median","75",2072,732,439,1171
56,"Belgium",4,"Median","76",2072,803,480,1283
56,"Belgium",4,"Median","77",2072,886,540,1425
56,"Belgium",4,"Median","78",2072,984,628,1611
56,"Belgium",4,"Median","79",2072,1120,745,1865
56,"Belgium",4,"Median","80",2072,1274,868,2142
56,"Belgium",4,"Median","81",2072,1456,1022,2478
56,"Belgium",4,"Median","82",2072,1635,1187,2822
56,"Belgium",4,"Median","83",2072,1811,1376,3187
56,"Belgium",4,"Median","84",2072,2038,1621,3660
56,"Belgium",4,"Median","85",2072,2295,1880,4175
56,"Belgium",4,"Median","86",2072,2575,2179,4754
56,"Belgium",4,"Median","87",2072,2821,2497,5318
56,"Belgium",4,"Median","88",2072,3099,2880,5979
56,"Belgium",4,"Median","89",2072,3329,3248,6577
56,"Belgium",4,"Median","90",2072,3541,3597,7137
56,"Belgium",4,"Median","91",2072,3691,3908,7599
56,"Belgium",4,"Median","92",2072,3736,4102,7838
56,"Belgium",4,"Median","93",2072,3596,4127,7723
56,"Belgium",4,"Median","94",2072,3355,4106,7461
56,"Belgium",4,"Median","95",2072,3047,3944,6991
56,"Belgium",4,"Median","96",2072,2627,3573,6200
56,"Belgium",4,"Median","97",2072,2219,3171,5391
56,"Belgium",4,"Median","98",2072,1841,2769,4610
56,"Belgium",4,"Median","99",2072,1448,2308,3756
56,"Belgium",4,"Median","100",2072,434,632,1066
56,"Belgium",4,"Median","101",2072,393,601,994
56,"Belgium",4,"Median","102",2072,355,572,927
56,"Belgium",4,"Median","103",2072,321,545,866
56,"Belgium",4,"Median","104",2072,291,519,810
56,"Belgium",4,"Median","105",2072,263,493,756
56,"Belgium",4,"Median","106",2072,238,470,708
56,"Belgium",4,"Median","107",2072,215,447,662
56,"Belgium",4,"Median","108",2072,195,425,620
56,"Belgium",4,"Median","109",2072,176,405,581
56,"Belgium",4,"Median","110",2072,159,385,544
56,"Belgium",4,"Median","0",2073,58,41,99
56,"Belgium",4,"Median","1",2073,6,5,11
56,"Belgium",4,"Median","2",2073,2,2,3
56,"Belgium",4,"Median","3",2073,1,1,3
56,"Belgium",4,"Median","4",2073,1,1,3
56,"Belgium",4,"Median","5",2073,1,1,3
56,"Belgium",4,"Median","6",2073,1,1,2
56,"Belgium",4,"Median","7",2073,1,1,2
56,"Belgium",4,"Median","8",2073,1,1,2
56,"Belgium",4,"Median","9",2073,1,1,2
56,"Belgium",4,"Median","10",2073,1,1,2
56,"Belgium",4,"Median","11",2073,2,1,2
56,"Belgium",4,"Median","12",2073,2,1,3
56,"Belgium",4,"Median","13",2073,2,1,3
56,"Belgium",4,"Median","14",2073,2,1,3
56,"Belgium",4,"Median","15",2073,2,2,4
56,"Belgium",4,"Median","16",2073,3,2,5
56,"Belgium",4,"Median","17",2073,5,3,8
56,"Belgium",4,"Median","18",2073,7,4,11
56,"Belgium",4,"Median","19",2073,10,4,13
56,"Belgium",4,"Median","20",2073,11,4,15
56,"Belgium",4,"Median","21",2073,12,4,17
56,"Belgium",4,"Median","22",2073,13,5,18
56,"Belgium",4,"Median","23",2073,15,5,20
56,"Belgium",4,"Median","24",2073,15,6,21
56,"Belgium",4,"Median","25",2073,15,6,21
56,"Belgium",4,"Median","26",2073,16,6,22
56,"Belgium",4,"Median","27",2073,17,6,24
56,"Belgium",4,"Median","28",2073,18,7,25
56,"Belgium",4,"Median","29",2073,19,8,27
56,"Belgium",4,"Median","30",2073,21,9,30
56,"Belgium",4,"Median","31",2073,24,10,34
56,"Belgium",4,"Median","32",2073,24,11,35
56,"Belgium",4,"Median","33",2073,23,11,34
56,"Belgium",4,"Median","34",2073,23,12,35
56,"Belgium",4,"Median","35",2073,25,13,39
56,"Belgium",4,"Median","36",2073,29,15,43
56,"Belgium",4,"Median","37",2073,30,14,45
56,"Belgium",4,"Median","38",2073,32,14,46
56,"Belgium",4,"Median","39",2073,32,16,49
56,"Belgium",4,"Median","40",2073,34,19,53
56,"Belgium",4,"Median","41",2073,36,21,56
56,"Belgium",4,"Median","42",2073,39,22,61
56,"Belgium",4,"Median","43",2073,47,24,71
56,"Belgium",4,"Median","44",2073,53,29,81
56,"Belgium",4,"Median","45",2073,55,33,89
56,"Belgium",4,"Median","46",2073,59,36,95
56,"Belgium",4,"Median","47",2073,64,38,102
56,"Belgium",4,"Median","48",2073,70,43,113
56,"Belgium",4,"Median","49",2073,77,49,126
56,"Belgium",4,"Median","50",2073,88,54,143
56,"Belgium",4,"Median","51",2073,103,61,164
56,"Belgium",4,"Median","52",2073,114,69,183
56,"Belgium",4,"Median","53",2073,126,79,205
56,"Belgium",4,"Median","54",2073,141,86,227
56,"Belgium",4,"Median","55",2073,158,93,251
56,"Belgium",4,"Median","56",2073,180,105,285
56,"Belgium",4,"Median","57",2073,206,119,324
56,"Belgium",4,"Median","58",2073,232,133,365
56,"Belgium",4,"Median","59",2073,259,145,404
56,"Belgium",4,"Median","60",2073,289,161,450
56,"Belgium",4,"Median","61",2073,330,188,517
56,"Belgium",4,"Median","62",2073,371,216,587
56,"Belgium",4,"Median","63",2073,393,228,621
56,"Belgium",4,"Median","64",2073,409,232,641
56,"Belgium",4,"Median","65",2073,434,242,675
56,"Belgium",4,"Median","66",2073,448,243,691
56,"Belgium",4,"Median","67",2073,462,243,705
56,"Belgium",4,"Median","68",2073,474,249,723
56,"Belgium",4,"Median","69",2073,486,262,748
56,"Belgium",4,"Median","70",2073,490,270,759
56,"Belgium",4,"Median","71",2073,516,289,804
56,"Belgium",4,"Median","72",2073,568,320,888
56,"Belgium",4,"Median","73",2073,632,358,990
56,"Belgium",4,"Median","74",2073,667,388,1055
56,"Belgium",4,"Median","75",2073,713,422,1135
56,"Belgium",4,"Median","76",2073,784,466,1251
56,"Belgium",4,"Median","77",2073,862,525,1388
56,"Belgium",4,"Median","78",2073,949,598,1547
56,"Belgium",4,"Median","79",2073,1071,703,1774
56,"Belgium",4,"Median","80",2073,1227,833,2060
56,"Belgium",4,"Median","81",2073,1430,995,2425
56,"Belgium",4,"Median","82",2073,1628,1174,2802
56,"Belgium",4,"Median","83",2073,1804,1362,3167
56,"Belgium",4,"Median","84",2073,2039,1609,3648
56,"Belgium",4,"Median","85",2073,2295,1875,4170
56,"Belgium",4,"Median","86",2073,2584,2174,4758
56,"Belgium",4,"Median","87",2073,2828,2485,5313
56,"Belgium",4,"Median","88",2073,3075,2853,5928
56,"Belgium",4,"Median","89",2073,3285,3199,6485
56,"Belgium",4,"Median","90",2073,3484,3535,7019
56,"Belgium",4,"Median","91",2073,3664,3855,7520
56,"Belgium",4,"Median","92",2073,3755,4127,7882
56,"Belgium",4,"Median","93",2073,3668,4215,7884
56,"Belgium",4,"Median","94",2073,3437,4173,7610
56,"Belgium",4,"Median","95",2073,3115,4040,7155
56,"Belgium",4,"Median","96",2073,2695,3673,6368
56,"Belgium",4,"Median","97",2073,2238,3202,5440
56,"Belgium",4,"Median","98",2073,1827,2756,4584
56,"Belgium",4,"Median","99",2073,1445,2289,3734
56,"Belgium",4,"Median","100",2073,439,636,1075
56,"Belgium",4,"Median","101",2073,397,606,1003
56,"Belgium",4,"Median","102",2073,360,577,937
56,"Belgium",4,"Median","103",2073,326,550,876
56,"Belgium",4,"Median","104",2073,295,524,819
56,"Belgium",4,"Median","105",2073,267,499,766
56,"Belgium",4,"Median","106",2073,242,476,718
56,"Belgium",4,"Median","107",2073,219,453,672
56,"Belgium",4,"Median","108",2073,198,432,630
56,"Belgium",4,"Median","109",2073,179,412,591
56,"Belgium",4,"Median","110",2073,162,392,554
56,"Belgium",4,"Median","0",2074,57,40,98
56,"Belgium",4,"Median","1",2074,6,5,11
56,"Belgium",4,"Median","2",2074,2,2,3
56,"Belgium",4,"Median","3",2074,1,1,3
56,"Belgium",4,"Median","4",2074,1,1,3
56,"Belgium",4,"Median","5",2074,1,1,3
56,"Belgium",4,"Median","6",2074,1,1,2
56,"Belgium",4,"Median","7",2074,1,1,2
56,"Belgium",4,"Median","8",2074,1,1,2
56,"Belgium",4,"Median","9",2074,1,1,2
56,"Belgium",4,"Median","10",2074,1,1,2
56,"Belgium",4,"Median","11",2074,2,1,2
56,"Belgium",4,"Median","12",2074,2,1,3
56,"Belgium",4,"Median","13",2074,2,1,3
56,"Belgium",4,"Median","14",2074,2,1,3
56,"Belgium",4,"Median","15",2074,2,2,4
56,"Belgium",4,"Median","16",2074,3,2,5
56,"Belgium",4,"Median","17",2074,5,3,8
56,"Belgium",4,"Median","18",2074,7,4,11
56,"Belgium",4,"Median","19",2074,9,4,13
56,"Belgium",4,"Median","20",2074,11,3,15
56,"Belgium",4,"Median","21",2074,12,4,16
56,"Belgium",4,"Median","22",2074,13,5,18
56,"Belgium",4,"Median","23",2074,14,5,20
56,"Belgium",4,"Median","24",2074,15,5,20
56,"Belgium",4,"Median","25",2074,15,6,21
56,"Belgium",4,"Median","26",2074,16,6,22
56,"Belgium",4,"Median","27",2074,17,6,23
56,"Belgium",4,"Median","28",2074,18,7,25
56,"Belgium",4,"Median","29",2074,19,8,27
56,"Belgium",4,"Median","30",2074,21,9,30
56,"Belgium",4,"Median","31",2074,23,10,33
56,"Belgium",4,"Median","32",2074,23,11,34
56,"Belgium",4,"Median","33",2074,23,11,34
56,"Belgium",4,"Median","34",2074,23,11,34
56,"Belgium",4,"Median","35",2074,25,13,38
56,"Belgium",4,"Median","36",2074,29,15,43
56,"Belgium",4,"Median","37",2074,30,14,45
56,"Belgium",4,"Median","38",2074,32,14,46
56,"Belgium",4,"Median","39",2074,32,16,48
56,"Belgium",4,"Median","40",2074,34,19,53
56,"Belgium",4,"Median","41",2074,35,21,56
56,"Belgium",4,"Median","42",2074,39,22,60
56,"Belgium",4,"Median","43",2074,47,24,70
56,"Belgium",4,"Median","44",2074,52,28,80
56,"Belgium",4,"Median","45",2074,55,33,88
56,"Belgium",4,"Median","46",2074,58,35,93
56,"Belgium",4,"Median","47",2074,63,37,101
56,"Belgium",4,"Median","48",2074,69,42,112
56,"Belgium",4,"Median","49",2074,76,48,124
56,"Belgium",4,"Median","50",2074,83,51,134
56,"Belgium",4,"Median","51",2074,96,57,152
56,"Belgium",4,"Median","52",2074,112,68,180
56,"Belgium",4,"Median","53",2074,124,78,203
56,"Belgium",4,"Median","54",2074,137,83,220
56,"Belgium",4,"Median","55",2074,154,91,245
56,"Belgium",4,"Median","56",2074,176,102,278
56,"Belgium",4,"Median","57",2074,201,116,316
56,"Belgium",4,"Median","58",2074,226,129,355
56,"Belgium",4,"Median","59",2074,253,141,394
56,"Belgium",4,"Median","60",2074,283,157,440
56,"Belgium",4,"Median","61",2074,322,183,504
56,"Belgium",4,"Median","62",2074,363,211,574
56,"Belgium",4,"Median","63",2074,387,224,611
56,"Belgium",4,"Median","64",2074,405,230,635
56,"Belgium",4,"Median","65",2074,433,240,673
56,"Belgium",4,"Median","66",2074,452,243,694
56,"Belgium",4,"Median","67",2074,465,246,711
56,"Belgium",4,"Median","68",2074,480,253,733
56,"Belgium",4,"Median","69",2074,495,265,760
56,"Belgium",4,"Median","70",2074,497,273,770
56,"Belgium",4,"Median","71",2074,515,287,802
56,"Belgium",4,"Median","72",2074,558,312,871
56,"Belgium",4,"Median","73",2074,626,353,979
56,"Belgium",4,"Median","74",2074,665,382,1047
56,"Belgium",4,"Median","75",2074,698,408,1106
56,"Belgium",4,"Median","76",2074,766,450,1216
56,"Belgium",4,"Median","77",2074,845,512,1357
56,"Belgium",4,"Median","78",2074,926,585,1511
56,"Belgium",4,"Median","79",2074,1036,673,1709
56,"Belgium",4,"Median","80",2074,1176,790,1966
56,"Belgium",4,"Median","81",2074,1382,959,2341
56,"Belgium",4,"Median","82",2074,1604,1149,2752
56,"Belgium",4,"Median","83",2074,1802,1353,3155
56,"Belgium",4,"Median","84",2074,2038,1601,3639
56,"Belgium",4,"Median","85",2074,2303,1870,4172
56,"Belgium",4,"Median","86",2074,2592,2179,4771
56,"Belgium",4,"Median","87",2074,2845,2491,5336
56,"Belgium",4,"Median","88",2074,3091,2852,5943
56,"Belgium",4,"Median","89",2074,3269,3183,6451
56,"Belgium",4,"Median","90",2074,3448,3496,6944
56,"Belgium",4,"Median","91",2074,3616,3805,7420
56,"Belgium",4,"Median","92",2074,3739,4088,7826
56,"Belgium",4,"Median","93",2074,3698,4256,7953
56,"Belgium",4,"Median","94",2074,3516,4277,7793
56,"Belgium",4,"Median","95",2074,3200,4120,7321
56,"Belgium",4,"Median","96",2074,2762,3775,6537
56,"Belgium",4,"Median","97",2074,2302,3302,5604
56,"Belgium",4,"Median","98",2074,1847,2791,4639
56,"Belgium",4,"Median","99",2074,1437,2285,3723
56,"Belgium",4,"Median","100",2074,438,631,1069
56,"Belgium",4,"Median","101",2074,398,603,1001
56,"Belgium",4,"Median","102",2074,361,577,938
56,"Belgium",4,"Median","103",2074,328,551,879
56,"Belgium",4,"Median","104",2074,298,527,825
56,"Belgium",4,"Median","105",2074,270,503,773
56,"Belgium",4,"Median","106",2074,245,481,726
56,"Belgium",4,"Median","107",2074,223,460,683
56,"Belgium",4,"Median","108",2074,202,440,642
56,"Belgium",4,"Median","109",2074,183,420,603
56,"Belgium",4,"Median","110",2074,166,402,568
56,"Belgium",4,"Median","0",2075,56,39,96
56,"Belgium",4,"Median","1",2075,6,5,11
56,"Belgium",4,"Median","2",2075,2,2,3
56,"Belgium",4,"Median","3",2075,1,1,3
56,"Belgium",4,"Median","4",2075,1,1,3
56,"Belgium",4,"Median","5",2075,1,1,2
56,"Belgium",4,"Median","6",2075,1,1,2
56,"Belgium",4,"Median","7",2075,1,1,2
56,"Belgium",4,"Median","8",2075,1,1,2
56,"Belgium",4,"Median","9",2075,1,1,2
56,"Belgium",4,"Median","10",2075,1,1,2
56,"Belgium",4,"Median","11",2075,2,1,2
56,"Belgium",4,"Median","12",2075,2,1,3
56,"Belgium",4,"Median","13",2075,2,1,3
56,"Belgium",4,"Median","14",2075,2,1,3
56,"Belgium",4,"Median","15",2075,2,2,4
56,"Belgium",4,"Median","16",2075,3,2,5
56,"Belgium",4,"Median","17",2075,5,3,8
56,"Belgium",4,"Median","18",2075,7,4,11
56,"Belgium",4,"Median","19",2075,9,4,13
56,"Belgium",4,"Median","20",2075,11,3,14
56,"Belgium",4,"Median","21",2075,12,4,16
56,"Belgium",4,"Median","22",2075,13,5,18
56,"Belgium",4,"Median","23",2075,14,5,19
56,"Belgium",4,"Median","24",2075,14,5,20
56,"Belgium",4,"Median","25",2075,15,5,20
56,"Belgium",4,"Median","26",2075,16,6,21
56,"Belgium",4,"Median","27",2075,17,6,23
56,"Belgium",4,"Median","28",2075,17,7,24
56,"Belgium",4,"Median","29",2075,18,8,26
56,"Belgium",4,"Median","30",2075,21,9,29
56,"Belgium",4,"Median","31",2075,23,10,33
56,"Belgium",4,"Median","32",2075,23,11,34
56,"Belgium",4,"Median","33",2075,22,11,34
56,"Belgium",4,"Median","34",2075,23,11,34
56,"Belgium",4,"Median","35",2075,25,13,38
56,"Belgium",4,"Median","36",2075,28,14,43
56,"Belgium",4,"Median","37",2075,30,14,44
56,"Belgium",4,"Median","38",2075,31,14,45
56,"Belgium",4,"Median","39",2075,32,16,48
56,"Belgium",4,"Median","40",2075,33,19,52
56,"Belgium",4,"Median","41",2075,35,20,55
56,"Belgium",4,"Median","42",2075,38,21,60
56,"Belgium",4,"Median","43",2075,46,23,70
56,"Belgium",4,"Median","44",2075,51,28,79
56,"Belgium",4,"Median","45",2075,54,32,86
56,"Belgium",4,"Median","46",2075,57,34,92
56,"Belgium",4,"Median","47",2075,62,37,99
56,"Belgium",4,"Median","48",2075,68,41,109
56,"Belgium",4,"Median","49",2075,75,47,122
56,"Belgium",4,"Median","50",2075,82,50,132
56,"Belgium",4,"Median","51",2075,90,53,143
56,"Belgium",4,"Median","52",2075,104,63,167
56,"Belgium",4,"Median","53",2075,123,76,199
56,"Belgium",4,"Median","54",2075,135,82,217
56,"Belgium",4,"Median","55",2075,150,88,238
56,"Belgium",4,"Median","56",2075,171,99,271
56,"Belgium",4,"Median","57",2075,195,112,307
56,"Belgium",4,"Median","58",2075,220,125,345
56,"Belgium",4,"Median","59",2075,246,137,382
56,"Belgium",4,"Median","60",2075,276,152,428
56,"Belgium",4,"Median","61",2075,315,177,491
56,"Belgium",4,"Median","62",2075,353,204,557
56,"Belgium",4,"Median","63",2075,377,218,595
56,"Belgium",4,"Median","64",2075,398,225,623
56,"Belgium",4,"Median","65",2075,427,236,664
56,"Belgium",4,"Median","66",2075,450,240,689
56,"Belgium",4,"Median","67",2075,468,244,712
56,"Belgium",4,"Median","68",2075,482,254,736
56,"Belgium",4,"Median","69",2075,500,268,768
56,"Belgium",4,"Median","70",2075,505,274,779
56,"Belgium",4,"Median","71",2075,521,288,809
56,"Belgium",4,"Median","72",2075,556,308,864
56,"Belgium",4,"Median","73",2075,614,342,956
56,"Belgium",4,"Median","74",2075,657,373,1030
56,"Belgium",4,"Median","75",2075,694,399,1092
56,"Belgium",4,"Median","76",2075,748,431,1180
56,"Belgium",4,"Median","77",2075,823,490,1314
56,"Belgium",4,"Median","78",2075,906,566,1472
56,"Belgium",4,"Median","79",2075,1010,653,1663
56,"Belgium",4,"Median","80",2075,1136,751,1886
56,"Belgium",4,"Median","81",2075,1323,903,2227
56,"Belgium",4,"Median","82",2075,1548,1100,2648
56,"Belgium",4,"Median","83",2075,1773,1315,3089
56,"Belgium",4,"Median","84",2075,2034,1581,3615
56,"Belgium",4,"Median","85",2075,2300,1850,4151
56,"Belgium",4,"Median","86",2075,2600,2163,4763
56,"Belgium",4,"Median","87",2075,2854,2486,5340
56,"Belgium",4,"Median","88",2075,3111,2849,5960
56,"Belgium",4,"Median","89",2075,3287,3170,6457
56,"Belgium",4,"Median","90",2075,3432,3468,6899
56,"Belgium",4,"Median","91",2075,3581,3754,7335
56,"Belgium",4,"Median","92",2075,3692,4027,7719
56,"Belgium",4,"Median","93",2075,3684,4209,7893
56,"Belgium",4,"Median","94",2075,3548,4314,7861
56,"Belgium",4,"Median","95",2075,3278,4222,7500
56,"Belgium",4,"Median","96",2075,2841,3849,6689
56,"Belgium",4,"Median","97",2075,2361,3394,5755
56,"Belgium",4,"Median","98",2075,1902,2880,4782
56,"Belgium",4,"Median","99",2075,1455,2316,3771
56,"Belgium",4,"Median","100",2075,433,619,1052
56,"Belgium",4,"Median","101",2075,395,595,990
56,"Belgium",4,"Median","102",2075,360,571,931
56,"Belgium",4,"Median","103",2075,328,549,877
56,"Belgium",4,"Median","104",2075,299,527,826
56,"Belgium",4,"Median","105",2075,273,506,779
56,"Belgium",4,"Median","106",2075,249,486,735
56,"Belgium",4,"Median","107",2075,227,467,694
56,"Belgium",4,"Median","108",2075,207,449,656
56,"Belgium",4,"Median","109",2075,188,431,619
56,"Belgium",4,"Median","110",2075,172,414,586
56,"Belgium",4,"Median","0",2076,56,39,94
56,"Belgium",4,"Median","1",2076,6,5,11
56,"Belgium",4,"Median","2",2076,2,2,3
56,"Belgium",4,"Median","3",2076,1,1,3
56,"Belgium",4,"Median","4",2076,1,1,2
56,"Belgium",4,"Median","5",2076,1,1,2
56,"Belgium",4,"Median","6",2076,1,1,2
56,"Belgium",4,"Median","7",2076,1,1,2
56,"Belgium",4,"Median","8",2076,1,1,2
56,"Belgium",4,"Median","9",2076,1,1,2
56,"Belgium",4,"Median","10",2076,1,1,2
56,"Belgium",4,"Median","11",2076,1,1,2
56,"Belgium",4,"Median","12",2076,2,1,3
56,"Belgium",4,"Median","13",2076,2,1,3
56,"Belgium",4,"Median","14",2076,2,1,3
56,"Belgium",4,"Median","15",2076,2,1,4
56,"Belgium",4,"Median","16",2076,3,2,5
56,"Belgium",4,"Median","17",2076,5,3,8
56,"Belgium",4,"Median","18",2076,7,4,11
56,"Belgium",4,"Median","19",2076,9,3,12
56,"Belgium",4,"Median","20",2076,11,3,14
56,"Belgium",4,"Median","21",2076,11,4,15
56,"Belgium",4,"Median","22",2076,13,5,17
56,"Belgium",4,"Median","23",2076,14,5,19
56,"Belgium",4,"Median","24",2076,14,5,19
56,"Belgium",4,"Median","25",2076,14,5,20
56,"Belgium",4,"Median","26",2076,15,6,21
56,"Belgium",4,"Median","27",2076,16,6,22
56,"Belgium",4,"Median","28",2076,17,7,24
56,"Belgium",4,"Median","29",2076,18,8,26
56,"Belgium",4,"Median","30",2076,20,8,29
56,"Belgium",4,"Median","31",2076,23,9,32
56,"Belgium",4,"Median","32",2076,23,11,33
56,"Belgium",4,"Median","33",2076,22,11,33
56,"Belgium",4,"Median","34",2076,22,11,34
56,"Belgium",4,"Median","35",2076,25,13,38
56,"Belgium",4,"Median","36",2076,28,14,42
56,"Belgium",4,"Median","37",2076,30,14,44
56,"Belgium",4,"Median","38",2076,31,14,45
56,"Belgium",4,"Median","39",2076,32,16,48
56,"Belgium",4,"Median","40",2076,33,18,52
56,"Belgium",4,"Median","41",2076,35,20,55
56,"Belgium",4,"Median","42",2076,38,21,59
56,"Belgium",4,"Median","43",2076,46,23,69
56,"Belgium",4,"Median","44",2076,51,27,78
56,"Belgium",4,"Median","45",2076,53,32,85
56,"Belgium",4,"Median","46",2076,56,34,90
56,"Belgium",4,"Median","47",2076,61,36,97
56,"Belgium",4,"Median","48",2076,67,41,107
56,"Belgium",4,"Median","49",2076,73,46,119
56,"Belgium",4,"Median","50",2076,81,49,129
56,"Belgium",4,"Median","51",2076,88,52,140
56,"Belgium",4,"Median","52",2076,98,59,157
56,"Belgium",4,"Median","53",2076,114,71,184
56,"Belgium",4,"Median","54",2076,133,80,213
56,"Belgium",4,"Median","55",2076,148,86,234
56,"Belgium",4,"Median","56",2076,167,96,262
56,"Belgium",4,"Median","57",2076,190,109,299
56,"Belgium",4,"Median","58",2076,214,121,336
56,"Belgium",4,"Median","59",2076,239,133,372
56,"Belgium",4,"Median","60",2076,268,148,416
56,"Belgium",4,"Median","61",2076,307,172,479
56,"Belgium",4,"Median","62",2076,346,198,544
56,"Belgium",4,"Median","63",2076,368,211,579
56,"Belgium",4,"Median","64",2076,388,219,607
56,"Belgium",4,"Median","65",2076,420,232,652
56,"Belgium",4,"Median","66",2076,444,236,680
56,"Belgium",4,"Median","67",2076,466,241,707
56,"Belgium",4,"Median","68",2076,485,252,737
56,"Belgium",4,"Median","69",2076,502,269,772
56,"Belgium",4,"Median","70",2076,510,278,788
56,"Belgium",4,"Median","71",2076,529,290,820
56,"Belgium",4,"Median","72",2076,563,310,873
56,"Belgium",4,"Median","73",2076,611,339,950
56,"Belgium",4,"Median","74",2076,644,363,1008
56,"Belgium",4,"Median","75",2076,686,391,1076
56,"Belgium",4,"Median","76",2076,743,423,1166
56,"Belgium",4,"Median","77",2076,805,472,1277
56,"Belgium",4,"Median","78",2076,883,544,1427
56,"Belgium",4,"Median","79",2076,988,635,1623
56,"Belgium",4,"Median","80",2076,1107,732,1839
56,"Belgium",4,"Median","81",2076,1279,863,2141
56,"Belgium",4,"Median","82",2076,1484,1041,2525
56,"Belgium",4,"Median","83",2076,1713,1265,2979
56,"Belgium",4,"Median","84",2076,2004,1545,3549
56,"Belgium",4,"Median","85",2076,2299,1837,4136
56,"Belgium",4,"Median","86",2076,2602,2150,4752
56,"Belgium",4,"Median","87",2076,2867,2478,5345
56,"Belgium",4,"Median","88",2076,3126,2855,5981
56,"Belgium",4,"Median","89",2076,3313,3180,6493
56,"Belgium",4,"Median","90",2076,3457,3469,6925
56,"Belgium",4,"Median","91",2076,3570,3739,7309
56,"Belgium",4,"Median","92",2076,3664,3990,7654
56,"Belgium",4,"Median","93",2076,3645,4162,7808
56,"Belgium",4,"Median","94",2076,3542,4283,7825
56,"Belgium",4,"Median","95",2076,3315,4274,7589
56,"Belgium",4,"Median","96",2076,2915,3957,6872
56,"Belgium",4,"Median","97",2076,2434,3472,5905
56,"Belgium",4,"Median","98",2076,1956,2969,4925
56,"Belgium",4,"Median","99",2076,1501,2396,3897
56,"Belgium",4,"Median","100",2076,428,610,1038
56,"Belgium",4,"Median","101",2076,392,589,981
56,"Belgium",4,"Median","102",2076,359,569,928
56,"Belgium",4,"Median","103",2076,329,549,878
56,"Belgium",4,"Median","104",2076,301,530,831
56,"Belgium",4,"Median","105",2076,276,512,788
56,"Belgium",4,"Median","106",2076,253,494,747
56,"Belgium",4,"Median","107",2076,232,477,709
56,"Belgium",4,"Median","108",2076,212,461,673
56,"Belgium",4,"Median","109",2076,194,445,639
56,"Belgium",4,"Median","110",2076,178,429,607
56,"Belgium",4,"Median","0",2077,55,38,93
56,"Belgium",4,"Median","1",2077,6,5,11
56,"Belgium",4,"Median","2",2077,2,2,3
56,"Belgium",4,"Median","3",2077,1,1,3
56,"Belgium",4,"Median","4",2077,1,1,2
56,"Belgium",4,"Median","5",2077,1,1,2
56,"Belgium",4,"Median","6",2077,1,1,2
56,"Belgium",4,"Median","7",2077,1,1,2
56,"Belgium",4,"Median","8",2077,1,1,2
56,"Belgium",4,"Median","9",2077,1,1,2
56,"Belgium",4,"Median","10",2077,1,1,2
56,"Belgium",4,"Median","11",2077,1,1,2
56,"Belgium",4,"Median","12",2077,2,1,3
56,"Belgium",4,"Median","13",2077,2,1,3
56,"Belgium",4,"Median","14",2077,2,1,3
56,"Belgium",4,"Median","15",2077,2,1,4
56,"Belgium",4,"Median","16",2077,3,2,5
56,"Belgium",4,"Median","17",2077,5,3,7
56,"Belgium",4,"Median","18",2077,7,4,10
56,"Belgium",4,"Median","19",2077,9,3,12
56,"Belgium",4,"Median","20",2077,10,3,14
56,"Belgium",4,"Median","21",2077,11,4,15
56,"Belgium",4,"Median","22",2077,12,4,17
56,"Belgium",4,"Median","23",2077,13,5,18
56,"Belgium",4,"Median","24",2077,14,5,19
56,"Belgium",4,"Median","25",2077,14,5,19
56,"Belgium",4,"Median","26",2077,15,5,20
56,"Belgium",4,"Median","27",2077,16,6,22
56,"Belgium",4,"Median","28",2077,17,7,23
56,"Belgium",4,"Median","29",2077,18,7,25
56,"Belgium",4,"Median","30",2077,20,8,28
56,"Belgium",4,"Median","31",2077,22,9,31
56,"Belgium",4,"Median","32",2077,22,10,33
56,"Belgium",4,"Median","33",2077,22,11,33
56,"Belgium",4,"Median","34",2077,22,11,33
56,"Belgium",4,"Median","35",2077,25,12,37
56,"Belgium",4,"Median","36",2077,28,14,42
56,"Belgium",4,"Median","37",2077,30,14,44
56,"Belgium",4,"Median","38",2077,31,14,45
56,"Belgium",4,"Median","39",2077,32,16,47
56,"Belgium",4,"Median","40",2077,33,18,51
56,"Belgium",4,"Median","41",2077,34,20,54
56,"Belgium",4,"Median","42",2077,38,21,59
56,"Belgium",4,"Median","43",2077,45,23,68
56,"Belgium",4,"Median","44",2077,50,27,77
56,"Belgium",4,"Median","45",2077,53,31,84
56,"Belgium",4,"Median","46",2077,56,33,89
56,"Belgium",4,"Median","47",2077,60,35,95
56,"Belgium",4,"Median","48",2077,66,40,106
56,"Belgium",4,"Median","49",2077,72,45,117
56,"Belgium",4,"Median","50",2077,79,48,127
56,"Belgium",4,"Median","51",2077,87,51,138
56,"Belgium",4,"Median","52",2077,96,58,154
56,"Belgium",4,"Median","53",2077,107,66,173
56,"Belgium",4,"Median","54",2077,124,74,198
56,"Belgium",4,"Median","55",2077,146,85,230
56,"Belgium",4,"Median","56",2077,165,94,259
56,"Belgium",4,"Median","57",2077,185,105,290
56,"Belgium",4,"Median","58",2077,209,118,327
56,"Belgium",4,"Median","59",2077,233,129,361
56,"Belgium",4,"Median","60",2077,262,143,405
56,"Belgium",4,"Median","61",2077,298,167,465
56,"Belgium",4,"Median","62",2077,337,193,530
56,"Belgium",4,"Median","63",2077,360,205,565
56,"Belgium",4,"Median","64",2077,378,212,590
56,"Belgium",4,"Median","65",2077,409,225,634
56,"Belgium",4,"Median","66",2077,436,232,667
56,"Belgium",4,"Median","67",2077,460,238,697
56,"Belgium",4,"Median","68",2077,483,250,732
56,"Belgium",4,"Median","69",2077,505,268,773
56,"Belgium",4,"Median","70",2077,512,279,791
56,"Belgium",4,"Median","71",2077,535,294,829
56,"Belgium",4,"Median","72",2077,572,313,885
56,"Belgium",4,"Median","73",2077,619,342,961
56,"Belgium",4,"Median","74",2077,642,359,1001
56,"Belgium",4,"Median","75",2077,672,380,1053
56,"Belgium",4,"Median","76",2077,735,414,1149
56,"Belgium",4,"Median","77",2077,800,463,1263
56,"Belgium",4,"Median","78",2077,863,524,1387
56,"Belgium",4,"Median","79",2077,964,611,1574
56,"Belgium",4,"Median","80",2077,1084,712,1796
56,"Belgium",4,"Median","81",2077,1248,842,2090
56,"Belgium",4,"Median","82",2077,1435,996,2431
56,"Belgium",4,"Median","83",2077,1644,1199,2842
56,"Belgium",4,"Median","84",2077,1939,1488,3427
56,"Belgium",4,"Median","85",2077,2268,1797,4065
56,"Belgium",4,"Median","86",2077,2604,2138,4742
56,"Belgium",4,"Median","87",2077,2873,2468,5341
56,"Belgium",4,"Median","88",2077,3146,2852,5998
56,"Belgium",4,"Median","89",2077,3334,3193,6527
56,"Belgium",4,"Median","90",2077,3490,3486,6975
56,"Belgium",4,"Median","91",2077,3603,3747,7350
56,"Belgium",4,"Median","92",2077,3660,3982,7643
56,"Belgium",4,"Median","93",2077,3624,4133,7757
56,"Belgium",4,"Median","94",2077,3512,4245,7757
56,"Belgium",4,"Median","95",2077,3316,4254,7570
56,"Belgium",4,"Median","96",2077,2953,4015,6969
56,"Belgium",4,"Median","97",2077,2502,3578,6080
56,"Belgium",4,"Median","98",2077,2020,3044,5064
56,"Belgium",4,"Median","99",2077,1546,2476,4023
56,"Belgium",4,"Median","100",2077,430,610,1040
56,"Belgium",4,"Median","101",2077,395,591,986
56,"Belgium",4,"Median","102",2077,363,573,936
56,"Belgium",4,"Median","103",2077,334,556,890
56,"Belgium",4,"Median","104",2077,307,539,846
56,"Belgium",4,"Median","105",2077,282,522,804
56,"Belgium",4,"Median","106",2077,259,506,765
56,"Belgium",4,"Median","107",2077,238,490,728
56,"Belgium",4,"Median","108",2077,219,475,694
56,"Belgium",4,"Median","109",2077,201,461,662
56,"Belgium",4,"Median","110",2077,185,447,632
56,"Belgium",4,"Median","0",2078,54,37,91
56,"Belgium",4,"Median","1",2078,6,5,10
56,"Belgium",4,"Median","2",2078,2,2,3
56,"Belgium",4,"Median","3",2078,1,1,3
56,"Belgium",4,"Median","4",2078,1,1,2
56,"Belgium",4,"Median","5",2078,1,1,2
56,"Belgium",4,"Median","6",2078,1,1,2
56,"Belgium",4,"Median","7",2078,1,1,2
56,"Belgium",4,"Median","8",2078,1,1,2
56,"Belgium",4,"Median","9",2078,1,1,2
56,"Belgium",4,"Median","10",2078,1,1,2
56,"Belgium",4,"Median","11",2078,1,1,2
56,"Belgium",4,"Median","12",2078,2,1,3
56,"Belgium",4,"Median","13",2078,2,1,3
56,"Belgium",4,"Median","14",2078,2,1,3
56,"Belgium",4,"Median","15",2078,2,1,4
56,"Belgium",4,"Median","16",2078,3,2,5
56,"Belgium",4,"Median","17",2078,5,3,7
56,"Belgium",4,"Median","18",2078,7,4,10
56,"Belgium",4,"Median","19",2078,9,3,12
56,"Belgium",4,"Median","20",2078,10,3,13
56,"Belgium",4,"Median","21",2078,11,4,15
56,"Belgium",4,"Median","22",2078,12,4,16
56,"Belgium",4,"Median","23",2078,13,5,18
56,"Belgium",4,"Median","24",2078,13,5,18
56,"Belgium",4,"Median","25",2078,14,5,19
56,"Belgium",4,"Median","26",2078,15,5,20
56,"Belgium",4,"Median","27",2078,16,6,21
56,"Belgium",4,"Median","28",2078,16,6,23
56,"Belgium",4,"Median","29",2078,17,7,25
56,"Belgium",4,"Median","30",2078,20,8,28
56,"Belgium",4,"Median","31",2078,22,9,31
56,"Belgium",4,"Median","32",2078,22,10,32
56,"Belgium",4,"Median","33",2078,21,11,32
56,"Belgium",4,"Median","34",2078,22,11,33
56,"Belgium",4,"Median","35",2078,24,12,37
56,"Belgium",4,"Median","36",2078,28,14,42
56,"Belgium",4,"Median","37",2078,29,14,43
56,"Belgium",4,"Median","38",2078,31,14,44
56,"Belgium",4,"Median","39",2078,32,15,47
56,"Belgium",4,"Median","40",2078,33,18,51
56,"Belgium",4,"Median","41",2078,34,20,54
56,"Belgium",4,"Median","42",2078,38,21,58
56,"Belgium",4,"Median","43",2078,45,23,68
56,"Belgium",4,"Median","44",2078,50,27,76
56,"Belgium",4,"Median","45",2078,52,31,83
56,"Belgium",4,"Median","46",2078,55,33,88
56,"Belgium",4,"Median","47",2078,59,35,94
56,"Belgium",4,"Median","48",2078,65,39,104
56,"Belgium",4,"Median","49",2078,71,44,115
56,"Belgium",4,"Median","50",2078,78,47,125
56,"Belgium",4,"Median","51",2078,86,50,135
56,"Belgium",4,"Median","52",2078,95,57,151
56,"Belgium",4,"Median","53",2078,105,65,170
56,"Belgium",4,"Median","54",2078,116,69,186
56,"Belgium",4,"Median","55",2078,135,78,214
56,"Belgium",4,"Median","56",2078,162,92,254
56,"Belgium",4,"Median","57",2078,183,103,286
56,"Belgium",4,"Median","58",2078,203,114,317
56,"Belgium",4,"Median","59",2078,227,126,353
56,"Belgium",4,"Median","60",2078,254,139,393
56,"Belgium",4,"Median","61",2078,291,162,453
56,"Belgium",4,"Median","62",2078,328,187,515
56,"Belgium",4,"Median","63",2078,351,199,550
56,"Belgium",4,"Median","64",2078,370,205,575
56,"Belgium",4,"Median","65",2078,398,218,616
56,"Belgium",4,"Median","66",2078,424,225,649
56,"Belgium",4,"Median","67",2078,451,233,684
56,"Belgium",4,"Median","68",2078,476,246,722
56,"Belgium",4,"Median","69",2078,503,265,767
56,"Belgium",4,"Median","70",2078,514,277,792
56,"Belgium",4,"Median","71",2078,537,296,833
56,"Belgium",4,"Median","72",2078,577,317,895
56,"Belgium",4,"Median","73",2078,629,345,974
56,"Belgium",4,"Median","74",2078,650,362,1013
56,"Belgium",4,"Median","75",2078,670,376,1046
56,"Belgium",4,"Median","76",2078,721,403,1124
56,"Belgium",4,"Median","77",2078,791,454,1245
56,"Belgium",4,"Median","78",2078,858,514,1372
56,"Belgium",4,"Median","79",2078,943,589,1531
56,"Belgium",4,"Median","80",2078,1058,685,1743
56,"Belgium",4,"Median","81",2078,1223,820,2043
56,"Belgium",4,"Median","82",2078,1402,972,2375
56,"Belgium",4,"Median","83",2078,1591,1147,2739
56,"Belgium",4,"Median","84",2078,1863,1412,3275
56,"Belgium",4,"Median","85",2078,2197,1734,3931
56,"Belgium",4,"Median","86",2078,2574,2095,4669
56,"Belgium",4,"Median","87",2078,2880,2458,5338
56,"Belgium",4,"Median","88",2078,3158,2846,6004
56,"Belgium",4,"Median","89",2078,3361,3195,6556
56,"Belgium",4,"Median","90",2078,3518,3506,7024
56,"Belgium",4,"Median","91",2078,3644,3773,7417
56,"Belgium",4,"Median","92",2078,3701,4000,7701
56,"Belgium",4,"Median","93",2078,3628,4134,7761
56,"Belgium",4,"Median","94",2078,3498,4224,7722
56,"Belgium",4,"Median","95",2078,3295,4226,7521
56,"Belgium",4,"Median","96",2078,2961,4005,6966
56,"Belgium",4,"Median","97",2078,2540,3638,6178
56,"Belgium",4,"Median","98",2078,2081,3144,5225
56,"Belgium",4,"Median","99",2078,1600,2544,4144
56,"Belgium",4,"Median","100",2078,436,619,1055
56,"Belgium",4,"Median","101",2078,402,601,1003
56,"Belgium",4,"Median","102",2078,370,584,954
56,"Belgium",4,"Median","103",2078,341,568,909
56,"Belgium",4,"Median","104",2078,314,552,866
56,"Belgium",4,"Median","105",2078,289,536,825
56,"Belgium",4,"Median","106",2078,266,521,787
56,"Belgium",4,"Median","107",2078,245,506,751
56,"Belgium",4,"Median","108",2078,226,492,718
56,"Belgium",4,"Median","109",2078,208,478,686
56,"Belgium",4,"Median","110",2078,192,464,656
56,"Belgium",4,"Median","0",2079,53,36,89
56,"Belgium",4,"Median","1",2079,6,5,10
56,"Belgium",4,"Median","2",2079,2,1,3
56,"Belgium",4,"Median","3",2079,1,1,2
56,"Belgium",4,"Median","4",2079,1,1,2
56,"Belgium",4,"Median","5",2079,1,1,2
56,"Belgium",4,"Median","6",2079,1,1,2
56,"Belgium",4,"Median","7",2079,1,1,2
56,"Belgium",4,"Median","8",2079,1,1,2
56,"Belgium",4,"Median","9",2079,1,1,2
56,"Belgium",4,"Median","10",2079,1,1,2
56,"Belgium",4,"Median","11",2079,1,1,2
56,"Belgium",4,"Median","12",2079,2,1,3
56,"Belgium",4,"Median","13",2079,2,1,3
56,"Belgium",4,"Median","14",2079,2,1,3
56,"Belgium",4,"Median","15",2079,2,1,4
56,"Belgium",4,"Median","16",2079,3,2,5
56,"Belgium",4,"Median","17",2079,4,3,7
56,"Belgium",4,"Median","18",2079,6,3,10
56,"Belgium",4,"Median","19",2079,9,3,12
56,"Belgium",4,"Median","20",2079,10,3,13
56,"Belgium",4,"Median","21",2079,11,4,14
56,"Belgium",4,"Median","22",2079,12,4,16
56,"Belgium",4,"Median","23",2079,13,4,17
56,"Belgium",4,"Median","24",2079,13,5,18
56,"Belgium",4,"Median","25",2079,13,5,18
56,"Belgium",4,"Median","26",2079,14,5,19
56,"Belgium",4,"Median","27",2079,15,6,21
56,"Belgium",4,"Median","28",2079,16,6,22
56,"Belgium",4,"Median","29",2079,17,7,24
56,"Belgium",4,"Median","30",2079,19,8,27
56,"Belgium",4,"Median","31",2079,21,9,30
56,"Belgium",4,"Median","32",2079,22,10,31
56,"Belgium",4,"Median","33",2079,21,10,31
56,"Belgium",4,"Median","34",2079,21,11,32
56,"Belgium",4,"Median","35",2079,24,12,36
56,"Belgium",4,"Median","36",2079,27,14,41
56,"Belgium",4,"Median","37",2079,29,13,43
56,"Belgium",4,"Median","38",2079,30,13,44
56,"Belgium",4,"Median","39",2079,31,15,46
56,"Belgium",4,"Median","40",2079,33,18,50
56,"Belgium",4,"Median","41",2079,34,20,54
56,"Belgium",4,"Median","42",2079,37,20,58
56,"Belgium",4,"Median","43",2079,45,22,67
56,"Belgium",4,"Median","44",2079,49,26,76
56,"Belgium",4,"Median","45",2079,52,30,82
56,"Belgium",4,"Median","46",2079,55,32,87
56,"Belgium",4,"Median","47",2079,59,34,93
56,"Belgium",4,"Median","48",2079,64,38,102
56,"Belgium",4,"Median","49",2079,70,43,113
56,"Belgium",4,"Median","50",2079,77,46,122
56,"Belgium",4,"Median","51",2079,84,48,133
56,"Belgium",4,"Median","52",2079,93,55,148
56,"Belgium",4,"Median","53",2079,104,63,167
56,"Belgium",4,"Median","54",2079,115,68,182
56,"Belgium",4,"Median","55",2079,127,73,200
56,"Belgium",4,"Median","56",2079,151,85,236
56,"Belgium",4,"Median","57",2079,180,101,281
56,"Belgium",4,"Median","58",2079,201,112,313
56,"Belgium",4,"Median","59",2079,221,121,341
56,"Belgium",4,"Median","60",2079,248,135,383
56,"Belgium",4,"Median","61",2079,282,157,439
56,"Belgium",4,"Median","62",2079,320,181,501
56,"Belgium",4,"Median","63",2079,341,193,533
56,"Belgium",4,"Median","64",2079,360,199,559
56,"Belgium",4,"Median","65",2079,390,211,600
56,"Belgium",4,"Median","66",2079,413,217,630
56,"Belgium",4,"Median","67",2079,439,225,664
56,"Belgium",4,"Median","68",2079,467,240,707
56,"Belgium",4,"Median","69",2079,495,260,755
56,"Belgium",4,"Median","70",2079,512,273,785
56,"Belgium",4,"Median","71",2079,539,292,832
56,"Belgium",4,"Median","72",2079,580,318,898
56,"Belgium",4,"Median","73",2079,636,348,984
56,"Belgium",4,"Median","74",2079,660,364,1024
56,"Belgium",4,"Median","75",2079,678,377,1056
56,"Belgium",4,"Median","76",2079,718,397,1115
56,"Belgium",4,"Median","77",2079,776,440,1216
56,"Belgium",4,"Median","78",2079,849,502,1351
56,"Belgium",4,"Median","79",2079,938,575,1513
56,"Belgium",4,"Median","80",2079,1035,658,1693
56,"Belgium",4,"Median","81",2079,1195,787,1981
56,"Belgium",4,"Median","82",2079,1376,945,2320
56,"Belgium",4,"Median","83",2079,1556,1118,2674
56,"Belgium",4,"Median","84",2079,1806,1349,3155
56,"Belgium",4,"Median","85",2079,2114,1642,3756
56,"Belgium",4,"Median","86",2079,2497,2019,4516
56,"Belgium",4,"Median","87",2079,2850,2406,5256
56,"Belgium",4,"Median","88",2079,3171,2832,6003
56,"Belgium",4,"Median","89",2079,3379,3186,6564
56,"Belgium",4,"Median","90",2079,3552,3507,7058
56,"Belgium",4,"Median","91",2079,3680,3795,7476
56,"Belgium",4,"Median","92",2079,3751,4029,7780
56,"Belgium",4,"Median","93",2079,3675,4154,7828
56,"Belgium",4,"Median","94",2079,3509,4228,7736
56,"Belgium",4,"Median","95",2079,3289,4210,7499
56,"Belgium",4,"Median","96",2079,2947,3983,6930
56,"Belgium",4,"Median","97",2079,2551,3633,6184
56,"Belgium",4,"Median","98",2079,2116,3201,5318
56,"Belgium",4,"Median","99",2079,1651,2632,4283
56,"Belgium",4,"Median","100",2079,448,631,1079
56,"Belgium",4,"Median","101",2079,413,614,1027
56,"Belgium",4,"Median","102",2079,380,598,978
56,"Belgium",4,"Median","103",2079,351,582,933
56,"Belgium",4,"Median","104",2079,323,567,890
56,"Belgium",4,"Median","105",2079,298,552,850
56,"Belgium",4,"Median","106",2079,275,537,812
56,"Belgium",4,"Median","107",2079,253,523,776
56,"Belgium",4,"Median","108",2079,233,509,742
56,"Belgium",4,"Median","109",2079,215,495,710
56,"Belgium",4,"Median","110",2079,198,482,680
56,"Belgium",4,"Median","0",2080,52,35,88
56,"Belgium",4,"Median","1",2080,6,5,10
56,"Belgium",4,"Median","2",2080,2,1,3
56,"Belgium",4,"Median","3",2080,1,1,2
56,"Belgium",4,"Median","4",2080,1,1,2
56,"Belgium",4,"Median","5",2080,1,1,2
56,"Belgium",4,"Median","6",2080,1,1,2
56,"Belgium",4,"Median","7",2080,1,1,2
56,"Belgium",4,"Median","8",2080,1,1,2
56,"Belgium",4,"Median","9",2080,1,1,2
56,"Belgium",4,"Median","10",2080,1,1,2
56,"Belgium",4,"Median","11",2080,1,1,2
56,"Belgium",4,"Median","12",2080,2,1,3
56,"Belgium",4,"Median","13",2080,2,1,3
56,"Belgium",4,"Median","14",2080,2,1,3
56,"Belgium",4,"Median","15",2080,2,1,4
56,"Belgium",4,"Median","16",2080,3,2,5
56,"Belgium",4,"Median","17",2080,4,3,7
56,"Belgium",4,"Median","18",2080,6,3,10
56,"Belgium",4,"Median","19",2080,8,3,11
56,"Belgium",4,"Median","20",2080,10,3,13
56,"Belgium",4,"Median","21",2080,10,4,14
56,"Belgium",4,"Median","22",2080,11,4,16
56,"Belgium",4,"Median","23",2080,13,4,17
56,"Belgium",4,"Median","24",2080,13,5,17
56,"Belgium",4,"Median","25",2080,13,5,18
56,"Belgium",4,"Median","26",2080,14,5,19
56,"Belgium",4,"Median","27",2080,15,5,20
56,"Belgium",4,"Median","28",2080,16,6,22
56,"Belgium",4,"Median","29",2080,17,7,24
56,"Belgium",4,"Median","30",2080,19,8,26
56,"Belgium",4,"Median","31",2080,21,9,29
56,"Belgium",4,"Median","32",2080,21,10,31
56,"Belgium",4,"Median","33",2080,21,10,31
56,"Belgium",4,"Median","34",2080,21,10,31
56,"Belgium",4,"Median","35",2080,24,12,35
56,"Belgium",4,"Median","36",2080,27,13,40
56,"Belgium",4,"Median","37",2080,29,13,42
56,"Belgium",4,"Median","38",2080,30,13,43
56,"Belgium",4,"Median","39",2080,31,15,46
56,"Belgium",4,"Median","40",2080,32,18,50
56,"Belgium",4,"Median","41",2080,34,19,53
56,"Belgium",4,"Median","42",2080,37,20,57
56,"Belgium",4,"Median","43",2080,44,22,67
56,"Belgium",4,"Median","44",2080,49,26,75
56,"Belgium",4,"Median","45",2080,51,30,81
56,"Belgium",4,"Median","46",2080,54,32,86
56,"Belgium",4,"Median","47",2080,58,34,92
56,"Belgium",4,"Median","48",2080,63,38,101
56,"Belgium",4,"Median","49",2080,69,42,112
56,"Belgium",4,"Median","50",2080,76,45,121
56,"Belgium",4,"Median","51",2080,83,48,130
56,"Belgium",4,"Median","52",2080,92,54,146
56,"Belgium",4,"Median","53",2080,102,62,164
56,"Belgium",4,"Median","54",2080,113,66,179
56,"Belgium",4,"Median","55",2080,125,72,197
56,"Belgium",4,"Median","56",2080,142,80,221
56,"Belgium",4,"Median","57",2080,167,93,261
56,"Belgium",4,"Median","58",2080,198,110,307
56,"Belgium",4,"Median","59",2080,218,119,337
56,"Belgium",4,"Median","60",2080,241,131,372
56,"Belgium",4,"Median","61",2080,276,153,428
56,"Belgium",4,"Median","62",2080,311,176,487
56,"Belgium",4,"Median","63",2080,332,187,519
56,"Belgium",4,"Median","64",2080,350,193,543
56,"Belgium",4,"Median","65",2080,379,205,584
56,"Belgium",4,"Median","66",2080,404,210,614
56,"Belgium",4,"Median","67",2080,427,218,645
56,"Belgium",4,"Median","68",2080,454,233,687
56,"Belgium",4,"Median","69",2080,486,254,740
56,"Belgium",4,"Median","70",2080,504,269,773
56,"Belgium",4,"Median","71",2080,537,289,825
56,"Belgium",4,"Median","72",2080,583,315,898
56,"Belgium",4,"Median","73",2080,639,350,989
56,"Belgium",4,"Median","74",2080,667,369,1036
56,"Belgium",4,"Median","75",2080,689,381,1069
56,"Belgium",4,"Median","76",2080,727,400,1127
56,"Belgium",4,"Median","77",2080,773,435,1208
56,"Belgium",4,"Median","78",2080,833,489,1322
56,"Belgium",4,"Median","79",2080,928,565,1493
56,"Belgium",4,"Median","80",2080,1030,646,1676
56,"Belgium",4,"Median","81",2080,1171,759,1930
56,"Belgium",4,"Median","82",2080,1345,910,2256
56,"Belgium",4,"Median","83",2080,1528,1091,2619
56,"Belgium",4,"Median","84",2080,1769,1321,3089
56,"Belgium",4,"Median","85",2080,2052,1576,3628
56,"Belgium",4,"Median","86",2080,2406,1921,4327
56,"Belgium",4,"Median","87",2080,2769,2329,5098
56,"Belgium",4,"Median","88",2080,3144,2785,5929
56,"Belgium",4,"Median","89",2080,3398,3184,6581
56,"Belgium",4,"Median","90",2080,3577,3511,7088
56,"Belgium",4,"Median","91",2080,3722,3812,7534
56,"Belgium",4,"Median","92",2080,3796,4070,7865
56,"Belgium",4,"Median","93",2080,3731,4200,7931
56,"Belgium",4,"Median","94",2080,3562,4265,7827
56,"Belgium",4,"Median","95",2080,3306,4230,7536
56,"Belgium",4,"Median","96",2080,2948,3982,6930
56,"Belgium",4,"Median","97",2080,2545,3625,6170
56,"Belgium",4,"Median","98",2080,2130,3208,5338
56,"Belgium",4,"Median","99",2080,1683,2688,4371
56,"Belgium",4,"Median","100",2080,463,650,1113
56,"Belgium",4,"Median","101",2080,427,634,1061
56,"Belgium",4,"Median","102",2080,393,617,1010
56,"Belgium",4,"Median","103",2080,362,601,963
56,"Belgium",4,"Median","104",2080,334,585,919
56,"Belgium",4,"Median","105",2080,308,570,878
56,"Belgium",4,"Median","106",2080,284,555,839
56,"Belgium",4,"Median","107",2080,261,541,802
56,"Belgium",4,"Median","108",2080,241,527,768
56,"Belgium",4,"Median","109",2080,222,513,735
56,"Belgium",4,"Median","110",2080,205,499,704
56,"Belgium",4,"Median","0",2081,51,34,86
56,"Belgium",4,"Median","1",2081,5,4,10
56,"Belgium",4,"Median","2",2081,2,1,3
56,"Belgium",4,"Median","3",2081,1,1,2
56,"Belgium",4,"Median","4",2081,1,1,2
56,"Belgium",4,"Median","5",2081,1,1,2
56,"Belgium",4,"Median","6",2081,1,1,2
56,"Belgium",4,"Median","7",2081,1,1,2
56,"Belgium",4,"Median","8",2081,1,1,2
56,"Belgium",4,"Median","9",2081,1,1,2
56,"Belgium",4,"Median","10",2081,1,1,2
56,"Belgium",4,"Median","11",2081,1,1,2
56,"Belgium",4,"Median","12",2081,2,1,3
56,"Belgium",4,"Median","13",2081,2,1,3
56,"Belgium",4,"Median","14",2081,2,1,3
56,"Belgium",4,"Median","15",2081,2,1,4
56,"Belgium",4,"Median","16",2081,3,2,5
56,"Belgium",4,"Median","17",2081,4,3,7
56,"Belgium",4,"Median","18",2081,6,3,10
56,"Belgium",4,"Median","19",2081,8,3,11
56,"Belgium",4,"Median","20",2081,10,3,13
56,"Belgium",4,"Median","21",2081,10,3,14
56,"Belgium",4,"Median","22",2081,11,4,15
56,"Belgium",4,"Median","23",2081,12,4,17
56,"Belgium",4,"Median","24",2081,13,4,17
56,"Belgium",4,"Median","25",2081,13,5,17
56,"Belgium",4,"Median","26",2081,14,5,18
56,"Belgium",4,"Median","27",2081,15,5,20
56,"Belgium",4,"Median","28",2081,15,6,21
56,"Belgium",4,"Median","29",2081,16,7,23
56,"Belgium",4,"Median","30",2081,18,7,26
56,"Belgium",4,"Median","31",2081,20,8,29
56,"Belgium",4,"Median","32",2081,21,9,30
56,"Belgium",4,"Median","33",2081,20,10,30
56,"Belgium",4,"Median","34",2081,21,10,31
56,"Belgium",4,"Median","35",2081,23,11,35
56,"Belgium",4,"Median","36",2081,26,13,39
56,"Belgium",4,"Median","37",2081,28,13,41
56,"Belgium",4,"Median","38",2081,30,13,43
56,"Belgium",4,"Median","39",2081,31,15,45
56,"Belgium",4,"Median","40",2081,32,17,49
56,"Belgium",4,"Median","41",2081,34,19,53
56,"Belgium",4,"Median","42",2081,37,20,57
56,"Belgium",4,"Median","43",2081,44,22,66
56,"Belgium",4,"Median","44",2081,49,26,74
56,"Belgium",4,"Median","45",2081,51,30,81
56,"Belgium",4,"Median","46",2081,54,31,85
56,"Belgium",4,"Median","47",2081,58,33,91
56,"Belgium",4,"Median","48",2081,63,37,100
56,"Belgium",4,"Median","49",2081,68,42,110
56,"Belgium",4,"Median","50",2081,75,44,119
56,"Belgium",4,"Median","51",2081,82,47,128
56,"Belgium",4,"Median","52",2081,90,53,143
56,"Belgium",4,"Median","53",2081,100,60,161
56,"Belgium",4,"Median","54",2081,111,65,175
56,"Belgium",4,"Median","55",2081,123,70,193
56,"Belgium",4,"Median","56",2081,140,78,217
56,"Belgium",4,"Median","57",2081,157,87,244
56,"Belgium",4,"Median","58",2081,184,101,285
56,"Belgium",4,"Median","59",2081,215,116,331
56,"Belgium",4,"Median","60",2081,238,128,366
56,"Belgium",4,"Median","61",2081,268,147,415
56,"Belgium",4,"Median","62",2081,303,171,474
56,"Belgium",4,"Median","63",2081,323,181,504
56,"Belgium",4,"Median","64",2081,341,187,527
56,"Belgium",4,"Median","65",2081,368,198,566
56,"Belgium",4,"Median","66",2081,393,203,596
56,"Belgium",4,"Median","67",2081,417,210,628
56,"Belgium",4,"Median","68",2081,442,224,666
56,"Belgium",4,"Median","69",2081,473,246,719
56,"Belgium",4,"Median","70",2081,494,262,756
56,"Belgium",4,"Median","71",2081,528,283,812
56,"Belgium",4,"Median","72",2081,580,310,890
56,"Belgium",4,"Median","73",2081,642,346,988
56,"Belgium",4,"Median","74",2081,670,369,1040
56,"Belgium",4,"Median","75",2081,695,384,1080
56,"Belgium",4,"Median","76",2081,738,402,1140
56,"Belgium",4,"Median","77",2081,783,437,1220
56,"Belgium",4,"Median","78",2081,830,482,1312
56,"Belgium",4,"Median","79",2081,911,548,1459
56,"Belgium",4,"Median","80",2081,1020,632,1652
56,"Belgium",4,"Median","81",2081,1166,744,1910
56,"Belgium",4,"Median","82",2081,1319,877,2196
56,"Belgium",4,"Median","83",2081,1496,1049,2544
56,"Belgium",4,"Median","84",2081,1739,1286,3025
56,"Belgium",4,"Median","85",2081,2012,1540,3553
56,"Belgium",4,"Median","86",2081,2339,1842,4181
56,"Belgium",4,"Median","87",2081,2672,2213,4885
56,"Belgium",4,"Median","88",2081,3059,2694,5754
56,"Belgium",4,"Median","89",2081,3374,3128,6502
56,"Belgium",4,"Median","90",2081,3603,3507,7110
56,"Belgium",4,"Median","91",2081,3755,3817,7572
56,"Belgium",4,"Median","92",2081,3846,4089,7935
56,"Belgium",4,"Median","93",2081,3783,4244,8027
56,"Belgium",4,"Median","94",2081,3623,4316,7939
56,"Belgium",4,"Median","95",2081,3363,4272,7636
56,"Belgium",4,"Median","96",2081,2969,4005,6974
56,"Belgium",4,"Median","97",2081,2550,3628,6179
56,"Belgium",4,"Median","98",2081,2128,3206,5334
56,"Belgium",4,"Median","99",2081,1697,2698,4394
56,"Belgium",4,"Median","100",2081,478,671,1149
56,"Belgium",4,"Median","101",2081,440,653,1093
56,"Belgium",4,"Median","102",2081,406,636,1042
56,"Belgium",4,"Median","103",2081,373,620,993
56,"Belgium",4,"Median","104",2081,344,604,948
56,"Belgium",4,"Median","105",2081,317,588,905
56,"Belgium",4,"Median","106",2081,292,573,865
56,"Belgium",4,"Median","107",2081,269,558,827
56,"Belgium",4,"Median","108",2081,247,543,790
56,"Belgium",4,"Median","109",2081,228,529,757
56,"Belgium",4,"Median","110",2081,210,515,725
56,"Belgium",4,"Median","0",2082,50,34,84
56,"Belgium",4,"Median","1",2082,5,4,10
56,"Belgium",4,"Median","2",2082,2,1,3
56,"Belgium",4,"Median","3",2082,1,1,2
56,"Belgium",4,"Median","4",2082,1,1,2
56,"Belgium",4,"Median","5",2082,1,1,2
56,"Belgium",4,"Median","6",2082,1,1,2
56,"Belgium",4,"Median","7",2082,1,1,2
56,"Belgium",4,"Median","8",2082,1,1,2
56,"Belgium",4,"Median","9",2082,1,1,2
56,"Belgium",4,"Median","10",2082,1,1,2
56,"Belgium",4,"Median","11",2082,1,1,2
56,"Belgium",4,"Median","12",2082,2,1,3
56,"Belgium",4,"Median","13",2082,2,1,3
56,"Belgium",4,"Median","14",2082,2,1,3
56,"Belgium",4,"Median","15",2082,2,1,4
56,"Belgium",4,"Median","16",2082,3,2,5
56,"Belgium",4,"Median","17",2082,4,3,7
56,"Belgium",4,"Median","18",2082,6,3,9
56,"Belgium",4,"Median","19",2082,8,3,11
56,"Belgium",4,"Median","20",2082,10,3,12
56,"Belgium",4,"Median","21",2082,10,3,13
56,"Belgium",4,"Median","22",2082,11,4,15
56,"Belgium",4,"Median","23",2082,12,4,16
56,"Belgium",4,"Median","24",2082,12,4,17
56,"Belgium",4,"Median","25",2082,12,4,17
56,"Belgium",4,"Median","26",2082,13,5,18
56,"Belgium",4,"Median","27",2082,14,5,19
56,"Belgium",4,"Median","28",2082,15,6,21
56,"Belgium",4,"Median","29",2082,16,7,22
56,"Belgium",4,"Median","30",2082,18,7,25
56,"Belgium",4,"Median","31",2082,20,8,28
56,"Belgium",4,"Median","32",2082,20,9,29
56,"Belgium",4,"Median","33",2082,20,10,29
56,"Belgium",4,"Median","34",2082,20,10,30
56,"Belgium",4,"Median","35",2082,23,11,34
56,"Belgium",4,"Median","36",2082,26,13,39
56,"Belgium",4,"Median","37",2082,28,13,41
56,"Belgium",4,"Median","38",2082,29,13,42
56,"Belgium",4,"Median","39",2082,30,14,45
56,"Belgium",4,"Median","40",2082,32,17,49
56,"Belgium",4,"Median","41",2082,33,19,52
56,"Belgium",4,"Median","42",2082,37,20,56
56,"Belgium",4,"Median","43",2082,44,22,66
56,"Belgium",4,"Median","44",2082,49,25,74
56,"Belgium",4,"Median","45",2082,51,29,80
56,"Belgium",4,"Median","46",2082,53,31,84
56,"Belgium",4,"Median","47",2082,57,33,90
56,"Belgium",4,"Median","48",2082,62,37,99
56,"Belgium",4,"Median","49",2082,68,41,109
56,"Belgium",4,"Median","50",2082,74,43,117
56,"Belgium",4,"Median","51",2082,81,46,126
56,"Belgium",4,"Median","52",2082,89,52,141
56,"Belgium",4,"Median","53",2082,99,59,158
56,"Belgium",4,"Median","54",2082,109,63,172
56,"Belgium",4,"Median","55",2082,121,68,190
56,"Belgium",4,"Median","56",2082,137,76,213
56,"Belgium",4,"Median","57",2082,155,86,240
56,"Belgium",4,"Median","58",2082,173,95,267
56,"Belgium",4,"Median","59",2082,200,107,307
56,"Belgium",4,"Median","60",2082,235,125,360
56,"Belgium",4,"Median","61",2082,265,144,409
56,"Belgium",4,"Median","62",2082,295,165,460
56,"Belgium",4,"Median","63",2082,315,176,491
56,"Belgium",4,"Median","64",2082,331,181,512
56,"Belgium",4,"Median","65",2082,359,192,550
56,"Belgium",4,"Median","66",2082,381,197,578
56,"Belgium",4,"Median","67",2082,406,204,610
56,"Belgium",4,"Median","68",2082,432,217,649
56,"Belgium",4,"Median","69",2082,460,238,697
56,"Belgium",4,"Median","70",2082,481,254,735
56,"Belgium",4,"Median","71",2082,518,277,795
56,"Belgium",4,"Median","72",2082,571,305,876
56,"Belgium",4,"Median","73",2082,639,342,981
56,"Belgium",4,"Median","74",2082,673,367,1040
56,"Belgium",4,"Median","75",2082,699,386,1085
56,"Belgium",4,"Median","76",2082,746,407,1153
56,"Belgium",4,"Median","77",2082,795,441,1236
56,"Belgium",4,"Median","78",2082,841,486,1327
56,"Belgium",4,"Median","79",2082,908,542,1451
56,"Belgium",4,"Median","80",2082,1002,615,1618
56,"Belgium",4,"Median","81",2082,1156,731,1887
56,"Belgium",4,"Median","82",2082,1315,863,2178
56,"Belgium",4,"Median","83",2082,1468,1014,2482
56,"Belgium",4,"Median","84",2082,1704,1243,2947
56,"Belgium",4,"Median","85",2082,1981,1508,3489
56,"Belgium",4,"Median","86",2082,2297,1809,4106
56,"Belgium",4,"Median","87",2082,2602,2131,4733
56,"Belgium",4,"Median","88",2082,2957,2573,5530
56,"Belgium",4,"Median","89",2082,3289,3039,6328
56,"Belgium",4,"Median","90",2082,3583,3461,7044
56,"Belgium",4,"Median","91",2082,3789,3829,7618
56,"Belgium",4,"Median","92",2082,3888,4111,7999
56,"Belgium",4,"Median","93",2082,3840,4281,8121
56,"Belgium",4,"Median","94",2082,3680,4378,8059
56,"Belgium",4,"Median","95",2082,3428,4341,7769
56,"Belgium",4,"Median","96",2082,3026,4060,7085
56,"Belgium",4,"Median","97",2082,2573,3663,6236
56,"Belgium",4,"Median","98",2082,2137,3220,5357
56,"Belgium",4,"Median","99",2082,1699,2704,4403
56,"Belgium",4,"Median","100",2082,489,684,1173
56,"Belgium",4,"Median","101",2082,451,667,1118
56,"Belgium",4,"Median","102",2082,415,650,1065
56,"Belgium",4,"Median","103",2082,382,634,1016
56,"Belgium",4,"Median","104",2082,352,618,970
56,"Belgium",4,"Median","105",2082,324,603,927
56,"Belgium",4,"Median","106",2082,299,587,886
56,"Belgium",4,"Median","107",2082,275,573,848
56,"Belgium",4,"Median","108",2082,253,558,811
56,"Belgium",4,"Median","109",2082,233,544,777
56,"Belgium",4,"Median","110",2082,215,531,746
56,"Belgium",4,"Median","0",2083,49,33,82
56,"Belgium",4,"Median","1",2083,5,4,9
56,"Belgium",4,"Median","2",2083,2,1,3
56,"Belgium",4,"Median","3",2083,1,1,2
56,"Belgium",4,"Median","4",2083,1,1,2
56,"Belgium",4,"Median","5",2083,1,1,2
56,"Belgium",4,"Median","6",2083,1,1,2
56,"Belgium",4,"Median","7",2083,1,1,2
56,"Belgium",4,"Median","8",2083,1,1,2
56,"Belgium",4,"Median","9",2083,1,1,2
56,"Belgium",4,"Median","10",2083,1,1,2
56,"Belgium",4,"Median","11",2083,1,1,2
56,"Belgium",4,"Median","12",2083,2,1,3
56,"Belgium",4,"Median","13",2083,2,1,3
56,"Belgium",4,"Median","14",2083,2,1,3
56,"Belgium",4,"Median","15",2083,2,1,3
56,"Belgium",4,"Median","16",2083,3,2,5
56,"Belgium",4,"Median","17",2083,4,3,7
56,"Belgium",4,"Median","18",2083,6,3,9
56,"Belgium",4,"Median","19",2083,8,3,11
56,"Belgium",4,"Median","20",2083,9,3,12
56,"Belgium",4,"Median","21",2083,10,3,13
56,"Belgium",4,"Median","22",2083,11,4,15
56,"Belgium",4,"Median","23",2083,12,4,16
56,"Belgium",4,"Median","24",2083,12,4,16
56,"Belgium",4,"Median","25",2083,12,4,17
56,"Belgium",4,"Median","26",2083,13,5,18
56,"Belgium",4,"Median","27",2083,14,5,19
56,"Belgium",4,"Median","28",2083,14,6,20
56,"Belgium",4,"Median","29",2083,15,6,22
56,"Belgium",4,"Median","30",2083,17,7,24
56,"Belgium",4,"Median","31",2083,20,8,27
56,"Belgium",4,"Median","32",2083,20,9,29
56,"Belgium",4,"Median","33",2083,19,9,29
56,"Belgium",4,"Median","34",2083,20,10,29
56,"Belgium",4,"Median","35",2083,22,11,33
56,"Belgium",4,"Median","36",2083,25,12,38
56,"Belgium",4,"Median","37",2083,27,12,40
56,"Belgium",4,"Median","38",2083,29,12,41
56,"Belgium",4,"Median","39",2083,30,14,44
56,"Belgium",4,"Median","40",2083,31,17,48
56,"Belgium",4,"Median","41",2083,33,18,51
56,"Belgium",4,"Median","42",2083,36,19,56
56,"Belgium",4,"Median","43",2083,43,21,65
56,"Belgium",4,"Median","44",2083,48,25,73
56,"Belgium",4,"Median","45",2083,50,29,79
56,"Belgium",4,"Median","46",2083,53,31,84
56,"Belgium",4,"Median","47",2083,57,32,89
56,"Belgium",4,"Median","48",2083,62,36,98
56,"Belgium",4,"Median","49",2083,67,41,108
56,"Belgium",4,"Median","50",2083,73,43,116
56,"Belgium",4,"Median","51",2083,80,45,125
56,"Belgium",4,"Median","52",2083,88,51,139
56,"Belgium",4,"Median","53",2083,97,58,155
56,"Belgium",4,"Median","54",2083,107,62,169
56,"Belgium",4,"Median","55",2083,119,67,186
56,"Belgium",4,"Median","56",2083,135,74,209
56,"Belgium",4,"Median","57",2083,152,84,236
56,"Belgium",4,"Median","58",2083,170,93,263
56,"Belgium",4,"Median","59",2083,188,100,288
56,"Belgium",4,"Median","60",2083,218,116,334
56,"Belgium",4,"Median","61",2083,261,141,402
56,"Belgium",4,"Median","62",2083,291,162,453
56,"Belgium",4,"Median","63",2083,306,170,476
56,"Belgium",4,"Median","64",2083,323,176,499
56,"Belgium",4,"Median","65",2083,348,185,534
56,"Belgium",4,"Median","66",2083,371,190,561
56,"Belgium",4,"Median","67",2083,394,197,591
56,"Belgium",4,"Median","68",2083,420,210,630
56,"Belgium",4,"Median","69",2083,449,229,678
56,"Belgium",4,"Median","70",2083,467,244,712
56,"Belgium",4,"Median","71",2083,504,268,772
56,"Belgium",4,"Median","72",2083,560,297,857
56,"Belgium",4,"Median","73",2083,629,336,965
56,"Belgium",4,"Median","74",2083,670,361,1031
56,"Belgium",4,"Median","75",2083,702,382,1083
56,"Belgium",4,"Median","76",2083,749,407,1156
56,"Belgium",4,"Median","77",2083,803,445,1248
56,"Belgium",4,"Median","78",2083,854,488,1343
56,"Belgium",4,"Median","79",2083,921,545,1466
56,"Belgium",4,"Median","80",2083,1000,607,1607
56,"Belgium",4,"Median","81",2083,1136,710,1846
56,"Belgium",4,"Median","82",2083,1305,846,2150
56,"Belgium",4,"Median","83",2083,1465,995,2460
56,"Belgium",4,"Median","84",2083,1675,1200,2874
56,"Belgium",4,"Median","85",2083,1944,1454,3398
56,"Belgium",4,"Median","86",2083,2264,1768,4032
56,"Belgium",4,"Median","87",2083,2559,2090,4649
56,"Belgium",4,"Median","88",2083,2884,2476,5360
56,"Belgium",4,"Median","89",2083,3183,2900,6083
56,"Belgium",4,"Median","90",2083,3498,3360,6859
56,"Belgium",4,"Median","91",2083,3775,3778,7553
56,"Belgium",4,"Median","92",2083,3931,4126,8056
56,"Belgium",4,"Median","93",2083,3889,4306,8195
56,"Belgium",4,"Median","94",2083,3744,4419,8163
56,"Belgium",4,"Median","95",2083,3490,4408,7898
56,"Belgium",4,"Median","96",2083,3090,4129,7219
56,"Belgium",4,"Median","97",2083,2628,3717,6344
56,"Belgium",4,"Median","98",2083,2161,3255,5415
56,"Belgium",4,"Median","99",2083,1709,2720,4429
56,"Belgium",4,"Median","100",2083,492,685,1177
56,"Belgium",4,"Median","101",2083,454,670,1124
56,"Belgium",4,"Median","102",2083,420,655,1075
56,"Belgium",4,"Median","103",2083,387,641,1028
56,"Belgium",4,"Median","104",2083,358,628,986
56,"Belgium",4,"Median","105",2083,330,614,944
56,"Belgium",4,"Median","106",2083,305,601,906
56,"Belgium",4,"Median","107",2083,282,588,870
56,"Belgium",4,"Median","108",2083,260,575,835
56,"Belgium",4,"Median","109",2083,240,563,803
56,"Belgium",4,"Median","110",2083,222,551,773
56,"Belgium",4,"Median","0",2084,48,32,80
56,"Belgium",4,"Median","1",2084,5,4,9
56,"Belgium",4,"Median","2",2084,1,1,3
56,"Belgium",4,"Median","3",2084,1,1,2
56,"Belgium",4,"Median","4",2084,1,1,2
56,"Belgium",4,"Median","5",2084,1,1,2
56,"Belgium",4,"Median","6",2084,1,1,2
56,"Belgium",4,"Median","7",2084,1,1,2
56,"Belgium",4,"Median","8",2084,1,1,2
56,"Belgium",4,"Median","9",2084,1,1,2
56,"Belgium",4,"Median","10",2084,1,1,2
56,"Belgium",4,"Median","11",2084,1,1,2
56,"Belgium",4,"Median","12",2084,2,1,3
56,"Belgium",4,"Median","13",2084,2,1,3
56,"Belgium",4,"Median","14",2084,2,1,3
56,"Belgium",4,"Median","15",2084,2,1,3
56,"Belgium",4,"Median","16",2084,3,2,5
56,"Belgium",4,"Median","17",2084,4,2,7
56,"Belgium",4,"Median","18",2084,6,3,9
56,"Belgium",4,"Median","19",2084,8,3,11
56,"Belgium",4,"Median","20",2084,9,3,12
56,"Belgium",4,"Median","21",2084,10,3,13
56,"Belgium",4,"Median","22",2084,11,4,14
56,"Belgium",4,"Median","23",2084,12,4,16
56,"Belgium",4,"Median","24",2084,12,4,16
56,"Belgium",4,"Median","25",2084,12,4,16
56,"Belgium",4,"Median","26",2084,13,4,17
56,"Belgium",4,"Median","27",2084,14,5,18
56,"Belgium",4,"Median","28",2084,14,5,20
56,"Belgium",4,"Median","29",2084,15,6,21
56,"Belgium",4,"Median","30",2084,17,7,24
56,"Belgium",4,"Median","31",2084,19,8,27
56,"Belgium",4,"Median","32",2084,19,9,28
56,"Belgium",4,"Median","33",2084,19,9,28
56,"Belgium",4,"Median","34",2084,19,9,29
56,"Belgium",4,"Median","35",2084,22,11,32
56,"Belgium",4,"Median","36",2084,25,12,37
56,"Belgium",4,"Median","37",2084,27,12,39
56,"Belgium",4,"Median","38",2084,28,12,40
56,"Belgium",4,"Median","39",2084,29,14,43
56,"Belgium",4,"Median","40",2084,31,16,47
56,"Belgium",4,"Median","41",2084,33,18,51
56,"Belgium",4,"Median","42",2084,36,19,55
56,"Belgium",4,"Median","43",2084,43,21,64
56,"Belgium",4,"Median","44",2084,48,25,73
56,"Belgium",4,"Median","45",2084,50,29,79
56,"Belgium",4,"Median","46",2084,53,30,83
56,"Belgium",4,"Median","47",2084,57,32,89
56,"Belgium",4,"Median","48",2084,61,36,97
56,"Belgium",4,"Median","49",2084,67,40,107
56,"Belgium",4,"Median","50",2084,72,42,115
56,"Belgium",4,"Median","51",2084,79,44,123
56,"Belgium",4,"Median","52",2084,87,50,137
56,"Belgium",4,"Median","53",2084,96,57,153
56,"Belgium",4,"Median","54",2084,106,61,166
56,"Belgium",4,"Median","55",2084,117,65,183
56,"Belgium",4,"Median","56",2084,133,73,205
56,"Belgium",4,"Median","57",2084,150,82,231
56,"Belgium",4,"Median","58",2084,167,90,258
56,"Belgium",4,"Median","59",2084,185,98,283
56,"Belgium",4,"Median","60",2084,205,108,313
56,"Belgium",4,"Median","61",2084,242,130,372
56,"Belgium",4,"Median","62",2084,287,158,445
56,"Belgium",4,"Median","63",2084,302,166,469
56,"Belgium",4,"Median","64",2084,313,169,482
56,"Belgium",4,"Median","65",2084,340,180,519
56,"Belgium",4,"Median","66",2084,360,184,544
56,"Belgium",4,"Median","67",2084,383,190,573
56,"Belgium",4,"Median","68",2084,407,202,609
56,"Belgium",4,"Median","69",2084,436,221,658
56,"Belgium",4,"Median","70",2084,456,235,691
56,"Belgium",4,"Median","71",2084,490,257,747
56,"Belgium",4,"Median","72",2084,544,287,832
56,"Belgium",4,"Median","73",2084,617,327,944
56,"Belgium",4,"Median","74",2084,660,354,1014
56,"Belgium",4,"Median","75",2084,698,375,1073
56,"Belgium",4,"Median","76",2084,752,403,1155
56,"Belgium",4,"Median","77",2084,807,445,1252
56,"Belgium",4,"Median","78",2084,863,493,1356
56,"Belgium",4,"Median","79",2084,936,548,1484
56,"Belgium",4,"Median","80",2084,1014,610,1625
56,"Belgium",4,"Median","81",2084,1135,702,1836
56,"Belgium",4,"Median","82",2084,1284,823,2107
56,"Belgium",4,"Median","83",2084,1454,977,2431
56,"Belgium",4,"Median","84",2084,1673,1179,2853
56,"Belgium",4,"Median","85",2084,1913,1406,3319
56,"Belgium",4,"Median","86",2084,2225,1708,3934
56,"Belgium",4,"Median","87",2084,2526,2047,4573
56,"Belgium",4,"Median","88",2084,2841,2433,5274
56,"Belgium",4,"Median","89",2084,3109,2796,5905
56,"Belgium",4,"Median","90",2084,3391,3213,6604
56,"Belgium",4,"Median","91",2084,3692,3676,7369
56,"Belgium",4,"Median","92",2084,3924,4081,8005
56,"Belgium",4,"Median","93",2084,3939,4331,8270
56,"Belgium",4,"Median","94",2084,3799,4456,8255
56,"Belgium",4,"Median","95",2084,3558,4462,8019
56,"Belgium",4,"Median","96",2084,3152,4203,7355
56,"Belgium",4,"Median","97",2084,2689,3789,6478
56,"Belgium",4,"Median","98",2084,2211,3311,5522
56,"Belgium",4,"Median","99",2084,1731,2756,4487
56,"Belgium",4,"Median","100",2084,488,675,1163
56,"Belgium",4,"Median","101",2084,453,664,1117
56,"Belgium",4,"Median","102",2084,420,654,1074
56,"Belgium",4,"Median","103",2084,390,644,1034
56,"Belgium",4,"Median","104",2084,362,634,996
56,"Belgium",4,"Median","105",2084,336,624,960
56,"Belgium",4,"Median","106",2084,312,614,926
56,"Belgium",4,"Median","107",2084,290,605,895
56,"Belgium",4,"Median","108",2084,269,596,865
56,"Belgium",4,"Median","109",2084,250,586,836
56,"Belgium",4,"Median","110",2084,232,577,809
56,"Belgium",4,"Median","0",2085,47,31,78
56,"Belgium",4,"Median","1",2085,5,4,9
56,"Belgium",4,"Median","2",2085,1,1,3
56,"Belgium",4,"Median","3",2085,1,1,2
56,"Belgium",4,"Median","4",2085,1,1,2
56,"Belgium",4,"Median","5",2085,1,1,2
56,"Belgium",4,"Median","6",2085,1,1,2
56,"Belgium",4,"Median","7",2085,1,1,2
56,"Belgium",4,"Median","8",2085,1,1,2
56,"Belgium",4,"Median","9",2085,1,1,2
56,"Belgium",4,"Median","10",2085,1,1,2
56,"Belgium",4,"Median","11",2085,1,1,2
56,"Belgium",4,"Median","12",2085,2,1,2
56,"Belgium",4,"Median","13",2085,2,1,3
56,"Belgium",4,"Median","14",2085,2,1,3
56,"Belgium",4,"Median","15",2085,2,1,3
56,"Belgium",4,"Median","16",2085,3,2,5
56,"Belgium",4,"Median","17",2085,4,2,7
56,"Belgium",4,"Median","18",2085,6,3,9
56,"Belgium",4,"Median","19",2085,8,3,11
56,"Belgium",4,"Median","20",2085,9,3,12
56,"Belgium",4,"Median","21",2085,10,3,13
56,"Belgium",4,"Median","22",2085,11,4,14
56,"Belgium",4,"Median","23",2085,11,4,15
56,"Belgium",4,"Median","24",2085,12,4,16
56,"Belgium",4,"Median","25",2085,12,4,16
56,"Belgium",4,"Median","26",2085,13,4,17
56,"Belgium",4,"Median","27",2085,13,5,18
56,"Belgium",4,"Median","28",2085,14,5,19
56,"Belgium",4,"Median","29",2085,15,6,21
56,"Belgium",4,"Median","30",2085,17,7,23
56,"Belgium",4,"Median","31",2085,19,7,26
56,"Belgium",4,"Median","32",2085,19,8,27
56,"Belgium",4,"Median","33",2085,18,9,27
56,"Belgium",4,"Median","34",2085,19,9,28
56,"Belgium",4,"Median","35",2085,21,10,32
56,"Belgium",4,"Median","36",2085,24,12,36
56,"Belgium",4,"Median","37",2085,26,12,38
56,"Belgium",4,"Median","38",2085,28,12,40
56,"Belgium",4,"Median","39",2085,29,13,42
56,"Belgium",4,"Median","40",2085,30,16,46
56,"Belgium",4,"Median","41",2085,32,18,50
56,"Belgium",4,"Median","42",2085,35,19,54
56,"Belgium",4,"Median","43",2085,43,21,63
56,"Belgium",4,"Median","44",2085,47,24,72
56,"Belgium",4,"Median","45",2085,50,28,78
56,"Belgium",4,"Median","46",2085,52,30,82
56,"Belgium",4,"Median","47",2085,56,32,88
56,"Belgium",4,"Median","48",2085,61,35,96
56,"Belgium",4,"Median","49",2085,66,39,106
56,"Belgium",4,"Median","50",2085,72,41,113
56,"Belgium",4,"Median","51",2085,78,44,122
56,"Belgium",4,"Median","52",2085,86,49,135
56,"Belgium",4,"Median","53",2085,95,56,151
56,"Belgium",4,"Median","54",2085,104,60,163
56,"Belgium",4,"Median","55",2085,115,64,179
56,"Belgium",4,"Median","56",2085,130,71,201
56,"Belgium",4,"Median","57",2085,147,80,226
56,"Belgium",4,"Median","58",2085,164,88,252
56,"Belgium",4,"Median","59",2085,181,96,277
56,"Belgium",4,"Median","60",2085,201,105,307
56,"Belgium",4,"Median","61",2085,227,121,348
56,"Belgium",4,"Median","62",2085,266,146,412
56,"Belgium",4,"Median","63",2085,297,162,459
56,"Belgium",4,"Median","64",2085,308,165,474
56,"Belgium",4,"Median","65",2085,328,173,501
56,"Belgium",4,"Median","66",2085,350,178,528
56,"Belgium",4,"Median","67",2085,371,183,554
56,"Belgium",4,"Median","68",2085,394,195,589
56,"Belgium",4,"Median","69",2085,422,213,635
56,"Belgium",4,"Median","70",2085,441,227,669
56,"Belgium",4,"Median","71",2085,476,248,724
56,"Belgium",4,"Median","72",2085,527,276,803
56,"Belgium",4,"Median","73",2085,598,316,914
56,"Belgium",4,"Median","74",2085,645,345,989
56,"Belgium",4,"Median","75",2085,685,368,1053
56,"Belgium",4,"Median","76",2085,745,396,1141
56,"Belgium",4,"Median","77",2085,807,440,1247
56,"Belgium",4,"Median","78",2085,864,493,1357
56,"Belgium",4,"Median","79",2085,942,553,1496
56,"Belgium",4,"Median","80",2085,1027,614,1641
56,"Belgium",4,"Median","81",2085,1148,706,1853
56,"Belgium",4,"Median","82",2085,1279,814,2092
56,"Belgium",4,"Median","83",2085,1428,951,2379
56,"Belgium",4,"Median","84",2085,1658,1159,2817
56,"Belgium",4,"Median","85",2085,1908,1384,3292
56,"Belgium",4,"Median","86",2085,2187,1655,3842
56,"Belgium",4,"Median","87",2085,2479,1981,4461
56,"Belgium",4,"Median","88",2085,2802,2387,5190
56,"Belgium",4,"Median","89",2085,3061,2753,5813
56,"Belgium",4,"Median","90",2085,3311,3103,6415
56,"Belgium",4,"Median","91",2085,3579,3523,7102
56,"Belgium",4,"Median","92",2085,3838,3981,7819
56,"Belgium",4,"Median","93",2085,3933,4294,8227
56,"Belgium",4,"Median","94",2085,3850,4493,8343
56,"Belgium",4,"Median","95",2085,3613,4511,8124
56,"Belgium",4,"Median","96",2085,3216,4265,7481
56,"Belgium",4,"Median","97",2085,2745,3867,6613
56,"Belgium",4,"Median","98",2085,2265,3385,5650
56,"Belgium",4,"Median","99",2085,1773,2812,4585
56,"Belgium",4,"Median","100",2085,481,661,1142
56,"Belgium",4,"Median","101",2085,449,656,1105
56,"Belgium",4,"Median","102",2085,420,650,1070
56,"Belgium",4,"Median","103",2085,393,645,1038
56,"Belgium",4,"Median","104",2085,367,640,1007
56,"Belgium",4,"Median","105",2085,343,635,978
56,"Belgium",4,"Median","106",2085,320,630,950
56,"Belgium",4,"Median","107",2085,299,625,924
56,"Belgium",4,"Median","108",2085,280,620,900
56,"Belgium",4,"Median","109",2085,262,615,877
56,"Belgium",4,"Median","110",2085,244,610,854
56,"Belgium",4,"Median","0",2086,46,30,76
56,"Belgium",4,"Median","1",2086,5,4,9
56,"Belgium",4,"Median","2",2086,1,1,3
56,"Belgium",4,"Median","3",2086,1,1,2
56,"Belgium",4,"Median","4",2086,1,1,2
56,"Belgium",4,"Median","5",2086,1,1,2
56,"Belgium",4,"Median","6",2086,1,1,2
56,"Belgium",4,"Median","7",2086,1,1,2
56,"Belgium",4,"Median","8",2086,1,1,2
56,"Belgium",4,"Median","9",2086,1,1,2
56,"Belgium",4,"Median","10",2086,1,1,2
56,"Belgium",4,"Median","11",2086,1,1,2
56,"Belgium",4,"Median","12",2086,2,1,2
56,"Belgium",4,"Median","13",2086,2,1,3
56,"Belgium",4,"Median","14",2086,2,1,3
56,"Belgium",4,"Median","15",2086,2,1,3
56,"Belgium",4,"Median","16",2086,3,2,4
56,"Belgium",4,"Median","17",2086,4,2,7
56,"Belgium",4,"Median","18",2086,6,3,9
56,"Belgium",4,"Median","19",2086,8,3,11
56,"Belgium",4,"Median","20",2086,9,3,12
56,"Belgium",4,"Median","21",2086,10,3,13
56,"Belgium",4,"Median","22",2086,10,4,14
56,"Belgium",4,"Median","23",2086,11,4,15
56,"Belgium",4,"Median","24",2086,11,4,15
56,"Belgium",4,"Median","25",2086,12,4,16
56,"Belgium",4,"Median","26",2086,12,4,16
56,"Belgium",4,"Median","27",2086,13,5,18
56,"Belgium",4,"Median","28",2086,14,5,19
56,"Belgium",4,"Median","29",2086,14,6,20
56,"Belgium",4,"Median","30",2086,16,6,23
56,"Belgium",4,"Median","31",2086,18,7,25
56,"Belgium",4,"Median","32",2086,18,8,26
56,"Belgium",4,"Median","33",2086,18,8,26
56,"Belgium",4,"Median","34",2086,18,9,27
56,"Belgium",4,"Median","35",2086,21,10,31
56,"Belgium",4,"Median","36",2086,24,11,35
56,"Belgium",4,"Median","37",2086,26,11,37
56,"Belgium",4,"Median","38",2086,27,12,39
56,"Belgium",4,"Median","39",2086,28,13,41
56,"Belgium",4,"Median","40",2086,30,16,45
56,"Belgium",4,"Median","41",2086,31,17,49
56,"Belgium",4,"Median","42",2086,35,18,53
56,"Belgium",4,"Median","43",2086,42,20,62
56,"Belgium",4,"Median","44",2086,47,24,71
56,"Belgium",4,"Median","45",2086,49,28,77
56,"Belgium",4,"Median","46",2086,52,29,81
56,"Belgium",4,"Median","47",2086,56,31,87
56,"Belgium",4,"Median","48",2086,60,35,95
56,"Belgium",4,"Median","49",2086,66,39,105
56,"Belgium",4,"Median","50",2086,71,41,112
56,"Belgium",4,"Median","51",2086,77,43,120
56,"Belgium",4,"Median","52",2086,85,48,134
56,"Belgium",4,"Median","53",2086,94,55,149
56,"Belgium",4,"Median","54",2086,103,58,161
56,"Belgium",4,"Median","55",2086,114,63,177
56,"Belgium",4,"Median","56",2086,128,70,198
56,"Belgium",4,"Median","57",2086,144,78,222
56,"Belgium",4,"Median","58",2086,161,86,247
56,"Belgium",4,"Median","59",2086,178,93,271
56,"Belgium",4,"Median","60",2086,198,103,301
56,"Belgium",4,"Median","61",2086,224,119,342
56,"Belgium",4,"Median","62",2086,250,136,386
56,"Belgium",4,"Median","63",2086,276,150,426
56,"Belgium",4,"Median","64",2086,304,162,465
56,"Belgium",4,"Median","65",2086,324,169,493
56,"Belgium",4,"Median","66",2086,339,171,510
56,"Belgium",4,"Median","67",2086,361,178,538
56,"Belgium",4,"Median","68",2086,382,188,571
56,"Belgium",4,"Median","69",2086,410,205,615
56,"Belgium",4,"Median","70",2086,428,219,647
56,"Belgium",4,"Median","71",2086,463,239,702
56,"Belgium",4,"Median","72",2086,514,266,780
56,"Belgium",4,"Median","73",2086,581,304,885
56,"Belgium",4,"Median","74",2086,627,333,960
56,"Belgium",4,"Median","75",2086,671,358,1030
56,"Belgium",4,"Median","76",2086,734,388,1122
56,"Belgium",4,"Median","77",2086,803,433,1236
56,"Belgium",4,"Median","78",2086,869,488,1356
56,"Belgium",4,"Median","79",2086,948,554,1502
56,"Belgium",4,"Median","80",2086,1039,621,1660
56,"Belgium",4,"Median","81",2086,1168,711,1879
56,"Belgium",4,"Median","82",2086,1300,819,2119
56,"Belgium",4,"Median","83",2086,1428,942,2370
56,"Belgium",4,"Median","84",2086,1635,1131,2766
56,"Belgium",4,"Median","85",2086,1899,1363,3262
56,"Belgium",4,"Median","86",2086,2191,1633,3824
56,"Belgium",4,"Median","87",2086,2447,1923,4370
56,"Belgium",4,"Median","88",2086,2763,2316,5079
56,"Belgium",4,"Median","89",2086,3032,2706,5738
56,"Belgium",4,"Median","90",2086,3273,3062,6335
56,"Belgium",4,"Median","91",2086,3509,3410,6919
56,"Belgium",4,"Median","92",2086,3736,3824,7560
56,"Belgium",4,"Median","93",2086,3862,4198,8060
56,"Belgium",4,"Median","94",2086,3859,4466,8324
56,"Belgium",4,"Median","95",2086,3676,4561,8236
56,"Belgium",4,"Median","96",2086,3277,4323,7600
56,"Belgium",4,"Median","97",2086,2810,3934,6744
56,"Belgium",4,"Median","98",2086,2320,3464,5784
56,"Belgium",4,"Median","99",2086,1822,2881,4703
56,"Belgium",4,"Median","100",2086,477,651,1128
56,"Belgium",4,"Median","101",2086,449,650,1099
56,"Belgium",4,"Median","102",2086,422,649,1071
56,"Belgium",4,"Median","103",2086,397,649,1046
56,"Belgium",4,"Median","104",2086,373,648,1021
56,"Belgium",4,"Median","105",2086,351,647,998
56,"Belgium",4,"Median","106",2086,330,646,976
56,"Belgium",4,"Median","107",2086,310,646,956
56,"Belgium",4,"Median","108",2086,292,645,937
56,"Belgium",4,"Median","109",2086,275,644,919
56,"Belgium",4,"Median","110",2086,258,644,902
56,"Belgium",4,"Median","0",2087,45,29,75
56,"Belgium",4,"Median","1",2087,5,4,9
56,"Belgium",4,"Median","2",2087,1,1,3
56,"Belgium",4,"Median","3",2087,1,1,2
56,"Belgium",4,"Median","4",2087,1,1,2
56,"Belgium",4,"Median","5",2087,1,1,2
56,"Belgium",4,"Median","6",2087,1,1,2
56,"Belgium",4,"Median","7",2087,1,1,2
56,"Belgium",4,"Median","8",2087,1,1,2
56,"Belgium",4,"Median","9",2087,1,1,2
56,"Belgium",4,"Median","10",2087,1,1,2
56,"Belgium",4,"Median","11",2087,1,1,2
56,"Belgium",4,"Median","12",2087,2,1,2
56,"Belgium",4,"Median","13",2087,2,1,3
56,"Belgium",4,"Median","14",2087,2,1,3
56,"Belgium",4,"Median","15",2087,2,1,3
56,"Belgium",4,"Median","16",2087,3,2,4
56,"Belgium",4,"Median","17",2087,4,2,6
56,"Belgium",4,"Median","18",2087,6,3,9
56,"Belgium",4,"Median","19",2087,8,3,10
56,"Belgium",4,"Median","20",2087,9,3,12
56,"Belgium",4,"Median","21",2087,9,3,12
56,"Belgium",4,"Median","22",2087,10,4,14
56,"Belgium",4,"Median","23",2087,11,4,15
56,"Belgium",4,"Median","24",2087,11,4,15
56,"Belgium",4,"Median","25",2087,11,4,15
56,"Belgium",4,"Median","26",2087,12,4,16
56,"Belgium",4,"Median","27",2087,13,4,17
56,"Belgium",4,"Median","28",2087,13,5,18
56,"Belgium",4,"Median","29",2087,14,6,20
56,"Belgium",4,"Median","30",2087,16,6,22
56,"Belgium",4,"Median","31",2087,18,7,25
56,"Belgium",4,"Median","32",2087,18,8,26
56,"Belgium",4,"Median","33",2087,18,8,26
56,"Belgium",4,"Median","34",2087,18,8,26
56,"Belgium",4,"Median","35",2087,20,10,30
56,"Belgium",4,"Median","36",2087,23,11,34
56,"Belgium",4,"Median","37",2087,25,11,36
56,"Belgium",4,"Median","38",2087,27,11,38
56,"Belgium",4,"Median","39",2087,28,13,40
56,"Belgium",4,"Median","40",2087,29,15,44
56,"Belgium",4,"Median","41",2087,31,17,48
56,"Belgium",4,"Median","42",2087,34,18,52
56,"Belgium",4,"Median","43",2087,41,20,61
56,"Belgium",4,"Median","44",2087,46,24,70
56,"Belgium",4,"Median","45",2087,49,27,76
56,"Belgium",4,"Median","46",2087,51,29,81
56,"Belgium",4,"Median","47",2087,55,31,86
56,"Belgium",4,"Median","48",2087,60,35,95
56,"Belgium",4,"Median","49",2087,65,39,104
56,"Belgium",4,"Median","50",2087,71,41,111
56,"Belgium",4,"Median","51",2087,77,43,120
56,"Belgium",4,"Median","52",2087,84,48,132
56,"Belgium",4,"Median","53",2087,93,54,147
56,"Belgium",4,"Median","54",2087,102,58,159
56,"Belgium",4,"Median","55",2087,113,62,174
56,"Belgium",4,"Median","56",2087,127,68,195
56,"Belgium",4,"Median","57",2087,142,76,219
56,"Belgium",4,"Median","58",2087,159,84,243
56,"Belgium",4,"Median","59",2087,175,91,266
56,"Belgium",4,"Median","60",2087,195,101,295
56,"Belgium",4,"Median","61",2087,220,116,336
56,"Belgium",4,"Median","62",2087,246,134,380
56,"Belgium",4,"Median","63",2087,259,140,399
56,"Belgium",4,"Median","64",2087,282,149,431
56,"Belgium",4,"Median","65",2087,319,166,485
56,"Belgium",4,"Median","66",2087,335,168,503
56,"Belgium",4,"Median","67",2087,350,171,521
56,"Belgium",4,"Median","68",2087,372,183,555
56,"Belgium",4,"Median","69",2087,398,199,596
56,"Belgium",4,"Median","70",2087,416,212,627
56,"Belgium",4,"Median","71",2087,448,231,680
56,"Belgium",4,"Median","72",2087,500,258,758
56,"Belgium",4,"Median","73",2087,568,294,862
56,"Belgium",4,"Median","74",2087,610,321,931
56,"Belgium",4,"Median","75",2087,653,347,1001
56,"Belgium",4,"Median","76",2087,720,380,1099
56,"Belgium",4,"Median","77",2087,792,426,1218
56,"Belgium",4,"Median","78",2087,865,482,1347
56,"Belgium",4,"Median","79",2087,953,550,1503
56,"Belgium",4,"Median","80",2087,1046,624,1670
56,"Belgium",4,"Median","81",2087,1183,722,1905
56,"Belgium",4,"Median","82",2087,1324,830,2154
56,"Belgium",4,"Median","83",2087,1453,953,2406
56,"Belgium",4,"Median","84",2087,1638,1125,2764
56,"Belgium",4,"Median","85",2087,1876,1336,3212
56,"Belgium",4,"Median","86",2087,2185,1615,3800
56,"Belgium",4,"Median","87",2087,2456,1906,4362
56,"Belgium",4,"Median","88",2087,2732,2258,4990
56,"Belgium",4,"Median","89",2087,2994,2636,5630
56,"Belgium",4,"Median","90",2087,3247,3023,6270
56,"Belgium",4,"Median","91",2087,3474,3379,6854
56,"Belgium",4,"Median","92",2087,3670,3718,7388
56,"Belgium",4,"Median","93",2087,3766,4048,7815
56,"Belgium",4,"Median","94",2087,3797,4384,8180
56,"Belgium",4,"Median","95",2087,3692,4551,8243
56,"Belgium",4,"Median","96",2087,3340,4386,7727
56,"Belgium",4,"Median","97",2087,2869,4001,6870
56,"Belgium",4,"Median","98",2087,2379,3535,5915
56,"Belgium",4,"Median","99",2087,1870,2958,4828
56,"Belgium",4,"Median","100",2087,477,647,1124
56,"Belgium",4,"Median","101",2087,451,650,1101
56,"Belgium",4,"Median","102",2087,427,653,1080
56,"Belgium",4,"Median","103",2087,403,656,1059
56,"Belgium",4,"Median","104",2087,381,659,1040
56,"Belgium",4,"Median","105",2087,361,662,1023
56,"Belgium",4,"Median","106",2087,341,665,1006
56,"Belgium",4,"Median","107",2087,322,668,990
56,"Belgium",4,"Median","108",2087,305,671,976
56,"Belgium",4,"Median","109",2087,288,675,963
56,"Belgium",4,"Median","110",2087,273,678,951
56,"Belgium",4,"Median","0",2088,45,29,73
56,"Belgium",4,"Median","1",2088,5,4,8
56,"Belgium",4,"Median","2",2088,1,1,3
56,"Belgium",4,"Median","3",2088,1,1,2
56,"Belgium",4,"Median","4",2088,1,1,2
56,"Belgium",4,"Median","5",2088,1,1,2
56,"Belgium",4,"Median","6",2088,1,1,2
56,"Belgium",4,"Median","7",2088,1,1,2
56,"Belgium",4,"Median","8",2088,1,1,2
56,"Belgium",4,"Median","9",2088,1,1,2
56,"Belgium",4,"Median","10",2088,1,1,2
56,"Belgium",4,"Median","11",2088,1,1,2
56,"Belgium",4,"Median","12",2088,1,1,2
56,"Belgium",4,"Median","13",2088,2,1,3
56,"Belgium",4,"Median","14",2088,2,1,3
56,"Belgium",4,"Median","15",2088,2,1,3
56,"Belgium",4,"Median","16",2088,3,2,4
56,"Belgium",4,"Median","17",2088,4,2,6
56,"Belgium",4,"Median","18",2088,6,3,9
56,"Belgium",4,"Median","19",2088,8,3,10
56,"Belgium",4,"Median","20",2088,9,3,11
56,"Belgium",4,"Median","21",2088,9,3,12
56,"Belgium",4,"Median","22",2088,10,3,14
56,"Belgium",4,"Median","23",2088,11,4,15
56,"Belgium",4,"Median","24",2088,11,4,15
56,"Belgium",4,"Median","25",2088,11,4,15
56,"Belgium",4,"Median","26",2088,12,4,16
56,"Belgium",4,"Median","27",2088,13,4,17
56,"Belgium",4,"Median","28",2088,13,5,18
56,"Belgium",4,"Median","29",2088,14,6,19
56,"Belgium",4,"Median","30",2088,16,6,22
56,"Belgium",4,"Median","31",2088,17,7,24
56,"Belgium",4,"Median","32",2088,17,8,25
56,"Belgium",4,"Median","33",2088,17,8,25
56,"Belgium",4,"Median","34",2088,18,8,26
56,"Belgium",4,"Median","35",2088,20,9,29
56,"Belgium",4,"Median","36",2088,23,11,33
56,"Belgium",4,"Median","37",2088,25,11,35
56,"Belgium",4,"Median","38",2088,26,11,37
56,"Belgium",4,"Median","39",2088,27,12,39
56,"Belgium",4,"Median","40",2088,28,15,43
56,"Belgium",4,"Median","41",2088,30,17,47
56,"Belgium",4,"Median","42",2088,34,17,51
56,"Belgium",4,"Median","43",2088,41,19,60
56,"Belgium",4,"Median","44",2088,45,23,68
56,"Belgium",4,"Median","45",2088,48,27,75
56,"Belgium",4,"Median","46",2088,51,29,79
56,"Belgium",4,"Median","47",2088,55,30,85
56,"Belgium",4,"Median","48",2088,60,34,94
56,"Belgium",4,"Median","49",2088,65,38,103
56,"Belgium",4,"Median","50",2088,70,40,110
56,"Belgium",4,"Median","51",2088,77,42,119
56,"Belgium",4,"Median","52",2088,84,47,131
56,"Belgium",4,"Median","53",2088,92,54,146
56,"Belgium",4,"Median","54",2088,101,57,158
56,"Belgium",4,"Median","55",2088,112,61,172
56,"Belgium",4,"Median","56",2088,125,67,192
56,"Belgium",4,"Median","57",2088,141,75,215
56,"Belgium",4,"Median","58",2088,156,83,239
56,"Belgium",4,"Median","59",2088,172,89,262
56,"Belgium",4,"Median","60",2088,191,98,290
56,"Belgium",4,"Median","61",2088,216,114,330
56,"Belgium",4,"Median","62",2088,242,131,373
56,"Belgium",4,"Median","63",2088,256,137,393
56,"Belgium",4,"Median","64",2088,265,139,404
56,"Belgium",4,"Median","65",2088,296,152,449
56,"Belgium",4,"Median","66",2088,329,164,493
56,"Belgium",4,"Median","67",2088,345,167,512
56,"Belgium",4,"Median","68",2088,361,176,537
56,"Belgium",4,"Median","69",2088,387,193,580
56,"Belgium",4,"Median","70",2088,403,204,607
56,"Belgium",4,"Median","71",2088,436,223,658
56,"Belgium",4,"Median","72",2088,484,248,733
56,"Belgium",4,"Median","73",2088,552,284,836
56,"Belgium",4,"Median","74",2088,595,310,905
56,"Belgium",4,"Median","75",2088,635,334,969
56,"Belgium",4,"Median","76",2088,700,366,1067
56,"Belgium",4,"Median","77",2088,777,415,1191
56,"Belgium",4,"Median","78",2088,852,473,1325
56,"Belgium",4,"Median","79",2088,949,542,1491
56,"Belgium",4,"Median","80",2088,1052,618,1670
56,"Belgium",4,"Median","81",2088,1191,724,1916
56,"Belgium",4,"Median","82",2088,1342,840,2183
56,"Belgium",4,"Median","83",2088,1482,962,2444
56,"Belgium",4,"Median","84",2088,1669,1136,2805
56,"Belgium",4,"Median","85",2088,1882,1327,3209
56,"Belgium",4,"Median","86",2088,2162,1581,3742
56,"Belgium",4,"Median","87",2088,2453,1883,4335
56,"Belgium",4,"Median","88",2088,2747,2236,4983
56,"Belgium",4,"Median","89",2088,2965,2569,5533
56,"Belgium",4,"Median","90",2088,3212,2943,6155
56,"Belgium",4,"Median","91",2088,3453,3336,6789
56,"Belgium",4,"Median","92",2088,3641,3685,7326
56,"Belgium",4,"Median","93",2088,3706,3938,7644
56,"Belgium",4,"Median","94",2088,3709,4230,7939
56,"Belgium",4,"Median","95",2088,3640,4472,8112
56,"Belgium",4,"Median","96",2088,3361,4381,7743
56,"Belgium",4,"Median","97",2088,2930,4064,6994
56,"Belgium",4,"Median","98",2088,2434,3601,6035
56,"Belgium",4,"Median","99",2088,1922,3023,4945
56,"Belgium",4,"Median","100",2088,480,646,1126
56,"Belgium",4,"Median","101",2088,456,653,1109
56,"Belgium",4,"Median","102",2088,433,659,1092
56,"Belgium",4,"Median","103",2088,411,666,1077
56,"Belgium",4,"Median","104",2088,391,672,1063
56,"Belgium",4,"Median","105",2088,371,679,1050
56,"Belgium",4,"Median","106",2088,353,686,1039
56,"Belgium",4,"Median","107",2088,335,693,1028
56,"Belgium",4,"Median","108",2088,318,700,1018
56,"Belgium",4,"Median","109",2088,302,707,1009
56,"Belgium",4,"Median","110",2088,287,714,1001
56,"Belgium",4,"Median","0",2089,44,28,72
56,"Belgium",4,"Median","1",2089,5,4,8
56,"Belgium",4,"Median","2",2089,1,1,2
56,"Belgium",4,"Median","3",2089,1,1,2
56,"Belgium",4,"Median","4",2089,1,1,2
56,"Belgium",4,"Median","5",2089,1,1,2
56,"Belgium",4,"Median","6",2089,1,1,2
56,"Belgium",4,"Median","7",2089,1,1,2
56,"Belgium",4,"Median","8",2089,1,1,2
56,"Belgium",4,"Median","9",2089,1,1,2
56,"Belgium",4,"Median","10",2089,1,1,2
56,"Belgium",4,"Median","11",2089,1,1,2
56,"Belgium",4,"Median","12",2089,1,1,2
56,"Belgium",4,"Median","13",2089,2,1,3
56,"Belgium",4,"Median","14",2089,2,1,3
56,"Belgium",4,"Median","15",2089,2,1,3
56,"Belgium",4,"Median","16",2089,3,2,4
56,"Belgium",4,"Median","17",2089,4,2,6
56,"Belgium",4,"Median","18",2089,6,3,9
56,"Belgium",4,"Median","19",2089,8,3,10
56,"Belgium",4,"Median","20",2089,9,2,11
56,"Belgium",4,"Median","21",2089,9,3,12
56,"Belgium",4,"Median","22",2089,10,3,13
56,"Belgium",4,"Median","23",2089,11,4,14
56,"Belgium",4,"Median","24",2089,11,4,15
56,"Belgium",4,"Median","25",2089,11,4,15
56,"Belgium",4,"Median","26",2089,12,4,16
56,"Belgium",4,"Median","27",2089,12,4,17
56,"Belgium",4,"Median","28",2089,13,5,18
56,"Belgium",4,"Median","29",2089,14,5,19
56,"Belgium",4,"Median","30",2089,15,6,21
56,"Belgium",4,"Median","31",2089,17,7,24
56,"Belgium",4,"Median","32",2089,17,7,25
56,"Belgium",4,"Median","33",2089,17,8,24
56,"Belgium",4,"Median","34",2089,17,8,25
56,"Belgium",4,"Median","35",2089,19,9,28
56,"Belgium",4,"Median","36",2089,22,10,33
56,"Belgium",4,"Median","37",2089,24,10,34
56,"Belgium",4,"Median","38",2089,25,11,36
56,"Belgium",4,"Median","39",2089,26,12,39
56,"Belgium",4,"Median","40",2089,28,15,42
56,"Belgium",4,"Median","41",2089,30,16,46
56,"Belgium",4,"Median","42",2089,33,17,50
56,"Belgium",4,"Median","43",2089,40,19,59
56,"Belgium",4,"Median","44",2089,45,22,67
56,"Belgium",4,"Median","45",2089,47,26,73
56,"Belgium",4,"Median","46",2089,50,28,78
56,"Belgium",4,"Median","47",2089,54,30,84
56,"Belgium",4,"Median","48",2089,59,33,93
56,"Belgium",4,"Median","49",2089,64,38,102
56,"Belgium",4,"Median","50",2089,70,39,109
56,"Belgium",4,"Median","51",2089,76,41,118
56,"Belgium",4,"Median","52",2089,83,47,130
56,"Belgium",4,"Median","53",2089,92,53,145
56,"Belgium",4,"Median","54",2089,100,56,156
56,"Belgium",4,"Median","55",2089,111,60,170
56,"Belgium",4,"Median","56",2089,124,66,190
56,"Belgium",4,"Median","57",2089,139,74,213
56,"Belgium",4,"Median","58",2089,154,81,236
56,"Belgium",4,"Median","59",2089,170,87,257
56,"Belgium",4,"Median","60",2089,188,96,285
56,"Belgium",4,"Median","61",2089,212,111,323
56,"Belgium",4,"Median","62",2089,238,127,366
56,"Belgium",4,"Median","63",2089,251,134,385
56,"Belgium",4,"Median","64",2089,261,136,397
56,"Belgium",4,"Median","65",2089,278,142,420
56,"Belgium",4,"Median","66",2089,306,150,456
56,"Belgium",4,"Median","67",2089,339,163,502
56,"Belgium",4,"Median","68",2089,356,171,527
56,"Belgium",4,"Median","69",2089,375,185,560
56,"Belgium",4,"Median","70",2089,392,197,590
56,"Belgium",4,"Median","71",2089,422,214,637
56,"Belgium",4,"Median","72",2089,471,239,710
56,"Belgium",4,"Median","73",2089,535,273,808
56,"Belgium",4,"Median","74",2089,579,299,878
56,"Belgium",4,"Median","75",2089,620,321,941
56,"Belgium",4,"Median","76",2089,681,352,1033
56,"Belgium",4,"Median","77",2089,756,401,1156
56,"Belgium",4,"Median","78",2089,836,460,1296
56,"Belgium",4,"Median","79",2089,936,532,1468
56,"Belgium",4,"Median","80",2089,1048,609,1657
56,"Belgium",4,"Median","81",2089,1200,718,1918
56,"Belgium",4,"Median","82",2089,1353,844,2197
56,"Belgium",4,"Median","83",2089,1503,976,2479
56,"Belgium",4,"Median","84",2089,1704,1149,2854
56,"Belgium",4,"Median","85",2089,1919,1342,3262
56,"Belgium",4,"Median","86",2089,2171,1573,3745
56,"Belgium",4,"Median","87",2089,2429,1846,4275
56,"Belgium",4,"Median","88",2089,2747,2214,4961
56,"Belgium",4,"Median","89",2089,2985,2548,5533
56,"Belgium",4,"Median","90",2089,3185,2874,6059
56,"Belgium",4,"Median","91",2089,3421,3255,6676
56,"Belgium",4,"Median","92",2089,3626,3646,7271
56,"Belgium",4,"Median","93",2089,3683,3911,7595
56,"Belgium",4,"Median","94",2089,3657,4124,7782
56,"Belgium",4,"Median","95",2089,3564,4327,7891
56,"Belgium",4,"Median","96",2089,3320,4316,7636
56,"Belgium",4,"Median","97",2089,2954,4070,7024
56,"Belgium",4,"Median","98",2089,2491,3667,6158
56,"Belgium",4,"Median","99",2089,1969,3087,5056
56,"Belgium",4,"Median","100",2089,486,649,1135
56,"Belgium",4,"Median","101",2089,463,658,1121
56,"Belgium",4,"Median","102",2089,442,668,1110
56,"Belgium",4,"Median","103",2089,421,677,1098
56,"Belgium",4,"Median","104",2089,401,687,1088
56,"Belgium",4,"Median","105",2089,382,697,1079
56,"Belgium",4,"Median","106",2089,365,707,1072
56,"Belgium",4,"Median","107",2089,347,717,1064
56,"Belgium",4,"Median","108",2089,331,728,1059
56,"Belgium",4,"Median","109",2089,316,738,1054
56,"Belgium",4,"Median","110",2089,301,749,1050
56,"Belgium",4,"Median","0",2090,43,27,70
56,"Belgium",4,"Median","1",2090,5,3,8
56,"Belgium",4,"Median","2",2090,1,1,2
56,"Belgium",4,"Median","3",2090,1,1,2
56,"Belgium",4,"Median","4",2090,1,1,2
56,"Belgium",4,"Median","5",2090,1,1,2
56,"Belgium",4,"Median","6",2090,1,1,2
56,"Belgium",4,"Median","7",2090,1,1,2
56,"Belgium",4,"Median","8",2090,1,1,2
56,"Belgium",4,"Median","9",2090,1,1,2
56,"Belgium",4,"Median","10",2090,1,0,2
56,"Belgium",4,"Median","11",2090,1,1,2
56,"Belgium",4,"Median","12",2090,1,1,2
56,"Belgium",4,"Median","13",2090,2,1,3
56,"Belgium",4,"Median","14",2090,2,1,3
56,"Belgium",4,"Median","15",2090,2,1,3
56,"Belgium",4,"Median","16",2090,3,2,4
56,"Belgium",4,"Median","17",2090,4,2,6
56,"Belgium",4,"Median","18",2090,6,3,9
56,"Belgium",4,"Median","19",2090,7,3,10
56,"Belgium",4,"Median","20",2090,9,2,11
56,"Belgium",4,"Median","21",2090,9,3,12
56,"Belgium",4,"Median","22",2090,10,3,13
56,"Belgium",4,"Median","23",2090,11,4,14
56,"Belgium",4,"Median","24",2090,11,4,14
56,"Belgium",4,"Median","25",2090,11,4,15
56,"Belgium",4,"Median","26",2090,12,4,15
56,"Belgium",4,"Median","27",2090,12,4,16
56,"Belgium",4,"Median","28",2090,13,5,17
56,"Belgium",4,"Median","29",2090,13,5,19
56,"Belgium",4,"Median","30",2090,15,6,21
56,"Belgium",4,"Median","31",2090,17,6,23
56,"Belgium",4,"Median","32",2090,17,7,24
56,"Belgium",4,"Median","33",2090,16,7,24
56,"Belgium",4,"Median","34",2090,17,8,25
56,"Belgium",4,"Median","35",2090,19,9,28
56,"Belgium",4,"Median","36",2090,22,10,32
56,"Belgium",4,"Median","37",2090,23,10,34
56,"Belgium",4,"Median","38",2090,25,10,35
56,"Belgium",4,"Median","39",2090,26,12,38
56,"Belgium",4,"Median","40",2090,27,14,41
56,"Belgium",4,"Median","41",2090,29,16,45
56,"Belgium",4,"Median","42",2090,32,16,49
56,"Belgium",4,"Median","43",2090,39,18,58
56,"Belgium",4,"Median","44",2090,44,22,66
56,"Belgium",4,"Median","45",2090,46,26,72
56,"Belgium",4,"Median","46",2090,49,27,77
56,"Belgium",4,"Median","47",2090,54,29,83
56,"Belgium",4,"Median","48",2090,58,33,91
56,"Belgium",4,"Median","49",2090,64,37,101
56,"Belgium",4,"Median","50",2090,69,39,108
56,"Belgium",4,"Median","51",2090,76,41,117
56,"Belgium",4,"Median","52",2090,83,46,129
56,"Belgium",4,"Median","53",2090,91,52,143
56,"Belgium",4,"Median","54",2090,100,55,155
56,"Belgium",4,"Median","55",2090,110,59,169
56,"Belgium",4,"Median","56",2090,123,65,188
56,"Belgium",4,"Median","57",2090,138,72,210
56,"Belgium",4,"Median","58",2090,153,80,232
56,"Belgium",4,"Median","59",2090,168,86,253
56,"Belgium",4,"Median","60",2090,186,94,280
56,"Belgium",4,"Median","61",2090,209,108,318
56,"Belgium",4,"Median","62",2090,234,124,359
56,"Belgium",4,"Median","63",2090,247,130,377
56,"Belgium",4,"Median","64",2090,256,133,389
56,"Belgium",4,"Median","65",2090,274,139,413
56,"Belgium",4,"Median","66",2090,287,140,427
56,"Belgium",4,"Median","67",2090,315,150,465
56,"Belgium",4,"Median","68",2090,350,167,517
56,"Belgium",4,"Median","69",2090,370,180,550
56,"Belgium",4,"Median","70",2090,380,189,569
56,"Belgium",4,"Median","71",2090,411,207,618
56,"Belgium",4,"Median","72",2090,456,230,686
56,"Belgium",4,"Median","73",2090,520,263,783
56,"Belgium",4,"Median","74",2090,561,288,849
56,"Belgium",4,"Median","75",2090,602,310,912
56,"Belgium",4,"Median","76",2090,664,339,1003
56,"Belgium",4,"Median","77",2090,734,385,1119
56,"Belgium",4,"Median","78",2090,814,445,1258
56,"Belgium",4,"Median","79",2090,919,518,1437
56,"Belgium",4,"Median","80",2090,1034,598,1632
56,"Belgium",4,"Median","81",2090,1197,708,1905
56,"Belgium",4,"Median","82",2090,1364,837,2201
56,"Belgium",4,"Median","83",2090,1517,981,2497
56,"Belgium",4,"Median","84",2090,1731,1167,2898
56,"Belgium",4,"Median","85",2090,1962,1360,3322
56,"Belgium",4,"Median","86",2090,2218,1594,3812
56,"Belgium",4,"Median","87",2090,2444,1840,4284
56,"Belgium",4,"Median","88",2090,2725,2175,4900
56,"Belgium",4,"Median","89",2090,2990,2527,5517
56,"Belgium",4,"Median","90",2090,3212,2856,6068
56,"Belgium",4,"Median","91",2090,3399,3185,6584
56,"Belgium",4,"Median","92",2090,3599,3566,7165
56,"Belgium",4,"Median","93",2090,3675,3879,7553
56,"Belgium",4,"Median","94",2090,3642,4107,7749
56,"Belgium",4,"Median","95",2090,3521,4230,7751
56,"Belgium",4,"Median","96",2090,3257,4186,7443
56,"Belgium",4,"Median","97",2090,2923,4019,6942
56,"Belgium",4,"Median","98",2090,2516,3681,6197
56,"Belgium",4,"Median","99",2090,2019,3152,5170
56,"Belgium",4,"Median","100",2090,498,658,1156
56,"Belgium",4,"Median","101",2090,475,669,1144
56,"Belgium",4,"Median","102",2090,453,681,1134
56,"Belgium",4,"Median","103",2090,432,692,1124
56,"Belgium",4,"Median","104",2090,413,704,1117
56,"Belgium",4,"Median","105",2090,394,716,1110
56,"Belgium",4,"Median","106",2090,376,728,1104
56,"Belgium",4,"Median","107",2090,359,740,1099
56,"Belgium",4,"Median","108",2090,342,753,1095
56,"Belgium",4,"Median","109",2090,327,765,1092
56,"Belgium",4,"Median","110",2090,312,778,1090
56,"Belgium",4,"Median","0",2091,42,27,69
56,"Belgium",4,"Median","1",2091,5,3,8
56,"Belgium",4,"Median","2",2091,1,1,2
56,"Belgium",4,"Median","3",2091,1,1,2
56,"Belgium",4,"Median","4",2091,1,1,2
56,"Belgium",4,"Median","5",2091,1,1,2
56,"Belgium",4,"Median","6",2091,1,1,2
56,"Belgium",4,"Median","7",2091,1,1,2
56,"Belgium",4,"Median","8",2091,1,1,2
56,"Belgium",4,"Median","9",2091,1,1,2
56,"Belgium",4,"Median","10",2091,1,0,2
56,"Belgium",4,"Median","11",2091,1,1,2
56,"Belgium",4,"Median","12",2091,1,1,2
56,"Belgium",4,"Median","13",2091,2,1,2
56,"Belgium",4,"Median","14",2091,2,1,3
56,"Belgium",4,"Median","15",2091,2,1,3
56,"Belgium",4,"Median","16",2091,3,2,4
56,"Belgium",4,"Median","17",2091,4,2,6
56,"Belgium",4,"Median","18",2091,6,3,8
56,"Belgium",4,"Median","19",2091,7,3,10
56,"Belgium",4,"Median","20",2091,9,2,11
56,"Belgium",4,"Median","21",2091,9,3,12
56,"Belgium",4,"Median","22",2091,10,3,13
56,"Belgium",4,"Median","23",2091,11,3,14
56,"Belgium",4,"Median","24",2091,11,4,14
56,"Belgium",4,"Median","25",2091,11,4,14
56,"Belgium",4,"Median","26",2091,11,4,15
56,"Belgium",4,"Median","27",2091,12,4,16
56,"Belgium",4,"Median","28",2091,12,5,17
56,"Belgium",4,"Median","29",2091,13,5,18
56,"Belgium",4,"Median","30",2091,15,6,20
56,"Belgium",4,"Median","31",2091,16,6,23
56,"Belgium",4,"Median","32",2091,16,7,23
56,"Belgium",4,"Median","33",2091,16,7,23
56,"Belgium",4,"Median","34",2091,16,8,24
56,"Belgium",4,"Median","35",2091,18,9,27
56,"Belgium",4,"Median","36",2091,21,10,31
56,"Belgium",4,"Median","37",2091,23,10,33
56,"Belgium",4,"Median","38",2091,24,10,34
56,"Belgium",4,"Median","39",2091,25,11,37
56,"Belgium",4,"Median","40",2091,27,14,40
56,"Belgium",4,"Median","41",2091,28,15,44
56,"Belgium",4,"Median","42",2091,32,16,48
56,"Belgium",4,"Median","43",2091,38,18,56
56,"Belgium",4,"Median","44",2091,43,21,64
56,"Belgium",4,"Median","45",2091,46,25,71
56,"Belgium",4,"Median","46",2091,49,27,75
56,"Belgium",4,"Median","47",2091,53,29,81
56,"Belgium",4,"Median","48",2091,58,32,90
56,"Belgium",4,"Median","49",2091,63,36,100
56,"Belgium",4,"Median","50",2091,69,38,107
56,"Belgium",4,"Median","51",2091,75,40,115
56,"Belgium",4,"Median","52",2091,82,46,128
56,"Belgium",4,"Median","53",2091,91,52,142
56,"Belgium",4,"Median","54",2091,99,55,154
56,"Belgium",4,"Median","55",2091,109,58,168
56,"Belgium",4,"Median","56",2091,122,64,186
56,"Belgium",4,"Median","57",2091,136,72,208
56,"Belgium",4,"Median","58",2091,151,79,230
56,"Belgium",4,"Median","59",2091,166,84,250
56,"Belgium",4,"Median","60",2091,183,93,276
56,"Belgium",4,"Median","61",2091,206,106,313
56,"Belgium",4,"Median","62",2091,231,122,353
56,"Belgium",4,"Median","63",2091,243,128,371
56,"Belgium",4,"Median","64",2091,252,130,382
56,"Belgium",4,"Median","65",2091,269,136,405
56,"Belgium",4,"Median","66",2091,282,137,420
56,"Belgium",4,"Median","67",2091,296,140,435
56,"Belgium",4,"Median","68",2091,325,154,478
56,"Belgium",4,"Median","69",2091,363,176,539
56,"Belgium",4,"Median","70",2091,375,185,559
56,"Belgium",4,"Median","71",2091,398,200,598
56,"Belgium",4,"Median","72",2091,444,224,668
56,"Belgium",4,"Median","73",2091,505,255,759
56,"Belgium",4,"Median","74",2091,545,278,824
56,"Belgium",4,"Median","75",2091,584,300,884
56,"Belgium",4,"Median","76",2091,646,328,974
56,"Belgium",4,"Median","77",2091,717,372,1090
56,"Belgium",4,"Median","78",2091,791,429,1221
56,"Belgium",4,"Median","79",2091,895,503,1398
56,"Belgium",4,"Median","80",2091,1016,585,1601
56,"Belgium",4,"Median","81",2091,1182,699,1881
56,"Belgium",4,"Median","82",2091,1362,830,2191
56,"Belgium",4,"Median","83",2091,1530,978,2508
56,"Belgium",4,"Median","84",2091,1749,1179,2928
56,"Belgium",4,"Median","85",2091,1996,1388,3383
56,"Belgium",4,"Median","86",2091,2271,1623,3894
56,"Belgium",4,"Median","87",2091,2500,1874,4374
56,"Belgium",4,"Median","88",2091,2747,2178,4925
56,"Belgium",4,"Median","89",2091,2971,2494,5465
56,"Belgium",4,"Median","90",2091,3223,2844,6067
56,"Belgium",4,"Median","91",2091,3434,3179,6613
56,"Belgium",4,"Median","92",2091,3582,3504,7087
56,"Belgium",4,"Median","93",2091,3655,3809,7464
56,"Belgium",4,"Median","94",2091,3641,4089,7729
56,"Belgium",4,"Median","95",2091,3514,4229,7743
56,"Belgium",4,"Median","96",2091,3224,4107,7331
56,"Belgium",4,"Median","97",2091,2873,3911,6784
56,"Belgium",4,"Median","98",2091,2495,3647,6142
56,"Belgium",4,"Median","99",2091,2043,3174,5217
56,"Belgium",4,"Median","100",2091,514,677,1191
56,"Belgium",4,"Median","101",2091,490,688,1178
56,"Belgium",4,"Median","102",2091,467,700,1167
56,"Belgium",4,"Median","103",2091,446,711,1157
56,"Belgium",4,"Median","104",2091,425,723,1148
56,"Belgium",4,"Median","105",2091,405,736,1141
56,"Belgium",4,"Median","106",2091,386,748,1134
56,"Belgium",4,"Median","107",2091,368,761,1129
56,"Belgium",4,"Median","108",2091,351,773,1124
56,"Belgium",4,"Median","109",2091,335,786,1121
56,"Belgium",4,"Median","110",2091,319,800,1119
56,"Belgium",4,"Median","0",2092,42,26,68
56,"Belgium",4,"Median","1",2092,4,3,8
56,"Belgium",4,"Median","2",2092,1,1,2
56,"Belgium",4,"Median","3",2092,1,1,2
56,"Belgium",4,"Median","4",2092,1,1,2
56,"Belgium",4,"Median","5",2092,1,1,2
56,"Belgium",4,"Median","6",2092,1,1,2
56,"Belgium",4,"Median","7",2092,1,1,2
56,"Belgium",4,"Median","8",2092,1,1,2
56,"Belgium",4,"Median","9",2092,1,1,2
56,"Belgium",4,"Median","10",2092,1,0,1
56,"Belgium",4,"Median","11",2092,1,1,2
56,"Belgium",4,"Median","12",2092,1,1,2
56,"Belgium",4,"Median","13",2092,1,1,2
56,"Belgium",4,"Median","14",2092,2,1,3
56,"Belgium",4,"Median","15",2092,2,1,3
56,"Belgium",4,"Median","16",2092,3,1,4
56,"Belgium",4,"Median","17",2092,4,2,6
56,"Belgium",4,"Median","18",2092,6,3,8
56,"Belgium",4,"Median","19",2092,7,3,10
56,"Belgium",4,"Median","20",2092,9,2,11
56,"Belgium",4,"Median","21",2092,9,3,12
56,"Belgium",4,"Median","22",2092,10,3,13
56,"Belgium",4,"Median","23",2092,10,3,14
56,"Belgium",4,"Median","24",2092,11,3,14
56,"Belgium",4,"Median","25",2092,11,4,14
56,"Belgium",4,"Median","26",2092,11,4,15
56,"Belgium",4,"Median","27",2092,12,4,16
56,"Belgium",4,"Median","28",2092,12,4,17
56,"Belgium",4,"Median","29",2092,13,5,18
56,"Belgium",4,"Median","30",2092,14,5,20
56,"Belgium",4,"Median","31",2092,16,6,22
56,"Belgium",4,"Median","32",2092,16,7,23
56,"Belgium",4,"Median","33",2092,16,7,23
56,"Belgium",4,"Median","34",2092,16,7,23
56,"Belgium",4,"Median","35",2092,18,8,26
56,"Belgium",4,"Median","36",2092,21,10,30
56,"Belgium",4,"Median","37",2092,22,10,32
56,"Belgium",4,"Median","38",2092,24,10,33
56,"Belgium",4,"Median","39",2092,25,11,36
56,"Belgium",4,"Median","40",2092,26,13,39
56,"Belgium",4,"Median","41",2092,28,15,43
56,"Belgium",4,"Median","42",2092,31,16,47
56,"Belgium",4,"Median","43",2092,38,17,55
56,"Belgium",4,"Median","44",2092,42,21,63
56,"Belgium",4,"Median","45",2092,45,24,69
56,"Belgium",4,"Median","46",2092,48,26,74
56,"Belgium",4,"Median","47",2092,52,28,80
56,"Belgium",4,"Median","48",2092,57,32,88
56,"Belgium",4,"Median","49",2092,62,36,98
56,"Belgium",4,"Median","50",2092,68,38,106
56,"Belgium",4,"Median","51",2092,74,40,114
56,"Belgium",4,"Median","52",2092,82,45,127
56,"Belgium",4,"Median","53",2092,90,51,141
56,"Belgium",4,"Median","54",2092,98,54,153
56,"Belgium",4,"Median","55",2092,108,58,166
56,"Belgium",4,"Median","56",2092,121,63,185
56,"Belgium",4,"Median","57",2092,135,71,206
56,"Belgium",4,"Median","58",2092,150,77,227
56,"Belgium",4,"Median","59",2092,164,83,247
56,"Belgium",4,"Median","60",2092,181,91,272
56,"Belgium",4,"Median","61",2092,204,104,308
56,"Belgium",4,"Median","62",2092,228,120,347
56,"Belgium",4,"Median","63",2092,239,125,364
56,"Belgium",4,"Median","64",2092,248,127,374
56,"Belgium",4,"Median","65",2092,264,132,397
56,"Belgium",4,"Median","66",2092,277,134,411
56,"Belgium",4,"Median","67",2092,291,136,427
56,"Belgium",4,"Median","68",2092,305,143,448
56,"Belgium",4,"Median","69",2092,337,162,499
56,"Belgium",4,"Median","70",2092,368,180,548
56,"Belgium",4,"Median","71",2092,392,194,587
56,"Belgium",4,"Median","72",2092,430,214,644
56,"Belgium",4,"Median","73",2092,491,247,738
56,"Belgium",4,"Median","74",2092,529,268,797
56,"Belgium",4,"Median","75",2092,567,289,856
56,"Belgium",4,"Median","76",2092,626,316,942
56,"Belgium",4,"Median","77",2092,697,359,1056
56,"Belgium",4,"Median","78",2092,773,413,1186
56,"Belgium",4,"Median","79",2092,870,484,1354
56,"Belgium",4,"Median","80",2092,990,566,1555
56,"Belgium",4,"Median","81",2092,1162,682,1844
56,"Belgium",4,"Median","82",2092,1346,817,2163
56,"Belgium",4,"Median","83",2092,1529,966,2495
56,"Belgium",4,"Median","84",2092,1766,1173,2940
56,"Belgium",4,"Median","85",2092,2019,1399,3418
56,"Belgium",4,"Median","86",2092,2313,1654,3967
56,"Belgium",4,"Median","87",2092,2563,1905,4468
56,"Belgium",4,"Median","88",2092,2814,2216,5030
56,"Belgium",4,"Median","89",2092,2998,2495,5493
56,"Belgium",4,"Median","90",2092,3207,2805,6012
56,"Belgium",4,"Median","91",2092,3451,3165,6616
56,"Belgium",4,"Median","92",2092,3626,3498,7124
56,"Belgium",4,"Median","93",2092,3644,3744,7388
56,"Belgium",4,"Median","94",2092,3627,4017,7645
56,"Belgium",4,"Median","95",2092,3520,4214,7734
56,"Belgium",4,"Median","96",2092,3224,4110,7333
56,"Belgium",4,"Median","97",2092,2850,3842,6691
56,"Belgium",4,"Median","98",2092,2457,3555,6011
56,"Belgium",4,"Median","99",2092,2030,3149,5179
56,"Belgium",4,"Median","100",2092,530,694,1224
56,"Belgium",4,"Median","101",2092,505,705,1210
56,"Belgium",4,"Median","102",2092,481,717,1198
56,"Belgium",4,"Median","103",2092,458,728,1186
56,"Belgium",4,"Median","104",2092,436,740,1176
56,"Belgium",4,"Median","105",2092,415,752,1167
56,"Belgium",4,"Median","106",2092,395,764,1159
56,"Belgium",4,"Median","107",2092,376,777,1153
56,"Belgium",4,"Median","108",2092,358,789,1147
56,"Belgium",4,"Median","109",2092,341,802,1143
56,"Belgium",4,"Median","110",2092,325,815,1140
56,"Belgium",4,"Median","0",2093,41,25,67
56,"Belgium",4,"Median","1",2093,4,3,8
56,"Belgium",4,"Median","2",2093,1,1,2
56,"Belgium",4,"Median","3",2093,1,1,2
56,"Belgium",4,"Median","4",2093,1,1,2
56,"Belgium",4,"Median","5",2093,1,1,2
56,"Belgium",4,"Median","6",2093,1,1,2
56,"Belgium",4,"Median","7",2093,1,1,2
56,"Belgium",4,"Median","8",2093,1,1,2
56,"Belgium",4,"Median","9",2093,1,1,1
56,"Belgium",4,"Median","10",2093,1,0,1
56,"Belgium",4,"Median","11",2093,1,1,2
56,"Belgium",4,"Median","12",2093,1,1,2
56,"Belgium",4,"Median","13",2093,1,1,2
56,"Belgium",4,"Median","14",2093,2,1,2
56,"Belgium",4,"Median","15",2093,2,1,3
56,"Belgium",4,"Median","16",2093,3,1,4
56,"Belgium",4,"Median","17",2093,4,2,6
56,"Belgium",4,"Median","18",2093,5,3,8
56,"Belgium",4,"Median","19",2093,7,2,10
56,"Belgium",4,"Median","20",2093,8,2,11
56,"Belgium",4,"Median","21",2093,9,3,12
56,"Belgium",4,"Median","22",2093,10,3,13
56,"Belgium",4,"Median","23",2093,10,3,14
56,"Belgium",4,"Median","24",2093,11,3,14
56,"Belgium",4,"Median","25",2093,11,3,14
56,"Belgium",4,"Median","26",2093,11,4,15
56,"Belgium",4,"Median","27",2093,12,4,16
56,"Belgium",4,"Median","28",2093,12,4,16
56,"Belgium",4,"Median","29",2093,13,5,18
56,"Belgium",4,"Median","30",2093,14,5,20
56,"Belgium",4,"Median","31",2093,16,6,22
56,"Belgium",4,"Median","32",2093,16,7,23
56,"Belgium",4,"Median","33",2093,15,7,22
56,"Belgium",4,"Median","34",2093,16,7,23
56,"Belgium",4,"Median","35",2093,18,8,26
56,"Belgium",4,"Median","36",2093,20,9,29
56,"Belgium",4,"Median","37",2093,22,9,31
56,"Belgium",4,"Median","38",2093,23,9,32
56,"Belgium",4,"Median","39",2093,24,11,35
56,"Belgium",4,"Median","40",2093,25,13,38
56,"Belgium",4,"Median","41",2093,27,14,41
56,"Belgium",4,"Median","42",2093,30,15,45
56,"Belgium",4,"Median","43",2093,37,17,54
56,"Belgium",4,"Median","44",2093,41,20,61
56,"Belgium",4,"Median","45",2093,44,24,67
56,"Belgium",4,"Median","46",2093,47,25,72
56,"Belgium",4,"Median","47",2093,51,27,78
56,"Belgium",4,"Median","48",2093,56,31,87
56,"Belgium",4,"Median","49",2093,61,35,96
56,"Belgium",4,"Median","50",2093,67,37,104
56,"Belgium",4,"Median","51",2093,74,39,113
56,"Belgium",4,"Median","52",2093,81,44,125
56,"Belgium",4,"Median","53",2093,89,50,139
56,"Belgium",4,"Median","54",2093,98,53,151
56,"Belgium",4,"Median","55",2093,108,57,165
56,"Belgium",4,"Median","56",2093,121,62,183
56,"Belgium",4,"Median","57",2093,135,69,204
56,"Belgium",4,"Median","58",2093,149,76,225
56,"Belgium",4,"Median","59",2093,163,82,244
56,"Belgium",4,"Median","60",2093,180,89,269
56,"Belgium",4,"Median","61",2093,201,102,304
56,"Belgium",4,"Median","62",2093,225,117,342
56,"Belgium",4,"Median","63",2093,236,122,358
56,"Belgium",4,"Median","64",2093,244,123,367
56,"Belgium",4,"Median","65",2093,260,128,388
56,"Belgium",4,"Median","66",2093,272,130,402
56,"Belgium",4,"Median","67",2093,285,132,418
56,"Belgium",4,"Median","68",2093,299,139,438
56,"Belgium",4,"Median","69",2093,316,150,466
56,"Belgium",4,"Median","70",2093,341,165,505
56,"Belgium",4,"Median","71",2093,385,188,574
56,"Belgium",4,"Median","72",2093,424,208,632
56,"Belgium",4,"Median","73",2093,476,235,711
56,"Belgium",4,"Median","74",2093,515,258,773
56,"Belgium",4,"Median","75",2093,550,277,827
56,"Belgium",4,"Median","76",2093,608,303,911
56,"Belgium",4,"Median","77",2093,676,344,1020
56,"Belgium",4,"Median","78",2093,752,397,1149
56,"Belgium",4,"Median","79",2093,851,464,1315
56,"Belgium",4,"Median","80",2093,963,543,1506
56,"Belgium",4,"Median","81",2093,1133,658,1791
56,"Belgium",4,"Median","82",2093,1324,795,2119
56,"Belgium",4,"Median","83",2093,1513,949,2461
56,"Belgium",4,"Median","84",2093,1767,1157,2925
56,"Belgium",4,"Median","85",2093,2042,1390,3432
56,"Belgium",4,"Median","86",2093,2343,1666,4009
56,"Belgium",4,"Median","87",2093,2614,1939,4553
56,"Belgium",4,"Median","88",2093,2890,2252,5142
56,"Belgium",4,"Median","89",2093,3076,2537,5613
56,"Belgium",4,"Median","90",2093,3241,2806,6048
56,"Belgium",4,"Median","91",2093,3440,3122,6562
56,"Belgium",4,"Median","92",2093,3651,3485,7136
56,"Belgium",4,"Median","93",2093,3695,3739,7434
56,"Belgium",4,"Median","94",2093,3624,3952,7576
56,"Belgium",4,"Median","95",2093,3514,4147,7661
56,"Belgium",4,"Median","96",2093,3235,4101,7336
56,"Belgium",4,"Median","97",2093,2854,3850,6704
56,"Belgium",4,"Median","98",2093,2441,3498,5939
56,"Belgium",4,"Median","99",2093,2003,3074,5077
56,"Belgium",4,"Median","100",2093,543,708,1251
56,"Belgium",4,"Median","101",2093,516,719,1235
56,"Belgium",4,"Median","102",2093,490,730,1220
56,"Belgium",4,"Median","103",2093,466,741,1207
56,"Belgium",4,"Median","104",2093,443,752,1195
56,"Belgium",4,"Median","105",2093,421,763,1184
56,"Belgium",4,"Median","106",2093,400,774,1174
56,"Belgium",4,"Median","107",2093,380,786,1166
56,"Belgium",4,"Median","108",2093,361,797,1158
56,"Belgium",4,"Median","109",2093,343,809,1152
56,"Belgium",4,"Median","110",2093,326,821,1147
56,"Belgium",4,"Median","0",2094,41,25,66
56,"Belgium",4,"Median","1",2094,4,3,7
56,"Belgium",4,"Median","2",2094,1,1,2
56,"Belgium",4,"Median","3",2094,1,1,2
56,"Belgium",4,"Median","4",2094,1,1,2
56,"Belgium",4,"Median","5",2094,1,1,2
56,"Belgium",4,"Median","6",2094,1,1,2
56,"Belgium",4,"Median","7",2094,1,1,2
56,"Belgium",4,"Median","8",2094,1,1,2
56,"Belgium",4,"Median","9",2094,1,1,1
56,"Belgium",4,"Median","10",2094,1,0,1
56,"Belgium",4,"Median","11",2094,1,1,2
56,"Belgium",4,"Median","12",2094,1,1,2
56,"Belgium",4,"Median","13",2094,1,1,2
56,"Belgium",4,"Median","14",2094,2,1,2
56,"Belgium",4,"Median","15",2094,2,1,3
56,"Belgium",4,"Median","16",2094,3,1,4
56,"Belgium",4,"Median","17",2094,4,2,6
56,"Belgium",4,"Median","18",2094,5,3,8
56,"Belgium",4,"Median","19",2094,7,2,10
56,"Belgium",4,"Median","20",2094,8,2,11
56,"Belgium",4,"Median","21",2094,9,3,11
56,"Belgium",4,"Median","22",2094,9,3,13
56,"Belgium",4,"Median","23",2094,10,3,14
56,"Belgium",4,"Median","24",2094,10,3,14
56,"Belgium",4,"Median","25",2094,10,3,14
56,"Belgium",4,"Median","26",2094,11,4,15
56,"Belgium",4,"Median","27",2094,12,4,15
56,"Belgium",4,"Median","28",2094,12,4,16
56,"Belgium",4,"Median","29",2094,13,5,17
56,"Belgium",4,"Median","30",2094,14,5,19
56,"Belgium",4,"Median","31",2094,16,6,21
56,"Belgium",4,"Median","32",2094,16,7,22
56,"Belgium",4,"Median","33",2094,15,7,22
56,"Belgium",4,"Median","34",2094,15,7,22
56,"Belgium",4,"Median","35",2094,17,8,25
56,"Belgium",4,"Median","36",2094,20,9,29
56,"Belgium",4,"Median","37",2094,21,9,30
56,"Belgium",4,"Median","38",2094,22,9,32
56,"Belgium",4,"Median","39",2094,23,10,34
56,"Belgium",4,"Median","40",2094,25,12,37
56,"Belgium",4,"Median","41",2094,26,14,40
56,"Belgium",4,"Median","42",2094,30,15,44
56,"Belgium",4,"Median","43",2094,36,16,52
56,"Belgium",4,"Median","44",2094,40,20,60
56,"Belgium",4,"Median","45",2094,43,23,66
56,"Belgium",4,"Median","46",2094,46,25,71
56,"Belgium",4,"Median","47",2094,50,26,76
56,"Belgium",4,"Median","48",2094,55,30,85
56,"Belgium",4,"Median","49",2094,60,34,94
56,"Belgium",4,"Median","50",2094,66,36,102
56,"Belgium",4,"Median","51",2094,73,38,111
56,"Belgium",4,"Median","52",2094,80,43,124
56,"Belgium",4,"Median","53",2094,89,49,138
56,"Belgium",4,"Median","54",2094,97,52,149
56,"Belgium",4,"Median","55",2094,107,56,163
56,"Belgium",4,"Median","56",2094,120,62,182
56,"Belgium",4,"Median","57",2094,134,68,202
56,"Belgium",4,"Median","58",2094,148,75,223
56,"Belgium",4,"Median","59",2094,162,80,242
56,"Belgium",4,"Median","60",2094,178,88,266
56,"Belgium",4,"Median","61",2094,199,100,300
56,"Belgium",4,"Median","62",2094,222,115,337
56,"Belgium",4,"Median","63",2094,233,119,352
56,"Belgium",4,"Median","64",2094,240,120,361
56,"Belgium",4,"Median","65",2094,256,125,381
56,"Belgium",4,"Median","66",2094,267,126,394
56,"Belgium",4,"Median","67",2094,280,129,409
56,"Belgium",4,"Median","68",2094,294,135,429
56,"Belgium",4,"Median","69",2094,311,146,457
56,"Belgium",4,"Median","70",2094,320,153,473
56,"Belgium",4,"Median","71",2094,357,173,530
56,"Belgium",4,"Median","72",2094,416,202,618
56,"Belgium",4,"Median","73",2094,469,229,698
56,"Belgium",4,"Median","74",2094,499,248,746
56,"Belgium",4,"Median","75",2094,535,268,803
56,"Belgium",4,"Median","76",2094,590,292,881
56,"Belgium",4,"Median","77",2094,657,332,989
56,"Belgium",4,"Median","78",2094,729,383,1112
56,"Belgium",4,"Median","79",2094,828,448,1276
56,"Belgium",4,"Median","80",2094,942,523,1465
56,"Belgium",4,"Median","81",2094,1104,634,1738
56,"Belgium",4,"Median","82",2094,1293,771,2063
56,"Belgium",4,"Median","83",2094,1489,928,2417
56,"Belgium",4,"Median","84",2094,1751,1142,2893
56,"Belgium",4,"Median","85",2094,2046,1378,3424
56,"Belgium",4,"Median","86",2094,2374,1663,4037
56,"Belgium",4,"Median","87",2094,2652,1962,4614
56,"Belgium",4,"Median","88",2094,2953,2303,5256
56,"Belgium",4,"Median","89",2094,3164,2589,5754
56,"Belgium",4,"Median","90",2094,3331,2866,6197
56,"Belgium",4,"Median","91",2094,3483,3137,6621
56,"Belgium",4,"Median","92",2094,3647,3453,7100
56,"Belgium",4,"Median","93",2094,3727,3741,7469
56,"Belgium",4,"Median","94",2094,3682,3965,7646
56,"Belgium",4,"Median","95",2094,3518,4097,7615
56,"Belgium",4,"Median","96",2094,3236,4051,7287
56,"Belgium",4,"Median","97",2094,2870,3856,6726
56,"Belgium",4,"Median","98",2094,2450,3518,5969
56,"Belgium",4,"Median","99",2094,1994,3036,5030
56,"Belgium",4,"Median","100",2094,552,718,1270
56,"Belgium",4,"Median","101",2094,523,727,1250
56,"Belgium",4,"Median","102",2094,496,737,1233
56,"Belgium",4,"Median","103",2094,470,747,1217
56,"Belgium",4,"Median","104",2094,446,756,1202
56,"Belgium",4,"Median","105",2094,423,766,1189
56,"Belgium",4,"Median","106",2094,401,776,1177
56,"Belgium",4,"Median","107",2094,381,786,1167
56,"Belgium",4,"Median","108",2094,361,797,1158
56,"Belgium",4,"Median","109",2094,342,807,1149
56,"Belgium",4,"Median","110",2094,325,818,1143
56,"Belgium",4,"Median","0",2095,40,24,64
56,"Belgium",4,"Median","1",2095,4,3,7
56,"Belgium",4,"Median","2",2095,1,1,2
56,"Belgium",4,"Median","3",2095,1,1,2
56,"Belgium",4,"Median","4",2095,1,1,2
56,"Belgium",4,"Median","5",2095,1,1,2
56,"Belgium",4,"Median","6",2095,1,1,2
56,"Belgium",4,"Median","7",2095,1,1,2
56,"Belgium",4,"Median","8",2095,1,1,1
56,"Belgium",4,"Median","9",2095,1,1,1
56,"Belgium",4,"Median","10",2095,1,0,1
56,"Belgium",4,"Median","11",2095,1,1,2
56,"Belgium",4,"Median","12",2095,1,1,2
56,"Belgium",4,"Median","13",2095,1,1,2
56,"Belgium",4,"Median","14",2095,1,1,2
56,"Belgium",4,"Median","15",2095,2,1,3
56,"Belgium",4,"Median","16",2095,3,1,4
56,"Belgium",4,"Median","17",2095,4,2,6
56,"Belgium",4,"Median","18",2095,5,3,8
56,"Belgium",4,"Median","19",2095,7,2,9
56,"Belgium",4,"Median","20",2095,8,2,10
56,"Belgium",4,"Median","21",2095,9,3,11
56,"Belgium",4,"Median","22",2095,9,3,12
56,"Belgium",4,"Median","23",2095,10,3,13
56,"Belgium",4,"Median","24",2095,10,3,14
56,"Belgium",4,"Median","25",2095,10,3,14
56,"Belgium",4,"Median","26",2095,11,3,14
56,"Belgium",4,"Median","27",2095,11,4,15
56,"Belgium",4,"Median","28",2095,12,4,16
56,"Belgium",4,"Median","29",2095,12,5,17
56,"Belgium",4,"Median","30",2095,14,5,19
56,"Belgium",4,"Median","31",2095,15,6,21
56,"Belgium",4,"Median","32",2095,15,6,22
56,"Belgium",4,"Median","33",2095,15,7,21
56,"Belgium",4,"Median","34",2095,15,7,22
56,"Belgium",4,"Median","35",2095,17,8,25
56,"Belgium",4,"Median","36",2095,19,9,28
56,"Belgium",4,"Median","37",2095,21,9,29
56,"Belgium",4,"Median","38",2095,22,9,31
56,"Belgium",4,"Median","39",2095,23,10,33
56,"Belgium",4,"Median","40",2095,24,12,36
56,"Belgium",4,"Median","41",2095,26,13,39
56,"Belgium",4,"Median","42",2095,29,14,43
56,"Belgium",4,"Median","43",2095,35,16,51
56,"Belgium",4,"Median","44",2095,39,19,58
56,"Belgium",4,"Median","45",2095,42,22,64
56,"Belgium",4,"Median","46",2095,45,24,69
56,"Belgium",4,"Median","47",2095,49,26,74
56,"Belgium",4,"Median","48",2095,54,29,83
56,"Belgium",4,"Median","49",2095,59,33,92
56,"Belgium",4,"Median","50",2095,65,35,100
56,"Belgium",4,"Median","51",2095,71,37,108
56,"Belgium",4,"Median","52",2095,79,42,121
56,"Belgium",4,"Median","53",2095,87,48,136
56,"Belgium",4,"Median","54",2095,96,51,147
56,"Belgium",4,"Median","55",2095,106,55,161
56,"Belgium",4,"Median","56",2095,119,61,179
56,"Belgium",4,"Median","57",2095,133,67,200
56,"Belgium",4,"Median","58",2095,147,74,220
56,"Belgium",4,"Median","59",2095,160,79,239
56,"Belgium",4,"Median","60",2095,176,86,262
56,"Belgium",4,"Median","61",2095,197,99,296
56,"Belgium",4,"Median","62",2095,219,113,332
56,"Belgium",4,"Median","63",2095,229,117,346
56,"Belgium",4,"Median","64",2095,236,118,354
56,"Belgium",4,"Median","65",2095,251,122,373
56,"Belgium",4,"Median","66",2095,262,123,385
56,"Belgium",4,"Median","67",2095,274,125,398
56,"Belgium",4,"Median","68",2095,287,131,418
56,"Belgium",4,"Median","69",2095,304,141,445
56,"Belgium",4,"Median","70",2095,313,148,461
56,"Belgium",4,"Median","71",2095,333,160,493
56,"Belgium",4,"Median","72",2095,384,185,569
56,"Belgium",4,"Median","73",2095,459,222,681
56,"Belgium",4,"Median","74",2095,489,240,729
56,"Belgium",4,"Median","75",2095,516,255,771
56,"Belgium",4,"Median","76",2095,571,281,852
56,"Belgium",4,"Median","77",2095,634,318,952
56,"Belgium",4,"Median","78",2095,706,367,1073
56,"Belgium",4,"Median","79",2095,799,430,1230
56,"Belgium",4,"Median","80",2095,913,503,1416
56,"Belgium",4,"Median","81",2095,1076,609,1685
56,"Belgium",4,"Median","82",2095,1256,741,1996
56,"Belgium",4,"Median","83",2095,1450,897,2347
56,"Belgium",4,"Median","84",2095,1720,1115,2835
56,"Belgium",4,"Median","85",2095,2022,1358,3380
56,"Belgium",4,"Median","86",2095,2374,1647,4021
56,"Belgium",4,"Median","87",2095,2682,1957,4639
56,"Belgium",4,"Median","88",2095,2992,2329,5322
56,"Belgium",4,"Median","89",2095,3229,2647,5876
56,"Belgium",4,"Median","90",2095,3424,2923,6347
56,"Belgium",4,"Median","91",2095,3579,3204,6782
56,"Belgium",4,"Median","92",2095,3692,3472,7164
56,"Belgium",4,"Median","93",2095,3723,3709,7432
56,"Belgium",4,"Median","94",2095,3715,3970,7685
56,"Belgium",4,"Median","95",2095,3577,4115,7692
56,"Belgium",4,"Median","96",2095,3242,4007,7249
56,"Belgium",4,"Median","97",2095,2873,3814,6688
56,"Belgium",4,"Median","98",2095,2466,3530,5996
56,"Belgium",4,"Median","99",2095,2003,3059,5063
56,"Belgium",4,"Median","100",2095,559,725,1284
56,"Belgium",4,"Median","101",2095,529,733,1262
56,"Belgium",4,"Median","102",2095,500,741,1241
56,"Belgium",4,"Median","103",2095,473,749,1222
56,"Belgium",4,"Median","104",2095,448,757,1205
56,"Belgium",4,"Median","105",2095,424,766,1190
56,"Belgium",4,"Median","106",2095,401,774,1175
56,"Belgium",4,"Median","107",2095,379,783,1162
56,"Belgium",4,"Median","108",2095,359,792,1151
56,"Belgium",4,"Median","109",2095,340,801,1141
56,"Belgium",4,"Median","110",2095,321,809,1130
56,"Belgium",4,"Median","0",2096,40,24,63
56,"Belgium",4,"Median","1",2096,4,3,7
56,"Belgium",4,"Median","2",2096,1,1,2
56,"Belgium",4,"Median","3",2096,1,1,2
56,"Belgium",4,"Median","4",2096,1,1,2
56,"Belgium",4,"Median","5",2096,1,1,2
56,"Belgium",4,"Median","6",2096,1,1,2
56,"Belgium",4,"Median","7",2096,1,1,2
56,"Belgium",4,"Median","8",2096,1,1,1
56,"Belgium",4,"Median","9",2096,1,1,1
56,"Belgium",4,"Median","10",2096,1,0,1
56,"Belgium",4,"Median","11",2096,1,1,2
56,"Belgium",4,"Median","12",2096,1,1,2
56,"Belgium",4,"Median","13",2096,1,1,2
56,"Belgium",4,"Median","14",2096,1,1,2
56,"Belgium",4,"Median","15",2096,2,1,3
56,"Belgium",4,"Median","16",2096,2,1,4
56,"Belgium",4,"Median","17",2096,4,2,6
56,"Belgium",4,"Median","18",2096,5,2,8
56,"Belgium",4,"Median","19",2096,7,2,9
56,"Belgium",4,"Median","20",2096,8,2,10
56,"Belgium",4,"Median","21",2096,8,3,11
56,"Belgium",4,"Median","22",2096,9,3,12
56,"Belgium",4,"Median","23",2096,10,3,13
56,"Belgium",4,"Median","24",2096,10,3,13
56,"Belgium",4,"Median","25",2096,10,3,13
56,"Belgium",4,"Median","26",2096,11,3,14
56,"Belgium",4,"Median","27",2096,11,4,15
56,"Belgium",4,"Median","28",2096,12,4,16
56,"Belgium",4,"Median","29",2096,12,5,17
56,"Belgium",4,"Median","30",2096,14,5,19
56,"Belgium",4,"Median","31",2096,15,6,21
56,"Belgium",4,"Median","32",2096,15,6,21
56,"Belgium",4,"Median","33",2096,15,6,21
56,"Belgium",4,"Median","34",2096,15,7,21
56,"Belgium",4,"Median","35",2096,17,8,24
56,"Belgium",4,"Median","36",2096,19,8,27
56,"Belgium",4,"Median","37",2096,20,8,29
56,"Belgium",4,"Median","38",2096,21,9,30
56,"Belgium",4,"Median","39",2096,22,10,32
56,"Belgium",4,"Median","40",2096,24,12,35
56,"Belgium",4,"Median","41",2096,25,13,38
56,"Belgium",4,"Median","42",2096,28,14,42
56,"Belgium",4,"Median","43",2096,34,15,49
56,"Belgium",4,"Median","44",2096,38,18,57
56,"Belgium",4,"Median","45",2096,41,22,62
56,"Belgium",4,"Median","46",2096,44,23,67
56,"Belgium",4,"Median","47",2096,48,25,73
56,"Belgium",4,"Median","48",2096,53,28,81
56,"Belgium",4,"Median","49",2096,58,32,90
56,"Belgium",4,"Median","50",2096,64,34,98
56,"Belgium",4,"Median","51",2096,70,36,106
56,"Belgium",4,"Median","52",2096,78,41,119
56,"Belgium",4,"Median","53",2096,86,47,133
56,"Belgium",4,"Median","54",2096,95,50,145
56,"Belgium",4,"Median","55",2096,105,54,159
56,"Belgium",4,"Median","56",2096,118,60,178
56,"Belgium",4,"Median","57",2096,132,66,198
56,"Belgium",4,"Median","58",2096,146,73,219
56,"Belgium",4,"Median","59",2096,159,78,237
56,"Belgium",4,"Median","60",2096,175,85,260
56,"Belgium",4,"Median","61",2096,196,97,293
56,"Belgium",4,"Median","62",2096,218,111,329
56,"Belgium",4,"Median","63",2096,227,115,342
56,"Belgium",4,"Median","64",2096,233,115,349
56,"Belgium",4,"Median","65",2096,247,119,367
56,"Belgium",4,"Median","66",2096,258,120,378
56,"Belgium",4,"Median","67",2096,269,122,391
56,"Belgium",4,"Median","68",2096,281,127,409
56,"Belgium",4,"Median","69",2096,298,137,435
56,"Belgium",4,"Median","70",2096,307,144,451
56,"Belgium",4,"Median","71",2096,328,156,483
56,"Belgium",4,"Median","72",2096,360,171,532
56,"Belgium",4,"Median","73",2096,426,204,629
56,"Belgium",4,"Median","74",2096,481,234,714
56,"Belgium",4,"Median","75",2096,509,248,757
56,"Belgium",4,"Median","76",2096,553,269,822
56,"Belgium",4,"Median","77",2096,617,308,925
56,"Belgium",4,"Median","78",2096,684,353,1038
56,"Belgium",4,"Median","79",2096,778,415,1192
56,"Belgium",4,"Median","80",2096,886,485,1371
56,"Belgium",4,"Median","81",2096,1048,590,1638
56,"Belgium",4,"Median","82",2096,1230,716,1946
56,"Belgium",4,"Median","83",2096,1415,866,2281
56,"Belgium",4,"Median","84",2096,1683,1084,2766
56,"Belgium",4,"Median","85",2096,1997,1332,3329
56,"Belgium",4,"Median","86",2096,2358,1631,3989
56,"Belgium",4,"Median","87",2096,2695,1947,4642
56,"Belgium",4,"Median","88",2096,3040,2335,5375
56,"Belgium",4,"Median","89",2096,3287,2689,5975
56,"Belgium",4,"Median","90",2096,3509,3002,6510
56,"Belgium",4,"Median","91",2096,3693,3283,6977
56,"Belgium",4,"Median","92",2096,3809,3562,7371
56,"Belgium",4,"Median","93",2096,3784,3745,7529
56,"Belgium",4,"Median","94",2096,3725,3952,7678
56,"Belgium",4,"Median","95",2096,3623,4139,7762
56,"Belgium",4,"Median","96",2096,3308,4041,7349
56,"Belgium",4,"Median","97",2096,2888,3788,6676
56,"Belgium",4,"Median","98",2096,2477,3505,5982
56,"Belgium",4,"Median","99",2096,2022,3080,5103
56,"Belgium",4,"Median","100",2096,568,740,1308
56,"Belgium",4,"Median","101",2096,536,745,1281
56,"Belgium",4,"Median","102",2096,506,751,1257
56,"Belgium",4,"Median","103",2096,478,757,1235
56,"Belgium",4,"Median","104",2096,451,763,1214
56,"Belgium",4,"Median","105",2096,425,769,1194
56,"Belgium",4,"Median","106",2096,401,775,1176
56,"Belgium",4,"Median","107",2096,379,781,1160
56,"Belgium",4,"Median","108",2096,357,787,1144
56,"Belgium",4,"Median","109",2096,337,793,1130
56,"Belgium",4,"Median","110",2096,318,799,1117
56,"Belgium",4,"Median","0",2097,39,23,62
56,"Belgium",4,"Median","1",2097,4,3,7
56,"Belgium",4,"Median","2",2097,1,1,2
56,"Belgium",4,"Median","3",2097,1,1,2
56,"Belgium",4,"Median","4",2097,1,1,2
56,"Belgium",4,"Median","5",2097,1,1,2
56,"Belgium",4,"Median","6",2097,1,1,2
56,"Belgium",4,"Median","7",2097,1,1,1
56,"Belgium",4,"Median","8",2097,1,1,1
56,"Belgium",4,"Median","9",2097,1,1,1
56,"Belgium",4,"Median","10",2097,1,0,1
56,"Belgium",4,"Median","11",2097,1,0,2
56,"Belgium",4,"Median","12",2097,1,1,2
56,"Belgium",4,"Median","13",2097,1,1,2
56,"Belgium",4,"Median","14",2097,1,1,2
56,"Belgium",4,"Median","15",2097,2,1,3
56,"Belgium",4,"Median","16",2097,2,1,4
56,"Belgium",4,"Median","17",2097,4,2,5
56,"Belgium",4,"Median","18",2097,5,2,8
56,"Belgium",4,"Median","19",2097,7,2,9
56,"Belgium",4,"Median","20",2097,8,2,10
56,"Belgium",4,"Median","21",2097,8,3,11
56,"Belgium",4,"Median","22",2097,9,3,12
56,"Belgium",4,"Median","23",2097,10,3,13
56,"Belgium",4,"Median","24",2097,10,3,13
56,"Belgium",4,"Median","25",2097,10,3,13
56,"Belgium",4,"Median","26",2097,11,3,14
56,"Belgium",4,"Median","27",2097,11,4,15
56,"Belgium",4,"Median","28",2097,11,4,15
56,"Belgium",4,"Median","29",2097,12,5,17
56,"Belgium",4,"Median","30",2097,13,5,18
56,"Belgium",4,"Median","31",2097,15,5,20
56,"Belgium",4,"Median","32",2097,15,6,21
56,"Belgium",4,"Median","33",2097,14,6,21
56,"Belgium",4,"Median","34",2097,15,6,21
56,"Belgium",4,"Median","35",2097,16,7,24
56,"Belgium",4,"Median","36",2097,19,8,27
56,"Belgium",4,"Median","37",2097,20,8,28
56,"Belgium",4,"Median","38",2097,21,8,29
56,"Belgium",4,"Median","39",2097,22,9,31
56,"Belgium",4,"Median","40",2097,23,11,34
56,"Belgium",4,"Median","41",2097,24,13,37
56,"Belgium",4,"Median","42",2097,27,13,41
56,"Belgium",4,"Median","43",2097,33,15,48
56,"Belgium",4,"Median","44",2097,37,18,55
56,"Belgium",4,"Median","45",2097,40,21,61
56,"Belgium",4,"Median","46",2097,43,23,65
56,"Belgium",4,"Median","47",2097,46,24,71
56,"Belgium",4,"Median","48",2097,51,28,79
56,"Belgium",4,"Median","49",2097,56,31,88
56,"Belgium",4,"Median","50",2097,62,33,96
56,"Belgium",4,"Median","51",2097,69,35,104
56,"Belgium",4,"Median","52",2097,76,40,116
56,"Belgium",4,"Median","53",2097,85,46,131
56,"Belgium",4,"Median","54",2097,93,49,143
56,"Belgium",4,"Median","55",2097,103,53,157
56,"Belgium",4,"Median","56",2097,116,59,175
56,"Belgium",4,"Median","57",2097,130,65,196
56,"Belgium",4,"Median","58",2097,144,72,216
56,"Belgium",4,"Median","59",2097,158,77,235
56,"Belgium",4,"Median","60",2097,173,84,257
56,"Belgium",4,"Median","61",2097,194,96,290
56,"Belgium",4,"Median","62",2097,215,109,325
56,"Belgium",4,"Median","63",2097,224,113,337
56,"Belgium",4,"Median","64",2097,230,113,343
56,"Belgium",4,"Median","65",2097,243,117,361
56,"Belgium",4,"Median","66",2097,253,117,370
56,"Belgium",4,"Median","67",2097,264,119,382
56,"Belgium",4,"Median","68",2097,276,124,399
56,"Belgium",4,"Median","69",2097,291,133,424
56,"Belgium",4,"Median","70",2097,299,140,439
56,"Belgium",4,"Median","71",2097,320,151,471
56,"Belgium",4,"Median","72",2097,352,167,519
56,"Belgium",4,"Median","73",2097,398,189,587
56,"Belgium",4,"Median","74",2097,444,214,658
56,"Belgium",4,"Median","75",2097,497,242,739
56,"Belgium",4,"Median","76",2097,543,262,805
56,"Belgium",4,"Median","77",2097,596,295,890
56,"Belgium",4,"Median","78",2097,663,342,1005
56,"Belgium",4,"Median","79",2097,752,399,1151
56,"Belgium",4,"Median","80",2097,859,468,1327
56,"Belgium",4,"Median","81",2097,1014,569,1583
56,"Belgium",4,"Median","82",2097,1195,693,1888
56,"Belgium",4,"Median","83",2097,1382,838,2220
56,"Belgium",4,"Median","84",2097,1639,1048,2687
56,"Belgium",4,"Median","85",2097,1949,1297,3246
56,"Belgium",4,"Median","86",2097,2324,1603,3928
56,"Belgium",4,"Median","87",2097,2673,1931,4604
56,"Belgium",4,"Median","88",2097,3051,2327,5379
56,"Belgium",4,"Median","89",2097,3336,2700,6035
56,"Belgium",4,"Median","90",2097,3568,3055,6624
56,"Belgium",4,"Median","91",2097,3784,3378,7162
56,"Belgium",4,"Median","92",2097,3931,3659,7590
56,"Belgium",4,"Median","93",2097,3904,3850,7754
56,"Belgium",4,"Median","94",2097,3788,4000,7788
56,"Belgium",4,"Median","95",2097,3636,4131,7767
56,"Belgium",4,"Median","96",2097,3353,4074,7427
56,"Belgium",4,"Median","97",2097,2949,3829,6778
56,"Belgium",4,"Median","98",2097,2493,3490,5982
56,"Belgium",4,"Median","99",2097,2034,3066,5100
56,"Belgium",4,"Median","100",2097,578,757,1335
56,"Belgium",4,"Median","101",2097,544,761,1305
56,"Belgium",4,"Median","102",2097,512,764,1276
56,"Belgium",4,"Median","103",2097,483,767,1250
56,"Belgium",4,"Median","104",2097,454,770,1224
56,"Belgium",4,"Median","105",2097,428,773,1201
56,"Belgium",4,"Median","106",2097,403,777,1180
56,"Belgium",4,"Median","107",2097,379,780,1159
56,"Belgium",4,"Median","108",2097,357,783,1140
56,"Belgium",4,"Median","109",2097,336,787,1123
56,"Belgium",4,"Median","110",2097,317,790,1107
56,"Belgium",4,"Median","0",2098,39,23,62
56,"Belgium",4,"Median","1",2098,4,3,7
56,"Belgium",4,"Median","2",2098,1,1,2
56,"Belgium",4,"Median","3",2098,1,1,2
56,"Belgium",4,"Median","4",2098,1,1,2
56,"Belgium",4,"Median","5",2098,1,1,2
56,"Belgium",4,"Median","6",2098,1,1,2
56,"Belgium",4,"Median","7",2098,1,1,1
56,"Belgium",4,"Median","8",2098,1,1,1
56,"Belgium",4,"Median","9",2098,1,1,1
56,"Belgium",4,"Median","10",2098,1,0,1
56,"Belgium",4,"Median","11",2098,1,0,2
56,"Belgium",4,"Median","12",2098,1,1,2
56,"Belgium",4,"Median","13",2098,1,1,2
56,"Belgium",4,"Median","14",2098,1,1,2
56,"Belgium",4,"Median","15",2098,2,1,3
56,"Belgium",4,"Median","16",2098,2,1,4
56,"Belgium",4,"Median","17",2098,3,2,5
56,"Belgium",4,"Median","18",2098,5,2,7
56,"Belgium",4,"Median","19",2098,7,2,9
56,"Belgium",4,"Median","20",2098,8,2,10
56,"Belgium",4,"Median","21",2098,8,2,11
56,"Belgium",4,"Median","22",2098,9,3,12
56,"Belgium",4,"Median","23",2098,10,3,13
56,"Belgium",4,"Median","24",2098,10,3,13
56,"Belgium",4,"Median","25",2098,10,3,13
56,"Belgium",4,"Median","26",2098,10,3,14
56,"Belgium",4,"Median","27",2098,11,4,15
56,"Belgium",4,"Median","28",2098,11,4,15
56,"Belgium",4,"Median","29",2098,12,4,16
56,"Belgium",4,"Median","30",2098,13,5,18
56,"Belgium",4,"Median","31",2098,15,5,20
56,"Belgium",4,"Median","32",2098,15,6,21
56,"Belgium",4,"Median","33",2098,14,6,20
56,"Belgium",4,"Median","34",2098,14,6,21
56,"Belgium",4,"Median","35",2098,16,7,23
56,"Belgium",4,"Median","36",2098,18,8,26
56,"Belgium",4,"Median","37",2098,20,8,28
56,"Belgium",4,"Median","38",2098,21,8,29
56,"Belgium",4,"Median","39",2098,21,9,31
56,"Belgium",4,"Median","40",2098,23,11,34
56,"Belgium",4,"Median","41",2098,24,12,36
56,"Belgium",4,"Median","42",2098,27,13,40
56,"Belgium",4,"Median","43",2098,32,14,47
56,"Belgium",4,"Median","44",2098,36,17,54
56,"Belgium",4,"Median","45",2098,39,20,59
56,"Belgium",4,"Median","46",2098,42,22,64
56,"Belgium",4,"Median","47",2098,46,23,69
56,"Belgium",4,"Median","48",2098,50,27,77
56,"Belgium",4,"Median","49",2098,55,30,86
56,"Belgium",4,"Median","50",2098,61,32,94
56,"Belgium",4,"Median","51",2098,67,35,102
56,"Belgium",4,"Median","52",2098,75,39,114
56,"Belgium",4,"Median","53",2098,83,45,129
56,"Belgium",4,"Median","54",2098,92,48,140
56,"Belgium",4,"Median","55",2098,102,52,155
56,"Belgium",4,"Median","56",2098,115,58,173
56,"Belgium",4,"Median","57",2098,129,64,194
56,"Belgium",4,"Median","58",2098,144,71,214
56,"Belgium",4,"Median","59",2098,157,76,233
56,"Belgium",4,"Median","60",2098,173,83,256
56,"Belgium",4,"Median","61",2098,193,95,288
56,"Belgium",4,"Median","62",2098,215,108,323
56,"Belgium",4,"Median","63",2098,223,112,335
56,"Belgium",4,"Median","64",2098,229,111,340
56,"Belgium",4,"Median","65",2098,242,115,357
56,"Belgium",4,"Median","66",2098,251,115,366
56,"Belgium",4,"Median","67",2098,261,116,377
56,"Belgium",4,"Median","68",2098,272,121,393
56,"Belgium",4,"Median","69",2098,287,130,417
56,"Belgium",4,"Median","70",2098,295,136,431
56,"Belgium",4,"Median","71",2098,315,147,461
56,"Belgium",4,"Median","72",2098,347,162,509
56,"Belgium",4,"Median","73",2098,392,184,577
56,"Belgium",4,"Median","74",2098,418,199,617
56,"Belgium",4,"Median","75",2098,463,222,685
56,"Belgium",4,"Median","76",2098,536,255,790
56,"Belgium",4,"Median","77",2098,590,287,876
56,"Belgium",4,"Median","78",2098,646,328,973
56,"Belgium",4,"Median","79",2098,735,387,1122
56,"Belgium",4,"Median","80",2098,837,451,1288
56,"Belgium",4,"Median","81",2098,992,549,1541
56,"Belgium",4,"Median","82",2098,1167,670,1837
56,"Belgium",4,"Median","83",2098,1354,812,2166
56,"Belgium",4,"Median","84",2098,1614,1016,2630
56,"Belgium",4,"Median","85",2098,1913,1256,3170
56,"Belgium",4,"Median","86",2098,2287,1564,3851
56,"Belgium",4,"Median","87",2098,2654,1902,4556
56,"Belgium",4,"Median","88",2098,3049,2314,5362
56,"Belgium",4,"Median","89",2098,3371,2696,6067
56,"Belgium",4,"Median","90",2098,3645,3073,6719
56,"Belgium",4,"Median","91",2098,3872,3446,7318
56,"Belgium",4,"Median","92",2098,4051,3774,7826
56,"Belgium",4,"Median","93",2098,4052,3964,8016
56,"Belgium",4,"Median","94",2098,3929,4123,8052
56,"Belgium",4,"Median","95",2098,3716,4193,7909
56,"Belgium",4,"Median","96",2098,3380,4076,7456
56,"Belgium",4,"Median","97",2098,3002,3869,6872
56,"Belgium",4,"Median","98",2098,2556,3537,6092
56,"Belgium",4,"Median","99",2098,2054,3060,5114
56,"Belgium",4,"Median","100",2098,587,769,1356
56,"Belgium",4,"Median","101",2098,552,770,1322
56,"Belgium",4,"Median","102",2098,519,772,1291
56,"Belgium",4,"Median","103",2098,488,774,1262
56,"Belgium",4,"Median","104",2098,459,776,1235
56,"Belgium",4,"Median","105",2098,431,777,1208
56,"Belgium",4,"Median","106",2098,406,779,1185
56,"Belgium",4,"Median","107",2098,381,781,1162
56,"Belgium",4,"Median","108",2098,359,782,1141
56,"Belgium",4,"Median","109",2098,337,784,1121
56,"Belgium",4,"Median","110",2098,317,786,1103
56,"Belgium",4,"Median","0",2099,38,22,61
56,"Belgium",4,"Median","1",2099,4,3,7
56,"Belgium",4,"Median","2",2099,1,1,2
56,"Belgium",4,"Median","3",2099,1,1,2
56,"Belgium",4,"Median","4",2099,1,1,2
56,"Belgium",4,"Median","5",2099,1,1,2
56,"Belgium",4,"Median","6",2099,1,1,2
56,"Belgium",4,"Median","7",2099,1,1,1
56,"Belgium",4,"Median","8",2099,1,1,1
56,"Belgium",4,"Median","9",2099,1,0,1
56,"Belgium",4,"Median","10",2099,1,0,1
56,"Belgium",4,"Median","11",2099,1,0,2
56,"Belgium",4,"Median","12",2099,1,1,2
56,"Belgium",4,"Median","13",2099,1,1,2
56,"Belgium",4,"Median","14",2099,1,1,2
56,"Belgium",4,"Median","15",2099,2,1,3
56,"Belgium",4,"Median","16",2099,2,1,4
56,"Belgium",4,"Median","17",2099,3,2,5
56,"Belgium",4,"Median","18",2099,5,2,7
56,"Belgium",4,"Median","19",2099,7,2,9
56,"Belgium",4,"Median","20",2099,8,2,10
56,"Belgium",4,"Median","21",2099,8,2,11
56,"Belgium",4,"Median","22",2099,9,3,12
56,"Belgium",4,"Median","23",2099,10,3,13
56,"Belgium",4,"Median","24",2099,10,3,13
56,"Belgium",4,"Median","25",2099,10,3,13
56,"Belgium",4,"Median","26",2099,10,3,14
56,"Belgium",4,"Median","27",2099,11,3,14
56,"Belgium",4,"Median","28",2099,11,4,15
56,"Belgium",4,"Median","29",2099,12,4,16
56,"Belgium",4,"Median","30",2099,13,5,18
56,"Belgium",4,"Median","31",2099,14,5,20
56,"Belgium",4,"Median","32",2099,14,6,20
56,"Belgium",4,"Median","33",2099,14,6,20
56,"Belgium",4,"Median","34",2099,14,6,20
56,"Belgium",4,"Median","35",2099,16,7,23
56,"Belgium",4,"Median","36",2099,18,8,26
56,"Belgium",4,"Median","37",2099,19,8,27
56,"Belgium",4,"Median","38",2099,20,8,28
56,"Belgium",4,"Median","39",2099,21,9,30
56,"Belgium",4,"Median","40",2099,22,11,33
56,"Belgium",4,"Median","41",2099,23,12,35
56,"Belgium",4,"Median","42",2099,26,12,39
56,"Belgium",4,"Median","43",2099,32,14,46
56,"Belgium",4,"Median","44",2099,36,17,52
56,"Belgium",4,"Median","45",2099,38,20,57
56,"Belgium",4,"Median","46",2099,41,21,62
56,"Belgium",4,"Median","47",2099,44,23,67
56,"Belgium",4,"Median","48",2099,49,26,75
56,"Belgium",4,"Median","49",2099,54,30,84
56,"Belgium",4,"Median","50",2099,60,32,91
56,"Belgium",4,"Median","51",2099,66,34,100
56,"Belgium",4,"Median","52",2099,73,38,112
56,"Belgium",4,"Median","53",2099,82,44,126
56,"Belgium",4,"Median","54",2099,90,47,138
56,"Belgium",4,"Median","55",2099,101,51,152
56,"Belgium",4,"Median","56",2099,114,57,170
56,"Belgium",4,"Median","57",2099,128,63,191
56,"Belgium",4,"Median","58",2099,142,70,212
56,"Belgium",4,"Median","59",2099,156,75,231
56,"Belgium",4,"Median","60",2099,172,82,253
56,"Belgium",4,"Median","61",2099,192,94,285
56,"Belgium",4,"Median","62",2099,213,107,320
56,"Belgium",4,"Median","63",2099,222,110,332
56,"Belgium",4,"Median","64",2099,227,110,336
56,"Belgium",4,"Median","65",2099,239,113,352
56,"Belgium",4,"Median","66",2099,248,113,360
56,"Belgium",4,"Median","67",2099,257,114,371
56,"Belgium",4,"Median","68",2099,268,118,386
56,"Belgium",4,"Median","69",2099,282,127,408
56,"Belgium",4,"Median","70",2099,289,132,421
56,"Belgium",4,"Median","71",2099,308,143,450
56,"Belgium",4,"Median","72",2099,339,157,497
56,"Belgium",4,"Median","73",2099,384,179,563
56,"Belgium",4,"Median","74",2099,410,194,604
56,"Belgium",4,"Median","75",2099,433,206,639
56,"Belgium",4,"Median","76",2099,495,234,729
56,"Belgium",4,"Median","77",2099,578,279,857
56,"Belgium",4,"Median","78",2099,636,319,955
56,"Belgium",4,"Median","79",2099,711,371,1082
56,"Belgium",4,"Median","80",2099,814,437,1251
56,"Belgium",4,"Median","81",2099,962,530,1492
56,"Belgium",4,"Median","82",2099,1135,647,1783
56,"Belgium",4,"Median","83",2099,1315,786,2101
56,"Belgium",4,"Median","84",2099,1575,986,2561
56,"Belgium",4,"Median","85",2099,1878,1219,3097
56,"Belgium",4,"Median","86",2099,2238,1518,3755
56,"Belgium",4,"Median","87",2099,2604,1858,4461
56,"Belgium",4,"Median","88",2099,3019,2283,5302
56,"Belgium",4,"Median","89",2099,3359,2685,6044
56,"Belgium",4,"Median","90",2099,3675,3075,6751
56,"Belgium",4,"Median","91",2099,3949,3474,7422
56,"Belgium",4,"Median","92",2099,4141,3859,7999
56,"Belgium",4,"Median","93",2099,4171,4097,8268
56,"Belgium",4,"Median","94",2099,4075,4255,8329
56,"Belgium",4,"Median","95",2099,3853,4333,8185
56,"Belgium",4,"Median","96",2099,3454,4146,7600
56,"Belgium",4,"Median","97",2099,3027,3881,6907
56,"Belgium",4,"Median","98",2099,2602,3583,6185
56,"Belgium",4,"Median","99",2099,2107,3109,5215
56,"Belgium",4,"Median","100",2099,592,772,1364
56,"Belgium",4,"Median","101",2099,557,773,1330
56,"Belgium",4,"Median","102",2099,524,775,1299
56,"Belgium",4,"Median","103",2099,493,777,1270
56,"Belgium",4,"Median","104",2099,463,779,1242
56,"Belgium",4,"Median","105",2099,436,781,1217
56,"Belgium",4,"Median","106",2099,410,783,1193
56,"Belgium",4,"Median","107",2099,386,785,1171
56,"Belgium",4,"Median","108",2099,363,787,1150
56,"Belgium",4,"Median","109",2099,341,788,1129
56,"Belgium",4,"Median","110",2099,321,790,1111
56,"Belgium",4,"Median","0",2100,38,22,59
56,"Belgium",4,"Median","1",2100,4,3,7
56,"Belgium",4,"Median","2",2100,1,1,2
56,"Belgium",4,"Median","3",2100,1,1,2
56,"Belgium",4,"Median","4",2100,1,1,2
56,"Belgium",4,"Median","5",2100,1,1,2
56,"Belgium",4,"Median","6",2100,1,1,1
56,"Belgium",4,"Median","7",2100,1,1,1
56,"Belgium",4,"Median","8",2100,1,1,1
56,"Belgium",4,"Median","9",2100,1,0,1
56,"Belgium",4,"Median","10",2100,1,0,1
56,"Belgium",4,"Median","11",2100,1,0,1
56,"Belgium",4,"Median","12",2100,1,1,2
56,"Belgium",4,"Median","13",2100,1,1,2
56,"Belgium",4,"Median","14",2100,1,1,2
56,"Belgium",4,"Median","15",2100,2,1,3
56,"Belgium",4,"Median","16",2100,2,1,3
56,"Belgium",4,"Median","17",2100,3,2,5
56,"Belgium",4,"Median","18",2100,5,2,7
56,"Belgium",4,"Median","19",2100,6,2,8
56,"Belgium",4,"Median","20",2100,8,2,9
56,"Belgium",4,"Median","21",2100,8,2,10
56,"Belgium",4,"Median","22",2100,9,3,11
56,"Belgium",4,"Median","23",2100,9,3,12
56,"Belgium",4,"Median","24",2100,10,3,13
56,"Belgium",4,"Median","25",2100,10,3,13
56,"Belgium",4,"Median","26",2100,10,3,13
56,"Belgium",4,"Median","27",2100,11,3,14
56,"Belgium",4,"Median","28",2100,11,4,15
56,"Belgium",4,"Median","29",2100,12,4,16
56,"Belgium",4,"Median","30",2100,13,5,18
56,"Belgium",4,"Median","31",2100,14,5,19
56,"Belgium",4,"Median","32",2100,14,6,20
56,"Belgium",4,"Median","33",2100,14,6,20
56,"Belgium",4,"Median","34",2100,14,6,20
56,"Belgium",4,"Median","35",2100,16,7,22
56,"Belgium",4,"Median","36",2100,18,8,25
56,"Belgium",4,"Median","37",2100,19,8,27
56,"Belgium",4,"Median","38",2100,20,8,28
56,"Belgium",4,"Median","39",2100,21,9,29
56,"Belgium",4,"Median","40",2100,22,10,32
56,"Belgium",4,"Median","41",2100,23,11,34
56,"Belgium",4,"Median","42",2100,26,12,38
56,"Belgium",4,"Median","43",2100,31,14,44
56,"Belgium",4,"Median","44",2100,35,16,51
56,"Belgium",4,"Median","45",2100,37,19,56
56,"Belgium",4,"Median","46",2100,40,20,60
56,"Belgium",4,"Median","47",2100,43,22,65
56,"Belgium",4,"Median","48",2100,48,25,73
56,"Belgium",4,"Median","49",2100,53,29,81
56,"Belgium",4,"Median","50",2100,58,30,89
56,"Belgium",4,"Median","51",2100,64,33,97
56,"Belgium",4,"Median","52",2100,72,37,109
56,"Belgium",4,"Median","53",2100,80,43,123
56,"Belgium",4,"Median","54",2100,89,46,134
56,"Belgium",4,"Median","55",2100,99,50,148
56,"Belgium",4,"Median","56",2100,112,55,167
56,"Belgium",4,"Median","57",2100,126,62,188
56,"Belgium",4,"Median","58",2100,140,68,208
56,"Belgium",4,"Median","59",2100,154,73,227
56,"Belgium",4,"Median","60",2100,170,80,250
56,"Belgium",4,"Median","61",2100,190,92,282
56,"Belgium",4,"Median","62",2100,212,105,317
56,"Belgium",4,"Median","63",2100,220,108,328
56,"Belgium",4,"Median","64",2100,225,108,332
56,"Belgium",4,"Median","65",2100,237,111,347
56,"Belgium",4,"Median","66",2100,245,110,355
56,"Belgium",4,"Median","67",2100,254,111,364
56,"Belgium",4,"Median","68",2100,263,115,378
56,"Belgium",4,"Median","69",2100,277,123,400
56,"Belgium",4,"Median","70",2100,283,128,412
56,"Belgium",4,"Median","71",2100,302,138,440
56,"Belgium",4,"Median","72",2100,332,152,484
56,"Belgium",4,"Median","73",2100,376,173,549
56,"Belgium",4,"Median","74",2100,401,187,589
56,"Belgium",4,"Median","75",2100,425,199,624
56,"Belgium",4,"Median","76",2100,464,216,679
56,"Belgium",4,"Median","77",2100,535,255,789
56,"Belgium",4,"Median","78",2100,623,309,932
56,"Belgium",4,"Median","79",2100,700,360,1060
56,"Belgium",4,"Median","80",2100,788,417,1206
56,"Belgium",4,"Median","81",2100,937,512,1449
56,"Belgium",4,"Median","82",2100,1102,623,1725
56,"Belgium",4,"Median","83",2100,1281,757,2038
56,"Belgium",4,"Median","84",2100,1532,952,2484
56,"Belgium",4,"Median","85",2100,1834,1182,3016
56,"Belgium",4,"Median","86",2100,2199,1471,3670
56,"Belgium",4,"Median","87",2100,2551,1801,4352
56,"Belgium",4,"Median","88",2100,2966,2228,5195
56,"Belgium",4,"Median","89",2100,3331,2648,5979
56,"Belgium",4,"Median","90",2100,3668,3061,6729
56,"Belgium",4,"Median","91",2100,3988,3476,7464
56,"Belgium",4,"Median","92",2100,4231,3891,8122
56,"Belgium",4,"Median","93",2100,4271,4191,8462
56,"Belgium",4,"Median","94",2100,4203,4401,8604
56,"Belgium",4,"Median","95",2100,4004,4476,8481
56,"Belgium",4,"Median","96",2100,3588,4290,7878
56,"Belgium",4,"Median","97",2100,3099,3953,7052
56,"Belgium",4,"Median","98",2100,2629,3599,6228
56,"Belgium",4,"Median","99",2100,2150,3155,5305
56,"Belgium",4,"Median","100",2100,598,772,1370
56,"Belgium",4,"Median","101",2100,563,775,1338
56,"Belgium",4,"Median","102",2100,531,778,1309
56,"Belgium",4,"Median","103",2100,500,782,1282
56,"Belgium",4,"Median","104",2100,471,785,1256
56,"Belgium",4,"Median","105",2100,444,788,1232
56,"Belgium",4,"Median","106",2100,418,791,1209
56,"Belgium",4,"Median","107",2100,394,795,1189
56,"Belgium",4,"Median","108",2100,371,798,1169
56,"Belgium",4,"Median","109",2100,349,801,1150
56,"Belgium",4,"Median","110",2100,329,805,1134
