"LocID","Location","VarID","Variant","Age","Time","DeathMale","DeathFemale","DeathTotal"
705,"Slovenia",4,"Median","0",1950,1621,1178,2799
705,"Slovenia",4,"Median","1",1950,107,101,209
705,"Slovenia",4,"Median","2",1950,69,61,130
705,"Slovenia",4,"Median","3",1950,45,38,82
705,"Slovenia",4,"Median","4",1950,27,22,49
705,"Slovenia",4,"Median","5",1950,20,16,36
705,"Slovenia",4,"Median","6",1950,18,13,31
705,"Slovenia",4,"Median","7",1950,16,11,28
705,"Slovenia",4,"Median","8",1950,14,10,24
705,"Slovenia",4,"Median","9",1950,13,9,22
705,"Slovenia",4,"Median","10",1950,13,9,22
705,"Slovenia",4,"Median","11",1950,14,9,23
705,"Slovenia",4,"Median","12",1950,15,9,24
705,"Slovenia",4,"Median","13",1950,17,10,27
705,"Slovenia",4,"Median","14",1950,20,11,30
705,"Slovenia",4,"Median","15",1950,22,12,34
705,"Slovenia",4,"Median","16",1950,26,14,40
705,"Slovenia",4,"Median","17",1950,30,15,45
705,"Slovenia",4,"Median","18",1950,35,17,52
705,"Slovenia",4,"Median","19",1950,41,19,60
705,"Slovenia",4,"Median","20",1950,45,21,66
705,"Slovenia",4,"Median","21",1950,47,22,69
705,"Slovenia",4,"Median","22",1950,47,23,70
705,"Slovenia",4,"Median","23",1950,45,25,69
705,"Slovenia",4,"Median","24",1950,41,26,67
705,"Slovenia",4,"Median","25",1950,38,26,64
705,"Slovenia",4,"Median","26",1950,36,26,62
705,"Slovenia",4,"Median","27",1950,34,26,60
705,"Slovenia",4,"Median","28",1950,33,26,59
705,"Slovenia",4,"Median","29",1950,32,25,57
705,"Slovenia",4,"Median","30",1950,29,23,52
705,"Slovenia",4,"Median","31",1950,24,18,42
705,"Slovenia",4,"Median","32",1950,19,14,33
705,"Slovenia",4,"Median","33",1950,19,14,33
705,"Slovenia",4,"Median","34",1950,24,16,40
705,"Slovenia",4,"Median","35",1950,33,22,55
705,"Slovenia",4,"Median","36",1950,40,26,66
705,"Slovenia",4,"Median","37",1950,43,27,71
705,"Slovenia",4,"Median","38",1950,45,29,74
705,"Slovenia",4,"Median","39",1950,49,31,80
705,"Slovenia",4,"Median","40",1950,55,34,90
705,"Slovenia",4,"Median","41",1950,60,37,97
705,"Slovenia",4,"Median","42",1950,63,39,101
705,"Slovenia",4,"Median","43",1950,66,41,107
705,"Slovenia",4,"Median","44",1950,69,42,111
705,"Slovenia",4,"Median","45",1950,72,42,114
705,"Slovenia",4,"Median","46",1950,75,44,118
705,"Slovenia",4,"Median","47",1950,79,46,125
705,"Slovenia",4,"Median","48",1950,83,50,133
705,"Slovenia",4,"Median","49",1950,87,54,141
705,"Slovenia",4,"Median","50",1950,90,59,149
705,"Slovenia",4,"Median","51",1950,93,64,157
705,"Slovenia",4,"Median","52",1950,95,69,164
705,"Slovenia",4,"Median","53",1950,96,73,169
705,"Slovenia",4,"Median","54",1950,95,74,169
705,"Slovenia",4,"Median","55",1950,95,74,169
705,"Slovenia",4,"Median","56",1950,95,74,169
705,"Slovenia",4,"Median","57",1950,97,77,173
705,"Slovenia",4,"Median","58",1950,101,82,183
705,"Slovenia",4,"Median","59",1950,104,87,191
705,"Slovenia",4,"Median","60",1950,109,99,207
705,"Slovenia",4,"Median","61",1950,117,115,232
705,"Slovenia",4,"Median","62",1950,125,129,254
705,"Slovenia",4,"Median","63",1950,130,141,271
705,"Slovenia",4,"Median","64",1950,134,148,282
705,"Slovenia",4,"Median","65",1950,142,154,295
705,"Slovenia",4,"Median","66",1950,151,158,309
705,"Slovenia",4,"Median","67",1950,153,162,315
705,"Slovenia",4,"Median","68",1950,152,167,319
705,"Slovenia",4,"Median","69",1950,163,178,341
705,"Slovenia",4,"Median","70",1950,176,193,369
705,"Slovenia",4,"Median","71",1950,183,203,386
705,"Slovenia",4,"Median","72",1950,191,213,404
705,"Slovenia",4,"Median","73",1950,206,233,439
705,"Slovenia",4,"Median","74",1950,216,248,464
705,"Slovenia",4,"Median","75",1950,210,235,446
705,"Slovenia",4,"Median","76",1950,197,226,424
705,"Slovenia",4,"Median","77",1950,190,221,410
705,"Slovenia",4,"Median","78",1950,193,216,409
705,"Slovenia",4,"Median","79",1950,196,212,408
705,"Slovenia",4,"Median","80",1950,187,202,389
705,"Slovenia",4,"Median","81",1950,169,183,352
705,"Slovenia",4,"Median","82",1950,151,167,318
705,"Slovenia",4,"Median","83",1950,137,157,294
705,"Slovenia",4,"Median","84",1950,122,143,266
705,"Slovenia",4,"Median","85",1950,105,126,231
705,"Slovenia",4,"Median","86",1950,84,105,189
705,"Slovenia",4,"Median","87",1950,66,86,152
705,"Slovenia",4,"Median","88",1950,51,70,122
705,"Slovenia",4,"Median","89",1950,39,56,95
705,"Slovenia",4,"Median","90",1950,30,44,73
705,"Slovenia",4,"Median","91",1950,22,33,55
705,"Slovenia",4,"Median","92",1950,16,25,41
705,"Slovenia",4,"Median","93",1950,11,18,29
705,"Slovenia",4,"Median","94",1950,8,13,21
705,"Slovenia",4,"Median","95",1950,5,9,14
705,"Slovenia",4,"Median","96",1950,3,6,9
705,"Slovenia",4,"Median","97",1950,2,4,6
705,"Slovenia",4,"Median","98",1950,1,2,4
705,"Slovenia",4,"Median","99",1950,1,2,2
705,"Slovenia",4,"Median","100",1950,0,1,1
705,"Slovenia",4,"Median","101",1950,0,0,0
705,"Slovenia",4,"Median","102",1950,0,0,0
705,"Slovenia",4,"Median","103",1950,0,0,0
705,"Slovenia",4,"Median","104",1950,0,0,0
705,"Slovenia",4,"Median","105",1950,0,0,0
705,"Slovenia",4,"Median","106",1950,0,0,0
705,"Slovenia",4,"Median","107",1950,0,0,0
705,"Slovenia",4,"Median","108",1950,0,0,0
705,"Slovenia",4,"Median","109",1950,0,0,0
705,"Slovenia",4,"Median","110",1950,0,0,0
705,"Slovenia",4,"Median","0",1951,1505,1098,2603
705,"Slovenia",4,"Median","1",1951,105,99,204
705,"Slovenia",4,"Median","2",1951,68,62,130
705,"Slovenia",4,"Median","3",1951,45,38,83
705,"Slovenia",4,"Median","4",1951,30,25,55
705,"Slovenia",4,"Median","5",1951,19,15,35
705,"Slovenia",4,"Median","6",1951,15,11,26
705,"Slovenia",4,"Median","7",1951,14,10,25
705,"Slovenia",4,"Median","8",1951,14,10,23
705,"Slovenia",4,"Median","9",1951,13,9,22
705,"Slovenia",4,"Median","10",1951,13,8,21
705,"Slovenia",4,"Median","11",1951,13,9,22
705,"Slovenia",4,"Median","12",1951,14,9,23
705,"Slovenia",4,"Median","13",1951,16,10,26
705,"Slovenia",4,"Median","14",1951,19,11,29
705,"Slovenia",4,"Median","15",1951,21,12,33
705,"Slovenia",4,"Median","16",1951,25,13,38
705,"Slovenia",4,"Median","17",1951,29,15,43
705,"Slovenia",4,"Median","18",1951,34,17,50
705,"Slovenia",4,"Median","19",1951,39,19,58
705,"Slovenia",4,"Median","20",1951,45,21,66
705,"Slovenia",4,"Median","21",1951,48,23,70
705,"Slovenia",4,"Median","22",1951,48,23,71
705,"Slovenia",4,"Median","23",1951,47,24,71
705,"Slovenia",4,"Median","24",1951,43,25,68
705,"Slovenia",4,"Median","25",1951,39,26,65
705,"Slovenia",4,"Median","26",1951,36,26,62
705,"Slovenia",4,"Median","27",1951,35,26,61
705,"Slovenia",4,"Median","28",1951,34,26,60
705,"Slovenia",4,"Median","29",1951,33,26,59
705,"Slovenia",4,"Median","30",1951,32,25,57
705,"Slovenia",4,"Median","31",1951,30,23,52
705,"Slovenia",4,"Median","32",1951,24,18,42
705,"Slovenia",4,"Median","33",1951,19,14,32
705,"Slovenia",4,"Median","34",1951,19,13,32
705,"Slovenia",4,"Median","35",1951,23,16,39
705,"Slovenia",4,"Median","36",1951,33,22,54
705,"Slovenia",4,"Median","37",1951,41,26,67
705,"Slovenia",4,"Median","38",1951,44,29,73
705,"Slovenia",4,"Median","39",1951,48,31,78
705,"Slovenia",4,"Median","40",1951,52,33,86
705,"Slovenia",4,"Median","41",1951,59,37,96
705,"Slovenia",4,"Median","42",1951,63,39,103
705,"Slovenia",4,"Median","43",1951,65,40,106
705,"Slovenia",4,"Median","44",1951,68,42,110
705,"Slovenia",4,"Median","45",1951,71,43,113
705,"Slovenia",4,"Median","46",1951,73,44,117
705,"Slovenia",4,"Median","47",1951,77,45,122
705,"Slovenia",4,"Median","48",1951,82,49,131
705,"Slovenia",4,"Median","49",1951,87,54,142
705,"Slovenia",4,"Median","50",1951,92,60,151
705,"Slovenia",4,"Median","51",1951,95,65,160
705,"Slovenia",4,"Median","52",1951,97,70,167
705,"Slovenia",4,"Median","53",1951,99,74,172
705,"Slovenia",4,"Median","54",1951,99,76,175
705,"Slovenia",4,"Median","55",1951,98,77,175
705,"Slovenia",4,"Median","56",1951,98,77,175
705,"Slovenia",4,"Median","57",1951,98,78,176
705,"Slovenia",4,"Median","58",1951,100,82,183
705,"Slovenia",4,"Median","59",1951,105,90,194
705,"Slovenia",4,"Median","60",1951,108,96,204
705,"Slovenia",4,"Median","61",1951,112,110,222
705,"Slovenia",4,"Median","62",1951,120,126,246
705,"Slovenia",4,"Median","63",1951,127,139,266
705,"Slovenia",4,"Median","64",1951,131,149,279
705,"Slovenia",4,"Median","65",1951,135,154,289
705,"Slovenia",4,"Median","66",1951,144,159,303
705,"Slovenia",4,"Median","67",1951,156,164,320
705,"Slovenia",4,"Median","68",1951,158,170,328
705,"Slovenia",4,"Median","69",1951,158,176,334
705,"Slovenia",4,"Median","70",1951,169,189,358
705,"Slovenia",4,"Median","71",1951,182,205,387
705,"Slovenia",4,"Median","72",1951,188,215,402
705,"Slovenia",4,"Median","73",1951,194,222,416
705,"Slovenia",4,"Median","74",1951,206,240,446
705,"Slovenia",4,"Median","75",1951,216,244,460
705,"Slovenia",4,"Median","76",1951,206,236,442
705,"Slovenia",4,"Median","77",1951,192,224,416
705,"Slovenia",4,"Median","78",1951,182,216,398
705,"Slovenia",4,"Median","79",1951,183,209,392
705,"Slovenia",4,"Median","80",1951,184,202,386
705,"Slovenia",4,"Median","81",1951,173,190,363
705,"Slovenia",4,"Median","82",1951,154,169,323
705,"Slovenia",4,"Median","83",1951,135,152,287
705,"Slovenia",4,"Median","84",1951,121,140,261
705,"Slovenia",4,"Median","85",1951,106,125,231
705,"Slovenia",4,"Median","86",1951,89,107,196
705,"Slovenia",4,"Median","87",1951,70,88,158
705,"Slovenia",4,"Median","88",1951,54,70,124
705,"Slovenia",4,"Median","89",1951,41,56,97
705,"Slovenia",4,"Median","90",1951,31,43,74
705,"Slovenia",4,"Median","91",1951,22,33,55
705,"Slovenia",4,"Median","92",1951,16,24,40
705,"Slovenia",4,"Median","93",1951,11,18,29
705,"Slovenia",4,"Median","94",1951,8,12,20
705,"Slovenia",4,"Median","95",1951,5,9,14
705,"Slovenia",4,"Median","96",1951,3,6,9
705,"Slovenia",4,"Median","97",1951,2,4,6
705,"Slovenia",4,"Median","98",1951,1,2,4
705,"Slovenia",4,"Median","99",1951,1,1,2
705,"Slovenia",4,"Median","100",1951,0,1,1
705,"Slovenia",4,"Median","101",1951,0,0,0
705,"Slovenia",4,"Median","102",1951,0,0,0
705,"Slovenia",4,"Median","103",1951,0,0,0
705,"Slovenia",4,"Median","104",1951,0,0,0
705,"Slovenia",4,"Median","105",1951,0,0,0
705,"Slovenia",4,"Median","106",1951,0,0,0
705,"Slovenia",4,"Median","107",1951,0,0,0
705,"Slovenia",4,"Median","108",1951,0,0,0
705,"Slovenia",4,"Median","109",1951,0,0,0
705,"Slovenia",4,"Median","110",1951,0,0,0
705,"Slovenia",4,"Median","0",1952,1349,983,2332
705,"Slovenia",4,"Median","1",1952,96,92,187
705,"Slovenia",4,"Median","2",1952,64,57,122
705,"Slovenia",4,"Median","3",1952,43,35,78
705,"Slovenia",4,"Median","4",1952,29,23,52
705,"Slovenia",4,"Median","5",1952,21,15,36
705,"Slovenia",4,"Median","6",1952,14,10,24
705,"Slovenia",4,"Median","7",1952,11,7,19
705,"Slovenia",4,"Median","8",1952,12,8,19
705,"Slovenia",4,"Median","9",1952,12,8,19
705,"Slovenia",4,"Median","10",1952,11,7,19
705,"Slovenia",4,"Median","11",1952,12,7,19
705,"Slovenia",4,"Median","12",1952,12,7,20
705,"Slovenia",4,"Median","13",1952,14,8,22
705,"Slovenia",4,"Median","14",1952,15,9,24
705,"Slovenia",4,"Median","15",1952,18,9,27
705,"Slovenia",4,"Median","16",1952,21,10,31
705,"Slovenia",4,"Median","17",1952,23,12,35
705,"Slovenia",4,"Median","18",1952,27,13,41
705,"Slovenia",4,"Median","19",1952,32,15,47
705,"Slovenia",4,"Median","20",1952,36,18,54
705,"Slovenia",4,"Median","21",1952,41,20,60
705,"Slovenia",4,"Median","22",1952,42,21,63
705,"Slovenia",4,"Median","23",1952,42,21,62
705,"Slovenia",4,"Median","24",1952,40,20,60
705,"Slovenia",4,"Median","25",1952,36,20,57
705,"Slovenia",4,"Median","26",1952,33,20,53
705,"Slovenia",4,"Median","27",1952,31,20,51
705,"Slovenia",4,"Median","28",1952,31,20,50
705,"Slovenia",4,"Median","29",1952,30,21,50
705,"Slovenia",4,"Median","30",1952,30,21,51
705,"Slovenia",4,"Median","31",1952,29,21,50
705,"Slovenia",4,"Median","32",1952,26,20,46
705,"Slovenia",4,"Median","33",1952,21,16,37
705,"Slovenia",4,"Median","34",1952,16,13,29
705,"Slovenia",4,"Median","35",1952,16,13,29
705,"Slovenia",4,"Median","36",1952,20,16,36
705,"Slovenia",4,"Median","37",1952,29,22,51
705,"Slovenia",4,"Median","38",1952,37,27,64
705,"Slovenia",4,"Median","39",1952,42,29,71
705,"Slovenia",4,"Median","40",1952,46,31,77
705,"Slovenia",4,"Median","41",1952,51,32,84
705,"Slovenia",4,"Median","42",1952,57,35,93
705,"Slovenia",4,"Median","43",1952,60,37,97
705,"Slovenia",4,"Median","44",1952,61,38,99
705,"Slovenia",4,"Median","45",1952,63,40,102
705,"Slovenia",4,"Median","46",1952,64,42,106
705,"Slovenia",4,"Median","47",1952,66,44,110
705,"Slovenia",4,"Median","48",1952,71,47,118
705,"Slovenia",4,"Median","49",1952,76,52,128
705,"Slovenia",4,"Median","50",1952,83,57,140
705,"Slovenia",4,"Median","51",1952,89,61,150
705,"Slovenia",4,"Median","52",1952,93,65,158
705,"Slovenia",4,"Median","53",1952,96,68,164
705,"Slovenia",4,"Median","54",1952,97,71,168
705,"Slovenia",4,"Median","55",1952,97,73,170
705,"Slovenia",4,"Median","56",1952,95,74,170
705,"Slovenia",4,"Median","57",1952,95,77,172
705,"Slovenia",4,"Median","58",1952,95,79,174
705,"Slovenia",4,"Median","59",1952,97,86,183
705,"Slovenia",4,"Median","60",1952,101,94,196
705,"Slovenia",4,"Median","61",1952,105,101,205
705,"Slovenia",4,"Median","62",1952,110,113,223
705,"Slovenia",4,"Median","63",1952,119,128,247
705,"Slovenia",4,"Median","64",1952,127,139,267
705,"Slovenia",4,"Median","65",1952,133,148,281
705,"Slovenia",4,"Median","66",1952,140,154,295
705,"Slovenia",4,"Median","67",1952,154,162,315
705,"Slovenia",4,"Median","68",1952,167,170,337
705,"Slovenia",4,"Median","69",1952,169,179,347
705,"Slovenia",4,"Median","70",1952,166,187,353
705,"Slovenia",4,"Median","71",1952,174,202,376
705,"Slovenia",4,"Median","72",1952,185,218,403
705,"Slovenia",4,"Median","73",1952,188,226,414
705,"Slovenia",4,"Median","74",1952,192,230,423
705,"Slovenia",4,"Median","75",1952,209,233,442
705,"Slovenia",4,"Median","76",1952,215,241,456
705,"Slovenia",4,"Median","77",1952,204,230,434
705,"Slovenia",4,"Median","78",1952,188,217,405
705,"Slovenia",4,"Median","79",1952,177,207,384
705,"Slovenia",4,"Median","80",1952,176,197,373
705,"Slovenia",4,"Median","81",1952,175,188,363
705,"Slovenia",4,"Median","82",1952,162,174,336
705,"Slovenia",4,"Median","83",1952,142,152,295
705,"Slovenia",4,"Median","84",1952,123,135,258
705,"Slovenia",4,"Median","85",1952,108,122,230
705,"Slovenia",4,"Median","86",1952,93,106,199
705,"Slovenia",4,"Median","87",1952,77,89,166
705,"Slovenia",4,"Median","88",1952,59,71,130
705,"Slovenia",4,"Median","89",1952,44,55,100
705,"Slovenia",4,"Median","90",1952,33,43,76
705,"Slovenia",4,"Median","91",1952,24,32,56
705,"Slovenia",4,"Median","92",1952,17,24,41
705,"Slovenia",4,"Median","93",1952,12,17,29
705,"Slovenia",4,"Median","94",1952,8,12,20
705,"Slovenia",4,"Median","95",1952,5,8,14
705,"Slovenia",4,"Median","96",1952,4,5,9
705,"Slovenia",4,"Median","97",1952,2,4,6
705,"Slovenia",4,"Median","98",1952,1,2,4
705,"Slovenia",4,"Median","99",1952,1,1,2
705,"Slovenia",4,"Median","100",1952,0,1,1
705,"Slovenia",4,"Median","101",1952,0,0,0
705,"Slovenia",4,"Median","102",1952,0,0,0
705,"Slovenia",4,"Median","103",1952,0,0,0
705,"Slovenia",4,"Median","104",1952,0,0,0
705,"Slovenia",4,"Median","105",1952,0,0,0
705,"Slovenia",4,"Median","106",1952,0,0,0
705,"Slovenia",4,"Median","107",1952,0,0,0
705,"Slovenia",4,"Median","108",1952,0,0,0
705,"Slovenia",4,"Median","109",1952,0,0,0
705,"Slovenia",4,"Median","110",1952,0,0,0
705,"Slovenia",4,"Median","0",1953,1160,857,2017
705,"Slovenia",4,"Median","1",1953,70,73,142
705,"Slovenia",4,"Median","2",1953,51,49,101
705,"Slovenia",4,"Median","3",1953,38,33,71
705,"Slovenia",4,"Median","4",1953,27,22,50
705,"Slovenia",4,"Median","5",1953,21,16,36
705,"Slovenia",4,"Median","6",1953,16,11,27
705,"Slovenia",4,"Median","7",1953,12,8,19
705,"Slovenia",4,"Median","8",1953,10,6,16
705,"Slovenia",4,"Median","9",1953,11,6,17
705,"Slovenia",4,"Median","10",1953,11,6,17
705,"Slovenia",4,"Median","11",1953,11,6,17
705,"Slovenia",4,"Median","12",1953,11,6,17
705,"Slovenia",4,"Median","13",1953,12,6,18
705,"Slovenia",4,"Median","14",1953,13,7,20
705,"Slovenia",4,"Median","15",1953,15,8,23
705,"Slovenia",4,"Median","16",1953,18,9,26
705,"Slovenia",4,"Median","17",1953,20,10,30
705,"Slovenia",4,"Median","18",1953,23,11,34
705,"Slovenia",4,"Median","19",1953,26,13,39
705,"Slovenia",4,"Median","20",1953,29,14,43
705,"Slovenia",4,"Median","21",1953,32,15,47
705,"Slovenia",4,"Median","22",1953,35,16,51
705,"Slovenia",4,"Median","23",1953,36,17,52
705,"Slovenia",4,"Median","24",1953,35,16,51
705,"Slovenia",4,"Median","25",1953,34,17,50
705,"Slovenia",4,"Median","26",1953,32,17,49
705,"Slovenia",4,"Median","27",1953,30,18,48
705,"Slovenia",4,"Median","28",1953,29,18,47
705,"Slovenia",4,"Median","29",1953,29,19,48
705,"Slovenia",4,"Median","30",1953,29,19,48
705,"Slovenia",4,"Median","31",1953,28,20,48
705,"Slovenia",4,"Median","32",1953,27,19,46
705,"Slovenia",4,"Median","33",1953,24,18,42
705,"Slovenia",4,"Median","34",1953,19,15,34
705,"Slovenia",4,"Median","35",1953,15,12,26
705,"Slovenia",4,"Median","36",1953,15,12,27
705,"Slovenia",4,"Median","37",1953,19,15,34
705,"Slovenia",4,"Median","38",1953,28,21,49
705,"Slovenia",4,"Median","39",1953,37,26,63
705,"Slovenia",4,"Median","40",1953,41,29,70
705,"Slovenia",4,"Median","41",1953,45,31,76
705,"Slovenia",4,"Median","42",1953,49,33,82
705,"Slovenia",4,"Median","43",1953,54,36,90
705,"Slovenia",4,"Median","44",1953,56,39,94
705,"Slovenia",4,"Median","45",1953,56,40,97
705,"Slovenia",4,"Median","46",1953,58,43,101
705,"Slovenia",4,"Median","47",1953,60,46,106
705,"Slovenia",4,"Median","48",1953,64,49,113
705,"Slovenia",4,"Median","49",1953,70,52,123
705,"Slovenia",4,"Median","50",1953,78,56,135
705,"Slovenia",4,"Median","51",1953,87,61,147
705,"Slovenia",4,"Median","52",1953,93,63,157
705,"Slovenia",4,"Median","53",1953,98,66,163
705,"Slovenia",4,"Median","54",1953,99,68,167
705,"Slovenia",4,"Median","55",1953,99,71,170
705,"Slovenia",4,"Median","56",1953,99,74,173
705,"Slovenia",4,"Median","57",1953,97,77,174
705,"Slovenia",4,"Median","58",1953,97,80,178
705,"Slovenia",4,"Median","59",1953,98,84,183
705,"Slovenia",4,"Median","60",1953,101,92,193
705,"Slovenia",4,"Median","61",1953,106,101,207
705,"Slovenia",4,"Median","62",1953,109,107,216
705,"Slovenia",4,"Median","63",1953,113,119,233
705,"Slovenia",4,"Median","64",1953,120,134,255
705,"Slovenia",4,"Median","65",1953,127,146,272
705,"Slovenia",4,"Median","66",1953,132,155,287
705,"Slovenia",4,"Median","67",1953,139,163,302
705,"Slovenia",4,"Median","68",1953,152,170,322
705,"Slovenia",4,"Median","69",1953,165,178,343
705,"Slovenia",4,"Median","70",1953,168,185,354
705,"Slovenia",4,"Median","71",1953,167,191,358
705,"Slovenia",4,"Median","72",1953,177,202,380
705,"Slovenia",4,"Median","73",1953,188,215,403
705,"Slovenia",4,"Median","74",1953,190,220,410
705,"Slovenia",4,"Median","75",1953,200,220,420
705,"Slovenia",4,"Median","76",1953,209,231,439
705,"Slovenia",4,"Median","77",1953,212,237,449
705,"Slovenia",4,"Median","78",1953,200,224,424
705,"Slovenia",4,"Median","79",1953,182,208,390
705,"Slovenia",4,"Median","80",1953,170,196,366
705,"Slovenia",4,"Median","81",1953,167,185,351
705,"Slovenia",4,"Median","82",1953,163,173,337
705,"Slovenia",4,"Median","83",1953,149,158,307
705,"Slovenia",4,"Median","84",1953,129,136,264
705,"Slovenia",4,"Median","85",1953,109,118,227
705,"Slovenia",4,"Median","86",1953,94,104,199
705,"Slovenia",4,"Median","87",1953,80,89,169
705,"Slovenia",4,"Median","88",1953,64,73,137
705,"Slovenia",4,"Median","89",1953,49,57,105
705,"Slovenia",4,"Median","90",1953,36,43,78
705,"Slovenia",4,"Median","91",1953,26,32,58
705,"Slovenia",4,"Median","92",1953,18,24,42
705,"Slovenia",4,"Median","93",1953,13,17,30
705,"Slovenia",4,"Median","94",1953,9,12,20
705,"Slovenia",4,"Median","95",1953,6,8,14
705,"Slovenia",4,"Median","96",1953,4,5,9
705,"Slovenia",4,"Median","97",1953,2,3,6
705,"Slovenia",4,"Median","98",1953,1,2,4
705,"Slovenia",4,"Median","99",1953,1,1,2
705,"Slovenia",4,"Median","100",1953,0,1,1
705,"Slovenia",4,"Median","101",1953,0,0,0
705,"Slovenia",4,"Median","102",1953,0,0,0
705,"Slovenia",4,"Median","103",1953,0,0,0
705,"Slovenia",4,"Median","104",1953,0,0,0
705,"Slovenia",4,"Median","105",1953,0,0,0
705,"Slovenia",4,"Median","106",1953,0,0,0
705,"Slovenia",4,"Median","107",1953,0,0,0
705,"Slovenia",4,"Median","108",1953,0,0,0
705,"Slovenia",4,"Median","109",1953,0,0,0
705,"Slovenia",4,"Median","110",1953,0,0,0
705,"Slovenia",4,"Median","0",1954,1060,778,1837
705,"Slovenia",4,"Median","1",1954,59,63,123
705,"Slovenia",4,"Median","2",1954,45,44,89
705,"Slovenia",4,"Median","3",1954,35,32,67
705,"Slovenia",4,"Median","4",1954,28,22,50
705,"Slovenia",4,"Median","5",1954,21,16,37
705,"Slovenia",4,"Median","6",1954,16,12,28
705,"Slovenia",4,"Median","7",1954,13,9,22
705,"Slovenia",4,"Median","8",1954,10,7,17
705,"Slovenia",4,"Median","9",1954,8,6,14
705,"Slovenia",4,"Median","10",1954,9,7,16
705,"Slovenia",4,"Median","11",1954,9,7,17
705,"Slovenia",4,"Median","12",1954,9,7,16
705,"Slovenia",4,"Median","13",1954,10,7,17
705,"Slovenia",4,"Median","14",1954,11,7,18
705,"Slovenia",4,"Median","15",1954,12,8,20
705,"Slovenia",4,"Median","16",1954,14,8,22
705,"Slovenia",4,"Median","17",1954,17,9,26
705,"Slovenia",4,"Median","18",1954,19,10,29
705,"Slovenia",4,"Median","19",1954,22,11,33
705,"Slovenia",4,"Median","20",1954,25,12,37
705,"Slovenia",4,"Median","21",1954,27,13,41
705,"Slovenia",4,"Median","22",1954,29,14,44
705,"Slovenia",4,"Median","23",1954,32,15,47
705,"Slovenia",4,"Median","24",1954,32,15,47
705,"Slovenia",4,"Median","25",1954,31,15,46
705,"Slovenia",4,"Median","26",1954,30,16,46
705,"Slovenia",4,"Median","27",1954,28,16,44
705,"Slovenia",4,"Median","28",1954,27,17,44
705,"Slovenia",4,"Median","29",1954,26,18,43
705,"Slovenia",4,"Median","30",1954,25,18,44
705,"Slovenia",4,"Median","31",1954,25,19,44
705,"Slovenia",4,"Median","32",1954,24,19,44
705,"Slovenia",4,"Median","33",1954,24,19,43
705,"Slovenia",4,"Median","34",1954,22,18,39
705,"Slovenia",4,"Median","35",1954,18,15,32
705,"Slovenia",4,"Median","36",1954,14,12,26
705,"Slovenia",4,"Median","37",1954,15,12,27
705,"Slovenia",4,"Median","38",1954,19,15,34
705,"Slovenia",4,"Median","39",1954,28,21,49
705,"Slovenia",4,"Median","40",1954,36,26,62
705,"Slovenia",4,"Median","41",1954,40,28,68
705,"Slovenia",4,"Median","42",1954,42,30,72
705,"Slovenia",4,"Median","43",1954,45,32,77
705,"Slovenia",4,"Median","44",1954,48,36,85
705,"Slovenia",4,"Median","45",1954,50,39,89
705,"Slovenia",4,"Median","46",1954,51,41,92
705,"Slovenia",4,"Median","47",1954,54,45,98
705,"Slovenia",4,"Median","48",1954,57,48,105
705,"Slovenia",4,"Median","49",1954,62,51,113
705,"Slovenia",4,"Median","50",1954,70,54,123
705,"Slovenia",4,"Median","51",1954,78,57,135
705,"Slovenia",4,"Median","52",1954,87,62,149
705,"Slovenia",4,"Median","53",1954,94,65,159
705,"Slovenia",4,"Median","54",1954,98,68,166
705,"Slovenia",4,"Median","55",1954,100,71,171
705,"Slovenia",4,"Median","56",1954,101,75,176
705,"Slovenia",4,"Median","57",1954,101,80,181
705,"Slovenia",4,"Median","58",1954,100,84,185
705,"Slovenia",4,"Median","59",1954,101,89,190
705,"Slovenia",4,"Median","60",1954,101,93,194
705,"Slovenia",4,"Median","61",1954,104,100,204
705,"Slovenia",4,"Median","62",1954,109,109,217
705,"Slovenia",4,"Median","63",1954,112,114,226
705,"Slovenia",4,"Median","64",1954,117,126,244
705,"Slovenia",4,"Median","65",1954,126,142,268
705,"Slovenia",4,"Median","66",1954,134,154,289
705,"Slovenia",4,"Median","67",1954,140,166,306
705,"Slovenia",4,"Median","68",1954,148,176,324
705,"Slovenia",4,"Median","69",1954,159,187,346
705,"Slovenia",4,"Median","70",1954,171,197,368
705,"Slovenia",4,"Median","71",1954,172,206,378
705,"Slovenia",4,"Median","72",1954,169,213,382
705,"Slovenia",4,"Median","73",1954,178,224,402
705,"Slovenia",4,"Median","74",1954,189,236,425
705,"Slovenia",4,"Median","75",1954,199,230,429
705,"Slovenia",4,"Median","76",1954,199,229,428
705,"Slovenia",4,"Median","77",1954,206,237,444
705,"Slovenia",4,"Median","78",1954,208,241,449
705,"Slovenia",4,"Median","79",1954,193,225,419
705,"Slovenia",4,"Median","80",1954,174,207,381
705,"Slovenia",4,"Median","81",1954,160,192,352
705,"Slovenia",4,"Median","82",1954,155,178,333
705,"Slovenia",4,"Median","83",1954,149,164,313
705,"Slovenia",4,"Median","84",1954,134,147,281
705,"Slovenia",4,"Median","85",1954,113,124,237
705,"Slovenia",4,"Median","86",1954,94,105,199
705,"Slovenia",4,"Median","87",1954,80,91,170
705,"Slovenia",4,"Median","88",1954,66,75,141
705,"Slovenia",4,"Median","89",1954,52,60,112
705,"Slovenia",4,"Median","90",1954,38,45,84
705,"Slovenia",4,"Median","91",1954,27,33,60
705,"Slovenia",4,"Median","92",1954,19,24,44
705,"Slovenia",4,"Median","93",1954,13,17,30
705,"Slovenia",4,"Median","94",1954,9,12,21
705,"Slovenia",4,"Median","95",1954,6,8,14
705,"Slovenia",4,"Median","96",1954,4,5,9
705,"Slovenia",4,"Median","97",1954,2,3,6
705,"Slovenia",4,"Median","98",1954,1,2,4
705,"Slovenia",4,"Median","99",1954,1,1,2
705,"Slovenia",4,"Median","100",1954,0,1,1
705,"Slovenia",4,"Median","101",1954,0,0,0
705,"Slovenia",4,"Median","102",1954,0,0,0
705,"Slovenia",4,"Median","103",1954,0,0,0
705,"Slovenia",4,"Median","104",1954,0,0,0
705,"Slovenia",4,"Median","105",1954,0,0,0
705,"Slovenia",4,"Median","106",1954,0,0,0
705,"Slovenia",4,"Median","107",1954,0,0,0
705,"Slovenia",4,"Median","108",1954,0,0,0
705,"Slovenia",4,"Median","109",1954,0,0,0
705,"Slovenia",4,"Median","110",1954,0,0,0
705,"Slovenia",4,"Median","0",1955,1018,730,1749
705,"Slovenia",4,"Median","1",1955,55,57,112
705,"Slovenia",4,"Median","2",1955,42,42,85
705,"Slovenia",4,"Median","3",1955,33,31,64
705,"Slovenia",4,"Median","4",1955,26,23,50
705,"Slovenia",4,"Median","5",1955,21,18,39
705,"Slovenia",4,"Median","6",1955,16,13,29
705,"Slovenia",4,"Median","7",1955,13,11,24
705,"Slovenia",4,"Median","8",1955,11,9,20
705,"Slovenia",4,"Median","9",1955,8,7,15
705,"Slovenia",4,"Median","10",1955,8,6,14
705,"Slovenia",4,"Median","11",1955,9,7,16
705,"Slovenia",4,"Median","12",1955,9,8,17
705,"Slovenia",4,"Median","13",1955,10,8,18
705,"Slovenia",4,"Median","14",1955,11,8,18
705,"Slovenia",4,"Median","15",1955,12,8,20
705,"Slovenia",4,"Median","16",1955,14,8,22
705,"Slovenia",4,"Median","17",1955,16,9,25
705,"Slovenia",4,"Median","18",1955,19,9,28
705,"Slovenia",4,"Median","19",1955,21,10,31
705,"Slovenia",4,"Median","20",1955,23,11,34
705,"Slovenia",4,"Median","21",1955,25,12,37
705,"Slovenia",4,"Median","22",1955,27,13,39
705,"Slovenia",4,"Median","23",1955,29,13,42
705,"Slovenia",4,"Median","24",1955,31,14,45
705,"Slovenia",4,"Median","25",1955,31,15,46
705,"Slovenia",4,"Median","26",1955,30,15,46
705,"Slovenia",4,"Median","27",1955,30,16,46
705,"Slovenia",4,"Median","28",1955,28,17,45
705,"Slovenia",4,"Median","29",1955,26,18,44
705,"Slovenia",4,"Median","30",1955,25,19,44
705,"Slovenia",4,"Median","31",1955,24,20,44
705,"Slovenia",4,"Median","32",1955,24,20,44
705,"Slovenia",4,"Median","33",1955,24,20,44
705,"Slovenia",4,"Median","34",1955,23,20,43
705,"Slovenia",4,"Median","35",1955,22,18,40
705,"Slovenia",4,"Median","36",1955,18,15,33
705,"Slovenia",4,"Median","37",1955,15,12,26
705,"Slovenia",4,"Median","38",1955,15,12,27
705,"Slovenia",4,"Median","39",1955,20,15,35
705,"Slovenia",4,"Median","40",1955,28,22,50
705,"Slovenia",4,"Median","41",1955,35,29,64
705,"Slovenia",4,"Median","42",1955,38,32,70
705,"Slovenia",4,"Median","43",1955,40,35,75
705,"Slovenia",4,"Median","44",1955,43,38,81
705,"Slovenia",4,"Median","45",1955,48,42,90
705,"Slovenia",4,"Median","46",1955,51,45,96
705,"Slovenia",4,"Median","47",1955,54,46,100
705,"Slovenia",4,"Median","48",1955,59,48,107
705,"Slovenia",4,"Median","49",1955,64,50,114
705,"Slovenia",4,"Median","50",1955,71,51,122
705,"Slovenia",4,"Median","51",1955,78,53,132
705,"Slovenia",4,"Median","52",1955,87,57,144
705,"Slovenia",4,"Median","53",1955,96,63,159
705,"Slovenia",4,"Median","54",1955,103,68,171
705,"Slovenia",4,"Median","55",1955,106,74,180
705,"Slovenia",4,"Median","56",1955,108,79,187
705,"Slovenia",4,"Median","57",1955,110,86,196
705,"Slovenia",4,"Median","58",1955,111,92,203
705,"Slovenia",4,"Median","59",1955,112,96,208
705,"Slovenia",4,"Median","60",1955,113,99,213
705,"Slovenia",4,"Median","61",1955,115,102,217
705,"Slovenia",4,"Median","62",1955,118,108,226
705,"Slovenia",4,"Median","63",1955,124,116,240
705,"Slovenia",4,"Median","64",1955,127,122,250
705,"Slovenia",4,"Median","65",1955,132,137,270
705,"Slovenia",4,"Median","66",1955,140,157,297
705,"Slovenia",4,"Median","67",1955,148,174,322
705,"Slovenia",4,"Median","68",1955,153,189,342
705,"Slovenia",4,"Median","69",1955,161,202,362
705,"Slovenia",4,"Median","70",1955,174,214,388
705,"Slovenia",4,"Median","71",1955,188,225,413
705,"Slovenia",4,"Median","72",1955,191,233,424
705,"Slovenia",4,"Median","73",1955,190,239,429
705,"Slovenia",4,"Median","74",1955,201,250,451
705,"Slovenia",4,"Median","75",1955,214,254,469
705,"Slovenia",4,"Median","76",1955,212,253,465
705,"Slovenia",4,"Median","77",1955,210,250,460
705,"Slovenia",4,"Median","78",1955,214,258,472
705,"Slovenia",4,"Median","79",1955,213,259,472
705,"Slovenia",4,"Median","80",1955,195,240,435
705,"Slovenia",4,"Median","81",1955,173,217,390
705,"Slovenia",4,"Median","82",1955,156,199,355
705,"Slovenia",4,"Median","83",1955,148,181,329
705,"Slovenia",4,"Median","84",1955,140,164,304
705,"Slovenia",4,"Median","85",1955,123,144,266
705,"Slovenia",4,"Median","86",1955,102,118,220
705,"Slovenia",4,"Median","87",1955,83,98,180
705,"Slovenia",4,"Median","88",1955,68,82,150
705,"Slovenia",4,"Median","89",1955,55,66,121
705,"Slovenia",4,"Median","90",1955,42,51,93
705,"Slovenia",4,"Median","91",1955,30,38,67
705,"Slovenia",4,"Median","92",1955,21,27,47
705,"Slovenia",4,"Median","93",1955,14,19,33
705,"Slovenia",4,"Median","94",1955,9,13,22
705,"Slovenia",4,"Median","95",1955,6,8,15
705,"Slovenia",4,"Median","96",1955,4,5,9
705,"Slovenia",4,"Median","97",1955,2,3,6
705,"Slovenia",4,"Median","98",1955,1,2,4
705,"Slovenia",4,"Median","99",1955,1,1,2
705,"Slovenia",4,"Median","100",1955,0,1,1
705,"Slovenia",4,"Median","101",1955,0,0,0
705,"Slovenia",4,"Median","102",1955,0,0,0
705,"Slovenia",4,"Median","103",1955,0,0,0
705,"Slovenia",4,"Median","104",1955,0,0,0
705,"Slovenia",4,"Median","105",1955,0,0,0
705,"Slovenia",4,"Median","106",1955,0,0,0
705,"Slovenia",4,"Median","107",1955,0,0,0
705,"Slovenia",4,"Median","108",1955,0,0,0
705,"Slovenia",4,"Median","109",1955,0,0,0
705,"Slovenia",4,"Median","110",1955,0,0,0
705,"Slovenia",4,"Median","0",1956,910,656,1566
705,"Slovenia",4,"Median","1",1956,58,53,110
705,"Slovenia",4,"Median","2",1956,44,39,82
705,"Slovenia",4,"Median","3",1956,33,29,62
705,"Slovenia",4,"Median","4",1956,25,22,47
705,"Slovenia",4,"Median","5",1956,20,17,37
705,"Slovenia",4,"Median","6",1956,16,14,30
705,"Slovenia",4,"Median","7",1956,12,11,23
705,"Slovenia",4,"Median","8",1956,10,10,20
705,"Slovenia",4,"Median","9",1956,9,9,17
705,"Slovenia",4,"Median","10",1956,7,7,14
705,"Slovenia",4,"Median","11",1956,7,7,14
705,"Slovenia",4,"Median","12",1956,9,8,17
705,"Slovenia",4,"Median","13",1956,10,9,19
705,"Slovenia",4,"Median","14",1956,12,9,20
705,"Slovenia",4,"Median","15",1956,13,9,22
705,"Slovenia",4,"Median","16",1956,15,9,24
705,"Slovenia",4,"Median","17",1956,17,9,26
705,"Slovenia",4,"Median","18",1956,19,9,28
705,"Slovenia",4,"Median","19",1956,21,9,30
705,"Slovenia",4,"Median","20",1956,23,10,32
705,"Slovenia",4,"Median","21",1956,23,10,34
705,"Slovenia",4,"Median","22",1956,25,11,36
705,"Slovenia",4,"Median","23",1956,26,12,38
705,"Slovenia",4,"Median","24",1956,28,13,41
705,"Slovenia",4,"Median","25",1956,31,14,45
705,"Slovenia",4,"Median","26",1956,32,14,46
705,"Slovenia",4,"Median","27",1956,32,14,46
705,"Slovenia",4,"Median","28",1956,31,15,46
705,"Slovenia",4,"Median","29",1956,29,15,44
705,"Slovenia",4,"Median","30",1956,26,16,43
705,"Slovenia",4,"Median","31",1956,25,17,42
705,"Slovenia",4,"Median","32",1956,24,18,42
705,"Slovenia",4,"Median","33",1956,23,19,42
705,"Slovenia",4,"Median","34",1956,23,20,43
705,"Slovenia",4,"Median","35",1956,23,20,43
705,"Slovenia",4,"Median","36",1956,22,19,41
705,"Slovenia",4,"Median","37",1956,18,16,34
705,"Slovenia",4,"Median","38",1956,15,13,28
705,"Slovenia",4,"Median","39",1956,16,13,29
705,"Slovenia",4,"Median","40",1956,20,17,37
705,"Slovenia",4,"Median","41",1956,29,23,53
705,"Slovenia",4,"Median","42",1956,37,30,67
705,"Slovenia",4,"Median","43",1956,41,33,73
705,"Slovenia",4,"Median","44",1956,43,35,79
705,"Slovenia",4,"Median","45",1956,47,39,86
705,"Slovenia",4,"Median","46",1956,52,43,95
705,"Slovenia",4,"Median","47",1956,56,45,102
705,"Slovenia",4,"Median","48",1956,59,46,106
705,"Slovenia",4,"Median","49",1956,64,48,112
705,"Slovenia",4,"Median","50",1956,69,50,120
705,"Slovenia",4,"Median","51",1956,75,52,127
705,"Slovenia",4,"Median","52",1956,82,55,137
705,"Slovenia",4,"Median","53",1956,91,61,151
705,"Slovenia",4,"Median","54",1956,101,69,169
705,"Slovenia",4,"Median","55",1956,108,77,185
705,"Slovenia",4,"Median","56",1956,112,83,196
705,"Slovenia",4,"Median","57",1956,114,90,203
705,"Slovenia",4,"Median","58",1956,115,96,211
705,"Slovenia",4,"Median","59",1956,116,101,218
705,"Slovenia",4,"Median","60",1956,117,104,221
705,"Slovenia",4,"Median","61",1956,119,106,225
705,"Slovenia",4,"Median","62",1956,121,109,230
705,"Slovenia",4,"Median","63",1956,126,116,243
705,"Slovenia",4,"Median","64",1956,135,127,262
705,"Slovenia",4,"Median","65",1956,141,136,277
705,"Slovenia",4,"Median","66",1956,147,155,302
705,"Slovenia",4,"Median","67",1956,156,178,334
705,"Slovenia",4,"Median","68",1956,163,197,360
705,"Slovenia",4,"Median","69",1956,166,213,379
705,"Slovenia",4,"Median","70",1956,171,224,396
705,"Slovenia",4,"Median","71",1956,183,235,418
705,"Slovenia",4,"Median","72",1956,195,244,439
705,"Slovenia",4,"Median","73",1956,197,250,447
705,"Slovenia",4,"Median","74",1956,195,253,448
705,"Slovenia",4,"Median","75",1956,206,253,459
705,"Slovenia",4,"Median","76",1956,211,260,471
705,"Slovenia",4,"Median","77",1956,205,256,461
705,"Slovenia",4,"Median","78",1956,200,249,449
705,"Slovenia",4,"Median","79",1956,201,252,454
705,"Slovenia",4,"Median","80",1956,197,250,446
705,"Slovenia",4,"Median","81",1956,177,227,404
705,"Slovenia",4,"Median","82",1956,154,202,356
705,"Slovenia",4,"Median","83",1956,136,181,317
705,"Slovenia",4,"Median","84",1956,126,161,287
705,"Slovenia",4,"Median","85",1956,117,142,259
705,"Slovenia",4,"Median","86",1956,100,121,221
705,"Slovenia",4,"Median","87",1956,81,97,178
705,"Slovenia",4,"Median","88",1956,64,78,142
705,"Slovenia",4,"Median","89",1956,51,64,115
705,"Slovenia",4,"Median","90",1956,40,50,90
705,"Slovenia",4,"Median","91",1956,30,37,67
705,"Slovenia",4,"Median","92",1956,21,26,47
705,"Slovenia",4,"Median","93",1956,14,18,32
705,"Slovenia",4,"Median","94",1956,9,12,21
705,"Slovenia",4,"Median","95",1956,6,8,14
705,"Slovenia",4,"Median","96",1956,4,5,9
705,"Slovenia",4,"Median","97",1956,2,3,6
705,"Slovenia",4,"Median","98",1956,1,2,3
705,"Slovenia",4,"Median","99",1956,1,1,2
705,"Slovenia",4,"Median","100",1956,0,0,0
705,"Slovenia",4,"Median","101",1956,0,0,0
705,"Slovenia",4,"Median","102",1956,0,0,0
705,"Slovenia",4,"Median","103",1956,0,0,0
705,"Slovenia",4,"Median","104",1956,0,0,0
705,"Slovenia",4,"Median","105",1956,0,0,0
705,"Slovenia",4,"Median","106",1956,0,0,0
705,"Slovenia",4,"Median","107",1956,0,0,0
705,"Slovenia",4,"Median","108",1956,0,0,0
705,"Slovenia",4,"Median","109",1956,0,0,0
705,"Slovenia",4,"Median","110",1956,0,0,0
705,"Slovenia",4,"Median","0",1957,764,547,1311
705,"Slovenia",4,"Median","1",1957,51,45,96
705,"Slovenia",4,"Median","2",1957,39,35,74
705,"Slovenia",4,"Median","3",1957,30,27,57
705,"Slovenia",4,"Median","4",1957,23,22,45
705,"Slovenia",4,"Median","5",1957,18,17,35
705,"Slovenia",4,"Median","6",1957,15,14,29
705,"Slovenia",4,"Median","7",1957,12,12,24
705,"Slovenia",4,"Median","8",1957,10,9,19
705,"Slovenia",4,"Median","9",1957,9,8,17
705,"Slovenia",4,"Median","10",1957,8,7,15
705,"Slovenia",4,"Median","11",1957,7,6,13
705,"Slovenia",4,"Median","12",1957,7,6,13
705,"Slovenia",4,"Median","13",1957,10,7,17
705,"Slovenia",4,"Median","14",1957,12,9,21
705,"Slovenia",4,"Median","15",1957,14,9,23
705,"Slovenia",4,"Median","16",1957,17,9,26
705,"Slovenia",4,"Median","17",1957,19,9,28
705,"Slovenia",4,"Median","18",1957,20,9,30
705,"Slovenia",4,"Median","19",1957,22,9,31
705,"Slovenia",4,"Median","20",1957,23,9,32
705,"Slovenia",4,"Median","21",1957,24,9,33
705,"Slovenia",4,"Median","22",1957,25,9,33
705,"Slovenia",4,"Median","23",1957,26,9,35
705,"Slovenia",4,"Median","24",1957,27,10,38
705,"Slovenia",4,"Median","25",1957,29,11,41
705,"Slovenia",4,"Median","26",1957,32,13,45
705,"Slovenia",4,"Median","27",1957,33,14,46
705,"Slovenia",4,"Median","28",1957,32,14,46
705,"Slovenia",4,"Median","29",1957,30,15,45
705,"Slovenia",4,"Median","30",1957,28,15,43
705,"Slovenia",4,"Median","31",1957,25,16,41
705,"Slovenia",4,"Median","32",1957,24,17,40
705,"Slovenia",4,"Median","33",1957,23,17,41
705,"Slovenia",4,"Median","34",1957,23,18,41
705,"Slovenia",4,"Median","35",1957,23,19,43
705,"Slovenia",4,"Median","36",1957,24,20,43
705,"Slovenia",4,"Median","37",1957,23,19,42
705,"Slovenia",4,"Median","38",1957,19,16,36
705,"Slovenia",4,"Median","39",1957,16,13,30
705,"Slovenia",4,"Median","40",1957,18,14,32
705,"Slovenia",4,"Median","41",1957,23,18,41
705,"Slovenia",4,"Median","42",1957,34,26,60
705,"Slovenia",4,"Median","43",1957,43,33,75
705,"Slovenia",4,"Median","44",1957,46,36,82
705,"Slovenia",4,"Median","45",1957,49,38,87
705,"Slovenia",4,"Median","46",1957,52,41,93
705,"Slovenia",4,"Median","47",1957,58,45,102
705,"Slovenia",4,"Median","48",1957,62,47,108
705,"Slovenia",4,"Median","49",1957,65,48,113
705,"Slovenia",4,"Median","50",1957,70,50,120
705,"Slovenia",4,"Median","51",1957,76,53,129
705,"Slovenia",4,"Median","52",1957,82,56,138
705,"Slovenia",4,"Median","53",1957,90,60,150
705,"Slovenia",4,"Median","54",1957,98,66,165
705,"Slovenia",4,"Median","55",1957,108,76,184
705,"Slovenia",4,"Median","56",1957,116,84,200
705,"Slovenia",4,"Median","57",1957,119,90,208
705,"Slovenia",4,"Median","58",1957,120,94,214
705,"Slovenia",4,"Median","59",1957,121,99,220
705,"Slovenia",4,"Median","60",1957,124,104,229
705,"Slovenia",4,"Median","61",1957,126,108,235
705,"Slovenia",4,"Median","62",1957,130,113,243
705,"Slovenia",4,"Median","63",1957,134,118,252
705,"Slovenia",4,"Median","64",1957,140,129,268
705,"Slovenia",4,"Median","65",1957,148,143,290
705,"Slovenia",4,"Median","66",1957,152,154,306
705,"Slovenia",4,"Median","67",1957,157,174,331
705,"Slovenia",4,"Median","68",1957,165,198,363
705,"Slovenia",4,"Median","69",1957,172,215,388
705,"Slovenia",4,"Median","70",1957,177,229,406
705,"Slovenia",4,"Median","71",1957,185,239,423
705,"Slovenia",4,"Median","72",1957,199,247,446
705,"Slovenia",4,"Median","73",1957,213,254,468
705,"Slovenia",4,"Median","74",1957,214,258,471
705,"Slovenia",4,"Median","75",1957,207,251,458
705,"Slovenia",4,"Median","76",1957,209,256,465
705,"Slovenia",4,"Median","77",1957,211,260,470
705,"Slovenia",4,"Median","78",1957,203,252,455
705,"Slovenia",4,"Median","79",1957,195,242,437
705,"Slovenia",4,"Median","80",1957,193,241,435
705,"Slovenia",4,"Median","81",1957,186,235,421
705,"Slovenia",4,"Median","82",1957,164,209,374
705,"Slovenia",4,"Median","83",1957,140,182,323
705,"Slovenia",4,"Median","84",1957,122,160,281
705,"Slovenia",4,"Median","85",1957,111,139,250
705,"Slovenia",4,"Median","86",1957,100,120,220
705,"Slovenia",4,"Median","87",1957,84,99,183
705,"Slovenia",4,"Median","88",1957,66,77,144
705,"Slovenia",4,"Median","89",1957,51,60,111
705,"Slovenia",4,"Median","90",1957,40,48,88
705,"Slovenia",4,"Median","91",1957,30,36,66
705,"Slovenia",4,"Median","92",1957,22,26,48
705,"Slovenia",4,"Median","93",1957,15,18,33
705,"Slovenia",4,"Median","94",1957,10,12,21
705,"Slovenia",4,"Median","95",1957,6,8,14
705,"Slovenia",4,"Median","96",1957,4,5,9
705,"Slovenia",4,"Median","97",1957,2,3,5
705,"Slovenia",4,"Median","98",1957,1,2,3
705,"Slovenia",4,"Median","99",1957,1,1,2
705,"Slovenia",4,"Median","100",1957,0,0,0
705,"Slovenia",4,"Median","101",1957,0,0,0
705,"Slovenia",4,"Median","102",1957,0,0,0
705,"Slovenia",4,"Median","103",1957,0,0,0
705,"Slovenia",4,"Median","104",1957,0,0,0
705,"Slovenia",4,"Median","105",1957,0,0,0
705,"Slovenia",4,"Median","106",1957,0,0,0
705,"Slovenia",4,"Median","107",1957,0,0,0
705,"Slovenia",4,"Median","108",1957,0,0,0
705,"Slovenia",4,"Median","109",1957,0,0,0
705,"Slovenia",4,"Median","110",1957,0,0,0
705,"Slovenia",4,"Median","0",1958,631,466,1097
705,"Slovenia",4,"Median","1",1958,46,43,89
705,"Slovenia",4,"Median","2",1958,35,32,66
705,"Slovenia",4,"Median","3",1958,26,24,50
705,"Slovenia",4,"Median","4",1958,20,19,39
705,"Slovenia",4,"Median","5",1958,16,15,31
705,"Slovenia",4,"Median","6",1958,13,12,24
705,"Slovenia",4,"Median","7",1958,11,10,21
705,"Slovenia",4,"Median","8",1958,9,8,18
705,"Slovenia",4,"Median","9",1958,8,7,15
705,"Slovenia",4,"Median","10",1958,8,6,14
705,"Slovenia",4,"Median","11",1958,8,6,14
705,"Slovenia",4,"Median","12",1958,7,5,12
705,"Slovenia",4,"Median","13",1958,8,5,13
705,"Slovenia",4,"Median","14",1958,11,7,17
705,"Slovenia",4,"Median","15",1958,13,8,21
705,"Slovenia",4,"Median","16",1958,15,8,23
705,"Slovenia",4,"Median","17",1958,17,8,25
705,"Slovenia",4,"Median","18",1958,19,8,27
705,"Slovenia",4,"Median","19",1958,20,8,29
705,"Slovenia",4,"Median","20",1958,22,8,30
705,"Slovenia",4,"Median","21",1958,24,8,32
705,"Slovenia",4,"Median","22",1958,25,9,34
705,"Slovenia",4,"Median","23",1958,26,9,35
705,"Slovenia",4,"Median","24",1958,28,10,37
705,"Slovenia",4,"Median","25",1958,29,11,40
705,"Slovenia",4,"Median","26",1958,31,11,43
705,"Slovenia",4,"Median","27",1958,33,12,46
705,"Slovenia",4,"Median","28",1958,34,13,47
705,"Slovenia",4,"Median","29",1958,33,13,46
705,"Slovenia",4,"Median","30",1958,32,14,45
705,"Slovenia",4,"Median","31",1958,30,14,44
705,"Slovenia",4,"Median","32",1958,28,15,43
705,"Slovenia",4,"Median","33",1958,26,16,43
705,"Slovenia",4,"Median","34",1958,26,17,43
705,"Slovenia",4,"Median","35",1958,26,19,44
705,"Slovenia",4,"Median","36",1958,26,20,45
705,"Slovenia",4,"Median","37",1958,26,20,46
705,"Slovenia",4,"Median","38",1958,25,19,44
705,"Slovenia",4,"Median","39",1958,21,16,37
705,"Slovenia",4,"Median","40",1958,18,13,31
705,"Slovenia",4,"Median","41",1958,20,13,33
705,"Slovenia",4,"Median","42",1958,26,17,42
705,"Slovenia",4,"Median","43",1958,37,24,62
705,"Slovenia",4,"Median","44",1958,47,32,78
705,"Slovenia",4,"Median","45",1958,50,36,86
705,"Slovenia",4,"Median","46",1958,53,40,93
705,"Slovenia",4,"Median","47",1958,57,44,101
705,"Slovenia",4,"Median","48",1958,64,49,112
705,"Slovenia",4,"Median","49",1958,69,51,121
705,"Slovenia",4,"Median","50",1958,74,53,127
705,"Slovenia",4,"Median","51",1958,81,56,137
705,"Slovenia",4,"Median","52",1958,88,59,148
705,"Slovenia",4,"Median","53",1958,95,62,157
705,"Slovenia",4,"Median","54",1958,102,66,168
705,"Slovenia",4,"Median","55",1958,110,72,182
705,"Slovenia",4,"Median","56",1958,120,81,201
705,"Slovenia",4,"Median","57",1958,126,89,215
705,"Slovenia",4,"Median","58",1958,128,93,222
705,"Slovenia",4,"Median","59",1958,129,97,225
705,"Slovenia",4,"Median","60",1958,130,103,233
705,"Slovenia",4,"Median","61",1958,133,110,244
705,"Slovenia",4,"Median","62",1958,136,117,253
705,"Slovenia",4,"Median","63",1958,140,125,265
705,"Slovenia",4,"Median","64",1958,143,133,276
705,"Slovenia",4,"Median","65",1958,148,146,294
705,"Slovenia",4,"Median","66",1958,155,161,316
705,"Slovenia",4,"Median","67",1958,159,171,330
705,"Slovenia",4,"Median","68",1958,164,190,354
705,"Slovenia",4,"Median","69",1958,173,211,384
705,"Slovenia",4,"Median","70",1958,182,225,407
705,"Slovenia",4,"Median","71",1958,187,236,423
705,"Slovenia",4,"Median","72",1958,195,243,437
705,"Slovenia",4,"Median","73",1958,207,249,456
705,"Slovenia",4,"Median","74",1958,217,253,470
705,"Slovenia",4,"Median","75",1958,213,246,459
705,"Slovenia",4,"Median","76",1958,200,242,442
705,"Slovenia",4,"Median","77",1958,199,243,442
705,"Slovenia",4,"Median","78",1958,198,243,441
705,"Slovenia",4,"Median","79",1958,188,232,420
705,"Slovenia",4,"Median","80",1958,178,218,396
705,"Slovenia",4,"Median","81",1958,174,214,387
705,"Slovenia",4,"Median","82",1958,164,204,368
705,"Slovenia",4,"Median","83",1958,142,178,320
705,"Slovenia",4,"Median","84",1958,119,151,271
705,"Slovenia",4,"Median","85",1958,101,130,231
705,"Slovenia",4,"Median","86",1958,90,110,200
705,"Slovenia",4,"Median","87",1958,80,93,172
705,"Slovenia",4,"Median","88",1958,65,75,140
705,"Slovenia",4,"Median","89",1958,50,57,107
705,"Slovenia",4,"Median","90",1958,38,43,81
705,"Slovenia",4,"Median","91",1958,29,33,62
705,"Slovenia",4,"Median","92",1958,21,24,45
705,"Slovenia",4,"Median","93",1958,15,17,32
705,"Slovenia",4,"Median","94",1958,10,11,21
705,"Slovenia",4,"Median","95",1958,6,7,13
705,"Slovenia",4,"Median","96",1958,4,5,8
705,"Slovenia",4,"Median","97",1958,2,3,5
705,"Slovenia",4,"Median","98",1958,1,2,3
705,"Slovenia",4,"Median","99",1958,1,1,2
705,"Slovenia",4,"Median","100",1958,0,0,0
705,"Slovenia",4,"Median","101",1958,0,0,0
705,"Slovenia",4,"Median","102",1958,0,0,0
705,"Slovenia",4,"Median","103",1958,0,0,0
705,"Slovenia",4,"Median","104",1958,0,0,0
705,"Slovenia",4,"Median","105",1958,0,0,0
705,"Slovenia",4,"Median","106",1958,0,0,0
705,"Slovenia",4,"Median","107",1958,0,0,0
705,"Slovenia",4,"Median","108",1958,0,0,0
705,"Slovenia",4,"Median","109",1958,0,0,0
705,"Slovenia",4,"Median","110",1958,0,0,0
705,"Slovenia",4,"Median","0",1959,600,424,1023
705,"Slovenia",4,"Median","1",1959,34,33,67
705,"Slovenia",4,"Median","2",1959,28,27,54
705,"Slovenia",4,"Median","3",1959,22,21,44
705,"Slovenia",4,"Median","4",1959,18,17,35
705,"Slovenia",4,"Median","5",1959,15,14,29
705,"Slovenia",4,"Median","6",1959,12,11,23
705,"Slovenia",4,"Median","7",1959,10,9,19
705,"Slovenia",4,"Median","8",1959,9,7,16
705,"Slovenia",4,"Median","9",1959,8,6,13
705,"Slovenia",4,"Median","10",1959,7,5,12
705,"Slovenia",4,"Median","11",1959,7,4,11
705,"Slovenia",4,"Median","12",1959,7,4,11
705,"Slovenia",4,"Median","13",1959,7,4,10
705,"Slovenia",4,"Median","14",1959,8,4,12
705,"Slovenia",4,"Median","15",1959,11,6,17
705,"Slovenia",4,"Median","16",1959,14,7,21
705,"Slovenia",4,"Median","17",1959,17,8,25
705,"Slovenia",4,"Median","18",1959,19,9,27
705,"Slovenia",4,"Median","19",1959,20,8,28
705,"Slovenia",4,"Median","20",1959,21,8,29
705,"Slovenia",4,"Median","21",1959,22,8,30
705,"Slovenia",4,"Median","22",1959,23,8,31
705,"Slovenia",4,"Median","23",1959,25,8,33
705,"Slovenia",4,"Median","24",1959,25,9,34
705,"Slovenia",4,"Median","25",1959,27,9,36
705,"Slovenia",4,"Median","26",1959,28,11,39
705,"Slovenia",4,"Median","27",1959,30,12,42
705,"Slovenia",4,"Median","28",1959,32,13,45
705,"Slovenia",4,"Median","29",1959,32,14,46
705,"Slovenia",4,"Median","30",1959,30,14,45
705,"Slovenia",4,"Median","31",1959,29,15,44
705,"Slovenia",4,"Median","32",1959,28,16,43
705,"Slovenia",4,"Median","33",1959,26,17,43
705,"Slovenia",4,"Median","34",1959,25,17,43
705,"Slovenia",4,"Median","35",1959,25,18,44
705,"Slovenia",4,"Median","36",1959,26,19,45
705,"Slovenia",4,"Median","37",1959,26,20,46
705,"Slovenia",4,"Median","38",1959,26,20,47
705,"Slovenia",4,"Median","39",1959,25,19,45
705,"Slovenia",4,"Median","40",1959,21,17,38
705,"Slovenia",4,"Median","41",1959,18,14,31
705,"Slovenia",4,"Median","42",1959,19,14,34
705,"Slovenia",4,"Median","43",1959,25,19,44
705,"Slovenia",4,"Median","44",1959,37,28,65
705,"Slovenia",4,"Median","45",1959,48,36,84
705,"Slovenia",4,"Median","46",1959,54,40,94
705,"Slovenia",4,"Median","47",1959,59,43,102
705,"Slovenia",4,"Median","48",1959,65,46,111
705,"Slovenia",4,"Median","49",1959,73,50,123
705,"Slovenia",4,"Median","50",1959,79,53,131
705,"Slovenia",4,"Median","51",1959,83,55,137
705,"Slovenia",4,"Median","52",1959,89,58,147
705,"Slovenia",4,"Median","53",1959,94,62,156
705,"Slovenia",4,"Median","54",1959,99,65,165
705,"Slovenia",4,"Median","55",1959,106,69,175
705,"Slovenia",4,"Median","56",1959,114,76,190
705,"Slovenia",4,"Median","57",1959,127,85,212
705,"Slovenia",4,"Median","58",1959,136,93,229
705,"Slovenia",4,"Median","59",1959,140,97,237
705,"Slovenia",4,"Median","60",1959,141,100,241
705,"Slovenia",4,"Median","61",1959,142,107,249
705,"Slovenia",4,"Median","62",1959,145,116,261
705,"Slovenia",4,"Median","63",1959,145,125,270
705,"Slovenia",4,"Median","64",1959,147,134,281
705,"Slovenia",4,"Median","65",1959,148,143,291
705,"Slovenia",4,"Median","66",1959,151,156,308
705,"Slovenia",4,"Median","67",1959,158,172,330
705,"Slovenia",4,"Median","68",1959,162,182,344
705,"Slovenia",4,"Median","69",1959,168,201,369
705,"Slovenia",4,"Median","70",1959,179,223,402
705,"Slovenia",4,"Median","71",1959,190,237,427
705,"Slovenia",4,"Median","72",1959,197,248,445
705,"Slovenia",4,"Median","73",1959,205,254,459
705,"Slovenia",4,"Median","74",1959,217,258,475
705,"Slovenia",4,"Median","75",1959,223,253,475
705,"Slovenia",4,"Median","76",1959,215,252,467
705,"Slovenia",4,"Median","77",1959,200,246,446
705,"Slovenia",4,"Median","78",1959,197,245,442
705,"Slovenia",4,"Median","79",1959,194,243,437
705,"Slovenia",4,"Median","80",1959,181,229,411
705,"Slovenia",4,"Median","81",1959,170,213,383
705,"Slovenia",4,"Median","82",1959,163,206,369
705,"Slovenia",4,"Median","83",1959,151,193,345
705,"Slovenia",4,"Median","84",1959,129,166,295
705,"Slovenia",4,"Median","85",1959,106,139,245
705,"Slovenia",4,"Median","86",1959,88,117,205
705,"Slovenia",4,"Median","87",1959,77,97,174
705,"Slovenia",4,"Median","88",1959,66,80,146
705,"Slovenia",4,"Median","89",1959,53,63,116
705,"Slovenia",4,"Median","90",1959,40,46,86
705,"Slovenia",4,"Median","91",1959,29,34,63
705,"Slovenia",4,"Median","92",1959,22,25,47
705,"Slovenia",4,"Median","93",1959,16,18,34
705,"Slovenia",4,"Median","94",1959,11,12,23
705,"Slovenia",4,"Median","95",1959,7,8,15
705,"Slovenia",4,"Median","96",1959,4,5,9
705,"Slovenia",4,"Median","97",1959,3,3,5
705,"Slovenia",4,"Median","98",1959,1,2,3
705,"Slovenia",4,"Median","99",1959,1,1,2
705,"Slovenia",4,"Median","100",1959,0,0,0
705,"Slovenia",4,"Median","101",1959,0,0,0
705,"Slovenia",4,"Median","102",1959,0,0,0
705,"Slovenia",4,"Median","103",1959,0,0,0
705,"Slovenia",4,"Median","104",1959,0,0,0
705,"Slovenia",4,"Median","105",1959,0,0,0
705,"Slovenia",4,"Median","106",1959,0,0,0
705,"Slovenia",4,"Median","107",1959,0,0,0
705,"Slovenia",4,"Median","108",1959,0,0,0
705,"Slovenia",4,"Median","109",1959,0,0,0
705,"Slovenia",4,"Median","110",1959,0,0,0
705,"Slovenia",4,"Median","0",1960,547,390,938
705,"Slovenia",4,"Median","1",1960,32,27,59
705,"Slovenia",4,"Median","2",1960,25,21,46
705,"Slovenia",4,"Median","3",1960,21,17,38
705,"Slovenia",4,"Median","4",1960,17,14,31
705,"Slovenia",4,"Median","5",1960,14,11,25
705,"Slovenia",4,"Median","6",1960,11,9,20
705,"Slovenia",4,"Median","7",1960,10,7,17
705,"Slovenia",4,"Median","8",1960,8,6,14
705,"Slovenia",4,"Median","9",1960,8,5,12
705,"Slovenia",4,"Median","10",1960,7,4,11
705,"Slovenia",4,"Median","11",1960,7,4,10
705,"Slovenia",4,"Median","12",1960,7,4,11
705,"Slovenia",4,"Median","13",1960,8,4,11
705,"Slovenia",4,"Median","14",1960,8,4,12
705,"Slovenia",4,"Median","15",1960,10,4,14
705,"Slovenia",4,"Median","16",1960,14,6,20
705,"Slovenia",4,"Median","17",1960,18,8,25
705,"Slovenia",4,"Median","18",1960,20,8,28
705,"Slovenia",4,"Median","19",1960,21,8,30
705,"Slovenia",4,"Median","20",1960,22,9,30
705,"Slovenia",4,"Median","21",1960,21,9,30
705,"Slovenia",4,"Median","22",1960,22,8,30
705,"Slovenia",4,"Median","23",1960,23,9,31
705,"Slovenia",4,"Median","24",1960,24,9,32
705,"Slovenia",4,"Median","25",1960,25,9,34
705,"Slovenia",4,"Median","26",1960,26,10,36
705,"Slovenia",4,"Median","27",1960,28,11,39
705,"Slovenia",4,"Median","28",1960,30,12,42
705,"Slovenia",4,"Median","29",1960,32,13,46
705,"Slovenia",4,"Median","30",1960,33,14,47
705,"Slovenia",4,"Median","31",1960,33,14,47
705,"Slovenia",4,"Median","32",1960,32,15,48
705,"Slovenia",4,"Median","33",1960,30,16,46
705,"Slovenia",4,"Median","34",1960,28,17,45
705,"Slovenia",4,"Median","35",1960,26,18,44
705,"Slovenia",4,"Median","36",1960,26,18,44
705,"Slovenia",4,"Median","37",1960,25,19,44
705,"Slovenia",4,"Median","38",1960,25,19,44
705,"Slovenia",4,"Median","39",1960,25,19,44
705,"Slovenia",4,"Median","40",1960,24,18,42
705,"Slovenia",4,"Median","41",1960,20,16,36
705,"Slovenia",4,"Median","42",1960,17,13,31
705,"Slovenia",4,"Median","43",1960,19,15,34
705,"Slovenia",4,"Median","44",1960,27,20,46
705,"Slovenia",4,"Median","45",1960,41,30,71
705,"Slovenia",4,"Median","46",1960,54,40,94
705,"Slovenia",4,"Median","47",1960,62,45,107
705,"Slovenia",4,"Median","48",1960,68,48,116
705,"Slovenia",4,"Median","49",1960,74,50,124
705,"Slovenia",4,"Median","50",1960,81,53,134
705,"Slovenia",4,"Median","51",1960,85,55,140
705,"Slovenia",4,"Median","52",1960,87,56,144
705,"Slovenia",4,"Median","53",1960,93,60,153
705,"Slovenia",4,"Median","54",1960,100,65,164
705,"Slovenia",4,"Median","55",1960,107,69,176
705,"Slovenia",4,"Median","56",1960,117,75,191
705,"Slovenia",4,"Median","57",1960,129,83,212
705,"Slovenia",4,"Median","58",1960,146,93,239
705,"Slovenia",4,"Median","59",1960,158,102,260
705,"Slovenia",4,"Median","60",1960,161,105,265
705,"Slovenia",4,"Median","61",1960,158,106,264
705,"Slovenia",4,"Median","62",1960,156,112,269
705,"Slovenia",4,"Median","63",1960,156,122,278
705,"Slovenia",4,"Median","64",1960,155,132,287
705,"Slovenia",4,"Median","65",1960,156,143,299
705,"Slovenia",4,"Median","66",1960,157,153,310
705,"Slovenia",4,"Median","67",1960,161,169,330
705,"Slovenia",4,"Median","68",1960,169,186,354
705,"Slovenia",4,"Median","69",1960,174,195,368
705,"Slovenia",4,"Median","70",1960,180,212,392
705,"Slovenia",4,"Median","71",1960,190,232,422
705,"Slovenia",4,"Median","72",1960,198,244,442
705,"Slovenia",4,"Median","73",1960,201,251,452
705,"Slovenia",4,"Median","74",1960,204,253,457
705,"Slovenia",4,"Median","75",1960,212,254,467
705,"Slovenia",4,"Median","76",1960,219,256,475
705,"Slovenia",4,"Median","77",1960,209,253,462
705,"Slovenia",4,"Median","78",1960,192,246,437
705,"Slovenia",4,"Median","79",1960,186,242,428
705,"Slovenia",4,"Median","80",1960,180,237,417
705,"Slovenia",4,"Median","81",1960,166,221,386
705,"Slovenia",4,"Median","82",1960,152,202,355
705,"Slovenia",4,"Median","83",1960,144,193,336
705,"Slovenia",4,"Median","84",1960,131,178,308
705,"Slovenia",4,"Median","85",1960,109,150,259
705,"Slovenia",4,"Median","86",1960,88,123,210
705,"Slovenia",4,"Median","87",1960,71,100,172
705,"Slovenia",4,"Median","88",1960,61,81,142
705,"Slovenia",4,"Median","89",1960,51,65,116
705,"Slovenia",4,"Median","90",1960,40,50,90
705,"Slovenia",4,"Median","91",1960,29,36,65
705,"Slovenia",4,"Median","92",1960,21,26,46
705,"Slovenia",4,"Median","93",1960,15,18,33
705,"Slovenia",4,"Median","94",1960,10,13,23
705,"Slovenia",4,"Median","95",1960,7,8,15
705,"Slovenia",4,"Median","96",1960,4,5,9
705,"Slovenia",4,"Median","97",1960,3,3,6
705,"Slovenia",4,"Median","98",1960,1,2,3
705,"Slovenia",4,"Median","99",1960,1,1,2
705,"Slovenia",4,"Median","100",1960,0,0,0
705,"Slovenia",4,"Median","101",1960,0,0,0
705,"Slovenia",4,"Median","102",1960,0,0,0
705,"Slovenia",4,"Median","103",1960,0,0,0
705,"Slovenia",4,"Median","104",1960,0,0,0
705,"Slovenia",4,"Median","105",1960,0,0,0
705,"Slovenia",4,"Median","106",1960,0,0,0
705,"Slovenia",4,"Median","107",1960,0,0,0
705,"Slovenia",4,"Median","108",1960,0,0,0
705,"Slovenia",4,"Median","109",1960,0,0,0
705,"Slovenia",4,"Median","110",1960,0,0,0
705,"Slovenia",4,"Median","0",1961,535,379,914
705,"Slovenia",4,"Median","1",1961,28,19,48
705,"Slovenia",4,"Median","2",1961,22,16,38
705,"Slovenia",4,"Median","3",1961,17,13,31
705,"Slovenia",4,"Median","4",1961,14,11,26
705,"Slovenia",4,"Median","5",1961,12,10,21
705,"Slovenia",4,"Median","6",1961,10,8,18
705,"Slovenia",4,"Median","7",1961,9,6,15
705,"Slovenia",4,"Median","8",1961,8,5,13
705,"Slovenia",4,"Median","9",1961,7,5,12
705,"Slovenia",4,"Median","10",1961,8,5,12
705,"Slovenia",4,"Median","11",1961,8,5,13
705,"Slovenia",4,"Median","12",1961,8,5,13
705,"Slovenia",4,"Median","13",1961,10,5,15
705,"Slovenia",4,"Median","14",1961,11,5,16
705,"Slovenia",4,"Median","15",1961,11,5,17
705,"Slovenia",4,"Median","16",1961,13,6,19
705,"Slovenia",4,"Median","17",1961,18,8,25
705,"Slovenia",4,"Median","18",1961,21,9,30
705,"Slovenia",4,"Median","19",1961,22,9,31
705,"Slovenia",4,"Median","20",1961,22,9,31
705,"Slovenia",4,"Median","21",1961,22,9,30
705,"Slovenia",4,"Median","22",1961,21,8,30
705,"Slovenia",4,"Median","23",1961,22,8,30
705,"Slovenia",4,"Median","24",1961,23,8,31
705,"Slovenia",4,"Median","25",1961,25,8,33
705,"Slovenia",4,"Median","26",1961,26,9,35
705,"Slovenia",4,"Median","27",1961,27,10,37
705,"Slovenia",4,"Median","28",1961,28,11,39
705,"Slovenia",4,"Median","29",1961,30,12,41
705,"Slovenia",4,"Median","30",1961,32,12,44
705,"Slovenia",4,"Median","31",1961,32,13,45
705,"Slovenia",4,"Median","32",1961,31,14,45
705,"Slovenia",4,"Median","33",1961,30,15,45
705,"Slovenia",4,"Median","34",1961,29,16,45
705,"Slovenia",4,"Median","35",1961,27,17,45
705,"Slovenia",4,"Median","36",1961,27,18,45
705,"Slovenia",4,"Median","37",1961,28,19,47
705,"Slovenia",4,"Median","38",1961,28,20,48
705,"Slovenia",4,"Median","39",1961,28,21,49
705,"Slovenia",4,"Median","40",1961,28,21,49
705,"Slovenia",4,"Median","41",1961,27,20,47
705,"Slovenia",4,"Median","42",1961,23,17,40
705,"Slovenia",4,"Median","43",1961,19,14,34
705,"Slovenia",4,"Median","44",1961,22,16,37
705,"Slovenia",4,"Median","45",1961,30,21,50
705,"Slovenia",4,"Median","46",1961,45,31,76
705,"Slovenia",4,"Median","47",1961,59,40,99
705,"Slovenia",4,"Median","48",1961,66,44,111
705,"Slovenia",4,"Median","49",1961,72,47,119
705,"Slovenia",4,"Median","50",1961,77,50,127
705,"Slovenia",4,"Median","51",1961,83,55,138
705,"Slovenia",4,"Median","52",1961,87,58,145
705,"Slovenia",4,"Median","53",1961,91,61,152
705,"Slovenia",4,"Median","54",1961,98,67,165
705,"Slovenia",4,"Median","55",1961,107,73,179
705,"Slovenia",4,"Median","56",1961,116,78,194
705,"Slovenia",4,"Median","57",1961,128,83,211
705,"Slovenia",4,"Median","58",1961,142,90,232
705,"Slovenia",4,"Median","59",1961,161,100,261
705,"Slovenia",4,"Median","60",1961,174,108,283
705,"Slovenia",4,"Median","61",1961,175,110,285
705,"Slovenia",4,"Median","62",1961,169,111,280
705,"Slovenia",4,"Median","63",1961,164,118,283
705,"Slovenia",4,"Median","64",1961,162,130,292
705,"Slovenia",4,"Median","65",1961,159,141,301
705,"Slovenia",4,"Median","66",1961,160,153,313
705,"Slovenia",4,"Median","67",1961,161,164,325
705,"Slovenia",4,"Median","68",1961,166,179,345
705,"Slovenia",4,"Median","69",1961,174,195,369
705,"Slovenia",4,"Median","70",1961,180,203,383
705,"Slovenia",4,"Median","71",1961,186,220,406
705,"Slovenia",4,"Median","72",1961,196,239,434
705,"Slovenia",4,"Median","73",1961,202,249,452
705,"Slovenia",4,"Median","74",1961,203,255,459
705,"Slovenia",4,"Median","75",1961,204,255,459
705,"Slovenia",4,"Median","76",1961,211,259,471
705,"Slovenia",4,"Median","77",1961,216,259,475
705,"Slovenia",4,"Median","78",1961,204,254,458
705,"Slovenia",4,"Median","79",1961,185,244,429
705,"Slovenia",4,"Median","80",1961,177,238,415
705,"Slovenia",4,"Median","81",1961,169,230,399
705,"Slovenia",4,"Median","82",1961,153,211,364
705,"Slovenia",4,"Median","83",1961,138,190,329
705,"Slovenia",4,"Median","84",1961,128,178,306
705,"Slovenia",4,"Median","85",1961,115,161,276
705,"Slovenia",4,"Median","86",1961,94,133,227
705,"Slovenia",4,"Median","87",1961,74,106,180
705,"Slovenia",4,"Median","88",1961,59,85,144
705,"Slovenia",4,"Median","89",1961,49,67,116
705,"Slovenia",4,"Median","90",1961,40,52,92
705,"Slovenia",4,"Median","91",1961,30,39,69
705,"Slovenia",4,"Median","92",1961,21,27,48
705,"Slovenia",4,"Median","93",1961,15,19,33
705,"Slovenia",4,"Median","94",1961,10,13,23
705,"Slovenia",4,"Median","95",1961,7,9,16
705,"Slovenia",4,"Median","96",1961,5,5,10
705,"Slovenia",4,"Median","97",1961,3,3,6
705,"Slovenia",4,"Median","98",1961,2,2,3
705,"Slovenia",4,"Median","99",1961,1,1,2
705,"Slovenia",4,"Median","100",1961,0,0,0
705,"Slovenia",4,"Median","101",1961,0,0,0
705,"Slovenia",4,"Median","102",1961,0,0,0
705,"Slovenia",4,"Median","103",1961,0,0,0
705,"Slovenia",4,"Median","104",1961,0,0,0
705,"Slovenia",4,"Median","105",1961,0,0,0
705,"Slovenia",4,"Median","106",1961,0,0,0
705,"Slovenia",4,"Median","107",1961,0,0,0
705,"Slovenia",4,"Median","108",1961,0,0,0
705,"Slovenia",4,"Median","109",1961,0,0,0
705,"Slovenia",4,"Median","110",1961,0,0,0
705,"Slovenia",4,"Median","0",1962,507,375,882
705,"Slovenia",4,"Median","1",1962,29,17,46
705,"Slovenia",4,"Median","2",1962,21,14,35
705,"Slovenia",4,"Median","3",1962,16,11,27
705,"Slovenia",4,"Median","4",1962,13,9,22
705,"Slovenia",4,"Median","5",1962,11,8,19
705,"Slovenia",4,"Median","6",1962,9,7,16
705,"Slovenia",4,"Median","7",1962,8,6,14
705,"Slovenia",4,"Median","8",1962,8,5,13
705,"Slovenia",4,"Median","9",1962,8,5,13
705,"Slovenia",4,"Median","10",1962,8,5,13
705,"Slovenia",4,"Median","11",1962,9,5,14
705,"Slovenia",4,"Median","12",1962,10,5,15
705,"Slovenia",4,"Median","13",1962,11,5,16
705,"Slovenia",4,"Median","14",1962,13,5,18
705,"Slovenia",4,"Median","15",1962,14,6,20
705,"Slovenia",4,"Median","16",1962,14,5,19
705,"Slovenia",4,"Median","17",1962,16,6,21
705,"Slovenia",4,"Median","18",1962,20,8,28
705,"Slovenia",4,"Median","19",1962,23,9,32
705,"Slovenia",4,"Median","20",1962,24,10,34
705,"Slovenia",4,"Median","21",1962,24,10,34
705,"Slovenia",4,"Median","22",1962,24,10,34
705,"Slovenia",4,"Median","23",1962,24,10,33
705,"Slovenia",4,"Median","24",1962,24,9,33
705,"Slovenia",4,"Median","25",1962,25,9,34
705,"Slovenia",4,"Median","26",1962,26,9,35
705,"Slovenia",4,"Median","27",1962,26,9,35
705,"Slovenia",4,"Median","28",1962,27,10,37
705,"Slovenia",4,"Median","29",1962,29,11,41
705,"Slovenia",4,"Median","30",1962,32,13,45
705,"Slovenia",4,"Median","31",1962,34,15,50
705,"Slovenia",4,"Median","32",1962,36,17,53
705,"Slovenia",4,"Median","33",1962,36,18,53
705,"Slovenia",4,"Median","34",1962,36,18,54
705,"Slovenia",4,"Median","35",1962,35,19,53
705,"Slovenia",4,"Median","36",1962,34,19,53
705,"Slovenia",4,"Median","37",1962,34,19,53
705,"Slovenia",4,"Median","38",1962,36,19,55
705,"Slovenia",4,"Median","39",1962,37,20,57
705,"Slovenia",4,"Median","40",1962,38,21,59
705,"Slovenia",4,"Median","41",1962,39,22,60
705,"Slovenia",4,"Median","42",1962,37,21,59
705,"Slovenia",4,"Median","43",1962,31,19,50
705,"Slovenia",4,"Median","44",1962,26,16,42
705,"Slovenia",4,"Median","45",1962,27,18,46
705,"Slovenia",4,"Median","46",1962,35,24,60
705,"Slovenia",4,"Median","47",1962,52,36,87
705,"Slovenia",4,"Median","48",1962,65,46,111
705,"Slovenia",4,"Median","49",1962,72,50,122
705,"Slovenia",4,"Median","50",1962,78,52,131
705,"Slovenia",4,"Median","51",1962,86,55,141
705,"Slovenia",4,"Median","52",1962,96,60,155
705,"Slovenia",4,"Median","53",1962,103,63,165
705,"Slovenia",4,"Median","54",1962,109,65,174
705,"Slovenia",4,"Median","55",1962,119,70,189
705,"Slovenia",4,"Median","56",1962,128,75,203
705,"Slovenia",4,"Median","57",1962,136,80,216
705,"Slovenia",4,"Median","58",1962,146,85,231
705,"Slovenia",4,"Median","59",1962,158,92,250
705,"Slovenia",4,"Median","60",1962,174,105,279
705,"Slovenia",4,"Median","61",1962,185,116,301
705,"Slovenia",4,"Median","62",1962,183,120,304
705,"Slovenia",4,"Median","63",1962,177,124,301
705,"Slovenia",4,"Median","64",1962,174,133,306
705,"Slovenia",4,"Median","65",1962,174,145,319
705,"Slovenia",4,"Median","66",1962,174,156,330
705,"Slovenia",4,"Median","67",1962,176,167,344
705,"Slovenia",4,"Median","68",1962,178,176,354
705,"Slovenia",4,"Median","69",1962,182,190,372
705,"Slovenia",4,"Median","70",1962,188,205,393
705,"Slovenia",4,"Median","71",1962,190,212,402
705,"Slovenia",4,"Median","72",1962,191,229,420
705,"Slovenia",4,"Median","73",1962,195,249,444
705,"Slovenia",4,"Median","74",1962,198,259,457
705,"Slovenia",4,"Median","75",1962,197,256,452
705,"Slovenia",4,"Median","76",1962,198,259,457
705,"Slovenia",4,"Median","77",1962,202,261,463
705,"Slovenia",4,"Median","78",1962,204,258,461
705,"Slovenia",4,"Median","79",1962,189,249,439
705,"Slovenia",4,"Median","80",1962,169,236,405
705,"Slovenia",4,"Median","81",1962,159,226,385
705,"Slovenia",4,"Median","82",1962,149,215,364
705,"Slovenia",4,"Median","83",1962,133,194,327
705,"Slovenia",4,"Median","84",1962,118,172,289
705,"Slovenia",4,"Median","85",1962,107,157,263
705,"Slovenia",4,"Median","86",1962,93,139,232
705,"Slovenia",4,"Median","87",1962,75,112,186
705,"Slovenia",4,"Median","88",1962,57,87,144
705,"Slovenia",4,"Median","89",1962,44,68,112
705,"Slovenia",4,"Median","90",1962,36,52,88
705,"Slovenia",4,"Median","91",1962,29,39,68
705,"Slovenia",4,"Median","92",1962,21,28,49
705,"Slovenia",4,"Median","93",1962,15,19,33
705,"Slovenia",4,"Median","94",1962,10,13,22
705,"Slovenia",4,"Median","95",1962,7,8,15
705,"Slovenia",4,"Median","96",1962,4,5,10
705,"Slovenia",4,"Median","97",1962,3,3,6
705,"Slovenia",4,"Median","98",1962,2,2,3
705,"Slovenia",4,"Median","99",1962,1,1,2
705,"Slovenia",4,"Median","100",1962,0,0,0
705,"Slovenia",4,"Median","101",1962,0,0,0
705,"Slovenia",4,"Median","102",1962,0,0,0
705,"Slovenia",4,"Median","103",1962,0,0,0
705,"Slovenia",4,"Median","104",1962,0,0,0
705,"Slovenia",4,"Median","105",1962,0,0,0
705,"Slovenia",4,"Median","106",1962,0,0,0
705,"Slovenia",4,"Median","107",1962,0,0,0
705,"Slovenia",4,"Median","108",1962,0,0,0
705,"Slovenia",4,"Median","109",1962,0,0,0
705,"Slovenia",4,"Median","110",1962,0,0,0
705,"Slovenia",4,"Median","0",1963,495,379,875
705,"Slovenia",4,"Median","1",1963,27,18,45
705,"Slovenia",4,"Median","2",1963,21,13,34
705,"Slovenia",4,"Median","3",1963,16,10,26
705,"Slovenia",4,"Median","4",1963,13,8,21
705,"Slovenia",4,"Median","5",1963,11,6,18
705,"Slovenia",4,"Median","6",1963,10,5,15
705,"Slovenia",4,"Median","7",1963,9,5,14
705,"Slovenia",4,"Median","8",1963,8,4,13
705,"Slovenia",4,"Median","9",1963,8,4,12
705,"Slovenia",4,"Median","10",1963,9,4,13
705,"Slovenia",4,"Median","11",1963,9,5,14
705,"Slovenia",4,"Median","12",1963,10,5,16
705,"Slovenia",4,"Median","13",1963,11,6,17
705,"Slovenia",4,"Median","14",1963,12,6,18
705,"Slovenia",4,"Median","15",1963,14,6,20
705,"Slovenia",4,"Median","16",1963,15,7,21
705,"Slovenia",4,"Median","17",1963,14,6,21
705,"Slovenia",4,"Median","18",1963,16,7,22
705,"Slovenia",4,"Median","19",1963,20,8,28
705,"Slovenia",4,"Median","20",1963,23,9,32
705,"Slovenia",4,"Median","21",1963,24,9,33
705,"Slovenia",4,"Median","22",1963,25,9,34
705,"Slovenia",4,"Median","23",1963,25,9,34
705,"Slovenia",4,"Median","24",1963,25,8,34
705,"Slovenia",4,"Median","25",1963,26,8,34
705,"Slovenia",4,"Median","26",1963,27,9,36
705,"Slovenia",4,"Median","27",1963,28,9,38
705,"Slovenia",4,"Median","28",1963,29,10,39
705,"Slovenia",4,"Median","29",1963,29,12,41
705,"Slovenia",4,"Median","30",1963,30,13,43
705,"Slovenia",4,"Median","31",1963,32,15,47
705,"Slovenia",4,"Median","32",1963,34,17,51
705,"Slovenia",4,"Median","33",1963,36,17,54
705,"Slovenia",4,"Median","34",1963,37,18,55
705,"Slovenia",4,"Median","35",1963,39,18,57
705,"Slovenia",4,"Median","36",1963,40,19,59
705,"Slovenia",4,"Median","37",1963,41,20,61
705,"Slovenia",4,"Median","38",1963,43,20,63
705,"Slovenia",4,"Median","39",1963,45,22,67
705,"Slovenia",4,"Median","40",1963,47,23,70
705,"Slovenia",4,"Median","41",1963,48,25,73
705,"Slovenia",4,"Median","42",1963,48,26,73
705,"Slovenia",4,"Median","43",1963,45,25,70
705,"Slovenia",4,"Median","44",1963,36,22,58
705,"Slovenia",4,"Median","45",1963,29,18,48
705,"Slovenia",4,"Median","46",1963,31,20,50
705,"Slovenia",4,"Median","47",1963,39,26,65
705,"Slovenia",4,"Median","48",1963,58,37,95
705,"Slovenia",4,"Median","49",1963,74,47,121
705,"Slovenia",4,"Median","50",1963,83,51,134
705,"Slovenia",4,"Median","51",1963,92,54,147
705,"Slovenia",4,"Median","52",1963,103,58,161
705,"Slovenia",4,"Median","53",1963,115,64,180
705,"Slovenia",4,"Median","54",1963,124,69,193
705,"Slovenia",4,"Median","55",1963,130,73,203
705,"Slovenia",4,"Median","56",1963,139,79,217
705,"Slovenia",4,"Median","57",1963,147,85,231
705,"Slovenia",4,"Median","58",1963,153,89,243
705,"Slovenia",4,"Median","59",1963,162,94,257
705,"Slovenia",4,"Median","60",1963,175,102,277
705,"Slovenia",4,"Median","61",1963,193,115,308
705,"Slovenia",4,"Median","62",1963,206,128,335
705,"Slovenia",4,"Median","63",1963,207,135,341
705,"Slovenia",4,"Median","64",1963,201,139,340
705,"Slovenia",4,"Median","65",1963,197,150,347
705,"Slovenia",4,"Median","66",1963,197,164,361
705,"Slovenia",4,"Median","67",1963,196,175,371
705,"Slovenia",4,"Median","68",1963,197,184,381
705,"Slovenia",4,"Median","69",1963,196,190,386
705,"Slovenia",4,"Median","70",1963,197,201,398
705,"Slovenia",4,"Median","71",1963,201,215,416
705,"Slovenia",4,"Median","72",1963,201,222,423
705,"Slovenia",4,"Median","73",1963,202,241,443
705,"Slovenia",4,"Median","74",1963,207,265,472
705,"Slovenia",4,"Median","75",1963,206,261,467
705,"Slovenia",4,"Median","76",1963,204,269,473
705,"Slovenia",4,"Median","77",1963,203,270,473
705,"Slovenia",4,"Median","78",1963,205,268,474
705,"Slovenia",4,"Median","79",1963,204,262,466
705,"Slovenia",4,"Median","80",1963,187,250,437
705,"Slovenia",4,"Median","81",1963,164,234,398
705,"Slovenia",4,"Median","82",1963,152,220,372
705,"Slovenia",4,"Median","83",1963,140,206,346
705,"Slovenia",4,"Median","84",1963,122,182,304
705,"Slovenia",4,"Median","85",1963,106,158,264
705,"Slovenia",4,"Median","86",1963,94,141,235
705,"Slovenia",4,"Median","87",1963,80,122,202
705,"Slovenia",4,"Median","88",1963,63,95,158
705,"Slovenia",4,"Median","89",1963,47,72,119
705,"Slovenia",4,"Median","90",1963,36,55,90
705,"Slovenia",4,"Median","91",1963,28,41,68
705,"Slovenia",4,"Median","92",1963,22,30,51
705,"Slovenia",4,"Median","93",1963,16,21,36
705,"Slovenia",4,"Median","94",1963,10,13,24
705,"Slovenia",4,"Median","95",1963,7,9,15
705,"Slovenia",4,"Median","96",1963,4,6,10
705,"Slovenia",4,"Median","97",1963,3,3,6
705,"Slovenia",4,"Median","98",1963,2,2,4
705,"Slovenia",4,"Median","99",1963,1,1,2
705,"Slovenia",4,"Median","100",1963,0,0,0
705,"Slovenia",4,"Median","101",1963,0,0,0
705,"Slovenia",4,"Median","102",1963,0,0,0
705,"Slovenia",4,"Median","103",1963,0,0,0
705,"Slovenia",4,"Median","104",1963,0,0,0
705,"Slovenia",4,"Median","105",1963,0,0,0
705,"Slovenia",4,"Median","106",1963,0,0,0
705,"Slovenia",4,"Median","107",1963,0,0,0
705,"Slovenia",4,"Median","108",1963,0,0,0
705,"Slovenia",4,"Median","109",1963,0,0,0
705,"Slovenia",4,"Median","110",1963,0,0,0
705,"Slovenia",4,"Median","0",1964,503,380,884
705,"Slovenia",4,"Median","1",1964,26,20,46
705,"Slovenia",4,"Median","2",1964,21,15,37
705,"Slovenia",4,"Median","3",1964,17,12,29
705,"Slovenia",4,"Median","4",1964,14,9,23
705,"Slovenia",4,"Median","5",1964,12,7,19
705,"Slovenia",4,"Median","6",1964,10,6,17
705,"Slovenia",4,"Median","7",1964,9,5,15
705,"Slovenia",4,"Median","8",1964,9,5,13
705,"Slovenia",4,"Median","9",1964,8,4,12
705,"Slovenia",4,"Median","10",1964,8,4,12
705,"Slovenia",4,"Median","11",1964,8,4,12
705,"Slovenia",4,"Median","12",1964,9,4,13
705,"Slovenia",4,"Median","13",1964,10,5,15
705,"Slovenia",4,"Median","14",1964,11,5,16
705,"Slovenia",4,"Median","15",1964,13,6,18
705,"Slovenia",4,"Median","16",1964,15,6,21
705,"Slovenia",4,"Median","17",1964,17,7,24
705,"Slovenia",4,"Median","18",1964,17,7,24
705,"Slovenia",4,"Median","19",1964,19,7,27
705,"Slovenia",4,"Median","20",1964,25,9,34
705,"Slovenia",4,"Median","21",1964,29,10,40
705,"Slovenia",4,"Median","22",1964,31,10,41
705,"Slovenia",4,"Median","23",1964,32,10,41
705,"Slovenia",4,"Median","24",1964,32,9,41
705,"Slovenia",4,"Median","25",1964,31,9,40
705,"Slovenia",4,"Median","26",1964,31,9,40
705,"Slovenia",4,"Median","27",1964,33,10,42
705,"Slovenia",4,"Median","28",1964,34,10,45
705,"Slovenia",4,"Median","29",1964,35,11,47
705,"Slovenia",4,"Median","30",1964,37,13,50
705,"Slovenia",4,"Median","31",1964,39,15,53
705,"Slovenia",4,"Median","32",1964,41,16,58
705,"Slovenia",4,"Median","33",1964,44,18,62
705,"Slovenia",4,"Median","34",1964,45,18,64
705,"Slovenia",4,"Median","35",1964,46,19,64
705,"Slovenia",4,"Median","36",1964,46,19,66
705,"Slovenia",4,"Median","37",1964,46,20,66
705,"Slovenia",4,"Median","38",1964,46,22,68
705,"Slovenia",4,"Median","39",1964,48,23,71
705,"Slovenia",4,"Median","40",1964,51,25,76
705,"Slovenia",4,"Median","41",1964,53,27,80
705,"Slovenia",4,"Median","42",1964,55,28,83
705,"Slovenia",4,"Median","43",1964,54,29,84
705,"Slovenia",4,"Median","44",1964,51,29,80
705,"Slovenia",4,"Median","45",1964,41,25,66
705,"Slovenia",4,"Median","46",1964,33,21,54
705,"Slovenia",4,"Median","47",1964,34,22,56
705,"Slovenia",4,"Median","48",1964,43,29,72
705,"Slovenia",4,"Median","49",1964,63,41,104
705,"Slovenia",4,"Median","50",1964,80,52,132
705,"Slovenia",4,"Median","51",1964,90,56,146
705,"Slovenia",4,"Median","52",1964,99,60,159
705,"Slovenia",4,"Median","53",1964,110,64,174
705,"Slovenia",4,"Median","54",1964,124,70,194
705,"Slovenia",4,"Median","55",1964,133,75,208
705,"Slovenia",4,"Median","56",1964,140,79,218
705,"Slovenia",4,"Median","57",1964,149,85,233
705,"Slovenia",4,"Median","58",1964,157,91,248
705,"Slovenia",4,"Median","59",1964,163,97,259
705,"Slovenia",4,"Median","60",1964,171,103,274
705,"Slovenia",4,"Median","61",1964,184,113,297
705,"Slovenia",4,"Median","62",1964,202,130,332
705,"Slovenia",4,"Median","63",1964,218,146,364
705,"Slovenia",4,"Median","64",1964,220,154,374
705,"Slovenia",4,"Median","65",1964,214,158,372
705,"Slovenia",4,"Median","66",1964,211,168,378
705,"Slovenia",4,"Median","67",1964,209,181,390
705,"Slovenia",4,"Median","68",1964,205,190,395
705,"Slovenia",4,"Median","69",1964,202,197,399
705,"Slovenia",4,"Median","70",1964,196,202,399
705,"Slovenia",4,"Median","71",1964,195,214,408
705,"Slovenia",4,"Median","72",1964,196,227,424
705,"Slovenia",4,"Median","73",1964,195,234,429
705,"Slovenia",4,"Median","74",1964,196,252,448
705,"Slovenia",4,"Median","75",1964,197,255,452
705,"Slovenia",4,"Median","76",1964,197,266,463
705,"Slovenia",4,"Median","77",1964,193,271,463
705,"Slovenia",4,"Median","78",1964,189,268,457
705,"Slovenia",4,"Median","79",1964,189,263,451
705,"Slovenia",4,"Median","80",1964,184,253,437
705,"Slovenia",4,"Median","81",1964,166,238,404
705,"Slovenia",4,"Median","82",1964,144,218,361
705,"Slovenia",4,"Median","83",1964,131,202,332
705,"Slovenia",4,"Median","84",1964,118,184,302
705,"Slovenia",4,"Median","85",1964,101,160,261
705,"Slovenia",4,"Median","86",1964,86,135,221
705,"Slovenia",4,"Median","87",1964,75,118,192
705,"Slovenia",4,"Median","88",1964,62,99,161
705,"Slovenia",4,"Median","89",1964,48,75,123
705,"Slovenia",4,"Median","90",1964,35,56,90
705,"Slovenia",4,"Median","91",1964,26,41,66
705,"Slovenia",4,"Median","92",1964,20,29,49
705,"Slovenia",4,"Median","93",1964,15,21,35
705,"Slovenia",4,"Median","94",1964,10,14,24
705,"Slovenia",4,"Median","95",1964,7,9,15
705,"Slovenia",4,"Median","96",1964,4,5,10
705,"Slovenia",4,"Median","97",1964,3,3,6
705,"Slovenia",4,"Median","98",1964,2,2,4
705,"Slovenia",4,"Median","99",1964,1,1,2
705,"Slovenia",4,"Median","100",1964,0,0,0
705,"Slovenia",4,"Median","101",1964,0,0,0
705,"Slovenia",4,"Median","102",1964,0,0,0
705,"Slovenia",4,"Median","103",1964,0,0,0
705,"Slovenia",4,"Median","104",1964,0,0,0
705,"Slovenia",4,"Median","105",1964,0,0,0
705,"Slovenia",4,"Median","106",1964,0,0,0
705,"Slovenia",4,"Median","107",1964,0,0,0
705,"Slovenia",4,"Median","108",1964,0,0,0
705,"Slovenia",4,"Median","109",1964,0,0,0
705,"Slovenia",4,"Median","110",1964,0,0,0
705,"Slovenia",4,"Median","0",1965,520,370,890
705,"Slovenia",4,"Median","1",1965,24,20,44
705,"Slovenia",4,"Median","2",1965,21,15,36
705,"Slovenia",4,"Median","3",1965,18,11,29
705,"Slovenia",4,"Median","4",1965,15,9,23
705,"Slovenia",4,"Median","5",1965,12,7,19
705,"Slovenia",4,"Median","6",1965,11,6,16
705,"Slovenia",4,"Median","7",1965,9,5,14
705,"Slovenia",4,"Median","8",1965,8,5,13
705,"Slovenia",4,"Median","9",1965,8,5,12
705,"Slovenia",4,"Median","10",1965,7,5,12
705,"Slovenia",4,"Median","11",1965,7,5,12
705,"Slovenia",4,"Median","12",1965,8,5,13
705,"Slovenia",4,"Median","13",1965,9,6,14
705,"Slovenia",4,"Median","14",1965,10,6,17
705,"Slovenia",4,"Median","15",1965,13,7,19
705,"Slovenia",4,"Median","16",1965,15,7,22
705,"Slovenia",4,"Median","17",1965,19,8,27
705,"Slovenia",4,"Median","18",1965,22,8,31
705,"Slovenia",4,"Median","19",1965,23,8,31
705,"Slovenia",4,"Median","20",1965,26,8,34
705,"Slovenia",4,"Median","21",1965,33,10,43
705,"Slovenia",4,"Median","22",1965,38,11,49
705,"Slovenia",4,"Median","23",1965,39,10,49
705,"Slovenia",4,"Median","24",1965,39,10,48
705,"Slovenia",4,"Median","25",1965,38,9,47
705,"Slovenia",4,"Median","26",1965,37,9,46
705,"Slovenia",4,"Median","27",1965,37,9,45
705,"Slovenia",4,"Median","28",1965,38,9,47
705,"Slovenia",4,"Median","29",1965,39,10,49
705,"Slovenia",4,"Median","30",1965,40,11,51
705,"Slovenia",4,"Median","31",1965,41,12,53
705,"Slovenia",4,"Median","32",1965,42,14,56
705,"Slovenia",4,"Median","33",1965,45,15,60
705,"Slovenia",4,"Median","34",1965,48,16,64
705,"Slovenia",4,"Median","35",1965,49,17,66
705,"Slovenia",4,"Median","36",1965,49,18,66
705,"Slovenia",4,"Median","37",1965,49,19,68
705,"Slovenia",4,"Median","38",1965,48,20,68
705,"Slovenia",4,"Median","39",1965,48,22,70
705,"Slovenia",4,"Median","40",1965,48,24,72
705,"Slovenia",4,"Median","41",1965,50,26,76
705,"Slovenia",4,"Median","42",1965,51,29,80
705,"Slovenia",4,"Median","43",1965,51,31,83
705,"Slovenia",4,"Median","44",1965,51,33,84
705,"Slovenia",4,"Median","45",1965,47,32,80
705,"Slovenia",4,"Median","46",1965,39,28,66
705,"Slovenia",4,"Median","47",1965,32,23,54
705,"Slovenia",4,"Median","48",1965,34,24,57
705,"Slovenia",4,"Median","49",1965,44,30,74
705,"Slovenia",4,"Median","50",1965,64,43,107
705,"Slovenia",4,"Median","51",1965,83,54,136
705,"Slovenia",4,"Median","52",1965,93,59,152
705,"Slovenia",4,"Median","53",1965,103,63,166
705,"Slovenia",4,"Median","54",1965,115,69,183
705,"Slovenia",4,"Median","55",1965,129,77,206
705,"Slovenia",4,"Median","56",1965,139,83,222
705,"Slovenia",4,"Median","57",1965,146,88,234
705,"Slovenia",4,"Median","58",1965,157,95,251
705,"Slovenia",4,"Median","59",1965,167,101,268
705,"Slovenia",4,"Median","60",1965,175,108,282
705,"Slovenia",4,"Median","61",1965,186,114,300
705,"Slovenia",4,"Median","62",1965,199,125,324
705,"Slovenia",4,"Median","63",1965,219,142,361
705,"Slovenia",4,"Median","64",1965,232,160,392
705,"Slovenia",4,"Median","65",1965,231,168,399
705,"Slovenia",4,"Median","66",1965,220,171,391
705,"Slovenia",4,"Median","67",1965,211,181,393
705,"Slovenia",4,"Median","68",1965,206,194,400
705,"Slovenia",4,"Median","69",1965,201,202,403
705,"Slovenia",4,"Median","70",1965,198,209,407
705,"Slovenia",4,"Median","71",1965,195,213,409
705,"Slovenia",4,"Median","72",1965,196,224,420
705,"Slovenia",4,"Median","73",1965,201,236,437
705,"Slovenia",4,"Median","74",1965,201,241,441
705,"Slovenia",4,"Median","75",1965,194,241,434
705,"Slovenia",4,"Median","76",1965,193,258,451
705,"Slovenia",4,"Median","77",1965,191,265,456
705,"Slovenia",4,"Median","78",1965,185,267,452
705,"Slovenia",4,"Median","79",1965,179,261,440
705,"Slovenia",4,"Median","80",1965,176,253,429
705,"Slovenia",4,"Median","81",1965,170,239,409
705,"Slovenia",4,"Median","82",1965,151,221,372
705,"Slovenia",4,"Median","83",1965,128,199,327
705,"Slovenia",4,"Median","84",1965,115,181,296
705,"Slovenia",4,"Median","85",1965,102,162,264
705,"Slovenia",4,"Median","86",1965,85,137,223
705,"Slovenia",4,"Median","87",1965,71,114,185
705,"Slovenia",4,"Median","88",1965,60,97,157
705,"Slovenia",4,"Median","89",1965,49,79,128
705,"Slovenia",4,"Median","90",1965,37,59,95
705,"Slovenia",4,"Median","91",1965,26,42,68
705,"Slovenia",4,"Median","92",1965,19,30,49
705,"Slovenia",4,"Median","93",1965,14,21,35
705,"Slovenia",4,"Median","94",1965,10,14,25
705,"Slovenia",4,"Median","95",1965,7,9,16
705,"Slovenia",4,"Median","96",1965,4,6,10
705,"Slovenia",4,"Median","97",1965,3,3,6
705,"Slovenia",4,"Median","98",1965,2,2,4
705,"Slovenia",4,"Median","99",1965,1,1,2
705,"Slovenia",4,"Median","100",1965,0,0,0
705,"Slovenia",4,"Median","101",1965,0,0,0
705,"Slovenia",4,"Median","102",1965,0,0,0
705,"Slovenia",4,"Median","103",1965,0,0,0
705,"Slovenia",4,"Median","104",1965,0,0,0
705,"Slovenia",4,"Median","105",1965,0,0,0
705,"Slovenia",4,"Median","106",1965,0,0,0
705,"Slovenia",4,"Median","107",1965,0,0,0
705,"Slovenia",4,"Median","108",1965,0,0,0
705,"Slovenia",4,"Median","109",1965,0,0,0
705,"Slovenia",4,"Median","110",1965,0,0,0
705,"Slovenia",4,"Median","0",1966,526,357,882
705,"Slovenia",4,"Median","1",1966,23,20,42
705,"Slovenia",4,"Median","2",1966,19,16,35
705,"Slovenia",4,"Median","3",1966,16,13,29
705,"Slovenia",4,"Median","4",1966,14,11,25
705,"Slovenia",4,"Median","5",1966,11,9,21
705,"Slovenia",4,"Median","6",1966,10,8,18
705,"Slovenia",4,"Median","7",1966,9,7,15
705,"Slovenia",4,"Median","8",1966,8,6,14
705,"Slovenia",4,"Median","9",1966,7,6,13
705,"Slovenia",4,"Median","10",1966,7,5,13
705,"Slovenia",4,"Median","11",1966,7,5,13
705,"Slovenia",4,"Median","12",1966,8,5,13
705,"Slovenia",4,"Median","13",1966,9,6,15
705,"Slovenia",4,"Median","14",1966,11,6,17
705,"Slovenia",4,"Median","15",1966,14,7,20
705,"Slovenia",4,"Median","16",1966,17,7,24
705,"Slovenia",4,"Median","17",1966,21,8,28
705,"Slovenia",4,"Median","18",1966,25,9,33
705,"Slovenia",4,"Median","19",1966,28,9,38
705,"Slovenia",4,"Median","20",1966,28,9,37
705,"Slovenia",4,"Median","21",1966,30,9,39
705,"Slovenia",4,"Median","22",1966,37,11,48
705,"Slovenia",4,"Median","23",1966,40,11,52
705,"Slovenia",4,"Median","24",1966,40,10,50
705,"Slovenia",4,"Median","25",1966,39,9,48
705,"Slovenia",4,"Median","26",1966,37,9,46
705,"Slovenia",4,"Median","27",1966,36,8,45
705,"Slovenia",4,"Median","28",1966,36,9,45
705,"Slovenia",4,"Median","29",1966,39,9,48
705,"Slovenia",4,"Median","30",1966,41,10,51
705,"Slovenia",4,"Median","31",1966,43,12,54
705,"Slovenia",4,"Median","32",1966,45,13,58
705,"Slovenia",4,"Median","33",1966,47,15,62
705,"Slovenia",4,"Median","34",1966,49,16,65
705,"Slovenia",4,"Median","35",1966,52,17,69
705,"Slovenia",4,"Median","36",1966,52,18,70
705,"Slovenia",4,"Median","37",1966,52,18,70
705,"Slovenia",4,"Median","38",1966,51,20,71
705,"Slovenia",4,"Median","39",1966,50,22,71
705,"Slovenia",4,"Median","40",1966,48,24,72
705,"Slovenia",4,"Median","41",1966,49,27,75
705,"Slovenia",4,"Median","42",1966,50,30,79
705,"Slovenia",4,"Median","43",1966,50,33,83
705,"Slovenia",4,"Median","44",1966,50,36,86
705,"Slovenia",4,"Median","45",1966,49,38,87
705,"Slovenia",4,"Median","46",1966,46,37,83
705,"Slovenia",4,"Median","47",1966,38,31,69
705,"Slovenia",4,"Median","48",1966,32,25,57
705,"Slovenia",4,"Median","49",1966,34,26,60
705,"Slovenia",4,"Median","50",1966,45,33,78
705,"Slovenia",4,"Median","51",1966,68,46,114
705,"Slovenia",4,"Median","52",1966,88,57,145
705,"Slovenia",4,"Median","53",1966,99,63,162
705,"Slovenia",4,"Median","54",1966,108,68,176
705,"Slovenia",4,"Median","55",1966,118,74,192
705,"Slovenia",4,"Median","56",1966,131,83,214
705,"Slovenia",4,"Median","57",1966,140,90,230
705,"Slovenia",4,"Median","58",1966,147,96,243
705,"Slovenia",4,"Median","59",1966,159,104,263
705,"Slovenia",4,"Median","60",1966,171,112,283
705,"Slovenia",4,"Median","61",1966,182,120,302
705,"Slovenia",4,"Median","62",1966,195,128,323
705,"Slovenia",4,"Median","63",1966,210,140,350
705,"Slovenia",4,"Median","64",1966,229,159,388
705,"Slovenia",4,"Median","65",1966,241,178,419
705,"Slovenia",4,"Median","66",1966,236,186,422
705,"Slovenia",4,"Median","67",1966,222,187,409
705,"Slovenia",4,"Median","68",1966,211,197,408
705,"Slovenia",4,"Median","69",1966,205,210,415
705,"Slovenia",4,"Median","70",1966,200,220,420
705,"Slovenia",4,"Median","71",1966,197,228,426
705,"Slovenia",4,"Median","72",1966,195,232,428
705,"Slovenia",4,"Median","73",1966,197,243,439
705,"Slovenia",4,"Median","74",1966,200,253,453
705,"Slovenia",4,"Median","75",1966,192,237,429
705,"Slovenia",4,"Median","76",1966,186,249,435
705,"Slovenia",4,"Median","77",1966,184,263,447
705,"Slovenia",4,"Median","78",1966,180,268,448
705,"Slovenia",4,"Median","79",1966,172,266,438
705,"Slovenia",4,"Median","80",1966,165,257,421
705,"Slovenia",4,"Median","81",1966,160,244,404
705,"Slovenia",4,"Median","82",1966,152,228,380
705,"Slovenia",4,"Median","83",1966,133,207,340
705,"Slovenia",4,"Median","84",1966,111,183,294
705,"Slovenia",4,"Median","85",1966,98,163,260
705,"Slovenia",4,"Median","86",1966,85,143,228
705,"Slovenia",4,"Median","87",1966,70,118,188
705,"Slovenia",4,"Median","88",1966,57,96,153
705,"Slovenia",4,"Median","89",1966,47,79,127
705,"Slovenia",4,"Median","90",1966,38,63,101
705,"Slovenia",4,"Median","91",1966,28,46,73
705,"Slovenia",4,"Median","92",1966,19,32,51
705,"Slovenia",4,"Median","93",1966,13,22,35
705,"Slovenia",4,"Median","94",1966,10,15,24
705,"Slovenia",4,"Median","95",1966,7,10,17
705,"Slovenia",4,"Median","96",1966,5,6,11
705,"Slovenia",4,"Median","97",1966,3,4,6
705,"Slovenia",4,"Median","98",1966,2,2,4
705,"Slovenia",4,"Median","99",1966,1,1,2
705,"Slovenia",4,"Median","100",1966,0,0,0
705,"Slovenia",4,"Median","101",1966,0,0,0
705,"Slovenia",4,"Median","102",1966,0,0,0
705,"Slovenia",4,"Median","103",1966,0,0,0
705,"Slovenia",4,"Median","104",1966,0,0,0
705,"Slovenia",4,"Median","105",1966,0,0,0
705,"Slovenia",4,"Median","106",1966,0,0,0
705,"Slovenia",4,"Median","107",1966,0,0,0
705,"Slovenia",4,"Median","108",1966,0,0,0
705,"Slovenia",4,"Median","109",1966,0,0,0
705,"Slovenia",4,"Median","110",1966,0,0,0
705,"Slovenia",4,"Median","0",1967,483,328,810
705,"Slovenia",4,"Median","1",1967,21,22,44
705,"Slovenia",4,"Median","2",1967,19,18,36
705,"Slovenia",4,"Median","3",1967,17,14,30
705,"Slovenia",4,"Median","4",1967,15,11,26
705,"Slovenia",4,"Median","5",1967,13,9,22
705,"Slovenia",4,"Median","6",1967,11,8,19
705,"Slovenia",4,"Median","7",1967,10,6,16
705,"Slovenia",4,"Median","8",1967,9,6,14
705,"Slovenia",4,"Median","9",1967,8,5,13
705,"Slovenia",4,"Median","10",1967,8,5,13
705,"Slovenia",4,"Median","11",1967,8,5,13
705,"Slovenia",4,"Median","12",1967,8,5,13
705,"Slovenia",4,"Median","13",1967,9,5,14
705,"Slovenia",4,"Median","14",1967,11,6,16
705,"Slovenia",4,"Median","15",1967,13,6,19
705,"Slovenia",4,"Median","16",1967,16,7,23
705,"Slovenia",4,"Median","17",1967,20,8,28
705,"Slovenia",4,"Median","18",1967,22,9,31
705,"Slovenia",4,"Median","19",1967,26,9,35
705,"Slovenia",4,"Median","20",1967,28,10,37
705,"Slovenia",4,"Median","21",1967,26,9,35
705,"Slovenia",4,"Median","22",1967,27,9,35
705,"Slovenia",4,"Median","23",1967,32,10,42
705,"Slovenia",4,"Median","24",1967,35,10,45
705,"Slovenia",4,"Median","25",1967,35,9,45
705,"Slovenia",4,"Median","26",1967,35,9,44
705,"Slovenia",4,"Median","27",1967,35,9,44
705,"Slovenia",4,"Median","28",1967,34,9,43
705,"Slovenia",4,"Median","29",1967,34,10,44
705,"Slovenia",4,"Median","30",1967,36,11,47
705,"Slovenia",4,"Median","31",1967,38,12,50
705,"Slovenia",4,"Median","32",1967,39,14,52
705,"Slovenia",4,"Median","33",1967,41,15,55
705,"Slovenia",4,"Median","34",1967,43,16,59
705,"Slovenia",4,"Median","35",1967,47,17,63
705,"Slovenia",4,"Median","36",1967,51,17,68
705,"Slovenia",4,"Median","37",1967,53,18,71
705,"Slovenia",4,"Median","38",1967,53,19,72
705,"Slovenia",4,"Median","39",1967,53,21,74
705,"Slovenia",4,"Median","40",1967,51,24,75
705,"Slovenia",4,"Median","41",1967,50,27,77
705,"Slovenia",4,"Median","42",1967,49,31,80
705,"Slovenia",4,"Median","43",1967,50,34,84
705,"Slovenia",4,"Median","44",1967,50,38,88
705,"Slovenia",4,"Median","45",1967,51,41,92
705,"Slovenia",4,"Median","46",1967,51,41,93
705,"Slovenia",4,"Median","47",1967,49,39,89
705,"Slovenia",4,"Median","48",1967,42,33,75
705,"Slovenia",4,"Median","49",1967,36,27,62
705,"Slovenia",4,"Median","50",1967,40,28,67
705,"Slovenia",4,"Median","51",1967,52,35,88
705,"Slovenia",4,"Median","52",1967,78,50,128
705,"Slovenia",4,"Median","53",1967,100,64,164
705,"Slovenia",4,"Median","54",1967,110,70,180
705,"Slovenia",4,"Median","55",1967,120,75,195
705,"Slovenia",4,"Median","56",1967,130,82,212
705,"Slovenia",4,"Median","57",1967,145,92,237
705,"Slovenia",4,"Median","58",1967,157,99,257
705,"Slovenia",4,"Median","59",1967,168,106,274
705,"Slovenia",4,"Median","60",1967,183,116,299
705,"Slovenia",4,"Median","61",1967,198,126,323
705,"Slovenia",4,"Median","62",1967,208,135,343
705,"Slovenia",4,"Median","63",1967,219,144,363
705,"Slovenia",4,"Median","64",1967,230,156,387
705,"Slovenia",4,"Median","65",1967,244,175,419
705,"Slovenia",4,"Median","66",1967,252,194,446
705,"Slovenia",4,"Median","67",1967,244,202,446
705,"Slovenia",4,"Median","68",1967,230,202,432
705,"Slovenia",4,"Median","69",1967,222,211,434
705,"Slovenia",4,"Median","70",1967,220,225,446
705,"Slovenia",4,"Median","71",1967,219,236,455
705,"Slovenia",4,"Median","72",1967,219,245,464
705,"Slovenia",4,"Median","73",1967,217,250,467
705,"Slovenia",4,"Median","74",1967,216,260,476
705,"Slovenia",4,"Median","75",1967,204,250,454
705,"Slovenia",4,"Median","76",1967,195,248,444
705,"Slovenia",4,"Median","77",1967,187,258,445
705,"Slovenia",4,"Median","78",1967,183,271,453
705,"Slovenia",4,"Median","79",1967,176,273,449
705,"Slovenia",4,"Median","80",1967,166,268,434
705,"Slovenia",4,"Median","81",1967,156,255,412
705,"Slovenia",4,"Median","82",1967,149,240,389
705,"Slovenia",4,"Median","83",1967,140,220,360
705,"Slovenia",4,"Median","84",1967,120,196,316
705,"Slovenia",4,"Median","85",1967,98,170,269
705,"Slovenia",4,"Median","86",1967,85,149,233
705,"Slovenia",4,"Median","87",1967,72,128,200
705,"Slovenia",4,"Median","88",1967,58,103,162
705,"Slovenia",4,"Median","89",1967,46,82,128
705,"Slovenia",4,"Median","90",1967,38,66,103
705,"Slovenia",4,"Median","91",1967,29,51,80
705,"Slovenia",4,"Median","92",1967,21,36,57
705,"Slovenia",4,"Median","93",1967,14,24,38
705,"Slovenia",4,"Median","94",1967,10,16,26
705,"Slovenia",4,"Median","95",1967,7,11,17
705,"Slovenia",4,"Median","96",1967,5,7,11
705,"Slovenia",4,"Median","97",1967,3,4,7
705,"Slovenia",4,"Median","98",1967,2,2,4
705,"Slovenia",4,"Median","99",1967,1,1,2
705,"Slovenia",4,"Median","100",1967,0,1,1
705,"Slovenia",4,"Median","101",1967,0,0,0
705,"Slovenia",4,"Median","102",1967,0,0,0
705,"Slovenia",4,"Median","103",1967,0,0,0
705,"Slovenia",4,"Median","104",1967,0,0,0
705,"Slovenia",4,"Median","105",1967,0,0,0
705,"Slovenia",4,"Median","106",1967,0,0,0
705,"Slovenia",4,"Median","107",1967,0,0,0
705,"Slovenia",4,"Median","108",1967,0,0,0
705,"Slovenia",4,"Median","109",1967,0,0,0
705,"Slovenia",4,"Median","110",1967,0,0,0
705,"Slovenia",4,"Median","0",1968,442,314,756
705,"Slovenia",4,"Median","1",1968,23,23,46
705,"Slovenia",4,"Median","2",1968,20,19,39
705,"Slovenia",4,"Median","3",1968,17,15,32
705,"Slovenia",4,"Median","4",1968,15,13,27
705,"Slovenia",4,"Median","5",1968,13,11,23
705,"Slovenia",4,"Median","6",1968,11,9,20
705,"Slovenia",4,"Median","7",1968,10,7,17
705,"Slovenia",4,"Median","8",1968,8,6,14
705,"Slovenia",4,"Median","9",1968,8,5,13
705,"Slovenia",4,"Median","10",1968,8,4,12
705,"Slovenia",4,"Median","11",1968,8,4,12
705,"Slovenia",4,"Median","12",1968,9,5,13
705,"Slovenia",4,"Median","13",1968,10,5,15
705,"Slovenia",4,"Median","14",1968,11,6,17
705,"Slovenia",4,"Median","15",1968,14,7,20
705,"Slovenia",4,"Median","16",1968,17,8,24
705,"Slovenia",4,"Median","17",1968,20,9,29
705,"Slovenia",4,"Median","18",1968,23,9,32
705,"Slovenia",4,"Median","19",1968,24,9,33
705,"Slovenia",4,"Median","20",1968,25,9,34
705,"Slovenia",4,"Median","21",1968,26,8,34
705,"Slovenia",4,"Median","22",1968,23,7,30
705,"Slovenia",4,"Median","23",1968,23,7,30
705,"Slovenia",4,"Median","24",1968,27,8,36
705,"Slovenia",4,"Median","25",1968,30,9,39
705,"Slovenia",4,"Median","26",1968,30,10,40
705,"Slovenia",4,"Median","27",1968,31,10,41
705,"Slovenia",4,"Median","28",1968,31,11,42
705,"Slovenia",4,"Median","29",1968,32,11,43
705,"Slovenia",4,"Median","30",1968,33,11,44
705,"Slovenia",4,"Median","31",1968,36,12,47
705,"Slovenia",4,"Median","32",1968,38,12,50
705,"Slovenia",4,"Median","33",1968,39,13,52
705,"Slovenia",4,"Median","34",1968,41,14,55
705,"Slovenia",4,"Median","35",1968,44,16,59
705,"Slovenia",4,"Median","36",1968,47,17,64
705,"Slovenia",4,"Median","37",1968,51,20,71
705,"Slovenia",4,"Median","38",1968,53,22,75
705,"Slovenia",4,"Median","39",1968,55,24,78
705,"Slovenia",4,"Median","40",1968,56,26,83
705,"Slovenia",4,"Median","41",1968,56,30,86
705,"Slovenia",4,"Median","42",1968,55,33,89
705,"Slovenia",4,"Median","43",1968,56,36,92
705,"Slovenia",4,"Median","44",1968,58,39,97
705,"Slovenia",4,"Median","45",1968,59,42,101
705,"Slovenia",4,"Median","46",1968,60,44,104
705,"Slovenia",4,"Median","47",1968,61,44,105
705,"Slovenia",4,"Median","48",1968,59,42,100
705,"Slovenia",4,"Median","49",1968,49,35,84
705,"Slovenia",4,"Median","50",1968,42,28,70
705,"Slovenia",4,"Median","51",1968,46,30,76
705,"Slovenia",4,"Median","52",1968,60,39,98
705,"Slovenia",4,"Median","53",1968,88,56,145
705,"Slovenia",4,"Median","54",1968,113,72,185
705,"Slovenia",4,"Median","55",1968,126,80,206
705,"Slovenia",4,"Median","56",1968,139,87,226
705,"Slovenia",4,"Median","57",1968,154,95,249
705,"Slovenia",4,"Median","58",1968,173,107,280
705,"Slovenia",4,"Median","59",1968,187,115,303
705,"Slovenia",4,"Median","60",1968,198,122,320
705,"Slovenia",4,"Median","61",1968,212,132,345
705,"Slovenia",4,"Median","62",1968,226,142,368
705,"Slovenia",4,"Median","63",1968,234,151,385
705,"Slovenia",4,"Median","64",1968,244,160,404
705,"Slovenia",4,"Median","65",1968,256,173,429
705,"Slovenia",4,"Median","66",1968,273,195,468
705,"Slovenia",4,"Median","67",1968,286,217,504
705,"Slovenia",4,"Median","68",1968,283,228,510
705,"Slovenia",4,"Median","69",1968,270,230,499
705,"Slovenia",4,"Median","70",1968,261,242,503
705,"Slovenia",4,"Median","71",1968,258,259,517
705,"Slovenia",4,"Median","72",1968,252,272,524
705,"Slovenia",4,"Median","73",1968,247,281,528
705,"Slovenia",4,"Median","74",1968,237,285,522
705,"Slovenia",4,"Median","75",1968,219,268,487
705,"Slovenia",4,"Median","76",1968,213,274,486
705,"Slovenia",4,"Median","77",1968,201,270,470
705,"Slovenia",4,"Median","78",1968,190,278,468
705,"Slovenia",4,"Median","79",1968,183,288,471
705,"Slovenia",4,"Median","80",1968,173,287,460
705,"Slovenia",4,"Median","81",1968,161,278,439
705,"Slovenia",4,"Median","82",1968,149,261,410
705,"Slovenia",4,"Median","83",1968,140,242,381
705,"Slovenia",4,"Median","84",1968,128,218,346
705,"Slovenia",4,"Median","85",1968,108,191,299
705,"Slovenia",4,"Median","86",1968,87,163,249
705,"Slovenia",4,"Median","87",1968,73,139,212
705,"Slovenia",4,"Median","88",1968,61,117,177
705,"Slovenia",4,"Median","89",1968,48,92,140
705,"Slovenia",4,"Median","90",1968,37,71,108
705,"Slovenia",4,"Median","91",1968,29,55,85
705,"Slovenia",4,"Median","92",1968,22,42,64
705,"Slovenia",4,"Median","93",1968,15,28,44
705,"Slovenia",4,"Median","94",1968,10,18,29
705,"Slovenia",4,"Median","95",1968,7,12,19
705,"Slovenia",4,"Median","96",1968,5,8,12
705,"Slovenia",4,"Median","97",1968,3,5,8
705,"Slovenia",4,"Median","98",1968,2,3,5
705,"Slovenia",4,"Median","99",1968,1,1,3
705,"Slovenia",4,"Median","100",1968,0,1,1
705,"Slovenia",4,"Median","101",1968,0,0,0
705,"Slovenia",4,"Median","102",1968,0,0,0
705,"Slovenia",4,"Median","103",1968,0,0,0
705,"Slovenia",4,"Median","104",1968,0,0,0
705,"Slovenia",4,"Median","105",1968,0,0,0
705,"Slovenia",4,"Median","106",1968,0,0,0
705,"Slovenia",4,"Median","107",1968,0,0,0
705,"Slovenia",4,"Median","108",1968,0,0,0
705,"Slovenia",4,"Median","109",1968,0,0,0
705,"Slovenia",4,"Median","110",1968,0,0,0
705,"Slovenia",4,"Median","0",1969,405,304,709
705,"Slovenia",4,"Median","1",1969,23,24,47
705,"Slovenia",4,"Median","2",1969,20,19,39
705,"Slovenia",4,"Median","3",1969,18,15,33
705,"Slovenia",4,"Median","4",1969,15,12,27
705,"Slovenia",4,"Median","5",1969,13,9,22
705,"Slovenia",4,"Median","6",1969,11,7,19
705,"Slovenia",4,"Median","7",1969,10,6,16
705,"Slovenia",4,"Median","8",1969,8,5,14
705,"Slovenia",4,"Median","9",1969,7,5,12
705,"Slovenia",4,"Median","10",1969,7,4,11
705,"Slovenia",4,"Median","11",1969,7,4,11
705,"Slovenia",4,"Median","12",1969,8,5,12
705,"Slovenia",4,"Median","13",1969,9,5,14
705,"Slovenia",4,"Median","14",1969,11,6,16
705,"Slovenia",4,"Median","15",1969,13,7,20
705,"Slovenia",4,"Median","16",1969,17,8,24
705,"Slovenia",4,"Median","17",1969,20,8,29
705,"Slovenia",4,"Median","18",1969,24,9,33
705,"Slovenia",4,"Median","19",1969,26,9,36
705,"Slovenia",4,"Median","20",1969,27,9,36
705,"Slovenia",4,"Median","21",1969,28,9,37
705,"Slovenia",4,"Median","22",1969,27,9,36
705,"Slovenia",4,"Median","23",1969,24,8,33
705,"Slovenia",4,"Median","24",1969,25,8,33
705,"Slovenia",4,"Median","25",1969,29,10,39
705,"Slovenia",4,"Median","26",1969,32,11,43
705,"Slovenia",4,"Median","27",1969,33,11,44
705,"Slovenia",4,"Median","28",1969,34,11,45
705,"Slovenia",4,"Median","29",1969,34,11,45
705,"Slovenia",4,"Median","30",1969,34,11,44
705,"Slovenia",4,"Median","31",1969,34,11,45
705,"Slovenia",4,"Median","32",1969,36,11,47
705,"Slovenia",4,"Median","33",1969,38,12,50
705,"Slovenia",4,"Median","34",1969,39,14,53
705,"Slovenia",4,"Median","35",1969,42,16,58
705,"Slovenia",4,"Median","36",1969,45,19,64
705,"Slovenia",4,"Median","37",1969,50,21,71
705,"Slovenia",4,"Median","38",1969,55,24,80
705,"Slovenia",4,"Median","39",1969,59,26,85
705,"Slovenia",4,"Median","40",1969,61,28,88
705,"Slovenia",4,"Median","41",1969,63,30,93
705,"Slovenia",4,"Median","42",1969,63,33,95
705,"Slovenia",4,"Median","43",1969,63,36,98
705,"Slovenia",4,"Median","44",1969,64,39,103
705,"Slovenia",4,"Median","45",1969,67,42,109
705,"Slovenia",4,"Median","46",1969,69,45,115
705,"Slovenia",4,"Median","47",1969,71,48,119
705,"Slovenia",4,"Median","48",1969,71,48,120
705,"Slovenia",4,"Median","49",1969,68,46,114
705,"Slovenia",4,"Median","50",1969,56,38,95
705,"Slovenia",4,"Median","51",1969,47,31,78
705,"Slovenia",4,"Median","52",1969,51,33,84
705,"Slovenia",4,"Median","53",1969,66,42,109
705,"Slovenia",4,"Median","54",1969,99,62,160
705,"Slovenia",4,"Median","55",1969,128,79,207
705,"Slovenia",4,"Median","56",1969,144,89,233
705,"Slovenia",4,"Median","57",1969,160,97,257
705,"Slovenia",4,"Median","58",1969,177,106,282
705,"Slovenia",4,"Median","59",1969,197,118,315
705,"Slovenia",4,"Median","60",1969,210,125,335
705,"Slovenia",4,"Median","61",1969,216,131,347
705,"Slovenia",4,"Median","62",1969,226,140,367
705,"Slovenia",4,"Median","63",1969,236,149,385
705,"Slovenia",4,"Median","64",1969,243,157,399
705,"Slovenia",4,"Median","65",1969,254,166,420
705,"Slovenia",4,"Median","66",1969,269,181,450
705,"Slovenia",4,"Median","67",1969,290,206,495
705,"Slovenia",4,"Median","68",1969,306,233,539
705,"Slovenia",4,"Median","69",1969,303,248,551
705,"Slovenia",4,"Median","70",1969,287,253,540
705,"Slovenia",4,"Median","71",1969,274,268,542
705,"Slovenia",4,"Median","72",1969,265,285,550
705,"Slovenia",4,"Median","73",1969,253,294,547
705,"Slovenia",4,"Median","74",1969,242,295,538
705,"Slovenia",4,"Median","75",1969,221,273,494
705,"Slovenia",4,"Median","76",1969,211,276,487
705,"Slovenia",4,"Median","77",1969,203,280,482
705,"Slovenia",4,"Median","78",1969,189,273,462
705,"Slovenia",4,"Median","79",1969,176,279,455
705,"Slovenia",4,"Median","80",1969,167,286,453
705,"Slovenia",4,"Median","81",1969,156,281,438
705,"Slovenia",4,"Median","82",1969,143,269,412
705,"Slovenia",4,"Median","83",1969,130,249,379
705,"Slovenia",4,"Median","84",1969,120,226,346
705,"Slovenia",4,"Median","85",1969,108,201,308
705,"Slovenia",4,"Median","86",1969,89,173,261
705,"Slovenia",4,"Median","87",1969,70,144,214
705,"Slovenia",4,"Median","88",1969,57,120,178
705,"Slovenia",4,"Median","89",1969,47,98,145
705,"Slovenia",4,"Median","90",1969,36,76,111
705,"Slovenia",4,"Median","91",1969,27,56,84
705,"Slovenia",4,"Median","92",1969,21,43,64
705,"Slovenia",4,"Median","93",1969,16,31,47
705,"Slovenia",4,"Median","94",1969,10,21,31
705,"Slovenia",4,"Median","95",1969,7,13,20
705,"Slovenia",4,"Median","96",1969,4,8,12
705,"Slovenia",4,"Median","97",1969,3,5,8
705,"Slovenia",4,"Median","98",1969,2,3,5
705,"Slovenia",4,"Median","99",1969,1,2,3
705,"Slovenia",4,"Median","100",1969,0,1,1
705,"Slovenia",4,"Median","101",1969,0,0,0
705,"Slovenia",4,"Median","102",1969,0,0,0
705,"Slovenia",4,"Median","103",1969,0,0,0
705,"Slovenia",4,"Median","104",1969,0,0,0
705,"Slovenia",4,"Median","105",1969,0,0,0
705,"Slovenia",4,"Median","106",1969,0,0,0
705,"Slovenia",4,"Median","107",1969,0,0,0
705,"Slovenia",4,"Median","108",1969,0,0,0
705,"Slovenia",4,"Median","109",1969,0,0,0
705,"Slovenia",4,"Median","110",1969,0,0,0
705,"Slovenia",4,"Median","0",1970,393,297,690
705,"Slovenia",4,"Median","1",1970,21,20,41
705,"Slovenia",4,"Median","2",1970,18,17,35
705,"Slovenia",4,"Median","3",1970,16,14,30
705,"Slovenia",4,"Median","4",1970,14,11,26
705,"Slovenia",4,"Median","5",1970,12,9,21
705,"Slovenia",4,"Median","6",1970,10,7,18
705,"Slovenia",4,"Median","7",1970,9,6,15
705,"Slovenia",4,"Median","8",1970,8,5,13
705,"Slovenia",4,"Median","9",1970,7,4,11
705,"Slovenia",4,"Median","10",1970,7,4,11
705,"Slovenia",4,"Median","11",1970,7,4,11
705,"Slovenia",4,"Median","12",1970,7,4,11
705,"Slovenia",4,"Median","13",1970,9,5,13
705,"Slovenia",4,"Median","14",1970,11,6,16
705,"Slovenia",4,"Median","15",1970,13,7,20
705,"Slovenia",4,"Median","16",1970,17,8,25
705,"Slovenia",4,"Median","17",1970,21,9,30
705,"Slovenia",4,"Median","18",1970,24,10,34
705,"Slovenia",4,"Median","19",1970,28,10,38
705,"Slovenia",4,"Median","20",1970,30,9,39
705,"Slovenia",4,"Median","21",1970,30,8,38
705,"Slovenia",4,"Median","22",1970,30,8,39
705,"Slovenia",4,"Median","23",1970,30,8,38
705,"Slovenia",4,"Median","24",1970,26,7,34
705,"Slovenia",4,"Median","25",1970,26,7,33
705,"Slovenia",4,"Median","26",1970,30,9,40
705,"Slovenia",4,"Median","27",1970,33,11,43
705,"Slovenia",4,"Median","28",1970,33,11,44
705,"Slovenia",4,"Median","29",1970,33,11,44
705,"Slovenia",4,"Median","30",1970,33,11,44
705,"Slovenia",4,"Median","31",1970,33,11,44
705,"Slovenia",4,"Median","32",1970,34,11,45
705,"Slovenia",4,"Median","33",1970,37,12,49
705,"Slovenia",4,"Median","34",1970,39,13,52
705,"Slovenia",4,"Median","35",1970,41,15,57
705,"Slovenia",4,"Median","36",1970,45,18,62
705,"Slovenia",4,"Median","37",1970,49,21,69
705,"Slovenia",4,"Median","38",1970,54,23,78
705,"Slovenia",4,"Median","39",1970,61,26,87
705,"Slovenia",4,"Median","40",1970,65,27,92
705,"Slovenia",4,"Median","41",1970,67,29,96
705,"Slovenia",4,"Median","42",1970,69,31,100
705,"Slovenia",4,"Median","43",1970,69,34,103
705,"Slovenia",4,"Median","44",1970,68,37,105
705,"Slovenia",4,"Median","45",1970,69,41,109
705,"Slovenia",4,"Median","46",1970,71,44,115
705,"Slovenia",4,"Median","47",1970,72,48,120
705,"Slovenia",4,"Median","48",1970,73,50,124
705,"Slovenia",4,"Median","49",1970,74,50,123
705,"Slovenia",4,"Median","50",1970,70,46,117
705,"Slovenia",4,"Median","51",1970,59,38,97
705,"Slovenia",4,"Median","52",1970,49,31,80
705,"Slovenia",4,"Median","53",1970,55,33,87
705,"Slovenia",4,"Median","54",1970,72,43,115
705,"Slovenia",4,"Median","55",1970,108,63,172
705,"Slovenia",4,"Median","56",1970,141,83,224
705,"Slovenia",4,"Median","57",1970,158,93,252
705,"Slovenia",4,"Median","58",1970,173,102,275
705,"Slovenia",4,"Median","59",1970,189,111,300
705,"Slovenia",4,"Median","60",1970,206,123,329
705,"Slovenia",4,"Median","61",1970,216,131,347
705,"Slovenia",4,"Median","62",1970,220,137,357
705,"Slovenia",4,"Median","63",1970,230,146,376
705,"Slovenia",4,"Median","64",1970,242,155,396
705,"Slovenia",4,"Median","65",1970,250,164,414
705,"Slovenia",4,"Median","66",1970,263,175,439
705,"Slovenia",4,"Median","67",1970,280,193,473
705,"Slovenia",4,"Median","68",1970,301,220,521
705,"Slovenia",4,"Median","69",1970,315,250,564
705,"Slovenia",4,"Median","70",1970,306,264,571
705,"Slovenia",4,"Median","71",1970,284,268,552
705,"Slovenia",4,"Median","72",1970,266,279,545
705,"Slovenia",4,"Median","73",1970,252,293,545
705,"Slovenia",4,"Median","74",1970,237,297,534
705,"Slovenia",4,"Median","75",1970,220,272,491
705,"Slovenia",4,"Median","76",1970,206,264,470
705,"Slovenia",4,"Median","77",1970,194,263,457
705,"Slovenia",4,"Median","78",1970,184,263,447
705,"Slovenia",4,"Median","79",1970,169,253,422
705,"Slovenia",4,"Median","80",1970,155,254,410
705,"Slovenia",4,"Median","81",1970,145,256,402
705,"Slovenia",4,"Median","82",1970,134,248,382
705,"Slovenia",4,"Median","83",1970,120,233,353
705,"Slovenia",4,"Median","84",1970,107,211,319
705,"Slovenia",4,"Median","85",1970,97,188,285
705,"Slovenia",4,"Median","86",1970,86,163,249
705,"Slovenia",4,"Median","87",1970,69,137,206
705,"Slovenia",4,"Median","88",1970,53,111,165
705,"Slovenia",4,"Median","89",1970,43,91,134
705,"Slovenia",4,"Median","90",1970,34,72,107
705,"Slovenia",4,"Median","91",1970,26,54,80
705,"Slovenia",4,"Median","92",1970,19,39,58
705,"Slovenia",4,"Median","93",1970,14,29,43
705,"Slovenia",4,"Median","94",1970,10,21,31
705,"Slovenia",4,"Median","95",1970,7,13,20
705,"Slovenia",4,"Median","96",1970,4,8,12
705,"Slovenia",4,"Median","97",1970,3,5,8
705,"Slovenia",4,"Median","98",1970,2,3,5
705,"Slovenia",4,"Median","99",1970,1,2,3
705,"Slovenia",4,"Median","100",1970,0,1,1
705,"Slovenia",4,"Median","101",1970,0,0,0
705,"Slovenia",4,"Median","102",1970,0,0,0
705,"Slovenia",4,"Median","103",1970,0,0,0
705,"Slovenia",4,"Median","104",1970,0,0,0
705,"Slovenia",4,"Median","105",1970,0,0,0
705,"Slovenia",4,"Median","106",1970,0,0,0
705,"Slovenia",4,"Median","107",1970,0,0,0
705,"Slovenia",4,"Median","108",1970,0,0,0
705,"Slovenia",4,"Median","109",1970,0,0,0
705,"Slovenia",4,"Median","110",1970,0,0,0
705,"Slovenia",4,"Median","0",1971,384,291,676
705,"Slovenia",4,"Median","1",1971,17,19,36
705,"Slovenia",4,"Median","2",1971,16,14,30
705,"Slovenia",4,"Median","3",1971,15,11,26
705,"Slovenia",4,"Median","4",1971,14,9,23
705,"Slovenia",4,"Median","5",1971,12,7,19
705,"Slovenia",4,"Median","6",1971,11,6,16
705,"Slovenia",4,"Median","7",1971,9,5,14
705,"Slovenia",4,"Median","8",1971,8,4,13
705,"Slovenia",4,"Median","9",1971,7,4,12
705,"Slovenia",4,"Median","10",1971,7,4,11
705,"Slovenia",4,"Median","11",1971,7,4,11
705,"Slovenia",4,"Median","12",1971,7,4,11
705,"Slovenia",4,"Median","13",1971,8,5,13
705,"Slovenia",4,"Median","14",1971,10,6,15
705,"Slovenia",4,"Median","15",1971,12,6,18
705,"Slovenia",4,"Median","16",1971,15,7,22
705,"Slovenia",4,"Median","17",1971,19,8,27
705,"Slovenia",4,"Median","18",1971,24,8,32
705,"Slovenia",4,"Median","19",1971,27,9,36
705,"Slovenia",4,"Median","20",1971,30,9,40
705,"Slovenia",4,"Median","21",1971,32,9,41
705,"Slovenia",4,"Median","22",1971,32,9,41
705,"Slovenia",4,"Median","23",1971,32,9,41
705,"Slovenia",4,"Median","24",1971,32,9,40
705,"Slovenia",4,"Median","25",1971,28,7,35
705,"Slovenia",4,"Median","26",1971,27,7,34
705,"Slovenia",4,"Median","27",1971,32,8,40
705,"Slovenia",4,"Median","28",1971,34,9,43
705,"Slovenia",4,"Median","29",1971,34,10,43
705,"Slovenia",4,"Median","30",1971,33,10,44
705,"Slovenia",4,"Median","31",1971,33,11,45
705,"Slovenia",4,"Median","32",1971,34,12,46
705,"Slovenia",4,"Median","33",1971,35,13,48
705,"Slovenia",4,"Median","34",1971,38,15,53
705,"Slovenia",4,"Median","35",1971,42,16,58
705,"Slovenia",4,"Median","36",1971,45,18,63
705,"Slovenia",4,"Median","37",1971,49,20,69
705,"Slovenia",4,"Median","38",1971,54,22,76
705,"Slovenia",4,"Median","39",1971,60,24,84
705,"Slovenia",4,"Median","40",1971,66,26,93
705,"Slovenia",4,"Median","41",1971,70,28,98
705,"Slovenia",4,"Median","42",1971,70,30,100
705,"Slovenia",4,"Median","43",1971,71,32,104
705,"Slovenia",4,"Median","44",1971,70,36,105
705,"Slovenia",4,"Median","45",1971,68,39,107
705,"Slovenia",4,"Median","46",1971,69,42,111
705,"Slovenia",4,"Median","47",1971,71,45,117
705,"Slovenia",4,"Median","48",1971,74,48,122
705,"Slovenia",4,"Median","49",1971,76,49,125
705,"Slovenia",4,"Median","50",1971,78,49,127
705,"Slovenia",4,"Median","51",1971,75,46,121
705,"Slovenia",4,"Median","52",1971,64,39,102
705,"Slovenia",4,"Median","53",1971,54,32,86
705,"Slovenia",4,"Median","54",1971,59,35,94
705,"Slovenia",4,"Median","55",1971,77,46,123
705,"Slovenia",4,"Median","56",1971,113,69,182
705,"Slovenia",4,"Median","57",1971,144,90,234
705,"Slovenia",4,"Median","58",1971,159,99,258
705,"Slovenia",4,"Median","59",1971,172,106,278
705,"Slovenia",4,"Median","60",1971,187,113,299
705,"Slovenia",4,"Median","61",1971,205,123,328
705,"Slovenia",4,"Median","62",1971,218,130,347
705,"Slovenia",4,"Median","63",1971,225,137,361
705,"Slovenia",4,"Median","64",1971,237,149,386
705,"Slovenia",4,"Median","65",1971,250,162,412
705,"Slovenia",4,"Median","66",1971,258,176,434
705,"Slovenia",4,"Median","67",1971,268,191,460
705,"Slovenia",4,"Median","68",1971,280,211,491
705,"Slovenia",4,"Median","69",1971,294,238,532
705,"Slovenia",4,"Median","70",1971,301,264,565
705,"Slovenia",4,"Median","71",1971,287,272,560
705,"Slovenia",4,"Median","72",1971,264,269,533
705,"Slovenia",4,"Median","73",1971,246,274,520
705,"Slovenia",4,"Median","74",1971,233,283,517
705,"Slovenia",4,"Median","75",1971,218,268,486
705,"Slovenia",4,"Median","76",1971,204,263,467
705,"Slovenia",4,"Median","77",1971,189,253,442
705,"Slovenia",4,"Median","78",1971,177,249,426
705,"Slovenia",4,"Median","79",1971,166,246,412
705,"Slovenia",4,"Median","80",1971,151,234,385
705,"Slovenia",4,"Median","81",1971,137,232,368
705,"Slovenia",4,"Median","82",1971,126,231,356
705,"Slovenia",4,"Median","83",1971,114,220,334
705,"Slovenia",4,"Median","84",1971,101,203,304
705,"Slovenia",4,"Median","85",1971,89,181,270
705,"Slovenia",4,"Median","86",1971,79,158,237
705,"Slovenia",4,"Median","87",1971,69,135,203
705,"Slovenia",4,"Median","88",1971,55,111,166
705,"Slovenia",4,"Median","89",1971,41,88,129
705,"Slovenia",4,"Median","90",1971,33,70,103
705,"Slovenia",4,"Median","91",1971,26,55,80
705,"Slovenia",4,"Median","92",1971,19,40,59
705,"Slovenia",4,"Median","93",1971,14,28,42
705,"Slovenia",4,"Median","94",1971,10,20,30
705,"Slovenia",4,"Median","95",1971,7,14,21
705,"Slovenia",4,"Median","96",1971,5,9,13
705,"Slovenia",4,"Median","97",1971,3,5,8
705,"Slovenia",4,"Median","98",1971,2,3,5
705,"Slovenia",4,"Median","99",1971,1,2,3
705,"Slovenia",4,"Median","100",1971,1,1,2
705,"Slovenia",4,"Median","101",1971,0,0,0
705,"Slovenia",4,"Median","102",1971,0,0,0
705,"Slovenia",4,"Median","103",1971,0,0,0
705,"Slovenia",4,"Median","104",1971,0,0,0
705,"Slovenia",4,"Median","105",1971,0,0,0
705,"Slovenia",4,"Median","106",1971,0,0,0
705,"Slovenia",4,"Median","107",1971,0,0,0
705,"Slovenia",4,"Median","108",1971,0,0,0
705,"Slovenia",4,"Median","109",1971,0,0,0
705,"Slovenia",4,"Median","110",1971,0,0,0
705,"Slovenia",4,"Median","0",1972,385,283,668
705,"Slovenia",4,"Median","1",1972,17,16,33
705,"Slovenia",4,"Median","2",1972,15,12,26
705,"Slovenia",4,"Median","3",1972,13,9,22
705,"Slovenia",4,"Median","4",1972,12,7,19
705,"Slovenia",4,"Median","5",1972,11,6,17
705,"Slovenia",4,"Median","6",1972,10,5,14
705,"Slovenia",4,"Median","7",1972,8,4,12
705,"Slovenia",4,"Median","8",1972,8,3,11
705,"Slovenia",4,"Median","9",1972,7,3,10
705,"Slovenia",4,"Median","10",1972,7,3,10
705,"Slovenia",4,"Median","11",1972,7,3,10
705,"Slovenia",4,"Median","12",1972,7,4,11
705,"Slovenia",4,"Median","13",1972,8,4,12
705,"Slovenia",4,"Median","14",1972,9,5,14
705,"Slovenia",4,"Median","15",1972,12,6,18
705,"Slovenia",4,"Median","16",1972,15,8,22
705,"Slovenia",4,"Median","17",1972,18,9,27
705,"Slovenia",4,"Median","18",1972,22,10,32
705,"Slovenia",4,"Median","19",1972,27,10,37
705,"Slovenia",4,"Median","20",1972,30,10,40
705,"Slovenia",4,"Median","21",1972,33,10,43
705,"Slovenia",4,"Median","22",1972,35,9,43
705,"Slovenia",4,"Median","23",1972,34,8,42
705,"Slovenia",4,"Median","24",1972,34,7,41
705,"Slovenia",4,"Median","25",1972,32,7,39
705,"Slovenia",4,"Median","26",1972,28,6,34
705,"Slovenia",4,"Median","27",1972,26,6,32
705,"Slovenia",4,"Median","28",1972,30,8,38
705,"Slovenia",4,"Median","29",1972,32,9,41
705,"Slovenia",4,"Median","30",1972,32,11,42
705,"Slovenia",4,"Median","31",1972,32,12,44
705,"Slovenia",4,"Median","32",1972,33,13,46
705,"Slovenia",4,"Median","33",1972,34,14,48
705,"Slovenia",4,"Median","34",1972,37,15,51
705,"Slovenia",4,"Median","35",1972,41,16,57
705,"Slovenia",4,"Median","36",1972,46,16,62
705,"Slovenia",4,"Median","37",1972,49,17,67
705,"Slovenia",4,"Median","38",1972,54,19,72
705,"Slovenia",4,"Median","39",1972,59,21,79
705,"Slovenia",4,"Median","40",1972,64,23,87
705,"Slovenia",4,"Median","41",1972,70,26,96
705,"Slovenia",4,"Median","42",1972,72,29,101
705,"Slovenia",4,"Median","43",1972,73,31,104
705,"Slovenia",4,"Median","44",1972,74,34,108
705,"Slovenia",4,"Median","45",1972,72,37,110
705,"Slovenia",4,"Median","46",1972,71,41,111
705,"Slovenia",4,"Median","47",1972,71,43,114
705,"Slovenia",4,"Median","48",1972,72,45,118
705,"Slovenia",4,"Median","49",1972,73,48,121
705,"Slovenia",4,"Median","50",1972,74,50,124
705,"Slovenia",4,"Median","51",1972,75,50,125
705,"Slovenia",4,"Median","52",1972,73,48,121
705,"Slovenia",4,"Median","53",1972,62,41,104
705,"Slovenia",4,"Median","54",1972,53,35,88
705,"Slovenia",4,"Median","55",1972,60,38,98
705,"Slovenia",4,"Median","56",1972,80,50,130
705,"Slovenia",4,"Median","57",1972,120,73,193
705,"Slovenia",4,"Median","58",1972,154,92,246
705,"Slovenia",4,"Median","59",1972,169,101,270
705,"Slovenia",4,"Median","60",1972,181,107,288
705,"Slovenia",4,"Median","61",1972,195,114,308
705,"Slovenia",4,"Median","62",1972,212,126,338
705,"Slovenia",4,"Median","63",1972,224,136,360
705,"Slovenia",4,"Median","64",1972,231,146,377
705,"Slovenia",4,"Median","65",1972,243,161,405
705,"Slovenia",4,"Median","66",1972,256,177,433
705,"Slovenia",4,"Median","67",1972,262,192,454
705,"Slovenia",4,"Median","68",1972,269,207,476
705,"Slovenia",4,"Median","69",1972,278,224,502
705,"Slovenia",4,"Median","70",1972,290,249,539
705,"Slovenia",4,"Median","71",1972,295,272,568
705,"Slovenia",4,"Median","72",1972,283,279,562
705,"Slovenia",4,"Median","73",1972,260,276,536
705,"Slovenia",4,"Median","74",1972,243,284,526
705,"Slovenia",4,"Median","75",1972,222,270,492
705,"Slovenia",4,"Median","76",1972,204,265,470
705,"Slovenia",4,"Median","77",1972,189,257,446
705,"Slovenia",4,"Median","78",1972,173,244,417
705,"Slovenia",4,"Median","79",1972,159,238,397
705,"Slovenia",4,"Median","80",1972,147,232,380
705,"Slovenia",4,"Median","81",1972,132,218,350
705,"Slovenia",4,"Median","82",1972,118,213,331
705,"Slovenia",4,"Median","83",1972,107,208,315
705,"Slovenia",4,"Median","84",1972,96,195,291
705,"Slovenia",4,"Median","85",1972,83,178,261
705,"Slovenia",4,"Median","86",1972,72,156,228
705,"Slovenia",4,"Median","87",1972,63,134,196
705,"Slovenia",4,"Median","88",1972,54,111,165
705,"Slovenia",4,"Median","89",1972,42,90,132
705,"Slovenia",4,"Median","90",1972,31,70,101
705,"Slovenia",4,"Median","91",1972,24,54,78
705,"Slovenia",4,"Median","92",1972,18,41,60
705,"Slovenia",4,"Median","93",1972,13,29,43
705,"Slovenia",4,"Median","94",1972,9,20,30
705,"Slovenia",4,"Median","95",1972,7,14,21
705,"Slovenia",4,"Median","96",1972,5,10,14
705,"Slovenia",4,"Median","97",1972,3,6,9
705,"Slovenia",4,"Median","98",1972,2,3,5
705,"Slovenia",4,"Median","99",1972,1,2,3
705,"Slovenia",4,"Median","100",1972,1,1,2
705,"Slovenia",4,"Median","101",1972,0,0,0
705,"Slovenia",4,"Median","102",1972,0,0,0
705,"Slovenia",4,"Median","103",1972,0,0,0
705,"Slovenia",4,"Median","104",1972,0,0,0
705,"Slovenia",4,"Median","105",1972,0,0,0
705,"Slovenia",4,"Median","106",1972,0,0,0
705,"Slovenia",4,"Median","107",1972,0,0,0
705,"Slovenia",4,"Median","108",1972,0,0,0
705,"Slovenia",4,"Median","109",1972,0,0,0
705,"Slovenia",4,"Median","110",1972,0,0,0
705,"Slovenia",4,"Median","0",1973,357,262,618
705,"Slovenia",4,"Median","1",1973,18,13,30
705,"Slovenia",4,"Median","2",1973,14,10,23
705,"Slovenia",4,"Median","3",1973,11,8,19
705,"Slovenia",4,"Median","4",1973,9,6,16
705,"Slovenia",4,"Median","5",1973,8,5,14
705,"Slovenia",4,"Median","6",1973,7,5,12
705,"Slovenia",4,"Median","7",1973,7,4,11
705,"Slovenia",4,"Median","8",1973,6,3,9
705,"Slovenia",4,"Median","9",1973,6,3,9
705,"Slovenia",4,"Median","10",1973,6,3,9
705,"Slovenia",4,"Median","11",1973,6,3,9
705,"Slovenia",4,"Median","12",1973,6,3,10
705,"Slovenia",4,"Median","13",1973,7,4,11
705,"Slovenia",4,"Median","14",1973,9,4,13
705,"Slovenia",4,"Median","15",1973,11,5,17
705,"Slovenia",4,"Median","16",1973,14,7,21
705,"Slovenia",4,"Median","17",1973,18,9,27
705,"Slovenia",4,"Median","18",1973,22,10,32
705,"Slovenia",4,"Median","19",1973,26,11,37
705,"Slovenia",4,"Median","20",1973,31,11,41
705,"Slovenia",4,"Median","21",1973,34,10,44
705,"Slovenia",4,"Median","22",1973,36,10,45
705,"Slovenia",4,"Median","23",1973,36,9,45
705,"Slovenia",4,"Median","24",1973,34,8,42
705,"Slovenia",4,"Median","25",1973,32,7,40
705,"Slovenia",4,"Median","26",1973,30,7,37
705,"Slovenia",4,"Median","27",1973,25,6,31
705,"Slovenia",4,"Median","28",1973,24,6,30
705,"Slovenia",4,"Median","29",1973,27,8,35
705,"Slovenia",4,"Median","30",1973,29,10,39
705,"Slovenia",4,"Median","31",1973,30,11,41
705,"Slovenia",4,"Median","32",1973,32,12,44
705,"Slovenia",4,"Median","33",1973,34,13,47
705,"Slovenia",4,"Median","34",1973,36,14,50
705,"Slovenia",4,"Median","35",1973,40,15,54
705,"Slovenia",4,"Median","36",1973,45,16,61
705,"Slovenia",4,"Median","37",1973,50,17,66
705,"Slovenia",4,"Median","38",1973,53,18,71
705,"Slovenia",4,"Median","39",1973,56,20,77
705,"Slovenia",4,"Median","40",1973,61,23,83
705,"Slovenia",4,"Median","41",1973,65,26,91
705,"Slovenia",4,"Median","42",1973,71,29,100
705,"Slovenia",4,"Median","43",1973,75,32,106
705,"Slovenia",4,"Median","44",1973,76,34,110
705,"Slovenia",4,"Median","45",1973,78,37,115
705,"Slovenia",4,"Median","46",1973,77,40,117
705,"Slovenia",4,"Median","47",1973,76,43,119
705,"Slovenia",4,"Median","48",1973,76,46,122
705,"Slovenia",4,"Median","49",1973,78,49,127
705,"Slovenia",4,"Median","50",1973,79,52,131
705,"Slovenia",4,"Median","51",1973,80,54,134
705,"Slovenia",4,"Median","52",1973,80,55,135
705,"Slovenia",4,"Median","53",1973,77,53,130
705,"Slovenia",4,"Median","54",1973,65,46,111
705,"Slovenia",4,"Median","55",1973,55,39,94
705,"Slovenia",4,"Median","56",1973,62,41,103
705,"Slovenia",4,"Median","57",1973,81,53,135
705,"Slovenia",4,"Median","58",1973,121,76,197
705,"Slovenia",4,"Median","59",1973,155,94,249
705,"Slovenia",4,"Median","60",1973,171,101,271
705,"Slovenia",4,"Median","61",1973,185,106,291
705,"Slovenia",4,"Median","62",1973,202,114,316
705,"Slovenia",4,"Median","63",1973,224,128,351
705,"Slovenia",4,"Median","64",1973,238,141,379
705,"Slovenia",4,"Median","65",1973,245,155,400
705,"Slovenia",4,"Median","66",1973,255,174,430
705,"Slovenia",4,"Median","67",1973,264,192,457
705,"Slovenia",4,"Median","68",1973,266,207,473
705,"Slovenia",4,"Median","69",1973,269,221,490
705,"Slovenia",4,"Median","70",1973,276,237,512
705,"Slovenia",4,"Median","71",1973,287,261,548
705,"Slovenia",4,"Median","72",1973,294,285,579
705,"Slovenia",4,"Median","73",1973,283,293,576
705,"Slovenia",4,"Median","74",1973,262,289,551
705,"Slovenia",4,"Median","75",1973,239,275,514
705,"Slovenia",4,"Median","76",1973,221,277,498
705,"Slovenia",4,"Median","77",1973,203,272,474
705,"Slovenia",4,"Median","78",1973,187,262,449
705,"Slovenia",4,"Median","79",1973,170,248,418
705,"Slovenia",4,"Median","80",1973,155,240,396
705,"Slovenia",4,"Median","81",1973,143,233,376
705,"Slovenia",4,"Median","82",1973,127,217,344
705,"Slovenia",4,"Median","83",1973,112,210,322
705,"Slovenia",4,"Median","84",1973,101,203,305
705,"Slovenia",4,"Median","85",1973,89,189,278
705,"Slovenia",4,"Median","86",1973,77,169,246
705,"Slovenia",4,"Median","87",1973,66,146,212
705,"Slovenia",4,"Median","88",1973,57,124,181
705,"Slovenia",4,"Median","89",1973,48,102,149
705,"Slovenia",4,"Median","90",1973,37,80,117
705,"Slovenia",4,"Median","91",1973,27,61,88
705,"Slovenia",4,"Median","92",1973,20,47,67
705,"Slovenia",4,"Median","93",1973,15,35,50
705,"Slovenia",4,"Median","94",1973,11,24,35
705,"Slovenia",4,"Median","95",1973,8,16,24
705,"Slovenia",4,"Median","96",1973,5,11,16
705,"Slovenia",4,"Median","97",1973,4,7,11
705,"Slovenia",4,"Median","98",1973,2,4,6
705,"Slovenia",4,"Median","99",1973,1,2,4
705,"Slovenia",4,"Median","100",1973,1,1,2
705,"Slovenia",4,"Median","101",1973,0,1,1
705,"Slovenia",4,"Median","102",1973,0,0,0
705,"Slovenia",4,"Median","103",1973,0,0,0
705,"Slovenia",4,"Median","104",1973,0,0,0
705,"Slovenia",4,"Median","105",1973,0,0,0
705,"Slovenia",4,"Median","106",1973,0,0,0
705,"Slovenia",4,"Median","107",1973,0,0,0
705,"Slovenia",4,"Median","108",1973,0,0,0
705,"Slovenia",4,"Median","109",1973,0,0,0
705,"Slovenia",4,"Median","110",1973,0,0,0
705,"Slovenia",4,"Median","0",1974,331,239,570
705,"Slovenia",4,"Median","1",1974,20,12,31
705,"Slovenia",4,"Median","2",1974,15,9,25
705,"Slovenia",4,"Median","3",1974,11,8,19
705,"Slovenia",4,"Median","4",1974,9,6,15
705,"Slovenia",4,"Median","5",1974,7,5,13
705,"Slovenia",4,"Median","6",1974,6,5,11
705,"Slovenia",4,"Median","7",1974,6,4,9
705,"Slovenia",4,"Median","8",1974,5,3,8
705,"Slovenia",4,"Median","9",1974,5,3,7
705,"Slovenia",4,"Median","10",1974,5,2,7
705,"Slovenia",4,"Median","11",1974,5,2,7
705,"Slovenia",4,"Median","12",1974,6,2,8
705,"Slovenia",4,"Median","13",1974,6,3,9
705,"Slovenia",4,"Median","14",1974,8,4,12
705,"Slovenia",4,"Median","15",1974,10,5,15
705,"Slovenia",4,"Median","16",1974,13,7,20
705,"Slovenia",4,"Median","17",1974,17,9,26
705,"Slovenia",4,"Median","18",1974,22,10,32
705,"Slovenia",4,"Median","19",1974,26,11,37
705,"Slovenia",4,"Median","20",1974,30,10,40
705,"Slovenia",4,"Median","21",1974,33,9,43
705,"Slovenia",4,"Median","22",1974,35,8,44
705,"Slovenia",4,"Median","23",1974,36,8,44
705,"Slovenia",4,"Median","24",1974,35,7,42
705,"Slovenia",4,"Median","25",1974,32,7,39
705,"Slovenia",4,"Median","26",1974,30,7,37
705,"Slovenia",4,"Median","27",1974,28,7,35
705,"Slovenia",4,"Median","28",1974,23,7,30
705,"Slovenia",4,"Median","29",1974,22,7,30
705,"Slovenia",4,"Median","30",1974,26,9,35
705,"Slovenia",4,"Median","31",1974,29,11,40
705,"Slovenia",4,"Median","32",1974,30,12,42
705,"Slovenia",4,"Median","33",1974,33,12,45
705,"Slovenia",4,"Median","34",1974,35,13,48
705,"Slovenia",4,"Median","35",1974,38,14,52
705,"Slovenia",4,"Median","36",1974,42,14,56
705,"Slovenia",4,"Median","37",1974,47,16,63
705,"Slovenia",4,"Median","38",1974,52,17,69
705,"Slovenia",4,"Median","39",1974,55,19,74
705,"Slovenia",4,"Median","40",1974,58,22,80
705,"Slovenia",4,"Median","41",1974,63,25,88
705,"Slovenia",4,"Median","42",1974,69,29,98
705,"Slovenia",4,"Median","43",1974,77,33,109
705,"Slovenia",4,"Median","44",1974,81,35,116
705,"Slovenia",4,"Median","45",1974,83,37,120
705,"Slovenia",4,"Median","46",1974,85,40,125
705,"Slovenia",4,"Median","47",1974,83,43,126
705,"Slovenia",4,"Median","48",1974,80,47,127
705,"Slovenia",4,"Median","49",1974,79,50,129
705,"Slovenia",4,"Median","50",1974,80,53,133
705,"Slovenia",4,"Median","51",1974,81,57,138
705,"Slovenia",4,"Median","52",1974,82,60,142
705,"Slovenia",4,"Median","53",1974,83,61,144
705,"Slovenia",4,"Median","54",1974,81,59,141
705,"Slovenia",4,"Median","55",1974,70,50,121
705,"Slovenia",4,"Median","56",1974,61,41,102
705,"Slovenia",4,"Median","57",1974,68,43,111
705,"Slovenia",4,"Median","58",1974,90,55,144
705,"Slovenia",4,"Median","59",1974,132,78,209
705,"Slovenia",4,"Median","60",1974,167,96,264
705,"Slovenia",4,"Median","61",1974,183,105,288
705,"Slovenia",4,"Median","62",1974,197,112,309
705,"Slovenia",4,"Median","63",1974,213,122,335
705,"Slovenia",4,"Median","64",1974,234,139,372
705,"Slovenia",4,"Median","65",1974,246,153,399
705,"Slovenia",4,"Median","66",1974,250,166,417
705,"Slovenia",4,"Median","67",1974,258,185,443
705,"Slovenia",4,"Median","68",1974,265,201,466
705,"Slovenia",4,"Median","69",1974,265,215,481
705,"Slovenia",4,"Median","70",1974,269,230,499
705,"Slovenia",4,"Median","71",1974,277,248,525
705,"Slovenia",4,"Median","72",1974,290,277,567
705,"Slovenia",4,"Median","73",1974,297,305,602
705,"Slovenia",4,"Median","74",1974,284,313,597
705,"Slovenia",4,"Median","75",1974,258,286,544
705,"Slovenia",4,"Median","76",1974,235,284,519
705,"Slovenia",4,"Median","77",1974,216,285,501
705,"Slovenia",4,"Median","78",1974,197,277,474
705,"Slovenia",4,"Median","79",1974,180,266,446
705,"Slovenia",4,"Median","80",1974,163,250,412
705,"Slovenia",4,"Median","81",1974,148,240,387
705,"Slovenia",4,"Median","82",1974,134,230,365
705,"Slovenia",4,"Median","83",1974,118,212,330
705,"Slovenia",4,"Median","84",1974,103,203,307
705,"Slovenia",4,"Median","85",1974,92,195,287
705,"Slovenia",4,"Median","86",1974,80,178,258
705,"Slovenia",4,"Median","87",1974,68,157,225
705,"Slovenia",4,"Median","88",1974,57,134,191
705,"Slovenia",4,"Median","89",1974,49,111,160
705,"Slovenia",4,"Median","90",1974,40,89,130
705,"Slovenia",4,"Median","91",1974,30,69,100
705,"Slovenia",4,"Median","92",1974,22,52,74
705,"Slovenia",4,"Median","93",1974,16,39,55
705,"Slovenia",4,"Median","94",1974,12,28,40
705,"Slovenia",4,"Median","95",1974,8,19,27
705,"Slovenia",4,"Median","96",1974,6,12,18
705,"Slovenia",4,"Median","97",1974,4,8,12
705,"Slovenia",4,"Median","98",1974,3,5,8
705,"Slovenia",4,"Median","99",1974,2,3,5
705,"Slovenia",4,"Median","100",1974,1,1,2
705,"Slovenia",4,"Median","101",1974,0,1,1
705,"Slovenia",4,"Median","102",1974,0,0,0
705,"Slovenia",4,"Median","103",1974,0,0,0
705,"Slovenia",4,"Median","104",1974,0,0,0
705,"Slovenia",4,"Median","105",1974,0,0,0
705,"Slovenia",4,"Median","106",1974,0,0,0
705,"Slovenia",4,"Median","107",1974,0,0,0
705,"Slovenia",4,"Median","108",1974,0,0,0
705,"Slovenia",4,"Median","109",1974,0,0,0
705,"Slovenia",4,"Median","110",1974,0,0,0
705,"Slovenia",4,"Median","0",1975,343,229,572
705,"Slovenia",4,"Median","1",1975,17,10,27
705,"Slovenia",4,"Median","2",1975,13,9,22
705,"Slovenia",4,"Median","3",1975,11,8,18
705,"Slovenia",4,"Median","4",1975,8,6,15
705,"Slovenia",4,"Median","5",1975,7,5,12
705,"Slovenia",4,"Median","6",1975,6,5,11
705,"Slovenia",4,"Median","7",1975,5,4,9
705,"Slovenia",4,"Median","8",1975,5,3,8
705,"Slovenia",4,"Median","9",1975,5,3,8
705,"Slovenia",4,"Median","10",1975,5,3,7
705,"Slovenia",4,"Median","11",1975,5,2,7
705,"Slovenia",4,"Median","12",1975,5,3,8
705,"Slovenia",4,"Median","13",1975,6,3,9
705,"Slovenia",4,"Median","14",1975,7,4,11
705,"Slovenia",4,"Median","15",1975,9,5,14
705,"Slovenia",4,"Median","16",1975,12,6,17
705,"Slovenia",4,"Median","17",1975,15,7,22
705,"Slovenia",4,"Median","18",1975,19,9,28
705,"Slovenia",4,"Median","19",1975,24,9,33
705,"Slovenia",4,"Median","20",1975,27,9,36
705,"Slovenia",4,"Median","21",1975,31,9,39
705,"Slovenia",4,"Median","22",1975,33,8,42
705,"Slovenia",4,"Median","23",1975,34,8,42
705,"Slovenia",4,"Median","24",1975,35,8,42
705,"Slovenia",4,"Median","25",1975,33,8,41
705,"Slovenia",4,"Median","26",1975,31,8,39
705,"Slovenia",4,"Median","27",1975,29,8,37
705,"Slovenia",4,"Median","28",1975,28,9,36
705,"Slovenia",4,"Median","29",1975,24,8,32
705,"Slovenia",4,"Median","30",1975,23,9,32
705,"Slovenia",4,"Median","31",1975,28,11,39
705,"Slovenia",4,"Median","32",1975,31,13,44
705,"Slovenia",4,"Median","33",1975,33,13,46
705,"Slovenia",4,"Median","34",1975,35,13,49
705,"Slovenia",4,"Median","35",1975,38,14,52
705,"Slovenia",4,"Median","36",1975,41,14,55
705,"Slovenia",4,"Median","37",1975,44,15,59
705,"Slovenia",4,"Median","38",1975,49,16,66
705,"Slovenia",4,"Median","39",1975,54,18,72
705,"Slovenia",4,"Median","40",1975,58,21,79
705,"Slovenia",4,"Median","41",1975,63,24,87
705,"Slovenia",4,"Median","42",1975,68,28,97
705,"Slovenia",4,"Median","43",1975,75,32,107
705,"Slovenia",4,"Median","44",1975,83,37,119
705,"Slovenia",4,"Median","45",1975,87,39,126
705,"Slovenia",4,"Median","46",1975,88,41,129
705,"Slovenia",4,"Median","47",1975,89,44,133
705,"Slovenia",4,"Median","48",1975,88,47,135
705,"Slovenia",4,"Median","49",1975,86,50,137
705,"Slovenia",4,"Median","50",1975,87,53,140
705,"Slovenia",4,"Median","51",1975,91,56,147
705,"Slovenia",4,"Median","52",1975,94,59,153
705,"Slovenia",4,"Median","53",1975,96,62,159
705,"Slovenia",4,"Median","54",1975,97,64,161
705,"Slovenia",4,"Median","55",1975,94,62,155
705,"Slovenia",4,"Median","56",1975,78,53,131
705,"Slovenia",4,"Median","57",1975,65,44,109
705,"Slovenia",4,"Median","58",1975,71,46,117
705,"Slovenia",4,"Median","59",1975,92,59,151
705,"Slovenia",4,"Median","60",1975,136,85,220
705,"Slovenia",4,"Median","61",1975,174,107,281
705,"Slovenia",4,"Median","62",1975,192,118,310
705,"Slovenia",4,"Median","63",1975,209,127,337
705,"Slovenia",4,"Median","64",1975,227,139,366
705,"Slovenia",4,"Median","65",1975,248,156,404
705,"Slovenia",4,"Median","66",1975,259,171,429
705,"Slovenia",4,"Median","67",1975,261,183,444
705,"Slovenia",4,"Median","68",1975,267,200,466
705,"Slovenia",4,"Median","69",1975,272,215,488
705,"Slovenia",4,"Median","70",1975,273,229,502
705,"Slovenia",4,"Median","71",1975,277,244,521
705,"Slovenia",4,"Median","72",1975,285,264,550
705,"Slovenia",4,"Median","73",1975,297,295,593
705,"Slovenia",4,"Median","74",1975,302,324,627
705,"Slovenia",4,"Median","75",1975,291,316,607
705,"Slovenia",4,"Median","76",1975,263,303,566
705,"Slovenia",4,"Median","77",1975,239,300,539
705,"Slovenia",4,"Median","78",1975,219,299,518
705,"Slovenia",4,"Median","79",1975,198,289,488
705,"Slovenia",4,"Median","80",1975,180,275,456
705,"Slovenia",4,"Median","81",1975,162,257,418
705,"Slovenia",4,"Median","82",1975,145,244,390
705,"Slovenia",4,"Median","83",1975,131,232,363
705,"Slovenia",4,"Median","84",1975,114,211,326
705,"Slovenia",4,"Median","85",1975,99,200,299
705,"Slovenia",4,"Median","86",1975,87,189,275
705,"Slovenia",4,"Median","87",1975,75,170,245
705,"Slovenia",4,"Median","88",1975,62,148,210
705,"Slovenia",4,"Median","89",1975,52,123,175
705,"Slovenia",4,"Median","90",1975,43,100,144
705,"Slovenia",4,"Median","91",1975,35,79,114
705,"Slovenia",4,"Median","92",1975,26,60,86
705,"Slovenia",4,"Median","93",1975,18,44,62
705,"Slovenia",4,"Median","94",1975,13,32,45
705,"Slovenia",4,"Median","95",1975,10,22,32
705,"Slovenia",4,"Median","96",1975,6,15,21
705,"Slovenia",4,"Median","97",1975,4,9,14
705,"Slovenia",4,"Median","98",1975,3,6,9
705,"Slovenia",4,"Median","99",1975,2,4,6
705,"Slovenia",4,"Median","100",1975,1,1,2
705,"Slovenia",4,"Median","101",1975,0,1,1
705,"Slovenia",4,"Median","102",1975,0,1,1
705,"Slovenia",4,"Median","103",1975,0,0,0
705,"Slovenia",4,"Median","104",1975,0,0,0
705,"Slovenia",4,"Median","105",1975,0,0,0
705,"Slovenia",4,"Median","106",1975,0,0,0
705,"Slovenia",4,"Median","107",1975,0,0,0
705,"Slovenia",4,"Median","108",1975,0,0,0
705,"Slovenia",4,"Median","109",1975,0,0,0
705,"Slovenia",4,"Median","110",1975,0,0,0
705,"Slovenia",4,"Median","0",1976,340,233,573
705,"Slovenia",4,"Median","1",1976,16,10,26
705,"Slovenia",4,"Median","2",1976,13,8,22
705,"Slovenia",4,"Median","3",1976,12,7,18
705,"Slovenia",4,"Median","4",1976,10,6,16
705,"Slovenia",4,"Median","5",1976,8,5,13
705,"Slovenia",4,"Median","6",1976,7,4,11
705,"Slovenia",4,"Median","7",1976,7,3,10
705,"Slovenia",4,"Median","8",1976,6,3,9
705,"Slovenia",4,"Median","9",1976,6,2,9
705,"Slovenia",4,"Median","10",1976,6,2,8
705,"Slovenia",4,"Median","11",1976,6,2,8
705,"Slovenia",4,"Median","12",1976,7,2,9
705,"Slovenia",4,"Median","13",1976,7,3,10
705,"Slovenia",4,"Median","14",1976,9,3,12
705,"Slovenia",4,"Median","15",1976,10,4,15
705,"Slovenia",4,"Median","16",1976,12,6,18
705,"Slovenia",4,"Median","17",1976,15,7,22
705,"Slovenia",4,"Median","18",1976,19,8,27
705,"Slovenia",4,"Median","19",1976,23,9,33
705,"Slovenia",4,"Median","20",1976,27,9,37
705,"Slovenia",4,"Median","21",1976,30,9,39
705,"Slovenia",4,"Median","22",1976,33,9,41
705,"Slovenia",4,"Median","23",1976,34,8,43
705,"Slovenia",4,"Median","24",1976,35,8,43
705,"Slovenia",4,"Median","25",1976,35,8,43
705,"Slovenia",4,"Median","26",1976,33,8,42
705,"Slovenia",4,"Median","27",1976,31,8,39
705,"Slovenia",4,"Median","28",1976,30,9,39
705,"Slovenia",4,"Median","29",1976,28,9,38
705,"Slovenia",4,"Median","30",1976,25,9,34
705,"Slovenia",4,"Median","31",1976,25,9,34
705,"Slovenia",4,"Median","32",1976,29,12,41
705,"Slovenia",4,"Median","33",1976,33,13,46
705,"Slovenia",4,"Median","34",1976,35,13,49
705,"Slovenia",4,"Median","35",1976,38,13,51
705,"Slovenia",4,"Median","36",1976,40,14,54
705,"Slovenia",4,"Median","37",1976,43,15,58
705,"Slovenia",4,"Median","38",1976,47,16,62
705,"Slovenia",4,"Median","39",1976,52,18,70
705,"Slovenia",4,"Median","40",1976,57,21,78
705,"Slovenia",4,"Median","41",1976,61,24,86
705,"Slovenia",4,"Median","42",1976,67,28,95
705,"Slovenia",4,"Median","43",1976,73,33,106
705,"Slovenia",4,"Median","44",1976,80,37,117
705,"Slovenia",4,"Median","45",1976,89,41,130
705,"Slovenia",4,"Median","46",1976,94,43,137
705,"Slovenia",4,"Median","47",1976,95,44,140
705,"Slovenia",4,"Median","48",1976,97,47,143
705,"Slovenia",4,"Median","49",1976,95,49,144
705,"Slovenia",4,"Median","50",1976,94,52,146
705,"Slovenia",4,"Median","51",1976,95,55,149
705,"Slovenia",4,"Median","52",1976,98,58,157
705,"Slovenia",4,"Median","53",1976,102,62,164
705,"Slovenia",4,"Median","54",1976,104,66,170
705,"Slovenia",4,"Median","55",1976,105,68,173
705,"Slovenia",4,"Median","56",1976,101,66,167
705,"Slovenia",4,"Median","57",1976,85,57,141
705,"Slovenia",4,"Median","58",1976,71,47,118
705,"Slovenia",4,"Median","59",1976,77,50,127
705,"Slovenia",4,"Median","60",1976,100,65,165
705,"Slovenia",4,"Median","61",1976,147,95,241
705,"Slovenia",4,"Median","62",1976,186,120,307
705,"Slovenia",4,"Median","63",1976,204,133,338
705,"Slovenia",4,"Median","64",1976,220,144,364
705,"Slovenia",4,"Median","65",1976,235,156,391
705,"Slovenia",4,"Median","66",1976,255,173,428
705,"Slovenia",4,"Median","67",1976,265,187,452
705,"Slovenia",4,"Median","68",1976,267,198,466
705,"Slovenia",4,"Median","69",1976,274,215,489
705,"Slovenia",4,"Median","70",1976,281,231,512
705,"Slovenia",4,"Median","71",1976,282,245,527
705,"Slovenia",4,"Median","72",1976,287,260,547
705,"Slovenia",4,"Median","73",1976,293,280,574
705,"Slovenia",4,"Median","74",1976,302,311,613
705,"Slovenia",4,"Median","75",1976,307,330,637
705,"Slovenia",4,"Median","76",1976,289,330,619
705,"Slovenia",4,"Median","77",1976,259,314,572
705,"Slovenia",4,"Median","78",1976,232,308,540
705,"Slovenia",4,"Median","79",1976,211,304,515
705,"Slovenia",4,"Median","80",1976,189,291,480
705,"Slovenia",4,"Median","81",1976,170,274,444
705,"Slovenia",4,"Median","82",1976,150,252,402
705,"Slovenia",4,"Median","83",1976,133,237,370
705,"Slovenia",4,"Median","84",1976,118,222,340
705,"Slovenia",4,"Median","85",1976,101,199,300
705,"Slovenia",4,"Median","86",1976,86,185,271
705,"Slovenia",4,"Median","87",1976,74,172,246
705,"Slovenia",4,"Median","88",1976,63,152,214
705,"Slovenia",4,"Median","89",1976,52,129,181
705,"Slovenia",4,"Median","90",1976,42,105,147
705,"Slovenia",4,"Median","91",1976,34,84,118
705,"Slovenia",4,"Median","92",1976,27,65,92
705,"Slovenia",4,"Median","93",1976,20,48,67
705,"Slovenia",4,"Median","94",1976,13,34,47
705,"Slovenia",4,"Median","95",1976,10,24,33
705,"Slovenia",4,"Median","96",1976,7,16,23
705,"Slovenia",4,"Median","97",1976,4,10,15
705,"Slovenia",4,"Median","98",1976,3,6,9
705,"Slovenia",4,"Median","99",1976,2,4,6
705,"Slovenia",4,"Median","100",1976,1,2,3
705,"Slovenia",4,"Median","101",1976,1,1,2
705,"Slovenia",4,"Median","102",1976,0,1,1
705,"Slovenia",4,"Median","103",1976,0,1,1
705,"Slovenia",4,"Median","104",1976,0,0,0
705,"Slovenia",4,"Median","105",1976,0,0,0
705,"Slovenia",4,"Median","106",1976,0,0,0
705,"Slovenia",4,"Median","107",1976,0,0,0
705,"Slovenia",4,"Median","108",1976,0,0,0
705,"Slovenia",4,"Median","109",1976,0,0,0
705,"Slovenia",4,"Median","110",1976,0,0,0
705,"Slovenia",4,"Median","0",1977,335,228,563
705,"Slovenia",4,"Median","1",1977,14,11,24
705,"Slovenia",4,"Median","2",1977,12,9,21
705,"Slovenia",4,"Median","3",1977,11,7,18
705,"Slovenia",4,"Median","4",1977,9,6,15
705,"Slovenia",4,"Median","5",1977,8,5,13
705,"Slovenia",4,"Median","6",1977,7,4,11
705,"Slovenia",4,"Median","7",1977,6,3,10
705,"Slovenia",4,"Median","8",1977,6,3,9
705,"Slovenia",4,"Median","9",1977,6,3,9
705,"Slovenia",4,"Median","10",1977,6,3,9
705,"Slovenia",4,"Median","11",1977,6,3,9
705,"Slovenia",4,"Median","12",1977,7,3,10
705,"Slovenia",4,"Median","13",1977,8,3,11
705,"Slovenia",4,"Median","14",1977,9,4,13
705,"Slovenia",4,"Median","15",1977,11,5,16
705,"Slovenia",4,"Median","16",1977,13,6,19
705,"Slovenia",4,"Median","17",1977,17,7,24
705,"Slovenia",4,"Median","18",1977,21,8,29
705,"Slovenia",4,"Median","19",1977,24,9,33
705,"Slovenia",4,"Median","20",1977,28,9,38
705,"Slovenia",4,"Median","21",1977,31,10,41
705,"Slovenia",4,"Median","22",1977,33,9,43
705,"Slovenia",4,"Median","23",1977,34,9,44
705,"Slovenia",4,"Median","24",1977,34,9,44
705,"Slovenia",4,"Median","25",1977,34,9,43
705,"Slovenia",4,"Median","26",1977,33,9,42
705,"Slovenia",4,"Median","27",1977,32,9,41
705,"Slovenia",4,"Median","28",1977,30,9,40
705,"Slovenia",4,"Median","29",1977,30,10,39
705,"Slovenia",4,"Median","30",1977,29,10,39
705,"Slovenia",4,"Median","31",1977,26,9,35
705,"Slovenia",4,"Median","32",1977,27,9,36
705,"Slovenia",4,"Median","33",1977,32,12,44
705,"Slovenia",4,"Median","34",1977,37,13,50
705,"Slovenia",4,"Median","35",1977,39,14,53
705,"Slovenia",4,"Median","36",1977,41,14,55
705,"Slovenia",4,"Median","37",1977,44,15,58
705,"Slovenia",4,"Median","38",1977,46,16,62
705,"Slovenia",4,"Median","39",1977,49,17,66
705,"Slovenia",4,"Median","40",1977,54,19,74
705,"Slovenia",4,"Median","41",1977,60,22,81
705,"Slovenia",4,"Median","42",1977,64,25,89
705,"Slovenia",4,"Median","43",1977,70,29,98
705,"Slovenia",4,"Median","44",1977,77,34,110
705,"Slovenia",4,"Median","45",1977,85,39,124
705,"Slovenia",4,"Median","46",1977,95,44,140
705,"Slovenia",4,"Median","47",1977,101,48,149
705,"Slovenia",4,"Median","48",1977,104,50,154
705,"Slovenia",4,"Median","49",1977,106,53,159
705,"Slovenia",4,"Median","50",1977,105,56,160
705,"Slovenia",4,"Median","51",1977,103,58,161
705,"Slovenia",4,"Median","52",1977,104,60,164
705,"Slovenia",4,"Median","53",1977,107,62,169
705,"Slovenia",4,"Median","54",1977,109,66,175
705,"Slovenia",4,"Median","55",1977,110,68,179
705,"Slovenia",4,"Median","56",1977,110,70,180
705,"Slovenia",4,"Median","57",1977,105,68,173
705,"Slovenia",4,"Median","58",1977,88,59,147
705,"Slovenia",4,"Median","59",1977,74,49,123
705,"Slovenia",4,"Median","60",1977,81,53,134
705,"Slovenia",4,"Median","61",1977,105,70,174
705,"Slovenia",4,"Median","62",1977,153,102,256
705,"Slovenia",4,"Median","63",1977,194,131,325
705,"Slovenia",4,"Median","64",1977,211,144,355
705,"Slovenia",4,"Median","65",1977,226,153,379
705,"Slovenia",4,"Median","66",1977,241,164,406
705,"Slovenia",4,"Median","67",1977,262,182,444
705,"Slovenia",4,"Median","68",1977,275,196,471
705,"Slovenia",4,"Median","69",1977,281,209,490
705,"Slovenia",4,"Median","70",1977,291,229,520
705,"Slovenia",4,"Median","71",1977,298,248,546
705,"Slovenia",4,"Median","72",1977,297,264,561
705,"Slovenia",4,"Median","73",1977,296,280,576
705,"Slovenia",4,"Median","74",1977,295,298,593
705,"Slovenia",4,"Median","75",1977,303,317,621
705,"Slovenia",4,"Median","76",1977,305,340,645
705,"Slovenia",4,"Median","77",1977,284,338,622
705,"Slovenia",4,"Median","78",1977,252,319,571
705,"Slovenia",4,"Median","79",1977,224,311,535
705,"Slovenia",4,"Median","80",1977,201,304,505
705,"Slovenia",4,"Median","81",1977,178,288,466
705,"Slovenia",4,"Median","82",1977,158,268,426
705,"Slovenia",4,"Median","83",1977,138,244,382
705,"Slovenia",4,"Median","84",1977,121,226,347
705,"Slovenia",4,"Median","85",1977,105,209,315
705,"Slovenia",4,"Median","86",1977,89,185,274
705,"Slovenia",4,"Median","87",1977,74,169,243
705,"Slovenia",4,"Median","88",1977,63,154,217
705,"Slovenia",4,"Median","89",1977,52,133,185
705,"Slovenia",4,"Median","90",1977,42,111,153
705,"Slovenia",4,"Median","91",1977,33,89,122
705,"Slovenia",4,"Median","92",1977,26,69,96
705,"Slovenia",4,"Median","93",1977,20,52,72
705,"Slovenia",4,"Median","94",1977,14,37,52
705,"Slovenia",4,"Median","95",1977,10,26,35
705,"Slovenia",4,"Median","96",1977,7,18,24
705,"Slovenia",4,"Median","97",1977,5,12,16
705,"Slovenia",4,"Median","98",1977,3,7,10
705,"Slovenia",4,"Median","99",1977,2,4,6
705,"Slovenia",4,"Median","100",1977,1,2,3
705,"Slovenia",4,"Median","101",1977,1,1,2
705,"Slovenia",4,"Median","102",1977,0,1,1
705,"Slovenia",4,"Median","103",1977,0,1,1
705,"Slovenia",4,"Median","104",1977,0,0,0
705,"Slovenia",4,"Median","105",1977,0,0,0
705,"Slovenia",4,"Median","106",1977,0,0,0
705,"Slovenia",4,"Median","107",1977,0,0,0
705,"Slovenia",4,"Median","108",1977,0,0,0
705,"Slovenia",4,"Median","109",1977,0,0,0
705,"Slovenia",4,"Median","110",1977,0,0,0
705,"Slovenia",4,"Median","0",1978,308,222,530
705,"Slovenia",4,"Median","1",1978,14,10,23
705,"Slovenia",4,"Median","2",1978,12,8,20
705,"Slovenia",4,"Median","3",1978,11,7,18
705,"Slovenia",4,"Median","4",1978,9,6,15
705,"Slovenia",4,"Median","5",1978,8,5,13
705,"Slovenia",4,"Median","6",1978,7,4,12
705,"Slovenia",4,"Median","7",1978,7,4,10
705,"Slovenia",4,"Median","8",1978,6,3,9
705,"Slovenia",4,"Median","9",1978,6,3,9
705,"Slovenia",4,"Median","10",1978,6,3,9
705,"Slovenia",4,"Median","11",1978,6,3,9
705,"Slovenia",4,"Median","12",1978,7,3,10
705,"Slovenia",4,"Median","13",1978,7,3,11
705,"Slovenia",4,"Median","14",1978,9,4,12
705,"Slovenia",4,"Median","15",1978,11,5,15
705,"Slovenia",4,"Median","16",1978,13,6,19
705,"Slovenia",4,"Median","17",1978,16,7,23
705,"Slovenia",4,"Median","18",1978,20,8,27
705,"Slovenia",4,"Median","19",1978,24,8,32
705,"Slovenia",4,"Median","20",1978,27,8,35
705,"Slovenia",4,"Median","21",1978,31,8,39
705,"Slovenia",4,"Median","22",1978,33,8,41
705,"Slovenia",4,"Median","23",1978,34,8,42
705,"Slovenia",4,"Median","24",1978,34,8,42
705,"Slovenia",4,"Median","25",1978,33,9,42
705,"Slovenia",4,"Median","26",1978,32,9,41
705,"Slovenia",4,"Median","27",1978,32,10,41
705,"Slovenia",4,"Median","28",1978,31,10,41
705,"Slovenia",4,"Median","29",1978,30,10,39
705,"Slovenia",4,"Median","30",1978,30,10,39
705,"Slovenia",4,"Median","31",1978,30,10,39
705,"Slovenia",4,"Median","32",1978,27,9,36
705,"Slovenia",4,"Median","33",1978,28,9,36
705,"Slovenia",4,"Median","34",1978,34,11,45
705,"Slovenia",4,"Median","35",1978,39,13,52
705,"Slovenia",4,"Median","36",1978,42,14,56
705,"Slovenia",4,"Median","37",1978,44,15,60
705,"Slovenia",4,"Median","38",1978,47,17,64
705,"Slovenia",4,"Median","39",1978,49,19,68
705,"Slovenia",4,"Median","40",1978,52,21,73
705,"Slovenia",4,"Median","41",1978,58,23,81
705,"Slovenia",4,"Median","42",1978,63,26,90
705,"Slovenia",4,"Median","43",1978,69,29,98
705,"Slovenia",4,"Median","44",1978,76,34,109
705,"Slovenia",4,"Median","45",1978,85,38,123
705,"Slovenia",4,"Median","46",1978,95,43,138
705,"Slovenia",4,"Median","47",1978,108,48,156
705,"Slovenia",4,"Median","48",1978,114,52,166
705,"Slovenia",4,"Median","49",1978,116,54,170
705,"Slovenia",4,"Median","50",1978,116,58,174
705,"Slovenia",4,"Median","51",1978,112,61,174
705,"Slovenia",4,"Median","52",1978,109,65,174
705,"Slovenia",4,"Median","53",1978,109,67,176
705,"Slovenia",4,"Median","54",1978,111,70,181
705,"Slovenia",4,"Median","55",1978,113,73,186
705,"Slovenia",4,"Median","56",1978,115,75,190
705,"Slovenia",4,"Median","57",1978,116,75,191
705,"Slovenia",4,"Median","58",1978,112,73,184
705,"Slovenia",4,"Median","59",1978,94,63,156
705,"Slovenia",4,"Median","60",1978,78,53,131
705,"Slovenia",4,"Median","61",1978,85,57,142
705,"Slovenia",4,"Median","62",1978,110,74,185
705,"Slovenia",4,"Median","63",1978,160,109,269
705,"Slovenia",4,"Median","64",1978,202,138,340
705,"Slovenia",4,"Median","65",1978,219,152,371
705,"Slovenia",4,"Median","66",1978,235,163,398
705,"Slovenia",4,"Median","67",1978,252,175,428
705,"Slovenia",4,"Median","68",1978,276,196,472
705,"Slovenia",4,"Median","69",1978,291,212,502
705,"Slovenia",4,"Median","70",1978,295,226,521
705,"Slovenia",4,"Median","71",1978,302,246,549
705,"Slovenia",4,"Median","72",1978,306,264,569
705,"Slovenia",4,"Median","73",1978,299,277,576
705,"Slovenia",4,"Median","74",1978,293,288,581
705,"Slovenia",4,"Median","75",1978,290,295,586
705,"Slovenia",4,"Median","76",1978,297,320,617
705,"Slovenia",4,"Median","77",1978,295,341,636
705,"Slovenia",4,"Median","78",1978,272,335,607
705,"Slovenia",4,"Median","79",1978,238,313,551
705,"Slovenia",4,"Median","80",1978,209,301,510
705,"Slovenia",4,"Median","81",1978,185,291,476
705,"Slovenia",4,"Median","82",1978,162,272,434
705,"Slovenia",4,"Median","83",1978,141,250,391
705,"Slovenia",4,"Median","84",1978,121,224,346
705,"Slovenia",4,"Median","85",1978,104,205,309
705,"Slovenia",4,"Median","86",1978,90,186,276
705,"Slovenia",4,"Median","87",1978,74,161,236
705,"Slovenia",4,"Median","88",1978,61,145,206
705,"Slovenia",4,"Median","89",1978,50,129,180
705,"Slovenia",4,"Median","90",1978,41,110,151
705,"Slovenia",4,"Median","91",1978,32,90,122
705,"Slovenia",4,"Median","92",1978,25,70,95
705,"Slovenia",4,"Median","93",1978,19,53,73
705,"Slovenia",4,"Median","94",1978,15,39,54
705,"Slovenia",4,"Median","95",1978,10,27,37
705,"Slovenia",4,"Median","96",1978,7,18,25
705,"Slovenia",4,"Median","97",1978,4,12,17
705,"Slovenia",4,"Median","98",1978,3,8,11
705,"Slovenia",4,"Median","99",1978,2,5,7
705,"Slovenia",4,"Median","100",1978,1,2,3
705,"Slovenia",4,"Median","101",1978,1,1,2
705,"Slovenia",4,"Median","102",1978,0,1,1
705,"Slovenia",4,"Median","103",1978,0,1,1
705,"Slovenia",4,"Median","104",1978,0,0,0
705,"Slovenia",4,"Median","105",1978,0,0,0
705,"Slovenia",4,"Median","106",1978,0,0,0
705,"Slovenia",4,"Median","107",1978,0,0,0
705,"Slovenia",4,"Median","108",1978,0,0,0
705,"Slovenia",4,"Median","109",1978,0,0,0
705,"Slovenia",4,"Median","110",1978,0,0,0
705,"Slovenia",4,"Median","0",1979,293,217,511
705,"Slovenia",4,"Median","1",1979,16,10,26
705,"Slovenia",4,"Median","2",1979,12,9,21
705,"Slovenia",4,"Median","3",1979,10,7,17
705,"Slovenia",4,"Median","4",1979,8,6,14
705,"Slovenia",4,"Median","5",1979,7,5,12
705,"Slovenia",4,"Median","6",1979,6,4,10
705,"Slovenia",4,"Median","7",1979,5,4,9
705,"Slovenia",4,"Median","8",1979,5,3,8
705,"Slovenia",4,"Median","9",1979,4,3,7
705,"Slovenia",4,"Median","10",1979,4,3,7
705,"Slovenia",4,"Median","11",1979,5,3,8
705,"Slovenia",4,"Median","12",1979,6,3,9
705,"Slovenia",4,"Median","13",1979,7,3,10
705,"Slovenia",4,"Median","14",1979,8,4,12
705,"Slovenia",4,"Median","15",1979,10,4,15
705,"Slovenia",4,"Median","16",1979,13,5,19
705,"Slovenia",4,"Median","17",1979,17,6,23
705,"Slovenia",4,"Median","18",1979,20,7,27
705,"Slovenia",4,"Median","19",1979,24,7,31
705,"Slovenia",4,"Median","20",1979,27,8,34
705,"Slovenia",4,"Median","21",1979,29,8,37
705,"Slovenia",4,"Median","22",1979,31,8,40
705,"Slovenia",4,"Median","23",1979,32,9,41
705,"Slovenia",4,"Median","24",1979,32,9,41
705,"Slovenia",4,"Median","25",1979,32,9,41
705,"Slovenia",4,"Median","26",1979,32,9,41
705,"Slovenia",4,"Median","27",1979,31,9,41
705,"Slovenia",4,"Median","28",1979,32,10,41
705,"Slovenia",4,"Median","29",1979,31,10,41
705,"Slovenia",4,"Median","30",1979,31,10,40
705,"Slovenia",4,"Median","31",1979,31,10,41
705,"Slovenia",4,"Median","32",1979,31,10,41
705,"Slovenia",4,"Median","33",1979,28,10,38
705,"Slovenia",4,"Median","34",1979,29,10,39
705,"Slovenia",4,"Median","35",1979,36,13,48
705,"Slovenia",4,"Median","36",1979,41,15,56
705,"Slovenia",4,"Median","37",1979,44,16,60
705,"Slovenia",4,"Median","38",1979,47,17,64
705,"Slovenia",4,"Median","39",1979,51,18,69
705,"Slovenia",4,"Median","40",1979,54,20,73
705,"Slovenia",4,"Median","41",1979,58,21,79
705,"Slovenia",4,"Median","42",1979,65,24,89
705,"Slovenia",4,"Median","43",1979,72,27,99
705,"Slovenia",4,"Median","44",1979,78,31,109
705,"Slovenia",4,"Median","45",1979,85,37,122
705,"Slovenia",4,"Median","46",1979,94,43,137
705,"Slovenia",4,"Median","47",1979,105,49,153
705,"Slovenia",4,"Median","48",1979,117,55,171
705,"Slovenia",4,"Median","49",1979,123,58,180
705,"Slovenia",4,"Median","50",1979,124,59,183
705,"Slovenia",4,"Median","51",1979,125,62,187
705,"Slovenia",4,"Median","52",1979,122,65,187
705,"Slovenia",4,"Median","53",1979,120,68,188
705,"Slovenia",4,"Median","54",1979,120,71,192
705,"Slovenia",4,"Median","55",1979,124,75,199
705,"Slovenia",4,"Median","56",1979,127,80,207
705,"Slovenia",4,"Median","57",1979,128,83,211
705,"Slovenia",4,"Median","58",1979,127,84,211
705,"Slovenia",4,"Median","59",1979,121,80,201
705,"Slovenia",4,"Median","60",1979,99,68,167
705,"Slovenia",4,"Median","61",1979,81,56,137
705,"Slovenia",4,"Median","62",1979,88,59,146
705,"Slovenia",4,"Median","63",1979,113,76,189
705,"Slovenia",4,"Median","64",1979,165,111,276
705,"Slovenia",4,"Median","65",1979,211,143,354
705,"Slovenia",4,"Median","66",1979,234,160,394
705,"Slovenia",4,"Median","67",1979,256,175,431
705,"Slovenia",4,"Median","68",1979,278,193,471
705,"Slovenia",4,"Median","69",1979,304,218,522
705,"Slovenia",4,"Median","70",1979,316,236,553
705,"Slovenia",4,"Median","71",1979,314,251,565
705,"Slovenia",4,"Median","72",1979,313,270,583
705,"Slovenia",4,"Median","73",1979,308,285,592
705,"Slovenia",4,"Median","74",1979,294,295,589
705,"Slovenia",4,"Median","75",1979,286,298,584
705,"Slovenia",4,"Median","76",1979,288,313,601
705,"Slovenia",4,"Median","77",1979,292,339,631
705,"Slovenia",4,"Median","78",1979,287,359,646
705,"Slovenia",4,"Median","79",1979,262,351,613
705,"Slovenia",4,"Median","80",1979,227,326,553
705,"Slovenia",4,"Median","81",1979,197,312,509
705,"Slovenia",4,"Median","82",1979,172,299,471
705,"Slovenia",4,"Median","83",1979,148,278,426
705,"Slovenia",4,"Median","84",1979,128,253,380
705,"Slovenia",4,"Median","85",1979,108,224,332
705,"Slovenia",4,"Median","86",1979,91,202,293
705,"Slovenia",4,"Median","87",1979,77,181,258
705,"Slovenia",4,"Median","88",1979,63,155,217
705,"Slovenia",4,"Median","89",1979,50,137,187
705,"Slovenia",4,"Median","90",1979,41,120,161
705,"Slovenia",4,"Median","91",1979,32,100,133
705,"Slovenia",4,"Median","92",1979,25,80,105
705,"Slovenia",4,"Median","93",1979,19,61,80
705,"Slovenia",4,"Median","94",1979,14,45,60
705,"Slovenia",4,"Median","95",1979,11,32,43
705,"Slovenia",4,"Median","96",1979,7,22,29
705,"Slovenia",4,"Median","97",1979,4,14,19
705,"Slovenia",4,"Median","98",1979,3,9,12
705,"Slovenia",4,"Median","99",1979,2,6,8
705,"Slovenia",4,"Median","100",1979,1,2,3
705,"Slovenia",4,"Median","101",1979,1,2,3
705,"Slovenia",4,"Median","102",1979,0,1,1
705,"Slovenia",4,"Median","103",1979,0,1,1
705,"Slovenia",4,"Median","104",1979,0,1,1
705,"Slovenia",4,"Median","105",1979,0,0,0
705,"Slovenia",4,"Median","106",1979,0,0,0
705,"Slovenia",4,"Median","107",1979,0,0,0
705,"Slovenia",4,"Median","108",1979,0,0,0
705,"Slovenia",4,"Median","109",1979,0,0,0
705,"Slovenia",4,"Median","110",1979,0,0,0
705,"Slovenia",4,"Median","0",1980,253,201,454
705,"Slovenia",4,"Median","1",1980,17,10,27
705,"Slovenia",4,"Median","2",1980,13,8,21
705,"Slovenia",4,"Median","3",1980,10,7,16
705,"Slovenia",4,"Median","4",1980,8,5,13
705,"Slovenia",4,"Median","5",1980,6,4,11
705,"Slovenia",4,"Median","6",1980,5,4,9
705,"Slovenia",4,"Median","7",1980,5,3,8
705,"Slovenia",4,"Median","8",1980,4,3,7
705,"Slovenia",4,"Median","9",1980,4,2,6
705,"Slovenia",4,"Median","10",1980,4,2,6
705,"Slovenia",4,"Median","11",1980,5,2,7
705,"Slovenia",4,"Median","12",1980,6,2,8
705,"Slovenia",4,"Median","13",1980,7,3,10
705,"Slovenia",4,"Median","14",1980,9,4,12
705,"Slovenia",4,"Median","15",1980,10,5,15
705,"Slovenia",4,"Median","16",1980,13,6,18
705,"Slovenia",4,"Median","17",1980,16,7,22
705,"Slovenia",4,"Median","18",1980,19,8,26
705,"Slovenia",4,"Median","19",1980,22,8,30
705,"Slovenia",4,"Median","20",1980,25,8,33
705,"Slovenia",4,"Median","21",1980,28,8,36
705,"Slovenia",4,"Median","22",1980,31,8,39
705,"Slovenia",4,"Median","23",1980,33,8,41
705,"Slovenia",4,"Median","24",1980,33,8,42
705,"Slovenia",4,"Median","25",1980,33,8,41
705,"Slovenia",4,"Median","26",1980,32,9,41
705,"Slovenia",4,"Median","27",1980,32,9,41
705,"Slovenia",4,"Median","28",1980,31,10,42
705,"Slovenia",4,"Median","29",1980,32,11,43
705,"Slovenia",4,"Median","30",1980,32,11,43
705,"Slovenia",4,"Median","31",1980,32,11,43
705,"Slovenia",4,"Median","32",1980,33,12,45
705,"Slovenia",4,"Median","33",1980,33,12,45
705,"Slovenia",4,"Median","34",1980,31,11,42
705,"Slovenia",4,"Median","35",1980,31,12,43
705,"Slovenia",4,"Median","36",1980,39,15,53
705,"Slovenia",4,"Median","37",1980,44,17,61
705,"Slovenia",4,"Median","38",1980,47,18,66
705,"Slovenia",4,"Median","39",1980,51,19,70
705,"Slovenia",4,"Median","40",1980,54,21,75
705,"Slovenia",4,"Median","41",1980,58,23,80
705,"Slovenia",4,"Median","42",1980,63,25,87
705,"Slovenia",4,"Median","43",1980,71,28,99
705,"Slovenia",4,"Median","44",1980,79,32,111
705,"Slovenia",4,"Median","45",1980,86,36,122
705,"Slovenia",4,"Median","46",1980,94,42,136
705,"Slovenia",4,"Median","47",1980,103,48,151
705,"Slovenia",4,"Median","48",1980,114,53,166
705,"Slovenia",4,"Median","49",1980,126,57,183
705,"Slovenia",4,"Median","50",1980,131,59,190
705,"Slovenia",4,"Median","51",1980,132,60,192
705,"Slovenia",4,"Median","52",1980,132,64,196
705,"Slovenia",4,"Median","53",1980,129,68,197
705,"Slovenia",4,"Median","54",1980,127,73,200
705,"Slovenia",4,"Median","55",1980,129,78,207
705,"Slovenia",4,"Median","56",1980,133,84,217
705,"Slovenia",4,"Median","57",1980,136,90,226
705,"Slovenia",4,"Median","58",1980,137,93,230
705,"Slovenia",4,"Median","59",1980,135,92,227
705,"Slovenia",4,"Median","60",1980,127,86,213
705,"Slovenia",4,"Median","61",1980,104,71,176
705,"Slovenia",4,"Median","62",1980,86,58,144
705,"Slovenia",4,"Median","63",1980,93,61,154
705,"Slovenia",4,"Median","64",1980,121,80,201
705,"Slovenia",4,"Median","65",1980,178,120,298
705,"Slovenia",4,"Median","66",1980,228,158,386
705,"Slovenia",4,"Median","67",1980,252,179,431
705,"Slovenia",4,"Median","68",1980,271,197,468
705,"Slovenia",4,"Median","69",1980,288,215,502
705,"Slovenia",4,"Median","70",1980,307,238,545
705,"Slovenia",4,"Median","71",1980,312,252,564
705,"Slovenia",4,"Median","72",1980,305,262,567
705,"Slovenia",4,"Median","73",1980,302,278,580
705,"Slovenia",4,"Median","74",1980,299,291,590
705,"Slovenia",4,"Median","75",1980,282,302,584
705,"Slovenia",4,"Median","76",1980,278,312,590
705,"Slovenia",4,"Median","77",1980,276,327,603
705,"Slovenia",4,"Median","78",1980,277,351,628
705,"Slovenia",4,"Median","79",1980,269,369,639
705,"Slovenia",4,"Median","80",1980,243,359,602
705,"Slovenia",4,"Median","81",1980,207,331,538
705,"Slovenia",4,"Median","82",1980,177,313,490
705,"Slovenia",4,"Median","83",1980,153,297,450
705,"Slovenia",4,"Median","84",1980,129,273,402
705,"Slovenia",4,"Median","85",1980,110,245,355
705,"Slovenia",4,"Median","86",1980,91,214,305
705,"Slovenia",4,"Median","87",1980,76,191,266
705,"Slovenia",4,"Median","88",1980,63,168,231
705,"Slovenia",4,"Median","89",1980,50,141,191
705,"Slovenia",4,"Median","90",1980,39,122,162
705,"Slovenia",4,"Median","91",1980,31,105,137
705,"Slovenia",4,"Median","92",1980,24,86,110
705,"Slovenia",4,"Median","93",1980,18,67,85
705,"Slovenia",4,"Median","94",1980,13,50,63
705,"Slovenia",4,"Median","95",1980,10,36,46
705,"Slovenia",4,"Median","96",1980,7,25,32
705,"Slovenia",4,"Median","97",1980,5,17,21
705,"Slovenia",4,"Median","98",1980,3,11,13
705,"Slovenia",4,"Median","99",1980,2,7,9
705,"Slovenia",4,"Median","100",1980,1,3,4
705,"Slovenia",4,"Median","101",1980,1,2,3
705,"Slovenia",4,"Median","102",1980,0,1,1
705,"Slovenia",4,"Median","103",1980,0,1,1
705,"Slovenia",4,"Median","104",1980,0,1,1
705,"Slovenia",4,"Median","105",1980,0,1,1
705,"Slovenia",4,"Median","106",1980,0,0,0
705,"Slovenia",4,"Median","107",1980,0,0,0
705,"Slovenia",4,"Median","108",1980,0,0,0
705,"Slovenia",4,"Median","109",1980,0,0,0
705,"Slovenia",4,"Median","110",1980,0,0,0
705,"Slovenia",4,"Median","0",1981,230,182,412
705,"Slovenia",4,"Median","1",1981,15,10,25
705,"Slovenia",4,"Median","2",1981,12,8,20
705,"Slovenia",4,"Median","3",1981,10,7,16
705,"Slovenia",4,"Median","4",1981,8,6,14
705,"Slovenia",4,"Median","5",1981,7,5,12
705,"Slovenia",4,"Median","6",1981,6,4,10
705,"Slovenia",4,"Median","7",1981,6,3,9
705,"Slovenia",4,"Median","8",1981,5,3,8
705,"Slovenia",4,"Median","9",1981,5,2,7
705,"Slovenia",4,"Median","10",1981,5,2,7
705,"Slovenia",4,"Median","11",1981,5,2,7
705,"Slovenia",4,"Median","12",1981,6,2,8
705,"Slovenia",4,"Median","13",1981,7,3,10
705,"Slovenia",4,"Median","14",1981,9,3,13
705,"Slovenia",4,"Median","15",1981,12,5,16
705,"Slovenia",4,"Median","16",1981,14,6,20
705,"Slovenia",4,"Median","17",1981,17,7,24
705,"Slovenia",4,"Median","18",1981,20,8,29
705,"Slovenia",4,"Median","19",1981,23,9,33
705,"Slovenia",4,"Median","20",1981,26,9,35
705,"Slovenia",4,"Median","21",1981,28,9,37
705,"Slovenia",4,"Median","22",1981,29,9,38
705,"Slovenia",4,"Median","23",1981,30,9,39
705,"Slovenia",4,"Median","24",1981,31,9,41
705,"Slovenia",4,"Median","25",1981,32,9,41
705,"Slovenia",4,"Median","26",1981,32,10,42
705,"Slovenia",4,"Median","27",1981,32,10,42
705,"Slovenia",4,"Median","28",1981,32,11,43
705,"Slovenia",4,"Median","29",1981,33,11,44
705,"Slovenia",4,"Median","30",1981,34,12,45
705,"Slovenia",4,"Median","31",1981,35,12,47
705,"Slovenia",4,"Median","32",1981,34,12,47
705,"Slovenia",4,"Median","33",1981,36,13,49
705,"Slovenia",4,"Median","34",1981,36,14,50
705,"Slovenia",4,"Median","35",1981,34,13,46
705,"Slovenia",4,"Median","36",1981,35,13,48
705,"Slovenia",4,"Median","37",1981,43,17,60
705,"Slovenia",4,"Median","38",1981,49,19,68
705,"Slovenia",4,"Median","39",1981,53,20,73
705,"Slovenia",4,"Median","40",1981,56,20,77
705,"Slovenia",4,"Median","41",1981,60,22,82
705,"Slovenia",4,"Median","42",1981,64,24,87
705,"Slovenia",4,"Median","43",1981,69,26,95
705,"Slovenia",4,"Median","44",1981,77,31,108
705,"Slovenia",4,"Median","45",1981,86,36,122
705,"Slovenia",4,"Median","46",1981,94,41,135
705,"Slovenia",4,"Median","47",1981,103,48,151
705,"Slovenia",4,"Median","48",1981,115,53,168
705,"Slovenia",4,"Median","49",1981,128,57,184
705,"Slovenia",4,"Median","50",1981,143,60,203
705,"Slovenia",4,"Median","51",1981,151,61,212
705,"Slovenia",4,"Median","52",1981,152,62,214
705,"Slovenia",4,"Median","53",1981,152,65,217
705,"Slovenia",4,"Median","54",1981,146,71,216
705,"Slovenia",4,"Median","55",1981,141,77,219
705,"Slovenia",4,"Median","56",1981,140,84,224
705,"Slovenia",4,"Median","57",1981,143,91,233
705,"Slovenia",4,"Median","58",1981,145,97,241
705,"Slovenia",4,"Median","59",1981,145,99,244
705,"Slovenia",4,"Median","60",1981,144,98,242
705,"Slovenia",4,"Median","61",1981,138,91,229
705,"Slovenia",4,"Median","62",1981,115,76,191
705,"Slovenia",4,"Median","63",1981,95,62,157
705,"Slovenia",4,"Median","64",1981,104,66,170
705,"Slovenia",4,"Median","65",1981,134,88,222
705,"Slovenia",4,"Median","66",1981,196,132,328
705,"Slovenia",4,"Median","67",1981,248,173,421
705,"Slovenia",4,"Median","68",1981,270,196,466
705,"Slovenia",4,"Median","69",1981,286,214,500
705,"Slovenia",4,"Median","70",1981,300,233,533
705,"Slovenia",4,"Median","71",1981,317,258,574
705,"Slovenia",4,"Median","72",1981,319,275,594
705,"Slovenia",4,"Median","73",1981,310,288,598
705,"Slovenia",4,"Median","74",1981,305,308,614
705,"Slovenia",4,"Median","75",1981,297,315,612
705,"Slovenia",4,"Median","76",1981,287,323,611
705,"Slovenia",4,"Median","77",1981,281,333,614
705,"Slovenia",4,"Median","78",1981,277,346,624
705,"Slovenia",4,"Median","79",1981,276,370,645
705,"Slovenia",4,"Median","80",1981,265,386,652
705,"Slovenia",4,"Median","81",1981,236,372,609
705,"Slovenia",4,"Median","82",1981,200,340,540
705,"Slovenia",4,"Median","83",1981,169,319,487
705,"Slovenia",4,"Median","84",1981,143,299,442
705,"Slovenia",4,"Median","85",1981,120,271,391
705,"Slovenia",4,"Median","86",1981,100,240,340
705,"Slovenia",4,"Median","87",1981,82,207,289
705,"Slovenia",4,"Median","88",1981,67,181,248
705,"Slovenia",4,"Median","89",1981,54,157,211
705,"Slovenia",4,"Median","90",1981,42,129,172
705,"Slovenia",4,"Median","91",1981,33,110,142
705,"Slovenia",4,"Median","92",1981,26,92,118
705,"Slovenia",4,"Median","93",1981,19,73,93
705,"Slovenia",4,"Median","94",1981,14,56,70
705,"Slovenia",4,"Median","95",1981,10,40,51
705,"Slovenia",4,"Median","96",1981,7,28,36
705,"Slovenia",4,"Median","97",1981,5,19,24
705,"Slovenia",4,"Median","98",1981,3,12,16
705,"Slovenia",4,"Median","99",1981,2,8,10
705,"Slovenia",4,"Median","100",1981,1,3,4
705,"Slovenia",4,"Median","101",1981,1,2,3
705,"Slovenia",4,"Median","102",1981,0,1,1
705,"Slovenia",4,"Median","103",1981,0,1,1
705,"Slovenia",4,"Median","104",1981,0,1,1
705,"Slovenia",4,"Median","105",1981,0,1,1
705,"Slovenia",4,"Median","106",1981,0,0,0
705,"Slovenia",4,"Median","107",1981,0,0,0
705,"Slovenia",4,"Median","108",1981,0,0,0
705,"Slovenia",4,"Median","109",1981,0,0,0
705,"Slovenia",4,"Median","110",1981,0,0,0
705,"Slovenia",4,"Median","0",1982,216,172,388
705,"Slovenia",4,"Median","1",1982,14,13,27
705,"Slovenia",4,"Median","2",1982,9,10,19
705,"Slovenia",4,"Median","3",1982,10,7,17
705,"Slovenia",4,"Median","4",1982,9,6,15
705,"Slovenia",4,"Median","5",1982,6,4,10
705,"Slovenia",4,"Median","6",1982,8,3,11
705,"Slovenia",4,"Median","7",1982,7,4,11
705,"Slovenia",4,"Median","8",1982,7,3,10
705,"Slovenia",4,"Median","9",1982,5,2,7
705,"Slovenia",4,"Median","10",1982,4,2,6
705,"Slovenia",4,"Median","11",1982,5,2,6
705,"Slovenia",4,"Median","12",1982,5,2,6
705,"Slovenia",4,"Median","13",1982,7,2,8
705,"Slovenia",4,"Median","14",1982,8,4,11
705,"Slovenia",4,"Median","15",1982,10,4,14
705,"Slovenia",4,"Median","16",1982,13,6,19
705,"Slovenia",4,"Median","17",1982,18,8,25
705,"Slovenia",4,"Median","18",1982,21,7,28
705,"Slovenia",4,"Median","19",1982,21,9,31
705,"Slovenia",4,"Median","20",1982,25,9,34
705,"Slovenia",4,"Median","21",1982,28,7,35
705,"Slovenia",4,"Median","22",1982,27,8,36
705,"Slovenia",4,"Median","23",1982,26,9,35
705,"Slovenia",4,"Median","24",1982,25,8,33
705,"Slovenia",4,"Median","25",1982,32,9,41
705,"Slovenia",4,"Median","26",1982,29,10,40
705,"Slovenia",4,"Median","27",1982,32,10,42
705,"Slovenia",4,"Median","28",1982,30,11,41
705,"Slovenia",4,"Median","29",1982,35,13,47
705,"Slovenia",4,"Median","30",1982,34,11,45
705,"Slovenia",4,"Median","31",1982,36,13,49
705,"Slovenia",4,"Median","32",1982,38,14,52
705,"Slovenia",4,"Median","33",1982,36,12,48
705,"Slovenia",4,"Median","34",1982,39,15,55
705,"Slovenia",4,"Median","35",1982,42,14,56
705,"Slovenia",4,"Median","36",1982,36,14,50
705,"Slovenia",4,"Median","37",1982,38,13,51
705,"Slovenia",4,"Median","38",1982,43,16,59
705,"Slovenia",4,"Median","39",1982,58,20,78
705,"Slovenia",4,"Median","40",1982,55,22,76
705,"Slovenia",4,"Median","41",1982,58,21,79
705,"Slovenia",4,"Median","42",1982,63,27,90
705,"Slovenia",4,"Median","43",1982,68,25,93
705,"Slovenia",4,"Median","44",1982,79,31,110
705,"Slovenia",4,"Median","45",1982,84,35,118
705,"Slovenia",4,"Median","46",1982,94,40,134
705,"Slovenia",4,"Median","47",1982,102,45,147
705,"Slovenia",4,"Median","48",1982,116,47,163
705,"Slovenia",4,"Median","49",1982,134,54,188
705,"Slovenia",4,"Median","50",1982,135,55,190
705,"Slovenia",4,"Median","51",1982,159,63,222
705,"Slovenia",4,"Median","52",1982,168,73,241
705,"Slovenia",4,"Median","53",1982,172,69,242
705,"Slovenia",4,"Median","54",1982,157,70,227
705,"Slovenia",4,"Median","55",1982,159,80,239
705,"Slovenia",4,"Median","56",1982,151,86,237
705,"Slovenia",4,"Median","57",1982,158,92,250
705,"Slovenia",4,"Median","58",1982,154,99,253
705,"Slovenia",4,"Median","59",1982,165,112,277
705,"Slovenia",4,"Median","60",1982,164,103,267
705,"Slovenia",4,"Median","61",1982,160,109,269
705,"Slovenia",4,"Median","62",1982,153,102,254
705,"Slovenia",4,"Median","63",1982,130,85,216
705,"Slovenia",4,"Median","64",1982,103,69,171
705,"Slovenia",4,"Median","65",1982,118,76,194
705,"Slovenia",4,"Median","66",1982,146,94,240
705,"Slovenia",4,"Median","67",1982,205,150,355
705,"Slovenia",4,"Median","68",1982,270,203,473
705,"Slovenia",4,"Median","69",1982,269,212,480
705,"Slovenia",4,"Median","70",1982,293,236,528
705,"Slovenia",4,"Median","71",1982,315,264,579
705,"Slovenia",4,"Median","72",1982,319,284,604
705,"Slovenia",4,"Median","73",1982,329,304,633
705,"Slovenia",4,"Median","74",1982,323,324,647
705,"Slovenia",4,"Median","75",1982,321,335,656
705,"Slovenia",4,"Median","76",1982,315,348,662
705,"Slovenia",4,"Median","77",1982,303,355,658
705,"Slovenia",4,"Median","78",1982,294,364,658
705,"Slovenia",4,"Median","79",1982,288,376,664
705,"Slovenia",4,"Median","80",1982,284,399,683
705,"Slovenia",4,"Median","81",1982,271,413,684
705,"Slovenia",4,"Median","82",1982,239,394,633
705,"Slovenia",4,"Median","83",1982,199,356,555
705,"Slovenia",4,"Median","84",1982,166,330,496
705,"Slovenia",4,"Median","85",1982,140,305,445
705,"Slovenia",4,"Median","86",1982,115,273,388
705,"Slovenia",4,"Median","87",1982,94,238,332
705,"Slovenia",4,"Median","88",1982,76,201,277
705,"Slovenia",4,"Median","89",1982,61,172,233
705,"Slovenia",4,"Median","90",1982,49,146,195
705,"Slovenia",4,"Median","91",1982,37,118,155
705,"Slovenia",4,"Median","92",1982,28,97,126
705,"Slovenia",4,"Median","93",1982,21,80,101
705,"Slovenia",4,"Median","94",1982,16,62,78
705,"Slovenia",4,"Median","95",1982,11,46,57
705,"Slovenia",4,"Median","96",1982,8,32,40
705,"Slovenia",4,"Median","97",1982,6,22,27
705,"Slovenia",4,"Median","98",1982,4,14,18
705,"Slovenia",4,"Median","99",1982,2,9,11
705,"Slovenia",4,"Median","100",1982,1,3,4
705,"Slovenia",4,"Median","101",1982,1,2,3
705,"Slovenia",4,"Median","102",1982,0,2,2
705,"Slovenia",4,"Median","103",1982,0,1,1
705,"Slovenia",4,"Median","104",1982,0,1,1
705,"Slovenia",4,"Median","105",1982,0,1,1
705,"Slovenia",4,"Median","106",1982,0,1,1
705,"Slovenia",4,"Median","107",1982,0,0,0
705,"Slovenia",4,"Median","108",1982,0,0,0
705,"Slovenia",4,"Median","109",1982,0,0,0
705,"Slovenia",4,"Median","110",1982,0,0,0
705,"Slovenia",4,"Median","0",1983,208,162,370
705,"Slovenia",4,"Median","1",1983,14,13,27
705,"Slovenia",4,"Median","2",1983,6,8,14
705,"Slovenia",4,"Median","3",1983,9,8,16
705,"Slovenia",4,"Median","4",1983,9,4,13
705,"Slovenia",4,"Median","5",1983,5,3,9
705,"Slovenia",4,"Median","6",1983,9,4,12
705,"Slovenia",4,"Median","7",1983,7,4,10
705,"Slovenia",4,"Median","8",1983,8,4,12
705,"Slovenia",4,"Median","9",1983,5,2,7
705,"Slovenia",4,"Median","10",1983,4,2,6
705,"Slovenia",4,"Median","11",1983,5,3,7
705,"Slovenia",4,"Median","12",1983,4,3,7
705,"Slovenia",4,"Median","13",1983,5,2,6
705,"Slovenia",4,"Median","14",1983,7,3,10
705,"Slovenia",4,"Median","15",1983,7,4,12
705,"Slovenia",4,"Median","16",1983,11,6,17
705,"Slovenia",4,"Median","17",1983,19,6,25
705,"Slovenia",4,"Median","18",1983,22,6,28
705,"Slovenia",4,"Median","19",1983,18,7,25
705,"Slovenia",4,"Median","20",1983,23,7,31
705,"Slovenia",4,"Median","21",1983,26,7,33
705,"Slovenia",4,"Median","22",1983,28,8,35
705,"Slovenia",4,"Median","23",1983,23,9,32
705,"Slovenia",4,"Median","24",1983,25,6,31
705,"Slovenia",4,"Median","25",1983,32,8,40
705,"Slovenia",4,"Median","26",1983,28,10,37
705,"Slovenia",4,"Median","27",1983,32,9,41
705,"Slovenia",4,"Median","28",1983,29,10,39
705,"Slovenia",4,"Median","29",1983,34,10,43
705,"Slovenia",4,"Median","30",1983,35,9,43
705,"Slovenia",4,"Median","31",1983,35,12,47
705,"Slovenia",4,"Median","32",1983,41,13,54
705,"Slovenia",4,"Median","33",1983,39,11,50
705,"Slovenia",4,"Median","34",1983,38,13,51
705,"Slovenia",4,"Median","35",1983,45,14,59
705,"Slovenia",4,"Median","36",1983,40,16,56
705,"Slovenia",4,"Median","37",1983,37,15,51
705,"Slovenia",4,"Median","38",1983,38,10,48
705,"Slovenia",4,"Median","39",1983,56,17,73
705,"Slovenia",4,"Median","40",1983,57,21,78
705,"Slovenia",4,"Median","41",1983,57,21,78
705,"Slovenia",4,"Median","42",1983,64,28,92
705,"Slovenia",4,"Median","43",1983,66,25,92
705,"Slovenia",4,"Median","44",1983,86,32,118
705,"Slovenia",4,"Median","45",1983,85,32,117
705,"Slovenia",4,"Median","46",1983,96,40,136
705,"Slovenia",4,"Median","47",1983,99,42,141
705,"Slovenia",4,"Median","48",1983,116,47,164
705,"Slovenia",4,"Median","49",1983,130,52,182
705,"Slovenia",4,"Median","50",1983,138,54,192
705,"Slovenia",4,"Median","51",1983,158,58,216
705,"Slovenia",4,"Median","52",1983,181,77,258
705,"Slovenia",4,"Median","53",1983,187,73,260
705,"Slovenia",4,"Median","54",1983,175,69,244
705,"Slovenia",4,"Median","55",1983,183,81,264
705,"Slovenia",4,"Median","56",1983,173,85,258
705,"Slovenia",4,"Median","57",1983,164,88,252
705,"Slovenia",4,"Median","58",1983,162,99,261
705,"Slovenia",4,"Median","59",1983,173,115,287
705,"Slovenia",4,"Median","60",1983,183,103,286
705,"Slovenia",4,"Median","61",1983,169,117,286
705,"Slovenia",4,"Median","62",1983,173,117,290
705,"Slovenia",4,"Median","63",1983,170,108,278
705,"Slovenia",4,"Median","64",1983,135,97,232
705,"Slovenia",4,"Median","65",1983,116,76,192
705,"Slovenia",4,"Median","66",1983,120,79,200
705,"Slovenia",4,"Median","67",1983,143,108,251
705,"Slovenia",4,"Median","68",1983,233,170,403
705,"Slovenia",4,"Median","69",1983,269,206,476
705,"Slovenia",4,"Median","70",1983,281,246,527
705,"Slovenia",4,"Median","71",1983,311,263,574
705,"Slovenia",4,"Median","72",1983,310,278,588
705,"Slovenia",4,"Median","73",1983,336,314,650
705,"Slovenia",4,"Median","74",1983,351,349,700
705,"Slovenia",4,"Median","75",1983,340,351,691
705,"Slovenia",4,"Median","76",1983,331,368,700
705,"Slovenia",4,"Median","77",1983,323,380,703
705,"Slovenia",4,"Median","78",1983,308,387,695
705,"Slovenia",4,"Median","79",1983,297,393,690
705,"Slovenia",4,"Median","80",1983,288,403,691
705,"Slovenia",4,"Median","81",1983,281,424,704
705,"Slovenia",4,"Median","82",1983,265,435,699
705,"Slovenia",4,"Median","83",1983,230,410,640
705,"Slovenia",4,"Median","84",1983,190,366,556
705,"Slovenia",4,"Median","85",1983,156,334,490
705,"Slovenia",4,"Median","86",1983,129,305,433
705,"Slovenia",4,"Median","87",1983,104,267,372
705,"Slovenia",4,"Median","88",1983,84,229,313
705,"Slovenia",4,"Median","89",1983,66,190,256
705,"Slovenia",4,"Median","90",1983,52,159,211
705,"Slovenia",4,"Median","91",1983,41,132,172
705,"Slovenia",4,"Median","92",1983,30,103,134
705,"Slovenia",4,"Median","93",1983,23,83,106
705,"Slovenia",4,"Median","94",1983,17,66,83
705,"Slovenia",4,"Median","95",1983,12,50,62
705,"Slovenia",4,"Median","96",1983,8,35,44
705,"Slovenia",4,"Median","97",1983,6,24,30
705,"Slovenia",4,"Median","98",1983,4,16,20
705,"Slovenia",4,"Median","99",1983,3,10,13
705,"Slovenia",4,"Median","100",1983,1,4,5
705,"Slovenia",4,"Median","101",1983,1,3,4
705,"Slovenia",4,"Median","102",1983,1,2,3
705,"Slovenia",4,"Median","103",1983,0,1,1
705,"Slovenia",4,"Median","104",1983,0,1,1
705,"Slovenia",4,"Median","105",1983,0,1,1
705,"Slovenia",4,"Median","106",1983,0,1,1
705,"Slovenia",4,"Median","107",1983,0,0,0
705,"Slovenia",4,"Median","108",1983,0,0,0
705,"Slovenia",4,"Median","109",1983,0,0,0
705,"Slovenia",4,"Median","110",1983,0,0,0
705,"Slovenia",4,"Median","0",1984,202,147,349
705,"Slovenia",4,"Median","1",1984,16,11,28
705,"Slovenia",4,"Median","2",1984,5,7,12
705,"Slovenia",4,"Median","3",1984,8,7,14
705,"Slovenia",4,"Median","4",1984,9,4,13
705,"Slovenia",4,"Median","5",1984,3,4,7
705,"Slovenia",4,"Median","6",1984,6,2,9
705,"Slovenia",4,"Median","7",1984,4,5,9
705,"Slovenia",4,"Median","8",1984,8,4,12
705,"Slovenia",4,"Median","9",1984,5,2,7
705,"Slovenia",4,"Median","10",1984,3,2,6
705,"Slovenia",4,"Median","11",1984,5,3,7
705,"Slovenia",4,"Median","12",1984,4,2,6
705,"Slovenia",4,"Median","13",1984,5,1,5
705,"Slovenia",4,"Median","14",1984,7,3,9
705,"Slovenia",4,"Median","15",1984,7,3,10
705,"Slovenia",4,"Median","16",1984,12,8,19
705,"Slovenia",4,"Median","17",1984,18,6,23
705,"Slovenia",4,"Median","18",1984,21,5,26
705,"Slovenia",4,"Median","19",1984,15,6,21
705,"Slovenia",4,"Median","20",1984,21,8,29
705,"Slovenia",4,"Median","21",1984,26,7,33
705,"Slovenia",4,"Median","22",1984,29,6,35
705,"Slovenia",4,"Median","23",1984,24,7,31
705,"Slovenia",4,"Median","24",1984,26,7,32
705,"Slovenia",4,"Median","25",1984,33,7,40
705,"Slovenia",4,"Median","26",1984,25,8,32
705,"Slovenia",4,"Median","27",1984,31,7,37
705,"Slovenia",4,"Median","28",1984,30,7,37
705,"Slovenia",4,"Median","29",1984,34,10,43
705,"Slovenia",4,"Median","30",1984,34,8,42
705,"Slovenia",4,"Median","31",1984,37,12,48
705,"Slovenia",4,"Median","32",1984,42,12,54
705,"Slovenia",4,"Median","33",1984,40,9,49
705,"Slovenia",4,"Median","34",1984,42,15,57
705,"Slovenia",4,"Median","35",1984,45,13,58
705,"Slovenia",4,"Median","36",1984,39,18,57
705,"Slovenia",4,"Median","37",1984,42,17,59
705,"Slovenia",4,"Median","38",1984,36,12,48
705,"Slovenia",4,"Median","39",1984,45,13,58
705,"Slovenia",4,"Median","40",1984,52,19,71
705,"Slovenia",4,"Median","41",1984,56,23,78
705,"Slovenia",4,"Median","42",1984,59,26,85
705,"Slovenia",4,"Median","43",1984,65,22,87
705,"Slovenia",4,"Median","44",1984,83,30,113
705,"Slovenia",4,"Median","45",1984,79,31,111
705,"Slovenia",4,"Median","46",1984,91,37,128
705,"Slovenia",4,"Median","47",1984,95,38,133
705,"Slovenia",4,"Median","48",1984,115,42,157
705,"Slovenia",4,"Median","49",1984,122,49,171
705,"Slovenia",4,"Median","50",1984,127,46,172
705,"Slovenia",4,"Median","51",1984,146,60,207
705,"Slovenia",4,"Median","52",1984,168,76,245
705,"Slovenia",4,"Median","53",1984,180,72,252
705,"Slovenia",4,"Median","54",1984,176,74,250
705,"Slovenia",4,"Median","55",1984,189,77,266
705,"Slovenia",4,"Median","56",1984,194,88,282
705,"Slovenia",4,"Median","57",1984,180,89,270
705,"Slovenia",4,"Median","58",1984,171,96,267
705,"Slovenia",4,"Median","59",1984,182,115,297
705,"Slovenia",4,"Median","60",1984,192,113,304
705,"Slovenia",4,"Median","61",1984,174,127,301
705,"Slovenia",4,"Median","62",1984,177,120,297
705,"Slovenia",4,"Median","63",1984,198,119,317
705,"Slovenia",4,"Median","64",1984,170,123,293
705,"Slovenia",4,"Median","65",1984,150,103,254
705,"Slovenia",4,"Median","66",1984,109,78,187
705,"Slovenia",4,"Median","67",1984,112,95,207
705,"Slovenia",4,"Median","68",1984,171,125,296
705,"Slovenia",4,"Median","69",1984,226,188,413
705,"Slovenia",4,"Median","70",1984,264,235,499
705,"Slovenia",4,"Median","71",1984,299,263,562
705,"Slovenia",4,"Median","72",1984,303,272,576
705,"Slovenia",4,"Median","73",1984,313,302,615
705,"Slovenia",4,"Median","74",1984,346,355,701
705,"Slovenia",4,"Median","75",1984,359,371,730
705,"Slovenia",4,"Median","76",1984,343,380,723
705,"Slovenia",4,"Median","77",1984,332,396,729
705,"Slovenia",4,"Median","78",1984,321,407,727
705,"Slovenia",4,"Median","79",1984,303,410,713
705,"Slovenia",4,"Median","80",1984,289,413,702
705,"Slovenia",4,"Median","81",1984,277,420,697
705,"Slovenia",4,"Median","82",1984,267,437,704
705,"Slovenia",4,"Median","83",1984,248,442,690
705,"Slovenia",4,"Median","84",1984,213,412,624
705,"Slovenia",4,"Median","85",1984,173,362,534
705,"Slovenia",4,"Median","86",1984,140,325,464
705,"Slovenia",4,"Median","87",1984,113,290,403
705,"Slovenia",4,"Median","88",1984,90,250,340
705,"Slovenia",4,"Median","89",1984,71,209,280
705,"Slovenia",4,"Median","90",1984,55,169,224
705,"Slovenia",4,"Median","91",1984,42,138,180
705,"Slovenia",4,"Median","92",1984,32,111,143
705,"Slovenia",4,"Median","93",1984,23,85,108
705,"Slovenia",4,"Median","94",1984,17,66,83
705,"Slovenia",4,"Median","95",1984,12,51,63
705,"Slovenia",4,"Median","96",1984,9,37,46
705,"Slovenia",4,"Median","97",1984,6,26,31
705,"Slovenia",4,"Median","98",1984,4,17,21
705,"Slovenia",4,"Median","99",1984,3,11,13
705,"Slovenia",4,"Median","100",1984,1,4,5
705,"Slovenia",4,"Median","101",1984,1,3,4
705,"Slovenia",4,"Median","102",1984,1,2,3
705,"Slovenia",4,"Median","103",1984,0,2,2
705,"Slovenia",4,"Median","104",1984,0,1,1
705,"Slovenia",4,"Median","105",1984,0,1,1
705,"Slovenia",4,"Median","106",1984,0,1,1
705,"Slovenia",4,"Median","107",1984,0,0,0
705,"Slovenia",4,"Median","108",1984,0,0,0
705,"Slovenia",4,"Median","109",1984,0,0,0
705,"Slovenia",4,"Median","110",1984,0,0,0
705,"Slovenia",4,"Median","0",1985,197,136,333
705,"Slovenia",4,"Median","1",1985,15,9,24
705,"Slovenia",4,"Median","2",1985,4,4,8
705,"Slovenia",4,"Median","3",1985,6,6,12
705,"Slovenia",4,"Median","4",1985,9,3,12
705,"Slovenia",4,"Median","5",1985,3,4,7
705,"Slovenia",4,"Median","6",1985,5,3,9
705,"Slovenia",4,"Median","7",1985,4,4,8
705,"Slovenia",4,"Median","8",1985,8,3,11
705,"Slovenia",4,"Median","9",1985,5,2,6
705,"Slovenia",4,"Median","10",1985,4,3,8
705,"Slovenia",4,"Median","11",1985,6,4,11
705,"Slovenia",4,"Median","12",1985,5,2,7
705,"Slovenia",4,"Median","13",1985,3,1,4
705,"Slovenia",4,"Median","14",1985,7,2,9
705,"Slovenia",4,"Median","15",1985,7,4,11
705,"Slovenia",4,"Median","16",1985,13,8,21
705,"Slovenia",4,"Median","17",1985,17,5,21
705,"Slovenia",4,"Median","18",1985,21,6,26
705,"Slovenia",4,"Median","19",1985,16,5,21
705,"Slovenia",4,"Median","20",1985,22,9,31
705,"Slovenia",4,"Median","21",1985,23,7,30
705,"Slovenia",4,"Median","22",1985,29,6,34
705,"Slovenia",4,"Median","23",1985,24,6,30
705,"Slovenia",4,"Median","24",1985,27,6,33
705,"Slovenia",4,"Median","25",1985,29,9,38
705,"Slovenia",4,"Median","26",1985,26,7,33
705,"Slovenia",4,"Median","27",1985,27,8,35
705,"Slovenia",4,"Median","28",1985,28,8,36
705,"Slovenia",4,"Median","29",1985,30,8,38
705,"Slovenia",4,"Median","30",1985,32,9,41
705,"Slovenia",4,"Median","31",1985,35,12,46
705,"Slovenia",4,"Median","32",1985,41,10,51
705,"Slovenia",4,"Median","33",1985,41,10,51
705,"Slovenia",4,"Median","34",1985,43,13,56
705,"Slovenia",4,"Median","35",1985,45,13,58
705,"Slovenia",4,"Median","36",1985,37,18,55
705,"Slovenia",4,"Median","37",1985,41,17,58
705,"Slovenia",4,"Median","38",1985,42,13,55
705,"Slovenia",4,"Median","39",1985,40,12,53
705,"Slovenia",4,"Median","40",1985,42,16,58
705,"Slovenia",4,"Median","41",1985,51,22,73
705,"Slovenia",4,"Median","42",1985,58,25,83
705,"Slovenia",4,"Median","43",1985,64,24,88
705,"Slovenia",4,"Median","44",1985,71,30,101
705,"Slovenia",4,"Median","45",1985,78,26,104
705,"Slovenia",4,"Median","46",1985,88,36,123
705,"Slovenia",4,"Median","47",1985,87,32,120
705,"Slovenia",4,"Median","48",1985,106,39,145
705,"Slovenia",4,"Median","49",1985,105,48,153
705,"Slovenia",4,"Median","50",1985,125,45,170
705,"Slovenia",4,"Median","51",1985,138,61,198
705,"Slovenia",4,"Median","52",1985,151,66,217
705,"Slovenia",4,"Median","53",1985,157,65,222
705,"Slovenia",4,"Median","54",1985,177,76,253
705,"Slovenia",4,"Median","55",1985,192,76,268
705,"Slovenia",4,"Median","56",1985,198,80,278
705,"Slovenia",4,"Median","57",1985,194,92,286
705,"Slovenia",4,"Median","58",1985,179,84,263
705,"Slovenia",4,"Median","59",1985,184,104,288
705,"Slovenia",4,"Median","60",1985,187,111,298
705,"Slovenia",4,"Median","61",1985,173,118,292
705,"Slovenia",4,"Median","62",1985,184,121,305
705,"Slovenia",4,"Median","63",1985,200,121,321
705,"Slovenia",4,"Median","64",1985,186,136,322
705,"Slovenia",4,"Median","65",1985,181,129,310
705,"Slovenia",4,"Median","66",1985,135,105,240
705,"Slovenia",4,"Median","67",1985,108,87,195
705,"Slovenia",4,"Median","68",1985,135,93,228
705,"Slovenia",4,"Median","69",1985,167,141,308
705,"Slovenia",4,"Median","70",1985,213,192,404
705,"Slovenia",4,"Median","71",1985,283,237,520
705,"Slovenia",4,"Median","72",1985,287,263,550
705,"Slovenia",4,"Median","73",1985,304,287,592
705,"Slovenia",4,"Median","74",1985,334,341,674
705,"Slovenia",4,"Median","75",1985,350,368,717
705,"Slovenia",4,"Median","76",1985,343,383,727
705,"Slovenia",4,"Median","77",1985,324,391,715
705,"Slovenia",4,"Median","78",1985,310,404,715
705,"Slovenia",4,"Median","79",1985,296,412,708
705,"Slovenia",4,"Median","80",1985,276,412,688
705,"Slovenia",4,"Median","81",1985,260,411,670
705,"Slovenia",4,"Median","82",1985,245,413,658
705,"Slovenia",4,"Median","83",1985,232,424,656
705,"Slovenia",4,"Median","84",1985,213,423,636
705,"Slovenia",4,"Median","85",1985,179,388,567
705,"Slovenia",4,"Median","86",1985,143,335,478
705,"Slovenia",4,"Median","87",1985,113,295,408
705,"Slovenia",4,"Median","88",1985,90,259,349
705,"Slovenia",4,"Median","89",1985,70,218,288
705,"Slovenia",4,"Median","90",1985,54,178,232
705,"Slovenia",4,"Median","91",1985,41,140,181
705,"Slovenia",4,"Median","92",1985,31,112,142
705,"Slovenia",4,"Median","93",1985,23,87,110
705,"Slovenia",4,"Median","94",1985,16,64,81
705,"Slovenia",4,"Median","95",1985,11,49,60
705,"Slovenia",4,"Median","96",1985,8,36,44
705,"Slovenia",4,"Median","97",1985,6,25,31
705,"Slovenia",4,"Median","98",1985,4,17,21
705,"Slovenia",4,"Median","99",1985,2,11,13
705,"Slovenia",4,"Median","100",1985,1,4,5
705,"Slovenia",4,"Median","101",1985,1,3,4
705,"Slovenia",4,"Median","102",1985,1,2,3
705,"Slovenia",4,"Median","103",1985,0,2,2
705,"Slovenia",4,"Median","104",1985,0,1,1
705,"Slovenia",4,"Median","105",1985,0,1,1
705,"Slovenia",4,"Median","106",1985,0,1,1
705,"Slovenia",4,"Median","107",1985,0,0,0
705,"Slovenia",4,"Median","108",1985,0,0,0
705,"Slovenia",4,"Median","109",1985,0,0,0
705,"Slovenia",4,"Median","110",1985,0,0,0
705,"Slovenia",4,"Median","0",1986,177,128,304
705,"Slovenia",4,"Median","1",1986,14,10,24
705,"Slovenia",4,"Median","2",1986,6,3,9
705,"Slovenia",4,"Median","3",1986,6,4,10
705,"Slovenia",4,"Median","4",1986,8,5,13
705,"Slovenia",4,"Median","5",1986,4,4,8
705,"Slovenia",4,"Median","6",1986,4,2,6
705,"Slovenia",4,"Median","7",1986,5,4,9
705,"Slovenia",4,"Median","8",1986,7,2,9
705,"Slovenia",4,"Median","9",1986,4,1,5
705,"Slovenia",4,"Median","10",1986,4,3,7
705,"Slovenia",4,"Median","11",1986,6,3,9
705,"Slovenia",4,"Median","12",1986,6,0,6
705,"Slovenia",4,"Median","13",1986,4,1,5
705,"Slovenia",4,"Median","14",1986,6,2,8
705,"Slovenia",4,"Median","15",1986,7,3,10
705,"Slovenia",4,"Median","16",1986,13,7,20
705,"Slovenia",4,"Median","17",1986,17,4,21
705,"Slovenia",4,"Median","18",1986,18,6,24
705,"Slovenia",4,"Median","19",1986,15,9,24
705,"Slovenia",4,"Median","20",1986,27,10,37
705,"Slovenia",4,"Median","21",1986,26,7,33
705,"Slovenia",4,"Median","22",1986,26,5,31
705,"Slovenia",4,"Median","23",1986,23,6,29
705,"Slovenia",4,"Median","24",1986,28,6,33
705,"Slovenia",4,"Median","25",1986,23,10,33
705,"Slovenia",4,"Median","26",1986,24,7,31
705,"Slovenia",4,"Median","27",1986,24,9,34
705,"Slovenia",4,"Median","28",1986,26,6,33
705,"Slovenia",4,"Median","29",1986,29,9,39
705,"Slovenia",4,"Median","30",1986,32,10,41
705,"Slovenia",4,"Median","31",1986,32,14,45
705,"Slovenia",4,"Median","32",1986,37,11,48
705,"Slovenia",4,"Median","33",1986,37,9,46
705,"Slovenia",4,"Median","34",1986,43,16,59
705,"Slovenia",4,"Median","35",1986,45,14,58
705,"Slovenia",4,"Median","36",1986,39,17,56
705,"Slovenia",4,"Median","37",1986,42,13,55
705,"Slovenia",4,"Median","38",1986,41,20,60
705,"Slovenia",4,"Median","39",1986,46,16,63
705,"Slovenia",4,"Median","40",1986,43,16,58
705,"Slovenia",4,"Median","41",1986,46,18,64
705,"Slovenia",4,"Median","42",1986,51,22,74
705,"Slovenia",4,"Median","43",1986,72,20,92
705,"Slovenia",4,"Median","44",1986,64,26,90
705,"Slovenia",4,"Median","45",1986,69,26,95
705,"Slovenia",4,"Median","46",1986,83,34,117
705,"Slovenia",4,"Median","47",1986,90,33,123
705,"Slovenia",4,"Median","48",1986,100,37,138
705,"Slovenia",4,"Median","49",1986,103,46,149
705,"Slovenia",4,"Median","50",1986,117,43,161
705,"Slovenia",4,"Median","51",1986,138,61,199
705,"Slovenia",4,"Median","52",1986,139,62,201
705,"Slovenia",4,"Median","53",1986,163,61,224
705,"Slovenia",4,"Median","54",1986,164,71,235
705,"Slovenia",4,"Median","55",1986,196,73,269
705,"Slovenia",4,"Median","56",1986,207,76,283
705,"Slovenia",4,"Median","57",1986,212,96,308
705,"Slovenia",4,"Median","58",1986,204,81,285
705,"Slovenia",4,"Median","59",1986,200,100,299
705,"Slovenia",4,"Median","60",1986,191,115,306
705,"Slovenia",4,"Median","61",1986,188,125,313
705,"Slovenia",4,"Median","62",1986,186,118,305
705,"Slovenia",4,"Median","63",1986,215,129,344
705,"Slovenia",4,"Median","64",1986,195,133,328
705,"Slovenia",4,"Median","65",1986,201,142,343
705,"Slovenia",4,"Median","66",1986,169,134,302
705,"Slovenia",4,"Median","67",1986,150,112,262
705,"Slovenia",4,"Median","68",1986,122,91,213
705,"Slovenia",4,"Median","69",1986,132,106,238
705,"Slovenia",4,"Median","70",1986,163,130,293
705,"Slovenia",4,"Median","71",1986,227,198,424
705,"Slovenia",4,"Median","72",1986,277,258,535
705,"Slovenia",4,"Median","73",1986,291,272,563
705,"Slovenia",4,"Median","74",1986,300,324,623
705,"Slovenia",4,"Median","75",1986,338,353,691
705,"Slovenia",4,"Median","76",1986,345,381,726
705,"Slovenia",4,"Median","77",1986,336,395,730
705,"Slovenia",4,"Median","78",1986,314,399,713
705,"Slovenia",4,"Median","79",1986,297,410,707
705,"Slovenia",4,"Median","80",1986,280,413,693
705,"Slovenia",4,"Median","81",1986,258,408,667
705,"Slovenia",4,"Median","82",1986,240,402,642
705,"Slovenia",4,"Median","83",1986,223,399,622
705,"Slovenia",4,"Median","84",1986,208,403,612
705,"Slovenia",4,"Median","85",1986,187,396,584
705,"Slovenia",4,"Median","86",1986,155,357,512
705,"Slovenia",4,"Median","87",1986,121,302,424
705,"Slovenia",4,"Median","88",1986,94,261,355
705,"Slovenia",4,"Median","89",1986,74,223,297
705,"Slovenia",4,"Median","90",1986,56,184,240
705,"Slovenia",4,"Median","91",1986,42,146,188
705,"Slovenia",4,"Median","92",1986,31,112,143
705,"Slovenia",4,"Median","93",1986,23,87,109
705,"Slovenia",4,"Median","94",1986,17,66,82
705,"Slovenia",4,"Median","95",1986,12,47,59
705,"Slovenia",4,"Median","96",1986,8,34,42
705,"Slovenia",4,"Median","97",1986,5,25,30
705,"Slovenia",4,"Median","98",1986,4,17,20
705,"Slovenia",4,"Median","99",1986,2,11,13
705,"Slovenia",4,"Median","100",1986,1,4,5
705,"Slovenia",4,"Median","101",1986,1,3,4
705,"Slovenia",4,"Median","102",1986,1,2,3
705,"Slovenia",4,"Median","103",1986,0,2,2
705,"Slovenia",4,"Median","104",1986,0,1,1
705,"Slovenia",4,"Median","105",1986,0,1,1
705,"Slovenia",4,"Median","106",1986,0,1,1
705,"Slovenia",4,"Median","107",1986,0,0,0
705,"Slovenia",4,"Median","108",1986,0,0,0
705,"Slovenia",4,"Median","109",1986,0,0,0
705,"Slovenia",4,"Median","110",1986,0,0,0
705,"Slovenia",4,"Median","0",1987,156,124,280
705,"Slovenia",4,"Median","1",1987,14,12,26
705,"Slovenia",4,"Median","2",1987,4,3,7
705,"Slovenia",4,"Median","3",1987,6,3,8
705,"Slovenia",4,"Median","4",1987,7,4,11
705,"Slovenia",4,"Median","5",1987,5,5,10
705,"Slovenia",4,"Median","6",1987,5,4,9
705,"Slovenia",4,"Median","7",1987,5,3,8
705,"Slovenia",4,"Median","8",1987,7,2,9
705,"Slovenia",4,"Median","9",1987,3,1,4
705,"Slovenia",4,"Median","10",1987,4,3,7
705,"Slovenia",4,"Median","11",1987,6,4,10
705,"Slovenia",4,"Median","12",1987,5,0,5
705,"Slovenia",4,"Median","13",1987,5,1,6
705,"Slovenia",4,"Median","14",1987,7,3,10
705,"Slovenia",4,"Median","15",1987,6,4,9
705,"Slovenia",4,"Median","16",1987,13,6,18
705,"Slovenia",4,"Median","17",1987,17,5,22
705,"Slovenia",4,"Median","18",1987,18,6,24
705,"Slovenia",4,"Median","19",1987,14,8,22
705,"Slovenia",4,"Median","20",1987,29,8,37
705,"Slovenia",4,"Median","21",1987,27,8,35
705,"Slovenia",4,"Median","22",1987,25,5,30
705,"Slovenia",4,"Median","23",1987,19,8,27
705,"Slovenia",4,"Median","24",1987,23,5,28
705,"Slovenia",4,"Median","25",1987,19,9,28
705,"Slovenia",4,"Median","26",1987,23,7,30
705,"Slovenia",4,"Median","27",1987,23,11,34
705,"Slovenia",4,"Median","28",1987,28,7,36
705,"Slovenia",4,"Median","29",1987,27,8,35
705,"Slovenia",4,"Median","30",1987,30,9,39
705,"Slovenia",4,"Median","31",1987,33,15,47
705,"Slovenia",4,"Median","32",1987,33,13,45
705,"Slovenia",4,"Median","33",1987,36,11,46
705,"Slovenia",4,"Median","34",1987,44,15,59
705,"Slovenia",4,"Median","35",1987,49,15,63
705,"Slovenia",4,"Median","36",1987,43,18,61
705,"Slovenia",4,"Median","37",1987,46,12,58
705,"Slovenia",4,"Median","38",1987,46,17,63
705,"Slovenia",4,"Median","39",1987,50,18,68
705,"Slovenia",4,"Median","40",1987,50,16,66
705,"Slovenia",4,"Median","41",1987,45,18,64
705,"Slovenia",4,"Median","42",1987,49,22,71
705,"Slovenia",4,"Median","43",1987,68,22,90
705,"Slovenia",4,"Median","44",1987,71,28,98
705,"Slovenia",4,"Median","45",1987,73,25,98
705,"Slovenia",4,"Median","46",1987,82,32,113
705,"Slovenia",4,"Median","47",1987,89,35,124
705,"Slovenia",4,"Median","48",1987,94,39,133
705,"Slovenia",4,"Median","49",1987,103,44,147
705,"Slovenia",4,"Median","50",1987,109,44,154
705,"Slovenia",4,"Median","51",1987,143,55,198
705,"Slovenia",4,"Median","52",1987,142,59,201
705,"Slovenia",4,"Median","53",1987,156,64,219
705,"Slovenia",4,"Median","54",1987,169,69,238
705,"Slovenia",4,"Median","55",1987,192,73,265
705,"Slovenia",4,"Median","56",1987,203,75,278
705,"Slovenia",4,"Median","57",1987,219,96,315
705,"Slovenia",4,"Median","58",1987,207,91,298
705,"Slovenia",4,"Median","59",1987,219,98,317
705,"Slovenia",4,"Median","60",1987,202,100,302
705,"Slovenia",4,"Median","61",1987,204,116,320
705,"Slovenia",4,"Median","62",1987,191,127,318
705,"Slovenia",4,"Median","63",1987,207,134,341
705,"Slovenia",4,"Median","64",1987,201,137,338
705,"Slovenia",4,"Median","65",1987,206,156,362
705,"Slovenia",4,"Median","66",1987,198,156,353
705,"Slovenia",4,"Median","67",1987,195,131,326
705,"Slovenia",4,"Median","68",1987,157,118,274
705,"Slovenia",4,"Median","69",1987,123,94,218
705,"Slovenia",4,"Median","70",1987,132,107,239
705,"Slovenia",4,"Median","71",1987,163,142,305
705,"Slovenia",4,"Median","72",1987,223,202,425
705,"Slovenia",4,"Median","73",1987,294,248,541
705,"Slovenia",4,"Median","74",1987,298,309,607
705,"Slovenia",4,"Median","75",1987,331,342,672
705,"Slovenia",4,"Median","76",1987,332,361,693
705,"Slovenia",4,"Median","77",1987,336,388,723
705,"Slovenia",4,"Median","78",1987,323,398,721
705,"Slovenia",4,"Median","79",1987,299,399,698
705,"Slovenia",4,"Median","80",1987,280,406,686
705,"Slovenia",4,"Median","81",1987,261,404,665
705,"Slovenia",4,"Median","82",1987,237,395,632
705,"Slovenia",4,"Median","83",1987,217,384,601
705,"Slovenia",4,"Median","84",1987,199,376,574
705,"Slovenia",4,"Median","85",1987,183,374,557
705,"Slovenia",4,"Median","86",1987,162,361,523
705,"Slovenia",4,"Median","87",1987,132,319,451
705,"Slovenia",4,"Median","88",1987,101,265,366
705,"Slovenia",4,"Median","89",1987,77,223,300
705,"Slovenia",4,"Median","90",1987,59,187,246
705,"Slovenia",4,"Median","91",1987,44,150,193
705,"Slovenia",4,"Median","92",1987,32,116,148
705,"Slovenia",4,"Median","93",1987,23,86,110
705,"Slovenia",4,"Median","94",1987,17,65,81
705,"Slovenia",4,"Median","95",1987,12,48,59
705,"Slovenia",4,"Median","96",1987,8,33,41
705,"Slovenia",4,"Median","97",1987,5,23,29
705,"Slovenia",4,"Median","98",1987,4,16,20
705,"Slovenia",4,"Median","99",1987,2,11,13
705,"Slovenia",4,"Median","100",1987,1,4,5
705,"Slovenia",4,"Median","101",1987,1,3,4
705,"Slovenia",4,"Median","102",1987,1,2,3
705,"Slovenia",4,"Median","103",1987,0,2,2
705,"Slovenia",4,"Median","104",1987,0,1,1
705,"Slovenia",4,"Median","105",1987,0,1,1
705,"Slovenia",4,"Median","106",1987,0,1,1
705,"Slovenia",4,"Median","107",1987,0,0,0
705,"Slovenia",4,"Median","108",1987,0,0,0
705,"Slovenia",4,"Median","109",1987,0,0,0
705,"Slovenia",4,"Median","110",1987,0,0,0
705,"Slovenia",4,"Median","0",1988,132,110,241
705,"Slovenia",4,"Median","1",1988,14,11,25
705,"Slovenia",4,"Median","2",1988,4,4,9
705,"Slovenia",4,"Median","3",1988,7,1,8
705,"Slovenia",4,"Median","4",1988,5,3,8
705,"Slovenia",4,"Median","5",1988,6,4,10
705,"Slovenia",4,"Median","6",1988,4,4,9
705,"Slovenia",4,"Median","7",1988,4,4,7
705,"Slovenia",4,"Median","8",1988,5,4,9
705,"Slovenia",4,"Median","9",1988,3,2,5
705,"Slovenia",4,"Median","10",1988,4,2,6
705,"Slovenia",4,"Median","11",1988,5,3,8
705,"Slovenia",4,"Median","12",1988,4,1,5
705,"Slovenia",4,"Median","13",1988,6,1,7
705,"Slovenia",4,"Median","14",1988,6,3,9
705,"Slovenia",4,"Median","15",1988,6,4,10
705,"Slovenia",4,"Median","16",1988,12,6,19
705,"Slovenia",4,"Median","17",1988,16,5,21
705,"Slovenia",4,"Median","18",1988,17,7,23
705,"Slovenia",4,"Median","19",1988,14,8,22
705,"Slovenia",4,"Median","20",1988,30,8,38
705,"Slovenia",4,"Median","21",1988,26,9,35
705,"Slovenia",4,"Median","22",1988,25,5,30
705,"Slovenia",4,"Median","23",1988,23,8,30
705,"Slovenia",4,"Median","24",1988,26,6,32
705,"Slovenia",4,"Median","25",1988,19,7,26
705,"Slovenia",4,"Median","26",1988,22,8,31
705,"Slovenia",4,"Median","27",1988,26,9,35
705,"Slovenia",4,"Median","28",1988,29,6,35
705,"Slovenia",4,"Median","29",1988,30,9,39
705,"Slovenia",4,"Median","30",1988,26,8,34
705,"Slovenia",4,"Median","31",1988,30,13,44
705,"Slovenia",4,"Median","32",1988,33,14,47
705,"Slovenia",4,"Median","33",1988,35,11,46
705,"Slovenia",4,"Median","34",1988,39,15,53
705,"Slovenia",4,"Median","35",1988,48,17,65
705,"Slovenia",4,"Median","36",1988,47,19,65
705,"Slovenia",4,"Median","37",1988,49,12,62
705,"Slovenia",4,"Median","38",1988,50,20,70
705,"Slovenia",4,"Median","39",1988,51,20,71
705,"Slovenia",4,"Median","40",1988,54,17,71
705,"Slovenia",4,"Median","41",1988,53,23,77
705,"Slovenia",4,"Median","42",1988,49,21,71
705,"Slovenia",4,"Median","43",1988,57,17,74
705,"Slovenia",4,"Median","44",1988,65,23,88
705,"Slovenia",4,"Median","45",1988,74,28,102
705,"Slovenia",4,"Median","46",1988,80,31,111
705,"Slovenia",4,"Median","47",1988,87,39,126
705,"Slovenia",4,"Median","48",1988,88,43,131
705,"Slovenia",4,"Median","49",1988,107,43,150
705,"Slovenia",4,"Median","50",1988,107,43,149
705,"Slovenia",4,"Median","51",1988,134,46,181
705,"Slovenia",4,"Median","52",1988,146,57,202
705,"Slovenia",4,"Median","53",1988,151,63,214
705,"Slovenia",4,"Median","54",1988,165,63,228
705,"Slovenia",4,"Median","55",1988,187,72,259
705,"Slovenia",4,"Median","56",1988,192,80,272
705,"Slovenia",4,"Median","57",1988,212,89,301
705,"Slovenia",4,"Median","58",1988,228,99,327
705,"Slovenia",4,"Median","59",1988,226,92,318
705,"Slovenia",4,"Median","60",1988,220,103,323
705,"Slovenia",4,"Median","61",1988,217,108,325
705,"Slovenia",4,"Median","62",1988,204,123,327
705,"Slovenia",4,"Median","63",1988,204,132,336
705,"Slovenia",4,"Median","64",1988,204,144,348
705,"Slovenia",4,"Median","65",1988,216,152,368
705,"Slovenia",4,"Median","66",1988,202,160,362
705,"Slovenia",4,"Median","67",1988,211,158,369
705,"Slovenia",4,"Median","68",1988,192,155,347
705,"Slovenia",4,"Median","69",1988,157,112,269
705,"Slovenia",4,"Median","70",1988,128,101,229
705,"Slovenia",4,"Median","71",1988,130,119,249
705,"Slovenia",4,"Median","72",1988,160,146,306
705,"Slovenia",4,"Median","73",1988,225,210,435
705,"Slovenia",4,"Median","74",1988,275,286,561
705,"Slovenia",4,"Median","75",1988,323,332,655
705,"Slovenia",4,"Median","76",1988,326,351,677
705,"Slovenia",4,"Median","77",1988,325,368,693
705,"Slovenia",4,"Median","78",1988,326,392,718
705,"Slovenia",4,"Median","79",1988,311,399,709
705,"Slovenia",4,"Median","80",1988,284,396,680
705,"Slovenia",4,"Median","81",1988,263,397,661
705,"Slovenia",4,"Median","82",1988,242,391,633
705,"Slovenia",4,"Median","83",1988,218,377,595
705,"Slovenia",4,"Median","84",1988,196,361,557
705,"Slovenia",4,"Median","85",1988,177,347,525
705,"Slovenia",4,"Median","86",1988,160,340,500
705,"Slovenia",4,"Median","87",1988,140,322,461
705,"Slovenia",4,"Median","88",1988,112,279,390
705,"Slovenia",4,"Median","89",1988,84,226,310
705,"Slovenia",4,"Median","90",1988,63,186,249
705,"Slovenia",4,"Median","91",1988,47,152,199
705,"Slovenia",4,"Median","92",1988,34,119,153
705,"Slovenia",4,"Median","93",1988,25,89,114
705,"Slovenia",4,"Median","94",1988,17,65,82
705,"Slovenia",4,"Median","95",1988,12,47,59
705,"Slovenia",4,"Median","96",1988,8,34,42
705,"Slovenia",4,"Median","97",1988,6,22,28
705,"Slovenia",4,"Median","98",1988,4,15,19
705,"Slovenia",4,"Median","99",1988,2,10,13
705,"Slovenia",4,"Median","100",1988,1,4,5
705,"Slovenia",4,"Median","101",1988,1,3,4
705,"Slovenia",4,"Median","102",1988,1,2,3
705,"Slovenia",4,"Median","103",1988,0,2,2
705,"Slovenia",4,"Median","104",1988,0,1,1
705,"Slovenia",4,"Median","105",1988,0,1,1
705,"Slovenia",4,"Median","106",1988,0,1,1
705,"Slovenia",4,"Median","107",1988,0,0,0
705,"Slovenia",4,"Median","108",1988,0,0,0
705,"Slovenia",4,"Median","109",1988,0,0,0
705,"Slovenia",4,"Median","110",1988,0,0,0
705,"Slovenia",4,"Median","0",1989,116,87,204
705,"Slovenia",4,"Median","1",1989,15,9,23
705,"Slovenia",4,"Median","2",1989,2,5,7
705,"Slovenia",4,"Median","3",1989,7,1,9
705,"Slovenia",4,"Median","4",1989,4,3,7
705,"Slovenia",4,"Median","5",1989,6,4,11
705,"Slovenia",4,"Median","6",1989,4,6,9
705,"Slovenia",4,"Median","7",1989,3,4,7
705,"Slovenia",4,"Median","8",1989,5,4,8
705,"Slovenia",4,"Median","9",1989,3,2,6
705,"Slovenia",4,"Median","10",1989,5,2,7
705,"Slovenia",4,"Median","11",1989,5,3,7
705,"Slovenia",4,"Median","12",1989,3,2,4
705,"Slovenia",4,"Median","13",1989,6,3,8
705,"Slovenia",4,"Median","14",1989,6,4,10
705,"Slovenia",4,"Median","15",1989,6,3,10
705,"Slovenia",4,"Median","16",1989,12,7,18
705,"Slovenia",4,"Median","17",1989,14,7,21
705,"Slovenia",4,"Median","18",1989,16,6,22
705,"Slovenia",4,"Median","19",1989,15,5,20
705,"Slovenia",4,"Median","20",1989,24,8,33
705,"Slovenia",4,"Median","21",1989,23,9,32
705,"Slovenia",4,"Median","22",1989,22,5,27
705,"Slovenia",4,"Median","23",1989,23,7,30
705,"Slovenia",4,"Median","24",1989,23,8,31
705,"Slovenia",4,"Median","25",1989,19,7,25
705,"Slovenia",4,"Median","26",1989,24,9,33
705,"Slovenia",4,"Median","27",1989,26,7,33
705,"Slovenia",4,"Median","28",1989,26,5,32
705,"Slovenia",4,"Median","29",1989,26,8,34
705,"Slovenia",4,"Median","30",1989,21,8,30
705,"Slovenia",4,"Median","31",1989,27,8,34
705,"Slovenia",4,"Median","32",1989,29,12,42
705,"Slovenia",4,"Median","33",1989,34,12,47
705,"Slovenia",4,"Median","34",1989,38,11,48
705,"Slovenia",4,"Median","35",1989,41,14,55
705,"Slovenia",4,"Median","36",1989,46,18,64
705,"Slovenia",4,"Median","37",1989,49,12,61
705,"Slovenia",4,"Median","38",1989,46,20,65
705,"Slovenia",4,"Median","39",1989,50,19,69
705,"Slovenia",4,"Median","40",1989,52,20,72
705,"Slovenia",4,"Median","41",1989,52,25,77
705,"Slovenia",4,"Median","42",1989,53,22,76
705,"Slovenia",4,"Median","43",1989,53,19,72
705,"Slovenia",4,"Median","44",1989,52,19,71
705,"Slovenia",4,"Median","45",1989,69,24,93
705,"Slovenia",4,"Median","46",1989,80,28,108
705,"Slovenia",4,"Median","47",1989,82,38,120
705,"Slovenia",4,"Median","48",1989,85,34,119
705,"Slovenia",4,"Median","49",1989,101,44,145
705,"Slovenia",4,"Median","50",1989,103,37,140
705,"Slovenia",4,"Median","51",1989,122,42,164
705,"Slovenia",4,"Median","52",1989,132,55,188
705,"Slovenia",4,"Median","53",1989,133,58,191
705,"Slovenia",4,"Median","54",1989,153,59,212
705,"Slovenia",4,"Median","55",1989,170,66,237
705,"Slovenia",4,"Median","56",1989,175,78,253
705,"Slovenia",4,"Median","57",1989,199,78,277
705,"Slovenia",4,"Median","58",1989,225,96,321
705,"Slovenia",4,"Median","59",1989,239,91,329
705,"Slovenia",4,"Median","60",1989,220,97,317
705,"Slovenia",4,"Median","61",1989,218,96,313
705,"Slovenia",4,"Median","62",1989,211,118,329
705,"Slovenia",4,"Median","63",1989,201,131,332
705,"Slovenia",4,"Median","64",1989,199,135,334
705,"Slovenia",4,"Median","65",1989,212,150,361
705,"Slovenia",4,"Median","66",1989,216,156,373
705,"Slovenia",4,"Median","67",1989,203,166,369
705,"Slovenia",4,"Median","68",1989,213,178,390
705,"Slovenia",4,"Median","69",1989,199,151,350
705,"Slovenia",4,"Median","70",1989,156,140,296
705,"Slovenia",4,"Median","71",1989,130,112,242
705,"Slovenia",4,"Median","72",1989,126,115,241
705,"Slovenia",4,"Median","73",1989,171,166,337
705,"Slovenia",4,"Median","74",1989,222,236,459
705,"Slovenia",4,"Median","75",1989,306,314,620
705,"Slovenia",4,"Median","76",1989,316,344,660
705,"Slovenia",4,"Median","77",1989,317,361,678
705,"Slovenia",4,"Median","78",1989,313,376,688
705,"Slovenia",4,"Median","79",1989,310,397,707
705,"Slovenia",4,"Median","80",1989,293,400,693
705,"Slovenia",4,"Median","81",1989,265,393,659
705,"Slovenia",4,"Median","82",1989,243,391,633
705,"Slovenia",4,"Median","83",1989,220,380,600
705,"Slovenia",4,"Median","84",1989,195,362,557
705,"Slovenia",4,"Median","85",1989,173,342,515
705,"Slovenia",4,"Median","86",1989,154,323,478
705,"Slovenia",4,"Median","87",1989,137,311,448
705,"Slovenia",4,"Median","88",1989,117,289,406
705,"Slovenia",4,"Median","89",1989,92,245,337
705,"Slovenia",4,"Median","90",1989,68,195,263
705,"Slovenia",4,"Median","91",1989,50,157,206
705,"Slovenia",4,"Median","92",1989,36,125,161
705,"Slovenia",4,"Median","93",1989,26,95,121
705,"Slovenia",4,"Median","94",1989,18,69,88
705,"Slovenia",4,"Median","95",1989,12,49,61
705,"Slovenia",4,"Median","96",1989,8,34,43
705,"Slovenia",4,"Median","97",1989,6,24,29
705,"Slovenia",4,"Median","98",1989,4,15,19
705,"Slovenia",4,"Median","99",1989,2,10,12
705,"Slovenia",4,"Median","100",1989,1,5,6
705,"Slovenia",4,"Median","101",1989,1,3,4
705,"Slovenia",4,"Median","102",1989,1,2,3
705,"Slovenia",4,"Median","103",1989,0,2,2
705,"Slovenia",4,"Median","104",1989,0,1,1
705,"Slovenia",4,"Median","105",1989,0,1,1
705,"Slovenia",4,"Median","106",1989,0,1,1
705,"Slovenia",4,"Median","107",1989,0,0,0
705,"Slovenia",4,"Median","108",1989,0,0,0
705,"Slovenia",4,"Median","109",1989,0,0,0
705,"Slovenia",4,"Median","110",1989,0,0,0
705,"Slovenia",4,"Median","0",1990,109,72,181
705,"Slovenia",4,"Median","1",1990,13,7,20
705,"Slovenia",4,"Median","2",1990,3,4,7
705,"Slovenia",4,"Median","3",1990,6,3,9
705,"Slovenia",4,"Median","4",1990,4,2,7
705,"Slovenia",4,"Median","5",1990,5,3,8
705,"Slovenia",4,"Median","6",1990,3,4,7
705,"Slovenia",4,"Median","7",1990,4,2,6
705,"Slovenia",4,"Median","8",1990,3,3,6
705,"Slovenia",4,"Median","9",1990,2,3,6
705,"Slovenia",4,"Median","10",1990,5,1,6
705,"Slovenia",4,"Median","11",1990,4,1,6
705,"Slovenia",4,"Median","12",1990,3,2,4
705,"Slovenia",4,"Median","13",1990,5,3,8
705,"Slovenia",4,"Median","14",1990,6,4,10
705,"Slovenia",4,"Median","15",1990,6,3,9
705,"Slovenia",4,"Median","16",1990,10,6,17
705,"Slovenia",4,"Median","17",1990,14,6,20
705,"Slovenia",4,"Median","18",1990,17,5,23
705,"Slovenia",4,"Median","19",1990,19,4,23
705,"Slovenia",4,"Median","20",1990,25,8,32
705,"Slovenia",4,"Median","21",1990,22,7,30
705,"Slovenia",4,"Median","22",1990,19,6,25
705,"Slovenia",4,"Median","23",1990,26,5,31
705,"Slovenia",4,"Median","24",1990,28,7,36
705,"Slovenia",4,"Median","25",1990,23,7,30
705,"Slovenia",4,"Median","26",1990,25,10,35
705,"Slovenia",4,"Median","27",1990,26,6,32
705,"Slovenia",4,"Median","28",1990,21,6,26
705,"Slovenia",4,"Median","29",1990,28,9,37
705,"Slovenia",4,"Median","30",1990,19,8,27
705,"Slovenia",4,"Median","31",1990,26,6,31
705,"Slovenia",4,"Median","32",1990,28,9,36
705,"Slovenia",4,"Median","33",1990,35,11,46
705,"Slovenia",4,"Median","34",1990,35,11,46
705,"Slovenia",4,"Median","35",1990,41,13,54
705,"Slovenia",4,"Median","36",1990,45,18,63
705,"Slovenia",4,"Median","37",1990,50,14,64
705,"Slovenia",4,"Median","38",1990,41,20,61
705,"Slovenia",4,"Median","39",1990,55,17,72
705,"Slovenia",4,"Median","40",1990,56,24,80
705,"Slovenia",4,"Median","41",1990,57,26,83
705,"Slovenia",4,"Median","42",1990,56,21,77
705,"Slovenia",4,"Median","43",1990,63,21,85
705,"Slovenia",4,"Median","44",1990,49,20,69
705,"Slovenia",4,"Median","45",1990,56,22,78
705,"Slovenia",4,"Median","46",1990,75,29,103
705,"Slovenia",4,"Median","47",1990,84,38,122
705,"Slovenia",4,"Median","48",1990,86,38,124
705,"Slovenia",4,"Median","49",1990,97,43,140
705,"Slovenia",4,"Median","50",1990,106,38,143
705,"Slovenia",4,"Median","51",1990,112,46,158
705,"Slovenia",4,"Median","52",1990,113,58,170
705,"Slovenia",4,"Median","53",1990,129,57,186
705,"Slovenia",4,"Median","54",1990,146,55,201
705,"Slovenia",4,"Median","55",1990,158,68,226
705,"Slovenia",4,"Median","56",1990,166,76,242
705,"Slovenia",4,"Median","57",1990,195,76,271
705,"Slovenia",4,"Median","58",1990,220,84,304
705,"Slovenia",4,"Median","59",1990,235,86,321
705,"Slovenia",4,"Median","60",1990,236,105,341
705,"Slovenia",4,"Median","61",1990,227,97,324
705,"Slovenia",4,"Median","62",1990,228,119,348
705,"Slovenia",4,"Median","63",1990,198,116,314
705,"Slovenia",4,"Median","64",1990,210,139,349
705,"Slovenia",4,"Median","65",1990,204,134,338
705,"Slovenia",4,"Median","66",1990,210,154,364
705,"Slovenia",4,"Median","67",1990,206,181,387
705,"Slovenia",4,"Median","68",1990,214,181,395
705,"Slovenia",4,"Median","69",1990,227,173,400
705,"Slovenia",4,"Median","70",1990,209,186,395
705,"Slovenia",4,"Median","71",1990,168,149,317
705,"Slovenia",4,"Median","72",1990,124,126,251
705,"Slovenia",4,"Median","73",1990,133,144,277
705,"Slovenia",4,"Median","74",1990,167,174,341
705,"Slovenia",4,"Median","75",1990,254,264,518
705,"Slovenia",4,"Median","76",1990,304,335,640
705,"Slovenia",4,"Median","77",1990,311,364,676
705,"Slovenia",4,"Median","78",1990,310,380,690
705,"Slovenia",4,"Median","79",1990,303,393,696
705,"Slovenia",4,"Median","80",1990,297,412,709
705,"Slovenia",4,"Median","81",1990,277,412,689
705,"Slovenia",4,"Median","82",1990,248,400,648
705,"Slovenia",4,"Median","83",1990,224,393,617
705,"Slovenia",4,"Median","84",1990,201,377,578
705,"Slovenia",4,"Median","85",1990,175,354,529
705,"Slovenia",4,"Median","86",1990,153,329,482
705,"Slovenia",4,"Median","87",1990,134,306,440
705,"Slovenia",4,"Median","88",1990,117,289,406
705,"Slovenia",4,"Median","89",1990,98,263,361
705,"Slovenia",4,"Median","90",1990,75,218,294
705,"Slovenia",4,"Median","91",1990,54,169,224
705,"Slovenia",4,"Median","92",1990,39,133,172
705,"Slovenia",4,"Median","93",1990,28,103,131
705,"Slovenia",4,"Median","94",1990,19,76,95
705,"Slovenia",4,"Median","95",1990,13,54,67
705,"Slovenia",4,"Median","96",1990,9,37,45
705,"Slovenia",4,"Median","97",1990,6,25,31
705,"Slovenia",4,"Median","98",1990,4,17,20
705,"Slovenia",4,"Median","99",1990,2,10,13
705,"Slovenia",4,"Median","100",1990,1,5,6
705,"Slovenia",4,"Median","101",1990,1,3,4
705,"Slovenia",4,"Median","102",1990,1,2,3
705,"Slovenia",4,"Median","103",1990,0,2,2
705,"Slovenia",4,"Median","104",1990,0,1,1
705,"Slovenia",4,"Median","105",1990,0,1,1
705,"Slovenia",4,"Median","106",1990,0,1,1
705,"Slovenia",4,"Median","107",1990,0,0,0
705,"Slovenia",4,"Median","108",1990,0,0,0
705,"Slovenia",4,"Median","109",1990,0,0,0
705,"Slovenia",4,"Median","110",1990,0,0,0
705,"Slovenia",4,"Median","0",1991,109,71,180
705,"Slovenia",4,"Median","1",1991,10,6,16
705,"Slovenia",4,"Median","2",1991,3,4,6
705,"Slovenia",4,"Median","3",1991,4,3,7
705,"Slovenia",4,"Median","4",1991,5,3,8
705,"Slovenia",4,"Median","5",1991,6,3,9
705,"Slovenia",4,"Median","6",1991,2,3,6
705,"Slovenia",4,"Median","7",1991,3,1,4
705,"Slovenia",4,"Median","8",1991,3,2,5
705,"Slovenia",4,"Median","9",1991,2,3,5
705,"Slovenia",4,"Median","10",1991,3,2,5
705,"Slovenia",4,"Median","11",1991,3,1,4
705,"Slovenia",4,"Median","12",1991,3,2,5
705,"Slovenia",4,"Median","13",1991,5,3,8
705,"Slovenia",4,"Median","14",1991,7,5,12
705,"Slovenia",4,"Median","15",1991,5,2,6
705,"Slovenia",4,"Median","16",1991,13,5,17
705,"Slovenia",4,"Median","17",1991,13,6,20
705,"Slovenia",4,"Median","18",1991,18,5,23
705,"Slovenia",4,"Median","19",1991,22,7,29
705,"Slovenia",4,"Median","20",1991,27,6,33
705,"Slovenia",4,"Median","21",1991,26,6,31
705,"Slovenia",4,"Median","22",1991,20,5,25
705,"Slovenia",4,"Median","23",1991,24,6,30
705,"Slovenia",4,"Median","24",1991,29,6,35
705,"Slovenia",4,"Median","25",1991,26,8,34
705,"Slovenia",4,"Median","26",1991,24,8,32
705,"Slovenia",4,"Median","27",1991,23,6,29
705,"Slovenia",4,"Median","28",1991,22,5,27
705,"Slovenia",4,"Median","29",1991,24,9,33
705,"Slovenia",4,"Median","30",1991,26,8,34
705,"Slovenia",4,"Median","31",1991,31,6,37
705,"Slovenia",4,"Median","32",1991,31,10,41
705,"Slovenia",4,"Median","33",1991,33,9,42
705,"Slovenia",4,"Median","34",1991,36,9,45
705,"Slovenia",4,"Median","35",1991,42,13,55
705,"Slovenia",4,"Median","36",1991,47,19,67
705,"Slovenia",4,"Median","37",1991,49,15,65
705,"Slovenia",4,"Median","38",1991,49,22,71
705,"Slovenia",4,"Median","39",1991,55,15,70
705,"Slovenia",4,"Median","40",1991,55,22,76
705,"Slovenia",4,"Median","41",1991,63,26,89
705,"Slovenia",4,"Median","42",1991,62,24,85
705,"Slovenia",4,"Median","43",1991,65,24,89
705,"Slovenia",4,"Median","44",1991,62,22,85
705,"Slovenia",4,"Median","45",1991,56,25,81
705,"Slovenia",4,"Median","46",1991,61,23,84
705,"Slovenia",4,"Median","47",1991,85,38,123
705,"Slovenia",4,"Median","48",1991,91,39,130
705,"Slovenia",4,"Median","49",1991,93,43,136
705,"Slovenia",4,"Median","50",1991,104,41,145
705,"Slovenia",4,"Median","51",1991,111,47,158
705,"Slovenia",4,"Median","52",1991,109,57,166
705,"Slovenia",4,"Median","53",1991,119,55,174
705,"Slovenia",4,"Median","54",1991,141,52,193
705,"Slovenia",4,"Median","55",1991,152,62,215
705,"Slovenia",4,"Median","56",1991,162,66,228
705,"Slovenia",4,"Median","57",1991,188,78,266
705,"Slovenia",4,"Median","58",1991,205,81,286
705,"Slovenia",4,"Median","59",1991,225,83,308
705,"Slovenia",4,"Median","60",1991,245,97,341
705,"Slovenia",4,"Median","61",1991,252,106,358
705,"Slovenia",4,"Median","62",1991,234,125,358
705,"Slovenia",4,"Median","63",1991,223,117,341
705,"Slovenia",4,"Median","64",1991,227,134,361
705,"Slovenia",4,"Median","65",1991,222,138,360
705,"Slovenia",4,"Median","66",1991,208,151,359
705,"Slovenia",4,"Median","67",1991,214,179,393
705,"Slovenia",4,"Median","68",1991,230,183,412
705,"Slovenia",4,"Median","69",1991,244,188,433
705,"Slovenia",4,"Median","70",1991,225,217,442
705,"Slovenia",4,"Median","71",1991,209,182,391
705,"Slovenia",4,"Median","72",1991,166,167,333
705,"Slovenia",4,"Median","73",1991,133,141,274
705,"Slovenia",4,"Median","74",1991,132,144,276
705,"Slovenia",4,"Median","75",1991,186,192,378
705,"Slovenia",4,"Median","76",1991,257,283,540
705,"Slovenia",4,"Median","77",1991,305,357,662
705,"Slovenia",4,"Median","78",1991,309,386,695
705,"Slovenia",4,"Median","79",1991,304,400,704
705,"Slovenia",4,"Median","80",1991,294,410,704
705,"Slovenia",4,"Median","81",1991,286,425,711
705,"Slovenia",4,"Median","82",1991,263,421,684
705,"Slovenia",4,"Median","83",1991,232,404,636
705,"Slovenia",4,"Median","84",1991,207,392,599
705,"Slovenia",4,"Median","85",1991,182,371,553
705,"Slovenia",4,"Median","86",1991,156,342,499
705,"Slovenia",4,"Median","87",1991,134,313,447
705,"Slovenia",4,"Median","88",1991,115,285,401
705,"Slovenia",4,"Median","89",1991,99,264,363
705,"Slovenia",4,"Median","90",1991,81,235,316
705,"Slovenia",4,"Median","91",1991,61,190,251
705,"Slovenia",4,"Median","92",1991,43,144,187
705,"Slovenia",4,"Median","93",1991,30,110,140
705,"Slovenia",4,"Median","94",1991,21,82,103
705,"Slovenia",4,"Median","95",1991,14,59,73
705,"Slovenia",4,"Median","96",1991,10,40,50
705,"Slovenia",4,"Median","97",1991,6,27,33
705,"Slovenia",4,"Median","98",1991,4,18,22
705,"Slovenia",4,"Median","99",1991,3,11,14
705,"Slovenia",4,"Median","100",1991,1,5,6
705,"Slovenia",4,"Median","101",1991,1,3,4
705,"Slovenia",4,"Median","102",1991,1,2,3
705,"Slovenia",4,"Median","103",1991,0,2,2
705,"Slovenia",4,"Median","104",1991,0,1,1
705,"Slovenia",4,"Median","105",1991,0,1,1
705,"Slovenia",4,"Median","106",1991,0,1,1
705,"Slovenia",4,"Median","107",1991,0,0,0
705,"Slovenia",4,"Median","108",1991,0,0,0
705,"Slovenia",4,"Median","109",1991,0,0,0
705,"Slovenia",4,"Median","110",1991,0,0,0
705,"Slovenia",4,"Median","0",1992,96,62,158
705,"Slovenia",4,"Median","1",1992,7,6,13
705,"Slovenia",4,"Median","2",1992,3,4,7
705,"Slovenia",4,"Median","3",1992,3,4,7
705,"Slovenia",4,"Median","4",1992,5,2,7
705,"Slovenia",4,"Median","5",1992,4,2,6
705,"Slovenia",4,"Median","6",1992,2,3,4
705,"Slovenia",4,"Median","7",1992,3,1,4
705,"Slovenia",4,"Median","8",1992,2,2,4
705,"Slovenia",4,"Median","9",1992,2,2,4
705,"Slovenia",4,"Median","10",1992,3,2,5
705,"Slovenia",4,"Median","11",1992,2,1,4
705,"Slovenia",4,"Median","12",1992,3,2,5
705,"Slovenia",4,"Median","13",1992,5,2,7
705,"Slovenia",4,"Median","14",1992,7,5,12
705,"Slovenia",4,"Median","15",1992,6,2,7
705,"Slovenia",4,"Median","16",1992,11,4,15
705,"Slovenia",4,"Median","17",1992,12,6,18
705,"Slovenia",4,"Median","18",1992,20,5,25
705,"Slovenia",4,"Median","19",1992,22,7,29
705,"Slovenia",4,"Median","20",1992,29,6,36
705,"Slovenia",4,"Median","21",1992,28,4,32
705,"Slovenia",4,"Median","22",1992,21,6,27
705,"Slovenia",4,"Median","23",1992,24,7,31
705,"Slovenia",4,"Median","24",1992,28,6,34
705,"Slovenia",4,"Median","25",1992,28,8,36
705,"Slovenia",4,"Median","26",1992,24,6,30
705,"Slovenia",4,"Median","27",1992,23,6,29
705,"Slovenia",4,"Median","28",1992,21,6,27
705,"Slovenia",4,"Median","29",1992,22,10,32
705,"Slovenia",4,"Median","30",1992,27,7,34
705,"Slovenia",4,"Median","31",1992,32,8,41
705,"Slovenia",4,"Median","32",1992,33,10,44
705,"Slovenia",4,"Median","33",1992,32,9,41
705,"Slovenia",4,"Median","34",1992,37,11,48
705,"Slovenia",4,"Median","35",1992,39,14,54
705,"Slovenia",4,"Median","36",1992,47,19,66
705,"Slovenia",4,"Median","37",1992,51,18,69
705,"Slovenia",4,"Median","38",1992,57,20,78
705,"Slovenia",4,"Median","39",1992,59,15,74
705,"Slovenia",4,"Median","40",1992,59,19,77
705,"Slovenia",4,"Median","41",1992,66,29,95
705,"Slovenia",4,"Median","42",1992,75,27,101
705,"Slovenia",4,"Median","43",1992,67,26,93
705,"Slovenia",4,"Median","44",1992,69,26,95
705,"Slovenia",4,"Median","45",1992,69,31,100
705,"Slovenia",4,"Median","46",1992,63,28,91
705,"Slovenia",4,"Median","47",1992,71,32,103
705,"Slovenia",4,"Median","48",1992,81,39,120
705,"Slovenia",4,"Median","49",1992,92,40,133
705,"Slovenia",4,"Median","50",1992,104,42,147
705,"Slovenia",4,"Median","51",1992,108,48,156
705,"Slovenia",4,"Median","52",1992,115,56,171
705,"Slovenia",4,"Median","53",1992,124,56,180
705,"Slovenia",4,"Median","54",1992,136,55,191
705,"Slovenia",4,"Median","55",1992,152,61,213
705,"Slovenia",4,"Median","56",1992,169,62,231
705,"Slovenia",4,"Median","57",1992,184,80,264
705,"Slovenia",4,"Median","58",1992,192,83,275
705,"Slovenia",4,"Median","59",1992,215,85,300
705,"Slovenia",4,"Median","60",1992,237,102,339
705,"Slovenia",4,"Median","61",1992,256,116,372
705,"Slovenia",4,"Median","62",1992,261,131,392
705,"Slovenia",4,"Median","63",1992,246,122,368
705,"Slovenia",4,"Median","64",1992,243,145,388
705,"Slovenia",4,"Median","65",1992,243,132,374
705,"Slovenia",4,"Median","66",1992,226,150,376
705,"Slovenia",4,"Median","67",1992,217,182,399
705,"Slovenia",4,"Median","68",1992,239,177,416
705,"Slovenia",4,"Median","69",1992,260,205,465
705,"Slovenia",4,"Median","70",1992,227,227,455
705,"Slovenia",4,"Median","71",1992,231,218,449
705,"Slovenia",4,"Median","72",1992,220,219,439
705,"Slovenia",4,"Median","73",1992,167,181,348
705,"Slovenia",4,"Median","74",1992,136,143,279
705,"Slovenia",4,"Median","75",1992,156,160,316
705,"Slovenia",4,"Median","76",1992,189,208,397
705,"Slovenia",4,"Median","77",1992,260,304,564
705,"Slovenia",4,"Median","78",1992,305,381,686
705,"Slovenia",4,"Median","79",1992,307,408,714
705,"Slovenia",4,"Median","80",1992,298,418,717
705,"Slovenia",4,"Median","81",1992,285,424,709
705,"Slovenia",4,"Median","82",1992,273,435,708
705,"Slovenia",4,"Median","83",1992,249,425,673
705,"Slovenia",4,"Median","84",1992,216,402,619
705,"Slovenia",4,"Median","85",1992,190,384,574
705,"Slovenia",4,"Median","86",1992,165,357,522
705,"Slovenia",4,"Median","87",1992,139,324,462
705,"Slovenia",4,"Median","88",1992,117,290,407
705,"Slovenia",4,"Median","89",1992,99,259,357
705,"Slovenia",4,"Median","90",1992,83,233,316
705,"Slovenia",4,"Median","91",1992,66,203,269
705,"Slovenia",4,"Median","92",1992,49,160,209
705,"Slovenia",4,"Median","93",1992,34,117,151
705,"Slovenia",4,"Median","94",1992,23,87,110
705,"Slovenia",4,"Median","95",1992,16,63,79
705,"Slovenia",4,"Median","96",1992,10,44,54
705,"Slovenia",4,"Median","97",1992,7,29,36
705,"Slovenia",4,"Median","98",1992,4,18,23
705,"Slovenia",4,"Median","99",1992,3,12,14
705,"Slovenia",4,"Median","100",1992,1,5,6
705,"Slovenia",4,"Median","101",1992,1,4,5
705,"Slovenia",4,"Median","102",1992,1,3,4
705,"Slovenia",4,"Median","103",1992,0,2,2
705,"Slovenia",4,"Median","104",1992,0,1,1
705,"Slovenia",4,"Median","105",1992,0,1,1
705,"Slovenia",4,"Median","106",1992,0,1,1
705,"Slovenia",4,"Median","107",1992,0,0,0
705,"Slovenia",4,"Median","108",1992,0,0,0
705,"Slovenia",4,"Median","109",1992,0,0,0
705,"Slovenia",4,"Median","110",1992,0,0,0
705,"Slovenia",4,"Median","0",1993,79,65,144
705,"Slovenia",4,"Median","1",1993,6,4,10
705,"Slovenia",4,"Median","2",1993,4,4,8
705,"Slovenia",4,"Median","3",1993,4,4,8
705,"Slovenia",4,"Median","4",1993,5,3,7
705,"Slovenia",4,"Median","5",1993,3,3,6
705,"Slovenia",4,"Median","6",1993,2,3,6
705,"Slovenia",4,"Median","7",1993,3,2,5
705,"Slovenia",4,"Median","8",1993,3,2,5
705,"Slovenia",4,"Median","9",1993,2,2,4
705,"Slovenia",4,"Median","10",1993,3,2,5
705,"Slovenia",4,"Median","11",1993,1,1,3
705,"Slovenia",4,"Median","12",1993,4,2,6
705,"Slovenia",4,"Median","13",1993,4,2,6
705,"Slovenia",4,"Median","14",1993,6,3,9
705,"Slovenia",4,"Median","15",1993,6,2,9
705,"Slovenia",4,"Median","16",1993,10,4,14
705,"Slovenia",4,"Median","17",1993,17,6,23
705,"Slovenia",4,"Median","18",1993,23,5,27
705,"Slovenia",4,"Median","19",1993,22,9,30
705,"Slovenia",4,"Median","20",1993,26,7,33
705,"Slovenia",4,"Median","21",1993,29,5,34
705,"Slovenia",4,"Median","22",1993,23,7,30
705,"Slovenia",4,"Median","23",1993,22,7,29
705,"Slovenia",4,"Median","24",1993,23,7,30
705,"Slovenia",4,"Median","25",1993,26,9,35
705,"Slovenia",4,"Median","26",1993,28,6,34
705,"Slovenia",4,"Median","27",1993,24,6,30
705,"Slovenia",4,"Median","28",1993,25,5,30
705,"Slovenia",4,"Median","29",1993,20,10,30
705,"Slovenia",4,"Median","30",1993,28,7,34
705,"Slovenia",4,"Median","31",1993,33,11,44
705,"Slovenia",4,"Median","32",1993,37,11,48
705,"Slovenia",4,"Median","33",1993,31,10,42
705,"Slovenia",4,"Median","34",1993,35,11,46
705,"Slovenia",4,"Median","35",1993,33,13,46
705,"Slovenia",4,"Median","36",1993,41,18,58
705,"Slovenia",4,"Median","37",1993,51,18,69
705,"Slovenia",4,"Median","38",1993,60,23,83
705,"Slovenia",4,"Median","39",1993,53,15,68
705,"Slovenia",4,"Median","40",1993,59,20,79
705,"Slovenia",4,"Median","41",1993,69,24,92
705,"Slovenia",4,"Median","42",1993,75,28,103
705,"Slovenia",4,"Median","43",1993,70,32,102
705,"Slovenia",4,"Median","44",1993,72,30,102
705,"Slovenia",4,"Median","45",1993,78,31,109
705,"Slovenia",4,"Median","46",1993,75,31,106
705,"Slovenia",4,"Median","47",1993,73,36,109
705,"Slovenia",4,"Median","48",1993,66,33,99
705,"Slovenia",4,"Median","49",1993,89,36,124
705,"Slovenia",4,"Median","50",1993,111,44,155
705,"Slovenia",4,"Median","51",1993,110,42,152
705,"Slovenia",4,"Median","52",1993,116,51,167
705,"Slovenia",4,"Median","53",1993,128,55,184
705,"Slovenia",4,"Median","54",1993,138,57,195
705,"Slovenia",4,"Median","55",1993,144,57,201
705,"Slovenia",4,"Median","56",1993,171,58,229
705,"Slovenia",4,"Median","57",1993,178,75,254
705,"Slovenia",4,"Median","58",1993,178,80,258
705,"Slovenia",4,"Median","59",1993,199,90,289
705,"Slovenia",4,"Median","60",1993,223,91,314
705,"Slovenia",4,"Median","61",1993,237,111,348
705,"Slovenia",4,"Median","62",1993,272,128,400
705,"Slovenia",4,"Median","63",1993,272,136,408
705,"Slovenia",4,"Median","64",1993,254,138,392
705,"Slovenia",4,"Median","65",1993,268,138,406
705,"Slovenia",4,"Median","66",1993,240,144,384
705,"Slovenia",4,"Median","67",1993,243,176,419
705,"Slovenia",4,"Median","68",1993,230,181,411
705,"Slovenia",4,"Median","69",1993,254,205,458
705,"Slovenia",4,"Median","70",1993,232,226,458
705,"Slovenia",4,"Median","71",1993,237,221,458
705,"Slovenia",4,"Median","72",1993,240,233,472
705,"Slovenia",4,"Median","73",1993,218,230,447
705,"Slovenia",4,"Median","74",1993,171,181,352
705,"Slovenia",4,"Median","75",1993,150,160,310
705,"Slovenia",4,"Median","76",1993,155,169,323
705,"Slovenia",4,"Median","77",1993,186,218,404
705,"Slovenia",4,"Median","78",1993,254,315,569
705,"Slovenia",4,"Median","79",1993,295,392,688
705,"Slovenia",4,"Median","80",1993,293,416,710
705,"Slovenia",4,"Median","81",1993,282,423,705
705,"Slovenia",4,"Median","82",1993,267,424,691
705,"Slovenia",4,"Median","83",1993,252,430,682
705,"Slovenia",4,"Median","84",1993,226,414,640
705,"Slovenia",4,"Median","85",1993,194,387,580
705,"Slovenia",4,"Median","86",1993,167,363,530
705,"Slovenia",4,"Median","87",1993,142,332,474
705,"Slovenia",4,"Median","88",1993,118,295,413
705,"Slovenia",4,"Median","89",1993,98,259,356
705,"Slovenia",4,"Median","90",1993,81,226,306
705,"Slovenia",4,"Median","91",1993,66,199,265
705,"Slovenia",4,"Median","92",1993,52,168,220
705,"Slovenia",4,"Median","93",1993,37,129,166
705,"Slovenia",4,"Median","94",1993,25,92,117
705,"Slovenia",4,"Median","95",1993,17,66,83
705,"Slovenia",4,"Median","96",1993,11,47,58
705,"Slovenia",4,"Median","97",1993,7,31,38
705,"Slovenia",4,"Median","98",1993,5,20,25
705,"Slovenia",4,"Median","99",1993,3,12,15
705,"Slovenia",4,"Median","100",1993,1,5,6
705,"Slovenia",4,"Median","101",1993,1,4,5
705,"Slovenia",4,"Median","102",1993,1,3,4
705,"Slovenia",4,"Median","103",1993,0,2,2
705,"Slovenia",4,"Median","104",1993,0,1,1
705,"Slovenia",4,"Median","105",1993,0,1,1
705,"Slovenia",4,"Median","106",1993,0,1,1
705,"Slovenia",4,"Median","107",1993,0,1,1
705,"Slovenia",4,"Median","108",1993,0,0,0
705,"Slovenia",4,"Median","109",1993,0,0,0
705,"Slovenia",4,"Median","110",1993,0,0,0
705,"Slovenia",4,"Median","0",1994,67,54,121
705,"Slovenia",4,"Median","1",1994,5,3,8
705,"Slovenia",4,"Median","2",1994,4,3,7
705,"Slovenia",4,"Median","3",1994,6,3,9
705,"Slovenia",4,"Median","4",1994,4,2,6
705,"Slovenia",4,"Median","5",1994,3,3,5
705,"Slovenia",4,"Median","6",1994,2,3,5
705,"Slovenia",4,"Median","7",1994,4,2,6
705,"Slovenia",4,"Median","8",1994,3,2,5
705,"Slovenia",4,"Median","9",1994,2,3,5
705,"Slovenia",4,"Median","10",1994,4,2,6
705,"Slovenia",4,"Median","11",1994,1,2,3
705,"Slovenia",4,"Median","12",1994,5,2,6
705,"Slovenia",4,"Median","13",1994,4,2,5
705,"Slovenia",4,"Median","14",1994,5,2,7
705,"Slovenia",4,"Median","15",1994,9,3,12
705,"Slovenia",4,"Median","16",1994,7,5,11
705,"Slovenia",4,"Median","17",1994,19,6,24
705,"Slovenia",4,"Median","18",1994,24,7,30
705,"Slovenia",4,"Median","19",1994,21,6,27
705,"Slovenia",4,"Median","20",1994,23,7,30
705,"Slovenia",4,"Median","21",1994,26,6,31
705,"Slovenia",4,"Median","22",1994,26,7,34
705,"Slovenia",4,"Median","23",1994,22,6,28
705,"Slovenia",4,"Median","24",1994,19,7,26
705,"Slovenia",4,"Median","25",1994,26,8,34
705,"Slovenia",4,"Median","26",1994,26,5,31
705,"Slovenia",4,"Median","27",1994,23,6,29
705,"Slovenia",4,"Median","28",1994,23,7,30
705,"Slovenia",4,"Median","29",1994,20,10,30
705,"Slovenia",4,"Median","30",1994,22,7,29
705,"Slovenia",4,"Median","31",1994,29,9,38
705,"Slovenia",4,"Median","32",1994,35,8,42
705,"Slovenia",4,"Median","33",1994,29,12,42
705,"Slovenia",4,"Median","34",1994,35,15,50
705,"Slovenia",4,"Median","35",1994,30,11,40
705,"Slovenia",4,"Median","36",1994,32,15,47
705,"Slovenia",4,"Median","37",1994,49,19,68
705,"Slovenia",4,"Median","38",1994,53,21,74
705,"Slovenia",4,"Median","39",1994,48,16,64
705,"Slovenia",4,"Median","40",1994,59,24,83
705,"Slovenia",4,"Median","41",1994,72,25,97
705,"Slovenia",4,"Median","42",1994,68,25,92
705,"Slovenia",4,"Median","43",1994,72,29,101
705,"Slovenia",4,"Median","44",1994,79,32,111
705,"Slovenia",4,"Median","45",1994,77,29,106
705,"Slovenia",4,"Median","46",1994,83,32,116
705,"Slovenia",4,"Median","47",1994,83,38,121
705,"Slovenia",4,"Median","48",1994,66,36,102
705,"Slovenia",4,"Median","49",1994,79,28,107
705,"Slovenia",4,"Median","50",1994,102,38,139
705,"Slovenia",4,"Median","51",1994,114,49,163
705,"Slovenia",4,"Median","52",1994,114,55,169
705,"Slovenia",4,"Median","53",1994,128,54,182
705,"Slovenia",4,"Median","54",1994,138,55,193
705,"Slovenia",4,"Median","55",1994,147,58,205
705,"Slovenia",4,"Median","56",1994,161,60,220
705,"Slovenia",4,"Median","57",1994,166,63,229
705,"Slovenia",4,"Median","58",1994,177,75,252
705,"Slovenia",4,"Median","59",1994,187,87,274
705,"Slovenia",4,"Median","60",1994,209,92,301
705,"Slovenia",4,"Median","61",1994,216,108,323
705,"Slovenia",4,"Median","62",1994,262,124,386
705,"Slovenia",4,"Median","63",1994,265,134,399
705,"Slovenia",4,"Median","64",1994,268,135,403
705,"Slovenia",4,"Median","65",1994,264,142,406
705,"Slovenia",4,"Median","66",1994,270,152,423
705,"Slovenia",4,"Median","67",1994,255,168,422
705,"Slovenia",4,"Median","68",1994,235,184,418
705,"Slovenia",4,"Median","69",1994,253,207,460
705,"Slovenia",4,"Median","70",1994,234,222,456
705,"Slovenia",4,"Median","71",1994,248,231,479
705,"Slovenia",4,"Median","72",1994,247,239,486
705,"Slovenia",4,"Median","73",1994,248,269,516
705,"Slovenia",4,"Median","74",1994,223,226,449
705,"Slovenia",4,"Median","75",1994,191,211,402
705,"Slovenia",4,"Median","76",1994,148,169,317
705,"Slovenia",4,"Median","77",1994,151,177,328
705,"Slovenia",4,"Median","78",1994,181,227,407
705,"Slovenia",4,"Median","79",1994,244,326,570
705,"Slovenia",4,"Median","80",1994,281,402,683
705,"Slovenia",4,"Median","81",1994,276,422,698
705,"Slovenia",4,"Median","82",1994,262,424,686
705,"Slovenia",4,"Median","83",1994,245,420,664
705,"Slovenia",4,"Median","84",1994,228,419,648
705,"Slovenia",4,"Median","85",1994,202,398,600
705,"Slovenia",4,"Median","86",1994,170,365,536
705,"Slovenia",4,"Median","87",1994,144,337,482
705,"Slovenia",4,"Median","88",1994,121,302,423
705,"Slovenia",4,"Median","89",1994,98,263,362
705,"Slovenia",4,"Median","90",1994,80,226,305
705,"Slovenia",4,"Median","91",1994,65,192,257
705,"Slovenia",4,"Median","92",1994,52,165,217
705,"Slovenia",4,"Median","93",1994,40,136,176
705,"Slovenia",4,"Median","94",1994,28,101,129
705,"Slovenia",4,"Median","95",1994,18,70,88
705,"Slovenia",4,"Median","96",1994,12,49,61
705,"Slovenia",4,"Median","97",1994,8,33,41
705,"Slovenia",4,"Median","98",1994,5,21,26
705,"Slovenia",4,"Median","99",1994,3,13,16
705,"Slovenia",4,"Median","100",1994,1,5,6
705,"Slovenia",4,"Median","101",1994,1,4,5
705,"Slovenia",4,"Median","102",1994,1,3,4
705,"Slovenia",4,"Median","103",1994,0,2,2
705,"Slovenia",4,"Median","104",1994,0,1,1
705,"Slovenia",4,"Median","105",1994,0,1,1
705,"Slovenia",4,"Median","106",1994,0,1,1
705,"Slovenia",4,"Median","107",1994,0,1,1
705,"Slovenia",4,"Median","108",1994,0,0,0
705,"Slovenia",4,"Median","109",1994,0,0,0
705,"Slovenia",4,"Median","110",1994,0,0,0
705,"Slovenia",4,"Median","0",1995,58,47,105
705,"Slovenia",4,"Median","1",1995,6,2,8
705,"Slovenia",4,"Median","2",1995,4,3,7
705,"Slovenia",4,"Median","3",1995,5,2,7
705,"Slovenia",4,"Median","4",1995,3,2,5
705,"Slovenia",4,"Median","5",1995,2,2,4
705,"Slovenia",4,"Median","6",1995,2,3,4
705,"Slovenia",4,"Median","7",1995,4,2,6
705,"Slovenia",4,"Median","8",1995,3,2,5
705,"Slovenia",4,"Median","9",1995,3,2,5
705,"Slovenia",4,"Median","10",1995,3,1,4
705,"Slovenia",4,"Median","11",1995,1,1,3
705,"Slovenia",4,"Median","12",1995,3,3,6
705,"Slovenia",4,"Median","13",1995,5,1,5
705,"Slovenia",4,"Median","14",1995,6,3,9
705,"Slovenia",4,"Median","15",1995,8,4,12
705,"Slovenia",4,"Median","16",1995,9,5,14
705,"Slovenia",4,"Median","17",1995,20,6,26
705,"Slovenia",4,"Median","18",1995,26,5,30
705,"Slovenia",4,"Median","19",1995,20,6,26
705,"Slovenia",4,"Median","20",1995,20,6,26
705,"Slovenia",4,"Median","21",1995,22,7,29
705,"Slovenia",4,"Median","22",1995,23,7,29
705,"Slovenia",4,"Median","23",1995,19,5,24
705,"Slovenia",4,"Median","24",1995,19,6,24
705,"Slovenia",4,"Median","25",1995,24,6,30
705,"Slovenia",4,"Median","26",1995,21,5,26
705,"Slovenia",4,"Median","27",1995,22,7,28
705,"Slovenia",4,"Median","28",1995,23,6,30
705,"Slovenia",4,"Median","29",1995,20,12,32
705,"Slovenia",4,"Median","30",1995,21,9,29
705,"Slovenia",4,"Median","31",1995,24,8,31
705,"Slovenia",4,"Median","32",1995,32,7,39
705,"Slovenia",4,"Median","33",1995,26,10,36
705,"Slovenia",4,"Median","34",1995,29,12,41
705,"Slovenia",4,"Median","35",1995,28,11,39
705,"Slovenia",4,"Median","36",1995,30,14,44
705,"Slovenia",4,"Median","37",1995,39,18,57
705,"Slovenia",4,"Median","38",1995,46,21,67
705,"Slovenia",4,"Median","39",1995,45,16,61
705,"Slovenia",4,"Median","40",1995,52,24,76
705,"Slovenia",4,"Median","41",1995,63,21,84
705,"Slovenia",4,"Median","42",1995,64,24,89
705,"Slovenia",4,"Median","43",1995,72,26,98
705,"Slovenia",4,"Median","44",1995,80,35,114
705,"Slovenia",4,"Median","45",1995,77,33,110
705,"Slovenia",4,"Median","46",1995,83,31,114
705,"Slovenia",4,"Median","47",1995,81,43,124
705,"Slovenia",4,"Median","48",1995,82,44,126
705,"Slovenia",4,"Median","49",1995,84,30,114
705,"Slovenia",4,"Median","50",1995,88,32,121
705,"Slovenia",4,"Median","51",1995,103,47,149
705,"Slovenia",4,"Median","52",1995,113,55,167
705,"Slovenia",4,"Median","53",1995,122,55,177
705,"Slovenia",4,"Median","54",1995,134,58,192
705,"Slovenia",4,"Median","55",1995,139,60,199
705,"Slovenia",4,"Median","56",1995,144,60,204
705,"Slovenia",4,"Median","57",1995,141,60,200
705,"Slovenia",4,"Median","58",1995,166,71,237
705,"Slovenia",4,"Median","59",1995,181,80,261
705,"Slovenia",4,"Median","60",1995,203,84,287
705,"Slovenia",4,"Median","61",1995,208,94,302
705,"Slovenia",4,"Median","62",1995,240,116,356
705,"Slovenia",4,"Median","63",1995,243,124,366
705,"Slovenia",4,"Median","64",1995,273,127,401
705,"Slovenia",4,"Median","65",1995,273,155,428
705,"Slovenia",4,"Median","66",1995,272,153,425
705,"Slovenia",4,"Median","67",1995,284,160,444
705,"Slovenia",4,"Median","68",1995,234,183,417
705,"Slovenia",4,"Median","69",1995,263,191,453
705,"Slovenia",4,"Median","70",1995,244,206,451
705,"Slovenia",4,"Median","71",1995,241,228,469
705,"Slovenia",4,"Median","72",1995,256,232,488
705,"Slovenia",4,"Median","73",1995,240,266,506
705,"Slovenia",4,"Median","74",1995,249,258,507
705,"Slovenia",4,"Median","75",1995,239,266,505
705,"Slovenia",4,"Median","76",1995,187,217,404
705,"Slovenia",4,"Median","77",1995,144,173,316
705,"Slovenia",4,"Median","78",1995,146,180,326
705,"Slovenia",4,"Median","79",1995,172,229,401
705,"Slovenia",4,"Median","80",1995,230,327,557
705,"Slovenia",4,"Median","81",1995,262,399,661
705,"Slovenia",4,"Median","82",1995,255,415,670
705,"Slovenia",4,"Median","83",1995,239,412,651
705,"Slovenia",4,"Median","84",1995,220,403,624
705,"Slovenia",4,"Median","85",1995,203,398,600
705,"Slovenia",4,"Median","86",1995,176,372,548
705,"Slovenia",4,"Median","87",1995,146,336,482
705,"Slovenia",4,"Median","88",1995,122,305,427
705,"Slovenia",4,"Median","89",1995,101,268,368
705,"Slovenia",4,"Median","90",1995,80,228,308
705,"Slovenia",4,"Median","91",1995,64,191,255
705,"Slovenia",4,"Median","92",1995,51,159,210
705,"Slovenia",4,"Median","93",1995,40,133,173
705,"Slovenia",4,"Median","94",1995,30,107,136
705,"Slovenia",4,"Median","95",1995,21,77,98
705,"Slovenia",4,"Median","96",1995,13,52,65
705,"Slovenia",4,"Median","97",1995,8,35,43
705,"Slovenia",4,"Median","98",1995,5,23,28
705,"Slovenia",4,"Median","99",1995,3,14,18
705,"Slovenia",4,"Median","100",1995,1,5,6
705,"Slovenia",4,"Median","101",1995,1,4,5
705,"Slovenia",4,"Median","102",1995,1,3,4
705,"Slovenia",4,"Median","103",1995,0,2,2
705,"Slovenia",4,"Median","104",1995,0,2,2
705,"Slovenia",4,"Median","105",1995,0,1,1
705,"Slovenia",4,"Median","106",1995,0,1,1
705,"Slovenia",4,"Median","107",1995,0,1,1
705,"Slovenia",4,"Median","108",1995,0,0,0
705,"Slovenia",4,"Median","109",1995,0,0,0
705,"Slovenia",4,"Median","110",1995,0,0,0
705,"Slovenia",4,"Median","0",1996,56,39,95
705,"Slovenia",4,"Median","1",1996,5,3,7
705,"Slovenia",4,"Median","2",1996,4,3,7
705,"Slovenia",4,"Median","3",1996,4,1,5
705,"Slovenia",4,"Median","4",1996,2,1,3
705,"Slovenia",4,"Median","5",1996,1,2,3
705,"Slovenia",4,"Median","6",1996,2,1,4
705,"Slovenia",4,"Median","7",1996,4,1,6
705,"Slovenia",4,"Median","8",1996,4,1,5
705,"Slovenia",4,"Median","9",1996,4,2,6
705,"Slovenia",4,"Median","10",1996,4,1,4
705,"Slovenia",4,"Median","11",1996,2,2,4
705,"Slovenia",4,"Median","12",1996,3,3,6
705,"Slovenia",4,"Median","13",1996,5,1,6
705,"Slovenia",4,"Median","14",1996,7,4,10
705,"Slovenia",4,"Median","15",1996,8,5,12
705,"Slovenia",4,"Median","16",1996,9,4,13
705,"Slovenia",4,"Median","17",1996,14,5,19
705,"Slovenia",4,"Median","18",1996,20,5,25
705,"Slovenia",4,"Median","19",1996,17,5,22
705,"Slovenia",4,"Median","20",1996,20,6,27
705,"Slovenia",4,"Median","21",1996,21,5,25
705,"Slovenia",4,"Median","22",1996,19,5,25
705,"Slovenia",4,"Median","23",1996,18,5,23
705,"Slovenia",4,"Median","24",1996,21,4,25
705,"Slovenia",4,"Median","25",1996,22,5,27
705,"Slovenia",4,"Median","26",1996,18,5,23
705,"Slovenia",4,"Median","27",1996,21,6,27
705,"Slovenia",4,"Median","28",1996,19,5,24
705,"Slovenia",4,"Median","29",1996,22,8,30
705,"Slovenia",4,"Median","30",1996,25,7,32
705,"Slovenia",4,"Median","31",1996,21,6,27
705,"Slovenia",4,"Median","32",1996,28,8,36
705,"Slovenia",4,"Median","33",1996,25,9,34
705,"Slovenia",4,"Median","34",1996,30,10,40
705,"Slovenia",4,"Median","35",1996,30,12,42
705,"Slovenia",4,"Median","36",1996,31,12,42
705,"Slovenia",4,"Median","37",1996,36,16,52
705,"Slovenia",4,"Median","38",1996,43,19,62
705,"Slovenia",4,"Median","39",1996,39,19,58
705,"Slovenia",4,"Median","40",1996,50,22,72
705,"Slovenia",4,"Median","41",1996,59,24,83
705,"Slovenia",4,"Median","42",1996,60,24,83
705,"Slovenia",4,"Median","43",1996,70,19,89
705,"Slovenia",4,"Median","44",1996,81,31,112
705,"Slovenia",4,"Median","45",1996,73,33,106
705,"Slovenia",4,"Median","46",1996,88,31,118
705,"Slovenia",4,"Median","47",1996,79,42,121
705,"Slovenia",4,"Median","48",1996,87,40,127
705,"Slovenia",4,"Median","49",1996,92,39,131
705,"Slovenia",4,"Median","50",1996,81,33,114
705,"Slovenia",4,"Median","51",1996,81,37,119
705,"Slovenia",4,"Median","52",1996,105,43,148
705,"Slovenia",4,"Median","53",1996,128,51,179
705,"Slovenia",4,"Median","54",1996,118,59,177
705,"Slovenia",4,"Median","55",1996,138,58,196
705,"Slovenia",4,"Median","56",1996,135,56,192
705,"Slovenia",4,"Median","57",1996,146,61,207
705,"Slovenia",4,"Median","58",1996,162,68,230
705,"Slovenia",4,"Median","59",1996,169,73,242
705,"Slovenia",4,"Median","60",1996,202,81,284
705,"Slovenia",4,"Median","61",1996,204,89,293
705,"Slovenia",4,"Median","62",1996,221,108,329
705,"Slovenia",4,"Median","63",1996,234,115,350
705,"Slovenia",4,"Median","64",1996,266,129,394
705,"Slovenia",4,"Median","65",1996,274,145,419
705,"Slovenia",4,"Median","66",1996,291,157,448
705,"Slovenia",4,"Median","67",1996,273,146,419
705,"Slovenia",4,"Median","68",1996,258,184,441
705,"Slovenia",4,"Median","69",1996,271,185,456
705,"Slovenia",4,"Median","70",1996,247,203,449
705,"Slovenia",4,"Median","71",1996,237,221,457
705,"Slovenia",4,"Median","72",1996,252,234,486
705,"Slovenia",4,"Median","73",1996,253,264,517
705,"Slovenia",4,"Median","74",1996,247,260,507
705,"Slovenia",4,"Median","75",1996,260,296,556
705,"Slovenia",4,"Median","76",1996,240,278,518
705,"Slovenia",4,"Median","77",1996,186,226,412
705,"Slovenia",4,"Median","78",1996,142,179,321
705,"Slovenia",4,"Median","79",1996,143,186,329
705,"Slovenia",4,"Median","80",1996,167,234,402
705,"Slovenia",4,"Median","81",1996,222,331,553
705,"Slovenia",4,"Median","82",1996,250,401,651
705,"Slovenia",4,"Median","83",1996,240,413,653
705,"Slovenia",4,"Median","84",1996,223,406,628
705,"Slovenia",4,"Median","85",1996,202,392,594
705,"Slovenia",4,"Median","86",1996,183,381,564
705,"Slovenia",4,"Median","87",1996,157,351,508
705,"Slovenia",4,"Median","88",1996,128,311,440
705,"Slovenia",4,"Median","89",1996,105,277,382
705,"Slovenia",4,"Median","90",1996,85,239,324
705,"Slovenia",4,"Median","91",1996,66,199,265
705,"Slovenia",4,"Median","92",1996,52,163,214
705,"Slovenia",4,"Median","93",1996,40,132,172
705,"Slovenia",4,"Median","94",1996,31,107,138
705,"Slovenia",4,"Median","95",1996,23,83,106
705,"Slovenia",4,"Median","96",1996,15,58,74
705,"Slovenia",4,"Median","97",1996,9,38,47
705,"Slovenia",4,"Median","98",1996,6,25,31
705,"Slovenia",4,"Median","99",1996,4,16,19
705,"Slovenia",4,"Median","100",1996,1,6,7
705,"Slovenia",4,"Median","101",1996,1,4,5
705,"Slovenia",4,"Median","102",1996,1,3,4
705,"Slovenia",4,"Median","103",1996,1,2,3
705,"Slovenia",4,"Median","104",1996,0,2,2
705,"Slovenia",4,"Median","105",1996,0,1,1
705,"Slovenia",4,"Median","106",1996,0,1,1
705,"Slovenia",4,"Median","107",1996,0,1,1
705,"Slovenia",4,"Median","108",1996,0,1,1
705,"Slovenia",4,"Median","109",1996,0,0,0
705,"Slovenia",4,"Median","110",1996,0,0,0
705,"Slovenia",4,"Median","0",1997,55,35,91
705,"Slovenia",4,"Median","1",1997,4,4,8
705,"Slovenia",4,"Median","2",1997,4,3,7
705,"Slovenia",4,"Median","3",1997,3,2,5
705,"Slovenia",4,"Median","4",1997,2,1,3
705,"Slovenia",4,"Median","5",1997,1,2,3
705,"Slovenia",4,"Median","6",1997,3,1,3
705,"Slovenia",4,"Median","7",1997,4,1,5
705,"Slovenia",4,"Median","8",1997,3,1,5
705,"Slovenia",4,"Median","9",1997,3,1,4
705,"Slovenia",4,"Median","10",1997,2,1,3
705,"Slovenia",4,"Median","11",1997,2,1,3
705,"Slovenia",4,"Median","12",1997,3,3,6
705,"Slovenia",4,"Median","13",1997,6,1,7
705,"Slovenia",4,"Median","14",1997,5,3,8
705,"Slovenia",4,"Median","15",1997,6,4,10
705,"Slovenia",4,"Median","16",1997,10,5,15
705,"Slovenia",4,"Median","17",1997,14,5,19
705,"Slovenia",4,"Median","18",1997,22,3,25
705,"Slovenia",4,"Median","19",1997,17,6,24
705,"Slovenia",4,"Median","20",1997,20,6,26
705,"Slovenia",4,"Median","21",1997,18,5,24
705,"Slovenia",4,"Median","22",1997,18,6,24
705,"Slovenia",4,"Median","23",1997,21,4,25
705,"Slovenia",4,"Median","24",1997,24,5,29
705,"Slovenia",4,"Median","25",1997,22,4,26
705,"Slovenia",4,"Median","26",1997,18,6,24
705,"Slovenia",4,"Median","27",1997,19,5,24
705,"Slovenia",4,"Median","28",1997,19,4,23
705,"Slovenia",4,"Median","29",1997,21,7,28
705,"Slovenia",4,"Median","30",1997,27,6,33
705,"Slovenia",4,"Median","31",1997,22,7,28
705,"Slovenia",4,"Median","32",1997,26,9,35
705,"Slovenia",4,"Median","33",1997,24,9,33
705,"Slovenia",4,"Median","34",1997,27,7,34
705,"Slovenia",4,"Median","35",1997,28,13,42
705,"Slovenia",4,"Median","36",1997,34,11,46
705,"Slovenia",4,"Median","37",1997,34,12,46
705,"Slovenia",4,"Median","38",1997,42,19,62
705,"Slovenia",4,"Median","39",1997,41,18,60
705,"Slovenia",4,"Median","40",1997,47,20,67
705,"Slovenia",4,"Median","41",1997,55,22,77
705,"Slovenia",4,"Median","42",1997,59,24,83
705,"Slovenia",4,"Median","43",1997,70,22,92
705,"Slovenia",4,"Median","44",1997,83,32,115
705,"Slovenia",4,"Median","45",1997,75,37,112
705,"Slovenia",4,"Median","46",1997,89,31,121
705,"Slovenia",4,"Median","47",1997,84,40,124
705,"Slovenia",4,"Median","48",1997,94,36,129
705,"Slovenia",4,"Median","49",1997,93,42,136
705,"Slovenia",4,"Median","50",1997,96,42,138
705,"Slovenia",4,"Median","51",1997,86,38,124
705,"Slovenia",4,"Median","52",1997,87,30,117
705,"Slovenia",4,"Median","53",1997,126,44,170
705,"Slovenia",4,"Median","54",1997,114,65,179
705,"Slovenia",4,"Median","55",1997,133,57,190
705,"Slovenia",4,"Median","56",1997,141,53,194
705,"Slovenia",4,"Median","57",1997,147,65,212
705,"Slovenia",4,"Median","58",1997,157,68,225
705,"Slovenia",4,"Median","59",1997,158,73,232
705,"Slovenia",4,"Median","60",1997,192,80,272
705,"Slovenia",4,"Median","61",1997,209,86,295
705,"Slovenia",4,"Median","62",1997,205,92,297
705,"Slovenia",4,"Median","63",1997,223,109,333
705,"Slovenia",4,"Median","64",1997,259,122,381
705,"Slovenia",4,"Median","65",1997,275,128,403
705,"Slovenia",4,"Median","66",1997,277,159,436
705,"Slovenia",4,"Median","67",1997,298,158,456
705,"Slovenia",4,"Median","68",1997,268,181,449
705,"Slovenia",4,"Median","69",1997,282,173,455
705,"Slovenia",4,"Median","70",1997,270,198,468
705,"Slovenia",4,"Median","71",1997,259,221,479
705,"Slovenia",4,"Median","72",1997,248,236,484
705,"Slovenia",4,"Median","73",1997,239,252,491
705,"Slovenia",4,"Median","74",1997,272,265,537
705,"Slovenia",4,"Median","75",1997,268,313,581
705,"Slovenia",4,"Median","76",1997,259,313,571
705,"Slovenia",4,"Median","77",1997,237,292,530
705,"Slovenia",4,"Median","78",1997,182,237,419
705,"Slovenia",4,"Median","79",1997,138,186,324
705,"Slovenia",4,"Median","80",1997,137,191,329
705,"Slovenia",4,"Median","81",1997,159,240,399
705,"Slovenia",4,"Median","82",1997,209,336,544
705,"Slovenia",4,"Median","83",1997,232,402,634
705,"Slovenia",4,"Median","84",1997,220,409,629
705,"Slovenia",4,"Median","85",1997,201,397,598
705,"Slovenia",4,"Median","86",1997,180,378,558
705,"Slovenia",4,"Median","87",1997,161,361,522
705,"Slovenia",4,"Median","88",1997,135,327,462
705,"Slovenia",4,"Median","89",1997,109,285,393
705,"Slovenia",4,"Median","90",1997,87,248,335
705,"Slovenia",4,"Median","91",1997,69,209,278
705,"Slovenia",4,"Median","92",1997,53,170,223
705,"Slovenia",4,"Median","93",1997,40,135,176
705,"Slovenia",4,"Median","94",1997,31,107,137
705,"Slovenia",4,"Median","95",1997,23,84,107
705,"Slovenia",4,"Median","96",1997,16,64,80
705,"Slovenia",4,"Median","97",1997,11,43,54
705,"Slovenia",4,"Median","98",1997,7,27,34
705,"Slovenia",4,"Median","99",1997,4,17,21
705,"Slovenia",4,"Median","100",1997,1,6,7
705,"Slovenia",4,"Median","101",1997,1,5,6
705,"Slovenia",4,"Median","102",1997,1,4,5
705,"Slovenia",4,"Median","103",1997,1,3,4
705,"Slovenia",4,"Median","104",1997,0,2,2
705,"Slovenia",4,"Median","105",1997,0,1,1
705,"Slovenia",4,"Median","106",1997,0,1,1
705,"Slovenia",4,"Median","107",1997,0,1,1
705,"Slovenia",4,"Median","108",1997,0,1,1
705,"Slovenia",4,"Median","109",1997,0,0,0
705,"Slovenia",4,"Median","110",1997,0,0,0
705,"Slovenia",4,"Median","0",1998,51,37,87
705,"Slovenia",4,"Median","1",1998,4,4,8
705,"Slovenia",4,"Median","2",1998,5,2,7
705,"Slovenia",4,"Median","3",1998,3,1,4
705,"Slovenia",4,"Median","4",1998,2,2,4
705,"Slovenia",4,"Median","5",1998,3,2,5
705,"Slovenia",4,"Median","6",1998,3,0,3
705,"Slovenia",4,"Median","7",1998,3,1,4
705,"Slovenia",4,"Median","8",1998,3,1,4
705,"Slovenia",4,"Median","9",1998,3,1,4
705,"Slovenia",4,"Median","10",1998,1,1,3
705,"Slovenia",4,"Median","11",1998,3,3,5
705,"Slovenia",4,"Median","12",1998,4,1,6
705,"Slovenia",4,"Median","13",1998,5,1,6
705,"Slovenia",4,"Median","14",1998,4,3,7
705,"Slovenia",4,"Median","15",1998,6,3,9
705,"Slovenia",4,"Median","16",1998,9,4,13
705,"Slovenia",4,"Median","17",1998,11,4,16
705,"Slovenia",4,"Median","18",1998,18,4,22
705,"Slovenia",4,"Median","19",1998,18,7,25
705,"Slovenia",4,"Median","20",1998,21,5,26
705,"Slovenia",4,"Median","21",1998,15,3,18
705,"Slovenia",4,"Median","22",1998,20,8,28
705,"Slovenia",4,"Median","23",1998,23,4,28
705,"Slovenia",4,"Median","24",1998,20,5,25
705,"Slovenia",4,"Median","25",1998,19,3,22
705,"Slovenia",4,"Median","26",1998,21,6,27
705,"Slovenia",4,"Median","27",1998,15,4,19
705,"Slovenia",4,"Median","28",1998,15,4,20
705,"Slovenia",4,"Median","29",1998,22,4,26
705,"Slovenia",4,"Median","30",1998,24,4,29
705,"Slovenia",4,"Median","31",1998,24,7,32
705,"Slovenia",4,"Median","32",1998,22,9,31
705,"Slovenia",4,"Median","33",1998,23,10,33
705,"Slovenia",4,"Median","34",1998,28,8,36
705,"Slovenia",4,"Median","35",1998,30,11,41
705,"Slovenia",4,"Median","36",1998,33,10,44
705,"Slovenia",4,"Median","37",1998,38,9,47
705,"Slovenia",4,"Median","38",1998,40,16,56
705,"Slovenia",4,"Median","39",1998,39,17,56
705,"Slovenia",4,"Median","40",1998,43,21,64
705,"Slovenia",4,"Median","41",1998,53,26,79
705,"Slovenia",4,"Median","42",1998,58,24,82
705,"Slovenia",4,"Median","43",1998,64,26,90
705,"Slovenia",4,"Median","44",1998,76,33,109
705,"Slovenia",4,"Median","45",1998,81,37,117
705,"Slovenia",4,"Median","46",1998,89,31,121
705,"Slovenia",4,"Median","47",1998,96,37,134
705,"Slovenia",4,"Median","48",1998,92,35,128
705,"Slovenia",4,"Median","49",1998,98,43,141
705,"Slovenia",4,"Median","50",1998,99,51,150
705,"Slovenia",4,"Median","51",1998,106,43,149
705,"Slovenia",4,"Median","52",1998,88,33,121
705,"Slovenia",4,"Median","53",1998,106,37,143
705,"Slovenia",4,"Median","54",1998,108,56,165
705,"Slovenia",4,"Median","55",1998,135,55,191
705,"Slovenia",4,"Median","56",1998,142,61,202
705,"Slovenia",4,"Median","57",1998,157,63,219
705,"Slovenia",4,"Median","58",1998,152,67,219
705,"Slovenia",4,"Median","59",1998,151,72,224
705,"Slovenia",4,"Median","60",1998,188,76,264
705,"Slovenia",4,"Median","61",1998,200,94,294
705,"Slovenia",4,"Median","62",1998,205,85,290
705,"Slovenia",4,"Median","63",1998,225,94,319
705,"Slovenia",4,"Median","64",1998,251,117,368
705,"Slovenia",4,"Median","65",1998,286,121,406
705,"Slovenia",4,"Median","66",1998,252,147,399
705,"Slovenia",4,"Median","67",1998,291,170,461
705,"Slovenia",4,"Median","68",1998,298,178,477
705,"Slovenia",4,"Median","69",1998,282,183,465
705,"Slovenia",4,"Median","70",1998,288,210,498
705,"Slovenia",4,"Median","71",1998,271,220,491
705,"Slovenia",4,"Median","72",1998,261,246,508
705,"Slovenia",4,"Median","73",1998,240,254,494
705,"Slovenia",4,"Median","74",1998,267,265,533
705,"Slovenia",4,"Median","75",1998,283,321,604
705,"Slovenia",4,"Median","76",1998,271,334,605
705,"Slovenia",4,"Median","77",1998,260,331,592
705,"Slovenia",4,"Median","78",1998,237,308,545
705,"Slovenia",4,"Median","79",1998,181,247,428
705,"Slovenia",4,"Median","80",1998,136,193,328
705,"Slovenia",4,"Median","81",1998,134,196,330
705,"Slovenia",4,"Median","82",1998,154,243,397
705,"Slovenia",4,"Median","83",1998,199,337,536
705,"Slovenia",4,"Median","84",1998,219,398,618
705,"Slovenia",4,"Median","85",1998,205,400,605
705,"Slovenia",4,"Median","86",1998,185,382,566
705,"Slovenia",4,"Median","87",1998,163,357,520
705,"Slovenia",4,"Median","88",1998,143,336,479
705,"Slovenia",4,"Median","89",1998,118,298,416
705,"Slovenia",4,"Median","90",1998,93,254,347
705,"Slovenia",4,"Median","91",1998,74,216,289
705,"Slovenia",4,"Median","92",1998,57,177,234
705,"Slovenia",4,"Median","93",1998,43,140,183
705,"Slovenia",4,"Median","94",1998,32,109,141
705,"Slovenia",4,"Median","95",1998,24,83,107
705,"Slovenia",4,"Median","96",1998,17,64,81
705,"Slovenia",4,"Median","97",1998,12,46,58
705,"Slovenia",4,"Median","98",1998,8,30,38
705,"Slovenia",4,"Median","99",1998,5,18,23
705,"Slovenia",4,"Median","100",1998,2,7,9
705,"Slovenia",4,"Median","101",1998,1,5,6
705,"Slovenia",4,"Median","102",1998,1,4,5
705,"Slovenia",4,"Median","103",1998,1,3,4
705,"Slovenia",4,"Median","104",1998,0,2,2
705,"Slovenia",4,"Median","105",1998,0,2,2
705,"Slovenia",4,"Median","106",1998,0,1,1
705,"Slovenia",4,"Median","107",1998,0,1,1
705,"Slovenia",4,"Median","108",1998,0,1,1
705,"Slovenia",4,"Median","109",1998,0,1,1
705,"Slovenia",4,"Median","110",1998,0,0,0
705,"Slovenia",4,"Median","0",1999,50,35,85
705,"Slovenia",4,"Median","1",1999,5,3,8
705,"Slovenia",4,"Median","2",1999,4,2,5
705,"Slovenia",4,"Median","3",1999,2,1,3
705,"Slovenia",4,"Median","4",1999,2,2,3
705,"Slovenia",4,"Median","5",1999,3,2,5
705,"Slovenia",4,"Median","6",1999,1,1,3
705,"Slovenia",4,"Median","7",1999,2,1,3
705,"Slovenia",4,"Median","8",1999,2,1,3
705,"Slovenia",4,"Median","9",1999,2,1,3
705,"Slovenia",4,"Median","10",1999,0,2,2
705,"Slovenia",4,"Median","11",1999,2,2,4
705,"Slovenia",4,"Median","12",1999,3,2,5
705,"Slovenia",4,"Median","13",1999,5,1,6
705,"Slovenia",4,"Median","14",1999,2,2,4
705,"Slovenia",4,"Median","15",1999,7,2,9
705,"Slovenia",4,"Median","16",1999,10,5,15
705,"Slovenia",4,"Median","17",1999,10,4,14
705,"Slovenia",4,"Median","18",1999,18,4,22
705,"Slovenia",4,"Median","19",1999,17,8,24
705,"Slovenia",4,"Median","20",1999,18,5,23
705,"Slovenia",4,"Median","21",1999,15,4,19
705,"Slovenia",4,"Median","22",1999,23,6,29
705,"Slovenia",4,"Median","23",1999,27,5,32
705,"Slovenia",4,"Median","24",1999,16,5,21
705,"Slovenia",4,"Median","25",1999,16,4,19
705,"Slovenia",4,"Median","26",1999,18,5,23
705,"Slovenia",4,"Median","27",1999,13,4,17
705,"Slovenia",4,"Median","28",1999,16,6,22
705,"Slovenia",4,"Median","29",1999,17,5,22
705,"Slovenia",4,"Median","30",1999,21,6,27
705,"Slovenia",4,"Median","31",1999,19,6,25
705,"Slovenia",4,"Median","32",1999,25,8,32
705,"Slovenia",4,"Median","33",1999,21,9,30
705,"Slovenia",4,"Median","34",1999,26,8,34
705,"Slovenia",4,"Median","35",1999,25,11,36
705,"Slovenia",4,"Median","36",1999,33,10,43
705,"Slovenia",4,"Median","37",1999,36,10,46
705,"Slovenia",4,"Median","38",1999,34,16,50
705,"Slovenia",4,"Median","39",1999,39,12,51
705,"Slovenia",4,"Median","40",1999,42,17,59
705,"Slovenia",4,"Median","41",1999,49,25,74
705,"Slovenia",4,"Median","42",1999,53,25,78
705,"Slovenia",4,"Median","43",1999,63,25,88
705,"Slovenia",4,"Median","44",1999,68,33,100
705,"Slovenia",4,"Median","45",1999,78,36,114
705,"Slovenia",4,"Median","46",1999,84,36,120
705,"Slovenia",4,"Median","47",1999,97,36,133
705,"Slovenia",4,"Median","48",1999,94,39,133
705,"Slovenia",4,"Median","49",1999,106,44,151
705,"Slovenia",4,"Median","50",1999,96,57,153
705,"Slovenia",4,"Median","51",1999,106,46,153
705,"Slovenia",4,"Median","52",1999,97,45,142
705,"Slovenia",4,"Median","53",1999,100,42,142
705,"Slovenia",4,"Median","54",1999,101,42,144
705,"Slovenia",4,"Median","55",1999,126,49,175
705,"Slovenia",4,"Median","56",1999,138,66,205
705,"Slovenia",4,"Median","57",1999,153,60,212
705,"Slovenia",4,"Median","58",1999,149,64,213
705,"Slovenia",4,"Median","59",1999,159,65,224
705,"Slovenia",4,"Median","60",1999,183,77,260
705,"Slovenia",4,"Median","61",1999,180,88,268
705,"Slovenia",4,"Median","62",1999,188,82,270
705,"Slovenia",4,"Median","63",1999,216,92,308
705,"Slovenia",4,"Median","64",1999,243,112,355
705,"Slovenia",4,"Median","65",1999,272,121,394
705,"Slovenia",4,"Median","66",1999,240,135,375
705,"Slovenia",4,"Median","67",1999,280,161,441
705,"Slovenia",4,"Median","68",1999,300,173,473
705,"Slovenia",4,"Median","69",1999,312,186,498
705,"Slovenia",4,"Median","70",1999,302,200,501
705,"Slovenia",4,"Median","71",1999,301,223,523
705,"Slovenia",4,"Median","72",1999,285,237,522
705,"Slovenia",4,"Median","73",1999,258,249,507
705,"Slovenia",4,"Median","74",1999,271,279,549
705,"Slovenia",4,"Median","75",1999,282,318,600
705,"Slovenia",4,"Median","76",1999,282,336,619
705,"Slovenia",4,"Median","77",1999,268,348,616
705,"Slovenia",4,"Median","78",1999,255,343,598
705,"Slovenia",4,"Median","79",1999,230,316,546
705,"Slovenia",4,"Median","80",1999,174,252,426
705,"Slovenia",4,"Median","81",1999,129,194,324
705,"Slovenia",4,"Median","82",1999,126,196,322
705,"Slovenia",4,"Median","83",1999,143,240,383
705,"Slovenia",4,"Median","84",1999,183,328,511
705,"Slovenia",4,"Median","85",1999,198,383,581
705,"Slovenia",4,"Median","86",1999,183,378,561
705,"Slovenia",4,"Median","87",1999,162,355,517
705,"Slovenia",4,"Median","88",1999,141,327,467
705,"Slovenia",4,"Median","89",1999,121,301,422
705,"Slovenia",4,"Median","90",1999,98,261,360
705,"Slovenia",4,"Median","91",1999,76,218,294
705,"Slovenia",4,"Median","92",1999,59,181,239
705,"Slovenia",4,"Median","93",1999,44,145,189
705,"Slovenia",4,"Median","94",1999,33,112,144
705,"Slovenia",4,"Median","95",1999,24,84,108
705,"Slovenia",4,"Median","96",1999,17,62,79
705,"Slovenia",4,"Median","97",1999,12,46,58
705,"Slovenia",4,"Median","98",1999,8,33,41
705,"Slovenia",4,"Median","99",1999,5,21,26
705,"Slovenia",4,"Median","100",1999,2,7,9
705,"Slovenia",4,"Median","101",1999,1,5,6
705,"Slovenia",4,"Median","102",1999,1,4,5
705,"Slovenia",4,"Median","103",1999,1,3,4
705,"Slovenia",4,"Median","104",1999,1,2,3
705,"Slovenia",4,"Median","105",1999,0,2,2
705,"Slovenia",4,"Median","106",1999,0,1,1
705,"Slovenia",4,"Median","107",1999,0,1,1
705,"Slovenia",4,"Median","108",1999,0,1,1
705,"Slovenia",4,"Median","109",1999,0,1,1
705,"Slovenia",4,"Median","110",1999,0,0,0
705,"Slovenia",4,"Median","0",2000,47,35,81
705,"Slovenia",4,"Median","1",2000,4,1,5
705,"Slovenia",4,"Median","2",2000,3,1,4
705,"Slovenia",4,"Median","3",2000,2,1,3
705,"Slovenia",4,"Median","4",2000,0,2,2
705,"Slovenia",4,"Median","5",2000,2,2,4
705,"Slovenia",4,"Median","6",2000,1,1,2
705,"Slovenia",4,"Median","7",2000,3,1,4
705,"Slovenia",4,"Median","8",2000,2,1,3
705,"Slovenia",4,"Median","9",2000,2,1,3
705,"Slovenia",4,"Median","10",2000,1,1,1
705,"Slovenia",4,"Median","11",2000,2,2,4
705,"Slovenia",4,"Median","12",2000,3,1,4
705,"Slovenia",4,"Median","13",2000,5,0,5
705,"Slovenia",4,"Median","14",2000,3,1,4
705,"Slovenia",4,"Median","15",2000,8,3,11
705,"Slovenia",4,"Median","16",2000,10,3,13
705,"Slovenia",4,"Median","17",2000,11,5,16
705,"Slovenia",4,"Median","18",2000,14,4,18
705,"Slovenia",4,"Median","19",2000,17,6,22
705,"Slovenia",4,"Median","20",2000,15,4,19
705,"Slovenia",4,"Median","21",2000,19,4,23
705,"Slovenia",4,"Median","22",2000,21,5,26
705,"Slovenia",4,"Median","23",2000,24,5,29
705,"Slovenia",4,"Median","24",2000,15,4,19
705,"Slovenia",4,"Median","25",2000,17,3,20
705,"Slovenia",4,"Median","26",2000,20,4,24
705,"Slovenia",4,"Median","27",2000,16,4,19
705,"Slovenia",4,"Median","28",2000,17,7,24
705,"Slovenia",4,"Median","29",2000,17,5,21
705,"Slovenia",4,"Median","30",2000,18,8,26
705,"Slovenia",4,"Median","31",2000,18,6,24
705,"Slovenia",4,"Median","32",2000,20,6,26
705,"Slovenia",4,"Median","33",2000,23,8,31
705,"Slovenia",4,"Median","34",2000,29,8,36
705,"Slovenia",4,"Median","35",2000,28,11,39
705,"Slovenia",4,"Median","36",2000,32,9,41
705,"Slovenia",4,"Median","37",2000,36,10,46
705,"Slovenia",4,"Median","38",2000,34,15,49
705,"Slovenia",4,"Median","39",2000,35,12,47
705,"Slovenia",4,"Median","40",2000,40,16,56
705,"Slovenia",4,"Median","41",2000,47,24,71
705,"Slovenia",4,"Median","42",2000,50,21,72
705,"Slovenia",4,"Median","43",2000,59,24,83
705,"Slovenia",4,"Median","44",2000,61,30,91
705,"Slovenia",4,"Median","45",2000,76,32,108
705,"Slovenia",4,"Median","46",2000,87,37,123
705,"Slovenia",4,"Median","47",2000,103,35,137
705,"Slovenia",4,"Median","48",2000,93,39,132
705,"Slovenia",4,"Median","49",2000,109,46,155
705,"Slovenia",4,"Median","50",2000,102,56,158
705,"Slovenia",4,"Median","51",2000,111,45,156
705,"Slovenia",4,"Median","52",2000,105,49,154
705,"Slovenia",4,"Median","53",2000,114,54,168
705,"Slovenia",4,"Median","54",2000,106,47,153
705,"Slovenia",4,"Median","55",2000,105,42,147
705,"Slovenia",4,"Median","56",2000,123,65,188
705,"Slovenia",4,"Median","57",2000,158,66,223
705,"Slovenia",4,"Median","58",2000,147,68,216
705,"Slovenia",4,"Median","59",2000,166,63,229
705,"Slovenia",4,"Median","60",2000,187,73,260
705,"Slovenia",4,"Median","61",2000,172,86,258
705,"Slovenia",4,"Median","62",2000,192,85,277
705,"Slovenia",4,"Median","63",2000,209,89,298
705,"Slovenia",4,"Median","64",2000,235,99,334
705,"Slovenia",4,"Median","65",2000,246,113,359
705,"Slovenia",4,"Median","66",2000,242,127,369
705,"Slovenia",4,"Median","67",2000,265,146,411
705,"Slovenia",4,"Median","68",2000,283,155,438
705,"Slovenia",4,"Median","69",2000,311,192,504
705,"Slovenia",4,"Median","70",2000,319,199,517
705,"Slovenia",4,"Median","71",2000,297,222,519
705,"Slovenia",4,"Median","72",2000,290,224,513
705,"Slovenia",4,"Median","73",2000,284,236,520
705,"Slovenia",4,"Median","74",2000,268,278,546
705,"Slovenia",4,"Median","75",2000,279,309,587
705,"Slovenia",4,"Median","76",2000,281,329,611
705,"Slovenia",4,"Median","77",2000,280,347,627
705,"Slovenia",4,"Median","78",2000,264,356,620
705,"Slovenia",4,"Median","79",2000,249,349,598
705,"Slovenia",4,"Median","80",2000,223,319,542
705,"Slovenia",4,"Median","81",2000,167,252,419
705,"Slovenia",4,"Median","82",2000,123,192,315
705,"Slovenia",4,"Median","83",2000,118,192,310
705,"Slovenia",4,"Median","84",2000,132,232,365
705,"Slovenia",4,"Median","85",2000,167,313,480
705,"Slovenia",4,"Median","86",2000,179,361,540
705,"Slovenia",4,"Median","87",2000,162,351,513
705,"Slovenia",4,"Median","88",2000,142,324,466
705,"Slovenia",4,"Median","89",2000,120,293,413
705,"Slovenia",4,"Median","90",2000,102,264,366
705,"Slovenia",4,"Median","91",2000,81,225,306
705,"Slovenia",4,"Median","92",2000,61,183,244
705,"Slovenia",4,"Median","93",2000,46,148,195
705,"Slovenia",4,"Median","94",2000,34,116,150
705,"Slovenia",4,"Median","95",2000,24,87,111
705,"Slovenia",4,"Median","96",2000,17,63,81
705,"Slovenia",4,"Median","97",2000,12,46,58
705,"Slovenia",4,"Median","98",2000,8,33,41
705,"Slovenia",4,"Median","99",2000,6,22,28
705,"Slovenia",4,"Median","100",2000,2,8,10
705,"Slovenia",4,"Median","101",2000,2,6,8
705,"Slovenia",4,"Median","102",2000,1,5,6
705,"Slovenia",4,"Median","103",2000,1,3,4
705,"Slovenia",4,"Median","104",2000,1,3,4
705,"Slovenia",4,"Median","105",2000,0,2,2
705,"Slovenia",4,"Median","106",2000,0,1,1
705,"Slovenia",4,"Median","107",2000,0,1,1
705,"Slovenia",4,"Median","108",2000,0,1,1
705,"Slovenia",4,"Median","109",2000,0,1,1
705,"Slovenia",4,"Median","110",2000,0,0,0
705,"Slovenia",4,"Median","0",2001,46,30,75
705,"Slovenia",4,"Median","1",2001,2,2,4
705,"Slovenia",4,"Median","2",2001,3,1,3
705,"Slovenia",4,"Median","3",2001,2,2,3
705,"Slovenia",4,"Median","4",2001,1,1,3
705,"Slovenia",4,"Median","5",2001,1,1,3
705,"Slovenia",4,"Median","6",2001,1,2,3
705,"Slovenia",4,"Median","7",2001,3,1,4
705,"Slovenia",4,"Median","8",2001,2,1,3
705,"Slovenia",4,"Median","9",2001,1,1,3
705,"Slovenia",4,"Median","10",2001,1,1,2
705,"Slovenia",4,"Median","11",2001,2,1,2
705,"Slovenia",4,"Median","12",2001,2,1,3
705,"Slovenia",4,"Median","13",2001,4,1,5
705,"Slovenia",4,"Median","14",2001,2,1,3
705,"Slovenia",4,"Median","15",2001,7,3,10
705,"Slovenia",4,"Median","16",2001,11,3,14
705,"Slovenia",4,"Median","17",2001,9,5,14
705,"Slovenia",4,"Median","18",2001,14,5,18
705,"Slovenia",4,"Median","19",2001,16,5,21
705,"Slovenia",4,"Median","20",2001,14,4,19
705,"Slovenia",4,"Median","21",2001,21,4,25
705,"Slovenia",4,"Median","22",2001,19,3,23
705,"Slovenia",4,"Median","23",2001,23,5,28
705,"Slovenia",4,"Median","24",2001,17,4,21
705,"Slovenia",4,"Median","25",2001,20,3,23
705,"Slovenia",4,"Median","26",2001,19,4,23
705,"Slovenia",4,"Median","27",2001,15,4,20
705,"Slovenia",4,"Median","28",2001,18,6,24
705,"Slovenia",4,"Median","29",2001,15,4,19
705,"Slovenia",4,"Median","30",2001,21,6,27
705,"Slovenia",4,"Median","31",2001,16,6,22
705,"Slovenia",4,"Median","32",2001,19,6,24
705,"Slovenia",4,"Median","33",2001,25,7,32
705,"Slovenia",4,"Median","34",2001,25,9,33
705,"Slovenia",4,"Median","35",2001,26,10,36
705,"Slovenia",4,"Median","36",2001,35,12,46
705,"Slovenia",4,"Median","37",2001,32,10,43
705,"Slovenia",4,"Median","38",2001,30,19,49
705,"Slovenia",4,"Median","39",2001,35,12,46
705,"Slovenia",4,"Median","40",2001,39,13,52
705,"Slovenia",4,"Median","41",2001,45,18,64
705,"Slovenia",4,"Median","42",2001,49,18,66
705,"Slovenia",4,"Median","43",2001,55,22,77
705,"Slovenia",4,"Median","44",2001,58,26,84
705,"Slovenia",4,"Median","45",2001,72,30,102
705,"Slovenia",4,"Median","46",2001,83,39,122
705,"Slovenia",4,"Median","47",2001,90,34,124
705,"Slovenia",4,"Median","48",2001,94,40,135
705,"Slovenia",4,"Median","49",2001,101,46,147
705,"Slovenia",4,"Median","50",2001,104,54,158
705,"Slovenia",4,"Median","51",2001,124,49,172
705,"Slovenia",4,"Median","52",2001,110,45,155
705,"Slovenia",4,"Median","53",2001,122,55,177
705,"Slovenia",4,"Median","54",2001,119,52,171
705,"Slovenia",4,"Median","55",2001,107,41,148
705,"Slovenia",4,"Median","56",2001,103,49,152
705,"Slovenia",4,"Median","57",2001,147,63,210
705,"Slovenia",4,"Median","58",2001,152,67,218
705,"Slovenia",4,"Median","59",2001,171,62,233
705,"Slovenia",4,"Median","60",2001,183,70,253
705,"Slovenia",4,"Median","61",2001,176,80,256
705,"Slovenia",4,"Median","62",2001,194,83,277
705,"Slovenia",4,"Median","63",2001,192,92,284
705,"Slovenia",4,"Median","64",2001,230,93,323
705,"Slovenia",4,"Median","65",2001,216,103,320
705,"Slovenia",4,"Median","66",2001,240,123,363
705,"Slovenia",4,"Median","67",2001,253,122,375
705,"Slovenia",4,"Median","68",2001,271,151,421
705,"Slovenia",4,"Median","69",2001,293,181,473
705,"Slovenia",4,"Median","70",2001,314,188,501
705,"Slovenia",4,"Median","71",2001,330,216,546
705,"Slovenia",4,"Median","72",2001,292,207,499
705,"Slovenia",4,"Median","73",2001,320,227,546
705,"Slovenia",4,"Median","74",2001,282,264,547
705,"Slovenia",4,"Median","75",2001,289,303,592
705,"Slovenia",4,"Median","76",2001,279,323,602
705,"Slovenia",4,"Median","77",2001,280,343,623
705,"Slovenia",4,"Median","78",2001,276,360,636
705,"Slovenia",4,"Median","79",2001,258,367,625
705,"Slovenia",4,"Median","80",2001,241,358,599
705,"Slovenia",4,"Median","81",2001,214,325,539
705,"Slovenia",4,"Median","82",2001,158,254,413
705,"Slovenia",4,"Median","83",2001,115,193,308
705,"Slovenia",4,"Median","84",2001,110,190,300
705,"Slovenia",4,"Median","85",2001,121,228,349
705,"Slovenia",4,"Median","86",2001,150,303,454
705,"Slovenia",4,"Median","87",2001,158,345,503
705,"Slovenia",4,"Median","88",2001,141,330,472
705,"Slovenia",4,"Median","89",2001,121,300,421
705,"Slovenia",4,"Median","90",2001,101,266,367
705,"Slovenia",4,"Median","91",2001,84,235,319
705,"Slovenia",4,"Median","92",2001,66,196,261
705,"Slovenia",4,"Median","93",2001,48,156,204
705,"Slovenia",4,"Median","94",2001,36,123,159
705,"Slovenia",4,"Median","95",2001,26,93,119
705,"Slovenia",4,"Median","96",2001,18,68,86
705,"Slovenia",4,"Median","97",2001,12,48,61
705,"Slovenia",4,"Median","98",2001,9,34,42
705,"Slovenia",4,"Median","99",2001,6,23,29
705,"Slovenia",4,"Median","100",2001,2,9,11
705,"Slovenia",4,"Median","101",2001,2,7,9
705,"Slovenia",4,"Median","102",2001,1,5,6
705,"Slovenia",4,"Median","103",2001,1,4,5
705,"Slovenia",4,"Median","104",2001,1,3,4
705,"Slovenia",4,"Median","105",2001,0,2,2
705,"Slovenia",4,"Median","106",2001,0,2,2
705,"Slovenia",4,"Median","107",2001,0,1,1
705,"Slovenia",4,"Median","108",2001,0,1,1
705,"Slovenia",4,"Median","109",2001,0,1,1
705,"Slovenia",4,"Median","110",2001,0,1,1
705,"Slovenia",4,"Median","0",2002,41,28,69
705,"Slovenia",4,"Median","1",2002,2,2,3
705,"Slovenia",4,"Median","2",2002,3,1,4
705,"Slovenia",4,"Median","3",2002,3,1,4
705,"Slovenia",4,"Median","4",2002,2,2,4
705,"Slovenia",4,"Median","5",2002,2,1,3
705,"Slovenia",4,"Median","6",2002,1,1,2
705,"Slovenia",4,"Median","7",2002,3,1,4
705,"Slovenia",4,"Median","8",2002,2,1,3
705,"Slovenia",4,"Median","9",2002,1,1,3
705,"Slovenia",4,"Median","10",2002,0,1,1
705,"Slovenia",4,"Median","11",2002,2,1,3
705,"Slovenia",4,"Median","12",2002,2,1,3
705,"Slovenia",4,"Median","13",2002,3,1,5
705,"Slovenia",4,"Median","14",2002,2,1,3
705,"Slovenia",4,"Median","15",2002,5,3,8
705,"Slovenia",4,"Median","16",2002,9,4,13
705,"Slovenia",4,"Median","17",2002,10,5,15
705,"Slovenia",4,"Median","18",2002,14,3,17
705,"Slovenia",4,"Median","19",2002,17,5,22
705,"Slovenia",4,"Median","20",2002,17,3,21
705,"Slovenia",4,"Median","21",2002,21,4,26
705,"Slovenia",4,"Median","22",2002,16,4,19
705,"Slovenia",4,"Median","23",2002,20,6,26
705,"Slovenia",4,"Median","24",2002,18,3,21
705,"Slovenia",4,"Median","25",2002,25,2,26
705,"Slovenia",4,"Median","26",2002,20,4,25
705,"Slovenia",4,"Median","27",2002,14,4,18
705,"Slovenia",4,"Median","28",2002,17,5,22
705,"Slovenia",4,"Median","29",2002,17,3,20
705,"Slovenia",4,"Median","30",2002,21,6,27
705,"Slovenia",4,"Median","31",2002,17,6,23
705,"Slovenia",4,"Median","32",2002,13,6,19
705,"Slovenia",4,"Median","33",2002,25,7,32
705,"Slovenia",4,"Median","34",2002,25,9,33
705,"Slovenia",4,"Median","35",2002,27,8,35
705,"Slovenia",4,"Median","36",2002,32,11,44
705,"Slovenia",4,"Median","37",2002,32,8,40
705,"Slovenia",4,"Median","38",2002,32,18,49
705,"Slovenia",4,"Median","39",2002,34,14,48
705,"Slovenia",4,"Median","40",2002,39,15,54
705,"Slovenia",4,"Median","41",2002,40,18,59
705,"Slovenia",4,"Median","42",2002,48,16,64
705,"Slovenia",4,"Median","43",2002,55,25,80
705,"Slovenia",4,"Median","44",2002,61,25,86
705,"Slovenia",4,"Median","45",2002,69,27,96
705,"Slovenia",4,"Median","46",2002,87,36,123
705,"Slovenia",4,"Median","47",2002,89,29,118
705,"Slovenia",4,"Median","48",2002,94,42,136
705,"Slovenia",4,"Median","49",2002,103,40,143
705,"Slovenia",4,"Median","50",2002,118,49,168
705,"Slovenia",4,"Median","51",2002,137,52,189
705,"Slovenia",4,"Median","52",2002,126,45,171
705,"Slovenia",4,"Median","53",2002,118,54,172
705,"Slovenia",4,"Median","54",2002,119,53,172
705,"Slovenia",4,"Median","55",2002,130,52,182
705,"Slovenia",4,"Median","56",2002,106,50,156
705,"Slovenia",4,"Median","57",2002,117,50,167
705,"Slovenia",4,"Median","58",2002,149,65,213
705,"Slovenia",4,"Median","59",2002,173,70,243
705,"Slovenia",4,"Median","60",2002,174,67,241
705,"Slovenia",4,"Median","61",2002,179,75,254
705,"Slovenia",4,"Median","62",2002,207,80,287
705,"Slovenia",4,"Median","63",2002,191,88,279
705,"Slovenia",4,"Median","64",2002,216,89,306
705,"Slovenia",4,"Median","65",2002,212,98,311
705,"Slovenia",4,"Median","66",2002,241,121,361
705,"Slovenia",4,"Median","67",2002,248,124,372
705,"Slovenia",4,"Median","68",2002,268,145,413
705,"Slovenia",4,"Median","69",2002,283,167,450
705,"Slovenia",4,"Median","70",2002,304,182,486
705,"Slovenia",4,"Median","71",2002,331,222,553
705,"Slovenia",4,"Median","72",2002,305,225,530
705,"Slovenia",4,"Median","73",2002,319,219,538
705,"Slovenia",4,"Median","74",2002,300,257,557
705,"Slovenia",4,"Median","75",2002,312,297,610
705,"Slovenia",4,"Median","76",2002,296,324,620
705,"Slovenia",4,"Median","77",2002,285,344,628
705,"Slovenia",4,"Median","78",2002,284,364,647
705,"Slovenia",4,"Median","79",2002,278,379,657
705,"Slovenia",4,"Median","80",2002,258,385,643
705,"Slovenia",4,"Median","81",2002,239,372,611
705,"Slovenia",4,"Median","82",2002,210,335,545
705,"Slovenia",4,"Median","83",2002,154,260,414
705,"Slovenia",4,"Median","84",2002,110,195,306
705,"Slovenia",4,"Median","85",2002,104,191,294
705,"Slovenia",4,"Median","86",2002,113,225,338
705,"Slovenia",4,"Median","87",2002,138,296,434
705,"Slovenia",4,"Median","88",2002,144,331,475
705,"Slovenia",4,"Median","89",2002,126,312,438
705,"Slovenia",4,"Median","90",2002,106,278,384
705,"Slovenia",4,"Median","91",2002,87,241,328
705,"Slovenia",4,"Median","92",2002,71,209,280
705,"Slovenia",4,"Median","93",2002,54,170,224
705,"Slovenia",4,"Median","94",2002,39,132,170
705,"Slovenia",4,"Median","95",2002,28,101,129
705,"Slovenia",4,"Median","96",2002,20,75,94
705,"Slovenia",4,"Median","97",2002,13,53,66
705,"Slovenia",4,"Median","98",2002,9,36,45
705,"Slovenia",4,"Median","99",2002,6,24,30
705,"Slovenia",4,"Median","100",2002,3,10,13
705,"Slovenia",4,"Median","101",2002,2,7,9
705,"Slovenia",4,"Median","102",2002,1,6,7
705,"Slovenia",4,"Median","103",2002,1,4,5
705,"Slovenia",4,"Median","104",2002,1,3,4
705,"Slovenia",4,"Median","105",2002,1,3,4
705,"Slovenia",4,"Median","106",2002,0,2,2
705,"Slovenia",4,"Median","107",2002,0,1,1
705,"Slovenia",4,"Median","108",2002,0,1,1
705,"Slovenia",4,"Median","109",2002,0,1,1
705,"Slovenia",4,"Median","110",2002,0,1,1
705,"Slovenia",4,"Median","0",2003,39,31,70
705,"Slovenia",4,"Median","1",2003,4,3,7
705,"Slovenia",4,"Median","2",2003,4,3,7
705,"Slovenia",4,"Median","3",2003,5,2,7
705,"Slovenia",4,"Median","4",2003,3,2,5
705,"Slovenia",4,"Median","5",2003,2,2,3
705,"Slovenia",4,"Median","6",2003,2,1,3
705,"Slovenia",4,"Median","7",2003,2,2,4
705,"Slovenia",4,"Median","8",2003,1,2,3
705,"Slovenia",4,"Median","9",2003,2,1,3
705,"Slovenia",4,"Median","10",2003,1,1,2
705,"Slovenia",4,"Median","11",2003,2,2,4
705,"Slovenia",4,"Median","12",2003,1,1,2
705,"Slovenia",4,"Median","13",2003,3,2,5
705,"Slovenia",4,"Median","14",2003,5,2,7
705,"Slovenia",4,"Median","15",2003,5,3,8
705,"Slovenia",4,"Median","16",2003,7,4,11
705,"Slovenia",4,"Median","17",2003,8,4,13
705,"Slovenia",4,"Median","18",2003,16,4,20
705,"Slovenia",4,"Median","19",2003,15,7,22
705,"Slovenia",4,"Median","20",2003,18,4,22
705,"Slovenia",4,"Median","21",2003,18,4,23
705,"Slovenia",4,"Median","22",2003,19,5,24
705,"Slovenia",4,"Median","23",2003,22,7,29
705,"Slovenia",4,"Median","24",2003,17,4,21
705,"Slovenia",4,"Median","25",2003,25,3,27
705,"Slovenia",4,"Median","26",2003,19,5,24
705,"Slovenia",4,"Median","27",2003,15,5,20
705,"Slovenia",4,"Median","28",2003,19,6,25
705,"Slovenia",4,"Median","29",2003,17,3,20
705,"Slovenia",4,"Median","30",2003,23,4,27
705,"Slovenia",4,"Median","31",2003,17,5,22
705,"Slovenia",4,"Median","32",2003,14,8,22
705,"Slovenia",4,"Median","33",2003,24,7,31
705,"Slovenia",4,"Median","34",2003,21,10,32
705,"Slovenia",4,"Median","35",2003,22,8,30
705,"Slovenia",4,"Median","36",2003,29,12,40
705,"Slovenia",4,"Median","37",2003,31,12,42
705,"Slovenia",4,"Median","38",2003,35,17,52
705,"Slovenia",4,"Median","39",2003,40,13,53
705,"Slovenia",4,"Median","40",2003,38,13,52
705,"Slovenia",4,"Median","41",2003,43,17,60
705,"Slovenia",4,"Median","42",2003,50,21,71
705,"Slovenia",4,"Median","43",2003,56,24,80
705,"Slovenia",4,"Median","44",2003,67,25,92
705,"Slovenia",4,"Median","45",2003,66,29,95
705,"Slovenia",4,"Median","46",2003,82,37,119
705,"Slovenia",4,"Median","47",2003,88,32,120
705,"Slovenia",4,"Median","48",2003,95,50,145
705,"Slovenia",4,"Median","49",2003,106,37,143
705,"Slovenia",4,"Median","50",2003,122,48,170
705,"Slovenia",4,"Median","51",2003,130,58,189
705,"Slovenia",4,"Median","52",2003,130,50,181
705,"Slovenia",4,"Median","53",2003,135,56,191
705,"Slovenia",4,"Median","54",2003,122,54,176
705,"Slovenia",4,"Median","55",2003,144,53,197
705,"Slovenia",4,"Median","56",2003,134,57,191
705,"Slovenia",4,"Median","57",2003,117,52,169
705,"Slovenia",4,"Median","58",2003,129,55,184
705,"Slovenia",4,"Median","59",2003,157,63,220
705,"Slovenia",4,"Median","60",2003,171,70,242
705,"Slovenia",4,"Median","61",2003,167,72,239
705,"Slovenia",4,"Median","62",2003,202,75,277
705,"Slovenia",4,"Median","63",2003,201,86,287
705,"Slovenia",4,"Median","64",2003,215,96,311
705,"Slovenia",4,"Median","65",2003,214,101,315
705,"Slovenia",4,"Median","66",2003,229,113,342
705,"Slovenia",4,"Median","67",2003,245,118,362
705,"Slovenia",4,"Median","68",2003,269,142,410
705,"Slovenia",4,"Median","69",2003,269,155,424
705,"Slovenia",4,"Median","70",2003,283,178,461
705,"Slovenia",4,"Median","71",2003,317,211,528
705,"Slovenia",4,"Median","72",2003,331,228,559
705,"Slovenia",4,"Median","73",2003,336,225,561
705,"Slovenia",4,"Median","74",2003,312,241,553
705,"Slovenia",4,"Median","75",2003,333,295,628
705,"Slovenia",4,"Median","76",2003,315,319,635
705,"Slovenia",4,"Median","77",2003,297,346,642
705,"Slovenia",4,"Median","78",2003,283,365,648
705,"Slovenia",4,"Median","79",2003,280,384,663
705,"Slovenia",4,"Median","80",2003,271,397,669
705,"Slovenia",4,"Median","81",2003,249,400,649
705,"Slovenia",4,"Median","82",2003,229,383,612
705,"Slovenia",4,"Median","83",2003,199,342,541
705,"Slovenia",4,"Median","84",2003,144,263,407
705,"Slovenia",4,"Median","85",2003,102,195,297
705,"Slovenia",4,"Median","86",2003,94,188,282
705,"Slovenia",4,"Median","87",2003,101,219,320
705,"Slovenia",4,"Median","88",2003,122,283,405
705,"Slovenia",4,"Median","89",2003,124,311,435
705,"Slovenia",4,"Median","90",2003,107,287,394
705,"Slovenia",4,"Median","91",2003,88,251,339
705,"Slovenia",4,"Median","92",2003,71,213,284
705,"Slovenia",4,"Median","93",2003,56,180,236
705,"Slovenia",4,"Median","94",2003,42,143,184
705,"Slovenia",4,"Median","95",2003,29,108,137
705,"Slovenia",4,"Median","96",2003,21,80,101
705,"Slovenia",4,"Median","97",2003,14,57,72
705,"Slovenia",4,"Median","98",2003,9,39,49
705,"Slovenia",4,"Median","99",2003,6,26,32
705,"Slovenia",4,"Median","100",2003,3,10,13
705,"Slovenia",4,"Median","101",2003,2,8,10
705,"Slovenia",4,"Median","102",2003,1,6,7
705,"Slovenia",4,"Median","103",2003,1,5,6
705,"Slovenia",4,"Median","104",2003,1,4,5
705,"Slovenia",4,"Median","105",2003,1,3,4
705,"Slovenia",4,"Median","106",2003,0,2,2
705,"Slovenia",4,"Median","107",2003,0,2,2
705,"Slovenia",4,"Median","108",2003,0,1,1
705,"Slovenia",4,"Median","109",2003,0,1,1
705,"Slovenia",4,"Median","110",2003,0,1,1
705,"Slovenia",4,"Median","0",2004,37,34,70
705,"Slovenia",4,"Median","1",2004,3,2,5
705,"Slovenia",4,"Median","2",2004,2,1,3
705,"Slovenia",4,"Median","3",2004,4,1,5
705,"Slovenia",4,"Median","4",2004,2,2,4
705,"Slovenia",4,"Median","5",2004,1,1,2
705,"Slovenia",4,"Median","6",2004,2,1,2
705,"Slovenia",4,"Median","7",2004,1,1,2
705,"Slovenia",4,"Median","8",2004,0,2,2
705,"Slovenia",4,"Median","9",2004,2,1,3
705,"Slovenia",4,"Median","10",2004,1,1,2
705,"Slovenia",4,"Median","11",2004,1,1,2
705,"Slovenia",4,"Median","12",2004,1,0,1
705,"Slovenia",4,"Median","13",2004,2,1,3
705,"Slovenia",4,"Median","14",2004,4,3,7
705,"Slovenia",4,"Median","15",2004,4,3,7
705,"Slovenia",4,"Median","16",2004,5,2,7
705,"Slovenia",4,"Median","17",2004,9,4,13
705,"Slovenia",4,"Median","18",2004,13,2,15
705,"Slovenia",4,"Median","19",2004,13,5,18
705,"Slovenia",4,"Median","20",2004,14,4,19
705,"Slovenia",4,"Median","21",2004,17,5,23
705,"Slovenia",4,"Median","22",2004,17,4,21
705,"Slovenia",4,"Median","23",2004,19,6,25
705,"Slovenia",4,"Median","24",2004,15,4,18
705,"Slovenia",4,"Median","25",2004,23,2,24
705,"Slovenia",4,"Median","26",2004,19,5,24
705,"Slovenia",4,"Median","27",2004,16,4,20
705,"Slovenia",4,"Median","28",2004,20,6,26
705,"Slovenia",4,"Median","29",2004,14,4,19
705,"Slovenia",4,"Median","30",2004,19,5,24
705,"Slovenia",4,"Median","31",2004,16,6,22
705,"Slovenia",4,"Median","32",2004,15,8,23
705,"Slovenia",4,"Median","33",2004,19,7,26
705,"Slovenia",4,"Median","34",2004,15,9,24
705,"Slovenia",4,"Median","35",2004,20,9,29
705,"Slovenia",4,"Median","36",2004,24,9,33
705,"Slovenia",4,"Median","37",2004,24,10,34
705,"Slovenia",4,"Median","38",2004,31,10,42
705,"Slovenia",4,"Median","39",2004,35,14,49
705,"Slovenia",4,"Median","40",2004,33,15,48
705,"Slovenia",4,"Median","41",2004,42,17,59
705,"Slovenia",4,"Median","42",2004,49,20,69
705,"Slovenia",4,"Median","43",2004,48,24,72
705,"Slovenia",4,"Median","44",2004,60,22,82
705,"Slovenia",4,"Median","45",2004,62,26,87
705,"Slovenia",4,"Median","46",2004,71,30,101
705,"Slovenia",4,"Median","47",2004,81,29,110
705,"Slovenia",4,"Median","48",2004,93,49,142
705,"Slovenia",4,"Median","49",2004,101,34,135
705,"Slovenia",4,"Median","50",2004,112,43,154
705,"Slovenia",4,"Median","51",2004,121,55,176
705,"Slovenia",4,"Median","52",2004,117,47,164
705,"Slovenia",4,"Median","53",2004,127,54,182
705,"Slovenia",4,"Median","54",2004,130,59,189
705,"Slovenia",4,"Median","55",2004,131,55,186
705,"Slovenia",4,"Median","56",2004,136,57,193
705,"Slovenia",4,"Median","57",2004,130,59,189
705,"Slovenia",4,"Median","58",2004,131,62,193
705,"Slovenia",4,"Median","59",2004,120,48,168
705,"Slovenia",4,"Median","60",2004,147,62,209
705,"Slovenia",4,"Median","61",2004,158,70,229
705,"Slovenia",4,"Median","62",2004,187,76,263
705,"Slovenia",4,"Median","63",2004,195,84,278
705,"Slovenia",4,"Median","64",2004,205,94,299
705,"Slovenia",4,"Median","65",2004,207,97,305
705,"Slovenia",4,"Median","66",2004,210,100,310
705,"Slovenia",4,"Median","67",2004,236,115,351
705,"Slovenia",4,"Median","68",2004,261,136,397
705,"Slovenia",4,"Median","69",2004,256,142,399
705,"Slovenia",4,"Median","70",2004,272,158,430
705,"Slovenia",4,"Median","71",2004,302,199,501
705,"Slovenia",4,"Median","72",2004,297,220,517
705,"Slovenia",4,"Median","73",2004,306,230,536
705,"Slovenia",4,"Median","74",2004,329,240,569
705,"Slovenia",4,"Median","75",2004,333,288,621
705,"Slovenia",4,"Median","76",2004,330,314,644
705,"Slovenia",4,"Median","77",2004,311,339,650
705,"Slovenia",4,"Median","78",2004,291,366,657
705,"Slovenia",4,"Median","79",2004,276,385,661
705,"Slovenia",4,"Median","80",2004,271,402,673
705,"Slovenia",4,"Median","81",2004,261,414,675
705,"Slovenia",4,"Median","82",2004,237,414,651
705,"Slovenia",4,"Median","83",2004,215,393,609
705,"Slovenia",4,"Median","84",2004,185,348,533
705,"Slovenia",4,"Median","85",2004,132,265,397
705,"Slovenia",4,"Median","86",2004,92,194,286
705,"Slovenia",4,"Median","87",2004,84,184,268
705,"Slovenia",4,"Median","88",2004,89,211,300
705,"Slovenia",4,"Median","89",2004,105,269,374
705,"Slovenia",4,"Median","90",2004,105,290,395
705,"Slovenia",4,"Median","91",2004,89,263,351
705,"Slovenia",4,"Median","92",2004,71,224,296
705,"Slovenia",4,"Median","93",2004,56,186,242
705,"Slovenia",4,"Median","94",2004,43,153,197
705,"Slovenia",4,"Median","95",2004,32,118,150
705,"Slovenia",4,"Median","96",2004,22,86,108
705,"Slovenia",4,"Median","97",2004,15,62,77
705,"Slovenia",4,"Median","98",2004,10,43,53
705,"Slovenia",4,"Median","99",2004,6,29,35
705,"Slovenia",4,"Median","100",2004,3,11,14
705,"Slovenia",4,"Median","101",2004,2,8,10
705,"Slovenia",4,"Median","102",2004,1,6,7
705,"Slovenia",4,"Median","103",2004,1,5,6
705,"Slovenia",4,"Median","104",2004,1,4,5
705,"Slovenia",4,"Median","105",2004,1,3,4
705,"Slovenia",4,"Median","106",2004,0,2,2
705,"Slovenia",4,"Median","107",2004,0,2,2
705,"Slovenia",4,"Median","108",2004,0,1,1
705,"Slovenia",4,"Median","109",2004,0,1,1
705,"Slovenia",4,"Median","110",2004,0,1,1
705,"Slovenia",4,"Median","0",2005,35,33,68
705,"Slovenia",4,"Median","1",2005,3,1,4
705,"Slovenia",4,"Median","2",2005,3,1,4
705,"Slovenia",4,"Median","3",2005,3,1,4
705,"Slovenia",4,"Median","4",2005,2,2,4
705,"Slovenia",4,"Median","5",2005,0,0,0
705,"Slovenia",4,"Median","6",2005,2,1,3
705,"Slovenia",4,"Median","7",2005,1,1,2
705,"Slovenia",4,"Median","8",2005,1,1,2
705,"Slovenia",4,"Median","9",2005,1,1,2
705,"Slovenia",4,"Median","10",2005,1,1,3
705,"Slovenia",4,"Median","11",2005,2,1,3
705,"Slovenia",4,"Median","12",2005,1,1,2
705,"Slovenia",4,"Median","13",2005,1,1,1
705,"Slovenia",4,"Median","14",2005,4,3,8
705,"Slovenia",4,"Median","15",2005,3,2,5
705,"Slovenia",4,"Median","16",2005,4,1,5
705,"Slovenia",4,"Median","17",2005,9,3,13
705,"Slovenia",4,"Median","18",2005,12,3,15
705,"Slovenia",4,"Median","19",2005,12,4,16
705,"Slovenia",4,"Median","20",2005,11,5,16
705,"Slovenia",4,"Median","21",2005,14,5,19
705,"Slovenia",4,"Median","22",2005,18,5,23
705,"Slovenia",4,"Median","23",2005,20,5,25
705,"Slovenia",4,"Median","24",2005,18,4,22
705,"Slovenia",4,"Median","25",2005,21,3,24
705,"Slovenia",4,"Median","26",2005,17,4,20
705,"Slovenia",4,"Median","27",2005,18,5,23
705,"Slovenia",4,"Median","28",2005,21,5,26
705,"Slovenia",4,"Median","29",2005,15,4,18
705,"Slovenia",4,"Median","30",2005,17,4,22
705,"Slovenia",4,"Median","31",2005,16,6,22
705,"Slovenia",4,"Median","32",2005,16,7,23
705,"Slovenia",4,"Median","33",2005,19,6,25
705,"Slovenia",4,"Median","34",2005,12,8,20
705,"Slovenia",4,"Median","35",2005,17,9,26
705,"Slovenia",4,"Median","36",2005,21,8,29
705,"Slovenia",4,"Median","37",2005,18,11,29
705,"Slovenia",4,"Median","38",2005,28,7,34
705,"Slovenia",4,"Median","39",2005,34,12,46
705,"Slovenia",4,"Median","40",2005,33,13,46
705,"Slovenia",4,"Median","41",2005,43,14,57
705,"Slovenia",4,"Median","42",2005,44,18,62
705,"Slovenia",4,"Median","43",2005,49,21,70
705,"Slovenia",4,"Median","44",2005,57,18,75
705,"Slovenia",4,"Median","45",2005,59,24,83
705,"Slovenia",4,"Median","46",2005,65,24,89
705,"Slovenia",4,"Median","47",2005,73,26,100
705,"Slovenia",4,"Median","48",2005,85,44,130
705,"Slovenia",4,"Median","49",2005,93,35,128
705,"Slovenia",4,"Median","50",2005,100,43,143
705,"Slovenia",4,"Median","51",2005,106,50,156
705,"Slovenia",4,"Median","52",2005,113,50,163
705,"Slovenia",4,"Median","53",2005,136,52,187
705,"Slovenia",4,"Median","54",2005,137,64,201
705,"Slovenia",4,"Median","55",2005,132,53,185
705,"Slovenia",4,"Median","56",2005,144,55,199
705,"Slovenia",4,"Median","57",2005,137,64,201
705,"Slovenia",4,"Median","58",2005,150,70,219
705,"Slovenia",4,"Median","59",2005,123,45,167
705,"Slovenia",4,"Median","60",2005,126,51,177
705,"Slovenia",4,"Median","61",2005,150,68,217
705,"Slovenia",4,"Median","62",2005,181,82,263
705,"Slovenia",4,"Median","63",2005,185,85,270
705,"Slovenia",4,"Median","64",2005,191,84,275
705,"Slovenia",4,"Median","65",2005,198,93,291
705,"Slovenia",4,"Median","66",2005,203,99,302
705,"Slovenia",4,"Median","67",2005,222,98,320
705,"Slovenia",4,"Median","68",2005,232,121,353
705,"Slovenia",4,"Median","69",2005,241,139,380
705,"Slovenia",4,"Median","70",2005,255,140,395
705,"Slovenia",4,"Median","71",2005,283,175,458
705,"Slovenia",4,"Median","72",2005,283,199,482
705,"Slovenia",4,"Median","73",2005,277,226,503
705,"Slovenia",4,"Median","74",2005,321,234,556
705,"Slovenia",4,"Median","75",2005,338,285,623
705,"Slovenia",4,"Median","76",2005,324,302,626
705,"Slovenia",4,"Median","77",2005,320,326,646
705,"Slovenia",4,"Median","78",2005,299,351,650
705,"Slovenia",4,"Median","79",2005,278,377,654
705,"Slovenia",4,"Median","80",2005,261,393,654
705,"Slovenia",4,"Median","81",2005,253,408,661
705,"Slovenia",4,"Median","82",2005,241,417,658
705,"Slovenia",4,"Median","83",2005,217,413,630
705,"Slovenia",4,"Median","84",2005,195,388,583
705,"Slovenia",4,"Median","85",2005,165,339,504
705,"Slovenia",4,"Median","86",2005,116,255,371
705,"Slovenia",4,"Median","87",2005,80,184,264
705,"Slovenia",4,"Median","88",2005,72,172,244
705,"Slovenia",4,"Median","89",2005,74,194,268
705,"Slovenia",4,"Median","90",2005,86,242,328
705,"Slovenia",4,"Median","91",2005,84,256,341
705,"Slovenia",4,"Median","92",2005,70,227,297
705,"Slovenia",4,"Median","93",2005,55,189,245
705,"Slovenia",4,"Median","94",2005,42,153,195
705,"Slovenia",4,"Median","95",2005,32,123,155
705,"Slovenia",4,"Median","96",2005,23,92,114
705,"Slovenia",4,"Median","97",2005,15,65,80
705,"Slovenia",4,"Median","98",2005,10,46,56
705,"Slovenia",4,"Median","99",2005,7,31,37
705,"Slovenia",4,"Median","100",2005,3,11,14
705,"Slovenia",4,"Median","101",2005,2,9,11
705,"Slovenia",4,"Median","102",2005,1,7,8
705,"Slovenia",4,"Median","103",2005,1,5,6
705,"Slovenia",4,"Median","104",2005,1,4,5
705,"Slovenia",4,"Median","105",2005,1,3,4
705,"Slovenia",4,"Median","106",2005,0,3,3
705,"Slovenia",4,"Median","107",2005,0,2,2
705,"Slovenia",4,"Median","108",2005,0,2,2
705,"Slovenia",4,"Median","109",2005,0,1,1
705,"Slovenia",4,"Median","110",2005,0,1,1
705,"Slovenia",4,"Median","0",2006,34,32,65
705,"Slovenia",4,"Median","1",2006,3,1,4
705,"Slovenia",4,"Median","2",2006,3,2,5
705,"Slovenia",4,"Median","3",2006,1,2,3
705,"Slovenia",4,"Median","4",2006,2,2,4
705,"Slovenia",4,"Median","5",2006,1,0,1
705,"Slovenia",4,"Median","6",2006,1,2,3
705,"Slovenia",4,"Median","7",2006,1,1,2
705,"Slovenia",4,"Median","8",2006,1,1,3
705,"Slovenia",4,"Median","9",2006,0,2,2
705,"Slovenia",4,"Median","10",2006,1,2,3
705,"Slovenia",4,"Median","11",2006,1,1,2
705,"Slovenia",4,"Median","12",2006,2,1,3
705,"Slovenia",4,"Median","13",2006,1,0,2
705,"Slovenia",4,"Median","14",2006,2,3,5
705,"Slovenia",4,"Median","15",2006,2,3,5
705,"Slovenia",4,"Median","16",2006,6,1,7
705,"Slovenia",4,"Median","17",2006,8,3,11
705,"Slovenia",4,"Median","18",2006,8,3,11
705,"Slovenia",4,"Median","19",2006,12,4,16
705,"Slovenia",4,"Median","20",2006,13,4,17
705,"Slovenia",4,"Median","21",2006,16,5,20
705,"Slovenia",4,"Median","22",2006,16,6,22
705,"Slovenia",4,"Median","23",2006,19,3,22
705,"Slovenia",4,"Median","24",2006,18,4,21
705,"Slovenia",4,"Median","25",2006,18,3,21
705,"Slovenia",4,"Median","26",2006,18,4,23
705,"Slovenia",4,"Median","27",2006,18,4,22
705,"Slovenia",4,"Median","28",2006,21,4,25
705,"Slovenia",4,"Median","29",2006,19,3,22
705,"Slovenia",4,"Median","30",2006,18,5,23
705,"Slovenia",4,"Median","31",2006,17,6,23
705,"Slovenia",4,"Median","32",2006,18,5,23
705,"Slovenia",4,"Median","33",2006,19,7,25
705,"Slovenia",4,"Median","34",2006,14,5,19
705,"Slovenia",4,"Median","35",2006,21,7,29
705,"Slovenia",4,"Median","36",2006,20,6,26
705,"Slovenia",4,"Median","37",2006,15,9,24
705,"Slovenia",4,"Median","38",2006,24,6,30
705,"Slovenia",4,"Median","39",2006,29,12,41
705,"Slovenia",4,"Median","40",2006,35,13,48
705,"Slovenia",4,"Median","41",2006,44,13,57
705,"Slovenia",4,"Median","42",2006,38,15,53
705,"Slovenia",4,"Median","43",2006,42,20,62
705,"Slovenia",4,"Median","44",2006,55,17,72
705,"Slovenia",4,"Median","45",2006,60,22,81
705,"Slovenia",4,"Median","46",2006,59,19,77
705,"Slovenia",4,"Median","47",2006,71,27,98
705,"Slovenia",4,"Median","48",2006,79,34,113
705,"Slovenia",4,"Median","49",2006,84,35,119
705,"Slovenia",4,"Median","50",2006,105,45,150
705,"Slovenia",4,"Median","51",2006,98,42,140
705,"Slovenia",4,"Median","52",2006,111,44,155
705,"Slovenia",4,"Median","53",2006,135,48,184
705,"Slovenia",4,"Median","54",2006,136,60,196
705,"Slovenia",4,"Median","55",2006,135,57,192
705,"Slovenia",4,"Median","56",2006,147,59,206
705,"Slovenia",4,"Median","57",2006,142,57,199
705,"Slovenia",4,"Median","58",2006,151,69,220
705,"Slovenia",4,"Median","59",2006,140,55,195
705,"Slovenia",4,"Median","60",2006,132,47,179
705,"Slovenia",4,"Median","61",2006,134,57,192
705,"Slovenia",4,"Median","62",2006,161,72,233
705,"Slovenia",4,"Median","63",2006,183,92,274
705,"Slovenia",4,"Median","64",2006,190,85,275
705,"Slovenia",4,"Median","65",2006,188,87,275
705,"Slovenia",4,"Median","66",2006,206,91,297
705,"Slovenia",4,"Median","67",2006,219,101,320
705,"Slovenia",4,"Median","68",2006,220,111,331
705,"Slovenia",4,"Median","69",2006,235,141,376
705,"Slovenia",4,"Median","70",2006,261,131,392
705,"Slovenia",4,"Median","71",2006,273,164,438
705,"Slovenia",4,"Median","72",2006,264,184,448
705,"Slovenia",4,"Median","73",2006,276,220,495
705,"Slovenia",4,"Median","74",2006,296,233,529
705,"Slovenia",4,"Median","75",2006,338,283,622
705,"Slovenia",4,"Median","76",2006,342,304,646
705,"Slovenia",4,"Median","77",2006,326,321,647
705,"Slovenia",4,"Median","78",2006,320,346,666
705,"Slovenia",4,"Median","79",2006,297,370,667
705,"Slovenia",4,"Median","80",2006,273,395,668
705,"Slovenia",4,"Median","81",2006,255,410,665
705,"Slovenia",4,"Median","82",2006,245,423,668
705,"Slovenia",4,"Median","83",2006,231,428,659
705,"Slovenia",4,"Median","84",2006,205,420,626
705,"Slovenia",4,"Median","85",2006,182,392,573
705,"Slovenia",4,"Median","86",2006,152,338,490
705,"Slovenia",4,"Median","87",2006,105,251,356
705,"Slovenia",4,"Median","88",2006,71,178,250
705,"Slovenia",4,"Median","89",2006,63,164,227
705,"Slovenia",4,"Median","90",2006,64,182,246
705,"Slovenia",4,"Median","91",2006,73,223,295
705,"Slovenia",4,"Median","92",2006,70,231,301
705,"Slovenia",4,"Median","93",2006,56,200,256
705,"Slovenia",4,"Median","94",2006,44,162,206
705,"Slovenia",4,"Median","95",2006,33,128,160
705,"Slovenia",4,"Median","96",2006,24,99,123
705,"Slovenia",4,"Median","97",2006,17,72,89
705,"Slovenia",4,"Median","98",2006,11,50,60
705,"Slovenia",4,"Median","99",2006,7,34,41
705,"Slovenia",4,"Median","100",2006,3,11,14
705,"Slovenia",4,"Median","101",2006,2,9,11
705,"Slovenia",4,"Median","102",2006,2,7,9
705,"Slovenia",4,"Median","103",2006,1,6,7
705,"Slovenia",4,"Median","104",2006,1,5,6
705,"Slovenia",4,"Median","105",2006,1,4,5
705,"Slovenia",4,"Median","106",2006,1,3,4
705,"Slovenia",4,"Median","107",2006,0,3,3
705,"Slovenia",4,"Median","108",2006,0,2,2
705,"Slovenia",4,"Median","109",2006,0,2,2
705,"Slovenia",4,"Median","110",2006,0,1,1
705,"Slovenia",4,"Median","0",2007,30,28,58
705,"Slovenia",4,"Median","1",2007,2,1,3
705,"Slovenia",4,"Median","2",2007,3,2,5
705,"Slovenia",4,"Median","3",2007,1,1,3
705,"Slovenia",4,"Median","4",2007,2,1,3
705,"Slovenia",4,"Median","5",2007,0,0,1
705,"Slovenia",4,"Median","6",2007,1,2,4
705,"Slovenia",4,"Median","7",2007,1,1,2
705,"Slovenia",4,"Median","8",2007,1,1,3
705,"Slovenia",4,"Median","9",2007,0,1,2
705,"Slovenia",4,"Median","10",2007,1,2,2
705,"Slovenia",4,"Median","11",2007,2,1,2
705,"Slovenia",4,"Median","12",2007,1,1,2
705,"Slovenia",4,"Median","13",2007,2,1,3
705,"Slovenia",4,"Median","14",2007,2,2,4
705,"Slovenia",4,"Median","15",2007,4,2,6
705,"Slovenia",4,"Median","16",2007,4,4,8
705,"Slovenia",4,"Median","17",2007,8,3,10
705,"Slovenia",4,"Median","18",2007,8,4,12
705,"Slovenia",4,"Median","19",2007,13,4,17
705,"Slovenia",4,"Median","20",2007,14,3,17
705,"Slovenia",4,"Median","21",2007,13,3,16
705,"Slovenia",4,"Median","22",2007,16,5,21
705,"Slovenia",4,"Median","23",2007,17,3,20
705,"Slovenia",4,"Median","24",2007,15,3,18
705,"Slovenia",4,"Median","25",2007,14,4,18
705,"Slovenia",4,"Median","26",2007,17,3,20
705,"Slovenia",4,"Median","27",2007,14,5,19
705,"Slovenia",4,"Median","28",2007,18,5,23
705,"Slovenia",4,"Median","29",2007,18,2,20
705,"Slovenia",4,"Median","30",2007,17,3,20
705,"Slovenia",4,"Median","31",2007,14,6,20
705,"Slovenia",4,"Median","32",2007,15,6,21
705,"Slovenia",4,"Median","33",2007,17,6,23
705,"Slovenia",4,"Median","34",2007,16,4,20
705,"Slovenia",4,"Median","35",2007,21,6,27
705,"Slovenia",4,"Median","36",2007,16,5,21
705,"Slovenia",4,"Median","37",2007,18,9,28
705,"Slovenia",4,"Median","38",2007,27,7,34
705,"Slovenia",4,"Median","39",2007,26,8,34
705,"Slovenia",4,"Median","40",2007,36,10,46
705,"Slovenia",4,"Median","41",2007,42,13,55
705,"Slovenia",4,"Median","42",2007,34,16,50
705,"Slovenia",4,"Median","43",2007,41,18,59
705,"Slovenia",4,"Median","44",2007,53,17,70
705,"Slovenia",4,"Median","45",2007,59,18,76
705,"Slovenia",4,"Median","46",2007,58,18,77
705,"Slovenia",4,"Median","47",2007,75,27,102
705,"Slovenia",4,"Median","48",2007,74,30,104
705,"Slovenia",4,"Median","49",2007,77,31,107
705,"Slovenia",4,"Median","50",2007,94,44,138
705,"Slovenia",4,"Median","51",2007,99,46,145
705,"Slovenia",4,"Median","52",2007,110,45,155
705,"Slovenia",4,"Median","53",2007,129,49,178
705,"Slovenia",4,"Median","54",2007,136,59,195
705,"Slovenia",4,"Median","55",2007,146,55,200
705,"Slovenia",4,"Median","56",2007,152,60,211
705,"Slovenia",4,"Median","57",2007,157,56,213
705,"Slovenia",4,"Median","58",2007,151,59,210
705,"Slovenia",4,"Median","59",2007,165,62,228
705,"Slovenia",4,"Median","60",2007,158,56,214
705,"Slovenia",4,"Median","61",2007,133,57,190
705,"Slovenia",4,"Median","62",2007,134,61,194
705,"Slovenia",4,"Median","63",2007,172,79,251
705,"Slovenia",4,"Median","64",2007,181,88,268
705,"Slovenia",4,"Median","65",2007,179,85,264
705,"Slovenia",4,"Median","66",2007,203,91,295
705,"Slovenia",4,"Median","67",2007,198,101,299
705,"Slovenia",4,"Median","68",2007,206,104,310
705,"Slovenia",4,"Median","69",2007,229,129,358
705,"Slovenia",4,"Median","70",2007,237,128,365
705,"Slovenia",4,"Median","71",2007,261,156,417
705,"Slovenia",4,"Median","72",2007,276,172,448
705,"Slovenia",4,"Median","73",2007,289,195,484
705,"Slovenia",4,"Median","74",2007,270,218,487
705,"Slovenia",4,"Median","75",2007,315,269,584
705,"Slovenia",4,"Median","76",2007,336,299,635
705,"Slovenia",4,"Median","77",2007,337,320,656
705,"Slovenia",4,"Median","78",2007,319,335,654
705,"Slovenia",4,"Median","79",2007,310,360,670
705,"Slovenia",4,"Median","80",2007,286,382,668
705,"Slovenia",4,"Median","81",2007,260,406,666
705,"Slovenia",4,"Median","82",2007,240,418,658
705,"Slovenia",4,"Median","83",2007,228,427,655
705,"Slovenia",4,"Median","84",2007,212,428,641
705,"Slovenia",4,"Median","85",2007,187,416,602
705,"Slovenia",4,"Median","86",2007,163,382,545
705,"Slovenia",4,"Median","87",2007,134,326,460
705,"Slovenia",4,"Median","88",2007,92,238,330
705,"Slovenia",4,"Median","89",2007,61,166,227
705,"Slovenia",4,"Median","90",2007,53,150,203
705,"Slovenia",4,"Median","91",2007,52,163,216
705,"Slovenia",4,"Median","92",2007,58,196,254
705,"Slovenia",4,"Median","93",2007,55,198,253
705,"Slovenia",4,"Median","94",2007,43,167,211
705,"Slovenia",4,"Median","95",2007,33,132,165
705,"Slovenia",4,"Median","96",2007,24,101,125
705,"Slovenia",4,"Median","97",2007,17,76,93
705,"Slovenia",4,"Median","98",2007,12,54,65
705,"Slovenia",4,"Median","99",2007,7,36,43
705,"Slovenia",4,"Median","100",2007,2,10,12
705,"Slovenia",4,"Median","101",2007,2,9,11
705,"Slovenia",4,"Median","102",2007,2,7,9
705,"Slovenia",4,"Median","103",2007,1,6,7
705,"Slovenia",4,"Median","104",2007,1,5,6
705,"Slovenia",4,"Median","105",2007,1,5,6
705,"Slovenia",4,"Median","106",2007,1,4,5
705,"Slovenia",4,"Median","107",2007,0,3,3
705,"Slovenia",4,"Median","108",2007,0,3,3
705,"Slovenia",4,"Median","109",2007,0,2,2
705,"Slovenia",4,"Median","110",2007,0,2,2
705,"Slovenia",4,"Median","0",2008,29,27,55
705,"Slovenia",4,"Median","1",2008,3,1,4
705,"Slovenia",4,"Median","2",2008,2,2,4
705,"Slovenia",4,"Median","3",2008,1,1,3
705,"Slovenia",4,"Median","4",2008,2,1,3
705,"Slovenia",4,"Median","5",2008,1,0,1
705,"Slovenia",4,"Median","6",2008,1,3,4
705,"Slovenia",4,"Median","7",2008,1,1,2
705,"Slovenia",4,"Median","8",2008,1,2,2
705,"Slovenia",4,"Median","9",2008,0,1,1
705,"Slovenia",4,"Median","10",2008,1,1,2
705,"Slovenia",4,"Median","11",2008,1,0,2
705,"Slovenia",4,"Median","12",2008,1,1,2
705,"Slovenia",4,"Median","13",2008,2,1,3
705,"Slovenia",4,"Median","14",2008,1,1,3
705,"Slovenia",4,"Median","15",2008,4,3,6
705,"Slovenia",4,"Median","16",2008,4,4,8
705,"Slovenia",4,"Median","17",2008,5,2,7
705,"Slovenia",4,"Median","18",2008,8,4,12
705,"Slovenia",4,"Median","19",2008,12,2,14
705,"Slovenia",4,"Median","20",2008,15,3,18
705,"Slovenia",4,"Median","21",2008,14,3,17
705,"Slovenia",4,"Median","22",2008,16,5,21
705,"Slovenia",4,"Median","23",2008,13,2,15
705,"Slovenia",4,"Median","24",2008,12,2,14
705,"Slovenia",4,"Median","25",2008,12,3,15
705,"Slovenia",4,"Median","26",2008,17,3,20
705,"Slovenia",4,"Median","27",2008,13,3,16
705,"Slovenia",4,"Median","28",2008,18,4,23
705,"Slovenia",4,"Median","29",2008,17,4,21
705,"Slovenia",4,"Median","30",2008,18,3,21
705,"Slovenia",4,"Median","31",2008,15,5,20
705,"Slovenia",4,"Median","32",2008,16,5,20
705,"Slovenia",4,"Median","33",2008,13,7,19
705,"Slovenia",4,"Median","34",2008,19,4,23
705,"Slovenia",4,"Median","35",2008,21,6,26
705,"Slovenia",4,"Median","36",2008,17,6,23
705,"Slovenia",4,"Median","37",2008,20,10,29
705,"Slovenia",4,"Median","38",2008,23,8,30
705,"Slovenia",4,"Median","39",2008,24,9,33
705,"Slovenia",4,"Median","40",2008,34,8,43
705,"Slovenia",4,"Median","41",2008,37,12,49
705,"Slovenia",4,"Median","42",2008,36,16,52
705,"Slovenia",4,"Median","43",2008,42,17,59
705,"Slovenia",4,"Median","44",2008,44,15,59
705,"Slovenia",4,"Median","45",2008,52,19,70
705,"Slovenia",4,"Median","46",2008,59,22,81
705,"Slovenia",4,"Median","47",2008,69,29,98
705,"Slovenia",4,"Median","48",2008,69,30,99
705,"Slovenia",4,"Median","49",2008,75,29,104
705,"Slovenia",4,"Median","50",2008,88,39,128
705,"Slovenia",4,"Median","51",2008,90,44,134
705,"Slovenia",4,"Median","52",2008,108,40,148
705,"Slovenia",4,"Median","53",2008,117,43,161
705,"Slovenia",4,"Median","54",2008,125,60,185
705,"Slovenia",4,"Median","55",2008,151,56,207
705,"Slovenia",4,"Median","56",2008,137,63,200
705,"Slovenia",4,"Median","57",2008,157,57,214
705,"Slovenia",4,"Median","58",2008,151,61,212
705,"Slovenia",4,"Median","59",2008,164,65,229
705,"Slovenia",4,"Median","60",2008,159,62,221
705,"Slovenia",4,"Median","61",2008,154,65,220
705,"Slovenia",4,"Median","62",2008,140,57,197
705,"Slovenia",4,"Median","63",2008,143,66,209
705,"Slovenia",4,"Median","64",2008,171,78,249
705,"Slovenia",4,"Median","65",2008,184,89,273
705,"Slovenia",4,"Median","66",2008,199,90,289
705,"Slovenia",4,"Median","67",2008,205,105,310
705,"Slovenia",4,"Median","68",2008,213,109,322
705,"Slovenia",4,"Median","69",2008,228,118,346
705,"Slovenia",4,"Median","70",2008,230,125,355
705,"Slovenia",4,"Median","71",2008,241,154,395
705,"Slovenia",4,"Median","72",2008,273,164,437
705,"Slovenia",4,"Median","73",2008,289,182,472
705,"Slovenia",4,"Median","74",2008,266,207,473
705,"Slovenia",4,"Median","75",2008,311,263,574
705,"Slovenia",4,"Median","76",2008,323,291,614
705,"Slovenia",4,"Median","77",2008,342,323,665
705,"Slovenia",4,"Median","78",2008,341,344,685
705,"Slovenia",4,"Median","79",2008,320,359,680
705,"Slovenia",4,"Median","80",2008,309,383,692
705,"Slovenia",4,"Median","81",2008,282,405,687
705,"Slovenia",4,"Median","82",2008,255,426,681
705,"Slovenia",4,"Median","83",2008,233,435,668
705,"Slovenia",4,"Median","84",2008,219,441,660
705,"Slovenia",4,"Median","85",2008,201,438,639
705,"Slovenia",4,"Median","86",2008,174,420,594
705,"Slovenia",4,"Median","87",2008,150,381,531
705,"Slovenia",4,"Median","88",2008,122,320,442
705,"Slovenia",4,"Median","89",2008,82,230,312
705,"Slovenia",4,"Median","90",2008,53,158,211
705,"Slovenia",4,"Median","91",2008,45,140,185
705,"Slovenia",4,"Median","92",2008,44,149,193
705,"Slovenia",4,"Median","93",2008,48,174,222
705,"Slovenia",4,"Median","94",2008,44,172,216
705,"Slovenia",4,"Median","95",2008,34,141,175
705,"Slovenia",4,"Median","96",2008,25,108,134
705,"Slovenia",4,"Median","97",2008,18,80,98
705,"Slovenia",4,"Median","98",2008,12,59,71
705,"Slovenia",4,"Median","99",2008,8,40,48
705,"Slovenia",4,"Median","100",2008,2,10,12
705,"Slovenia",4,"Median","101",2008,2,9,11
705,"Slovenia",4,"Median","102",2008,2,8,10
705,"Slovenia",4,"Median","103",2008,1,7,8
705,"Slovenia",4,"Median","104",2008,1,6,7
705,"Slovenia",4,"Median","105",2008,1,5,6
705,"Slovenia",4,"Median","106",2008,1,5,6
705,"Slovenia",4,"Median","107",2008,1,4,5
705,"Slovenia",4,"Median","108",2008,0,3,3
705,"Slovenia",4,"Median","109",2008,0,3,3
705,"Slovenia",4,"Median","110",2008,0,3,3
705,"Slovenia",4,"Median","0",2009,27,27,54
705,"Slovenia",4,"Median","1",2009,3,2,4
705,"Slovenia",4,"Median","2",2009,1,1,3
705,"Slovenia",4,"Median","3",2009,2,2,3
705,"Slovenia",4,"Median","4",2009,1,2,4
705,"Slovenia",4,"Median","5",2009,1,1,2
705,"Slovenia",4,"Median","6",2009,1,2,3
705,"Slovenia",4,"Median","7",2009,1,1,2
705,"Slovenia",4,"Median","8",2009,1,2,2
705,"Slovenia",4,"Median","9",2009,0,1,2
705,"Slovenia",4,"Median","10",2009,1,1,2
705,"Slovenia",4,"Median","11",2009,1,0,2
705,"Slovenia",4,"Median","12",2009,1,1,2
705,"Slovenia",4,"Median","13",2009,1,1,2
705,"Slovenia",4,"Median","14",2009,2,1,2
705,"Slovenia",4,"Median","15",2009,3,2,5
705,"Slovenia",4,"Median","16",2009,2,3,6
705,"Slovenia",4,"Median","17",2009,5,1,6
705,"Slovenia",4,"Median","18",2009,9,3,12
705,"Slovenia",4,"Median","19",2009,9,2,10
705,"Slovenia",4,"Median","20",2009,10,3,13
705,"Slovenia",4,"Median","21",2009,10,3,13
705,"Slovenia",4,"Median","22",2009,13,2,15
705,"Slovenia",4,"Median","23",2009,12,2,14
705,"Slovenia",4,"Median","24",2009,12,2,14
705,"Slovenia",4,"Median","25",2009,10,3,13
705,"Slovenia",4,"Median","26",2009,12,1,14
705,"Slovenia",4,"Median","27",2009,11,3,14
705,"Slovenia",4,"Median","28",2009,13,3,17
705,"Slovenia",4,"Median","29",2009,14,4,18
705,"Slovenia",4,"Median","30",2009,15,4,19
705,"Slovenia",4,"Median","31",2009,17,4,22
705,"Slovenia",4,"Median","32",2009,15,7,22
705,"Slovenia",4,"Median","33",2009,11,5,16
705,"Slovenia",4,"Median","34",2009,18,4,21
705,"Slovenia",4,"Median","35",2009,17,7,23
705,"Slovenia",4,"Median","36",2009,18,8,25
705,"Slovenia",4,"Median","37",2009,19,8,28
705,"Slovenia",4,"Median","38",2009,20,8,28
705,"Slovenia",4,"Median","39",2009,20,8,28
705,"Slovenia",4,"Median","40",2009,30,9,38
705,"Slovenia",4,"Median","41",2009,31,12,42
705,"Slovenia",4,"Median","42",2009,34,15,49
705,"Slovenia",4,"Median","43",2009,46,14,60
705,"Slovenia",4,"Median","44",2009,41,18,58
705,"Slovenia",4,"Median","45",2009,48,21,70
705,"Slovenia",4,"Median","46",2009,58,22,80
705,"Slovenia",4,"Median","47",2009,66,24,90
705,"Slovenia",4,"Median","48",2009,65,30,94
705,"Slovenia",4,"Median","49",2009,64,26,90
705,"Slovenia",4,"Median","50",2009,78,38,116
705,"Slovenia",4,"Median","51",2009,86,44,130
705,"Slovenia",4,"Median","52",2009,106,37,143
705,"Slovenia",4,"Median","53",2009,114,44,157
705,"Slovenia",4,"Median","54",2009,114,55,169
705,"Slovenia",4,"Median","55",2009,140,52,192
705,"Slovenia",4,"Median","56",2009,141,61,201
705,"Slovenia",4,"Median","57",2009,152,64,216
705,"Slovenia",4,"Median","58",2009,159,60,219
705,"Slovenia",4,"Median","59",2009,184,63,247
705,"Slovenia",4,"Median","60",2009,158,64,222
705,"Slovenia",4,"Median","61",2009,166,71,236
705,"Slovenia",4,"Median","62",2009,173,66,239
705,"Slovenia",4,"Median","63",2009,138,60,198
705,"Slovenia",4,"Median","64",2009,136,63,199
705,"Slovenia",4,"Median","65",2009,174,80,255
705,"Slovenia",4,"Median","66",2009,198,100,297
705,"Slovenia",4,"Median","67",2009,191,101,292
705,"Slovenia",4,"Median","68",2009,204,110,314
705,"Slovenia",4,"Median","69",2009,213,109,321
705,"Slovenia",4,"Median","70",2009,223,129,352
705,"Slovenia",4,"Median","71",2009,232,138,370
705,"Slovenia",4,"Median","72",2009,260,157,418
705,"Slovenia",4,"Median","73",2009,281,168,449
705,"Slovenia",4,"Median","74",2009,277,190,467
705,"Slovenia",4,"Median","75",2009,304,252,555
705,"Slovenia",4,"Median","76",2009,313,282,595
705,"Slovenia",4,"Median","77",2009,324,311,635
705,"Slovenia",4,"Median","78",2009,341,344,684
705,"Slovenia",4,"Median","79",2009,338,364,702
705,"Slovenia",4,"Median","80",2009,315,378,693
705,"Slovenia",4,"Median","81",2009,301,401,702
705,"Slovenia",4,"Median","82",2009,273,421,694
705,"Slovenia",4,"Median","83",2009,244,439,683
705,"Slovenia",4,"Median","84",2009,220,445,665
705,"Slovenia",4,"Median","85",2009,205,446,650
705,"Slovenia",4,"Median","86",2009,186,437,623
705,"Slovenia",4,"Median","87",2009,159,414,573
705,"Slovenia",4,"Median","88",2009,135,370,505
705,"Slovenia",4,"Median","89",2009,107,306,414
705,"Slovenia",4,"Median","90",2009,71,216,287
705,"Slovenia",4,"Median","91",2009,45,145,191
705,"Slovenia",4,"Median","92",2009,38,126,164
705,"Slovenia",4,"Median","93",2009,36,131,167
705,"Slovenia",4,"Median","94",2009,39,149,188
705,"Slovenia",4,"Median","95",2009,35,143,178
705,"Slovenia",4,"Median","96",2009,26,114,140
705,"Slovenia",4,"Median","97",2009,19,85,104
705,"Slovenia",4,"Median","98",2009,13,61,74
705,"Slovenia",4,"Median","99",2009,9,43,52
705,"Slovenia",4,"Median","100",2009,3,11,14
705,"Slovenia",4,"Median","101",2009,2,10,12
705,"Slovenia",4,"Median","102",2009,2,9,11
705,"Slovenia",4,"Median","103",2009,1,8,9
705,"Slovenia",4,"Median","104",2009,1,7,8
705,"Slovenia",4,"Median","105",2009,1,6,7
705,"Slovenia",4,"Median","106",2009,1,5,6
705,"Slovenia",4,"Median","107",2009,1,4,5
705,"Slovenia",4,"Median","108",2009,1,4,5
705,"Slovenia",4,"Median","109",2009,0,3,3
705,"Slovenia",4,"Median","110",2009,0,3,3
705,"Slovenia",4,"Median","0",2010,30,27,58
705,"Slovenia",4,"Median","1",2010,3,2,5
705,"Slovenia",4,"Median","2",2010,1,3,4
705,"Slovenia",4,"Median","3",2010,2,2,4
705,"Slovenia",4,"Median","4",2010,1,3,4
705,"Slovenia",4,"Median","5",2010,2,1,3
705,"Slovenia",4,"Median","6",2010,1,2,3
705,"Slovenia",4,"Median","7",2010,1,1,2
705,"Slovenia",4,"Median","8",2010,1,1,1
705,"Slovenia",4,"Median","9",2010,0,1,1
705,"Slovenia",4,"Median","10",2010,1,1,2
705,"Slovenia",4,"Median","11",2010,1,0,2
705,"Slovenia",4,"Median","12",2010,1,1,2
705,"Slovenia",4,"Median","13",2010,1,1,1
705,"Slovenia",4,"Median","14",2010,1,1,1
705,"Slovenia",4,"Median","15",2010,2,2,4
705,"Slovenia",4,"Median","16",2010,3,1,4
705,"Slovenia",4,"Median","17",2010,3,1,5
705,"Slovenia",4,"Median","18",2010,7,2,9
705,"Slovenia",4,"Median","19",2010,7,2,9
705,"Slovenia",4,"Median","20",2010,9,2,11
705,"Slovenia",4,"Median","21",2010,9,3,12
705,"Slovenia",4,"Median","22",2010,12,3,15
705,"Slovenia",4,"Median","23",2010,12,2,14
705,"Slovenia",4,"Median","24",2010,12,2,14
705,"Slovenia",4,"Median","25",2010,9,2,11
705,"Slovenia",4,"Median","26",2010,10,2,12
705,"Slovenia",4,"Median","27",2010,9,3,12
705,"Slovenia",4,"Median","28",2010,13,1,14
705,"Slovenia",4,"Median","29",2010,13,4,17
705,"Slovenia",4,"Median","30",2010,16,4,20
705,"Slovenia",4,"Median","31",2010,19,3,22
705,"Slovenia",4,"Median","32",2010,13,4,18
705,"Slovenia",4,"Median","33",2010,13,3,16
705,"Slovenia",4,"Median","34",2010,18,4,23
705,"Slovenia",4,"Median","35",2010,15,7,22
705,"Slovenia",4,"Median","36",2010,18,9,26
705,"Slovenia",4,"Median","37",2010,16,6,22
705,"Slovenia",4,"Median","38",2010,17,8,25
705,"Slovenia",4,"Median","39",2010,22,10,31
705,"Slovenia",4,"Median","40",2010,29,9,39
705,"Slovenia",4,"Median","41",2010,26,11,37
705,"Slovenia",4,"Median","42",2010,30,15,45
705,"Slovenia",4,"Median","43",2010,46,17,63
705,"Slovenia",4,"Median","44",2010,45,18,63
705,"Slovenia",4,"Median","45",2010,43,26,69
705,"Slovenia",4,"Median","46",2010,51,22,73
705,"Slovenia",4,"Median","47",2010,54,21,75
705,"Slovenia",4,"Median","48",2010,65,29,94
705,"Slovenia",4,"Median","49",2010,61,30,90
705,"Slovenia",4,"Median","50",2010,77,37,114
705,"Slovenia",4,"Median","51",2010,76,37,114
705,"Slovenia",4,"Median","52",2010,94,37,132
705,"Slovenia",4,"Median","53",2010,106,41,147
705,"Slovenia",4,"Median","54",2010,110,51,161
705,"Slovenia",4,"Median","55",2010,135,52,187
705,"Slovenia",4,"Median","56",2010,132,57,190
705,"Slovenia",4,"Median","57",2010,151,69,220
705,"Slovenia",4,"Median","58",2010,156,61,217
705,"Slovenia",4,"Median","59",2010,176,63,239
705,"Slovenia",4,"Median","60",2010,165,69,234
705,"Slovenia",4,"Median","61",2010,169,73,243
705,"Slovenia",4,"Median","62",2010,177,65,242
705,"Slovenia",4,"Median","63",2010,155,73,228
705,"Slovenia",4,"Median","64",2010,144,66,210
705,"Slovenia",4,"Median","65",2010,147,67,214
705,"Slovenia",4,"Median","66",2010,184,93,277
705,"Slovenia",4,"Median","67",2010,213,101,314
705,"Slovenia",4,"Median","68",2010,199,115,315
705,"Slovenia",4,"Median","69",2010,208,109,317
705,"Slovenia",4,"Median","70",2010,236,121,357
705,"Slovenia",4,"Median","71",2010,238,135,373
705,"Slovenia",4,"Median","72",2010,234,142,376
705,"Slovenia",4,"Median","73",2010,264,163,427
705,"Slovenia",4,"Median","74",2010,278,184,462
705,"Slovenia",4,"Median","75",2010,308,242,550
705,"Slovenia",4,"Median","76",2010,313,272,585
705,"Slovenia",4,"Median","77",2010,321,304,625
705,"Slovenia",4,"Median","78",2010,330,334,664
705,"Slovenia",4,"Median","79",2010,345,367,712
705,"Slovenia",4,"Median","80",2010,340,386,726
705,"Slovenia",4,"Median","81",2010,315,399,713
705,"Slovenia",4,"Median","82",2010,298,420,718
705,"Slovenia",4,"Median","83",2010,268,437,704
705,"Slovenia",4,"Median","84",2010,237,452,688
705,"Slovenia",4,"Median","85",2010,211,452,664
705,"Slovenia",4,"Median","86",2010,194,448,642
705,"Slovenia",4,"Median","87",2010,174,434,607
705,"Slovenia",4,"Median","88",2010,146,405,551
705,"Slovenia",4,"Median","89",2010,122,356,478
705,"Slovenia",4,"Median","90",2010,96,289,385
705,"Slovenia",4,"Median","91",2010,62,200,262
705,"Slovenia",4,"Median","92",2010,39,132,171
705,"Slovenia",4,"Median","93",2010,32,112,143
705,"Slovenia",4,"Median","94",2010,30,113,143
705,"Slovenia",4,"Median","95",2010,31,125,156
705,"Slovenia",4,"Median","96",2010,27,117,144
705,"Slovenia",4,"Median","97",2010,20,90,110
705,"Slovenia",4,"Median","98",2010,14,65,79
705,"Slovenia",4,"Median","99",2010,9,45,54
705,"Slovenia",4,"Median","100",2010,3,14,17
705,"Slovenia",4,"Median","101",2010,3,12,15
705,"Slovenia",4,"Median","102",2010,2,10,12
705,"Slovenia",4,"Median","103",2010,2,8,10
705,"Slovenia",4,"Median","104",2010,1,7,8
705,"Slovenia",4,"Median","105",2010,1,6,7
705,"Slovenia",4,"Median","106",2010,1,5,6
705,"Slovenia",4,"Median","107",2010,1,4,5
705,"Slovenia",4,"Median","108",2010,1,4,5
705,"Slovenia",4,"Median","109",2010,0,3,3
705,"Slovenia",4,"Median","110",2010,0,3,3
705,"Slovenia",4,"Median","0",2011,27,24,52
705,"Slovenia",4,"Median","1",2011,3,3,6
705,"Slovenia",4,"Median","2",2011,1,3,3
705,"Slovenia",4,"Median","3",2011,3,2,5
705,"Slovenia",4,"Median","4",2011,1,3,3
705,"Slovenia",4,"Median","5",2011,2,1,3
705,"Slovenia",4,"Median","6",2011,2,1,2
705,"Slovenia",4,"Median","7",2011,1,1,2
705,"Slovenia",4,"Median","8",2011,1,1,1
705,"Slovenia",4,"Median","9",2011,0,1,1
705,"Slovenia",4,"Median","10",2011,1,1,2
705,"Slovenia",4,"Median","11",2011,1,1,2
705,"Slovenia",4,"Median","12",2011,1,1,2
705,"Slovenia",4,"Median","13",2011,0,0,1
705,"Slovenia",4,"Median","14",2011,1,2,3
705,"Slovenia",4,"Median","15",2011,2,1,3
705,"Slovenia",4,"Median","16",2011,3,1,4
705,"Slovenia",4,"Median","17",2011,3,1,5
705,"Slovenia",4,"Median","18",2011,6,1,7
705,"Slovenia",4,"Median","19",2011,5,4,8
705,"Slovenia",4,"Median","20",2011,6,1,7
705,"Slovenia",4,"Median","21",2011,7,3,10
705,"Slovenia",4,"Median","22",2011,12,3,14
705,"Slovenia",4,"Median","23",2011,11,2,14
705,"Slovenia",4,"Median","24",2011,12,3,14
705,"Slovenia",4,"Median","25",2011,7,1,8
705,"Slovenia",4,"Median","26",2011,9,1,11
705,"Slovenia",4,"Median","27",2011,8,3,11
705,"Slovenia",4,"Median","28",2011,11,1,13
705,"Slovenia",4,"Median","29",2011,13,3,16
705,"Slovenia",4,"Median","30",2011,11,4,15
705,"Slovenia",4,"Median","31",2011,18,4,22
705,"Slovenia",4,"Median","32",2011,13,6,19
705,"Slovenia",4,"Median","33",2011,14,3,18
705,"Slovenia",4,"Median","34",2011,14,6,19
705,"Slovenia",4,"Median","35",2011,15,9,24
705,"Slovenia",4,"Median","36",2011,18,7,25
705,"Slovenia",4,"Median","37",2011,15,6,22
705,"Slovenia",4,"Median","38",2011,17,6,23
705,"Slovenia",4,"Median","39",2011,20,8,28
705,"Slovenia",4,"Median","40",2011,22,8,30
705,"Slovenia",4,"Median","41",2011,23,12,36
705,"Slovenia",4,"Median","42",2011,27,12,39
705,"Slovenia",4,"Median","43",2011,35,14,49
705,"Slovenia",4,"Median","44",2011,43,20,63
705,"Slovenia",4,"Median","45",2011,45,24,69
705,"Slovenia",4,"Median","46",2011,49,19,68
705,"Slovenia",4,"Median","47",2011,46,20,66
705,"Slovenia",4,"Median","48",2011,62,26,87
705,"Slovenia",4,"Median","49",2011,63,31,93
705,"Slovenia",4,"Median","50",2011,72,34,106
705,"Slovenia",4,"Median","51",2011,80,35,115
705,"Slovenia",4,"Median","52",2011,92,40,132
705,"Slovenia",4,"Median","53",2011,99,44,142
705,"Slovenia",4,"Median","54",2011,107,39,146
705,"Slovenia",4,"Median","55",2011,131,51,182
705,"Slovenia",4,"Median","56",2011,129,59,188
705,"Slovenia",4,"Median","57",2011,152,71,223
705,"Slovenia",4,"Median","58",2011,161,66,228
705,"Slovenia",4,"Median","59",2011,171,67,238
705,"Slovenia",4,"Median","60",2011,178,71,249
705,"Slovenia",4,"Median","61",2011,184,85,268
705,"Slovenia",4,"Median","62",2011,166,71,237
705,"Slovenia",4,"Median","63",2011,162,72,235
705,"Slovenia",4,"Median","64",2011,175,79,254
705,"Slovenia",4,"Median","65",2011,142,69,211
705,"Slovenia",4,"Median","66",2011,150,75,225
705,"Slovenia",4,"Median","67",2011,188,94,283
705,"Slovenia",4,"Median","68",2011,194,116,310
705,"Slovenia",4,"Median","69",2011,207,116,323
705,"Slovenia",4,"Median","70",2011,231,122,352
705,"Slovenia",4,"Median","71",2011,248,131,379
705,"Slovenia",4,"Median","72",2011,232,137,370
705,"Slovenia",4,"Median","73",2011,257,149,406
705,"Slovenia",4,"Median","74",2011,266,173,439
705,"Slovenia",4,"Median","75",2011,311,238,549
705,"Slovenia",4,"Median","76",2011,316,263,579
705,"Slovenia",4,"Median","77",2011,319,294,614
705,"Slovenia",4,"Median","78",2011,326,327,653
705,"Slovenia",4,"Median","79",2011,333,357,691
705,"Slovenia",4,"Median","80",2011,346,391,737
705,"Slovenia",4,"Median","81",2011,338,408,747
705,"Slovenia",4,"Median","82",2011,311,418,729
705,"Slovenia",4,"Median","83",2011,292,436,728
705,"Slovenia",4,"Median","84",2011,259,449,708
705,"Slovenia",4,"Median","85",2011,227,460,686
705,"Slovenia",4,"Median","86",2011,200,455,654
705,"Slovenia",4,"Median","87",2011,181,444,625
705,"Slovenia",4,"Median","88",2011,160,423,583
705,"Slovenia",4,"Median","89",2011,132,389,521
705,"Slovenia",4,"Median","90",2011,109,336,445
705,"Slovenia",4,"Median","91",2011,83,267,351
705,"Slovenia",4,"Median","92",2011,53,181,234
705,"Slovenia",4,"Median","93",2011,33,116,149
705,"Slovenia",4,"Median","94",2011,26,96,122
705,"Slovenia",4,"Median","95",2011,24,94,118
705,"Slovenia",4,"Median","96",2011,24,102,126
705,"Slovenia",4,"Median","97",2011,21,92,113
705,"Slovenia",4,"Median","98",2011,15,69,84
705,"Slovenia",4,"Median","99",2011,10,48,58
705,"Slovenia",4,"Median","100",2011,4,16,20
705,"Slovenia",4,"Median","101",2011,3,13,16
705,"Slovenia",4,"Median","102",2011,2,11,13
705,"Slovenia",4,"Median","103",2011,2,9,11
705,"Slovenia",4,"Median","104",2011,1,8,9
705,"Slovenia",4,"Median","105",2011,1,6,7
705,"Slovenia",4,"Median","106",2011,1,5,6
705,"Slovenia",4,"Median","107",2011,1,4,5
705,"Slovenia",4,"Median","108",2011,1,4,5
705,"Slovenia",4,"Median","109",2011,0,3,3
705,"Slovenia",4,"Median","110",2011,0,2,2
705,"Slovenia",4,"Median","0",2012,30,24,54
705,"Slovenia",4,"Median","1",2012,3,2,5
705,"Slovenia",4,"Median","2",2012,1,2,3
705,"Slovenia",4,"Median","3",2012,3,1,4
705,"Slovenia",4,"Median","4",2012,1,1,3
705,"Slovenia",4,"Median","5",2012,1,0,1
705,"Slovenia",4,"Median","6",2012,2,1,2
705,"Slovenia",4,"Median","7",2012,1,1,2
705,"Slovenia",4,"Median","8",2012,1,1,1
705,"Slovenia",4,"Median","9",2012,0,0,1
705,"Slovenia",4,"Median","10",2012,1,1,2
705,"Slovenia",4,"Median","11",2012,2,1,3
705,"Slovenia",4,"Median","12",2012,1,1,1
705,"Slovenia",4,"Median","13",2012,0,0,1
705,"Slovenia",4,"Median","14",2012,1,2,3
705,"Slovenia",4,"Median","15",2012,3,0,3
705,"Slovenia",4,"Median","16",2012,3,1,4
705,"Slovenia",4,"Median","17",2012,4,1,5
705,"Slovenia",4,"Median","18",2012,4,1,5
705,"Slovenia",4,"Median","19",2012,4,5,9
705,"Slovenia",4,"Median","20",2012,6,1,7
705,"Slovenia",4,"Median","21",2012,7,4,11
705,"Slovenia",4,"Median","22",2012,10,3,13
705,"Slovenia",4,"Median","23",2012,10,3,13
705,"Slovenia",4,"Median","24",2012,12,3,15
705,"Slovenia",4,"Median","25",2012,7,1,8
705,"Slovenia",4,"Median","26",2012,9,3,12
705,"Slovenia",4,"Median","27",2012,8,3,11
705,"Slovenia",4,"Median","28",2012,12,2,14
705,"Slovenia",4,"Median","29",2012,14,3,17
705,"Slovenia",4,"Median","30",2012,12,2,14
705,"Slovenia",4,"Median","31",2012,14,4,18
705,"Slovenia",4,"Median","32",2012,12,3,15
705,"Slovenia",4,"Median","33",2012,13,5,18
705,"Slovenia",4,"Median","34",2012,13,6,19
705,"Slovenia",4,"Median","35",2012,15,7,22
705,"Slovenia",4,"Median","36",2012,17,8,25
705,"Slovenia",4,"Median","37",2012,17,8,25
705,"Slovenia",4,"Median","38",2012,17,5,22
705,"Slovenia",4,"Median","39",2012,22,9,31
705,"Slovenia",4,"Median","40",2012,25,9,33
705,"Slovenia",4,"Median","41",2012,21,13,34
705,"Slovenia",4,"Median","42",2012,23,12,35
705,"Slovenia",4,"Median","43",2012,31,15,46
705,"Slovenia",4,"Median","44",2012,38,13,51
705,"Slovenia",4,"Median","45",2012,37,20,57
705,"Slovenia",4,"Median","46",2012,46,20,66
705,"Slovenia",4,"Median","47",2012,37,23,60
705,"Slovenia",4,"Median","48",2012,60,23,83
705,"Slovenia",4,"Median","49",2012,63,31,94
705,"Slovenia",4,"Median","50",2012,68,28,96
705,"Slovenia",4,"Median","51",2012,77,30,107
705,"Slovenia",4,"Median","52",2012,83,40,123
705,"Slovenia",4,"Median","53",2012,96,42,138
705,"Slovenia",4,"Median","54",2012,100,37,137
705,"Slovenia",4,"Median","55",2012,120,50,171
705,"Slovenia",4,"Median","56",2012,120,58,178
705,"Slovenia",4,"Median","57",2012,156,68,223
705,"Slovenia",4,"Median","58",2012,154,67,222
705,"Slovenia",4,"Median","59",2012,168,75,243
705,"Slovenia",4,"Median","60",2012,181,75,256
705,"Slovenia",4,"Median","61",2012,179,90,269
705,"Slovenia",4,"Median","62",2012,172,82,254
705,"Slovenia",4,"Median","63",2012,172,77,249
705,"Slovenia",4,"Median","64",2012,190,83,273
705,"Slovenia",4,"Median","65",2012,171,84,255
705,"Slovenia",4,"Median","66",2012,153,76,229
705,"Slovenia",4,"Median","67",2012,160,77,237
705,"Slovenia",4,"Median","68",2012,196,101,297
705,"Slovenia",4,"Median","69",2012,225,118,343
705,"Slovenia",4,"Median","70",2012,224,120,344
705,"Slovenia",4,"Median","71",2012,246,129,375
705,"Slovenia",4,"Median","72",2012,233,138,371
705,"Slovenia",4,"Median","73",2012,251,149,401
705,"Slovenia",4,"Median","74",2012,252,168,419
705,"Slovenia",4,"Median","75",2012,311,235,546
705,"Slovenia",4,"Median","76",2012,323,260,583
705,"Slovenia",4,"Median","77",2012,326,287,613
705,"Slovenia",4,"Median","78",2012,328,319,647
705,"Slovenia",4,"Median","79",2012,333,352,685
705,"Slovenia",4,"Median","80",2012,337,383,720
705,"Slovenia",4,"Median","81",2012,347,415,762
705,"Slovenia",4,"Median","82",2012,336,431,767
705,"Slovenia",4,"Median","83",2012,306,437,743
705,"Slovenia",4,"Median","84",2012,284,451,735
705,"Slovenia",4,"Median","85",2012,249,460,709
705,"Slovenia",4,"Median","86",2012,215,465,680
705,"Slovenia",4,"Median","87",2012,187,453,640
705,"Slovenia",4,"Median","88",2012,166,436,603
705,"Slovenia",4,"Median","89",2012,145,409,554
705,"Slovenia",4,"Median","90",2012,118,369,486
705,"Slovenia",4,"Median","91",2012,95,312,407
705,"Slovenia",4,"Median","92",2012,71,243,315
705,"Slovenia",4,"Median","93",2012,44,161,205
705,"Slovenia",4,"Median","94",2012,27,101,127
705,"Slovenia",4,"Median","95",2012,21,81,102
705,"Slovenia",4,"Median","96",2012,18,77,96
705,"Slovenia",4,"Median","97",2012,18,81,99
705,"Slovenia",4,"Median","98",2012,15,71,86
705,"Slovenia",4,"Median","99",2012,10,51,62
705,"Slovenia",4,"Median","100",2012,4,19,23
705,"Slovenia",4,"Median","101",2012,3,15,18
705,"Slovenia",4,"Median","102",2012,2,12,14
705,"Slovenia",4,"Median","103",2012,2,10,12
705,"Slovenia",4,"Median","104",2012,1,8,9
705,"Slovenia",4,"Median","105",2012,1,6,7
705,"Slovenia",4,"Median","106",2012,1,5,6
705,"Slovenia",4,"Median","107",2012,1,4,5
705,"Slovenia",4,"Median","108",2012,0,3,3
705,"Slovenia",4,"Median","109",2012,0,3,3
705,"Slovenia",4,"Median","110",2012,0,2,2
705,"Slovenia",4,"Median","0",2013,23,22,45
705,"Slovenia",4,"Median","1",2013,2,2,4
705,"Slovenia",4,"Median","2",2013,2,1,3
705,"Slovenia",4,"Median","3",2013,2,1,3
705,"Slovenia",4,"Median","4",2013,1,1,2
705,"Slovenia",4,"Median","5",2013,0,0,1
705,"Slovenia",4,"Median","6",2013,2,1,3
705,"Slovenia",4,"Median","7",2013,1,1,2
705,"Slovenia",4,"Median","8",2013,1,1,2
705,"Slovenia",4,"Median","9",2013,0,0,1
705,"Slovenia",4,"Median","10",2013,1,1,2
705,"Slovenia",4,"Median","11",2013,2,1,3
705,"Slovenia",4,"Median","12",2013,1,1,2
705,"Slovenia",4,"Median","13",2013,0,1,1
705,"Slovenia",4,"Median","14",2013,1,2,3
705,"Slovenia",4,"Median","15",2013,2,1,3
705,"Slovenia",4,"Median","16",2013,2,1,3
705,"Slovenia",4,"Median","17",2013,4,1,5
705,"Slovenia",4,"Median","18",2013,5,1,6
705,"Slovenia",4,"Median","19",2013,5,4,8
705,"Slovenia",4,"Median","20",2013,5,1,6
705,"Slovenia",4,"Median","21",2013,7,3,10
705,"Slovenia",4,"Median","22",2013,10,3,13
705,"Slovenia",4,"Median","23",2013,7,3,10
705,"Slovenia",4,"Median","24",2013,11,3,14
705,"Slovenia",4,"Median","25",2013,8,2,10
705,"Slovenia",4,"Median","26",2013,6,2,9
705,"Slovenia",4,"Median","27",2013,9,2,11
705,"Slovenia",4,"Median","28",2013,11,2,13
705,"Slovenia",4,"Median","29",2013,13,4,17
705,"Slovenia",4,"Median","30",2013,10,3,13
705,"Slovenia",4,"Median","31",2013,14,3,17
705,"Slovenia",4,"Median","32",2013,13,5,18
705,"Slovenia",4,"Median","33",2013,12,6,19
705,"Slovenia",4,"Median","34",2013,13,6,19
705,"Slovenia",4,"Median","35",2013,16,7,23
705,"Slovenia",4,"Median","36",2013,18,8,26
705,"Slovenia",4,"Median","37",2013,18,11,29
705,"Slovenia",4,"Median","38",2013,18,4,22
705,"Slovenia",4,"Median","39",2013,22,6,29
705,"Slovenia",4,"Median","40",2013,20,6,26
705,"Slovenia",4,"Median","41",2013,20,11,31
705,"Slovenia",4,"Median","42",2013,23,10,33
705,"Slovenia",4,"Median","43",2013,25,11,36
705,"Slovenia",4,"Median","44",2013,30,14,44
705,"Slovenia",4,"Median","45",2013,32,17,49
705,"Slovenia",4,"Median","46",2013,47,15,63
705,"Slovenia",4,"Median","47",2013,36,24,60
705,"Slovenia",4,"Median","48",2013,53,23,76
705,"Slovenia",4,"Median","49",2013,56,29,85
705,"Slovenia",4,"Median","50",2013,63,24,87
705,"Slovenia",4,"Median","51",2013,74,28,102
705,"Slovenia",4,"Median","52",2013,87,36,123
705,"Slovenia",4,"Median","53",2013,88,38,127
705,"Slovenia",4,"Median","54",2013,95,36,132
705,"Slovenia",4,"Median","55",2013,107,47,154
705,"Slovenia",4,"Median","56",2013,111,59,170
705,"Slovenia",4,"Median","57",2013,150,64,214
705,"Slovenia",4,"Median","58",2013,147,68,215
705,"Slovenia",4,"Median","59",2013,161,70,231
705,"Slovenia",4,"Median","60",2013,189,69,259
705,"Slovenia",4,"Median","61",2013,181,86,267
705,"Slovenia",4,"Median","62",2013,178,93,271
705,"Slovenia",4,"Median","63",2013,188,82,270
705,"Slovenia",4,"Median","64",2013,191,83,274
705,"Slovenia",4,"Median","65",2013,181,87,268
705,"Slovenia",4,"Median","66",2013,184,82,266
705,"Slovenia",4,"Median","67",2013,159,77,236
705,"Slovenia",4,"Median","68",2013,160,80,241
705,"Slovenia",4,"Median","69",2013,213,108,322
705,"Slovenia",4,"Median","70",2013,217,126,344
705,"Slovenia",4,"Median","71",2013,240,125,365
705,"Slovenia",4,"Median","72",2013,235,141,376
705,"Slovenia",4,"Median","73",2013,260,154,414
705,"Slovenia",4,"Median","74",2013,251,173,424
705,"Slovenia",4,"Median","75",2013,304,227,530
705,"Slovenia",4,"Median","76",2013,320,253,574
705,"Slovenia",4,"Median","77",2013,331,280,610
705,"Slovenia",4,"Median","78",2013,332,307,639
705,"Slovenia",4,"Median","79",2013,331,340,671
705,"Slovenia",4,"Median","80",2013,333,373,707
705,"Slovenia",4,"Median","81",2013,335,403,738
705,"Slovenia",4,"Median","82",2013,342,434,776
705,"Slovenia",4,"Median","83",2013,327,447,774
705,"Slovenia",4,"Median","84",2013,294,449,743
705,"Slovenia",4,"Median","85",2013,270,459,729
705,"Slovenia",4,"Median","86",2013,234,462,696
705,"Slovenia",4,"Median","87",2013,199,461,660
705,"Slovenia",4,"Median","88",2013,170,444,614
705,"Slovenia",4,"Median","89",2013,149,420,569
705,"Slovenia",4,"Median","90",2013,127,387,515
705,"Slovenia",4,"Median","91",2013,102,342,444
705,"Slovenia",4,"Median","92",2013,80,284,364
705,"Slovenia",4,"Median","93",2013,59,216,275
705,"Slovenia",4,"Median","94",2013,36,140,176
705,"Slovenia",4,"Median","95",2013,21,85,106
705,"Slovenia",4,"Median","96",2013,16,66,82
705,"Slovenia",4,"Median","97",2013,14,61,75
705,"Slovenia",4,"Median","98",2013,13,62,75
705,"Slovenia",4,"Median","99",2013,11,53,63
705,"Slovenia",4,"Median","100",2013,5,23,28
705,"Slovenia",4,"Median","101",2013,4,18,22
705,"Slovenia",4,"Median","102",2013,3,14,17
705,"Slovenia",4,"Median","103",2013,2,11,13
705,"Slovenia",4,"Median","104",2013,1,8,9
705,"Slovenia",4,"Median","105",2013,1,6,7
705,"Slovenia",4,"Median","106",2013,1,5,6
705,"Slovenia",4,"Median","107",2013,1,4,5
705,"Slovenia",4,"Median","108",2013,0,3,3
705,"Slovenia",4,"Median","109",2013,0,2,2
705,"Slovenia",4,"Median","110",2013,0,2,2
705,"Slovenia",4,"Median","0",2014,23,22,45
705,"Slovenia",4,"Median","1",2014,2,1,3
705,"Slovenia",4,"Median","2",2014,2,1,3
705,"Slovenia",4,"Median","3",2014,2,1,2
705,"Slovenia",4,"Median","4",2014,1,1,2
705,"Slovenia",4,"Median","5",2014,1,1,1
705,"Slovenia",4,"Median","6",2014,1,1,2
705,"Slovenia",4,"Median","7",2014,1,2,2
705,"Slovenia",4,"Median","8",2014,1,1,2
705,"Slovenia",4,"Median","9",2014,1,1,1
705,"Slovenia",4,"Median","10",2014,1,1,2
705,"Slovenia",4,"Median","11",2014,2,1,3
705,"Slovenia",4,"Median","12",2014,1,1,2
705,"Slovenia",4,"Median","13",2014,0,1,1
705,"Slovenia",4,"Median","14",2014,2,1,3
705,"Slovenia",4,"Median","15",2014,2,1,3
705,"Slovenia",4,"Median","16",2014,2,1,3
705,"Slovenia",4,"Median","17",2014,4,1,6
705,"Slovenia",4,"Median","18",2014,4,1,5
705,"Slovenia",4,"Median","19",2014,6,3,9
705,"Slovenia",4,"Median","20",2014,7,3,9
705,"Slovenia",4,"Median","21",2014,6,3,9
705,"Slovenia",4,"Median","22",2014,8,3,11
705,"Slovenia",4,"Median","23",2014,6,2,8
705,"Slovenia",4,"Median","24",2014,7,4,11
705,"Slovenia",4,"Median","25",2014,11,2,12
705,"Slovenia",4,"Median","26",2014,6,3,9
705,"Slovenia",4,"Median","27",2014,8,2,10
705,"Slovenia",4,"Median","28",2014,9,2,11
705,"Slovenia",4,"Median","29",2014,11,3,14
705,"Slovenia",4,"Median","30",2014,12,4,16
705,"Slovenia",4,"Median","31",2014,12,4,16
705,"Slovenia",4,"Median","32",2014,11,5,16
705,"Slovenia",4,"Median","33",2014,14,6,20
705,"Slovenia",4,"Median","34",2014,15,4,19
705,"Slovenia",4,"Median","35",2014,14,5,19
705,"Slovenia",4,"Median","36",2014,16,8,24
705,"Slovenia",4,"Median","37",2014,19,10,29
705,"Slovenia",4,"Median","38",2014,21,6,28
705,"Slovenia",4,"Median","39",2014,23,8,31
705,"Slovenia",4,"Median","40",2014,22,7,29
705,"Slovenia",4,"Median","41",2014,22,9,30
705,"Slovenia",4,"Median","42",2014,25,11,36
705,"Slovenia",4,"Median","43",2014,26,12,38
705,"Slovenia",4,"Median","44",2014,29,13,41
705,"Slovenia",4,"Median","45",2014,30,15,46
705,"Slovenia",4,"Median","46",2014,38,17,56
705,"Slovenia",4,"Median","47",2014,40,25,65
705,"Slovenia",4,"Median","48",2014,46,23,69
705,"Slovenia",4,"Median","49",2014,52,26,78
705,"Slovenia",4,"Median","50",2014,61,24,84
705,"Slovenia",4,"Median","51",2014,70,30,100
705,"Slovenia",4,"Median","52",2014,82,34,117
705,"Slovenia",4,"Median","53",2014,89,36,125
705,"Slovenia",4,"Median","54",2014,86,39,124
705,"Slovenia",4,"Median","55",2014,104,44,148
705,"Slovenia",4,"Median","56",2014,104,47,151
705,"Slovenia",4,"Median","57",2014,137,52,190
705,"Slovenia",4,"Median","58",2014,143,65,208
705,"Slovenia",4,"Median","59",2014,156,70,227
705,"Slovenia",4,"Median","60",2014,178,64,242
705,"Slovenia",4,"Median","61",2014,179,82,261
705,"Slovenia",4,"Median","62",2014,190,91,281
705,"Slovenia",4,"Median","63",2014,190,88,278
705,"Slovenia",4,"Median","64",2014,203,90,293
705,"Slovenia",4,"Median","65",2014,193,88,281
705,"Slovenia",4,"Median","66",2014,201,88,289
705,"Slovenia",4,"Median","67",2014,184,91,275
705,"Slovenia",4,"Median","68",2014,167,90,257
705,"Slovenia",4,"Median","69",2014,176,94,270
705,"Slovenia",4,"Median","70",2014,196,113,309
705,"Slovenia",4,"Median","71",2014,242,138,379
705,"Slovenia",4,"Median","72",2014,236,143,379
705,"Slovenia",4,"Median","73",2014,270,154,424
705,"Slovenia",4,"Median","74",2014,263,170,433
705,"Slovenia",4,"Median","75",2014,306,227,533
705,"Slovenia",4,"Median","76",2014,314,247,561
705,"Slovenia",4,"Median","77",2014,330,274,604
705,"Slovenia",4,"Median","78",2014,338,302,640
705,"Slovenia",4,"Median","79",2014,337,329,666
705,"Slovenia",4,"Median","80",2014,333,363,696
705,"Slovenia",4,"Median","81",2014,333,396,729
705,"Slovenia",4,"Median","82",2014,331,424,756
705,"Slovenia",4,"Median","83",2014,334,453,788
705,"Slovenia",4,"Median","84",2014,317,462,779
705,"Slovenia",4,"Median","85",2014,282,460,741
705,"Slovenia",4,"Median","86",2014,255,465,720
705,"Slovenia",4,"Median","87",2014,218,462,680
705,"Slovenia",4,"Median","88",2014,182,454,637
705,"Slovenia",4,"Median","89",2014,154,430,584
705,"Slovenia",4,"Median","90",2014,132,401,533
705,"Slovenia",4,"Median","91",2014,111,362,473
705,"Slovenia",4,"Median","92",2014,87,314,400
705,"Slovenia",4,"Median","93",2014,67,254,321
705,"Slovenia",4,"Median","94",2014,48,189,237
705,"Slovenia",4,"Median","95",2014,29,119,147
705,"Slovenia",4,"Median","96",2014,16,70,87
705,"Slovenia",4,"Median","97",2014,12,53,65
705,"Slovenia",4,"Median","98",2014,10,48,58
705,"Slovenia",4,"Median","99",2014,10,47,56
705,"Slovenia",4,"Median","100",2014,6,26,32
705,"Slovenia",4,"Median","101",2014,4,20,24
705,"Slovenia",4,"Median","102",2014,3,15,18
705,"Slovenia",4,"Median","103",2014,2,11,13
705,"Slovenia",4,"Median","104",2014,1,8,9
705,"Slovenia",4,"Median","105",2014,1,6,7
705,"Slovenia",4,"Median","106",2014,1,5,6
705,"Slovenia",4,"Median","107",2014,1,4,5
705,"Slovenia",4,"Median","108",2014,0,3,3
705,"Slovenia",4,"Median","109",2014,0,2,2
705,"Slovenia",4,"Median","110",2014,0,2,2
705,"Slovenia",4,"Median","0",2015,19,19,37
705,"Slovenia",4,"Median","1",2015,2,2,4
705,"Slovenia",4,"Median","2",2015,1,1,3
705,"Slovenia",4,"Median","3",2015,2,1,2
705,"Slovenia",4,"Median","4",2015,1,1,2
705,"Slovenia",4,"Median","5",2015,1,1,2
705,"Slovenia",4,"Median","6",2015,1,1,1
705,"Slovenia",4,"Median","7",2015,1,2,2
705,"Slovenia",4,"Median","8",2015,1,1,1
705,"Slovenia",4,"Median","9",2015,0,1,1
705,"Slovenia",4,"Median","10",2015,1,0,1
705,"Slovenia",4,"Median","11",2015,2,1,3
705,"Slovenia",4,"Median","12",2015,1,1,2
705,"Slovenia",4,"Median","13",2015,0,1,1
705,"Slovenia",4,"Median","14",2015,4,1,4
705,"Slovenia",4,"Median","15",2015,1,2,3
705,"Slovenia",4,"Median","16",2015,3,1,3
705,"Slovenia",4,"Median","17",2015,4,2,6
705,"Slovenia",4,"Median","18",2015,6,2,8
705,"Slovenia",4,"Median","19",2015,7,3,10
705,"Slovenia",4,"Median","20",2015,8,3,11
705,"Slovenia",4,"Median","21",2015,6,2,7
705,"Slovenia",4,"Median","22",2015,8,3,11
705,"Slovenia",4,"Median","23",2015,6,2,8
705,"Slovenia",4,"Median","24",2015,6,3,9
705,"Slovenia",4,"Median","25",2015,10,1,11
705,"Slovenia",4,"Median","26",2015,6,2,9
705,"Slovenia",4,"Median","27",2015,7,2,9
705,"Slovenia",4,"Median","28",2015,9,1,11
705,"Slovenia",4,"Median","29",2015,9,3,12
705,"Slovenia",4,"Median","30",2015,12,4,16
705,"Slovenia",4,"Median","31",2015,12,4,15
705,"Slovenia",4,"Median","32",2015,9,6,15
705,"Slovenia",4,"Median","33",2015,15,7,22
705,"Slovenia",4,"Median","34",2015,15,4,19
705,"Slovenia",4,"Median","35",2015,16,6,22
705,"Slovenia",4,"Median","36",2015,11,7,18
705,"Slovenia",4,"Median","37",2015,17,8,25
705,"Slovenia",4,"Median","38",2015,26,5,31
705,"Slovenia",4,"Median","39",2015,21,7,28
705,"Slovenia",4,"Median","40",2015,17,5,22
705,"Slovenia",4,"Median","41",2015,20,7,27
705,"Slovenia",4,"Median","42",2015,25,11,36
705,"Slovenia",4,"Median","43",2015,25,12,36
705,"Slovenia",4,"Median","44",2015,25,14,39
705,"Slovenia",4,"Median","45",2015,31,16,47
705,"Slovenia",4,"Median","46",2015,38,14,51
705,"Slovenia",4,"Median","47",2015,37,20,57
705,"Slovenia",4,"Median","48",2015,39,21,60
705,"Slovenia",4,"Median","49",2015,55,27,82
705,"Slovenia",4,"Median","50",2015,62,27,90
705,"Slovenia",4,"Median","51",2015,69,31,100
705,"Slovenia",4,"Median","52",2015,79,34,113
705,"Slovenia",4,"Median","53",2015,85,31,116
705,"Slovenia",4,"Median","54",2015,90,39,129
705,"Slovenia",4,"Median","55",2015,100,44,144
705,"Slovenia",4,"Median","56",2015,110,45,155
705,"Slovenia",4,"Median","57",2015,123,51,174
705,"Slovenia",4,"Median","58",2015,126,64,189
705,"Slovenia",4,"Median","59",2015,155,59,214
705,"Slovenia",4,"Median","60",2015,167,60,227
705,"Slovenia",4,"Median","61",2015,174,74,248
705,"Slovenia",4,"Median","62",2015,196,90,285
705,"Slovenia",4,"Median","63",2015,187,93,280
705,"Slovenia",4,"Median","64",2015,203,95,298
705,"Slovenia",4,"Median","65",2015,200,99,299
705,"Slovenia",4,"Median","66",2015,203,89,291
705,"Slovenia",4,"Median","67",2015,196,96,293
705,"Slovenia",4,"Median","68",2015,194,105,299
705,"Slovenia",4,"Median","69",2015,180,95,275
705,"Slovenia",4,"Median","70",2015,163,89,252
705,"Slovenia",4,"Median","71",2015,222,123,344
705,"Slovenia",4,"Median","72",2015,241,156,397
705,"Slovenia",4,"Median","73",2015,276,155,430
705,"Slovenia",4,"Median","74",2015,256,174,430
705,"Slovenia",4,"Median","75",2015,310,225,535
705,"Slovenia",4,"Median","76",2015,315,245,560
705,"Slovenia",4,"Median","77",2015,322,266,588
705,"Slovenia",4,"Median","78",2015,335,295,630
705,"Slovenia",4,"Median","79",2015,342,323,665
705,"Slovenia",4,"Median","80",2015,339,350,689
705,"Slovenia",4,"Median","81",2015,332,384,716
705,"Slovenia",4,"Median","82",2015,329,416,745
705,"Slovenia",4,"Median","83",2015,325,442,767
705,"Slovenia",4,"Median","84",2015,324,468,792
705,"Slovenia",4,"Median","85",2015,304,473,777
705,"Slovenia",4,"Median","86",2015,267,465,732
705,"Slovenia",4,"Median","87",2015,239,465,703
705,"Slovenia",4,"Median","88",2015,201,455,656
705,"Slovenia",4,"Median","89",2015,166,441,607
705,"Slovenia",4,"Median","90",2015,137,411,548
705,"Slovenia",4,"Median","91",2015,116,375,491
705,"Slovenia",4,"Median","92",2015,95,333,428
705,"Slovenia",4,"Median","93",2015,73,282,354
705,"Slovenia",4,"Median","94",2015,55,223,278
705,"Slovenia",4,"Median","95",2015,39,161,200
705,"Slovenia",4,"Median","96",2015,23,99,121
705,"Slovenia",4,"Median","97",2015,13,57,69
705,"Slovenia",4,"Median","98",2015,9,42,51
705,"Slovenia",4,"Median","99",2015,7,36,43
705,"Slovenia",4,"Median","100",2015,6,27,33
705,"Slovenia",4,"Median","101",2015,4,20,24
705,"Slovenia",4,"Median","102",2015,3,15,18
705,"Slovenia",4,"Median","103",2015,2,11,13
705,"Slovenia",4,"Median","104",2015,1,8,9
705,"Slovenia",4,"Median","105",2015,1,6,7
705,"Slovenia",4,"Median","106",2015,1,4,5
705,"Slovenia",4,"Median","107",2015,0,3,3
705,"Slovenia",4,"Median","108",2015,0,2,2
705,"Slovenia",4,"Median","109",2015,0,2,2
705,"Slovenia",4,"Median","110",2015,0,1,1
705,"Slovenia",4,"Median","0",2016,20,19,38
705,"Slovenia",4,"Median","1",2016,3,2,5
705,"Slovenia",4,"Median","2",2016,1,1,2
705,"Slovenia",4,"Median","3",2016,2,1,2
705,"Slovenia",4,"Median","4",2016,1,1,2
705,"Slovenia",4,"Median","5",2016,1,1,2
705,"Slovenia",4,"Median","6",2016,1,0,1
705,"Slovenia",4,"Median","7",2016,0,2,2
705,"Slovenia",4,"Median","8",2016,1,0,1
705,"Slovenia",4,"Median","9",2016,1,1,2
705,"Slovenia",4,"Median","10",2016,1,0,1
705,"Slovenia",4,"Median","11",2016,2,1,3
705,"Slovenia",4,"Median","12",2016,1,1,2
705,"Slovenia",4,"Median","13",2016,1,1,2
705,"Slovenia",4,"Median","14",2016,3,1,4
705,"Slovenia",4,"Median","15",2016,1,1,2
705,"Slovenia",4,"Median","16",2016,3,1,4
705,"Slovenia",4,"Median","17",2016,4,2,6
705,"Slovenia",4,"Median","18",2016,6,3,9
705,"Slovenia",4,"Median","19",2016,5,3,9
705,"Slovenia",4,"Median","20",2016,8,3,12
705,"Slovenia",4,"Median","21",2016,7,1,7
705,"Slovenia",4,"Median","22",2016,7,2,9
705,"Slovenia",4,"Median","23",2016,7,3,10
705,"Slovenia",4,"Median","24",2016,6,3,9
705,"Slovenia",4,"Median","25",2016,11,1,12
705,"Slovenia",4,"Median","26",2016,7,2,9
705,"Slovenia",4,"Median","27",2016,7,2,10
705,"Slovenia",4,"Median","28",2016,8,2,10
705,"Slovenia",4,"Median","29",2016,10,3,13
705,"Slovenia",4,"Median","30",2016,11,4,15
705,"Slovenia",4,"Median","31",2016,11,3,14
705,"Slovenia",4,"Median","32",2016,10,5,14
705,"Slovenia",4,"Median","33",2016,13,5,18
705,"Slovenia",4,"Median","34",2016,16,5,21
705,"Slovenia",4,"Median","35",2016,12,5,17
705,"Slovenia",4,"Median","36",2016,8,7,15
705,"Slovenia",4,"Median","37",2016,15,6,21
705,"Slovenia",4,"Median","38",2016,25,7,32
705,"Slovenia",4,"Median","39",2016,21,7,28
705,"Slovenia",4,"Median","40",2016,17,6,23
705,"Slovenia",4,"Median","41",2016,20,8,28
705,"Slovenia",4,"Median","42",2016,22,12,34
705,"Slovenia",4,"Median","43",2016,24,11,35
705,"Slovenia",4,"Median","44",2016,25,13,38
705,"Slovenia",4,"Median","45",2016,27,15,42
705,"Slovenia",4,"Median","46",2016,33,14,47
705,"Slovenia",4,"Median","47",2016,38,20,58
705,"Slovenia",4,"Median","48",2016,41,20,61
705,"Slovenia",4,"Median","49",2016,52,25,77
705,"Slovenia",4,"Median","50",2016,60,28,88
705,"Slovenia",4,"Median","51",2016,72,34,107
705,"Slovenia",4,"Median","52",2016,81,32,114
705,"Slovenia",4,"Median","53",2016,83,34,117
705,"Slovenia",4,"Median","54",2016,90,37,127
705,"Slovenia",4,"Median","55",2016,101,46,147
705,"Slovenia",4,"Median","56",2016,114,48,162
705,"Slovenia",4,"Median","57",2016,118,50,168
705,"Slovenia",4,"Median","58",2016,120,63,183
705,"Slovenia",4,"Median","59",2016,147,61,209
705,"Slovenia",4,"Median","60",2016,165,66,231
705,"Slovenia",4,"Median","61",2016,176,78,254
705,"Slovenia",4,"Median","62",2016,195,84,279
705,"Slovenia",4,"Median","63",2016,187,95,282
705,"Slovenia",4,"Median","64",2016,209,98,306
705,"Slovenia",4,"Median","65",2016,204,97,300
705,"Slovenia",4,"Median","66",2016,219,105,324
705,"Slovenia",4,"Median","67",2016,194,109,302
705,"Slovenia",4,"Median","68",2016,226,118,344
705,"Slovenia",4,"Median","69",2016,216,106,322
705,"Slovenia",4,"Median","70",2016,176,93,269
705,"Slovenia",4,"Median","71",2016,187,105,292
705,"Slovenia",4,"Median","72",2016,233,147,380
705,"Slovenia",4,"Median","73",2016,272,154,426
705,"Slovenia",4,"Median","74",2016,261,172,433
705,"Slovenia",4,"Median","75",2016,317,225,541
705,"Slovenia",4,"Median","76",2016,329,250,579
705,"Slovenia",4,"Median","77",2016,333,271,604
705,"Slovenia",4,"Median","78",2016,338,292,630
705,"Slovenia",4,"Median","79",2016,351,321,672
705,"Slovenia",4,"Median","80",2016,355,350,705
705,"Slovenia",4,"Median","81",2016,349,377,726
705,"Slovenia",4,"Median","82",2016,340,409,749
705,"Slovenia",4,"Median","83",2016,333,440,773
705,"Slovenia",4,"Median","84",2016,326,463,788
705,"Slovenia",4,"Median","85",2016,322,484,806
705,"Slovenia",4,"Median","86",2016,298,483,781
705,"Slovenia",4,"Median","87",2016,258,469,727
705,"Slovenia",4,"Median","88",2016,227,461,689
705,"Slovenia",4,"Median","89",2016,188,445,633
705,"Slovenia",4,"Median","90",2016,153,424,576
705,"Slovenia",4,"Median","91",2016,124,387,511
705,"Slovenia",4,"Median","92",2016,103,346,449
705,"Slovenia",4,"Median","93",2016,83,299,382
705,"Slovenia",4,"Median","94",2016,62,247,309
705,"Slovenia",4,"Median","95",2016,46,190,236
705,"Slovenia",4,"Median","96",2016,31,134,165
705,"Slovenia",4,"Median","97",2016,18,79,97
705,"Slovenia",4,"Median","98",2016,10,44,54
705,"Slovenia",4,"Median","99",2016,7,31,38
705,"Slovenia",4,"Median","100",2016,5,25,30
705,"Slovenia",4,"Median","101",2016,4,19,23
705,"Slovenia",4,"Median","102",2016,3,14,17
705,"Slovenia",4,"Median","103",2016,2,10,12
705,"Slovenia",4,"Median","104",2016,1,8,9
705,"Slovenia",4,"Median","105",2016,1,6,7
705,"Slovenia",4,"Median","106",2016,1,4,5
705,"Slovenia",4,"Median","107",2016,0,3,3
705,"Slovenia",4,"Median","108",2016,0,2,2
705,"Slovenia",4,"Median","109",2016,0,2,2
705,"Slovenia",4,"Median","110",2016,0,1,1
705,"Slovenia",4,"Median","0",2017,21,21,42
705,"Slovenia",4,"Median","1",2017,2,2,4
705,"Slovenia",4,"Median","2",2017,0,1,1
705,"Slovenia",4,"Median","3",2017,0,0,1
705,"Slovenia",4,"Median","4",2017,0,0,1
705,"Slovenia",4,"Median","5",2017,1,0,1
705,"Slovenia",4,"Median","6",2017,1,0,1
705,"Slovenia",4,"Median","7",2017,0,1,1
705,"Slovenia",4,"Median","8",2017,0,0,1
705,"Slovenia",4,"Median","9",2017,1,3,4
705,"Slovenia",4,"Median","10",2017,0,0,0
705,"Slovenia",4,"Median","11",2017,0,0,1
705,"Slovenia",4,"Median","12",2017,0,1,1
705,"Slovenia",4,"Median","13",2017,3,1,4
705,"Slovenia",4,"Median","14",2017,1,2,3
705,"Slovenia",4,"Median","15",2017,1,0,1
705,"Slovenia",4,"Median","16",2017,3,2,5
705,"Slovenia",4,"Median","17",2017,3,0,3
705,"Slovenia",4,"Median","18",2017,4,4,8
705,"Slovenia",4,"Median","19",2017,2,2,4
705,"Slovenia",4,"Median","20",2017,6,2,8
705,"Slovenia",4,"Median","21",2017,6,1,7
705,"Slovenia",4,"Median","22",2017,5,2,7
705,"Slovenia",4,"Median","23",2017,7,7,14
705,"Slovenia",4,"Median","24",2017,3,4,7
705,"Slovenia",4,"Median","25",2017,15,1,16
705,"Slovenia",4,"Median","26",2017,5,2,7
705,"Slovenia",4,"Median","27",2017,8,3,11
705,"Slovenia",4,"Median","28",2017,6,2,8
705,"Slovenia",4,"Median","29",2017,11,2,13
705,"Slovenia",4,"Median","30",2017,10,4,14
705,"Slovenia",4,"Median","31",2017,9,1,10
705,"Slovenia",4,"Median","32",2017,11,3,14
705,"Slovenia",4,"Median","33",2017,8,3,11
705,"Slovenia",4,"Median","34",2017,20,4,24
705,"Slovenia",4,"Median","35",2017,5,3,8
705,"Slovenia",4,"Median","36",2017,9,8,17
705,"Slovenia",4,"Median","37",2017,12,4,16
705,"Slovenia",4,"Median","38",2017,17,10,27
705,"Slovenia",4,"Median","39",2017,22,6,28
705,"Slovenia",4,"Median","40",2017,20,9,29
705,"Slovenia",4,"Median","41",2017,17,10,27
705,"Slovenia",4,"Median","42",2017,17,12,29
705,"Slovenia",4,"Median","43",2017,21,7,28
705,"Slovenia",4,"Median","44",2017,24,13,37
705,"Slovenia",4,"Median","45",2017,20,15,35
705,"Slovenia",4,"Median","46",2017,33,14,47
705,"Slovenia",4,"Median","47",2017,36,21,56
705,"Slovenia",4,"Median","48",2017,45,20,65
705,"Slovenia",4,"Median","49",2017,39,22,61
705,"Slovenia",4,"Median","50",2017,56,24,80
705,"Slovenia",4,"Median","51",2017,71,35,106
705,"Slovenia",4,"Median","52",2017,94,29,123
705,"Slovenia",4,"Median","53",2017,66,41,107
705,"Slovenia",4,"Median","54",2017,82,35,117
705,"Slovenia",4,"Median","55",2017,103,43,146
705,"Slovenia",4,"Median","56",2017,112,60,172
705,"Slovenia",4,"Median","57",2017,106,60,166
705,"Slovenia",4,"Median","58",2017,123,58,181
705,"Slovenia",4,"Median","59",2017,135,63,198
705,"Slovenia",4,"Median","60",2017,156,78,234
705,"Slovenia",4,"Median","61",2017,186,84,270
705,"Slovenia",4,"Median","62",2017,187,80,267
705,"Slovenia",4,"Median","63",2017,187,93,280
705,"Slovenia",4,"Median","64",2017,224,103,327
705,"Slovenia",4,"Median","65",2017,186,84,270
705,"Slovenia",4,"Median","66",2017,234,108,342
705,"Slovenia",4,"Median","67",2017,209,125,334
705,"Slovenia",4,"Median","68",2017,242,133,375
705,"Slovenia",4,"Median","69",2017,224,103,327
705,"Slovenia",4,"Median","70",2017,237,118,355
705,"Slovenia",4,"Median","71",2017,203,105,309
705,"Slovenia",4,"Median","72",2017,194,120,315
705,"Slovenia",4,"Median","73",2017,243,146,390
705,"Slovenia",4,"Median","74",2017,259,167,426
705,"Slovenia",4,"Median","75",2017,327,231,558
705,"Slovenia",4,"Median","76",2017,340,249,589
705,"Slovenia",4,"Median","77",2017,352,275,627
705,"Slovenia",4,"Median","78",2017,354,297,651
705,"Slovenia",4,"Median","79",2017,358,318,676
705,"Slovenia",4,"Median","80",2017,369,347,717
705,"Slovenia",4,"Median","81",2017,371,375,746
705,"Slovenia",4,"Median","82",2017,362,401,763
705,"Slovenia",4,"Median","83",2017,350,431,781
705,"Slovenia",4,"Median","84",2017,340,459,798
705,"Slovenia",4,"Median","85",2017,328,477,805
705,"Slovenia",4,"Median","86",2017,320,494,814
705,"Slovenia",4,"Median","87",2017,293,486,779
705,"Slovenia",4,"Median","88",2017,250,464,714
705,"Slovenia",4,"Median","89",2017,217,449,666
705,"Slovenia",4,"Median","90",2017,177,426,602
705,"Slovenia",4,"Median","91",2017,141,397,538
705,"Slovenia",4,"Median","92",2017,112,355,467
705,"Slovenia",4,"Median","93",2017,91,310,401
705,"Slovenia",4,"Median","94",2017,71,262,334
705,"Slovenia",4,"Median","95",2017,52,211,263
705,"Slovenia",4,"Median","96",2017,38,158,195
705,"Slovenia",4,"Median","97",2017,25,108,133
705,"Slovenia",4,"Median","98",2017,14,62,76
705,"Slovenia",4,"Median","99",2017,7,33,41
705,"Slovenia",4,"Median","100",2017,5,21,26
705,"Slovenia",4,"Median","101",2017,4,16,20
705,"Slovenia",4,"Median","102",2017,3,12,15
705,"Slovenia",4,"Median","103",2017,2,9,11
705,"Slovenia",4,"Median","104",2017,1,7,8
705,"Slovenia",4,"Median","105",2017,1,5,6
705,"Slovenia",4,"Median","106",2017,1,4,5
705,"Slovenia",4,"Median","107",2017,0,3,3
705,"Slovenia",4,"Median","108",2017,0,2,2
705,"Slovenia",4,"Median","109",2017,0,2,2
705,"Slovenia",4,"Median","110",2017,0,1,1
705,"Slovenia",4,"Median","0",2018,22,11,32
705,"Slovenia",4,"Median","1",2018,1,1,2
705,"Slovenia",4,"Median","2",2018,2,4,6
705,"Slovenia",4,"Median","3",2018,2,2,4
705,"Slovenia",4,"Median","4",2018,0,1,1
705,"Slovenia",4,"Median","5",2018,2,1,3
705,"Slovenia",4,"Median","6",2018,1,0,1
705,"Slovenia",4,"Median","7",2018,0,2,2
705,"Slovenia",4,"Median","8",2018,0,2,2
705,"Slovenia",4,"Median","9",2018,0,0,1
705,"Slovenia",4,"Median","10",2018,2,0,2
705,"Slovenia",4,"Median","11",2018,1,0,1
705,"Slovenia",4,"Median","12",2018,1,0,1
705,"Slovenia",4,"Median","13",2018,1,0,1
705,"Slovenia",4,"Median","14",2018,1,2,3
705,"Slovenia",4,"Median","15",2018,1,2,3
705,"Slovenia",4,"Median","16",2018,1,1,2
705,"Slovenia",4,"Median","17",2018,5,2,7
705,"Slovenia",4,"Median","18",2018,6,0,6
705,"Slovenia",4,"Median","19",2018,8,2,10
705,"Slovenia",4,"Median","20",2018,6,0,6
705,"Slovenia",4,"Median","21",2018,5,1,6
705,"Slovenia",4,"Median","22",2018,8,1,9
705,"Slovenia",4,"Median","23",2018,6,2,8
705,"Slovenia",4,"Median","24",2018,4,0,4
705,"Slovenia",4,"Median","25",2018,4,2,6
705,"Slovenia",4,"Median","26",2018,5,2,7
705,"Slovenia",4,"Median","27",2018,8,5,13
705,"Slovenia",4,"Median","28",2018,7,2,9
705,"Slovenia",4,"Median","29",2018,8,2,10
705,"Slovenia",4,"Median","30",2018,7,1,8
705,"Slovenia",4,"Median","31",2018,10,5,15
705,"Slovenia",4,"Median","32",2018,10,2,12
705,"Slovenia",4,"Median","33",2018,8,2,10
705,"Slovenia",4,"Median","34",2018,7,7,14
705,"Slovenia",4,"Median","35",2018,16,6,22
705,"Slovenia",4,"Median","36",2018,19,4,23
705,"Slovenia",4,"Median","37",2018,19,8,27
705,"Slovenia",4,"Median","38",2018,17,7,24
705,"Slovenia",4,"Median","39",2018,17,9,26
705,"Slovenia",4,"Median","40",2018,19,5,24
705,"Slovenia",4,"Median","41",2018,20,9,29
705,"Slovenia",4,"Median","42",2018,24,8,32
705,"Slovenia",4,"Median","43",2018,28,15,43
705,"Slovenia",4,"Median","44",2018,36,15,51
705,"Slovenia",4,"Median","45",2018,31,15,46
705,"Slovenia",4,"Median","46",2018,21,15,36
705,"Slovenia",4,"Median","47",2018,19,11,30
705,"Slovenia",4,"Median","48",2018,37,15,52
705,"Slovenia",4,"Median","49",2018,50,16,66
705,"Slovenia",4,"Median","50",2018,51,28,79
705,"Slovenia",4,"Median","51",2018,71,38,109
705,"Slovenia",4,"Median","52",2018,59,35,94
705,"Slovenia",4,"Median","53",2018,67,40,107
705,"Slovenia",4,"Median","54",2018,85,38,123
705,"Slovenia",4,"Median","55",2018,85,38,123
705,"Slovenia",4,"Median","56",2018,92,38,130
705,"Slovenia",4,"Median","57",2018,106,59,165
705,"Slovenia",4,"Median","58",2018,125,58,183
705,"Slovenia",4,"Median","59",2018,128,62,190
705,"Slovenia",4,"Median","60",2018,140,72,212
705,"Slovenia",4,"Median","61",2018,164,85,249
705,"Slovenia",4,"Median","62",2018,183,106,289
705,"Slovenia",4,"Median","63",2018,197,92,289
705,"Slovenia",4,"Median","64",2018,207,77,284
705,"Slovenia",4,"Median","65",2018,224,123,347
705,"Slovenia",4,"Median","66",2018,225,132,357
705,"Slovenia",4,"Median","67",2018,242,89,331
705,"Slovenia",4,"Median","68",2018,256,120,376
705,"Slovenia",4,"Median","69",2018,216,126,342
705,"Slovenia",4,"Median","70",2018,235,123,358
705,"Slovenia",4,"Median","71",2018,239,148,387
705,"Slovenia",4,"Median","72",2018,202,94,297
705,"Slovenia",4,"Median","73",2018,216,127,343
705,"Slovenia",4,"Median","74",2018,259,146,405
705,"Slovenia",4,"Median","75",2018,325,235,560
705,"Slovenia",4,"Median","76",2018,339,251,591
705,"Slovenia",4,"Median","77",2018,351,269,620
705,"Slovenia",4,"Median","78",2018,362,296,658
705,"Slovenia",4,"Median","79",2018,361,317,679
705,"Slovenia",4,"Median","80",2018,363,337,700
705,"Slovenia",4,"Median","81",2018,371,366,737
705,"Slovenia",4,"Median","82",2018,370,391,761
705,"Slovenia",4,"Median","83",2018,357,414,771
705,"Slovenia",4,"Median","84",2018,341,441,782
705,"Slovenia",4,"Median","85",2018,327,464,791
705,"Slovenia",4,"Median","86",2018,312,477,789
705,"Slovenia",4,"Median","87",2018,301,487,787
705,"Slovenia",4,"Median","88",2018,271,472,743
705,"Slovenia",4,"Median","89",2018,227,444,671
705,"Slovenia",4,"Median","90",2018,194,422,616
705,"Slovenia",4,"Median","91",2018,155,393,547
705,"Slovenia",4,"Median","92",2018,121,359,480
705,"Slovenia",4,"Median","93",2018,94,314,408
705,"Slovenia",4,"Median","94",2018,75,268,343
705,"Slovenia",4,"Median","95",2018,57,221,278
705,"Slovenia",4,"Median","96",2018,41,173,214
705,"Slovenia",4,"Median","97",2018,29,126,154
705,"Slovenia",4,"Median","98",2018,19,83,102
705,"Slovenia",4,"Median","99",2018,10,47,56
705,"Slovenia",4,"Median","100",2018,4,18,22
705,"Slovenia",4,"Median","101",2018,3,14,17
705,"Slovenia",4,"Median","102",2018,2,11,13
705,"Slovenia",4,"Median","103",2018,2,9,11
705,"Slovenia",4,"Median","104",2018,1,7,8
705,"Slovenia",4,"Median","105",2018,1,6,7
705,"Slovenia",4,"Median","106",2018,1,4,5
705,"Slovenia",4,"Median","107",2018,1,4,5
705,"Slovenia",4,"Median","108",2018,0,3,3
705,"Slovenia",4,"Median","109",2018,0,2,2
705,"Slovenia",4,"Median","110",2018,0,2,2
705,"Slovenia",4,"Median","0",2019,25,15,40
705,"Slovenia",4,"Median","1",2019,2,2,4
705,"Slovenia",4,"Median","2",2019,1,1,2
705,"Slovenia",4,"Median","3",2019,1,0,1
705,"Slovenia",4,"Median","4",2019,1,1,2
705,"Slovenia",4,"Median","5",2019,0,0,0
705,"Slovenia",4,"Median","6",2019,2,2,4
705,"Slovenia",4,"Median","7",2019,3,0,3
705,"Slovenia",4,"Median","8",2019,1,2,3
705,"Slovenia",4,"Median","9",2019,1,1,2
705,"Slovenia",4,"Median","10",2019,2,0,2
705,"Slovenia",4,"Median","11",2019,1,1,2
705,"Slovenia",4,"Median","12",2019,1,0,1
705,"Slovenia",4,"Median","13",2019,0,1,1
705,"Slovenia",4,"Median","14",2019,1,0,1
705,"Slovenia",4,"Median","15",2019,2,0,2
705,"Slovenia",4,"Median","16",2019,0,3,3
705,"Slovenia",4,"Median","17",2019,3,0,3
705,"Slovenia",4,"Median","18",2019,5,1,6
705,"Slovenia",4,"Median","19",2019,6,1,7
705,"Slovenia",4,"Median","20",2019,4,2,6
705,"Slovenia",4,"Median","21",2019,3,0,3
705,"Slovenia",4,"Median","22",2019,4,2,6
705,"Slovenia",4,"Median","23",2019,7,0,7
705,"Slovenia",4,"Median","24",2019,10,1,11
705,"Slovenia",4,"Median","25",2019,4,4,8
705,"Slovenia",4,"Median","26",2019,10,1,11
705,"Slovenia",4,"Median","27",2019,6,1,7
705,"Slovenia",4,"Median","28",2019,16,0,17
705,"Slovenia",4,"Median","29",2019,7,1,8
705,"Slovenia",4,"Median","30",2019,12,5,17
705,"Slovenia",4,"Median","31",2019,11,2,13
705,"Slovenia",4,"Median","32",2019,10,5,15
705,"Slovenia",4,"Median","33",2019,9,3,12
705,"Slovenia",4,"Median","34",2019,15,4,19
705,"Slovenia",4,"Median","35",2019,12,5,17
705,"Slovenia",4,"Median","36",2019,12,6,18
705,"Slovenia",4,"Median","37",2019,20,10,30
705,"Slovenia",4,"Median","38",2019,23,7,30
705,"Slovenia",4,"Median","39",2019,18,7,25
705,"Slovenia",4,"Median","40",2019,20,7,27
705,"Slovenia",4,"Median","41",2019,23,8,31
705,"Slovenia",4,"Median","42",2019,29,4,33
705,"Slovenia",4,"Median","43",2019,20,6,26
705,"Slovenia",4,"Median","44",2019,29,13,42
705,"Slovenia",4,"Median","45",2019,28,11,39
705,"Slovenia",4,"Median","46",2019,35,21,56
705,"Slovenia",4,"Median","47",2019,42,12,54
705,"Slovenia",4,"Median","48",2019,32,20,52
705,"Slovenia",4,"Median","49",2019,35,15,50
705,"Slovenia",4,"Median","50",2019,59,21,80
705,"Slovenia",4,"Median","51",2019,49,28,77
705,"Slovenia",4,"Median","52",2019,62,36,98
705,"Slovenia",4,"Median","53",2019,60,34,94
705,"Slovenia",4,"Median","54",2019,78,35,113
705,"Slovenia",4,"Median","55",2019,73,32,105
705,"Slovenia",4,"Median","56",2019,98,35,133
705,"Slovenia",4,"Median","57",2019,117,43,160
705,"Slovenia",4,"Median","58",2019,117,55,172
705,"Slovenia",4,"Median","59",2019,144,58,202
705,"Slovenia",4,"Median","60",2019,133,76,210
705,"Slovenia",4,"Median","61",2019,135,89,224
705,"Slovenia",4,"Median","62",2019,172,83,255
705,"Slovenia",4,"Median","63",2019,209,87,297
705,"Slovenia",4,"Median","64",2019,193,99,293
705,"Slovenia",4,"Median","65",2019,211,104,314
705,"Slovenia",4,"Median","66",2019,229,138,367
705,"Slovenia",4,"Median","67",2019,245,95,340
705,"Slovenia",4,"Median","68",2019,287,129,416
705,"Slovenia",4,"Median","69",2019,259,129,387
705,"Slovenia",4,"Median","70",2019,250,129,379
705,"Slovenia",4,"Median","71",2019,245,147,392
705,"Slovenia",4,"Median","72",2019,245,148,393
705,"Slovenia",4,"Median","73",2019,231,117,348
705,"Slovenia",4,"Median","74",2019,217,151,368
705,"Slovenia",4,"Median","75",2019,298,219,517
705,"Slovenia",4,"Median","76",2019,331,259,590
705,"Slovenia",4,"Median","77",2019,343,276,619
705,"Slovenia",4,"Median","78",2019,351,294,645
705,"Slovenia",4,"Median","79",2019,358,322,680
705,"Slovenia",4,"Median","80",2019,354,343,698
705,"Slovenia",4,"Median","81",2019,352,363,715
705,"Slovenia",4,"Median","82",2019,356,391,747
705,"Slovenia",4,"Median","83",2019,350,415,765
705,"Slovenia",4,"Median","84",2019,334,436,770
705,"Slovenia",4,"Median","85",2019,314,460,774
705,"Slovenia",4,"Median","86",2019,297,479,776
705,"Slovenia",4,"Median","87",2019,279,486,766
705,"Slovenia",4,"Median","88",2019,264,490,754
705,"Slovenia",4,"Median","89",2019,234,469,702
705,"Slovenia",4,"Median","90",2019,193,434,627
705,"Slovenia",4,"Median","91",2019,161,406,567
705,"Slovenia",4,"Median","92",2019,126,370,496
705,"Slovenia",4,"Median","93",2019,96,332,428
705,"Slovenia",4,"Median","94",2019,73,284,357
705,"Slovenia",4,"Median","95",2019,57,236,293
705,"Slovenia",4,"Median","96",2019,42,190,232
705,"Slovenia",4,"Median","97",2019,29,144,174
705,"Slovenia",4,"Median","98",2019,20,102,122
705,"Slovenia",4,"Median","99",2019,13,65,78
705,"Slovenia",4,"Median","100",2019,4,18,22
705,"Slovenia",4,"Median","101",2019,3,15,18
705,"Slovenia",4,"Median","102",2019,2,12,14
705,"Slovenia",4,"Median","103",2019,2,10,12
705,"Slovenia",4,"Median","104",2019,1,8,9
705,"Slovenia",4,"Median","105",2019,1,7,8
705,"Slovenia",4,"Median","106",2019,1,5,6
705,"Slovenia",4,"Median","107",2019,1,4,5
705,"Slovenia",4,"Median","108",2019,0,4,4
705,"Slovenia",4,"Median","109",2019,0,3,3
705,"Slovenia",4,"Median","110",2019,0,2,2
705,"Slovenia",4,"Median","0",2020,23,16,39
705,"Slovenia",4,"Median","1",2020,1,0,2
705,"Slovenia",4,"Median","2",2020,1,0,1
705,"Slovenia",4,"Median","3",2020,1,1,1
705,"Slovenia",4,"Median","4",2020,1,1,1
705,"Slovenia",4,"Median","5",2020,0,1,1
705,"Slovenia",4,"Median","6",2020,0,1,2
705,"Slovenia",4,"Median","7",2020,0,1,1
705,"Slovenia",4,"Median","8",2020,0,1,1
705,"Slovenia",4,"Median","9",2020,0,1,1
705,"Slovenia",4,"Median","10",2020,0,1,1
705,"Slovenia",4,"Median","11",2020,1,0,1
705,"Slovenia",4,"Median","12",2020,1,0,1
705,"Slovenia",4,"Median","13",2020,1,0,1
705,"Slovenia",4,"Median","14",2020,1,0,2
705,"Slovenia",4,"Median","15",2020,1,0,2
705,"Slovenia",4,"Median","16",2020,2,1,2
705,"Slovenia",4,"Median","17",2020,2,1,3
705,"Slovenia",4,"Median","18",2020,3,1,4
705,"Slovenia",4,"Median","19",2020,4,1,4
705,"Slovenia",4,"Median","20",2020,4,1,5
705,"Slovenia",4,"Median","21",2020,5,1,6
705,"Slovenia",4,"Median","22",2020,5,1,6
705,"Slovenia",4,"Median","23",2020,6,1,7
705,"Slovenia",4,"Median","24",2020,6,1,7
705,"Slovenia",4,"Median","25",2020,6,2,8
705,"Slovenia",4,"Median","26",2020,6,3,8
705,"Slovenia",4,"Median","27",2020,6,3,9
705,"Slovenia",4,"Median","28",2020,6,3,10
705,"Slovenia",4,"Median","29",2020,7,3,10
705,"Slovenia",4,"Median","30",2020,8,3,11
705,"Slovenia",4,"Median","31",2020,9,2,11
705,"Slovenia",4,"Median","32",2020,10,2,12
705,"Slovenia",4,"Median","33",2020,10,2,13
705,"Slovenia",4,"Median","34",2020,11,3,14
705,"Slovenia",4,"Median","35",2020,12,3,15
705,"Slovenia",4,"Median","36",2020,12,4,17
705,"Slovenia",4,"Median","37",2020,14,6,19
705,"Slovenia",4,"Median","38",2020,15,7,23
705,"Slovenia",4,"Median","39",2020,18,9,27
705,"Slovenia",4,"Median","40",2020,21,10,31
705,"Slovenia",4,"Median","41",2020,24,11,35
705,"Slovenia",4,"Median","42",2020,26,12,38
705,"Slovenia",4,"Median","43",2020,28,14,42
705,"Slovenia",4,"Median","44",2020,30,15,45
705,"Slovenia",4,"Median","45",2020,31,16,47
705,"Slovenia",4,"Median","46",2020,33,17,51
705,"Slovenia",4,"Median","47",2020,36,19,55
705,"Slovenia",4,"Median","48",2020,40,20,61
705,"Slovenia",4,"Median","49",2020,45,21,66
705,"Slovenia",4,"Median","50",2020,52,22,74
705,"Slovenia",4,"Median","51",2020,62,24,87
705,"Slovenia",4,"Median","52",2020,72,27,100
705,"Slovenia",4,"Median","53",2020,83,31,114
705,"Slovenia",4,"Median","54",2020,92,36,127
705,"Slovenia",4,"Median","55",2020,95,40,135
705,"Slovenia",4,"Median","56",2020,98,44,142
705,"Slovenia",4,"Median","57",2020,103,49,153
705,"Slovenia",4,"Median","58",2020,109,55,164
705,"Slovenia",4,"Median","59",2020,117,60,177
705,"Slovenia",4,"Median","60",2020,128,63,191
705,"Slovenia",4,"Median","61",2020,142,66,208
705,"Slovenia",4,"Median","62",2020,159,72,232
705,"Slovenia",4,"Median","63",2020,184,80,264
705,"Slovenia",4,"Median","64",2020,211,87,298
705,"Slovenia",4,"Median","65",2020,231,95,326
705,"Slovenia",4,"Median","66",2020,253,104,357
705,"Slovenia",4,"Median","67",2020,273,114,387
705,"Slovenia",4,"Median","68",2020,277,124,400
705,"Slovenia",4,"Median","69",2020,284,136,421
705,"Slovenia",4,"Median","70",2020,287,146,433
705,"Slovenia",4,"Median","71",2020,276,153,430
705,"Slovenia",4,"Median","72",2020,277,165,442
705,"Slovenia",4,"Median","73",2020,274,174,447
705,"Slovenia",4,"Median","74",2020,241,161,402
705,"Slovenia",4,"Median","75",2020,287,197,484
705,"Slovenia",4,"Median","76",2020,353,260,613
705,"Slovenia",4,"Median","77",2020,392,309,701
705,"Slovenia",4,"Median","78",2020,406,331,737
705,"Slovenia",4,"Median","79",2020,416,354,770
705,"Slovenia",4,"Median","80",2020,423,389,812
705,"Slovenia",4,"Median","81",2020,418,416,834
705,"Slovenia",4,"Median","82",2020,413,440,853
705,"Slovenia",4,"Median","83",2020,415,475,890
705,"Slovenia",4,"Median","84",2020,406,504,910
705,"Slovenia",4,"Median","85",2020,384,528,912
705,"Slovenia",4,"Median","86",2020,359,554,913
705,"Slovenia",4,"Median","87",2020,336,574,909
705,"Slovenia",4,"Median","88",2020,311,578,889
705,"Slovenia",4,"Median","89",2020,291,577,867
705,"Slovenia",4,"Median","90",2020,253,544,797
705,"Slovenia",4,"Median","91",2020,205,497,702
705,"Slovenia",4,"Median","92",2020,168,456,624
705,"Slovenia",4,"Median","93",2020,128,408,536
705,"Slovenia",4,"Median","94",2020,96,357,453
705,"Slovenia",4,"Median","95",2020,71,298,368
705,"Slovenia",4,"Median","96",2020,53,241,294
705,"Slovenia",4,"Median","97",2020,39,187,226
705,"Slovenia",4,"Median","98",2020,26,138,164
705,"Slovenia",4,"Median","99",2020,17,94,111
705,"Slovenia",4,"Median","100",2020,6,25,31
705,"Slovenia",4,"Median","101",2020,5,21,26
705,"Slovenia",4,"Median","102",2020,3,17,20
705,"Slovenia",4,"Median","103",2020,3,14,17
705,"Slovenia",4,"Median","104",2020,2,12,14
705,"Slovenia",4,"Median","105",2020,1,10,11
705,"Slovenia",4,"Median","106",2020,1,8,9
705,"Slovenia",4,"Median","107",2020,1,7,8
705,"Slovenia",4,"Median","108",2020,1,6,7
705,"Slovenia",4,"Median","109",2020,0,5,5
705,"Slovenia",4,"Median","110",2020,0,4,4
705,"Slovenia",4,"Median","0",2021,22,13,35
705,"Slovenia",4,"Median","1",2021,1,1,3
705,"Slovenia",4,"Median","2",2021,1,1,2
705,"Slovenia",4,"Median","3",2021,1,1,2
705,"Slovenia",4,"Median","4",2021,1,1,2
705,"Slovenia",4,"Median","5",2021,0,1,1
705,"Slovenia",4,"Median","6",2021,0,1,1
705,"Slovenia",4,"Median","7",2021,0,1,1
705,"Slovenia",4,"Median","8",2021,0,1,1
705,"Slovenia",4,"Median","9",2021,0,1,1
705,"Slovenia",4,"Median","10",2021,0,1,1
705,"Slovenia",4,"Median","11",2021,0,1,1
705,"Slovenia",4,"Median","12",2021,0,1,2
705,"Slovenia",4,"Median","13",2021,0,1,2
705,"Slovenia",4,"Median","14",2021,0,1,2
705,"Slovenia",4,"Median","15",2021,1,1,2
705,"Slovenia",4,"Median","16",2021,2,1,4
705,"Slovenia",4,"Median","17",2021,5,1,6
705,"Slovenia",4,"Median","18",2021,7,1,7
705,"Slovenia",4,"Median","19",2021,7,1,8
705,"Slovenia",4,"Median","20",2021,6,1,7
705,"Slovenia",4,"Median","21",2021,4,1,5
705,"Slovenia",4,"Median","22",2021,3,1,4
705,"Slovenia",4,"Median","23",2021,3,1,4
705,"Slovenia",4,"Median","24",2021,3,2,5
705,"Slovenia",4,"Median","25",2021,4,2,6
705,"Slovenia",4,"Median","26",2021,5,2,7
705,"Slovenia",4,"Median","27",2021,7,2,9
705,"Slovenia",4,"Median","28",2021,9,2,11
705,"Slovenia",4,"Median","29",2021,11,3,13
705,"Slovenia",4,"Median","30",2021,12,3,15
705,"Slovenia",4,"Median","31",2021,13,3,15
705,"Slovenia",4,"Median","32",2021,13,3,16
705,"Slovenia",4,"Median","33",2021,13,3,16
705,"Slovenia",4,"Median","34",2021,12,3,15
705,"Slovenia",4,"Median","35",2021,11,4,15
705,"Slovenia",4,"Median","36",2021,12,5,16
705,"Slovenia",4,"Median","37",2021,12,6,18
705,"Slovenia",4,"Median","38",2021,14,7,21
705,"Slovenia",4,"Median","39",2021,17,8,25
705,"Slovenia",4,"Median","40",2021,21,10,31
705,"Slovenia",4,"Median","41",2021,25,12,37
705,"Slovenia",4,"Median","42",2021,29,13,42
705,"Slovenia",4,"Median","43",2021,33,13,46
705,"Slovenia",4,"Median","44",2021,35,14,49
705,"Slovenia",4,"Median","45",2021,37,14,51
705,"Slovenia",4,"Median","46",2021,39,14,52
705,"Slovenia",4,"Median","47",2021,41,14,55
705,"Slovenia",4,"Median","48",2021,44,16,60
705,"Slovenia",4,"Median","49",2021,48,19,66
705,"Slovenia",4,"Median","50",2021,52,22,74
705,"Slovenia",4,"Median","51",2021,58,26,84
705,"Slovenia",4,"Median","52",2021,68,31,99
705,"Slovenia",4,"Median","53",2021,77,36,114
705,"Slovenia",4,"Median","54",2021,88,40,129
705,"Slovenia",4,"Median","55",2021,99,43,142
705,"Slovenia",4,"Median","56",2021,106,44,150
705,"Slovenia",4,"Median","57",2021,114,45,159
705,"Slovenia",4,"Median","58",2021,126,48,174
705,"Slovenia",4,"Median","59",2021,139,53,192
705,"Slovenia",4,"Median","60",2021,151,61,212
705,"Slovenia",4,"Median","61",2021,165,69,234
705,"Slovenia",4,"Median","62",2021,179,79,258
705,"Slovenia",4,"Median","63",2021,193,92,286
705,"Slovenia",4,"Median","64",2021,213,108,321
705,"Slovenia",4,"Median","65",2021,233,121,354
705,"Slovenia",4,"Median","66",2021,244,131,375
705,"Slovenia",4,"Median","67",2021,261,138,399
705,"Slovenia",4,"Median","68",2021,281,145,425
705,"Slovenia",4,"Median","69",2021,291,148,439
705,"Slovenia",4,"Median","70",2021,310,155,465
705,"Slovenia",4,"Median","71",2021,326,159,485
705,"Slovenia",4,"Median","72",2021,324,163,487
705,"Slovenia",4,"Median","73",2021,329,173,503
705,"Slovenia",4,"Median","74",2021,323,184,507
705,"Slovenia",4,"Median","75",2021,300,208,508
705,"Slovenia",4,"Median","76",2021,301,215,517
705,"Slovenia",4,"Median","77",2021,365,280,645
705,"Slovenia",4,"Median","78",2021,400,327,727
705,"Slovenia",4,"Median","79",2021,408,346,753
705,"Slovenia",4,"Median","80",2021,411,364,775
705,"Slovenia",4,"Median","81",2021,411,393,805
705,"Slovenia",4,"Median","82",2021,399,413,812
705,"Slovenia",4,"Median","83",2021,387,430,817
705,"Slovenia",4,"Median","84",2021,382,455,837
705,"Slovenia",4,"Median","85",2021,367,473,840
705,"Slovenia",4,"Median","86",2021,340,486,826
705,"Slovenia",4,"Median","87",2021,310,500,810
705,"Slovenia",4,"Median","88",2021,284,505,789
705,"Slovenia",4,"Median","89",2021,257,497,755
705,"Slovenia",4,"Median","90",2021,235,484,718
705,"Slovenia",4,"Median","91",2021,199,445,644
705,"Slovenia",4,"Median","92",2021,157,395,553
705,"Slovenia",4,"Median","93",2021,125,353,478
705,"Slovenia",4,"Median","94",2021,93,306,400
705,"Slovenia",4,"Median","95",2021,68,260,328
705,"Slovenia",4,"Median","96",2021,49,210,259
705,"Slovenia",4,"Median","97",2021,36,165,200
705,"Slovenia",4,"Median","98",2021,25,124,149
705,"Slovenia",4,"Median","99",2021,16,88,104
705,"Slovenia",4,"Median","100",2021,6,25,31
705,"Slovenia",4,"Median","101",2021,5,21,26
705,"Slovenia",4,"Median","102",2021,4,18,22
705,"Slovenia",4,"Median","103",2021,3,15,18
705,"Slovenia",4,"Median","104",2021,2,12,14
705,"Slovenia",4,"Median","105",2021,1,10,11
705,"Slovenia",4,"Median","106",2021,1,8,9
705,"Slovenia",4,"Median","107",2021,1,7,8
705,"Slovenia",4,"Median","108",2021,1,6,7
705,"Slovenia",4,"Median","109",2021,0,5,5
705,"Slovenia",4,"Median","110",2021,0,4,4
705,"Slovenia",4,"Median","0",2022,29,15,44
705,"Slovenia",4,"Median","1",2022,2,3,5
705,"Slovenia",4,"Median","2",2022,2,1,3
705,"Slovenia",4,"Median","3",2022,2,0,2
705,"Slovenia",4,"Median","4",2022,2,0,2
705,"Slovenia",4,"Median","5",2022,2,0,2
705,"Slovenia",4,"Median","6",2022,2,0,2
705,"Slovenia",4,"Median","7",2022,2,0,2
705,"Slovenia",4,"Median","8",2022,1,0,1
705,"Slovenia",4,"Median","9",2022,1,0,1
705,"Slovenia",4,"Median","10",2022,1,0,1
705,"Slovenia",4,"Median","11",2022,1,0,1
705,"Slovenia",4,"Median","12",2022,1,1,2
705,"Slovenia",4,"Median","13",2022,1,3,4
705,"Slovenia",4,"Median","14",2022,1,3,4
705,"Slovenia",4,"Median","15",2022,1,2,3
705,"Slovenia",4,"Median","16",2022,2,1,3
705,"Slovenia",4,"Median","17",2022,2,0,3
705,"Slovenia",4,"Median","18",2022,3,0,3
705,"Slovenia",4,"Median","19",2022,4,0,4
705,"Slovenia",4,"Median","20",2022,4,0,5
705,"Slovenia",4,"Median","21",2022,5,1,6
705,"Slovenia",4,"Median","22",2022,5,1,7
705,"Slovenia",4,"Median","23",2022,6,2,8
705,"Slovenia",4,"Median","24",2022,7,3,10
705,"Slovenia",4,"Median","25",2022,8,3,11
705,"Slovenia",4,"Median","26",2022,9,3,12
705,"Slovenia",4,"Median","27",2022,9,3,12
705,"Slovenia",4,"Median","28",2022,10,3,12
705,"Slovenia",4,"Median","29",2022,10,3,13
705,"Slovenia",4,"Median","30",2022,10,4,13
705,"Slovenia",4,"Median","31",2022,10,4,14
705,"Slovenia",4,"Median","32",2022,10,5,16
705,"Slovenia",4,"Median","33",2022,11,6,18
705,"Slovenia",4,"Median","34",2022,13,7,20
705,"Slovenia",4,"Median","35",2022,14,7,21
705,"Slovenia",4,"Median","36",2022,16,7,22
705,"Slovenia",4,"Median","37",2022,18,7,24
705,"Slovenia",4,"Median","38",2022,19,7,26
705,"Slovenia",4,"Median","39",2022,21,8,29
705,"Slovenia",4,"Median","40",2022,23,9,32
705,"Slovenia",4,"Median","41",2022,24,10,35
705,"Slovenia",4,"Median","42",2022,26,12,38
705,"Slovenia",4,"Median","43",2022,28,13,42
705,"Slovenia",4,"Median","44",2022,30,15,45
705,"Slovenia",4,"Median","45",2022,34,16,50
705,"Slovenia",4,"Median","46",2022,37,17,54
705,"Slovenia",4,"Median","47",2022,40,18,58
705,"Slovenia",4,"Median","48",2022,44,19,63
705,"Slovenia",4,"Median","49",2022,47,21,68
705,"Slovenia",4,"Median","50",2022,50,22,72
705,"Slovenia",4,"Median","51",2022,52,24,76
705,"Slovenia",4,"Median","52",2022,56,26,82
705,"Slovenia",4,"Median","53",2022,62,30,92
705,"Slovenia",4,"Median","54",2022,70,35,105
705,"Slovenia",4,"Median","55",2022,80,41,120
705,"Slovenia",4,"Median","56",2022,91,46,137
705,"Slovenia",4,"Median","57",2022,100,51,151
705,"Slovenia",4,"Median","58",2022,111,56,167
705,"Slovenia",4,"Median","59",2022,125,62,188
705,"Slovenia",4,"Median","60",2022,140,69,209
705,"Slovenia",4,"Median","61",2022,153,76,229
705,"Slovenia",4,"Median","62",2022,167,81,247
705,"Slovenia",4,"Median","63",2022,181,86,267
705,"Slovenia",4,"Median","64",2022,196,94,290
705,"Slovenia",4,"Median","65",2022,217,104,321
705,"Slovenia",4,"Median","66",2022,238,113,350
705,"Slovenia",4,"Median","67",2022,250,121,371
705,"Slovenia",4,"Median","68",2022,267,130,396
705,"Slovenia",4,"Median","69",2022,285,139,424
705,"Slovenia",4,"Median","70",2022,291,149,440
705,"Slovenia",4,"Median","71",2022,305,161,466
705,"Slovenia",4,"Median","72",2022,314,171,485
705,"Slovenia",4,"Median","73",2022,307,177,484
705,"Slovenia",4,"Median","74",2022,309,188,496
705,"Slovenia",4,"Median","75",2022,337,240,577
705,"Slovenia",4,"Median","76",2022,293,221,515
705,"Slovenia",4,"Median","77",2022,293,229,522
705,"Slovenia",4,"Median","78",2022,353,297,649
705,"Slovenia",4,"Median","79",2022,384,346,730
705,"Slovenia",4,"Median","80",2022,389,364,753
705,"Slovenia",4,"Median","81",2022,389,382,771
705,"Slovenia",4,"Median","82",2022,386,411,797
705,"Slovenia",4,"Median","83",2022,371,429,800
705,"Slovenia",4,"Median","84",2022,357,443,800
705,"Slovenia",4,"Median","85",2022,349,465,814
705,"Slovenia",4,"Median","86",2022,331,479,810
705,"Slovenia",4,"Median","87",2022,303,487,790
705,"Slovenia",4,"Median","88",2022,273,495,768
705,"Slovenia",4,"Median","89",2022,247,494,740
705,"Slovenia",4,"Median","90",2022,220,479,699
705,"Slovenia",4,"Median","91",2022,198,458,656
705,"Slovenia",4,"Median","92",2022,165,414,579
705,"Slovenia",4,"Median","93",2022,128,361,488
705,"Slovenia",4,"Median","94",2022,100,315,415
705,"Slovenia",4,"Median","95",2022,73,267,340
705,"Slovenia",4,"Median","96",2022,52,221,273
705,"Slovenia",4,"Median","97",2022,36,174,210
705,"Slovenia",4,"Median","98",2022,26,132,158
705,"Slovenia",4,"Median","99",2022,18,96,114
705,"Slovenia",4,"Median","100",2022,7,30,37
705,"Slovenia",4,"Median","101",2022,5,25,30
705,"Slovenia",4,"Median","102",2022,4,21,25
705,"Slovenia",4,"Median","103",2022,3,17,20
705,"Slovenia",4,"Median","104",2022,2,15,17
705,"Slovenia",4,"Median","105",2022,2,12,14
705,"Slovenia",4,"Median","106",2022,1,10,11
705,"Slovenia",4,"Median","107",2022,1,9,10
705,"Slovenia",4,"Median","108",2022,1,7,8
705,"Slovenia",4,"Median","109",2022,1,6,7
705,"Slovenia",4,"Median","110",2022,0,5,5
705,"Slovenia",4,"Median","0",2023,20,12,32
705,"Slovenia",4,"Median","1",2023,2,2,3
705,"Slovenia",4,"Median","2",2023,1,1,2
705,"Slovenia",4,"Median","3",2023,1,0,1
705,"Slovenia",4,"Median","4",2023,1,1,2
705,"Slovenia",4,"Median","5",2023,0,0,0
705,"Slovenia",4,"Median","6",2023,2,2,4
705,"Slovenia",4,"Median","7",2023,2,0,3
705,"Slovenia",4,"Median","8",2023,1,2,2
705,"Slovenia",4,"Median","9",2023,1,1,2
705,"Slovenia",4,"Median","10",2023,2,0,2
705,"Slovenia",4,"Median","11",2023,1,1,2
705,"Slovenia",4,"Median","12",2023,1,0,1
705,"Slovenia",4,"Median","13",2023,0,1,1
705,"Slovenia",4,"Median","14",2023,1,0,1
705,"Slovenia",4,"Median","15",2023,2,0,2
705,"Slovenia",4,"Median","16",2023,0,3,3
705,"Slovenia",4,"Median","17",2023,3,0,3
705,"Slovenia",4,"Median","18",2023,4,1,5
705,"Slovenia",4,"Median","19",2023,5,1,6
705,"Slovenia",4,"Median","20",2023,3,2,5
705,"Slovenia",4,"Median","21",2023,2,0,3
705,"Slovenia",4,"Median","22",2023,3,2,5
705,"Slovenia",4,"Median","23",2023,6,0,6
705,"Slovenia",4,"Median","24",2023,9,1,10
705,"Slovenia",4,"Median","25",2023,4,4,7
705,"Slovenia",4,"Median","26",2023,9,1,10
705,"Slovenia",4,"Median","27",2023,6,1,7
705,"Slovenia",4,"Median","28",2023,15,0,15
705,"Slovenia",4,"Median","29",2023,6,1,7
705,"Slovenia",4,"Median","30",2023,10,4,14
705,"Slovenia",4,"Median","31",2023,9,2,11
705,"Slovenia",4,"Median","32",2023,8,4,12
705,"Slovenia",4,"Median","33",2023,8,3,10
705,"Slovenia",4,"Median","34",2023,13,3,17
705,"Slovenia",4,"Median","35",2023,11,4,15
705,"Slovenia",4,"Median","36",2023,10,5,15
705,"Slovenia",4,"Median","37",2023,17,9,25
705,"Slovenia",4,"Median","38",2023,19,6,25
705,"Slovenia",4,"Median","39",2023,15,6,21
705,"Slovenia",4,"Median","40",2023,17,6,23
705,"Slovenia",4,"Median","41",2023,20,7,27
705,"Slovenia",4,"Median","42",2023,27,4,30
705,"Slovenia",4,"Median","43",2023,19,6,24
705,"Slovenia",4,"Median","44",2023,28,12,41
705,"Slovenia",4,"Median","45",2023,27,10,37
705,"Slovenia",4,"Median","46",2023,34,20,54
705,"Slovenia",4,"Median","47",2023,40,12,52
705,"Slovenia",4,"Median","48",2023,32,20,52
705,"Slovenia",4,"Median","49",2023,35,14,49
705,"Slovenia",4,"Median","50",2023,57,20,77
705,"Slovenia",4,"Median","51",2023,46,25,71
705,"Slovenia",4,"Median","52",2023,55,31,85
705,"Slovenia",4,"Median","53",2023,50,28,78
705,"Slovenia",4,"Median","54",2023,70,30,100
705,"Slovenia",4,"Median","55",2023,67,29,96
705,"Slovenia",4,"Median","56",2023,93,33,126
705,"Slovenia",4,"Median","57",2023,114,42,156
705,"Slovenia",4,"Median","58",2023,113,53,166
705,"Slovenia",4,"Median","59",2023,139,56,195
705,"Slovenia",4,"Median","60",2023,127,74,201
705,"Slovenia",4,"Median","61",2023,130,84,214
705,"Slovenia",4,"Median","62",2023,158,76,234
705,"Slovenia",4,"Median","63",2023,185,78,264
705,"Slovenia",4,"Median","64",2023,173,88,261
705,"Slovenia",4,"Median","65",2023,187,93,281
705,"Slovenia",4,"Median","66",2023,213,131,344
705,"Slovenia",4,"Median","67",2023,242,93,335
705,"Slovenia",4,"Median","68",2023,286,128,414
705,"Slovenia",4,"Median","69",2023,263,130,394
705,"Slovenia",4,"Median","70",2023,276,137,413
705,"Slovenia",4,"Median","71",2023,273,158,431
705,"Slovenia",4,"Median","72",2023,286,165,451
705,"Slovenia",4,"Median","73",2023,322,152,474
705,"Slovenia",4,"Median","74",2023,292,195,488
705,"Slovenia",4,"Median","75",2023,338,235,572
705,"Slovenia",4,"Median","76",2023,334,247,581
705,"Slovenia",4,"Median","77",2023,290,227,517
705,"Slovenia",4,"Median","78",2023,289,235,523
705,"Slovenia",4,"Median","79",2023,347,303,649
705,"Slovenia",4,"Median","80",2023,376,351,727
705,"Slovenia",4,"Median","81",2023,379,367,746
705,"Slovenia",4,"Median","82",2023,377,383,760
705,"Slovenia",4,"Median","83",2023,373,409,781
705,"Slovenia",4,"Median","84",2023,356,423,779
705,"Slovenia",4,"Median","85",2023,340,433,773
705,"Slovenia",4,"Median","86",2023,329,450,779
705,"Slovenia",4,"Median","87",2023,309,459,768
705,"Slovenia",4,"Median","88",2023,280,461,740
705,"Slovenia",4,"Median","89",2023,249,462,711
705,"Slovenia",4,"Median","90",2023,222,454,676
705,"Slovenia",4,"Median","91",2023,195,433,628
705,"Slovenia",4,"Median","92",2023,172,407,579
705,"Slovenia",4,"Median","93",2023,141,361,501
705,"Slovenia",4,"Median","94",2023,107,307,414
705,"Slovenia",4,"Median","95",2023,82,262,344
705,"Slovenia",4,"Median","96",2023,59,217,275
705,"Slovenia",4,"Median","97",2023,41,174,215
705,"Slovenia",4,"Median","98",2023,28,133,161
705,"Slovenia",4,"Median","99",2023,19,98,118
705,"Slovenia",4,"Median","100",2023,8,32,40
705,"Slovenia",4,"Median","101",2023,6,27,33
705,"Slovenia",4,"Median","102",2023,5,23,28
705,"Slovenia",4,"Median","103",2023,3,19,22
705,"Slovenia",4,"Median","104",2023,3,16,19
705,"Slovenia",4,"Median","105",2023,2,14,16
705,"Slovenia",4,"Median","106",2023,1,12,13
705,"Slovenia",4,"Median","107",2023,1,10,11
705,"Slovenia",4,"Median","108",2023,1,8,9
705,"Slovenia",4,"Median","109",2023,1,7,8
705,"Slovenia",4,"Median","110",2023,0,6,6
705,"Slovenia",4,"Median","0",2024,14,11,25
705,"Slovenia",4,"Median","1",2024,2,2,3
705,"Slovenia",4,"Median","2",2024,1,1,2
705,"Slovenia",4,"Median","3",2024,1,1,1
705,"Slovenia",4,"Median","4",2024,1,0,1
705,"Slovenia",4,"Median","5",2024,0,0,1
705,"Slovenia",4,"Median","6",2024,0,0,1
705,"Slovenia",4,"Median","7",2024,0,1,1
705,"Slovenia",4,"Median","8",2024,0,1,1
705,"Slovenia",4,"Median","9",2024,0,0,1
705,"Slovenia",4,"Median","10",2024,1,0,1
705,"Slovenia",4,"Median","11",2024,1,0,1
705,"Slovenia",4,"Median","12",2024,1,1,1
705,"Slovenia",4,"Median","13",2024,1,1,2
705,"Slovenia",4,"Median","14",2024,1,1,2
705,"Slovenia",4,"Median","15",2024,1,1,2
705,"Slovenia",4,"Median","16",2024,2,1,3
705,"Slovenia",4,"Median","17",2024,3,1,4
705,"Slovenia",4,"Median","18",2024,5,1,6
705,"Slovenia",4,"Median","19",2024,5,2,7
705,"Slovenia",4,"Median","20",2024,4,1,6
705,"Slovenia",4,"Median","21",2024,4,1,5
705,"Slovenia",4,"Median","22",2024,5,1,6
705,"Slovenia",4,"Median","23",2024,5,2,7
705,"Slovenia",4,"Median","24",2024,5,2,7
705,"Slovenia",4,"Median","25",2024,5,1,7
705,"Slovenia",4,"Median","26",2024,6,1,7
705,"Slovenia",4,"Median","27",2024,6,1,7
705,"Slovenia",4,"Median","28",2024,6,1,8
705,"Slovenia",4,"Median","29",2024,7,1,8
705,"Slovenia",4,"Median","30",2024,8,2,9
705,"Slovenia",4,"Median","31",2024,8,2,10
705,"Slovenia",4,"Median","32",2024,7,3,10
705,"Slovenia",4,"Median","33",2024,8,3,11
705,"Slovenia",4,"Median","34",2024,9,3,13
705,"Slovenia",4,"Median","35",2024,9,4,13
705,"Slovenia",4,"Median","36",2024,10,5,14
705,"Slovenia",4,"Median","37",2024,12,5,18
705,"Slovenia",4,"Median","38",2024,16,6,22
705,"Slovenia",4,"Median","39",2024,16,6,22
705,"Slovenia",4,"Median","40",2024,15,6,21
705,"Slovenia",4,"Median","41",2024,17,6,23
705,"Slovenia",4,"Median","42",2024,20,8,28
705,"Slovenia",4,"Median","43",2024,22,9,32
705,"Slovenia",4,"Median","44",2024,25,12,37
705,"Slovenia",4,"Median","45",2024,28,14,41
705,"Slovenia",4,"Median","46",2024,30,15,44
705,"Slovenia",4,"Median","47",2024,33,16,48
705,"Slovenia",4,"Median","48",2024,37,17,53
705,"Slovenia",4,"Median","49",2024,42,19,61
705,"Slovenia",4,"Median","50",2024,52,23,74
705,"Slovenia",4,"Median","51",2024,60,27,87
705,"Slovenia",4,"Median","52",2024,63,29,91
705,"Slovenia",4,"Median","53",2024,63,29,92
705,"Slovenia",4,"Median","54",2024,69,30,100
705,"Slovenia",4,"Median","55",2024,81,34,115
705,"Slovenia",4,"Median","56",2024,92,40,132
705,"Slovenia",4,"Median","57",2024,105,48,153
705,"Slovenia",4,"Median","58",2024,117,55,172
705,"Slovenia",4,"Median","59",2024,127,59,186
705,"Slovenia",4,"Median","60",2024,138,64,202
705,"Slovenia",4,"Median","61",2024,152,72,224
705,"Slovenia",4,"Median","62",2024,165,81,246
705,"Slovenia",4,"Median","63",2024,174,84,258
705,"Slovenia",4,"Median","64",2024,181,85,266
705,"Slovenia",4,"Median","65",2024,188,92,280
705,"Slovenia",4,"Median","66",2024,201,101,303
705,"Slovenia",4,"Median","67",2024,224,110,335
705,"Slovenia",4,"Median","68",2024,243,118,361
705,"Slovenia",4,"Median","69",2024,251,125,376
705,"Slovenia",4,"Median","70",2024,264,136,400
705,"Slovenia",4,"Median","71",2024,279,147,426
705,"Slovenia",4,"Median","72",2024,285,153,437
705,"Slovenia",4,"Median","73",2024,302,166,468
705,"Slovenia",4,"Median","74",2024,324,192,516
705,"Slovenia",4,"Median","75",2024,336,224,560
705,"Slovenia",4,"Median","76",2024,360,255,615
705,"Slovenia",4,"Median","77",2024,357,270,627
705,"Slovenia",4,"Median","78",2024,305,245,550
705,"Slovenia",4,"Median","79",2024,302,252,554
705,"Slovenia",4,"Median","80",2024,363,325,688
705,"Slovenia",4,"Median","81",2024,391,376,767
705,"Slovenia",4,"Median","82",2024,391,390,782
705,"Slovenia",4,"Median","83",2024,387,405,791
705,"Slovenia",4,"Median","84",2024,379,430,809
705,"Slovenia",4,"Median","85",2024,358,442,800
705,"Slovenia",4,"Median","86",2024,339,448,787
705,"Slovenia",4,"Median","87",2024,324,462,786
705,"Slovenia",4,"Median","88",2024,301,465,766
705,"Slovenia",4,"Median","89",2024,268,461,730
705,"Slovenia",4,"Median","90",2024,236,456,692
705,"Slovenia",4,"Median","91",2024,206,441,648
705,"Slovenia",4,"Median","92",2024,178,414,592
705,"Slovenia",4,"Median","93",2024,154,381,535
705,"Slovenia",4,"Median","94",2024,124,331,455
705,"Slovenia",4,"Median","95",2024,92,275,367
705,"Slovenia",4,"Median","96",2024,69,229,298
705,"Slovenia",4,"Median","97",2024,48,184,232
705,"Slovenia",4,"Median","98",2024,32,144,176
705,"Slovenia",4,"Median","99",2024,22,107,128
705,"Slovenia",4,"Median","100",2024,9,36,45
705,"Slovenia",4,"Median","101",2024,7,31,38
705,"Slovenia",4,"Median","102",2024,5,26,31
705,"Slovenia",4,"Median","103",2024,4,22,26
705,"Slovenia",4,"Median","104",2024,3,19,22
705,"Slovenia",4,"Median","105",2024,2,16,18
705,"Slovenia",4,"Median","106",2024,2,14,16
705,"Slovenia",4,"Median","107",2024,1,12,13
705,"Slovenia",4,"Median","108",2024,1,10,11
705,"Slovenia",4,"Median","109",2024,1,8,9
705,"Slovenia",4,"Median","110",2024,1,7,8
705,"Slovenia",4,"Median","0",2025,13,11,23
705,"Slovenia",4,"Median","1",2025,2,2,3
705,"Slovenia",4,"Median","2",2025,1,1,1
705,"Slovenia",4,"Median","3",2025,1,1,1
705,"Slovenia",4,"Median","4",2025,1,0,1
705,"Slovenia",4,"Median","5",2025,0,0,1
705,"Slovenia",4,"Median","6",2025,0,0,1
705,"Slovenia",4,"Median","7",2025,0,1,1
705,"Slovenia",4,"Median","8",2025,0,1,1
705,"Slovenia",4,"Median","9",2025,0,0,1
705,"Slovenia",4,"Median","10",2025,1,0,1
705,"Slovenia",4,"Median","11",2025,1,0,1
705,"Slovenia",4,"Median","12",2025,1,1,1
705,"Slovenia",4,"Median","13",2025,1,1,2
705,"Slovenia",4,"Median","14",2025,1,1,2
705,"Slovenia",4,"Median","15",2025,1,1,2
705,"Slovenia",4,"Median","16",2025,2,1,3
705,"Slovenia",4,"Median","17",2025,3,1,4
705,"Slovenia",4,"Median","18",2025,5,1,6
705,"Slovenia",4,"Median","19",2025,5,2,7
705,"Slovenia",4,"Median","20",2025,5,1,6
705,"Slovenia",4,"Median","21",2025,4,1,5
705,"Slovenia",4,"Median","22",2025,4,1,6
705,"Slovenia",4,"Median","23",2025,5,2,6
705,"Slovenia",4,"Median","24",2025,5,2,7
705,"Slovenia",4,"Median","25",2025,5,1,6
705,"Slovenia",4,"Median","26",2025,5,1,6
705,"Slovenia",4,"Median","27",2025,6,1,7
705,"Slovenia",4,"Median","28",2025,6,1,8
705,"Slovenia",4,"Median","29",2025,7,1,8
705,"Slovenia",4,"Median","30",2025,7,2,9
705,"Slovenia",4,"Median","31",2025,7,2,10
705,"Slovenia",4,"Median","32",2025,7,2,9
705,"Slovenia",4,"Median","33",2025,8,3,11
705,"Slovenia",4,"Median","34",2025,9,3,12
705,"Slovenia",4,"Median","35",2025,8,4,12
705,"Slovenia",4,"Median","36",2025,9,5,13
705,"Slovenia",4,"Median","37",2025,12,5,17
705,"Slovenia",4,"Median","38",2025,16,5,21
705,"Slovenia",4,"Median","39",2025,15,5,21
705,"Slovenia",4,"Median","40",2025,14,5,20
705,"Slovenia",4,"Median","41",2025,16,6,22
705,"Slovenia",4,"Median","42",2025,19,7,26
705,"Slovenia",4,"Median","43",2025,21,9,30
705,"Slovenia",4,"Median","44",2025,24,11,35
705,"Slovenia",4,"Median","45",2025,27,14,40
705,"Slovenia",4,"Median","46",2025,29,15,44
705,"Slovenia",4,"Median","47",2025,32,15,47
705,"Slovenia",4,"Median","48",2025,36,17,53
705,"Slovenia",4,"Median","49",2025,42,19,62
705,"Slovenia",4,"Median","50",2025,51,23,74
705,"Slovenia",4,"Median","51",2025,59,27,86
705,"Slovenia",4,"Median","52",2025,62,29,91
705,"Slovenia",4,"Median","53",2025,64,29,93
705,"Slovenia",4,"Median","54",2025,69,30,99
705,"Slovenia",4,"Median","55",2025,77,33,110
705,"Slovenia",4,"Median","56",2025,89,38,127
705,"Slovenia",4,"Median","57",2025,100,46,145
705,"Slovenia",4,"Median","58",2025,113,53,166
705,"Slovenia",4,"Median","59",2025,127,59,186
705,"Slovenia",4,"Median","60",2025,137,64,202
705,"Slovenia",4,"Median","61",2025,148,72,220
705,"Slovenia",4,"Median","62",2025,162,80,242
705,"Slovenia",4,"Median","63",2025,174,83,257
705,"Slovenia",4,"Median","64",2025,180,86,266
705,"Slovenia",4,"Median","65",2025,185,92,277
705,"Slovenia",4,"Median","66",2025,198,98,296
705,"Slovenia",4,"Median","67",2025,214,106,319
705,"Slovenia",4,"Median","68",2025,233,115,348
705,"Slovenia",4,"Median","69",2025,250,124,374
705,"Slovenia",4,"Median","70",2025,259,136,395
705,"Slovenia",4,"Median","71",2025,274,147,421
705,"Slovenia",4,"Median","72",2025,292,154,446
705,"Slovenia",4,"Median","73",2025,302,166,467
705,"Slovenia",4,"Median","74",2025,328,197,524
705,"Slovenia",4,"Median","75",2025,358,235,592
705,"Slovenia",4,"Median","76",2025,371,261,632
705,"Slovenia",4,"Median","77",2025,379,281,660
705,"Slovenia",4,"Median","78",2025,367,290,657
705,"Slovenia",4,"Median","79",2025,315,265,580
705,"Slovenia",4,"Median","80",2025,312,273,585
705,"Slovenia",4,"Median","81",2025,370,349,719
705,"Slovenia",4,"Median","82",2025,395,400,795
705,"Slovenia",4,"Median","83",2025,392,414,806
705,"Slovenia",4,"Median","84",2025,384,426,810
705,"Slovenia",4,"Median","85",2025,372,448,820
705,"Slovenia",4,"Median","86",2025,348,456,804
705,"Slovenia",4,"Median","87",2025,325,458,782
705,"Slovenia",4,"Median","88",2025,306,465,771
705,"Slovenia",4,"Median","89",2025,280,462,742
705,"Slovenia",4,"Median","90",2025,246,451,697
705,"Slovenia",4,"Median","91",2025,212,439,651
705,"Slovenia",4,"Median","92",2025,182,416,599
705,"Slovenia",4,"Median","93",2025,154,382,537
705,"Slovenia",4,"Median","94",2025,131,345,475
705,"Slovenia",4,"Median","95",2025,102,292,394
705,"Slovenia",4,"Median","96",2025,74,236,311
705,"Slovenia",4,"Median","97",2025,54,191,245
705,"Slovenia",4,"Median","98",2025,37,149,186
705,"Slovenia",4,"Median","99",2025,24,113,137
705,"Slovenia",4,"Median","100",2025,10,39,49
705,"Slovenia",4,"Median","101",2025,7,33,40
705,"Slovenia",4,"Median","102",2025,6,28,34
705,"Slovenia",4,"Median","103",2025,4,24,28
705,"Slovenia",4,"Median","104",2025,3,21,24
705,"Slovenia",4,"Median","105",2025,3,18,21
705,"Slovenia",4,"Median","106",2025,2,15,17
705,"Slovenia",4,"Median","107",2025,2,13,15
705,"Slovenia",4,"Median","108",2025,1,11,12
705,"Slovenia",4,"Median","109",2025,1,10,11
705,"Slovenia",4,"Median","110",2025,1,8,9
705,"Slovenia",4,"Median","0",2026,12,10,22
705,"Slovenia",4,"Median","1",2026,1,1,3
705,"Slovenia",4,"Median","2",2026,1,1,1
705,"Slovenia",4,"Median","3",2026,1,1,1
705,"Slovenia",4,"Median","4",2026,0,0,1
705,"Slovenia",4,"Median","5",2026,0,0,1
705,"Slovenia",4,"Median","6",2026,0,0,1
705,"Slovenia",4,"Median","7",2026,0,1,1
705,"Slovenia",4,"Median","8",2026,0,1,1
705,"Slovenia",4,"Median","9",2026,0,0,1
705,"Slovenia",4,"Median","10",2026,1,0,1
705,"Slovenia",4,"Median","11",2026,1,0,1
705,"Slovenia",4,"Median","12",2026,1,1,1
705,"Slovenia",4,"Median","13",2026,1,1,2
705,"Slovenia",4,"Median","14",2026,1,1,2
705,"Slovenia",4,"Median","15",2026,1,1,2
705,"Slovenia",4,"Median","16",2026,2,1,3
705,"Slovenia",4,"Median","17",2026,3,1,4
705,"Slovenia",4,"Median","18",2026,5,2,7
705,"Slovenia",4,"Median","19",2026,5,2,7
705,"Slovenia",4,"Median","20",2026,5,1,6
705,"Slovenia",4,"Median","21",2026,4,1,5
705,"Slovenia",4,"Median","22",2026,4,1,6
705,"Slovenia",4,"Median","23",2026,5,2,6
705,"Slovenia",4,"Median","24",2026,5,2,6
705,"Slovenia",4,"Median","25",2026,5,1,6
705,"Slovenia",4,"Median","26",2026,5,1,6
705,"Slovenia",4,"Median","27",2026,5,1,7
705,"Slovenia",4,"Median","28",2026,6,1,7
705,"Slovenia",4,"Median","29",2026,6,1,8
705,"Slovenia",4,"Median","30",2026,7,2,9
705,"Slovenia",4,"Median","31",2026,7,2,9
705,"Slovenia",4,"Median","32",2026,7,2,9
705,"Slovenia",4,"Median","33",2026,7,3,10
705,"Slovenia",4,"Median","34",2026,8,3,11
705,"Slovenia",4,"Median","35",2026,8,4,11
705,"Slovenia",4,"Median","36",2026,8,4,12
705,"Slovenia",4,"Median","37",2026,11,5,16
705,"Slovenia",4,"Median","38",2026,15,5,21
705,"Slovenia",4,"Median","39",2026,15,5,20
705,"Slovenia",4,"Median","40",2026,14,5,19
705,"Slovenia",4,"Median","41",2026,15,6,21
705,"Slovenia",4,"Median","42",2026,18,7,25
705,"Slovenia",4,"Median","43",2026,20,9,29
705,"Slovenia",4,"Median","44",2026,23,11,34
705,"Slovenia",4,"Median","45",2026,26,13,39
705,"Slovenia",4,"Median","46",2026,29,14,43
705,"Slovenia",4,"Median","47",2026,32,15,46
705,"Slovenia",4,"Median","48",2026,35,16,51
705,"Slovenia",4,"Median","49",2026,42,19,61
705,"Slovenia",4,"Median","50",2026,51,23,74
705,"Slovenia",4,"Median","51",2026,59,27,85
705,"Slovenia",4,"Median","52",2026,62,28,90
705,"Slovenia",4,"Median","53",2026,64,29,93
705,"Slovenia",4,"Median","54",2026,70,30,100
705,"Slovenia",4,"Median","55",2026,76,33,109
705,"Slovenia",4,"Median","56",2026,85,37,122
705,"Slovenia",4,"Median","57",2026,96,43,139
705,"Slovenia",4,"Median","58",2026,107,51,158
705,"Slovenia",4,"Median","59",2026,122,58,180
705,"Slovenia",4,"Median","60",2026,137,64,201
705,"Slovenia",4,"Median","61",2026,148,72,220
705,"Slovenia",4,"Median","62",2026,159,79,238
705,"Slovenia",4,"Median","63",2026,171,82,253
705,"Slovenia",4,"Median","64",2026,179,85,264
705,"Slovenia",4,"Median","65",2026,184,93,277
705,"Slovenia",4,"Median","66",2026,195,98,294
705,"Slovenia",4,"Median","67",2026,210,102,313
705,"Slovenia",4,"Median","68",2026,222,110,332
705,"Slovenia",4,"Median","69",2026,239,121,360
705,"Slovenia",4,"Median","70",2026,258,134,392
705,"Slovenia",4,"Median","71",2026,268,146,414
705,"Slovenia",4,"Median","72",2026,286,154,440
705,"Slovenia",4,"Median","73",2026,309,167,477
705,"Slovenia",4,"Median","74",2026,328,196,524
705,"Slovenia",4,"Median","75",2026,362,240,603
705,"Slovenia",4,"Median","76",2026,396,274,670
705,"Slovenia",4,"Median","77",2026,391,288,679
705,"Slovenia",4,"Median","78",2026,389,302,691
705,"Slovenia",4,"Median","79",2026,378,315,693
705,"Slovenia",4,"Median","80",2026,325,288,613
705,"Slovenia",4,"Median","81",2026,318,293,611
705,"Slovenia",4,"Median","82",2026,374,372,746
705,"Slovenia",4,"Median","83",2026,396,424,821
705,"Slovenia",4,"Median","84",2026,390,436,826
705,"Slovenia",4,"Median","85",2026,378,444,822
705,"Slovenia",4,"Median","86",2026,362,462,824
705,"Slovenia",4,"Median","87",2026,334,465,800
705,"Slovenia",4,"Median","88",2026,308,462,769
705,"Slovenia",4,"Median","89",2026,286,463,749
705,"Slovenia",4,"Median","90",2026,257,453,710
705,"Slovenia",4,"Median","91",2026,222,435,657
705,"Slovenia",4,"Median","92",2026,188,415,603
705,"Slovenia",4,"Median","93",2026,158,386,544
705,"Slovenia",4,"Median","94",2026,131,346,477
705,"Slovenia",4,"Median","95",2026,108,304,413
705,"Slovenia",4,"Median","96",2026,83,251,334
705,"Slovenia",4,"Median","97",2026,59,198,257
705,"Slovenia",4,"Median","98",2026,42,155,197
705,"Slovenia",4,"Median","99",2026,27,117,145
705,"Slovenia",4,"Median","100",2026,10,41,51
705,"Slovenia",4,"Median","101",2026,8,35,43
705,"Slovenia",4,"Median","102",2026,6,31,37
705,"Slovenia",4,"Median","103",2026,5,26,31
705,"Slovenia",4,"Median","104",2026,4,23,27
705,"Slovenia",4,"Median","105",2026,3,20,23
705,"Slovenia",4,"Median","106",2026,2,17,19
705,"Slovenia",4,"Median","107",2026,2,15,17
705,"Slovenia",4,"Median","108",2026,2,13,15
705,"Slovenia",4,"Median","109",2026,1,11,12
705,"Slovenia",4,"Median","110",2026,1,9,10
705,"Slovenia",4,"Median","0",2027,11,9,21
705,"Slovenia",4,"Median","1",2027,1,1,3
705,"Slovenia",4,"Median","2",2027,1,1,1
705,"Slovenia",4,"Median","3",2027,1,1,1
705,"Slovenia",4,"Median","4",2027,0,0,1
705,"Slovenia",4,"Median","5",2027,0,0,0
705,"Slovenia",4,"Median","6",2027,0,0,1
705,"Slovenia",4,"Median","7",2027,0,1,1
705,"Slovenia",4,"Median","8",2027,0,1,1
705,"Slovenia",4,"Median","9",2027,0,0,1
705,"Slovenia",4,"Median","10",2027,1,0,1
705,"Slovenia",4,"Median","11",2027,1,0,1
705,"Slovenia",4,"Median","12",2027,1,1,1
705,"Slovenia",4,"Median","13",2027,1,1,2
705,"Slovenia",4,"Median","14",2027,1,1,2
705,"Slovenia",4,"Median","15",2027,1,1,2
705,"Slovenia",4,"Median","16",2027,2,1,3
705,"Slovenia",4,"Median","17",2027,3,1,4
705,"Slovenia",4,"Median","18",2027,5,2,7
705,"Slovenia",4,"Median","19",2027,6,2,7
705,"Slovenia",4,"Median","20",2027,5,1,6
705,"Slovenia",4,"Median","21",2027,4,1,5
705,"Slovenia",4,"Median","22",2027,4,1,6
705,"Slovenia",4,"Median","23",2027,5,2,6
705,"Slovenia",4,"Median","24",2027,5,2,6
705,"Slovenia",4,"Median","25",2027,5,1,6
705,"Slovenia",4,"Median","26",2027,5,1,6
705,"Slovenia",4,"Median","27",2027,5,1,6
705,"Slovenia",4,"Median","28",2027,5,1,7
705,"Slovenia",4,"Median","29",2027,6,1,7
705,"Slovenia",4,"Median","30",2027,7,2,8
705,"Slovenia",4,"Median","31",2027,7,2,9
705,"Slovenia",4,"Median","32",2027,6,2,9
705,"Slovenia",4,"Median","33",2027,7,2,9
705,"Slovenia",4,"Median","34",2027,8,3,11
705,"Slovenia",4,"Median","35",2027,7,3,11
705,"Slovenia",4,"Median","36",2027,8,4,12
705,"Slovenia",4,"Median","37",2027,10,5,15
705,"Slovenia",4,"Median","38",2027,14,5,19
705,"Slovenia",4,"Median","39",2027,15,5,20
705,"Slovenia",4,"Median","40",2027,13,5,18
705,"Slovenia",4,"Median","41",2027,14,6,20
705,"Slovenia",4,"Median","42",2027,17,7,24
705,"Slovenia",4,"Median","43",2027,19,8,27
705,"Slovenia",4,"Median","44",2027,21,10,32
705,"Slovenia",4,"Median","45",2027,25,12,37
705,"Slovenia",4,"Median","46",2027,27,14,41
705,"Slovenia",4,"Median","47",2027,31,15,45
705,"Slovenia",4,"Median","48",2027,35,16,51
705,"Slovenia",4,"Median","49",2027,41,18,59
705,"Slovenia",4,"Median","50",2027,51,23,73
705,"Slovenia",4,"Median","51",2027,59,27,86
705,"Slovenia",4,"Median","52",2027,61,28,89
705,"Slovenia",4,"Median","53",2027,63,29,92
705,"Slovenia",4,"Median","54",2027,69,30,100
705,"Slovenia",4,"Median","55",2027,78,33,110
705,"Slovenia",4,"Median","56",2027,84,36,120
705,"Slovenia",4,"Median","57",2027,92,42,133
705,"Slovenia",4,"Median","58",2027,104,48,152
705,"Slovenia",4,"Median","59",2027,116,54,170
705,"Slovenia",4,"Median","60",2027,132,62,194
705,"Slovenia",4,"Median","61",2027,148,72,220
705,"Slovenia",4,"Median","62",2027,158,80,238
705,"Slovenia",4,"Median","63",2027,167,81,248
705,"Slovenia",4,"Median","64",2027,176,83,260
705,"Slovenia",4,"Median","65",2027,183,92,275
705,"Slovenia",4,"Median","66",2027,194,99,293
705,"Slovenia",4,"Median","67",2027,207,102,309
705,"Slovenia",4,"Median","68",2027,218,106,324
705,"Slovenia",4,"Median","69",2027,228,115,343
705,"Slovenia",4,"Median","70",2027,247,130,377
705,"Slovenia",4,"Median","71",2027,267,144,411
705,"Slovenia",4,"Median","72",2027,280,153,433
705,"Slovenia",4,"Median","73",2027,303,166,470
705,"Slovenia",4,"Median","74",2027,337,198,535
705,"Slovenia",4,"Median","75",2027,363,239,603
705,"Slovenia",4,"Median","76",2027,402,280,682
705,"Slovenia",4,"Median","77",2027,417,301,719
705,"Slovenia",4,"Median","78",2027,402,308,710
705,"Slovenia",4,"Median","79",2027,402,327,729
705,"Slovenia",4,"Median","80",2027,391,341,732
705,"Slovenia",4,"Median","81",2027,332,309,641
705,"Slovenia",4,"Median","82",2027,322,312,634
705,"Slovenia",4,"Median","83",2027,376,394,770
705,"Slovenia",4,"Median","84",2027,395,446,842
705,"Slovenia",4,"Median","85",2027,385,454,839
705,"Slovenia",4,"Median","86",2027,368,458,826
705,"Slovenia",4,"Median","87",2027,349,472,820
705,"Slovenia",4,"Median","88",2027,318,469,787
705,"Slovenia",4,"Median","89",2027,288,459,747
705,"Slovenia",4,"Median","90",2027,264,453,717
705,"Slovenia",4,"Median","91",2027,233,436,669
705,"Slovenia",4,"Median","92",2027,198,411,608
705,"Slovenia",4,"Median","93",2027,164,384,548
705,"Slovenia",4,"Median","94",2027,135,349,484
705,"Slovenia",4,"Median","95",2027,109,306,416
705,"Slovenia",4,"Median","96",2027,88,262,351
705,"Slovenia",4,"Median","97",2027,66,210,276
705,"Slovenia",4,"Median","98",2027,45,161,206
705,"Slovenia",4,"Median","99",2027,31,122,154
705,"Slovenia",4,"Median","100",2027,11,43,54
705,"Slovenia",4,"Median","101",2027,9,37,46
705,"Slovenia",4,"Median","102",2027,7,32,39
705,"Slovenia",4,"Median","103",2027,6,28,34
705,"Slovenia",4,"Median","104",2027,4,24,28
705,"Slovenia",4,"Median","105",2027,4,21,25
705,"Slovenia",4,"Median","106",2027,3,18,21
705,"Slovenia",4,"Median","107",2027,2,16,18
705,"Slovenia",4,"Median","108",2027,2,14,16
705,"Slovenia",4,"Median","109",2027,1,12,13
705,"Slovenia",4,"Median","110",2027,1,10,11
705,"Slovenia",4,"Median","0",2028,11,9,20
705,"Slovenia",4,"Median","1",2028,1,1,3
705,"Slovenia",4,"Median","2",2028,1,1,1
705,"Slovenia",4,"Median","3",2028,0,1,1
705,"Slovenia",4,"Median","4",2028,0,0,1
705,"Slovenia",4,"Median","5",2028,0,0,0
705,"Slovenia",4,"Median","6",2028,0,0,1
705,"Slovenia",4,"Median","7",2028,0,1,1
705,"Slovenia",4,"Median","8",2028,0,1,1
705,"Slovenia",4,"Median","9",2028,0,0,1
705,"Slovenia",4,"Median","10",2028,1,0,1
705,"Slovenia",4,"Median","11",2028,1,0,1
705,"Slovenia",4,"Median","12",2028,1,1,1
705,"Slovenia",4,"Median","13",2028,1,1,2
705,"Slovenia",4,"Median","14",2028,1,1,2
705,"Slovenia",4,"Median","15",2028,1,1,2
705,"Slovenia",4,"Median","16",2028,2,1,3
705,"Slovenia",4,"Median","17",2028,3,1,4
705,"Slovenia",4,"Median","18",2028,5,2,7
705,"Slovenia",4,"Median","19",2028,6,2,8
705,"Slovenia",4,"Median","20",2028,5,2,6
705,"Slovenia",4,"Median","21",2028,4,1,6
705,"Slovenia",4,"Median","22",2028,5,1,6
705,"Slovenia",4,"Median","23",2028,5,2,6
705,"Slovenia",4,"Median","24",2028,5,2,6
705,"Slovenia",4,"Median","25",2028,4,1,6
705,"Slovenia",4,"Median","26",2028,4,1,6
705,"Slovenia",4,"Median","27",2028,5,1,6
705,"Slovenia",4,"Median","28",2028,5,1,6
705,"Slovenia",4,"Median","29",2028,6,1,7
705,"Slovenia",4,"Median","30",2028,6,2,8
705,"Slovenia",4,"Median","31",2028,7,2,9
705,"Slovenia",4,"Median","32",2028,6,2,8
705,"Slovenia",4,"Median","33",2028,7,2,9
705,"Slovenia",4,"Median","34",2028,7,3,10
705,"Slovenia",4,"Median","35",2028,7,3,10
705,"Slovenia",4,"Median","36",2028,7,4,11
705,"Slovenia",4,"Median","37",2028,10,4,14
705,"Slovenia",4,"Median","38",2028,13,5,18
705,"Slovenia",4,"Median","39",2028,14,5,18
705,"Slovenia",4,"Median","40",2028,13,5,18
705,"Slovenia",4,"Median","41",2028,14,5,19
705,"Slovenia",4,"Median","42",2028,16,6,22
705,"Slovenia",4,"Median","43",2028,18,8,26
705,"Slovenia",4,"Median","44",2028,20,10,30
705,"Slovenia",4,"Median","45",2028,23,12,35
705,"Slovenia",4,"Median","46",2028,26,13,39
705,"Slovenia",4,"Median","47",2028,29,14,43
705,"Slovenia",4,"Median","48",2028,34,16,50
705,"Slovenia",4,"Median","49",2028,41,18,59
705,"Slovenia",4,"Median","50",2028,50,22,72
705,"Slovenia",4,"Median","51",2028,58,27,85
705,"Slovenia",4,"Median","52",2028,61,29,90
705,"Slovenia",4,"Median","53",2028,62,29,91
705,"Slovenia",4,"Median","54",2028,69,30,98
705,"Slovenia",4,"Median","55",2028,77,33,110
705,"Slovenia",4,"Median","56",2028,86,37,122
705,"Slovenia",4,"Median","57",2028,91,41,132
705,"Slovenia",4,"Median","58",2028,99,46,145
705,"Slovenia",4,"Median","59",2028,112,51,164
705,"Slovenia",4,"Median","60",2028,126,59,185
705,"Slovenia",4,"Median","61",2028,143,70,213
705,"Slovenia",4,"Median","62",2028,159,79,238
705,"Slovenia",4,"Median","63",2028,167,82,248
705,"Slovenia",4,"Median","64",2028,173,83,255
705,"Slovenia",4,"Median","65",2028,180,90,270
705,"Slovenia",4,"Median","66",2028,193,98,291
705,"Slovenia",4,"Median","67",2028,206,103,309
705,"Slovenia",4,"Median","68",2028,215,106,321
705,"Slovenia",4,"Median","69",2028,224,111,335
705,"Slovenia",4,"Median","70",2028,235,125,360
705,"Slovenia",4,"Median","71",2028,256,140,397
705,"Slovenia",4,"Median","72",2028,280,151,431
705,"Slovenia",4,"Median","73",2028,298,166,463
705,"Slovenia",4,"Median","74",2028,331,198,529
705,"Slovenia",4,"Median","75",2028,375,243,617
705,"Slovenia",4,"Median","76",2028,404,280,685
705,"Slovenia",4,"Median","77",2028,425,309,734
705,"Slovenia",4,"Median","78",2028,430,324,754
705,"Slovenia",4,"Median","79",2028,417,335,751
705,"Slovenia",4,"Median","80",2028,417,355,772
705,"Slovenia",4,"Median","81",2028,401,367,768
705,"Slovenia",4,"Median","82",2028,337,330,667
705,"Slovenia",4,"Median","83",2028,325,332,656
705,"Slovenia",4,"Median","84",2028,376,416,792
705,"Slovenia",4,"Median","85",2028,391,466,857
705,"Slovenia",4,"Median","86",2028,376,470,846
705,"Slovenia",4,"Median","87",2028,356,469,825
705,"Slovenia",4,"Median","88",2028,332,477,810
705,"Slovenia",4,"Median","89",2028,298,468,767
705,"Slovenia",4,"Median","90",2028,266,451,717
705,"Slovenia",4,"Median","91",2028,240,438,677
705,"Slovenia",4,"Median","92",2028,208,414,622
705,"Slovenia",4,"Median","93",2028,173,382,555
705,"Slovenia",4,"Median","94",2028,140,349,489
705,"Slovenia",4,"Median","95",2028,113,310,423
705,"Slovenia",4,"Median","96",2028,89,265,354
705,"Slovenia",4,"Median","97",2028,70,221,291
705,"Slovenia",4,"Median","98",2028,51,172,223
705,"Slovenia",4,"Median","99",2028,34,127,161
705,"Slovenia",4,"Median","100",2028,13,45,58
705,"Slovenia",4,"Median","101",2028,10,39,49
705,"Slovenia",4,"Median","102",2028,8,34,42
705,"Slovenia",4,"Median","103",2028,6,30,36
705,"Slovenia",4,"Median","104",2028,5,26,31
705,"Slovenia",4,"Median","105",2028,4,23,27
705,"Slovenia",4,"Median","106",2028,3,20,23
705,"Slovenia",4,"Median","107",2028,3,17,20
705,"Slovenia",4,"Median","108",2028,2,15,17
705,"Slovenia",4,"Median","109",2028,2,13,15
705,"Slovenia",4,"Median","110",2028,1,12,13
705,"Slovenia",4,"Median","0",2029,10,9,19
705,"Slovenia",4,"Median","1",2029,1,1,3
705,"Slovenia",4,"Median","2",2029,1,1,1
705,"Slovenia",4,"Median","3",2029,0,0,1
705,"Slovenia",4,"Median","4",2029,0,0,1
705,"Slovenia",4,"Median","5",2029,0,0,0
705,"Slovenia",4,"Median","6",2029,0,0,1
705,"Slovenia",4,"Median","7",2029,0,1,1
705,"Slovenia",4,"Median","8",2029,0,1,1
705,"Slovenia",4,"Median","9",2029,0,0,1
705,"Slovenia",4,"Median","10",2029,1,0,1
705,"Slovenia",4,"Median","11",2029,1,0,1
705,"Slovenia",4,"Median","12",2029,1,1,1
705,"Slovenia",4,"Median","13",2029,1,1,2
705,"Slovenia",4,"Median","14",2029,1,1,2
705,"Slovenia",4,"Median","15",2029,1,1,2
705,"Slovenia",4,"Median","16",2029,2,1,3
705,"Slovenia",4,"Median","17",2029,3,1,4
705,"Slovenia",4,"Median","18",2029,5,2,7
705,"Slovenia",4,"Median","19",2029,6,2,7
705,"Slovenia",4,"Median","20",2029,5,2,7
705,"Slovenia",4,"Median","21",2029,5,1,6
705,"Slovenia",4,"Median","22",2029,5,1,6
705,"Slovenia",4,"Median","23",2029,5,2,6
705,"Slovenia",4,"Median","24",2029,5,2,6
705,"Slovenia",4,"Median","25",2029,4,1,6
705,"Slovenia",4,"Median","26",2029,4,1,6
705,"Slovenia",4,"Median","27",2029,4,1,6
705,"Slovenia",4,"Median","28",2029,5,1,6
705,"Slovenia",4,"Median","29",2029,5,1,7
705,"Slovenia",4,"Median","30",2029,6,1,7
705,"Slovenia",4,"Median","31",2029,6,2,8
705,"Slovenia",4,"Median","32",2029,6,2,8
705,"Slovenia",4,"Median","33",2029,7,2,9
705,"Slovenia",4,"Median","34",2029,7,3,10
705,"Slovenia",4,"Median","35",2029,7,3,10
705,"Slovenia",4,"Median","36",2029,7,3,10
705,"Slovenia",4,"Median","37",2029,9,4,13
705,"Slovenia",4,"Median","38",2029,12,4,17
705,"Slovenia",4,"Median","39",2029,12,4,17
705,"Slovenia",4,"Median","40",2029,12,5,17
705,"Slovenia",4,"Median","41",2029,13,5,19
705,"Slovenia",4,"Median","42",2029,16,6,22
705,"Slovenia",4,"Median","43",2029,17,7,25
705,"Slovenia",4,"Median","44",2029,19,9,29
705,"Slovenia",4,"Median","45",2029,22,11,33
705,"Slovenia",4,"Median","46",2029,24,13,37
705,"Slovenia",4,"Median","47",2029,28,14,41
705,"Slovenia",4,"Median","48",2029,33,15,48
705,"Slovenia",4,"Median","49",2029,40,18,57
705,"Slovenia",4,"Median","50",2029,50,22,71
705,"Slovenia",4,"Median","51",2029,57,26,83
705,"Slovenia",4,"Median","52",2029,61,28,89
705,"Slovenia",4,"Median","53",2029,62,29,92
705,"Slovenia",4,"Median","54",2029,68,30,98
705,"Slovenia",4,"Median","55",2029,76,32,109
705,"Slovenia",4,"Median","56",2029,85,37,122
705,"Slovenia",4,"Median","57",2029,93,41,134
705,"Slovenia",4,"Median","58",2029,98,46,144
705,"Slovenia",4,"Median","59",2029,107,50,157
705,"Slovenia",4,"Median","60",2029,122,56,177
705,"Slovenia",4,"Median","61",2029,136,66,202
705,"Slovenia",4,"Median","62",2029,153,77,230
705,"Slovenia",4,"Median","63",2029,167,81,248
705,"Slovenia",4,"Median","64",2029,172,83,255
705,"Slovenia",4,"Median","65",2029,176,89,265
705,"Slovenia",4,"Median","66",2029,190,96,286
705,"Slovenia",4,"Median","67",2029,205,102,307
705,"Slovenia",4,"Median","68",2029,213,107,320
705,"Slovenia",4,"Median","69",2029,220,112,332
705,"Slovenia",4,"Median","70",2029,231,121,352
705,"Slovenia",4,"Median","71",2029,244,134,378
705,"Slovenia",4,"Median","72",2029,268,147,415
705,"Slovenia",4,"Median","73",2029,297,164,461
705,"Slovenia",4,"Median","74",2029,325,197,522
705,"Slovenia",4,"Median","75",2029,369,242,611
705,"Slovenia",4,"Median","76",2029,417,285,702
705,"Slovenia",4,"Median","77",2029,428,309,737
705,"Slovenia",4,"Median","78",2029,437,332,770
705,"Slovenia",4,"Median","79",2029,445,351,797
705,"Slovenia",4,"Median","80",2029,432,364,796
705,"Slovenia",4,"Median","81",2029,427,383,810
705,"Slovenia",4,"Median","82",2029,407,392,799
705,"Slovenia",4,"Median","83",2029,340,351,691
705,"Slovenia",4,"Median","84",2029,325,350,675
705,"Slovenia",4,"Median","85",2029,372,435,807
705,"Slovenia",4,"Median","86",2029,383,483,866
705,"Slovenia",4,"Median","87",2029,364,482,846
705,"Slovenia",4,"Median","88",2029,340,475,815
705,"Slovenia",4,"Median","89",2029,313,477,789
705,"Slovenia",4,"Median","90",2029,276,461,737
705,"Slovenia",4,"Median","91",2029,243,437,679
705,"Slovenia",4,"Median","92",2029,214,416,630
705,"Slovenia",4,"Median","93",2029,182,385,568
705,"Slovenia",4,"Median","94",2029,148,348,496
705,"Slovenia",4,"Median","95",2029,118,310,428
705,"Slovenia",4,"Median","96",2029,92,269,361
705,"Slovenia",4,"Median","97",2029,71,223,294
705,"Slovenia",4,"Median","98",2029,55,180,235
705,"Slovenia",4,"Median","99",2029,39,136,175
705,"Slovenia",4,"Median","100",2029,14,46,60
705,"Slovenia",4,"Median","101",2029,11,41,52
705,"Slovenia",4,"Median","102",2029,9,36,45
705,"Slovenia",4,"Median","103",2029,7,31,38
705,"Slovenia",4,"Median","104",2029,6,27,33
705,"Slovenia",4,"Median","105",2029,5,24,29
705,"Slovenia",4,"Median","106",2029,4,21,25
705,"Slovenia",4,"Median","107",2029,3,19,22
705,"Slovenia",4,"Median","108",2029,2,16,18
705,"Slovenia",4,"Median","109",2029,2,14,16
705,"Slovenia",4,"Median","110",2029,2,13,15
705,"Slovenia",4,"Median","0",2030,10,8,18
705,"Slovenia",4,"Median","1",2030,1,1,3
705,"Slovenia",4,"Median","2",2030,0,1,1
705,"Slovenia",4,"Median","3",2030,0,0,1
705,"Slovenia",4,"Median","4",2030,0,0,1
705,"Slovenia",4,"Median","5",2030,0,0,0
705,"Slovenia",4,"Median","6",2030,0,0,1
705,"Slovenia",4,"Median","7",2030,0,1,1
705,"Slovenia",4,"Median","8",2030,0,1,1
705,"Slovenia",4,"Median","9",2030,0,0,1
705,"Slovenia",4,"Median","10",2030,0,0,1
705,"Slovenia",4,"Median","11",2030,1,0,1
705,"Slovenia",4,"Median","12",2030,1,0,1
705,"Slovenia",4,"Median","13",2030,1,1,1
705,"Slovenia",4,"Median","14",2030,1,1,2
705,"Slovenia",4,"Median","15",2030,1,1,2
705,"Slovenia",4,"Median","16",2030,1,1,2
705,"Slovenia",4,"Median","17",2030,3,1,4
705,"Slovenia",4,"Median","18",2030,5,1,6
705,"Slovenia",4,"Median","19",2030,6,2,7
705,"Slovenia",4,"Median","20",2030,5,2,6
705,"Slovenia",4,"Median","21",2030,5,1,6
705,"Slovenia",4,"Median","22",2030,5,1,6
705,"Slovenia",4,"Median","23",2030,5,2,7
705,"Slovenia",4,"Median","24",2030,5,2,6
705,"Slovenia",4,"Median","25",2030,5,1,6
705,"Slovenia",4,"Median","26",2030,4,1,6
705,"Slovenia",4,"Median","27",2030,4,1,6
705,"Slovenia",4,"Median","28",2030,5,1,6
705,"Slovenia",4,"Median","29",2030,5,1,6
705,"Slovenia",4,"Median","30",2030,6,1,7
705,"Slovenia",4,"Median","31",2030,6,2,8
705,"Slovenia",4,"Median","32",2030,6,2,8
705,"Slovenia",4,"Median","33",2030,6,2,8
705,"Slovenia",4,"Median","34",2030,7,2,9
705,"Slovenia",4,"Median","35",2030,6,3,9
705,"Slovenia",4,"Median","36",2030,6,3,10
705,"Slovenia",4,"Median","37",2030,9,4,12
705,"Slovenia",4,"Median","38",2030,12,4,16
705,"Slovenia",4,"Median","39",2030,12,4,16
705,"Slovenia",4,"Median","40",2030,11,4,15
705,"Slovenia",4,"Median","41",2030,13,5,17
705,"Slovenia",4,"Median","42",2030,15,6,21
705,"Slovenia",4,"Median","43",2030,17,7,24
705,"Slovenia",4,"Median","44",2030,19,9,28
705,"Slovenia",4,"Median","45",2030,21,11,32
705,"Slovenia",4,"Median","46",2030,23,12,35
705,"Slovenia",4,"Median","47",2030,26,13,39
705,"Slovenia",4,"Median","48",2030,31,14,46
705,"Slovenia",4,"Median","49",2030,38,17,55
705,"Slovenia",4,"Median","50",2030,48,22,70
705,"Slovenia",4,"Median","51",2030,57,26,83
705,"Slovenia",4,"Median","52",2030,60,28,88
705,"Slovenia",4,"Median","53",2030,62,29,91
705,"Slovenia",4,"Median","54",2030,68,30,99
705,"Slovenia",4,"Median","55",2030,76,32,108
705,"Slovenia",4,"Median","56",2030,85,36,121
705,"Slovenia",4,"Median","57",2030,93,42,134
705,"Slovenia",4,"Median","58",2030,100,46,147
705,"Slovenia",4,"Median","59",2030,107,49,156
705,"Slovenia",4,"Median","60",2030,117,54,170
705,"Slovenia",4,"Median","61",2030,132,63,195
705,"Slovenia",4,"Median","62",2030,146,73,219
705,"Slovenia",4,"Median","63",2030,161,79,240
705,"Slovenia",4,"Median","64",2030,172,83,255
705,"Slovenia",4,"Median","65",2030,176,90,266
705,"Slovenia",4,"Median","66",2030,187,95,282
705,"Slovenia",4,"Median","67",2030,202,100,302
705,"Slovenia",4,"Median","68",2030,213,106,319
705,"Slovenia",4,"Median","69",2030,219,113,332
705,"Slovenia",4,"Median","70",2030,228,121,349
705,"Slovenia",4,"Median","71",2030,241,130,370
705,"Slovenia",4,"Median","72",2030,256,141,396
705,"Slovenia",4,"Median","73",2030,285,160,445
705,"Slovenia",4,"Median","74",2030,326,195,521
705,"Slovenia",4,"Median","75",2030,364,242,606
705,"Slovenia",4,"Median","76",2030,413,285,698
705,"Slovenia",4,"Median","77",2030,444,314,758
705,"Slovenia",4,"Median","78",2030,442,333,775
705,"Slovenia",4,"Median","79",2030,456,361,816
705,"Slovenia",4,"Median","80",2030,464,383,847
705,"Slovenia",4,"Median","81",2030,445,392,837
705,"Slovenia",4,"Median","82",2030,436,409,844
705,"Slovenia",4,"Median","83",2030,413,417,830
705,"Slovenia",4,"Median","84",2030,342,371,713
705,"Slovenia",4,"Median","85",2030,323,367,690
705,"Slovenia",4,"Median","86",2030,366,451,817
705,"Slovenia",4,"Median","87",2030,372,496,868
705,"Slovenia",4,"Median","88",2030,349,488,838
705,"Slovenia",4,"Median","89",2030,321,475,797
705,"Slovenia",4,"Median","90",2030,291,470,761
705,"Slovenia",4,"Median","91",2030,253,447,700
705,"Slovenia",4,"Median","92",2030,218,416,634
705,"Slovenia",4,"Median","93",2030,189,388,577
705,"Slovenia",4,"Median","94",2030,157,352,509
705,"Slovenia",4,"Median","95",2030,125,310,435
705,"Slovenia",4,"Median","96",2030,97,269,366
705,"Slovenia",4,"Median","97",2030,74,227,301
705,"Slovenia",4,"Median","98",2030,56,183,239
705,"Slovenia",4,"Median","99",2030,41,143,185
705,"Slovenia",4,"Median","100",2030,15,49,64
705,"Slovenia",4,"Median","101",2030,12,43,55
705,"Slovenia",4,"Median","102",2030,10,38,48
705,"Slovenia",4,"Median","103",2030,8,33,41
705,"Slovenia",4,"Median","104",2030,6,29,35
705,"Slovenia",4,"Median","105",2030,5,26,31
705,"Slovenia",4,"Median","106",2030,4,23,27
705,"Slovenia",4,"Median","107",2030,3,20,23
705,"Slovenia",4,"Median","108",2030,3,17,20
705,"Slovenia",4,"Median","109",2030,2,15,17
705,"Slovenia",4,"Median","110",2030,2,13,15
705,"Slovenia",4,"Median","0",2031,9,8,17
705,"Slovenia",4,"Median","1",2031,1,1,2
705,"Slovenia",4,"Median","2",2031,0,1,1
705,"Slovenia",4,"Median","3",2031,0,0,1
705,"Slovenia",4,"Median","4",2031,0,0,0
705,"Slovenia",4,"Median","5",2031,0,0,0
705,"Slovenia",4,"Median","6",2031,0,0,0
705,"Slovenia",4,"Median","7",2031,0,1,1
705,"Slovenia",4,"Median","8",2031,0,1,1
705,"Slovenia",4,"Median","9",2031,0,0,1
705,"Slovenia",4,"Median","10",2031,0,0,1
705,"Slovenia",4,"Median","11",2031,1,0,1
705,"Slovenia",4,"Median","12",2031,1,0,1
705,"Slovenia",4,"Median","13",2031,1,1,1
705,"Slovenia",4,"Median","14",2031,1,1,2
705,"Slovenia",4,"Median","15",2031,1,1,2
705,"Slovenia",4,"Median","16",2031,1,1,2
705,"Slovenia",4,"Median","17",2031,3,1,4
705,"Slovenia",4,"Median","18",2031,5,1,6
705,"Slovenia",4,"Median","19",2031,5,2,7
705,"Slovenia",4,"Median","20",2031,5,2,6
705,"Slovenia",4,"Median","21",2031,5,1,6
705,"Slovenia",4,"Median","22",2031,5,1,6
705,"Slovenia",4,"Median","23",2031,5,2,7
705,"Slovenia",4,"Median","24",2031,5,2,7
705,"Slovenia",4,"Median","25",2031,5,1,6
705,"Slovenia",4,"Median","26",2031,4,1,6
705,"Slovenia",4,"Median","27",2031,4,1,6
705,"Slovenia",4,"Median","28",2031,5,1,6
705,"Slovenia",4,"Median","29",2031,5,1,6
705,"Slovenia",4,"Median","30",2031,5,1,7
705,"Slovenia",4,"Median","31",2031,6,2,7
705,"Slovenia",4,"Median","32",2031,5,2,7
705,"Slovenia",4,"Median","33",2031,6,2,8
705,"Slovenia",4,"Median","34",2031,7,2,9
705,"Slovenia",4,"Median","35",2031,6,3,9
705,"Slovenia",4,"Median","36",2031,6,3,9
705,"Slovenia",4,"Median","37",2031,8,4,12
705,"Slovenia",4,"Median","38",2031,11,4,15
705,"Slovenia",4,"Median","39",2031,11,4,15
705,"Slovenia",4,"Median","40",2031,10,4,14
705,"Slovenia",4,"Median","41",2031,11,5,16
705,"Slovenia",4,"Median","42",2031,14,6,20
705,"Slovenia",4,"Median","43",2031,16,7,24
705,"Slovenia",4,"Median","44",2031,18,9,27
705,"Slovenia",4,"Median","45",2031,20,10,31
705,"Slovenia",4,"Median","46",2031,22,12,34
705,"Slovenia",4,"Median","47",2031,25,12,37
705,"Slovenia",4,"Median","48",2031,29,14,43
705,"Slovenia",4,"Median","49",2031,37,16,53
705,"Slovenia",4,"Median","50",2031,46,21,67
705,"Slovenia",4,"Median","51",2031,56,25,81
705,"Slovenia",4,"Median","52",2031,60,27,87
705,"Slovenia",4,"Median","53",2031,61,28,89
705,"Slovenia",4,"Median","54",2031,68,30,98
705,"Slovenia",4,"Median","55",2031,76,33,109
705,"Slovenia",4,"Median","56",2031,84,36,120
705,"Slovenia",4,"Median","57",2031,92,41,133
705,"Slovenia",4,"Median","58",2031,100,46,146
705,"Slovenia",4,"Median","59",2031,109,50,158
705,"Slovenia",4,"Median","60",2031,116,53,169
705,"Slovenia",4,"Median","61",2031,126,61,187
705,"Slovenia",4,"Median","62",2031,141,69,211
705,"Slovenia",4,"Median","63",2031,153,75,228
705,"Slovenia",4,"Median","64",2031,166,80,246
705,"Slovenia",4,"Median","65",2031,176,89,265
705,"Slovenia",4,"Median","66",2031,186,96,282
705,"Slovenia",4,"Median","67",2031,198,99,297
705,"Slovenia",4,"Median","68",2031,210,104,313
705,"Slovenia",4,"Median","69",2031,219,111,330
705,"Slovenia",4,"Median","70",2031,227,122,348
705,"Slovenia",4,"Median","71",2031,237,130,367
705,"Slovenia",4,"Median","72",2031,252,136,387
705,"Slovenia",4,"Median","73",2031,272,153,424
705,"Slovenia",4,"Median","74",2031,313,190,503
705,"Slovenia",4,"Median","75",2031,365,240,605
705,"Slovenia",4,"Median","76",2031,408,285,692
705,"Slovenia",4,"Median","77",2031,439,315,753
705,"Slovenia",4,"Median","78",2031,458,338,796
705,"Slovenia",4,"Median","79",2031,460,362,822
705,"Slovenia",4,"Median","80",2031,474,393,868
705,"Slovenia",4,"Median","81",2031,478,413,890
705,"Slovenia",4,"Median","82",2031,453,420,873
705,"Slovenia",4,"Median","83",2031,441,435,877
705,"Slovenia",4,"Median","84",2031,415,441,856
705,"Slovenia",4,"Median","85",2031,340,389,729
705,"Slovenia",4,"Median","86",2031,318,381,698
705,"Slovenia",4,"Median","87",2031,356,463,819
705,"Slovenia",4,"Median","88",2031,357,504,861
705,"Slovenia",4,"Median","89",2031,330,489,820
705,"Slovenia",4,"Median","90",2031,299,469,769
705,"Slovenia",4,"Median","91",2031,267,456,723
705,"Slovenia",4,"Median","92",2031,228,426,654
705,"Slovenia",4,"Median","93",2031,192,388,581
705,"Slovenia",4,"Median","94",2031,163,355,518
705,"Slovenia",4,"Median","95",2031,133,314,447
705,"Slovenia",4,"Median","96",2031,103,270,373
705,"Slovenia",4,"Median","97",2031,78,228,306
705,"Slovenia",4,"Median","98",2031,58,186,244
705,"Slovenia",4,"Median","99",2031,42,146,188
705,"Slovenia",4,"Median","100",2031,17,52,69
705,"Slovenia",4,"Median","101",2031,14,45,59
705,"Slovenia",4,"Median","102",2031,11,40,51
705,"Slovenia",4,"Median","103",2031,9,35,44
705,"Slovenia",4,"Median","104",2031,7,31,38
705,"Slovenia",4,"Median","105",2031,6,27,33
705,"Slovenia",4,"Median","106",2031,5,24,29
705,"Slovenia",4,"Median","107",2031,4,21,25
705,"Slovenia",4,"Median","108",2031,3,19,22
705,"Slovenia",4,"Median","109",2031,2,16,18
705,"Slovenia",4,"Median","110",2031,2,14,16
705,"Slovenia",4,"Median","0",2032,9,8,17
705,"Slovenia",4,"Median","1",2032,1,1,2
705,"Slovenia",4,"Median","2",2032,0,1,1
705,"Slovenia",4,"Median","3",2032,0,0,1
705,"Slovenia",4,"Median","4",2032,0,0,0
705,"Slovenia",4,"Median","5",2032,0,0,0
705,"Slovenia",4,"Median","6",2032,0,0,0
705,"Slovenia",4,"Median","7",2032,0,1,1
705,"Slovenia",4,"Median","8",2032,0,1,1
705,"Slovenia",4,"Median","9",2032,0,0,1
705,"Slovenia",4,"Median","10",2032,0,0,1
705,"Slovenia",4,"Median","11",2032,1,0,1
705,"Slovenia",4,"Median","12",2032,1,0,1
705,"Slovenia",4,"Median","13",2032,1,1,1
705,"Slovenia",4,"Median","14",2032,1,1,2
705,"Slovenia",4,"Median","15",2032,1,1,2
705,"Slovenia",4,"Median","16",2032,1,1,2
705,"Slovenia",4,"Median","17",2032,3,1,4
705,"Slovenia",4,"Median","18",2032,4,1,6
705,"Slovenia",4,"Median","19",2032,5,2,7
705,"Slovenia",4,"Median","20",2032,5,1,6
705,"Slovenia",4,"Median","21",2032,4,1,6
705,"Slovenia",4,"Median","22",2032,5,1,6
705,"Slovenia",4,"Median","23",2032,5,2,7
705,"Slovenia",4,"Median","24",2032,5,2,7
705,"Slovenia",4,"Median","25",2032,5,1,6
705,"Slovenia",4,"Median","26",2032,4,1,6
705,"Slovenia",4,"Median","27",2032,4,1,6
705,"Slovenia",4,"Median","28",2032,5,1,6
705,"Slovenia",4,"Median","29",2032,5,1,6
705,"Slovenia",4,"Median","30",2032,5,1,6
705,"Slovenia",4,"Median","31",2032,5,2,7
705,"Slovenia",4,"Median","32",2032,5,2,7
705,"Slovenia",4,"Median","33",2032,6,2,7
705,"Slovenia",4,"Median","34",2032,6,2,9
705,"Slovenia",4,"Median","35",2032,6,3,9
705,"Slovenia",4,"Median","36",2032,6,3,9
705,"Slovenia",4,"Median","37",2032,8,4,12
705,"Slovenia",4,"Median","38",2032,11,4,14
705,"Slovenia",4,"Median","39",2032,11,4,14
705,"Slovenia",4,"Median","40",2032,10,4,13
705,"Slovenia",4,"Median","41",2032,11,4,15
705,"Slovenia",4,"Median","42",2032,13,5,18
705,"Slovenia",4,"Median","43",2032,15,7,22
705,"Slovenia",4,"Median","44",2032,18,9,26
705,"Slovenia",4,"Median","45",2032,20,10,30
705,"Slovenia",4,"Median","46",2032,21,11,32
705,"Slovenia",4,"Median","47",2032,24,12,36
705,"Slovenia",4,"Median","48",2032,28,13,41
705,"Slovenia",4,"Median","49",2032,35,16,50
705,"Slovenia",4,"Median","50",2032,45,20,64
705,"Slovenia",4,"Median","51",2032,54,25,79
705,"Slovenia",4,"Median","52",2032,58,27,85
705,"Slovenia",4,"Median","53",2032,61,27,89
705,"Slovenia",4,"Median","54",2032,67,29,96
705,"Slovenia",4,"Median","55",2032,76,32,108
705,"Slovenia",4,"Median","56",2032,84,37,121
705,"Slovenia",4,"Median","57",2032,91,41,132
705,"Slovenia",4,"Median","58",2032,100,45,145
705,"Slovenia",4,"Median","59",2032,109,50,158
705,"Slovenia",4,"Median","60",2032,118,54,172
705,"Slovenia",4,"Median","61",2032,126,60,185
705,"Slovenia",4,"Median","62",2032,135,67,202
705,"Slovenia",4,"Median","63",2032,149,71,220
705,"Slovenia",4,"Median","64",2032,158,76,234
705,"Slovenia",4,"Median","65",2032,170,86,256
705,"Slovenia",4,"Median","66",2032,186,95,282
705,"Slovenia",4,"Median","67",2032,197,100,297
705,"Slovenia",4,"Median","68",2032,205,102,308
705,"Slovenia",4,"Median","69",2032,215,108,324
705,"Slovenia",4,"Median","70",2032,227,120,346
705,"Slovenia",4,"Median","71",2032,236,130,366
705,"Slovenia",4,"Median","72",2032,248,136,384
705,"Slovenia",4,"Median","73",2032,268,147,415
705,"Slovenia",4,"Median","74",2032,300,181,481
705,"Slovenia",4,"Median","75",2032,352,234,586
705,"Slovenia",4,"Median","76",2032,411,282,693
705,"Slovenia",4,"Median","77",2032,434,314,748
705,"Slovenia",4,"Median","78",2032,454,338,792
705,"Slovenia",4,"Median","79",2032,478,367,844
705,"Slovenia",4,"Median","80",2032,481,394,874
705,"Slovenia",4,"Median","81",2032,490,423,913
705,"Slovenia",4,"Median","82",2032,488,441,929
705,"Slovenia",4,"Median","83",2032,461,446,907
705,"Slovenia",4,"Median","84",2032,445,460,906
705,"Slovenia",4,"Median","85",2032,414,462,876
705,"Slovenia",4,"Median","86",2032,336,403,739
705,"Slovenia",4,"Median","87",2032,310,391,701
705,"Slovenia",4,"Median","88",2032,343,470,813
705,"Slovenia",4,"Median","89",2032,339,504,843
705,"Slovenia",4,"Median","90",2032,309,483,792
705,"Slovenia",4,"Median","91",2032,275,456,731
705,"Slovenia",4,"Median","92",2032,241,435,676
705,"Slovenia",4,"Median","93",2032,202,398,600
705,"Slovenia",4,"Median","94",2032,167,355,522
705,"Slovenia",4,"Median","95",2032,138,317,455
705,"Slovenia",4,"Median","96",2032,110,273,383
705,"Slovenia",4,"Median","97",2032,83,228,312
705,"Slovenia",4,"Median","98",2032,61,188,249
705,"Slovenia",4,"Median","99",2032,44,149,193
705,"Slovenia",4,"Median","100",2032,19,54,73
705,"Slovenia",4,"Median","101",2032,15,48,63
705,"Slovenia",4,"Median","102",2032,12,42,54
705,"Slovenia",4,"Median","103",2032,10,37,47
705,"Slovenia",4,"Median","104",2032,8,32,40
705,"Slovenia",4,"Median","105",2032,6,28,34
705,"Slovenia",4,"Median","106",2032,5,25,30
705,"Slovenia",4,"Median","107",2032,4,22,26
705,"Slovenia",4,"Median","108",2032,3,19,22
705,"Slovenia",4,"Median","109",2032,3,17,20
705,"Slovenia",4,"Median","110",2032,2,15,17
705,"Slovenia",4,"Median","0",2033,9,8,16
705,"Slovenia",4,"Median","1",2033,1,1,2
705,"Slovenia",4,"Median","2",2033,0,1,1
705,"Slovenia",4,"Median","3",2033,0,0,1
705,"Slovenia",4,"Median","4",2033,0,0,0
705,"Slovenia",4,"Median","5",2033,0,0,0
705,"Slovenia",4,"Median","6",2033,0,0,0
705,"Slovenia",4,"Median","7",2033,0,1,1
705,"Slovenia",4,"Median","8",2033,0,1,1
705,"Slovenia",4,"Median","9",2033,0,0,1
705,"Slovenia",4,"Median","10",2033,0,0,1
705,"Slovenia",4,"Median","11",2033,1,0,1
705,"Slovenia",4,"Median","12",2033,1,0,1
705,"Slovenia",4,"Median","13",2033,1,1,1
705,"Slovenia",4,"Median","14",2033,1,1,1
705,"Slovenia",4,"Median","15",2033,1,1,2
705,"Slovenia",4,"Median","16",2033,1,1,2
705,"Slovenia",4,"Median","17",2033,2,1,3
705,"Slovenia",4,"Median","18",2033,4,1,6
705,"Slovenia",4,"Median","19",2033,5,2,6
705,"Slovenia",4,"Median","20",2033,4,1,6
705,"Slovenia",4,"Median","21",2033,4,1,5
705,"Slovenia",4,"Median","22",2033,5,1,6
705,"Slovenia",4,"Median","23",2033,5,2,7
705,"Slovenia",4,"Median","24",2033,5,2,7
705,"Slovenia",4,"Median","25",2033,5,1,6
705,"Slovenia",4,"Median","26",2033,5,1,6
705,"Slovenia",4,"Median","27",2033,5,1,6
705,"Slovenia",4,"Median","28",2033,5,1,6
705,"Slovenia",4,"Median","29",2033,5,1,6
705,"Slovenia",4,"Median","30",2033,5,1,6
705,"Slovenia",4,"Median","31",2033,5,2,7
705,"Slovenia",4,"Median","32",2033,5,2,7
705,"Slovenia",4,"Median","33",2033,5,2,7
705,"Slovenia",4,"Median","34",2033,6,2,8
705,"Slovenia",4,"Median","35",2033,6,3,8
705,"Slovenia",4,"Median","36",2033,6,3,9
705,"Slovenia",4,"Median","37",2033,8,3,11
705,"Slovenia",4,"Median","38",2033,10,4,14
705,"Slovenia",4,"Median","39",2033,10,3,14
705,"Slovenia",4,"Median","40",2033,9,3,13
705,"Slovenia",4,"Median","41",2033,10,4,14
705,"Slovenia",4,"Median","42",2033,12,5,17
705,"Slovenia",4,"Median","43",2033,14,6,20
705,"Slovenia",4,"Median","44",2033,17,8,25
705,"Slovenia",4,"Median","45",2033,19,10,29
705,"Slovenia",4,"Median","46",2033,21,11,32
705,"Slovenia",4,"Median","47",2033,23,11,34
705,"Slovenia",4,"Median","48",2033,27,13,39
705,"Slovenia",4,"Median","49",2033,33,15,48
705,"Slovenia",4,"Median","50",2033,42,19,61
705,"Slovenia",4,"Median","51",2033,52,23,75
705,"Slovenia",4,"Median","52",2033,56,26,82
705,"Slovenia",4,"Median","53",2033,59,27,87
705,"Slovenia",4,"Median","54",2033,67,29,95
705,"Slovenia",4,"Median","55",2033,75,31,106
705,"Slovenia",4,"Median","56",2033,84,36,120
705,"Slovenia",4,"Median","57",2033,92,42,133
705,"Slovenia",4,"Median","58",2033,99,45,144
705,"Slovenia",4,"Median","59",2033,108,49,157
705,"Slovenia",4,"Median","60",2033,118,54,172
705,"Slovenia",4,"Median","61",2033,128,60,189
705,"Slovenia",4,"Median","62",2033,135,66,201
705,"Slovenia",4,"Median","63",2033,142,68,211
705,"Slovenia",4,"Median","64",2033,153,72,225
705,"Slovenia",4,"Median","65",2033,162,82,244
705,"Slovenia",4,"Median","66",2033,179,92,272
705,"Slovenia",4,"Median","67",2033,198,99,297
705,"Slovenia",4,"Median","68",2033,204,103,307
705,"Slovenia",4,"Median","69",2033,210,107,318
705,"Slovenia",4,"Median","70",2033,223,117,340
705,"Slovenia",4,"Median","71",2033,235,129,363
705,"Slovenia",4,"Median","72",2033,246,137,383
705,"Slovenia",4,"Median","73",2033,264,147,411
705,"Slovenia",4,"Median","74",2033,295,176,471
705,"Slovenia",4,"Median","75",2033,337,224,561
705,"Slovenia",4,"Median","76",2033,396,276,672
705,"Slovenia",4,"Median","77",2033,437,312,749
705,"Slovenia",4,"Median","78",2033,449,338,787
705,"Slovenia",4,"Median","79",2033,473,368,841
705,"Slovenia",4,"Median","80",2033,499,400,899
705,"Slovenia",4,"Median","81",2033,496,425,921
705,"Slovenia",4,"Median","82",2033,500,454,954
705,"Slovenia",4,"Median","83",2033,496,470,967
705,"Slovenia",4,"Median","84",2033,465,474,938
705,"Slovenia",4,"Median","85",2033,444,484,928
705,"Slovenia",4,"Median","86",2033,409,481,890
705,"Slovenia",4,"Median","87",2033,328,415,743
705,"Slovenia",4,"Median","88",2033,299,398,697
705,"Slovenia",4,"Median","89",2033,326,472,798
705,"Slovenia",4,"Median","90",2033,317,499,817
705,"Slovenia",4,"Median","91",2033,285,471,755
705,"Slovenia",4,"Median","92",2033,249,436,685
705,"Slovenia",4,"Median","93",2033,214,408,622
705,"Slovenia",4,"Median","94",2033,175,366,541
705,"Slovenia",4,"Median","95",2033,142,319,460
705,"Slovenia",4,"Median","96",2033,115,277,392
705,"Slovenia",4,"Median","97",2033,89,232,321
705,"Slovenia",4,"Median","98",2033,66,189,254
705,"Slovenia",4,"Median","99",2033,47,150,197
705,"Slovenia",4,"Median","100",2033,20,57,77
705,"Slovenia",4,"Median","101",2033,16,50,66
705,"Slovenia",4,"Median","102",2033,13,44,57
705,"Slovenia",4,"Median","103",2033,10,38,48
705,"Slovenia",4,"Median","104",2033,8,34,42
705,"Slovenia",4,"Median","105",2033,7,30,37
705,"Slovenia",4,"Median","106",2033,6,26,32
705,"Slovenia",4,"Median","107",2033,4,23,27
705,"Slovenia",4,"Median","108",2033,4,20,24
705,"Slovenia",4,"Median","109",2033,3,17,20
705,"Slovenia",4,"Median","110",2033,2,15,17
705,"Slovenia",4,"Median","0",2034,8,8,16
705,"Slovenia",4,"Median","1",2034,1,1,2
705,"Slovenia",4,"Median","2",2034,0,1,1
705,"Slovenia",4,"Median","3",2034,0,0,1
705,"Slovenia",4,"Median","4",2034,0,0,0
705,"Slovenia",4,"Median","5",2034,0,0,0
705,"Slovenia",4,"Median","6",2034,0,0,0
705,"Slovenia",4,"Median","7",2034,0,0,1
705,"Slovenia",4,"Median","8",2034,0,1,1
705,"Slovenia",4,"Median","9",2034,0,0,1
705,"Slovenia",4,"Median","10",2034,0,0,1
705,"Slovenia",4,"Median","11",2034,0,0,1
705,"Slovenia",4,"Median","12",2034,1,0,1
705,"Slovenia",4,"Median","13",2034,1,1,1
705,"Slovenia",4,"Median","14",2034,1,1,1
705,"Slovenia",4,"Median","15",2034,1,1,2
705,"Slovenia",4,"Median","16",2034,1,1,2
705,"Slovenia",4,"Median","17",2034,2,1,3
705,"Slovenia",4,"Median","18",2034,4,1,5
705,"Slovenia",4,"Median","19",2034,5,2,6
705,"Slovenia",4,"Median","20",2034,4,1,6
705,"Slovenia",4,"Median","21",2034,4,1,5
705,"Slovenia",4,"Median","22",2034,4,1,6
705,"Slovenia",4,"Median","23",2034,5,2,7
705,"Slovenia",4,"Median","24",2034,5,2,7
705,"Slovenia",4,"Median","25",2034,5,1,6
705,"Slovenia",4,"Median","26",2034,5,1,6
705,"Slovenia",4,"Median","27",2034,5,1,6
705,"Slovenia",4,"Median","28",2034,5,1,6
705,"Slovenia",4,"Median","29",2034,5,1,6
705,"Slovenia",4,"Median","30",2034,5,1,6
705,"Slovenia",4,"Median","31",2034,5,2,7
705,"Slovenia",4,"Median","32",2034,5,2,6
705,"Slovenia",4,"Median","33",2034,5,2,7
705,"Slovenia",4,"Median","34",2034,6,2,8
705,"Slovenia",4,"Median","35",2034,5,2,8
705,"Slovenia",4,"Median","36",2034,5,3,8
705,"Slovenia",4,"Median","37",2034,8,3,11
705,"Slovenia",4,"Median","38",2034,10,3,13
705,"Slovenia",4,"Median","39",2034,10,3,13
705,"Slovenia",4,"Median","40",2034,9,3,12
705,"Slovenia",4,"Median","41",2034,10,4,13
705,"Slovenia",4,"Median","42",2034,12,5,16
705,"Slovenia",4,"Median","43",2034,13,6,19
705,"Slovenia",4,"Median","44",2034,15,7,23
705,"Slovenia",4,"Median","45",2034,18,9,27
705,"Slovenia",4,"Median","46",2034,20,11,31
705,"Slovenia",4,"Median","47",2034,22,11,33
705,"Slovenia",4,"Median","48",2034,26,12,38
705,"Slovenia",4,"Median","49",2034,31,14,46
705,"Slovenia",4,"Median","50",2034,40,18,58
705,"Slovenia",4,"Median","51",2034,49,22,71
705,"Slovenia",4,"Median","52",2034,54,25,79
705,"Slovenia",4,"Median","53",2034,57,27,84
705,"Slovenia",4,"Median","54",2034,65,28,93
705,"Slovenia",4,"Median","55",2034,75,31,106
705,"Slovenia",4,"Median","56",2034,83,35,118
705,"Slovenia",4,"Median","57",2034,91,41,132
705,"Slovenia",4,"Median","58",2034,99,46,146
705,"Slovenia",4,"Median","59",2034,107,49,156
705,"Slovenia",4,"Median","60",2034,117,53,170
705,"Slovenia",4,"Median","61",2034,128,61,189
705,"Slovenia",4,"Median","62",2034,138,67,204
705,"Slovenia",4,"Median","63",2034,142,67,209
705,"Slovenia",4,"Median","64",2034,147,69,216
705,"Slovenia",4,"Median","65",2034,157,77,234
705,"Slovenia",4,"Median","66",2034,171,87,259
705,"Slovenia",4,"Median","67",2034,191,96,286
705,"Slovenia",4,"Median","68",2034,205,102,307
705,"Slovenia",4,"Median","69",2034,210,108,318
705,"Slovenia",4,"Median","70",2034,218,116,334
705,"Slovenia",4,"Median","71",2034,231,126,357
705,"Slovenia",4,"Median","72",2034,246,135,381
705,"Slovenia",4,"Median","73",2034,263,148,411
705,"Slovenia",4,"Median","74",2034,292,176,468
705,"Slovenia",4,"Median","75",2034,334,217,551
705,"Slovenia",4,"Median","76",2034,381,264,645
705,"Slovenia",4,"Median","77",2034,423,305,728
705,"Slovenia",4,"Median","78",2034,453,336,789
705,"Slovenia",4,"Median","79",2034,470,368,838
705,"Slovenia",4,"Median","80",2034,496,402,897
705,"Slovenia",4,"Median","81",2034,516,433,949
705,"Slovenia",4,"Median","82",2034,508,456,964
705,"Slovenia",4,"Median","83",2034,510,484,995
705,"Slovenia",4,"Median","84",2034,502,500,1002
705,"Slovenia",4,"Median","85",2034,466,498,964
705,"Slovenia",4,"Median","86",2034,440,504,944
705,"Slovenia",4,"Median","87",2034,401,496,897
705,"Slovenia",4,"Median","88",2034,317,424,741
705,"Slovenia",4,"Median","89",2034,285,401,686
705,"Slovenia",4,"Median","90",2034,306,469,775
705,"Slovenia",4,"Median","91",2034,293,487,781
705,"Slovenia",4,"Median","92",2034,258,451,710
705,"Slovenia",4,"Median","93",2034,222,410,632
705,"Slovenia",4,"Median","94",2034,186,375,562
705,"Slovenia",4,"Median","95",2034,149,328,478
705,"Slovenia",4,"Median","96",2034,118,279,397
705,"Slovenia",4,"Median","97",2034,93,236,329
705,"Slovenia",4,"Median","98",2034,70,192,263
705,"Slovenia",4,"Median","99",2034,50,151,202
705,"Slovenia",4,"Median","100",2034,20,58,78
705,"Slovenia",4,"Median","101",2034,17,51,68
705,"Slovenia",4,"Median","102",2034,14,45,59
705,"Slovenia",4,"Median","103",2034,11,40,51
705,"Slovenia",4,"Median","104",2034,9,35,44
705,"Slovenia",4,"Median","105",2034,7,31,38
705,"Slovenia",4,"Median","106",2034,6,27,33
705,"Slovenia",4,"Median","107",2034,5,24,29
705,"Slovenia",4,"Median","108",2034,4,21,25
705,"Slovenia",4,"Median","109",2034,3,18,21
705,"Slovenia",4,"Median","110",2034,3,16,19
705,"Slovenia",4,"Median","0",2035,8,7,16
705,"Slovenia",4,"Median","1",2035,1,1,2
705,"Slovenia",4,"Median","2",2035,0,1,1
705,"Slovenia",4,"Median","3",2035,0,0,1
705,"Slovenia",4,"Median","4",2035,0,0,0
705,"Slovenia",4,"Median","5",2035,0,0,0
705,"Slovenia",4,"Median","6",2035,0,0,0
705,"Slovenia",4,"Median","7",2035,0,0,1
705,"Slovenia",4,"Median","8",2035,0,1,1
705,"Slovenia",4,"Median","9",2035,0,0,1
705,"Slovenia",4,"Median","10",2035,0,0,0
705,"Slovenia",4,"Median","11",2035,0,0,1
705,"Slovenia",4,"Median","12",2035,1,0,1
705,"Slovenia",4,"Median","13",2035,1,1,1
705,"Slovenia",4,"Median","14",2035,1,1,1
705,"Slovenia",4,"Median","15",2035,1,1,2
705,"Slovenia",4,"Median","16",2035,1,1,2
705,"Slovenia",4,"Median","17",2035,2,1,3
705,"Slovenia",4,"Median","18",2035,4,1,5
705,"Slovenia",4,"Median","19",2035,5,1,6
705,"Slovenia",4,"Median","20",2035,4,1,5
705,"Slovenia",4,"Median","21",2035,4,1,5
705,"Slovenia",4,"Median","22",2035,4,1,5
705,"Slovenia",4,"Median","23",2035,5,2,7
705,"Slovenia",4,"Median","24",2035,5,2,7
705,"Slovenia",4,"Median","25",2035,5,1,6
705,"Slovenia",4,"Median","26",2035,5,1,6
705,"Slovenia",4,"Median","27",2035,5,1,6
705,"Slovenia",4,"Median","28",2035,5,1,6
705,"Slovenia",4,"Median","29",2035,5,1,6
705,"Slovenia",4,"Median","30",2035,5,1,7
705,"Slovenia",4,"Median","31",2035,5,2,7
705,"Slovenia",4,"Median","32",2035,4,2,6
705,"Slovenia",4,"Median","33",2035,5,2,7
705,"Slovenia",4,"Median","34",2035,5,2,7
705,"Slovenia",4,"Median","35",2035,5,2,7
705,"Slovenia",4,"Median","36",2035,5,3,8
705,"Slovenia",4,"Median","37",2035,7,3,10
705,"Slovenia",4,"Median","38",2035,10,3,13
705,"Slovenia",4,"Median","39",2035,10,3,13
705,"Slovenia",4,"Median","40",2035,9,3,12
705,"Slovenia",4,"Median","41",2035,9,4,13
705,"Slovenia",4,"Median","42",2035,11,4,15
705,"Slovenia",4,"Median","43",2035,13,5,18
705,"Slovenia",4,"Median","44",2035,14,7,21
705,"Slovenia",4,"Median","45",2035,16,9,25
705,"Slovenia",4,"Median","46",2035,19,10,29
705,"Slovenia",4,"Median","47",2035,22,11,33
705,"Slovenia",4,"Median","48",2035,25,12,37
705,"Slovenia",4,"Median","49",2035,30,14,44
705,"Slovenia",4,"Median","50",2035,39,18,56
705,"Slovenia",4,"Median","51",2035,46,22,68
705,"Slovenia",4,"Median","52",2035,51,24,75
705,"Slovenia",4,"Median","53",2035,55,25,80
705,"Slovenia",4,"Median","54",2035,63,27,90
705,"Slovenia",4,"Median","55",2035,73,31,103
705,"Slovenia",4,"Median","56",2035,83,35,118
705,"Slovenia",4,"Median","57",2035,91,40,130
705,"Slovenia",4,"Median","58",2035,99,45,145
705,"Slovenia",4,"Median","59",2035,108,50,158
705,"Slovenia",4,"Median","60",2035,117,53,170
705,"Slovenia",4,"Median","61",2035,127,60,187
705,"Slovenia",4,"Median","62",2035,138,67,205
705,"Slovenia",4,"Median","63",2035,145,68,213
705,"Slovenia",4,"Median","64",2035,146,68,214
705,"Slovenia",4,"Median","65",2035,150,75,224
705,"Slovenia",4,"Median","66",2035,166,82,248
705,"Slovenia",4,"Median","67",2035,182,91,272
705,"Slovenia",4,"Median","68",2035,197,99,296
705,"Slovenia",4,"Median","69",2035,210,107,317
705,"Slovenia",4,"Median","70",2035,217,116,334
705,"Slovenia",4,"Median","71",2035,227,124,351
705,"Slovenia",4,"Median","72",2035,243,131,374
705,"Slovenia",4,"Median","73",2035,263,146,409
705,"Slovenia",4,"Median","74",2035,291,177,468
705,"Slovenia",4,"Median","75",2035,331,217,548
705,"Slovenia",4,"Median","76",2035,378,256,634
705,"Slovenia",4,"Median","77",2035,407,292,699
705,"Slovenia",4,"Median","78",2035,439,328,767
705,"Slovenia",4,"Median","79",2035,474,365,839
705,"Slovenia",4,"Median","80",2035,492,401,894
705,"Slovenia",4,"Median","81",2035,514,433,947
705,"Slovenia",4,"Median","82",2035,530,463,993
705,"Slovenia",4,"Median","83",2035,519,486,1005
705,"Slovenia",4,"Median","84",2035,517,514,1031
705,"Slovenia",4,"Median","85",2035,504,525,1029
705,"Slovenia",4,"Median","86",2035,462,518,980
705,"Slovenia",4,"Median","87",2035,432,519,952
705,"Slovenia",4,"Median","88",2035,388,506,894
705,"Slovenia",4,"Median","89",2035,303,426,730
705,"Slovenia",4,"Median","90",2035,268,397,666
705,"Slovenia",4,"Median","91",2035,284,457,741
705,"Slovenia",4,"Median","92",2035,267,467,734
705,"Slovenia",4,"Median","93",2035,231,424,655
705,"Slovenia",4,"Median","94",2035,194,377,571
705,"Slovenia",4,"Median","95",2035,160,338,497
705,"Slovenia",4,"Median","96",2035,125,288,413
705,"Slovenia",4,"Median","97",2035,96,238,334
705,"Slovenia",4,"Median","98",2035,74,196,269
705,"Slovenia",4,"Median","99",2035,54,154,209
705,"Slovenia",4,"Median","100",2035,21,57,78
705,"Slovenia",4,"Median","101",2035,17,51,68
705,"Slovenia",4,"Median","102",2035,14,45,59
705,"Slovenia",4,"Median","103",2035,12,40,52
705,"Slovenia",4,"Median","104",2035,10,36,46
705,"Slovenia",4,"Median","105",2035,8,32,40
705,"Slovenia",4,"Median","106",2035,7,28,35
705,"Slovenia",4,"Median","107",2035,6,25,31
705,"Slovenia",4,"Median","108",2035,5,23,28
705,"Slovenia",4,"Median","109",2035,4,20,24
705,"Slovenia",4,"Median","110",2035,3,18,21
705,"Slovenia",4,"Median","0",2036,8,7,15
705,"Slovenia",4,"Median","1",2036,1,1,2
705,"Slovenia",4,"Median","2",2036,0,1,1
705,"Slovenia",4,"Median","3",2036,0,0,1
705,"Slovenia",4,"Median","4",2036,0,0,0
705,"Slovenia",4,"Median","5",2036,0,0,0
705,"Slovenia",4,"Median","6",2036,0,0,0
705,"Slovenia",4,"Median","7",2036,0,0,1
705,"Slovenia",4,"Median","8",2036,0,1,1
705,"Slovenia",4,"Median","9",2036,0,0,1
705,"Slovenia",4,"Median","10",2036,0,0,0
705,"Slovenia",4,"Median","11",2036,0,0,1
705,"Slovenia",4,"Median","12",2036,0,0,1
705,"Slovenia",4,"Median","13",2036,1,1,1
705,"Slovenia",4,"Median","14",2036,1,1,1
705,"Slovenia",4,"Median","15",2036,1,1,2
705,"Slovenia",4,"Median","16",2036,1,1,2
705,"Slovenia",4,"Median","17",2036,2,1,3
705,"Slovenia",4,"Median","18",2036,4,1,5
705,"Slovenia",4,"Median","19",2036,4,1,6
705,"Slovenia",4,"Median","20",2036,4,1,5
705,"Slovenia",4,"Median","21",2036,4,1,5
705,"Slovenia",4,"Median","22",2036,4,1,5
705,"Slovenia",4,"Median","23",2036,5,2,6
705,"Slovenia",4,"Median","24",2036,5,2,6
705,"Slovenia",4,"Median","25",2036,5,1,6
705,"Slovenia",4,"Median","26",2036,5,1,6
705,"Slovenia",4,"Median","27",2036,5,1,6
705,"Slovenia",4,"Median","28",2036,5,1,6
705,"Slovenia",4,"Median","29",2036,5,1,6
705,"Slovenia",4,"Median","30",2036,5,1,7
705,"Slovenia",4,"Median","31",2036,5,2,7
705,"Slovenia",4,"Median","32",2036,4,2,6
705,"Slovenia",4,"Median","33",2036,5,2,7
705,"Slovenia",4,"Median","34",2036,5,2,7
705,"Slovenia",4,"Median","35",2036,5,2,7
705,"Slovenia",4,"Median","36",2036,5,3,8
705,"Slovenia",4,"Median","37",2036,7,3,10
705,"Slovenia",4,"Median","38",2036,9,3,12
705,"Slovenia",4,"Median","39",2036,9,3,12
705,"Slovenia",4,"Median","40",2036,8,3,11
705,"Slovenia",4,"Median","41",2036,9,3,12
705,"Slovenia",4,"Median","42",2036,11,4,15
705,"Slovenia",4,"Median","43",2036,12,5,17
705,"Slovenia",4,"Median","44",2036,14,6,20
705,"Slovenia",4,"Median","45",2036,16,8,24
705,"Slovenia",4,"Median","46",2036,18,9,27
705,"Slovenia",4,"Median","47",2036,21,10,31
705,"Slovenia",4,"Median","48",2036,25,11,36
705,"Slovenia",4,"Median","49",2036,29,13,43
705,"Slovenia",4,"Median","50",2036,37,17,54
705,"Slovenia",4,"Median","51",2036,45,21,66
705,"Slovenia",4,"Median","52",2036,49,23,71
705,"Slovenia",4,"Median","53",2036,52,24,76
705,"Slovenia",4,"Median","54",2036,60,26,87
705,"Slovenia",4,"Median","55",2036,70,30,100
705,"Slovenia",4,"Median","56",2036,81,34,115
705,"Slovenia",4,"Median","57",2036,90,39,130
705,"Slovenia",4,"Median","58",2036,98,44,142
705,"Slovenia",4,"Median","59",2036,108,49,157
705,"Slovenia",4,"Median","60",2036,118,54,172
705,"Slovenia",4,"Median","61",2036,127,60,186
705,"Slovenia",4,"Median","62",2036,137,66,203
705,"Slovenia",4,"Median","63",2036,145,68,213
705,"Slovenia",4,"Median","64",2036,149,69,218
705,"Slovenia",4,"Median","65",2036,149,73,223
705,"Slovenia",4,"Median","66",2036,159,80,238
705,"Slovenia",4,"Median","67",2036,176,85,262
705,"Slovenia",4,"Median","68",2036,188,93,282
705,"Slovenia",4,"Median","69",2036,203,103,306
705,"Slovenia",4,"Median","70",2036,218,115,333
705,"Slovenia",4,"Median","71",2036,226,125,351
705,"Slovenia",4,"Median","72",2036,238,130,368
705,"Slovenia",4,"Median","73",2036,259,143,402
705,"Slovenia",4,"Median","74",2036,292,175,466
705,"Slovenia",4,"Median","75",2036,331,219,550
705,"Slovenia",4,"Median","76",2036,375,257,632
705,"Slovenia",4,"Median","77",2036,404,283,688
705,"Slovenia",4,"Median","78",2036,423,315,737
705,"Slovenia",4,"Median","79",2036,460,357,817
705,"Slovenia",4,"Median","80",2036,498,400,898
705,"Slovenia",4,"Median","81",2036,511,434,945
705,"Slovenia",4,"Median","82",2036,528,465,993
705,"Slovenia",4,"Median","83",2036,542,495,1037
705,"Slovenia",4,"Median","84",2036,527,517,1044
705,"Slovenia",4,"Median","85",2036,520,541,1061
705,"Slovenia",4,"Median","86",2036,501,548,1049
705,"Slovenia",4,"Median","87",2036,454,536,991
705,"Slovenia",4,"Median","88",2036,420,531,951
705,"Slovenia",4,"Median","89",2036,372,510,882
705,"Slovenia",4,"Median","90",2036,287,424,711
705,"Slovenia",4,"Median","91",2036,249,389,638
705,"Slovenia",4,"Median","92",2036,259,440,699
705,"Slovenia",4,"Median","93",2036,239,441,680
705,"Slovenia",4,"Median","94",2036,202,392,594
705,"Slovenia",4,"Median","95",2036,166,340,507
705,"Slovenia",4,"Median","96",2036,134,297,431
705,"Slovenia",4,"Median","97",2036,102,246,349
705,"Slovenia",4,"Median","98",2036,77,198,274
705,"Slovenia",4,"Median","99",2036,57,158,215
705,"Slovenia",4,"Median","100",2036,22,57,79
705,"Slovenia",4,"Median","101",2036,18,51,69
705,"Slovenia",4,"Median","102",2036,15,46,61
705,"Slovenia",4,"Median","103",2036,13,41,54
705,"Slovenia",4,"Median","104",2036,11,37,48
705,"Slovenia",4,"Median","105",2036,9,33,42
705,"Slovenia",4,"Median","106",2036,7,30,37
705,"Slovenia",4,"Median","107",2036,6,27,33
705,"Slovenia",4,"Median","108",2036,5,24,29
705,"Slovenia",4,"Median","109",2036,4,21,25
705,"Slovenia",4,"Median","110",2036,4,19,23
705,"Slovenia",4,"Median","0",2037,8,7,15
705,"Slovenia",4,"Median","1",2037,1,1,2
705,"Slovenia",4,"Median","2",2037,0,1,1
705,"Slovenia",4,"Median","3",2037,0,0,1
705,"Slovenia",4,"Median","4",2037,0,0,0
705,"Slovenia",4,"Median","5",2037,0,0,0
705,"Slovenia",4,"Median","6",2037,0,0,0
705,"Slovenia",4,"Median","7",2037,0,0,1
705,"Slovenia",4,"Median","8",2037,0,1,1
705,"Slovenia",4,"Median","9",2037,0,0,0
705,"Slovenia",4,"Median","10",2037,0,0,0
705,"Slovenia",4,"Median","11",2037,0,0,1
705,"Slovenia",4,"Median","12",2037,0,0,1
705,"Slovenia",4,"Median","13",2037,1,0,1
705,"Slovenia",4,"Median","14",2037,1,0,1
705,"Slovenia",4,"Median","15",2037,1,1,1
705,"Slovenia",4,"Median","16",2037,1,1,2
705,"Slovenia",4,"Median","17",2037,2,1,3
705,"Slovenia",4,"Median","18",2037,4,1,5
705,"Slovenia",4,"Median","19",2037,4,1,6
705,"Slovenia",4,"Median","20",2037,4,1,5
705,"Slovenia",4,"Median","21",2037,4,1,5
705,"Slovenia",4,"Median","22",2037,4,1,5
705,"Slovenia",4,"Median","23",2037,4,2,6
705,"Slovenia",4,"Median","24",2037,5,2,6
705,"Slovenia",4,"Median","25",2037,5,1,6
705,"Slovenia",4,"Median","26",2037,5,1,6
705,"Slovenia",4,"Median","27",2037,5,1,6
705,"Slovenia",4,"Median","28",2037,5,1,6
705,"Slovenia",4,"Median","29",2037,5,1,6
705,"Slovenia",4,"Median","30",2037,5,1,7
705,"Slovenia",4,"Median","31",2037,5,2,7
705,"Slovenia",4,"Median","32",2037,5,2,6
705,"Slovenia",4,"Median","33",2037,5,2,7
705,"Slovenia",4,"Median","34",2037,5,2,7
705,"Slovenia",4,"Median","35",2037,5,2,7
705,"Slovenia",4,"Median","36",2037,5,3,7
705,"Slovenia",4,"Median","37",2037,6,3,9
705,"Slovenia",4,"Median","38",2037,8,3,11
705,"Slovenia",4,"Median","39",2037,9,3,12
705,"Slovenia",4,"Median","40",2037,8,3,11
705,"Slovenia",4,"Median","41",2037,9,3,12
705,"Slovenia",4,"Median","42",2037,10,4,14
705,"Slovenia",4,"Median","43",2037,11,5,16
705,"Slovenia",4,"Median","44",2037,13,6,19
705,"Slovenia",4,"Median","45",2037,15,8,22
705,"Slovenia",4,"Median","46",2037,17,9,25
705,"Slovenia",4,"Median","47",2037,19,9,28
705,"Slovenia",4,"Median","48",2037,23,11,34
705,"Slovenia",4,"Median","49",2037,29,13,42
705,"Slovenia",4,"Median","50",2037,36,16,53
705,"Slovenia",4,"Median","51",2037,43,20,63
705,"Slovenia",4,"Median","52",2037,47,22,69
705,"Slovenia",4,"Median","53",2037,49,23,73
705,"Slovenia",4,"Median","54",2037,57,25,82
705,"Slovenia",4,"Median","55",2037,68,28,96
705,"Slovenia",4,"Median","56",2037,78,33,112
705,"Slovenia",4,"Median","57",2037,88,39,127
705,"Slovenia",4,"Median","58",2037,98,44,142
705,"Slovenia",4,"Median","59",2037,107,47,154
705,"Slovenia",4,"Median","60",2037,117,53,170
705,"Slovenia",4,"Median","61",2037,128,61,189
705,"Slovenia",4,"Median","62",2037,136,66,202
705,"Slovenia",4,"Median","63",2037,144,67,211
705,"Slovenia",4,"Median","64",2037,149,69,218
705,"Slovenia",4,"Median","65",2037,152,74,226
705,"Slovenia",4,"Median","66",2037,158,78,236
705,"Slovenia",4,"Median","67",2037,169,83,251
705,"Slovenia",4,"Median","68",2037,182,88,270
705,"Slovenia",4,"Median","69",2037,193,98,291
705,"Slovenia",4,"Median","70",2037,210,112,322
705,"Slovenia",4,"Median","71",2037,226,124,350
705,"Slovenia",4,"Median","72",2037,237,131,368
705,"Slovenia",4,"Median","73",2037,254,141,395
705,"Slovenia",4,"Median","74",2037,288,171,459
705,"Slovenia",4,"Median","75",2037,332,217,548
705,"Slovenia",4,"Median","76",2037,376,260,636
705,"Slovenia",4,"Median","77",2037,402,285,687
705,"Slovenia",4,"Median","78",2037,420,306,726
705,"Slovenia",4,"Median","79",2037,443,343,786
705,"Slovenia",4,"Median","80",2037,483,391,875
705,"Slovenia",4,"Median","81",2037,517,433,950
705,"Slovenia",4,"Median","82",2037,526,467,993
705,"Slovenia",4,"Median","83",2037,541,498,1039
705,"Slovenia",4,"Median","84",2037,551,528,1079
705,"Slovenia",4,"Median","85",2037,530,546,1076
705,"Slovenia",4,"Median","86",2037,517,566,1083
705,"Slovenia",4,"Median","87",2037,494,567,1061
705,"Slovenia",4,"Median","88",2037,442,549,991
705,"Slovenia",4,"Median","89",2037,403,537,940
705,"Slovenia",4,"Median","90",2037,352,509,861
705,"Slovenia",4,"Median","91",2037,267,416,683
705,"Slovenia",4,"Median","92",2037,228,375,603
705,"Slovenia",4,"Median","93",2037,232,416,648
705,"Slovenia",4,"Median","94",2037,210,408,618
705,"Slovenia",4,"Median","95",2037,174,354,528
705,"Slovenia",4,"Median","96",2037,140,300,440
705,"Slovenia",4,"Median","97",2037,110,255,364
705,"Slovenia",4,"Median","98",2037,81,205,287
705,"Slovenia",4,"Median","99",2037,59,160,219
705,"Slovenia",4,"Median","100",2037,24,59,83
705,"Slovenia",4,"Median","101",2037,20,53,73
705,"Slovenia",4,"Median","102",2037,16,47,63
705,"Slovenia",4,"Median","103",2037,14,42,56
705,"Slovenia",4,"Median","104",2037,11,38,49
705,"Slovenia",4,"Median","105",2037,10,34,44
705,"Slovenia",4,"Median","106",2037,8,30,38
705,"Slovenia",4,"Median","107",2037,7,27,34
705,"Slovenia",4,"Median","108",2037,6,24,30
705,"Slovenia",4,"Median","109",2037,5,22,27
705,"Slovenia",4,"Median","110",2037,4,19,23
705,"Slovenia",4,"Median","0",2038,8,7,15
705,"Slovenia",4,"Median","1",2038,1,1,2
705,"Slovenia",4,"Median","2",2038,0,1,1
705,"Slovenia",4,"Median","3",2038,0,0,1
705,"Slovenia",4,"Median","4",2038,0,0,0
705,"Slovenia",4,"Median","5",2038,0,0,0
705,"Slovenia",4,"Median","6",2038,0,0,0
705,"Slovenia",4,"Median","7",2038,0,0,1
705,"Slovenia",4,"Median","8",2038,0,1,1
705,"Slovenia",4,"Median","9",2038,0,0,0
705,"Slovenia",4,"Median","10",2038,0,0,0
705,"Slovenia",4,"Median","11",2038,0,0,1
705,"Slovenia",4,"Median","12",2038,0,0,1
705,"Slovenia",4,"Median","13",2038,1,0,1
705,"Slovenia",4,"Median","14",2038,1,0,1
705,"Slovenia",4,"Median","15",2038,1,1,1
705,"Slovenia",4,"Median","16",2038,1,1,2
705,"Slovenia",4,"Median","17",2038,2,1,3
705,"Slovenia",4,"Median","18",2038,4,1,5
705,"Slovenia",4,"Median","19",2038,4,1,5
705,"Slovenia",4,"Median","20",2038,4,1,5
705,"Slovenia",4,"Median","21",2038,4,1,4
705,"Slovenia",4,"Median","22",2038,4,1,5
705,"Slovenia",4,"Median","23",2038,4,2,6
705,"Slovenia",4,"Median","24",2038,4,2,6
705,"Slovenia",4,"Median","25",2038,4,1,6
705,"Slovenia",4,"Median","26",2038,4,1,6
705,"Slovenia",4,"Median","27",2038,5,1,6
705,"Slovenia",4,"Median","28",2038,5,1,6
705,"Slovenia",4,"Median","29",2038,5,1,7
705,"Slovenia",4,"Median","30",2038,6,2,7
705,"Slovenia",4,"Median","31",2038,5,2,7
705,"Slovenia",4,"Median","32",2038,5,2,6
705,"Slovenia",4,"Median","33",2038,5,2,7
705,"Slovenia",4,"Median","34",2038,5,2,7
705,"Slovenia",4,"Median","35",2038,5,2,7
705,"Slovenia",4,"Median","36",2038,4,2,7
705,"Slovenia",4,"Median","37",2038,6,3,9
705,"Slovenia",4,"Median","38",2038,8,3,11
705,"Slovenia",4,"Median","39",2038,8,3,11
705,"Slovenia",4,"Median","40",2038,8,3,10
705,"Slovenia",4,"Median","41",2038,8,3,12
705,"Slovenia",4,"Median","42",2038,10,4,14
705,"Slovenia",4,"Median","43",2038,11,5,16
705,"Slovenia",4,"Median","44",2038,12,6,18
705,"Slovenia",4,"Median","45",2038,14,7,21
705,"Slovenia",4,"Median","46",2038,16,8,24
705,"Slovenia",4,"Median","47",2038,18,9,27
705,"Slovenia",4,"Median","48",2038,21,10,31
705,"Slovenia",4,"Median","49",2038,27,12,39
705,"Slovenia",4,"Median","50",2038,36,16,52
705,"Slovenia",4,"Median","51",2038,42,19,61
705,"Slovenia",4,"Median","52",2038,45,21,66
705,"Slovenia",4,"Median","53",2038,48,22,70
705,"Slovenia",4,"Median","54",2038,54,24,78
705,"Slovenia",4,"Median","55",2038,64,27,91
705,"Slovenia",4,"Median","56",2038,75,32,107
705,"Slovenia",4,"Median","57",2038,85,38,123
705,"Slovenia",4,"Median","58",2038,96,43,139
705,"Slovenia",4,"Median","59",2038,107,47,154
705,"Slovenia",4,"Median","60",2038,116,51,168
705,"Slovenia",4,"Median","61",2038,128,60,187
705,"Slovenia",4,"Median","62",2038,138,67,205
705,"Slovenia",4,"Median","63",2038,143,67,210
705,"Slovenia",4,"Median","64",2038,148,68,215
705,"Slovenia",4,"Median","65",2038,152,74,226
705,"Slovenia",4,"Median","66",2038,161,79,240
705,"Slovenia",4,"Median","67",2038,168,81,249
705,"Slovenia",4,"Median","68",2038,174,85,259
705,"Slovenia",4,"Median","69",2038,187,92,279
705,"Slovenia",4,"Median","70",2038,200,105,305
705,"Slovenia",4,"Median","71",2038,218,119,338
705,"Slovenia",4,"Median","72",2038,237,129,367
705,"Slovenia",4,"Median","73",2038,253,141,394
705,"Slovenia",4,"Median","74",2038,282,169,452
705,"Slovenia",4,"Median","75",2038,328,212,540
705,"Slovenia",4,"Median","76",2038,378,257,634
705,"Slovenia",4,"Median","77",2038,403,288,690
705,"Slovenia",4,"Median","78",2038,418,307,724
705,"Slovenia",4,"Median","79",2038,441,333,774
705,"Slovenia",4,"Median","80",2038,466,375,842
705,"Slovenia",4,"Median","81",2038,503,423,926
705,"Slovenia",4,"Median","82",2038,533,464,997
705,"Slovenia",4,"Median","83",2038,539,499,1038
705,"Slovenia",4,"Median","84",2038,551,530,1081
705,"Slovenia",4,"Median","85",2038,555,556,1111
705,"Slovenia",4,"Median","86",2038,529,570,1099
705,"Slovenia",4,"Median","87",2038,511,586,1096
705,"Slovenia",4,"Median","88",2038,481,581,1062
705,"Slovenia",4,"Median","89",2038,425,554,980
705,"Slovenia",4,"Median","90",2038,382,535,917
705,"Slovenia",4,"Median","91",2038,328,499,827
705,"Slovenia",4,"Median","92",2038,245,401,646
705,"Slovenia",4,"Median","93",2038,205,354,560
705,"Slovenia",4,"Median","94",2038,205,385,590
705,"Slovenia",4,"Median","95",2038,181,369,550
705,"Slovenia",4,"Median","96",2038,147,313,459
705,"Slovenia",4,"Median","97",2038,115,258,373
705,"Slovenia",4,"Median","98",2038,88,213,300
705,"Slovenia",4,"Median","99",2038,63,166,230
705,"Slovenia",4,"Median","100",2038,25,61,86
705,"Slovenia",4,"Median","101",2038,21,55,76
705,"Slovenia",4,"Median","102",2038,17,49,66
705,"Slovenia",4,"Median","103",2038,14,43,57
705,"Slovenia",4,"Median","104",2038,12,39,51
705,"Slovenia",4,"Median","105",2038,10,34,44
705,"Slovenia",4,"Median","106",2038,8,31,39
705,"Slovenia",4,"Median","107",2038,7,27,34
705,"Slovenia",4,"Median","108",2038,6,24,30
705,"Slovenia",4,"Median","109",2038,5,22,27
705,"Slovenia",4,"Median","110",2038,4,19,23
705,"Slovenia",4,"Median","0",2039,8,7,15
705,"Slovenia",4,"Median","1",2039,1,1,2
705,"Slovenia",4,"Median","2",2039,0,1,1
705,"Slovenia",4,"Median","3",2039,0,0,1
705,"Slovenia",4,"Median","4",2039,0,0,0
705,"Slovenia",4,"Median","5",2039,0,0,0
705,"Slovenia",4,"Median","6",2039,0,0,0
705,"Slovenia",4,"Median","7",2039,0,0,1
705,"Slovenia",4,"Median","8",2039,0,0,1
705,"Slovenia",4,"Median","9",2039,0,0,0
705,"Slovenia",4,"Median","10",2039,0,0,0
705,"Slovenia",4,"Median","11",2039,0,0,1
705,"Slovenia",4,"Median","12",2039,0,0,1
705,"Slovenia",4,"Median","13",2039,1,0,1
705,"Slovenia",4,"Median","14",2039,1,0,1
705,"Slovenia",4,"Median","15",2039,1,1,1
705,"Slovenia",4,"Median","16",2039,1,1,2
705,"Slovenia",4,"Median","17",2039,2,1,3
705,"Slovenia",4,"Median","18",2039,4,1,5
705,"Slovenia",4,"Median","19",2039,4,1,5
705,"Slovenia",4,"Median","20",2039,4,1,5
705,"Slovenia",4,"Median","21",2039,3,1,4
705,"Slovenia",4,"Median","22",2039,4,1,5
705,"Slovenia",4,"Median","23",2039,4,2,6
705,"Slovenia",4,"Median","24",2039,4,1,6
705,"Slovenia",4,"Median","25",2039,4,1,5
705,"Slovenia",4,"Median","26",2039,4,1,5
705,"Slovenia",4,"Median","27",2039,5,1,6
705,"Slovenia",4,"Median","28",2039,5,1,6
705,"Slovenia",4,"Median","29",2039,5,1,6
705,"Slovenia",4,"Median","30",2039,6,2,7
705,"Slovenia",4,"Median","31",2039,5,2,7
705,"Slovenia",4,"Median","32",2039,5,2,7
705,"Slovenia",4,"Median","33",2039,5,2,7
705,"Slovenia",4,"Median","34",2039,5,2,7
705,"Slovenia",4,"Median","35",2039,5,2,7
705,"Slovenia",4,"Median","36",2039,4,2,7
705,"Slovenia",4,"Median","37",2039,6,3,9
705,"Slovenia",4,"Median","38",2039,8,3,11
705,"Slovenia",4,"Median","39",2039,8,3,11
705,"Slovenia",4,"Median","40",2039,7,3,10
705,"Slovenia",4,"Median","41",2039,8,3,11
705,"Slovenia",4,"Median","42",2039,10,4,13
705,"Slovenia",4,"Median","43",2039,11,5,15
705,"Slovenia",4,"Median","44",2039,12,6,18
705,"Slovenia",4,"Median","45",2039,14,7,20
705,"Slovenia",4,"Median","46",2039,15,7,22
705,"Slovenia",4,"Median","47",2039,17,8,25
705,"Slovenia",4,"Median","48",2039,20,9,30
705,"Slovenia",4,"Median","49",2039,25,11,36
705,"Slovenia",4,"Median","50",2039,34,15,49
705,"Slovenia",4,"Median","51",2039,42,19,61
705,"Slovenia",4,"Median","52",2039,44,21,65
705,"Slovenia",4,"Median","53",2039,46,21,67
705,"Slovenia",4,"Median","54",2039,52,23,76
705,"Slovenia",4,"Median","55",2039,61,26,87
705,"Slovenia",4,"Median","56",2039,71,30,102
705,"Slovenia",4,"Median","57",2039,82,36,118
705,"Slovenia",4,"Median","58",2039,93,42,135
705,"Slovenia",4,"Median","59",2039,104,47,151
705,"Slovenia",4,"Median","60",2039,116,51,167
705,"Slovenia",4,"Median","61",2039,127,58,185
705,"Slovenia",4,"Median","62",2039,138,66,204
705,"Slovenia",4,"Median","63",2039,145,68,213
705,"Slovenia",4,"Median","64",2039,147,68,215
705,"Slovenia",4,"Median","65",2039,151,73,224
705,"Slovenia",4,"Median","66",2039,162,79,241
705,"Slovenia",4,"Median","67",2039,172,82,253
705,"Slovenia",4,"Median","68",2039,174,83,257
705,"Slovenia",4,"Median","69",2039,179,89,268
705,"Slovenia",4,"Median","70",2039,194,99,294
705,"Slovenia",4,"Median","71",2039,208,113,321
705,"Slovenia",4,"Median","72",2039,229,125,354
705,"Slovenia",4,"Median","73",2039,255,140,395
705,"Slovenia",4,"Median","74",2039,283,170,453
705,"Slovenia",4,"Median","75",2039,324,210,534
705,"Slovenia",4,"Median","76",2039,375,252,628
705,"Slovenia",4,"Median","77",2039,406,285,691
705,"Slovenia",4,"Median","78",2039,420,311,730
705,"Slovenia",4,"Median","79",2039,440,335,775
705,"Slovenia",4,"Median","80",2039,466,365,831
705,"Slovenia",4,"Median","81",2039,487,407,894
705,"Slovenia",4,"Median","82",2039,520,455,975
705,"Slovenia",4,"Median","83",2039,548,498,1047
705,"Slovenia",4,"Median","84",2039,551,533,1084
705,"Slovenia",4,"Median","85",2039,557,560,1117
705,"Slovenia",4,"Median","86",2039,556,583,1138
705,"Slovenia",4,"Median","87",2039,524,592,1116
705,"Slovenia",4,"Median","88",2039,500,601,1101
705,"Slovenia",4,"Median","89",2039,465,589,1053
705,"Slovenia",4,"Median","90",2039,405,554,959
705,"Slovenia",4,"Median","91",2039,358,526,884
705,"Slovenia",4,"Median","92",2039,302,483,785
705,"Slovenia",4,"Median","93",2039,221,381,602
705,"Slovenia",4,"Median","94",2039,182,329,511
705,"Slovenia",4,"Median","95",2039,177,350,527
705,"Slovenia",4,"Median","96",2039,153,327,480
705,"Slovenia",4,"Median","97",2039,121,269,390
705,"Slovenia",4,"Median","98",2039,92,216,308
705,"Slovenia",4,"Median","99",2039,68,173,241
705,"Slovenia",4,"Median","100",2039,27,65,92
705,"Slovenia",4,"Median","101",2039,23,57,80
705,"Slovenia",4,"Median","102",2039,19,51,70
705,"Slovenia",4,"Median","103",2039,16,45,61
705,"Slovenia",4,"Median","104",2039,13,40,53
705,"Slovenia",4,"Median","105",2039,11,35,46
705,"Slovenia",4,"Median","106",2039,9,31,40
705,"Slovenia",4,"Median","107",2039,7,28,35
705,"Slovenia",4,"Median","108",2039,6,24,30
705,"Slovenia",4,"Median","109",2039,5,22,27
705,"Slovenia",4,"Median","110",2039,4,19,23
705,"Slovenia",4,"Median","0",2040,8,7,14
705,"Slovenia",4,"Median","1",2040,1,1,2
705,"Slovenia",4,"Median","2",2040,0,1,1
705,"Slovenia",4,"Median","3",2040,0,0,1
705,"Slovenia",4,"Median","4",2040,0,0,0
705,"Slovenia",4,"Median","5",2040,0,0,0
705,"Slovenia",4,"Median","6",2040,0,0,0
705,"Slovenia",4,"Median","7",2040,0,0,1
705,"Slovenia",4,"Median","8",2040,0,0,1
705,"Slovenia",4,"Median","9",2040,0,0,0
705,"Slovenia",4,"Median","10",2040,0,0,0
705,"Slovenia",4,"Median","11",2040,0,0,1
705,"Slovenia",4,"Median","12",2040,0,0,1
705,"Slovenia",4,"Median","13",2040,1,0,1
705,"Slovenia",4,"Median","14",2040,1,0,1
705,"Slovenia",4,"Median","15",2040,1,1,1
705,"Slovenia",4,"Median","16",2040,1,1,2
705,"Slovenia",4,"Median","17",2040,2,1,3
705,"Slovenia",4,"Median","18",2040,3,1,4
705,"Slovenia",4,"Median","19",2040,4,1,5
705,"Slovenia",4,"Median","20",2040,3,1,5
705,"Slovenia",4,"Median","21",2040,3,1,4
705,"Slovenia",4,"Median","22",2040,4,1,5
705,"Slovenia",4,"Median","23",2040,4,2,6
705,"Slovenia",4,"Median","24",2040,4,1,6
705,"Slovenia",4,"Median","25",2040,4,1,5
705,"Slovenia",4,"Median","26",2040,4,1,5
705,"Slovenia",4,"Median","27",2040,4,1,6
705,"Slovenia",4,"Median","28",2040,5,1,6
705,"Slovenia",4,"Median","29",2040,5,1,6
705,"Slovenia",4,"Median","30",2040,6,2,7
705,"Slovenia",4,"Median","31",2040,6,2,7
705,"Slovenia",4,"Median","32",2040,5,2,7
705,"Slovenia",4,"Median","33",2040,5,2,7
705,"Slovenia",4,"Median","34",2040,5,2,7
705,"Slovenia",4,"Median","35",2040,5,2,7
705,"Slovenia",4,"Median","36",2040,4,2,7
705,"Slovenia",4,"Median","37",2040,6,3,8
705,"Slovenia",4,"Median","38",2040,7,3,10
705,"Slovenia",4,"Median","39",2040,7,3,10
705,"Slovenia",4,"Median","40",2040,7,3,9
705,"Slovenia",4,"Median","41",2040,7,3,10
705,"Slovenia",4,"Median","42",2040,9,4,13
705,"Slovenia",4,"Median","43",2040,10,4,15
705,"Slovenia",4,"Median","44",2040,12,5,17
705,"Slovenia",4,"Median","45",2040,13,7,20
705,"Slovenia",4,"Median","46",2040,14,7,22
705,"Slovenia",4,"Median","47",2040,16,8,24
705,"Slovenia",4,"Median","48",2040,19,9,28
705,"Slovenia",4,"Median","49",2040,24,11,35
705,"Slovenia",4,"Median","50",2040,31,14,45
705,"Slovenia",4,"Median","51",2040,39,18,57
705,"Slovenia",4,"Median","52",2040,44,20,64
705,"Slovenia",4,"Median","53",2040,45,21,66
705,"Slovenia",4,"Median","54",2040,51,22,73
705,"Slovenia",4,"Median","55",2040,59,25,84
705,"Slovenia",4,"Median","56",2040,68,29,97
705,"Slovenia",4,"Median","57",2040,78,34,112
705,"Slovenia",4,"Median","58",2040,89,40,129
705,"Slovenia",4,"Median","59",2040,101,45,146
705,"Slovenia",4,"Median","60",2040,114,51,164
705,"Slovenia",4,"Median","61",2040,127,57,184
705,"Slovenia",4,"Median","62",2040,137,64,200
705,"Slovenia",4,"Median","63",2040,145,67,212
705,"Slovenia",4,"Median","64",2040,149,69,218
705,"Slovenia",4,"Median","65",2040,151,73,223
705,"Slovenia",4,"Median","66",2040,161,78,238
705,"Slovenia",4,"Median","67",2040,172,82,254
705,"Slovenia",4,"Median","68",2040,178,84,262
705,"Slovenia",4,"Median","69",2040,178,87,266
705,"Slovenia",4,"Median","70",2040,186,96,282
705,"Slovenia",4,"Median","71",2040,202,106,309
705,"Slovenia",4,"Median","72",2040,219,118,337
705,"Slovenia",4,"Median","73",2040,246,136,381
705,"Slovenia",4,"Median","74",2040,284,169,453
705,"Slovenia",4,"Median","75",2040,324,212,536
705,"Slovenia",4,"Median","76",2040,370,251,621
705,"Slovenia",4,"Median","77",2040,403,281,684
705,"Slovenia",4,"Median","78",2040,423,308,731
705,"Slovenia",4,"Median","79",2040,442,339,782
705,"Slovenia",4,"Median","80",2040,465,368,833
705,"Slovenia",4,"Median","81",2040,486,396,882
705,"Slovenia",4,"Median","82",2040,503,438,942
705,"Slovenia",4,"Median","83",2040,535,489,1024
705,"Slovenia",4,"Median","84",2040,561,532,1093
705,"Slovenia",4,"Median","85",2040,558,564,1122
705,"Slovenia",4,"Median","86",2040,558,588,1146
705,"Slovenia",4,"Median","87",2040,551,606,1157
705,"Slovenia",4,"Median","88",2040,513,608,1122
705,"Slovenia",4,"Median","89",2040,483,610,1094
705,"Slovenia",4,"Median","90",2040,443,589,1032
705,"Slovenia",4,"Median","91",2040,380,547,926
705,"Slovenia",4,"Median","92",2040,330,510,840
705,"Slovenia",4,"Median","93",2040,273,459,732
705,"Slovenia",4,"Median","94",2040,196,354,550
705,"Slovenia",4,"Median","95",2040,157,300,457
705,"Slovenia",4,"Median","96",2040,150,310,460
705,"Slovenia",4,"Median","97",2040,127,282,409
705,"Slovenia",4,"Median","98",2040,97,226,324
705,"Slovenia",4,"Median","99",2040,72,176,248
705,"Slovenia",4,"Median","100",2040,30,69,99
705,"Slovenia",4,"Median","101",2040,25,61,86
705,"Slovenia",4,"Median","102",2040,20,53,73
705,"Slovenia",4,"Median","103",2040,17,47,64
705,"Slovenia",4,"Median","104",2040,14,41,55
705,"Slovenia",4,"Median","105",2040,11,36,47
705,"Slovenia",4,"Median","106",2040,9,32,41
705,"Slovenia",4,"Median","107",2040,8,28,36
705,"Slovenia",4,"Median","108",2040,6,25,31
705,"Slovenia",4,"Median","109",2040,5,22,27
705,"Slovenia",4,"Median","110",2040,4,19,23
705,"Slovenia",4,"Median","0",2041,7,7,14
705,"Slovenia",4,"Median","1",2041,1,1,2
705,"Slovenia",4,"Median","2",2041,0,1,1
705,"Slovenia",4,"Median","3",2041,0,0,1
705,"Slovenia",4,"Median","4",2041,0,0,0
705,"Slovenia",4,"Median","5",2041,0,0,0
705,"Slovenia",4,"Median","6",2041,0,0,0
705,"Slovenia",4,"Median","7",2041,0,0,1
705,"Slovenia",4,"Median","8",2041,0,0,1
705,"Slovenia",4,"Median","9",2041,0,0,0
705,"Slovenia",4,"Median","10",2041,0,0,0
705,"Slovenia",4,"Median","11",2041,0,0,0
705,"Slovenia",4,"Median","12",2041,0,0,1
705,"Slovenia",4,"Median","13",2041,1,0,1
705,"Slovenia",4,"Median","14",2041,1,0,1
705,"Slovenia",4,"Median","15",2041,1,0,1
705,"Slovenia",4,"Median","16",2041,1,1,2
705,"Slovenia",4,"Median","17",2041,2,1,3
705,"Slovenia",4,"Median","18",2041,3,1,4
705,"Slovenia",4,"Median","19",2041,4,1,5
705,"Slovenia",4,"Median","20",2041,3,1,4
705,"Slovenia",4,"Median","21",2041,3,1,4
705,"Slovenia",4,"Median","22",2041,4,1,4
705,"Slovenia",4,"Median","23",2041,4,1,5
705,"Slovenia",4,"Median","24",2041,4,1,5
705,"Slovenia",4,"Median","25",2041,4,1,5
705,"Slovenia",4,"Median","26",2041,4,1,5
705,"Slovenia",4,"Median","27",2041,4,1,5
705,"Slovenia",4,"Median","28",2041,5,1,6
705,"Slovenia",4,"Median","29",2041,5,1,6
705,"Slovenia",4,"Median","30",2041,5,2,7
705,"Slovenia",4,"Median","31",2041,6,2,7
705,"Slovenia",4,"Median","32",2041,5,2,7
705,"Slovenia",4,"Median","33",2041,5,2,7
705,"Slovenia",4,"Median","34",2041,5,2,8
705,"Slovenia",4,"Median","35",2041,5,2,7
705,"Slovenia",4,"Median","36",2041,5,3,7
705,"Slovenia",4,"Median","37",2041,6,3,9
705,"Slovenia",4,"Median","38",2041,7,3,10
705,"Slovenia",4,"Median","39",2041,7,3,10
705,"Slovenia",4,"Median","40",2041,7,3,9
705,"Slovenia",4,"Median","41",2041,7,3,10
705,"Slovenia",4,"Median","42",2041,9,3,12
705,"Slovenia",4,"Median","43",2041,10,4,14
705,"Slovenia",4,"Median","44",2041,11,5,17
705,"Slovenia",4,"Median","45",2041,13,6,19
705,"Slovenia",4,"Median","46",2041,14,7,21
705,"Slovenia",4,"Median","47",2041,16,7,23
705,"Slovenia",4,"Median","48",2041,18,8,26
705,"Slovenia",4,"Median","49",2041,23,10,33
705,"Slovenia",4,"Median","50",2041,30,13,43
705,"Slovenia",4,"Median","51",2041,36,16,53
705,"Slovenia",4,"Median","52",2041,41,19,60
705,"Slovenia",4,"Median","53",2041,44,20,65
705,"Slovenia",4,"Median","54",2041,49,22,71
705,"Slovenia",4,"Median","55",2041,57,24,81
705,"Slovenia",4,"Median","56",2041,66,28,94
705,"Slovenia",4,"Median","57",2041,74,33,107
705,"Slovenia",4,"Median","58",2041,85,38,123
705,"Slovenia",4,"Median","59",2041,97,43,141
705,"Slovenia",4,"Median","60",2041,110,49,159
705,"Slovenia",4,"Median","61",2041,124,57,181
705,"Slovenia",4,"Median","62",2041,137,63,200
705,"Slovenia",4,"Median","63",2041,144,65,209
705,"Slovenia",4,"Median","64",2041,148,68,216
705,"Slovenia",4,"Median","65",2041,152,74,226
705,"Slovenia",4,"Median","66",2041,160,78,237
705,"Slovenia",4,"Median","67",2041,171,81,251
705,"Slovenia",4,"Median","68",2041,177,84,262
705,"Slovenia",4,"Median","69",2041,182,88,270
705,"Slovenia",4,"Median","70",2041,185,94,279
705,"Slovenia",4,"Median","71",2041,193,103,296
705,"Slovenia",4,"Median","72",2041,212,111,324
705,"Slovenia",4,"Median","73",2041,234,128,363
705,"Slovenia",4,"Median","74",2041,275,164,438
705,"Slovenia",4,"Median","75",2041,327,211,537
705,"Slovenia",4,"Median","76",2041,371,253,624
705,"Slovenia",4,"Median","77",2041,398,279,677
705,"Slovenia",4,"Median","78",2041,421,303,724
705,"Slovenia",4,"Median","79",2041,446,336,783
705,"Slovenia",4,"Median","80",2041,467,373,840
705,"Slovenia",4,"Median","81",2041,485,400,885
705,"Slovenia",4,"Median","82",2041,503,427,930
705,"Slovenia",4,"Median","83",2041,519,471,990
705,"Slovenia",4,"Median","84",2041,548,523,1071
705,"Slovenia",4,"Median","85",2041,568,564,1132
705,"Slovenia",4,"Median","86",2041,559,592,1152
705,"Slovenia",4,"Median","87",2041,554,612,1166
705,"Slovenia",4,"Median","88",2041,541,623,1164
705,"Slovenia",4,"Median","89",2041,497,618,1115
705,"Slovenia",4,"Median","90",2041,461,612,1073
705,"Slovenia",4,"Median","91",2041,416,582,998
705,"Slovenia",4,"Median","92",2041,351,531,881
705,"Slovenia",4,"Median","93",2041,299,486,785
705,"Slovenia",4,"Median","94",2041,243,428,671
705,"Slovenia",4,"Median","95",2041,170,323,494
705,"Slovenia",4,"Median","96",2041,134,266,400
705,"Slovenia",4,"Median","97",2041,124,269,393
705,"Slovenia",4,"Median","98",2041,102,238,340
705,"Slovenia",4,"Median","99",2041,76,184,261
705,"Slovenia",4,"Median","100",2041,33,73,106
705,"Slovenia",4,"Median","101",2041,27,64,91
705,"Slovenia",4,"Median","102",2041,22,56,78
705,"Slovenia",4,"Median","103",2041,18,49,67
705,"Slovenia",4,"Median","104",2041,15,43,58
705,"Slovenia",4,"Median","105",2041,12,37,49
705,"Slovenia",4,"Median","106",2041,10,32,42
705,"Slovenia",4,"Median","107",2041,8,28,36
705,"Slovenia",4,"Median","108",2041,6,25,31
705,"Slovenia",4,"Median","109",2041,5,21,26
705,"Slovenia",4,"Median","110",2041,4,19,23
705,"Slovenia",4,"Median","0",2042,7,7,14
705,"Slovenia",4,"Median","1",2042,1,1,2
705,"Slovenia",4,"Median","2",2042,0,0,1
705,"Slovenia",4,"Median","3",2042,0,0,1
705,"Slovenia",4,"Median","4",2042,0,0,0
705,"Slovenia",4,"Median","5",2042,0,0,0
705,"Slovenia",4,"Median","6",2042,0,0,0
705,"Slovenia",4,"Median","7",2042,0,0,1
705,"Slovenia",4,"Median","8",2042,0,0,1
705,"Slovenia",4,"Median","9",2042,0,0,0
705,"Slovenia",4,"Median","10",2042,0,0,0
705,"Slovenia",4,"Median","11",2042,0,0,0
705,"Slovenia",4,"Median","12",2042,0,0,1
705,"Slovenia",4,"Median","13",2042,0,0,1
705,"Slovenia",4,"Median","14",2042,1,0,1
705,"Slovenia",4,"Median","15",2042,1,0,1
705,"Slovenia",4,"Median","16",2042,1,1,1
705,"Slovenia",4,"Median","17",2042,2,1,2
705,"Slovenia",4,"Median","18",2042,3,1,4
705,"Slovenia",4,"Median","19",2042,4,1,5
705,"Slovenia",4,"Median","20",2042,3,1,4
705,"Slovenia",4,"Median","21",2042,3,1,4
705,"Slovenia",4,"Median","22",2042,3,1,4
705,"Slovenia",4,"Median","23",2042,4,1,5
705,"Slovenia",4,"Median","24",2042,4,1,5
705,"Slovenia",4,"Median","25",2042,4,1,5
705,"Slovenia",4,"Median","26",2042,4,1,5
705,"Slovenia",4,"Median","27",2042,4,1,5
705,"Slovenia",4,"Median","28",2042,4,1,5
705,"Slovenia",4,"Median","29",2042,5,1,6
705,"Slovenia",4,"Median","30",2042,5,1,7
705,"Slovenia",4,"Median","31",2042,5,2,7
705,"Slovenia",4,"Median","32",2042,5,2,7
705,"Slovenia",4,"Median","33",2042,5,2,7
705,"Slovenia",4,"Median","34",2042,6,2,8
705,"Slovenia",4,"Median","35",2042,5,2,7
705,"Slovenia",4,"Median","36",2042,5,3,7
705,"Slovenia",4,"Median","37",2042,6,3,9
705,"Slovenia",4,"Median","38",2042,7,3,10
705,"Slovenia",4,"Median","39",2042,7,3,10
705,"Slovenia",4,"Median","40",2042,6,2,9
705,"Slovenia",4,"Median","41",2042,7,3,10
705,"Slovenia",4,"Median","42",2042,8,3,12
705,"Slovenia",4,"Median","43",2042,9,4,13
705,"Slovenia",4,"Median","44",2042,11,5,16
705,"Slovenia",4,"Median","45",2042,12,6,19
705,"Slovenia",4,"Median","46",2042,14,7,20
705,"Slovenia",4,"Median","47",2042,15,7,22
705,"Slovenia",4,"Median","48",2042,17,8,25
705,"Slovenia",4,"Median","49",2042,21,9,31
705,"Slovenia",4,"Median","50",2042,28,12,40
705,"Slovenia",4,"Median","51",2042,35,16,50
705,"Slovenia",4,"Median","52",2042,38,17,55
705,"Slovenia",4,"Median","53",2042,42,19,61
705,"Slovenia",4,"Median","54",2042,49,21,70
705,"Slovenia",4,"Median","55",2042,56,23,79
705,"Slovenia",4,"Median","56",2042,63,27,90
705,"Slovenia",4,"Median","57",2042,72,32,104
705,"Slovenia",4,"Median","58",2042,81,37,118
705,"Slovenia",4,"Median","59",2042,92,41,134
705,"Slovenia",4,"Median","60",2042,106,47,153
705,"Slovenia",4,"Median","61",2042,120,56,176
705,"Slovenia",4,"Median","62",2042,134,63,197
705,"Slovenia",4,"Median","63",2042,144,64,208
705,"Slovenia",4,"Median","64",2042,147,66,213
705,"Slovenia",4,"Median","65",2042,152,73,225
705,"Slovenia",4,"Median","66",2042,161,79,241
705,"Slovenia",4,"Median","67",2042,170,80,250
705,"Slovenia",4,"Median","68",2042,176,83,259
705,"Slovenia",4,"Median","69",2042,182,88,270
705,"Slovenia",4,"Median","70",2042,189,95,284
705,"Slovenia",4,"Median","71",2042,193,101,294
705,"Slovenia",4,"Median","72",2042,203,107,311
705,"Slovenia",4,"Median","73",2042,228,121,349
705,"Slovenia",4,"Median","74",2042,263,155,418
705,"Slovenia",4,"Median","75",2042,316,205,521
705,"Slovenia",4,"Median","76",2042,375,252,627
705,"Slovenia",4,"Median","77",2042,401,281,682
705,"Slovenia",4,"Median","78",2042,416,301,717
705,"Slovenia",4,"Median","79",2042,444,331,776
705,"Slovenia",4,"Median","80",2042,473,370,843
705,"Slovenia",4,"Median","81",2042,489,405,895
705,"Slovenia",4,"Median","82",2042,503,431,935
705,"Slovenia",4,"Median","83",2042,520,460,979
705,"Slovenia",4,"Median","84",2042,532,504,1037
705,"Slovenia",4,"Median","85",2042,556,555,1111
705,"Slovenia",4,"Median","86",2042,571,593,1164
705,"Slovenia",4,"Median","87",2042,557,617,1174
705,"Slovenia",4,"Median","88",2042,545,631,1176
705,"Slovenia",4,"Median","89",2042,525,635,1160
705,"Slovenia",4,"Median","90",2042,476,621,1097
705,"Slovenia",4,"Median","91",2042,435,605,1040
705,"Slovenia",4,"Median","92",2042,386,566,952
705,"Slovenia",4,"Median","93",2042,319,506,825
705,"Slovenia",4,"Median","94",2042,267,454,721
705,"Slovenia",4,"Median","95",2042,212,391,603
705,"Slovenia",4,"Median","96",2042,145,288,433
705,"Slovenia",4,"Median","97",2042,111,231,342
705,"Slovenia",4,"Median","98",2042,101,226,327
705,"Slovenia",4,"Median","99",2042,81,194,275
705,"Slovenia",4,"Median","100",2042,36,78,114
705,"Slovenia",4,"Median","101",2042,29,68,97
705,"Slovenia",4,"Median","102",2042,24,59,83
705,"Slovenia",4,"Median","103",2042,19,51,70
705,"Slovenia",4,"Median","104",2042,15,44,59
705,"Slovenia",4,"Median","105",2042,13,38,51
705,"Slovenia",4,"Median","106",2042,10,33,43
705,"Slovenia",4,"Median","107",2042,8,29,37
705,"Slovenia",4,"Median","108",2042,7,25,32
705,"Slovenia",4,"Median","109",2042,5,22,27
705,"Slovenia",4,"Median","110",2042,4,19,23
705,"Slovenia",4,"Median","0",2043,7,6,13
705,"Slovenia",4,"Median","1",2043,1,1,2
705,"Slovenia",4,"Median","2",2043,0,0,1
705,"Slovenia",4,"Median","3",2043,0,0,1
705,"Slovenia",4,"Median","4",2043,0,0,0
705,"Slovenia",4,"Median","5",2043,0,0,0
705,"Slovenia",4,"Median","6",2043,0,0,0
705,"Slovenia",4,"Median","7",2043,0,0,1
705,"Slovenia",4,"Median","8",2043,0,0,1
705,"Slovenia",4,"Median","9",2043,0,0,0
705,"Slovenia",4,"Median","10",2043,0,0,0
705,"Slovenia",4,"Median","11",2043,0,0,0
705,"Slovenia",4,"Median","12",2043,0,0,1
705,"Slovenia",4,"Median","13",2043,0,0,1
705,"Slovenia",4,"Median","14",2043,1,0,1
705,"Slovenia",4,"Median","15",2043,1,0,1
705,"Slovenia",4,"Median","16",2043,1,1,1
705,"Slovenia",4,"Median","17",2043,2,1,2
705,"Slovenia",4,"Median","18",2043,3,1,4
705,"Slovenia",4,"Median","19",2043,3,1,5
705,"Slovenia",4,"Median","20",2043,3,1,4
705,"Slovenia",4,"Median","21",2043,3,1,4
705,"Slovenia",4,"Median","22",2043,3,1,4
705,"Slovenia",4,"Median","23",2043,4,1,5
705,"Slovenia",4,"Median","24",2043,4,1,5
705,"Slovenia",4,"Median","25",2043,4,1,5
705,"Slovenia",4,"Median","26",2043,4,1,5
705,"Slovenia",4,"Median","27",2043,4,1,5
705,"Slovenia",4,"Median","28",2043,4,1,5
705,"Slovenia",4,"Median","29",2043,5,1,6
705,"Slovenia",4,"Median","30",2043,5,1,7
705,"Slovenia",4,"Median","31",2043,5,2,7
705,"Slovenia",4,"Median","32",2043,5,2,7
705,"Slovenia",4,"Median","33",2043,5,2,7
705,"Slovenia",4,"Median","34",2043,6,2,8
705,"Slovenia",4,"Median","35",2043,5,3,8
705,"Slovenia",4,"Median","36",2043,5,3,7
705,"Slovenia",4,"Median","37",2043,6,3,9
705,"Slovenia",4,"Median","38",2043,8,3,11
705,"Slovenia",4,"Median","39",2043,7,3,10
705,"Slovenia",4,"Median","40",2043,6,2,9
705,"Slovenia",4,"Median","41",2043,7,3,9
705,"Slovenia",4,"Median","42",2043,8,3,11
705,"Slovenia",4,"Median","43",2043,9,4,13
705,"Slovenia",4,"Median","44",2043,10,5,15
705,"Slovenia",4,"Median","45",2043,12,6,18
705,"Slovenia",4,"Median","46",2043,13,6,20
705,"Slovenia",4,"Median","47",2043,15,7,22
705,"Slovenia",4,"Median","48",2043,17,8,25
705,"Slovenia",4,"Median","49",2043,21,9,30
705,"Slovenia",4,"Median","50",2043,27,11,38
705,"Slovenia",4,"Median","51",2043,33,14,47
705,"Slovenia",4,"Median","52",2043,36,17,53
705,"Slovenia",4,"Median","53",2043,39,18,56
705,"Slovenia",4,"Median","54",2043,46,20,66
705,"Slovenia",4,"Median","55",2043,55,23,78
705,"Slovenia",4,"Median","56",2043,62,26,88
705,"Slovenia",4,"Median","57",2043,69,30,100
705,"Slovenia",4,"Median","58",2043,78,36,114
705,"Slovenia",4,"Median","59",2043,88,40,128
705,"Slovenia",4,"Median","60",2043,101,45,146
705,"Slovenia",4,"Median","61",2043,116,53,169
705,"Slovenia",4,"Median","62",2043,130,61,191
705,"Slovenia",4,"Median","63",2043,141,64,205
705,"Slovenia",4,"Median","64",2043,147,65,212
705,"Slovenia",4,"Median","65",2043,151,70,221
705,"Slovenia",4,"Median","66",2043,161,78,239
705,"Slovenia",4,"Median","67",2043,171,82,253
705,"Slovenia",4,"Median","68",2043,176,82,258
705,"Slovenia",4,"Median","69",2043,181,86,267
705,"Slovenia",4,"Median","70",2043,189,95,284
705,"Slovenia",4,"Median","71",2043,197,101,298
705,"Slovenia",4,"Median","72",2043,203,105,308
705,"Slovenia",4,"Median","73",2043,218,116,335
705,"Slovenia",4,"Median","74",2043,256,146,402
705,"Slovenia",4,"Median","75",2043,303,194,497
705,"Slovenia",4,"Median","76",2043,364,244,609
705,"Slovenia",4,"Median","77",2043,405,280,685
705,"Slovenia",4,"Median","78",2043,419,304,722
705,"Slovenia",4,"Median","79",2043,440,329,769
705,"Slovenia",4,"Median","80",2043,471,364,836
705,"Slovenia",4,"Median","81",2043,496,402,898
705,"Slovenia",4,"Median","82",2043,508,437,945
705,"Slovenia",4,"Median","83",2043,521,464,984
705,"Slovenia",4,"Median","84",2043,534,492,1026
705,"Slovenia",4,"Median","85",2043,541,535,1076
705,"Slovenia",4,"Median","86",2043,560,583,1143
705,"Slovenia",4,"Median","87",2043,570,618,1188
705,"Slovenia",4,"Median","88",2043,549,636,1185
705,"Slovenia",4,"Median","89",2043,530,642,1172
705,"Slovenia",4,"Median","90",2043,504,638,1141
705,"Slovenia",4,"Median","91",2043,449,615,1064
705,"Slovenia",4,"Median","92",2043,403,589,993
705,"Slovenia",4,"Median","93",2043,351,541,892
705,"Slovenia",4,"Median","94",2043,285,474,759
705,"Slovenia",4,"Median","95",2043,233,415,648
705,"Slovenia",4,"Median","96",2043,181,349,530
705,"Slovenia",4,"Median","97",2043,121,250,371
705,"Slovenia",4,"Median","98",2043,90,195,285
705,"Slovenia",4,"Median","99",2043,80,185,265
705,"Slovenia",4,"Median","100",2043,39,84,123
705,"Slovenia",4,"Median","101",2043,32,72,104
705,"Slovenia",4,"Median","102",2043,26,62,88
705,"Slovenia",4,"Median","103",2043,21,54,75
705,"Slovenia",4,"Median","104",2043,16,46,62
705,"Slovenia",4,"Median","105",2043,13,40,53
705,"Slovenia",4,"Median","106",2043,11,34,45
705,"Slovenia",4,"Median","107",2043,9,29,38
705,"Slovenia",4,"Median","108",2043,7,25,32
705,"Slovenia",4,"Median","109",2043,6,22,28
705,"Slovenia",4,"Median","110",2043,4,19,23
705,"Slovenia",4,"Median","0",2044,7,6,13
705,"Slovenia",4,"Median","1",2044,1,1,2
705,"Slovenia",4,"Median","2",2044,0,0,1
705,"Slovenia",4,"Median","3",2044,0,0,1
705,"Slovenia",4,"Median","4",2044,0,0,0
705,"Slovenia",4,"Median","5",2044,0,0,0
705,"Slovenia",4,"Median","6",2044,0,0,0
705,"Slovenia",4,"Median","7",2044,0,0,1
705,"Slovenia",4,"Median","8",2044,0,0,1
705,"Slovenia",4,"Median","9",2044,0,0,0
705,"Slovenia",4,"Median","10",2044,0,0,0
705,"Slovenia",4,"Median","11",2044,0,0,0
705,"Slovenia",4,"Median","12",2044,0,0,1
705,"Slovenia",4,"Median","13",2044,0,0,1
705,"Slovenia",4,"Median","14",2044,1,0,1
705,"Slovenia",4,"Median","15",2044,1,0,1
705,"Slovenia",4,"Median","16",2044,1,1,1
705,"Slovenia",4,"Median","17",2044,2,1,2
705,"Slovenia",4,"Median","18",2044,3,1,4
705,"Slovenia",4,"Median","19",2044,3,1,4
705,"Slovenia",4,"Median","20",2044,3,1,4
705,"Slovenia",4,"Median","21",2044,3,1,3
705,"Slovenia",4,"Median","22",2044,3,1,4
705,"Slovenia",4,"Median","23",2044,4,1,5
705,"Slovenia",4,"Median","24",2044,4,1,5
705,"Slovenia",4,"Median","25",2044,4,1,5
705,"Slovenia",4,"Median","26",2044,4,1,5
705,"Slovenia",4,"Median","27",2044,4,1,5
705,"Slovenia",4,"Median","28",2044,4,1,5
705,"Slovenia",4,"Median","29",2044,5,1,6
705,"Slovenia",4,"Median","30",2044,5,1,6
705,"Slovenia",4,"Median","31",2044,5,2,7
705,"Slovenia",4,"Median","32",2044,5,2,7
705,"Slovenia",4,"Median","33",2044,5,2,7
705,"Slovenia",4,"Median","34",2044,6,2,8
705,"Slovenia",4,"Median","35",2044,5,3,8
705,"Slovenia",4,"Median","36",2044,5,3,8
705,"Slovenia",4,"Median","37",2044,6,3,9
705,"Slovenia",4,"Median","38",2044,8,3,11
705,"Slovenia",4,"Median","39",2044,7,3,10
705,"Slovenia",4,"Median","40",2044,6,2,9
705,"Slovenia",4,"Median","41",2044,6,3,9
705,"Slovenia",4,"Median","42",2044,7,3,11
705,"Slovenia",4,"Median","43",2044,9,4,12
705,"Slovenia",4,"Median","44",2044,10,5,14
705,"Slovenia",4,"Median","45",2044,11,6,17
705,"Slovenia",4,"Median","46",2044,12,6,19
705,"Slovenia",4,"Median","47",2044,14,7,21
705,"Slovenia",4,"Median","48",2044,17,7,24
705,"Slovenia",4,"Median","49",2044,20,9,29
705,"Slovenia",4,"Median","50",2044,26,11,37
705,"Slovenia",4,"Median","51",2044,31,14,45
705,"Slovenia",4,"Median","52",2044,34,15,50
705,"Slovenia",4,"Median","53",2044,37,17,54
705,"Slovenia",4,"Median","54",2044,43,18,61
705,"Slovenia",4,"Median","55",2044,52,21,73
705,"Slovenia",4,"Median","56",2044,61,26,87
705,"Slovenia",4,"Median","57",2044,68,30,98
705,"Slovenia",4,"Median","58",2044,76,34,110
705,"Slovenia",4,"Median","59",2044,85,38,124
705,"Slovenia",4,"Median","60",2044,96,43,139
705,"Slovenia",4,"Median","61",2044,110,51,161
705,"Slovenia",4,"Median","62",2044,125,58,184
705,"Slovenia",4,"Median","63",2044,136,62,199
705,"Slovenia",4,"Median","64",2044,144,65,209
705,"Slovenia",4,"Median","65",2044,151,70,221
705,"Slovenia",4,"Median","66",2044,160,75,235
705,"Slovenia",4,"Median","67",2044,171,80,252
705,"Slovenia",4,"Median","68",2044,177,84,261
705,"Slovenia",4,"Median","69",2044,180,86,266
705,"Slovenia",4,"Median","70",2044,188,93,281
705,"Slovenia",4,"Median","71",2044,197,102,299
705,"Slovenia",4,"Median","72",2044,207,106,313
705,"Slovenia",4,"Median","73",2044,218,115,332
705,"Slovenia",4,"Median","74",2044,246,141,386
705,"Slovenia",4,"Median","75",2044,296,183,479
705,"Slovenia",4,"Median","76",2044,350,232,582
705,"Slovenia",4,"Median","77",2044,394,273,666
705,"Slovenia",4,"Median","78",2044,424,303,727
705,"Slovenia",4,"Median","79",2044,443,333,776
705,"Slovenia",4,"Median","80",2044,467,363,830
705,"Slovenia",4,"Median","81",2044,495,397,892
705,"Slovenia",4,"Median","82",2044,515,435,950
705,"Slovenia",4,"Median","83",2044,526,472,998
705,"Slovenia",4,"Median","84",2044,536,498,1034
705,"Slovenia",4,"Median","85",2044,544,523,1067
705,"Slovenia",4,"Median","86",2044,546,564,1110
705,"Slovenia",4,"Median","87",2044,560,610,1169
705,"Slovenia",4,"Median","88",2044,562,639,1202
705,"Slovenia",4,"Median","89",2044,535,650,1185
705,"Slovenia",4,"Median","90",2044,509,648,1157
705,"Slovenia",4,"Median","91",2044,476,633,1110
705,"Slovenia",4,"Median","92",2044,418,600,1018
705,"Slovenia",4,"Median","93",2044,368,565,933
705,"Slovenia",4,"Median","94",2044,315,508,822
705,"Slovenia",4,"Median","95",2044,250,435,685
705,"Slovenia",4,"Median","96",2044,199,372,572
705,"Slovenia",4,"Median","97",2044,151,304,456
705,"Slovenia",4,"Median","98",2044,98,212,311
705,"Slovenia",4,"Median","99",2044,71,160,232
705,"Slovenia",4,"Median","100",2044,41,86,127
705,"Slovenia",4,"Median","101",2044,33,74,107
705,"Slovenia",4,"Median","102",2044,26,64,90
705,"Slovenia",4,"Median","103",2044,21,55,76
705,"Slovenia",4,"Median","104",2044,17,47,64
705,"Slovenia",4,"Median","105",2044,14,40,54
705,"Slovenia",4,"Median","106",2044,11,35,46
705,"Slovenia",4,"Median","107",2044,9,30,39
705,"Slovenia",4,"Median","108",2044,7,26,33
705,"Slovenia",4,"Median","109",2044,6,22,28
705,"Slovenia",4,"Median","110",2044,5,19,24
705,"Slovenia",4,"Median","0",2045,7,6,13
705,"Slovenia",4,"Median","1",2045,1,1,2
705,"Slovenia",4,"Median","2",2045,0,0,1
705,"Slovenia",4,"Median","3",2045,0,0,1
705,"Slovenia",4,"Median","4",2045,0,0,0
705,"Slovenia",4,"Median","5",2045,0,0,0
705,"Slovenia",4,"Median","6",2045,0,0,0
705,"Slovenia",4,"Median","7",2045,0,0,1
705,"Slovenia",4,"Median","8",2045,0,0,1
705,"Slovenia",4,"Median","9",2045,0,0,0
705,"Slovenia",4,"Median","10",2045,0,0,0
705,"Slovenia",4,"Median","11",2045,0,0,0
705,"Slovenia",4,"Median","12",2045,0,0,1
705,"Slovenia",4,"Median","13",2045,0,0,1
705,"Slovenia",4,"Median","14",2045,1,0,1
705,"Slovenia",4,"Median","15",2045,1,0,1
705,"Slovenia",4,"Median","16",2045,1,1,1
705,"Slovenia",4,"Median","17",2045,2,1,2
705,"Slovenia",4,"Median","18",2045,3,1,4
705,"Slovenia",4,"Median","19",2045,3,1,4
705,"Slovenia",4,"Median","20",2045,3,1,4
705,"Slovenia",4,"Median","21",2045,3,1,3
705,"Slovenia",4,"Median","22",2045,3,1,4
705,"Slovenia",4,"Median","23",2045,3,1,5
705,"Slovenia",4,"Median","24",2045,4,1,5
705,"Slovenia",4,"Median","25",2045,3,1,4
705,"Slovenia",4,"Median","26",2045,4,1,5
705,"Slovenia",4,"Median","27",2045,4,1,5
705,"Slovenia",4,"Median","28",2045,4,1,5
705,"Slovenia",4,"Median","29",2045,4,1,5
705,"Slovenia",4,"Median","30",2045,5,1,6
705,"Slovenia",4,"Median","31",2045,5,2,7
705,"Slovenia",4,"Median","32",2045,5,2,6
705,"Slovenia",4,"Median","33",2045,5,2,7
705,"Slovenia",4,"Median","34",2045,6,2,8
705,"Slovenia",4,"Median","35",2045,5,3,8
705,"Slovenia",4,"Median","36",2045,5,3,8
705,"Slovenia",4,"Median","37",2045,7,3,10
705,"Slovenia",4,"Median","38",2045,8,3,11
705,"Slovenia",4,"Median","39",2045,7,3,10
705,"Slovenia",4,"Median","40",2045,6,3,9
705,"Slovenia",4,"Median","41",2045,6,3,9
705,"Slovenia",4,"Median","42",2045,7,3,10
705,"Slovenia",4,"Median","43",2045,8,4,12
705,"Slovenia",4,"Median","44",2045,9,5,14
705,"Slovenia",4,"Median","45",2045,11,6,16
705,"Slovenia",4,"Median","46",2045,12,6,18
705,"Slovenia",4,"Median","47",2045,13,6,20
705,"Slovenia",4,"Median","48",2045,16,7,23
705,"Slovenia",4,"Median","49",2045,20,8,28
705,"Slovenia",4,"Median","50",2045,25,11,36
705,"Slovenia",4,"Median","51",2045,30,13,44
705,"Slovenia",4,"Median","52",2045,33,15,47
705,"Slovenia",4,"Median","53",2045,35,16,51
705,"Slovenia",4,"Median","54",2045,41,17,58
705,"Slovenia",4,"Median","55",2045,48,20,68
705,"Slovenia",4,"Median","56",2045,58,24,82
705,"Slovenia",4,"Median","57",2045,67,29,97
705,"Slovenia",4,"Median","58",2045,74,33,107
705,"Slovenia",4,"Median","59",2045,82,37,119
705,"Slovenia",4,"Median","60",2045,93,42,135
705,"Slovenia",4,"Median","61",2045,105,49,154
705,"Slovenia",4,"Median","62",2045,119,56,175
705,"Slovenia",4,"Median","63",2045,132,59,191
705,"Slovenia",4,"Median","64",2045,139,63,202
705,"Slovenia",4,"Median","65",2045,147,69,217
705,"Slovenia",4,"Median","66",2045,160,74,235
705,"Slovenia",4,"Median","67",2045,170,78,248
705,"Slovenia",4,"Median","68",2045,177,82,259
705,"Slovenia",4,"Median","69",2045,182,88,269
705,"Slovenia",4,"Median","70",2045,187,93,280
705,"Slovenia",4,"Median","71",2045,196,100,295
705,"Slovenia",4,"Median","72",2045,207,106,313
705,"Slovenia",4,"Median","73",2045,222,115,338
705,"Slovenia",4,"Median","74",2045,245,139,384
705,"Slovenia",4,"Median","75",2045,284,177,461
705,"Slovenia",4,"Median","76",2045,342,220,561
705,"Slovenia",4,"Median","77",2045,378,259,637
705,"Slovenia",4,"Median","78",2045,412,295,707
705,"Slovenia",4,"Median","79",2045,449,332,781
705,"Slovenia",4,"Median","80",2045,471,367,838
705,"Slovenia",4,"Median","81",2045,491,396,886
705,"Slovenia",4,"Median","82",2045,514,429,944
705,"Slovenia",4,"Median","83",2045,534,469,1003
705,"Slovenia",4,"Median","84",2045,542,506,1048
705,"Slovenia",4,"Median","85",2045,546,530,1076
705,"Slovenia",4,"Median","86",2045,549,552,1101
705,"Slovenia",4,"Median","87",2045,546,590,1136
705,"Slovenia",4,"Median","88",2045,553,631,1184
705,"Slovenia",4,"Median","89",2045,549,653,1202
705,"Slovenia",4,"Median","90",2045,515,656,1170
705,"Slovenia",4,"Median","91",2045,483,644,1126
705,"Slovenia",4,"Median","92",2045,444,619,1063
705,"Slovenia",4,"Median","93",2045,383,576,958
705,"Slovenia",4,"Median","94",2045,331,531,861
705,"Slovenia",4,"Median","95",2045,276,467,743
705,"Slovenia",4,"Median","96",2045,214,390,604
705,"Slovenia",4,"Median","97",2045,167,325,492
705,"Slovenia",4,"Median","98",2045,123,258,382
705,"Slovenia",4,"Median","99",2045,78,175,253
705,"Slovenia",4,"Median","100",2045,39,80,119
705,"Slovenia",4,"Median","101",2045,32,70,102
705,"Slovenia",4,"Median","102",2045,26,61,87
705,"Slovenia",4,"Median","103",2045,21,53,74
705,"Slovenia",4,"Median","104",2045,17,46,63
705,"Slovenia",4,"Median","105",2045,14,40,54
705,"Slovenia",4,"Median","106",2045,12,35,47
705,"Slovenia",4,"Median","107",2045,9,30,39
705,"Slovenia",4,"Median","108",2045,8,27,35
705,"Slovenia",4,"Median","109",2045,6,23,29
705,"Slovenia",4,"Median","110",2045,5,20,25
705,"Slovenia",4,"Median","0",2046,6,6,12
705,"Slovenia",4,"Median","1",2046,1,1,2
705,"Slovenia",4,"Median","2",2046,0,0,1
705,"Slovenia",4,"Median","3",2046,0,0,1
705,"Slovenia",4,"Median","4",2046,0,0,0
705,"Slovenia",4,"Median","5",2046,0,0,0
705,"Slovenia",4,"Median","6",2046,0,0,0
705,"Slovenia",4,"Median","7",2046,0,0,1
705,"Slovenia",4,"Median","8",2046,0,0,1
705,"Slovenia",4,"Median","9",2046,0,0,0
705,"Slovenia",4,"Median","10",2046,0,0,0
705,"Slovenia",4,"Median","11",2046,0,0,0
705,"Slovenia",4,"Median","12",2046,0,0,1
705,"Slovenia",4,"Median","13",2046,0,0,1
705,"Slovenia",4,"Median","14",2046,1,0,1
705,"Slovenia",4,"Median","15",2046,1,0,1
705,"Slovenia",4,"Median","16",2046,1,1,1
705,"Slovenia",4,"Median","17",2046,1,1,2
705,"Slovenia",4,"Median","18",2046,3,1,4
705,"Slovenia",4,"Median","19",2046,3,1,4
705,"Slovenia",4,"Median","20",2046,3,1,4
705,"Slovenia",4,"Median","21",2046,3,1,3
705,"Slovenia",4,"Median","22",2046,3,1,4
705,"Slovenia",4,"Median","23",2046,3,1,4
705,"Slovenia",4,"Median","24",2046,3,1,5
705,"Slovenia",4,"Median","25",2046,3,1,4
705,"Slovenia",4,"Median","26",2046,3,1,4
705,"Slovenia",4,"Median","27",2046,4,1,5
705,"Slovenia",4,"Median","28",2046,4,1,5
705,"Slovenia",4,"Median","29",2046,4,1,5
705,"Slovenia",4,"Median","30",2046,5,1,6
705,"Slovenia",4,"Median","31",2046,5,2,6
705,"Slovenia",4,"Median","32",2046,4,2,6
705,"Slovenia",4,"Median","33",2046,5,2,7
705,"Slovenia",4,"Median","34",2046,5,2,8
705,"Slovenia",4,"Median","35",2046,5,2,8
705,"Slovenia",4,"Median","36",2046,5,3,8
705,"Slovenia",4,"Median","37",2046,7,3,10
705,"Slovenia",4,"Median","38",2046,8,3,12
705,"Slovenia",4,"Median","39",2046,8,3,11
705,"Slovenia",4,"Median","40",2046,7,3,9
705,"Slovenia",4,"Median","41",2046,7,3,9
705,"Slovenia",4,"Median","42",2046,7,3,11
705,"Slovenia",4,"Median","43",2046,8,4,12
705,"Slovenia",4,"Median","44",2046,9,4,13
705,"Slovenia",4,"Median","45",2046,10,5,16
705,"Slovenia",4,"Median","46",2046,11,6,17
705,"Slovenia",4,"Median","47",2046,13,6,19
705,"Slovenia",4,"Median","48",2046,15,7,22
705,"Slovenia",4,"Median","49",2046,19,8,27
705,"Slovenia",4,"Median","50",2046,25,10,35
705,"Slovenia",4,"Median","51",2046,29,13,42
705,"Slovenia",4,"Median","52",2046,32,14,46
705,"Slovenia",4,"Median","53",2046,33,15,48
705,"Slovenia",4,"Median","54",2046,39,16,55
705,"Slovenia",4,"Median","55",2046,46,19,65
705,"Slovenia",4,"Median","56",2046,53,22,76
705,"Slovenia",4,"Median","57",2046,63,27,91
705,"Slovenia",4,"Median","58",2046,73,33,106
705,"Slovenia",4,"Median","59",2046,81,36,117
705,"Slovenia",4,"Median","60",2046,90,40,130
705,"Slovenia",4,"Median","61",2046,102,47,149
705,"Slovenia",4,"Median","62",2046,114,54,167
705,"Slovenia",4,"Median","63",2046,125,57,182
705,"Slovenia",4,"Median","64",2046,135,59,194
705,"Slovenia",4,"Median","65",2046,143,67,210
705,"Slovenia",4,"Median","66",2046,157,74,230
705,"Slovenia",4,"Median","67",2046,170,77,247
705,"Slovenia",4,"Median","68",2046,175,79,255
705,"Slovenia",4,"Median","69",2046,181,86,267
705,"Slovenia",4,"Median","70",2046,189,94,283
705,"Slovenia",4,"Median","71",2046,195,99,294
705,"Slovenia",4,"Median","72",2046,206,104,310
705,"Slovenia",4,"Median","73",2046,222,115,337
705,"Slovenia",4,"Median","74",2046,251,139,390
705,"Slovenia",4,"Median","75",2046,284,174,458
705,"Slovenia",4,"Median","76",2046,329,212,541
705,"Slovenia",4,"Median","77",2046,370,244,614
705,"Slovenia",4,"Median","78",2046,396,279,676
705,"Slovenia",4,"Median","79",2046,437,323,759
705,"Slovenia",4,"Median","80",2046,478,365,843
705,"Slovenia",4,"Median","81",2046,495,399,894
705,"Slovenia",4,"Median","82",2046,511,427,938
705,"Slovenia",4,"Median","83",2046,534,462,996
705,"Slovenia",4,"Median","84",2046,551,503,1053
705,"Slovenia",4,"Median","85",2046,553,538,1091
705,"Slovenia",4,"Median","86",2046,552,558,1110
705,"Slovenia",4,"Median","87",2046,550,577,1127
705,"Slovenia",4,"Median","88",2046,541,610,1151
705,"Slovenia",4,"Median","89",2046,541,644,1185
705,"Slovenia",4,"Median","90",2046,529,659,1188
705,"Slovenia",4,"Median","91",2046,489,652,1140
705,"Slovenia",4,"Median","92",2046,451,629,1080
705,"Slovenia",4,"Median","93",2046,407,594,1001
705,"Slovenia",4,"Median","94",2046,344,542,885
705,"Slovenia",4,"Median","95",2046,291,488,779
705,"Slovenia",4,"Median","96",2046,238,419,656
705,"Slovenia",4,"Median","97",2046,180,341,521
705,"Slovenia",4,"Median","98",2046,137,276,413
705,"Slovenia",4,"Median","99",2046,98,213,311
705,"Slovenia",4,"Median","100",2046,38,76,114
705,"Slovenia",4,"Median","101",2046,31,67,98
705,"Slovenia",4,"Median","102",2046,26,59,85
705,"Slovenia",4,"Median","103",2046,22,53,75
705,"Slovenia",4,"Median","104",2046,18,46,64
705,"Slovenia",4,"Median","105",2046,15,41,56
705,"Slovenia",4,"Median","106",2046,12,36,48
705,"Slovenia",4,"Median","107",2046,10,32,42
705,"Slovenia",4,"Median","108",2046,9,28,37
705,"Slovenia",4,"Median","109",2046,7,25,32
705,"Slovenia",4,"Median","110",2046,6,22,28
705,"Slovenia",4,"Median","0",2047,6,6,12
705,"Slovenia",4,"Median","1",2047,1,1,2
705,"Slovenia",4,"Median","2",2047,0,0,1
705,"Slovenia",4,"Median","3",2047,0,0,1
705,"Slovenia",4,"Median","4",2047,0,0,0
705,"Slovenia",4,"Median","5",2047,0,0,0
705,"Slovenia",4,"Median","6",2047,0,0,0
705,"Slovenia",4,"Median","7",2047,0,0,1
705,"Slovenia",4,"Median","8",2047,0,0,1
705,"Slovenia",4,"Median","9",2047,0,0,0
705,"Slovenia",4,"Median","10",2047,0,0,0
705,"Slovenia",4,"Median","11",2047,0,0,0
705,"Slovenia",4,"Median","12",2047,0,0,1
705,"Slovenia",4,"Median","13",2047,0,0,1
705,"Slovenia",4,"Median","14",2047,1,0,1
705,"Slovenia",4,"Median","15",2047,1,0,1
705,"Slovenia",4,"Median","16",2047,1,1,1
705,"Slovenia",4,"Median","17",2047,1,1,2
705,"Slovenia",4,"Median","18",2047,3,1,3
705,"Slovenia",4,"Median","19",2047,3,1,4
705,"Slovenia",4,"Median","20",2047,3,1,3
705,"Slovenia",4,"Median","21",2047,3,1,3
705,"Slovenia",4,"Median","22",2047,3,1,4
705,"Slovenia",4,"Median","23",2047,3,1,4
705,"Slovenia",4,"Median","24",2047,3,1,4
705,"Slovenia",4,"Median","25",2047,3,1,4
705,"Slovenia",4,"Median","26",2047,3,1,4
705,"Slovenia",4,"Median","27",2047,3,1,4
705,"Slovenia",4,"Median","28",2047,4,1,5
705,"Slovenia",4,"Median","29",2047,4,1,5
705,"Slovenia",4,"Median","30",2047,5,1,6
705,"Slovenia",4,"Median","31",2047,5,2,6
705,"Slovenia",4,"Median","32",2047,4,2,6
705,"Slovenia",4,"Median","33",2047,5,2,7
705,"Slovenia",4,"Median","34",2047,5,2,7
705,"Slovenia",4,"Median","35",2047,5,2,7
705,"Slovenia",4,"Median","36",2047,5,3,8
705,"Slovenia",4,"Median","37",2047,7,3,10
705,"Slovenia",4,"Median","38",2047,9,3,12
705,"Slovenia",4,"Median","39",2047,8,3,11
705,"Slovenia",4,"Median","40",2047,7,3,9
705,"Slovenia",4,"Median","41",2047,7,3,10
705,"Slovenia",4,"Median","42",2047,8,3,11
705,"Slovenia",4,"Median","43",2047,8,4,12
705,"Slovenia",4,"Median","44",2047,9,4,13
705,"Slovenia",4,"Median","45",2047,10,5,15
705,"Slovenia",4,"Median","46",2047,11,6,17
705,"Slovenia",4,"Median","47",2047,12,6,18
705,"Slovenia",4,"Median","48",2047,14,6,21
705,"Slovenia",4,"Median","49",2047,18,8,26
705,"Slovenia",4,"Median","50",2047,24,10,34
705,"Slovenia",4,"Median","51",2047,29,12,41
705,"Slovenia",4,"Median","52",2047,31,14,44
705,"Slovenia",4,"Median","53",2047,32,14,47
705,"Slovenia",4,"Median","54",2047,37,15,52
705,"Slovenia",4,"Median","55",2047,44,17,61
705,"Slovenia",4,"Median","56",2047,51,21,72
705,"Slovenia",4,"Median","57",2047,59,25,84
705,"Slovenia",4,"Median","58",2047,69,30,100
705,"Slovenia",4,"Median","59",2047,80,35,115
705,"Slovenia",4,"Median","60",2047,88,39,127
705,"Slovenia",4,"Median","61",2047,98,45,143
705,"Slovenia",4,"Median","62",2047,110,52,162
705,"Slovenia",4,"Median","63",2047,119,54,174
705,"Slovenia",4,"Median","64",2047,128,57,185
705,"Slovenia",4,"Median","65",2047,138,64,202
705,"Slovenia",4,"Median","66",2047,152,72,223
705,"Slovenia",4,"Median","67",2047,166,76,243
705,"Slovenia",4,"Median","68",2047,176,78,254
705,"Slovenia",4,"Median","69",2047,180,83,263
705,"Slovenia",4,"Median","70",2047,189,92,281
705,"Slovenia",4,"Median","71",2047,197,101,297
705,"Slovenia",4,"Median","72",2047,205,103,308
705,"Slovenia",4,"Median","73",2047,222,113,334
705,"Slovenia",4,"Median","74",2047,252,140,391
705,"Slovenia",4,"Median","75",2047,292,175,467
705,"Slovenia",4,"Median","76",2047,330,209,539
705,"Slovenia",4,"Median","77",2047,357,237,593
705,"Slovenia",4,"Median","78",2047,388,264,652
705,"Slovenia",4,"Median","79",2047,421,307,727
705,"Slovenia",4,"Median","80",2047,466,356,822
705,"Slovenia",4,"Median","81",2047,503,399,902
705,"Slovenia",4,"Median","82",2047,517,432,949
705,"Slovenia",4,"Median","83",2047,531,462,993
705,"Slovenia",4,"Median","84",2047,552,497,1049
705,"Slovenia",4,"Median","85",2047,564,536,1100
705,"Slovenia",4,"Median","86",2047,561,568,1129
705,"Slovenia",4,"Median","87",2047,555,585,1140
705,"Slovenia",4,"Median","88",2047,546,598,1144
705,"Slovenia",4,"Median","89",2047,530,625,1155
705,"Slovenia",4,"Median","90",2047,523,652,1175
705,"Slovenia",4,"Median","91",2047,504,657,1161
705,"Slovenia",4,"Median","92",2047,458,639,1097
705,"Slovenia",4,"Median","93",2047,415,606,1020
705,"Slovenia",4,"Median","94",2047,367,561,928
705,"Slovenia",4,"Median","95",2047,304,500,803
705,"Slovenia",4,"Median","96",2047,251,440,691
705,"Slovenia",4,"Median","97",2047,200,367,568
705,"Slovenia",4,"Median","98",2047,148,291,438
705,"Slovenia",4,"Median","99",2047,109,228,337
705,"Slovenia",4,"Median","100",2047,40,79,119
705,"Slovenia",4,"Median","101",2047,34,70,104
705,"Slovenia",4,"Median","102",2047,28,63,91
705,"Slovenia",4,"Median","103",2047,24,56,80
705,"Slovenia",4,"Median","104",2047,20,50,70
705,"Slovenia",4,"Median","105",2047,17,44,61
705,"Slovenia",4,"Median","106",2047,14,40,54
705,"Slovenia",4,"Median","107",2047,12,35,47
705,"Slovenia",4,"Median","108",2047,10,31,41
705,"Slovenia",4,"Median","109",2047,8,28,36
705,"Slovenia",4,"Median","110",2047,7,25,32
705,"Slovenia",4,"Median","0",2048,6,5,12
705,"Slovenia",4,"Median","1",2048,1,1,2
705,"Slovenia",4,"Median","2",2048,0,0,1
705,"Slovenia",4,"Median","3",2048,0,0,1
705,"Slovenia",4,"Median","4",2048,0,0,0
705,"Slovenia",4,"Median","5",2048,0,0,0
705,"Slovenia",4,"Median","6",2048,0,0,0
705,"Slovenia",4,"Median","7",2048,0,0,1
705,"Slovenia",4,"Median","8",2048,0,0,1
705,"Slovenia",4,"Median","9",2048,0,0,0
705,"Slovenia",4,"Median","10",2048,0,0,0
705,"Slovenia",4,"Median","11",2048,0,0,0
705,"Slovenia",4,"Median","12",2048,0,0,1
705,"Slovenia",4,"Median","13",2048,0,0,1
705,"Slovenia",4,"Median","14",2048,1,0,1
705,"Slovenia",4,"Median","15",2048,1,0,1
705,"Slovenia",4,"Median","16",2048,1,0,1
705,"Slovenia",4,"Median","17",2048,1,1,2
705,"Slovenia",4,"Median","18",2048,3,1,3
705,"Slovenia",4,"Median","19",2048,3,1,4
705,"Slovenia",4,"Median","20",2048,3,1,3
705,"Slovenia",4,"Median","21",2048,2,1,3
705,"Slovenia",4,"Median","22",2048,3,1,3
705,"Slovenia",4,"Median","23",2048,3,1,4
705,"Slovenia",4,"Median","24",2048,3,1,4
705,"Slovenia",4,"Median","25",2048,3,1,4
705,"Slovenia",4,"Median","26",2048,3,1,4
705,"Slovenia",4,"Median","27",2048,3,1,4
705,"Slovenia",4,"Median","28",2048,4,1,5
705,"Slovenia",4,"Median","29",2048,4,1,5
705,"Slovenia",4,"Median","30",2048,4,1,6
705,"Slovenia",4,"Median","31",2048,5,2,6
705,"Slovenia",4,"Median","32",2048,4,2,6
705,"Slovenia",4,"Median","33",2048,5,2,6
705,"Slovenia",4,"Median","34",2048,5,2,7
705,"Slovenia",4,"Median","35",2048,5,2,7
705,"Slovenia",4,"Median","36",2048,5,3,7
705,"Slovenia",4,"Median","37",2048,7,3,10
705,"Slovenia",4,"Median","38",2048,9,3,12
705,"Slovenia",4,"Median","39",2048,8,3,11
705,"Slovenia",4,"Median","40",2048,7,3,10
705,"Slovenia",4,"Median","41",2048,7,3,10
705,"Slovenia",4,"Median","42",2048,8,3,11
705,"Slovenia",4,"Median","43",2048,8,4,12
705,"Slovenia",4,"Median","44",2048,9,4,13
705,"Slovenia",4,"Median","45",2048,10,5,15
705,"Slovenia",4,"Median","46",2048,10,5,16
705,"Slovenia",4,"Median","47",2048,12,6,18
705,"Slovenia",4,"Median","48",2048,14,6,20
705,"Slovenia",4,"Median","49",2048,17,7,24
705,"Slovenia",4,"Median","50",2048,22,10,32
705,"Slovenia",4,"Median","51",2048,28,12,40
705,"Slovenia",4,"Median","52",2048,30,13,43
705,"Slovenia",4,"Median","53",2048,31,14,45
705,"Slovenia",4,"Median","54",2048,36,15,50
705,"Slovenia",4,"Median","55",2048,41,16,58
705,"Slovenia",4,"Median","56",2048,49,20,68
705,"Slovenia",4,"Median","57",2048,56,24,80
705,"Slovenia",4,"Median","58",2048,64,28,92
705,"Slovenia",4,"Median","59",2048,76,33,108
705,"Slovenia",4,"Median","60",2048,87,38,126
705,"Slovenia",4,"Median","61",2048,97,44,140
705,"Slovenia",4,"Median","62",2048,106,50,156
705,"Slovenia",4,"Median","63",2048,116,53,168
705,"Slovenia",4,"Median","64",2048,122,55,177
705,"Slovenia",4,"Median","65",2048,131,61,192
705,"Slovenia",4,"Median","66",2048,146,68,214
705,"Slovenia",4,"Median","67",2048,161,74,235
705,"Slovenia",4,"Median","68",2048,172,78,249
705,"Slovenia",4,"Median","69",2048,180,82,262
705,"Slovenia",4,"Median","70",2048,187,89,276
705,"Slovenia",4,"Median","71",2048,196,99,295
705,"Slovenia",4,"Median","72",2048,207,105,312
705,"Slovenia",4,"Median","73",2048,220,112,333
705,"Slovenia",4,"Median","74",2048,250,137,387
705,"Slovenia",4,"Median","75",2048,293,176,469
705,"Slovenia",4,"Median","76",2048,339,212,550
705,"Slovenia",4,"Median","77",2048,358,234,591
705,"Slovenia",4,"Median","78",2048,374,256,630
705,"Slovenia",4,"Median","79",2048,412,290,702
705,"Slovenia",4,"Median","80",2048,449,339,787
705,"Slovenia",4,"Median","81",2048,490,389,879
705,"Slovenia",4,"Median","82",2048,525,432,957
705,"Slovenia",4,"Median","83",2048,537,467,1005
705,"Slovenia",4,"Median","84",2048,549,497,1046
705,"Slovenia",4,"Median","85",2048,565,531,1096
705,"Slovenia",4,"Median","86",2048,572,567,1139
705,"Slovenia",4,"Median","87",2048,564,597,1160
705,"Slovenia",4,"Median","88",2048,551,608,1159
705,"Slovenia",4,"Median","89",2048,536,614,1150
705,"Slovenia",4,"Median","90",2048,513,634,1146
705,"Slovenia",4,"Median","91",2048,498,651,1149
705,"Slovenia",4,"Median","92",2048,472,646,1118
705,"Slovenia",4,"Median","93",2048,421,617,1038
705,"Slovenia",4,"Median","94",2048,374,573,947
705,"Slovenia",4,"Median","95",2048,325,519,843
705,"Slovenia",4,"Median","96",2048,262,451,714
705,"Slovenia",4,"Median","97",2048,212,387,598
705,"Slovenia",4,"Median","98",2048,164,314,479
705,"Slovenia",4,"Median","99",2048,118,241,359
705,"Slovenia",4,"Median","100",2048,42,82,124
705,"Slovenia",4,"Median","101",2048,36,73,109
705,"Slovenia",4,"Median","102",2048,31,66,97
705,"Slovenia",4,"Median","103",2048,26,60,86
705,"Slovenia",4,"Median","104",2048,22,54,76
705,"Slovenia",4,"Median","105",2048,19,48,67
705,"Slovenia",4,"Median","106",2048,16,43,59
705,"Slovenia",4,"Median","107",2048,14,39,53
705,"Slovenia",4,"Median","108",2048,12,35,47
705,"Slovenia",4,"Median","109",2048,10,32,42
705,"Slovenia",4,"Median","110",2048,8,28,36
705,"Slovenia",4,"Median","0",2049,6,5,11
705,"Slovenia",4,"Median","1",2049,1,1,2
705,"Slovenia",4,"Median","2",2049,0,0,1
705,"Slovenia",4,"Median","3",2049,0,0,1
705,"Slovenia",4,"Median","4",2049,0,0,0
705,"Slovenia",4,"Median","5",2049,0,0,0
705,"Slovenia",4,"Median","6",2049,0,0,0
705,"Slovenia",4,"Median","7",2049,0,0,1
705,"Slovenia",4,"Median","8",2049,0,0,1
705,"Slovenia",4,"Median","9",2049,0,0,0
705,"Slovenia",4,"Median","10",2049,0,0,0
705,"Slovenia",4,"Median","11",2049,0,0,0
705,"Slovenia",4,"Median","12",2049,0,0,1
705,"Slovenia",4,"Median","13",2049,0,0,1
705,"Slovenia",4,"Median","14",2049,1,0,1
705,"Slovenia",4,"Median","15",2049,1,0,1
705,"Slovenia",4,"Median","16",2049,1,0,1
705,"Slovenia",4,"Median","17",2049,1,1,2
705,"Slovenia",4,"Median","18",2049,3,1,3
705,"Slovenia",4,"Median","19",2049,3,1,4
705,"Slovenia",4,"Median","20",2049,3,1,3
705,"Slovenia",4,"Median","21",2049,2,1,3
705,"Slovenia",4,"Median","22",2049,3,1,3
705,"Slovenia",4,"Median","23",2049,3,1,4
705,"Slovenia",4,"Median","24",2049,3,1,4
705,"Slovenia",4,"Median","25",2049,3,1,4
705,"Slovenia",4,"Median","26",2049,3,1,4
705,"Slovenia",4,"Median","27",2049,3,1,4
705,"Slovenia",4,"Median","28",2049,4,1,4
705,"Slovenia",4,"Median","29",2049,4,1,5
705,"Slovenia",4,"Median","30",2049,4,1,5
705,"Slovenia",4,"Median","31",2049,4,1,6
705,"Slovenia",4,"Median","32",2049,4,2,6
705,"Slovenia",4,"Median","33",2049,5,2,6
705,"Slovenia",4,"Median","34",2049,5,2,7
705,"Slovenia",4,"Median","35",2049,5,2,7
705,"Slovenia",4,"Median","36",2049,5,3,7
705,"Slovenia",4,"Median","37",2049,6,3,9
705,"Slovenia",4,"Median","38",2049,8,3,12
705,"Slovenia",4,"Median","39",2049,8,3,11
705,"Slovenia",4,"Median","40",2049,7,3,10
705,"Slovenia",4,"Median","41",2049,7,3,10
705,"Slovenia",4,"Median","42",2049,8,3,12
705,"Slovenia",4,"Median","43",2049,9,4,12
705,"Slovenia",4,"Median","44",2049,9,5,14
705,"Slovenia",4,"Median","45",2049,10,5,15
705,"Slovenia",4,"Median","46",2049,10,5,16
705,"Slovenia",4,"Median","47",2049,11,6,17
705,"Slovenia",4,"Median","48",2049,13,6,19
705,"Slovenia",4,"Median","49",2049,17,7,24
705,"Slovenia",4,"Median","50",2049,21,9,30
705,"Slovenia",4,"Median","51",2049,26,11,38
705,"Slovenia",4,"Median","52",2049,29,13,42
705,"Slovenia",4,"Median","53",2049,31,13,44
705,"Slovenia",4,"Median","54",2049,35,14,49
705,"Slovenia",4,"Median","55",2049,40,16,56
705,"Slovenia",4,"Median","56",2049,46,19,65
705,"Slovenia",4,"Median","57",2049,53,22,76
705,"Slovenia",4,"Median","58",2049,61,27,88
705,"Slovenia",4,"Median","59",2049,70,30,100
705,"Slovenia",4,"Median","60",2049,83,36,118
705,"Slovenia",4,"Median","61",2049,96,43,139
705,"Slovenia",4,"Median","62",2049,105,48,153
705,"Slovenia",4,"Median","63",2049,112,50,162
705,"Slovenia",4,"Median","64",2049,118,53,171
705,"Slovenia",4,"Median","65",2049,125,59,183
705,"Slovenia",4,"Median","66",2049,139,65,204
705,"Slovenia",4,"Median","67",2049,155,70,226
705,"Slovenia",4,"Median","68",2049,166,76,242
705,"Slovenia",4,"Median","69",2049,176,81,257
705,"Slovenia",4,"Median","70",2049,187,88,275
705,"Slovenia",4,"Median","71",2049,195,95,290
705,"Slovenia",4,"Median","72",2049,207,103,310
705,"Slovenia",4,"Median","73",2049,223,114,337
705,"Slovenia",4,"Median","74",2049,250,137,386
705,"Slovenia",4,"Median","75",2049,292,173,465
705,"Slovenia",4,"Median","76",2049,341,213,553
705,"Slovenia",4,"Median","77",2049,368,236,605
705,"Slovenia",4,"Median","78",2049,375,253,629
705,"Slovenia",4,"Median","79",2049,398,281,679
705,"Slovenia",4,"Median","80",2049,440,321,761
705,"Slovenia",4,"Median","81",2049,473,370,843
705,"Slovenia",4,"Median","82",2049,513,422,934
705,"Slovenia",4,"Median","83",2049,547,468,1015
705,"Slovenia",4,"Median","84",2049,557,503,1060
705,"Slovenia",4,"Median","85",2049,564,531,1094
705,"Slovenia",4,"Median","86",2049,574,562,1136
705,"Slovenia",4,"Median","87",2049,576,596,1171
705,"Slovenia",4,"Median","88",2049,561,621,1182
705,"Slovenia",4,"Median","89",2049,542,625,1166
705,"Slovenia",4,"Median","90",2049,519,623,1143
705,"Slovenia",4,"Median","91",2049,490,634,1124
705,"Slovenia",4,"Median","92",2049,468,641,1109
705,"Slovenia",4,"Median","93",2049,436,624,1060
705,"Slovenia",4,"Median","94",2049,382,584,966
705,"Slovenia",4,"Median","95",2049,332,531,863
705,"Slovenia",4,"Median","96",2049,281,469,750
705,"Slovenia",4,"Median","97",2049,222,398,620
705,"Slovenia",4,"Median","98",2049,174,331,506
705,"Slovenia",4,"Median","99",2049,132,261,393
705,"Slovenia",4,"Median","100",2049,45,84,129
705,"Slovenia",4,"Median","101",2049,39,76,115
705,"Slovenia",4,"Median","102",2049,33,70,103
705,"Slovenia",4,"Median","103",2049,29,63,92
705,"Slovenia",4,"Median","104",2049,25,57,82
705,"Slovenia",4,"Median","105",2049,21,52,73
705,"Slovenia",4,"Median","106",2049,18,47,65
705,"Slovenia",4,"Median","107",2049,16,43,59
705,"Slovenia",4,"Median","108",2049,14,39,53
705,"Slovenia",4,"Median","109",2049,12,36,48
705,"Slovenia",4,"Median","110",2049,10,32,42
705,"Slovenia",4,"Median","0",2050,6,5,11
705,"Slovenia",4,"Median","1",2050,1,1,2
705,"Slovenia",4,"Median","2",2050,0,0,1
705,"Slovenia",4,"Median","3",2050,0,0,1
705,"Slovenia",4,"Median","4",2050,0,0,0
705,"Slovenia",4,"Median","5",2050,0,0,0
705,"Slovenia",4,"Median","6",2050,0,0,0
705,"Slovenia",4,"Median","7",2050,0,0,1
705,"Slovenia",4,"Median","8",2050,0,0,1
705,"Slovenia",4,"Median","9",2050,0,0,0
705,"Slovenia",4,"Median","10",2050,0,0,0
705,"Slovenia",4,"Median","11",2050,0,0,0
705,"Slovenia",4,"Median","12",2050,0,0,1
705,"Slovenia",4,"Median","13",2050,0,0,1
705,"Slovenia",4,"Median","14",2050,1,0,1
705,"Slovenia",4,"Median","15",2050,1,0,1
705,"Slovenia",4,"Median","16",2050,1,0,1
705,"Slovenia",4,"Median","17",2050,1,1,2
705,"Slovenia",4,"Median","18",2050,3,1,3
705,"Slovenia",4,"Median","19",2050,3,1,4
705,"Slovenia",4,"Median","20",2050,2,1,3
705,"Slovenia",4,"Median","21",2050,2,1,3
705,"Slovenia",4,"Median","22",2050,3,1,3
705,"Slovenia",4,"Median","23",2050,3,1,4
705,"Slovenia",4,"Median","24",2050,3,1,4
705,"Slovenia",4,"Median","25",2050,3,1,4
705,"Slovenia",4,"Median","26",2050,3,1,4
705,"Slovenia",4,"Median","27",2050,3,1,4
705,"Slovenia",4,"Median","28",2050,3,1,4
705,"Slovenia",4,"Median","29",2050,4,1,5
705,"Slovenia",4,"Median","30",2050,4,1,5
705,"Slovenia",4,"Median","31",2050,4,1,6
705,"Slovenia",4,"Median","32",2050,4,1,6
705,"Slovenia",4,"Median","33",2050,4,2,6
705,"Slovenia",4,"Median","34",2050,5,2,7
705,"Slovenia",4,"Median","35",2050,5,2,7
705,"Slovenia",4,"Median","36",2050,4,2,7
705,"Slovenia",4,"Median","37",2050,6,3,9
705,"Slovenia",4,"Median","38",2050,8,3,11
705,"Slovenia",4,"Median","39",2050,8,3,11
705,"Slovenia",4,"Median","40",2050,7,3,10
705,"Slovenia",4,"Median","41",2050,8,3,11
705,"Slovenia",4,"Median","42",2050,8,4,12
705,"Slovenia",4,"Median","43",2050,9,4,13
705,"Slovenia",4,"Median","44",2050,9,5,14
705,"Slovenia",4,"Median","45",2050,10,5,15
705,"Slovenia",4,"Median","46",2050,10,6,16
705,"Slovenia",4,"Median","47",2050,11,5,17
705,"Slovenia",4,"Median","48",2050,13,6,19
705,"Slovenia",4,"Median","49",2050,16,7,23
705,"Slovenia",4,"Median","50",2050,21,9,30
705,"Slovenia",4,"Median","51",2050,25,11,36
705,"Slovenia",4,"Median","52",2050,28,12,40
705,"Slovenia",4,"Median","53",2050,30,13,43
705,"Slovenia",4,"Median","54",2050,34,14,48
705,"Slovenia",4,"Median","55",2050,39,15,54
705,"Slovenia",4,"Median","56",2050,45,18,63
705,"Slovenia",4,"Median","57",2050,51,21,72
705,"Slovenia",4,"Median","58",2050,58,25,83
705,"Slovenia",4,"Median","59",2050,67,29,96
705,"Slovenia",4,"Median","60",2050,77,33,109
705,"Slovenia",4,"Median","61",2050,90,40,131
705,"Slovenia",4,"Median","62",2050,104,48,151
705,"Slovenia",4,"Median","63",2050,110,49,159
705,"Slovenia",4,"Median","64",2050,114,50,164
705,"Slovenia",4,"Median","65",2050,121,57,177
705,"Slovenia",4,"Median","66",2050,133,63,195
705,"Slovenia",4,"Median","67",2050,148,67,215
705,"Slovenia",4,"Median","68",2050,160,72,232
705,"Slovenia",4,"Median","69",2050,170,79,249
705,"Slovenia",4,"Median","70",2050,183,88,270
705,"Slovenia",4,"Median","71",2050,195,94,289
705,"Slovenia",4,"Median","72",2050,205,100,305
705,"Slovenia",4,"Median","73",2050,222,112,334
705,"Slovenia",4,"Median","74",2050,253,139,392
705,"Slovenia",4,"Median","75",2050,292,173,465
705,"Slovenia",4,"Median","76",2050,341,209,550
705,"Slovenia",4,"Median","77",2050,371,238,608
705,"Slovenia",4,"Median","78",2050,387,256,643
705,"Slovenia",4,"Median","79",2050,400,278,678
705,"Slovenia",4,"Median","80",2050,425,311,736
705,"Slovenia",4,"Median","81",2050,465,351,816
705,"Slovenia",4,"Median","82",2050,495,402,897
705,"Slovenia",4,"Median","83",2050,535,457,992
705,"Slovenia",4,"Median","84",2050,568,504,1072
705,"Slovenia",4,"Median","85",2050,572,538,1110
705,"Slovenia",4,"Median","86",2050,574,563,1136
705,"Slovenia",4,"Median","87",2050,579,591,1170
705,"Slovenia",4,"Median","88",2050,574,621,1195
705,"Slovenia",4,"Median","89",2050,553,639,1192
705,"Slovenia",4,"Median","90",2050,526,635,1161
705,"Slovenia",4,"Median","91",2050,497,624,1122
705,"Slovenia",4,"Median","92",2050,462,625,1086
705,"Slovenia",4,"Median","93",2050,433,621,1054
705,"Slovenia",4,"Median","94",2050,396,592,988
705,"Slovenia",4,"Median","95",2050,339,542,881
705,"Slovenia",4,"Median","96",2050,288,481,769
705,"Slovenia",4,"Median","97",2050,238,414,653
705,"Slovenia",4,"Median","98",2050,183,342,525
705,"Slovenia",4,"Median","99",2050,140,276,416
705,"Slovenia",4,"Median","100",2050,49,88,137
705,"Slovenia",4,"Median","101",2050,42,81,123
705,"Slovenia",4,"Median","102",2050,37,74,111
705,"Slovenia",4,"Median","103",2050,32,68,100
705,"Slovenia",4,"Median","104",2050,28,62,90
705,"Slovenia",4,"Median","105",2050,24,57,81
705,"Slovenia",4,"Median","106",2050,21,52,73
705,"Slovenia",4,"Median","107",2050,18,48,66
705,"Slovenia",4,"Median","108",2050,16,43,59
705,"Slovenia",4,"Median","109",2050,14,40,54
705,"Slovenia",4,"Median","110",2050,12,36,48
705,"Slovenia",4,"Median","0",2051,5,5,10
705,"Slovenia",4,"Median","1",2051,1,1,2
705,"Slovenia",4,"Median","2",2051,0,0,1
705,"Slovenia",4,"Median","3",2051,0,0,1
705,"Slovenia",4,"Median","4",2051,0,0,0
705,"Slovenia",4,"Median","5",2051,0,0,0
705,"Slovenia",4,"Median","6",2051,0,0,0
705,"Slovenia",4,"Median","7",2051,0,0,1
705,"Slovenia",4,"Median","8",2051,0,0,1
705,"Slovenia",4,"Median","9",2051,0,0,0
705,"Slovenia",4,"Median","10",2051,0,0,0
705,"Slovenia",4,"Median","11",2051,0,0,0
705,"Slovenia",4,"Median","12",2051,0,0,1
705,"Slovenia",4,"Median","13",2051,0,0,1
705,"Slovenia",4,"Median","14",2051,1,0,1
705,"Slovenia",4,"Median","15",2051,1,0,1
705,"Slovenia",4,"Median","16",2051,1,0,1
705,"Slovenia",4,"Median","17",2051,1,1,2
705,"Slovenia",4,"Median","18",2051,3,1,3
705,"Slovenia",4,"Median","19",2051,3,1,4
705,"Slovenia",4,"Median","20",2051,2,1,3
705,"Slovenia",4,"Median","21",2051,2,1,3
705,"Slovenia",4,"Median","22",2051,2,1,3
705,"Slovenia",4,"Median","23",2051,3,1,4
705,"Slovenia",4,"Median","24",2051,3,1,4
705,"Slovenia",4,"Median","25",2051,3,1,4
705,"Slovenia",4,"Median","26",2051,3,1,4
705,"Slovenia",4,"Median","27",2051,3,1,4
705,"Slovenia",4,"Median","28",2051,3,1,4
705,"Slovenia",4,"Median","29",2051,4,1,4
705,"Slovenia",4,"Median","30",2051,4,1,5
705,"Slovenia",4,"Median","31",2051,4,1,5
705,"Slovenia",4,"Median","32",2051,4,1,5
705,"Slovenia",4,"Median","33",2051,4,2,6
705,"Slovenia",4,"Median","34",2051,5,2,7
705,"Slovenia",4,"Median","35",2051,4,2,6
705,"Slovenia",4,"Median","36",2051,4,2,7
705,"Slovenia",4,"Median","37",2051,6,3,9
705,"Slovenia",4,"Median","38",2051,8,3,11
705,"Slovenia",4,"Median","39",2051,8,3,11
705,"Slovenia",4,"Median","40",2051,7,3,10
705,"Slovenia",4,"Median","41",2051,8,3,11
705,"Slovenia",4,"Median","42",2051,9,4,12
705,"Slovenia",4,"Median","43",2051,9,4,14
705,"Slovenia",4,"Median","44",2051,10,5,15
705,"Slovenia",4,"Median","45",2051,10,5,16
705,"Slovenia",4,"Median","46",2051,11,6,16
705,"Slovenia",4,"Median","47",2051,11,6,17
705,"Slovenia",4,"Median","48",2051,13,6,18
705,"Slovenia",4,"Median","49",2051,15,7,22
705,"Slovenia",4,"Median","50",2051,20,9,29
705,"Slovenia",4,"Median","51",2051,24,11,35
705,"Slovenia",4,"Median","52",2051,26,12,38
705,"Slovenia",4,"Median","53",2051,28,12,40
705,"Slovenia",4,"Median","54",2051,33,13,46
705,"Slovenia",4,"Median","55",2051,38,15,53
705,"Slovenia",4,"Median","56",2051,44,17,61
705,"Slovenia",4,"Median","57",2051,49,20,70
705,"Slovenia",4,"Median","58",2051,55,23,79
705,"Slovenia",4,"Median","59",2051,64,27,91
705,"Slovenia",4,"Median","60",2051,73,31,105
705,"Slovenia",4,"Median","61",2051,84,37,121
705,"Slovenia",4,"Median","62",2051,98,44,142
705,"Slovenia",4,"Median","63",2051,109,48,157
705,"Slovenia",4,"Median","64",2051,112,49,161
705,"Slovenia",4,"Median","65",2051,117,54,171
705,"Slovenia",4,"Median","66",2051,129,60,189
705,"Slovenia",4,"Median","67",2051,141,64,205
705,"Slovenia",4,"Median","68",2051,152,68,221
705,"Slovenia",4,"Median","69",2051,164,75,239
705,"Slovenia",4,"Median","70",2051,177,85,262
705,"Slovenia",4,"Median","71",2051,191,93,284
705,"Slovenia",4,"Median","72",2051,205,98,303
705,"Slovenia",4,"Median","73",2051,221,108,329
705,"Slovenia",4,"Median","74",2051,253,136,389
705,"Slovenia",4,"Median","75",2051,296,176,472
705,"Slovenia",4,"Median","76",2051,341,209,551
705,"Slovenia",4,"Median","77",2051,371,234,605
705,"Slovenia",4,"Median","78",2051,389,258,647
705,"Slovenia",4,"Median","79",2051,412,282,694
705,"Slovenia",4,"Median","80",2051,428,308,736
705,"Slovenia",4,"Median","81",2051,449,341,790
705,"Slovenia",4,"Median","82",2051,487,381,868
705,"Slovenia",4,"Median","83",2051,517,435,953
705,"Slovenia",4,"Median","84",2051,555,493,1048
705,"Slovenia",4,"Median","85",2051,584,540,1123
705,"Slovenia",4,"Median","86",2051,583,571,1154
705,"Slovenia",4,"Median","87",2051,579,593,1172
705,"Slovenia",4,"Median","88",2051,578,617,1195
705,"Slovenia",4,"Median","89",2051,566,640,1206
705,"Slovenia",4,"Median","90",2051,538,650,1188
705,"Slovenia",4,"Median","91",2051,505,637,1142
705,"Slovenia",4,"Median","92",2051,469,617,1086
705,"Slovenia",4,"Median","93",2051,428,606,1034
705,"Slovenia",4,"Median","94",2051,394,590,984
705,"Slovenia",4,"Median","95",2051,352,551,903
705,"Slovenia",4,"Median","96",2051,295,493,788
705,"Slovenia",4,"Median","97",2051,245,426,671
705,"Slovenia",4,"Median","98",2051,197,357,554
705,"Slovenia",4,"Median","99",2051,148,285,433
705,"Slovenia",4,"Median","100",2051,53,94,147
705,"Slovenia",4,"Median","101",2051,46,86,132
705,"Slovenia",4,"Median","102",2051,40,79,119
705,"Slovenia",4,"Median","103",2051,35,73,108
705,"Slovenia",4,"Median","104",2051,30,67,97
705,"Slovenia",4,"Median","105",2051,26,61,87
705,"Slovenia",4,"Median","106",2051,23,56,79
705,"Slovenia",4,"Median","107",2051,20,52,72
705,"Slovenia",4,"Median","108",2051,17,48,65
705,"Slovenia",4,"Median","109",2051,15,44,59
705,"Slovenia",4,"Median","110",2051,13,40,53
705,"Slovenia",4,"Median","0",2052,5,5,10
705,"Slovenia",4,"Median","1",2052,1,1,2
705,"Slovenia",4,"Median","2",2052,0,0,1
705,"Slovenia",4,"Median","3",2052,0,0,1
705,"Slovenia",4,"Median","4",2052,0,0,0
705,"Slovenia",4,"Median","5",2052,0,0,0
705,"Slovenia",4,"Median","6",2052,0,0,0
705,"Slovenia",4,"Median","7",2052,0,0,1
705,"Slovenia",4,"Median","8",2052,0,0,1
705,"Slovenia",4,"Median","9",2052,0,0,0
705,"Slovenia",4,"Median","10",2052,0,0,0
705,"Slovenia",4,"Median","11",2052,0,0,0
705,"Slovenia",4,"Median","12",2052,0,0,1
705,"Slovenia",4,"Median","13",2052,0,0,1
705,"Slovenia",4,"Median","14",2052,1,0,1
705,"Slovenia",4,"Median","15",2052,1,0,1
705,"Slovenia",4,"Median","16",2052,1,0,1
705,"Slovenia",4,"Median","17",2052,1,1,2
705,"Slovenia",4,"Median","18",2052,2,1,3
705,"Slovenia",4,"Median","19",2052,3,1,4
705,"Slovenia",4,"Median","20",2052,2,1,3
705,"Slovenia",4,"Median","21",2052,2,0,3
705,"Slovenia",4,"Median","22",2052,2,1,3
705,"Slovenia",4,"Median","23",2052,3,1,4
705,"Slovenia",4,"Median","24",2052,3,1,4
705,"Slovenia",4,"Median","25",2052,3,1,4
705,"Slovenia",4,"Median","26",2052,3,1,4
705,"Slovenia",4,"Median","27",2052,3,1,4
705,"Slovenia",4,"Median","28",2052,3,1,4
705,"Slovenia",4,"Median","29",2052,3,1,4
705,"Slovenia",4,"Median","30",2052,4,1,5
705,"Slovenia",4,"Median","31",2052,4,1,5
705,"Slovenia",4,"Median","32",2052,4,1,5
705,"Slovenia",4,"Median","33",2052,4,2,6
705,"Slovenia",4,"Median","34",2052,5,2,6
705,"Slovenia",4,"Median","35",2052,4,2,6
705,"Slovenia",4,"Median","36",2052,4,2,7
705,"Slovenia",4,"Median","37",2052,6,3,8
705,"Slovenia",4,"Median","38",2052,8,3,11
705,"Slovenia",4,"Median","39",2052,8,3,10
705,"Slovenia",4,"Median","40",2052,7,3,9
705,"Slovenia",4,"Median","41",2052,7,3,10
705,"Slovenia",4,"Median","42",2052,9,4,12
705,"Slovenia",4,"Median","43",2052,9,4,14
705,"Slovenia",4,"Median","44",2052,10,5,15
705,"Slovenia",4,"Median","45",2052,11,6,16
705,"Slovenia",4,"Median","46",2052,11,6,17
705,"Slovenia",4,"Median","47",2052,12,6,17
705,"Slovenia",4,"Median","48",2052,13,6,19
705,"Slovenia",4,"Median","49",2052,15,7,22
705,"Slovenia",4,"Median","50",2052,19,8,27
705,"Slovenia",4,"Median","51",2052,23,11,34
705,"Slovenia",4,"Median","52",2052,25,11,37
705,"Slovenia",4,"Median","53",2052,27,12,38
705,"Slovenia",4,"Median","54",2052,31,13,44
705,"Slovenia",4,"Median","55",2052,37,14,51
705,"Slovenia",4,"Median","56",2052,43,17,60
705,"Slovenia",4,"Median","57",2052,48,20,68
705,"Slovenia",4,"Median","58",2052,54,23,77
705,"Slovenia",4,"Median","59",2052,60,25,86
705,"Slovenia",4,"Median","60",2052,70,29,99
705,"Slovenia",4,"Median","61",2052,80,35,116
705,"Slovenia",4,"Median","62",2052,91,41,132
705,"Slovenia",4,"Median","63",2052,103,45,148
705,"Slovenia",4,"Median","64",2052,111,48,159
705,"Slovenia",4,"Median","65",2052,114,53,167
705,"Slovenia",4,"Median","66",2052,124,57,181
705,"Slovenia",4,"Median","67",2052,136,62,198
705,"Slovenia",4,"Median","68",2052,145,66,211
705,"Slovenia",4,"Median","69",2052,156,71,227
705,"Slovenia",4,"Median","70",2052,170,80,251
705,"Slovenia",4,"Median","71",2052,184,90,274
705,"Slovenia",4,"Median","72",2052,200,97,298
705,"Slovenia",4,"Median","73",2052,221,107,327
705,"Slovenia",4,"Median","74",2052,251,132,383
705,"Slovenia",4,"Median","75",2052,296,173,469
705,"Slovenia",4,"Median","76",2052,346,214,560
705,"Slovenia",4,"Median","77",2052,371,235,606
705,"Slovenia",4,"Median","78",2052,390,254,643
705,"Slovenia",4,"Median","79",2052,415,284,698
705,"Slovenia",4,"Median","80",2052,441,312,753
705,"Slovenia",4,"Median","81",2052,452,337,789
705,"Slovenia",4,"Median","82",2052,471,370,841
705,"Slovenia",4,"Median","83",2052,508,414,922
705,"Slovenia",4,"Median","84",2052,537,470,1008
705,"Slovenia",4,"Median","85",2052,571,528,1099
705,"Slovenia",4,"Median","86",2052,595,574,1168
705,"Slovenia",4,"Median","87",2052,589,603,1191
705,"Slovenia",4,"Median","88",2052,579,619,1197
705,"Slovenia",4,"Median","89",2052,571,636,1207
705,"Slovenia",4,"Median","90",2052,551,652,1203
705,"Slovenia",4,"Median","91",2052,516,654,1170
705,"Slovenia",4,"Median","92",2052,477,630,1107
705,"Slovenia",4,"Median","93",2052,435,599,1035
705,"Slovenia",4,"Median","94",2052,389,577,967
705,"Slovenia",4,"Median","95",2052,351,550,901
705,"Slovenia",4,"Median","96",2052,307,501,808
705,"Slovenia",4,"Median","97",2052,251,437,688
705,"Slovenia",4,"Median","98",2052,203,367,570
705,"Slovenia",4,"Median","99",2052,159,298,458
705,"Slovenia",4,"Median","100",2052,56,99,155
705,"Slovenia",4,"Median","101",2052,49,91,140
705,"Slovenia",4,"Median","102",2052,43,84,127
705,"Slovenia",4,"Median","103",2052,38,77,115
705,"Slovenia",4,"Median","104",2052,33,71,104
705,"Slovenia",4,"Median","105",2052,29,65,94
705,"Slovenia",4,"Median","106",2052,25,60,85
705,"Slovenia",4,"Median","107",2052,22,56,78
705,"Slovenia",4,"Median","108",2052,19,51,70
705,"Slovenia",4,"Median","109",2052,17,47,64
705,"Slovenia",4,"Median","110",2052,15,43,58
705,"Slovenia",4,"Median","0",2053,5,4,10
705,"Slovenia",4,"Median","1",2053,1,1,1
705,"Slovenia",4,"Median","2",2053,0,0,1
705,"Slovenia",4,"Median","3",2053,0,0,0
705,"Slovenia",4,"Median","4",2053,0,0,0
705,"Slovenia",4,"Median","5",2053,0,0,0
705,"Slovenia",4,"Median","6",2053,0,0,0
705,"Slovenia",4,"Median","7",2053,0,0,1
705,"Slovenia",4,"Median","8",2053,0,0,1
705,"Slovenia",4,"Median","9",2053,0,0,0
705,"Slovenia",4,"Median","10",2053,0,0,0
705,"Slovenia",4,"Median","11",2053,0,0,0
705,"Slovenia",4,"Median","12",2053,0,0,1
705,"Slovenia",4,"Median","13",2053,0,0,1
705,"Slovenia",4,"Median","14",2053,1,0,1
705,"Slovenia",4,"Median","15",2053,1,0,1
705,"Slovenia",4,"Median","16",2053,1,0,1
705,"Slovenia",4,"Median","17",2053,1,1,2
705,"Slovenia",4,"Median","18",2053,2,1,3
705,"Slovenia",4,"Median","19",2053,3,1,4
705,"Slovenia",4,"Median","20",2053,2,1,3
705,"Slovenia",4,"Median","21",2053,2,0,3
705,"Slovenia",4,"Median","22",2053,2,1,3
705,"Slovenia",4,"Median","23",2053,3,1,4
705,"Slovenia",4,"Median","24",2053,3,1,4
705,"Slovenia",4,"Median","25",2053,3,1,3
705,"Slovenia",4,"Median","26",2053,3,1,3
705,"Slovenia",4,"Median","27",2053,3,1,4
705,"Slovenia",4,"Median","28",2053,3,1,4
705,"Slovenia",4,"Median","29",2053,3,1,4
705,"Slovenia",4,"Median","30",2053,4,1,5
705,"Slovenia",4,"Median","31",2053,4,1,5
705,"Slovenia",4,"Median","32",2053,4,1,5
705,"Slovenia",4,"Median","33",2053,4,1,5
705,"Slovenia",4,"Median","34",2053,4,2,6
705,"Slovenia",4,"Median","35",2053,4,2,6
705,"Slovenia",4,"Median","36",2053,4,2,6
705,"Slovenia",4,"Median","37",2053,6,3,8
705,"Slovenia",4,"Median","38",2053,8,3,10
705,"Slovenia",4,"Median","39",2053,7,3,10
705,"Slovenia",4,"Median","40",2053,7,3,9
705,"Slovenia",4,"Median","41",2053,7,3,10
705,"Slovenia",4,"Median","42",2053,8,3,12
705,"Slovenia",4,"Median","43",2053,9,4,14
705,"Slovenia",4,"Median","44",2053,10,5,16
705,"Slovenia",4,"Median","45",2053,11,6,17
705,"Slovenia",4,"Median","46",2053,11,6,17
705,"Slovenia",4,"Median","47",2053,12,6,18
705,"Slovenia",4,"Median","48",2053,13,6,19
705,"Slovenia",4,"Median","49",2053,15,7,22
705,"Slovenia",4,"Median","50",2053,19,8,27
705,"Slovenia",4,"Median","51",2053,22,10,32
705,"Slovenia",4,"Median","52",2053,24,11,36
705,"Slovenia",4,"Median","53",2053,26,11,37
705,"Slovenia",4,"Median","54",2053,29,12,41
705,"Slovenia",4,"Median","55",2053,35,14,49
705,"Slovenia",4,"Median","56",2053,42,16,58
705,"Slovenia",4,"Median","57",2053,47,19,66
705,"Slovenia",4,"Median","58",2053,52,22,74
705,"Slovenia",4,"Median","59",2053,59,25,83
705,"Slovenia",4,"Median","60",2053,66,27,93
705,"Slovenia",4,"Median","61",2053,76,33,109
705,"Slovenia",4,"Median","62",2053,87,39,126
705,"Slovenia",4,"Median","63",2053,95,42,137
705,"Slovenia",4,"Median","64",2053,105,45,149
705,"Slovenia",4,"Median","65",2053,113,52,165
705,"Slovenia",4,"Median","66",2053,122,56,178
705,"Slovenia",4,"Median","67",2053,131,59,190
705,"Slovenia",4,"Median","68",2053,140,63,203
705,"Slovenia",4,"Median","69",2053,148,68,216
705,"Slovenia",4,"Median","70",2053,162,76,238
705,"Slovenia",4,"Median","71",2053,177,85,263
705,"Slovenia",4,"Median","72",2053,194,94,288
705,"Slovenia",4,"Median","73",2053,216,105,321
705,"Slovenia",4,"Median","74",2053,251,130,381
705,"Slovenia",4,"Median","75",2053,295,167,462
705,"Slovenia",4,"Median","76",2053,347,210,557
705,"Slovenia",4,"Median","77",2053,377,239,616
705,"Slovenia",4,"Median","78",2053,390,254,644
705,"Slovenia",4,"Median","79",2053,415,279,694
705,"Slovenia",4,"Median","80",2053,444,314,758
705,"Slovenia",4,"Median","81",2053,467,341,808
705,"Slovenia",4,"Median","82",2053,474,366,840
705,"Slovenia",4,"Median","83",2053,493,401,894
705,"Slovenia",4,"Median","84",2053,529,446,975
705,"Slovenia",4,"Median","85",2053,554,503,1057
705,"Slovenia",4,"Median","86",2053,583,561,1144
705,"Slovenia",4,"Median","87",2053,602,604,1207
705,"Slovenia",4,"Median","88",2053,589,629,1218
705,"Slovenia",4,"Median","89",2053,572,638,1211
705,"Slovenia",4,"Median","90",2053,557,648,1206
705,"Slovenia",4,"Median","91",2053,531,655,1186
705,"Slovenia",4,"Median","92",2053,489,647,1135
705,"Slovenia",4,"Median","93",2053,444,613,1056
705,"Slovenia",4,"Median","94",2053,397,571,968
705,"Slovenia",4,"Median","95",2053,348,539,886
705,"Slovenia",4,"Median","96",2053,307,501,808
705,"Slovenia",4,"Median","97",2053,262,445,707
705,"Slovenia",4,"Median","98",2053,209,377,586
705,"Slovenia",4,"Median","99",2053,164,308,472
705,"Slovenia",4,"Median","100",2053,61,103,164
705,"Slovenia",4,"Median","101",2053,53,95,148
705,"Slovenia",4,"Median","102",2053,47,88,135
705,"Slovenia",4,"Median","103",2053,41,81,122
705,"Slovenia",4,"Median","104",2053,36,75,111
705,"Slovenia",4,"Median","105",2053,31,69,100
705,"Slovenia",4,"Median","106",2053,27,64,91
705,"Slovenia",4,"Median","107",2053,24,59,83
705,"Slovenia",4,"Median","108",2053,21,55,76
705,"Slovenia",4,"Median","109",2053,18,51,69
705,"Slovenia",4,"Median","110",2053,16,47,63
705,"Slovenia",4,"Median","0",2054,5,4,9
705,"Slovenia",4,"Median","1",2054,1,1,1
705,"Slovenia",4,"Median","2",2054,0,0,1
705,"Slovenia",4,"Median","3",2054,0,0,0
705,"Slovenia",4,"Median","4",2054,0,0,0
705,"Slovenia",4,"Median","5",2054,0,0,0
705,"Slovenia",4,"Median","6",2054,0,0,0
705,"Slovenia",4,"Median","7",2054,0,0,1
705,"Slovenia",4,"Median","8",2054,0,0,1
705,"Slovenia",4,"Median","9",2054,0,0,0
705,"Slovenia",4,"Median","10",2054,0,0,0
705,"Slovenia",4,"Median","11",2054,0,0,0
705,"Slovenia",4,"Median","12",2054,0,0,1
705,"Slovenia",4,"Median","13",2054,0,0,1
705,"Slovenia",4,"Median","14",2054,1,0,1
705,"Slovenia",4,"Median","15",2054,1,0,1
705,"Slovenia",4,"Median","16",2054,1,0,1
705,"Slovenia",4,"Median","17",2054,1,1,2
705,"Slovenia",4,"Median","18",2054,2,1,3
705,"Slovenia",4,"Median","19",2054,3,1,4
705,"Slovenia",4,"Median","20",2054,2,1,3
705,"Slovenia",4,"Median","21",2054,2,0,3
705,"Slovenia",4,"Median","22",2054,2,1,3
705,"Slovenia",4,"Median","23",2054,3,1,4
705,"Slovenia",4,"Median","24",2054,3,1,4
705,"Slovenia",4,"Median","25",2054,3,1,3
705,"Slovenia",4,"Median","26",2054,3,1,3
705,"Slovenia",4,"Median","27",2054,3,1,4
705,"Slovenia",4,"Median","28",2054,3,1,4
705,"Slovenia",4,"Median","29",2054,3,1,4
705,"Slovenia",4,"Median","30",2054,4,1,5
705,"Slovenia",4,"Median","31",2054,4,1,5
705,"Slovenia",4,"Median","32",2054,4,1,5
705,"Slovenia",4,"Median","33",2054,4,1,5
705,"Slovenia",4,"Median","34",2054,4,2,6
705,"Slovenia",4,"Median","35",2054,4,2,6
705,"Slovenia",4,"Median","36",2054,4,2,6
705,"Slovenia",4,"Median","37",2054,6,3,8
705,"Slovenia",4,"Median","38",2054,7,3,10
705,"Slovenia",4,"Median","39",2054,7,3,10
705,"Slovenia",4,"Median","40",2054,6,2,9
705,"Slovenia",4,"Median","41",2054,7,3,10
705,"Slovenia",4,"Median","42",2054,8,3,12
705,"Slovenia",4,"Median","43",2054,9,4,13
705,"Slovenia",4,"Median","44",2054,10,5,15
705,"Slovenia",4,"Median","45",2054,11,6,17
705,"Slovenia",4,"Median","46",2054,12,6,18
705,"Slovenia",4,"Median","47",2054,12,6,18
705,"Slovenia",4,"Median","48",2054,13,6,20
705,"Slovenia",4,"Median","49",2054,16,7,23
705,"Slovenia",4,"Median","50",2054,19,9,28
705,"Slovenia",4,"Median","51",2054,22,10,32
705,"Slovenia",4,"Median","52",2054,23,11,34
705,"Slovenia",4,"Median","53",2054,25,11,36
705,"Slovenia",4,"Median","54",2054,29,12,41
705,"Slovenia",4,"Median","55",2054,33,13,46
705,"Slovenia",4,"Median","56",2054,39,15,55
705,"Slovenia",4,"Median","57",2054,46,18,64
705,"Slovenia",4,"Median","58",2054,52,21,73
705,"Slovenia",4,"Median","59",2054,57,24,81
705,"Slovenia",4,"Median","60",2054,64,27,91
705,"Slovenia",4,"Median","61",2054,72,31,103
705,"Slovenia",4,"Median","62",2054,83,36,119
705,"Slovenia",4,"Median","63",2054,91,39,131
705,"Slovenia",4,"Median","64",2054,97,41,138
705,"Slovenia",4,"Median","65",2054,107,48,155
705,"Slovenia",4,"Median","66",2054,120,55,175
705,"Slovenia",4,"Median","67",2054,129,58,186
705,"Slovenia",4,"Median","68",2054,135,60,195
705,"Slovenia",4,"Median","69",2054,143,66,209
705,"Slovenia",4,"Median","70",2054,154,73,227
705,"Slovenia",4,"Median","71",2054,168,81,250
705,"Slovenia",4,"Median","72",2054,187,89,276
705,"Slovenia",4,"Median","73",2054,209,102,311
705,"Slovenia",4,"Median","74",2054,246,129,375
705,"Slovenia",4,"Median","75",2054,296,166,461
705,"Slovenia",4,"Median","76",2054,346,204,549
705,"Slovenia",4,"Median","77",2054,378,235,614
705,"Slovenia",4,"Median","78",2054,396,259,656
705,"Slovenia",4,"Median","79",2054,417,279,696
705,"Slovenia",4,"Median","80",2054,446,309,755
705,"Slovenia",4,"Median","81",2054,471,344,815
705,"Slovenia",4,"Median","82",2054,490,371,861
705,"Slovenia",4,"Median","83",2054,497,398,895
705,"Slovenia",4,"Median","84",2054,513,434,947
705,"Slovenia",4,"Median","85",2054,546,479,1025
705,"Slovenia",4,"Median","86",2054,566,536,1103
705,"Slovenia",4,"Median","87",2054,592,593,1184
705,"Slovenia",4,"Median","88",2054,604,633,1237
705,"Slovenia",4,"Median","89",2054,584,651,1235
705,"Slovenia",4,"Median","90",2054,560,653,1213
705,"Slovenia",4,"Median","91",2054,537,654,1191
705,"Slovenia",4,"Median","92",2054,503,650,1154
705,"Slovenia",4,"Median","93",2054,456,631,1086
705,"Slovenia",4,"Median","94",2054,406,586,992
705,"Slovenia",4,"Median","95",2054,356,535,891
705,"Slovenia",4,"Median","96",2054,305,492,797
705,"Slovenia",4,"Median","97",2054,262,447,709
705,"Slovenia",4,"Median","98",2054,218,386,604
705,"Slovenia",4,"Median","99",2054,169,317,487
705,"Slovenia",4,"Median","100",2054,65,108,173
705,"Slovenia",4,"Median","101",2054,57,100,157
705,"Slovenia",4,"Median","102",2054,50,93,143
705,"Slovenia",4,"Median","103",2054,44,86,130
705,"Slovenia",4,"Median","104",2054,38,79,117
705,"Slovenia",4,"Median","105",2054,33,73,106
705,"Slovenia",4,"Median","106",2054,29,68,97
705,"Slovenia",4,"Median","107",2054,26,63,89
705,"Slovenia",4,"Median","108",2054,23,58,81
705,"Slovenia",4,"Median","109",2054,20,54,74
705,"Slovenia",4,"Median","110",2054,17,50,67
705,"Slovenia",4,"Median","0",2055,5,4,9
705,"Slovenia",4,"Median","1",2055,1,1,1
705,"Slovenia",4,"Median","2",2055,0,0,1
705,"Slovenia",4,"Median","3",2055,0,0,0
705,"Slovenia",4,"Median","4",2055,0,0,0
705,"Slovenia",4,"Median","5",2055,0,0,0
705,"Slovenia",4,"Median","6",2055,0,0,0
705,"Slovenia",4,"Median","7",2055,0,0,1
705,"Slovenia",4,"Median","8",2055,0,0,1
705,"Slovenia",4,"Median","9",2055,0,0,0
705,"Slovenia",4,"Median","10",2055,0,0,0
705,"Slovenia",4,"Median","11",2055,0,0,0
705,"Slovenia",4,"Median","12",2055,0,0,1
705,"Slovenia",4,"Median","13",2055,0,0,1
705,"Slovenia",4,"Median","14",2055,1,0,1
705,"Slovenia",4,"Median","15",2055,1,0,1
705,"Slovenia",4,"Median","16",2055,1,0,1
705,"Slovenia",4,"Median","17",2055,1,1,2
705,"Slovenia",4,"Median","18",2055,2,1,3
705,"Slovenia",4,"Median","19",2055,3,1,4
705,"Slovenia",4,"Median","20",2055,2,1,3
705,"Slovenia",4,"Median","21",2055,2,0,3
705,"Slovenia",4,"Median","22",2055,2,1,3
705,"Slovenia",4,"Median","23",2055,3,1,3
705,"Slovenia",4,"Median","24",2055,3,1,3
705,"Slovenia",4,"Median","25",2055,3,1,3
705,"Slovenia",4,"Median","26",2055,3,1,3
705,"Slovenia",4,"Median","27",2055,3,1,3
705,"Slovenia",4,"Median","28",2055,3,1,4
705,"Slovenia",4,"Median","29",2055,3,1,4
705,"Slovenia",4,"Median","30",2055,4,1,4
705,"Slovenia",4,"Median","31",2055,4,1,5
705,"Slovenia",4,"Median","32",2055,3,1,5
705,"Slovenia",4,"Median","33",2055,4,1,5
705,"Slovenia",4,"Median","34",2055,4,2,6
705,"Slovenia",4,"Median","35",2055,4,2,6
705,"Slovenia",4,"Median","36",2055,4,2,6
705,"Slovenia",4,"Median","37",2055,5,2,8
705,"Slovenia",4,"Median","38",2055,7,3,10
705,"Slovenia",4,"Median","39",2055,7,2,9
705,"Slovenia",4,"Median","40",2055,6,2,9
705,"Slovenia",4,"Median","41",2055,7,3,9
705,"Slovenia",4,"Median","42",2055,8,3,11
705,"Slovenia",4,"Median","43",2055,9,4,13
705,"Slovenia",4,"Median","44",2055,10,5,15
705,"Slovenia",4,"Median","45",2055,11,6,17
705,"Slovenia",4,"Median","46",2055,12,6,19
705,"Slovenia",4,"Median","47",2055,13,6,19
705,"Slovenia",4,"Median","48",2055,14,7,20
705,"Slovenia",4,"Median","49",2055,16,7,23
705,"Slovenia",4,"Median","50",2055,19,9,28
705,"Slovenia",4,"Median","51",2055,22,10,33
705,"Slovenia",4,"Median","52",2055,23,11,34
705,"Slovenia",4,"Median","53",2055,24,11,34
705,"Slovenia",4,"Median","54",2055,27,12,39
705,"Slovenia",4,"Median","55",2055,32,13,45
705,"Slovenia",4,"Median","56",2055,37,15,52
705,"Slovenia",4,"Median","57",2055,43,17,60
705,"Slovenia",4,"Median","58",2055,50,20,70
705,"Slovenia",4,"Median","59",2055,56,23,79
705,"Slovenia",4,"Median","60",2055,62,26,88
705,"Slovenia",4,"Median","61",2055,70,30,100
705,"Slovenia",4,"Median","62",2055,78,34,113
705,"Slovenia",4,"Median","63",2055,87,37,123
705,"Slovenia",4,"Median","64",2055,93,39,132
705,"Slovenia",4,"Median","65",2055,99,44,143
705,"Slovenia",4,"Median","66",2055,113,51,165
705,"Slovenia",4,"Median","67",2055,127,57,184
705,"Slovenia",4,"Median","68",2055,132,59,191
705,"Slovenia",4,"Median","69",2055,138,62,200
705,"Slovenia",4,"Median","70",2055,149,71,219
705,"Slovenia",4,"Median","71",2055,160,78,238
705,"Slovenia",4,"Median","72",2055,177,85,262
705,"Slovenia",4,"Median","73",2055,201,97,298
705,"Slovenia",4,"Median","74",2055,238,125,363
705,"Slovenia",4,"Median","75",2055,289,165,454
705,"Slovenia",4,"Median","76",2055,347,202,549
705,"Slovenia",4,"Median","77",2055,377,229,605
705,"Slovenia",4,"Median","78",2055,398,255,653
705,"Slovenia",4,"Median","79",2055,423,286,709
705,"Slovenia",4,"Median","80",2055,447,310,757
705,"Slovenia",4,"Median","81",2055,472,339,812
705,"Slovenia",4,"Median","82",2055,495,375,869
705,"Slovenia",4,"Median","83",2055,513,404,917
705,"Slovenia",4,"Median","84",2055,518,431,949
705,"Slovenia",4,"Median","85",2055,530,467,996
705,"Slovenia",4,"Median","86",2055,558,511,1069
705,"Slovenia",4,"Median","87",2055,574,567,1142
705,"Slovenia",4,"Median","88",2055,594,621,1215
705,"Slovenia",4,"Median","89",2055,599,656,1255
705,"Slovenia",4,"Median","90",2055,572,667,1238
705,"Slovenia",4,"Median","91",2055,540,659,1199
705,"Slovenia",4,"Median","92",2055,510,650,1160
705,"Slovenia",4,"Median","93",2055,470,636,1105
705,"Slovenia",4,"Median","94",2055,417,604,1022
705,"Slovenia",4,"Median","95",2055,364,550,913
705,"Slovenia",4,"Median","96",2055,312,490,802
705,"Slovenia",4,"Median","97",2055,261,440,701
705,"Slovenia",4,"Median","98",2055,219,388,607
705,"Slovenia",4,"Median","99",2055,177,325,503
705,"Slovenia",4,"Median","100",2055,68,114,182
705,"Slovenia",4,"Median","101",2055,60,105,165
705,"Slovenia",4,"Median","102",2055,52,97,149
705,"Slovenia",4,"Median","103",2055,46,90,136
705,"Slovenia",4,"Median","104",2055,40,83,123
705,"Slovenia",4,"Median","105",2055,35,77,112
705,"Slovenia",4,"Median","106",2055,31,71,102
705,"Slovenia",4,"Median","107",2055,27,66,93
705,"Slovenia",4,"Median","108",2055,24,61,85
705,"Slovenia",4,"Median","109",2055,21,56,77
705,"Slovenia",4,"Median","110",2055,18,52,70
705,"Slovenia",4,"Median","0",2056,5,4,9
705,"Slovenia",4,"Median","1",2056,1,1,1
705,"Slovenia",4,"Median","2",2056,0,0,1
705,"Slovenia",4,"Median","3",2056,0,0,0
705,"Slovenia",4,"Median","4",2056,0,0,0
705,"Slovenia",4,"Median","5",2056,0,0,0
705,"Slovenia",4,"Median","6",2056,0,0,0
705,"Slovenia",4,"Median","7",2056,0,0,1
705,"Slovenia",4,"Median","8",2056,0,0,1
705,"Slovenia",4,"Median","9",2056,0,0,0
705,"Slovenia",4,"Median","10",2056,0,0,0
705,"Slovenia",4,"Median","11",2056,0,0,0
705,"Slovenia",4,"Median","12",2056,0,0,1
705,"Slovenia",4,"Median","13",2056,0,0,1
705,"Slovenia",4,"Median","14",2056,1,0,1
705,"Slovenia",4,"Median","15",2056,1,0,1
705,"Slovenia",4,"Median","16",2056,1,0,1
705,"Slovenia",4,"Median","17",2056,1,1,2
705,"Slovenia",4,"Median","18",2056,2,1,3
705,"Slovenia",4,"Median","19",2056,3,1,4
705,"Slovenia",4,"Median","20",2056,2,1,3
705,"Slovenia",4,"Median","21",2056,2,0,3
705,"Slovenia",4,"Median","22",2056,2,1,3
705,"Slovenia",4,"Median","23",2056,3,1,3
705,"Slovenia",4,"Median","24",2056,3,1,3
705,"Slovenia",4,"Median","25",2056,3,1,3
705,"Slovenia",4,"Median","26",2056,3,1,3
705,"Slovenia",4,"Median","27",2056,3,1,3
705,"Slovenia",4,"Median","28",2056,3,1,3
705,"Slovenia",4,"Median","29",2056,3,1,4
705,"Slovenia",4,"Median","30",2056,3,1,4
705,"Slovenia",4,"Median","31",2056,3,1,5
705,"Slovenia",4,"Median","32",2056,3,1,4
705,"Slovenia",4,"Median","33",2056,4,1,5
705,"Slovenia",4,"Median","34",2056,4,2,6
705,"Slovenia",4,"Median","35",2056,4,2,6
705,"Slovenia",4,"Median","36",2056,4,2,6
705,"Slovenia",4,"Median","37",2056,5,2,8
705,"Slovenia",4,"Median","38",2056,7,2,9
705,"Slovenia",4,"Median","39",2056,7,2,9
705,"Slovenia",4,"Median","40",2056,6,2,8
705,"Slovenia",4,"Median","41",2056,7,3,9
705,"Slovenia",4,"Median","42",2056,8,3,11
705,"Slovenia",4,"Median","43",2056,9,4,13
705,"Slovenia",4,"Median","44",2056,10,5,15
705,"Slovenia",4,"Median","45",2056,11,6,17
705,"Slovenia",4,"Median","46",2056,12,6,18
705,"Slovenia",4,"Median","47",2056,13,7,20
705,"Slovenia",4,"Median","48",2056,15,7,21
705,"Slovenia",4,"Median","49",2056,17,8,24
705,"Slovenia",4,"Median","50",2056,20,9,29
705,"Slovenia",4,"Median","51",2056,23,11,33
705,"Slovenia",4,"Median","52",2056,23,11,34
705,"Slovenia",4,"Median","53",2056,24,11,34
705,"Slovenia",4,"Median","54",2056,26,11,37
705,"Slovenia",4,"Median","55",2056,31,13,44
705,"Slovenia",4,"Median","56",2056,36,15,51
705,"Slovenia",4,"Median","57",2056,41,17,57
705,"Slovenia",4,"Median","58",2056,47,19,67
705,"Slovenia",4,"Median","59",2056,55,22,77
705,"Slovenia",4,"Median","60",2056,62,25,86
705,"Slovenia",4,"Median","61",2056,68,29,97
705,"Slovenia",4,"Median","62",2056,76,33,110
705,"Slovenia",4,"Median","63",2056,82,34,117
705,"Slovenia",4,"Median","64",2056,88,37,125
705,"Slovenia",4,"Median","65",2056,95,42,137
705,"Slovenia",4,"Median","66",2056,105,47,152
705,"Slovenia",4,"Median","67",2056,120,53,173
705,"Slovenia",4,"Median","68",2056,131,58,189
705,"Slovenia",4,"Median","69",2056,135,61,196
705,"Slovenia",4,"Median","70",2056,144,67,211
705,"Slovenia",4,"Median","71",2056,155,75,230
705,"Slovenia",4,"Median","72",2056,169,81,250
705,"Slovenia",4,"Median","73",2056,191,92,283
705,"Slovenia",4,"Median","74",2056,230,119,349
705,"Slovenia",4,"Median","75",2056,281,160,441
705,"Slovenia",4,"Median","76",2056,341,201,542
705,"Slovenia",4,"Median","77",2056,379,227,606
705,"Slovenia",4,"Median","78",2056,397,248,645
705,"Slovenia",4,"Median","79",2056,426,282,707
705,"Slovenia",4,"Median","80",2056,455,318,773
705,"Slovenia",4,"Median","81",2056,475,341,816
705,"Slovenia",4,"Median","82",2056,498,370,868
705,"Slovenia",4,"Median","83",2056,520,408,928
705,"Slovenia",4,"Median","84",2056,537,438,975
705,"Slovenia",4,"Median","85",2056,536,464,1000
705,"Slovenia",4,"Median","86",2056,544,498,1042
705,"Slovenia",4,"Median","87",2056,568,541,1110
705,"Slovenia",4,"Median","88",2056,578,595,1174
705,"Slovenia",4,"Median","89",2056,591,645,1235
705,"Slovenia",4,"Median","90",2056,588,673,1261
705,"Slovenia",4,"Median","91",2056,553,674,1228
705,"Slovenia",4,"Median","92",2056,515,657,1171
705,"Slovenia",4,"Median","93",2056,478,637,1114
705,"Slovenia",4,"Median","94",2056,432,610,1042
705,"Slovenia",4,"Median","95",2056,376,568,944
705,"Slovenia",4,"Median","96",2056,320,505,825
705,"Slovenia",4,"Median","97",2056,268,438,707
705,"Slovenia",4,"Median","98",2056,219,383,602
705,"Slovenia",4,"Median","99",2056,179,328,506
705,"Slovenia",4,"Median","100",2056,72,120,192
705,"Slovenia",4,"Median","101",2056,63,110,173
705,"Slovenia",4,"Median","102",2056,56,102,158
705,"Slovenia",4,"Median","103",2056,49,94,143
705,"Slovenia",4,"Median","104",2056,43,87,130
705,"Slovenia",4,"Median","105",2056,37,80,117
705,"Slovenia",4,"Median","106",2056,33,74,107
705,"Slovenia",4,"Median","107",2056,29,68,97
705,"Slovenia",4,"Median","108",2056,25,63,88
705,"Slovenia",4,"Median","109",2056,22,58,80
705,"Slovenia",4,"Median","110",2056,19,54,73
705,"Slovenia",4,"Median","0",2057,4,4,8
705,"Slovenia",4,"Median","1",2057,1,1,1
705,"Slovenia",4,"Median","2",2057,0,0,1
705,"Slovenia",4,"Median","3",2057,0,0,0
705,"Slovenia",4,"Median","4",2057,0,0,0
705,"Slovenia",4,"Median","5",2057,0,0,0
705,"Slovenia",4,"Median","6",2057,0,0,0
705,"Slovenia",4,"Median","7",2057,0,0,0
705,"Slovenia",4,"Median","8",2057,0,0,1
705,"Slovenia",4,"Median","9",2057,0,0,0
705,"Slovenia",4,"Median","10",2057,0,0,0
705,"Slovenia",4,"Median","11",2057,0,0,0
705,"Slovenia",4,"Median","12",2057,0,0,1
705,"Slovenia",4,"Median","13",2057,0,0,1
705,"Slovenia",4,"Median","14",2057,1,0,1
705,"Slovenia",4,"Median","15",2057,1,0,1
705,"Slovenia",4,"Median","16",2057,1,0,1
705,"Slovenia",4,"Median","17",2057,1,1,2
705,"Slovenia",4,"Median","18",2057,2,1,3
705,"Slovenia",4,"Median","19",2057,3,1,4
705,"Slovenia",4,"Median","20",2057,2,1,3
705,"Slovenia",4,"Median","21",2057,2,0,3
705,"Slovenia",4,"Median","22",2057,2,1,3
705,"Slovenia",4,"Median","23",2057,3,1,3
705,"Slovenia",4,"Median","24",2057,3,1,3
705,"Slovenia",4,"Median","25",2057,2,1,3
705,"Slovenia",4,"Median","26",2057,2,1,3
705,"Slovenia",4,"Median","27",2057,3,1,3
705,"Slovenia",4,"Median","28",2057,3,1,3
705,"Slovenia",4,"Median","29",2057,3,1,4
705,"Slovenia",4,"Median","30",2057,3,1,4
705,"Slovenia",4,"Median","31",2057,3,1,4
705,"Slovenia",4,"Median","32",2057,3,1,4
705,"Slovenia",4,"Median","33",2057,4,1,5
705,"Slovenia",4,"Median","34",2057,4,1,5
705,"Slovenia",4,"Median","35",2057,4,2,5
705,"Slovenia",4,"Median","36",2057,4,2,6
705,"Slovenia",4,"Median","37",2057,5,2,7
705,"Slovenia",4,"Median","38",2057,7,2,9
705,"Slovenia",4,"Median","39",2057,7,2,9
705,"Slovenia",4,"Median","40",2057,6,2,8
705,"Slovenia",4,"Median","41",2057,6,3,9
705,"Slovenia",4,"Median","42",2057,8,3,11
705,"Slovenia",4,"Median","43",2057,8,4,12
705,"Slovenia",4,"Median","44",2057,10,5,14
705,"Slovenia",4,"Median","45",2057,11,6,17
705,"Slovenia",4,"Median","46",2057,12,6,18
705,"Slovenia",4,"Median","47",2057,13,6,20
705,"Slovenia",4,"Median","48",2057,15,7,22
705,"Slovenia",4,"Median","49",2057,17,8,25
705,"Slovenia",4,"Median","50",2057,21,9,30
705,"Slovenia",4,"Median","51",2057,24,11,34
705,"Slovenia",4,"Median","52",2057,24,11,35
705,"Slovenia",4,"Median","53",2057,24,11,35
705,"Slovenia",4,"Median","54",2057,26,11,37
705,"Slovenia",4,"Median","55",2057,30,12,42
705,"Slovenia",4,"Median","56",2057,35,14,49
705,"Slovenia",4,"Median","57",2057,40,17,56
705,"Slovenia",4,"Median","58",2057,45,19,63
705,"Slovenia",4,"Median","59",2057,52,21,73
705,"Slovenia",4,"Median","60",2057,60,24,84
705,"Slovenia",4,"Median","61",2057,68,28,96
705,"Slovenia",4,"Median","62",2057,74,32,106
705,"Slovenia",4,"Median","63",2057,80,34,114
705,"Slovenia",4,"Median","64",2057,84,34,118
705,"Slovenia",4,"Median","65",2057,90,39,129
705,"Slovenia",4,"Median","66",2057,101,45,146
705,"Slovenia",4,"Median","67",2057,111,49,160
705,"Slovenia",4,"Median","68",2057,124,53,177
705,"Slovenia",4,"Median","69",2057,134,60,194
705,"Slovenia",4,"Median","70",2057,141,65,206
705,"Slovenia",4,"Median","71",2057,150,71,221
705,"Slovenia",4,"Median","72",2057,163,78,242
705,"Slovenia",4,"Median","73",2057,182,88,271
705,"Slovenia",4,"Median","74",2057,219,113,332
705,"Slovenia",4,"Median","75",2057,272,152,424
705,"Slovenia",4,"Median","76",2057,332,195,527
705,"Slovenia",4,"Median","77",2057,373,226,599
705,"Slovenia",4,"Median","78",2057,401,246,646
705,"Slovenia",4,"Median","79",2057,426,274,699
705,"Slovenia",4,"Median","80",2057,459,313,772
705,"Slovenia",4,"Median","81",2057,484,349,833
705,"Slovenia",4,"Median","82",2057,501,372,873
705,"Slovenia",4,"Median","83",2057,524,403,927
705,"Slovenia",4,"Median","84",2057,544,443,987
705,"Slovenia",4,"Median","85",2057,557,472,1028
705,"Slovenia",4,"Median","86",2057,551,495,1046
705,"Slovenia",4,"Median","87",2057,554,528,1082
705,"Slovenia",4,"Median","88",2057,573,569,1142
705,"Slovenia",4,"Median","89",2057,576,619,1195
705,"Slovenia",4,"Median","90",2057,581,662,1243
705,"Slovenia",4,"Median","91",2057,570,681,1252
705,"Slovenia",4,"Median","92",2057,528,673,1201
705,"Slovenia",4,"Median","93",2057,483,644,1127
705,"Slovenia",4,"Median","94",2057,440,612,1052
705,"Slovenia",4,"Median","95",2057,389,575,964
705,"Slovenia",4,"Median","96",2057,331,523,854
705,"Slovenia",4,"Median","97",2057,276,453,729
705,"Slovenia",4,"Median","98",2057,225,383,608
705,"Slovenia",4,"Median","99",2057,179,324,503
705,"Slovenia",4,"Median","100",2057,75,123,198
705,"Slovenia",4,"Median","101",2057,66,114,180
705,"Slovenia",4,"Median","102",2057,58,105,163
705,"Slovenia",4,"Median","103",2057,51,97,148
705,"Slovenia",4,"Median","104",2057,44,90,134
705,"Slovenia",4,"Median","105",2057,39,83,122
705,"Slovenia",4,"Median","106",2057,34,77,111
705,"Slovenia",4,"Median","107",2057,30,71,101
705,"Slovenia",4,"Median","108",2057,26,65,91
705,"Slovenia",4,"Median","109",2057,23,60,83
705,"Slovenia",4,"Median","110",2057,20,56,76
705,"Slovenia",4,"Median","0",2058,4,4,8
705,"Slovenia",4,"Median","1",2058,1,1,1
705,"Slovenia",4,"Median","2",2058,0,0,1
705,"Slovenia",4,"Median","3",2058,0,0,0
705,"Slovenia",4,"Median","4",2058,0,0,0
705,"Slovenia",4,"Median","5",2058,0,0,0
705,"Slovenia",4,"Median","6",2058,0,0,0
705,"Slovenia",4,"Median","7",2058,0,0,0
705,"Slovenia",4,"Median","8",2058,0,0,1
705,"Slovenia",4,"Median","9",2058,0,0,0
705,"Slovenia",4,"Median","10",2058,0,0,0
705,"Slovenia",4,"Median","11",2058,0,0,0
705,"Slovenia",4,"Median","12",2058,0,0,1
705,"Slovenia",4,"Median","13",2058,0,0,1
705,"Slovenia",4,"Median","14",2058,0,0,1
705,"Slovenia",4,"Median","15",2058,1,0,1
705,"Slovenia",4,"Median","16",2058,1,0,1
705,"Slovenia",4,"Median","17",2058,1,1,2
705,"Slovenia",4,"Median","18",2058,2,1,3
705,"Slovenia",4,"Median","19",2058,3,1,4
705,"Slovenia",4,"Median","20",2058,2,1,3
705,"Slovenia",4,"Median","21",2058,2,0,3
705,"Slovenia",4,"Median","22",2058,2,1,3
705,"Slovenia",4,"Median","23",2058,3,1,3
705,"Slovenia",4,"Median","24",2058,3,1,3
705,"Slovenia",4,"Median","25",2058,2,1,3
705,"Slovenia",4,"Median","26",2058,2,1,3
705,"Slovenia",4,"Median","27",2058,3,1,3
705,"Slovenia",4,"Median","28",2058,3,1,3
705,"Slovenia",4,"Median","29",2058,3,1,4
705,"Slovenia",4,"Median","30",2058,3,1,4
705,"Slovenia",4,"Median","31",2058,3,1,4
705,"Slovenia",4,"Median","32",2058,3,1,4
705,"Slovenia",4,"Median","33",2058,3,1,5
705,"Slovenia",4,"Median","34",2058,4,1,5
705,"Slovenia",4,"Median","35",2058,4,2,5
705,"Slovenia",4,"Median","36",2058,4,2,5
705,"Slovenia",4,"Median","37",2058,5,2,7
705,"Slovenia",4,"Median","38",2058,6,2,9
705,"Slovenia",4,"Median","39",2058,6,2,9
705,"Slovenia",4,"Median","40",2058,6,2,8
705,"Slovenia",4,"Median","41",2058,6,2,9
705,"Slovenia",4,"Median","42",2058,7,3,10
705,"Slovenia",4,"Median","43",2058,8,4,12
705,"Slovenia",4,"Median","44",2058,9,4,14
705,"Slovenia",4,"Median","45",2058,11,5,16
705,"Slovenia",4,"Median","46",2058,12,6,18
705,"Slovenia",4,"Median","47",2058,13,6,19
705,"Slovenia",4,"Median","48",2058,15,7,22
705,"Slovenia",4,"Median","49",2058,18,8,26
705,"Slovenia",4,"Median","50",2058,22,10,32
705,"Slovenia",4,"Median","51",2058,25,11,36
705,"Slovenia",4,"Median","52",2058,25,11,36
705,"Slovenia",4,"Median","53",2058,25,11,36
705,"Slovenia",4,"Median","54",2058,26,11,38
705,"Slovenia",4,"Median","55",2058,29,12,41
705,"Slovenia",4,"Median","56",2058,33,14,47
705,"Slovenia",4,"Median","57",2058,38,16,54
705,"Slovenia",4,"Median","58",2058,43,19,62
705,"Slovenia",4,"Median","59",2058,49,20,69
705,"Slovenia",4,"Median","60",2058,57,23,79
705,"Slovenia",4,"Median","61",2058,66,27,93
705,"Slovenia",4,"Median","62",2058,73,31,104
705,"Slovenia",4,"Median","63",2058,78,32,110
705,"Slovenia",4,"Median","64",2058,81,33,115
705,"Slovenia",4,"Median","65",2058,85,37,122
705,"Slovenia",4,"Median","66",2058,96,42,137
705,"Slovenia",4,"Median","67",2058,107,46,153
705,"Slovenia",4,"Median","68",2058,114,49,164
705,"Slovenia",4,"Median","69",2058,126,55,182
705,"Slovenia",4,"Median","70",2058,139,64,204
705,"Slovenia",4,"Median","71",2058,147,70,216
705,"Slovenia",4,"Median","72",2058,158,74,232
705,"Slovenia",4,"Median","73",2058,176,85,261
705,"Slovenia",4,"Median","74",2058,209,109,317
705,"Slovenia",4,"Median","75",2058,259,145,404
705,"Slovenia",4,"Median","76",2058,322,186,508
705,"Slovenia",4,"Median","77",2058,363,220,583
705,"Slovenia",4,"Median","78",2058,394,245,639
705,"Slovenia",4,"Median","79",2058,429,272,700
705,"Slovenia",4,"Median","80",2058,458,305,763
705,"Slovenia",4,"Median","81",2058,488,344,832
705,"Slovenia",4,"Median","82",2058,510,381,892
705,"Slovenia",4,"Median","83",2058,527,405,932
705,"Slovenia",4,"Median","84",2058,548,438,986
705,"Slovenia",4,"Median","85",2058,564,477,1041
705,"Slovenia",4,"Median","86",2058,572,505,1076
705,"Slovenia",4,"Median","87",2058,562,526,1088
705,"Slovenia",4,"Median","88",2058,559,556,1115
705,"Slovenia",4,"Median","89",2058,571,592,1163
705,"Slovenia",4,"Median","90",2058,567,637,1204
705,"Slovenia",4,"Median","91",2058,564,672,1236
705,"Slovenia",4,"Median","92",2058,545,681,1226
705,"Slovenia",4,"Median","93",2058,496,661,1157
705,"Slovenia",4,"Median","94",2058,445,621,1066
705,"Slovenia",4,"Median","95",2058,397,578,975
705,"Slovenia",4,"Median","96",2058,344,530,874
705,"Slovenia",4,"Median","97",2058,286,470,756
705,"Slovenia",4,"Median","98",2058,232,396,628
705,"Slovenia",4,"Median","99",2058,184,325,509
705,"Slovenia",4,"Median","100",2058,76,124,200
705,"Slovenia",4,"Median","101",2058,67,115,182
705,"Slovenia",4,"Median","102",2058,59,107,166
705,"Slovenia",4,"Median","103",2058,52,99,151
705,"Slovenia",4,"Median","104",2058,46,92,138
705,"Slovenia",4,"Median","105",2058,41,85,126
705,"Slovenia",4,"Median","106",2058,36,79,115
705,"Slovenia",4,"Median","107",2058,32,73,105
705,"Slovenia",4,"Median","108",2058,28,68,96
705,"Slovenia",4,"Median","109",2058,24,63,87
705,"Slovenia",4,"Median","110",2058,22,59,81
705,"Slovenia",4,"Median","0",2059,4,4,8
705,"Slovenia",4,"Median","1",2059,1,1,1
705,"Slovenia",4,"Median","2",2059,0,0,1
705,"Slovenia",4,"Median","3",2059,0,0,0
705,"Slovenia",4,"Median","4",2059,0,0,0
705,"Slovenia",4,"Median","5",2059,0,0,0
705,"Slovenia",4,"Median","6",2059,0,0,0
705,"Slovenia",4,"Median","7",2059,0,0,0
705,"Slovenia",4,"Median","8",2059,0,0,0
705,"Slovenia",4,"Median","9",2059,0,0,0
705,"Slovenia",4,"Median","10",2059,0,0,0
705,"Slovenia",4,"Median","11",2059,0,0,0
705,"Slovenia",4,"Median","12",2059,0,0,1
705,"Slovenia",4,"Median","13",2059,0,0,1
705,"Slovenia",4,"Median","14",2059,0,0,1
705,"Slovenia",4,"Median","15",2059,1,0,1
705,"Slovenia",4,"Median","16",2059,1,0,1
705,"Slovenia",4,"Median","17",2059,1,1,2
705,"Slovenia",4,"Median","18",2059,2,1,3
705,"Slovenia",4,"Median","19",2059,3,1,3
705,"Slovenia",4,"Median","20",2059,2,1,3
705,"Slovenia",4,"Median","21",2059,2,0,3
705,"Slovenia",4,"Median","22",2059,2,1,3
705,"Slovenia",4,"Median","23",2059,2,1,3
705,"Slovenia",4,"Median","24",2059,3,1,3
705,"Slovenia",4,"Median","25",2059,2,1,3
705,"Slovenia",4,"Median","26",2059,2,1,3
705,"Slovenia",4,"Median","27",2059,3,1,3
705,"Slovenia",4,"Median","28",2059,3,1,3
705,"Slovenia",4,"Median","29",2059,3,1,3
705,"Slovenia",4,"Median","30",2059,3,1,4
705,"Slovenia",4,"Median","31",2059,3,1,4
705,"Slovenia",4,"Median","32",2059,3,1,4
705,"Slovenia",4,"Median","33",2059,3,1,4
705,"Slovenia",4,"Median","34",2059,4,1,5
705,"Slovenia",4,"Median","35",2059,3,2,5
705,"Slovenia",4,"Median","36",2059,3,2,5
705,"Slovenia",4,"Median","37",2059,5,2,7
705,"Slovenia",4,"Median","38",2059,6,2,9
705,"Slovenia",4,"Median","39",2059,6,2,8
705,"Slovenia",4,"Median","40",2059,6,2,8
705,"Slovenia",4,"Median","41",2059,6,2,8
705,"Slovenia",4,"Median","42",2059,7,3,10
705,"Slovenia",4,"Median","43",2059,8,3,12
705,"Slovenia",4,"Median","44",2059,9,4,13
705,"Slovenia",4,"Median","45",2059,10,5,15
705,"Slovenia",4,"Median","46",2059,11,6,17
705,"Slovenia",4,"Median","47",2059,13,6,19
705,"Slovenia",4,"Median","48",2059,15,7,21
705,"Slovenia",4,"Median","49",2059,18,8,26
705,"Slovenia",4,"Median","50",2059,22,10,32
705,"Slovenia",4,"Median","51",2059,26,12,37
705,"Slovenia",4,"Median","52",2059,26,12,38
705,"Slovenia",4,"Median","53",2059,25,11,37
705,"Slovenia",4,"Median","54",2059,27,12,39
705,"Slovenia",4,"Median","55",2059,30,12,42
705,"Slovenia",4,"Median","56",2059,33,14,46
705,"Slovenia",4,"Median","57",2059,36,15,52
705,"Slovenia",4,"Median","58",2059,42,18,60
705,"Slovenia",4,"Median","59",2059,47,20,67
705,"Slovenia",4,"Median","60",2059,53,22,75
705,"Slovenia",4,"Median","61",2059,62,26,88
705,"Slovenia",4,"Median","62",2059,71,30,101
705,"Slovenia",4,"Median","63",2059,77,31,108
705,"Slovenia",4,"Median","64",2059,79,32,111
705,"Slovenia",4,"Median","65",2059,83,36,119
705,"Slovenia",4,"Median","66",2059,91,39,130
705,"Slovenia",4,"Median","67",2059,101,43,144
705,"Slovenia",4,"Median","68",2059,110,47,156
705,"Slovenia",4,"Median","69",2059,117,51,168
705,"Slovenia",4,"Median","70",2059,131,60,191
705,"Slovenia",4,"Median","71",2059,145,68,213
705,"Slovenia",4,"Median","72",2059,154,72,227
705,"Slovenia",4,"Median","73",2059,170,81,251
705,"Slovenia",4,"Median","74",2059,202,105,307
705,"Slovenia",4,"Median","75",2059,248,140,387
705,"Slovenia",4,"Median","76",2059,306,178,484
705,"Slovenia",4,"Median","77",2059,352,209,561
705,"Slovenia",4,"Median","78",2059,383,239,622
705,"Slovenia",4,"Median","79",2059,422,271,693
705,"Slovenia",4,"Median","80",2059,462,302,764
705,"Slovenia",4,"Median","81",2059,488,335,823
705,"Slovenia",4,"Median","82",2059,515,376,891
705,"Slovenia",4,"Median","83",2059,537,416,953
705,"Slovenia",4,"Median","84",2059,552,441,993
705,"Slovenia",4,"Median","85",2059,569,473,1041
705,"Slovenia",4,"Median","86",2059,580,511,1091
705,"Slovenia",4,"Median","87",2059,584,536,1120
705,"Slovenia",4,"Median","88",2059,567,554,1121
705,"Slovenia",4,"Median","89",2059,558,579,1137
705,"Slovenia",4,"Median","90",2059,563,610,1173
705,"Slovenia",4,"Median","91",2059,551,647,1198
705,"Slovenia",4,"Median","92",2059,539,673,1212
705,"Slovenia",4,"Median","93",2059,513,670,1183
705,"Slovenia",4,"Median","94",2059,458,638,1096
705,"Slovenia",4,"Median","95",2059,403,587,989
705,"Slovenia",4,"Median","96",2059,351,534,885
705,"Slovenia",4,"Median","97",2059,297,477,774
705,"Slovenia",4,"Median","98",2059,241,412,653
705,"Slovenia",4,"Median","99",2059,190,337,527
705,"Slovenia",4,"Median","100",2059,77,122,199
705,"Slovenia",4,"Median","101",2059,68,114,182
705,"Slovenia",4,"Median","102",2059,60,106,166
705,"Slovenia",4,"Median","103",2059,54,100,154
705,"Slovenia",4,"Median","104",2059,47,93,140
705,"Slovenia",4,"Median","105",2059,42,87,129
705,"Slovenia",4,"Median","106",2059,37,82,119
705,"Slovenia",4,"Median","107",2059,33,76,109
705,"Slovenia",4,"Median","108",2059,29,71,100
705,"Slovenia",4,"Median","109",2059,26,67,93
705,"Slovenia",4,"Median","110",2059,23,62,85
705,"Slovenia",4,"Median","0",2060,4,4,8
705,"Slovenia",4,"Median","1",2060,1,1,1
705,"Slovenia",4,"Median","2",2060,0,0,0
705,"Slovenia",4,"Median","3",2060,0,0,0
705,"Slovenia",4,"Median","4",2060,0,0,0
705,"Slovenia",4,"Median","5",2060,0,0,0
705,"Slovenia",4,"Median","6",2060,0,0,0
705,"Slovenia",4,"Median","7",2060,0,0,0
705,"Slovenia",4,"Median","8",2060,0,0,0
705,"Slovenia",4,"Median","9",2060,0,0,0
705,"Slovenia",4,"Median","10",2060,0,0,0
705,"Slovenia",4,"Median","11",2060,0,0,0
705,"Slovenia",4,"Median","12",2060,0,0,1
705,"Slovenia",4,"Median","13",2060,0,0,1
705,"Slovenia",4,"Median","14",2060,0,0,1
705,"Slovenia",4,"Median","15",2060,1,0,1
705,"Slovenia",4,"Median","16",2060,1,0,1
705,"Slovenia",4,"Median","17",2060,1,1,2
705,"Slovenia",4,"Median","18",2060,2,1,3
705,"Slovenia",4,"Median","19",2060,3,1,3
705,"Slovenia",4,"Median","20",2060,2,1,3
705,"Slovenia",4,"Median","21",2060,2,0,3
705,"Slovenia",4,"Median","22",2060,2,1,3
705,"Slovenia",4,"Median","23",2060,2,1,3
705,"Slovenia",4,"Median","24",2060,3,1,3
705,"Slovenia",4,"Median","25",2060,2,1,3
705,"Slovenia",4,"Median","26",2060,2,1,3
705,"Slovenia",4,"Median","27",2060,2,1,3
705,"Slovenia",4,"Median","28",2060,3,1,3
705,"Slovenia",4,"Median","29",2060,3,1,3
705,"Slovenia",4,"Median","30",2060,3,1,4
705,"Slovenia",4,"Median","31",2060,3,1,4
705,"Slovenia",4,"Median","32",2060,3,1,4
705,"Slovenia",4,"Median","33",2060,3,1,4
705,"Slovenia",4,"Median","34",2060,4,1,5
705,"Slovenia",4,"Median","35",2060,3,1,5
705,"Slovenia",4,"Median","36",2060,3,2,5
705,"Slovenia",4,"Median","37",2060,5,2,7
705,"Slovenia",4,"Median","38",2060,6,2,8
705,"Slovenia",4,"Median","39",2060,6,2,8
705,"Slovenia",4,"Median","40",2060,5,2,7
705,"Slovenia",4,"Median","41",2060,6,2,8
705,"Slovenia",4,"Median","42",2060,7,3,10
705,"Slovenia",4,"Median","43",2060,8,3,11
705,"Slovenia",4,"Median","44",2060,9,4,13
705,"Slovenia",4,"Median","45",2060,10,5,15
705,"Slovenia",4,"Median","46",2060,11,6,16
705,"Slovenia",4,"Median","47",2060,12,6,18
705,"Slovenia",4,"Median","48",2060,14,7,21
705,"Slovenia",4,"Median","49",2060,17,8,25
705,"Slovenia",4,"Median","50",2060,22,10,32
705,"Slovenia",4,"Median","51",2060,26,12,38
705,"Slovenia",4,"Median","52",2060,27,13,39
705,"Slovenia",4,"Median","53",2060,26,12,38
705,"Slovenia",4,"Median","54",2060,28,12,40
705,"Slovenia",4,"Median","55",2060,31,13,43
705,"Slovenia",4,"Median","56",2060,33,14,47
705,"Slovenia",4,"Median","57",2060,36,15,52
705,"Slovenia",4,"Median","58",2060,40,17,57
705,"Slovenia",4,"Median","59",2060,46,19,65
705,"Slovenia",4,"Median","60",2060,52,22,74
705,"Slovenia",4,"Median","61",2060,59,25,83
705,"Slovenia",4,"Median","62",2060,67,28,96
705,"Slovenia",4,"Median","63",2060,74,30,105
705,"Slovenia",4,"Median","64",2060,78,31,109
705,"Slovenia",4,"Median","65",2060,81,34,115
705,"Slovenia",4,"Median","66",2060,88,38,126
705,"Slovenia",4,"Median","67",2060,96,40,136
705,"Slovenia",4,"Median","68",2060,104,43,148
705,"Slovenia",4,"Median","69",2060,112,48,160
705,"Slovenia",4,"Median","70",2060,122,55,177
705,"Slovenia",4,"Median","71",2060,137,63,200
705,"Slovenia",4,"Median","72",2060,153,71,224
705,"Slovenia",4,"Median","73",2060,167,79,245
705,"Slovenia",4,"Median","74",2060,196,100,295
705,"Slovenia",4,"Median","75",2060,241,135,375
705,"Slovenia",4,"Median","76",2060,294,171,465
705,"Slovenia",4,"Median","77",2060,336,200,536
705,"Slovenia",4,"Median","78",2060,372,227,599
705,"Slovenia",4,"Median","79",2060,411,264,675
705,"Slovenia",4,"Median","80",2060,455,302,757
705,"Slovenia",4,"Median","81",2060,493,333,826
705,"Slovenia",4,"Median","82",2060,516,366,882
705,"Slovenia",4,"Median","83",2060,543,411,954
705,"Slovenia",4,"Median","84",2060,564,453,1017
705,"Slovenia",4,"Median","85",2060,574,476,1050
705,"Slovenia",4,"Median","86",2060,586,506,1093
705,"Slovenia",4,"Median","87",2060,594,544,1137
705,"Slovenia",4,"Median","88",2060,591,566,1157
705,"Slovenia",4,"Median","89",2060,567,578,1146
705,"Slovenia",4,"Median","90",2060,551,597,1148
705,"Slovenia",4,"Median","91",2060,548,620,1169
705,"Slovenia",4,"Median","92",2060,529,648,1177
705,"Slovenia",4,"Median","93",2060,509,663,1172
705,"Slovenia",4,"Median","94",2060,474,648,1123
705,"Slovenia",4,"Median","95",2060,415,604,1020
705,"Slovenia",4,"Median","96",2060,357,543,900
705,"Slovenia",4,"Median","97",2060,305,482,786
705,"Slovenia",4,"Median","98",2060,251,419,670
705,"Slovenia",4,"Median","99",2060,198,351,549
705,"Slovenia",4,"Median","100",2060,77,120,197
705,"Slovenia",4,"Median","101",2060,69,113,182
705,"Slovenia",4,"Median","102",2060,62,107,169
705,"Slovenia",4,"Median","103",2060,55,101,156
705,"Slovenia",4,"Median","104",2060,49,95,144
705,"Slovenia",4,"Median","105",2060,44,90,134
705,"Slovenia",4,"Median","106",2060,39,85,124
705,"Slovenia",4,"Median","107",2060,35,80,115
705,"Slovenia",4,"Median","108",2060,31,75,106
705,"Slovenia",4,"Median","109",2060,28,71,99
705,"Slovenia",4,"Median","110",2060,25,67,92
705,"Slovenia",4,"Median","0",2061,4,3,7
705,"Slovenia",4,"Median","1",2061,1,1,1
705,"Slovenia",4,"Median","2",2061,0,0,0
705,"Slovenia",4,"Median","3",2061,0,0,0
705,"Slovenia",4,"Median","4",2061,0,0,0
705,"Slovenia",4,"Median","5",2061,0,0,0
705,"Slovenia",4,"Median","6",2061,0,0,0
705,"Slovenia",4,"Median","7",2061,0,0,0
705,"Slovenia",4,"Median","8",2061,0,0,0
705,"Slovenia",4,"Median","9",2061,0,0,0
705,"Slovenia",4,"Median","10",2061,0,0,0
705,"Slovenia",4,"Median","11",2061,0,0,0
705,"Slovenia",4,"Median","12",2061,0,0,1
705,"Slovenia",4,"Median","13",2061,0,0,1
705,"Slovenia",4,"Median","14",2061,0,0,1
705,"Slovenia",4,"Median","15",2061,1,0,1
705,"Slovenia",4,"Median","16",2061,1,0,1
705,"Slovenia",4,"Median","17",2061,1,1,2
705,"Slovenia",4,"Median","18",2061,2,1,3
705,"Slovenia",4,"Median","19",2061,3,1,3
705,"Slovenia",4,"Median","20",2061,2,1,3
705,"Slovenia",4,"Median","21",2061,2,0,3
705,"Slovenia",4,"Median","22",2061,2,1,3
705,"Slovenia",4,"Median","23",2061,2,1,3
705,"Slovenia",4,"Median","24",2061,2,1,3
705,"Slovenia",4,"Median","25",2061,2,1,3
705,"Slovenia",4,"Median","26",2061,2,1,3
705,"Slovenia",4,"Median","27",2061,2,1,3
705,"Slovenia",4,"Median","28",2061,3,1,3
705,"Slovenia",4,"Median","29",2061,3,1,3
705,"Slovenia",4,"Median","30",2061,3,1,4
705,"Slovenia",4,"Median","31",2061,3,1,4
705,"Slovenia",4,"Median","32",2061,3,1,4
705,"Slovenia",4,"Median","33",2061,3,1,4
705,"Slovenia",4,"Median","34",2061,3,1,5
705,"Slovenia",4,"Median","35",2061,3,1,5
705,"Slovenia",4,"Median","36",2061,3,2,5
705,"Slovenia",4,"Median","37",2061,4,2,6
705,"Slovenia",4,"Median","38",2061,6,2,8
705,"Slovenia",4,"Median","39",2061,6,2,8
705,"Slovenia",4,"Median","40",2061,5,2,7
705,"Slovenia",4,"Median","41",2061,6,2,8
705,"Slovenia",4,"Median","42",2061,7,3,9
705,"Slovenia",4,"Median","43",2061,8,3,11
705,"Slovenia",4,"Median","44",2061,9,4,13
705,"Slovenia",4,"Median","45",2061,10,5,15
705,"Slovenia",4,"Median","46",2061,11,5,16
705,"Slovenia",4,"Median","47",2061,12,6,17
705,"Slovenia",4,"Median","48",2061,14,6,20
705,"Slovenia",4,"Median","49",2061,17,8,25
705,"Slovenia",4,"Median","50",2061,22,10,31
705,"Slovenia",4,"Median","51",2061,26,12,38
705,"Slovenia",4,"Median","52",2061,27,13,40
705,"Slovenia",4,"Median","53",2061,27,13,40
705,"Slovenia",4,"Median","54",2061,29,12,41
705,"Slovenia",4,"Median","55",2061,32,13,44
705,"Slovenia",4,"Median","56",2061,34,14,48
705,"Slovenia",4,"Median","57",2061,37,16,52
705,"Slovenia",4,"Median","58",2061,39,17,57
705,"Slovenia",4,"Median","59",2061,43,19,62
705,"Slovenia",4,"Median","60",2061,50,21,71
705,"Slovenia",4,"Median","61",2061,57,24,81
705,"Slovenia",4,"Median","62",2061,64,27,91
705,"Slovenia",4,"Median","63",2061,70,29,99
705,"Slovenia",4,"Median","64",2061,75,30,105
705,"Slovenia",4,"Median","65",2061,79,33,112
705,"Slovenia",4,"Median","66",2061,86,37,122
705,"Slovenia",4,"Median","67",2061,93,39,132
705,"Slovenia",4,"Median","68",2061,98,41,139
705,"Slovenia",4,"Median","69",2061,106,45,151
705,"Slovenia",4,"Median","70",2061,116,52,168
705,"Slovenia",4,"Median","71",2061,126,58,184
705,"Slovenia",4,"Median","72",2061,144,66,209
705,"Slovenia",4,"Median","73",2061,164,77,241
705,"Slovenia",4,"Median","74",2061,191,97,288
705,"Slovenia",4,"Median","75",2061,232,128,360
705,"Slovenia",4,"Median","76",2061,285,165,450
705,"Slovenia",4,"Median","77",2061,321,192,514
705,"Slovenia",4,"Median","78",2061,354,217,571
705,"Slovenia",4,"Median","79",2061,398,251,649
705,"Slovenia",4,"Median","80",2061,443,293,736
705,"Slovenia",4,"Median","81",2061,485,332,817
705,"Slovenia",4,"Median","82",2061,520,363,883
705,"Slovenia",4,"Median","83",2061,543,400,943
705,"Slovenia",4,"Median","84",2061,569,447,1016
705,"Slovenia",4,"Median","85",2061,586,488,1074
705,"Slovenia",4,"Median","86",2061,591,510,1101
705,"Slovenia",4,"Median","87",2061,599,539,1138
705,"Slovenia",4,"Median","88",2061,600,573,1173
705,"Slovenia",4,"Median","89",2061,591,590,1181
705,"Slovenia",4,"Median","90",2061,560,596,1157
705,"Slovenia",4,"Median","91",2061,537,608,1145
705,"Slovenia",4,"Median","92",2061,526,622,1148
705,"Slovenia",4,"Median","93",2061,499,639,1138
705,"Slovenia",4,"Median","94",2061,471,641,1112
705,"Slovenia",4,"Median","95",2061,431,614,1045
705,"Slovenia",4,"Median","96",2061,369,560,929
705,"Slovenia",4,"Median","97",2061,310,491,801
705,"Slovenia",4,"Median","98",2061,258,424,681
705,"Slovenia",4,"Median","99",2061,207,358,565
705,"Slovenia",4,"Median","100",2061,78,121,199
705,"Slovenia",4,"Median","101",2061,70,115,185
705,"Slovenia",4,"Median","102",2061,63,109,172
705,"Slovenia",4,"Median","103",2061,57,103,160
705,"Slovenia",4,"Median","104",2061,51,98,149
705,"Slovenia",4,"Median","105",2061,46,93,139
705,"Slovenia",4,"Median","106",2061,41,88,129
705,"Slovenia",4,"Median","107",2061,37,83,120
705,"Slovenia",4,"Median","108",2061,33,79,112
705,"Slovenia",4,"Median","109",2061,30,75,105
705,"Slovenia",4,"Median","110",2061,27,71,98
705,"Slovenia",4,"Median","0",2062,4,3,7
705,"Slovenia",4,"Median","1",2062,1,1,1
705,"Slovenia",4,"Median","2",2062,0,0,0
705,"Slovenia",4,"Median","3",2062,0,0,0
705,"Slovenia",4,"Median","4",2062,0,0,0
705,"Slovenia",4,"Median","5",2062,0,0,0
705,"Slovenia",4,"Median","6",2062,0,0,0
705,"Slovenia",4,"Median","7",2062,0,0,0
705,"Slovenia",4,"Median","8",2062,0,0,0
705,"Slovenia",4,"Median","9",2062,0,0,0
705,"Slovenia",4,"Median","10",2062,0,0,0
705,"Slovenia",4,"Median","11",2062,0,0,0
705,"Slovenia",4,"Median","12",2062,0,0,1
705,"Slovenia",4,"Median","13",2062,0,0,1
705,"Slovenia",4,"Median","14",2062,0,0,1
705,"Slovenia",4,"Median","15",2062,1,0,1
705,"Slovenia",4,"Median","16",2062,1,0,1
705,"Slovenia",4,"Median","17",2062,1,1,2
705,"Slovenia",4,"Median","18",2062,2,1,3
705,"Slovenia",4,"Median","19",2062,3,1,3
705,"Slovenia",4,"Median","20",2062,2,1,3
705,"Slovenia",4,"Median","21",2062,2,0,3
705,"Slovenia",4,"Median","22",2062,2,1,3
705,"Slovenia",4,"Median","23",2062,2,1,3
705,"Slovenia",4,"Median","24",2062,2,1,3
705,"Slovenia",4,"Median","25",2062,2,1,3
705,"Slovenia",4,"Median","26",2062,2,1,3
705,"Slovenia",4,"Median","27",2062,2,1,3
705,"Slovenia",4,"Median","28",2062,3,1,3
705,"Slovenia",4,"Median","29",2062,3,1,3
705,"Slovenia",4,"Median","30",2062,3,1,4
705,"Slovenia",4,"Median","31",2062,3,1,4
705,"Slovenia",4,"Median","32",2062,3,1,4
705,"Slovenia",4,"Median","33",2062,3,1,4
705,"Slovenia",4,"Median","34",2062,3,1,5
705,"Slovenia",4,"Median","35",2062,3,1,4
705,"Slovenia",4,"Median","36",2062,3,2,5
705,"Slovenia",4,"Median","37",2062,4,2,6
705,"Slovenia",4,"Median","38",2062,6,2,8
705,"Slovenia",4,"Median","39",2062,6,2,7
705,"Slovenia",4,"Median","40",2062,5,2,7
705,"Slovenia",4,"Median","41",2062,6,2,8
705,"Slovenia",4,"Median","42",2062,7,3,9
705,"Slovenia",4,"Median","43",2062,7,3,11
705,"Slovenia",4,"Median","44",2062,8,4,12
705,"Slovenia",4,"Median","45",2062,10,5,14
705,"Slovenia",4,"Median","46",2062,10,5,16
705,"Slovenia",4,"Median","47",2062,12,5,17
705,"Slovenia",4,"Median","48",2062,13,6,19
705,"Slovenia",4,"Median","49",2062,16,7,24
705,"Slovenia",4,"Median","50",2062,21,9,31
705,"Slovenia",4,"Median","51",2062,26,12,37
705,"Slovenia",4,"Median","52",2062,28,12,40
705,"Slovenia",4,"Median","53",2062,28,13,41
705,"Slovenia",4,"Median","54",2062,30,13,43
705,"Slovenia",4,"Median","55",2062,33,13,46
705,"Slovenia",4,"Median","56",2062,35,15,50
705,"Slovenia",4,"Median","57",2062,38,16,54
705,"Slovenia",4,"Median","58",2062,40,18,58
705,"Slovenia",4,"Median","59",2062,43,18,62
705,"Slovenia",4,"Median","60",2062,48,20,68
705,"Slovenia",4,"Median","61",2062,55,24,79
705,"Slovenia",4,"Median","62",2062,62,27,89
705,"Slovenia",4,"Median","63",2062,66,27,94
705,"Slovenia",4,"Median","64",2062,71,28,100
705,"Slovenia",4,"Median","65",2062,77,32,109
705,"Slovenia",4,"Median","66",2062,84,35,119
705,"Slovenia",4,"Median","67",2062,91,37,128
705,"Slovenia",4,"Median","68",2062,96,39,135
705,"Slovenia",4,"Median","69",2062,100,42,142
705,"Slovenia",4,"Median","70",2062,110,48,158
705,"Slovenia",4,"Median","71",2062,121,55,176
705,"Slovenia",4,"Median","72",2062,133,61,193
705,"Slovenia",4,"Median","73",2062,155,71,227
705,"Slovenia",4,"Median","74",2062,190,95,285
705,"Slovenia",4,"Median","75",2062,228,125,353
705,"Slovenia",4,"Median","76",2062,276,158,434
705,"Slovenia",4,"Median","77",2062,313,186,499
705,"Slovenia",4,"Median","78",2062,340,209,549
705,"Slovenia",4,"Median","79",2062,381,240,621
705,"Slovenia",4,"Median","80",2062,431,280,711
705,"Slovenia",4,"Median","81",2062,473,324,797
705,"Slovenia",4,"Median","82",2062,513,363,877
705,"Slovenia",4,"Median","83",2062,550,398,947
705,"Slovenia",4,"Median","84",2062,571,436,1007
705,"Slovenia",4,"Median","85",2062,593,483,1077
705,"Slovenia",4,"Median","86",2062,606,524,1130
705,"Slovenia",4,"Median","87",2062,606,544,1150
705,"Slovenia",4,"Median","88",2062,608,570,1178
705,"Slovenia",4,"Median","89",2062,603,600,1202
705,"Slovenia",4,"Median","90",2062,586,610,1196
705,"Slovenia",4,"Median","91",2062,548,609,1157
705,"Slovenia",4,"Median","92",2062,517,612,1128
705,"Slovenia",4,"Median","93",2062,498,615,1114
705,"Slovenia",4,"Median","94",2062,464,621,1084
705,"Slovenia",4,"Median","95",2062,429,610,1039
705,"Slovenia",4,"Median","96",2062,384,571,955
705,"Slovenia",4,"Median","97",2062,321,508,829
705,"Slovenia",4,"Median","98",2062,263,433,696
705,"Slovenia",4,"Median","99",2062,213,363,576
705,"Slovenia",4,"Median","100",2062,81,123,204
705,"Slovenia",4,"Median","101",2062,73,117,190
705,"Slovenia",4,"Median","102",2062,66,111,177
705,"Slovenia",4,"Median","103",2062,59,106,165
705,"Slovenia",4,"Median","104",2062,53,101,154
705,"Slovenia",4,"Median","105",2062,48,96,144
705,"Slovenia",4,"Median","106",2062,43,91,134
705,"Slovenia",4,"Median","107",2062,39,87,126
705,"Slovenia",4,"Median","108",2062,35,82,117
705,"Slovenia",4,"Median","109",2062,31,78,109
705,"Slovenia",4,"Median","110",2062,28,75,103
705,"Slovenia",4,"Median","0",2063,4,3,7
705,"Slovenia",4,"Median","1",2063,1,1,1
705,"Slovenia",4,"Median","2",2063,0,0,0
705,"Slovenia",4,"Median","3",2063,0,0,0
705,"Slovenia",4,"Median","4",2063,0,0,0
705,"Slovenia",4,"Median","5",2063,0,0,0
705,"Slovenia",4,"Median","6",2063,0,0,0
705,"Slovenia",4,"Median","7",2063,0,0,0
705,"Slovenia",4,"Median","8",2063,0,0,0
705,"Slovenia",4,"Median","9",2063,0,0,0
705,"Slovenia",4,"Median","10",2063,0,0,0
705,"Slovenia",4,"Median","11",2063,0,0,0
705,"Slovenia",4,"Median","12",2063,0,0,0
705,"Slovenia",4,"Median","13",2063,0,0,1
705,"Slovenia",4,"Median","14",2063,0,0,1
705,"Slovenia",4,"Median","15",2063,1,0,1
705,"Slovenia",4,"Median","16",2063,1,0,1
705,"Slovenia",4,"Median","17",2063,1,1,2
705,"Slovenia",4,"Median","18",2063,2,1,3
705,"Slovenia",4,"Median","19",2063,3,1,3
705,"Slovenia",4,"Median","20",2063,2,1,3
705,"Slovenia",4,"Median","21",2063,2,0,2
705,"Slovenia",4,"Median","22",2063,2,1,3
705,"Slovenia",4,"Median","23",2063,2,1,3
705,"Slovenia",4,"Median","24",2063,2,1,3
705,"Slovenia",4,"Median","25",2063,2,1,3
705,"Slovenia",4,"Median","26",2063,2,1,3
705,"Slovenia",4,"Median","27",2063,2,1,3
705,"Slovenia",4,"Median","28",2063,3,1,3
705,"Slovenia",4,"Median","29",2063,3,1,3
705,"Slovenia",4,"Median","30",2063,3,1,4
705,"Slovenia",4,"Median","31",2063,3,1,4
705,"Slovenia",4,"Median","32",2063,3,1,4
705,"Slovenia",4,"Median","33",2063,3,1,4
705,"Slovenia",4,"Median","34",2063,3,1,4
705,"Slovenia",4,"Median","35",2063,3,1,4
705,"Slovenia",4,"Median","36",2063,3,2,5
705,"Slovenia",4,"Median","37",2063,4,2,6
705,"Slovenia",4,"Median","38",2063,6,2,7
705,"Slovenia",4,"Median","39",2063,5,2,7
705,"Slovenia",4,"Median","40",2063,5,2,7
705,"Slovenia",4,"Median","41",2063,5,2,7
705,"Slovenia",4,"Median","42",2063,6,2,9
705,"Slovenia",4,"Median","43",2063,7,3,10
705,"Slovenia",4,"Median","44",2063,8,4,12
705,"Slovenia",4,"Median","45",2063,9,5,14
705,"Slovenia",4,"Median","46",2063,10,5,15
705,"Slovenia",4,"Median","47",2063,11,5,17
705,"Slovenia",4,"Median","48",2063,13,6,19
705,"Slovenia",4,"Median","49",2063,16,7,23
705,"Slovenia",4,"Median","50",2063,21,9,30
705,"Slovenia",4,"Median","51",2063,25,11,36
705,"Slovenia",4,"Median","52",2063,27,12,39
705,"Slovenia",4,"Median","53",2063,28,13,41
705,"Slovenia",4,"Median","54",2063,31,13,44
705,"Slovenia",4,"Median","55",2063,34,14,48
705,"Slovenia",4,"Median","56",2063,37,15,52
705,"Slovenia",4,"Median","57",2063,39,16,55
705,"Slovenia",4,"Median","58",2063,41,18,59
705,"Slovenia",4,"Median","59",2063,44,19,63
705,"Slovenia",4,"Median","60",2063,47,20,67
705,"Slovenia",4,"Median","61",2063,52,23,75
705,"Slovenia",4,"Median","62",2063,60,26,86
705,"Slovenia",4,"Median","63",2063,65,27,92
705,"Slovenia",4,"Median","64",2063,67,27,94
705,"Slovenia",4,"Median","65",2063,73,30,103
705,"Slovenia",4,"Median","66",2063,82,34,116
705,"Slovenia",4,"Median","67",2063,89,36,125
705,"Slovenia",4,"Median","68",2063,93,38,131
705,"Slovenia",4,"Median","69",2063,98,41,138
705,"Slovenia",4,"Median","70",2063,105,45,150
705,"Slovenia",4,"Median","71",2063,115,51,166
705,"Slovenia",4,"Median","72",2063,127,57,185
705,"Slovenia",4,"Median","73",2063,144,66,209
705,"Slovenia",4,"Median","74",2063,179,88,268
705,"Slovenia",4,"Median","75",2063,227,123,350
705,"Slovenia",4,"Median","76",2063,272,154,426
705,"Slovenia",4,"Median","77",2063,304,178,481
705,"Slovenia",4,"Median","78",2063,331,203,534
705,"Slovenia",4,"Median","79",2063,366,232,597
705,"Slovenia",4,"Median","80",2063,412,268,680
705,"Slovenia",4,"Median","81",2063,461,309,770
705,"Slovenia",4,"Median","82",2063,501,355,856
705,"Slovenia",4,"Median","83",2063,543,398,941
705,"Slovenia",4,"Median","84",2063,579,434,1013
705,"Slovenia",4,"Median","85",2063,596,472,1068
705,"Slovenia",4,"Median","86",2063,614,520,1134
705,"Slovenia",4,"Median","87",2063,622,560,1182
705,"Slovenia",4,"Median","88",2063,616,576,1192
705,"Slovenia",4,"Median","89",2063,611,597,1208
705,"Slovenia",4,"Median","90",2063,598,621,1219
705,"Slovenia",4,"Median","91",2063,573,624,1197
705,"Slovenia",4,"Median","92",2063,528,614,1142
705,"Slovenia",4,"Median","93",2063,490,606,1096
705,"Slovenia",4,"Median","94",2063,464,599,1062
705,"Slovenia",4,"Median","95",2063,423,592,1015
705,"Slovenia",4,"Median","96",2063,383,568,951
705,"Slovenia",4,"Median","97",2063,335,519,854
705,"Slovenia",4,"Median","98",2063,273,449,722
705,"Slovenia",4,"Median","99",2063,218,372,590
705,"Slovenia",4,"Median","100",2063,84,125,209
705,"Slovenia",4,"Median","101",2063,76,120,196
705,"Slovenia",4,"Median","102",2063,68,114,182
705,"Slovenia",4,"Median","103",2063,61,109,170
705,"Slovenia",4,"Median","104",2063,55,103,158
705,"Slovenia",4,"Median","105",2063,50,99,149
705,"Slovenia",4,"Median","106",2063,45,94,139
705,"Slovenia",4,"Median","107",2063,40,90,130
705,"Slovenia",4,"Median","108",2063,36,85,121
705,"Slovenia",4,"Median","109",2063,33,81,114
705,"Slovenia",4,"Median","110",2063,29,77,106
705,"Slovenia",4,"Median","0",2064,4,3,7
705,"Slovenia",4,"Median","1",2064,1,1,1
705,"Slovenia",4,"Median","2",2064,0,0,0
705,"Slovenia",4,"Median","3",2064,0,0,0
705,"Slovenia",4,"Median","4",2064,0,0,0
705,"Slovenia",4,"Median","5",2064,0,0,0
705,"Slovenia",4,"Median","6",2064,0,0,0
705,"Slovenia",4,"Median","7",2064,0,0,0
705,"Slovenia",4,"Median","8",2064,0,0,0
705,"Slovenia",4,"Median","9",2064,0,0,0
705,"Slovenia",4,"Median","10",2064,0,0,0
705,"Slovenia",4,"Median","11",2064,0,0,0
705,"Slovenia",4,"Median","12",2064,0,0,0
705,"Slovenia",4,"Median","13",2064,0,0,1
705,"Slovenia",4,"Median","14",2064,0,0,1
705,"Slovenia",4,"Median","15",2064,0,0,1
705,"Slovenia",4,"Median","16",2064,1,0,1
705,"Slovenia",4,"Median","17",2064,1,0,2
705,"Slovenia",4,"Median","18",2064,2,1,3
705,"Slovenia",4,"Median","19",2064,3,1,3
705,"Slovenia",4,"Median","20",2064,2,1,3
705,"Slovenia",4,"Median","21",2064,2,0,2
705,"Slovenia",4,"Median","22",2064,2,1,3
705,"Slovenia",4,"Median","23",2064,2,1,3
705,"Slovenia",4,"Median","24",2064,2,1,3
705,"Slovenia",4,"Median","25",2064,2,1,3
705,"Slovenia",4,"Median","26",2064,2,1,3
705,"Slovenia",4,"Median","27",2064,2,1,3
705,"Slovenia",4,"Median","28",2064,3,1,3
705,"Slovenia",4,"Median","29",2064,3,1,3
705,"Slovenia",4,"Median","30",2064,3,1,4
705,"Slovenia",4,"Median","31",2064,3,1,4
705,"Slovenia",4,"Median","32",2064,3,1,4
705,"Slovenia",4,"Median","33",2064,3,1,4
705,"Slovenia",4,"Median","34",2064,3,1,4
705,"Slovenia",4,"Median","35",2064,3,1,4
705,"Slovenia",4,"Median","36",2064,3,1,4
705,"Slovenia",4,"Median","37",2064,4,2,6
705,"Slovenia",4,"Median","38",2064,5,2,7
705,"Slovenia",4,"Median","39",2064,5,2,7
705,"Slovenia",4,"Median","40",2064,5,2,6
705,"Slovenia",4,"Median","41",2064,5,2,7
705,"Slovenia",4,"Median","42",2064,6,2,9
705,"Slovenia",4,"Median","43",2064,7,3,10
705,"Slovenia",4,"Median","44",2064,8,4,11
705,"Slovenia",4,"Median","45",2064,9,4,13
705,"Slovenia",4,"Median","46",2064,10,5,15
705,"Slovenia",4,"Median","47",2064,11,5,16
705,"Slovenia",4,"Median","48",2064,13,6,18
705,"Slovenia",4,"Median","49",2064,16,7,22
705,"Slovenia",4,"Median","50",2064,20,9,29
705,"Slovenia",4,"Median","51",2064,24,11,35
705,"Slovenia",4,"Median","52",2064,26,12,38
705,"Slovenia",4,"Median","53",2064,28,12,40
705,"Slovenia",4,"Median","54",2064,31,13,44
705,"Slovenia",4,"Median","55",2064,35,14,49
705,"Slovenia",4,"Median","56",2064,38,16,54
705,"Slovenia",4,"Median","57",2064,40,17,58
705,"Slovenia",4,"Median","58",2064,43,18,61
705,"Slovenia",4,"Median","59",2064,45,19,65
705,"Slovenia",4,"Median","60",2064,48,21,69
705,"Slovenia",4,"Median","61",2064,52,23,75
705,"Slovenia",4,"Median","62",2064,57,25,82
705,"Slovenia",4,"Median","63",2064,62,26,89
705,"Slovenia",4,"Median","64",2064,66,27,93
705,"Slovenia",4,"Median","65",2064,69,29,98
705,"Slovenia",4,"Median","66",2064,77,32,110
705,"Slovenia",4,"Median","67",2064,87,35,121
705,"Slovenia",4,"Median","68",2064,92,36,128
705,"Slovenia",4,"Median","69",2064,95,39,134
705,"Slovenia",4,"Median","70",2064,102,44,145
705,"Slovenia",4,"Median","71",2064,109,48,157
705,"Slovenia",4,"Median","72",2064,121,53,174
705,"Slovenia",4,"Median","73",2064,138,62,200
705,"Slovenia",4,"Median","74",2064,166,81,247
705,"Slovenia",4,"Median","75",2064,215,114,329
705,"Slovenia",4,"Median","76",2064,270,152,422
705,"Slovenia",4,"Median","77",2064,299,174,473
705,"Slovenia",4,"Median","78",2064,321,193,515
705,"Slovenia",4,"Median","79",2064,356,224,581
705,"Slovenia",4,"Median","80",2064,396,259,655
705,"Slovenia",4,"Median","81",2064,441,296,737
705,"Slovenia",4,"Median","82",2064,489,339,827
705,"Slovenia",4,"Median","83",2064,531,389,920
705,"Slovenia",4,"Median","84",2064,573,435,1007
705,"Slovenia",4,"Median","85",2064,605,471,1075
705,"Slovenia",4,"Median","86",2064,618,508,1126
705,"Slovenia",4,"Median","87",2064,631,556,1187
705,"Slovenia",4,"Median","88",2064,633,594,1227
705,"Slovenia",4,"Median","89",2064,620,604,1224
705,"Slovenia",4,"Median","90",2064,608,619,1227
705,"Slovenia",4,"Median","91",2064,586,636,1223
705,"Slovenia",4,"Median","92",2064,554,630,1184
705,"Slovenia",4,"Median","93",2064,502,609,1111
705,"Slovenia",4,"Median","94",2064,457,591,1048
705,"Slovenia",4,"Median","95",2064,424,572,996
705,"Slovenia",4,"Median","96",2064,378,552,931
705,"Slovenia",4,"Median","97",2064,335,518,852
705,"Slovenia",4,"Median","98",2064,285,460,745
705,"Slovenia",4,"Median","99",2064,227,387,613
705,"Slovenia",4,"Median","100",2064,87,129,216
705,"Slovenia",4,"Median","101",2064,79,123,202
705,"Slovenia",4,"Median","102",2064,71,117,188
705,"Slovenia",4,"Median","103",2064,64,112,176
705,"Slovenia",4,"Median","104",2064,57,107,164
705,"Slovenia",4,"Median","105",2064,52,102,154
705,"Slovenia",4,"Median","106",2064,46,97,143
705,"Slovenia",4,"Median","107",2064,42,92,134
705,"Slovenia",4,"Median","108",2064,38,88,126
705,"Slovenia",4,"Median","109",2064,34,84,118
705,"Slovenia",4,"Median","110",2064,30,80,110
705,"Slovenia",4,"Median","0",2065,4,3,7
705,"Slovenia",4,"Median","1",2065,1,1,1
705,"Slovenia",4,"Median","2",2065,0,0,0
705,"Slovenia",4,"Median","3",2065,0,0,0
705,"Slovenia",4,"Median","4",2065,0,0,0
705,"Slovenia",4,"Median","5",2065,0,0,0
705,"Slovenia",4,"Median","6",2065,0,0,0
705,"Slovenia",4,"Median","7",2065,0,0,0
705,"Slovenia",4,"Median","8",2065,0,0,0
705,"Slovenia",4,"Median","9",2065,0,0,0
705,"Slovenia",4,"Median","10",2065,0,0,0
705,"Slovenia",4,"Median","11",2065,0,0,0
705,"Slovenia",4,"Median","12",2065,0,0,0
705,"Slovenia",4,"Median","13",2065,0,0,1
705,"Slovenia",4,"Median","14",2065,0,0,1
705,"Slovenia",4,"Median","15",2065,0,0,1
705,"Slovenia",4,"Median","16",2065,1,0,1
705,"Slovenia",4,"Median","17",2065,1,0,2
705,"Slovenia",4,"Median","18",2065,2,1,3
705,"Slovenia",4,"Median","19",2065,2,1,3
705,"Slovenia",4,"Median","20",2065,2,1,3
705,"Slovenia",4,"Median","21",2065,2,0,2
705,"Slovenia",4,"Median","22",2065,2,1,3
705,"Slovenia",4,"Median","23",2065,2,1,3
705,"Slovenia",4,"Median","24",2065,2,1,3
705,"Slovenia",4,"Median","25",2065,2,1,3
705,"Slovenia",4,"Median","26",2065,2,1,3
705,"Slovenia",4,"Median","27",2065,2,1,3
705,"Slovenia",4,"Median","28",2065,3,1,3
705,"Slovenia",4,"Median","29",2065,3,1,3
705,"Slovenia",4,"Median","30",2065,3,1,4
705,"Slovenia",4,"Median","31",2065,3,1,4
705,"Slovenia",4,"Median","32",2065,3,1,4
705,"Slovenia",4,"Median","33",2065,3,1,4
705,"Slovenia",4,"Median","34",2065,3,1,4
705,"Slovenia",4,"Median","35",2065,3,1,4
705,"Slovenia",4,"Median","36",2065,3,1,4
705,"Slovenia",4,"Median","37",2065,4,2,6
705,"Slovenia",4,"Median","38",2065,5,2,7
705,"Slovenia",4,"Median","39",2065,5,2,7
705,"Slovenia",4,"Median","40",2065,5,2,6
705,"Slovenia",4,"Median","41",2065,5,2,7
705,"Slovenia",4,"Median","42",2065,6,2,8
705,"Slovenia",4,"Median","43",2065,7,3,10
705,"Slovenia",4,"Median","44",2065,8,4,11
705,"Slovenia",4,"Median","45",2065,9,4,13
705,"Slovenia",4,"Median","46",2065,10,5,14
705,"Slovenia",4,"Median","47",2065,11,5,16
705,"Slovenia",4,"Median","48",2065,12,6,18
705,"Slovenia",4,"Median","49",2065,15,7,22
705,"Slovenia",4,"Median","50",2065,20,8,28
705,"Slovenia",4,"Median","51",2065,24,10,34
705,"Slovenia",4,"Median","52",2065,26,12,37
705,"Slovenia",4,"Median","53",2065,27,12,39
705,"Slovenia",4,"Median","54",2065,30,13,43
705,"Slovenia",4,"Median","55",2065,35,14,49
705,"Slovenia",4,"Median","56",2065,39,16,55
705,"Slovenia",4,"Median","57",2065,42,18,60
705,"Slovenia",4,"Median","58",2065,44,19,63
705,"Slovenia",4,"Median","59",2065,47,20,66
705,"Slovenia",4,"Median","60",2065,49,21,71
705,"Slovenia",4,"Median","61",2065,53,23,76
705,"Slovenia",4,"Median","62",2065,56,25,82
705,"Slovenia",4,"Median","63",2065,59,25,85
705,"Slovenia",4,"Median","64",2065,63,26,89
705,"Slovenia",4,"Median","65",2065,67,29,95
705,"Slovenia",4,"Median","66",2065,73,31,104
705,"Slovenia",4,"Median","67",2065,82,33,115
705,"Slovenia",4,"Median","68",2065,89,35,124
705,"Slovenia",4,"Median","69",2065,93,37,131
705,"Slovenia",4,"Median","70",2065,98,42,140
705,"Slovenia",4,"Median","71",2065,106,46,152
705,"Slovenia",4,"Median","72",2065,114,50,164
705,"Slovenia",4,"Median","73",2065,131,58,188
705,"Slovenia",4,"Median","74",2065,159,77,236
705,"Slovenia",4,"Median","75",2065,199,106,304
705,"Slovenia",4,"Median","76",2065,256,142,397
705,"Slovenia",4,"Median","77",2065,297,171,469
705,"Slovenia",4,"Median","78",2065,317,189,506
705,"Slovenia",4,"Median","79",2065,346,214,560
705,"Slovenia",4,"Median","80",2065,386,251,637
705,"Slovenia",4,"Median","81",2065,423,286,710
705,"Slovenia",4,"Median","82",2065,468,325,792
705,"Slovenia",4,"Median","83",2065,517,371,889
705,"Slovenia",4,"Median","84",2065,560,425,985
705,"Slovenia",4,"Median","85",2065,598,472,1070
705,"Slovenia",4,"Median","86",2065,626,507,1133
705,"Slovenia",4,"Median","87",2065,635,544,1179
705,"Slovenia",4,"Median","88",2065,642,590,1232
705,"Slovenia",4,"Median","89",2065,637,624,1261
705,"Slovenia",4,"Median","90",2065,617,628,1244
705,"Slovenia",4,"Median","91",2065,596,635,1231
705,"Slovenia",4,"Median","92",2065,567,643,1210
705,"Slovenia",4,"Median","93",2065,526,627,1153
705,"Slovenia",4,"Median","94",2065,468,595,1063
705,"Slovenia",4,"Median","95",2065,418,565,983
705,"Slovenia",4,"Median","96",2065,380,535,914
705,"Slovenia",4,"Median","97",2065,331,504,835
705,"Slovenia",4,"Median","98",2065,286,460,746
705,"Slovenia",4,"Median","99",2065,237,397,634
705,"Slovenia",4,"Median","100",2065,91,134,225
705,"Slovenia",4,"Median","101",2065,82,128,210
705,"Slovenia",4,"Median","102",2065,74,122,196
705,"Slovenia",4,"Median","103",2065,66,116,182
705,"Slovenia",4,"Median","104",2065,60,110,170
705,"Slovenia",4,"Median","105",2065,54,105,159
705,"Slovenia",4,"Median","106",2065,48,100,148
705,"Slovenia",4,"Median","107",2065,43,95,138
705,"Slovenia",4,"Median","108",2065,39,91,130
705,"Slovenia",4,"Median","109",2065,35,86,121
705,"Slovenia",4,"Median","110",2065,31,82,113
705,"Slovenia",4,"Median","0",2066,4,3,7
705,"Slovenia",4,"Median","1",2066,1,1,1
705,"Slovenia",4,"Median","2",2066,0,0,0
705,"Slovenia",4,"Median","3",2066,0,0,0
705,"Slovenia",4,"Median","4",2066,0,0,0
705,"Slovenia",4,"Median","5",2066,0,0,0
705,"Slovenia",4,"Median","6",2066,0,0,0
705,"Slovenia",4,"Median","7",2066,0,0,0
705,"Slovenia",4,"Median","8",2066,0,0,0
705,"Slovenia",4,"Median","9",2066,0,0,0
705,"Slovenia",4,"Median","10",2066,0,0,0
705,"Slovenia",4,"Median","11",2066,0,0,0
705,"Slovenia",4,"Median","12",2066,0,0,0
705,"Slovenia",4,"Median","13",2066,0,0,1
705,"Slovenia",4,"Median","14",2066,0,0,1
705,"Slovenia",4,"Median","15",2066,0,0,1
705,"Slovenia",4,"Median","16",2066,1,0,1
705,"Slovenia",4,"Median","17",2066,1,0,2
705,"Slovenia",4,"Median","18",2066,2,1,3
705,"Slovenia",4,"Median","19",2066,2,1,3
705,"Slovenia",4,"Median","20",2066,2,1,3
705,"Slovenia",4,"Median","21",2066,2,0,2
705,"Slovenia",4,"Median","22",2066,2,1,3
705,"Slovenia",4,"Median","23",2066,2,1,3
705,"Slovenia",4,"Median","24",2066,2,1,3
705,"Slovenia",4,"Median","25",2066,2,1,3
705,"Slovenia",4,"Median","26",2066,2,1,3
705,"Slovenia",4,"Median","27",2066,2,1,3
705,"Slovenia",4,"Median","28",2066,3,1,3
705,"Slovenia",4,"Median","29",2066,3,1,3
705,"Slovenia",4,"Median","30",2066,3,1,4
705,"Slovenia",4,"Median","31",2066,3,1,4
705,"Slovenia",4,"Median","32",2066,3,1,4
705,"Slovenia",4,"Median","33",2066,3,1,4
705,"Slovenia",4,"Median","34",2066,3,1,4
705,"Slovenia",4,"Median","35",2066,3,1,4
705,"Slovenia",4,"Median","36",2066,3,1,4
705,"Slovenia",4,"Median","37",2066,4,2,5
705,"Slovenia",4,"Median","38",2066,5,2,7
705,"Slovenia",4,"Median","39",2066,5,2,7
705,"Slovenia",4,"Median","40",2066,4,2,6
705,"Slovenia",4,"Median","41",2066,5,2,7
705,"Slovenia",4,"Median","42",2066,6,2,8
705,"Slovenia",4,"Median","43",2066,6,3,9
705,"Slovenia",4,"Median","44",2066,7,3,11
705,"Slovenia",4,"Median","45",2066,8,4,13
705,"Slovenia",4,"Median","46",2066,9,5,14
705,"Slovenia",4,"Median","47",2066,10,5,15
705,"Slovenia",4,"Median","48",2066,12,5,17
705,"Slovenia",4,"Median","49",2066,15,6,21
705,"Slovenia",4,"Median","50",2066,19,8,27
705,"Slovenia",4,"Median","51",2066,23,10,33
705,"Slovenia",4,"Median","52",2066,25,11,36
705,"Slovenia",4,"Median","53",2066,26,12,38
705,"Slovenia",4,"Median","54",2066,30,12,42
705,"Slovenia",4,"Median","55",2066,34,14,48
705,"Slovenia",4,"Median","56",2066,39,16,55
705,"Slovenia",4,"Median","57",2066,43,18,61
705,"Slovenia",4,"Median","58",2066,46,20,66
705,"Slovenia",4,"Median","59",2066,48,21,69
705,"Slovenia",4,"Median","60",2066,51,22,73
705,"Slovenia",4,"Median","61",2066,54,24,78
705,"Slovenia",4,"Median","62",2066,57,26,83
705,"Slovenia",4,"Median","63",2066,59,25,84
705,"Slovenia",4,"Median","64",2066,60,25,85
705,"Slovenia",4,"Median","65",2066,64,28,92
705,"Slovenia",4,"Median","66",2066,71,31,102
705,"Slovenia",4,"Median","67",2066,77,31,109
705,"Slovenia",4,"Median","68",2066,83,33,117
705,"Slovenia",4,"Median","69",2066,90,36,126
705,"Slovenia",4,"Median","70",2066,97,40,137
705,"Slovenia",4,"Median","71",2066,102,45,147
705,"Slovenia",4,"Median","72",2066,111,48,159
705,"Slovenia",4,"Median","73",2066,123,54,177
705,"Slovenia",4,"Median","74",2066,151,71,222
705,"Slovenia",4,"Median","75",2066,191,100,291
705,"Slovenia",4,"Median","76",2066,237,131,368
705,"Slovenia",4,"Median","77",2066,282,160,441
705,"Slovenia",4,"Median","78",2066,314,187,501
705,"Slovenia",4,"Median","79",2066,341,210,550
705,"Slovenia",4,"Median","80",2066,374,240,614
705,"Slovenia",4,"Median","81",2066,413,278,690
705,"Slovenia",4,"Median","82",2066,449,314,763
705,"Slovenia",4,"Median","83",2066,495,357,852
705,"Slovenia",4,"Median","84",2066,546,406,952
705,"Slovenia",4,"Median","85",2066,585,461,1047
705,"Slovenia",4,"Median","86",2066,620,509,1129
705,"Slovenia",4,"Median","87",2066,645,543,1188
705,"Slovenia",4,"Median","88",2066,647,578,1225
705,"Slovenia",4,"Median","89",2066,647,620,1268
705,"Slovenia",4,"Median","90",2066,634,649,1283
705,"Slovenia",4,"Median","91",2066,606,645,1251
705,"Slovenia",4,"Median","92",2066,577,643,1220
705,"Slovenia",4,"Median","93",2066,540,641,1181
705,"Slovenia",4,"Median","94",2066,492,613,1105
705,"Slovenia",4,"Median","95",2066,429,570,1000
705,"Slovenia",4,"Median","96",2066,375,530,905
705,"Slovenia",4,"Median","97",2066,333,489,822
705,"Slovenia",4,"Median","98",2066,283,449,732
705,"Slovenia",4,"Median","99",2066,238,398,636
705,"Slovenia",4,"Median","100",2066,96,142,238
705,"Slovenia",4,"Median","101",2066,86,135,221
705,"Slovenia",4,"Median","102",2066,77,128,205
705,"Slovenia",4,"Median","103",2066,69,121,190
705,"Slovenia",4,"Median","104",2066,62,114,176
705,"Slovenia",4,"Median","105",2066,56,108,164
705,"Slovenia",4,"Median","106",2066,50,103,153
705,"Slovenia",4,"Median","107",2066,45,97,142
705,"Slovenia",4,"Median","108",2066,40,92,132
705,"Slovenia",4,"Median","109",2066,36,87,123
705,"Slovenia",4,"Median","110",2066,32,83,115
705,"Slovenia",4,"Median","0",2067,4,3,7
705,"Slovenia",4,"Median","1",2067,1,1,1
705,"Slovenia",4,"Median","2",2067,0,0,0
705,"Slovenia",4,"Median","3",2067,0,0,0
705,"Slovenia",4,"Median","4",2067,0,0,0
705,"Slovenia",4,"Median","5",2067,0,0,0
705,"Slovenia",4,"Median","6",2067,0,0,0
705,"Slovenia",4,"Median","7",2067,0,0,0
705,"Slovenia",4,"Median","8",2067,0,0,0
705,"Slovenia",4,"Median","9",2067,0,0,0
705,"Slovenia",4,"Median","10",2067,0,0,0
705,"Slovenia",4,"Median","11",2067,0,0,0
705,"Slovenia",4,"Median","12",2067,0,0,0
705,"Slovenia",4,"Median","13",2067,0,0,1
705,"Slovenia",4,"Median","14",2067,0,0,1
705,"Slovenia",4,"Median","15",2067,0,0,1
705,"Slovenia",4,"Median","16",2067,1,0,1
705,"Slovenia",4,"Median","17",2067,1,0,2
705,"Slovenia",4,"Median","18",2067,2,1,3
705,"Slovenia",4,"Median","19",2067,2,1,3
705,"Slovenia",4,"Median","20",2067,2,1,3
705,"Slovenia",4,"Median","21",2067,2,0,2
705,"Slovenia",4,"Median","22",2067,2,1,3
705,"Slovenia",4,"Median","23",2067,2,1,3
705,"Slovenia",4,"Median","24",2067,2,1,3
705,"Slovenia",4,"Median","25",2067,2,1,3
705,"Slovenia",4,"Median","26",2067,2,1,3
705,"Slovenia",4,"Median","27",2067,2,1,3
705,"Slovenia",4,"Median","28",2067,2,1,3
705,"Slovenia",4,"Median","29",2067,3,1,3
705,"Slovenia",4,"Median","30",2067,3,1,4
705,"Slovenia",4,"Median","31",2067,3,1,4
705,"Slovenia",4,"Median","32",2067,3,1,4
705,"Slovenia",4,"Median","33",2067,3,1,4
705,"Slovenia",4,"Median","34",2067,3,1,4
705,"Slovenia",4,"Median","35",2067,3,1,4
705,"Slovenia",4,"Median","36",2067,3,1,4
705,"Slovenia",4,"Median","37",2067,4,2,5
705,"Slovenia",4,"Median","38",2067,5,2,7
705,"Slovenia",4,"Median","39",2067,5,2,6
705,"Slovenia",4,"Median","40",2067,4,2,6
705,"Slovenia",4,"Median","41",2067,5,2,6
705,"Slovenia",4,"Median","42",2067,6,2,8
705,"Slovenia",4,"Median","43",2067,6,3,9
705,"Slovenia",4,"Median","44",2067,7,3,10
705,"Slovenia",4,"Median","45",2067,8,4,12
705,"Slovenia",4,"Median","46",2067,9,4,13
705,"Slovenia",4,"Median","47",2067,10,5,15
705,"Slovenia",4,"Median","48",2067,12,5,17
705,"Slovenia",4,"Median","49",2067,15,6,21
705,"Slovenia",4,"Median","50",2067,19,8,27
705,"Slovenia",4,"Median","51",2067,22,10,32
705,"Slovenia",4,"Median","52",2067,24,11,35
705,"Slovenia",4,"Median","53",2067,25,11,36
705,"Slovenia",4,"Median","54",2067,29,12,41
705,"Slovenia",4,"Median","55",2067,34,13,47
705,"Slovenia",4,"Median","56",2067,39,16,54
705,"Slovenia",4,"Median","57",2067,43,18,61
705,"Slovenia",4,"Median","58",2067,47,21,68
705,"Slovenia",4,"Median","59",2067,50,22,72
705,"Slovenia",4,"Median","60",2067,53,22,75
705,"Slovenia",4,"Median","61",2067,56,24,80
705,"Slovenia",4,"Median","62",2067,59,26,85
705,"Slovenia",4,"Median","63",2067,60,26,85
705,"Slovenia",4,"Median","64",2067,59,25,84
705,"Slovenia",4,"Median","65",2067,61,27,88
705,"Slovenia",4,"Median","66",2067,68,30,98
705,"Slovenia",4,"Median","67",2067,75,31,106
705,"Slovenia",4,"Median","68",2067,79,32,110
705,"Slovenia",4,"Median","69",2067,85,34,119
705,"Slovenia",4,"Median","70",2067,94,39,132
705,"Slovenia",4,"Median","71",2067,101,43,143
705,"Slovenia",4,"Median","72",2067,108,46,154
705,"Slovenia",4,"Median","73",2067,120,52,172
705,"Slovenia",4,"Median","74",2067,143,67,210
705,"Slovenia",4,"Median","75",2067,182,93,274
705,"Slovenia",4,"Median","76",2067,228,124,352
705,"Slovenia",4,"Median","77",2067,262,148,409
705,"Slovenia",4,"Median","78",2067,298,174,472
705,"Slovenia",4,"Median","79",2067,339,206,545
705,"Slovenia",4,"Median","80",2067,370,234,604
705,"Slovenia",4,"Median","81",2067,402,265,666
705,"Slovenia",4,"Median","82",2067,439,304,743
705,"Slovenia",4,"Median","83",2067,477,344,821
705,"Slovenia",4,"Median","84",2067,524,390,913
705,"Slovenia",4,"Median","85",2067,572,441,1012
705,"Slovenia",4,"Median","86",2067,608,497,1105
705,"Slovenia",4,"Median","87",2067,640,545,1184
705,"Slovenia",4,"Median","88",2067,658,577,1235
705,"Slovenia",4,"Median","89",2067,654,607,1261
705,"Slovenia",4,"Median","90",2067,646,645,1291
705,"Slovenia",4,"Median","91",2067,625,667,1291
705,"Slovenia",4,"Median","92",2067,588,653,1241
705,"Slovenia",4,"Median","93",2067,551,641,1192
705,"Slovenia",4,"Median","94",2067,506,627,1133
705,"Slovenia",4,"Median","95",2067,453,588,1040
705,"Slovenia",4,"Median","96",2067,386,535,921
705,"Slovenia",4,"Median","97",2067,330,485,815
705,"Slovenia",4,"Median","98",2067,285,436,721
705,"Slovenia",4,"Median","99",2067,236,389,625
705,"Slovenia",4,"Median","100",2067,101,149,250
705,"Slovenia",4,"Median","101",2067,90,140,230
705,"Slovenia",4,"Median","102",2067,81,132,213
705,"Slovenia",4,"Median","103",2067,72,125,197
705,"Slovenia",4,"Median","104",2067,64,118,182
705,"Slovenia",4,"Median","105",2067,57,111,168
705,"Slovenia",4,"Median","106",2067,51,105,156
705,"Slovenia",4,"Median","107",2067,46,99,145
705,"Slovenia",4,"Median","108",2067,41,93,134
705,"Slovenia",4,"Median","109",2067,37,88,125
705,"Slovenia",4,"Median","110",2067,33,83,116
705,"Slovenia",4,"Median","0",2068,4,3,7
705,"Slovenia",4,"Median","1",2068,1,1,1
705,"Slovenia",4,"Median","2",2068,0,0,0
705,"Slovenia",4,"Median","3",2068,0,0,0
705,"Slovenia",4,"Median","4",2068,0,0,0
705,"Slovenia",4,"Median","5",2068,0,0,0
705,"Slovenia",4,"Median","6",2068,0,0,0
705,"Slovenia",4,"Median","7",2068,0,0,0
705,"Slovenia",4,"Median","8",2068,0,0,0
705,"Slovenia",4,"Median","9",2068,0,0,0
705,"Slovenia",4,"Median","10",2068,0,0,0
705,"Slovenia",4,"Median","11",2068,0,0,0
705,"Slovenia",4,"Median","12",2068,0,0,0
705,"Slovenia",4,"Median","13",2068,0,0,1
705,"Slovenia",4,"Median","14",2068,0,0,1
705,"Slovenia",4,"Median","15",2068,0,0,1
705,"Slovenia",4,"Median","16",2068,1,0,1
705,"Slovenia",4,"Median","17",2068,1,0,2
705,"Slovenia",4,"Median","18",2068,2,1,3
705,"Slovenia",4,"Median","19",2068,2,1,3
705,"Slovenia",4,"Median","20",2068,2,1,3
705,"Slovenia",4,"Median","21",2068,2,0,2
705,"Slovenia",4,"Median","22",2068,2,1,3
705,"Slovenia",4,"Median","23",2068,2,1,3
705,"Slovenia",4,"Median","24",2068,2,1,3
705,"Slovenia",4,"Median","25",2068,2,1,3
705,"Slovenia",4,"Median","26",2068,2,1,3
705,"Slovenia",4,"Median","27",2068,2,1,3
705,"Slovenia",4,"Median","28",2068,2,1,3
705,"Slovenia",4,"Median","29",2068,3,1,3
705,"Slovenia",4,"Median","30",2068,3,1,4
705,"Slovenia",4,"Median","31",2068,3,1,4
705,"Slovenia",4,"Median","32",2068,3,1,4
705,"Slovenia",4,"Median","33",2068,3,1,4
705,"Slovenia",4,"Median","34",2068,3,1,4
705,"Slovenia",4,"Median","35",2068,3,1,4
705,"Slovenia",4,"Median","36",2068,3,1,4
705,"Slovenia",4,"Median","37",2068,4,2,5
705,"Slovenia",4,"Median","38",2068,5,2,6
705,"Slovenia",4,"Median","39",2068,5,2,6
705,"Slovenia",4,"Median","40",2068,4,1,6
705,"Slovenia",4,"Median","41",2068,5,2,6
705,"Slovenia",4,"Median","42",2068,5,2,7
705,"Slovenia",4,"Median","43",2068,6,2,9
705,"Slovenia",4,"Median","44",2068,7,3,10
705,"Slovenia",4,"Median","45",2068,8,4,12
705,"Slovenia",4,"Median","46",2068,9,4,13
705,"Slovenia",4,"Median","47",2068,10,4,14
705,"Slovenia",4,"Median","48",2068,11,5,16
705,"Slovenia",4,"Median","49",2068,14,6,20
705,"Slovenia",4,"Median","50",2068,18,8,26
705,"Slovenia",4,"Median","51",2068,22,10,32
705,"Slovenia",4,"Median","52",2068,24,10,34
705,"Slovenia",4,"Median","53",2068,25,11,35
705,"Slovenia",4,"Median","54",2068,28,12,39
705,"Slovenia",4,"Median","55",2068,32,13,45
705,"Slovenia",4,"Median","56",2068,38,15,53
705,"Slovenia",4,"Median","57",2068,42,18,60
705,"Slovenia",4,"Median","58",2068,47,20,67
705,"Slovenia",4,"Median","59",2068,52,22,74
705,"Slovenia",4,"Median","60",2068,55,24,79
705,"Slovenia",4,"Median","61",2068,58,25,83
705,"Slovenia",4,"Median","62",2068,61,27,88
705,"Slovenia",4,"Median","63",2068,62,27,88
705,"Slovenia",4,"Median","64",2068,60,25,86
705,"Slovenia",4,"Median","65",2068,61,26,87
705,"Slovenia",4,"Median","66",2068,65,28,93
705,"Slovenia",4,"Median","67",2068,72,30,102
705,"Slovenia",4,"Median","68",2068,77,31,108
705,"Slovenia",4,"Median","69",2068,80,32,113
705,"Slovenia",4,"Median","70",2068,88,37,125
705,"Slovenia",4,"Median","71",2068,98,41,138
705,"Slovenia",4,"Median","72",2068,106,44,150
705,"Slovenia",4,"Median","73",2068,116,50,167
705,"Slovenia",4,"Median","74",2068,139,65,204
705,"Slovenia",4,"Median","75",2068,172,87,260
705,"Slovenia",4,"Median","76",2068,218,115,333
705,"Slovenia",4,"Median","77",2068,252,140,392
705,"Slovenia",4,"Median","78",2068,277,161,438
705,"Slovenia",4,"Median","79",2068,322,193,515
705,"Slovenia",4,"Median","80",2068,369,231,600
705,"Slovenia",4,"Median","81",2068,397,260,657
705,"Slovenia",4,"Median","82",2068,427,291,718
705,"Slovenia",4,"Median","83",2068,466,334,801
705,"Slovenia",4,"Median","84",2068,505,378,883
705,"Slovenia",4,"Median","85",2068,549,424,974
705,"Slovenia",4,"Median","86",2068,595,476,1071
705,"Slovenia",4,"Median","87",2068,628,534,1162
705,"Slovenia",4,"Median","88",2068,654,580,1235
705,"Slovenia",4,"Median","89",2068,666,608,1275
705,"Slovenia",4,"Median","90",2068,654,634,1288
705,"Slovenia",4,"Median","91",2068,638,665,1302
705,"Slovenia",4,"Median","92",2068,608,677,1285
705,"Slovenia",4,"Median","93",2068,563,653,1215
705,"Slovenia",4,"Median","94",2068,518,629,1147
705,"Slovenia",4,"Median","95",2068,466,603,1070
705,"Slovenia",4,"Median","96",2068,408,553,961
705,"Slovenia",4,"Median","97",2068,341,491,832
705,"Slovenia",4,"Median","98",2068,284,434,717
705,"Slovenia",4,"Median","99",2068,239,379,618
705,"Slovenia",4,"Median","100",2068,104,152,256
705,"Slovenia",4,"Median","101",2068,92,143,235
705,"Slovenia",4,"Median","102",2068,83,135,218
705,"Slovenia",4,"Median","103",2068,74,127,201
705,"Slovenia",4,"Median","104",2068,66,120,186
705,"Slovenia",4,"Median","105",2068,59,113,172
705,"Slovenia",4,"Median","106",2068,52,106,158
705,"Slovenia",4,"Median","107",2068,47,100,147
705,"Slovenia",4,"Median","108",2068,42,95,137
705,"Slovenia",4,"Median","109",2068,37,89,126
705,"Slovenia",4,"Median","110",2068,33,84,117
705,"Slovenia",4,"Median","0",2069,4,3,7
705,"Slovenia",4,"Median","1",2069,1,1,1
705,"Slovenia",4,"Median","2",2069,0,0,0
705,"Slovenia",4,"Median","3",2069,0,0,0
705,"Slovenia",4,"Median","4",2069,0,0,0
705,"Slovenia",4,"Median","5",2069,0,0,0
705,"Slovenia",4,"Median","6",2069,0,0,0
705,"Slovenia",4,"Median","7",2069,0,0,0
705,"Slovenia",4,"Median","8",2069,0,0,0
705,"Slovenia",4,"Median","9",2069,0,0,0
705,"Slovenia",4,"Median","10",2069,0,0,0
705,"Slovenia",4,"Median","11",2069,0,0,0
705,"Slovenia",4,"Median","12",2069,0,0,0
705,"Slovenia",4,"Median","13",2069,0,0,1
705,"Slovenia",4,"Median","14",2069,0,0,1
705,"Slovenia",4,"Median","15",2069,0,0,1
705,"Slovenia",4,"Median","16",2069,1,0,1
705,"Slovenia",4,"Median","17",2069,1,0,1
705,"Slovenia",4,"Median","18",2069,2,1,2
705,"Slovenia",4,"Median","19",2069,2,1,3
705,"Slovenia",4,"Median","20",2069,2,1,3
705,"Slovenia",4,"Median","21",2069,2,0,2
705,"Slovenia",4,"Median","22",2069,2,0,2
705,"Slovenia",4,"Median","23",2069,2,1,3
705,"Slovenia",4,"Median","24",2069,2,1,3
705,"Slovenia",4,"Median","25",2069,2,1,3
705,"Slovenia",4,"Median","26",2069,2,1,3
705,"Slovenia",4,"Median","27",2069,2,1,3
705,"Slovenia",4,"Median","28",2069,2,1,3
705,"Slovenia",4,"Median","29",2069,3,1,3
705,"Slovenia",4,"Median","30",2069,3,1,4
705,"Slovenia",4,"Median","31",2069,3,1,4
705,"Slovenia",4,"Median","32",2069,3,1,3
705,"Slovenia",4,"Median","33",2069,3,1,4
705,"Slovenia",4,"Median","34",2069,3,1,4
705,"Slovenia",4,"Median","35",2069,3,1,4
705,"Slovenia",4,"Median","36",2069,3,1,4
705,"Slovenia",4,"Median","37",2069,4,2,5
705,"Slovenia",4,"Median","38",2069,5,2,6
705,"Slovenia",4,"Median","39",2069,5,1,6
705,"Slovenia",4,"Median","40",2069,4,1,6
705,"Slovenia",4,"Median","41",2069,4,2,6
705,"Slovenia",4,"Median","42",2069,5,2,7
705,"Slovenia",4,"Median","43",2069,6,2,8
705,"Slovenia",4,"Median","44",2069,7,3,10
705,"Slovenia",4,"Median","45",2069,8,4,11
705,"Slovenia",4,"Median","46",2069,8,4,12
705,"Slovenia",4,"Median","47",2069,9,4,14
705,"Slovenia",4,"Median","48",2069,11,5,16
705,"Slovenia",4,"Median","49",2069,14,6,19
705,"Slovenia",4,"Median","50",2069,18,7,25
705,"Slovenia",4,"Median","51",2069,22,9,31
705,"Slovenia",4,"Median","52",2069,23,10,33
705,"Slovenia",4,"Median","53",2069,24,10,34
705,"Slovenia",4,"Median","54",2069,27,11,38
705,"Slovenia",4,"Median","55",2069,31,13,44
705,"Slovenia",4,"Median","56",2069,36,15,51
705,"Slovenia",4,"Median","57",2069,41,17,59
705,"Slovenia",4,"Median","58",2069,46,20,66
705,"Slovenia",4,"Median","59",2069,52,22,73
705,"Slovenia",4,"Median","60",2069,57,24,81
705,"Slovenia",4,"Median","61",2069,61,27,87
705,"Slovenia",4,"Median","62",2069,63,28,91
705,"Slovenia",4,"Median","63",2069,64,27,90
705,"Slovenia",4,"Median","64",2069,62,26,88
705,"Slovenia",4,"Median","65",2069,61,27,88
705,"Slovenia",4,"Median","66",2069,64,28,92
705,"Slovenia",4,"Median","67",2069,69,29,98
705,"Slovenia",4,"Median","68",2069,74,30,104
705,"Slovenia",4,"Median","69",2069,78,32,110
705,"Slovenia",4,"Median","70",2069,83,35,118
705,"Slovenia",4,"Median","71",2069,92,39,131
705,"Slovenia",4,"Median","72",2069,102,42,145
705,"Slovenia",4,"Median","73",2069,114,48,162
705,"Slovenia",4,"Median","74",2069,135,62,197
705,"Slovenia",4,"Median","75",2069,168,85,253
705,"Slovenia",4,"Median","76",2069,207,109,315
705,"Slovenia",4,"Median","77",2069,240,131,371
705,"Slovenia",4,"Median","78",2069,267,153,420
705,"Slovenia",4,"Median","79",2069,299,179,478
705,"Slovenia",4,"Median","80",2069,350,216,566
705,"Slovenia",4,"Median","81",2069,395,257,652
705,"Slovenia",4,"Median","82",2069,422,286,708
705,"Slovenia",4,"Median","83",2069,454,320,774
705,"Slovenia",4,"Median","84",2069,493,367,860
705,"Slovenia",4,"Median","85",2069,529,411,941
705,"Slovenia",4,"Median","86",2069,572,459,1030
705,"Slovenia",4,"Median","87",2069,614,512,1127
705,"Slovenia",4,"Median","88",2069,643,570,1212
705,"Slovenia",4,"Median","89",2069,662,613,1275
705,"Slovenia",4,"Median","90",2069,666,636,1302
705,"Slovenia",4,"Median","91",2069,645,654,1300
705,"Slovenia",4,"Median","92",2069,620,676,1297
705,"Slovenia",4,"Median","93",2069,582,678,1260
705,"Slovenia",4,"Median","94",2069,529,642,1171
705,"Slovenia",4,"Median","95",2069,477,607,1084
705,"Slovenia",4,"Median","96",2069,421,569,990
705,"Slovenia",4,"Median","97",2069,360,509,869
705,"Slovenia",4,"Median","98",2069,293,441,734
705,"Slovenia",4,"Median","99",2069,238,378,616
705,"Slovenia",4,"Median","100",2069,106,152,258
705,"Slovenia",4,"Median","101",2069,94,143,237
705,"Slovenia",4,"Median","102",2069,84,135,219
705,"Slovenia",4,"Median","103",2069,75,128,203
705,"Slovenia",4,"Median","104",2069,67,121,188
705,"Slovenia",4,"Median","105",2069,60,114,174
705,"Slovenia",4,"Median","106",2069,54,108,162
705,"Slovenia",4,"Median","107",2069,48,102,150
705,"Slovenia",4,"Median","108",2069,43,96,139
705,"Slovenia",4,"Median","109",2069,38,91,129
705,"Slovenia",4,"Median","110",2069,34,86,120
705,"Slovenia",4,"Median","0",2070,4,3,6
705,"Slovenia",4,"Median","1",2070,1,0,1
705,"Slovenia",4,"Median","2",2070,0,0,0
705,"Slovenia",4,"Median","3",2070,0,0,0
705,"Slovenia",4,"Median","4",2070,0,0,0
705,"Slovenia",4,"Median","5",2070,0,0,0
705,"Slovenia",4,"Median","6",2070,0,0,0
705,"Slovenia",4,"Median","7",2070,0,0,0
705,"Slovenia",4,"Median","8",2070,0,0,0
705,"Slovenia",4,"Median","9",2070,0,0,0
705,"Slovenia",4,"Median","10",2070,0,0,0
705,"Slovenia",4,"Median","11",2070,0,0,0
705,"Slovenia",4,"Median","12",2070,0,0,0
705,"Slovenia",4,"Median","13",2070,0,0,1
705,"Slovenia",4,"Median","14",2070,0,0,1
705,"Slovenia",4,"Median","15",2070,0,0,1
705,"Slovenia",4,"Median","16",2070,1,0,1
705,"Slovenia",4,"Median","17",2070,1,0,1
705,"Slovenia",4,"Median","18",2070,2,1,2
705,"Slovenia",4,"Median","19",2070,2,1,3
705,"Slovenia",4,"Median","20",2070,2,1,2
705,"Slovenia",4,"Median","21",2070,2,0,2
705,"Slovenia",4,"Median","22",2070,2,0,2
705,"Slovenia",4,"Median","23",2070,2,1,3
705,"Slovenia",4,"Median","24",2070,2,1,3
705,"Slovenia",4,"Median","25",2070,2,1,3
705,"Slovenia",4,"Median","26",2070,2,1,3
705,"Slovenia",4,"Median","27",2070,2,1,3
705,"Slovenia",4,"Median","28",2070,2,1,3
705,"Slovenia",4,"Median","29",2070,3,1,3
705,"Slovenia",4,"Median","30",2070,3,1,4
705,"Slovenia",4,"Median","31",2070,3,1,4
705,"Slovenia",4,"Median","32",2070,3,1,3
705,"Slovenia",4,"Median","33",2070,3,1,4
705,"Slovenia",4,"Median","34",2070,3,1,4
705,"Slovenia",4,"Median","35",2070,3,1,4
705,"Slovenia",4,"Median","36",2070,3,1,4
705,"Slovenia",4,"Median","37",2070,4,2,5
705,"Slovenia",4,"Median","38",2070,5,2,6
705,"Slovenia",4,"Median","39",2070,5,1,6
705,"Slovenia",4,"Median","40",2070,4,1,5
705,"Slovenia",4,"Median","41",2070,4,2,6
705,"Slovenia",4,"Median","42",2070,5,2,7
705,"Slovenia",4,"Median","43",2070,6,2,8
705,"Slovenia",4,"Median","44",2070,7,3,9
705,"Slovenia",4,"Median","45",2070,7,4,11
705,"Slovenia",4,"Median","46",2070,8,4,12
705,"Slovenia",4,"Median","47",2070,9,4,13
705,"Slovenia",4,"Median","48",2070,11,5,15
705,"Slovenia",4,"Median","49",2070,13,6,19
705,"Slovenia",4,"Median","50",2070,17,7,24
705,"Slovenia",4,"Median","51",2070,21,9,30
705,"Slovenia",4,"Median","52",2070,23,10,32
705,"Slovenia",4,"Median","53",2070,24,10,34
705,"Slovenia",4,"Median","54",2070,26,11,37
705,"Slovenia",4,"Median","55",2070,31,12,43
705,"Slovenia",4,"Median","56",2070,35,14,49
705,"Slovenia",4,"Median","57",2070,40,17,57
705,"Slovenia",4,"Median","58",2070,45,19,65
705,"Slovenia",4,"Median","59",2070,51,21,72
705,"Slovenia",4,"Median","60",2070,57,24,80
705,"Slovenia",4,"Median","61",2070,62,27,89
705,"Slovenia",4,"Median","62",2070,66,30,96
705,"Slovenia",4,"Median","63",2070,66,28,94
705,"Slovenia",4,"Median","64",2070,64,27,91
705,"Slovenia",4,"Median","65",2070,63,28,91
705,"Slovenia",4,"Median","66",2070,65,29,94
705,"Slovenia",4,"Median","67",2070,68,29,97
705,"Slovenia",4,"Median","68",2070,70,29,99
705,"Slovenia",4,"Median","69",2070,75,31,106
705,"Slovenia",4,"Median","70",2070,81,35,116
705,"Slovenia",4,"Median","71",2070,87,37,124
705,"Slovenia",4,"Median","72",2070,97,40,137
705,"Slovenia",4,"Median","73",2070,111,46,157
705,"Slovenia",4,"Median","74",2070,133,60,193
705,"Slovenia",4,"Median","75",2070,163,82,245
705,"Slovenia",4,"Median","76",2070,202,106,308
705,"Slovenia",4,"Median","77",2070,229,123,352
705,"Slovenia",4,"Median","78",2070,255,142,397
705,"Slovenia",4,"Median","79",2070,289,170,459
705,"Slovenia",4,"Median","80",2070,326,201,527
705,"Slovenia",4,"Median","81",2070,376,240,616
705,"Slovenia",4,"Median","82",2070,422,282,704
705,"Slovenia",4,"Median","83",2070,450,315,765
705,"Slovenia",4,"Median","84",2070,482,352,834
705,"Slovenia",4,"Median","85",2070,519,400,920
705,"Slovenia",4,"Median","86",2070,553,446,998
705,"Slovenia",4,"Median","87",2070,592,494,1087
705,"Slovenia",4,"Median","88",2070,631,547,1178
705,"Slovenia",4,"Median","89",2070,653,602,1255
705,"Slovenia",4,"Median","90",2070,665,641,1306
705,"Slovenia",4,"Median","91",2070,660,657,1317
705,"Slovenia",4,"Median","92",2070,630,667,1297
705,"Slovenia",4,"Median","93",2070,596,679,1275
705,"Slovenia",4,"Median","94",2070,549,669,1217
705,"Slovenia",4,"Median","95",2070,489,620,1110
705,"Slovenia",4,"Median","96",2070,432,573,1006
705,"Slovenia",4,"Median","97",2070,373,525,898
705,"Slovenia",4,"Median","98",2070,311,458,769
705,"Slovenia",4,"Median","99",2070,246,385,631
705,"Slovenia",4,"Median","100",2070,106,150,256
705,"Slovenia",4,"Median","101",2070,95,142,237
705,"Slovenia",4,"Median","102",2070,85,135,220
705,"Slovenia",4,"Median","103",2070,76,128,204
705,"Slovenia",4,"Median","104",2070,68,121,189
705,"Slovenia",4,"Median","105",2070,61,115,176
705,"Slovenia",4,"Median","106",2070,55,109,164
705,"Slovenia",4,"Median","107",2070,49,103,152
705,"Slovenia",4,"Median","108",2070,44,98,142
705,"Slovenia",4,"Median","109",2070,40,93,133
705,"Slovenia",4,"Median","110",2070,36,88,124
705,"Slovenia",4,"Median","0",2071,4,3,6
705,"Slovenia",4,"Median","1",2071,1,0,1
705,"Slovenia",4,"Median","2",2071,0,0,0
705,"Slovenia",4,"Median","3",2071,0,0,0
705,"Slovenia",4,"Median","4",2071,0,0,0
705,"Slovenia",4,"Median","5",2071,0,0,0
705,"Slovenia",4,"Median","6",2071,0,0,0
705,"Slovenia",4,"Median","7",2071,0,0,0
705,"Slovenia",4,"Median","8",2071,0,0,0
705,"Slovenia",4,"Median","9",2071,0,0,0
705,"Slovenia",4,"Median","10",2071,0,0,0
705,"Slovenia",4,"Median","11",2071,0,0,0
705,"Slovenia",4,"Median","12",2071,0,0,0
705,"Slovenia",4,"Median","13",2071,0,0,1
705,"Slovenia",4,"Median","14",2071,0,0,1
705,"Slovenia",4,"Median","15",2071,0,0,1
705,"Slovenia",4,"Median","16",2071,1,0,1
705,"Slovenia",4,"Median","17",2071,1,0,1
705,"Slovenia",4,"Median","18",2071,2,1,2
705,"Slovenia",4,"Median","19",2071,2,1,3
705,"Slovenia",4,"Median","20",2071,2,1,2
705,"Slovenia",4,"Median","21",2071,2,0,2
705,"Slovenia",4,"Median","22",2071,2,0,2
705,"Slovenia",4,"Median","23",2071,2,1,3
705,"Slovenia",4,"Median","24",2071,2,1,3
705,"Slovenia",4,"Median","25",2071,2,1,3
705,"Slovenia",4,"Median","26",2071,2,1,3
705,"Slovenia",4,"Median","27",2071,2,1,3
705,"Slovenia",4,"Median","28",2071,2,1,3
705,"Slovenia",4,"Median","29",2071,3,1,3
705,"Slovenia",4,"Median","30",2071,3,1,4
705,"Slovenia",4,"Median","31",2071,3,1,4
705,"Slovenia",4,"Median","32",2071,3,1,3
705,"Slovenia",4,"Median","33",2071,3,1,4
705,"Slovenia",4,"Median","34",2071,3,1,4
705,"Slovenia",4,"Median","35",2071,3,1,4
705,"Slovenia",4,"Median","36",2071,3,1,4
705,"Slovenia",4,"Median","37",2071,4,1,5
705,"Slovenia",4,"Median","38",2071,5,2,6
705,"Slovenia",4,"Median","39",2071,5,1,6
705,"Slovenia",4,"Median","40",2071,4,1,5
705,"Slovenia",4,"Median","41",2071,4,2,6
705,"Slovenia",4,"Median","42",2071,5,2,7
705,"Slovenia",4,"Median","43",2071,6,2,8
705,"Slovenia",4,"Median","44",2071,6,3,9
705,"Slovenia",4,"Median","45",2071,7,3,11
705,"Slovenia",4,"Median","46",2071,8,4,12
705,"Slovenia",4,"Median","47",2071,9,4,13
705,"Slovenia",4,"Median","48",2071,10,4,15
705,"Slovenia",4,"Median","49",2071,13,5,18
705,"Slovenia",4,"Median","50",2071,17,7,24
705,"Slovenia",4,"Median","51",2071,20,8,29
705,"Slovenia",4,"Median","52",2071,22,9,31
705,"Slovenia",4,"Median","53",2071,23,10,33
705,"Slovenia",4,"Median","54",2071,26,11,37
705,"Slovenia",4,"Median","55",2071,30,12,42
705,"Slovenia",4,"Median","56",2071,35,14,48
705,"Slovenia",4,"Median","57",2071,39,16,55
705,"Slovenia",4,"Median","58",2071,44,19,63
705,"Slovenia",4,"Median","59",2071,50,21,71
705,"Slovenia",4,"Median","60",2071,56,23,79
705,"Slovenia",4,"Median","61",2071,62,27,89
705,"Slovenia",4,"Median","62",2071,68,30,98
705,"Slovenia",4,"Median","63",2071,69,30,99
705,"Slovenia",4,"Median","64",2071,66,28,94
705,"Slovenia",4,"Median","65",2071,65,28,94
705,"Slovenia",4,"Median","66",2071,67,30,97
705,"Slovenia",4,"Median","67",2071,69,29,98
705,"Slovenia",4,"Median","68",2071,70,29,98
705,"Slovenia",4,"Median","69",2071,71,30,101
705,"Slovenia",4,"Median","70",2071,78,34,112
705,"Slovenia",4,"Median","71",2071,84,37,121
705,"Slovenia",4,"Median","72",2071,91,38,130
705,"Slovenia",4,"Median","73",2071,105,44,149
705,"Slovenia",4,"Median","74",2071,129,58,187
705,"Slovenia",4,"Median","75",2071,162,78,240
705,"Slovenia",4,"Median","76",2071,197,102,299
705,"Slovenia",4,"Median","77",2071,224,120,343
705,"Slovenia",4,"Median","78",2071,243,134,377
705,"Slovenia",4,"Median","79",2071,276,158,434
705,"Slovenia",4,"Median","80",2071,315,191,505
705,"Slovenia",4,"Median","81",2071,351,223,573
705,"Slovenia",4,"Median","82",2071,401,264,666
705,"Slovenia",4,"Median","83",2071,449,311,761
705,"Slovenia",4,"Median","84",2071,478,346,824
705,"Slovenia",4,"Median","85",2071,507,384,891
705,"Slovenia",4,"Median","86",2071,542,434,976
705,"Slovenia",4,"Median","87",2071,573,480,1053
705,"Slovenia",4,"Median","88",2071,608,528,1137
705,"Slovenia",4,"Median","89",2071,641,579,1220
705,"Slovenia",4,"Median","90",2071,655,631,1286
705,"Slovenia",4,"Median","91",2071,659,664,1322
705,"Slovenia",4,"Median","92",2071,645,671,1316
705,"Slovenia",4,"Median","93",2071,606,670,1276
705,"Slovenia",4,"Median","94",2071,563,670,1233
705,"Slovenia",4,"Median","95",2071,508,647,1155
705,"Slovenia",4,"Median","96",2071,444,588,1031
705,"Slovenia",4,"Median","97",2071,383,530,913
705,"Slovenia",4,"Median","98",2071,322,473,795
705,"Slovenia",4,"Median","99",2071,262,401,662
705,"Slovenia",4,"Median","100",2071,105,148,253
705,"Slovenia",4,"Median","101",2071,95,141,236
705,"Slovenia",4,"Median","102",2071,86,134,220
705,"Slovenia",4,"Median","103",2071,78,128,206
705,"Slovenia",4,"Median","104",2071,70,122,192
705,"Slovenia",4,"Median","105",2071,63,116,179
705,"Slovenia",4,"Median","106",2071,57,111,168
705,"Slovenia",4,"Median","107",2071,51,105,156
705,"Slovenia",4,"Median","108",2071,46,100,146
705,"Slovenia",4,"Median","109",2071,42,96,138
705,"Slovenia",4,"Median","110",2071,38,91,129
705,"Slovenia",4,"Median","0",2072,4,3,6
705,"Slovenia",4,"Median","1",2072,0,0,1
705,"Slovenia",4,"Median","2",2072,0,0,0
705,"Slovenia",4,"Median","3",2072,0,0,0
705,"Slovenia",4,"Median","4",2072,0,0,0
705,"Slovenia",4,"Median","5",2072,0,0,0
705,"Slovenia",4,"Median","6",2072,0,0,0
705,"Slovenia",4,"Median","7",2072,0,0,0
705,"Slovenia",4,"Median","8",2072,0,0,0
705,"Slovenia",4,"Median","9",2072,0,0,0
705,"Slovenia",4,"Median","10",2072,0,0,0
705,"Slovenia",4,"Median","11",2072,0,0,0
705,"Slovenia",4,"Median","12",2072,0,0,0
705,"Slovenia",4,"Median","13",2072,0,0,1
705,"Slovenia",4,"Median","14",2072,0,0,1
705,"Slovenia",4,"Median","15",2072,0,0,1
705,"Slovenia",4,"Median","16",2072,1,0,1
705,"Slovenia",4,"Median","17",2072,1,0,1
705,"Slovenia",4,"Median","18",2072,2,0,2
705,"Slovenia",4,"Median","19",2072,2,1,3
705,"Slovenia",4,"Median","20",2072,2,1,2
705,"Slovenia",4,"Median","21",2072,2,0,2
705,"Slovenia",4,"Median","22",2072,2,0,2
705,"Slovenia",4,"Median","23",2072,2,1,3
705,"Slovenia",4,"Median","24",2072,2,1,3
705,"Slovenia",4,"Median","25",2072,2,1,3
705,"Slovenia",4,"Median","26",2072,2,1,3
705,"Slovenia",4,"Median","27",2072,2,1,3
705,"Slovenia",4,"Median","28",2072,2,1,3
705,"Slovenia",4,"Median","29",2072,3,1,3
705,"Slovenia",4,"Median","30",2072,3,1,3
705,"Slovenia",4,"Median","31",2072,3,1,4
705,"Slovenia",4,"Median","32",2072,3,1,3
705,"Slovenia",4,"Median","33",2072,3,1,4
705,"Slovenia",4,"Median","34",2072,3,1,4
705,"Slovenia",4,"Median","35",2072,3,1,4
705,"Slovenia",4,"Median","36",2072,3,1,4
705,"Slovenia",4,"Median","37",2072,4,1,5
705,"Slovenia",4,"Median","38",2072,5,2,6
705,"Slovenia",4,"Median","39",2072,4,1,6
705,"Slovenia",4,"Median","40",2072,4,1,5
705,"Slovenia",4,"Median","41",2072,4,1,6
705,"Slovenia",4,"Median","42",2072,5,2,7
705,"Slovenia",4,"Median","43",2072,6,2,8
705,"Slovenia",4,"Median","44",2072,6,3,9
705,"Slovenia",4,"Median","45",2072,7,3,10
705,"Slovenia",4,"Median","46",2072,8,4,11
705,"Slovenia",4,"Median","47",2072,9,4,12
705,"Slovenia",4,"Median","48",2072,10,4,14
705,"Slovenia",4,"Median","49",2072,12,5,17
705,"Slovenia",4,"Median","50",2072,16,7,23
705,"Slovenia",4,"Median","51",2072,20,8,28
705,"Slovenia",4,"Median","52",2072,21,9,30
705,"Slovenia",4,"Median","53",2072,22,9,32
705,"Slovenia",4,"Median","54",2072,26,10,36
705,"Slovenia",4,"Median","55",2072,29,12,41
705,"Slovenia",4,"Median","56",2072,34,13,47
705,"Slovenia",4,"Median","57",2072,38,16,54
705,"Slovenia",4,"Median","58",2072,43,18,60
705,"Slovenia",4,"Median","59",2072,48,20,68
705,"Slovenia",4,"Median","60",2072,55,23,77
705,"Slovenia",4,"Median","61",2072,61,26,88
705,"Slovenia",4,"Median","62",2072,68,30,97
705,"Slovenia",4,"Median","63",2072,70,30,101
705,"Slovenia",4,"Median","64",2072,69,29,99
705,"Slovenia",4,"Median","65",2072,68,29,97
705,"Slovenia",4,"Median","66",2072,70,30,100
705,"Slovenia",4,"Median","67",2072,71,30,101
705,"Slovenia",4,"Median","68",2072,71,29,100
705,"Slovenia",4,"Median","69",2072,71,30,100
705,"Slovenia",4,"Median","70",2072,74,32,106
705,"Slovenia",4,"Median","71",2072,81,36,117
705,"Slovenia",4,"Median","72",2072,89,38,127
705,"Slovenia",4,"Median","73",2072,99,42,141
705,"Slovenia",4,"Median","74",2072,122,55,177
705,"Slovenia",4,"Median","75",2072,157,76,232
705,"Slovenia",4,"Median","76",2072,195,98,293
705,"Slovenia",4,"Median","77",2072,218,116,334
705,"Slovenia",4,"Median","78",2072,237,131,368
705,"Slovenia",4,"Median","79",2072,263,149,412
705,"Slovenia",4,"Median","80",2072,301,178,479
705,"Slovenia",4,"Median","81",2072,338,212,551
705,"Slovenia",4,"Median","82",2072,374,245,620
705,"Slovenia",4,"Median","83",2072,428,292,720
705,"Slovenia",4,"Median","84",2072,477,343,820
705,"Slovenia",4,"Median","85",2072,503,378,881
705,"Slovenia",4,"Median","86",2072,530,417,947
705,"Slovenia",4,"Median","87",2072,562,468,1031
705,"Slovenia",4,"Median","88",2072,589,514,1103
705,"Slovenia",4,"Median","89",2072,619,560,1179
705,"Slovenia",4,"Median","90",2072,644,608,1252
705,"Slovenia",4,"Median","91",2072,650,654,1305
705,"Slovenia",4,"Median","92",2072,644,679,1323
705,"Slovenia",4,"Median","93",2072,621,675,1296
705,"Slovenia",4,"Median","94",2072,573,663,1236
705,"Slovenia",4,"Median","95",2072,522,650,1172
705,"Slovenia",4,"Median","96",2072,462,614,1076
705,"Slovenia",4,"Median","97",2072,394,544,938
705,"Slovenia",4,"Median","98",2072,332,479,810
705,"Slovenia",4,"Median","99",2072,272,415,687
705,"Slovenia",4,"Median","100",2072,106,147,253
705,"Slovenia",4,"Median","101",2072,97,141,238
705,"Slovenia",4,"Median","102",2072,88,135,223
705,"Slovenia",4,"Median","103",2072,80,129,209
705,"Slovenia",4,"Median","104",2072,72,124,196
705,"Slovenia",4,"Median","105",2072,66,119,185
705,"Slovenia",4,"Median","106",2072,60,114,174
705,"Slovenia",4,"Median","107",2072,54,109,163
705,"Slovenia",4,"Median","108",2072,49,105,154
705,"Slovenia",4,"Median","109",2072,45,100,145
705,"Slovenia",4,"Median","110",2072,41,96,137
705,"Slovenia",4,"Median","0",2073,3,3,6
705,"Slovenia",4,"Median","1",2073,0,0,1
705,"Slovenia",4,"Median","2",2073,0,0,0
705,"Slovenia",4,"Median","3",2073,0,0,0
705,"Slovenia",4,"Median","4",2073,0,0,0
705,"Slovenia",4,"Median","5",2073,0,0,0
705,"Slovenia",4,"Median","6",2073,0,0,0
705,"Slovenia",4,"Median","7",2073,0,0,0
705,"Slovenia",4,"Median","8",2073,0,0,0
705,"Slovenia",4,"Median","9",2073,0,0,0
705,"Slovenia",4,"Median","10",2073,0,0,0
705,"Slovenia",4,"Median","11",2073,0,0,0
705,"Slovenia",4,"Median","12",2073,0,0,0
705,"Slovenia",4,"Median","13",2073,0,0,0
705,"Slovenia",4,"Median","14",2073,0,0,1
705,"Slovenia",4,"Median","15",2073,0,0,1
705,"Slovenia",4,"Median","16",2073,0,0,1
705,"Slovenia",4,"Median","17",2073,1,0,1
705,"Slovenia",4,"Median","18",2073,2,0,2
705,"Slovenia",4,"Median","19",2073,2,1,3
705,"Slovenia",4,"Median","20",2073,2,1,2
705,"Slovenia",4,"Median","21",2073,2,0,2
705,"Slovenia",4,"Median","22",2073,2,0,2
705,"Slovenia",4,"Median","23",2073,2,1,3
705,"Slovenia",4,"Median","24",2073,2,1,3
705,"Slovenia",4,"Median","25",2073,2,1,3
705,"Slovenia",4,"Median","26",2073,2,1,3
705,"Slovenia",4,"Median","27",2073,2,1,3
705,"Slovenia",4,"Median","28",2073,2,1,3
705,"Slovenia",4,"Median","29",2073,3,1,3
705,"Slovenia",4,"Median","30",2073,3,1,3
705,"Slovenia",4,"Median","31",2073,3,1,4
705,"Slovenia",4,"Median","32",2073,3,1,3
705,"Slovenia",4,"Median","33",2073,3,1,4
705,"Slovenia",4,"Median","34",2073,3,1,4
705,"Slovenia",4,"Median","35",2073,3,1,4
705,"Slovenia",4,"Median","36",2073,3,1,4
705,"Slovenia",4,"Median","37",2073,4,1,5
705,"Slovenia",4,"Median","38",2073,5,2,6
705,"Slovenia",4,"Median","39",2073,4,1,6
705,"Slovenia",4,"Median","40",2073,4,1,5
705,"Slovenia",4,"Median","41",2073,4,1,6
705,"Slovenia",4,"Median","42",2073,5,2,7
705,"Slovenia",4,"Median","43",2073,5,2,8
705,"Slovenia",4,"Median","44",2073,6,3,9
705,"Slovenia",4,"Median","45",2073,7,3,10
705,"Slovenia",4,"Median","46",2073,7,3,11
705,"Slovenia",4,"Median","47",2073,8,4,12
705,"Slovenia",4,"Median","48",2073,10,4,14
705,"Slovenia",4,"Median","49",2073,12,5,17
705,"Slovenia",4,"Median","50",2073,15,6,22
705,"Slovenia",4,"Median","51",2073,19,8,27
705,"Slovenia",4,"Median","52",2073,21,9,29
705,"Slovenia",4,"Median","53",2073,22,9,30
705,"Slovenia",4,"Median","54",2073,25,10,34
705,"Slovenia",4,"Median","55",2073,29,11,40
705,"Slovenia",4,"Median","56",2073,33,13,46
705,"Slovenia",4,"Median","57",2073,37,15,52
705,"Slovenia",4,"Median","58",2073,42,17,59
705,"Slovenia",4,"Median","59",2073,47,19,66
705,"Slovenia",4,"Median","60",2073,53,22,74
705,"Slovenia",4,"Median","61",2073,60,26,85
705,"Slovenia",4,"Median","62",2073,67,29,96
705,"Slovenia",4,"Median","63",2073,71,30,100
705,"Slovenia",4,"Median","64",2073,71,30,100
705,"Slovenia",4,"Median","65",2073,70,31,101
705,"Slovenia",4,"Median","66",2073,72,31,103
705,"Slovenia",4,"Median","67",2073,73,31,104
705,"Slovenia",4,"Median","68",2073,72,30,103
705,"Slovenia",4,"Median","69",2073,72,30,102
705,"Slovenia",4,"Median","70",2073,74,32,105
705,"Slovenia",4,"Median","71",2073,77,34,111
705,"Slovenia",4,"Median","72",2073,85,37,122
705,"Slovenia",4,"Median","73",2073,96,41,137
705,"Slovenia",4,"Median","74",2073,115,52,167
705,"Slovenia",4,"Median","75",2073,148,72,220
705,"Slovenia",4,"Median","76",2073,189,94,284
705,"Slovenia",4,"Median","77",2073,216,111,327
705,"Slovenia",4,"Median","78",2073,231,126,357
705,"Slovenia",4,"Median","79",2073,257,145,402
705,"Slovenia",4,"Median","80",2073,287,167,454
705,"Slovenia",4,"Median","81",2073,324,197,521
705,"Slovenia",4,"Median","82",2073,361,233,595
705,"Slovenia",4,"Median","83",2073,399,270,670
705,"Slovenia",4,"Median","84",2073,455,320,775
705,"Slovenia",4,"Median","85",2073,503,374,877
705,"Slovenia",4,"Median","86",2073,526,410,936
705,"Slovenia",4,"Median","87",2073,550,449,1000
705,"Slovenia",4,"Median","88",2073,579,501,1079
705,"Slovenia",4,"Median","89",2073,600,545,1144
705,"Slovenia",4,"Median","90",2073,623,587,1210
705,"Slovenia",4,"Median","91",2073,640,630,1270
705,"Slovenia",4,"Median","92",2073,637,669,1306
705,"Slovenia",4,"Median","93",2073,621,683,1304
705,"Slovenia",4,"Median","94",2073,588,668,1256
705,"Slovenia",4,"Median","95",2073,532,643,1175
705,"Slovenia",4,"Median","96",2073,475,617,1092
705,"Slovenia",4,"Median","97",2073,411,570,980
705,"Slovenia",4,"Median","98",2073,342,492,834
705,"Slovenia",4,"Median","99",2073,280,420,700
705,"Slovenia",4,"Median","100",2073,107,146,253
705,"Slovenia",4,"Median","101",2073,98,141,239
705,"Slovenia",4,"Median","102",2073,90,136,226
705,"Slovenia",4,"Median","103",2073,82,131,213
705,"Slovenia",4,"Median","104",2073,75,127,202
705,"Slovenia",4,"Median","105",2073,69,122,191
705,"Slovenia",4,"Median","106",2073,63,118,181
705,"Slovenia",4,"Median","107",2073,58,114,172
705,"Slovenia",4,"Median","108",2073,53,110,163
705,"Slovenia",4,"Median","109",2073,48,106,154
705,"Slovenia",4,"Median","110",2073,44,102,146
705,"Slovenia",4,"Median","0",2074,3,3,6
705,"Slovenia",4,"Median","1",2074,0,0,1
705,"Slovenia",4,"Median","2",2074,0,0,0
705,"Slovenia",4,"Median","3",2074,0,0,0
705,"Slovenia",4,"Median","4",2074,0,0,0
705,"Slovenia",4,"Median","5",2074,0,0,0
705,"Slovenia",4,"Median","6",2074,0,0,0
705,"Slovenia",4,"Median","7",2074,0,0,0
705,"Slovenia",4,"Median","8",2074,0,0,0
705,"Slovenia",4,"Median","9",2074,0,0,0
705,"Slovenia",4,"Median","10",2074,0,0,0
705,"Slovenia",4,"Median","11",2074,0,0,0
705,"Slovenia",4,"Median","12",2074,0,0,0
705,"Slovenia",4,"Median","13",2074,0,0,0
705,"Slovenia",4,"Median","14",2074,0,0,1
705,"Slovenia",4,"Median","15",2074,0,0,1
705,"Slovenia",4,"Median","16",2074,0,0,1
705,"Slovenia",4,"Median","17",2074,1,0,1
705,"Slovenia",4,"Median","18",2074,2,0,2
705,"Slovenia",4,"Median","19",2074,2,1,2
705,"Slovenia",4,"Median","20",2074,2,0,2
705,"Slovenia",4,"Median","21",2074,2,0,2
705,"Slovenia",4,"Median","22",2074,2,0,2
705,"Slovenia",4,"Median","23",2074,2,1,3
705,"Slovenia",4,"Median","24",2074,2,1,3
705,"Slovenia",4,"Median","25",2074,2,1,3
705,"Slovenia",4,"Median","26",2074,2,0,3
705,"Slovenia",4,"Median","27",2074,2,1,3
705,"Slovenia",4,"Median","28",2074,2,0,3
705,"Slovenia",4,"Median","29",2074,2,0,3
705,"Slovenia",4,"Median","30",2074,3,1,3
705,"Slovenia",4,"Median","31",2074,3,1,4
705,"Slovenia",4,"Median","32",2074,3,1,3
705,"Slovenia",4,"Median","33",2074,3,1,4
705,"Slovenia",4,"Median","34",2074,3,1,4
705,"Slovenia",4,"Median","35",2074,3,1,4
705,"Slovenia",4,"Median","36",2074,3,1,4
705,"Slovenia",4,"Median","37",2074,4,1,5
705,"Slovenia",4,"Median","38",2074,5,2,6
705,"Slovenia",4,"Median","39",2074,4,1,6
705,"Slovenia",4,"Median","40",2074,4,1,5
705,"Slovenia",4,"Median","41",2074,4,1,6
705,"Slovenia",4,"Median","42",2074,5,2,7
705,"Slovenia",4,"Median","43",2074,5,2,7
705,"Slovenia",4,"Median","44",2074,6,3,8
705,"Slovenia",4,"Median","45",2074,7,3,10
705,"Slovenia",4,"Median","46",2074,7,3,11
705,"Slovenia",4,"Median","47",2074,8,4,12
705,"Slovenia",4,"Median","48",2074,9,4,13
705,"Slovenia",4,"Median","49",2074,12,5,16
705,"Slovenia",4,"Median","50",2074,15,6,21
705,"Slovenia",4,"Median","51",2074,18,7,26
705,"Slovenia",4,"Median","52",2074,20,8,28
705,"Slovenia",4,"Median","53",2074,21,9,30
705,"Slovenia",4,"Median","54",2074,24,9,33
705,"Slovenia",4,"Median","55",2074,28,11,38
705,"Slovenia",4,"Median","56",2074,32,12,45
705,"Slovenia",4,"Median","57",2074,36,15,51
705,"Slovenia",4,"Median","58",2074,40,17,57
705,"Slovenia",4,"Median","59",2074,46,19,64
705,"Slovenia",4,"Median","60",2074,51,21,72
705,"Slovenia",4,"Median","61",2074,58,25,82
705,"Slovenia",4,"Median","62",2074,65,28,93
705,"Slovenia",4,"Median","63",2074,69,29,99
705,"Slovenia",4,"Median","64",2074,71,29,100
705,"Slovenia",4,"Median","65",2074,72,31,103
705,"Slovenia",4,"Median","66",2074,75,33,108
705,"Slovenia",4,"Median","67",2074,76,32,108
705,"Slovenia",4,"Median","68",2074,75,31,105
705,"Slovenia",4,"Median","69",2074,74,31,104
705,"Slovenia",4,"Median","70",2074,74,32,107
705,"Slovenia",4,"Median","71",2074,76,33,110
705,"Slovenia",4,"Median","72",2074,81,35,116
705,"Slovenia",4,"Median","73",2074,92,40,132
705,"Slovenia",4,"Median","74",2074,112,52,164
705,"Slovenia",4,"Median","75",2074,140,68,209
705,"Slovenia",4,"Median","76",2074,179,90,269
705,"Slovenia",4,"Median","77",2074,210,107,317
705,"Slovenia",4,"Median","78",2074,229,121,350
705,"Slovenia",4,"Median","79",2074,251,140,391
705,"Slovenia",4,"Median","80",2074,280,163,444
705,"Slovenia",4,"Median","81",2074,309,186,495
705,"Slovenia",4,"Median","82",2074,346,218,564
705,"Slovenia",4,"Median","83",2074,386,258,644
705,"Slovenia",4,"Median","84",2074,425,298,723
705,"Slovenia",4,"Median","85",2074,480,350,831
705,"Slovenia",4,"Median","86",2074,527,406,933
705,"Slovenia",4,"Median","87",2074,547,443,990
705,"Slovenia",4,"Median","88",2074,567,482,1049
705,"Slovenia",4,"Median","89",2074,590,532,1122
705,"Slovenia",4,"Median","90",2074,604,573,1177
705,"Slovenia",4,"Median","91",2074,620,611,1230
705,"Slovenia",4,"Median","92",2074,628,646,1274
705,"Slovenia",4,"Median","93",2074,615,676,1291
705,"Slovenia",4,"Median","94",2074,589,678,1268
705,"Slovenia",4,"Median","95",2074,547,650,1198
705,"Slovenia",4,"Median","96",2074,485,613,1098
705,"Slovenia",4,"Median","97",2074,423,574,997
705,"Slovenia",4,"Median","98",2074,357,516,873
705,"Slovenia",4,"Median","99",2074,289,433,723
705,"Slovenia",4,"Median","100",2074,108,145,253
705,"Slovenia",4,"Median","101",2074,99,141,240
705,"Slovenia",4,"Median","102",2074,92,137,229
705,"Slovenia",4,"Median","103",2074,84,133,217
705,"Slovenia",4,"Median","104",2074,78,129,207
705,"Slovenia",4,"Median","105",2074,72,126,198
705,"Slovenia",4,"Median","106",2074,66,122,188
705,"Slovenia",4,"Median","107",2074,61,119,180
705,"Slovenia",4,"Median","108",2074,57,116,173
705,"Slovenia",4,"Median","109",2074,52,112,164
705,"Slovenia",4,"Median","110",2074,48,109,157
705,"Slovenia",4,"Median","0",2075,3,3,6
705,"Slovenia",4,"Median","1",2075,0,0,1
705,"Slovenia",4,"Median","2",2075,0,0,0
705,"Slovenia",4,"Median","3",2075,0,0,0
705,"Slovenia",4,"Median","4",2075,0,0,0
705,"Slovenia",4,"Median","5",2075,0,0,0
705,"Slovenia",4,"Median","6",2075,0,0,0
705,"Slovenia",4,"Median","7",2075,0,0,0
705,"Slovenia",4,"Median","8",2075,0,0,0
705,"Slovenia",4,"Median","9",2075,0,0,0
705,"Slovenia",4,"Median","10",2075,0,0,0
705,"Slovenia",4,"Median","11",2075,0,0,0
705,"Slovenia",4,"Median","12",2075,0,0,0
705,"Slovenia",4,"Median","13",2075,0,0,0
705,"Slovenia",4,"Median","14",2075,0,0,1
705,"Slovenia",4,"Median","15",2075,0,0,1
705,"Slovenia",4,"Median","16",2075,0,0,1
705,"Slovenia",4,"Median","17",2075,1,0,1
705,"Slovenia",4,"Median","18",2075,2,0,2
705,"Slovenia",4,"Median","19",2075,2,1,2
705,"Slovenia",4,"Median","20",2075,2,0,2
705,"Slovenia",4,"Median","21",2075,2,0,2
705,"Slovenia",4,"Median","22",2075,2,0,2
705,"Slovenia",4,"Median","23",2075,2,1,3
705,"Slovenia",4,"Median","24",2075,2,1,3
705,"Slovenia",4,"Median","25",2075,2,0,2
705,"Slovenia",4,"Median","26",2075,2,0,2
705,"Slovenia",4,"Median","27",2075,2,1,3
705,"Slovenia",4,"Median","28",2075,2,0,3
705,"Slovenia",4,"Median","29",2075,2,0,3
705,"Slovenia",4,"Median","30",2075,3,1,3
705,"Slovenia",4,"Median","31",2075,3,1,3
705,"Slovenia",4,"Median","32",2075,2,1,3
705,"Slovenia",4,"Median","33",2075,3,1,4
705,"Slovenia",4,"Median","34",2075,3,1,4
705,"Slovenia",4,"Median","35",2075,3,1,4
705,"Slovenia",4,"Median","36",2075,3,1,4
705,"Slovenia",4,"Median","37",2075,4,1,5
705,"Slovenia",4,"Median","38",2075,5,2,6
705,"Slovenia",4,"Median","39",2075,4,1,6
705,"Slovenia",4,"Median","40",2075,4,1,5
705,"Slovenia",4,"Median","41",2075,4,1,5
705,"Slovenia",4,"Median","42",2075,5,2,6
705,"Slovenia",4,"Median","43",2075,5,2,7
705,"Slovenia",4,"Median","44",2075,6,3,8
705,"Slovenia",4,"Median","45",2075,7,3,10
705,"Slovenia",4,"Median","46",2075,7,3,10
705,"Slovenia",4,"Median","47",2075,8,3,11
705,"Slovenia",4,"Median","48",2075,9,4,13
705,"Slovenia",4,"Median","49",2075,11,4,16
705,"Slovenia",4,"Median","50",2075,15,6,20
705,"Slovenia",4,"Median","51",2075,18,7,25
705,"Slovenia",4,"Median","52",2075,19,8,27
705,"Slovenia",4,"Median","53",2075,21,8,29
705,"Slovenia",4,"Median","54",2075,23,9,32
705,"Slovenia",4,"Median","55",2075,27,10,37
705,"Slovenia",4,"Median","56",2075,31,12,43
705,"Slovenia",4,"Median","57",2075,36,14,50
705,"Slovenia",4,"Median","58",2075,40,16,56
705,"Slovenia",4,"Median","59",2075,44,18,63
705,"Slovenia",4,"Median","60",2075,50,20,70
705,"Slovenia",4,"Median","61",2075,56,24,80
705,"Slovenia",4,"Median","62",2075,63,27,90
705,"Slovenia",4,"Median","63",2075,68,28,96
705,"Slovenia",4,"Median","64",2075,70,29,98
705,"Slovenia",4,"Median","65",2075,72,31,103
705,"Slovenia",4,"Median","66",2075,77,33,110
705,"Slovenia",4,"Median","67",2075,79,34,113
705,"Slovenia",4,"Median","68",2075,77,32,109
705,"Slovenia",4,"Median","69",2075,76,31,107
705,"Slovenia",4,"Median","70",2075,76,33,110
705,"Slovenia",4,"Median","71",2075,77,34,111
705,"Slovenia",4,"Median","72",2075,80,35,115
705,"Slovenia",4,"Median","73",2075,88,38,126
705,"Slovenia",4,"Median","74",2075,108,50,158
705,"Slovenia",4,"Median","75",2075,137,68,205
705,"Slovenia",4,"Median","76",2075,170,86,256
705,"Slovenia",4,"Median","77",2075,199,102,301
705,"Slovenia",4,"Median","78",2075,223,117,340
705,"Slovenia",4,"Median","79",2075,248,135,383
705,"Slovenia",4,"Median","80",2075,274,158,432
705,"Slovenia",4,"Median","81",2075,302,182,484
705,"Slovenia",4,"Median","82",2075,330,206,536
705,"Slovenia",4,"Median","83",2075,370,241,611
705,"Slovenia",4,"Median","84",2075,411,284,696
705,"Slovenia",4,"Median","85",2075,449,326,775
705,"Slovenia",4,"Median","86",2075,503,381,885
705,"Slovenia",4,"Median","87",2075,548,440,988
705,"Slovenia",4,"Median","88",2075,564,476,1040
705,"Slovenia",4,"Median","89",2075,579,513,1092
705,"Slovenia",4,"Median","90",2075,595,561,1156
705,"Slovenia",4,"Median","91",2075,602,597,1199
705,"Slovenia",4,"Median","92",2075,609,628,1236
705,"Slovenia",4,"Median","93",2075,607,654,1261
705,"Slovenia",4,"Median","94",2075,585,672,1257
705,"Slovenia",4,"Median","95",2075,550,662,1211
705,"Slovenia",4,"Median","96",2075,500,621,1121
705,"Slovenia",4,"Median","97",2075,433,571,1005
705,"Slovenia",4,"Median","98",2075,369,522,890
705,"Slovenia",4,"Median","99",2075,303,456,759
705,"Slovenia",4,"Median","100",2075,108,144,252
705,"Slovenia",4,"Median","101",2075,100,141,241
705,"Slovenia",4,"Median","102",2075,93,138,231
705,"Slovenia",4,"Median","103",2075,87,135,222
705,"Slovenia",4,"Median","104",2075,81,132,213
705,"Slovenia",4,"Median","105",2075,75,130,205
705,"Slovenia",4,"Median","106",2075,70,127,197
705,"Slovenia",4,"Median","107",2075,65,124,189
705,"Slovenia",4,"Median","108",2075,61,122,183
705,"Slovenia",4,"Median","109",2075,57,119,176
705,"Slovenia",4,"Median","110",2075,53,117,170
705,"Slovenia",4,"Median","0",2076,3,3,6
705,"Slovenia",4,"Median","1",2076,0,0,1
705,"Slovenia",4,"Median","2",2076,0,0,0
705,"Slovenia",4,"Median","3",2076,0,0,0
705,"Slovenia",4,"Median","4",2076,0,0,0
705,"Slovenia",4,"Median","5",2076,0,0,0
705,"Slovenia",4,"Median","6",2076,0,0,0
705,"Slovenia",4,"Median","7",2076,0,0,0
705,"Slovenia",4,"Median","8",2076,0,0,0
705,"Slovenia",4,"Median","9",2076,0,0,0
705,"Slovenia",4,"Median","10",2076,0,0,0
705,"Slovenia",4,"Median","11",2076,0,0,0
705,"Slovenia",4,"Median","12",2076,0,0,0
705,"Slovenia",4,"Median","13",2076,0,0,0
705,"Slovenia",4,"Median","14",2076,0,0,1
705,"Slovenia",4,"Median","15",2076,0,0,1
705,"Slovenia",4,"Median","16",2076,0,0,1
705,"Slovenia",4,"Median","17",2076,1,0,1
705,"Slovenia",4,"Median","18",2076,2,0,2
705,"Slovenia",4,"Median","19",2076,2,1,2
705,"Slovenia",4,"Median","20",2076,2,0,2
705,"Slovenia",4,"Median","21",2076,2,0,2
705,"Slovenia",4,"Median","22",2076,2,0,2
705,"Slovenia",4,"Median","23",2076,2,1,2
705,"Slovenia",4,"Median","24",2076,2,1,3
705,"Slovenia",4,"Median","25",2076,2,0,2
705,"Slovenia",4,"Median","26",2076,2,0,2
705,"Slovenia",4,"Median","27",2076,2,0,3
705,"Slovenia",4,"Median","28",2076,2,0,3
705,"Slovenia",4,"Median","29",2076,2,0,3
705,"Slovenia",4,"Median","30",2076,3,1,3
705,"Slovenia",4,"Median","31",2076,3,1,3
705,"Slovenia",4,"Median","32",2076,2,1,3
705,"Slovenia",4,"Median","33",2076,3,1,4
705,"Slovenia",4,"Median","34",2076,3,1,4
705,"Slovenia",4,"Median","35",2076,3,1,4
705,"Slovenia",4,"Median","36",2076,3,1,4
705,"Slovenia",4,"Median","37",2076,4,1,5
705,"Slovenia",4,"Median","38",2076,5,1,6
705,"Slovenia",4,"Median","39",2076,4,1,6
705,"Slovenia",4,"Median","40",2076,4,1,5
705,"Slovenia",4,"Median","41",2076,4,1,5
705,"Slovenia",4,"Median","42",2076,5,2,6
705,"Slovenia",4,"Median","43",2076,5,2,7
705,"Slovenia",4,"Median","44",2076,6,2,8
705,"Slovenia",4,"Median","45",2076,6,3,9
705,"Slovenia",4,"Median","46",2076,7,3,10
705,"Slovenia",4,"Median","47",2076,8,3,11
705,"Slovenia",4,"Median","48",2076,9,4,13
705,"Slovenia",4,"Median","49",2076,11,4,15
705,"Slovenia",4,"Median","50",2076,14,6,20
705,"Slovenia",4,"Median","51",2076,17,7,24
705,"Slovenia",4,"Median","52",2076,19,8,26
705,"Slovenia",4,"Median","53",2076,20,8,28
705,"Slovenia",4,"Median","54",2076,23,9,31
705,"Slovenia",4,"Median","55",2076,26,10,36
705,"Slovenia",4,"Median","56",2076,30,11,42
705,"Slovenia",4,"Median","57",2076,34,14,48
705,"Slovenia",4,"Median","58",2076,39,16,55
705,"Slovenia",4,"Median","59",2076,44,18,61
705,"Slovenia",4,"Median","60",2076,49,20,68
705,"Slovenia",4,"Median","61",2076,55,23,78
705,"Slovenia",4,"Median","62",2076,61,26,87
705,"Slovenia",4,"Median","63",2076,66,27,93
705,"Slovenia",4,"Median","64",2076,68,28,96
705,"Slovenia",4,"Median","65",2076,71,30,101
705,"Slovenia",4,"Median","66",2076,77,33,110
705,"Slovenia",4,"Median","67",2076,81,34,115
705,"Slovenia",4,"Median","68",2076,81,34,114
705,"Slovenia",4,"Median","69",2076,78,32,111
705,"Slovenia",4,"Median","70",2076,79,34,112
705,"Slovenia",4,"Median","71",2076,79,35,114
705,"Slovenia",4,"Median","72",2076,81,35,117
705,"Slovenia",4,"Median","73",2076,87,38,125
705,"Slovenia",4,"Median","74",2076,103,48,151
705,"Slovenia",4,"Median","75",2076,132,66,198
705,"Slovenia",4,"Median","76",2076,166,86,252
705,"Slovenia",4,"Median","77",2076,189,98,287
705,"Slovenia",4,"Median","78",2076,211,112,323
705,"Slovenia",4,"Median","79",2076,242,131,372
705,"Slovenia",4,"Median","80",2076,271,152,424
705,"Slovenia",4,"Median","81",2076,295,176,472
705,"Slovenia",4,"Median","82",2076,324,201,525
705,"Slovenia",4,"Median","83",2076,354,228,581
705,"Slovenia",4,"Median","84",2076,394,266,660
705,"Slovenia",4,"Median","85",2076,435,312,747
705,"Slovenia",4,"Median","86",2076,471,356,826
705,"Slovenia",4,"Median","87",2076,524,414,938
705,"Slovenia",4,"Median","88",2076,566,473,1039
705,"Slovenia",4,"Median","89",2076,577,507,1084
705,"Slovenia",4,"Median","90",2076,585,542,1126
705,"Slovenia",4,"Median","91",2076,594,585,1179
705,"Slovenia",4,"Median","92",2076,593,614,1207
705,"Slovenia",4,"Median","93",2076,590,636,1226
705,"Slovenia",4,"Median","94",2076,578,652,1230
705,"Slovenia",4,"Median","95",2076,546,657,1203
705,"Slovenia",4,"Median","96",2076,503,633,1136
705,"Slovenia",4,"Median","97",2076,447,580,1028
705,"Slovenia",4,"Median","98",2076,378,520,899
705,"Slovenia",4,"Median","99",2076,313,462,775
705,"Slovenia",4,"Median","100",2076,109,146,255
705,"Slovenia",4,"Median","101",2076,102,143,245
705,"Slovenia",4,"Median","102",2076,96,141,237
705,"Slovenia",4,"Median","103",2076,90,139,229
705,"Slovenia",4,"Median","104",2076,84,137,221
705,"Slovenia",4,"Median","105",2076,79,135,214
705,"Slovenia",4,"Median","106",2076,74,133,207
705,"Slovenia",4,"Median","107",2076,69,131,200
705,"Slovenia",4,"Median","108",2076,65,129,194
705,"Slovenia",4,"Median","109",2076,61,127,188
705,"Slovenia",4,"Median","110",2076,57,125,182
705,"Slovenia",4,"Median","0",2077,3,3,6
705,"Slovenia",4,"Median","1",2077,0,0,1
705,"Slovenia",4,"Median","2",2077,0,0,0
705,"Slovenia",4,"Median","3",2077,0,0,0
705,"Slovenia",4,"Median","4",2077,0,0,0
705,"Slovenia",4,"Median","5",2077,0,0,0
705,"Slovenia",4,"Median","6",2077,0,0,0
705,"Slovenia",4,"Median","7",2077,0,0,0
705,"Slovenia",4,"Median","8",2077,0,0,0
705,"Slovenia",4,"Median","9",2077,0,0,0
705,"Slovenia",4,"Median","10",2077,0,0,0
705,"Slovenia",4,"Median","11",2077,0,0,0
705,"Slovenia",4,"Median","12",2077,0,0,0
705,"Slovenia",4,"Median","13",2077,0,0,0
705,"Slovenia",4,"Median","14",2077,0,0,0
705,"Slovenia",4,"Median","15",2077,0,0,1
705,"Slovenia",4,"Median","16",2077,0,0,1
705,"Slovenia",4,"Median","17",2077,1,0,1
705,"Slovenia",4,"Median","18",2077,2,0,2
705,"Slovenia",4,"Median","19",2077,2,1,2
705,"Slovenia",4,"Median","20",2077,2,0,2
705,"Slovenia",4,"Median","21",2077,1,0,2
705,"Slovenia",4,"Median","22",2077,2,0,2
705,"Slovenia",4,"Median","23",2077,2,1,2
705,"Slovenia",4,"Median","24",2077,2,1,2
705,"Slovenia",4,"Median","25",2077,2,0,2
705,"Slovenia",4,"Median","26",2077,2,0,2
705,"Slovenia",4,"Median","27",2077,2,0,2
705,"Slovenia",4,"Median","28",2077,2,0,3
705,"Slovenia",4,"Median","29",2077,2,0,3
705,"Slovenia",4,"Median","30",2077,3,1,3
705,"Slovenia",4,"Median","31",2077,3,1,3
705,"Slovenia",4,"Median","32",2077,2,1,3
705,"Slovenia",4,"Median","33",2077,3,1,4
705,"Slovenia",4,"Median","34",2077,3,1,4
705,"Slovenia",4,"Median","35",2077,3,1,4
705,"Slovenia",4,"Median","36",2077,3,1,4
705,"Slovenia",4,"Median","37",2077,4,1,5
705,"Slovenia",4,"Median","38",2077,5,1,6
705,"Slovenia",4,"Median","39",2077,4,1,6
705,"Slovenia",4,"Median","40",2077,4,1,5
705,"Slovenia",4,"Median","41",2077,4,1,5
705,"Slovenia",4,"Median","42",2077,5,2,6
705,"Slovenia",4,"Median","43",2077,5,2,7
705,"Slovenia",4,"Median","44",2077,6,2,8
705,"Slovenia",4,"Median","45",2077,6,3,9
705,"Slovenia",4,"Median","46",2077,7,3,10
705,"Slovenia",4,"Median","47",2077,8,3,11
705,"Slovenia",4,"Median","48",2077,9,4,12
705,"Slovenia",4,"Median","49",2077,11,4,15
705,"Slovenia",4,"Median","50",2077,14,5,19
705,"Slovenia",4,"Median","51",2077,17,7,23
705,"Slovenia",4,"Median","52",2077,18,7,25
705,"Slovenia",4,"Median","53",2077,19,8,27
705,"Slovenia",4,"Median","54",2077,22,8,30
705,"Slovenia",4,"Median","55",2077,26,9,35
705,"Slovenia",4,"Median","56",2077,30,11,41
705,"Slovenia",4,"Median","57",2077,33,13,46
705,"Slovenia",4,"Median","58",2077,38,15,53
705,"Slovenia",4,"Median","59",2077,43,17,60
705,"Slovenia",4,"Median","60",2077,48,19,67
705,"Slovenia",4,"Median","61",2077,53,22,76
705,"Slovenia",4,"Median","62",2077,60,25,85
705,"Slovenia",4,"Median","63",2077,63,26,90
705,"Slovenia",4,"Median","64",2077,66,27,92
705,"Slovenia",4,"Median","65",2077,69,29,98
705,"Slovenia",4,"Median","66",2077,75,32,108
705,"Slovenia",4,"Median","67",2077,81,33,114
705,"Slovenia",4,"Median","68",2077,82,34,116
705,"Slovenia",4,"Median","69",2077,82,34,116
705,"Slovenia",4,"Median","70",2077,82,35,116
705,"Slovenia",4,"Median","71",2077,82,35,117
705,"Slovenia",4,"Median","72",2077,83,36,119
705,"Slovenia",4,"Median","73",2077,88,38,126
705,"Slovenia",4,"Median","74",2077,102,47,149
705,"Slovenia",4,"Median","75",2077,126,63,189
705,"Slovenia",4,"Median","76",2077,160,83,243
705,"Slovenia",4,"Median","77",2077,184,98,282
705,"Slovenia",4,"Median","78",2077,201,106,307
705,"Slovenia",4,"Median","79",2077,229,124,354
705,"Slovenia",4,"Median","80",2077,264,147,411
705,"Slovenia",4,"Median","81",2077,293,169,462
705,"Slovenia",4,"Median","82",2077,316,194,511
705,"Slovenia",4,"Median","83",2077,347,222,569
705,"Slovenia",4,"Median","84",2077,377,251,628
705,"Slovenia",4,"Median","85",2077,417,291,708
705,"Slovenia",4,"Median","86",2077,457,339,796
705,"Slovenia",4,"Median","87",2077,491,385,876
705,"Slovenia",4,"Median","88",2077,542,444,986
705,"Slovenia",4,"Median","89",2077,580,504,1083
705,"Slovenia",4,"Median","90",2077,584,535,1118
705,"Slovenia",4,"Median","91",2077,585,565,1149
705,"Slovenia",4,"Median","92",2077,586,602,1188
705,"Slovenia",4,"Median","93",2077,575,622,1198
705,"Slovenia",4,"Median","94",2077,563,634,1196
705,"Slovenia",4,"Median","95",2077,541,637,1178
705,"Slovenia",4,"Median","96",2077,501,629,1129
705,"Slovenia",4,"Median","97",2077,451,592,1043
705,"Slovenia",4,"Median","98",2077,391,529,920
705,"Slovenia",4,"Median","99",2077,322,461,783
705,"Slovenia",4,"Median","100",2077,112,147,259
705,"Slovenia",4,"Median","101",2077,105,146,251
705,"Slovenia",4,"Median","102",2077,99,144,243
705,"Slovenia",4,"Median","103",2077,93,143,236
705,"Slovenia",4,"Median","104",2077,88,141,229
705,"Slovenia",4,"Median","105",2077,83,139,222
705,"Slovenia",4,"Median","106",2077,78,138,216
705,"Slovenia",4,"Median","107",2077,73,136,209
705,"Slovenia",4,"Median","108",2077,69,135,204
705,"Slovenia",4,"Median","109",2077,65,133,198
705,"Slovenia",4,"Median","110",2077,61,132,193
705,"Slovenia",4,"Median","0",2078,3,2,6
705,"Slovenia",4,"Median","1",2078,0,0,1
705,"Slovenia",4,"Median","2",2078,0,0,0
705,"Slovenia",4,"Median","3",2078,0,0,0
705,"Slovenia",4,"Median","4",2078,0,0,0
705,"Slovenia",4,"Median","5",2078,0,0,0
705,"Slovenia",4,"Median","6",2078,0,0,0
705,"Slovenia",4,"Median","7",2078,0,0,0
705,"Slovenia",4,"Median","8",2078,0,0,0
705,"Slovenia",4,"Median","9",2078,0,0,0
705,"Slovenia",4,"Median","10",2078,0,0,0
705,"Slovenia",4,"Median","11",2078,0,0,0
705,"Slovenia",4,"Median","12",2078,0,0,0
705,"Slovenia",4,"Median","13",2078,0,0,0
705,"Slovenia",4,"Median","14",2078,0,0,0
705,"Slovenia",4,"Median","15",2078,0,0,1
705,"Slovenia",4,"Median","16",2078,0,0,1
705,"Slovenia",4,"Median","17",2078,1,0,1
705,"Slovenia",4,"Median","18",2078,2,0,2
705,"Slovenia",4,"Median","19",2078,2,0,2
705,"Slovenia",4,"Median","20",2078,2,0,2
705,"Slovenia",4,"Median","21",2078,1,0,2
705,"Slovenia",4,"Median","22",2078,2,0,2
705,"Slovenia",4,"Median","23",2078,2,1,2
705,"Slovenia",4,"Median","24",2078,2,1,2
705,"Slovenia",4,"Median","25",2078,2,0,2
705,"Slovenia",4,"Median","26",2078,2,0,2
705,"Slovenia",4,"Median","27",2078,2,0,2
705,"Slovenia",4,"Median","28",2078,2,0,3
705,"Slovenia",4,"Median","29",2078,2,0,3
705,"Slovenia",4,"Median","30",2078,3,1,3
705,"Slovenia",4,"Median","31",2078,3,1,3
705,"Slovenia",4,"Median","32",2078,2,1,3
705,"Slovenia",4,"Median","33",2078,3,1,3
705,"Slovenia",4,"Median","34",2078,3,1,4
705,"Slovenia",4,"Median","35",2078,3,1,4
705,"Slovenia",4,"Median","36",2078,3,1,4
705,"Slovenia",4,"Median","37",2078,3,1,5
705,"Slovenia",4,"Median","38",2078,5,1,6
705,"Slovenia",4,"Median","39",2078,4,1,6
705,"Slovenia",4,"Median","40",2078,4,1,5
705,"Slovenia",4,"Median","41",2078,4,1,5
705,"Slovenia",4,"Median","42",2078,5,2,6
705,"Slovenia",4,"Median","43",2078,5,2,7
705,"Slovenia",4,"Median","44",2078,6,2,8
705,"Slovenia",4,"Median","45",2078,6,3,9
705,"Slovenia",4,"Median","46",2078,7,3,10
705,"Slovenia",4,"Median","47",2078,7,3,11
705,"Slovenia",4,"Median","48",2078,9,3,12
705,"Slovenia",4,"Median","49",2078,10,4,15
705,"Slovenia",4,"Median","50",2078,13,5,19
705,"Slovenia",4,"Median","51",2078,16,6,23
705,"Slovenia",4,"Median","52",2078,18,7,25
705,"Slovenia",4,"Median","53",2078,19,7,26
705,"Slovenia",4,"Median","54",2078,21,8,29
705,"Slovenia",4,"Median","55",2078,24,9,33
705,"Slovenia",4,"Median","56",2078,29,11,39
705,"Slovenia",4,"Median","57",2078,33,13,45
705,"Slovenia",4,"Median","58",2078,36,15,51
705,"Slovenia",4,"Median","59",2078,41,16,57
705,"Slovenia",4,"Median","60",2078,47,18,65
705,"Slovenia",4,"Median","61",2078,53,22,74
705,"Slovenia",4,"Median","62",2078,58,25,83
705,"Slovenia",4,"Median","63",2078,62,25,88
705,"Slovenia",4,"Median","64",2078,64,26,89
705,"Slovenia",4,"Median","65",2078,67,28,95
705,"Slovenia",4,"Median","66",2078,74,31,105
705,"Slovenia",4,"Median","67",2078,79,33,112
705,"Slovenia",4,"Median","68",2078,82,33,115
705,"Slovenia",4,"Median","69",2078,83,35,118
705,"Slovenia",4,"Median","70",2078,85,37,121
705,"Slovenia",4,"Median","71",2078,85,37,121
705,"Slovenia",4,"Median","72",2078,86,37,123
705,"Slovenia",4,"Median","73",2078,90,39,130
705,"Slovenia",4,"Median","74",2078,103,48,152
705,"Slovenia",4,"Median","75",2078,125,63,187
705,"Slovenia",4,"Median","76",2078,153,80,233
705,"Slovenia",4,"Median","77",2078,177,95,272
705,"Slovenia",4,"Median","78",2078,196,106,302
705,"Slovenia",4,"Median","79",2078,218,119,337
705,"Slovenia",4,"Median","80",2078,251,140,391
705,"Slovenia",4,"Median","81",2078,286,164,450
705,"Slovenia",4,"Median","82",2078,314,187,502
705,"Slovenia",4,"Median","83",2078,339,215,554
705,"Slovenia",4,"Median","84",2078,370,246,616
705,"Slovenia",4,"Median","85",2078,400,276,675
705,"Slovenia",4,"Median","86",2078,439,318,757
705,"Slovenia",4,"Median","87",2078,477,369,845
705,"Slovenia",4,"Median","88",2078,508,415,924
705,"Slovenia",4,"Median","89",2078,555,475,1030
705,"Slovenia",4,"Median","90",2078,587,533,1120
705,"Slovenia",4,"Median","91",2078,584,559,1143
705,"Slovenia",4,"Median","92",2078,577,583,1160
705,"Slovenia",4,"Median","93",2078,569,612,1181
705,"Slovenia",4,"Median","94",2078,550,622,1172
705,"Slovenia",4,"Median","95",2078,527,622,1149
705,"Slovenia",4,"Median","96",2078,497,612,1109
705,"Slovenia",4,"Median","97",2078,450,590,1040
705,"Slovenia",4,"Median","98",2078,395,542,937
705,"Slovenia",4,"Median","99",2078,334,471,804
705,"Slovenia",4,"Median","100",2078,115,149,264
705,"Slovenia",4,"Median","101",2078,108,148,256
705,"Slovenia",4,"Median","102",2078,102,147,249
705,"Slovenia",4,"Median","103",2078,97,146,243
705,"Slovenia",4,"Median","104",2078,91,145,236
705,"Slovenia",4,"Median","105",2078,86,144,230
705,"Slovenia",4,"Median","106",2078,81,142,223
705,"Slovenia",4,"Median","107",2078,77,141,218
705,"Slovenia",4,"Median","108",2078,72,140,212
705,"Slovenia",4,"Median","109",2078,68,139,207
705,"Slovenia",4,"Median","110",2078,65,138,203
705,"Slovenia",4,"Median","0",2079,3,2,6
705,"Slovenia",4,"Median","1",2079,0,0,1
705,"Slovenia",4,"Median","2",2079,0,0,0
705,"Slovenia",4,"Median","3",2079,0,0,0
705,"Slovenia",4,"Median","4",2079,0,0,0
705,"Slovenia",4,"Median","5",2079,0,0,0
705,"Slovenia",4,"Median","6",2079,0,0,0
705,"Slovenia",4,"Median","7",2079,0,0,0
705,"Slovenia",4,"Median","8",2079,0,0,0
705,"Slovenia",4,"Median","9",2079,0,0,0
705,"Slovenia",4,"Median","10",2079,0,0,0
705,"Slovenia",4,"Median","11",2079,0,0,0
705,"Slovenia",4,"Median","12",2079,0,0,0
705,"Slovenia",4,"Median","13",2079,0,0,0
705,"Slovenia",4,"Median","14",2079,0,0,0
705,"Slovenia",4,"Median","15",2079,0,0,1
705,"Slovenia",4,"Median","16",2079,0,0,1
705,"Slovenia",4,"Median","17",2079,1,0,1
705,"Slovenia",4,"Median","18",2079,2,0,2
705,"Slovenia",4,"Median","19",2079,2,0,2
705,"Slovenia",4,"Median","20",2079,1,0,2
705,"Slovenia",4,"Median","21",2079,1,0,2
705,"Slovenia",4,"Median","22",2079,2,0,2
705,"Slovenia",4,"Median","23",2079,2,1,2
705,"Slovenia",4,"Median","24",2079,2,1,2
705,"Slovenia",4,"Median","25",2079,2,0,2
705,"Slovenia",4,"Median","26",2079,2,0,2
705,"Slovenia",4,"Median","27",2079,2,0,2
705,"Slovenia",4,"Median","28",2079,2,0,2
705,"Slovenia",4,"Median","29",2079,2,0,3
705,"Slovenia",4,"Median","30",2079,2,1,3
705,"Slovenia",4,"Median","31",2079,2,1,3
705,"Slovenia",4,"Median","32",2079,2,1,3
705,"Slovenia",4,"Median","33",2079,3,1,3
705,"Slovenia",4,"Median","34",2079,3,1,4
705,"Slovenia",4,"Median","35",2079,3,1,4
705,"Slovenia",4,"Median","36",2079,3,1,4
705,"Slovenia",4,"Median","37",2079,3,1,5
705,"Slovenia",4,"Median","38",2079,4,1,6
705,"Slovenia",4,"Median","39",2079,4,1,6
705,"Slovenia",4,"Median","40",2079,4,1,5
705,"Slovenia",4,"Median","41",2079,4,1,5
705,"Slovenia",4,"Median","42",2079,5,2,6
705,"Slovenia",4,"Median","43",2079,5,2,7
705,"Slovenia",4,"Median","44",2079,6,2,8
705,"Slovenia",4,"Median","45",2079,6,3,9
705,"Slovenia",4,"Median","46",2079,7,3,10
705,"Slovenia",4,"Median","47",2079,7,3,10
705,"Slovenia",4,"Median","48",2079,8,3,12
705,"Slovenia",4,"Median","49",2079,10,4,14
705,"Slovenia",4,"Median","50",2079,13,5,18
705,"Slovenia",4,"Median","51",2079,16,6,22
705,"Slovenia",4,"Median","52",2079,17,7,24
705,"Slovenia",4,"Median","53",2079,18,7,25
705,"Slovenia",4,"Median","54",2079,20,8,28
705,"Slovenia",4,"Median","55",2079,24,9,32
705,"Slovenia",4,"Median","56",2079,27,10,37
705,"Slovenia",4,"Median","57",2079,32,12,44
705,"Slovenia",4,"Median","58",2079,36,14,50
705,"Slovenia",4,"Median","59",2079,40,16,55
705,"Slovenia",4,"Median","60",2079,45,18,63
705,"Slovenia",4,"Median","61",2079,51,21,72
705,"Slovenia",4,"Median","62",2079,57,24,81
705,"Slovenia",4,"Median","63",2079,60,25,85
705,"Slovenia",4,"Median","64",2079,62,25,87
705,"Slovenia",4,"Median","65",2079,65,27,92
705,"Slovenia",4,"Median","66",2079,71,30,101
705,"Slovenia",4,"Median","67",2079,77,32,109
705,"Slovenia",4,"Median","68",2079,81,33,113
705,"Slovenia",4,"Median","69",2079,83,34,117
705,"Slovenia",4,"Median","70",2079,87,37,123
705,"Slovenia",4,"Median","71",2079,88,39,126
705,"Slovenia",4,"Median","72",2079,89,38,127
705,"Slovenia",4,"Median","73",2079,93,40,133
705,"Slovenia",4,"Median","74",2079,106,50,155
705,"Slovenia",4,"Median","75",2079,126,64,190
705,"Slovenia",4,"Median","76",2079,152,79,231
705,"Slovenia",4,"Median","77",2079,169,91,260
705,"Slovenia",4,"Median","78",2079,189,104,292
705,"Slovenia",4,"Median","79",2079,212,119,331
705,"Slovenia",4,"Median","80",2079,238,134,373
705,"Slovenia",4,"Median","81",2079,271,157,428
705,"Slovenia",4,"Median","82",2079,306,181,488
705,"Slovenia",4,"Median","83",2079,337,208,544
705,"Slovenia",4,"Median","84",2079,362,238,600
705,"Slovenia",4,"Median","85",2079,392,270,662
705,"Slovenia",4,"Median","86",2079,420,301,721
705,"Slovenia",4,"Median","87",2079,458,346,804
705,"Slovenia",4,"Median","88",2079,494,398,891
705,"Slovenia",4,"Median","89",2079,521,444,965
705,"Slovenia",4,"Median","90",2079,563,503,1066
705,"Slovenia",4,"Median","91",2079,588,558,1146
705,"Slovenia",4,"Median","92",2079,577,578,1155
705,"Slovenia",4,"Median","93",2079,561,594,1155
705,"Slovenia",4,"Median","94",2079,544,613,1157
705,"Slovenia",4,"Median","95",2079,516,612,1127
705,"Slovenia",4,"Median","96",2079,485,599,1083
705,"Slovenia",4,"Median","97",2079,447,576,1022
705,"Slovenia",4,"Median","98",2079,394,541,935
705,"Slovenia",4,"Median","99",2079,338,483,820
705,"Slovenia",4,"Median","100",2079,119,150,269
705,"Slovenia",4,"Median","101",2079,112,150,262
705,"Slovenia",4,"Median","102",2079,106,149,255
705,"Slovenia",4,"Median","103",2079,100,149,249
705,"Slovenia",4,"Median","104",2079,95,148,243
705,"Slovenia",4,"Median","105",2079,90,148,238
705,"Slovenia",4,"Median","106",2079,85,147,232
705,"Slovenia",4,"Median","107",2079,80,147,227
705,"Slovenia",4,"Median","108",2079,76,146,222
705,"Slovenia",4,"Median","109",2079,72,145,217
705,"Slovenia",4,"Median","110",2079,68,145,213
705,"Slovenia",4,"Median","0",2080,3,2,5
705,"Slovenia",4,"Median","1",2080,0,0,1
705,"Slovenia",4,"Median","2",2080,0,0,0
705,"Slovenia",4,"Median","3",2080,0,0,0
705,"Slovenia",4,"Median","4",2080,0,0,0
705,"Slovenia",4,"Median","5",2080,0,0,0
705,"Slovenia",4,"Median","6",2080,0,0,0
705,"Slovenia",4,"Median","7",2080,0,0,0
705,"Slovenia",4,"Median","8",2080,0,0,0
705,"Slovenia",4,"Median","9",2080,0,0,0
705,"Slovenia",4,"Median","10",2080,0,0,0
705,"Slovenia",4,"Median","11",2080,0,0,0
705,"Slovenia",4,"Median","12",2080,0,0,0
705,"Slovenia",4,"Median","13",2080,0,0,0
705,"Slovenia",4,"Median","14",2080,0,0,0
705,"Slovenia",4,"Median","15",2080,0,0,1
705,"Slovenia",4,"Median","16",2080,0,0,1
705,"Slovenia",4,"Median","17",2080,1,0,1
705,"Slovenia",4,"Median","18",2080,1,0,2
705,"Slovenia",4,"Median","19",2080,2,0,2
705,"Slovenia",4,"Median","20",2080,1,0,2
705,"Slovenia",4,"Median","21",2080,1,0,2
705,"Slovenia",4,"Median","22",2080,2,0,2
705,"Slovenia",4,"Median","23",2080,2,1,2
705,"Slovenia",4,"Median","24",2080,2,1,2
705,"Slovenia",4,"Median","25",2080,2,0,2
705,"Slovenia",4,"Median","26",2080,2,0,2
705,"Slovenia",4,"Median","27",2080,2,0,2
705,"Slovenia",4,"Median","28",2080,2,0,2
705,"Slovenia",4,"Median","29",2080,2,0,3
705,"Slovenia",4,"Median","30",2080,2,1,3
705,"Slovenia",4,"Median","31",2080,2,1,3
705,"Slovenia",4,"Median","32",2080,2,1,3
705,"Slovenia",4,"Median","33",2080,3,1,3
705,"Slovenia",4,"Median","34",2080,3,1,4
705,"Slovenia",4,"Median","35",2080,3,1,4
705,"Slovenia",4,"Median","36",2080,3,1,4
705,"Slovenia",4,"Median","37",2080,3,1,5
705,"Slovenia",4,"Median","38",2080,4,1,6
705,"Slovenia",4,"Median","39",2080,4,1,6
705,"Slovenia",4,"Median","40",2080,4,1,5
705,"Slovenia",4,"Median","41",2080,4,1,5
705,"Slovenia",4,"Median","42",2080,5,2,6
705,"Slovenia",4,"Median","43",2080,5,2,7
705,"Slovenia",4,"Median","44",2080,6,2,8
705,"Slovenia",4,"Median","45",2080,6,3,9
705,"Slovenia",4,"Median","46",2080,7,3,10
705,"Slovenia",4,"Median","47",2080,7,3,10
705,"Slovenia",4,"Median","48",2080,8,3,12
705,"Slovenia",4,"Median","49",2080,10,4,14
705,"Slovenia",4,"Median","50",2080,13,5,18
705,"Slovenia",4,"Median","51",2080,15,6,22
705,"Slovenia",4,"Median","52",2080,17,7,23
705,"Slovenia",4,"Median","53",2080,17,7,24
705,"Slovenia",4,"Median","54",2080,20,7,27
705,"Slovenia",4,"Median","55",2080,23,8,31
705,"Slovenia",4,"Median","56",2080,27,10,36
705,"Slovenia",4,"Median","57",2080,30,11,42
705,"Slovenia",4,"Median","58",2080,35,14,48
705,"Slovenia",4,"Median","59",2080,39,15,54
705,"Slovenia",4,"Median","60",2080,44,17,60
705,"Slovenia",4,"Median","61",2080,50,20,69
705,"Slovenia",4,"Median","62",2080,56,23,79
705,"Slovenia",4,"Median","63",2080,59,24,83
705,"Slovenia",4,"Median","64",2080,60,24,84
705,"Slovenia",4,"Median","65",2080,63,26,89
705,"Slovenia",4,"Median","66",2080,69,29,97
705,"Slovenia",4,"Median","67",2080,75,30,105
705,"Slovenia",4,"Median","68",2080,79,31,110
705,"Slovenia",4,"Median","69",2080,82,33,115
705,"Slovenia",4,"Median","70",2080,86,36,122
705,"Slovenia",4,"Median","71",2080,90,39,129
705,"Slovenia",4,"Median","72",2080,92,40,132
705,"Slovenia",4,"Median","73",2080,96,41,137
705,"Slovenia",4,"Median","74",2080,109,50,159
705,"Slovenia",4,"Median","75",2080,130,66,196
705,"Slovenia",4,"Median","76",2080,154,81,235
705,"Slovenia",4,"Median","77",2080,169,90,259
705,"Slovenia",4,"Median","78",2080,180,99,279
705,"Slovenia",4,"Median","79",2080,205,116,320
705,"Slovenia",4,"Median","80",2080,233,134,367
705,"Slovenia",4,"Median","81",2080,258,150,408
705,"Slovenia",4,"Median","82",2080,291,173,464
705,"Slovenia",4,"Median","83",2080,329,201,530
705,"Slovenia",4,"Median","84",2080,360,230,590
705,"Slovenia",4,"Median","85",2080,384,262,646
705,"Slovenia",4,"Median","86",2080,413,295,708
705,"Slovenia",4,"Median","87",2080,440,327,767
705,"Slovenia",4,"Median","88",2080,475,373,848
705,"Slovenia",4,"Median","89",2080,507,425,932
705,"Slovenia",4,"Median","90",2080,529,470,999
705,"Slovenia",4,"Median","91",2080,565,527,1092
705,"Slovenia",4,"Median","92",2080,582,577,1160
705,"Slovenia",4,"Median","93",2080,562,589,1152
705,"Slovenia",4,"Median","94",2080,538,595,1133
705,"Slovenia",4,"Median","95",2080,512,603,1115
705,"Slovenia",4,"Median","96",2080,475,589,1064
705,"Slovenia",4,"Median","97",2080,437,563,1000
705,"Slovenia",4,"Median","98",2080,393,528,921
705,"Slovenia",4,"Median","99",2080,338,483,821
705,"Slovenia",4,"Median","100",2080,121,151,272
705,"Slovenia",4,"Median","101",2080,115,151,266
705,"Slovenia",4,"Median","102",2080,109,151,260
705,"Slovenia",4,"Median","103",2080,103,151,254
705,"Slovenia",4,"Median","104",2080,98,152,250
705,"Slovenia",4,"Median","105",2080,93,152,245
705,"Slovenia",4,"Median","106",2080,88,152,240
705,"Slovenia",4,"Median","107",2080,84,152,236
705,"Slovenia",4,"Median","108",2080,80,152,232
705,"Slovenia",4,"Median","109",2080,76,152,228
705,"Slovenia",4,"Median","110",2080,72,152,224
705,"Slovenia",4,"Median","0",2081,3,2,5
705,"Slovenia",4,"Median","1",2081,0,0,1
705,"Slovenia",4,"Median","2",2081,0,0,0
705,"Slovenia",4,"Median","3",2081,0,0,0
705,"Slovenia",4,"Median","4",2081,0,0,0
705,"Slovenia",4,"Median","5",2081,0,0,0
705,"Slovenia",4,"Median","6",2081,0,0,0
705,"Slovenia",4,"Median","7",2081,0,0,0
705,"Slovenia",4,"Median","8",2081,0,0,0
705,"Slovenia",4,"Median","9",2081,0,0,0
705,"Slovenia",4,"Median","10",2081,0,0,0
705,"Slovenia",4,"Median","11",2081,0,0,0
705,"Slovenia",4,"Median","12",2081,0,0,0
705,"Slovenia",4,"Median","13",2081,0,0,0
705,"Slovenia",4,"Median","14",2081,0,0,0
705,"Slovenia",4,"Median","15",2081,0,0,1
705,"Slovenia",4,"Median","16",2081,0,0,1
705,"Slovenia",4,"Median","17",2081,1,0,1
705,"Slovenia",4,"Median","18",2081,1,0,2
705,"Slovenia",4,"Median","19",2081,2,0,2
705,"Slovenia",4,"Median","20",2081,1,0,2
705,"Slovenia",4,"Median","21",2081,1,0,2
705,"Slovenia",4,"Median","22",2081,1,0,2
705,"Slovenia",4,"Median","23",2081,2,1,2
705,"Slovenia",4,"Median","24",2081,2,1,2
705,"Slovenia",4,"Median","25",2081,2,0,2
705,"Slovenia",4,"Median","26",2081,2,0,2
705,"Slovenia",4,"Median","27",2081,2,0,2
705,"Slovenia",4,"Median","28",2081,2,0,2
705,"Slovenia",4,"Median","29",2081,2,0,2
705,"Slovenia",4,"Median","30",2081,2,1,3
705,"Slovenia",4,"Median","31",2081,2,1,3
705,"Slovenia",4,"Median","32",2081,2,1,3
705,"Slovenia",4,"Median","33",2081,2,1,3
705,"Slovenia",4,"Median","34",2081,3,1,4
705,"Slovenia",4,"Median","35",2081,2,1,4
705,"Slovenia",4,"Median","36",2081,2,1,4
705,"Slovenia",4,"Median","37",2081,3,1,5
705,"Slovenia",4,"Median","38",2081,4,1,6
705,"Slovenia",4,"Median","39",2081,4,1,6
705,"Slovenia",4,"Median","40",2081,4,1,5
705,"Slovenia",4,"Median","41",2081,4,1,5
705,"Slovenia",4,"Median","42",2081,5,2,6
705,"Slovenia",4,"Median","43",2081,5,2,7
705,"Slovenia",4,"Median","44",2081,6,2,8
705,"Slovenia",4,"Median","45",2081,6,3,9
705,"Slovenia",4,"Median","46",2081,7,3,10
705,"Slovenia",4,"Median","47",2081,7,3,10
705,"Slovenia",4,"Median","48",2081,8,3,12
705,"Slovenia",4,"Median","49",2081,10,4,14
705,"Slovenia",4,"Median","50",2081,13,5,18
705,"Slovenia",4,"Median","51",2081,15,6,21
705,"Slovenia",4,"Median","52",2081,16,6,23
705,"Slovenia",4,"Median","53",2081,17,7,24
705,"Slovenia",4,"Median","54",2081,19,7,26
705,"Slovenia",4,"Median","55",2081,22,8,30
705,"Slovenia",4,"Median","56",2081,26,9,35
705,"Slovenia",4,"Median","57",2081,29,11,40
705,"Slovenia",4,"Median","58",2081,33,13,46
705,"Slovenia",4,"Median","59",2081,38,15,52
705,"Slovenia",4,"Median","60",2081,43,16,59
705,"Slovenia",4,"Median","61",2081,48,19,67
705,"Slovenia",4,"Median","62",2081,54,22,76
705,"Slovenia",4,"Median","63",2081,58,23,81
705,"Slovenia",4,"Median","64",2081,59,23,83
705,"Slovenia",4,"Median","65",2081,61,25,87
705,"Slovenia",4,"Median","66",2081,67,28,95
705,"Slovenia",4,"Median","67",2081,72,29,101
705,"Slovenia",4,"Median","68",2081,76,30,106
705,"Slovenia",4,"Median","69",2081,79,32,112
705,"Slovenia",4,"Median","70",2081,85,36,120
705,"Slovenia",4,"Median","71",2081,89,38,128
705,"Slovenia",4,"Median","72",2081,94,40,134
705,"Slovenia",4,"Median","73",2081,100,43,143
705,"Slovenia",4,"Median","74",2081,113,52,165
705,"Slovenia",4,"Median","75",2081,134,67,201
705,"Slovenia",4,"Median","76",2081,159,84,242
705,"Slovenia",4,"Median","77",2081,171,93,264
705,"Slovenia",4,"Median","78",2081,180,98,278
705,"Slovenia",4,"Median","79",2081,196,111,307
705,"Slovenia",4,"Median","80",2081,225,131,356
705,"Slovenia",4,"Median","81",2081,252,150,402
705,"Slovenia",4,"Median","82",2081,277,166,443
705,"Slovenia",4,"Median","83",2081,313,193,505
705,"Slovenia",4,"Median","84",2081,352,223,575
705,"Slovenia",4,"Median","85",2081,382,253,636
705,"Slovenia",4,"Median","86",2081,405,287,692
705,"Slovenia",4,"Median","87",2081,433,321,754
705,"Slovenia",4,"Median","88",2081,457,354,811
705,"Slovenia",4,"Median","89",2081,489,400,889
705,"Slovenia",4,"Median","90",2081,516,452,968
705,"Slovenia",4,"Median","91",2081,532,494,1026
705,"Slovenia",4,"Median","92",2081,560,546,1107
705,"Slovenia",4,"Median","93",2081,569,590,1159
705,"Slovenia",4,"Median","94",2081,540,593,1133
705,"Slovenia",4,"Median","95",2081,507,587,1094
705,"Slovenia",4,"Median","96",2081,473,583,1056
705,"Slovenia",4,"Median","97",2081,429,557,986
705,"Slovenia",4,"Median","98",2081,385,519,904
705,"Slovenia",4,"Median","99",2081,338,473,811
705,"Slovenia",4,"Median","100",2081,122,152,274
705,"Slovenia",4,"Median","101",2081,116,152,268
705,"Slovenia",4,"Median","102",2081,111,153,264
705,"Slovenia",4,"Median","103",2081,106,154,260
705,"Slovenia",4,"Median","104",2081,101,155,256
705,"Slovenia",4,"Median","105",2081,96,155,251
705,"Slovenia",4,"Median","106",2081,91,156,247
705,"Slovenia",4,"Median","107",2081,87,157,244
705,"Slovenia",4,"Median","108",2081,83,158,241
705,"Slovenia",4,"Median","109",2081,79,159,238
705,"Slovenia",4,"Median","110",2081,75,159,234
705,"Slovenia",4,"Median","0",2082,3,2,5
705,"Slovenia",4,"Median","1",2082,0,0,1
705,"Slovenia",4,"Median","2",2082,0,0,0
705,"Slovenia",4,"Median","3",2082,0,0,0
705,"Slovenia",4,"Median","4",2082,0,0,0
705,"Slovenia",4,"Median","5",2082,0,0,0
705,"Slovenia",4,"Median","6",2082,0,0,0
705,"Slovenia",4,"Median","7",2082,0,0,0
705,"Slovenia",4,"Median","8",2082,0,0,0
705,"Slovenia",4,"Median","9",2082,0,0,0
705,"Slovenia",4,"Median","10",2082,0,0,0
705,"Slovenia",4,"Median","11",2082,0,0,0
705,"Slovenia",4,"Median","12",2082,0,0,0
705,"Slovenia",4,"Median","13",2082,0,0,0
705,"Slovenia",4,"Median","14",2082,0,0,0
705,"Slovenia",4,"Median","15",2082,0,0,1
705,"Slovenia",4,"Median","16",2082,0,0,1
705,"Slovenia",4,"Median","17",2082,1,0,1
705,"Slovenia",4,"Median","18",2082,1,0,2
705,"Slovenia",4,"Median","19",2082,2,0,2
705,"Slovenia",4,"Median","20",2082,1,0,2
705,"Slovenia",4,"Median","21",2082,1,0,2
705,"Slovenia",4,"Median","22",2082,1,0,2
705,"Slovenia",4,"Median","23",2082,2,1,2
705,"Slovenia",4,"Median","24",2082,2,0,2
705,"Slovenia",4,"Median","25",2082,2,0,2
705,"Slovenia",4,"Median","26",2082,2,0,2
705,"Slovenia",4,"Median","27",2082,2,0,2
705,"Slovenia",4,"Median","28",2082,2,0,2
705,"Slovenia",4,"Median","29",2082,2,0,2
705,"Slovenia",4,"Median","30",2082,2,1,3
705,"Slovenia",4,"Median","31",2082,2,1,3
705,"Slovenia",4,"Median","32",2082,2,1,3
705,"Slovenia",4,"Median","33",2082,2,1,3
705,"Slovenia",4,"Median","34",2082,3,1,4
705,"Slovenia",4,"Median","35",2082,2,1,3
705,"Slovenia",4,"Median","36",2082,2,1,4
705,"Slovenia",4,"Median","37",2082,3,1,5
705,"Slovenia",4,"Median","38",2082,4,1,6
705,"Slovenia",4,"Median","39",2082,4,1,5
705,"Slovenia",4,"Median","40",2082,4,1,5
705,"Slovenia",4,"Median","41",2082,4,1,5
705,"Slovenia",4,"Median","42",2082,5,2,6
705,"Slovenia",4,"Median","43",2082,5,2,7
705,"Slovenia",4,"Median","44",2082,6,2,8
705,"Slovenia",4,"Median","45",2082,6,3,9
705,"Slovenia",4,"Median","46",2082,7,3,10
705,"Slovenia",4,"Median","47",2082,7,3,10
705,"Slovenia",4,"Median","48",2082,8,3,11
705,"Slovenia",4,"Median","49",2082,10,4,14
705,"Slovenia",4,"Median","50",2082,13,5,17
705,"Slovenia",4,"Median","51",2082,15,6,21
705,"Slovenia",4,"Median","52",2082,16,6,22
705,"Slovenia",4,"Median","53",2082,17,6,23
705,"Slovenia",4,"Median","54",2082,19,7,26
705,"Slovenia",4,"Median","55",2082,22,8,29
705,"Slovenia",4,"Median","56",2082,25,9,34
705,"Slovenia",4,"Median","57",2082,29,11,39
705,"Slovenia",4,"Median","58",2082,32,12,44
705,"Slovenia",4,"Median","59",2082,36,14,50
705,"Slovenia",4,"Median","60",2082,42,16,57
705,"Slovenia",4,"Median","61",2082,47,19,66
705,"Slovenia",4,"Median","62",2082,52,21,73
705,"Slovenia",4,"Median","63",2082,56,22,78
705,"Slovenia",4,"Median","64",2082,58,22,80
705,"Slovenia",4,"Median","65",2082,60,25,85
705,"Slovenia",4,"Median","66",2082,65,27,92
705,"Slovenia",4,"Median","67",2082,71,28,99
705,"Slovenia",4,"Median","68",2082,73,29,102
705,"Slovenia",4,"Median","69",2082,77,31,107
705,"Slovenia",4,"Median","70",2082,83,34,117
705,"Slovenia",4,"Median","71",2082,88,37,125
705,"Slovenia",4,"Median","72",2082,94,39,133
705,"Slovenia",4,"Median","73",2082,102,44,146
705,"Slovenia",4,"Median","74",2082,118,55,173
705,"Slovenia",4,"Median","75",2082,139,69,208
705,"Slovenia",4,"Median","76",2082,165,85,249
705,"Slovenia",4,"Median","77",2082,177,95,272
705,"Slovenia",4,"Median","78",2082,183,101,284
705,"Slovenia",4,"Median","79",2082,196,110,305
705,"Slovenia",4,"Median","80",2082,216,125,341
705,"Slovenia",4,"Median","81",2082,244,146,390
705,"Slovenia",4,"Median","82",2082,272,166,437
705,"Slovenia",4,"Median","83",2082,298,184,482
705,"Slovenia",4,"Median","84",2082,335,213,549
705,"Slovenia",4,"Median","85",2082,375,245,620
705,"Slovenia",4,"Median","86",2082,404,277,681
705,"Slovenia",4,"Median","87",2082,426,312,737
705,"Slovenia",4,"Median","88",2082,450,347,798
705,"Slovenia",4,"Median","89",2082,471,380,850
705,"Slovenia",4,"Median","90",2082,499,424,923
705,"Slovenia",4,"Median","91",2082,520,475,994
705,"Slovenia",4,"Median","92",2082,529,512,1041
705,"Slovenia",4,"Median","93",2082,549,558,1107
705,"Slovenia",4,"Median","94",2082,547,594,1141
705,"Slovenia",4,"Median","95",2082,510,585,1095
705,"Slovenia",4,"Median","96",2082,469,568,1037
705,"Slovenia",4,"Median","97",2082,428,551,979
705,"Slovenia",4,"Median","98",2082,379,513,892
705,"Slovenia",4,"Median","99",2082,332,465,797
705,"Slovenia",4,"Median","100",2082,123,149,272
705,"Slovenia",4,"Median","101",2082,118,151,269
705,"Slovenia",4,"Median","102",2082,112,153,265
705,"Slovenia",4,"Median","103",2082,107,154,261
705,"Slovenia",4,"Median","104",2082,103,156,259
705,"Slovenia",4,"Median","105",2082,98,158,256
705,"Slovenia",4,"Median","106",2082,94,159,253
705,"Slovenia",4,"Median","107",2082,90,161,251
705,"Slovenia",4,"Median","108",2082,86,163,249
705,"Slovenia",4,"Median","109",2082,82,164,246
705,"Slovenia",4,"Median","110",2082,78,166,244
705,"Slovenia",4,"Median","0",2083,3,2,5
705,"Slovenia",4,"Median","1",2083,0,0,1
705,"Slovenia",4,"Median","2",2083,0,0,0
705,"Slovenia",4,"Median","3",2083,0,0,0
705,"Slovenia",4,"Median","4",2083,0,0,0
705,"Slovenia",4,"Median","5",2083,0,0,0
705,"Slovenia",4,"Median","6",2083,0,0,0
705,"Slovenia",4,"Median","7",2083,0,0,0
705,"Slovenia",4,"Median","8",2083,0,0,0
705,"Slovenia",4,"Median","9",2083,0,0,0
705,"Slovenia",4,"Median","10",2083,0,0,0
705,"Slovenia",4,"Median","11",2083,0,0,0
705,"Slovenia",4,"Median","12",2083,0,0,0
705,"Slovenia",4,"Median","13",2083,0,0,0
705,"Slovenia",4,"Median","14",2083,0,0,0
705,"Slovenia",4,"Median","15",2083,0,0,1
705,"Slovenia",4,"Median","16",2083,0,0,1
705,"Slovenia",4,"Median","17",2083,1,0,1
705,"Slovenia",4,"Median","18",2083,1,0,2
705,"Slovenia",4,"Median","19",2083,2,0,2
705,"Slovenia",4,"Median","20",2083,1,0,2
705,"Slovenia",4,"Median","21",2083,1,0,2
705,"Slovenia",4,"Median","22",2083,1,0,2
705,"Slovenia",4,"Median","23",2083,2,0,2
705,"Slovenia",4,"Median","24",2083,2,0,2
705,"Slovenia",4,"Median","25",2083,2,0,2
705,"Slovenia",4,"Median","26",2083,2,0,2
705,"Slovenia",4,"Median","27",2083,2,0,2
705,"Slovenia",4,"Median","28",2083,2,0,2
705,"Slovenia",4,"Median","29",2083,2,0,2
705,"Slovenia",4,"Median","30",2083,2,1,3
705,"Slovenia",4,"Median","31",2083,2,1,3
705,"Slovenia",4,"Median","32",2083,2,1,3
705,"Slovenia",4,"Median","33",2083,2,1,3
705,"Slovenia",4,"Median","34",2083,3,1,3
705,"Slovenia",4,"Median","35",2083,2,1,3
705,"Slovenia",4,"Median","36",2083,2,1,3
705,"Slovenia",4,"Median","37",2083,3,1,5
705,"Slovenia",4,"Median","38",2083,4,1,6
705,"Slovenia",4,"Median","39",2083,4,1,5
705,"Slovenia",4,"Median","40",2083,4,1,5
705,"Slovenia",4,"Median","41",2083,4,1,5
705,"Slovenia",4,"Median","42",2083,5,2,6
705,"Slovenia",4,"Median","43",2083,5,2,7
705,"Slovenia",4,"Median","44",2083,6,2,8
705,"Slovenia",4,"Median","45",2083,6,3,9
705,"Slovenia",4,"Median","46",2083,7,3,10
705,"Slovenia",4,"Median","47",2083,7,3,10
705,"Slovenia",4,"Median","48",2083,8,3,11
705,"Slovenia",4,"Median","49",2083,10,4,14
705,"Slovenia",4,"Median","50",2083,12,5,17
705,"Slovenia",4,"Median","51",2083,15,6,21
705,"Slovenia",4,"Median","52",2083,16,6,22
705,"Slovenia",4,"Median","53",2083,16,6,23
705,"Slovenia",4,"Median","54",2083,18,7,25
705,"Slovenia",4,"Median","55",2083,21,7,29
705,"Slovenia",4,"Median","56",2083,24,9,33
705,"Slovenia",4,"Median","57",2083,28,10,38
705,"Slovenia",4,"Median","58",2083,31,12,43
705,"Slovenia",4,"Median","59",2083,35,13,48
705,"Slovenia",4,"Median","60",2083,40,15,55
705,"Slovenia",4,"Median","61",2083,46,18,63
705,"Slovenia",4,"Median","62",2083,51,21,72
705,"Slovenia",4,"Median","63",2083,54,21,75
705,"Slovenia",4,"Median","64",2083,56,21,77
705,"Slovenia",4,"Median","65",2083,59,23,82
705,"Slovenia",4,"Median","66",2083,64,26,90
705,"Slovenia",4,"Median","67",2083,69,27,96
705,"Slovenia",4,"Median","68",2083,72,28,100
705,"Slovenia",4,"Median","69",2083,74,29,104
705,"Slovenia",4,"Median","70",2083,80,33,113
705,"Slovenia",4,"Median","71",2083,86,36,122
705,"Slovenia",4,"Median","72",2083,92,39,131
705,"Slovenia",4,"Median","73",2083,102,43,145
705,"Slovenia",4,"Median","74",2083,121,55,176
705,"Slovenia",4,"Median","75",2083,145,73,218
705,"Slovenia",4,"Median","76",2083,171,88,259
705,"Slovenia",4,"Median","77",2083,183,97,280
705,"Slovenia",4,"Median","78",2083,189,104,293
705,"Slovenia",4,"Median","79",2083,199,113,312
705,"Slovenia",4,"Median","80",2083,215,124,340
705,"Slovenia",4,"Median","81",2083,234,140,374
705,"Slovenia",4,"Median","82",2083,263,162,425
705,"Slovenia",4,"Median","83",2083,292,185,477
705,"Slovenia",4,"Median","84",2083,320,205,525
705,"Slovenia",4,"Median","85",2083,357,235,592
705,"Slovenia",4,"Median","86",2083,396,269,665
705,"Slovenia",4,"Median","87",2083,424,302,727
705,"Slovenia",4,"Median","88",2083,443,338,781
705,"Slovenia",4,"Median","89",2083,464,374,838
705,"Slovenia",4,"Median","90",2083,480,404,884
705,"Slovenia",4,"Median","91",2083,503,447,950
705,"Slovenia",4,"Median","92",2083,517,494,1011
705,"Slovenia",4,"Median","93",2083,518,526,1044
705,"Slovenia",4,"Median","94",2083,528,564,1092
705,"Slovenia",4,"Median","95",2083,518,588,1106
705,"Slovenia",4,"Median","96",2083,473,568,1041
705,"Slovenia",4,"Median","97",2083,425,539,964
705,"Slovenia",4,"Median","98",2083,379,510,889
705,"Slovenia",4,"Median","99",2083,327,462,789
705,"Slovenia",4,"Median","100",2083,122,146,268
705,"Slovenia",4,"Median","101",2083,117,148,265
705,"Slovenia",4,"Median","102",2083,112,151,263
705,"Slovenia",4,"Median","103",2083,108,153,261
705,"Slovenia",4,"Median","104",2083,104,156,260
705,"Slovenia",4,"Median","105",2083,99,159,258
705,"Slovenia",4,"Median","106",2083,95,162,257
705,"Slovenia",4,"Median","107",2083,92,164,256
705,"Slovenia",4,"Median","108",2083,88,167,255
705,"Slovenia",4,"Median","109",2083,85,170,255
705,"Slovenia",4,"Median","110",2083,81,173,254
705,"Slovenia",4,"Median","0",2084,3,2,5
705,"Slovenia",4,"Median","1",2084,0,0,1
705,"Slovenia",4,"Median","2",2084,0,0,0
705,"Slovenia",4,"Median","3",2084,0,0,0
705,"Slovenia",4,"Median","4",2084,0,0,0
705,"Slovenia",4,"Median","5",2084,0,0,0
705,"Slovenia",4,"Median","6",2084,0,0,0
705,"Slovenia",4,"Median","7",2084,0,0,0
705,"Slovenia",4,"Median","8",2084,0,0,0
705,"Slovenia",4,"Median","9",2084,0,0,0
705,"Slovenia",4,"Median","10",2084,0,0,0
705,"Slovenia",4,"Median","11",2084,0,0,0
705,"Slovenia",4,"Median","12",2084,0,0,0
705,"Slovenia",4,"Median","13",2084,0,0,0
705,"Slovenia",4,"Median","14",2084,0,0,0
705,"Slovenia",4,"Median","15",2084,0,0,1
705,"Slovenia",4,"Median","16",2084,0,0,1
705,"Slovenia",4,"Median","17",2084,1,0,1
705,"Slovenia",4,"Median","18",2084,1,0,2
705,"Slovenia",4,"Median","19",2084,2,0,2
705,"Slovenia",4,"Median","20",2084,1,0,2
705,"Slovenia",4,"Median","21",2084,1,0,2
705,"Slovenia",4,"Median","22",2084,1,0,2
705,"Slovenia",4,"Median","23",2084,2,0,2
705,"Slovenia",4,"Median","24",2084,2,0,2
705,"Slovenia",4,"Median","25",2084,2,0,2
705,"Slovenia",4,"Median","26",2084,2,0,2
705,"Slovenia",4,"Median","27",2084,2,0,2
705,"Slovenia",4,"Median","28",2084,2,0,2
705,"Slovenia",4,"Median","29",2084,2,0,2
705,"Slovenia",4,"Median","30",2084,2,0,3
705,"Slovenia",4,"Median","31",2084,2,1,3
705,"Slovenia",4,"Median","32",2084,2,1,3
705,"Slovenia",4,"Median","33",2084,2,1,3
705,"Slovenia",4,"Median","34",2084,3,1,3
705,"Slovenia",4,"Median","35",2084,2,1,3
705,"Slovenia",4,"Median","36",2084,2,1,3
705,"Slovenia",4,"Median","37",2084,3,1,4
705,"Slovenia",4,"Median","38",2084,4,1,6
705,"Slovenia",4,"Median","39",2084,4,1,5
705,"Slovenia",4,"Median","40",2084,4,1,5
705,"Slovenia",4,"Median","41",2084,4,1,5
705,"Slovenia",4,"Median","42",2084,5,2,6
705,"Slovenia",4,"Median","43",2084,5,2,7
705,"Slovenia",4,"Median","44",2084,6,2,8
705,"Slovenia",4,"Median","45",2084,6,3,9
705,"Slovenia",4,"Median","46",2084,7,3,10
705,"Slovenia",4,"Median","47",2084,7,3,10
705,"Slovenia",4,"Median","48",2084,8,3,11
705,"Slovenia",4,"Median","49",2084,10,4,14
705,"Slovenia",4,"Median","50",2084,12,5,17
705,"Slovenia",4,"Median","51",2084,15,6,20
705,"Slovenia",4,"Median","52",2084,16,6,22
705,"Slovenia",4,"Median","53",2084,16,6,22
705,"Slovenia",4,"Median","54",2084,18,7,25
705,"Slovenia",4,"Median","55",2084,21,7,28
705,"Slovenia",4,"Median","56",2084,24,8,32
705,"Slovenia",4,"Median","57",2084,27,10,37
705,"Slovenia",4,"Median","58",2084,30,11,42
705,"Slovenia",4,"Median","59",2084,34,13,47
705,"Slovenia",4,"Median","60",2084,39,14,53
705,"Slovenia",4,"Median","61",2084,44,17,60
705,"Slovenia",4,"Median","62",2084,50,20,70
705,"Slovenia",4,"Median","63",2084,53,21,74
705,"Slovenia",4,"Median","64",2084,54,21,75
705,"Slovenia",4,"Median","65",2084,57,23,79
705,"Slovenia",4,"Median","66",2084,63,25,88
705,"Slovenia",4,"Median","67",2084,68,27,94
705,"Slovenia",4,"Median","68",2084,70,27,97
705,"Slovenia",4,"Median","69",2084,73,28,101
705,"Slovenia",4,"Median","70",2084,77,31,109
705,"Slovenia",4,"Median","71",2084,83,35,117
705,"Slovenia",4,"Median","72",2084,90,37,127
705,"Slovenia",4,"Median","73",2084,100,42,142
705,"Slovenia",4,"Median","74",2084,121,54,175
705,"Slovenia",4,"Median","75",2084,149,74,223
705,"Slovenia",4,"Median","76",2084,178,93,272
705,"Slovenia",4,"Median","77",2084,191,101,291
705,"Slovenia",4,"Median","78",2084,196,106,301
705,"Slovenia",4,"Median","79",2084,205,116,322
705,"Slovenia",4,"Median","80",2084,219,128,347
705,"Slovenia",4,"Median","81",2084,233,139,373
705,"Slovenia",4,"Median","82",2084,252,156,408
705,"Slovenia",4,"Median","83",2084,283,180,463
705,"Slovenia",4,"Median","84",2084,314,205,519
705,"Slovenia",4,"Median","85",2084,341,226,567
705,"Slovenia",4,"Median","86",2084,377,258,636
705,"Slovenia",4,"Median","87",2084,416,294,710
705,"Slovenia",4,"Median","88",2084,442,328,771
705,"Slovenia",4,"Median","89",2084,457,364,822
705,"Slovenia",4,"Median","90",2084,474,398,873
705,"Slovenia",4,"Median","91",2084,485,427,911
705,"Slovenia",4,"Median","92",2084,501,466,967
705,"Slovenia",4,"Median","93",2084,507,508,1015
705,"Slovenia",4,"Median","94",2084,500,532,1031
705,"Slovenia",4,"Median","95",2084,500,559,1060
705,"Slovenia",4,"Median","96",2084,480,572,1052
705,"Slovenia",4,"Median","97",2084,429,540,969
705,"Slovenia",4,"Median","98",2084,377,500,877
705,"Slovenia",4,"Median","99",2084,327,460,787
705,"Slovenia",4,"Median","100",2084,120,143,263
705,"Slovenia",4,"Median","101",2084,116,147,263
705,"Slovenia",4,"Median","102",2084,112,150,262
705,"Slovenia",4,"Median","103",2084,108,153,261
705,"Slovenia",4,"Median","104",2084,104,156,260
705,"Slovenia",4,"Median","105",2084,100,160,260
705,"Slovenia",4,"Median","106",2084,97,163,260
705,"Slovenia",4,"Median","107",2084,93,167,260
705,"Slovenia",4,"Median","108",2084,90,170,260
705,"Slovenia",4,"Median","109",2084,86,174,260
705,"Slovenia",4,"Median","110",2084,83,178,261
705,"Slovenia",4,"Median","0",2085,3,2,5
705,"Slovenia",4,"Median","1",2085,0,0,1
705,"Slovenia",4,"Median","2",2085,0,0,0
705,"Slovenia",4,"Median","3",2085,0,0,0
705,"Slovenia",4,"Median","4",2085,0,0,0
705,"Slovenia",4,"Median","5",2085,0,0,0
705,"Slovenia",4,"Median","6",2085,0,0,0
705,"Slovenia",4,"Median","7",2085,0,0,0
705,"Slovenia",4,"Median","8",2085,0,0,0
705,"Slovenia",4,"Median","9",2085,0,0,0
705,"Slovenia",4,"Median","10",2085,0,0,0
705,"Slovenia",4,"Median","11",2085,0,0,0
705,"Slovenia",4,"Median","12",2085,0,0,0
705,"Slovenia",4,"Median","13",2085,0,0,0
705,"Slovenia",4,"Median","14",2085,0,0,0
705,"Slovenia",4,"Median","15",2085,0,0,1
705,"Slovenia",4,"Median","16",2085,0,0,1
705,"Slovenia",4,"Median","17",2085,1,0,1
705,"Slovenia",4,"Median","18",2085,1,0,2
705,"Slovenia",4,"Median","19",2085,2,0,2
705,"Slovenia",4,"Median","20",2085,1,0,2
705,"Slovenia",4,"Median","21",2085,1,0,2
705,"Slovenia",4,"Median","22",2085,1,0,2
705,"Slovenia",4,"Median","23",2085,2,0,2
705,"Slovenia",4,"Median","24",2085,2,0,2
705,"Slovenia",4,"Median","25",2085,2,0,2
705,"Slovenia",4,"Median","26",2085,2,0,2
705,"Slovenia",4,"Median","27",2085,2,0,2
705,"Slovenia",4,"Median","28",2085,2,0,2
705,"Slovenia",4,"Median","29",2085,2,0,2
705,"Slovenia",4,"Median","30",2085,2,0,3
705,"Slovenia",4,"Median","31",2085,2,1,3
705,"Slovenia",4,"Median","32",2085,2,1,3
705,"Slovenia",4,"Median","33",2085,2,1,3
705,"Slovenia",4,"Median","34",2085,2,1,3
705,"Slovenia",4,"Median","35",2085,2,1,3
705,"Slovenia",4,"Median","36",2085,2,1,3
705,"Slovenia",4,"Median","37",2085,3,1,4
705,"Slovenia",4,"Median","38",2085,4,1,5
705,"Slovenia",4,"Median","39",2085,4,1,5
705,"Slovenia",4,"Median","40",2085,4,1,5
705,"Slovenia",4,"Median","41",2085,4,1,5
705,"Slovenia",4,"Median","42",2085,4,2,6
705,"Slovenia",4,"Median","43",2085,5,2,7
705,"Slovenia",4,"Median","44",2085,5,2,8
705,"Slovenia",4,"Median","45",2085,6,3,9
705,"Slovenia",4,"Median","46",2085,7,3,9
705,"Slovenia",4,"Median","47",2085,7,3,10
705,"Slovenia",4,"Median","48",2085,8,3,11
705,"Slovenia",4,"Median","49",2085,10,4,13
705,"Slovenia",4,"Median","50",2085,12,5,17
705,"Slovenia",4,"Median","51",2085,15,6,20
705,"Slovenia",4,"Median","52",2085,15,6,21
705,"Slovenia",4,"Median","53",2085,16,6,22
705,"Slovenia",4,"Median","54",2085,18,6,24
705,"Slovenia",4,"Median","55",2085,20,7,27
705,"Slovenia",4,"Median","56",2085,23,8,31
705,"Slovenia",4,"Median","57",2085,26,10,36
705,"Slovenia",4,"Median","58",2085,29,11,40
705,"Slovenia",4,"Median","59",2085,33,12,45
705,"Slovenia",4,"Median","60",2085,37,14,51
705,"Slovenia",4,"Median","61",2085,42,16,59
705,"Slovenia",4,"Median","62",2085,47,19,66
705,"Slovenia",4,"Median","63",2085,52,20,71
705,"Slovenia",4,"Median","64",2085,53,20,73
705,"Slovenia",4,"Median","65",2085,55,22,76
705,"Slovenia",4,"Median","66",2085,60,24,84
705,"Slovenia",4,"Median","67",2085,66,25,91
705,"Slovenia",4,"Median","68",2085,68,26,95
705,"Slovenia",4,"Median","69",2085,70,27,98
705,"Slovenia",4,"Median","70",2085,75,30,106
705,"Slovenia",4,"Median","71",2085,80,33,113
705,"Slovenia",4,"Median","72",2085,87,36,122
705,"Slovenia",4,"Median","73",2085,97,40,138
705,"Slovenia",4,"Median","74",2085,118,53,171
705,"Slovenia",4,"Median","75",2085,149,72,221
705,"Slovenia",4,"Median","76",2085,183,94,277
705,"Slovenia",4,"Median","77",2085,199,106,305
705,"Slovenia",4,"Median","78",2085,203,110,313
705,"Slovenia",4,"Median","79",2085,213,118,331
705,"Slovenia",4,"Median","80",2085,226,132,358
705,"Slovenia",4,"Median","81",2085,238,143,381
705,"Slovenia",4,"Median","82",2085,251,155,406
705,"Slovenia",4,"Median","83",2085,271,173,445
705,"Slovenia",4,"Median","84",2085,304,200,504
705,"Slovenia",4,"Median","85",2085,334,227,561
705,"Slovenia",4,"Median","86",2085,361,248,609
705,"Slovenia",4,"Median","87",2085,397,282,679
705,"Slovenia",4,"Median","88",2085,434,319,753
705,"Slovenia",4,"Median","89",2085,457,353,810
705,"Slovenia",4,"Median","90",2085,468,388,856
705,"Slovenia",4,"Median","91",2085,479,420,900
705,"Slovenia",4,"Median","92",2085,483,445,928
705,"Slovenia",4,"Median","93",2085,492,479,971
705,"Slovenia",4,"Median","94",2085,490,513,1003
705,"Slovenia",4,"Median","95",2085,474,528,1002
705,"Slovenia",4,"Median","96",2085,465,544,1010
705,"Slovenia",4,"Median","97",2085,437,544,981
705,"Slovenia",4,"Median","98",2085,381,501,882
705,"Slovenia",4,"Median","99",2085,326,451,777
705,"Slovenia",4,"Median","100",2085,119,142,261
705,"Slovenia",4,"Median","101",2085,115,145,260
705,"Slovenia",4,"Median","102",2085,112,149,261
705,"Slovenia",4,"Median","103",2085,108,153,261
705,"Slovenia",4,"Median","104",2085,104,156,260
705,"Slovenia",4,"Median","105",2085,101,160,261
705,"Slovenia",4,"Median","106",2085,97,164,261
705,"Slovenia",4,"Median","107",2085,94,168,262
705,"Slovenia",4,"Median","108",2085,91,172,263
705,"Slovenia",4,"Median","109",2085,88,177,265
705,"Slovenia",4,"Median","110",2085,85,181,266
705,"Slovenia",4,"Median","0",2086,3,2,5
705,"Slovenia",4,"Median","1",2086,0,0,1
705,"Slovenia",4,"Median","2",2086,0,0,0
705,"Slovenia",4,"Median","3",2086,0,0,0
705,"Slovenia",4,"Median","4",2086,0,0,0
705,"Slovenia",4,"Median","5",2086,0,0,0
705,"Slovenia",4,"Median","6",2086,0,0,0
705,"Slovenia",4,"Median","7",2086,0,0,0
705,"Slovenia",4,"Median","8",2086,0,0,0
705,"Slovenia",4,"Median","9",2086,0,0,0
705,"Slovenia",4,"Median","10",2086,0,0,0
705,"Slovenia",4,"Median","11",2086,0,0,0
705,"Slovenia",4,"Median","12",2086,0,0,0
705,"Slovenia",4,"Median","13",2086,0,0,0
705,"Slovenia",4,"Median","14",2086,0,0,0
705,"Slovenia",4,"Median","15",2086,0,0,1
705,"Slovenia",4,"Median","16",2086,0,0,1
705,"Slovenia",4,"Median","17",2086,1,0,1
705,"Slovenia",4,"Median","18",2086,1,0,2
705,"Slovenia",4,"Median","19",2086,2,0,2
705,"Slovenia",4,"Median","20",2086,1,0,2
705,"Slovenia",4,"Median","21",2086,1,0,1
705,"Slovenia",4,"Median","22",2086,1,0,2
705,"Slovenia",4,"Median","23",2086,1,0,2
705,"Slovenia",4,"Median","24",2086,2,0,2
705,"Slovenia",4,"Median","25",2086,2,0,2
705,"Slovenia",4,"Median","26",2086,2,0,2
705,"Slovenia",4,"Median","27",2086,2,0,2
705,"Slovenia",4,"Median","28",2086,2,0,2
705,"Slovenia",4,"Median","29",2086,2,0,2
705,"Slovenia",4,"Median","30",2086,2,0,2
705,"Slovenia",4,"Median","31",2086,2,1,3
705,"Slovenia",4,"Median","32",2086,2,1,3
705,"Slovenia",4,"Median","33",2086,2,1,3
705,"Slovenia",4,"Median","34",2086,2,1,3
705,"Slovenia",4,"Median","35",2086,2,1,3
705,"Slovenia",4,"Median","36",2086,2,1,3
705,"Slovenia",4,"Median","37",2086,3,1,4
705,"Slovenia",4,"Median","38",2086,4,1,5
705,"Slovenia",4,"Median","39",2086,4,1,5
705,"Slovenia",4,"Median","40",2086,3,1,5
705,"Slovenia",4,"Median","41",2086,4,1,5
705,"Slovenia",4,"Median","42",2086,4,2,6
705,"Slovenia",4,"Median","43",2086,5,2,7
705,"Slovenia",4,"Median","44",2086,5,2,8
705,"Slovenia",4,"Median","45",2086,6,3,9
705,"Slovenia",4,"Median","46",2086,7,3,9
705,"Slovenia",4,"Median","47",2086,7,3,10
705,"Slovenia",4,"Median","48",2086,8,3,11
705,"Slovenia",4,"Median","49",2086,10,4,13
705,"Slovenia",4,"Median","50",2086,12,5,17
705,"Slovenia",4,"Median","51",2086,14,6,20
705,"Slovenia",4,"Median","52",2086,15,6,21
705,"Slovenia",4,"Median","53",2086,16,6,22
705,"Slovenia",4,"Median","54",2086,17,6,24
705,"Slovenia",4,"Median","55",2086,20,7,27
705,"Slovenia",4,"Median","56",2086,23,8,31
705,"Slovenia",4,"Median","57",2086,25,9,35
705,"Slovenia",4,"Median","58",2086,29,11,39
705,"Slovenia",4,"Median","59",2086,32,12,44
705,"Slovenia",4,"Median","60",2086,36,13,50
705,"Slovenia",4,"Median","61",2086,41,16,57
705,"Slovenia",4,"Median","62",2086,46,18,64
705,"Slovenia",4,"Median","63",2086,49,19,68
705,"Slovenia",4,"Median","64",2086,51,19,70
705,"Slovenia",4,"Median","65",2086,54,21,75
705,"Slovenia",4,"Median","66",2086,58,23,81
705,"Slovenia",4,"Median","67",2086,63,24,88
705,"Slovenia",4,"Median","68",2086,67,25,92
705,"Slovenia",4,"Median","69",2086,69,27,96
705,"Slovenia",4,"Median","70",2086,73,29,102
705,"Slovenia",4,"Median","71",2086,78,32,110
705,"Slovenia",4,"Median","72",2086,83,34,118
705,"Slovenia",4,"Median","73",2086,94,39,132
705,"Slovenia",4,"Median","74",2086,115,51,166
705,"Slovenia",4,"Median","75",2086,146,71,217
705,"Slovenia",4,"Median","76",2086,183,93,276
705,"Slovenia",4,"Median","77",2086,204,108,312
705,"Slovenia",4,"Median","78",2086,212,116,328
705,"Slovenia",4,"Median","79",2086,221,123,344
705,"Slovenia",4,"Median","80",2086,234,134,369
705,"Slovenia",4,"Median","81",2086,245,148,393
705,"Slovenia",4,"Median","82",2086,256,159,415
705,"Slovenia",4,"Median","83",2086,271,172,443
705,"Slovenia",4,"Median","84",2086,292,193,484
705,"Slovenia",4,"Median","85",2086,324,222,545
705,"Slovenia",4,"Median","86",2086,354,249,603
705,"Slovenia",4,"Median","87",2086,379,272,651
705,"Slovenia",4,"Median","88",2086,414,307,722
705,"Slovenia",4,"Median","89",2086,449,344,793
705,"Slovenia",4,"Median","90",2086,468,378,845
705,"Slovenia",4,"Median","91",2086,473,411,884
705,"Slovenia",4,"Median","92",2086,478,440,918
705,"Slovenia",4,"Median","93",2086,475,459,934
705,"Slovenia",4,"Median","94",2086,476,486,962
705,"Slovenia",4,"Median","95",2086,465,511,977
705,"Slovenia",4,"Median","96",2086,441,515,957
705,"Slovenia",4,"Median","97",2086,424,520,943
705,"Slovenia",4,"Median","98",2086,389,507,895
705,"Slovenia",4,"Median","99",2086,330,454,784
705,"Slovenia",4,"Median","100",2086,119,141,260
705,"Slovenia",4,"Median","101",2086,115,144,259
705,"Slovenia",4,"Median","102",2086,112,148,260
705,"Slovenia",4,"Median","103",2086,108,152,260
705,"Slovenia",4,"Median","104",2086,105,156,261
705,"Slovenia",4,"Median","105",2086,101,160,261
705,"Slovenia",4,"Median","106",2086,98,165,263
705,"Slovenia",4,"Median","107",2086,95,169,264
705,"Slovenia",4,"Median","108",2086,92,174,266
705,"Slovenia",4,"Median","109",2086,89,178,267
705,"Slovenia",4,"Median","110",2086,86,183,269
705,"Slovenia",4,"Median","0",2087,3,2,5
705,"Slovenia",4,"Median","1",2087,0,0,1
705,"Slovenia",4,"Median","2",2087,0,0,0
705,"Slovenia",4,"Median","3",2087,0,0,0
705,"Slovenia",4,"Median","4",2087,0,0,0
705,"Slovenia",4,"Median","5",2087,0,0,0
705,"Slovenia",4,"Median","6",2087,0,0,0
705,"Slovenia",4,"Median","7",2087,0,0,0
705,"Slovenia",4,"Median","8",2087,0,0,0
705,"Slovenia",4,"Median","9",2087,0,0,0
705,"Slovenia",4,"Median","10",2087,0,0,0
705,"Slovenia",4,"Median","11",2087,0,0,0
705,"Slovenia",4,"Median","12",2087,0,0,0
705,"Slovenia",4,"Median","13",2087,0,0,0
705,"Slovenia",4,"Median","14",2087,0,0,0
705,"Slovenia",4,"Median","15",2087,0,0,0
705,"Slovenia",4,"Median","16",2087,0,0,1
705,"Slovenia",4,"Median","17",2087,1,0,1
705,"Slovenia",4,"Median","18",2087,1,0,2
705,"Slovenia",4,"Median","19",2087,2,0,2
705,"Slovenia",4,"Median","20",2087,1,0,2
705,"Slovenia",4,"Median","21",2087,1,0,1
705,"Slovenia",4,"Median","22",2087,1,0,2
705,"Slovenia",4,"Median","23",2087,1,0,2
705,"Slovenia",4,"Median","24",2087,2,0,2
705,"Slovenia",4,"Median","25",2087,1,0,2
705,"Slovenia",4,"Median","26",2087,1,0,2
705,"Slovenia",4,"Median","27",2087,2,0,2
705,"Slovenia",4,"Median","28",2087,2,0,2
705,"Slovenia",4,"Median","29",2087,2,0,2
705,"Slovenia",4,"Median","30",2087,2,0,2
705,"Slovenia",4,"Median","31",2087,2,1,3
705,"Slovenia",4,"Median","32",2087,2,1,2
705,"Slovenia",4,"Median","33",2087,2,1,3
705,"Slovenia",4,"Median","34",2087,2,1,3
705,"Slovenia",4,"Median","35",2087,2,1,3
705,"Slovenia",4,"Median","36",2087,2,1,3
705,"Slovenia",4,"Median","37",2087,3,1,4
705,"Slovenia",4,"Median","38",2087,4,1,5
705,"Slovenia",4,"Median","39",2087,4,1,5
705,"Slovenia",4,"Median","40",2087,3,1,5
705,"Slovenia",4,"Median","41",2087,4,1,5
705,"Slovenia",4,"Median","42",2087,4,1,6
705,"Slovenia",4,"Median","43",2087,5,2,7
705,"Slovenia",4,"Median","44",2087,5,2,8
705,"Slovenia",4,"Median","45",2087,6,3,9
705,"Slovenia",4,"Median","46",2087,6,3,9
705,"Slovenia",4,"Median","47",2087,7,3,10
705,"Slovenia",4,"Median","48",2087,8,3,11
705,"Slovenia",4,"Median","49",2087,10,4,13
705,"Slovenia",4,"Median","50",2087,12,5,17
705,"Slovenia",4,"Median","51",2087,14,6,20
705,"Slovenia",4,"Median","52",2087,15,6,21
705,"Slovenia",4,"Median","53",2087,16,6,22
705,"Slovenia",4,"Median","54",2087,17,6,24
705,"Slovenia",4,"Median","55",2087,20,7,27
705,"Slovenia",4,"Median","56",2087,22,8,30
705,"Slovenia",4,"Median","57",2087,25,9,34
705,"Slovenia",4,"Median","58",2087,28,10,38
705,"Slovenia",4,"Median","59",2087,31,11,43
705,"Slovenia",4,"Median","60",2087,35,13,48
705,"Slovenia",4,"Median","61",2087,40,15,55
705,"Slovenia",4,"Median","62",2087,45,17,62
705,"Slovenia",4,"Median","63",2087,48,18,66
705,"Slovenia",4,"Median","64",2087,49,18,67
705,"Slovenia",4,"Median","65",2087,52,20,72
705,"Slovenia",4,"Median","66",2087,57,22,79
705,"Slovenia",4,"Median","67",2087,61,23,84
705,"Slovenia",4,"Median","68",2087,64,24,88
705,"Slovenia",4,"Median","69",2087,67,25,93
705,"Slovenia",4,"Median","70",2087,72,28,100
705,"Slovenia",4,"Median","71",2087,75,31,106
705,"Slovenia",4,"Median","72",2087,82,33,115
705,"Slovenia",4,"Median","73",2087,91,37,128
705,"Slovenia",4,"Median","74",2087,111,49,161
705,"Slovenia",4,"Median","75",2087,143,69,212
705,"Slovenia",4,"Median","76",2087,180,92,272
705,"Slovenia",4,"Median","77",2087,205,106,311
705,"Slovenia",4,"Median","78",2087,218,118,336
705,"Slovenia",4,"Median","79",2087,231,131,362
705,"Slovenia",4,"Median","80",2087,244,140,384
705,"Slovenia",4,"Median","81",2087,255,151,406
705,"Slovenia",4,"Median","82",2087,265,165,430
705,"Slovenia",4,"Median","83",2087,277,178,455
705,"Slovenia",4,"Median","84",2087,292,192,484
705,"Slovenia",4,"Median","85",2087,312,214,525
705,"Slovenia",4,"Median","86",2087,344,244,588
705,"Slovenia",4,"Median","87",2087,374,274,647
705,"Slovenia",4,"Median","88",2087,397,296,693
705,"Slovenia",4,"Median","89",2087,430,332,762
705,"Slovenia",4,"Median","90",2087,461,369,830
705,"Slovenia",4,"Median","91",2087,475,400,875
705,"Slovenia",4,"Median","92",2087,473,431,904
705,"Slovenia",4,"Median","93",2087,472,454,926
705,"Slovenia",4,"Median","94",2087,461,466,927
705,"Slovenia",4,"Median","95",2087,453,485,938
705,"Slovenia",4,"Median","96",2087,435,500,935
705,"Slovenia",4,"Median","97",2087,403,493,896
705,"Slovenia",4,"Median","98",2087,378,485,863
705,"Slovenia",4,"Median","99",2087,338,460,798
705,"Slovenia",4,"Median","100",2087,121,141,262
705,"Slovenia",4,"Median","101",2087,117,145,262
705,"Slovenia",4,"Median","102",2087,113,149,262
705,"Slovenia",4,"Median","103",2087,109,153,262
705,"Slovenia",4,"Median","104",2087,106,157,263
705,"Slovenia",4,"Median","105",2087,102,161,263
705,"Slovenia",4,"Median","106",2087,99,165,264
705,"Slovenia",4,"Median","107",2087,96,170,266
705,"Slovenia",4,"Median","108",2087,93,174,267
705,"Slovenia",4,"Median","109",2087,90,179,269
705,"Slovenia",4,"Median","110",2087,87,184,271
705,"Slovenia",4,"Median","0",2088,3,2,5
705,"Slovenia",4,"Median","1",2088,0,0,1
705,"Slovenia",4,"Median","2",2088,0,0,0
705,"Slovenia",4,"Median","3",2088,0,0,0
705,"Slovenia",4,"Median","4",2088,0,0,0
705,"Slovenia",4,"Median","5",2088,0,0,0
705,"Slovenia",4,"Median","6",2088,0,0,0
705,"Slovenia",4,"Median","7",2088,0,0,0
705,"Slovenia",4,"Median","8",2088,0,0,0
705,"Slovenia",4,"Median","9",2088,0,0,0
705,"Slovenia",4,"Median","10",2088,0,0,0
705,"Slovenia",4,"Median","11",2088,0,0,0
705,"Slovenia",4,"Median","12",2088,0,0,0
705,"Slovenia",4,"Median","13",2088,0,0,0
705,"Slovenia",4,"Median","14",2088,0,0,0
705,"Slovenia",4,"Median","15",2088,0,0,0
705,"Slovenia",4,"Median","16",2088,0,0,1
705,"Slovenia",4,"Median","17",2088,1,0,1
705,"Slovenia",4,"Median","18",2088,1,0,2
705,"Slovenia",4,"Median","19",2088,2,0,2
705,"Slovenia",4,"Median","20",2088,1,0,2
705,"Slovenia",4,"Median","21",2088,1,0,1
705,"Slovenia",4,"Median","22",2088,1,0,2
705,"Slovenia",4,"Median","23",2088,1,0,2
705,"Slovenia",4,"Median","24",2088,1,0,2
705,"Slovenia",4,"Median","25",2088,1,0,2
705,"Slovenia",4,"Median","26",2088,1,0,2
705,"Slovenia",4,"Median","27",2088,2,0,2
705,"Slovenia",4,"Median","28",2088,2,0,2
705,"Slovenia",4,"Median","29",2088,2,0,2
705,"Slovenia",4,"Median","30",2088,2,0,2
705,"Slovenia",4,"Median","31",2088,2,1,3
705,"Slovenia",4,"Median","32",2088,2,1,2
705,"Slovenia",4,"Median","33",2088,2,1,3
705,"Slovenia",4,"Median","34",2088,2,1,3
705,"Slovenia",4,"Median","35",2088,2,1,3
705,"Slovenia",4,"Median","36",2088,2,1,3
705,"Slovenia",4,"Median","37",2088,3,1,4
705,"Slovenia",4,"Median","38",2088,4,1,5
705,"Slovenia",4,"Median","39",2088,4,1,5
705,"Slovenia",4,"Median","40",2088,3,1,4
705,"Slovenia",4,"Median","41",2088,4,1,5
705,"Slovenia",4,"Median","42",2088,4,1,6
705,"Slovenia",4,"Median","43",2088,5,2,7
705,"Slovenia",4,"Median","44",2088,5,2,7
705,"Slovenia",4,"Median","45",2088,6,3,9
705,"Slovenia",4,"Median","46",2088,6,3,9
705,"Slovenia",4,"Median","47",2088,7,3,10
705,"Slovenia",4,"Median","48",2088,8,3,11
705,"Slovenia",4,"Median","49",2088,10,4,13
705,"Slovenia",4,"Median","50",2088,12,5,17
705,"Slovenia",4,"Median","51",2088,14,5,20
705,"Slovenia",4,"Median","52",2088,15,6,21
705,"Slovenia",4,"Median","53",2088,15,6,21
705,"Slovenia",4,"Median","54",2088,17,6,23
705,"Slovenia",4,"Median","55",2088,20,7,26
705,"Slovenia",4,"Median","56",2088,22,8,30
705,"Slovenia",4,"Median","57",2088,25,9,34
705,"Slovenia",4,"Median","58",2088,27,10,38
705,"Slovenia",4,"Median","59",2088,31,11,42
705,"Slovenia",4,"Median","60",2088,34,12,47
705,"Slovenia",4,"Median","61",2088,39,15,53
705,"Slovenia",4,"Median","62",2088,44,17,60
705,"Slovenia",4,"Median","63",2088,46,17,64
705,"Slovenia",4,"Median","64",2088,48,17,65
705,"Slovenia",4,"Median","65",2088,50,19,68
705,"Slovenia",4,"Median","66",2088,55,21,77
705,"Slovenia",4,"Median","67",2088,60,22,82
705,"Slovenia",4,"Median","68",2088,62,23,85
705,"Slovenia",4,"Median","69",2088,65,24,89
705,"Slovenia",4,"Median","70",2088,70,27,97
705,"Slovenia",4,"Median","71",2088,74,30,104
705,"Slovenia",4,"Median","72",2088,79,32,111
705,"Slovenia",4,"Median","73",2088,89,36,124
705,"Slovenia",4,"Median","74",2088,108,47,155
705,"Slovenia",4,"Median","75",2088,138,66,205
705,"Slovenia",4,"Median","76",2088,176,89,265
705,"Slovenia",4,"Median","77",2088,202,105,306
705,"Slovenia",4,"Median","78",2088,219,116,335
705,"Slovenia",4,"Median","79",2088,238,132,370
705,"Slovenia",4,"Median","80",2088,255,148,404
705,"Slovenia",4,"Median","81",2088,266,157,422
705,"Slovenia",4,"Median","82",2088,276,168,443
705,"Slovenia",4,"Median","83",2088,286,183,470
705,"Slovenia",4,"Median","84",2088,298,198,496
705,"Slovenia",4,"Median","85",2088,312,213,525
705,"Slovenia",4,"Median","86",2088,331,235,566
705,"Slovenia",4,"Median","87",2088,363,268,631
705,"Slovenia",4,"Median","88",2088,391,298,689
705,"Slovenia",4,"Median","89",2088,412,320,732
705,"Slovenia",4,"Median","90",2088,441,355,797
705,"Slovenia",4,"Median","91",2088,467,391,858
705,"Slovenia",4,"Median","92",2088,475,419,895
705,"Slovenia",4,"Median","93",2088,467,445,912
705,"Slovenia",4,"Median","94",2088,458,461,920
705,"Slovenia",4,"Median","95",2088,440,465,905
705,"Slovenia",4,"Median","96",2088,424,475,898
705,"Slovenia",4,"Median","97",2088,398,479,876
705,"Slovenia",4,"Median","98",2088,360,460,821
705,"Slovenia",4,"Median","99",2088,329,441,770
705,"Slovenia",4,"Median","100",2088,123,144,267
705,"Slovenia",4,"Median","101",2088,119,147,266
705,"Slovenia",4,"Median","102",2088,115,151,266
705,"Slovenia",4,"Median","103",2088,111,155,266
705,"Slovenia",4,"Median","104",2088,107,158,265
705,"Slovenia",4,"Median","105",2088,103,162,265
705,"Slovenia",4,"Median","106",2088,100,166,266
705,"Slovenia",4,"Median","107",2088,97,170,267
705,"Slovenia",4,"Median","108",2088,93,174,267
705,"Slovenia",4,"Median","109",2088,90,179,269
705,"Slovenia",4,"Median","110",2088,87,183,270
705,"Slovenia",4,"Median","0",2089,3,2,4
705,"Slovenia",4,"Median","1",2089,0,0,1
705,"Slovenia",4,"Median","2",2089,0,0,0
705,"Slovenia",4,"Median","3",2089,0,0,0
705,"Slovenia",4,"Median","4",2089,0,0,0
705,"Slovenia",4,"Median","5",2089,0,0,0
705,"Slovenia",4,"Median","6",2089,0,0,0
705,"Slovenia",4,"Median","7",2089,0,0,0
705,"Slovenia",4,"Median","8",2089,0,0,0
705,"Slovenia",4,"Median","9",2089,0,0,0
705,"Slovenia",4,"Median","10",2089,0,0,0
705,"Slovenia",4,"Median","11",2089,0,0,0
705,"Slovenia",4,"Median","12",2089,0,0,0
705,"Slovenia",4,"Median","13",2089,0,0,0
705,"Slovenia",4,"Median","14",2089,0,0,0
705,"Slovenia",4,"Median","15",2089,0,0,0
705,"Slovenia",4,"Median","16",2089,0,0,1
705,"Slovenia",4,"Median","17",2089,1,0,1
705,"Slovenia",4,"Median","18",2089,1,0,2
705,"Slovenia",4,"Median","19",2089,2,0,2
705,"Slovenia",4,"Median","20",2089,1,0,2
705,"Slovenia",4,"Median","21",2089,1,0,1
705,"Slovenia",4,"Median","22",2089,1,0,2
705,"Slovenia",4,"Median","23",2089,1,0,2
705,"Slovenia",4,"Median","24",2089,1,0,2
705,"Slovenia",4,"Median","25",2089,1,0,2
705,"Slovenia",4,"Median","26",2089,1,0,2
705,"Slovenia",4,"Median","27",2089,1,0,2
705,"Slovenia",4,"Median","28",2089,2,0,2
705,"Slovenia",4,"Median","29",2089,2,0,2
705,"Slovenia",4,"Median","30",2089,2,0,2
705,"Slovenia",4,"Median","31",2089,2,1,2
705,"Slovenia",4,"Median","32",2089,2,1,2
705,"Slovenia",4,"Median","33",2089,2,1,3
705,"Slovenia",4,"Median","34",2089,2,1,3
705,"Slovenia",4,"Median","35",2089,2,1,3
705,"Slovenia",4,"Median","36",2089,2,1,3
705,"Slovenia",4,"Median","37",2089,3,1,4
705,"Slovenia",4,"Median","38",2089,4,1,5
705,"Slovenia",4,"Median","39",2089,4,1,5
705,"Slovenia",4,"Median","40",2089,3,1,4
705,"Slovenia",4,"Median","41",2089,4,1,5
705,"Slovenia",4,"Median","42",2089,4,1,6
705,"Slovenia",4,"Median","43",2089,5,2,6
705,"Slovenia",4,"Median","44",2089,5,2,7
705,"Slovenia",4,"Median","45",2089,6,3,8
705,"Slovenia",4,"Median","46",2089,6,3,9
705,"Slovenia",4,"Median","47",2089,7,3,10
705,"Slovenia",4,"Median","48",2089,8,3,11
705,"Slovenia",4,"Median","49",2089,10,4,13
705,"Slovenia",4,"Median","50",2089,12,5,17
705,"Slovenia",4,"Median","51",2089,14,5,20
705,"Slovenia",4,"Median","52",2089,15,6,21
705,"Slovenia",4,"Median","53",2089,15,6,21
705,"Slovenia",4,"Median","54",2089,17,6,23
705,"Slovenia",4,"Median","55",2089,19,7,26
705,"Slovenia",4,"Median","56",2089,22,8,30
705,"Slovenia",4,"Median","57",2089,24,9,33
705,"Slovenia",4,"Median","58",2089,27,10,37
705,"Slovenia",4,"Median","59",2089,30,11,41
705,"Slovenia",4,"Median","60",2089,34,12,46
705,"Slovenia",4,"Median","61",2089,38,14,52
705,"Slovenia",4,"Median","62",2089,42,16,58
705,"Slovenia",4,"Median","63",2089,45,17,62
705,"Slovenia",4,"Median","64",2089,46,17,63
705,"Slovenia",4,"Median","65",2089,48,18,66
705,"Slovenia",4,"Median","66",2089,53,20,73
705,"Slovenia",4,"Median","67",2089,58,22,80
705,"Slovenia",4,"Median","68",2089,61,22,83
705,"Slovenia",4,"Median","69",2089,62,23,86
705,"Slovenia",4,"Median","70",2089,67,26,93
705,"Slovenia",4,"Median","71",2089,72,28,101
705,"Slovenia",4,"Median","72",2089,78,31,108
705,"Slovenia",4,"Median","73",2089,86,35,120
705,"Slovenia",4,"Median","74",2089,105,45,151
705,"Slovenia",4,"Median","75",2089,134,64,198
705,"Slovenia",4,"Median","76",2089,171,85,256
705,"Slovenia",4,"Median","77",2089,197,102,299
705,"Slovenia",4,"Median","78",2089,215,115,330
705,"Slovenia",4,"Median","79",2089,239,130,369
705,"Slovenia",4,"Median","80",2089,262,151,413
705,"Slovenia",4,"Median","81",2089,278,167,445
705,"Slovenia",4,"Median","82",2089,287,175,462
705,"Slovenia",4,"Median","83",2089,298,187,485
705,"Slovenia",4,"Median","84",2089,309,205,514
705,"Slovenia",4,"Median","85",2089,319,220,539
705,"Slovenia",4,"Median","86",2089,332,235,566
705,"Slovenia",4,"Median","87",2089,350,258,608
705,"Slovenia",4,"Median","88",2089,380,292,673
705,"Slovenia",4,"Median","89",2089,406,323,729
705,"Slovenia",4,"Median","90",2089,424,343,767
705,"Slovenia",4,"Median","91",2089,448,378,826
705,"Slovenia",4,"Median","92",2089,469,411,880
705,"Slovenia",4,"Median","93",2089,470,434,904
705,"Slovenia",4,"Median","94",2089,455,453,908
705,"Slovenia",4,"Median","95",2089,438,462,900
705,"Slovenia",4,"Median","96",2089,412,457,869
705,"Slovenia",4,"Median","97",2089,388,456,844
705,"Slovenia",4,"Median","98",2089,356,449,805
705,"Slovenia",4,"Median","99",2089,314,420,734
705,"Slovenia",4,"Median","100",2089,124,145,269
705,"Slovenia",4,"Median","101",2089,119,148,267
705,"Slovenia",4,"Median","102",2089,115,152,267
705,"Slovenia",4,"Median","103",2089,111,155,266
705,"Slovenia",4,"Median","104",2089,108,159,267
705,"Slovenia",4,"Median","105",2089,104,162,266
705,"Slovenia",4,"Median","106",2089,100,166,266
705,"Slovenia",4,"Median","107",2089,97,170,267
705,"Slovenia",4,"Median","108",2089,94,173,267
705,"Slovenia",4,"Median","109",2089,91,177,268
705,"Slovenia",4,"Median","110",2089,88,181,269
705,"Slovenia",4,"Median","0",2090,3,2,4
705,"Slovenia",4,"Median","1",2090,0,0,1
705,"Slovenia",4,"Median","2",2090,0,0,0
705,"Slovenia",4,"Median","3",2090,0,0,0
705,"Slovenia",4,"Median","4",2090,0,0,0
705,"Slovenia",4,"Median","5",2090,0,0,0
705,"Slovenia",4,"Median","6",2090,0,0,0
705,"Slovenia",4,"Median","7",2090,0,0,0
705,"Slovenia",4,"Median","8",2090,0,0,0
705,"Slovenia",4,"Median","9",2090,0,0,0
705,"Slovenia",4,"Median","10",2090,0,0,0
705,"Slovenia",4,"Median","11",2090,0,0,0
705,"Slovenia",4,"Median","12",2090,0,0,0
705,"Slovenia",4,"Median","13",2090,0,0,0
705,"Slovenia",4,"Median","14",2090,0,0,0
705,"Slovenia",4,"Median","15",2090,0,0,0
705,"Slovenia",4,"Median","16",2090,0,0,1
705,"Slovenia",4,"Median","17",2090,1,0,1
705,"Slovenia",4,"Median","18",2090,1,0,2
705,"Slovenia",4,"Median","19",2090,1,0,2
705,"Slovenia",4,"Median","20",2090,1,0,2
705,"Slovenia",4,"Median","21",2090,1,0,1
705,"Slovenia",4,"Median","22",2090,1,0,2
705,"Slovenia",4,"Median","23",2090,1,0,2
705,"Slovenia",4,"Median","24",2090,1,0,2
705,"Slovenia",4,"Median","25",2090,1,0,2
705,"Slovenia",4,"Median","26",2090,1,0,2
705,"Slovenia",4,"Median","27",2090,1,0,2
705,"Slovenia",4,"Median","28",2090,2,0,2
705,"Slovenia",4,"Median","29",2090,2,0,2
705,"Slovenia",4,"Median","30",2090,2,0,2
705,"Slovenia",4,"Median","31",2090,2,1,2
705,"Slovenia",4,"Median","32",2090,2,1,2
705,"Slovenia",4,"Median","33",2090,2,1,3
705,"Slovenia",4,"Median","34",2090,2,1,3
705,"Slovenia",4,"Median","35",2090,2,1,3
705,"Slovenia",4,"Median","36",2090,2,1,3
705,"Slovenia",4,"Median","37",2090,3,1,4
705,"Slovenia",4,"Median","38",2090,4,1,5
705,"Slovenia",4,"Median","39",2090,4,1,5
705,"Slovenia",4,"Median","40",2090,3,1,4
705,"Slovenia",4,"Median","41",2090,3,1,5
705,"Slovenia",4,"Median","42",2090,4,1,5
705,"Slovenia",4,"Median","43",2090,5,2,6
705,"Slovenia",4,"Median","44",2090,5,2,7
705,"Slovenia",4,"Median","45",2090,6,2,8
705,"Slovenia",4,"Median","46",2090,6,3,9
705,"Slovenia",4,"Median","47",2090,7,3,10
705,"Slovenia",4,"Median","48",2090,8,3,11
705,"Slovenia",4,"Median","49",2090,9,4,13
705,"Slovenia",4,"Median","50",2090,12,4,16
705,"Slovenia",4,"Median","51",2090,14,5,20
705,"Slovenia",4,"Median","52",2090,15,6,21
705,"Slovenia",4,"Median","53",2090,15,6,21
705,"Slovenia",4,"Median","54",2090,17,6,23
705,"Slovenia",4,"Median","55",2090,19,7,26
705,"Slovenia",4,"Median","56",2090,22,8,29
705,"Slovenia",4,"Median","57",2090,24,9,33
705,"Slovenia",4,"Median","58",2090,27,10,36
705,"Slovenia",4,"Median","59",2090,30,11,40
705,"Slovenia",4,"Median","60",2090,33,12,45
705,"Slovenia",4,"Median","61",2090,37,14,50
705,"Slovenia",4,"Median","62",2090,41,16,57
705,"Slovenia",4,"Median","63",2090,44,16,60
705,"Slovenia",4,"Median","64",2090,45,16,61
705,"Slovenia",4,"Median","65",2090,47,17,64
705,"Slovenia",4,"Median","66",2090,51,19,71
705,"Slovenia",4,"Median","67",2090,55,20,76
705,"Slovenia",4,"Median","68",2090,59,21,80
705,"Slovenia",4,"Median","69",2090,61,22,83
705,"Slovenia",4,"Median","70",2090,65,25,89
705,"Slovenia",4,"Median","71",2090,69,27,97
705,"Slovenia",4,"Median","72",2090,76,29,105
705,"Slovenia",4,"Median","73",2090,84,33,118
705,"Slovenia",4,"Median","74",2090,102,44,146
705,"Slovenia",4,"Median","75",2090,131,61,193
705,"Slovenia",4,"Median","76",2090,166,82,248
705,"Slovenia",4,"Median","77",2090,191,98,289
705,"Slovenia",4,"Median","78",2090,211,111,322
705,"Slovenia",4,"Median","79",2090,235,129,364
705,"Slovenia",4,"Median","80",2090,264,148,412
705,"Slovenia",4,"Median","81",2090,286,169,455
705,"Slovenia",4,"Median","82",2090,301,185,486
705,"Slovenia",4,"Median","83",2090,311,195,506
705,"Slovenia",4,"Median","84",2090,321,209,530
705,"Slovenia",4,"Median","85",2090,331,227,558
705,"Slovenia",4,"Median","86",2090,339,242,581
705,"Slovenia",4,"Median","87",2090,351,258,609
705,"Slovenia",4,"Median","88",2090,367,282,649
705,"Slovenia",4,"Median","89",2090,395,316,712
705,"Slovenia",4,"Median","90",2090,418,346,764
705,"Slovenia",4,"Median","91",2090,431,365,796
705,"Slovenia",4,"Median","92",2090,451,397,847
705,"Slovenia",4,"Median","93",2090,464,426,890
705,"Slovenia",4,"Median","94",2090,458,443,901
705,"Slovenia",4,"Median","95",2090,435,454,889
705,"Slovenia",4,"Median","96",2090,411,454,865
705,"Slovenia",4,"Median","97",2090,378,439,817
705,"Slovenia",4,"Median","98",2090,348,428,776
705,"Slovenia",4,"Median","99",2090,311,410,721
705,"Slovenia",4,"Median","100",2090,122,145,267
705,"Slovenia",4,"Median","101",2090,118,148,266
705,"Slovenia",4,"Median","102",2090,114,151,265
705,"Slovenia",4,"Median","103",2090,111,154,265
705,"Slovenia",4,"Median","104",2090,107,157,264
705,"Slovenia",4,"Median","105",2090,104,160,264
705,"Slovenia",4,"Median","106",2090,100,164,264
705,"Slovenia",4,"Median","107",2090,97,167,264
705,"Slovenia",4,"Median","108",2090,94,171,265
705,"Slovenia",4,"Median","109",2090,91,174,265
705,"Slovenia",4,"Median","110",2090,88,178,266
705,"Slovenia",4,"Median","0",2091,2,2,4
705,"Slovenia",4,"Median","1",2091,0,0,1
705,"Slovenia",4,"Median","2",2091,0,0,0
705,"Slovenia",4,"Median","3",2091,0,0,0
705,"Slovenia",4,"Median","4",2091,0,0,0
705,"Slovenia",4,"Median","5",2091,0,0,0
705,"Slovenia",4,"Median","6",2091,0,0,0
705,"Slovenia",4,"Median","7",2091,0,0,0
705,"Slovenia",4,"Median","8",2091,0,0,0
705,"Slovenia",4,"Median","9",2091,0,0,0
705,"Slovenia",4,"Median","10",2091,0,0,0
705,"Slovenia",4,"Median","11",2091,0,0,0
705,"Slovenia",4,"Median","12",2091,0,0,0
705,"Slovenia",4,"Median","13",2091,0,0,0
705,"Slovenia",4,"Median","14",2091,0,0,0
705,"Slovenia",4,"Median","15",2091,0,0,0
705,"Slovenia",4,"Median","16",2091,0,0,1
705,"Slovenia",4,"Median","17",2091,1,0,1
705,"Slovenia",4,"Median","18",2091,1,0,2
705,"Slovenia",4,"Median","19",2091,1,0,2
705,"Slovenia",4,"Median","20",2091,1,0,2
705,"Slovenia",4,"Median","21",2091,1,0,1
705,"Slovenia",4,"Median","22",2091,1,0,2
705,"Slovenia",4,"Median","23",2091,1,0,2
705,"Slovenia",4,"Median","24",2091,1,0,2
705,"Slovenia",4,"Median","25",2091,1,0,2
705,"Slovenia",4,"Median","26",2091,1,0,2
705,"Slovenia",4,"Median","27",2091,1,0,2
705,"Slovenia",4,"Median","28",2091,2,0,2
705,"Slovenia",4,"Median","29",2091,2,0,2
705,"Slovenia",4,"Median","30",2091,2,0,2
705,"Slovenia",4,"Median","31",2091,2,1,2
705,"Slovenia",4,"Median","32",2091,2,1,2
705,"Slovenia",4,"Median","33",2091,2,1,2
705,"Slovenia",4,"Median","34",2091,2,1,3
705,"Slovenia",4,"Median","35",2091,2,1,3
705,"Slovenia",4,"Median","36",2091,2,1,3
705,"Slovenia",4,"Median","37",2091,3,1,4
705,"Slovenia",4,"Median","38",2091,4,1,5
705,"Slovenia",4,"Median","39",2091,3,1,4
705,"Slovenia",4,"Median","40",2091,3,1,4
705,"Slovenia",4,"Median","41",2091,3,1,4
705,"Slovenia",4,"Median","42",2091,4,1,5
705,"Slovenia",4,"Median","43",2091,4,2,6
705,"Slovenia",4,"Median","44",2091,5,2,7
705,"Slovenia",4,"Median","45",2091,6,2,8
705,"Slovenia",4,"Median","46",2091,6,3,9
705,"Slovenia",4,"Median","47",2091,7,3,9
705,"Slovenia",4,"Median","48",2091,8,3,11
705,"Slovenia",4,"Median","49",2091,9,4,13
705,"Slovenia",4,"Median","50",2091,12,4,16
705,"Slovenia",4,"Median","51",2091,14,5,19
705,"Slovenia",4,"Median","52",2091,15,6,21
705,"Slovenia",4,"Median","53",2091,15,6,21
705,"Slovenia",4,"Median","54",2091,17,6,23
705,"Slovenia",4,"Median","55",2091,19,7,26
705,"Slovenia",4,"Median","56",2091,22,7,29
705,"Slovenia",4,"Median","57",2091,24,9,33
705,"Slovenia",4,"Median","58",2091,26,10,36
705,"Slovenia",4,"Median","59",2091,29,11,40
705,"Slovenia",4,"Median","60",2091,32,12,44
705,"Slovenia",4,"Median","61",2091,36,13,49
705,"Slovenia",4,"Median","62",2091,40,15,55
705,"Slovenia",4,"Median","63",2091,43,15,58
705,"Slovenia",4,"Median","64",2091,43,15,59
705,"Slovenia",4,"Median","65",2091,45,17,62
705,"Slovenia",4,"Median","66",2091,50,18,68
705,"Slovenia",4,"Median","67",2091,54,19,73
705,"Slovenia",4,"Median","68",2091,56,20,76
705,"Slovenia",4,"Median","69",2091,59,21,80
705,"Slovenia",4,"Median","70",2091,63,24,87
705,"Slovenia",4,"Median","71",2091,67,26,93
705,"Slovenia",4,"Median","72",2091,73,28,101
705,"Slovenia",4,"Median","73",2091,82,32,114
705,"Slovenia",4,"Median","74",2091,100,43,143
705,"Slovenia",4,"Median","75",2091,127,60,187
705,"Slovenia",4,"Median","76",2091,163,79,242
705,"Slovenia",4,"Median","77",2091,186,94,280
705,"Slovenia",4,"Median","78",2091,204,107,311
705,"Slovenia",4,"Median","79",2091,230,125,355
705,"Slovenia",4,"Median","80",2091,260,147,407
705,"Slovenia",4,"Median","81",2091,287,167,454
705,"Slovenia",4,"Median","82",2091,309,189,498
705,"Slovenia",4,"Median","83",2091,325,208,533
705,"Slovenia",4,"Median","84",2091,335,218,554
705,"Slovenia",4,"Median","85",2091,345,232,577
705,"Slovenia",4,"Median","86",2091,352,251,603
705,"Slovenia",4,"Median","87",2091,359,267,626
705,"Slovenia",4,"Median","88",2091,368,282,651
705,"Slovenia",4,"Median","89",2091,382,306,688
705,"Slovenia",4,"Median","90",2091,408,341,748
705,"Slovenia",4,"Median","91",2091,426,369,795
705,"Slovenia",4,"Median","92",2091,434,384,818
705,"Slovenia",4,"Median","93",2091,447,413,859
705,"Slovenia",4,"Median","94",2091,453,436,889
705,"Slovenia",4,"Median","95",2091,439,446,884
705,"Slovenia",4,"Median","96",2091,409,448,857
705,"Slovenia",4,"Median","97",2091,378,438,816
705,"Slovenia",4,"Median","98",2091,340,414,753
705,"Slovenia",4,"Median","99",2091,305,392,697
705,"Slovenia",4,"Median","100",2091,120,145,265
705,"Slovenia",4,"Median","101",2091,117,148,265
705,"Slovenia",4,"Median","102",2091,113,150,263
705,"Slovenia",4,"Median","103",2091,110,153,263
705,"Slovenia",4,"Median","104",2091,106,156,262
705,"Slovenia",4,"Median","105",2091,103,159,262
705,"Slovenia",4,"Median","106",2091,100,162,262
705,"Slovenia",4,"Median","107",2091,97,165,262
705,"Slovenia",4,"Median","108",2091,94,168,262
705,"Slovenia",4,"Median","109",2091,91,171,262
705,"Slovenia",4,"Median","110",2091,88,174,262
705,"Slovenia",4,"Median","0",2092,2,2,4
705,"Slovenia",4,"Median","1",2092,0,0,1
705,"Slovenia",4,"Median","2",2092,0,0,0
705,"Slovenia",4,"Median","3",2092,0,0,0
705,"Slovenia",4,"Median","4",2092,0,0,0
705,"Slovenia",4,"Median","5",2092,0,0,0
705,"Slovenia",4,"Median","6",2092,0,0,0
705,"Slovenia",4,"Median","7",2092,0,0,0
705,"Slovenia",4,"Median","8",2092,0,0,0
705,"Slovenia",4,"Median","9",2092,0,0,0
705,"Slovenia",4,"Median","10",2092,0,0,0
705,"Slovenia",4,"Median","11",2092,0,0,0
705,"Slovenia",4,"Median","12",2092,0,0,0
705,"Slovenia",4,"Median","13",2092,0,0,0
705,"Slovenia",4,"Median","14",2092,0,0,0
705,"Slovenia",4,"Median","15",2092,0,0,0
705,"Slovenia",4,"Median","16",2092,0,0,1
705,"Slovenia",4,"Median","17",2092,1,0,1
705,"Slovenia",4,"Median","18",2092,1,0,2
705,"Slovenia",4,"Median","19",2092,1,0,2
705,"Slovenia",4,"Median","20",2092,1,0,2
705,"Slovenia",4,"Median","21",2092,1,0,1
705,"Slovenia",4,"Median","22",2092,1,0,2
705,"Slovenia",4,"Median","23",2092,1,0,2
705,"Slovenia",4,"Median","24",2092,1,0,2
705,"Slovenia",4,"Median","25",2092,1,0,2
705,"Slovenia",4,"Median","26",2092,1,0,2
705,"Slovenia",4,"Median","27",2092,1,0,2
705,"Slovenia",4,"Median","28",2092,2,0,2
705,"Slovenia",4,"Median","29",2092,2,0,2
705,"Slovenia",4,"Median","30",2092,2,0,2
705,"Slovenia",4,"Median","31",2092,2,0,2
705,"Slovenia",4,"Median","32",2092,2,1,2
705,"Slovenia",4,"Median","33",2092,2,1,2
705,"Slovenia",4,"Median","34",2092,2,1,3
705,"Slovenia",4,"Median","35",2092,2,1,3
705,"Slovenia",4,"Median","36",2092,2,1,3
705,"Slovenia",4,"Median","37",2092,3,1,4
705,"Slovenia",4,"Median","38",2092,3,1,4
705,"Slovenia",4,"Median","39",2092,3,1,4
705,"Slovenia",4,"Median","40",2092,3,1,4
705,"Slovenia",4,"Median","41",2092,3,1,4
705,"Slovenia",4,"Median","42",2092,4,1,5
705,"Slovenia",4,"Median","43",2092,4,2,6
705,"Slovenia",4,"Median","44",2092,5,2,7
705,"Slovenia",4,"Median","45",2092,6,2,8
705,"Slovenia",4,"Median","46",2092,6,3,9
705,"Slovenia",4,"Median","47",2092,7,3,9
705,"Slovenia",4,"Median","48",2092,8,3,11
705,"Slovenia",4,"Median","49",2092,9,3,13
705,"Slovenia",4,"Median","50",2092,12,4,16
705,"Slovenia",4,"Median","51",2092,14,5,19
705,"Slovenia",4,"Median","52",2092,15,6,20
705,"Slovenia",4,"Median","53",2092,15,6,21
705,"Slovenia",4,"Median","54",2092,17,6,23
705,"Slovenia",4,"Median","55",2092,19,7,26
705,"Slovenia",4,"Median","56",2092,22,7,29
705,"Slovenia",4,"Median","57",2092,24,9,32
705,"Slovenia",4,"Median","58",2092,26,10,36
705,"Slovenia",4,"Median","59",2092,29,10,39
705,"Slovenia",4,"Median","60",2092,32,11,43
705,"Slovenia",4,"Median","61",2092,36,13,49
705,"Slovenia",4,"Median","62",2092,40,15,54
705,"Slovenia",4,"Median","63",2092,42,15,57
705,"Slovenia",4,"Median","64",2092,42,15,57
705,"Slovenia",4,"Median","65",2092,44,16,60
705,"Slovenia",4,"Median","66",2092,48,18,66
705,"Slovenia",4,"Median","67",2092,52,19,71
705,"Slovenia",4,"Median","68",2092,54,19,73
705,"Slovenia",4,"Median","69",2092,56,20,76
705,"Slovenia",4,"Median","70",2092,61,23,84
705,"Slovenia",4,"Median","71",2092,65,25,91
705,"Slovenia",4,"Median","72",2092,70,27,97
705,"Slovenia",4,"Median","73",2092,79,30,109
705,"Slovenia",4,"Median","74",2092,98,41,139
705,"Slovenia",4,"Median","75",2092,125,58,183
705,"Slovenia",4,"Median","76",2092,158,77,235
705,"Slovenia",4,"Median","77",2092,182,91,274
705,"Slovenia",4,"Median","78",2092,198,103,301
705,"Slovenia",4,"Median","79",2092,223,120,344
705,"Slovenia",4,"Median","80",2092,255,142,397
705,"Slovenia",4,"Median","81",2092,284,165,449
705,"Slovenia",4,"Median","82",2092,311,186,497
705,"Slovenia",4,"Median","83",2092,335,211,547
705,"Slovenia",4,"Median","84",2092,352,233,584
705,"Slovenia",4,"Median","85",2092,360,243,603
705,"Slovenia",4,"Median","86",2092,367,257,624
705,"Slovenia",4,"Median","87",2092,373,277,650
705,"Slovenia",4,"Median","88",2092,378,292,670
705,"Slovenia",4,"Median","89",2092,384,307,691
705,"Slovenia",4,"Median","90",2092,394,330,724
705,"Slovenia",4,"Median","91",2092,416,364,780
705,"Slovenia",4,"Median","92",2092,429,390,819
705,"Slovenia",4,"Median","93",2092,431,400,831
705,"Slovenia",4,"Median","94",2092,437,423,860
705,"Slovenia",4,"Median","95",2092,435,439,874
705,"Slovenia",4,"Median","96",2092,413,440,853
705,"Slovenia",4,"Median","97",2092,376,433,810
705,"Slovenia",4,"Median","98",2092,340,414,753
705,"Slovenia",4,"Median","99",2092,298,380,678
705,"Slovenia",4,"Median","100",2092,118,142,260
705,"Slovenia",4,"Median","101",2092,115,145,260
705,"Slovenia",4,"Median","102",2092,111,148,259
705,"Slovenia",4,"Median","103",2092,108,150,258
705,"Slovenia",4,"Median","104",2092,105,153,258
705,"Slovenia",4,"Median","105",2092,102,156,258
705,"Slovenia",4,"Median","106",2092,99,159,258
705,"Slovenia",4,"Median","107",2092,97,162,259
705,"Slovenia",4,"Median","108",2092,94,165,259
705,"Slovenia",4,"Median","109",2092,91,168,259
705,"Slovenia",4,"Median","110",2092,89,171,260
705,"Slovenia",4,"Median","0",2093,2,2,4
705,"Slovenia",4,"Median","1",2093,0,0,1
705,"Slovenia",4,"Median","2",2093,0,0,0
705,"Slovenia",4,"Median","3",2093,0,0,0
705,"Slovenia",4,"Median","4",2093,0,0,0
705,"Slovenia",4,"Median","5",2093,0,0,0
705,"Slovenia",4,"Median","6",2093,0,0,0
705,"Slovenia",4,"Median","7",2093,0,0,0
705,"Slovenia",4,"Median","8",2093,0,0,0
705,"Slovenia",4,"Median","9",2093,0,0,0
705,"Slovenia",4,"Median","10",2093,0,0,0
705,"Slovenia",4,"Median","11",2093,0,0,0
705,"Slovenia",4,"Median","12",2093,0,0,0
705,"Slovenia",4,"Median","13",2093,0,0,0
705,"Slovenia",4,"Median","14",2093,0,0,0
705,"Slovenia",4,"Median","15",2093,0,0,0
705,"Slovenia",4,"Median","16",2093,0,0,1
705,"Slovenia",4,"Median","17",2093,1,0,1
705,"Slovenia",4,"Median","18",2093,1,0,2
705,"Slovenia",4,"Median","19",2093,1,0,2
705,"Slovenia",4,"Median","20",2093,1,0,2
705,"Slovenia",4,"Median","21",2093,1,0,1
705,"Slovenia",4,"Median","22",2093,1,0,2
705,"Slovenia",4,"Median","23",2093,1,0,2
705,"Slovenia",4,"Median","24",2093,1,0,2
705,"Slovenia",4,"Median","25",2093,1,0,2
705,"Slovenia",4,"Median","26",2093,1,0,2
705,"Slovenia",4,"Median","27",2093,1,0,2
705,"Slovenia",4,"Median","28",2093,2,0,2
705,"Slovenia",4,"Median","29",2093,2,0,2
705,"Slovenia",4,"Median","30",2093,2,0,2
705,"Slovenia",4,"Median","31",2093,2,0,2
705,"Slovenia",4,"Median","32",2093,2,0,2
705,"Slovenia",4,"Median","33",2093,2,1,2
705,"Slovenia",4,"Median","34",2093,2,1,3
705,"Slovenia",4,"Median","35",2093,2,1,3
705,"Slovenia",4,"Median","36",2093,2,1,3
705,"Slovenia",4,"Median","37",2093,2,1,3
705,"Slovenia",4,"Median","38",2093,3,1,4
705,"Slovenia",4,"Median","39",2093,3,1,4
705,"Slovenia",4,"Median","40",2093,3,1,4
705,"Slovenia",4,"Median","41",2093,3,1,4
705,"Slovenia",4,"Median","42",2093,4,1,5
705,"Slovenia",4,"Median","43",2093,4,2,6
705,"Slovenia",4,"Median","44",2093,5,2,7
705,"Slovenia",4,"Median","45",2093,5,2,8
705,"Slovenia",4,"Median","46",2093,6,3,8
705,"Slovenia",4,"Median","47",2093,7,3,9
705,"Slovenia",4,"Median","48",2093,8,3,10
705,"Slovenia",4,"Median","49",2093,9,3,13
705,"Slovenia",4,"Median","50",2093,12,4,16
705,"Slovenia",4,"Median","51",2093,14,5,19
705,"Slovenia",4,"Median","52",2093,15,6,20
705,"Slovenia",4,"Median","53",2093,15,6,21
705,"Slovenia",4,"Median","54",2093,17,6,23
705,"Slovenia",4,"Median","55",2093,19,7,26
705,"Slovenia",4,"Median","56",2093,21,7,29
705,"Slovenia",4,"Median","57",2093,24,8,32
705,"Slovenia",4,"Median","58",2093,26,9,36
705,"Slovenia",4,"Median","59",2093,29,10,39
705,"Slovenia",4,"Median","60",2093,32,11,43
705,"Slovenia",4,"Median","61",2093,35,13,48
705,"Slovenia",4,"Median","62",2093,39,15,53
705,"Slovenia",4,"Median","63",2093,41,15,55
705,"Slovenia",4,"Median","64",2093,41,14,56
705,"Slovenia",4,"Median","65",2093,43,16,58
705,"Slovenia",4,"Median","66",2093,47,17,64
705,"Slovenia",4,"Median","67",2093,50,18,68
705,"Slovenia",4,"Median","68",2093,53,18,71
705,"Slovenia",4,"Median","69",2093,55,19,74
705,"Slovenia",4,"Median","70",2093,58,21,80
705,"Slovenia",4,"Median","71",2093,63,24,87
705,"Slovenia",4,"Median","72",2093,68,26,94
705,"Slovenia",4,"Median","73",2093,76,29,105
705,"Slovenia",4,"Median","74",2093,94,39,133
705,"Slovenia",4,"Median","75",2093,123,55,178
705,"Slovenia",4,"Median","76",2093,156,75,231
705,"Slovenia",4,"Median","77",2093,177,89,266
705,"Slovenia",4,"Median","78",2093,195,100,295
705,"Slovenia",4,"Median","79",2093,217,116,333
705,"Slovenia",4,"Median","80",2093,247,137,384
705,"Slovenia",4,"Median","81",2093,278,160,438
705,"Slovenia",4,"Median","82",2093,307,184,491
705,"Slovenia",4,"Median","83",2093,337,208,546
705,"Slovenia",4,"Median","84",2093,363,236,599
705,"Slovenia",4,"Median","85",2093,378,258,636
705,"Slovenia",4,"Median","86",2093,384,268,652
705,"Slovenia",4,"Median","87",2093,390,283,673
705,"Slovenia",4,"Median","88",2093,393,303,696
705,"Slovenia",4,"Median","89",2093,394,317,712
705,"Slovenia",4,"Median","90",2093,397,331,727
705,"Slovenia",4,"Median","91",2093,403,352,755
705,"Slovenia",4,"Median","92",2093,419,384,803
705,"Slovenia",4,"Median","93",2093,427,406,832
705,"Slovenia",4,"Median","94",2093,422,410,832
705,"Slovenia",4,"Median","95",2093,420,426,846
705,"Slovenia",4,"Median","96",2093,410,434,844
705,"Slovenia",4,"Median","97",2093,381,426,807
705,"Slovenia",4,"Median","98",2093,339,409,748
705,"Slovenia",4,"Median","99",2093,299,380,679
705,"Slovenia",4,"Median","100",2093,115,139,254
705,"Slovenia",4,"Median","101",2093,112,142,254
705,"Slovenia",4,"Median","102",2093,110,145,255
705,"Slovenia",4,"Median","103",2093,107,147,254
705,"Slovenia",4,"Median","104",2093,104,150,254
705,"Slovenia",4,"Median","105",2093,101,153,254
705,"Slovenia",4,"Median","106",2093,99,156,255
705,"Slovenia",4,"Median","107",2093,96,159,255
705,"Slovenia",4,"Median","108",2093,93,162,255
705,"Slovenia",4,"Median","109",2093,91,165,256
705,"Slovenia",4,"Median","110",2093,89,168,257
705,"Slovenia",4,"Median","0",2094,2,2,4
705,"Slovenia",4,"Median","1",2094,0,0,1
705,"Slovenia",4,"Median","2",2094,0,0,0
705,"Slovenia",4,"Median","3",2094,0,0,0
705,"Slovenia",4,"Median","4",2094,0,0,0
705,"Slovenia",4,"Median","5",2094,0,0,0
705,"Slovenia",4,"Median","6",2094,0,0,0
705,"Slovenia",4,"Median","7",2094,0,0,0
705,"Slovenia",4,"Median","8",2094,0,0,0
705,"Slovenia",4,"Median","9",2094,0,0,0
705,"Slovenia",4,"Median","10",2094,0,0,0
705,"Slovenia",4,"Median","11",2094,0,0,0
705,"Slovenia",4,"Median","12",2094,0,0,0
705,"Slovenia",4,"Median","13",2094,0,0,0
705,"Slovenia",4,"Median","14",2094,0,0,0
705,"Slovenia",4,"Median","15",2094,0,0,0
705,"Slovenia",4,"Median","16",2094,0,0,1
705,"Slovenia",4,"Median","17",2094,1,0,1
705,"Slovenia",4,"Median","18",2094,1,0,2
705,"Slovenia",4,"Median","19",2094,1,0,2
705,"Slovenia",4,"Median","20",2094,1,0,2
705,"Slovenia",4,"Median","21",2094,1,0,1
705,"Slovenia",4,"Median","22",2094,1,0,2
705,"Slovenia",4,"Median","23",2094,1,0,2
705,"Slovenia",4,"Median","24",2094,1,0,2
705,"Slovenia",4,"Median","25",2094,1,0,2
705,"Slovenia",4,"Median","26",2094,1,0,2
705,"Slovenia",4,"Median","27",2094,1,0,2
705,"Slovenia",4,"Median","28",2094,1,0,2
705,"Slovenia",4,"Median","29",2094,2,0,2
705,"Slovenia",4,"Median","30",2094,2,0,2
705,"Slovenia",4,"Median","31",2094,2,0,2
705,"Slovenia",4,"Median","32",2094,2,0,2
705,"Slovenia",4,"Median","33",2094,2,1,2
705,"Slovenia",4,"Median","34",2094,2,1,3
705,"Slovenia",4,"Median","35",2094,2,1,2
705,"Slovenia",4,"Median","36",2094,2,1,3
705,"Slovenia",4,"Median","37",2094,2,1,3
705,"Slovenia",4,"Median","38",2094,3,1,4
705,"Slovenia",4,"Median","39",2094,3,1,4
705,"Slovenia",4,"Median","40",2094,3,1,4
705,"Slovenia",4,"Median","41",2094,3,1,4
705,"Slovenia",4,"Median","42",2094,4,1,5
705,"Slovenia",4,"Median","43",2094,4,1,6
705,"Slovenia",4,"Median","44",2094,5,2,7
705,"Slovenia",4,"Median","45",2094,5,2,8
705,"Slovenia",4,"Median","46",2094,6,2,8
705,"Slovenia",4,"Median","47",2094,6,3,9
705,"Slovenia",4,"Median","48",2094,7,3,10
705,"Slovenia",4,"Median","49",2094,9,3,12
705,"Slovenia",4,"Median","50",2094,11,4,16
705,"Slovenia",4,"Median","51",2094,14,5,19
705,"Slovenia",4,"Median","52",2094,15,6,20
705,"Slovenia",4,"Median","53",2094,15,6,21
705,"Slovenia",4,"Median","54",2094,17,6,23
705,"Slovenia",4,"Median","55",2094,19,6,25
705,"Slovenia",4,"Median","56",2094,21,7,29
705,"Slovenia",4,"Median","57",2094,24,8,32
705,"Slovenia",4,"Median","58",2094,26,9,35
705,"Slovenia",4,"Median","59",2094,29,10,39
705,"Slovenia",4,"Median","60",2094,32,11,43
705,"Slovenia",4,"Median","61",2094,35,13,48
705,"Slovenia",4,"Median","62",2094,38,14,53
705,"Slovenia",4,"Median","63",2094,40,14,55
705,"Slovenia",4,"Median","64",2094,40,14,55
705,"Slovenia",4,"Median","65",2094,42,15,57
705,"Slovenia",4,"Median","66",2094,46,17,62
705,"Slovenia",4,"Median","67",2094,49,17,66
705,"Slovenia",4,"Median","68",2094,51,18,69
705,"Slovenia",4,"Median","69",2094,53,19,71
705,"Slovenia",4,"Median","70",2094,57,21,77
705,"Slovenia",4,"Median","71",2094,60,22,83
705,"Slovenia",4,"Median","72",2094,66,25,91
705,"Slovenia",4,"Median","73",2094,74,28,102
705,"Slovenia",4,"Median","74",2094,91,37,128
705,"Slovenia",4,"Median","75",2094,118,53,171
705,"Slovenia",4,"Median","76",2094,153,72,225
705,"Slovenia",4,"Median","77",2094,175,86,261
705,"Slovenia",4,"Median","78",2094,190,97,287
705,"Slovenia",4,"Median","79",2094,214,112,326
705,"Slovenia",4,"Median","80",2094,241,132,373
705,"Slovenia",4,"Median","81",2094,271,155,425
705,"Slovenia",4,"Median","82",2094,302,179,481
705,"Slovenia",4,"Median","83",2094,334,207,540
705,"Slovenia",4,"Median","84",2094,366,234,600
705,"Slovenia",4,"Median","85",2094,390,264,654
705,"Slovenia",4,"Median","86",2094,404,287,690
705,"Slovenia",4,"Median","87",2094,408,297,705
705,"Slovenia",4,"Median","88",2094,411,311,722
705,"Slovenia",4,"Median","89",2094,411,330,741
705,"Slovenia",4,"Median","90",2094,408,343,752
705,"Slovenia",4,"Median","91",2094,406,354,760
705,"Slovenia",4,"Median","92",2094,407,373,780
705,"Slovenia",4,"Median","93",2094,418,401,819
705,"Slovenia",4,"Median","94",2094,419,417,836
705,"Slovenia",4,"Median","95",2094,406,415,821
705,"Slovenia",4,"Median","96",2094,397,423,820
705,"Slovenia",4,"Median","97",2094,379,421,800
705,"Slovenia",4,"Median","98",2094,345,404,748
705,"Slovenia",4,"Median","99",2094,299,377,677
705,"Slovenia",4,"Median","100",2094,115,140,255
705,"Slovenia",4,"Median","101",2094,112,142,254
705,"Slovenia",4,"Median","102",2094,109,144,253
705,"Slovenia",4,"Median","103",2094,106,146,252
705,"Slovenia",4,"Median","104",2094,103,149,252
705,"Slovenia",4,"Median","105",2094,101,151,252
705,"Slovenia",4,"Median","106",2094,98,153,251
705,"Slovenia",4,"Median","107",2094,95,156,251
705,"Slovenia",4,"Median","108",2094,93,158,251
705,"Slovenia",4,"Median","109",2094,90,160,250
705,"Slovenia",4,"Median","110",2094,88,163,251
705,"Slovenia",4,"Median","0",2095,2,2,4
705,"Slovenia",4,"Median","1",2095,0,0,1
705,"Slovenia",4,"Median","2",2095,0,0,0
705,"Slovenia",4,"Median","3",2095,0,0,0
705,"Slovenia",4,"Median","4",2095,0,0,0
705,"Slovenia",4,"Median","5",2095,0,0,0
705,"Slovenia",4,"Median","6",2095,0,0,0
705,"Slovenia",4,"Median","7",2095,0,0,0
705,"Slovenia",4,"Median","8",2095,0,0,0
705,"Slovenia",4,"Median","9",2095,0,0,0
705,"Slovenia",4,"Median","10",2095,0,0,0
705,"Slovenia",4,"Median","11",2095,0,0,0
705,"Slovenia",4,"Median","12",2095,0,0,0
705,"Slovenia",4,"Median","13",2095,0,0,0
705,"Slovenia",4,"Median","14",2095,0,0,0
705,"Slovenia",4,"Median","15",2095,0,0,0
705,"Slovenia",4,"Median","16",2095,0,0,1
705,"Slovenia",4,"Median","17",2095,1,0,1
705,"Slovenia",4,"Median","18",2095,1,0,2
705,"Slovenia",4,"Median","19",2095,1,0,2
705,"Slovenia",4,"Median","20",2095,1,0,2
705,"Slovenia",4,"Median","21",2095,1,0,1
705,"Slovenia",4,"Median","22",2095,1,0,1
705,"Slovenia",4,"Median","23",2095,1,0,2
705,"Slovenia",4,"Median","24",2095,1,0,2
705,"Slovenia",4,"Median","25",2095,1,0,2
705,"Slovenia",4,"Median","26",2095,1,0,2
705,"Slovenia",4,"Median","27",2095,1,0,2
705,"Slovenia",4,"Median","28",2095,1,0,2
705,"Slovenia",4,"Median","29",2095,2,0,2
705,"Slovenia",4,"Median","30",2095,2,0,2
705,"Slovenia",4,"Median","31",2095,2,0,2
705,"Slovenia",4,"Median","32",2095,2,0,2
705,"Slovenia",4,"Median","33",2095,2,1,2
705,"Slovenia",4,"Median","34",2095,2,1,3
705,"Slovenia",4,"Median","35",2095,2,1,2
705,"Slovenia",4,"Median","36",2095,2,1,3
705,"Slovenia",4,"Median","37",2095,2,1,3
705,"Slovenia",4,"Median","38",2095,3,1,4
705,"Slovenia",4,"Median","39",2095,3,1,4
705,"Slovenia",4,"Median","40",2095,3,1,4
705,"Slovenia",4,"Median","41",2095,3,1,4
705,"Slovenia",4,"Median","42",2095,4,1,5
705,"Slovenia",4,"Median","43",2095,4,1,5
705,"Slovenia",4,"Median","44",2095,5,2,6
705,"Slovenia",4,"Median","45",2095,5,2,7
705,"Slovenia",4,"Median","46",2095,6,2,8
705,"Slovenia",4,"Median","47",2095,6,2,9
705,"Slovenia",4,"Median","48",2095,7,3,10
705,"Slovenia",4,"Median","49",2095,9,3,12
705,"Slovenia",4,"Median","50",2095,11,4,15
705,"Slovenia",4,"Median","51",2095,13,5,19
705,"Slovenia",4,"Median","52",2095,14,5,20
705,"Slovenia",4,"Median","53",2095,15,6,20
705,"Slovenia",4,"Median","54",2095,17,6,22
705,"Slovenia",4,"Median","55",2095,19,6,25
705,"Slovenia",4,"Median","56",2095,21,7,29
705,"Slovenia",4,"Median","57",2095,24,8,32
705,"Slovenia",4,"Median","58",2095,26,9,35
705,"Slovenia",4,"Median","59",2095,29,10,39
705,"Slovenia",4,"Median","60",2095,31,11,42
705,"Slovenia",4,"Median","61",2095,35,13,47
705,"Slovenia",4,"Median","62",2095,38,14,52
705,"Slovenia",4,"Median","63",2095,40,14,54
705,"Slovenia",4,"Median","64",2095,40,14,54
705,"Slovenia",4,"Median","65",2095,41,15,56
705,"Slovenia",4,"Median","66",2095,45,16,61
705,"Slovenia",4,"Median","67",2095,48,17,64
705,"Slovenia",4,"Median","68",2095,49,17,66
705,"Slovenia",4,"Median","69",2095,51,18,69
705,"Slovenia",4,"Median","70",2095,55,20,75
705,"Slovenia",4,"Median","71",2095,59,22,80
705,"Slovenia",4,"Median","72",2095,63,23,86
705,"Slovenia",4,"Median","73",2095,72,27,99
705,"Slovenia",4,"Median","74",2095,89,36,125
705,"Slovenia",4,"Median","75",2095,114,51,165
705,"Slovenia",4,"Median","76",2095,148,69,217
705,"Slovenia",4,"Median","77",2095,172,83,254
705,"Slovenia",4,"Median","78",2095,187,95,282
705,"Slovenia",4,"Median","79",2095,208,109,317
705,"Slovenia",4,"Median","80",2095,237,128,366
705,"Slovenia",4,"Median","81",2095,264,149,412
705,"Slovenia",4,"Median","82",2095,294,173,467
705,"Slovenia",4,"Median","83",2095,329,201,529
705,"Slovenia",4,"Median","84",2095,362,231,594
705,"Slovenia",4,"Median","85",2095,394,260,654
705,"Slovenia",4,"Median","86",2095,418,292,709
705,"Slovenia",4,"Median","87",2095,430,316,746
705,"Slovenia",4,"Median","88",2095,431,325,756
705,"Slovenia",4,"Median","89",2095,430,339,769
705,"Slovenia",4,"Median","90",2095,426,357,783
705,"Slovenia",4,"Median","91",2095,419,367,786
705,"Slovenia",4,"Median","92",2095,411,375,786
705,"Slovenia",4,"Median","93",2095,407,389,796
705,"Slovenia",4,"Median","94",2095,411,412,823
705,"Slovenia",4,"Median","95",2095,404,422,826
705,"Slovenia",4,"Median","96",2095,385,412,796
705,"Slovenia",4,"Median","97",2095,368,411,778
705,"Slovenia",4,"Median","98",2095,343,399,743
705,"Slovenia",4,"Median","99",2095,304,373,677
705,"Slovenia",4,"Median","100",2095,117,142,259
705,"Slovenia",4,"Median","101",2095,114,143,257
705,"Slovenia",4,"Median","102",2095,110,145,255
705,"Slovenia",4,"Median","103",2095,107,146,253
705,"Slovenia",4,"Median","104",2095,103,148,251
705,"Slovenia",4,"Median","105",2095,100,149,249
705,"Slovenia",4,"Median","106",2095,97,151,248
705,"Slovenia",4,"Median","107",2095,94,152,246
705,"Slovenia",4,"Median","108",2095,91,154,245
705,"Slovenia",4,"Median","109",2095,88,155,243
705,"Slovenia",4,"Median","110",2095,86,157,243
705,"Slovenia",4,"Median","0",2096,2,2,4
705,"Slovenia",4,"Median","1",2096,0,0,1
705,"Slovenia",4,"Median","2",2096,0,0,0
705,"Slovenia",4,"Median","3",2096,0,0,0
705,"Slovenia",4,"Median","4",2096,0,0,0
705,"Slovenia",4,"Median","5",2096,0,0,0
705,"Slovenia",4,"Median","6",2096,0,0,0
705,"Slovenia",4,"Median","7",2096,0,0,0
705,"Slovenia",4,"Median","8",2096,0,0,0
705,"Slovenia",4,"Median","9",2096,0,0,0
705,"Slovenia",4,"Median","10",2096,0,0,0
705,"Slovenia",4,"Median","11",2096,0,0,0
705,"Slovenia",4,"Median","12",2096,0,0,0
705,"Slovenia",4,"Median","13",2096,0,0,0
705,"Slovenia",4,"Median","14",2096,0,0,0
705,"Slovenia",4,"Median","15",2096,0,0,0
705,"Slovenia",4,"Median","16",2096,0,0,1
705,"Slovenia",4,"Median","17",2096,1,0,1
705,"Slovenia",4,"Median","18",2096,1,0,2
705,"Slovenia",4,"Median","19",2096,1,0,2
705,"Slovenia",4,"Median","20",2096,1,0,1
705,"Slovenia",4,"Median","21",2096,1,0,1
705,"Slovenia",4,"Median","22",2096,1,0,1
705,"Slovenia",4,"Median","23",2096,1,0,2
705,"Slovenia",4,"Median","24",2096,1,0,2
705,"Slovenia",4,"Median","25",2096,1,0,2
705,"Slovenia",4,"Median","26",2096,1,0,2
705,"Slovenia",4,"Median","27",2096,1,0,2
705,"Slovenia",4,"Median","28",2096,1,0,2
705,"Slovenia",4,"Median","29",2096,2,0,2
705,"Slovenia",4,"Median","30",2096,2,0,2
705,"Slovenia",4,"Median","31",2096,2,0,2
705,"Slovenia",4,"Median","32",2096,2,0,2
705,"Slovenia",4,"Median","33",2096,2,1,2
705,"Slovenia",4,"Median","34",2096,2,1,2
705,"Slovenia",4,"Median","35",2096,2,1,2
705,"Slovenia",4,"Median","36",2096,2,1,2
705,"Slovenia",4,"Median","37",2096,2,1,3
705,"Slovenia",4,"Median","38",2096,3,1,4
705,"Slovenia",4,"Median","39",2096,3,1,4
705,"Slovenia",4,"Median","40",2096,3,1,4
705,"Slovenia",4,"Median","41",2096,3,1,4
705,"Slovenia",4,"Median","42",2096,3,1,5
705,"Slovenia",4,"Median","43",2096,4,1,5
705,"Slovenia",4,"Median","44",2096,4,2,6
705,"Slovenia",4,"Median","45",2096,5,2,7
705,"Slovenia",4,"Median","46",2096,6,2,8
705,"Slovenia",4,"Median","47",2096,6,2,9
705,"Slovenia",4,"Median","48",2096,7,3,10
705,"Slovenia",4,"Median","49",2096,9,3,12
705,"Slovenia",4,"Median","50",2096,11,4,15
705,"Slovenia",4,"Median","51",2096,13,5,18
705,"Slovenia",4,"Median","52",2096,14,5,20
705,"Slovenia",4,"Median","53",2096,15,5,20
705,"Slovenia",4,"Median","54",2096,16,6,22
705,"Slovenia",4,"Median","55",2096,19,6,25
705,"Slovenia",4,"Median","56",2096,21,7,28
705,"Slovenia",4,"Median","57",2096,23,8,32
705,"Slovenia",4,"Median","58",2096,26,9,35
705,"Slovenia",4,"Median","59",2096,28,10,38
705,"Slovenia",4,"Median","60",2096,31,11,42
705,"Slovenia",4,"Median","61",2096,34,12,47
705,"Slovenia",4,"Median","62",2096,38,14,52
705,"Slovenia",4,"Median","63",2096,39,14,53
705,"Slovenia",4,"Median","64",2096,39,14,53
705,"Slovenia",4,"Median","65",2096,40,14,55
705,"Slovenia",4,"Median","66",2096,44,16,59
705,"Slovenia",4,"Median","67",2096,47,16,63
705,"Slovenia",4,"Median","68",2096,48,16,64
705,"Slovenia",4,"Median","69",2096,50,17,67
705,"Slovenia",4,"Median","70",2096,53,19,72
705,"Slovenia",4,"Median","71",2096,57,21,77
705,"Slovenia",4,"Median","72",2096,61,22,84
705,"Slovenia",4,"Median","73",2096,69,25,94
705,"Slovenia",4,"Median","74",2096,86,34,121
705,"Slovenia",4,"Median","75",2096,112,49,161
705,"Slovenia",4,"Median","76",2096,142,66,209
705,"Slovenia",4,"Median","77",2096,166,79,245
705,"Slovenia",4,"Median","78",2096,184,90,274
705,"Slovenia",4,"Median","79",2096,205,107,312
705,"Slovenia",4,"Median","80",2096,231,125,356
705,"Slovenia",4,"Median","81",2096,260,145,404
705,"Slovenia",4,"Median","82",2096,286,167,453
705,"Slovenia",4,"Median","83",2096,319,194,513
705,"Slovenia",4,"Median","84",2096,356,225,582
705,"Slovenia",4,"Median","85",2096,390,258,648
705,"Slovenia",4,"Median","86",2096,421,289,710
705,"Slovenia",4,"Median","87",2096,444,323,768
705,"Slovenia",4,"Median","88",2096,454,348,802
705,"Slovenia",4,"Median","89",2096,451,356,807
705,"Slovenia",4,"Median","90",2096,446,367,813
705,"Slovenia",4,"Median","91",2096,437,383,820
705,"Slovenia",4,"Median","92",2096,424,390,814
705,"Slovenia",4,"Median","93",2096,411,393,803
705,"Slovenia",4,"Median","94",2096,400,402,802
705,"Slovenia",4,"Median","95",2096,397,419,815
705,"Slovenia",4,"Median","96",2096,383,420,803
705,"Slovenia",4,"Median","97",2096,357,401,758
705,"Slovenia",4,"Median","98",2096,333,391,724
705,"Slovenia",4,"Median","99",2096,303,370,674
705,"Slovenia",4,"Median","100",2096,122,145,267
705,"Slovenia",4,"Median","101",2096,117,146,263
705,"Slovenia",4,"Median","102",2096,113,146,259
705,"Slovenia",4,"Median","103",2096,108,147,255
705,"Slovenia",4,"Median","104",2096,104,148,252
705,"Slovenia",4,"Median","105",2096,100,148,248
705,"Slovenia",4,"Median","106",2096,96,149,245
705,"Slovenia",4,"Median","107",2096,93,149,242
705,"Slovenia",4,"Median","108",2096,89,150,239
705,"Slovenia",4,"Median","109",2096,86,150,236
705,"Slovenia",4,"Median","110",2096,82,151,233
705,"Slovenia",4,"Median","0",2097,2,2,4
705,"Slovenia",4,"Median","1",2097,0,0,1
705,"Slovenia",4,"Median","2",2097,0,0,0
705,"Slovenia",4,"Median","3",2097,0,0,0
705,"Slovenia",4,"Median","4",2097,0,0,0
705,"Slovenia",4,"Median","5",2097,0,0,0
705,"Slovenia",4,"Median","6",2097,0,0,0
705,"Slovenia",4,"Median","7",2097,0,0,0
705,"Slovenia",4,"Median","8",2097,0,0,0
705,"Slovenia",4,"Median","9",2097,0,0,0
705,"Slovenia",4,"Median","10",2097,0,0,0
705,"Slovenia",4,"Median","11",2097,0,0,0
705,"Slovenia",4,"Median","12",2097,0,0,0
705,"Slovenia",4,"Median","13",2097,0,0,0
705,"Slovenia",4,"Median","14",2097,0,0,0
705,"Slovenia",4,"Median","15",2097,0,0,0
705,"Slovenia",4,"Median","16",2097,0,0,1
705,"Slovenia",4,"Median","17",2097,1,0,1
705,"Slovenia",4,"Median","18",2097,1,0,1
705,"Slovenia",4,"Median","19",2097,1,0,2
705,"Slovenia",4,"Median","20",2097,1,0,1
705,"Slovenia",4,"Median","21",2097,1,0,1
705,"Slovenia",4,"Median","22",2097,1,0,1
705,"Slovenia",4,"Median","23",2097,1,0,2
705,"Slovenia",4,"Median","24",2097,1,0,2
705,"Slovenia",4,"Median","25",2097,1,0,2
705,"Slovenia",4,"Median","26",2097,1,0,2
705,"Slovenia",4,"Median","27",2097,1,0,2
705,"Slovenia",4,"Median","28",2097,1,0,2
705,"Slovenia",4,"Median","29",2097,2,0,2
705,"Slovenia",4,"Median","30",2097,2,0,2
705,"Slovenia",4,"Median","31",2097,2,0,2
705,"Slovenia",4,"Median","32",2097,2,0,2
705,"Slovenia",4,"Median","33",2097,2,0,2
705,"Slovenia",4,"Median","34",2097,2,1,2
705,"Slovenia",4,"Median","35",2097,2,1,2
705,"Slovenia",4,"Median","36",2097,2,1,2
705,"Slovenia",4,"Median","37",2097,2,1,3
705,"Slovenia",4,"Median","38",2097,3,1,4
705,"Slovenia",4,"Median","39",2097,3,1,4
705,"Slovenia",4,"Median","40",2097,3,1,3
705,"Slovenia",4,"Median","41",2097,3,1,4
705,"Slovenia",4,"Median","42",2097,3,1,4
705,"Slovenia",4,"Median","43",2097,4,1,5
705,"Slovenia",4,"Median","44",2097,4,2,6
705,"Slovenia",4,"Median","45",2097,5,2,7
705,"Slovenia",4,"Median","46",2097,5,2,8
705,"Slovenia",4,"Median","47",2097,6,2,8
705,"Slovenia",4,"Median","48",2097,7,3,9
705,"Slovenia",4,"Median","49",2097,8,3,12
705,"Slovenia",4,"Median","50",2097,11,4,15
705,"Slovenia",4,"Median","51",2097,13,5,18
705,"Slovenia",4,"Median","52",2097,14,5,19
705,"Slovenia",4,"Median","53",2097,14,5,20
705,"Slovenia",4,"Median","54",2097,16,6,22
705,"Slovenia",4,"Median","55",2097,19,6,25
705,"Slovenia",4,"Median","56",2097,21,7,28
705,"Slovenia",4,"Median","57",2097,23,8,31
705,"Slovenia",4,"Median","58",2097,26,9,35
705,"Slovenia",4,"Median","59",2097,28,10,38
705,"Slovenia",4,"Median","60",2097,31,11,42
705,"Slovenia",4,"Median","61",2097,34,12,47
705,"Slovenia",4,"Median","62",2097,38,14,52
705,"Slovenia",4,"Median","63",2097,39,14,53
705,"Slovenia",4,"Median","64",2097,39,13,52
705,"Slovenia",4,"Median","65",2097,40,14,54
705,"Slovenia",4,"Median","66",2097,43,15,58
705,"Slovenia",4,"Median","67",2097,46,16,61
705,"Slovenia",4,"Median","68",2097,47,16,63
705,"Slovenia",4,"Median","69",2097,48,16,65
705,"Slovenia",4,"Median","70",2097,51,18,70
705,"Slovenia",4,"Median","71",2097,55,20,75
705,"Slovenia",4,"Median","72",2097,59,21,81
705,"Slovenia",4,"Median","73",2097,67,24,91
705,"Slovenia",4,"Median","74",2097,82,32,114
705,"Slovenia",4,"Median","75",2097,109,47,156
705,"Slovenia",4,"Median","76",2097,140,64,204
705,"Slovenia",4,"Median","77",2097,160,76,236
705,"Slovenia",4,"Median","78",2097,178,87,264
705,"Slovenia",4,"Median","79",2097,202,102,303
705,"Slovenia",4,"Median","80",2097,228,122,350
705,"Slovenia",4,"Median","81",2097,253,141,394
705,"Slovenia",4,"Median","82",2097,282,162,444
705,"Slovenia",4,"Median","83",2097,311,187,498
705,"Slovenia",4,"Median","84",2097,347,218,564
705,"Slovenia",4,"Median","85",2097,384,251,635
705,"Slovenia",4,"Median","86",2097,417,287,704
705,"Slovenia",4,"Median","87",2097,449,320,768
705,"Slovenia",4,"Median","88",2097,470,355,825
705,"Slovenia",4,"Median","89",2097,476,380,856
705,"Slovenia",4,"Median","90",2097,468,385,853
705,"Slovenia",4,"Median","91",2097,458,394,852
705,"Slovenia",4,"Median","92",2097,443,407,850
705,"Slovenia",4,"Median","93",2097,424,409,833
705,"Slovenia",4,"Median","94",2097,404,405,810
705,"Slovenia",4,"Median","95",2097,387,408,795
705,"Slovenia",4,"Median","96",2097,377,417,794
705,"Slovenia",4,"Median","97",2097,356,410,766
705,"Slovenia",4,"Median","98",2097,324,382,706
705,"Slovenia",4,"Median","99",2097,295,363,658
705,"Slovenia",4,"Median","100",2097,128,150,278
705,"Slovenia",4,"Median","101",2097,122,149,271
705,"Slovenia",4,"Median","102",2097,116,149,265
705,"Slovenia",4,"Median","103",2097,111,148,259
705,"Slovenia",4,"Median","104",2097,105,148,253
705,"Slovenia",4,"Median","105",2097,100,147,247
705,"Slovenia",4,"Median","106",2097,95,147,242
705,"Slovenia",4,"Median","107",2097,91,146,237
705,"Slovenia",4,"Median","108",2097,87,145,232
705,"Slovenia",4,"Median","109",2097,82,145,227
705,"Slovenia",4,"Median","110",2097,79,144,223
705,"Slovenia",4,"Median","0",2098,2,2,4
705,"Slovenia",4,"Median","1",2098,0,0,1
705,"Slovenia",4,"Median","2",2098,0,0,0
705,"Slovenia",4,"Median","3",2098,0,0,0
705,"Slovenia",4,"Median","4",2098,0,0,0
705,"Slovenia",4,"Median","5",2098,0,0,0
705,"Slovenia",4,"Median","6",2098,0,0,0
705,"Slovenia",4,"Median","7",2098,0,0,0
705,"Slovenia",4,"Median","8",2098,0,0,0
705,"Slovenia",4,"Median","9",2098,0,0,0
705,"Slovenia",4,"Median","10",2098,0,0,0
705,"Slovenia",4,"Median","11",2098,0,0,0
705,"Slovenia",4,"Median","12",2098,0,0,0
705,"Slovenia",4,"Median","13",2098,0,0,0
705,"Slovenia",4,"Median","14",2098,0,0,0
705,"Slovenia",4,"Median","15",2098,0,0,0
705,"Slovenia",4,"Median","16",2098,0,0,1
705,"Slovenia",4,"Median","17",2098,1,0,1
705,"Slovenia",4,"Median","18",2098,1,0,1
705,"Slovenia",4,"Median","19",2098,1,0,2
705,"Slovenia",4,"Median","20",2098,1,0,1
705,"Slovenia",4,"Median","21",2098,1,0,1
705,"Slovenia",4,"Median","22",2098,1,0,1
705,"Slovenia",4,"Median","23",2098,1,0,2
705,"Slovenia",4,"Median","24",2098,1,0,2
705,"Slovenia",4,"Median","25",2098,1,0,2
705,"Slovenia",4,"Median","26",2098,1,0,2
705,"Slovenia",4,"Median","27",2098,1,0,2
705,"Slovenia",4,"Median","28",2098,1,0,2
705,"Slovenia",4,"Median","29",2098,2,0,2
705,"Slovenia",4,"Median","30",2098,2,0,2
705,"Slovenia",4,"Median","31",2098,2,0,2
705,"Slovenia",4,"Median","32",2098,2,0,2
705,"Slovenia",4,"Median","33",2098,2,0,2
705,"Slovenia",4,"Median","34",2098,2,1,2
705,"Slovenia",4,"Median","35",2098,2,1,2
705,"Slovenia",4,"Median","36",2098,2,1,2
705,"Slovenia",4,"Median","37",2098,2,1,3
705,"Slovenia",4,"Median","38",2098,3,1,4
705,"Slovenia",4,"Median","39",2098,3,1,4
705,"Slovenia",4,"Median","40",2098,3,1,3
705,"Slovenia",4,"Median","41",2098,3,1,4
705,"Slovenia",4,"Median","42",2098,3,1,4
705,"Slovenia",4,"Median","43",2098,4,1,5
705,"Slovenia",4,"Median","44",2098,4,2,6
705,"Slovenia",4,"Median","45",2098,5,2,7
705,"Slovenia",4,"Median","46",2098,5,2,7
705,"Slovenia",4,"Median","47",2098,6,2,8
705,"Slovenia",4,"Median","48",2098,7,2,9
705,"Slovenia",4,"Median","49",2098,8,3,11
705,"Slovenia",4,"Median","50",2098,11,4,14
705,"Slovenia",4,"Median","51",2098,13,5,17
705,"Slovenia",4,"Median","52",2098,14,5,19
705,"Slovenia",4,"Median","53",2098,14,5,19
705,"Slovenia",4,"Median","54",2098,16,6,22
705,"Slovenia",4,"Median","55",2098,18,6,24
705,"Slovenia",4,"Median","56",2098,21,7,28
705,"Slovenia",4,"Median","57",2098,23,8,31
705,"Slovenia",4,"Median","58",2098,26,9,35
705,"Slovenia",4,"Median","59",2098,28,10,38
705,"Slovenia",4,"Median","60",2098,31,11,42
705,"Slovenia",4,"Median","61",2098,34,12,46
705,"Slovenia",4,"Median","62",2098,38,14,51
705,"Slovenia",4,"Median","63",2098,39,14,52
705,"Slovenia",4,"Median","64",2098,39,13,52
705,"Slovenia",4,"Median","65",2098,39,14,53
705,"Slovenia",4,"Median","66",2098,42,15,57
705,"Slovenia",4,"Median","67",2098,45,15,60
705,"Slovenia",4,"Median","68",2098,46,15,61
705,"Slovenia",4,"Median","69",2098,47,16,63
705,"Slovenia",4,"Median","70",2098,50,18,67
705,"Slovenia",4,"Median","71",2098,53,19,72
705,"Slovenia",4,"Median","72",2098,57,20,78
705,"Slovenia",4,"Median","73",2098,64,23,87
705,"Slovenia",4,"Median","74",2098,80,31,111
705,"Slovenia",4,"Median","75",2098,104,44,148
705,"Slovenia",4,"Median","76",2098,136,62,198
705,"Slovenia",4,"Median","77",2098,158,74,232
705,"Slovenia",4,"Median","78",2098,171,84,255
705,"Slovenia",4,"Median","79",2098,195,98,293
705,"Slovenia",4,"Median","80",2098,224,117,341
705,"Slovenia",4,"Median","81",2098,250,138,387
705,"Slovenia",4,"Median","82",2098,274,158,433
705,"Slovenia",4,"Median","83",2098,307,182,489
705,"Slovenia",4,"Median","84",2098,338,211,549
705,"Slovenia",4,"Median","85",2098,374,244,617
705,"Slovenia",4,"Median","86",2098,411,280,691
705,"Slovenia",4,"Median","87",2098,445,318,763
705,"Slovenia",4,"Median","88",2098,475,353,828
705,"Slovenia",4,"Median","89",2098,493,389,882
705,"Slovenia",4,"Median","90",2098,494,413,907
705,"Slovenia",4,"Median","91",2098,481,415,896
705,"Slovenia",4,"Median","92",2098,465,420,885
705,"Slovenia",4,"Median","93",2098,444,428,872
705,"Slovenia",4,"Median","94",2098,418,424,842
705,"Slovenia",4,"Median","95",2098,392,413,805
705,"Slovenia",4,"Median","96",2098,368,408,776
705,"Slovenia",4,"Median","97",2098,351,408,759
705,"Slovenia",4,"Median","98",2098,324,392,716
705,"Slovenia",4,"Median","99",2098,287,356,643
705,"Slovenia",4,"Median","100",2098,134,155,289
705,"Slovenia",4,"Median","101",2098,126,154,280
705,"Slovenia",4,"Median","102",2098,119,152,271
705,"Slovenia",4,"Median","103",2098,112,150,262
705,"Slovenia",4,"Median","104",2098,106,148,254
705,"Slovenia",4,"Median","105",2098,100,146,246
705,"Slovenia",4,"Median","106",2098,94,144,238
705,"Slovenia",4,"Median","107",2098,89,142,231
705,"Slovenia",4,"Median","108",2098,84,141,225
705,"Slovenia",4,"Median","109",2098,79,139,218
705,"Slovenia",4,"Median","110",2098,74,137,211
705,"Slovenia",4,"Median","0",2099,2,2,4
705,"Slovenia",4,"Median","1",2099,0,0,1
705,"Slovenia",4,"Median","2",2099,0,0,0
705,"Slovenia",4,"Median","3",2099,0,0,0
705,"Slovenia",4,"Median","4",2099,0,0,0
705,"Slovenia",4,"Median","5",2099,0,0,0
705,"Slovenia",4,"Median","6",2099,0,0,0
705,"Slovenia",4,"Median","7",2099,0,0,0
705,"Slovenia",4,"Median","8",2099,0,0,0
705,"Slovenia",4,"Median","9",2099,0,0,0
705,"Slovenia",4,"Median","10",2099,0,0,0
705,"Slovenia",4,"Median","11",2099,0,0,0
705,"Slovenia",4,"Median","12",2099,0,0,0
705,"Slovenia",4,"Median","13",2099,0,0,0
705,"Slovenia",4,"Median","14",2099,0,0,0
705,"Slovenia",4,"Median","15",2099,0,0,0
705,"Slovenia",4,"Median","16",2099,0,0,0
705,"Slovenia",4,"Median","17",2099,1,0,1
705,"Slovenia",4,"Median","18",2099,1,0,1
705,"Slovenia",4,"Median","19",2099,1,0,2
705,"Slovenia",4,"Median","20",2099,1,0,1
705,"Slovenia",4,"Median","21",2099,1,0,1
705,"Slovenia",4,"Median","22",2099,1,0,1
705,"Slovenia",4,"Median","23",2099,1,0,2
705,"Slovenia",4,"Median","24",2099,1,0,2
705,"Slovenia",4,"Median","25",2099,1,0,2
705,"Slovenia",4,"Median","26",2099,1,0,2
705,"Slovenia",4,"Median","27",2099,1,0,2
705,"Slovenia",4,"Median","28",2099,1,0,2
705,"Slovenia",4,"Median","29",2099,2,0,2
705,"Slovenia",4,"Median","30",2099,2,0,2
705,"Slovenia",4,"Median","31",2099,2,0,2
705,"Slovenia",4,"Median","32",2099,2,0,2
705,"Slovenia",4,"Median","33",2099,2,0,2
705,"Slovenia",4,"Median","34",2099,2,1,2
705,"Slovenia",4,"Median","35",2099,2,1,2
705,"Slovenia",4,"Median","36",2099,2,1,2
705,"Slovenia",4,"Median","37",2099,2,1,3
705,"Slovenia",4,"Median","38",2099,3,1,4
705,"Slovenia",4,"Median","39",2099,3,1,4
705,"Slovenia",4,"Median","40",2099,3,1,3
705,"Slovenia",4,"Median","41",2099,3,1,4
705,"Slovenia",4,"Median","42",2099,3,1,4
705,"Slovenia",4,"Median","43",2099,4,1,5
705,"Slovenia",4,"Median","44",2099,4,2,6
705,"Slovenia",4,"Median","45",2099,5,2,6
705,"Slovenia",4,"Median","46",2099,5,2,7
705,"Slovenia",4,"Median","47",2099,6,2,8
705,"Slovenia",4,"Median","48",2099,7,2,9
705,"Slovenia",4,"Median","49",2099,8,3,11
705,"Slovenia",4,"Median","50",2099,10,4,14
705,"Slovenia",4,"Median","51",2099,12,5,17
705,"Slovenia",4,"Median","52",2099,13,5,18
705,"Slovenia",4,"Median","53",2099,14,5,19
705,"Slovenia",4,"Median","54",2099,16,5,21
705,"Slovenia",4,"Median","55",2099,18,6,24
705,"Slovenia",4,"Median","56",2099,21,7,27
705,"Slovenia",4,"Median","57",2099,23,8,31
705,"Slovenia",4,"Median","58",2099,25,9,34
705,"Slovenia",4,"Median","59",2099,28,10,38
705,"Slovenia",4,"Median","60",2099,31,11,42
705,"Slovenia",4,"Median","61",2099,34,12,46
705,"Slovenia",4,"Median","62",2099,37,14,51
705,"Slovenia",4,"Median","63",2099,39,14,52
705,"Slovenia",4,"Median","64",2099,38,13,51
705,"Slovenia",4,"Median","65",2099,39,14,53
705,"Slovenia",4,"Median","66",2099,42,15,57
705,"Slovenia",4,"Median","67",2099,44,15,59
705,"Slovenia",4,"Median","68",2099,45,15,60
705,"Slovenia",4,"Median","69",2099,46,15,61
705,"Slovenia",4,"Median","70",2099,49,17,66
705,"Slovenia",4,"Median","71",2099,52,18,70
705,"Slovenia",4,"Median","72",2099,56,19,75
705,"Slovenia",4,"Median","73",2099,62,22,84
705,"Slovenia",4,"Median","74",2099,77,30,107
705,"Slovenia",4,"Median","75",2099,101,43,143
705,"Slovenia",4,"Median","76",2099,130,58,188
705,"Slovenia",4,"Median","77",2099,153,71,224
705,"Slovenia",4,"Median","78",2099,169,81,250
705,"Slovenia",4,"Median","79",2099,188,94,282
705,"Slovenia",4,"Median","80",2099,216,112,329
705,"Slovenia",4,"Median","81",2099,245,132,377
705,"Slovenia",4,"Median","82",2099,272,154,426
705,"Slovenia",4,"Median","83",2099,299,178,477
705,"Slovenia",4,"Median","84",2099,334,205,538
705,"Slovenia",4,"Median","85",2099,365,235,600
705,"Slovenia",4,"Median","86",2099,401,271,671
705,"Slovenia",4,"Median","87",2099,439,310,749
705,"Slovenia",4,"Median","88",2099,471,350,822
705,"Slovenia",4,"Median","89",2099,499,386,885
705,"Slovenia",4,"Median","90",2099,513,423,935
705,"Slovenia",4,"Median","91",2099,509,444,953
705,"Slovenia",4,"Median","92",2099,490,442,931
705,"Slovenia",4,"Median","93",2099,467,441,908
705,"Slovenia",4,"Median","94",2099,438,443,881
705,"Slovenia",4,"Median","95",2099,406,431,837
705,"Slovenia",4,"Median","96",2099,373,413,786
705,"Slovenia",4,"Median","97",2099,343,399,742
705,"Slovenia",4,"Median","98",2099,319,390,710
705,"Slovenia",4,"Median","99",2099,288,365,653
705,"Slovenia",4,"Median","100",2099,138,159,297
705,"Slovenia",4,"Median","101",2099,129,156,285
705,"Slovenia",4,"Median","102",2099,120,153,273
705,"Slovenia",4,"Median","103",2099,113,150,263
705,"Slovenia",4,"Median","104",2099,105,147,252
705,"Slovenia",4,"Median","105",2099,99,145,244
705,"Slovenia",4,"Median","106",2099,92,142,234
705,"Slovenia",4,"Median","107",2099,86,140,226
705,"Slovenia",4,"Median","108",2099,81,137,218
705,"Slovenia",4,"Median","109",2099,76,135,211
705,"Slovenia",4,"Median","110",2099,71,132,203
705,"Slovenia",4,"Median","0",2100,2,1,4
705,"Slovenia",4,"Median","1",2100,0,0,1
705,"Slovenia",4,"Median","2",2100,0,0,0
705,"Slovenia",4,"Median","3",2100,0,0,0
705,"Slovenia",4,"Median","4",2100,0,0,0
705,"Slovenia",4,"Median","5",2100,0,0,0
705,"Slovenia",4,"Median","6",2100,0,0,0
705,"Slovenia",4,"Median","7",2100,0,0,0
705,"Slovenia",4,"Median","8",2100,0,0,0
705,"Slovenia",4,"Median","9",2100,0,0,0
705,"Slovenia",4,"Median","10",2100,0,0,0
705,"Slovenia",4,"Median","11",2100,0,0,0
705,"Slovenia",4,"Median","12",2100,0,0,0
705,"Slovenia",4,"Median","13",2100,0,0,0
705,"Slovenia",4,"Median","14",2100,0,0,0
705,"Slovenia",4,"Median","15",2100,0,0,0
705,"Slovenia",4,"Median","16",2100,0,0,0
705,"Slovenia",4,"Median","17",2100,1,0,1
705,"Slovenia",4,"Median","18",2100,1,0,1
705,"Slovenia",4,"Median","19",2100,1,0,2
705,"Slovenia",4,"Median","20",2100,1,0,1
705,"Slovenia",4,"Median","21",2100,1,0,1
705,"Slovenia",4,"Median","22",2100,1,0,1
705,"Slovenia",4,"Median","23",2100,1,0,2
705,"Slovenia",4,"Median","24",2100,1,0,2
705,"Slovenia",4,"Median","25",2100,1,0,2
705,"Slovenia",4,"Median","26",2100,1,0,2
705,"Slovenia",4,"Median","27",2100,1,0,2
705,"Slovenia",4,"Median","28",2100,1,0,2
705,"Slovenia",4,"Median","29",2100,2,0,2
705,"Slovenia",4,"Median","30",2100,2,0,2
705,"Slovenia",4,"Median","31",2100,2,0,2
705,"Slovenia",4,"Median","32",2100,2,0,2
705,"Slovenia",4,"Median","33",2100,2,0,2
705,"Slovenia",4,"Median","34",2100,2,1,2
705,"Slovenia",4,"Median","35",2100,2,1,2
705,"Slovenia",4,"Median","36",2100,2,1,2
705,"Slovenia",4,"Median","37",2100,2,1,3
705,"Slovenia",4,"Median","38",2100,3,1,4
705,"Slovenia",4,"Median","39",2100,3,1,4
705,"Slovenia",4,"Median","40",2100,2,1,3
705,"Slovenia",4,"Median","41",2100,3,1,3
705,"Slovenia",4,"Median","42",2100,3,1,4
705,"Slovenia",4,"Median","43",2100,4,1,5
705,"Slovenia",4,"Median","44",2100,4,2,5
705,"Slovenia",4,"Median","45",2100,4,2,6
705,"Slovenia",4,"Median","46",2100,5,2,7
705,"Slovenia",4,"Median","47",2100,6,2,8
705,"Slovenia",4,"Median","48",2100,6,2,9
705,"Slovenia",4,"Median","49",2100,8,3,11
705,"Slovenia",4,"Median","50",2100,10,4,14
705,"Slovenia",4,"Median","51",2100,12,4,17
705,"Slovenia",4,"Median","52",2100,13,5,18
705,"Slovenia",4,"Median","53",2100,14,5,19
705,"Slovenia",4,"Median","54",2100,15,5,21
705,"Slovenia",4,"Median","55",2100,18,6,24
705,"Slovenia",4,"Median","56",2100,20,7,27
705,"Slovenia",4,"Median","57",2100,23,8,30
705,"Slovenia",4,"Median","58",2100,25,9,34
705,"Slovenia",4,"Median","59",2100,28,10,37
705,"Slovenia",4,"Median","60",2100,31,11,41
705,"Slovenia",4,"Median","61",2100,34,12,46
705,"Slovenia",4,"Median","62",2100,37,14,51
705,"Slovenia",4,"Median","63",2100,39,13,52
705,"Slovenia",4,"Median","64",2100,38,13,51
705,"Slovenia",4,"Median","65",2100,39,14,52
705,"Slovenia",4,"Median","66",2100,42,15,56
705,"Slovenia",4,"Median","67",2100,44,15,59
705,"Slovenia",4,"Median","68",2100,44,15,59
705,"Slovenia",4,"Median","69",2100,45,15,60
705,"Slovenia",4,"Median","70",2100,48,16,64
705,"Slovenia",4,"Median","71",2100,50,18,68
705,"Slovenia",4,"Median","72",2100,54,19,73
705,"Slovenia",4,"Median","73",2100,61,21,82
705,"Slovenia",4,"Median","74",2100,75,28,104
705,"Slovenia",4,"Median","75",2100,98,41,139
705,"Slovenia",4,"Median","76",2100,127,56,183
705,"Slovenia",4,"Median","77",2100,147,67,214
705,"Slovenia",4,"Median","78",2100,164,78,242
705,"Slovenia",4,"Median","79",2100,186,92,277
705,"Slovenia",4,"Median","80",2100,210,108,318
705,"Slovenia",4,"Median","81",2100,238,127,365
705,"Slovenia",4,"Median","82",2100,268,148,415
705,"Slovenia",4,"Median","83",2100,297,174,470
705,"Slovenia",4,"Median","84",2100,326,200,526
705,"Slovenia",4,"Median","85",2100,361,229,591
705,"Slovenia",4,"Median","86",2100,392,263,655
705,"Slovenia",4,"Median","87",2100,429,301,730
705,"Slovenia",4,"Median","88",2100,466,343,809
705,"Slovenia",4,"Median","89",2100,497,385,882
705,"Slovenia",4,"Median","90",2100,521,421,941
705,"Slovenia",4,"Median","91",2100,529,456,986
705,"Slovenia",4,"Median","92",2100,519,475,994
705,"Slovenia",4,"Median","93",2100,493,466,958
705,"Slovenia",4,"Median","94",2100,462,459,921
705,"Slovenia",4,"Median","95",2100,427,453,880
705,"Slovenia",4,"Median","96",2100,388,433,821
705,"Slovenia",4,"Median","97",2100,349,406,755
705,"Slovenia",4,"Median","98",2100,313,383,697
705,"Slovenia",4,"Median","99",2100,285,365,650
705,"Slovenia",4,"Median","100",2100,141,161,302
705,"Slovenia",4,"Median","101",2100,131,158,289
705,"Slovenia",4,"Median","102",2100,122,155,277
705,"Slovenia",4,"Median","103",2100,113,151,264
705,"Slovenia",4,"Median","104",2100,105,148,253
705,"Slovenia",4,"Median","105",2100,98,145,243
705,"Slovenia",4,"Median","106",2100,91,142,233
705,"Slovenia",4,"Median","107",2100,85,139,224
705,"Slovenia",4,"Median","108",2100,79,136,215
705,"Slovenia",4,"Median","109",2100,74,133,207
705,"Slovenia",4,"Median","110",2100,68,130,198
