Time,Male,Female
1,0.726671441,0.754784014
2,0.145439758,0.129001295
3,0.127888802,0.11621469
4,0,0
5,0,0
