Time,Male,Female
0,0.244680851,0.23943662
1,0.20212766,0.200704225
2,0.20212766,0.200704225
3,0.175531915,0.179577465
4,0.175531915,0.179577465
