Time,Male,Female
1,0.778737585,0.827314618
2,0.115659145,0.089395372
3,0.105603269,0.08329001
4,0,0
5,0,0
