Time,Male,Female
0,0.230769231,0.235294118
1,0.205128205,0.205882353
2,0.205128205,0.205882353
3,0.179487179,0.176470588
4,0.179487179,0.176470588
