Time,Male,Female
1,0.697998571,0.70666008
2,0.162866548,0.157336152
3,0.139134882,0.136003767
4,0,0
5,0,0
