Time,Male,Female
0,0.26984127,0.253846154
1,0.206349206,0.207692308
2,0.206349206,0.207692308
3,0.158730159,0.165384615
4,0.158730159,0.165384615
