"location_id","location","disease","time","age_group_id","age_group","age","is_filled","gender_id","gender","measure_id","measure","mean","lower","upper","disease_clean"
380,"Italy","Esophageal cancer",2023,6,"5-9 years",5,TRUE,1,"Male",5,"prevalence",0,0,0,"esophageal cancer"
380,"Italy","Esophageal cancer",2023,6,"5-9 years",5,TRUE,1,"Male",6,"incidence",0,0,0,"esophageal cancer"
380,"Italy","Esophageal cancer",2023,6,"5-9 years",5,TRUE,1,"Male",15,"mortality",0,0,0,"esophageal cancer"
380,"Italy","Esophageal cancer",2023,6,"5-9 years",5,TRUE,1,"Male",7,"remission",0,0,0,"esophageal cancer"
380,"Italy","Esophageal cancer",2023,6,"5-9 years",6,TRUE,1,"Male",5,"prevalence",0,0,0,"esophageal cancer"
380,"Italy","Esophageal cancer",2023,6,"5-9 years",6,TRUE,1,"Male",6,"incidence",0,0,0,"esophageal cancer"
380,"Italy","Esophageal cancer",2023,6,"5-9 years",6,TRUE,1,"Male",15,"mortality",0,0,0,"esophageal cancer"
380,"Italy","Esophageal cancer",2023,6,"5-9 years",6,TRUE,1,"Male",7,"remission",0,0,0,"esophageal cancer"
380,"Italy","Esophageal cancer",2023,6,"5-9 years",7,TRUE,1,"Male",5,"prevalence",0,0,0,"esophageal cancer"
380,"Italy","Esophageal cancer",2023,6,"5-9 years",7,TRUE,1,"Male",6,"incidence",0,0,0,"esophageal cancer"
380,"Italy","Esophageal cancer",2023,6,"5-9 years",7,TRUE,1,"Male",15,"mortality",0,0,0,"esophageal cancer"
380,"Italy","Esophageal cancer",2023,6,"5-9 years",7,TRUE,1,"Male",7,"remission",0,0,0,"esophageal cancer"
380,"Italy","Esophageal cancer",2023,6,"5-9 years",8,TRUE,1,"Male",5,"prevalence",0,0,0,"esophageal cancer"
380,"Italy","Esophageal cancer",2023,6,"5-9 years",8,TRUE,1,"Male",6,"incidence",0,0,0,"esophageal cancer"
380,"Italy","Esophageal cancer",2023,6,"5-9 years",8,TRUE,1,"Male",15,"mortality",0,0,0,"esophageal cancer"
380,"Italy","Esophageal cancer",2023,6,"5-9 years",8,TRUE,1,"Male",7,"remission",0,0,0,"esophageal cancer"
380,"Italy","Esophageal cancer",2023,6,"5-9 years",9,TRUE,1,"Male",5,"prevalence",0,0,0,"esophageal cancer"
380,"Italy","Esophageal cancer",2023,6,"5-9 years",9,TRUE,1,"Male",6,"incidence",0,0,0,"esophageal cancer"
380,"Italy","Esophageal cancer",2023,6,"5-9 years",9,TRUE,1,"Male",15,"mortality",0,0,0,"esophageal cancer"
380,"Italy","Esophageal cancer",2023,6,"5-9 years",9,TRUE,1,"Male",7,"remission",0,0,0,"esophageal cancer"
380,"Italy","Esophageal cancer",2023,6,"5-9 years",5,TRUE,2,"Female",5,"prevalence",0,0,0,"esophageal cancer"
380,"Italy","Esophageal cancer",2023,6,"5-9 years",5,TRUE,2,"Female",6,"incidence",0,0,0,"esophageal cancer"
380,"Italy","Esophageal cancer",2023,6,"5-9 years",5,TRUE,2,"Female",15,"mortality",0,0,0,"esophageal cancer"
380,"Italy","Esophageal cancer",2023,6,"5-9 years",5,TRUE,2,"Female",7,"remission",0,0,0,"esophageal cancer"
380,"Italy","Esophageal cancer",2023,6,"5-9 years",6,TRUE,2,"Female",5,"prevalence",0,0,0,"esophageal cancer"
380,"Italy","Esophageal cancer",2023,6,"5-9 years",6,TRUE,2,"Female",6,"incidence",0,0,0,"esophageal cancer"
380,"Italy","Esophageal cancer",2023,6,"5-9 years",6,TRUE,2,"Female",15,"mortality",0,0,0,"esophageal cancer"
380,"Italy","Esophageal cancer",2023,6,"5-9 years",6,TRUE,2,"Female",7,"remission",0,0,0,"esophageal cancer"
380,"Italy","Esophageal cancer",2023,6,"5-9 years",7,TRUE,2,"Female",5,"prevalence",0,0,0,"esophageal cancer"
380,"Italy","Esophageal cancer",2023,6,"5-9 years",7,TRUE,2,"Female",6,"incidence",0,0,0,"esophageal cancer"
380,"Italy","Esophageal cancer",2023,6,"5-9 years",7,TRUE,2,"Female",15,"mortality",0,0,0,"esophageal cancer"
380,"Italy","Esophageal cancer",2023,6,"5-9 years",7,TRUE,2,"Female",7,"remission",0,0,0,"esophageal cancer"
380,"Italy","Esophageal cancer",2023,6,"5-9 years",8,TRUE,2,"Female",5,"prevalence",0,0,0,"esophageal cancer"
380,"Italy","Esophageal cancer",2023,6,"5-9 years",8,TRUE,2,"Female",6,"incidence",0,0,0,"esophageal cancer"
380,"Italy","Esophageal cancer",2023,6,"5-9 years",8,TRUE,2,"Female",15,"mortality",0,0,0,"esophageal cancer"
380,"Italy","Esophageal cancer",2023,6,"5-9 years",8,TRUE,2,"Female",7,"remission",0,0,0,"esophageal cancer"
380,"Italy","Esophageal cancer",2023,6,"5-9 years",9,TRUE,2,"Female",5,"prevalence",0,0,0,"esophageal cancer"
380,"Italy","Esophageal cancer",2023,6,"5-9 years",9,TRUE,2,"Female",6,"incidence",0,0,0,"esophageal cancer"
380,"Italy","Esophageal cancer",2023,6,"5-9 years",9,TRUE,2,"Female",15,"mortality",0,0,0,"esophageal cancer"
380,"Italy","Esophageal cancer",2023,6,"5-9 years",9,TRUE,2,"Female",7,"remission",0,0,0,"esophageal cancer"
380,"Italy","Esophageal cancer",2023,7,"10-14 years",10,TRUE,1,"Male",5,"prevalence",0,0,0,"esophageal cancer"
380,"Italy","Esophageal cancer",2023,7,"10-14 years",10,TRUE,1,"Male",6,"incidence",0,0,0,"esophageal cancer"
380,"Italy","Esophageal cancer",2023,7,"10-14 years",10,TRUE,1,"Male",15,"mortality",0,0,0,"esophageal cancer"
380,"Italy","Esophageal cancer",2023,7,"10-14 years",10,TRUE,1,"Male",7,"remission",0,0,0,"esophageal cancer"
380,"Italy","Esophageal cancer",2023,7,"10-14 years",11,TRUE,1,"Male",5,"prevalence",0,0,0,"esophageal cancer"
380,"Italy","Esophageal cancer",2023,7,"10-14 years",11,TRUE,1,"Male",6,"incidence",0,0,0,"esophageal cancer"
380,"Italy","Esophageal cancer",2023,7,"10-14 years",11,TRUE,1,"Male",15,"mortality",0,0,0,"esophageal cancer"
380,"Italy","Esophageal cancer",2023,7,"10-14 years",11,TRUE,1,"Male",7,"remission",0,0,0,"esophageal cancer"
380,"Italy","Esophageal cancer",2023,7,"10-14 years",12,TRUE,1,"Male",5,"prevalence",0,0,0,"esophageal cancer"
380,"Italy","Esophageal cancer",2023,7,"10-14 years",12,TRUE,1,"Male",6,"incidence",0,0,0,"esophageal cancer"
380,"Italy","Esophageal cancer",2023,7,"10-14 years",12,TRUE,1,"Male",15,"mortality",0,0,0,"esophageal cancer"
380,"Italy","Esophageal cancer",2023,7,"10-14 years",12,TRUE,1,"Male",7,"remission",0,0,0,"esophageal cancer"
380,"Italy","Esophageal cancer",2023,7,"10-14 years",13,TRUE,1,"Male",5,"prevalence",0,0,0,"esophageal cancer"
380,"Italy","Esophageal cancer",2023,7,"10-14 years",13,TRUE,1,"Male",6,"incidence",0,0,0,"esophageal cancer"
380,"Italy","Esophageal cancer",2023,7,"10-14 years",13,TRUE,1,"Male",15,"mortality",0,0,0,"esophageal cancer"
380,"Italy","Esophageal cancer",2023,7,"10-14 years",13,TRUE,1,"Male",7,"remission",0,0,0,"esophageal cancer"
380,"Italy","Esophageal cancer",2023,7,"10-14 years",14,TRUE,1,"Male",5,"prevalence",0,0,0,"esophageal cancer"
380,"Italy","Esophageal cancer",2023,7,"10-14 years",14,TRUE,1,"Male",6,"incidence",0,0,0,"esophageal cancer"
380,"Italy","Esophageal cancer",2023,7,"10-14 years",14,TRUE,1,"Male",15,"mortality",0,0,0,"esophageal cancer"
380,"Italy","Esophageal cancer",2023,7,"10-14 years",14,TRUE,1,"Male",7,"remission",0,0,0,"esophageal cancer"
380,"Italy","Esophageal cancer",2023,7,"10-14 years",10,TRUE,2,"Female",5,"prevalence",0,0,0,"esophageal cancer"
380,"Italy","Esophageal cancer",2023,7,"10-14 years",10,TRUE,2,"Female",6,"incidence",0,0,0,"esophageal cancer"
380,"Italy","Esophageal cancer",2023,7,"10-14 years",10,TRUE,2,"Female",15,"mortality",0,0,0,"esophageal cancer"
380,"Italy","Esophageal cancer",2023,7,"10-14 years",10,TRUE,2,"Female",7,"remission",0,0,0,"esophageal cancer"
380,"Italy","Esophageal cancer",2023,7,"10-14 years",11,TRUE,2,"Female",5,"prevalence",0,0,0,"esophageal cancer"
380,"Italy","Esophageal cancer",2023,7,"10-14 years",11,TRUE,2,"Female",6,"incidence",0,0,0,"esophageal cancer"
380,"Italy","Esophageal cancer",2023,7,"10-14 years",11,TRUE,2,"Female",15,"mortality",0,0,0,"esophageal cancer"
380,"Italy","Esophageal cancer",2023,7,"10-14 years",11,TRUE,2,"Female",7,"remission",0,0,0,"esophageal cancer"
380,"Italy","Esophageal cancer",2023,7,"10-14 years",12,TRUE,2,"Female",5,"prevalence",0,0,0,"esophageal cancer"
380,"Italy","Esophageal cancer",2023,7,"10-14 years",12,TRUE,2,"Female",6,"incidence",0,0,0,"esophageal cancer"
380,"Italy","Esophageal cancer",2023,7,"10-14 years",12,TRUE,2,"Female",15,"mortality",0,0,0,"esophageal cancer"
380,"Italy","Esophageal cancer",2023,7,"10-14 years",12,TRUE,2,"Female",7,"remission",0,0,0,"esophageal cancer"
380,"Italy","Esophageal cancer",2023,7,"10-14 years",13,TRUE,2,"Female",5,"prevalence",0,0,0,"esophageal cancer"
380,"Italy","Esophageal cancer",2023,7,"10-14 years",13,TRUE,2,"Female",6,"incidence",0,0,0,"esophageal cancer"
380,"Italy","Esophageal cancer",2023,7,"10-14 years",13,TRUE,2,"Female",15,"mortality",0,0,0,"esophageal cancer"
380,"Italy","Esophageal cancer",2023,7,"10-14 years",13,TRUE,2,"Female",7,"remission",0,0,0,"esophageal cancer"
380,"Italy","Esophageal cancer",2023,7,"10-14 years",14,TRUE,2,"Female",5,"prevalence",0,0,0,"esophageal cancer"
380,"Italy","Esophageal cancer",2023,7,"10-14 years",14,TRUE,2,"Female",6,"incidence",0,0,0,"esophageal cancer"
380,"Italy","Esophageal cancer",2023,7,"10-14 years",14,TRUE,2,"Female",15,"mortality",0,0,0,"esophageal cancer"
380,"Italy","Esophageal cancer",2023,7,"10-14 years",14,TRUE,2,"Female",7,"remission",0,0,0,"esophageal cancer"
380,"Italy","Esophageal cancer",2023,8,"15-19 years",15,TRUE,1,"Male",5,"prevalence",0,0,0,"esophageal cancer"
380,"Italy","Esophageal cancer",2023,8,"15-19 years",15,TRUE,1,"Male",6,"incidence",0,0,0,"esophageal cancer"
380,"Italy","Esophageal cancer",2023,8,"15-19 years",15,TRUE,1,"Male",15,"mortality",0,0,0,"esophageal cancer"
380,"Italy","Esophageal cancer",2023,8,"15-19 years",15,TRUE,1,"Male",7,"remission",0,0,0,"esophageal cancer"
380,"Italy","Esophageal cancer",2023,8,"15-19 years",16,TRUE,1,"Male",5,"prevalence",0,0,0,"esophageal cancer"
380,"Italy","Esophageal cancer",2023,8,"15-19 years",16,TRUE,1,"Male",6,"incidence",0,0,0,"esophageal cancer"
380,"Italy","Esophageal cancer",2023,8,"15-19 years",16,TRUE,1,"Male",15,"mortality",0,0,0,"esophageal cancer"
380,"Italy","Esophageal cancer",2023,8,"15-19 years",16,TRUE,1,"Male",7,"remission",0,0,0,"esophageal cancer"
380,"Italy","Esophageal cancer",2023,8,"15-19 years",17,TRUE,1,"Male",5,"prevalence",0,0,0,"esophageal cancer"
380,"Italy","Esophageal cancer",2023,8,"15-19 years",17,TRUE,1,"Male",6,"incidence",0,0,0,"esophageal cancer"
380,"Italy","Esophageal cancer",2023,8,"15-19 years",17,TRUE,1,"Male",15,"mortality",0,0,0,"esophageal cancer"
380,"Italy","Esophageal cancer",2023,8,"15-19 years",17,TRUE,1,"Male",7,"remission",0,0,0,"esophageal cancer"
380,"Italy","Esophageal cancer",2023,8,"15-19 years",18,TRUE,1,"Male",5,"prevalence",0,0,0,"esophageal cancer"
380,"Italy","Esophageal cancer",2023,8,"15-19 years",18,TRUE,1,"Male",6,"incidence",0,0,0,"esophageal cancer"
380,"Italy","Esophageal cancer",2023,8,"15-19 years",18,TRUE,1,"Male",15,"mortality",0,0,0,"esophageal cancer"
380,"Italy","Esophageal cancer",2023,8,"15-19 years",18,TRUE,1,"Male",7,"remission",0,0,0,"esophageal cancer"
380,"Italy","Esophageal cancer",2023,8,"15-19 years",19,TRUE,1,"Male",5,"prevalence",0,0,0,"esophageal cancer"
380,"Italy","Esophageal cancer",2023,8,"15-19 years",19,TRUE,1,"Male",6,"incidence",0,0,0,"esophageal cancer"
380,"Italy","Esophageal cancer",2023,8,"15-19 years",19,TRUE,1,"Male",15,"mortality",0,0,0,"esophageal cancer"
380,"Italy","Esophageal cancer",2023,8,"15-19 years",19,TRUE,1,"Male",7,"remission",0,0,0,"esophageal cancer"
380,"Italy","Esophageal cancer",2023,8,"15-19 years",15,TRUE,2,"Female",5,"prevalence",0,0,0,"esophageal cancer"
380,"Italy","Esophageal cancer",2023,8,"15-19 years",15,TRUE,2,"Female",6,"incidence",0,0,0,"esophageal cancer"
380,"Italy","Esophageal cancer",2023,8,"15-19 years",15,TRUE,2,"Female",15,"mortality",0,0,0,"esophageal cancer"
380,"Italy","Esophageal cancer",2023,8,"15-19 years",15,TRUE,2,"Female",7,"remission",0,0,0,"esophageal cancer"
380,"Italy","Esophageal cancer",2023,8,"15-19 years",16,TRUE,2,"Female",5,"prevalence",0,0,0,"esophageal cancer"
380,"Italy","Esophageal cancer",2023,8,"15-19 years",16,TRUE,2,"Female",6,"incidence",0,0,0,"esophageal cancer"
380,"Italy","Esophageal cancer",2023,8,"15-19 years",16,TRUE,2,"Female",15,"mortality",0,0,0,"esophageal cancer"
380,"Italy","Esophageal cancer",2023,8,"15-19 years",16,TRUE,2,"Female",7,"remission",0,0,0,"esophageal cancer"
380,"Italy","Esophageal cancer",2023,8,"15-19 years",17,TRUE,2,"Female",5,"prevalence",0,0,0,"esophageal cancer"
380,"Italy","Esophageal cancer",2023,8,"15-19 years",17,TRUE,2,"Female",6,"incidence",0,0,0,"esophageal cancer"
380,"Italy","Esophageal cancer",2023,8,"15-19 years",17,TRUE,2,"Female",15,"mortality",0,0,0,"esophageal cancer"
380,"Italy","Esophageal cancer",2023,8,"15-19 years",17,TRUE,2,"Female",7,"remission",0,0,0,"esophageal cancer"
380,"Italy","Esophageal cancer",2023,8,"15-19 years",18,TRUE,2,"Female",5,"prevalence",0,0,0,"esophageal cancer"
380,"Italy","Esophageal cancer",2023,8,"15-19 years",18,TRUE,2,"Female",6,"incidence",0,0,0,"esophageal cancer"
380,"Italy","Esophageal cancer",2023,8,"15-19 years",18,TRUE,2,"Female",15,"mortality",0,0,0,"esophageal cancer"
380,"Italy","Esophageal cancer",2023,8,"15-19 years",18,TRUE,2,"Female",7,"remission",0,0,0,"esophageal cancer"
380,"Italy","Esophageal cancer",2023,8,"15-19 years",19,TRUE,2,"Female",5,"prevalence",0,0,0,"esophageal cancer"
380,"Italy","Esophageal cancer",2023,8,"15-19 years",19,TRUE,2,"Female",6,"incidence",0,0,0,"esophageal cancer"
380,"Italy","Esophageal cancer",2023,8,"15-19 years",19,TRUE,2,"Female",15,"mortality",0,0,0,"esophageal cancer"
380,"Italy","Esophageal cancer",2023,8,"15-19 years",19,TRUE,2,"Female",7,"remission",0,0,0,"esophageal cancer"
380,"Italy","Esophageal cancer",2023,9,"20-24 years",20,TRUE,1,"Male",5,"prevalence",3.5381669102e-06,2.7873469333e-06,4.5659078806e-06,"esophageal cancer"
380,"Italy","Esophageal cancer",2023,9,"20-24 years",20,TRUE,1,"Male",6,"incidence",5.776615971e-07,4.65300412e-07,7.048958782e-07,"esophageal cancer"
380,"Italy","Esophageal cancer",2023,9,"20-24 years",20,TRUE,1,"Male",15,"mortality",0.0637565030011994,0.06835904503382,0.0589312913943716,"esophageal cancer"
380,"Italy","Esophageal cancer",2023,9,"20-24 years",20,TRUE,1,"Male",7,"remission",0,0,0,"esophageal cancer"
380,"Italy","Esophageal cancer",2023,9,"20-24 years",21,TRUE,1,"Male",5,"prevalence",3.5381669102e-06,2.7873469333e-06,4.5659078806e-06,"esophageal cancer"
380,"Italy","Esophageal cancer",2023,9,"20-24 years",21,TRUE,1,"Male",6,"incidence",5.776615971e-07,4.65300412e-07,7.048958782e-07,"esophageal cancer"
380,"Italy","Esophageal cancer",2023,9,"20-24 years",21,TRUE,1,"Male",15,"mortality",0.0637565030011994,0.06835904503382,0.0589312913943716,"esophageal cancer"
380,"Italy","Esophageal cancer",2023,9,"20-24 years",21,TRUE,1,"Male",7,"remission",0,0,0,"esophageal cancer"
380,"Italy","Esophageal cancer",2023,9,"20-24 years",22,TRUE,1,"Male",5,"prevalence",3.5381669102e-06,2.7873469333e-06,4.5659078806e-06,"esophageal cancer"
380,"Italy","Esophageal cancer",2023,9,"20-24 years",22,TRUE,1,"Male",6,"incidence",5.776615971e-07,4.65300412e-07,7.048958782e-07,"esophageal cancer"
380,"Italy","Esophageal cancer",2023,9,"20-24 years",22,TRUE,1,"Male",15,"mortality",0.0637565030011994,0.06835904503382,0.0589312913943716,"esophageal cancer"
380,"Italy","Esophageal cancer",2023,9,"20-24 years",22,TRUE,1,"Male",7,"remission",0,0,0,"esophageal cancer"
380,"Italy","Esophageal cancer",2023,9,"20-24 years",23,TRUE,1,"Male",5,"prevalence",3.5381669102e-06,2.7873469333e-06,4.5659078806e-06,"esophageal cancer"
380,"Italy","Esophageal cancer",2023,9,"20-24 years",23,TRUE,1,"Male",6,"incidence",5.776615971e-07,4.65300412e-07,7.048958782e-07,"esophageal cancer"
380,"Italy","Esophageal cancer",2023,9,"20-24 years",23,TRUE,1,"Male",15,"mortality",0.0637565030011994,0.06835904503382,0.0589312913943716,"esophageal cancer"
380,"Italy","Esophageal cancer",2023,9,"20-24 years",23,TRUE,1,"Male",7,"remission",0,0,0,"esophageal cancer"
380,"Italy","Esophageal cancer",2023,9,"20-24 years",24,TRUE,1,"Male",5,"prevalence",3.5381669102e-06,2.7873469333e-06,4.5659078806e-06,"esophageal cancer"
380,"Italy","Esophageal cancer",2023,9,"20-24 years",24,TRUE,1,"Male",6,"incidence",5.776615971e-07,4.65300412e-07,7.048958782e-07,"esophageal cancer"
380,"Italy","Esophageal cancer",2023,9,"20-24 years",24,TRUE,1,"Male",15,"mortality",0.0637565030011994,0.06835904503382,0.0589312913943716,"esophageal cancer"
380,"Italy","Esophageal cancer",2023,9,"20-24 years",24,TRUE,1,"Male",7,"remission",0,0,0,"esophageal cancer"
380,"Italy","Esophageal cancer",2023,9,"20-24 years",20,TRUE,2,"Female",5,"prevalence",2.3354189724e-06,2.0189319054e-06,2.7358058271e-06,"esophageal cancer"
380,"Italy","Esophageal cancer",2023,9,"20-24 years",20,TRUE,2,"Female",6,"incidence",4.147629226e-07,3.416030148e-07,4.959076408e-07,"esophageal cancer"
380,"Italy","Esophageal cancer",2023,9,"20-24 years",20,TRUE,2,"Female",15,"mortality",0.0416215636659808,0.0405024682250547,0.0424609665242554,"esophageal cancer"
380,"Italy","Esophageal cancer",2023,9,"20-24 years",20,TRUE,2,"Female",7,"remission",0,0,0,"esophageal cancer"
380,"Italy","Esophageal cancer",2023,9,"20-24 years",21,TRUE,2,"Female",5,"prevalence",2.3354189724e-06,2.0189319054e-06,2.7358058271e-06,"esophageal cancer"
380,"Italy","Esophageal cancer",2023,9,"20-24 years",21,TRUE,2,"Female",6,"incidence",4.147629226e-07,3.416030148e-07,4.959076408e-07,"esophageal cancer"
380,"Italy","Esophageal cancer",2023,9,"20-24 years",21,TRUE,2,"Female",15,"mortality",0.0416215636659808,0.0405024682250547,0.0424609665242554,"esophageal cancer"
380,"Italy","Esophageal cancer",2023,9,"20-24 years",21,TRUE,2,"Female",7,"remission",0,0,0,"esophageal cancer"
380,"Italy","Esophageal cancer",2023,9,"20-24 years",22,TRUE,2,"Female",5,"prevalence",2.3354189724e-06,2.0189319054e-06,2.7358058271e-06,"esophageal cancer"
380,"Italy","Esophageal cancer",2023,9,"20-24 years",22,TRUE,2,"Female",6,"incidence",4.147629226e-07,3.416030148e-07,4.959076408e-07,"esophageal cancer"
380,"Italy","Esophageal cancer",2023,9,"20-24 years",22,TRUE,2,"Female",15,"mortality",0.0416215636659808,0.0405024682250547,0.0424609665242554,"esophageal cancer"
380,"Italy","Esophageal cancer",2023,9,"20-24 years",22,TRUE,2,"Female",7,"remission",0,0,0,"esophageal cancer"
380,"Italy","Esophageal cancer",2023,9,"20-24 years",23,TRUE,2,"Female",5,"prevalence",2.3354189724e-06,2.0189319054e-06,2.7358058271e-06,"esophageal cancer"
380,"Italy","Esophageal cancer",2023,9,"20-24 years",23,TRUE,2,"Female",6,"incidence",4.147629226e-07,3.416030148e-07,4.959076408e-07,"esophageal cancer"
380,"Italy","Esophageal cancer",2023,9,"20-24 years",23,TRUE,2,"Female",15,"mortality",0.0416215636659808,0.0405024682250547,0.0424609665242554,"esophageal cancer"
380,"Italy","Esophageal cancer",2023,9,"20-24 years",23,TRUE,2,"Female",7,"remission",0,0,0,"esophageal cancer"
380,"Italy","Esophageal cancer",2023,9,"20-24 years",24,TRUE,2,"Female",5,"prevalence",2.3354189724e-06,2.0189319054e-06,2.7358058271e-06,"esophageal cancer"
380,"Italy","Esophageal cancer",2023,9,"20-24 years",24,TRUE,2,"Female",6,"incidence",4.147629226e-07,3.416030148e-07,4.959076408e-07,"esophageal cancer"
380,"Italy","Esophageal cancer",2023,9,"20-24 years",24,TRUE,2,"Female",15,"mortality",0.0416215636659808,0.0405024682250547,0.0424609665242554,"esophageal cancer"
380,"Italy","Esophageal cancer",2023,9,"20-24 years",24,TRUE,2,"Female",7,"remission",0,0,0,"esophageal cancer"
380,"Italy","Esophageal cancer",2023,10,"25-29 years",25,TRUE,1,"Male",5,"prevalence",7.5850919022e-06,5.7946579547e-06,9.9942052817e-06,"esophageal cancer"
380,"Italy","Esophageal cancer",2023,10,"25-29 years",25,TRUE,1,"Male",6,"incidence",1.5505548776e-06,1.2247355175e-06,1.965581041e-06,"esophageal cancer"
380,"Italy","Esophageal cancer",2023,10,"25-29 years",25,TRUE,1,"Male",15,"mortality",0.0696669226370625,0.0743994327311252,0.062711774312678,"esophageal cancer"
380,"Italy","Esophageal cancer",2023,10,"25-29 years",25,TRUE,1,"Male",7,"remission",0,0,0,"esophageal cancer"
380,"Italy","Esophageal cancer",2023,10,"25-29 years",26,TRUE,1,"Male",5,"prevalence",7.5850919022e-06,5.7946579547e-06,9.9942052817e-06,"esophageal cancer"
380,"Italy","Esophageal cancer",2023,10,"25-29 years",26,TRUE,1,"Male",6,"incidence",1.5505548776e-06,1.2247355175e-06,1.965581041e-06,"esophageal cancer"
380,"Italy","Esophageal cancer",2023,10,"25-29 years",26,TRUE,1,"Male",15,"mortality",0.0696669226370625,0.0743994327311252,0.062711774312678,"esophageal cancer"
380,"Italy","Esophageal cancer",2023,10,"25-29 years",26,TRUE,1,"Male",7,"remission",0,0,0,"esophageal cancer"
380,"Italy","Esophageal cancer",2023,10,"25-29 years",27,TRUE,1,"Male",5,"prevalence",7.5850919022e-06,5.7946579547e-06,9.9942052817e-06,"esophageal cancer"
380,"Italy","Esophageal cancer",2023,10,"25-29 years",27,TRUE,1,"Male",6,"incidence",1.5505548776e-06,1.2247355175e-06,1.965581041e-06,"esophageal cancer"
380,"Italy","Esophageal cancer",2023,10,"25-29 years",27,TRUE,1,"Male",15,"mortality",0.0696669226370625,0.0743994327311252,0.062711774312678,"esophageal cancer"
380,"Italy","Esophageal cancer",2023,10,"25-29 years",27,TRUE,1,"Male",7,"remission",0,0,0,"esophageal cancer"
380,"Italy","Esophageal cancer",2023,10,"25-29 years",28,TRUE,1,"Male",5,"prevalence",7.5850919022e-06,5.7946579547e-06,9.9942052817e-06,"esophageal cancer"
380,"Italy","Esophageal cancer",2023,10,"25-29 years",28,TRUE,1,"Male",6,"incidence",1.5505548776e-06,1.2247355175e-06,1.965581041e-06,"esophageal cancer"
380,"Italy","Esophageal cancer",2023,10,"25-29 years",28,TRUE,1,"Male",15,"mortality",0.0696669226370625,0.0743994327311252,0.062711774312678,"esophageal cancer"
380,"Italy","Esophageal cancer",2023,10,"25-29 years",28,TRUE,1,"Male",7,"remission",0,0,0,"esophageal cancer"
380,"Italy","Esophageal cancer",2023,10,"25-29 years",29,TRUE,1,"Male",5,"prevalence",7.5850919022e-06,5.7946579547e-06,9.9942052817e-06,"esophageal cancer"
380,"Italy","Esophageal cancer",2023,10,"25-29 years",29,TRUE,1,"Male",6,"incidence",1.5505548776e-06,1.2247355175e-06,1.965581041e-06,"esophageal cancer"
380,"Italy","Esophageal cancer",2023,10,"25-29 years",29,TRUE,1,"Male",15,"mortality",0.0696669226370625,0.0743994327311252,0.062711774312678,"esophageal cancer"
380,"Italy","Esophageal cancer",2023,10,"25-29 years",29,TRUE,1,"Male",7,"remission",0,0,0,"esophageal cancer"
380,"Italy","Esophageal cancer",2023,10,"25-29 years",25,TRUE,2,"Female",5,"prevalence",4.1010488672e-06,3.4441859468e-06,4.8095128882e-06,"esophageal cancer"
380,"Italy","Esophageal cancer",2023,10,"25-29 years",25,TRUE,2,"Female",6,"incidence",7.183764396e-07,5.997490873e-07,8.652899026e-07,"esophageal cancer"
380,"Italy","Esophageal cancer",2023,10,"25-29 years",25,TRUE,2,"Female",15,"mortality",0.0407003498100582,0.0404396150791343,0.0417815689000264,"esophageal cancer"
380,"Italy","Esophageal cancer",2023,10,"25-29 years",25,TRUE,2,"Female",7,"remission",0,0,0,"esophageal cancer"
380,"Italy","Esophageal cancer",2023,10,"25-29 years",26,TRUE,2,"Female",5,"prevalence",4.1010488672e-06,3.4441859468e-06,4.8095128882e-06,"esophageal cancer"
380,"Italy","Esophageal cancer",2023,10,"25-29 years",26,TRUE,2,"Female",6,"incidence",7.183764396e-07,5.997490873e-07,8.652899026e-07,"esophageal cancer"
380,"Italy","Esophageal cancer",2023,10,"25-29 years",26,TRUE,2,"Female",15,"mortality",0.0407003498100582,0.0404396150791343,0.0417815689000264,"esophageal cancer"
380,"Italy","Esophageal cancer",2023,10,"25-29 years",26,TRUE,2,"Female",7,"remission",0,0,0,"esophageal cancer"
380,"Italy","Esophageal cancer",2023,10,"25-29 years",27,TRUE,2,"Female",5,"prevalence",4.1010488672e-06,3.4441859468e-06,4.8095128882e-06,"esophageal cancer"
380,"Italy","Esophageal cancer",2023,10,"25-29 years",27,TRUE,2,"Female",6,"incidence",7.183764396e-07,5.997490873e-07,8.652899026e-07,"esophageal cancer"
380,"Italy","Esophageal cancer",2023,10,"25-29 years",27,TRUE,2,"Female",15,"mortality",0.0407003498100582,0.0404396150791343,0.0417815689000264,"esophageal cancer"
380,"Italy","Esophageal cancer",2023,10,"25-29 years",27,TRUE,2,"Female",7,"remission",0,0,0,"esophageal cancer"
380,"Italy","Esophageal cancer",2023,10,"25-29 years",28,TRUE,2,"Female",5,"prevalence",4.1010488672e-06,3.4441859468e-06,4.8095128882e-06,"esophageal cancer"
380,"Italy","Esophageal cancer",2023,10,"25-29 years",28,TRUE,2,"Female",6,"incidence",7.183764396e-07,5.997490873e-07,8.652899026e-07,"esophageal cancer"
380,"Italy","Esophageal cancer",2023,10,"25-29 years",28,TRUE,2,"Female",15,"mortality",0.0407003498100582,0.0404396150791343,0.0417815689000264,"esophageal cancer"
380,"Italy","Esophageal cancer",2023,10,"25-29 years",28,TRUE,2,"Female",7,"remission",0,0,0,"esophageal cancer"
380,"Italy","Esophageal cancer",2023,10,"25-29 years",29,TRUE,2,"Female",5,"prevalence",4.1010488672e-06,3.4441859468e-06,4.8095128882e-06,"esophageal cancer"
380,"Italy","Esophageal cancer",2023,10,"25-29 years",29,TRUE,2,"Female",6,"incidence",7.183764396e-07,5.997490873e-07,8.652899026e-07,"esophageal cancer"
380,"Italy","Esophageal cancer",2023,10,"25-29 years",29,TRUE,2,"Female",15,"mortality",0.0407003498100582,0.0404396150791343,0.0417815689000264,"esophageal cancer"
380,"Italy","Esophageal cancer",2023,10,"25-29 years",29,TRUE,2,"Female",7,"remission",0,0,0,"esophageal cancer"
380,"Italy","Esophageal cancer",2023,11,"30-34 years",30,TRUE,1,"Male",5,"prevalence",2.06638865617e-05,1.59534102382e-05,2.63607684571e-05,"esophageal cancer"
380,"Italy","Esophageal cancer",2023,11,"30-34 years",30,TRUE,1,"Male",6,"incidence",3.744346159e-06,2.9316428742e-06,4.731464532e-06,"esophageal cancer"
380,"Italy","Esophageal cancer",2023,11,"30-34 years",30,TRUE,1,"Male",15,"mortality",0.0587016366187677,0.0615704985532558,0.0561725526618656,"esophageal cancer"
380,"Italy","Esophageal cancer",2023,11,"30-34 years",30,TRUE,1,"Male",7,"remission",0,0,0,"esophageal cancer"
380,"Italy","Esophageal cancer",2023,11,"30-34 years",31,TRUE,1,"Male",5,"prevalence",2.06638865617e-05,1.59534102382e-05,2.63607684571e-05,"esophageal cancer"
380,"Italy","Esophageal cancer",2023,11,"30-34 years",31,TRUE,1,"Male",6,"incidence",3.744346159e-06,2.9316428742e-06,4.731464532e-06,"esophageal cancer"
380,"Italy","Esophageal cancer",2023,11,"30-34 years",31,TRUE,1,"Male",15,"mortality",0.0587016366187677,0.0615704985532558,0.0561725526618656,"esophageal cancer"
380,"Italy","Esophageal cancer",2023,11,"30-34 years",31,TRUE,1,"Male",7,"remission",0,0,0,"esophageal cancer"
380,"Italy","Esophageal cancer",2023,11,"30-34 years",32,TRUE,1,"Male",5,"prevalence",2.06638865617e-05,1.59534102382e-05,2.63607684571e-05,"esophageal cancer"
380,"Italy","Esophageal cancer",2023,11,"30-34 years",32,TRUE,1,"Male",6,"incidence",3.744346159e-06,2.9316428742e-06,4.731464532e-06,"esophageal cancer"
380,"Italy","Esophageal cancer",2023,11,"30-34 years",32,TRUE,1,"Male",15,"mortality",0.0587016366187677,0.0615704985532558,0.0561725526618656,"esophageal cancer"
380,"Italy","Esophageal cancer",2023,11,"30-34 years",32,TRUE,1,"Male",7,"remission",0,0,0,"esophageal cancer"
380,"Italy","Esophageal cancer",2023,11,"30-34 years",33,TRUE,1,"Male",5,"prevalence",2.06638865617e-05,1.59534102382e-05,2.63607684571e-05,"esophageal cancer"
380,"Italy","Esophageal cancer",2023,11,"30-34 years",33,TRUE,1,"Male",6,"incidence",3.744346159e-06,2.9316428742e-06,4.731464532e-06,"esophageal cancer"
380,"Italy","Esophageal cancer",2023,11,"30-34 years",33,TRUE,1,"Male",15,"mortality",0.0587016366187677,0.0615704985532558,0.0561725526618656,"esophageal cancer"
380,"Italy","Esophageal cancer",2023,11,"30-34 years",33,TRUE,1,"Male",7,"remission",0,0,0,"esophageal cancer"
380,"Italy","Esophageal cancer",2023,11,"30-34 years",34,TRUE,1,"Male",5,"prevalence",2.06638865617e-05,1.59534102382e-05,2.63607684571e-05,"esophageal cancer"
380,"Italy","Esophageal cancer",2023,11,"30-34 years",34,TRUE,1,"Male",6,"incidence",3.744346159e-06,2.9316428742e-06,4.731464532e-06,"esophageal cancer"
380,"Italy","Esophageal cancer",2023,11,"30-34 years",34,TRUE,1,"Male",15,"mortality",0.0587016366187677,0.0615704985532558,0.0561725526618656,"esophageal cancer"
380,"Italy","Esophageal cancer",2023,11,"30-34 years",34,TRUE,1,"Male",7,"remission",0,0,0,"esophageal cancer"
380,"Italy","Esophageal cancer",2023,11,"30-34 years",30,TRUE,2,"Female",5,"prevalence",9.9881478677e-06,8.4038066399e-06,1.1903938427e-05,"esophageal cancer"
380,"Italy","Esophageal cancer",2023,11,"30-34 years",30,TRUE,2,"Female",6,"incidence",1.6675155116e-06,1.3941503682e-06,1.9617941712e-06,"esophageal cancer"
380,"Italy","Esophageal cancer",2023,11,"30-34 years",30,TRUE,2,"Female",15,"mortality",0.0387741469075559,0.0385263370175619,0.0382724991702106,"esophageal cancer"
380,"Italy","Esophageal cancer",2023,11,"30-34 years",30,TRUE,2,"Female",7,"remission",0,0,0,"esophageal cancer"
380,"Italy","Esophageal cancer",2023,11,"30-34 years",31,TRUE,2,"Female",5,"prevalence",9.9881478677e-06,8.4038066399e-06,1.1903938427e-05,"esophageal cancer"
380,"Italy","Esophageal cancer",2023,11,"30-34 years",31,TRUE,2,"Female",6,"incidence",1.6675155116e-06,1.3941503682e-06,1.9617941712e-06,"esophageal cancer"
380,"Italy","Esophageal cancer",2023,11,"30-34 years",31,TRUE,2,"Female",15,"mortality",0.0387741469075559,0.0385263370175619,0.0382724991702106,"esophageal cancer"
380,"Italy","Esophageal cancer",2023,11,"30-34 years",31,TRUE,2,"Female",7,"remission",0,0,0,"esophageal cancer"
380,"Italy","Esophageal cancer",2023,11,"30-34 years",32,TRUE,2,"Female",5,"prevalence",9.9881478677e-06,8.4038066399e-06,1.1903938427e-05,"esophageal cancer"
380,"Italy","Esophageal cancer",2023,11,"30-34 years",32,TRUE,2,"Female",6,"incidence",1.6675155116e-06,1.3941503682e-06,1.9617941712e-06,"esophageal cancer"
380,"Italy","Esophageal cancer",2023,11,"30-34 years",32,TRUE,2,"Female",15,"mortality",0.0387741469075559,0.0385263370175619,0.0382724991702106,"esophageal cancer"
380,"Italy","Esophageal cancer",2023,11,"30-34 years",32,TRUE,2,"Female",7,"remission",0,0,0,"esophageal cancer"
380,"Italy","Esophageal cancer",2023,11,"30-34 years",33,TRUE,2,"Female",5,"prevalence",9.9881478677e-06,8.4038066399e-06,1.1903938427e-05,"esophageal cancer"
380,"Italy","Esophageal cancer",2023,11,"30-34 years",33,TRUE,2,"Female",6,"incidence",1.6675155116e-06,1.3941503682e-06,1.9617941712e-06,"esophageal cancer"
380,"Italy","Esophageal cancer",2023,11,"30-34 years",33,TRUE,2,"Female",15,"mortality",0.0387741469075559,0.0385263370175619,0.0382724991702106,"esophageal cancer"
380,"Italy","Esophageal cancer",2023,11,"30-34 years",33,TRUE,2,"Female",7,"remission",0,0,0,"esophageal cancer"
380,"Italy","Esophageal cancer",2023,11,"30-34 years",34,TRUE,2,"Female",5,"prevalence",9.9881478677e-06,8.4038066399e-06,1.1903938427e-05,"esophageal cancer"
380,"Italy","Esophageal cancer",2023,11,"30-34 years",34,TRUE,2,"Female",6,"incidence",1.6675155116e-06,1.3941503682e-06,1.9617941712e-06,"esophageal cancer"
380,"Italy","Esophageal cancer",2023,11,"30-34 years",34,TRUE,2,"Female",15,"mortality",0.0387741469075559,0.0385263370175619,0.0382724991702106,"esophageal cancer"
380,"Italy","Esophageal cancer",2023,11,"30-34 years",34,TRUE,2,"Female",7,"remission",0,0,0,"esophageal cancer"
380,"Italy","Esophageal cancer",2023,12,"35-39 years",35,TRUE,1,"Male",5,"prevalence",1.64656669545e-05,1.30670417958e-05,2.14070642383e-05,"esophageal cancer"
380,"Italy","Esophageal cancer",2023,12,"35-39 years",35,TRUE,1,"Male",6,"incidence",4.4288487556e-06,3.5863732575e-06,5.5092891141e-06,"esophageal cancer"
380,"Italy","Esophageal cancer",2023,12,"35-39 years",35,TRUE,1,"Male",15,"mortality",0.153156270762935,0.158653385720191,0.141324339212698,"esophageal cancer"
380,"Italy","Esophageal cancer",2023,12,"35-39 years",35,TRUE,1,"Male",7,"remission",0,0,0,"esophageal cancer"
380,"Italy","Esophageal cancer",2023,12,"35-39 years",36,TRUE,1,"Male",5,"prevalence",1.64656669545e-05,1.30670417958e-05,2.14070642383e-05,"esophageal cancer"
380,"Italy","Esophageal cancer",2023,12,"35-39 years",36,TRUE,1,"Male",6,"incidence",4.4288487556e-06,3.5863732575e-06,5.5092891141e-06,"esophageal cancer"
380,"Italy","Esophageal cancer",2023,12,"35-39 years",36,TRUE,1,"Male",15,"mortality",0.153156270762935,0.158653385720191,0.141324339212698,"esophageal cancer"
380,"Italy","Esophageal cancer",2023,12,"35-39 years",36,TRUE,1,"Male",7,"remission",0,0,0,"esophageal cancer"
380,"Italy","Esophageal cancer",2023,12,"35-39 years",37,TRUE,1,"Male",5,"prevalence",1.64656669545e-05,1.30670417958e-05,2.14070642383e-05,"esophageal cancer"
380,"Italy","Esophageal cancer",2023,12,"35-39 years",37,TRUE,1,"Male",6,"incidence",4.4288487556e-06,3.5863732575e-06,5.5092891141e-06,"esophageal cancer"
380,"Italy","Esophageal cancer",2023,12,"35-39 years",37,TRUE,1,"Male",15,"mortality",0.153156270762935,0.158653385720191,0.141324339212698,"esophageal cancer"
380,"Italy","Esophageal cancer",2023,12,"35-39 years",37,TRUE,1,"Male",7,"remission",0,0,0,"esophageal cancer"
380,"Italy","Esophageal cancer",2023,12,"35-39 years",38,TRUE,1,"Male",5,"prevalence",1.64656669545e-05,1.30670417958e-05,2.14070642383e-05,"esophageal cancer"
380,"Italy","Esophageal cancer",2023,12,"35-39 years",38,TRUE,1,"Male",6,"incidence",4.4288487556e-06,3.5863732575e-06,5.5092891141e-06,"esophageal cancer"
380,"Italy","Esophageal cancer",2023,12,"35-39 years",38,TRUE,1,"Male",15,"mortality",0.153156270762935,0.158653385720191,0.141324339212698,"esophageal cancer"
380,"Italy","Esophageal cancer",2023,12,"35-39 years",38,TRUE,1,"Male",7,"remission",0,0,0,"esophageal cancer"
380,"Italy","Esophageal cancer",2023,12,"35-39 years",39,TRUE,1,"Male",5,"prevalence",1.64656669545e-05,1.30670417958e-05,2.14070642383e-05,"esophageal cancer"
380,"Italy","Esophageal cancer",2023,12,"35-39 years",39,TRUE,1,"Male",6,"incidence",4.4288487556e-06,3.5863732575e-06,5.5092891141e-06,"esophageal cancer"
380,"Italy","Esophageal cancer",2023,12,"35-39 years",39,TRUE,1,"Male",15,"mortality",0.153156270762935,0.158653385720191,0.141324339212698,"esophageal cancer"
380,"Italy","Esophageal cancer",2023,12,"35-39 years",39,TRUE,1,"Male",7,"remission",0,0,0,"esophageal cancer"
380,"Italy","Esophageal cancer",2023,12,"35-39 years",35,TRUE,2,"Female",5,"prevalence",7.9747285283e-06,5.9811099652e-06,1.06627335209e-05,"esophageal cancer"
380,"Italy","Esophageal cancer",2023,12,"35-39 years",35,TRUE,2,"Female",6,"incidence",1.7339270333e-06,1.3677822135e-06,2.2032249713e-06,"esophageal cancer"
380,"Italy","Esophageal cancer",2023,12,"35-39 years",35,TRUE,2,"Female",15,"mortality",0.0848553437298918,0.0937047293068518,0.0771554145201156,"esophageal cancer"
380,"Italy","Esophageal cancer",2023,12,"35-39 years",35,TRUE,2,"Female",7,"remission",0,0,0,"esophageal cancer"
380,"Italy","Esophageal cancer",2023,12,"35-39 years",36,TRUE,2,"Female",5,"prevalence",7.9747285283e-06,5.9811099652e-06,1.06627335209e-05,"esophageal cancer"
380,"Italy","Esophageal cancer",2023,12,"35-39 years",36,TRUE,2,"Female",6,"incidence",1.7339270333e-06,1.3677822135e-06,2.2032249713e-06,"esophageal cancer"
380,"Italy","Esophageal cancer",2023,12,"35-39 years",36,TRUE,2,"Female",15,"mortality",0.0848553437298918,0.0937047293068518,0.0771554145201156,"esophageal cancer"
380,"Italy","Esophageal cancer",2023,12,"35-39 years",36,TRUE,2,"Female",7,"remission",0,0,0,"esophageal cancer"
380,"Italy","Esophageal cancer",2023,12,"35-39 years",37,TRUE,2,"Female",5,"prevalence",7.9747285283e-06,5.9811099652e-06,1.06627335209e-05,"esophageal cancer"
380,"Italy","Esophageal cancer",2023,12,"35-39 years",37,TRUE,2,"Female",6,"incidence",1.7339270333e-06,1.3677822135e-06,2.2032249713e-06,"esophageal cancer"
380,"Italy","Esophageal cancer",2023,12,"35-39 years",37,TRUE,2,"Female",15,"mortality",0.0848553437298918,0.0937047293068518,0.0771554145201156,"esophageal cancer"
380,"Italy","Esophageal cancer",2023,12,"35-39 years",37,TRUE,2,"Female",7,"remission",0,0,0,"esophageal cancer"
380,"Italy","Esophageal cancer",2023,12,"35-39 years",38,TRUE,2,"Female",5,"prevalence",7.9747285283e-06,5.9811099652e-06,1.06627335209e-05,"esophageal cancer"
380,"Italy","Esophageal cancer",2023,12,"35-39 years",38,TRUE,2,"Female",6,"incidence",1.7339270333e-06,1.3677822135e-06,2.2032249713e-06,"esophageal cancer"
380,"Italy","Esophageal cancer",2023,12,"35-39 years",38,TRUE,2,"Female",15,"mortality",0.0848553437298918,0.0937047293068518,0.0771554145201156,"esophageal cancer"
380,"Italy","Esophageal cancer",2023,12,"35-39 years",38,TRUE,2,"Female",7,"remission",0,0,0,"esophageal cancer"
380,"Italy","Esophageal cancer",2023,12,"35-39 years",39,TRUE,2,"Female",5,"prevalence",7.9747285283e-06,5.9811099652e-06,1.06627335209e-05,"esophageal cancer"
380,"Italy","Esophageal cancer",2023,12,"35-39 years",39,TRUE,2,"Female",6,"incidence",1.7339270333e-06,1.3677822135e-06,2.2032249713e-06,"esophageal cancer"
380,"Italy","Esophageal cancer",2023,12,"35-39 years",39,TRUE,2,"Female",15,"mortality",0.0848553437298918,0.0937047293068518,0.0771554145201156,"esophageal cancer"
380,"Italy","Esophageal cancer",2023,12,"35-39 years",39,TRUE,2,"Female",7,"remission",0,0,0,"esophageal cancer"
380,"Italy","Esophageal cancer",2023,13,"40-44 years",40,TRUE,1,"Male",5,"prevalence",3.03567620642e-05,2.45788222711e-05,3.7683527994e-05,"esophageal cancer"
380,"Italy","Esophageal cancer",2023,13,"40-44 years",40,TRUE,1,"Male",6,"incidence",9.987528267e-06,8.3022580776e-06,1.19670995186e-05,"esophageal cancer"
380,"Italy","Esophageal cancer",2023,13,"40-44 years",40,TRUE,1,"Male",15,"mortality",0.22605486788005,0.2358063957063,0.214215968194871,"esophageal cancer"
380,"Italy","Esophageal cancer",2023,13,"40-44 years",40,TRUE,1,"Male",7,"remission",0,0,0,"esophageal cancer"
380,"Italy","Esophageal cancer",2023,13,"40-44 years",41,TRUE,1,"Male",5,"prevalence",3.03567620642e-05,2.45788222711e-05,3.7683527994e-05,"esophageal cancer"
380,"Italy","Esophageal cancer",2023,13,"40-44 years",41,TRUE,1,"Male",6,"incidence",9.987528267e-06,8.3022580776e-06,1.19670995186e-05,"esophageal cancer"
380,"Italy","Esophageal cancer",2023,13,"40-44 years",41,TRUE,1,"Male",15,"mortality",0.22605486788005,0.2358063957063,0.214215968194871,"esophageal cancer"
380,"Italy","Esophageal cancer",2023,13,"40-44 years",41,TRUE,1,"Male",7,"remission",0,0,0,"esophageal cancer"
380,"Italy","Esophageal cancer",2023,13,"40-44 years",42,TRUE,1,"Male",5,"prevalence",3.03567620642e-05,2.45788222711e-05,3.7683527994e-05,"esophageal cancer"
380,"Italy","Esophageal cancer",2023,13,"40-44 years",42,TRUE,1,"Male",6,"incidence",9.987528267e-06,8.3022580776e-06,1.19670995186e-05,"esophageal cancer"
380,"Italy","Esophageal cancer",2023,13,"40-44 years",42,TRUE,1,"Male",15,"mortality",0.22605486788005,0.2358063957063,0.214215968194871,"esophageal cancer"
380,"Italy","Esophageal cancer",2023,13,"40-44 years",42,TRUE,1,"Male",7,"remission",0,0,0,"esophageal cancer"
380,"Italy","Esophageal cancer",2023,13,"40-44 years",43,TRUE,1,"Male",5,"prevalence",3.03567620642e-05,2.45788222711e-05,3.7683527994e-05,"esophageal cancer"
380,"Italy","Esophageal cancer",2023,13,"40-44 years",43,TRUE,1,"Male",6,"incidence",9.987528267e-06,8.3022580776e-06,1.19670995186e-05,"esophageal cancer"
380,"Italy","Esophageal cancer",2023,13,"40-44 years",43,TRUE,1,"Male",15,"mortality",0.22605486788005,0.2358063957063,0.214215968194871,"esophageal cancer"
380,"Italy","Esophageal cancer",2023,13,"40-44 years",43,TRUE,1,"Male",7,"remission",0,0,0,"esophageal cancer"
380,"Italy","Esophageal cancer",2023,13,"40-44 years",44,TRUE,1,"Male",5,"prevalence",3.03567620642e-05,2.45788222711e-05,3.7683527994e-05,"esophageal cancer"
380,"Italy","Esophageal cancer",2023,13,"40-44 years",44,TRUE,1,"Male",6,"incidence",9.987528267e-06,8.3022580776e-06,1.19670995186e-05,"esophageal cancer"
380,"Italy","Esophageal cancer",2023,13,"40-44 years",44,TRUE,1,"Male",15,"mortality",0.22605486788005,0.2358063957063,0.214215968194871,"esophageal cancer"
380,"Italy","Esophageal cancer",2023,13,"40-44 years",44,TRUE,1,"Male",7,"remission",0,0,0,"esophageal cancer"
380,"Italy","Esophageal cancer",2023,13,"40-44 years",40,TRUE,2,"Female",5,"prevalence",1.38741755868e-05,1.08400097095e-05,1.82322217664e-05,"esophageal cancer"
380,"Italy","Esophageal cancer",2023,13,"40-44 years",40,TRUE,2,"Female",6,"incidence",3.0629090373e-06,2.4501266381e-06,3.919009542e-06,"esophageal cancer"
380,"Italy","Esophageal cancer",2023,13,"40-44 years",40,TRUE,2,"Female",15,"mortality",0.116746113940148,0.121283649071038,0.107796294886047,"esophageal cancer"
380,"Italy","Esophageal cancer",2023,13,"40-44 years",40,TRUE,2,"Female",7,"remission",0,0,0,"esophageal cancer"
380,"Italy","Esophageal cancer",2023,13,"40-44 years",41,TRUE,2,"Female",5,"prevalence",1.38741755868e-05,1.08400097095e-05,1.82322217664e-05,"esophageal cancer"
380,"Italy","Esophageal cancer",2023,13,"40-44 years",41,TRUE,2,"Female",6,"incidence",3.0629090373e-06,2.4501266381e-06,3.919009542e-06,"esophageal cancer"
380,"Italy","Esophageal cancer",2023,13,"40-44 years",41,TRUE,2,"Female",15,"mortality",0.116746113940148,0.121283649071038,0.107796294886047,"esophageal cancer"
380,"Italy","Esophageal cancer",2023,13,"40-44 years",41,TRUE,2,"Female",7,"remission",0,0,0,"esophageal cancer"
380,"Italy","Esophageal cancer",2023,13,"40-44 years",42,TRUE,2,"Female",5,"prevalence",1.38741755868e-05,1.08400097095e-05,1.82322217664e-05,"esophageal cancer"
380,"Italy","Esophageal cancer",2023,13,"40-44 years",42,TRUE,2,"Female",6,"incidence",3.0629090373e-06,2.4501266381e-06,3.919009542e-06,"esophageal cancer"
380,"Italy","Esophageal cancer",2023,13,"40-44 years",42,TRUE,2,"Female",15,"mortality",0.116746113940148,0.121283649071038,0.107796294886047,"esophageal cancer"
380,"Italy","Esophageal cancer",2023,13,"40-44 years",42,TRUE,2,"Female",7,"remission",0,0,0,"esophageal cancer"
380,"Italy","Esophageal cancer",2023,13,"40-44 years",43,TRUE,2,"Female",5,"prevalence",1.38741755868e-05,1.08400097095e-05,1.82322217664e-05,"esophageal cancer"
380,"Italy","Esophageal cancer",2023,13,"40-44 years",43,TRUE,2,"Female",6,"incidence",3.0629090373e-06,2.4501266381e-06,3.919009542e-06,"esophageal cancer"
380,"Italy","Esophageal cancer",2023,13,"40-44 years",43,TRUE,2,"Female",15,"mortality",0.116746113940148,0.121283649071038,0.107796294886047,"esophageal cancer"
380,"Italy","Esophageal cancer",2023,13,"40-44 years",43,TRUE,2,"Female",7,"remission",0,0,0,"esophageal cancer"
380,"Italy","Esophageal cancer",2023,13,"40-44 years",44,TRUE,2,"Female",5,"prevalence",1.38741755868e-05,1.08400097095e-05,1.82322217664e-05,"esophageal cancer"
380,"Italy","Esophageal cancer",2023,13,"40-44 years",44,TRUE,2,"Female",6,"incidence",3.0629090373e-06,2.4501266381e-06,3.919009542e-06,"esophageal cancer"
380,"Italy","Esophageal cancer",2023,13,"40-44 years",44,TRUE,2,"Female",15,"mortality",0.116746113940148,0.121283649071038,0.107796294886047,"esophageal cancer"
380,"Italy","Esophageal cancer",2023,13,"40-44 years",44,TRUE,2,"Female",7,"remission",0,0,0,"esophageal cancer"
380,"Italy","Esophageal cancer",2023,14,"45-49 years",45,TRUE,1,"Male",5,"prevalence",6.03483111713e-05,4.94398945306e-05,7.2196121229e-05,"esophageal cancer"
380,"Italy","Esophageal cancer",2023,14,"45-49 years",45,TRUE,1,"Male",6,"incidence",2.2599023248e-05,1.90688286378e-05,2.69314339239e-05,"esophageal cancer"
380,"Italy","Esophageal cancer",2023,14,"45-49 years",45,TRUE,1,"Male",15,"mortality",0.275499776981123,0.284634749507534,0.272326707708972,"esophageal cancer"
380,"Italy","Esophageal cancer",2023,14,"45-49 years",45,TRUE,1,"Male",7,"remission",0,0,0,"esophageal cancer"
380,"Italy","Esophageal cancer",2023,14,"45-49 years",46,TRUE,1,"Male",5,"prevalence",6.03483111713e-05,4.94398945306e-05,7.2196121229e-05,"esophageal cancer"
380,"Italy","Esophageal cancer",2023,14,"45-49 years",46,TRUE,1,"Male",6,"incidence",2.2599023248e-05,1.90688286378e-05,2.69314339239e-05,"esophageal cancer"
380,"Italy","Esophageal cancer",2023,14,"45-49 years",46,TRUE,1,"Male",15,"mortality",0.275499776981123,0.284634749507534,0.272326707708972,"esophageal cancer"
380,"Italy","Esophageal cancer",2023,14,"45-49 years",46,TRUE,1,"Male",7,"remission",0,0,0,"esophageal cancer"
380,"Italy","Esophageal cancer",2023,14,"45-49 years",47,TRUE,1,"Male",5,"prevalence",6.03483111713e-05,4.94398945306e-05,7.2196121229e-05,"esophageal cancer"
380,"Italy","Esophageal cancer",2023,14,"45-49 years",47,TRUE,1,"Male",6,"incidence",2.2599023248e-05,1.90688286378e-05,2.69314339239e-05,"esophageal cancer"
380,"Italy","Esophageal cancer",2023,14,"45-49 years",47,TRUE,1,"Male",15,"mortality",0.275499776981123,0.284634749507534,0.272326707708972,"esophageal cancer"
380,"Italy","Esophageal cancer",2023,14,"45-49 years",47,TRUE,1,"Male",7,"remission",0,0,0,"esophageal cancer"
380,"Italy","Esophageal cancer",2023,14,"45-49 years",48,TRUE,1,"Male",5,"prevalence",6.03483111713e-05,4.94398945306e-05,7.2196121229e-05,"esophageal cancer"
380,"Italy","Esophageal cancer",2023,14,"45-49 years",48,TRUE,1,"Male",6,"incidence",2.2599023248e-05,1.90688286378e-05,2.69314339239e-05,"esophageal cancer"
380,"Italy","Esophageal cancer",2023,14,"45-49 years",48,TRUE,1,"Male",15,"mortality",0.275499776981123,0.284634749507534,0.272326707708972,"esophageal cancer"
380,"Italy","Esophageal cancer",2023,14,"45-49 years",48,TRUE,1,"Male",7,"remission",0,0,0,"esophageal cancer"
380,"Italy","Esophageal cancer",2023,14,"45-49 years",49,TRUE,1,"Male",5,"prevalence",6.03483111713e-05,4.94398945306e-05,7.2196121229e-05,"esophageal cancer"
380,"Italy","Esophageal cancer",2023,14,"45-49 years",49,TRUE,1,"Male",6,"incidence",2.2599023248e-05,1.90688286378e-05,2.69314339239e-05,"esophageal cancer"
380,"Italy","Esophageal cancer",2023,14,"45-49 years",49,TRUE,1,"Male",15,"mortality",0.275499776981123,0.284634749507534,0.272326707708972,"esophageal cancer"
380,"Italy","Esophageal cancer",2023,14,"45-49 years",49,TRUE,1,"Male",7,"remission",0,0,0,"esophageal cancer"
380,"Italy","Esophageal cancer",2023,14,"45-49 years",45,TRUE,2,"Female",5,"prevalence",2.21124927476e-05,1.73891518954e-05,2.88000584513e-05,"esophageal cancer"
380,"Italy","Esophageal cancer",2023,14,"45-49 years",45,TRUE,2,"Female",6,"incidence",6.2579830429e-06,5.1828386094e-06,7.7484804866e-06,"esophageal cancer"
380,"Italy","Esophageal cancer",2023,14,"45-49 years",45,TRUE,2,"Female",15,"mortality",0.166900359477903,0.176532000910465,0.152371075992172,"esophageal cancer"
380,"Italy","Esophageal cancer",2023,14,"45-49 years",45,TRUE,2,"Female",7,"remission",0,0,0,"esophageal cancer"
380,"Italy","Esophageal cancer",2023,14,"45-49 years",46,TRUE,2,"Female",5,"prevalence",2.21124927476e-05,1.73891518954e-05,2.88000584513e-05,"esophageal cancer"
380,"Italy","Esophageal cancer",2023,14,"45-49 years",46,TRUE,2,"Female",6,"incidence",6.2579830429e-06,5.1828386094e-06,7.7484804866e-06,"esophageal cancer"
380,"Italy","Esophageal cancer",2023,14,"45-49 years",46,TRUE,2,"Female",15,"mortality",0.166900359477903,0.176532000910465,0.152371075992172,"esophageal cancer"
380,"Italy","Esophageal cancer",2023,14,"45-49 years",46,TRUE,2,"Female",7,"remission",0,0,0,"esophageal cancer"
380,"Italy","Esophageal cancer",2023,14,"45-49 years",47,TRUE,2,"Female",5,"prevalence",2.21124927476e-05,1.73891518954e-05,2.88000584513e-05,"esophageal cancer"
380,"Italy","Esophageal cancer",2023,14,"45-49 years",47,TRUE,2,"Female",6,"incidence",6.2579830429e-06,5.1828386094e-06,7.7484804866e-06,"esophageal cancer"
380,"Italy","Esophageal cancer",2023,14,"45-49 years",47,TRUE,2,"Female",15,"mortality",0.166900359477903,0.176532000910465,0.152371075992172,"esophageal cancer"
380,"Italy","Esophageal cancer",2023,14,"45-49 years",47,TRUE,2,"Female",7,"remission",0,0,0,"esophageal cancer"
380,"Italy","Esophageal cancer",2023,14,"45-49 years",48,TRUE,2,"Female",5,"prevalence",2.21124927476e-05,1.73891518954e-05,2.88000584513e-05,"esophageal cancer"
380,"Italy","Esophageal cancer",2023,14,"45-49 years",48,TRUE,2,"Female",6,"incidence",6.2579830429e-06,5.1828386094e-06,7.7484804866e-06,"esophageal cancer"
380,"Italy","Esophageal cancer",2023,14,"45-49 years",48,TRUE,2,"Female",15,"mortality",0.166900359477903,0.176532000910465,0.152371075992172,"esophageal cancer"
380,"Italy","Esophageal cancer",2023,14,"45-49 years",48,TRUE,2,"Female",7,"remission",0,0,0,"esophageal cancer"
380,"Italy","Esophageal cancer",2023,14,"45-49 years",49,TRUE,2,"Female",5,"prevalence",2.21124927476e-05,1.73891518954e-05,2.88000584513e-05,"esophageal cancer"
380,"Italy","Esophageal cancer",2023,14,"45-49 years",49,TRUE,2,"Female",6,"incidence",6.2579830429e-06,5.1828386094e-06,7.7484804866e-06,"esophageal cancer"
380,"Italy","Esophageal cancer",2023,14,"45-49 years",49,TRUE,2,"Female",15,"mortality",0.166900359477903,0.176532000910465,0.152371075992172,"esophageal cancer"
380,"Italy","Esophageal cancer",2023,14,"45-49 years",49,TRUE,2,"Female",7,"remission",0,0,0,"esophageal cancer"
380,"Italy","Esophageal cancer",2023,15,"50-54 years",50,TRUE,1,"Male",5,"prevalence",9.52389827378e-05,7.84056123577e-05,0.0001149612652222,"esophageal cancer"
380,"Italy","Esophageal cancer",2023,15,"50-54 years",50,TRUE,1,"Male",6,"incidence",3.85085854632e-05,3.2975891287e-05,4.53206671588e-05,"esophageal cancer"
380,"Italy","Esophageal cancer",2023,15,"50-54 years",50,TRUE,1,"Male",15,"mortality",0.313341245690347,0.324126112994577,0.301222962379818,"esophageal cancer"
380,"Italy","Esophageal cancer",2023,15,"50-54 years",50,TRUE,1,"Male",7,"remission",0,0,0,"esophageal cancer"
380,"Italy","Esophageal cancer",2023,15,"50-54 years",51,TRUE,1,"Male",5,"prevalence",9.52389827378e-05,7.84056123577e-05,0.0001149612652222,"esophageal cancer"
380,"Italy","Esophageal cancer",2023,15,"50-54 years",51,TRUE,1,"Male",6,"incidence",3.85085854632e-05,3.2975891287e-05,4.53206671588e-05,"esophageal cancer"
380,"Italy","Esophageal cancer",2023,15,"50-54 years",51,TRUE,1,"Male",15,"mortality",0.313341245690347,0.324126112994577,0.301222962379818,"esophageal cancer"
380,"Italy","Esophageal cancer",2023,15,"50-54 years",51,TRUE,1,"Male",7,"remission",0,0,0,"esophageal cancer"
380,"Italy","Esophageal cancer",2023,15,"50-54 years",52,TRUE,1,"Male",5,"prevalence",9.52389827378e-05,7.84056123577e-05,0.0001149612652222,"esophageal cancer"
380,"Italy","Esophageal cancer",2023,15,"50-54 years",52,TRUE,1,"Male",6,"incidence",3.85085854632e-05,3.2975891287e-05,4.53206671588e-05,"esophageal cancer"
380,"Italy","Esophageal cancer",2023,15,"50-54 years",52,TRUE,1,"Male",15,"mortality",0.313341245690347,0.324126112994577,0.301222962379818,"esophageal cancer"
380,"Italy","Esophageal cancer",2023,15,"50-54 years",52,TRUE,1,"Male",7,"remission",0,0,0,"esophageal cancer"
380,"Italy","Esophageal cancer",2023,15,"50-54 years",53,TRUE,1,"Male",5,"prevalence",9.52389827378e-05,7.84056123577e-05,0.0001149612652222,"esophageal cancer"
380,"Italy","Esophageal cancer",2023,15,"50-54 years",53,TRUE,1,"Male",6,"incidence",3.85085854632e-05,3.2975891287e-05,4.53206671588e-05,"esophageal cancer"
380,"Italy","Esophageal cancer",2023,15,"50-54 years",53,TRUE,1,"Male",15,"mortality",0.313341245690347,0.324126112994577,0.301222962379818,"esophageal cancer"
380,"Italy","Esophageal cancer",2023,15,"50-54 years",53,TRUE,1,"Male",7,"remission",0,0,0,"esophageal cancer"
380,"Italy","Esophageal cancer",2023,15,"50-54 years",54,TRUE,1,"Male",5,"prevalence",9.52389827378e-05,7.84056123577e-05,0.0001149612652222,"esophageal cancer"
380,"Italy","Esophageal cancer",2023,15,"50-54 years",54,TRUE,1,"Male",6,"incidence",3.85085854632e-05,3.2975891287e-05,4.53206671588e-05,"esophageal cancer"
380,"Italy","Esophageal cancer",2023,15,"50-54 years",54,TRUE,1,"Male",15,"mortality",0.313341245690347,0.324126112994577,0.301222962379818,"esophageal cancer"
380,"Italy","Esophageal cancer",2023,15,"50-54 years",54,TRUE,1,"Male",7,"remission",0,0,0,"esophageal cancer"
380,"Italy","Esophageal cancer",2023,15,"50-54 years",50,TRUE,2,"Female",5,"prevalence",3.12401368126e-05,2.48337463071e-05,3.90950826896e-05,"esophageal cancer"
380,"Italy","Esophageal cancer",2023,15,"50-54 years",50,TRUE,2,"Female",6,"incidence",1.04653317806e-05,8.7088915219e-06,1.24687875611e-05,"esophageal cancer"
380,"Italy","Esophageal cancer",2023,15,"50-54 years",50,TRUE,2,"Female",15,"mortality",0.220296280783359,0.237137673475378,0.207789761220102,"esophageal cancer"
380,"Italy","Esophageal cancer",2023,15,"50-54 years",50,TRUE,2,"Female",7,"remission",0,0,0,"esophageal cancer"
380,"Italy","Esophageal cancer",2023,15,"50-54 years",51,TRUE,2,"Female",5,"prevalence",3.12401368126e-05,2.48337463071e-05,3.90950826896e-05,"esophageal cancer"
380,"Italy","Esophageal cancer",2023,15,"50-54 years",51,TRUE,2,"Female",6,"incidence",1.04653317806e-05,8.7088915219e-06,1.24687875611e-05,"esophageal cancer"
380,"Italy","Esophageal cancer",2023,15,"50-54 years",51,TRUE,2,"Female",15,"mortality",0.220296280783359,0.237137673475378,0.207789761220102,"esophageal cancer"
380,"Italy","Esophageal cancer",2023,15,"50-54 years",51,TRUE,2,"Female",7,"remission",0,0,0,"esophageal cancer"
380,"Italy","Esophageal cancer",2023,15,"50-54 years",52,TRUE,2,"Female",5,"prevalence",3.12401368126e-05,2.48337463071e-05,3.90950826896e-05,"esophageal cancer"
380,"Italy","Esophageal cancer",2023,15,"50-54 years",52,TRUE,2,"Female",6,"incidence",1.04653317806e-05,8.7088915219e-06,1.24687875611e-05,"esophageal cancer"
380,"Italy","Esophageal cancer",2023,15,"50-54 years",52,TRUE,2,"Female",15,"mortality",0.220296280783359,0.237137673475378,0.207789761220102,"esophageal cancer"
380,"Italy","Esophageal cancer",2023,15,"50-54 years",52,TRUE,2,"Female",7,"remission",0,0,0,"esophageal cancer"
380,"Italy","Esophageal cancer",2023,15,"50-54 years",53,TRUE,2,"Female",5,"prevalence",3.12401368126e-05,2.48337463071e-05,3.90950826896e-05,"esophageal cancer"
380,"Italy","Esophageal cancer",2023,15,"50-54 years",53,TRUE,2,"Female",6,"incidence",1.04653317806e-05,8.7088915219e-06,1.24687875611e-05,"esophageal cancer"
380,"Italy","Esophageal cancer",2023,15,"50-54 years",53,TRUE,2,"Female",15,"mortality",0.220296280783359,0.237137673475378,0.207789761220102,"esophageal cancer"
380,"Italy","Esophageal cancer",2023,15,"50-54 years",53,TRUE,2,"Female",7,"remission",0,0,0,"esophageal cancer"
380,"Italy","Esophageal cancer",2023,15,"50-54 years",54,TRUE,2,"Female",5,"prevalence",3.12401368126e-05,2.48337463071e-05,3.90950826896e-05,"esophageal cancer"
380,"Italy","Esophageal cancer",2023,15,"50-54 years",54,TRUE,2,"Female",6,"incidence",1.04653317806e-05,8.7088915219e-06,1.24687875611e-05,"esophageal cancer"
380,"Italy","Esophageal cancer",2023,15,"50-54 years",54,TRUE,2,"Female",15,"mortality",0.220296280783359,0.237137673475378,0.207789761220102,"esophageal cancer"
380,"Italy","Esophageal cancer",2023,15,"50-54 years",54,TRUE,2,"Female",7,"remission",0,0,0,"esophageal cancer"
380,"Italy","Esophageal cancer",2023,16,"55-59 years",55,TRUE,1,"Male",5,"prevalence",0.0001709443435886,0.0001409658283013,0.0002027230680462,"esophageal cancer"
380,"Italy","Esophageal cancer",2023,16,"55-59 years",55,TRUE,1,"Male",6,"incidence",7.57635516554e-05,6.38804467177e-05,8.83579050671e-05,"esophageal cancer"
380,"Italy","Esophageal cancer",2023,16,"55-59 years",55,TRUE,1,"Male",15,"mortality",0.360283859118186,0.366809247745302,0.351897010049415,"esophageal cancer"
380,"Italy","Esophageal cancer",2023,16,"55-59 years",55,TRUE,1,"Male",7,"remission",0,0,0,"esophageal cancer"
380,"Italy","Esophageal cancer",2023,16,"55-59 years",56,TRUE,1,"Male",5,"prevalence",0.0001709443435886,0.0001409658283013,0.0002027230680462,"esophageal cancer"
380,"Italy","Esophageal cancer",2023,16,"55-59 years",56,TRUE,1,"Male",6,"incidence",7.57635516554e-05,6.38804467177e-05,8.83579050671e-05,"esophageal cancer"
380,"Italy","Esophageal cancer",2023,16,"55-59 years",56,TRUE,1,"Male",15,"mortality",0.360283859118186,0.366809247745302,0.351897010049415,"esophageal cancer"
380,"Italy","Esophageal cancer",2023,16,"55-59 years",56,TRUE,1,"Male",7,"remission",0,0,0,"esophageal cancer"
380,"Italy","Esophageal cancer",2023,16,"55-59 years",57,TRUE,1,"Male",5,"prevalence",0.0001709443435886,0.0001409658283013,0.0002027230680462,"esophageal cancer"
380,"Italy","Esophageal cancer",2023,16,"55-59 years",57,TRUE,1,"Male",6,"incidence",7.57635516554e-05,6.38804467177e-05,8.83579050671e-05,"esophageal cancer"
380,"Italy","Esophageal cancer",2023,16,"55-59 years",57,TRUE,1,"Male",15,"mortality",0.360283859118186,0.366809247745302,0.351897010049415,"esophageal cancer"
380,"Italy","Esophageal cancer",2023,16,"55-59 years",57,TRUE,1,"Male",7,"remission",0,0,0,"esophageal cancer"
380,"Italy","Esophageal cancer",2023,16,"55-59 years",58,TRUE,1,"Male",5,"prevalence",0.0001709443435886,0.0001409658283013,0.0002027230680462,"esophageal cancer"
380,"Italy","Esophageal cancer",2023,16,"55-59 years",58,TRUE,1,"Male",6,"incidence",7.57635516554e-05,6.38804467177e-05,8.83579050671e-05,"esophageal cancer"
380,"Italy","Esophageal cancer",2023,16,"55-59 years",58,TRUE,1,"Male",15,"mortality",0.360283859118186,0.366809247745302,0.351897010049415,"esophageal cancer"
380,"Italy","Esophageal cancer",2023,16,"55-59 years",58,TRUE,1,"Male",7,"remission",0,0,0,"esophageal cancer"
380,"Italy","Esophageal cancer",2023,16,"55-59 years",59,TRUE,1,"Male",5,"prevalence",0.0001709443435886,0.0001409658283013,0.0002027230680462,"esophageal cancer"
380,"Italy","Esophageal cancer",2023,16,"55-59 years",59,TRUE,1,"Male",6,"incidence",7.57635516554e-05,6.38804467177e-05,8.83579050671e-05,"esophageal cancer"
380,"Italy","Esophageal cancer",2023,16,"55-59 years",59,TRUE,1,"Male",15,"mortality",0.360283859118186,0.366809247745302,0.351897010049415,"esophageal cancer"
380,"Italy","Esophageal cancer",2023,16,"55-59 years",59,TRUE,1,"Male",7,"remission",0,0,0,"esophageal cancer"
380,"Italy","Esophageal cancer",2023,16,"55-59 years",55,TRUE,2,"Female",5,"prevalence",5.55568520432e-05,4.48909839429e-05,6.97814086074e-05,"esophageal cancer"
380,"Italy","Esophageal cancer",2023,16,"55-59 years",55,TRUE,2,"Female",6,"incidence",1.98029102924e-05,1.66224875741e-05,2.36300401302e-05,"esophageal cancer"
380,"Italy","Esophageal cancer",2023,16,"55-59 years",55,TRUE,2,"Female",15,"mortality",0.24931471407423,0.264721049146292,0.23239652212377,"esophageal cancer"
380,"Italy","Esophageal cancer",2023,16,"55-59 years",55,TRUE,2,"Female",7,"remission",0,0,0,"esophageal cancer"
380,"Italy","Esophageal cancer",2023,16,"55-59 years",56,TRUE,2,"Female",5,"prevalence",5.55568520432e-05,4.48909839429e-05,6.97814086074e-05,"esophageal cancer"
380,"Italy","Esophageal cancer",2023,16,"55-59 years",56,TRUE,2,"Female",6,"incidence",1.98029102924e-05,1.66224875741e-05,2.36300401302e-05,"esophageal cancer"
380,"Italy","Esophageal cancer",2023,16,"55-59 years",56,TRUE,2,"Female",15,"mortality",0.24931471407423,0.264721049146292,0.23239652212377,"esophageal cancer"
380,"Italy","Esophageal cancer",2023,16,"55-59 years",56,TRUE,2,"Female",7,"remission",0,0,0,"esophageal cancer"
380,"Italy","Esophageal cancer",2023,16,"55-59 years",57,TRUE,2,"Female",5,"prevalence",5.55568520432e-05,4.48909839429e-05,6.97814086074e-05,"esophageal cancer"
380,"Italy","Esophageal cancer",2023,16,"55-59 years",57,TRUE,2,"Female",6,"incidence",1.98029102924e-05,1.66224875741e-05,2.36300401302e-05,"esophageal cancer"
380,"Italy","Esophageal cancer",2023,16,"55-59 years",57,TRUE,2,"Female",15,"mortality",0.24931471407423,0.264721049146292,0.23239652212377,"esophageal cancer"
380,"Italy","Esophageal cancer",2023,16,"55-59 years",57,TRUE,2,"Female",7,"remission",0,0,0,"esophageal cancer"
380,"Italy","Esophageal cancer",2023,16,"55-59 years",58,TRUE,2,"Female",5,"prevalence",5.55568520432e-05,4.48909839429e-05,6.97814086074e-05,"esophageal cancer"
380,"Italy","Esophageal cancer",2023,16,"55-59 years",58,TRUE,2,"Female",6,"incidence",1.98029102924e-05,1.66224875741e-05,2.36300401302e-05,"esophageal cancer"
380,"Italy","Esophageal cancer",2023,16,"55-59 years",58,TRUE,2,"Female",15,"mortality",0.24931471407423,0.264721049146292,0.23239652212377,"esophageal cancer"
380,"Italy","Esophageal cancer",2023,16,"55-59 years",58,TRUE,2,"Female",7,"remission",0,0,0,"esophageal cancer"
380,"Italy","Esophageal cancer",2023,16,"55-59 years",59,TRUE,2,"Female",5,"prevalence",5.55568520432e-05,4.48909839429e-05,6.97814086074e-05,"esophageal cancer"
380,"Italy","Esophageal cancer",2023,16,"55-59 years",59,TRUE,2,"Female",6,"incidence",1.98029102924e-05,1.66224875741e-05,2.36300401302e-05,"esophageal cancer"
380,"Italy","Esophageal cancer",2023,16,"55-59 years",59,TRUE,2,"Female",15,"mortality",0.24931471407423,0.264721049146292,0.23239652212377,"esophageal cancer"
380,"Italy","Esophageal cancer",2023,16,"55-59 years",59,TRUE,2,"Female",7,"remission",0,0,0,"esophageal cancer"
380,"Italy","Esophageal cancer",2023,17,"60-64 years",60,TRUE,1,"Male",5,"prevalence",0.0002248953616242,0.0001868771736331,0.000267001885013,"esophageal cancer"
380,"Italy","Esophageal cancer",2023,17,"60-64 years",60,TRUE,1,"Male",6,"incidence",0.0001057935374781,8.9683697861e-05,0.0001218076344245,"esophageal cancer"
380,"Italy","Esophageal cancer",2023,17,"60-64 years",60,TRUE,1,"Male",15,"mortality",0.395154459612969,0.404248344200265,0.379076133763762,"esophageal cancer"
380,"Italy","Esophageal cancer",2023,17,"60-64 years",60,TRUE,1,"Male",7,"remission",0,0,0,"esophageal cancer"
380,"Italy","Esophageal cancer",2023,17,"60-64 years",61,TRUE,1,"Male",5,"prevalence",0.0002248953616242,0.0001868771736331,0.000267001885013,"esophageal cancer"
380,"Italy","Esophageal cancer",2023,17,"60-64 years",61,TRUE,1,"Male",6,"incidence",0.0001057935374781,8.9683697861e-05,0.0001218076344245,"esophageal cancer"
380,"Italy","Esophageal cancer",2023,17,"60-64 years",61,TRUE,1,"Male",15,"mortality",0.395154459612969,0.404248344200265,0.379076133763762,"esophageal cancer"
380,"Italy","Esophageal cancer",2023,17,"60-64 years",61,TRUE,1,"Male",7,"remission",0,0,0,"esophageal cancer"
380,"Italy","Esophageal cancer",2023,17,"60-64 years",62,TRUE,1,"Male",5,"prevalence",0.0002248953616242,0.0001868771736331,0.000267001885013,"esophageal cancer"
380,"Italy","Esophageal cancer",2023,17,"60-64 years",62,TRUE,1,"Male",6,"incidence",0.0001057935374781,8.9683697861e-05,0.0001218076344245,"esophageal cancer"
380,"Italy","Esophageal cancer",2023,17,"60-64 years",62,TRUE,1,"Male",15,"mortality",0.395154459612969,0.404248344200265,0.379076133763762,"esophageal cancer"
380,"Italy","Esophageal cancer",2023,17,"60-64 years",62,TRUE,1,"Male",7,"remission",0,0,0,"esophageal cancer"
380,"Italy","Esophageal cancer",2023,17,"60-64 years",63,TRUE,1,"Male",5,"prevalence",0.0002248953616242,0.0001868771736331,0.000267001885013,"esophageal cancer"
380,"Italy","Esophageal cancer",2023,17,"60-64 years",63,TRUE,1,"Male",6,"incidence",0.0001057935374781,8.9683697861e-05,0.0001218076344245,"esophageal cancer"
380,"Italy","Esophageal cancer",2023,17,"60-64 years",63,TRUE,1,"Male",15,"mortality",0.395154459612969,0.404248344200265,0.379076133763762,"esophageal cancer"
380,"Italy","Esophageal cancer",2023,17,"60-64 years",63,TRUE,1,"Male",7,"remission",0,0,0,"esophageal cancer"
380,"Italy","Esophageal cancer",2023,17,"60-64 years",64,TRUE,1,"Male",5,"prevalence",0.0002248953616242,0.0001868771736331,0.000267001885013,"esophageal cancer"
380,"Italy","Esophageal cancer",2023,17,"60-64 years",64,TRUE,1,"Male",6,"incidence",0.0001057935374781,8.9683697861e-05,0.0001218076344245,"esophageal cancer"
380,"Italy","Esophageal cancer",2023,17,"60-64 years",64,TRUE,1,"Male",15,"mortality",0.395154459612969,0.404248344200265,0.379076133763762,"esophageal cancer"
380,"Italy","Esophageal cancer",2023,17,"60-64 years",64,TRUE,1,"Male",7,"remission",0,0,0,"esophageal cancer"
380,"Italy","Esophageal cancer",2023,17,"60-64 years",60,TRUE,2,"Female",5,"prevalence",7.26714410758e-05,5.67455042596e-05,9.12888695324e-05,"esophageal cancer"
380,"Italy","Esophageal cancer",2023,17,"60-64 years",60,TRUE,2,"Female",6,"incidence",2.69919248317e-05,2.25006504727e-05,3.22264962279e-05,"esophageal cancer"
380,"Italy","Esophageal cancer",2023,17,"60-64 years",60,TRUE,2,"Female",15,"mortality",0.266903957214738,0.292000491038044,0.24604596628227,"esophageal cancer"
380,"Italy","Esophageal cancer",2023,17,"60-64 years",60,TRUE,2,"Female",7,"remission",0,0,0,"esophageal cancer"
380,"Italy","Esophageal cancer",2023,17,"60-64 years",61,TRUE,2,"Female",5,"prevalence",7.26714410758e-05,5.67455042596e-05,9.12888695324e-05,"esophageal cancer"
380,"Italy","Esophageal cancer",2023,17,"60-64 years",61,TRUE,2,"Female",6,"incidence",2.69919248317e-05,2.25006504727e-05,3.22264962279e-05,"esophageal cancer"
380,"Italy","Esophageal cancer",2023,17,"60-64 years",61,TRUE,2,"Female",15,"mortality",0.266903957214738,0.292000491038044,0.24604596628227,"esophageal cancer"
380,"Italy","Esophageal cancer",2023,17,"60-64 years",61,TRUE,2,"Female",7,"remission",0,0,0,"esophageal cancer"
380,"Italy","Esophageal cancer",2023,17,"60-64 years",62,TRUE,2,"Female",5,"prevalence",7.26714410758e-05,5.67455042596e-05,9.12888695324e-05,"esophageal cancer"
380,"Italy","Esophageal cancer",2023,17,"60-64 years",62,TRUE,2,"Female",6,"incidence",2.69919248317e-05,2.25006504727e-05,3.22264962279e-05,"esophageal cancer"
380,"Italy","Esophageal cancer",2023,17,"60-64 years",62,TRUE,2,"Female",15,"mortality",0.266903957214738,0.292000491038044,0.24604596628227,"esophageal cancer"
380,"Italy","Esophageal cancer",2023,17,"60-64 years",62,TRUE,2,"Female",7,"remission",0,0,0,"esophageal cancer"
380,"Italy","Esophageal cancer",2023,17,"60-64 years",63,TRUE,2,"Female",5,"prevalence",7.26714410758e-05,5.67455042596e-05,9.12888695324e-05,"esophageal cancer"
380,"Italy","Esophageal cancer",2023,17,"60-64 years",63,TRUE,2,"Female",6,"incidence",2.69919248317e-05,2.25006504727e-05,3.22264962279e-05,"esophageal cancer"
380,"Italy","Esophageal cancer",2023,17,"60-64 years",63,TRUE,2,"Female",15,"mortality",0.266903957214738,0.292000491038044,0.24604596628227,"esophageal cancer"
380,"Italy","Esophageal cancer",2023,17,"60-64 years",63,TRUE,2,"Female",7,"remission",0,0,0,"esophageal cancer"
380,"Italy","Esophageal cancer",2023,17,"60-64 years",64,TRUE,2,"Female",5,"prevalence",7.26714410758e-05,5.67455042596e-05,9.12888695324e-05,"esophageal cancer"
380,"Italy","Esophageal cancer",2023,17,"60-64 years",64,TRUE,2,"Female",6,"incidence",2.69919248317e-05,2.25006504727e-05,3.22264962279e-05,"esophageal cancer"
380,"Italy","Esophageal cancer",2023,17,"60-64 years",64,TRUE,2,"Female",15,"mortality",0.266903957214738,0.292000491038044,0.24604596628227,"esophageal cancer"
380,"Italy","Esophageal cancer",2023,17,"60-64 years",64,TRUE,2,"Female",7,"remission",0,0,0,"esophageal cancer"
380,"Italy","Esophageal cancer",2023,18,"65-69 years",65,TRUE,1,"Male",5,"prevalence",0.0002806008326166,0.000227569644483,0.0003356866097361,"esophageal cancer"
380,"Italy","Esophageal cancer",2023,18,"65-69 years",65,TRUE,1,"Male",6,"incidence",0.000148484135317,0.0001234235049534,0.0001719826742464,"esophageal cancer"
380,"Italy","Esophageal cancer",2023,18,"65-69 years",65,TRUE,1,"Male",15,"mortality",0.467763572940498,0.488874644290189,0.447096192890419,"esophageal cancer"
380,"Italy","Esophageal cancer",2023,18,"65-69 years",65,TRUE,1,"Male",7,"remission",0,0,0,"esophageal cancer"
380,"Italy","Esophageal cancer",2023,18,"65-69 years",66,TRUE,1,"Male",5,"prevalence",0.0002806008326166,0.000227569644483,0.0003356866097361,"esophageal cancer"
380,"Italy","Esophageal cancer",2023,18,"65-69 years",66,TRUE,1,"Male",6,"incidence",0.000148484135317,0.0001234235049534,0.0001719826742464,"esophageal cancer"
380,"Italy","Esophageal cancer",2023,18,"65-69 years",66,TRUE,1,"Male",15,"mortality",0.467763572940498,0.488874644290189,0.447096192890419,"esophageal cancer"
380,"Italy","Esophageal cancer",2023,18,"65-69 years",66,TRUE,1,"Male",7,"remission",0,0,0,"esophageal cancer"
380,"Italy","Esophageal cancer",2023,18,"65-69 years",67,TRUE,1,"Male",5,"prevalence",0.0002806008326166,0.000227569644483,0.0003356866097361,"esophageal cancer"
380,"Italy","Esophageal cancer",2023,18,"65-69 years",67,TRUE,1,"Male",6,"incidence",0.000148484135317,0.0001234235049534,0.0001719826742464,"esophageal cancer"
380,"Italy","Esophageal cancer",2023,18,"65-69 years",67,TRUE,1,"Male",15,"mortality",0.467763572940498,0.488874644290189,0.447096192890419,"esophageal cancer"
380,"Italy","Esophageal cancer",2023,18,"65-69 years",67,TRUE,1,"Male",7,"remission",0,0,0,"esophageal cancer"
380,"Italy","Esophageal cancer",2023,18,"65-69 years",68,TRUE,1,"Male",5,"prevalence",0.0002806008326166,0.000227569644483,0.0003356866097361,"esophageal cancer"
380,"Italy","Esophageal cancer",2023,18,"65-69 years",68,TRUE,1,"Male",6,"incidence",0.000148484135317,0.0001234235049534,0.0001719826742464,"esophageal cancer"
380,"Italy","Esophageal cancer",2023,18,"65-69 years",68,TRUE,1,"Male",15,"mortality",0.467763572940498,0.488874644290189,0.447096192890419,"esophageal cancer"
380,"Italy","Esophageal cancer",2023,18,"65-69 years",68,TRUE,1,"Male",7,"remission",0,0,0,"esophageal cancer"
380,"Italy","Esophageal cancer",2023,18,"65-69 years",69,TRUE,1,"Male",5,"prevalence",0.0002806008326166,0.000227569644483,0.0003356866097361,"esophageal cancer"
380,"Italy","Esophageal cancer",2023,18,"65-69 years",69,TRUE,1,"Male",6,"incidence",0.000148484135317,0.0001234235049534,0.0001719826742464,"esophageal cancer"
380,"Italy","Esophageal cancer",2023,18,"65-69 years",69,TRUE,1,"Male",15,"mortality",0.467763572940498,0.488874644290189,0.447096192890419,"esophageal cancer"
380,"Italy","Esophageal cancer",2023,18,"65-69 years",69,TRUE,1,"Male",7,"remission",0,0,0,"esophageal cancer"
380,"Italy","Esophageal cancer",2023,18,"65-69 years",65,TRUE,2,"Female",5,"prevalence",0.0001026387505324,8.09420753032e-05,0.000132096198884,"esophageal cancer"
380,"Italy","Esophageal cancer",2023,18,"65-69 years",65,TRUE,2,"Female",6,"incidence",4.0237102797e-05,3.32699097924e-05,4.79473180601e-05,"esophageal cancer"
380,"Italy","Esophageal cancer",2023,18,"65-69 years",65,TRUE,2,"Female",15,"mortality",0.29496977642647,0.315538196166125,0.269898258716756,"esophageal cancer"
380,"Italy","Esophageal cancer",2023,18,"65-69 years",65,TRUE,2,"Female",7,"remission",0,0,0,"esophageal cancer"
380,"Italy","Esophageal cancer",2023,18,"65-69 years",66,TRUE,2,"Female",5,"prevalence",0.0001026387505324,8.09420753032e-05,0.000132096198884,"esophageal cancer"
380,"Italy","Esophageal cancer",2023,18,"65-69 years",66,TRUE,2,"Female",6,"incidence",4.0237102797e-05,3.32699097924e-05,4.79473180601e-05,"esophageal cancer"
380,"Italy","Esophageal cancer",2023,18,"65-69 years",66,TRUE,2,"Female",15,"mortality",0.29496977642647,0.315538196166125,0.269898258716756,"esophageal cancer"
380,"Italy","Esophageal cancer",2023,18,"65-69 years",66,TRUE,2,"Female",7,"remission",0,0,0,"esophageal cancer"
380,"Italy","Esophageal cancer",2023,18,"65-69 years",67,TRUE,2,"Female",5,"prevalence",0.0001026387505324,8.09420753032e-05,0.000132096198884,"esophageal cancer"
380,"Italy","Esophageal cancer",2023,18,"65-69 years",67,TRUE,2,"Female",6,"incidence",4.0237102797e-05,3.32699097924e-05,4.79473180601e-05,"esophageal cancer"
380,"Italy","Esophageal cancer",2023,18,"65-69 years",67,TRUE,2,"Female",15,"mortality",0.29496977642647,0.315538196166125,0.269898258716756,"esophageal cancer"
380,"Italy","Esophageal cancer",2023,18,"65-69 years",67,TRUE,2,"Female",7,"remission",0,0,0,"esophageal cancer"
380,"Italy","Esophageal cancer",2023,18,"65-69 years",68,TRUE,2,"Female",5,"prevalence",0.0001026387505324,8.09420753032e-05,0.000132096198884,"esophageal cancer"
380,"Italy","Esophageal cancer",2023,18,"65-69 years",68,TRUE,2,"Female",6,"incidence",4.0237102797e-05,3.32699097924e-05,4.79473180601e-05,"esophageal cancer"
380,"Italy","Esophageal cancer",2023,18,"65-69 years",68,TRUE,2,"Female",15,"mortality",0.29496977642647,0.315538196166125,0.269898258716756,"esophageal cancer"
380,"Italy","Esophageal cancer",2023,18,"65-69 years",68,TRUE,2,"Female",7,"remission",0,0,0,"esophageal cancer"
380,"Italy","Esophageal cancer",2023,18,"65-69 years",69,TRUE,2,"Female",5,"prevalence",0.0001026387505324,8.09420753032e-05,0.000132096198884,"esophageal cancer"
380,"Italy","Esophageal cancer",2023,18,"65-69 years",69,TRUE,2,"Female",6,"incidence",4.0237102797e-05,3.32699097924e-05,4.79473180601e-05,"esophageal cancer"
380,"Italy","Esophageal cancer",2023,18,"65-69 years",69,TRUE,2,"Female",15,"mortality",0.29496977642647,0.315538196166125,0.269898258716756,"esophageal cancer"
380,"Italy","Esophageal cancer",2023,18,"65-69 years",69,TRUE,2,"Female",7,"remission",0,0,0,"esophageal cancer"
380,"Italy","Esophageal cancer",2023,19,"70-74 years",70,TRUE,1,"Male",5,"prevalence",0.0002942918148969,0.0002405948400699,0.0003498923592795,"esophageal cancer"
380,"Italy","Esophageal cancer",2023,19,"70-74 years",70,TRUE,1,"Male",6,"incidence",0.000172525090688,0.0001450669436346,0.0001995140573394,"esophageal cancer"
380,"Italy","Esophageal cancer",2023,19,"70-74 years",70,TRUE,1,"Male",15,"mortality",0.547254901235488,0.565840604830332,0.522315258075225,"esophageal cancer"
380,"Italy","Esophageal cancer",2023,19,"70-74 years",70,TRUE,1,"Male",7,"remission",0,0,0,"esophageal cancer"
380,"Italy","Esophageal cancer",2023,19,"70-74 years",71,TRUE,1,"Male",5,"prevalence",0.0002942918148969,0.0002405948400699,0.0003498923592795,"esophageal cancer"
380,"Italy","Esophageal cancer",2023,19,"70-74 years",71,TRUE,1,"Male",6,"incidence",0.000172525090688,0.0001450669436346,0.0001995140573394,"esophageal cancer"
380,"Italy","Esophageal cancer",2023,19,"70-74 years",71,TRUE,1,"Male",15,"mortality",0.547254901235488,0.565840604830332,0.522315258075225,"esophageal cancer"
380,"Italy","Esophageal cancer",2023,19,"70-74 years",71,TRUE,1,"Male",7,"remission",0,0,0,"esophageal cancer"
380,"Italy","Esophageal cancer",2023,19,"70-74 years",72,TRUE,1,"Male",5,"prevalence",0.0002942918148969,0.0002405948400699,0.0003498923592795,"esophageal cancer"
380,"Italy","Esophageal cancer",2023,19,"70-74 years",72,TRUE,1,"Male",6,"incidence",0.000172525090688,0.0001450669436346,0.0001995140573394,"esophageal cancer"
380,"Italy","Esophageal cancer",2023,19,"70-74 years",72,TRUE,1,"Male",15,"mortality",0.547254901235488,0.565840604830332,0.522315258075225,"esophageal cancer"
380,"Italy","Esophageal cancer",2023,19,"70-74 years",72,TRUE,1,"Male",7,"remission",0,0,0,"esophageal cancer"
380,"Italy","Esophageal cancer",2023,19,"70-74 years",73,TRUE,1,"Male",5,"prevalence",0.0002942918148969,0.0002405948400699,0.0003498923592795,"esophageal cancer"
380,"Italy","Esophageal cancer",2023,19,"70-74 years",73,TRUE,1,"Male",6,"incidence",0.000172525090688,0.0001450669436346,0.0001995140573394,"esophageal cancer"
380,"Italy","Esophageal cancer",2023,19,"70-74 years",73,TRUE,1,"Male",15,"mortality",0.547254901235488,0.565840604830332,0.522315258075225,"esophageal cancer"
380,"Italy","Esophageal cancer",2023,19,"70-74 years",73,TRUE,1,"Male",7,"remission",0,0,0,"esophageal cancer"
380,"Italy","Esophageal cancer",2023,19,"70-74 years",74,TRUE,1,"Male",5,"prevalence",0.0002942918148969,0.0002405948400699,0.0003498923592795,"esophageal cancer"
380,"Italy","Esophageal cancer",2023,19,"70-74 years",74,TRUE,1,"Male",6,"incidence",0.000172525090688,0.0001450669436346,0.0001995140573394,"esophageal cancer"
380,"Italy","Esophageal cancer",2023,19,"70-74 years",74,TRUE,1,"Male",15,"mortality",0.547254901235488,0.565840604830332,0.522315258075225,"esophageal cancer"
380,"Italy","Esophageal cancer",2023,19,"70-74 years",74,TRUE,1,"Male",7,"remission",0,0,0,"esophageal cancer"
380,"Italy","Esophageal cancer",2023,19,"70-74 years",70,TRUE,2,"Female",5,"prevalence",0.0001072601151041,8.35097319483e-05,0.0001350324047965,"esophageal cancer"
380,"Italy","Esophageal cancer",2023,19,"70-74 years",70,TRUE,2,"Female",6,"incidence",4.62988617456e-05,3.8597785392e-05,5.53514605879e-05,"esophageal cancer"
380,"Italy","Esophageal cancer",2023,19,"70-74 years",70,TRUE,2,"Female",15,"mortality",0.341118707236989,0.375791222179002,0.314462558873827,"esophageal cancer"
380,"Italy","Esophageal cancer",2023,19,"70-74 years",70,TRUE,2,"Female",7,"remission",0,0,0,"esophageal cancer"
380,"Italy","Esophageal cancer",2023,19,"70-74 years",71,TRUE,2,"Female",5,"prevalence",0.0001072601151041,8.35097319483e-05,0.0001350324047965,"esophageal cancer"
380,"Italy","Esophageal cancer",2023,19,"70-74 years",71,TRUE,2,"Female",6,"incidence",4.62988617456e-05,3.8597785392e-05,5.53514605879e-05,"esophageal cancer"
380,"Italy","Esophageal cancer",2023,19,"70-74 years",71,TRUE,2,"Female",15,"mortality",0.341118707236989,0.375791222179002,0.314462558873827,"esophageal cancer"
380,"Italy","Esophageal cancer",2023,19,"70-74 years",71,TRUE,2,"Female",7,"remission",0,0,0,"esophageal cancer"
380,"Italy","Esophageal cancer",2023,19,"70-74 years",72,TRUE,2,"Female",5,"prevalence",0.0001072601151041,8.35097319483e-05,0.0001350324047965,"esophageal cancer"
380,"Italy","Esophageal cancer",2023,19,"70-74 years",72,TRUE,2,"Female",6,"incidence",4.62988617456e-05,3.8597785392e-05,5.53514605879e-05,"esophageal cancer"
380,"Italy","Esophageal cancer",2023,19,"70-74 years",72,TRUE,2,"Female",15,"mortality",0.341118707236989,0.375791222179002,0.314462558873827,"esophageal cancer"
380,"Italy","Esophageal cancer",2023,19,"70-74 years",72,TRUE,2,"Female",7,"remission",0,0,0,"esophageal cancer"
380,"Italy","Esophageal cancer",2023,19,"70-74 years",73,TRUE,2,"Female",5,"prevalence",0.0001072601151041,8.35097319483e-05,0.0001350324047965,"esophageal cancer"
380,"Italy","Esophageal cancer",2023,19,"70-74 years",73,TRUE,2,"Female",6,"incidence",4.62988617456e-05,3.8597785392e-05,5.53514605879e-05,"esophageal cancer"
380,"Italy","Esophageal cancer",2023,19,"70-74 years",73,TRUE,2,"Female",15,"mortality",0.341118707236989,0.375791222179002,0.314462558873827,"esophageal cancer"
380,"Italy","Esophageal cancer",2023,19,"70-74 years",73,TRUE,2,"Female",7,"remission",0,0,0,"esophageal cancer"
380,"Italy","Esophageal cancer",2023,19,"70-74 years",74,TRUE,2,"Female",5,"prevalence",0.0001072601151041,8.35097319483e-05,0.0001350324047965,"esophageal cancer"
380,"Italy","Esophageal cancer",2023,19,"70-74 years",74,TRUE,2,"Female",6,"incidence",4.62988617456e-05,3.8597785392e-05,5.53514605879e-05,"esophageal cancer"
380,"Italy","Esophageal cancer",2023,19,"70-74 years",74,TRUE,2,"Female",15,"mortality",0.341118707236989,0.375791222179002,0.314462558873827,"esophageal cancer"
380,"Italy","Esophageal cancer",2023,19,"70-74 years",74,TRUE,2,"Female",7,"remission",0,0,0,"esophageal cancer"
380,"Italy","Esophageal cancer",2023,20,"75-79 years",75,TRUE,1,"Male",5,"prevalence",0.00028055121578,0.0002285190435882,0.0003322964552263,"esophageal cancer"
380,"Italy","Esophageal cancer",2023,20,"75-79 years",75,TRUE,1,"Male",6,"incidence",0.0001989779010695,0.0001630521700917,0.0002303223862936,"esophageal cancer"
380,"Italy","Esophageal cancer",2023,20,"75-79 years",75,TRUE,1,"Male",15,"mortality",0.732379490599878,0.740886621864483,0.716176213883106,"esophageal cancer"
380,"Italy","Esophageal cancer",2023,20,"75-79 years",75,TRUE,1,"Male",7,"remission",0,0,0,"esophageal cancer"
380,"Italy","Esophageal cancer",2023,20,"75-79 years",76,TRUE,1,"Male",5,"prevalence",0.00028055121578,0.0002285190435882,0.0003322964552263,"esophageal cancer"
380,"Italy","Esophageal cancer",2023,20,"75-79 years",76,TRUE,1,"Male",6,"incidence",0.0001989779010695,0.0001630521700917,0.0002303223862936,"esophageal cancer"
380,"Italy","Esophageal cancer",2023,20,"75-79 years",76,TRUE,1,"Male",15,"mortality",0.732379490599878,0.740886621864483,0.716176213883106,"esophageal cancer"
380,"Italy","Esophageal cancer",2023,20,"75-79 years",76,TRUE,1,"Male",7,"remission",0,0,0,"esophageal cancer"
380,"Italy","Esophageal cancer",2023,20,"75-79 years",77,TRUE,1,"Male",5,"prevalence",0.00028055121578,0.0002285190435882,0.0003322964552263,"esophageal cancer"
380,"Italy","Esophageal cancer",2023,20,"75-79 years",77,TRUE,1,"Male",6,"incidence",0.0001989779010695,0.0001630521700917,0.0002303223862936,"esophageal cancer"
380,"Italy","Esophageal cancer",2023,20,"75-79 years",77,TRUE,1,"Male",15,"mortality",0.732379490599878,0.740886621864483,0.716176213883106,"esophageal cancer"
380,"Italy","Esophageal cancer",2023,20,"75-79 years",77,TRUE,1,"Male",7,"remission",0,0,0,"esophageal cancer"
380,"Italy","Esophageal cancer",2023,20,"75-79 years",78,TRUE,1,"Male",5,"prevalence",0.00028055121578,0.0002285190435882,0.0003322964552263,"esophageal cancer"
380,"Italy","Esophageal cancer",2023,20,"75-79 years",78,TRUE,1,"Male",6,"incidence",0.0001989779010695,0.0001630521700917,0.0002303223862936,"esophageal cancer"
380,"Italy","Esophageal cancer",2023,20,"75-79 years",78,TRUE,1,"Male",15,"mortality",0.732379490599878,0.740886621864483,0.716176213883106,"esophageal cancer"
380,"Italy","Esophageal cancer",2023,20,"75-79 years",78,TRUE,1,"Male",7,"remission",0,0,0,"esophageal cancer"
380,"Italy","Esophageal cancer",2023,20,"75-79 years",79,TRUE,1,"Male",5,"prevalence",0.00028055121578,0.0002285190435882,0.0003322964552263,"esophageal cancer"
380,"Italy","Esophageal cancer",2023,20,"75-79 years",79,TRUE,1,"Male",6,"incidence",0.0001989779010695,0.0001630521700917,0.0002303223862936,"esophageal cancer"
380,"Italy","Esophageal cancer",2023,20,"75-79 years",79,TRUE,1,"Male",15,"mortality",0.732379490599878,0.740886621864483,0.716176213883106,"esophageal cancer"
380,"Italy","Esophageal cancer",2023,20,"75-79 years",79,TRUE,1,"Male",7,"remission",0,0,0,"esophageal cancer"
380,"Italy","Esophageal cancer",2023,20,"75-79 years",75,TRUE,2,"Female",5,"prevalence",0.0001298877249938,9.6994414418e-05,0.0001670888494813,"esophageal cancer"
380,"Italy","Esophageal cancer",2023,20,"75-79 years",75,TRUE,2,"Female",6,"incidence",6.81433205048e-05,5.34978572171e-05,8.26341571043e-05,"esophageal cancer"
380,"Italy","Esophageal cancer",2023,20,"75-79 years",75,TRUE,2,"Female",15,"mortality",0.461547331742177,0.501845756346911,0.422521150052134,"esophageal cancer"
380,"Italy","Esophageal cancer",2023,20,"75-79 years",75,TRUE,2,"Female",7,"remission",0,0,0,"esophageal cancer"
380,"Italy","Esophageal cancer",2023,20,"75-79 years",76,TRUE,2,"Female",5,"prevalence",0.0001298877249938,9.6994414418e-05,0.0001670888494813,"esophageal cancer"
380,"Italy","Esophageal cancer",2023,20,"75-79 years",76,TRUE,2,"Female",6,"incidence",6.81433205048e-05,5.34978572171e-05,8.26341571043e-05,"esophageal cancer"
380,"Italy","Esophageal cancer",2023,20,"75-79 years",76,TRUE,2,"Female",15,"mortality",0.461547331742177,0.501845756346911,0.422521150052134,"esophageal cancer"
380,"Italy","Esophageal cancer",2023,20,"75-79 years",76,TRUE,2,"Female",7,"remission",0,0,0,"esophageal cancer"
380,"Italy","Esophageal cancer",2023,20,"75-79 years",77,TRUE,2,"Female",5,"prevalence",0.0001298877249938,9.6994414418e-05,0.0001670888494813,"esophageal cancer"
380,"Italy","Esophageal cancer",2023,20,"75-79 years",77,TRUE,2,"Female",6,"incidence",6.81433205048e-05,5.34978572171e-05,8.26341571043e-05,"esophageal cancer"
380,"Italy","Esophageal cancer",2023,20,"75-79 years",77,TRUE,2,"Female",15,"mortality",0.461547331742177,0.501845756346911,0.422521150052134,"esophageal cancer"
380,"Italy","Esophageal cancer",2023,20,"75-79 years",77,TRUE,2,"Female",7,"remission",0,0,0,"esophageal cancer"
380,"Italy","Esophageal cancer",2023,20,"75-79 years",78,TRUE,2,"Female",5,"prevalence",0.0001298877249938,9.6994414418e-05,0.0001670888494813,"esophageal cancer"
380,"Italy","Esophageal cancer",2023,20,"75-79 years",78,TRUE,2,"Female",6,"incidence",6.81433205048e-05,5.34978572171e-05,8.26341571043e-05,"esophageal cancer"
380,"Italy","Esophageal cancer",2023,20,"75-79 years",78,TRUE,2,"Female",15,"mortality",0.461547331742177,0.501845756346911,0.422521150052134,"esophageal cancer"
380,"Italy","Esophageal cancer",2023,20,"75-79 years",78,TRUE,2,"Female",7,"remission",0,0,0,"esophageal cancer"
380,"Italy","Esophageal cancer",2023,20,"75-79 years",79,TRUE,2,"Female",5,"prevalence",0.0001298877249938,9.6994414418e-05,0.0001670888494813,"esophageal cancer"
380,"Italy","Esophageal cancer",2023,20,"75-79 years",79,TRUE,2,"Female",6,"incidence",6.81433205048e-05,5.34978572171e-05,8.26341571043e-05,"esophageal cancer"
380,"Italy","Esophageal cancer",2023,20,"75-79 years",79,TRUE,2,"Female",15,"mortality",0.461547331742177,0.501845756346911,0.422521150052134,"esophageal cancer"
380,"Italy","Esophageal cancer",2023,20,"75-79 years",79,TRUE,2,"Female",7,"remission",0,0,0,"esophageal cancer"
380,"Italy","Esophageal cancer",2023,30,"80-84 years",80,TRUE,1,"Male",5,"prevalence",0.0002459077046241,0.0001919915433805,0.0003002419408301,"esophageal cancer"
380,"Italy","Esophageal cancer",2023,30,"80-84 years",80,TRUE,1,"Male",6,"incidence",0.0002220964431866,0.0001778166354913,0.0002662381190135,"esophageal cancer"
380,"Italy","Esophageal cancer",2023,30,"80-84 years",80,TRUE,1,"Male",15,"mortality",1.02700143481006,1.06251577436279,0.999942092862235,"esophageal cancer"
380,"Italy","Esophageal cancer",2023,30,"80-84 years",80,TRUE,1,"Male",7,"remission",0,0,0,"esophageal cancer"
380,"Italy","Esophageal cancer",2023,30,"80-84 years",81,TRUE,1,"Male",5,"prevalence",0.0002459077046241,0.0001919915433805,0.0003002419408301,"esophageal cancer"
380,"Italy","Esophageal cancer",2023,30,"80-84 years",81,TRUE,1,"Male",6,"incidence",0.0002220964431866,0.0001778166354913,0.0002662381190135,"esophageal cancer"
380,"Italy","Esophageal cancer",2023,30,"80-84 years",81,TRUE,1,"Male",15,"mortality",1.02700143481006,1.06251577436279,0.999942092862235,"esophageal cancer"
380,"Italy","Esophageal cancer",2023,30,"80-84 years",81,TRUE,1,"Male",7,"remission",0,0,0,"esophageal cancer"
380,"Italy","Esophageal cancer",2023,30,"80-84 years",82,TRUE,1,"Male",5,"prevalence",0.0002459077046241,0.0001919915433805,0.0003002419408301,"esophageal cancer"
380,"Italy","Esophageal cancer",2023,30,"80-84 years",82,TRUE,1,"Male",6,"incidence",0.0002220964431866,0.0001778166354913,0.0002662381190135,"esophageal cancer"
380,"Italy","Esophageal cancer",2023,30,"80-84 years",82,TRUE,1,"Male",15,"mortality",1.02700143481006,1.06251577436279,0.999942092862235,"esophageal cancer"
380,"Italy","Esophageal cancer",2023,30,"80-84 years",82,TRUE,1,"Male",7,"remission",0,0,0,"esophageal cancer"
380,"Italy","Esophageal cancer",2023,30,"80-84 years",83,TRUE,1,"Male",5,"prevalence",0.0002459077046241,0.0001919915433805,0.0003002419408301,"esophageal cancer"
380,"Italy","Esophageal cancer",2023,30,"80-84 years",83,TRUE,1,"Male",6,"incidence",0.0002220964431866,0.0001778166354913,0.0002662381190135,"esophageal cancer"
380,"Italy","Esophageal cancer",2023,30,"80-84 years",83,TRUE,1,"Male",15,"mortality",1.02700143481006,1.06251577436279,0.999942092862235,"esophageal cancer"
380,"Italy","Esophageal cancer",2023,30,"80-84 years",83,TRUE,1,"Male",7,"remission",0,0,0,"esophageal cancer"
380,"Italy","Esophageal cancer",2023,30,"80-84 years",84,TRUE,1,"Male",5,"prevalence",0.0002459077046241,0.0001919915433805,0.0003002419408301,"esophageal cancer"
380,"Italy","Esophageal cancer",2023,30,"80-84 years",84,TRUE,1,"Male",6,"incidence",0.0002220964431866,0.0001778166354913,0.0002662381190135,"esophageal cancer"
380,"Italy","Esophageal cancer",2023,30,"80-84 years",84,TRUE,1,"Male",15,"mortality",1.02700143481006,1.06251577436279,0.999942092862235,"esophageal cancer"
380,"Italy","Esophageal cancer",2023,30,"80-84 years",84,TRUE,1,"Male",7,"remission",0,0,0,"esophageal cancer"
380,"Italy","Esophageal cancer",2023,30,"80-84 years",80,TRUE,2,"Female",5,"prevalence",0.0001456386839455,0.0001010123804402,0.0001928027596214,"esophageal cancer"
380,"Italy","Esophageal cancer",2023,30,"80-84 years",80,TRUE,2,"Female",6,"incidence",9.47248791569e-05,6.96264575973e-05,0.0001201736201599,"esophageal cancer"
380,"Italy","Esophageal cancer",2023,30,"80-84 years",80,TRUE,2,"Female",15,"mortality",0.637642989584502,0.685865191633352,0.594895765101894,"esophageal cancer"
380,"Italy","Esophageal cancer",2023,30,"80-84 years",80,TRUE,2,"Female",7,"remission",0,0,0,"esophageal cancer"
380,"Italy","Esophageal cancer",2023,30,"80-84 years",81,TRUE,2,"Female",5,"prevalence",0.0001456386839455,0.0001010123804402,0.0001928027596214,"esophageal cancer"
380,"Italy","Esophageal cancer",2023,30,"80-84 years",81,TRUE,2,"Female",6,"incidence",9.47248791569e-05,6.96264575973e-05,0.0001201736201599,"esophageal cancer"
380,"Italy","Esophageal cancer",2023,30,"80-84 years",81,TRUE,2,"Female",15,"mortality",0.637642989584502,0.685865191633352,0.594895765101894,"esophageal cancer"
380,"Italy","Esophageal cancer",2023,30,"80-84 years",81,TRUE,2,"Female",7,"remission",0,0,0,"esophageal cancer"
380,"Italy","Esophageal cancer",2023,30,"80-84 years",82,TRUE,2,"Female",5,"prevalence",0.0001456386839455,0.0001010123804402,0.0001928027596214,"esophageal cancer"
380,"Italy","Esophageal cancer",2023,30,"80-84 years",82,TRUE,2,"Female",6,"incidence",9.47248791569e-05,6.96264575973e-05,0.0001201736201599,"esophageal cancer"
380,"Italy","Esophageal cancer",2023,30,"80-84 years",82,TRUE,2,"Female",15,"mortality",0.637642989584502,0.685865191633352,0.594895765101894,"esophageal cancer"
380,"Italy","Esophageal cancer",2023,30,"80-84 years",82,TRUE,2,"Female",7,"remission",0,0,0,"esophageal cancer"
380,"Italy","Esophageal cancer",2023,30,"80-84 years",83,TRUE,2,"Female",5,"prevalence",0.0001456386839455,0.0001010123804402,0.0001928027596214,"esophageal cancer"
380,"Italy","Esophageal cancer",2023,30,"80-84 years",83,TRUE,2,"Female",6,"incidence",9.47248791569e-05,6.96264575973e-05,0.0001201736201599,"esophageal cancer"
380,"Italy","Esophageal cancer",2023,30,"80-84 years",83,TRUE,2,"Female",15,"mortality",0.637642989584502,0.685865191633352,0.594895765101894,"esophageal cancer"
380,"Italy","Esophageal cancer",2023,30,"80-84 years",83,TRUE,2,"Female",7,"remission",0,0,0,"esophageal cancer"
380,"Italy","Esophageal cancer",2023,30,"80-84 years",84,TRUE,2,"Female",5,"prevalence",0.0001456386839455,0.0001010123804402,0.0001928027596214,"esophageal cancer"
380,"Italy","Esophageal cancer",2023,30,"80-84 years",84,TRUE,2,"Female",6,"incidence",9.47248791569e-05,6.96264575973e-05,0.0001201736201599,"esophageal cancer"
380,"Italy","Esophageal cancer",2023,30,"80-84 years",84,TRUE,2,"Female",15,"mortality",0.637642989584502,0.685865191633352,0.594895765101894,"esophageal cancer"
380,"Italy","Esophageal cancer",2023,30,"80-84 years",84,TRUE,2,"Female",7,"remission",0,0,0,"esophageal cancer"
380,"Italy","Esophageal cancer",2023,31,"85-89 years",85,TRUE,1,"Male",5,"prevalence",0.0002244685139647,0.0001740717546254,0.0002772080755746,"esophageal cancer"
380,"Italy","Esophageal cancer",2023,31,"85-89 years",85,TRUE,1,"Male",6,"incidence",0.0002451234710378,0.0001927472328924,0.0002962776464961,"esophageal cancer"
380,"Italy","Esophageal cancer",2023,31,"85-89 years",85,TRUE,1,"Male",15,"mortality",1.32442386323975,1.34713042321478,1.29548660489345,"esophageal cancer"
380,"Italy","Esophageal cancer",2023,31,"85-89 years",85,TRUE,1,"Male",7,"remission",0,0,0,"esophageal cancer"
380,"Italy","Esophageal cancer",2023,31,"85-89 years",86,TRUE,1,"Male",5,"prevalence",0.0002244685139647,0.0001740717546254,0.0002772080755746,"esophageal cancer"
380,"Italy","Esophageal cancer",2023,31,"85-89 years",86,TRUE,1,"Male",6,"incidence",0.0002451234710378,0.0001927472328924,0.0002962776464961,"esophageal cancer"
380,"Italy","Esophageal cancer",2023,31,"85-89 years",86,TRUE,1,"Male",15,"mortality",1.32442386323975,1.34713042321478,1.29548660489345,"esophageal cancer"
380,"Italy","Esophageal cancer",2023,31,"85-89 years",86,TRUE,1,"Male",7,"remission",0,0,0,"esophageal cancer"
380,"Italy","Esophageal cancer",2023,31,"85-89 years",87,TRUE,1,"Male",5,"prevalence",0.0002244685139647,0.0001740717546254,0.0002772080755746,"esophageal cancer"
380,"Italy","Esophageal cancer",2023,31,"85-89 years",87,TRUE,1,"Male",6,"incidence",0.0002451234710378,0.0001927472328924,0.0002962776464961,"esophageal cancer"
380,"Italy","Esophageal cancer",2023,31,"85-89 years",87,TRUE,1,"Male",15,"mortality",1.32442386323975,1.34713042321478,1.29548660489345,"esophageal cancer"
380,"Italy","Esophageal cancer",2023,31,"85-89 years",87,TRUE,1,"Male",7,"remission",0,0,0,"esophageal cancer"
380,"Italy","Esophageal cancer",2023,31,"85-89 years",88,TRUE,1,"Male",5,"prevalence",0.0002244685139647,0.0001740717546254,0.0002772080755746,"esophageal cancer"
380,"Italy","Esophageal cancer",2023,31,"85-89 years",88,TRUE,1,"Male",6,"incidence",0.0002451234710378,0.0001927472328924,0.0002962776464961,"esophageal cancer"
380,"Italy","Esophageal cancer",2023,31,"85-89 years",88,TRUE,1,"Male",15,"mortality",1.32442386323975,1.34713042321478,1.29548660489345,"esophageal cancer"
380,"Italy","Esophageal cancer",2023,31,"85-89 years",88,TRUE,1,"Male",7,"remission",0,0,0,"esophageal cancer"
380,"Italy","Esophageal cancer",2023,31,"85-89 years",89,TRUE,1,"Male",5,"prevalence",0.0002244685139647,0.0001740717546254,0.0002772080755746,"esophageal cancer"
380,"Italy","Esophageal cancer",2023,31,"85-89 years",89,TRUE,1,"Male",6,"incidence",0.0002451234710378,0.0001927472328924,0.0002962776464961,"esophageal cancer"
380,"Italy","Esophageal cancer",2023,31,"85-89 years",89,TRUE,1,"Male",15,"mortality",1.32442386323975,1.34713042321478,1.29548660489345,"esophageal cancer"
380,"Italy","Esophageal cancer",2023,31,"85-89 years",89,TRUE,1,"Male",7,"remission",0,0,0,"esophageal cancer"
380,"Italy","Esophageal cancer",2023,31,"85-89 years",85,TRUE,2,"Female",5,"prevalence",0.0001634278152205,0.0001081671136623,0.0002214043831302,"esophageal cancer"
380,"Italy","Esophageal cancer",2023,31,"85-89 years",85,TRUE,2,"Female",6,"incidence",0.0001289860436092,8.90079156922e-05,0.00016343577528,"esophageal cancer"
380,"Italy","Esophageal cancer",2023,31,"85-89 years",85,TRUE,2,"Female",15,"mortality",0.825459438007781,0.883555998317902,0.774138858658783,"esophageal cancer"
380,"Italy","Esophageal cancer",2023,31,"85-89 years",85,TRUE,2,"Female",7,"remission",0,0,0,"esophageal cancer"
380,"Italy","Esophageal cancer",2023,31,"85-89 years",86,TRUE,2,"Female",5,"prevalence",0.0001634278152205,0.0001081671136623,0.0002214043831302,"esophageal cancer"
380,"Italy","Esophageal cancer",2023,31,"85-89 years",86,TRUE,2,"Female",6,"incidence",0.0001289860436092,8.90079156922e-05,0.00016343577528,"esophageal cancer"
380,"Italy","Esophageal cancer",2023,31,"85-89 years",86,TRUE,2,"Female",15,"mortality",0.825459438007781,0.883555998317902,0.774138858658783,"esophageal cancer"
380,"Italy","Esophageal cancer",2023,31,"85-89 years",86,TRUE,2,"Female",7,"remission",0,0,0,"esophageal cancer"
380,"Italy","Esophageal cancer",2023,31,"85-89 years",87,TRUE,2,"Female",5,"prevalence",0.0001634278152205,0.0001081671136623,0.0002214043831302,"esophageal cancer"
380,"Italy","Esophageal cancer",2023,31,"85-89 years",87,TRUE,2,"Female",6,"incidence",0.0001289860436092,8.90079156922e-05,0.00016343577528,"esophageal cancer"
380,"Italy","Esophageal cancer",2023,31,"85-89 years",87,TRUE,2,"Female",15,"mortality",0.825459438007781,0.883555998317902,0.774138858658783,"esophageal cancer"
380,"Italy","Esophageal cancer",2023,31,"85-89 years",87,TRUE,2,"Female",7,"remission",0,0,0,"esophageal cancer"
380,"Italy","Esophageal cancer",2023,31,"85-89 years",88,TRUE,2,"Female",5,"prevalence",0.0001634278152205,0.0001081671136623,0.0002214043831302,"esophageal cancer"
380,"Italy","Esophageal cancer",2023,31,"85-89 years",88,TRUE,2,"Female",6,"incidence",0.0001289860436092,8.90079156922e-05,0.00016343577528,"esophageal cancer"
380,"Italy","Esophageal cancer",2023,31,"85-89 years",88,TRUE,2,"Female",15,"mortality",0.825459438007781,0.883555998317902,0.774138858658783,"esophageal cancer"
380,"Italy","Esophageal cancer",2023,31,"85-89 years",88,TRUE,2,"Female",7,"remission",0,0,0,"esophageal cancer"
380,"Italy","Esophageal cancer",2023,31,"85-89 years",89,TRUE,2,"Female",5,"prevalence",0.0001634278152205,0.0001081671136623,0.0002214043831302,"esophageal cancer"
380,"Italy","Esophageal cancer",2023,31,"85-89 years",89,TRUE,2,"Female",6,"incidence",0.0001289860436092,8.90079156922e-05,0.00016343577528,"esophageal cancer"
380,"Italy","Esophageal cancer",2023,31,"85-89 years",89,TRUE,2,"Female",15,"mortality",0.825459438007781,0.883555998317902,0.774138858658783,"esophageal cancer"
380,"Italy","Esophageal cancer",2023,31,"85-89 years",89,TRUE,2,"Female",7,"remission",0,0,0,"esophageal cancer"
380,"Italy","Esophageal cancer",2023,32,"90-94 years",90,TRUE,1,"Male",5,"prevalence",0.0001812953237026,0.0001398546900921,0.0002184695013978,"esophageal cancer"
380,"Italy","Esophageal cancer",2023,32,"90-94 years",90,TRUE,1,"Male",6,"incidence",0.0002733425921198,0.0002114761687006,0.0003264775085554,"esophageal cancer"
380,"Italy","Esophageal cancer",2023,32,"90-94 years",90,TRUE,1,"Male",15,"mortality",2.17282789531803,2.18691344836507,2.14101480395265,"esophageal cancer"
380,"Italy","Esophageal cancer",2023,32,"90-94 years",90,TRUE,1,"Male",7,"remission",0,0,0,"esophageal cancer"
380,"Italy","Esophageal cancer",2023,32,"90-94 years",91,TRUE,1,"Male",5,"prevalence",0.0001812953237026,0.0001398546900921,0.0002184695013978,"esophageal cancer"
380,"Italy","Esophageal cancer",2023,32,"90-94 years",91,TRUE,1,"Male",6,"incidence",0.0002733425921198,0.0002114761687006,0.0003264775085554,"esophageal cancer"
380,"Italy","Esophageal cancer",2023,32,"90-94 years",91,TRUE,1,"Male",15,"mortality",2.17282789531803,2.18691344836507,2.14101480395265,"esophageal cancer"
380,"Italy","Esophageal cancer",2023,32,"90-94 years",91,TRUE,1,"Male",7,"remission",0,0,0,"esophageal cancer"
380,"Italy","Esophageal cancer",2023,32,"90-94 years",92,TRUE,1,"Male",5,"prevalence",0.0001812953237026,0.0001398546900921,0.0002184695013978,"esophageal cancer"
380,"Italy","Esophageal cancer",2023,32,"90-94 years",92,TRUE,1,"Male",6,"incidence",0.0002733425921198,0.0002114761687006,0.0003264775085554,"esophageal cancer"
380,"Italy","Esophageal cancer",2023,32,"90-94 years",92,TRUE,1,"Male",15,"mortality",2.17282789531803,2.18691344836507,2.14101480395265,"esophageal cancer"
380,"Italy","Esophageal cancer",2023,32,"90-94 years",92,TRUE,1,"Male",7,"remission",0,0,0,"esophageal cancer"
380,"Italy","Esophageal cancer",2023,32,"90-94 years",93,TRUE,1,"Male",5,"prevalence",0.0001812953237026,0.0001398546900921,0.0002184695013978,"esophageal cancer"
380,"Italy","Esophageal cancer",2023,32,"90-94 years",93,TRUE,1,"Male",6,"incidence",0.0002733425921198,0.0002114761687006,0.0003264775085554,"esophageal cancer"
380,"Italy","Esophageal cancer",2023,32,"90-94 years",93,TRUE,1,"Male",15,"mortality",2.17282789531803,2.18691344836507,2.14101480395265,"esophageal cancer"
380,"Italy","Esophageal cancer",2023,32,"90-94 years",93,TRUE,1,"Male",7,"remission",0,0,0,"esophageal cancer"
380,"Italy","Esophageal cancer",2023,32,"90-94 years",94,TRUE,1,"Male",5,"prevalence",0.0001812953237026,0.0001398546900921,0.0002184695013978,"esophageal cancer"
380,"Italy","Esophageal cancer",2023,32,"90-94 years",94,TRUE,1,"Male",6,"incidence",0.0002733425921198,0.0002114761687006,0.0003264775085554,"esophageal cancer"
380,"Italy","Esophageal cancer",2023,32,"90-94 years",94,TRUE,1,"Male",15,"mortality",2.17282789531803,2.18691344836507,2.14101480395265,"esophageal cancer"
380,"Italy","Esophageal cancer",2023,32,"90-94 years",94,TRUE,1,"Male",7,"remission",0,0,0,"esophageal cancer"
380,"Italy","Esophageal cancer",2023,32,"90-94 years",90,TRUE,2,"Female",5,"prevalence",0.000119856301224,8.07782727745e-05,0.000154771552115,"esophageal cancer"
380,"Italy","Esophageal cancer",2023,32,"90-94 years",90,TRUE,2,"Female",6,"incidence",0.0001488274635395,0.0001018139048625,0.0001854987528794,"esophageal cancer"
380,"Italy","Esophageal cancer",2023,32,"90-94 years",90,TRUE,2,"Female",15,"mortality",1.59890852606814,1.6529626280519,1.54360658978402,"esophageal cancer"
380,"Italy","Esophageal cancer",2023,32,"90-94 years",90,TRUE,2,"Female",7,"remission",0,0,0,"esophageal cancer"
380,"Italy","Esophageal cancer",2023,32,"90-94 years",91,TRUE,2,"Female",5,"prevalence",0.000119856301224,8.07782727745e-05,0.000154771552115,"esophageal cancer"
380,"Italy","Esophageal cancer",2023,32,"90-94 years",91,TRUE,2,"Female",6,"incidence",0.0001488274635395,0.0001018139048625,0.0001854987528794,"esophageal cancer"
380,"Italy","Esophageal cancer",2023,32,"90-94 years",91,TRUE,2,"Female",15,"mortality",1.59890852606814,1.6529626280519,1.54360658978402,"esophageal cancer"
380,"Italy","Esophageal cancer",2023,32,"90-94 years",91,TRUE,2,"Female",7,"remission",0,0,0,"esophageal cancer"
380,"Italy","Esophageal cancer",2023,32,"90-94 years",92,TRUE,2,"Female",5,"prevalence",0.000119856301224,8.07782727745e-05,0.000154771552115,"esophageal cancer"
380,"Italy","Esophageal cancer",2023,32,"90-94 years",92,TRUE,2,"Female",6,"incidence",0.0001488274635395,0.0001018139048625,0.0001854987528794,"esophageal cancer"
380,"Italy","Esophageal cancer",2023,32,"90-94 years",92,TRUE,2,"Female",15,"mortality",1.59890852606814,1.6529626280519,1.54360658978402,"esophageal cancer"
380,"Italy","Esophageal cancer",2023,32,"90-94 years",92,TRUE,2,"Female",7,"remission",0,0,0,"esophageal cancer"
380,"Italy","Esophageal cancer",2023,32,"90-94 years",93,TRUE,2,"Female",5,"prevalence",0.000119856301224,8.07782727745e-05,0.000154771552115,"esophageal cancer"
380,"Italy","Esophageal cancer",2023,32,"90-94 years",93,TRUE,2,"Female",6,"incidence",0.0001488274635395,0.0001018139048625,0.0001854987528794,"esophageal cancer"
380,"Italy","Esophageal cancer",2023,32,"90-94 years",93,TRUE,2,"Female",15,"mortality",1.59890852606814,1.6529626280519,1.54360658978402,"esophageal cancer"
380,"Italy","Esophageal cancer",2023,32,"90-94 years",93,TRUE,2,"Female",7,"remission",0,0,0,"esophageal cancer"
380,"Italy","Esophageal cancer",2023,32,"90-94 years",94,TRUE,2,"Female",5,"prevalence",0.000119856301224,8.07782727745e-05,0.000154771552115,"esophageal cancer"
380,"Italy","Esophageal cancer",2023,32,"90-94 years",94,TRUE,2,"Female",6,"incidence",0.0001488274635395,0.0001018139048625,0.0001854987528794,"esophageal cancer"
380,"Italy","Esophageal cancer",2023,32,"90-94 years",94,TRUE,2,"Female",15,"mortality",1.59890852606814,1.6529626280519,1.54360658978402,"esophageal cancer"
380,"Italy","Esophageal cancer",2023,32,"90-94 years",94,TRUE,2,"Female",7,"remission",0,0,0,"esophageal cancer"
380,"Italy","Esophageal cancer",2023,235,"95+ years",95,TRUE,1,"Male",5,"prevalence",0.0001969500526676,0.0001525955933424,0.0002364374091572,"esophageal cancer"
380,"Italy","Esophageal cancer",2023,235,"95+ years",95,TRUE,1,"Male",6,"incidence",0.0003394426882701,0.0002619853139569,0.0004079841753726,"esophageal cancer"
380,"Italy","Esophageal cancer",2023,235,"95+ years",95,TRUE,1,"Male",15,"mortality",2.84326088103842,2.79291862511174,2.84749561183545,"esophageal cancer"
380,"Italy","Esophageal cancer",2023,235,"95+ years",95,TRUE,1,"Male",7,"remission",0,0,0,"esophageal cancer"
380,"Italy","Esophageal cancer",2023,235,"95+ years",96,TRUE,1,"Male",5,"prevalence",0.0001969500526676,0.0001525955933424,0.0002364374091572,"esophageal cancer"
380,"Italy","Esophageal cancer",2023,235,"95+ years",96,TRUE,1,"Male",6,"incidence",0.0003394426882701,0.0002619853139569,0.0004079841753726,"esophageal cancer"
380,"Italy","Esophageal cancer",2023,235,"95+ years",96,TRUE,1,"Male",15,"mortality",2.84326088103842,2.79291862511174,2.84749561183545,"esophageal cancer"
380,"Italy","Esophageal cancer",2023,235,"95+ years",96,TRUE,1,"Male",7,"remission",0,0,0,"esophageal cancer"
380,"Italy","Esophageal cancer",2023,235,"95+ years",97,TRUE,1,"Male",5,"prevalence",0.0001969500526676,0.0001525955933424,0.0002364374091572,"esophageal cancer"
380,"Italy","Esophageal cancer",2023,235,"95+ years",97,TRUE,1,"Male",6,"incidence",0.0003394426882701,0.0002619853139569,0.0004079841753726,"esophageal cancer"
380,"Italy","Esophageal cancer",2023,235,"95+ years",97,TRUE,1,"Male",15,"mortality",2.84326088103842,2.79291862511174,2.84749561183545,"esophageal cancer"
380,"Italy","Esophageal cancer",2023,235,"95+ years",97,TRUE,1,"Male",7,"remission",0,0,0,"esophageal cancer"
380,"Italy","Esophageal cancer",2023,235,"95+ years",98,TRUE,1,"Male",5,"prevalence",0.0001969500526676,0.0001525955933424,0.0002364374091572,"esophageal cancer"
380,"Italy","Esophageal cancer",2023,235,"95+ years",98,TRUE,1,"Male",6,"incidence",0.0003394426882701,0.0002619853139569,0.0004079841753726,"esophageal cancer"
380,"Italy","Esophageal cancer",2023,235,"95+ years",98,TRUE,1,"Male",15,"mortality",2.84326088103842,2.79291862511174,2.84749561183545,"esophageal cancer"
380,"Italy","Esophageal cancer",2023,235,"95+ years",98,TRUE,1,"Male",7,"remission",0,0,0,"esophageal cancer"
380,"Italy","Esophageal cancer",2023,235,"95+ years",99,TRUE,1,"Male",5,"prevalence",0.0001969500526676,0.0001525955933424,0.0002364374091572,"esophageal cancer"
380,"Italy","Esophageal cancer",2023,235,"95+ years",99,TRUE,1,"Male",6,"incidence",0.0003394426882701,0.0002619853139569,0.0004079841753726,"esophageal cancer"
380,"Italy","Esophageal cancer",2023,235,"95+ years",99,TRUE,1,"Male",15,"mortality",2.84326088103842,2.79291862511174,2.84749561183545,"esophageal cancer"
380,"Italy","Esophageal cancer",2023,235,"95+ years",99,TRUE,1,"Male",7,"remission",0,0,0,"esophageal cancer"
380,"Italy","Esophageal cancer",2023,235,"95+ years",100,TRUE,1,"Male",5,"prevalence",0.0001969500526676,0.0001525955933424,0.0002364374091572,"esophageal cancer"
380,"Italy","Esophageal cancer",2023,235,"95+ years",100,TRUE,1,"Male",6,"incidence",0.0003394426882701,0.0002619853139569,0.0004079841753726,"esophageal cancer"
380,"Italy","Esophageal cancer",2023,235,"95+ years",100,TRUE,1,"Male",15,"mortality",2.84326088103842,2.79291862511174,2.84749561183545,"esophageal cancer"
380,"Italy","Esophageal cancer",2023,235,"95+ years",100,TRUE,1,"Male",7,"remission",0,0,0,"esophageal cancer"
380,"Italy","Esophageal cancer",2023,235,"95+ years",101,TRUE,1,"Male",5,"prevalence",0.0001969500526676,0.0001525955933424,0.0002364374091572,"esophageal cancer"
380,"Italy","Esophageal cancer",2023,235,"95+ years",101,TRUE,1,"Male",6,"incidence",0.0003394426882701,0.0002619853139569,0.0004079841753726,"esophageal cancer"
380,"Italy","Esophageal cancer",2023,235,"95+ years",101,TRUE,1,"Male",15,"mortality",2.84326088103842,2.79291862511174,2.84749561183545,"esophageal cancer"
380,"Italy","Esophageal cancer",2023,235,"95+ years",101,TRUE,1,"Male",7,"remission",0,0,0,"esophageal cancer"
380,"Italy","Esophageal cancer",2023,235,"95+ years",102,TRUE,1,"Male",5,"prevalence",0.0001969500526676,0.0001525955933424,0.0002364374091572,"esophageal cancer"
380,"Italy","Esophageal cancer",2023,235,"95+ years",102,TRUE,1,"Male",6,"incidence",0.0003394426882701,0.0002619853139569,0.0004079841753726,"esophageal cancer"
380,"Italy","Esophageal cancer",2023,235,"95+ years",102,TRUE,1,"Male",15,"mortality",2.84326088103842,2.79291862511174,2.84749561183545,"esophageal cancer"
380,"Italy","Esophageal cancer",2023,235,"95+ years",102,TRUE,1,"Male",7,"remission",0,0,0,"esophageal cancer"
380,"Italy","Esophageal cancer",2023,235,"95+ years",103,TRUE,1,"Male",5,"prevalence",0.0001969500526676,0.0001525955933424,0.0002364374091572,"esophageal cancer"
380,"Italy","Esophageal cancer",2023,235,"95+ years",103,TRUE,1,"Male",6,"incidence",0.0003394426882701,0.0002619853139569,0.0004079841753726,"esophageal cancer"
380,"Italy","Esophageal cancer",2023,235,"95+ years",103,TRUE,1,"Male",15,"mortality",2.84326088103842,2.79291862511174,2.84749561183545,"esophageal cancer"
380,"Italy","Esophageal cancer",2023,235,"95+ years",103,TRUE,1,"Male",7,"remission",0,0,0,"esophageal cancer"
380,"Italy","Esophageal cancer",2023,235,"95+ years",104,TRUE,1,"Male",5,"prevalence",0.0001969500526676,0.0001525955933424,0.0002364374091572,"esophageal cancer"
380,"Italy","Esophageal cancer",2023,235,"95+ years",104,TRUE,1,"Male",6,"incidence",0.0003394426882701,0.0002619853139569,0.0004079841753726,"esophageal cancer"
380,"Italy","Esophageal cancer",2023,235,"95+ years",104,TRUE,1,"Male",15,"mortality",2.84326088103842,2.79291862511174,2.84749561183545,"esophageal cancer"
380,"Italy","Esophageal cancer",2023,235,"95+ years",104,TRUE,1,"Male",7,"remission",0,0,0,"esophageal cancer"
380,"Italy","Esophageal cancer",2023,235,"95+ years",105,TRUE,1,"Male",5,"prevalence",0.0001969500526676,0.0001525955933424,0.0002364374091572,"esophageal cancer"
380,"Italy","Esophageal cancer",2023,235,"95+ years",105,TRUE,1,"Male",6,"incidence",0.0003394426882701,0.0002619853139569,0.0004079841753726,"esophageal cancer"
380,"Italy","Esophageal cancer",2023,235,"95+ years",105,TRUE,1,"Male",15,"mortality",2.84326088103842,2.79291862511174,2.84749561183545,"esophageal cancer"
380,"Italy","Esophageal cancer",2023,235,"95+ years",105,TRUE,1,"Male",7,"remission",0,0,0,"esophageal cancer"
380,"Italy","Esophageal cancer",2023,235,"95+ years",106,TRUE,1,"Male",5,"prevalence",0.0001969500526676,0.0001525955933424,0.0002364374091572,"esophageal cancer"
380,"Italy","Esophageal cancer",2023,235,"95+ years",106,TRUE,1,"Male",6,"incidence",0.0003394426882701,0.0002619853139569,0.0004079841753726,"esophageal cancer"
380,"Italy","Esophageal cancer",2023,235,"95+ years",106,TRUE,1,"Male",15,"mortality",2.84326088103842,2.79291862511174,2.84749561183545,"esophageal cancer"
380,"Italy","Esophageal cancer",2023,235,"95+ years",106,TRUE,1,"Male",7,"remission",0,0,0,"esophageal cancer"
380,"Italy","Esophageal cancer",2023,235,"95+ years",107,TRUE,1,"Male",5,"prevalence",0.0001969500526676,0.0001525955933424,0.0002364374091572,"esophageal cancer"
380,"Italy","Esophageal cancer",2023,235,"95+ years",107,TRUE,1,"Male",6,"incidence",0.0003394426882701,0.0002619853139569,0.0004079841753726,"esophageal cancer"
380,"Italy","Esophageal cancer",2023,235,"95+ years",107,TRUE,1,"Male",15,"mortality",2.84326088103842,2.79291862511174,2.84749561183545,"esophageal cancer"
380,"Italy","Esophageal cancer",2023,235,"95+ years",107,TRUE,1,"Male",7,"remission",0,0,0,"esophageal cancer"
380,"Italy","Esophageal cancer",2023,235,"95+ years",108,TRUE,1,"Male",5,"prevalence",0.0001969500526676,0.0001525955933424,0.0002364374091572,"esophageal cancer"
380,"Italy","Esophageal cancer",2023,235,"95+ years",108,TRUE,1,"Male",6,"incidence",0.0003394426882701,0.0002619853139569,0.0004079841753726,"esophageal cancer"
380,"Italy","Esophageal cancer",2023,235,"95+ years",108,TRUE,1,"Male",15,"mortality",2.84326088103842,2.79291862511174,2.84749561183545,"esophageal cancer"
380,"Italy","Esophageal cancer",2023,235,"95+ years",108,TRUE,1,"Male",7,"remission",0,0,0,"esophageal cancer"
380,"Italy","Esophageal cancer",2023,235,"95+ years",109,TRUE,1,"Male",5,"prevalence",0.0001969500526676,0.0001525955933424,0.0002364374091572,"esophageal cancer"
380,"Italy","Esophageal cancer",2023,235,"95+ years",109,TRUE,1,"Male",6,"incidence",0.0003394426882701,0.0002619853139569,0.0004079841753726,"esophageal cancer"
380,"Italy","Esophageal cancer",2023,235,"95+ years",109,TRUE,1,"Male",15,"mortality",2.84326088103842,2.79291862511174,2.84749561183545,"esophageal cancer"
380,"Italy","Esophageal cancer",2023,235,"95+ years",109,TRUE,1,"Male",7,"remission",0,0,0,"esophageal cancer"
380,"Italy","Esophageal cancer",2023,235,"95+ years",110,TRUE,1,"Male",5,"prevalence",0.0001969500526676,0.0001525955933424,0.0002364374091572,"esophageal cancer"
380,"Italy","Esophageal cancer",2023,235,"95+ years",110,TRUE,1,"Male",6,"incidence",0.0003394426882701,0.0002619853139569,0.0004079841753726,"esophageal cancer"
380,"Italy","Esophageal cancer",2023,235,"95+ years",110,TRUE,1,"Male",15,"mortality",2.84326088103842,2.79291862511174,2.84749561183545,"esophageal cancer"
380,"Italy","Esophageal cancer",2023,235,"95+ years",110,TRUE,1,"Male",7,"remission",0,0,0,"esophageal cancer"
380,"Italy","Esophageal cancer",2023,235,"95+ years",95,TRUE,2,"Female",5,"prevalence",0.0001247111880303,8.95895159913e-05,0.0001589100144332,"esophageal cancer"
380,"Italy","Esophageal cancer",2023,235,"95+ years",95,TRUE,2,"Female",6,"incidence",0.0001877244850447,0.0001351718779788,0.0002282011475053,"esophageal cancer"
380,"Italy","Esophageal cancer",2023,235,"95+ years",95,TRUE,2,"Female",15,"mortality",2.22695224894839,2.2554729684163,2.14457342437675,"esophageal cancer"
380,"Italy","Esophageal cancer",2023,235,"95+ years",95,TRUE,2,"Female",7,"remission",0,0,0,"esophageal cancer"
380,"Italy","Esophageal cancer",2023,235,"95+ years",96,TRUE,2,"Female",5,"prevalence",0.0001247111880303,8.95895159913e-05,0.0001589100144332,"esophageal cancer"
380,"Italy","Esophageal cancer",2023,235,"95+ years",96,TRUE,2,"Female",6,"incidence",0.0001877244850447,0.0001351718779788,0.0002282011475053,"esophageal cancer"
380,"Italy","Esophageal cancer",2023,235,"95+ years",96,TRUE,2,"Female",15,"mortality",2.22695224894839,2.2554729684163,2.14457342437675,"esophageal cancer"
380,"Italy","Esophageal cancer",2023,235,"95+ years",96,TRUE,2,"Female",7,"remission",0,0,0,"esophageal cancer"
380,"Italy","Esophageal cancer",2023,235,"95+ years",97,TRUE,2,"Female",5,"prevalence",0.0001247111880303,8.95895159913e-05,0.0001589100144332,"esophageal cancer"
380,"Italy","Esophageal cancer",2023,235,"95+ years",97,TRUE,2,"Female",6,"incidence",0.0001877244850447,0.0001351718779788,0.0002282011475053,"esophageal cancer"
380,"Italy","Esophageal cancer",2023,235,"95+ years",97,TRUE,2,"Female",15,"mortality",2.22695224894839,2.2554729684163,2.14457342437675,"esophageal cancer"
380,"Italy","Esophageal cancer",2023,235,"95+ years",97,TRUE,2,"Female",7,"remission",0,0,0,"esophageal cancer"
380,"Italy","Esophageal cancer",2023,235,"95+ years",98,TRUE,2,"Female",5,"prevalence",0.0001247111880303,8.95895159913e-05,0.0001589100144332,"esophageal cancer"
380,"Italy","Esophageal cancer",2023,235,"95+ years",98,TRUE,2,"Female",6,"incidence",0.0001877244850447,0.0001351718779788,0.0002282011475053,"esophageal cancer"
380,"Italy","Esophageal cancer",2023,235,"95+ years",98,TRUE,2,"Female",15,"mortality",2.22695224894839,2.2554729684163,2.14457342437675,"esophageal cancer"
380,"Italy","Esophageal cancer",2023,235,"95+ years",98,TRUE,2,"Female",7,"remission",0,0,0,"esophageal cancer"
380,"Italy","Esophageal cancer",2023,235,"95+ years",99,TRUE,2,"Female",5,"prevalence",0.0001247111880303,8.95895159913e-05,0.0001589100144332,"esophageal cancer"
380,"Italy","Esophageal cancer",2023,235,"95+ years",99,TRUE,2,"Female",6,"incidence",0.0001877244850447,0.0001351718779788,0.0002282011475053,"esophageal cancer"
380,"Italy","Esophageal cancer",2023,235,"95+ years",99,TRUE,2,"Female",15,"mortality",2.22695224894839,2.2554729684163,2.14457342437675,"esophageal cancer"
380,"Italy","Esophageal cancer",2023,235,"95+ years",99,TRUE,2,"Female",7,"remission",0,0,0,"esophageal cancer"
380,"Italy","Esophageal cancer",2023,235,"95+ years",100,TRUE,2,"Female",5,"prevalence",0.0001247111880303,8.95895159913e-05,0.0001589100144332,"esophageal cancer"
380,"Italy","Esophageal cancer",2023,235,"95+ years",100,TRUE,2,"Female",6,"incidence",0.0001877244850447,0.0001351718779788,0.0002282011475053,"esophageal cancer"
380,"Italy","Esophageal cancer",2023,235,"95+ years",100,TRUE,2,"Female",15,"mortality",2.22695224894839,2.2554729684163,2.14457342437675,"esophageal cancer"
380,"Italy","Esophageal cancer",2023,235,"95+ years",100,TRUE,2,"Female",7,"remission",0,0,0,"esophageal cancer"
380,"Italy","Esophageal cancer",2023,235,"95+ years",101,TRUE,2,"Female",5,"prevalence",0.0001247111880303,8.95895159913e-05,0.0001589100144332,"esophageal cancer"
380,"Italy","Esophageal cancer",2023,235,"95+ years",101,TRUE,2,"Female",6,"incidence",0.0001877244850447,0.0001351718779788,0.0002282011475053,"esophageal cancer"
380,"Italy","Esophageal cancer",2023,235,"95+ years",101,TRUE,2,"Female",15,"mortality",2.22695224894839,2.2554729684163,2.14457342437675,"esophageal cancer"
380,"Italy","Esophageal cancer",2023,235,"95+ years",101,TRUE,2,"Female",7,"remission",0,0,0,"esophageal cancer"
380,"Italy","Esophageal cancer",2023,235,"95+ years",102,TRUE,2,"Female",5,"prevalence",0.0001247111880303,8.95895159913e-05,0.0001589100144332,"esophageal cancer"
380,"Italy","Esophageal cancer",2023,235,"95+ years",102,TRUE,2,"Female",6,"incidence",0.0001877244850447,0.0001351718779788,0.0002282011475053,"esophageal cancer"
380,"Italy","Esophageal cancer",2023,235,"95+ years",102,TRUE,2,"Female",15,"mortality",2.22695224894839,2.2554729684163,2.14457342437675,"esophageal cancer"
380,"Italy","Esophageal cancer",2023,235,"95+ years",102,TRUE,2,"Female",7,"remission",0,0,0,"esophageal cancer"
380,"Italy","Esophageal cancer",2023,235,"95+ years",103,TRUE,2,"Female",5,"prevalence",0.0001247111880303,8.95895159913e-05,0.0001589100144332,"esophageal cancer"
380,"Italy","Esophageal cancer",2023,235,"95+ years",103,TRUE,2,"Female",6,"incidence",0.0001877244850447,0.0001351718779788,0.0002282011475053,"esophageal cancer"
380,"Italy","Esophageal cancer",2023,235,"95+ years",103,TRUE,2,"Female",15,"mortality",2.22695224894839,2.2554729684163,2.14457342437675,"esophageal cancer"
380,"Italy","Esophageal cancer",2023,235,"95+ years",103,TRUE,2,"Female",7,"remission",0,0,0,"esophageal cancer"
380,"Italy","Esophageal cancer",2023,235,"95+ years",104,TRUE,2,"Female",5,"prevalence",0.0001247111880303,8.95895159913e-05,0.0001589100144332,"esophageal cancer"
380,"Italy","Esophageal cancer",2023,235,"95+ years",104,TRUE,2,"Female",6,"incidence",0.0001877244850447,0.0001351718779788,0.0002282011475053,"esophageal cancer"
380,"Italy","Esophageal cancer",2023,235,"95+ years",104,TRUE,2,"Female",15,"mortality",2.22695224894839,2.2554729684163,2.14457342437675,"esophageal cancer"
380,"Italy","Esophageal cancer",2023,235,"95+ years",104,TRUE,2,"Female",7,"remission",0,0,0,"esophageal cancer"
380,"Italy","Esophageal cancer",2023,235,"95+ years",105,TRUE,2,"Female",5,"prevalence",0.0001247111880303,8.95895159913e-05,0.0001589100144332,"esophageal cancer"
380,"Italy","Esophageal cancer",2023,235,"95+ years",105,TRUE,2,"Female",6,"incidence",0.0001877244850447,0.0001351718779788,0.0002282011475053,"esophageal cancer"
380,"Italy","Esophageal cancer",2023,235,"95+ years",105,TRUE,2,"Female",15,"mortality",2.22695224894839,2.2554729684163,2.14457342437675,"esophageal cancer"
380,"Italy","Esophageal cancer",2023,235,"95+ years",105,TRUE,2,"Female",7,"remission",0,0,0,"esophageal cancer"
380,"Italy","Esophageal cancer",2023,235,"95+ years",106,TRUE,2,"Female",5,"prevalence",0.0001247111880303,8.95895159913e-05,0.0001589100144332,"esophageal cancer"
380,"Italy","Esophageal cancer",2023,235,"95+ years",106,TRUE,2,"Female",6,"incidence",0.0001877244850447,0.0001351718779788,0.0002282011475053,"esophageal cancer"
380,"Italy","Esophageal cancer",2023,235,"95+ years",106,TRUE,2,"Female",15,"mortality",2.22695224894839,2.2554729684163,2.14457342437675,"esophageal cancer"
380,"Italy","Esophageal cancer",2023,235,"95+ years",106,TRUE,2,"Female",7,"remission",0,0,0,"esophageal cancer"
380,"Italy","Esophageal cancer",2023,235,"95+ years",107,TRUE,2,"Female",5,"prevalence",0.0001247111880303,8.95895159913e-05,0.0001589100144332,"esophageal cancer"
380,"Italy","Esophageal cancer",2023,235,"95+ years",107,TRUE,2,"Female",6,"incidence",0.0001877244850447,0.0001351718779788,0.0002282011475053,"esophageal cancer"
380,"Italy","Esophageal cancer",2023,235,"95+ years",107,TRUE,2,"Female",15,"mortality",2.22695224894839,2.2554729684163,2.14457342437675,"esophageal cancer"
380,"Italy","Esophageal cancer",2023,235,"95+ years",107,TRUE,2,"Female",7,"remission",0,0,0,"esophageal cancer"
380,"Italy","Esophageal cancer",2023,235,"95+ years",108,TRUE,2,"Female",5,"prevalence",0.0001247111880303,8.95895159913e-05,0.0001589100144332,"esophageal cancer"
380,"Italy","Esophageal cancer",2023,235,"95+ years",108,TRUE,2,"Female",6,"incidence",0.0001877244850447,0.0001351718779788,0.0002282011475053,"esophageal cancer"
380,"Italy","Esophageal cancer",2023,235,"95+ years",108,TRUE,2,"Female",15,"mortality",2.22695224894839,2.2554729684163,2.14457342437675,"esophageal cancer"
380,"Italy","Esophageal cancer",2023,235,"95+ years",108,TRUE,2,"Female",7,"remission",0,0,0,"esophageal cancer"
380,"Italy","Esophageal cancer",2023,235,"95+ years",109,TRUE,2,"Female",5,"prevalence",0.0001247111880303,8.95895159913e-05,0.0001589100144332,"esophageal cancer"
380,"Italy","Esophageal cancer",2023,235,"95+ years",109,TRUE,2,"Female",6,"incidence",0.0001877244850447,0.0001351718779788,0.0002282011475053,"esophageal cancer"
380,"Italy","Esophageal cancer",2023,235,"95+ years",109,TRUE,2,"Female",15,"mortality",2.22695224894839,2.2554729684163,2.14457342437675,"esophageal cancer"
380,"Italy","Esophageal cancer",2023,235,"95+ years",109,TRUE,2,"Female",7,"remission",0,0,0,"esophageal cancer"
380,"Italy","Esophageal cancer",2023,235,"95+ years",110,TRUE,2,"Female",5,"prevalence",0.0001247111880303,8.95895159913e-05,0.0001589100144332,"esophageal cancer"
380,"Italy","Esophageal cancer",2023,235,"95+ years",110,TRUE,2,"Female",6,"incidence",0.0001877244850447,0.0001351718779788,0.0002282011475053,"esophageal cancer"
380,"Italy","Esophageal cancer",2023,235,"95+ years",110,TRUE,2,"Female",15,"mortality",2.22695224894839,2.2554729684163,2.14457342437675,"esophageal cancer"
380,"Italy","Esophageal cancer",2023,235,"95+ years",110,TRUE,2,"Female",7,"remission",0,0,0,"esophageal cancer"
380,"Italy","Esophageal cancer",2023,5,"1 to 4",0,TRUE,1,"Male",5,"prevalence",0,0,0,"esophageal cancer"
380,"Italy","Esophageal cancer",2023,5,"1 to 4",0,TRUE,1,"Male",6,"incidence",0,0,0,"esophageal cancer"
380,"Italy","Esophageal cancer",2023,5,"1 to 4",0,TRUE,1,"Male",15,"mortality",0,0,0,"esophageal cancer"
380,"Italy","Esophageal cancer",2023,5,"1 to 4",0,TRUE,1,"Male",7,"remission",0,0,0,"esophageal cancer"
380,"Italy","Esophageal cancer",2023,5,"1 to 4",0,TRUE,2,"Female",5,"prevalence",0,0,0,"esophageal cancer"
380,"Italy","Esophageal cancer",2023,5,"1 to 4",0,TRUE,2,"Female",6,"incidence",0,0,0,"esophageal cancer"
380,"Italy","Esophageal cancer",2023,5,"1 to 4",0,TRUE,2,"Female",15,"mortality",0,0,0,"esophageal cancer"
380,"Italy","Esophageal cancer",2023,5,"1 to 4",0,TRUE,2,"Female",7,"remission",0,0,0,"esophageal cancer"
380,"Italy","Esophageal cancer",2023,5,"1 to 4",2,TRUE,1,"Male",5,"prevalence",0,0,0,"esophageal cancer"
380,"Italy","Esophageal cancer",2023,5,"1 to 4",2,TRUE,1,"Male",6,"incidence",0,0,0,"esophageal cancer"
380,"Italy","Esophageal cancer",2023,5,"1 to 4",2,TRUE,1,"Male",15,"mortality",0,0,0,"esophageal cancer"
380,"Italy","Esophageal cancer",2023,5,"1 to 4",2,TRUE,1,"Male",7,"remission",0,0,0,"esophageal cancer"
380,"Italy","Esophageal cancer",2023,5,"1 to 4",3,TRUE,1,"Male",5,"prevalence",0,0,0,"esophageal cancer"
380,"Italy","Esophageal cancer",2023,5,"1 to 4",3,TRUE,1,"Male",6,"incidence",0,0,0,"esophageal cancer"
380,"Italy","Esophageal cancer",2023,5,"1 to 4",3,TRUE,1,"Male",15,"mortality",0,0,0,"esophageal cancer"
380,"Italy","Esophageal cancer",2023,5,"1 to 4",3,TRUE,1,"Male",7,"remission",0,0,0,"esophageal cancer"
380,"Italy","Esophageal cancer",2023,5,"1 to 4",4,TRUE,1,"Male",5,"prevalence",0,0,0,"esophageal cancer"
380,"Italy","Esophageal cancer",2023,5,"1 to 4",4,TRUE,1,"Male",6,"incidence",0,0,0,"esophageal cancer"
380,"Italy","Esophageal cancer",2023,5,"1 to 4",4,TRUE,1,"Male",15,"mortality",0,0,0,"esophageal cancer"
380,"Italy","Esophageal cancer",2023,5,"1 to 4",4,TRUE,1,"Male",7,"remission",0,0,0,"esophageal cancer"
380,"Italy","Esophageal cancer",2023,5,"1 to 4",2,TRUE,2,"Female",5,"prevalence",0,0,0,"esophageal cancer"
380,"Italy","Esophageal cancer",2023,5,"1 to 4",2,TRUE,2,"Female",6,"incidence",0,0,0,"esophageal cancer"
380,"Italy","Esophageal cancer",2023,5,"1 to 4",2,TRUE,2,"Female",15,"mortality",0,0,0,"esophageal cancer"
380,"Italy","Esophageal cancer",2023,5,"1 to 4",2,TRUE,2,"Female",7,"remission",0,0,0,"esophageal cancer"
380,"Italy","Esophageal cancer",2023,5,"1 to 4",3,TRUE,2,"Female",5,"prevalence",0,0,0,"esophageal cancer"
380,"Italy","Esophageal cancer",2023,5,"1 to 4",3,TRUE,2,"Female",6,"incidence",0,0,0,"esophageal cancer"
380,"Italy","Esophageal cancer",2023,5,"1 to 4",3,TRUE,2,"Female",15,"mortality",0,0,0,"esophageal cancer"
380,"Italy","Esophageal cancer",2023,5,"1 to 4",3,TRUE,2,"Female",7,"remission",0,0,0,"esophageal cancer"
380,"Italy","Esophageal cancer",2023,5,"1 to 4",4,TRUE,2,"Female",5,"prevalence",0,0,0,"esophageal cancer"
380,"Italy","Esophageal cancer",2023,5,"1 to 4",4,TRUE,2,"Female",6,"incidence",0,0,0,"esophageal cancer"
380,"Italy","Esophageal cancer",2023,5,"1 to 4",4,TRUE,2,"Female",15,"mortality",0,0,0,"esophageal cancer"
380,"Italy","Esophageal cancer",2023,5,"1 to 4",4,TRUE,2,"Female",7,"remission",0,0,0,"esophageal cancer"
380,"Italy","Esophageal cancer",2023,5,"1 to 4",1,TRUE,1,"Male",5,"prevalence",0,0,0,"esophageal cancer"
380,"Italy","Esophageal cancer",2023,5,"1 to 4",1,TRUE,1,"Male",6,"incidence",0,0,0,"esophageal cancer"
380,"Italy","Esophageal cancer",2023,5,"1 to 4",1,TRUE,1,"Male",15,"mortality",0,0,0,"esophageal cancer"
380,"Italy","Esophageal cancer",2023,5,"1 to 4",1,TRUE,1,"Male",7,"remission",0,0,0,"esophageal cancer"
380,"Italy","Esophageal cancer",2023,5,"1 to 4",1,TRUE,2,"Female",5,"prevalence",0,0,0,"esophageal cancer"
380,"Italy","Esophageal cancer",2023,5,"1 to 4",1,TRUE,2,"Female",6,"incidence",0,0,0,"esophageal cancer"
380,"Italy","Esophageal cancer",2023,5,"1 to 4",1,TRUE,2,"Female",15,"mortality",0,0,0,"esophageal cancer"
380,"Italy","Esophageal cancer",2023,5,"1 to 4",1,TRUE,2,"Female",7,"remission",0,0,0,"esophageal cancer"
