Time,Male,Female
1,0.590066018,0.569399252
2,0.256599329,0.258086552
3,0.153334653,0.172514196
4,0,0
5,0,0
