Time,Male,Female
0,0.4,0.363636364
1,0.19047619,0.190909091
2,0.19047619,0.190909091
3,0.10952381,0.127272727
4,0.10952381,0.127272727
