Time,Male,Female
1,0.576261425,0.545683853
2,0.263489951,0.282122519
3,0.160248623,0.172193629
4,0,0
5,0,0
