Time,Male,Female
0,0.4,0.4
1,0.2,0.195833333
2,0.2,0.195833333
3,0.1,0.104166667
4,0.1,0.104166667
