Time,Female,Male
1,0.746471939,0.746471939
2,0.133511649,0.133511649
3,0.120016413,0.120016413
4,0,0
5,0,0
