Time,Female,Male
0,0.241035857,0.241035857
1,0.204183267,0.204183267
2,0.204183267,0.204183267
3,0.175298805,0.175298805
4,0.175298805,0.175298805
